DEBUG 2026-06-08 17:48:47 rt_utils.py:241 Third-party plugin import summary: imported=[] failed=[]
DEBUG 2026-06-08 17:48:47 d_metavar.py:22 Metavar for type None: None
DEBUG 2026-06-08 17:48:47 formatter.py:52 action type: None, Result: , nargs: 0, default metavar: None
DEBUG 2026-06-08 17:48:47 d_metavar.py:22 Metavar for type <class 'str'>: str
DEBUG 2026-06-08 17:48:47 formatter.py:52 action type: <class 'str'>, Result: str, nargs: None, default metavar: None
DEBUG 2026-06-08 17:48:47 _wrapper.py:168 wrapped field at policy_type has a default value of None
DEBUG 2026-06-08 17:48:47 _wrapper.py:168 wrapped field at pretrained_name_or_path has a default value of None
DEBUG 2026-06-08 17:48:47 _wrapper.py:168 wrapped field at actions_per_chunk has a default value of None
DEBUG 2026-06-08 17:48:47 _wrapper.py:168 wrapped field at task has a default value of 
DEBUG 2026-06-08 17:48:47 _wrapper.py:168 wrapped field at server_address has a default value of localhost:8080
DEBUG 2026-06-08 17:48:47 _wrapper.py:168 wrapped field at policy_device has a default value of cpu
DEBUG 2026-06-08 17:48:47 _wrapper.py:168 wrapped field at client_device has a default value of cpu
DEBUG 2026-06-08 17:48:47 _wrapper.py:168 wrapped field at chunk_size_threshold has a default value of 0.5
DEBUG 2026-06-08 17:48:47 _wrapper.py:168 wrapped field at fps has a default value of 30
DEBUG 2026-06-08 17:48:47 _wrapper.py:168 wrapped field at aggregate_fn_name has a default value of weighted_average
DEBUG 2026-06-08 17:48:47 _wrapper.py:168 wrapped field at debug_visualize_queue_size has a default value of False
DEBUG 2026-06-08 17:48:47 _wrapper.py:309 Arg options for field 'policy_type': {'required': False, 'dest': 'policy_type', 'default': None, 'help': 'Policy configuration', 'type': <class 'str'>}
DEBUG 2026-06-08 17:48:47 _wrapper.py:309 Arg options for field 'pretrained_name_or_path': {'required': False, 'dest': 'pretrained_name_or_path', 'default': None, 'type': <class 'str'>}
DEBUG 2026-06-08 17:48:47 d_metavar.py:22 Metavar for type <class 'str'>: str
DEBUG 2026-06-08 17:48:47 formatter.py:52 action type: <class 'str'>, Result: str, nargs: None, default metavar: None
DEBUG 2026-06-08 17:48:47 _wrapper.py:168 wrapped field at robot.port has a default value of None
DEBUG 2026-06-08 17:48:47 _wrapper.py:168 wrapped field at robot.disable_torque_on_disconnect has a default value of True
DEBUG 2026-06-08 17:48:47 _wrapper.py:201 wrapped field at robot.max_relative_target has a default value of None
DEBUG 2026-06-08 17:48:47 _wrapper.py:201 wrapped field at robot.cameras has a default value of {}
DEBUG 2026-06-08 17:48:47 _wrapper.py:168 wrapped field at robot.use_degrees has a default value of True
DEBUG 2026-06-08 17:48:47 _wrapper.py:201 wrapped field at robot.id has a default value of None
DEBUG 2026-06-08 17:48:47 _wrapper.py:201 wrapped field at robot.calibration_dir has a default value of None
DEBUG 2026-06-08 17:48:47 _wrapper.py:168 wrapped field at robot.port has a default value of None
DEBUG 2026-06-08 17:48:47 _wrapper.py:168 wrapped field at robot.disable_torque_on_disconnect has a default value of True
DEBUG 2026-06-08 17:48:47 _wrapper.py:201 wrapped field at robot.max_relative_target has a default value of None
DEBUG 2026-06-08 17:48:47 _wrapper.py:201 wrapped field at robot.cameras has a default value of {}
DEBUG 2026-06-08 17:48:47 _wrapper.py:168 wrapped field at robot.use_degrees has a default value of True
DEBUG 2026-06-08 17:48:47 _wrapper.py:201 wrapped field at robot.id has a default value of None
DEBUG 2026-06-08 17:48:47 _wrapper.py:201 wrapped field at robot.calibration_dir has a default value of None
DEBUG 2026-06-08 17:48:47 _wrapper.py:201 wrapped field at robot.id has a default value of None
DEBUG 2026-06-08 17:48:47 _wrapper.py:201 wrapped field at robot.calibration_dir has a default value of None
DEBUG 2026-06-08 17:48:47 _wrapper.py:168 wrapped field at robot.left_arm_config.port has a default value of None
DEBUG 2026-06-08 17:48:47 _wrapper.py:168 wrapped field at robot.left_arm_config.disable_torque_on_disconnect has a default value of True
DEBUG 2026-06-08 17:48:47 _wrapper.py:201 wrapped field at robot.left_arm_config.max_relative_target has a default value of None
DEBUG 2026-06-08 17:48:47 _wrapper.py:201 wrapped field at robot.left_arm_config.cameras has a default value of {}
DEBUG 2026-06-08 17:48:47 _wrapper.py:168 wrapped field at robot.left_arm_config.use_degrees has a default value of True
DEBUG 2026-06-08 17:48:47 _wrapper.py:168 wrapped field at robot.right_arm_config.port has a default value of None
DEBUG 2026-06-08 17:48:47 _wrapper.py:168 wrapped field at robot.right_arm_config.disable_torque_on_disconnect has a default value of True
DEBUG 2026-06-08 17:48:47 _wrapper.py:201 wrapped field at robot.right_arm_config.max_relative_target has a default value of None
DEBUG 2026-06-08 17:48:47 _wrapper.py:201 wrapped field at robot.right_arm_config.cameras has a default value of {}
DEBUG 2026-06-08 17:48:47 _wrapper.py:168 wrapped field at robot.right_arm_config.use_degrees has a default value of True
DEBUG 2026-06-08 17:48:47 _wrapper.py:201 wrapped field at robot.top_cameras has a default value of {}
DEBUG 2026-06-08 17:48:47 _wrapper.py:201 wrapped field at robot.id has a default value of None
DEBUG 2026-06-08 17:48:47 _wrapper.py:201 wrapped field at robot.calibration_dir has a default value of None
DEBUG 2026-06-08 17:48:47 _wrapper.py:168 wrapped field at robot.port has a default value of None
DEBUG 2026-06-08 17:48:47 _wrapper.py:168 wrapped field at robot.disable_torque_on_disconnect has a default value of True
DEBUG 2026-06-08 17:48:47 _wrapper.py:201 wrapped field at robot.max_relative_target has a default value of None
DEBUG 2026-06-08 17:48:47 _wrapper.py:201 wrapped field at robot.cameras has a default value of {}
DEBUG 2026-06-08 17:48:47 _wrapper.py:168 wrapped field at robot.use_degrees has a default value of False
DEBUG 2026-06-08 17:48:47 _wrapper.py:201 wrapped field at robot.id has a default value of None
DEBUG 2026-06-08 17:48:47 _wrapper.py:201 wrapped field at robot.calibration_dir has a default value of None
DEBUG 2026-06-08 17:48:47 _wrapper.py:168 wrapped field at robot.port has a default value of None
DEBUG 2026-06-08 17:48:47 _wrapper.py:168 wrapped field at robot.disable_torque_on_disconnect has a default value of True
DEBUG 2026-06-08 17:48:47 _wrapper.py:201 wrapped field at robot.max_relative_target has a default value of None
DEBUG 2026-06-08 17:48:47 _wrapper.py:201 wrapped field at robot.cameras has a default value of {}
DEBUG 2026-06-08 17:48:47 _wrapper.py:168 wrapped field at robot.use_degrees has a default value of False
DEBUG 2026-06-08 17:48:47 docstring.py:65 Couldn't find the attribute docstring: could not find class definition
DEBUG 2026-06-08 17:48:47 _wrapper.py:309 Arg options for field 'port': {'required': False, 'dest': 'robot.port', 'default': None, 'type': <class 'str'>}
DEBUG 2026-06-08 17:48:47 docstring.py:65 Couldn't find the attribute docstring: could not find class definition
DEBUG 2026-06-08 17:48:47 _wrapper.py:309 Arg options for field 'disable_torque_on_disconnect': {'required': False, 'dest': 'robot.disable_torque_on_disconnect', 'default': True, 'help': ' ', 'type': <class 'bool'>}
DEBUG 2026-06-08 17:48:48 docstring.py:65 Couldn't find the attribute docstring: could not find class definition
DEBUG 2026-06-08 17:48:48 _wrapper.py:309 Arg options for field 'max_relative_target': {'required': False, 'dest': 'robot.max_relative_target', 'default': None, 'type': typing.Union[float, typing.Dict[str, float], NoneType]}
DEBUG 2026-06-08 17:48:48 docstring.py:65 Couldn't find the attribute docstring: could not find class definition
DEBUG 2026-06-08 17:48:48 _wrapper.py:309 Arg options for field 'cameras': {'required': False, 'dest': 'robot.cameras', 'default': {}, 'help': ' ', 'type': typing.Dict[str, lerobot.cameras.configs.CameraConfig]}
DEBUG 2026-06-08 17:48:48 docstring.py:65 Couldn't find the attribute docstring: could not find class definition
DEBUG 2026-06-08 17:48:48 _wrapper.py:309 Arg options for field 'use_degrees': {'required': False, 'dest': 'robot.use_degrees', 'default': True, 'help': ' ', 'type': <class 'bool'>}
DEBUG 2026-06-08 17:48:48 _wrapper.py:309 Arg options for field 'id': {'required': False, 'dest': 'robot.id', 'default': None, 'help': 'Allows to distinguish between different robots of the same type', 'type': typing.Optional[str]}
DEBUG 2026-06-08 17:48:48 _wrapper.py:309 Arg options for field 'calibration_dir': {'required': False, 'dest': 'robot.calibration_dir', 'default': None, 'help': 'Directory to store calibration file', 'type': typing.Optional[pathlib.Path]}
DEBUG 2026-06-08 17:48:48 docstring.py:65 Couldn't find the attribute docstring: could not find class definition
DEBUG 2026-06-08 17:48:48 _wrapper.py:309 Arg options for field 'port': {'required': False, 'dest': 'robot.port', 'default': None, 'type': <class 'str'>}
DEBUG 2026-06-08 17:48:48 docstring.py:65 Couldn't find the attribute docstring: could not find class definition
DEBUG 2026-06-08 17:48:48 _wrapper.py:309 Arg options for field 'disable_torque_on_disconnect': {'required': False, 'dest': 'robot.disable_torque_on_disconnect', 'default': True, 'help': ' ', 'type': <class 'bool'>}
DEBUG 2026-06-08 17:48:48 docstring.py:65 Couldn't find the attribute docstring: could not find class definition
DEBUG 2026-06-08 17:48:48 _wrapper.py:309 Arg options for field 'max_relative_target': {'required': False, 'dest': 'robot.max_relative_target', 'default': None, 'type': typing.Union[float, typing.Dict[str, float], NoneType]}
DEBUG 2026-06-08 17:48:48 docstring.py:65 Couldn't find the attribute docstring: could not find class definition
DEBUG 2026-06-08 17:48:48 _wrapper.py:309 Arg options for field 'cameras': {'required': False, 'dest': 'robot.cameras', 'default': {}, 'help': ' ', 'type': typing.Dict[str, lerobot.cameras.configs.CameraConfig]}
DEBUG 2026-06-08 17:48:48 docstring.py:65 Couldn't find the attribute docstring: could not find class definition
DEBUG 2026-06-08 17:48:48 _wrapper.py:309 Arg options for field 'use_degrees': {'required': False, 'dest': 'robot.use_degrees', 'default': True, 'help': ' ', 'type': <class 'bool'>}
DEBUG 2026-06-08 17:48:48 _wrapper.py:309 Arg options for field 'id': {'required': False, 'dest': 'robot.id', 'default': None, 'help': 'Allows to distinguish between different robots of the same type', 'type': typing.Optional[str]}
DEBUG 2026-06-08 17:48:48 _wrapper.py:309 Arg options for field 'calibration_dir': {'required': False, 'dest': 'robot.calibration_dir', 'default': None, 'help': 'Directory to store calibration file', 'type': typing.Optional[pathlib.Path]}
DEBUG 2026-06-08 17:48:48 _wrapper.py:309 Arg options for field 'id': {'required': False, 'dest': 'robot.id', 'default': None, 'help': 'Allows to distinguish between different robots of the same type', 'type': typing.Optional[str]}
DEBUG 2026-06-08 17:48:48 _wrapper.py:309 Arg options for field 'calibration_dir': {'required': False, 'dest': 'robot.calibration_dir', 'default': None, 'help': 'Directory to store calibration file', 'type': typing.Optional[pathlib.Path]}
DEBUG 2026-06-08 17:48:48 d_metavar.py:22 Metavar for type <class 'str'>: str
DEBUG 2026-06-08 17:48:48 formatter.py:52 action type: <class 'str'>, Result: str, nargs: None, default metavar: None
DEBUG 2026-06-08 17:48:48 _wrapper.py:309 Arg options for field 'port': {'required': False, 'dest': 'robot.left_arm_config.port', 'default': None, 'help': 'Port to connect to the arm', 'type': <class 'str'>}
DEBUG 2026-06-08 17:48:48 _wrapper.py:309 Arg options for field 'disable_torque_on_disconnect': {'required': False, 'dest': 'robot.left_arm_config.disable_torque_on_disconnect', 'default': True, 'help': ' ', 'type': <class 'bool'>}
DEBUG 2026-06-08 17:48:48 _wrapper.py:309 Arg options for field 'max_relative_target': {'required': False, 'dest': 'robot.left_arm_config.max_relative_target', 'default': None, 'help': '`max_relative_target` limits the magnitude of the relative positional target vector for safety purposes.\nSet this to a positive scalar to have the same value for all motors, or a dictionary that maps motor\nnames to the max_relative_target value for that motor.', 'type': typing.Union[float, typing.Dict[str, float], NoneType]}
DEBUG 2026-06-08 17:48:48 _wrapper.py:309 Arg options for field 'cameras': {'required': False, 'dest': 'robot.left_arm_config.cameras', 'default': {}, 'help': 'cameras', 'type': typing.Dict[str, lerobot.cameras.configs.CameraConfig]}
DEBUG 2026-06-08 17:48:48 _wrapper.py:309 Arg options for field 'use_degrees': {'required': False, 'dest': 'robot.left_arm_config.use_degrees', 'default': True, 'help': 'Set to `True` for backward compatibility with previous policies/dataset', 'type': <class 'bool'>}
DEBUG 2026-06-08 17:48:48 d_metavar.py:22 Metavar for type <class 'str'>: str
DEBUG 2026-06-08 17:48:48 formatter.py:52 action type: <class 'str'>, Result: str, nargs: None, default metavar: None
DEBUG 2026-06-08 17:48:48 _wrapper.py:309 Arg options for field 'port': {'required': False, 'dest': 'robot.right_arm_config.port', 'default': None, 'help': 'Port to connect to the arm', 'type': <class 'str'>}
DEBUG 2026-06-08 17:48:48 _wrapper.py:309 Arg options for field 'disable_torque_on_disconnect': {'required': False, 'dest': 'robot.right_arm_config.disable_torque_on_disconnect', 'default': True, 'help': ' ', 'type': <class 'bool'>}
DEBUG 2026-06-08 17:48:48 _wrapper.py:309 Arg options for field 'max_relative_target': {'required': False, 'dest': 'robot.right_arm_config.max_relative_target', 'default': None, 'help': '`max_relative_target` limits the magnitude of the relative positional target vector for safety purposes.\nSet this to a positive scalar to have the same value for all motors, or a dictionary that maps motor\nnames to the max_relative_target value for that motor.', 'type': typing.Union[float, typing.Dict[str, float], NoneType]}
DEBUG 2026-06-08 17:48:48 _wrapper.py:309 Arg options for field 'cameras': {'required': False, 'dest': 'robot.right_arm_config.cameras', 'default': {}, 'help': 'cameras', 'type': typing.Dict[str, lerobot.cameras.configs.CameraConfig]}
DEBUG 2026-06-08 17:48:48 _wrapper.py:309 Arg options for field 'use_degrees': {'required': False, 'dest': 'robot.right_arm_config.use_degrees', 'default': True, 'help': 'Set to `True` for backward compatibility with previous policies/dataset', 'type': <class 'bool'>}
DEBUG 2026-06-08 17:48:48 _wrapper.py:309 Arg options for field 'top_cameras': {'required': False, 'dest': 'robot.top_cameras', 'default': {}, 'help': ' ', 'type': typing.Dict[str, lerobot.cameras.configs.CameraConfig]}
DEBUG 2026-06-08 17:48:48 _wrapper.py:309 Arg options for field 'id': {'required': False, 'dest': 'robot.id', 'default': None, 'help': 'Allows to distinguish between different robots of the same type', 'type': typing.Optional[str]}
DEBUG 2026-06-08 17:48:48 _wrapper.py:309 Arg options for field 'calibration_dir': {'required': False, 'dest': 'robot.calibration_dir', 'default': None, 'help': 'Directory to store calibration file', 'type': typing.Optional[pathlib.Path]}
DEBUG 2026-06-08 17:48:48 _wrapper.py:309 Arg options for field 'port': {'required': False, 'dest': 'robot.port', 'default': None, 'help': 'Port to connect to the arm', 'type': <class 'str'>}
DEBUG 2026-06-08 17:48:48 _wrapper.py:309 Arg options for field 'disable_torque_on_disconnect': {'required': False, 'dest': 'robot.disable_torque_on_disconnect', 'default': True, 'help': ' ', 'type': <class 'bool'>}
DEBUG 2026-06-08 17:48:48 _wrapper.py:309 Arg options for field 'max_relative_target': {'required': False, 'dest': 'robot.max_relative_target', 'default': None, 'help': '`max_relative_target` limits the magnitude of the relative positional target vector for safety purposes.\nSet this to a positive scalar to have the same value for all motors, or a dictionary that maps motor\nnames to the max_relative_target value for that motor.', 'type': typing.Union[float, typing.Dict[str, float], NoneType]}
DEBUG 2026-06-08 17:48:48 _wrapper.py:309 Arg options for field 'cameras': {'required': False, 'dest': 'robot.cameras', 'default': {}, 'help': 'cameras', 'type': typing.Dict[str, lerobot.cameras.configs.CameraConfig]}
DEBUG 2026-06-08 17:48:48 _wrapper.py:309 Arg options for field 'use_degrees': {'required': False, 'dest': 'robot.use_degrees', 'default': False, 'help': 'Set to `True` for backward compatibility with previous policies/dataset', 'type': <class 'bool'>}
DEBUG 2026-06-08 17:48:48 _wrapper.py:309 Arg options for field 'id': {'required': False, 'dest': 'robot.id', 'default': None, 'help': 'Allows to distinguish between different robots of the same type', 'type': typing.Optional[str]}
DEBUG 2026-06-08 17:48:48 _wrapper.py:309 Arg options for field 'calibration_dir': {'required': False, 'dest': 'robot.calibration_dir', 'default': None, 'help': 'Directory to store calibration file', 'type': typing.Optional[pathlib.Path]}
DEBUG 2026-06-08 17:48:48 _wrapper.py:309 Arg options for field 'port': {'required': False, 'dest': 'robot.port', 'default': None, 'help': 'Port to connect to the arm', 'type': <class 'str'>}
DEBUG 2026-06-08 17:48:48 _wrapper.py:309 Arg options for field 'disable_torque_on_disconnect': {'required': False, 'dest': 'robot.disable_torque_on_disconnect', 'default': True, 'help': ' ', 'type': <class 'bool'>}
DEBUG 2026-06-08 17:48:48 _wrapper.py:309 Arg options for field 'max_relative_target': {'required': False, 'dest': 'robot.max_relative_target', 'default': None, 'help': '`max_relative_target` limits the magnitude of the relative positional target vector for safety purposes.\nSet this to a positive scalar to have the same value for all motors, or a dictionary that maps motor\nnames to the max_relative_target value for that motor.', 'type': typing.Union[float, typing.Dict[str, float], NoneType]}
DEBUG 2026-06-08 17:48:48 _wrapper.py:309 Arg options for field 'cameras': {'required': False, 'dest': 'robot.cameras', 'default': {}, 'help': 'cameras', 'type': typing.Dict[str, lerobot.cameras.configs.CameraConfig]}
DEBUG 2026-06-08 17:48:48 _wrapper.py:309 Arg options for field 'use_degrees': {'required': False, 'dest': 'robot.use_degrees', 'default': False, 'help': 'Set to `True` for backward compatibility with previous policies/dataset', 'type': <class 'bool'>}
DEBUG 2026-06-08 17:48:48 _wrapper.py:309 Arg options for field 'actions_per_chunk': {'required': False, 'dest': 'actions_per_chunk', 'default': None, 'help': 'Policies typically output K actions at max, but we can use less to avoid wasting bandwidth (as actions\nwould be aggregated on the client side anyway, depending on the value of `chunk_size_threshold`)', 'type': <class 'int'>}
DEBUG 2026-06-08 17:48:48 _wrapper.py:309 Arg options for field 'task': {'required': False, 'dest': 'task', 'default': '', 'help': "Task instruction for the robot to execute (e.g., 'fold my tshirt')", 'type': <class 'str'>}
DEBUG 2026-06-08 17:48:48 _wrapper.py:309 Arg options for field 'server_address': {'required': False, 'dest': 'server_address', 'default': 'localhost:8080', 'help': 'Network configuration', 'type': <class 'str'>}
DEBUG 2026-06-08 17:48:48 _wrapper.py:309 Arg options for field 'policy_device': {'required': False, 'dest': 'policy_device', 'default': 'cpu', 'help': 'Device configuration', 'type': <class 'str'>}
DEBUG 2026-06-08 17:48:48 ocstring.py:253 Warning: Unable to parse attribute docstring:         default="cpu",
DEBUG 2026-06-08 17:48:48 _wrapper.py:309 Arg options for field 'client_device': {'required': False, 'dest': 'client_device', 'default': 'cpu', 'help': ' ', 'type': <class 'str'>}
DEBUG 2026-06-08 17:48:48 _wrapper.py:309 Arg options for field 'chunk_size_threshold': {'required': False, 'dest': 'chunk_size_threshold', 'default': 0.5, 'help': '\n\nControl behavior configuration', 'type': <class 'float'>}
DEBUG 2026-06-08 17:48:48 _wrapper.py:309 Arg options for field 'fps': {'required': False, 'dest': 'fps', 'default': 30, 'help': ' ', 'type': <class 'int'>}
DEBUG 2026-06-08 17:48:48 ocstring.py:253 Warning: Unable to parse attribute docstring:         default="weighted_average",
DEBUG 2026-06-08 17:48:48 _wrapper.py:309 Arg options for field 'aggregate_fn_name': {'required': False, 'dest': 'aggregate_fn_name', 'default': 'weighted_average', 'help': 'Aggregate function configuration (CLI-compatible)', 'type': <class 'str'>}
DEBUG 2026-06-08 17:48:48 ocstring.py:253 Warning: Unable to parse attribute docstring:         default=False, metadata={"help": "Visualize the action queue size"}
DEBUG 2026-06-08 17:48:48 _wrapper.py:309 Arg options for field 'debug_visualize_queue_size': {'required': False, 'dest': 'debug_visualize_queue_size', 'default': False, 'help': '\n\n\nDebug configuration', 'type': <class 'bool'>}
DEBUG 2026-06-08 17:48:48 gparsing.py:143 
POST PROCESSING

DEBUG 2026-06-08 17:48:48 gparsing.py:144 (raw) parsed args: Namespace(task='Pick up the cup by the cup handle using the right arm', server_address='10.145.8.86:8080', policy_type='groot', pretrained_name_or_path='oliveoil8888/groot-pick-up-cup-right-arm', policy_device='cuda', actions_per_chunk='16', debug_visualize_queue_size='true', **{'robot.type': 'bi_so_follower', 'robot.left_arm_config.port': '/dev/follower_left', 'robot.right_arm_config.port': '/dev/follower_right', 'robot.top_cameras': '{ top_realsense_color: {type: opencv, index_or_path: /dev/video4, width: 640, height: 480, fps: 30}, top_realsense_depth: {type: opencv, index_or_path: /dev/video2, width: 640, height: 480, fps: 30}, top_webcam: {type: opencv, index_or_path: /dev/video6, width: 640, height: 480, fps: 30}}', 'robot.right_arm_config.cameras': '{ wrist: {type: opencv, index_or_path: /dev/wrist_right, width: 640, height: 480, fps: 30}}', 'robot.left_arm_config.cameras': '{ wrist: {type: opencv, index_or_path: /dev/wrist_left, width: 640, height: 480, fps: 30}}', 'robot.id': 'follower'})
DEBUG 2026-06-08 17:48:48 decoding.py:112 from_dict for <class 'lerobot.async_inference.configs.RobotClientConfig'>
DEBUG 2026-06-08 17:48:48 decoding.py:132 Decode name = policy_type, type = <class 'str'>
DEBUG 2026-06-08 17:48:48 decoding.py:132 Decode name = pretrained_name_or_path, type = <class 'str'>
DEBUG 2026-06-08 17:48:48 decoding.py:132 Decode name = robot, type = <class 'lerobot.robots.config.RobotConfig'>
DEBUG 2026-06-08 17:48:48 decoding.py:112 from_dict for <class 'lerobot.robots.bi_so_follower.config_bi_so_follower.BiSOFollowerConfig'>
DEBUG 2026-06-08 17:48:48 decoding.py:132 Decode name = id, type = typing.Optional[str]
DEBUG 2026-06-08 17:48:48 decoding.py:293 Decoding a Union field: typing.Optional[str]
DEBUG 2026-06-08 17:48:48 decoding.py:132 Decode name = left_arm_config, type = <class 'lerobot.robots.so_follower.config_so_follower.SOFollowerConfig'>
DEBUG 2026-06-08 17:48:48 decoding.py:112 from_dict for <class 'lerobot.robots.so_follower.config_so_follower.SOFollowerConfig'>
DEBUG 2026-06-08 17:48:48 decoding.py:132 Decode name = port, type = <class 'str'>
DEBUG 2026-06-08 17:48:48 decoding.py:132 Decode name = cameras, type = dict[str, lerobot.cameras.configs.CameraConfig]
DEBUG 2026-06-08 17:48:48 decoding.py:261 Decoding a Dict field: dict[str, lerobot.cameras.configs.CameraConfig]
DEBUG 2026-06-08 17:48:48 decoding.py:112 from_dict for <class 'lerobot.cameras.opencv.configuration_opencv.OpenCVCameraConfig'>
DEBUG 2026-06-08 17:48:48 decoding.py:132 Decode name = fps, type = typing.Optional[int]
DEBUG 2026-06-08 17:48:48 decoding.py:293 Decoding a Union field: typing.Optional[int]
DEBUG 2026-06-08 17:48:48 decoding.py:132 Decode name = width, type = typing.Optional[int]
DEBUG 2026-06-08 17:48:48 decoding.py:132 Decode name = height, type = typing.Optional[int]
DEBUG 2026-06-08 17:48:48 decoding.py:132 Decode name = index_or_path, type = typing.Union[int, pathlib.Path]
DEBUG 2026-06-08 17:48:48 decoding.py:293 Decoding a Union field: typing.Union[int, pathlib.Path]
DEBUG 2026-06-08 17:48:48 decoding.py:132 Decode name = right_arm_config, type = <class 'lerobot.robots.so_follower.config_so_follower.SOFollowerConfig'>
DEBUG 2026-06-08 17:48:48 decoding.py:112 from_dict for <class 'lerobot.robots.so_follower.config_so_follower.SOFollowerConfig'>
DEBUG 2026-06-08 17:48:48 decoding.py:132 Decode name = port, type = <class 'str'>
DEBUG 2026-06-08 17:48:48 decoding.py:132 Decode name = cameras, type = dict[str, lerobot.cameras.configs.CameraConfig]
DEBUG 2026-06-08 17:48:48 decoding.py:112 from_dict for <class 'lerobot.cameras.opencv.configuration_opencv.OpenCVCameraConfig'>
DEBUG 2026-06-08 17:48:48 decoding.py:132 Decode name = fps, type = typing.Optional[int]
DEBUG 2026-06-08 17:48:48 decoding.py:132 Decode name = width, type = typing.Optional[int]
DEBUG 2026-06-08 17:48:48 decoding.py:132 Decode name = height, type = typing.Optional[int]
DEBUG 2026-06-08 17:48:48 decoding.py:132 Decode name = index_or_path, type = typing.Union[int, pathlib.Path]
DEBUG 2026-06-08 17:48:48 decoding.py:132 Decode name = top_cameras, type = dict[str, lerobot.cameras.configs.CameraConfig]
DEBUG 2026-06-08 17:48:48 decoding.py:112 from_dict for <class 'lerobot.cameras.opencv.configuration_opencv.OpenCVCameraConfig'>
DEBUG 2026-06-08 17:48:48 decoding.py:132 Decode name = fps, type = typing.Optional[int]
DEBUG 2026-06-08 17:48:48 decoding.py:132 Decode name = width, type = typing.Optional[int]
DEBUG 2026-06-08 17:48:48 decoding.py:132 Decode name = height, type = typing.Optional[int]
DEBUG 2026-06-08 17:48:48 decoding.py:132 Decode name = index_or_path, type = typing.Union[int, pathlib.Path]
DEBUG 2026-06-08 17:48:48 decoding.py:112 from_dict for <class 'lerobot.cameras.opencv.configuration_opencv.OpenCVCameraConfig'>
DEBUG 2026-06-08 17:48:48 decoding.py:132 Decode name = fps, type = typing.Optional[int]
DEBUG 2026-06-08 17:48:48 decoding.py:132 Decode name = width, type = typing.Optional[int]
DEBUG 2026-06-08 17:48:48 decoding.py:132 Decode name = height, type = typing.Optional[int]
DEBUG 2026-06-08 17:48:48 decoding.py:132 Decode name = index_or_path, type = typing.Union[int, pathlib.Path]
DEBUG 2026-06-08 17:48:48 decoding.py:112 from_dict for <class 'lerobot.cameras.opencv.configuration_opencv.OpenCVCameraConfig'>
DEBUG 2026-06-08 17:48:48 decoding.py:132 Decode name = fps, type = typing.Optional[int]
DEBUG 2026-06-08 17:48:48 decoding.py:132 Decode name = width, type = typing.Optional[int]
DEBUG 2026-06-08 17:48:48 decoding.py:132 Decode name = height, type = typing.Optional[int]
DEBUG 2026-06-08 17:48:48 decoding.py:132 Decode name = index_or_path, type = typing.Union[int, pathlib.Path]
DEBUG 2026-06-08 17:48:48 decoding.py:132 Decode name = actions_per_chunk, type = <class 'int'>
DEBUG 2026-06-08 17:48:48 decoding.py:132 Decode name = task, type = <class 'str'>
DEBUG 2026-06-08 17:48:48 decoding.py:132 Decode name = server_address, type = <class 'str'>
DEBUG 2026-06-08 17:48:48 decoding.py:132 Decode name = policy_device, type = <class 'str'>
DEBUG 2026-06-08 17:48:48 decoding.py:132 Decode name = debug_visualize_queue_size, type = <class 'bool'>
INFO 2026-06-08 17:48:48 t_client.py:486 {'actions_per_chunk': 16,
 'aggregate_fn_name': 'weighted_average',
 'chunk_size_threshold': 0.5,
 'client_device': 'cpu',
 'debug_visualize_queue_size': True,
 'fps': 30,
 'policy_device': 'cuda',
 'policy_type': 'groot',
 'pretrained_name_or_path': 'oliveoil8888/groot-pick-up-cup-right-arm',
 'robot': {'calibration_dir': None,
           'id': 'follower',
           'left_arm_config': {'cameras': {'wrist': {'backend': <Cv2Backends.ANY: 0>,
                                                     'color_mode': <ColorMode.RGB: 'rgb'>,
                                                     'fourcc': 'MJPG',
                                                     'fps': 30,
                                                     'height': 480,
                                                     'index_or_path': PosixPath('/dev/wrist_left'),
                                                     'rotation': <Cv2Rotation.NO_ROTATION: 0>,
                                                     'warmup_s': 1,
                                                     'width': 640}},
                               'disable_torque_on_disconnect': True,
                               'max_relative_target': None,
                               'port': '/dev/follower_left',
                               'use_degrees': True},
           'right_arm_config': {'cameras': {'wrist': {'backend': <Cv2Backends.ANY: 0>,
                                                      'color_mode': <ColorMode.RGB: 'rgb'>,
                                                      'fourcc': 'MJPG',
                                                      'fps': 30,
                                                      'height': 480,
                                                      'index_or_path': PosixPath('/dev/wrist_right'),
                                                      'rotation': <Cv2Rotation.NO_ROTATION: 0>,
                                                      'warmup_s': 1,
                                                      'width': 640}},
                                'disable_torque_on_disconnect': True,
                                'max_relative_target': None,
                                'port': '/dev/follower_right',
                                'use_degrees': True},
           'top_cameras': {'top_realsense_color': {'backend': <Cv2Backends.ANY: 0>,
                                                   'color_mode': <ColorMode.RGB: 'rgb'>,
                                                   'fourcc': 'MJPG',
                                                   'fps': 30,
                                                   'height': 480,
                                                   'index_or_path': PosixPath('/dev/video4'),
                                                   'rotation': <Cv2Rotation.NO_ROTATION: 0>,
                                                   'warmup_s': 1,
                                                   'width': 640},
                           'top_realsense_depth': {'backend': <Cv2Backends.ANY: 0>,
                                                   'color_mode': <ColorMode.RGB: 'rgb'>,
                                                   'fourcc': 'MJPG',
                                                   'fps': 30,
                                                   'height': 480,
                                                   'index_or_path': PosixPath('/dev/video2'),
                                                   'rotation': <Cv2Rotation.NO_ROTATION: 0>,
                                                   'warmup_s': 1,
                                                   'width': 640},
                           'top_webcam': {'backend': <Cv2Backends.ANY: 0>,
                                          'color_mode': <ColorMode.RGB: 'rgb'>,
                                          'fourcc': 'MJPG',
                                          'fps': 30,
                                          'height': 480,
                                          'index_or_path': PosixPath('/dev/video6'),
                                          'rotation': <Cv2Rotation.NO_ROTATION: 0>,
                                          'warmup_s': 1,
                                          'width': 640}}},
 'server_address': '10.145.8.86:8080',
 'task': 'Pick up the cup by the cup handle using the right arm'}
DEBUG 2026-06-08 17:48:48 decoding.py:261 Decoding a Dict field: typing.Dict[str, lerobot.motors.motors_bus.MotorCalibration]
DEBUG 2026-06-08 17:48:48 decoding.py:112 from_dict for <class 'lerobot.motors.motors_bus.MotorCalibration'>
DEBUG 2026-06-08 17:48:48 decoding.py:132 Decode name = id, type = <class 'int'>
DEBUG 2026-06-08 17:48:48 decoding.py:132 Decode name = drive_mode, type = <class 'int'>
DEBUG 2026-06-08 17:48:48 decoding.py:132 Decode name = homing_offset, type = <class 'int'>
DEBUG 2026-06-08 17:48:48 decoding.py:132 Decode name = range_min, type = <class 'int'>
DEBUG 2026-06-08 17:48:48 decoding.py:132 Decode name = range_max, type = <class 'int'>
DEBUG 2026-06-08 17:48:48 decoding.py:112 from_dict for <class 'lerobot.motors.motors_bus.MotorCalibration'>
DEBUG 2026-06-08 17:48:48 decoding.py:132 Decode name = id, type = <class 'int'>
DEBUG 2026-06-08 17:48:48 decoding.py:132 Decode name = drive_mode, type = <class 'int'>
DEBUG 2026-06-08 17:48:48 decoding.py:132 Decode name = homing_offset, type = <class 'int'>
DEBUG 2026-06-08 17:48:48 decoding.py:132 Decode name = range_min, type = <class 'int'>
DEBUG 2026-06-08 17:48:48 decoding.py:132 Decode name = range_max, type = <class 'int'>
DEBUG 2026-06-08 17:48:48 decoding.py:112 from_dict for <class 'lerobot.motors.motors_bus.MotorCalibration'>
DEBUG 2026-06-08 17:48:48 decoding.py:132 Decode name = id, type = <class 'int'>
DEBUG 2026-06-08 17:48:48 decoding.py:132 Decode name = drive_mode, type = <class 'int'>
DEBUG 2026-06-08 17:48:48 decoding.py:132 Decode name = homing_offset, type = <class 'int'>
DEBUG 2026-06-08 17:48:48 decoding.py:132 Decode name = range_min, type = <class 'int'>
DEBUG 2026-06-08 17:48:48 decoding.py:132 Decode name = range_max, type = <class 'int'>
DEBUG 2026-06-08 17:48:48 decoding.py:112 from_dict for <class 'lerobot.motors.motors_bus.MotorCalibration'>
DEBUG 2026-06-08 17:48:48 decoding.py:132 Decode name = id, type = <class 'int'>
DEBUG 2026-06-08 17:48:48 decoding.py:132 Decode name = drive_mode, type = <class 'int'>
DEBUG 2026-06-08 17:48:48 decoding.py:132 Decode name = homing_offset, type = <class 'int'>
DEBUG 2026-06-08 17:48:48 decoding.py:132 Decode name = range_min, type = <class 'int'>
DEBUG 2026-06-08 17:48:48 decoding.py:132 Decode name = range_max, type = <class 'int'>
DEBUG 2026-06-08 17:48:48 decoding.py:112 from_dict for <class 'lerobot.motors.motors_bus.MotorCalibration'>
DEBUG 2026-06-08 17:48:48 decoding.py:132 Decode name = id, type = <class 'int'>
DEBUG 2026-06-08 17:48:48 decoding.py:132 Decode name = drive_mode, type = <class 'int'>
DEBUG 2026-06-08 17:48:48 decoding.py:132 Decode name = homing_offset, type = <class 'int'>
DEBUG 2026-06-08 17:48:48 decoding.py:132 Decode name = range_min, type = <class 'int'>
DEBUG 2026-06-08 17:48:48 decoding.py:132 Decode name = range_max, type = <class 'int'>
DEBUG 2026-06-08 17:48:48 decoding.py:112 from_dict for <class 'lerobot.motors.motors_bus.MotorCalibration'>
DEBUG 2026-06-08 17:48:48 decoding.py:132 Decode name = id, type = <class 'int'>
DEBUG 2026-06-08 17:48:48 decoding.py:132 Decode name = drive_mode, type = <class 'int'>
DEBUG 2026-06-08 17:48:48 decoding.py:132 Decode name = homing_offset, type = <class 'int'>
DEBUG 2026-06-08 17:48:48 decoding.py:132 Decode name = range_min, type = <class 'int'>
DEBUG 2026-06-08 17:48:48 decoding.py:132 Decode name = range_max, type = <class 'int'>
DEBUG 2026-06-08 17:48:48 ort_utils.py:65 Detected feetech-servo-sdk version: 1.0.0
DEBUG 2026-06-08 17:48:48 ort_utils.py:65 Detected pyserial version: 3.5
DEBUG 2026-06-08 17:48:48 ort_utils.py:65 Detected deepdiff version: 8.6.2
DEBUG 2026-06-08 17:48:48 decoding.py:112 from_dict for <class 'lerobot.motors.motors_bus.MotorCalibration'>
DEBUG 2026-06-08 17:48:48 decoding.py:132 Decode name = id, type = <class 'int'>
DEBUG 2026-06-08 17:48:48 decoding.py:132 Decode name = drive_mode, type = <class 'int'>
DEBUG 2026-06-08 17:48:48 decoding.py:132 Decode name = homing_offset, type = <class 'int'>
DEBUG 2026-06-08 17:48:48 decoding.py:132 Decode name = range_min, type = <class 'int'>
DEBUG 2026-06-08 17:48:48 decoding.py:132 Decode name = range_max, type = <class 'int'>
DEBUG 2026-06-08 17:48:48 decoding.py:112 from_dict for <class 'lerobot.motors.motors_bus.MotorCalibration'>
DEBUG 2026-06-08 17:48:48 decoding.py:132 Decode name = id, type = <class 'int'>
DEBUG 2026-06-08 17:48:48 decoding.py:132 Decode name = drive_mode, type = <class 'int'>
DEBUG 2026-06-08 17:48:48 decoding.py:132 Decode name = homing_offset, type = <class 'int'>
DEBUG 2026-06-08 17:48:48 decoding.py:132 Decode name = range_min, type = <class 'int'>
DEBUG 2026-06-08 17:48:48 decoding.py:132 Decode name = range_max, type = <class 'int'>
DEBUG 2026-06-08 17:48:48 decoding.py:112 from_dict for <class 'lerobot.motors.motors_bus.MotorCalibration'>
DEBUG 2026-06-08 17:48:48 decoding.py:132 Decode name = id, type = <class 'int'>
DEBUG 2026-06-08 17:48:48 decoding.py:132 Decode name = drive_mode, type = <class 'int'>
DEBUG 2026-06-08 17:48:48 decoding.py:132 Decode name = homing_offset, type = <class 'int'>
DEBUG 2026-06-08 17:48:48 decoding.py:132 Decode name = range_min, type = <class 'int'>
DEBUG 2026-06-08 17:48:48 decoding.py:132 Decode name = range_max, type = <class 'int'>
DEBUG 2026-06-08 17:48:48 decoding.py:112 from_dict for <class 'lerobot.motors.motors_bus.MotorCalibration'>
DEBUG 2026-06-08 17:48:48 decoding.py:132 Decode name = id, type = <class 'int'>
DEBUG 2026-06-08 17:48:48 decoding.py:132 Decode name = drive_mode, type = <class 'int'>
DEBUG 2026-06-08 17:48:48 decoding.py:132 Decode name = homing_offset, type = <class 'int'>
DEBUG 2026-06-08 17:48:48 decoding.py:132 Decode name = range_min, type = <class 'int'>
DEBUG 2026-06-08 17:48:48 decoding.py:132 Decode name = range_max, type = <class 'int'>
DEBUG 2026-06-08 17:48:48 decoding.py:112 from_dict for <class 'lerobot.motors.motors_bus.MotorCalibration'>
DEBUG 2026-06-08 17:48:48 decoding.py:132 Decode name = id, type = <class 'int'>
DEBUG 2026-06-08 17:48:48 decoding.py:132 Decode name = drive_mode, type = <class 'int'>
DEBUG 2026-06-08 17:48:48 decoding.py:132 Decode name = homing_offset, type = <class 'int'>
DEBUG 2026-06-08 17:48:48 decoding.py:132 Decode name = range_min, type = <class 'int'>
DEBUG 2026-06-08 17:48:48 decoding.py:132 Decode name = range_max, type = <class 'int'>
DEBUG 2026-06-08 17:48:48 decoding.py:112 from_dict for <class 'lerobot.motors.motors_bus.MotorCalibration'>
DEBUG 2026-06-08 17:48:48 decoding.py:132 Decode name = id, type = <class 'int'>
DEBUG 2026-06-08 17:48:48 decoding.py:132 Decode name = drive_mode, type = <class 'int'>
DEBUG 2026-06-08 17:48:48 decoding.py:132 Decode name = homing_offset, type = <class 'int'>
DEBUG 2026-06-08 17:48:48 decoding.py:132 Decode name = range_min, type = <class 'int'>
DEBUG 2026-06-08 17:48:48 decoding.py:132 Decode name = range_max, type = <class 'int'>
DEBUG 2026-06-08 17:48:48 tors_bus.py:527 FeetechMotorsBus connected.
INFO 2026-06-08 17:48:49 a_opencv.py:183 OpenCVCamera(/dev/wrist_left) connected.
INFO 2026-06-08 17:48:49 follower.py:105 follower_left SOFollower connected.
DEBUG 2026-06-08 17:48:49 tors_bus.py:527 FeetechMotorsBus connected.
INFO 2026-06-08 17:48:51 a_opencv.py:183 OpenCVCamera(/dev/wrist_right) connected.
INFO 2026-06-08 17:48:51 follower.py:105 follower_right SOFollower connected.
WARNING 2026-06-08 17:48:51 a_opencv.py:266 OpenCVCamera(/dev/video4) failed to set fourcc=MJPG (actual=YUYV, success=True). Continuing with default format.
INFO 2026-06-08 17:48:52 a_opencv.py:183 OpenCVCamera(/dev/video4) connected.
INFO 2026-06-08 17:48:52 follower.py:134 Top camera 'top_realsense_color' connected.
WARNING 2026-06-08 17:48:52 a_opencv.py:266 OpenCVCamera(/dev/video2) failed to set fourcc=MJPG (actual=UYVY, success=True). Continuing with default format.
INFO 2026-06-08 17:48:53 a_opencv.py:183 OpenCVCamera(/dev/video2) connected.
INFO 2026-06-08 17:48:53 follower.py:134 Top camera 'top_realsense_depth' connected.
INFO 2026-06-08 17:48:54 a_opencv.py:183 OpenCVCamera(/dev/video6) connected.
INFO 2026-06-08 17:48:54 follower.py:134 Top camera 'top_webcam' connected.
INFO 2026-06-08 17:48:54 t_client.py:114 Initializing client to connect to server at 10.145.8.86:8080
INFO 2026-06-08 17:48:54 t_client.py:133 Robot connected and ready
DEBUG 2026-06-08 17:48:55 t_client.py:150 Connected to policy server in 0.0508s
INFO 2026-06-08 17:48:55 t_client.py:156 Sending policy instructions to policy server
DEBUG 2026-06-08 17:48:55 t_client.py:157 Policy type: groot | Pretrained name or path: oliveoil8888/groot-pick-up-cup-right-arm | Device: cuda
INFO 2026-06-08 17:49:00 t_client.py:495 Starting action receiver thread...
INFO 2026-06-08 17:49:00 t_client.py:462 Control loop thread starting
INFO 2026-06-08 17:49:00 t_client.py:273 Action receiving thread starting
DEBUG 2026-06-08 17:49:00 follower.py:184 follower_right SOFollower read state: 3.8ms
DEBUG 2026-06-08 17:49:00 follower.py:191 follower_right SOFollower read wrist: 0.1ms
DEBUG 2026-06-08 17:49:00 follower.py:184 follower_left SOFollower read state: 3.2ms
DEBUG 2026-06-08 17:49:00 follower.py:191 follower_left SOFollower read wrist: 0.0ms
DEBUG 2026-06-08 17:49:00 t_client.py:198 Observation serialization time: 0.008178s
DEBUG 2026-06-08 17:49:00 ort/utils.py:54 [CLIENT] Observation Buffer size 4.3954973220825195 MB with
DEBUG 2026-06-08 17:49:00 ort/utils.py:69 [CLIENT] Observation Sent 2097152/4609013 bytes with state 1
DEBUG 2026-06-08 17:49:00 ort/utils.py:69 [CLIENT] Observation Sent 4194304/4609013 bytes with state 2
DEBUG 2026-06-08 17:49:00 ort/utils.py:69 [CLIENT] Observation Sent 4609013/4609013 bytes with state 3
DEBUG 2026-06-08 17:49:00 ort/utils.py:71 [CLIENT] Observation Published 4.3954973220825195 MB
DEBUG 2026-06-08 17:49:01 t_client.py:209 Sent observation #0 | 
DEBUG 2026-06-08 17:49:01 t_client.py:434 QUEUE SIZE: 0 (Must go: True)
DEBUG 2026-06-08 17:49:01 t_client.py:477 Control loop (ms): 212.07
DEBUG 2026-06-08 17:49:01 follower.py:184 follower_right SOFollower read state: 2.1ms
DEBUG 2026-06-08 17:49:01 follower.py:191 follower_right SOFollower read wrist: 0.0ms
DEBUG 2026-06-08 17:49:01 follower.py:184 follower_left SOFollower read state: 1.9ms
DEBUG 2026-06-08 17:49:01 follower.py:191 follower_left SOFollower read wrist: 0.0ms
DEBUG 2026-06-08 17:49:01 t_client.py:198 Observation serialization time: 0.012765s
DEBUG 2026-06-08 17:49:01 ort/utils.py:54 [CLIENT] Observation Buffer size 4.3954973220825195 MB with
DEBUG 2026-06-08 17:49:01 ort/utils.py:69 [CLIENT] Observation Sent 2097152/4609013 bytes with state 1
DEBUG 2026-06-08 17:49:01 ort/utils.py:69 [CLIENT] Observation Sent 4194304/4609013 bytes with state 2
DEBUG 2026-06-08 17:49:01 ort/utils.py:69 [CLIENT] Observation Sent 4609013/4609013 bytes with state 3
DEBUG 2026-06-08 17:49:01 ort/utils.py:71 [CLIENT] Observation Published 4.3954973220825195 MB
DEBUG 2026-06-08 17:49:01 t_client.py:209 Sent observation #0 | 
DEBUG 2026-06-08 17:49:01 t_client.py:434 QUEUE SIZE: 0 (Must go: False)
DEBUG 2026-06-08 17:49:01 t_client.py:477 Control loop (ms): 138.73
DEBUG 2026-06-08 17:49:01 follower.py:184 follower_right SOFollower read state: 2.1ms
DEBUG 2026-06-08 17:49:01 follower.py:191 follower_right SOFollower read wrist: 0.0ms
DEBUG 2026-06-08 17:49:01 follower.py:184 follower_left SOFollower read state: 2.0ms
DEBUG 2026-06-08 17:49:01 follower.py:191 follower_left SOFollower read wrist: 0.0ms
DEBUG 2026-06-08 17:49:01 t_client.py:198 Observation serialization time: 0.008124s
DEBUG 2026-06-08 17:49:01 ort/utils.py:54 [CLIENT] Observation Buffer size 4.3954973220825195 MB with
DEBUG 2026-06-08 17:49:01 ort/utils.py:69 [CLIENT] Observation Sent 2097152/4609013 bytes with state 1
DEBUG 2026-06-08 17:49:01 ort/utils.py:69 [CLIENT] Observation Sent 4194304/4609013 bytes with state 2
DEBUG 2026-06-08 17:49:01 ort/utils.py:69 [CLIENT] Observation Sent 4609013/4609013 bytes with state 3
DEBUG 2026-06-08 17:49:01 ort/utils.py:71 [CLIENT] Observation Published 4.3954973220825195 MB
DEBUG 2026-06-08 17:49:01 t_client.py:209 Sent observation #0 | 
DEBUG 2026-06-08 17:49:01 t_client.py:434 QUEUE SIZE: 0 (Must go: False)
DEBUG 2026-06-08 17:49:01 t_client.py:477 Control loop (ms): 163.73
DEBUG 2026-06-08 17:49:01 follower.py:184 follower_right SOFollower read state: 2.6ms
DEBUG 2026-06-08 17:49:01 follower.py:191 follower_right SOFollower read wrist: 0.0ms
DEBUG 2026-06-08 17:49:01 follower.py:184 follower_left SOFollower read state: 2.0ms
DEBUG 2026-06-08 17:49:01 follower.py:191 follower_left SOFollower read wrist: 0.0ms
DEBUG 2026-06-08 17:49:01 t_client.py:198 Observation serialization time: 0.009151s
DEBUG 2026-06-08 17:49:01 ort/utils.py:54 [CLIENT] Observation Buffer size 4.3954973220825195 MB with
DEBUG 2026-06-08 17:49:01 ort/utils.py:69 [CLIENT] Observation Sent 2097152/4609013 bytes with state 1
DEBUG 2026-06-08 17:49:01 t_client.py:292 Received actions on device: cpu
DEBUG 2026-06-08 17:49:01 t_client.py:302 Actions kept on device: cpu
DEBUG 2026-06-08 17:49:01 ort/utils.py:69 [CLIENT] Observation Sent 4194304/4609013 bytes with state 2
DEBUG 2026-06-08 17:49:01 ort/utils.py:69 [CLIENT] Observation Sent 4609013/4609013 bytes with state 3
DEBUG 2026-06-08 17:49:01 ort/utils.py:71 [CLIENT] Observation Published 4.3954973220825195 MB
DEBUG 2026-06-08 17:49:01 t_client.py:209 Sent observation #0 | 
DEBUG 2026-06-08 17:49:01 t_client.py:434 QUEUE SIZE: 0 (Must go: False)
DEBUG 2026-06-08 17:49:01 t_client.py:477 Control loop (ms): 135.54
DEBUG 2026-06-08 17:49:01 t_client.py:477 Control loop (ms): 1.40
DEBUG 2026-06-08 17:49:01 t_client.py:477 Control loop (ms): 1.44
DEBUG 2026-06-08 17:49:01 t_client.py:477 Control loop (ms): 1.60
DEBUG 2026-06-08 17:49:01 t_client.py:477 Control loop (ms): 1.33
DEBUG 2026-06-08 17:49:01 t_client.py:477 Control loop (ms): 1.99
DEBUG 2026-06-08 17:49:01 t_client.py:477 Control loop (ms): 2.16
DEBUG 2026-06-08 17:49:01 t_client.py:477 Control loop (ms): 2.12
DEBUG 2026-06-08 17:49:01 follower.py:184 follower_right SOFollower read state: 1.9ms
DEBUG 2026-06-08 17:49:01 follower.py:191 follower_right SOFollower read wrist: 0.0ms
DEBUG 2026-06-08 17:49:01 follower.py:184 follower_left SOFollower read state: 1.7ms
DEBUG 2026-06-08 17:49:01 follower.py:191 follower_left SOFollower read wrist: 0.0ms
DEBUG 2026-06-08 17:49:01 t_client.py:198 Observation serialization time: 0.007783s
DEBUG 2026-06-08 17:49:01 ort/utils.py:54 [CLIENT] Observation Buffer size 4.3954973220825195 MB with
DEBUG 2026-06-08 17:49:01 ort/utils.py:69 [CLIENT] Observation Sent 2097152/4609013 bytes with state 1
DEBUG 2026-06-08 17:49:01 ort/utils.py:69 [CLIENT] Observation Sent 4194304/4609013 bytes with state 2
DEBUG 2026-06-08 17:49:01 ort/utils.py:69 [CLIENT] Observation Sent 4609013/4609013 bytes with state 3
DEBUG 2026-06-08 17:49:01 ort/utils.py:71 [CLIENT] Observation Published 4.3954973220825195 MB
DEBUG 2026-06-08 17:49:01 t_client.py:209 Sent observation #7 | 
DEBUG 2026-06-08 17:49:01 t_client.py:434 QUEUE SIZE: 8 (Must go: False)
DEBUG 2026-06-08 17:49:01 t_client.py:477 Control loop (ms): 222.25
DEBUG 2026-06-08 17:49:02 follower.py:184 follower_right SOFollower read state: 1.7ms
DEBUG 2026-06-08 17:49:02 follower.py:191 follower_right SOFollower read wrist: 0.0ms
DEBUG 2026-06-08 17:49:02 follower.py:184 follower_left SOFollower read state: 1.6ms
DEBUG 2026-06-08 17:49:02 follower.py:191 follower_left SOFollower read wrist: 0.0ms
DEBUG 2026-06-08 17:49:02 t_client.py:198 Observation serialization time: 0.005736s
DEBUG 2026-06-08 17:49:02 ort/utils.py:54 [CLIENT] Observation Buffer size 4.3954973220825195 MB with
DEBUG 2026-06-08 17:49:02 ort/utils.py:69 [CLIENT] Observation Sent 2097152/4609013 bytes with state 1
DEBUG 2026-06-08 17:49:02 ort/utils.py:69 [CLIENT] Observation Sent 4194304/4609013 bytes with state 2
DEBUG 2026-06-08 17:49:02 ort/utils.py:69 [CLIENT] Observation Sent 4609013/4609013 bytes with state 3
DEBUG 2026-06-08 17:49:02 ort/utils.py:71 [CLIENT] Observation Published 4.3954973220825195 MB
DEBUG 2026-06-08 17:49:02 t_client.py:292 Received actions on device: cpu
DEBUG 2026-06-08 17:49:02 t_client.py:302 Actions kept on device: cpu
DEBUG 2026-06-08 17:49:02 t_client.py:209 Sent observation #8 | 
DEBUG 2026-06-08 17:49:02 t_client.py:434 QUEUE SIZE: 7 (Must go: False)
DEBUG 2026-06-08 17:49:02 t_client.py:477 Control loop (ms): 167.46
DEBUG 2026-06-08 17:49:02 t_client.py:477 Control loop (ms): 1.66
DEBUG 2026-06-08 17:49:02 t_client.py:477 Control loop (ms): 1.48
DEBUG 2026-06-08 17:49:02 t_client.py:477 Control loop (ms): 1.10
DEBUG 2026-06-08 17:49:02 t_client.py:292 Received actions on device: cpu
DEBUG 2026-06-08 17:49:02 t_client.py:302 Actions kept on device: cpu
DEBUG 2026-06-08 17:49:02 t_client.py:477 Control loop (ms): 1.27
DEBUG 2026-06-08 17:49:02 t_client.py:477 Control loop (ms): 1.57
DEBUG 2026-06-08 17:49:02 t_client.py:477 Control loop (ms): 1.95
DEBUG 2026-06-08 17:49:02 follower.py:184 follower_right SOFollower read state: 2.1ms
DEBUG 2026-06-08 17:49:02 follower.py:191 follower_right SOFollower read wrist: 0.0ms
DEBUG 2026-06-08 17:49:02 follower.py:184 follower_left SOFollower read state: 2.0ms
DEBUG 2026-06-08 17:49:02 follower.py:191 follower_left SOFollower read wrist: 0.0ms
DEBUG 2026-06-08 17:49:02 t_client.py:198 Observation serialization time: 0.009084s
DEBUG 2026-06-08 17:49:02 ort/utils.py:54 [CLIENT] Observation Buffer size 4.3954973220825195 MB with
DEBUG 2026-06-08 17:49:02 ort/utils.py:69 [CLIENT] Observation Sent 2097152/4609013 bytes with state 1
DEBUG 2026-06-08 17:49:02 ort/utils.py:69 [CLIENT] Observation Sent 4194304/4609013 bytes with state 2
DEBUG 2026-06-08 17:49:02 ort/utils.py:69 [CLIENT] Observation Sent 4609013/4609013 bytes with state 3
DEBUG 2026-06-08 17:49:02 ort/utils.py:71 [CLIENT] Observation Published 4.3954973220825195 MB
DEBUG 2026-06-08 17:49:02 t_client.py:209 Sent observation #15 | 
DEBUG 2026-06-08 17:49:02 t_client.py:434 QUEUE SIZE: 8 (Must go: False)
DEBUG 2026-06-08 17:49:02 t_client.py:477 Control loop (ms): 178.77
DEBUG 2026-06-08 17:49:02 follower.py:184 follower_right SOFollower read state: 1.9ms
DEBUG 2026-06-08 17:49:02 follower.py:191 follower_right SOFollower read wrist: 0.0ms
DEBUG 2026-06-08 17:49:02 follower.py:184 follower_left SOFollower read state: 1.8ms
DEBUG 2026-06-08 17:49:02 follower.py:191 follower_left SOFollower read wrist: 0.0ms
DEBUG 2026-06-08 17:49:02 t_client.py:198 Observation serialization time: 0.008255s
DEBUG 2026-06-08 17:49:02 ort/utils.py:54 [CLIENT] Observation Buffer size 4.3954973220825195 MB with
DEBUG 2026-06-08 17:49:02 ort/utils.py:69 [CLIENT] Observation Sent 2097152/4609013 bytes with state 1
DEBUG 2026-06-08 17:49:02 ort/utils.py:69 [CLIENT] Observation Sent 4194304/4609013 bytes with state 2
DEBUG 2026-06-08 17:49:02 ort/utils.py:69 [CLIENT] Observation Sent 4609013/4609013 bytes with state 3
DEBUG 2026-06-08 17:49:02 ort/utils.py:71 [CLIENT] Observation Published 4.3954973220825195 MB
DEBUG 2026-06-08 17:49:02 t_client.py:292 Received actions on device: cpu
DEBUG 2026-06-08 17:49:02 t_client.py:302 Actions kept on device: cpu
DEBUG 2026-06-08 17:49:02 t_client.py:209 Sent observation #16 | 
DEBUG 2026-06-08 17:49:02 t_client.py:434 QUEUE SIZE: 7 (Must go: False)
DEBUG 2026-06-08 17:49:02 t_client.py:477 Control loop (ms): 151.25
DEBUG 2026-06-08 17:49:02 t_client.py:477 Control loop (ms): 1.67
DEBUG 2026-06-08 17:49:02 t_client.py:477 Control loop (ms): 1.93
DEBUG 2026-06-08 17:49:02 t_client.py:477 Control loop (ms): 2.04
DEBUG 2026-06-08 17:49:02 t_client.py:292 Received actions on device: cpu
DEBUG 2026-06-08 17:49:02 t_client.py:302 Actions kept on device: cpu
DEBUG 2026-06-08 17:49:02 t_client.py:477 Control loop (ms): 1.51
DEBUG 2026-06-08 17:49:02 t_client.py:477 Control loop (ms): 1.76
DEBUG 2026-06-08 17:49:02 t_client.py:477 Control loop (ms): 2.50
DEBUG 2026-06-08 17:49:02 follower.py:184 follower_right SOFollower read state: 2.1ms
DEBUG 2026-06-08 17:49:02 follower.py:191 follower_right SOFollower read wrist: 0.0ms
DEBUG 2026-06-08 17:49:02 follower.py:184 follower_left SOFollower read state: 1.9ms
DEBUG 2026-06-08 17:49:02 follower.py:191 follower_left SOFollower read wrist: 0.0ms
DEBUG 2026-06-08 17:49:02 t_client.py:198 Observation serialization time: 0.011651s
DEBUG 2026-06-08 17:49:02 ort/utils.py:54 [CLIENT] Observation Buffer size 4.3954973220825195 MB with
DEBUG 2026-06-08 17:49:02 ort/utils.py:69 [CLIENT] Observation Sent 2097152/4609013 bytes with state 1
DEBUG 2026-06-08 17:49:02 ort/utils.py:69 [CLIENT] Observation Sent 4194304/4609013 bytes with state 2
DEBUG 2026-06-08 17:49:02 ort/utils.py:69 [CLIENT] Observation Sent 4609013/4609013 bytes with state 3
DEBUG 2026-06-08 17:49:02 ort/utils.py:71 [CLIENT] Observation Published 4.3954973220825195 MB
DEBUG 2026-06-08 17:49:03 t_client.py:209 Sent observation #23 | 
DEBUG 2026-06-08 17:49:03 t_client.py:434 QUEUE SIZE: 8 (Must go: False)
DEBUG 2026-06-08 17:49:03 t_client.py:477 Control loop (ms): 144.25
DEBUG 2026-06-08 17:49:03 follower.py:184 follower_right SOFollower read state: 2.1ms
DEBUG 2026-06-08 17:49:03 follower.py:191 follower_right SOFollower read wrist: 0.0ms
DEBUG 2026-06-08 17:49:03 follower.py:184 follower_left SOFollower read state: 2.3ms
DEBUG 2026-06-08 17:49:03 follower.py:191 follower_left SOFollower read wrist: 0.0ms
DEBUG 2026-06-08 17:49:03 t_client.py:198 Observation serialization time: 0.012957s
DEBUG 2026-06-08 17:49:03 ort/utils.py:54 [CLIENT] Observation Buffer size 4.3954973220825195 MB with
DEBUG 2026-06-08 17:49:03 ort/utils.py:69 [CLIENT] Observation Sent 2097152/4609013 bytes with state 1
DEBUG 2026-06-08 17:49:03 ort/utils.py:69 [CLIENT] Observation Sent 4194304/4609013 bytes with state 2
DEBUG 2026-06-08 17:49:03 ort/utils.py:69 [CLIENT] Observation Sent 4609013/4609013 bytes with state 3
DEBUG 2026-06-08 17:49:03 ort/utils.py:71 [CLIENT] Observation Published 4.3954973220825195 MB
DEBUG 2026-06-08 17:49:03 t_client.py:209 Sent observation #24 | 
DEBUG 2026-06-08 17:49:03 t_client.py:434 QUEUE SIZE: 7 (Must go: False)
DEBUG 2026-06-08 17:49:03 t_client.py:477 Control loop (ms): 130.73
DEBUG 2026-06-08 17:49:03 t_client.py:292 Received actions on device: cpu
DEBUG 2026-06-08 17:49:03 t_client.py:302 Actions kept on device: cpu
DEBUG 2026-06-08 17:49:03 follower.py:184 follower_right SOFollower read state: 1.8ms
DEBUG 2026-06-08 17:49:03 follower.py:191 follower_right SOFollower read wrist: 0.0ms
DEBUG 2026-06-08 17:49:03 follower.py:184 follower_left SOFollower read state: 1.5ms
DEBUG 2026-06-08 17:49:03 follower.py:191 follower_left SOFollower read wrist: 0.0ms
DEBUG 2026-06-08 17:49:03 t_client.py:198 Observation serialization time: 0.007956s
DEBUG 2026-06-08 17:49:03 ort/utils.py:54 [CLIENT] Observation Buffer size 4.3954973220825195 MB with
DEBUG 2026-06-08 17:49:03 ort/utils.py:69 [CLIENT] Observation Sent 2097152/4609013 bytes with state 1
DEBUG 2026-06-08 17:49:03 ort/utils.py:69 [CLIENT] Observation Sent 4194304/4609013 bytes with state 2
DEBUG 2026-06-08 17:49:03 ort/utils.py:69 [CLIENT] Observation Sent 4609013/4609013 bytes with state 3
DEBUG 2026-06-08 17:49:03 ort/utils.py:71 [CLIENT] Observation Published 4.3954973220825195 MB
DEBUG 2026-06-08 17:49:03 t_client.py:209 Sent observation #25 | 
DEBUG 2026-06-08 17:49:03 t_client.py:434 QUEUE SIZE: 14 (Must go: False)
DEBUG 2026-06-08 17:49:03 t_client.py:477 Control loop (ms): 118.98
DEBUG 2026-06-08 17:49:03 t_client.py:292 Received actions on device: cpu
DEBUG 2026-06-08 17:49:03 t_client.py:302 Actions kept on device: cpu
DEBUG 2026-06-08 17:49:03 t_client.py:477 Control loop (ms): 4.74
DEBUG 2026-06-08 17:49:03 t_client.py:477 Control loop (ms): 3.02
DEBUG 2026-06-08 17:49:03 t_client.py:477 Control loop (ms): 1.72
DEBUG 2026-06-08 17:49:03 t_client.py:292 Received actions on device: cpu
DEBUG 2026-06-08 17:49:03 t_client.py:302 Actions kept on device: cpu
DEBUG 2026-06-08 17:49:03 t_client.py:477 Control loop (ms): 1.99
DEBUG 2026-06-08 17:49:03 t_client.py:477 Control loop (ms): 1.94
DEBUG 2026-06-08 17:49:03 t_client.py:477 Control loop (ms): 1.71
DEBUG 2026-06-08 17:49:03 t_client.py:477 Control loop (ms): 2.10
DEBUG 2026-06-08 17:49:03 t_client.py:477 Control loop (ms): 2.00
DEBUG 2026-06-08 17:49:03 follower.py:184 follower_right SOFollower read state: 1.7ms
DEBUG 2026-06-08 17:49:03 follower.py:191 follower_right SOFollower read wrist: 0.0ms
DEBUG 2026-06-08 17:49:03 follower.py:184 follower_left SOFollower read state: 1.6ms
DEBUG 2026-06-08 17:49:03 follower.py:191 follower_left SOFollower read wrist: 0.0ms
DEBUG 2026-06-08 17:49:03 t_client.py:198 Observation serialization time: 0.004667s
DEBUG 2026-06-08 17:49:03 ort/utils.py:54 [CLIENT] Observation Buffer size 4.3954973220825195 MB with
DEBUG 2026-06-08 17:49:03 ort/utils.py:69 [CLIENT] Observation Sent 2097152/4609013 bytes with state 1
DEBUG 2026-06-08 17:49:03 ort/utils.py:69 [CLIENT] Observation Sent 4194304/4609013 bytes with state 2
DEBUG 2026-06-08 17:49:03 ort/utils.py:69 [CLIENT] Observation Sent 4609013/4609013 bytes with state 3
DEBUG 2026-06-08 17:49:03 ort/utils.py:71 [CLIENT] Observation Published 4.3954973220825195 MB
DEBUG 2026-06-08 17:49:03 t_client.py:209 Sent observation #32 | 
DEBUG 2026-06-08 17:49:03 t_client.py:434 QUEUE SIZE: 8 (Must go: False)
DEBUG 2026-06-08 17:49:03 t_client.py:477 Control loop (ms): 159.72
DEBUG 2026-06-08 17:49:03 follower.py:184 follower_right SOFollower read state: 1.5ms
DEBUG 2026-06-08 17:49:03 follower.py:191 follower_right SOFollower read wrist: 0.0ms
DEBUG 2026-06-08 17:49:03 follower.py:184 follower_left SOFollower read state: 1.5ms
DEBUG 2026-06-08 17:49:03 follower.py:191 follower_left SOFollower read wrist: 0.0ms
DEBUG 2026-06-08 17:49:03 t_client.py:198 Observation serialization time: 0.004668s
DEBUG 2026-06-08 17:49:03 ort/utils.py:54 [CLIENT] Observation Buffer size 4.3954973220825195 MB with
DEBUG 2026-06-08 17:49:03 ort/utils.py:69 [CLIENT] Observation Sent 2097152/4609013 bytes with state 1
DEBUG 2026-06-08 17:49:03 ort/utils.py:69 [CLIENT] Observation Sent 4194304/4609013 bytes with state 2
DEBUG 2026-06-08 17:49:03 ort/utils.py:69 [CLIENT] Observation Sent 4609013/4609013 bytes with state 3
DEBUG 2026-06-08 17:49:03 ort/utils.py:71 [CLIENT] Observation Published 4.3954973220825195 MB
DEBUG 2026-06-08 17:49:03 t_client.py:292 Received actions on device: cpu
DEBUG 2026-06-08 17:49:03 t_client.py:302 Actions kept on device: cpu
DEBUG 2026-06-08 17:49:03 t_client.py:209 Sent observation #33 | 
DEBUG 2026-06-08 17:49:03 t_client.py:434 QUEUE SIZE: 7 (Must go: False)
DEBUG 2026-06-08 17:49:03 t_client.py:477 Control loop (ms): 151.05
DEBUG 2026-06-08 17:49:03 t_client.py:477 Control loop (ms): 1.42
DEBUG 2026-06-08 17:49:03 t_client.py:477 Control loop (ms): 1.55
DEBUG 2026-06-08 17:49:03 t_client.py:477 Control loop (ms): 2.44
DEBUG 2026-06-08 17:49:03 t_client.py:292 Received actions on device: cpu
DEBUG 2026-06-08 17:49:03 t_client.py:302 Actions kept on device: cpu
DEBUG 2026-06-08 17:49:03 t_client.py:477 Control loop (ms): 2.57
DEBUG 2026-06-08 17:49:04 t_client.py:477 Control loop (ms): 2.59
DEBUG 2026-06-08 17:49:04 t_client.py:477 Control loop (ms): 2.09
DEBUG 2026-06-08 17:49:04 follower.py:184 follower_right SOFollower read state: 1.7ms
DEBUG 2026-06-08 17:49:04 follower.py:191 follower_right SOFollower read wrist: 0.0ms
DEBUG 2026-06-08 17:49:04 follower.py:184 follower_left SOFollower read state: 2.2ms
DEBUG 2026-06-08 17:49:04 follower.py:191 follower_left SOFollower read wrist: 0.0ms
DEBUG 2026-06-08 17:49:04 t_client.py:198 Observation serialization time: 0.009977s
DEBUG 2026-06-08 17:49:04 ort/utils.py:54 [CLIENT] Observation Buffer size 4.3954973220825195 MB with
DEBUG 2026-06-08 17:49:04 ort/utils.py:69 [CLIENT] Observation Sent 2097152/4609013 bytes with state 1
DEBUG 2026-06-08 17:49:04 ort/utils.py:69 [CLIENT] Observation Sent 4194304/4609013 bytes with state 2
DEBUG 2026-06-08 17:49:04 ort/utils.py:69 [CLIENT] Observation Sent 4609013/4609013 bytes with state 3
DEBUG 2026-06-08 17:49:04 ort/utils.py:71 [CLIENT] Observation Published 4.3954973220825195 MB
DEBUG 2026-06-08 17:49:04 t_client.py:209 Sent observation #40 | 
DEBUG 2026-06-08 17:49:04 t_client.py:434 QUEUE SIZE: 8 (Must go: False)
DEBUG 2026-06-08 17:49:04 t_client.py:477 Control loop (ms): 177.21
DEBUG 2026-06-08 17:49:04 follower.py:184 follower_right SOFollower read state: 1.4ms
DEBUG 2026-06-08 17:49:04 follower.py:191 follower_right SOFollower read wrist: 0.0ms
DEBUG 2026-06-08 17:49:04 follower.py:184 follower_left SOFollower read state: 1.6ms
DEBUG 2026-06-08 17:49:04 follower.py:191 follower_left SOFollower read wrist: 0.0ms
DEBUG 2026-06-08 17:49:04 t_client.py:198 Observation serialization time: 0.006000s
DEBUG 2026-06-08 17:49:04 ort/utils.py:54 [CLIENT] Observation Buffer size 4.3954973220825195 MB with
DEBUG 2026-06-08 17:49:04 ort/utils.py:69 [CLIENT] Observation Sent 2097152/4609013 bytes with state 1
DEBUG 2026-06-08 17:49:04 ort/utils.py:69 [CLIENT] Observation Sent 4194304/4609013 bytes with state 2
DEBUG 2026-06-08 17:49:04 ort/utils.py:69 [CLIENT] Observation Sent 4609013/4609013 bytes with state 3
DEBUG 2026-06-08 17:49:04 ort/utils.py:71 [CLIENT] Observation Published 4.3954973220825195 MB
DEBUG 2026-06-08 17:49:04 t_client.py:292 Received actions on device: cpu
DEBUG 2026-06-08 17:49:04 t_client.py:302 Actions kept on device: cpu
DEBUG 2026-06-08 17:49:04 t_client.py:209 Sent observation #41 | 
DEBUG 2026-06-08 17:49:04 t_client.py:434 QUEUE SIZE: 7 (Must go: False)
DEBUG 2026-06-08 17:49:04 t_client.py:477 Control loop (ms): 179.51
DEBUG 2026-06-08 17:49:04 t_client.py:477 Control loop (ms): 1.63
DEBUG 2026-06-08 17:49:04 t_client.py:477 Control loop (ms): 1.96
DEBUG 2026-06-08 17:49:04 t_client.py:477 Control loop (ms): 2.79
DEBUG 2026-06-08 17:49:04 t_client.py:292 Received actions on device: cpu
DEBUG 2026-06-08 17:49:04 t_client.py:302 Actions kept on device: cpu
DEBUG 2026-06-08 17:49:04 t_client.py:477 Control loop (ms): 2.13
DEBUG 2026-06-08 17:49:04 t_client.py:477 Control loop (ms): 2.07
DEBUG 2026-06-08 17:49:04 t_client.py:477 Control loop (ms): 2.98
DEBUG 2026-06-08 17:49:04 follower.py:184 follower_right SOFollower read state: 2.4ms
DEBUG 2026-06-08 17:49:04 follower.py:191 follower_right SOFollower read wrist: 0.0ms
DEBUG 2026-06-08 17:49:04 follower.py:184 follower_left SOFollower read state: 2.4ms
DEBUG 2026-06-08 17:49:04 follower.py:191 follower_left SOFollower read wrist: 0.0ms
DEBUG 2026-06-08 17:49:04 t_client.py:198 Observation serialization time: 0.011430s
DEBUG 2026-06-08 17:49:04 ort/utils.py:54 [CLIENT] Observation Buffer size 4.3954973220825195 MB with
DEBUG 2026-06-08 17:49:04 ort/utils.py:69 [CLIENT] Observation Sent 2097152/4609013 bytes with state 1
DEBUG 2026-06-08 17:49:04 ort/utils.py:69 [CLIENT] Observation Sent 4194304/4609013 bytes with state 2
DEBUG 2026-06-08 17:49:04 ort/utils.py:69 [CLIENT] Observation Sent 4609013/4609013 bytes with state 3
DEBUG 2026-06-08 17:49:04 ort/utils.py:71 [CLIENT] Observation Published 4.3954973220825195 MB
DEBUG 2026-06-08 17:49:04 t_client.py:209 Sent observation #48 | 
DEBUG 2026-06-08 17:49:04 t_client.py:434 QUEUE SIZE: 8 (Must go: False)
DEBUG 2026-06-08 17:49:04 t_client.py:477 Control loop (ms): 137.41
DEBUG 2026-06-08 17:49:04 follower.py:184 follower_right SOFollower read state: 2.6ms
DEBUG 2026-06-08 17:49:04 follower.py:191 follower_right SOFollower read wrist: 0.1ms
DEBUG 2026-06-08 17:49:04 follower.py:184 follower_left SOFollower read state: 3.7ms
DEBUG 2026-06-08 17:49:04 follower.py:191 follower_left SOFollower read wrist: 0.0ms
DEBUG 2026-06-08 17:49:04 t_client.py:198 Observation serialization time: 0.011710s
DEBUG 2026-06-08 17:49:04 ort/utils.py:54 [CLIENT] Observation Buffer size 4.3954973220825195 MB with
DEBUG 2026-06-08 17:49:04 ort/utils.py:69 [CLIENT] Observation Sent 2097152/4609013 bytes with state 1
DEBUG 2026-06-08 17:49:04 ort/utils.py:69 [CLIENT] Observation Sent 4194304/4609013 bytes with state 2
DEBUG 2026-06-08 17:49:04 ort/utils.py:69 [CLIENT] Observation Sent 4609013/4609013 bytes with state 3
DEBUG 2026-06-08 17:49:04 ort/utils.py:71 [CLIENT] Observation Published 4.3954973220825195 MB
DEBUG 2026-06-08 17:49:04 t_client.py:292 Received actions on device: cpu
DEBUG 2026-06-08 17:49:04 t_client.py:302 Actions kept on device: cpu
DEBUG 2026-06-08 17:49:04 t_client.py:209 Sent observation #49 | 
DEBUG 2026-06-08 17:49:04 t_client.py:434 QUEUE SIZE: 7 (Must go: False)
DEBUG 2026-06-08 17:49:04 t_client.py:477 Control loop (ms): 170.96
DEBUG 2026-06-08 17:49:04 t_client.py:477 Control loop (ms): 2.26
DEBUG 2026-06-08 17:49:04 t_client.py:477 Control loop (ms): 2.76
DEBUG 2026-06-08 17:49:05 t_client.py:477 Control loop (ms): 3.80
DEBUG 2026-06-08 17:49:05 t_client.py:292 Received actions on device: cpu
DEBUG 2026-06-08 17:49:05 t_client.py:302 Actions kept on device: cpu
DEBUG 2026-06-08 17:49:05 t_client.py:477 Control loop (ms): 2.65
DEBUG 2026-06-08 17:49:05 t_client.py:477 Control loop (ms): 2.88
DEBUG 2026-06-08 17:49:05 t_client.py:477 Control loop (ms): 2.99
DEBUG 2026-06-08 17:49:05 follower.py:184 follower_right SOFollower read state: 2.1ms
DEBUG 2026-06-08 17:49:05 follower.py:191 follower_right SOFollower read wrist: 0.0ms
DEBUG 2026-06-08 17:49:05 follower.py:184 follower_left SOFollower read state: 2.1ms
DEBUG 2026-06-08 17:49:05 follower.py:191 follower_left SOFollower read wrist: 0.0ms
DEBUG 2026-06-08 17:49:05 t_client.py:198 Observation serialization time: 0.012227s
DEBUG 2026-06-08 17:49:05 ort/utils.py:54 [CLIENT] Observation Buffer size 4.3954973220825195 MB with
DEBUG 2026-06-08 17:49:05 ort/utils.py:69 [CLIENT] Observation Sent 2097152/4609013 bytes with state 1
DEBUG 2026-06-08 17:49:05 ort/utils.py:69 [CLIENT] Observation Sent 4194304/4609013 bytes with state 2
DEBUG 2026-06-08 17:49:05 ort/utils.py:69 [CLIENT] Observation Sent 4609013/4609013 bytes with state 3
DEBUG 2026-06-08 17:49:05 ort/utils.py:71 [CLIENT] Observation Published 4.3954973220825195 MB
DEBUG 2026-06-08 17:49:05 t_client.py:209 Sent observation #56 | 
DEBUG 2026-06-08 17:49:05 t_client.py:434 QUEUE SIZE: 8 (Must go: False)
DEBUG 2026-06-08 17:49:05 t_client.py:477 Control loop (ms): 155.48
DEBUG 2026-06-08 17:49:05 follower.py:184 follower_right SOFollower read state: 2.1ms
DEBUG 2026-06-08 17:49:05 follower.py:191 follower_right SOFollower read wrist: 0.1ms
DEBUG 2026-06-08 17:49:05 follower.py:184 follower_left SOFollower read state: 1.7ms
DEBUG 2026-06-08 17:49:05 follower.py:191 follower_left SOFollower read wrist: 0.0ms
DEBUG 2026-06-08 17:49:05 t_client.py:198 Observation serialization time: 0.008228s
DEBUG 2026-06-08 17:49:05 ort/utils.py:54 [CLIENT] Observation Buffer size 4.3954973220825195 MB with
DEBUG 2026-06-08 17:49:05 ort/utils.py:69 [CLIENT] Observation Sent 2097152/4609013 bytes with state 1
DEBUG 2026-06-08 17:49:05 ort/utils.py:69 [CLIENT] Observation Sent 4194304/4609013 bytes with state 2
DEBUG 2026-06-08 17:49:05 ort/utils.py:69 [CLIENT] Observation Sent 4609013/4609013 bytes with state 3
DEBUG 2026-06-08 17:49:05 ort/utils.py:71 [CLIENT] Observation Published 4.3954973220825195 MB
DEBUG 2026-06-08 17:49:05 t_client.py:292 Received actions on device: cpu
DEBUG 2026-06-08 17:49:05 t_client.py:302 Actions kept on device: cpu
DEBUG 2026-06-08 17:49:05 t_client.py:209 Sent observation #57 | 
DEBUG 2026-06-08 17:49:05 t_client.py:434 QUEUE SIZE: 7 (Must go: False)
DEBUG 2026-06-08 17:49:05 t_client.py:477 Control loop (ms): 136.31
DEBUG 2026-06-08 17:49:05 t_client.py:477 Control loop (ms): 1.44
DEBUG 2026-06-08 17:49:05 t_client.py:477 Control loop (ms): 1.90
DEBUG 2026-06-08 17:49:05 t_client.py:477 Control loop (ms): 1.98
DEBUG 2026-06-08 17:49:05 t_client.py:292 Received actions on device: cpu
DEBUG 2026-06-08 17:49:05 t_client.py:302 Actions kept on device: cpu
DEBUG 2026-06-08 17:49:05 t_client.py:477 Control loop (ms): 1.51
DEBUG 2026-06-08 17:49:05 t_client.py:477 Control loop (ms): 2.12
DEBUG 2026-06-08 17:49:05 t_client.py:477 Control loop (ms): 2.12
DEBUG 2026-06-08 17:49:05 follower.py:184 follower_right SOFollower read state: 2.3ms
DEBUG 2026-06-08 17:49:05 follower.py:191 follower_right SOFollower read wrist: 0.0ms
DEBUG 2026-06-08 17:49:05 follower.py:184 follower_left SOFollower read state: 2.3ms
DEBUG 2026-06-08 17:49:05 follower.py:191 follower_left SOFollower read wrist: 0.0ms
DEBUG 2026-06-08 17:49:05 t_client.py:198 Observation serialization time: 0.008456s
DEBUG 2026-06-08 17:49:05 ort/utils.py:54 [CLIENT] Observation Buffer size 4.3954973220825195 MB with
DEBUG 2026-06-08 17:49:05 ort/utils.py:69 [CLIENT] Observation Sent 2097152/4609013 bytes with state 1
DEBUG 2026-06-08 17:49:05 ort/utils.py:69 [CLIENT] Observation Sent 4194304/4609013 bytes with state 2
DEBUG 2026-06-08 17:49:05 ort/utils.py:69 [CLIENT] Observation Sent 4609013/4609013 bytes with state 3
DEBUG 2026-06-08 17:49:05 ort/utils.py:71 [CLIENT] Observation Published 4.3954973220825195 MB
DEBUG 2026-06-08 17:49:05 t_client.py:209 Sent observation #64 | 
DEBUG 2026-06-08 17:49:05 t_client.py:434 QUEUE SIZE: 8 (Must go: False)
DEBUG 2026-06-08 17:49:05 t_client.py:477 Control loop (ms): 147.63
DEBUG 2026-06-08 17:49:05 follower.py:184 follower_right SOFollower read state: 1.8ms
DEBUG 2026-06-08 17:49:05 follower.py:191 follower_right SOFollower read wrist: 0.0ms
DEBUG 2026-06-08 17:49:05 follower.py:184 follower_left SOFollower read state: 1.7ms
DEBUG 2026-06-08 17:49:05 follower.py:191 follower_left SOFollower read wrist: 0.0ms
DEBUG 2026-06-08 17:49:05 t_client.py:198 Observation serialization time: 0.005182s
DEBUG 2026-06-08 17:49:05 ort/utils.py:54 [CLIENT] Observation Buffer size 4.3954973220825195 MB with
DEBUG 2026-06-08 17:49:05 ort/utils.py:69 [CLIENT] Observation Sent 2097152/4609013 bytes with state 1
DEBUG 2026-06-08 17:49:05 ort/utils.py:69 [CLIENT] Observation Sent 4194304/4609013 bytes with state 2
DEBUG 2026-06-08 17:49:05 ort/utils.py:69 [CLIENT] Observation Sent 4609013/4609013 bytes with state 3
DEBUG 2026-06-08 17:49:05 ort/utils.py:71 [CLIENT] Observation Published 4.3954973220825195 MB
DEBUG 2026-06-08 17:49:05 t_client.py:292 Received actions on device: cpu
DEBUG 2026-06-08 17:49:05 t_client.py:302 Actions kept on device: cpu
DEBUG 2026-06-08 17:49:05 t_client.py:209 Sent observation #65 | 
DEBUG 2026-06-08 17:49:05 t_client.py:434 QUEUE SIZE: 7 (Must go: False)
DEBUG 2026-06-08 17:49:05 t_client.py:477 Control loop (ms): 153.93
DEBUG 2026-06-08 17:49:05 t_client.py:477 Control loop (ms): 1.97
DEBUG 2026-06-08 17:49:05 t_client.py:477 Control loop (ms): 1.66
DEBUG 2026-06-08 17:49:06 t_client.py:477 Control loop (ms): 1.97
DEBUG 2026-06-08 17:49:06 t_client.py:292 Received actions on device: cpu
DEBUG 2026-06-08 17:49:06 t_client.py:302 Actions kept on device: cpu
DEBUG 2026-06-08 17:49:06 t_client.py:477 Control loop (ms): 5.12
DEBUG 2026-06-08 17:49:06 t_client.py:477 Control loop (ms): 2.46
DEBUG 2026-06-08 17:49:06 t_client.py:477 Control loop (ms): 2.33
DEBUG 2026-06-08 17:49:06 t_client.py:477 Control loop (ms): 1.81
DEBUG 2026-06-08 17:49:06 follower.py:184 follower_right SOFollower read state: 2.4ms
DEBUG 2026-06-08 17:49:06 follower.py:191 follower_right SOFollower read wrist: 0.0ms
DEBUG 2026-06-08 17:49:06 follower.py:184 follower_left SOFollower read state: 2.0ms
DEBUG 2026-06-08 17:49:06 follower.py:191 follower_left SOFollower read wrist: 0.0ms
DEBUG 2026-06-08 17:49:06 t_client.py:198 Observation serialization time: 0.006155s
DEBUG 2026-06-08 17:49:06 ort/utils.py:54 [CLIENT] Observation Buffer size 4.3954973220825195 MB with
DEBUG 2026-06-08 17:49:06 ort/utils.py:69 [CLIENT] Observation Sent 2097152/4609013 bytes with state 1
DEBUG 2026-06-08 17:49:06 ort/utils.py:69 [CLIENT] Observation Sent 4194304/4609013 bytes with state 2
DEBUG 2026-06-08 17:49:06 ort/utils.py:69 [CLIENT] Observation Sent 4609013/4609013 bytes with state 3
DEBUG 2026-06-08 17:49:06 ort/utils.py:71 [CLIENT] Observation Published 4.3954973220825195 MB
DEBUG 2026-06-08 17:49:06 t_client.py:209 Sent observation #72 | 
DEBUG 2026-06-08 17:49:06 t_client.py:434 QUEUE SIZE: 8 (Must go: False)
DEBUG 2026-06-08 17:49:06 t_client.py:477 Control loop (ms): 141.18
DEBUG 2026-06-08 17:49:06 follower.py:184 follower_right SOFollower read state: 2.2ms
DEBUG 2026-06-08 17:49:06 follower.py:191 follower_right SOFollower read wrist: 0.0ms
DEBUG 2026-06-08 17:49:06 follower.py:184 follower_left SOFollower read state: 2.9ms
DEBUG 2026-06-08 17:49:06 follower.py:191 follower_left SOFollower read wrist: 0.1ms
DEBUG 2026-06-08 17:49:06 t_client.py:198 Observation serialization time: 0.011581s
DEBUG 2026-06-08 17:49:06 ort/utils.py:54 [CLIENT] Observation Buffer size 4.3954973220825195 MB with
DEBUG 2026-06-08 17:49:06 ort/utils.py:69 [CLIENT] Observation Sent 2097152/4609013 bytes with state 1
DEBUG 2026-06-08 17:49:06 ort/utils.py:69 [CLIENT] Observation Sent 4194304/4609013 bytes with state 2
DEBUG 2026-06-08 17:49:06 ort/utils.py:69 [CLIENT] Observation Sent 4609013/4609013 bytes with state 3
DEBUG 2026-06-08 17:49:06 ort/utils.py:71 [CLIENT] Observation Published 4.3954973220825195 MB
DEBUG 2026-06-08 17:49:06 t_client.py:292 Received actions on device: cpu
DEBUG 2026-06-08 17:49:06 t_client.py:302 Actions kept on device: cpu
DEBUG 2026-06-08 17:49:06 t_client.py:209 Sent observation #73 | 
DEBUG 2026-06-08 17:49:06 t_client.py:434 QUEUE SIZE: 7 (Must go: False)
DEBUG 2026-06-08 17:49:06 t_client.py:477 Control loop (ms): 139.47
DEBUG 2026-06-08 17:49:06 t_client.py:477 Control loop (ms): 2.03
DEBUG 2026-06-08 17:49:06 t_client.py:477 Control loop (ms): 2.67
DEBUG 2026-06-08 17:49:06 t_client.py:477 Control loop (ms): 2.87
DEBUG 2026-06-08 17:49:06 t_client.py:292 Received actions on device: cpu
DEBUG 2026-06-08 17:49:06 t_client.py:302 Actions kept on device: cpu
DEBUG 2026-06-08 17:49:06 t_client.py:477 Control loop (ms): 2.47
DEBUG 2026-06-08 17:49:06 t_client.py:477 Control loop (ms): 2.77
DEBUG 2026-06-08 17:49:06 t_client.py:477 Control loop (ms): 6.79
DEBUG 2026-06-08 17:49:06 follower.py:184 follower_right SOFollower read state: 1.7ms
DEBUG 2026-06-08 17:49:06 follower.py:191 follower_right SOFollower read wrist: 0.0ms
DEBUG 2026-06-08 17:49:06 follower.py:184 follower_left SOFollower read state: 1.8ms
DEBUG 2026-06-08 17:49:06 follower.py:191 follower_left SOFollower read wrist: 0.0ms
DEBUG 2026-06-08 17:49:06 t_client.py:198 Observation serialization time: 0.006518s
DEBUG 2026-06-08 17:49:06 ort/utils.py:54 [CLIENT] Observation Buffer size 4.3954973220825195 MB with
DEBUG 2026-06-08 17:49:06 ort/utils.py:69 [CLIENT] Observation Sent 2097152/4609013 bytes with state 1
DEBUG 2026-06-08 17:49:06 ort/utils.py:69 [CLIENT] Observation Sent 4194304/4609013 bytes with state 2
DEBUG 2026-06-08 17:49:06 ort/utils.py:69 [CLIENT] Observation Sent 4609013/4609013 bytes with state 3
DEBUG 2026-06-08 17:49:06 ort/utils.py:71 [CLIENT] Observation Published 4.3954973220825195 MB
DEBUG 2026-06-08 17:49:06 t_client.py:209 Sent observation #80 | 
DEBUG 2026-06-08 17:49:06 t_client.py:434 QUEUE SIZE: 8 (Must go: False)
DEBUG 2026-06-08 17:49:06 t_client.py:477 Control loop (ms): 113.82
DEBUG 2026-06-08 17:49:06 follower.py:184 follower_right SOFollower read state: 1.7ms
DEBUG 2026-06-08 17:49:06 follower.py:191 follower_right SOFollower read wrist: 0.0ms
DEBUG 2026-06-08 17:49:06 follower.py:184 follower_left SOFollower read state: 1.5ms
DEBUG 2026-06-08 17:49:06 follower.py:191 follower_left SOFollower read wrist: 0.0ms
DEBUG 2026-06-08 17:49:06 t_client.py:198 Observation serialization time: 0.005024s
DEBUG 2026-06-08 17:49:06 ort/utils.py:54 [CLIENT] Observation Buffer size 4.3954973220825195 MB with
DEBUG 2026-06-08 17:49:06 ort/utils.py:69 [CLIENT] Observation Sent 2097152/4609013 bytes with state 1
DEBUG 2026-06-08 17:49:06 ort/utils.py:69 [CLIENT] Observation Sent 4194304/4609013 bytes with state 2
DEBUG 2026-06-08 17:49:06 ort/utils.py:69 [CLIENT] Observation Sent 4609013/4609013 bytes with state 3
DEBUG 2026-06-08 17:49:06 ort/utils.py:71 [CLIENT] Observation Published 4.3954973220825195 MB
DEBUG 2026-06-08 17:49:06 t_client.py:292 Received actions on device: cpu
DEBUG 2026-06-08 17:49:06 t_client.py:302 Actions kept on device: cpu
DEBUG 2026-06-08 17:49:06 t_client.py:209 Sent observation #81 | 
DEBUG 2026-06-08 17:49:06 t_client.py:434 QUEUE SIZE: 7 (Must go: False)
DEBUG 2026-06-08 17:49:06 t_client.py:477 Control loop (ms): 117.62
DEBUG 2026-06-08 17:49:06 t_client.py:477 Control loop (ms): 1.05
DEBUG 2026-06-08 17:49:06 t_client.py:477 Control loop (ms): 1.75
DEBUG 2026-06-08 17:49:06 t_client.py:477 Control loop (ms): 1.47
DEBUG 2026-06-08 17:49:06 t_client.py:477 Control loop (ms): 2.51
DEBUG 2026-06-08 17:49:07 t_client.py:292 Received actions on device: cpu
DEBUG 2026-06-08 17:49:07 t_client.py:302 Actions kept on device: cpu
DEBUG 2026-06-08 17:49:07 t_client.py:477 Control loop (ms): 1.64
DEBUG 2026-06-08 17:49:07 t_client.py:477 Control loop (ms): 1.95
DEBUG 2026-06-08 17:49:07 follower.py:184 follower_right SOFollower read state: 1.8ms
DEBUG 2026-06-08 17:49:07 follower.py:191 follower_right SOFollower read wrist: 0.0ms
DEBUG 2026-06-08 17:49:07 follower.py:184 follower_left SOFollower read state: 1.7ms
DEBUG 2026-06-08 17:49:07 follower.py:191 follower_left SOFollower read wrist: 0.0ms
DEBUG 2026-06-08 17:49:07 t_client.py:198 Observation serialization time: 0.006004s
DEBUG 2026-06-08 17:49:07 ort/utils.py:54 [CLIENT] Observation Buffer size 4.3954973220825195 MB with
DEBUG 2026-06-08 17:49:07 ort/utils.py:69 [CLIENT] Observation Sent 2097152/4609013 bytes with state 1
DEBUG 2026-06-08 17:49:07 ort/utils.py:69 [CLIENT] Observation Sent 4194304/4609013 bytes with state 2
DEBUG 2026-06-08 17:49:07 ort/utils.py:69 [CLIENT] Observation Sent 4609013/4609013 bytes with state 3
DEBUG 2026-06-08 17:49:07 ort/utils.py:71 [CLIENT] Observation Published 4.3954973220825195 MB
DEBUG 2026-06-08 17:49:07 t_client.py:209 Sent observation #88 | 
DEBUG 2026-06-08 17:49:07 t_client.py:434 QUEUE SIZE: 8 (Must go: False)
DEBUG 2026-06-08 17:49:07 t_client.py:477 Control loop (ms): 106.31
DEBUG 2026-06-08 17:49:07 follower.py:184 follower_right SOFollower read state: 1.7ms
DEBUG 2026-06-08 17:49:07 follower.py:191 follower_right SOFollower read wrist: 0.0ms
DEBUG 2026-06-08 17:49:07 follower.py:184 follower_left SOFollower read state: 1.7ms
DEBUG 2026-06-08 17:49:07 follower.py:191 follower_left SOFollower read wrist: 0.0ms
DEBUG 2026-06-08 17:49:07 t_client.py:198 Observation serialization time: 0.009643s
DEBUG 2026-06-08 17:49:07 ort/utils.py:54 [CLIENT] Observation Buffer size 4.3954973220825195 MB with
DEBUG 2026-06-08 17:49:07 ort/utils.py:69 [CLIENT] Observation Sent 2097152/4609013 bytes with state 1
DEBUG 2026-06-08 17:49:07 ort/utils.py:69 [CLIENT] Observation Sent 4194304/4609013 bytes with state 2
DEBUG 2026-06-08 17:49:07 ort/utils.py:69 [CLIENT] Observation Sent 4609013/4609013 bytes with state 3
DEBUG 2026-06-08 17:49:07 ort/utils.py:71 [CLIENT] Observation Published 4.3954973220825195 MB
DEBUG 2026-06-08 17:49:07 t_client.py:292 Received actions on device: cpu
DEBUG 2026-06-08 17:49:07 t_client.py:302 Actions kept on device: cpu
DEBUG 2026-06-08 17:49:07 t_client.py:209 Sent observation #89 | 
DEBUG 2026-06-08 17:49:07 t_client.py:434 QUEUE SIZE: 7 (Must go: False)
DEBUG 2026-06-08 17:49:07 t_client.py:477 Control loop (ms): 126.77
DEBUG 2026-06-08 17:49:07 t_client.py:477 Control loop (ms): 1.11
DEBUG 2026-06-08 17:49:07 t_client.py:477 Control loop (ms): 1.49
DEBUG 2026-06-08 17:49:07 t_client.py:477 Control loop (ms): 2.13
DEBUG 2026-06-08 17:49:07 t_client.py:292 Received actions on device: cpu
DEBUG 2026-06-08 17:49:07 t_client.py:302 Actions kept on device: cpu
DEBUG 2026-06-08 17:49:07 t_client.py:477 Control loop (ms): 1.02
DEBUG 2026-06-08 17:49:07 t_client.py:477 Control loop (ms): 1.97
DEBUG 2026-06-08 17:49:07 t_client.py:477 Control loop (ms): 1.93
DEBUG 2026-06-08 17:49:07 follower.py:184 follower_right SOFollower read state: 2.3ms
DEBUG 2026-06-08 17:49:07 follower.py:191 follower_right SOFollower read wrist: 0.0ms
DEBUG 2026-06-08 17:49:07 follower.py:184 follower_left SOFollower read state: 2.1ms
DEBUG 2026-06-08 17:49:07 follower.py:191 follower_left SOFollower read wrist: 0.0ms
DEBUG 2026-06-08 17:49:07 t_client.py:198 Observation serialization time: 0.006824s
DEBUG 2026-06-08 17:49:07 ort/utils.py:54 [CLIENT] Observation Buffer size 4.3954973220825195 MB with
DEBUG 2026-06-08 17:49:07 ort/utils.py:69 [CLIENT] Observation Sent 2097152/4609013 bytes with state 1
DEBUG 2026-06-08 17:49:07 ort/utils.py:69 [CLIENT] Observation Sent 4194304/4609013 bytes with state 2
DEBUG 2026-06-08 17:49:07 ort/utils.py:69 [CLIENT] Observation Sent 4609013/4609013 bytes with state 3
DEBUG 2026-06-08 17:49:07 ort/utils.py:71 [CLIENT] Observation Published 4.3954973220825195 MB
DEBUG 2026-06-08 17:49:07 t_client.py:209 Sent observation #96 | 
DEBUG 2026-06-08 17:49:07 t_client.py:434 QUEUE SIZE: 8 (Must go: False)
DEBUG 2026-06-08 17:49:07 t_client.py:477 Control loop (ms): 140.60
DEBUG 2026-06-08 17:49:07 follower.py:184 follower_right SOFollower read state: 1.8ms
DEBUG 2026-06-08 17:49:07 follower.py:191 follower_right SOFollower read wrist: 0.0ms
DEBUG 2026-06-08 17:49:07 follower.py:184 follower_left SOFollower read state: 2.0ms
DEBUG 2026-06-08 17:49:07 follower.py:191 follower_left SOFollower read wrist: 0.0ms
DEBUG 2026-06-08 17:49:07 t_client.py:198 Observation serialization time: 0.006235s
DEBUG 2026-06-08 17:49:07 ort/utils.py:54 [CLIENT] Observation Buffer size 4.3954973220825195 MB with
DEBUG 2026-06-08 17:49:07 ort/utils.py:69 [CLIENT] Observation Sent 2097152/4609013 bytes with state 1
DEBUG 2026-06-08 17:49:07 ort/utils.py:69 [CLIENT] Observation Sent 4194304/4609013 bytes with state 2
DEBUG 2026-06-08 17:49:07 ort/utils.py:69 [CLIENT] Observation Sent 4609013/4609013 bytes with state 3
DEBUG 2026-06-08 17:49:07 ort/utils.py:71 [CLIENT] Observation Published 4.3954973220825195 MB
DEBUG 2026-06-08 17:49:07 t_client.py:292 Received actions on device: cpu
DEBUG 2026-06-08 17:49:07 t_client.py:302 Actions kept on device: cpu
DEBUG 2026-06-08 17:49:07 t_client.py:209 Sent observation #97 | 
DEBUG 2026-06-08 17:49:07 t_client.py:434 QUEUE SIZE: 7 (Must go: False)
DEBUG 2026-06-08 17:49:07 t_client.py:477 Control loop (ms): 137.05
DEBUG 2026-06-08 17:49:07 t_client.py:477 Control loop (ms): 1.41
DEBUG 2026-06-08 17:49:07 t_client.py:477 Control loop (ms): 2.29
DEBUG 2026-06-08 17:49:07 t_client.py:477 Control loop (ms): 2.05
DEBUG 2026-06-08 17:49:07 t_client.py:292 Received actions on device: cpu
DEBUG 2026-06-08 17:49:07 t_client.py:302 Actions kept on device: cpu
DEBUG 2026-06-08 17:49:07 t_client.py:477 Control loop (ms): 1.90
DEBUG 2026-06-08 17:49:07 t_client.py:477 Control loop (ms): 2.07
DEBUG 2026-06-08 17:49:07 t_client.py:477 Control loop (ms): 1.69
DEBUG 2026-06-08 17:49:08 follower.py:184 follower_right SOFollower read state: 1.5ms
DEBUG 2026-06-08 17:49:08 follower.py:191 follower_right SOFollower read wrist: 0.0ms
DEBUG 2026-06-08 17:49:08 follower.py:184 follower_left SOFollower read state: 1.5ms
DEBUG 2026-06-08 17:49:08 follower.py:191 follower_left SOFollower read wrist: 0.0ms
DEBUG 2026-06-08 17:49:08 t_client.py:198 Observation serialization time: 0.009452s
DEBUG 2026-06-08 17:49:08 ort/utils.py:54 [CLIENT] Observation Buffer size 4.3954973220825195 MB with
DEBUG 2026-06-08 17:49:08 ort/utils.py:69 [CLIENT] Observation Sent 2097152/4609013 bytes with state 1
DEBUG 2026-06-08 17:49:08 ort/utils.py:69 [CLIENT] Observation Sent 4194304/4609013 bytes with state 2
DEBUG 2026-06-08 17:49:08 ort/utils.py:69 [CLIENT] Observation Sent 4609013/4609013 bytes with state 3
DEBUG 2026-06-08 17:49:08 ort/utils.py:71 [CLIENT] Observation Published 4.3954973220825195 MB
DEBUG 2026-06-08 17:49:08 t_client.py:209 Sent observation #104 | 
DEBUG 2026-06-08 17:49:08 t_client.py:434 QUEUE SIZE: 8 (Must go: False)
DEBUG 2026-06-08 17:49:08 t_client.py:477 Control loop (ms): 110.34
DEBUG 2026-06-08 17:49:08 follower.py:184 follower_right SOFollower read state: 1.9ms
DEBUG 2026-06-08 17:49:08 follower.py:191 follower_right SOFollower read wrist: 0.0ms
DEBUG 2026-06-08 17:49:08 follower.py:184 follower_left SOFollower read state: 1.9ms
DEBUG 2026-06-08 17:49:08 follower.py:191 follower_left SOFollower read wrist: 0.0ms
DEBUG 2026-06-08 17:49:08 t_client.py:198 Observation serialization time: 0.008705s
DEBUG 2026-06-08 17:49:08 ort/utils.py:54 [CLIENT] Observation Buffer size 4.3954973220825195 MB with
DEBUG 2026-06-08 17:49:08 ort/utils.py:69 [CLIENT] Observation Sent 2097152/4609013 bytes with state 1
DEBUG 2026-06-08 17:49:08 ort/utils.py:69 [CLIENT] Observation Sent 4194304/4609013 bytes with state 2
DEBUG 2026-06-08 17:49:08 ort/utils.py:69 [CLIENT] Observation Sent 4609013/4609013 bytes with state 3
DEBUG 2026-06-08 17:49:08 ort/utils.py:71 [CLIENT] Observation Published 4.3954973220825195 MB
DEBUG 2026-06-08 17:49:08 t_client.py:209 Sent observation #105 | 
DEBUG 2026-06-08 17:49:08 t_client.py:434 QUEUE SIZE: 7 (Must go: False)
DEBUG 2026-06-08 17:49:08 t_client.py:477 Control loop (ms): 155.40
DEBUG 2026-06-08 17:49:08 follower.py:184 follower_right SOFollower read state: 2.1ms
DEBUG 2026-06-08 17:49:08 follower.py:191 follower_right SOFollower read wrist: 0.0ms
DEBUG 2026-06-08 17:49:08 t_client.py:292 Received actions on device: cpu
DEBUG 2026-06-08 17:49:08 t_client.py:302 Actions kept on device: cpu
DEBUG 2026-06-08 17:49:08 follower.py:184 follower_left SOFollower read state: 4.5ms
DEBUG 2026-06-08 17:49:08 follower.py:191 follower_left SOFollower read wrist: 0.0ms
DEBUG 2026-06-08 17:49:08 t_client.py:198 Observation serialization time: 0.006175s
DEBUG 2026-06-08 17:49:08 ort/utils.py:54 [CLIENT] Observation Buffer size 4.3954973220825195 MB with
DEBUG 2026-06-08 17:49:08 ort/utils.py:69 [CLIENT] Observation Sent 2097152/4609013 bytes with state 1
DEBUG 2026-06-08 17:49:08 ort/utils.py:69 [CLIENT] Observation Sent 4194304/4609013 bytes with state 2
DEBUG 2026-06-08 17:49:08 ort/utils.py:69 [CLIENT] Observation Sent 4609013/4609013 bytes with state 3
DEBUG 2026-06-08 17:49:08 ort/utils.py:71 [CLIENT] Observation Published 4.3954973220825195 MB
DEBUG 2026-06-08 17:49:08 t_client.py:209 Sent observation #106 | 
DEBUG 2026-06-08 17:49:08 t_client.py:434 QUEUE SIZE: 6 (Must go: False)
DEBUG 2026-06-08 17:49:08 t_client.py:477 Control loop (ms): 138.09
DEBUG 2026-06-08 17:49:08 t_client.py:292 Received actions on device: cpu
DEBUG 2026-06-08 17:49:08 t_client.py:477 Control loop (ms): 4.04
DEBUG 2026-06-08 17:49:08 t_client.py:302 Actions kept on device: cpu
DEBUG 2026-06-08 17:49:08 t_client.py:477 Control loop (ms): 2.02
DEBUG 2026-06-08 17:49:08 t_client.py:477 Control loop (ms): 1.79
DEBUG 2026-06-08 17:49:08 t_client.py:477 Control loop (ms): 2.10
DEBUG 2026-06-08 17:49:08 t_client.py:292 Received actions on device: cpu
DEBUG 2026-06-08 17:49:08 t_client.py:302 Actions kept on device: cpu
DEBUG 2026-06-08 17:49:08 t_client.py:477 Control loop (ms): 1.81
DEBUG 2026-06-08 17:49:08 t_client.py:477 Control loop (ms): 1.95
DEBUG 2026-06-08 17:49:08 follower.py:184 follower_right SOFollower read state: 1.7ms
DEBUG 2026-06-08 17:49:08 follower.py:191 follower_right SOFollower read wrist: 0.0ms
DEBUG 2026-06-08 17:49:08 follower.py:184 follower_left SOFollower read state: 1.8ms
DEBUG 2026-06-08 17:49:08 follower.py:191 follower_left SOFollower read wrist: 0.0ms
DEBUG 2026-06-08 17:49:08 t_client.py:198 Observation serialization time: 0.006845s
DEBUG 2026-06-08 17:49:08 ort/utils.py:54 [CLIENT] Observation Buffer size 4.3954973220825195 MB with
DEBUG 2026-06-08 17:49:08 ort/utils.py:69 [CLIENT] Observation Sent 2097152/4609013 bytes with state 1
DEBUG 2026-06-08 17:49:08 ort/utils.py:69 [CLIENT] Observation Sent 4194304/4609013 bytes with state 2
DEBUG 2026-06-08 17:49:08 ort/utils.py:69 [CLIENT] Observation Sent 4609013/4609013 bytes with state 3
DEBUG 2026-06-08 17:49:08 ort/utils.py:71 [CLIENT] Observation Published 4.3954973220825195 MB
DEBUG 2026-06-08 17:49:08 t_client.py:209 Sent observation #113 | 
DEBUG 2026-06-08 17:49:08 t_client.py:434 QUEUE SIZE: 8 (Must go: False)
DEBUG 2026-06-08 17:49:08 t_client.py:477 Control loop (ms): 248.11
DEBUG 2026-06-08 17:49:08 follower.py:184 follower_right SOFollower read state: 1.8ms
DEBUG 2026-06-08 17:49:08 follower.py:191 follower_right SOFollower read wrist: 0.0ms
DEBUG 2026-06-08 17:49:08 follower.py:184 follower_left SOFollower read state: 1.7ms
DEBUG 2026-06-08 17:49:08 follower.py:191 follower_left SOFollower read wrist: 0.0ms
DEBUG 2026-06-08 17:49:08 t_client.py:198 Observation serialization time: 0.005583s
DEBUG 2026-06-08 17:49:08 ort/utils.py:54 [CLIENT] Observation Buffer size 4.3954973220825195 MB with
DEBUG 2026-06-08 17:49:08 ort/utils.py:69 [CLIENT] Observation Sent 2097152/4609013 bytes with state 1
DEBUG 2026-06-08 17:49:08 ort/utils.py:69 [CLIENT] Observation Sent 4194304/4609013 bytes with state 2
DEBUG 2026-06-08 17:49:08 ort/utils.py:69 [CLIENT] Observation Sent 4609013/4609013 bytes with state 3
DEBUG 2026-06-08 17:49:08 ort/utils.py:71 [CLIENT] Observation Published 4.3954973220825195 MB
DEBUG 2026-06-08 17:49:08 t_client.py:292 Received actions on device: cpu
DEBUG 2026-06-08 17:49:08 t_client.py:302 Actions kept on device: cpu
DEBUG 2026-06-08 17:49:09 t_client.py:209 Sent observation #114 | 
DEBUG 2026-06-08 17:49:09 t_client.py:434 QUEUE SIZE: 7 (Must go: False)
DEBUG 2026-06-08 17:49:09 t_client.py:477 Control loop (ms): 151.32
DEBUG 2026-06-08 17:49:09 t_client.py:477 Control loop (ms): 1.73
DEBUG 2026-06-08 17:49:09 t_client.py:477 Control loop (ms): 1.61
DEBUG 2026-06-08 17:49:09 t_client.py:477 Control loop (ms): 2.57
DEBUG 2026-06-08 17:49:09 t_client.py:292 Received actions on device: cpu
DEBUG 2026-06-08 17:49:09 t_client.py:302 Actions kept on device: cpu
DEBUG 2026-06-08 17:49:09 t_client.py:477 Control loop (ms): 2.01
DEBUG 2026-06-08 17:49:09 t_client.py:477 Control loop (ms): 1.79
DEBUG 2026-06-08 17:49:09 t_client.py:477 Control loop (ms): 2.08
DEBUG 2026-06-08 17:49:09 follower.py:184 follower_right SOFollower read state: 2.4ms
DEBUG 2026-06-08 17:49:09 follower.py:191 follower_right SOFollower read wrist: 0.1ms
DEBUG 2026-06-08 17:49:09 follower.py:184 follower_left SOFollower read state: 2.1ms
DEBUG 2026-06-08 17:49:09 follower.py:191 follower_left SOFollower read wrist: 0.0ms
DEBUG 2026-06-08 17:49:09 t_client.py:198 Observation serialization time: 0.007129s
DEBUG 2026-06-08 17:49:09 ort/utils.py:54 [CLIENT] Observation Buffer size 4.3954973220825195 MB with
DEBUG 2026-06-08 17:49:09 ort/utils.py:69 [CLIENT] Observation Sent 2097152/4609013 bytes with state 1
DEBUG 2026-06-08 17:49:09 ort/utils.py:69 [CLIENT] Observation Sent 4194304/4609013 bytes with state 2
DEBUG 2026-06-08 17:49:09 ort/utils.py:69 [CLIENT] Observation Sent 4609013/4609013 bytes with state 3
DEBUG 2026-06-08 17:49:09 ort/utils.py:71 [CLIENT] Observation Published 4.3954973220825195 MB
DEBUG 2026-06-08 17:49:09 t_client.py:209 Sent observation #121 | 
DEBUG 2026-06-08 17:49:09 t_client.py:434 QUEUE SIZE: 8 (Must go: False)
DEBUG 2026-06-08 17:49:09 t_client.py:477 Control loop (ms): 201.46
DEBUG 2026-06-08 17:49:09 follower.py:184 follower_right SOFollower read state: 1.8ms
DEBUG 2026-06-08 17:49:09 follower.py:191 follower_right SOFollower read wrist: 0.0ms
DEBUG 2026-06-08 17:49:09 follower.py:184 follower_left SOFollower read state: 1.7ms
DEBUG 2026-06-08 17:49:09 follower.py:191 follower_left SOFollower read wrist: 0.0ms
DEBUG 2026-06-08 17:49:09 t_client.py:198 Observation serialization time: 0.005188s
DEBUG 2026-06-08 17:49:09 ort/utils.py:54 [CLIENT] Observation Buffer size 4.3954973220825195 MB with
DEBUG 2026-06-08 17:49:09 ort/utils.py:69 [CLIENT] Observation Sent 2097152/4609013 bytes with state 1
DEBUG 2026-06-08 17:49:09 t_client.py:292 Received actions on device: cpu
DEBUG 2026-06-08 17:49:09 t_client.py:302 Actions kept on device: cpu
DEBUG 2026-06-08 17:49:09 ort/utils.py:69 [CLIENT] Observation Sent 4194304/4609013 bytes with state 2
DEBUG 2026-06-08 17:49:09 ort/utils.py:69 [CLIENT] Observation Sent 4609013/4609013 bytes with state 3
DEBUG 2026-06-08 17:49:09 ort/utils.py:71 [CLIENT] Observation Published 4.3954973220825195 MB
DEBUG 2026-06-08 17:49:09 t_client.py:209 Sent observation #122 | 
DEBUG 2026-06-08 17:49:09 t_client.py:434 QUEUE SIZE: 7 (Must go: False)
DEBUG 2026-06-08 17:49:09 t_client.py:477 Control loop (ms): 149.03
DEBUG 2026-06-08 17:49:09 t_client.py:477 Control loop (ms): 1.49
DEBUG 2026-06-08 17:49:09 t_client.py:477 Control loop (ms): 1.54
DEBUG 2026-06-08 17:49:09 t_client.py:477 Control loop (ms): 1.94
DEBUG 2026-06-08 17:49:09 t_client.py:292 Received actions on device: cpu
DEBUG 2026-06-08 17:49:09 t_client.py:302 Actions kept on device: cpu
DEBUG 2026-06-08 17:49:09 t_client.py:477 Control loop (ms): 1.30
DEBUG 2026-06-08 17:49:09 t_client.py:477 Control loop (ms): 2.26
DEBUG 2026-06-08 17:49:09 t_client.py:477 Control loop (ms): 2.14
DEBUG 2026-06-08 17:49:09 follower.py:184 follower_right SOFollower read state: 2.1ms
DEBUG 2026-06-08 17:49:09 follower.py:191 follower_right SOFollower read wrist: 0.0ms
DEBUG 2026-06-08 17:49:09 follower.py:184 follower_left SOFollower read state: 1.8ms
DEBUG 2026-06-08 17:49:09 follower.py:191 follower_left SOFollower read wrist: 0.0ms
DEBUG 2026-06-08 17:49:09 t_client.py:198 Observation serialization time: 0.007505s
DEBUG 2026-06-08 17:49:09 ort/utils.py:54 [CLIENT] Observation Buffer size 4.3954973220825195 MB with
DEBUG 2026-06-08 17:49:09 ort/utils.py:69 [CLIENT] Observation Sent 2097152/4609013 bytes with state 1
DEBUG 2026-06-08 17:49:09 ort/utils.py:69 [CLIENT] Observation Sent 4194304/4609013 bytes with state 2
DEBUG 2026-06-08 17:49:09 ort/utils.py:69 [CLIENT] Observation Sent 4609013/4609013 bytes with state 3
DEBUG 2026-06-08 17:49:09 ort/utils.py:71 [CLIENT] Observation Published 4.3954973220825195 MB
DEBUG 2026-06-08 17:49:09 t_client.py:209 Sent observation #129 | 
DEBUG 2026-06-08 17:49:09 t_client.py:434 QUEUE SIZE: 8 (Must go: False)
DEBUG 2026-06-08 17:49:09 t_client.py:477 Control loop (ms): 142.03
DEBUG 2026-06-08 17:49:09 follower.py:184 follower_right SOFollower read state: 1.8ms
DEBUG 2026-06-08 17:49:09 follower.py:191 follower_right SOFollower read wrist: 0.0ms
DEBUG 2026-06-08 17:49:09 follower.py:184 follower_left SOFollower read state: 1.8ms
DEBUG 2026-06-08 17:49:09 follower.py:191 follower_left SOFollower read wrist: 0.0ms
DEBUG 2026-06-08 17:49:09 t_client.py:198 Observation serialization time: 0.005415s
DEBUG 2026-06-08 17:49:09 ort/utils.py:54 [CLIENT] Observation Buffer size 4.3954973220825195 MB with
DEBUG 2026-06-08 17:49:09 ort/utils.py:69 [CLIENT] Observation Sent 2097152/4609013 bytes with state 1
DEBUG 2026-06-08 17:49:09 ort/utils.py:69 [CLIENT] Observation Sent 4194304/4609013 bytes with state 2
DEBUG 2026-06-08 17:49:09 ort/utils.py:69 [CLIENT] Observation Sent 4609013/4609013 bytes with state 3
DEBUG 2026-06-08 17:49:09 ort/utils.py:71 [CLIENT] Observation Published 4.3954973220825195 MB
DEBUG 2026-06-08 17:49:10 t_client.py:292 Received actions on device: cpu
DEBUG 2026-06-08 17:49:10 t_client.py:302 Actions kept on device: cpu
DEBUG 2026-06-08 17:49:10 t_client.py:209 Sent observation #130 | 
DEBUG 2026-06-08 17:49:10 t_client.py:434 QUEUE SIZE: 7 (Must go: False)
DEBUG 2026-06-08 17:49:10 t_client.py:477 Control loop (ms): 148.69
DEBUG 2026-06-08 17:49:10 t_client.py:477 Control loop (ms): 1.92
DEBUG 2026-06-08 17:49:10 t_client.py:477 Control loop (ms): 1.38
DEBUG 2026-06-08 17:49:10 t_client.py:477 Control loop (ms): 1.04
DEBUG 2026-06-08 17:49:10 t_client.py:477 Control loop (ms): 2.92
DEBUG 2026-06-08 17:49:10 t_client.py:292 Received actions on device: cpu
DEBUG 2026-06-08 17:49:10 t_client.py:302 Actions kept on device: cpu
DEBUG 2026-06-08 17:49:10 t_client.py:477 Control loop (ms): 1.54
DEBUG 2026-06-08 17:49:10 t_client.py:477 Control loop (ms): 1.29
DEBUG 2026-06-08 17:49:10 follower.py:184 follower_right SOFollower read state: 1.9ms
DEBUG 2026-06-08 17:49:10 follower.py:191 follower_right SOFollower read wrist: 0.0ms
DEBUG 2026-06-08 17:49:10 follower.py:184 follower_left SOFollower read state: 1.9ms
DEBUG 2026-06-08 17:49:10 follower.py:191 follower_left SOFollower read wrist: 0.0ms
DEBUG 2026-06-08 17:49:10 t_client.py:198 Observation serialization time: 0.011592s
DEBUG 2026-06-08 17:49:10 ort/utils.py:54 [CLIENT] Observation Buffer size 4.3954973220825195 MB with
DEBUG 2026-06-08 17:49:10 ort/utils.py:69 [CLIENT] Observation Sent 2097152/4609013 bytes with state 1
DEBUG 2026-06-08 17:49:10 ort/utils.py:69 [CLIENT] Observation Sent 4194304/4609013 bytes with state 2
DEBUG 2026-06-08 17:49:10 ort/utils.py:69 [CLIENT] Observation Sent 4609013/4609013 bytes with state 3
DEBUG 2026-06-08 17:49:10 ort/utils.py:71 [CLIENT] Observation Published 4.3954973220825195 MB
DEBUG 2026-06-08 17:49:10 t_client.py:209 Sent observation #137 | 
DEBUG 2026-06-08 17:49:10 t_client.py:434 QUEUE SIZE: 8 (Must go: False)
DEBUG 2026-06-08 17:49:10 t_client.py:477 Control loop (ms): 141.33
DEBUG 2026-06-08 17:49:10 follower.py:184 follower_right SOFollower read state: 1.8ms
DEBUG 2026-06-08 17:49:10 follower.py:191 follower_right SOFollower read wrist: 0.0ms
DEBUG 2026-06-08 17:49:10 follower.py:184 follower_left SOFollower read state: 1.7ms
DEBUG 2026-06-08 17:49:10 follower.py:191 follower_left SOFollower read wrist: 0.0ms
DEBUG 2026-06-08 17:49:10 t_client.py:198 Observation serialization time: 0.007641s
DEBUG 2026-06-08 17:49:10 ort/utils.py:54 [CLIENT] Observation Buffer size 4.3954973220825195 MB with
DEBUG 2026-06-08 17:49:10 ort/utils.py:69 [CLIENT] Observation Sent 2097152/4609013 bytes with state 1
DEBUG 2026-06-08 17:49:10 ort/utils.py:69 [CLIENT] Observation Sent 4194304/4609013 bytes with state 2
DEBUG 2026-06-08 17:49:10 ort/utils.py:69 [CLIENT] Observation Sent 4609013/4609013 bytes with state 3
DEBUG 2026-06-08 17:49:10 ort/utils.py:71 [CLIENT] Observation Published 4.3954973220825195 MB
DEBUG 2026-06-08 17:49:10 t_client.py:292 Received actions on device: cpu
DEBUG 2026-06-08 17:49:10 t_client.py:302 Actions kept on device: cpu
DEBUG 2026-06-08 17:49:10 t_client.py:209 Sent observation #138 | 
DEBUG 2026-06-08 17:49:10 t_client.py:434 QUEUE SIZE: 7 (Must go: False)
DEBUG 2026-06-08 17:49:10 t_client.py:477 Control loop (ms): 131.77
DEBUG 2026-06-08 17:49:10 t_client.py:477 Control loop (ms): 1.65
DEBUG 2026-06-08 17:49:10 t_client.py:477 Control loop (ms): 1.77
DEBUG 2026-06-08 17:49:10 t_client.py:477 Control loop (ms): 2.02
DEBUG 2026-06-08 17:49:10 t_client.py:292 Received actions on device: cpu
DEBUG 2026-06-08 17:49:10 t_client.py:302 Actions kept on device: cpu
DEBUG 2026-06-08 17:49:10 t_client.py:477 Control loop (ms): 1.62
DEBUG 2026-06-08 17:49:10 t_client.py:477 Control loop (ms): 1.38
DEBUG 2026-06-08 17:49:10 t_client.py:477 Control loop (ms): 2.22
DEBUG 2026-06-08 17:49:10 follower.py:184 follower_right SOFollower read state: 2.0ms
DEBUG 2026-06-08 17:49:10 follower.py:191 follower_right SOFollower read wrist: 0.0ms
DEBUG 2026-06-08 17:49:10 follower.py:184 follower_left SOFollower read state: 2.0ms
DEBUG 2026-06-08 17:49:10 follower.py:191 follower_left SOFollower read wrist: 0.0ms
DEBUG 2026-06-08 17:49:10 t_client.py:198 Observation serialization time: 0.010265s
DEBUG 2026-06-08 17:49:10 ort/utils.py:54 [CLIENT] Observation Buffer size 4.3954973220825195 MB with
DEBUG 2026-06-08 17:49:10 ort/utils.py:69 [CLIENT] Observation Sent 2097152/4609013 bytes with state 1
DEBUG 2026-06-08 17:49:10 ort/utils.py:69 [CLIENT] Observation Sent 4194304/4609013 bytes with state 2
DEBUG 2026-06-08 17:49:10 ort/utils.py:69 [CLIENT] Observation Sent 4609013/4609013 bytes with state 3
DEBUG 2026-06-08 17:49:10 ort/utils.py:71 [CLIENT] Observation Published 4.3954973220825195 MB
DEBUG 2026-06-08 17:49:10 t_client.py:209 Sent observation #145 | 
DEBUG 2026-06-08 17:49:10 t_client.py:434 QUEUE SIZE: 8 (Must go: False)
DEBUG 2026-06-08 17:49:10 t_client.py:477 Control loop (ms): 129.79
DEBUG 2026-06-08 17:49:10 follower.py:184 follower_right SOFollower read state: 2.1ms
DEBUG 2026-06-08 17:49:10 follower.py:191 follower_right SOFollower read wrist: 0.1ms
DEBUG 2026-06-08 17:49:10 follower.py:184 follower_left SOFollower read state: 1.9ms
DEBUG 2026-06-08 17:49:10 follower.py:191 follower_left SOFollower read wrist: 0.0ms
DEBUG 2026-06-08 17:49:10 t_client.py:198 Observation serialization time: 0.008538s
DEBUG 2026-06-08 17:49:10 ort/utils.py:54 [CLIENT] Observation Buffer size 4.3954973220825195 MB with
DEBUG 2026-06-08 17:49:10 ort/utils.py:69 [CLIENT] Observation Sent 2097152/4609013 bytes with state 1
DEBUG 2026-06-08 17:49:10 ort/utils.py:69 [CLIENT] Observation Sent 4194304/4609013 bytes with state 2
DEBUG 2026-06-08 17:49:10 ort/utils.py:69 [CLIENT] Observation Sent 4609013/4609013 bytes with state 3
DEBUG 2026-06-08 17:49:10 ort/utils.py:71 [CLIENT] Observation Published 4.3954973220825195 MB
DEBUG 2026-06-08 17:49:10 t_client.py:292 Received actions on device: cpu
DEBUG 2026-06-08 17:49:10 t_client.py:302 Actions kept on device: cpu
DEBUG 2026-06-08 17:49:10 t_client.py:209 Sent observation #146 | 
DEBUG 2026-06-08 17:49:10 t_client.py:434 QUEUE SIZE: 7 (Must go: False)
DEBUG 2026-06-08 17:49:10 t_client.py:477 Control loop (ms): 123.24
DEBUG 2026-06-08 17:49:10 t_client.py:477 Control loop (ms): 1.46
DEBUG 2026-06-08 17:49:11 t_client.py:477 Control loop (ms): 2.14
DEBUG 2026-06-08 17:49:11 t_client.py:477 Control loop (ms): 1.42
DEBUG 2026-06-08 17:49:11 t_client.py:292 Received actions on device: cpu
DEBUG 2026-06-08 17:49:11 t_client.py:302 Actions kept on device: cpu
DEBUG 2026-06-08 17:49:11 t_client.py:477 Control loop (ms): 1.79
DEBUG 2026-06-08 17:49:11 t_client.py:477 Control loop (ms): 1.31
DEBUG 2026-06-08 17:49:11 t_client.py:477 Control loop (ms): 2.03
DEBUG 2026-06-08 17:49:11 follower.py:184 follower_right SOFollower read state: 2.1ms
DEBUG 2026-06-08 17:49:11 follower.py:191 follower_right SOFollower read wrist: 0.0ms
DEBUG 2026-06-08 17:49:11 follower.py:184 follower_left SOFollower read state: 1.9ms
DEBUG 2026-06-08 17:49:11 follower.py:191 follower_left SOFollower read wrist: 0.0ms
DEBUG 2026-06-08 17:49:11 t_client.py:198 Observation serialization time: 0.010111s
DEBUG 2026-06-08 17:49:11 ort/utils.py:54 [CLIENT] Observation Buffer size 4.3954973220825195 MB with
DEBUG 2026-06-08 17:49:11 ort/utils.py:69 [CLIENT] Observation Sent 2097152/4609013 bytes with state 1
DEBUG 2026-06-08 17:49:11 ort/utils.py:69 [CLIENT] Observation Sent 4194304/4609013 bytes with state 2
DEBUG 2026-06-08 17:49:11 ort/utils.py:69 [CLIENT] Observation Sent 4609013/4609013 bytes with state 3
DEBUG 2026-06-08 17:49:11 ort/utils.py:71 [CLIENT] Observation Published 4.3954973220825195 MB
DEBUG 2026-06-08 17:49:11 t_client.py:209 Sent observation #153 | 
DEBUG 2026-06-08 17:49:11 t_client.py:434 QUEUE SIZE: 8 (Must go: False)
DEBUG 2026-06-08 17:49:11 t_client.py:477 Control loop (ms): 134.18
DEBUG 2026-06-08 17:49:11 follower.py:184 follower_right SOFollower read state: 2.0ms
DEBUG 2026-06-08 17:49:11 follower.py:191 follower_right SOFollower read wrist: 0.0ms
DEBUG 2026-06-08 17:49:11 follower.py:184 follower_left SOFollower read state: 1.8ms
DEBUG 2026-06-08 17:49:11 follower.py:191 follower_left SOFollower read wrist: 0.0ms
DEBUG 2026-06-08 17:49:11 t_client.py:198 Observation serialization time: 0.009017s
DEBUG 2026-06-08 17:49:11 ort/utils.py:54 [CLIENT] Observation Buffer size 4.3954973220825195 MB with
DEBUG 2026-06-08 17:49:11 ort/utils.py:69 [CLIENT] Observation Sent 2097152/4609013 bytes with state 1
DEBUG 2026-06-08 17:49:11 ort/utils.py:69 [CLIENT] Observation Sent 4194304/4609013 bytes with state 2
DEBUG 2026-06-08 17:49:11 ort/utils.py:69 [CLIENT] Observation Sent 4609013/4609013 bytes with state 3
DEBUG 2026-06-08 17:49:11 ort/utils.py:71 [CLIENT] Observation Published 4.3954973220825195 MB
DEBUG 2026-06-08 17:49:11 t_client.py:292 Received actions on device: cpu
DEBUG 2026-06-08 17:49:11 t_client.py:302 Actions kept on device: cpu
DEBUG 2026-06-08 17:49:11 t_client.py:209 Sent observation #154 | 
DEBUG 2026-06-08 17:49:11 t_client.py:434 QUEUE SIZE: 7 (Must go: False)
DEBUG 2026-06-08 17:49:11 t_client.py:477 Control loop (ms): 152.33
DEBUG 2026-06-08 17:49:11 t_client.py:477 Control loop (ms): 1.73
DEBUG 2026-06-08 17:49:11 t_client.py:477 Control loop (ms): 2.10
DEBUG 2026-06-08 17:49:11 t_client.py:477 Control loop (ms): 2.75
DEBUG 2026-06-08 17:49:11 t_client.py:292 Received actions on device: cpu
DEBUG 2026-06-08 17:49:11 t_client.py:302 Actions kept on device: cpu
DEBUG 2026-06-08 17:49:11 t_client.py:477 Control loop (ms): 1.90
DEBUG 2026-06-08 17:49:11 t_client.py:477 Control loop (ms): 2.34
DEBUG 2026-06-08 17:49:11 t_client.py:477 Control loop (ms): 1.73
DEBUG 2026-06-08 17:49:11 follower.py:184 follower_right SOFollower read state: 2.3ms
DEBUG 2026-06-08 17:49:11 follower.py:191 follower_right SOFollower read wrist: 0.0ms
DEBUG 2026-06-08 17:49:11 follower.py:184 follower_left SOFollower read state: 2.2ms
DEBUG 2026-06-08 17:49:11 follower.py:191 follower_left SOFollower read wrist: 0.0ms
DEBUG 2026-06-08 17:49:11 t_client.py:198 Observation serialization time: 0.011590s
DEBUG 2026-06-08 17:49:11 ort/utils.py:54 [CLIENT] Observation Buffer size 4.3954973220825195 MB with
DEBUG 2026-06-08 17:49:11 ort/utils.py:69 [CLIENT] Observation Sent 2097152/4609013 bytes with state 1
DEBUG 2026-06-08 17:49:11 ort/utils.py:69 [CLIENT] Observation Sent 4194304/4609013 bytes with state 2
DEBUG 2026-06-08 17:49:11 ort/utils.py:69 [CLIENT] Observation Sent 4609013/4609013 bytes with state 3
DEBUG 2026-06-08 17:49:11 ort/utils.py:71 [CLIENT] Observation Published 4.3954973220825195 MB
DEBUG 2026-06-08 17:49:11 t_client.py:209 Sent observation #161 | 
DEBUG 2026-06-08 17:49:11 t_client.py:434 QUEUE SIZE: 8 (Must go: False)
DEBUG 2026-06-08 17:49:11 t_client.py:477 Control loop (ms): 177.10
DEBUG 2026-06-08 17:49:11 follower.py:184 follower_right SOFollower read state: 2.4ms
DEBUG 2026-06-08 17:49:11 follower.py:191 follower_right SOFollower read wrist: 0.0ms
DEBUG 2026-06-08 17:49:11 follower.py:184 follower_left SOFollower read state: 1.9ms
DEBUG 2026-06-08 17:49:11 follower.py:191 follower_left SOFollower read wrist: 0.0ms
DEBUG 2026-06-08 17:49:11 t_client.py:198 Observation serialization time: 0.011836s
DEBUG 2026-06-08 17:49:11 ort/utils.py:54 [CLIENT] Observation Buffer size 4.3954973220825195 MB with
DEBUG 2026-06-08 17:49:11 ort/utils.py:69 [CLIENT] Observation Sent 2097152/4609013 bytes with state 1
DEBUG 2026-06-08 17:49:11 ort/utils.py:69 [CLIENT] Observation Sent 4194304/4609013 bytes with state 2
DEBUG 2026-06-08 17:49:11 ort/utils.py:69 [CLIENT] Observation Sent 4609013/4609013 bytes with state 3
DEBUG 2026-06-08 17:49:11 ort/utils.py:71 [CLIENT] Observation Published 4.3954973220825195 MB
DEBUG 2026-06-08 17:49:11 t_client.py:292 Received actions on device: cpu
DEBUG 2026-06-08 17:49:11 t_client.py:302 Actions kept on device: cpu
DEBUG 2026-06-08 17:49:12 t_client.py:209 Sent observation #162 | 
DEBUG 2026-06-08 17:49:12 t_client.py:434 QUEUE SIZE: 7 (Must go: False)
DEBUG 2026-06-08 17:49:12 t_client.py:477 Control loop (ms): 161.47
DEBUG 2026-06-08 17:49:12 t_client.py:477 Control loop (ms): 1.59
DEBUG 2026-06-08 17:49:12 t_client.py:477 Control loop (ms): 2.17
DEBUG 2026-06-08 17:49:12 t_client.py:477 Control loop (ms): 1.72
DEBUG 2026-06-08 17:49:12 t_client.py:292 Received actions on device: cpu
DEBUG 2026-06-08 17:49:12 t_client.py:302 Actions kept on device: cpu
DEBUG 2026-06-08 17:49:12 t_client.py:477 Control loop (ms): 1.75
DEBUG 2026-06-08 17:49:12 t_client.py:477 Control loop (ms): 3.02
DEBUG 2026-06-08 17:49:12 t_client.py:477 Control loop (ms): 2.67
DEBUG 2026-06-08 17:49:12 follower.py:184 follower_right SOFollower read state: 2.2ms
DEBUG 2026-06-08 17:49:12 follower.py:191 follower_right SOFollower read wrist: 0.0ms
DEBUG 2026-06-08 17:49:12 follower.py:184 follower_left SOFollower read state: 2.2ms
DEBUG 2026-06-08 17:49:12 follower.py:191 follower_left SOFollower read wrist: 0.1ms
DEBUG 2026-06-08 17:49:12 t_client.py:198 Observation serialization time: 0.013606s
DEBUG 2026-06-08 17:49:12 ort/utils.py:54 [CLIENT] Observation Buffer size 4.3954973220825195 MB with
DEBUG 2026-06-08 17:49:12 ort/utils.py:69 [CLIENT] Observation Sent 2097152/4609013 bytes with state 1
DEBUG 2026-06-08 17:49:12 ort/utils.py:69 [CLIENT] Observation Sent 4194304/4609013 bytes with state 2
DEBUG 2026-06-08 17:49:12 ort/utils.py:69 [CLIENT] Observation Sent 4609013/4609013 bytes with state 3
DEBUG 2026-06-08 17:49:12 ort/utils.py:71 [CLIENT] Observation Published 4.3954973220825195 MB
DEBUG 2026-06-08 17:49:12 t_client.py:209 Sent observation #169 | 
DEBUG 2026-06-08 17:49:12 t_client.py:434 QUEUE SIZE: 8 (Must go: False)
DEBUG 2026-06-08 17:49:12 t_client.py:477 Control loop (ms): 135.30
DEBUG 2026-06-08 17:49:12 follower.py:184 follower_right SOFollower read state: 3.1ms
DEBUG 2026-06-08 17:49:12 follower.py:191 follower_right SOFollower read wrist: 0.1ms
DEBUG 2026-06-08 17:49:12 follower.py:184 follower_left SOFollower read state: 2.6ms
DEBUG 2026-06-08 17:49:12 follower.py:191 follower_left SOFollower read wrist: 0.0ms
DEBUG 2026-06-08 17:49:12 t_client.py:198 Observation serialization time: 0.010816s
DEBUG 2026-06-08 17:49:12 ort/utils.py:54 [CLIENT] Observation Buffer size 4.3954973220825195 MB with
DEBUG 2026-06-08 17:49:12 ort/utils.py:69 [CLIENT] Observation Sent 2097152/4609013 bytes with state 1
DEBUG 2026-06-08 17:49:12 ort/utils.py:69 [CLIENT] Observation Sent 4194304/4609013 bytes with state 2
DEBUG 2026-06-08 17:49:12 ort/utils.py:69 [CLIENT] Observation Sent 4609013/4609013 bytes with state 3
DEBUG 2026-06-08 17:49:12 ort/utils.py:71 [CLIENT] Observation Published 4.3954973220825195 MB
DEBUG 2026-06-08 17:49:12 t_client.py:292 Received actions on device: cpu
DEBUG 2026-06-08 17:49:12 t_client.py:302 Actions kept on device: cpu
DEBUG 2026-06-08 17:49:12 t_client.py:209 Sent observation #170 | 
DEBUG 2026-06-08 17:49:12 t_client.py:434 QUEUE SIZE: 7 (Must go: False)
DEBUG 2026-06-08 17:49:12 t_client.py:477 Control loop (ms): 148.83
DEBUG 2026-06-08 17:49:12 t_client.py:477 Control loop (ms): 1.37
DEBUG 2026-06-08 17:49:12 t_client.py:477 Control loop (ms): 1.73
DEBUG 2026-06-08 17:49:12 t_client.py:477 Control loop (ms): 1.88
DEBUG 2026-06-08 17:49:12 t_client.py:292 Received actions on device: cpu
DEBUG 2026-06-08 17:49:12 t_client.py:302 Actions kept on device: cpu
DEBUG 2026-06-08 17:49:12 t_client.py:477 Control loop (ms): 0.99
DEBUG 2026-06-08 17:49:12 t_client.py:477 Control loop (ms): 1.88
DEBUG 2026-06-08 17:49:12 t_client.py:477 Control loop (ms): 2.15
DEBUG 2026-06-08 17:49:12 follower.py:184 follower_right SOFollower read state: 2.4ms
DEBUG 2026-06-08 17:49:12 follower.py:191 follower_right SOFollower read wrist: 0.0ms
DEBUG 2026-06-08 17:49:12 follower.py:184 follower_left SOFollower read state: 3.1ms
DEBUG 2026-06-08 17:49:12 follower.py:191 follower_left SOFollower read wrist: 0.2ms
DEBUG 2026-06-08 17:49:12 t_client.py:198 Observation serialization time: 0.012011s
DEBUG 2026-06-08 17:49:12 ort/utils.py:54 [CLIENT] Observation Buffer size 4.3954973220825195 MB with
DEBUG 2026-06-08 17:49:12 ort/utils.py:69 [CLIENT] Observation Sent 2097152/4609013 bytes with state 1
DEBUG 2026-06-08 17:49:12 ort/utils.py:69 [CLIENT] Observation Sent 4194304/4609013 bytes with state 2
DEBUG 2026-06-08 17:49:12 ort/utils.py:69 [CLIENT] Observation Sent 4609013/4609013 bytes with state 3
DEBUG 2026-06-08 17:49:12 ort/utils.py:71 [CLIENT] Observation Published 4.3954973220825195 MB
DEBUG 2026-06-08 17:49:12 t_client.py:209 Sent observation #177 | 
DEBUG 2026-06-08 17:49:12 t_client.py:434 QUEUE SIZE: 8 (Must go: False)
DEBUG 2026-06-08 17:49:12 t_client.py:477 Control loop (ms): 200.39
DEBUG 2026-06-08 17:49:12 follower.py:184 follower_right SOFollower read state: 1.6ms
DEBUG 2026-06-08 17:49:12 follower.py:191 follower_right SOFollower read wrist: 0.0ms
DEBUG 2026-06-08 17:49:12 follower.py:184 follower_left SOFollower read state: 1.9ms
DEBUG 2026-06-08 17:49:12 follower.py:191 follower_left SOFollower read wrist: 0.0ms
DEBUG 2026-06-08 17:49:12 t_client.py:198 Observation serialization time: 0.007462s
DEBUG 2026-06-08 17:49:12 ort/utils.py:54 [CLIENT] Observation Buffer size 4.3954973220825195 MB with
DEBUG 2026-06-08 17:49:12 ort/utils.py:69 [CLIENT] Observation Sent 2097152/4609013 bytes with state 1
DEBUG 2026-06-08 17:49:13 ort/utils.py:69 [CLIENT] Observation Sent 4194304/4609013 bytes with state 2
DEBUG 2026-06-08 17:49:13 ort/utils.py:69 [CLIENT] Observation Sent 4609013/4609013 bytes with state 3
DEBUG 2026-06-08 17:49:13 ort/utils.py:71 [CLIENT] Observation Published 4.3954973220825195 MB
DEBUG 2026-06-08 17:49:13 t_client.py:292 Received actions on device: cpu
DEBUG 2026-06-08 17:49:13 t_client.py:302 Actions kept on device: cpu
DEBUG 2026-06-08 17:49:13 t_client.py:209 Sent observation #178 | 
DEBUG 2026-06-08 17:49:13 t_client.py:434 QUEUE SIZE: 7 (Must go: False)
DEBUG 2026-06-08 17:49:13 t_client.py:477 Control loop (ms): 167.66
DEBUG 2026-06-08 17:49:13 t_client.py:477 Control loop (ms): 1.08
DEBUG 2026-06-08 17:49:13 t_client.py:477 Control loop (ms): 1.47
DEBUG 2026-06-08 17:49:13 t_client.py:477 Control loop (ms): 2.18
DEBUG 2026-06-08 17:49:13 t_client.py:292 Received actions on device: cpu
DEBUG 2026-06-08 17:49:13 t_client.py:302 Actions kept on device: cpu
DEBUG 2026-06-08 17:49:13 t_client.py:477 Control loop (ms): 1.87
DEBUG 2026-06-08 17:49:13 t_client.py:477 Control loop (ms): 1.22
DEBUG 2026-06-08 17:49:13 t_client.py:477 Control loop (ms): 1.70
DEBUG 2026-06-08 17:49:13 follower.py:184 follower_right SOFollower read state: 1.9ms
DEBUG 2026-06-08 17:49:13 follower.py:191 follower_right SOFollower read wrist: 0.0ms
DEBUG 2026-06-08 17:49:13 follower.py:184 follower_left SOFollower read state: 1.7ms
DEBUG 2026-06-08 17:49:13 follower.py:191 follower_left SOFollower read wrist: 0.0ms
DEBUG 2026-06-08 17:49:13 t_client.py:198 Observation serialization time: 0.007505s
DEBUG 2026-06-08 17:49:13 ort/utils.py:54 [CLIENT] Observation Buffer size 4.3954973220825195 MB with
DEBUG 2026-06-08 17:49:13 ort/utils.py:69 [CLIENT] Observation Sent 2097152/4609013 bytes with state 1
DEBUG 2026-06-08 17:49:13 ort/utils.py:69 [CLIENT] Observation Sent 4194304/4609013 bytes with state 2
DEBUG 2026-06-08 17:49:13 ort/utils.py:69 [CLIENT] Observation Sent 4609013/4609013 bytes with state 3
DEBUG 2026-06-08 17:49:13 ort/utils.py:71 [CLIENT] Observation Published 4.3954973220825195 MB
DEBUG 2026-06-08 17:49:13 t_client.py:209 Sent observation #185 | 
DEBUG 2026-06-08 17:49:13 t_client.py:434 QUEUE SIZE: 8 (Must go: False)
DEBUG 2026-06-08 17:49:13 t_client.py:477 Control loop (ms): 159.95
DEBUG 2026-06-08 17:49:13 follower.py:184 follower_right SOFollower read state: 1.8ms
DEBUG 2026-06-08 17:49:13 follower.py:191 follower_right SOFollower read wrist: 0.0ms
DEBUG 2026-06-08 17:49:13 follower.py:184 follower_left SOFollower read state: 1.8ms
DEBUG 2026-06-08 17:49:13 follower.py:191 follower_left SOFollower read wrist: 0.0ms
DEBUG 2026-06-08 17:49:13 t_client.py:198 Observation serialization time: 0.006829s
DEBUG 2026-06-08 17:49:13 ort/utils.py:54 [CLIENT] Observation Buffer size 4.3954973220825195 MB with
DEBUG 2026-06-08 17:49:13 ort/utils.py:69 [CLIENT] Observation Sent 2097152/4609013 bytes with state 1
DEBUG 2026-06-08 17:49:13 ort/utils.py:69 [CLIENT] Observation Sent 4194304/4609013 bytes with state 2
DEBUG 2026-06-08 17:49:13 ort/utils.py:69 [CLIENT] Observation Sent 4609013/4609013 bytes with state 3
DEBUG 2026-06-08 17:49:13 ort/utils.py:71 [CLIENT] Observation Published 4.3954973220825195 MB
DEBUG 2026-06-08 17:49:13 t_client.py:292 Received actions on device: cpu
DEBUG 2026-06-08 17:49:13 t_client.py:302 Actions kept on device: cpu
DEBUG 2026-06-08 17:49:13 t_client.py:209 Sent observation #186 | 
DEBUG 2026-06-08 17:49:13 t_client.py:434 QUEUE SIZE: 7 (Must go: False)
DEBUG 2026-06-08 17:49:13 t_client.py:477 Control loop (ms): 119.13
DEBUG 2026-06-08 17:49:13 t_client.py:477 Control loop (ms): 2.46
DEBUG 2026-06-08 17:49:13 t_client.py:477 Control loop (ms): 2.12
DEBUG 2026-06-08 17:49:13 t_client.py:477 Control loop (ms): 2.00
DEBUG 2026-06-08 17:49:13 t_client.py:292 Received actions on device: cpu
DEBUG 2026-06-08 17:49:13 t_client.py:302 Actions kept on device: cpu
DEBUG 2026-06-08 17:49:13 t_client.py:477 Control loop (ms): 2.39
DEBUG 2026-06-08 17:49:13 t_client.py:477 Control loop (ms): 2.11
DEBUG 2026-06-08 17:49:13 t_client.py:477 Control loop (ms): 1.98
DEBUG 2026-06-08 17:49:13 follower.py:184 follower_right SOFollower read state: 2.6ms
DEBUG 2026-06-08 17:49:13 follower.py:191 follower_right SOFollower read wrist: 0.0ms
DEBUG 2026-06-08 17:49:13 follower.py:184 follower_left SOFollower read state: 1.6ms
DEBUG 2026-06-08 17:49:13 follower.py:191 follower_left SOFollower read wrist: 0.0ms
DEBUG 2026-06-08 17:49:13 t_client.py:198 Observation serialization time: 0.002926s
DEBUG 2026-06-08 17:49:13 ort/utils.py:54 [CLIENT] Observation Buffer size 4.3954973220825195 MB with
DEBUG 2026-06-08 17:49:13 ort/utils.py:69 [CLIENT] Observation Sent 2097152/4609013 bytes with state 1
DEBUG 2026-06-08 17:49:13 ort/utils.py:69 [CLIENT] Observation Sent 4194304/4609013 bytes with state 2
DEBUG 2026-06-08 17:49:13 ort/utils.py:69 [CLIENT] Observation Sent 4609013/4609013 bytes with state 3
DEBUG 2026-06-08 17:49:13 ort/utils.py:71 [CLIENT] Observation Published 4.3954973220825195 MB
DEBUG 2026-06-08 17:49:13 t_client.py:209 Sent observation #193 | 
DEBUG 2026-06-08 17:49:13 t_client.py:434 QUEUE SIZE: 8 (Must go: False)
DEBUG 2026-06-08 17:49:13 t_client.py:477 Control loop (ms): 120.33
DEBUG 2026-06-08 17:49:13 follower.py:184 follower_right SOFollower read state: 2.2ms
DEBUG 2026-06-08 17:49:13 follower.py:191 follower_right SOFollower read wrist: 0.0ms
DEBUG 2026-06-08 17:49:13 follower.py:184 follower_left SOFollower read state: 2.6ms
DEBUG 2026-06-08 17:49:13 follower.py:191 follower_left SOFollower read wrist: 0.0ms
DEBUG 2026-06-08 17:49:13 t_client.py:198 Observation serialization time: 0.010156s
DEBUG 2026-06-08 17:49:13 ort/utils.py:54 [CLIENT] Observation Buffer size 4.3954973220825195 MB with
DEBUG 2026-06-08 17:49:13 ort/utils.py:69 [CLIENT] Observation Sent 2097152/4609013 bytes with state 1
DEBUG 2026-06-08 17:49:13 ort/utils.py:69 [CLIENT] Observation Sent 4194304/4609013 bytes with state 2
DEBUG 2026-06-08 17:49:13 ort/utils.py:69 [CLIENT] Observation Sent 4609013/4609013 bytes with state 3
DEBUG 2026-06-08 17:49:13 ort/utils.py:71 [CLIENT] Observation Published 4.3954973220825195 MB
DEBUG 2026-06-08 17:49:14 t_client.py:292 Received actions on device: cpu
DEBUG 2026-06-08 17:49:14 t_client.py:302 Actions kept on device: cpu
DEBUG 2026-06-08 17:49:14 t_client.py:209 Sent observation #194 | 
DEBUG 2026-06-08 17:49:14 t_client.py:434 QUEUE SIZE: 7 (Must go: False)
DEBUG 2026-06-08 17:49:14 t_client.py:477 Control loop (ms): 154.46
DEBUG 2026-06-08 17:49:14 t_client.py:477 Control loop (ms): 1.65
DEBUG 2026-06-08 17:49:14 t_client.py:477 Control loop (ms): 2.14
DEBUG 2026-06-08 17:49:14 t_client.py:477 Control loop (ms): 2.16
DEBUG 2026-06-08 17:49:14 t_client.py:292 Received actions on device: cpu
DEBUG 2026-06-08 17:49:14 t_client.py:302 Actions kept on device: cpu
DEBUG 2026-06-08 17:49:14 t_client.py:477 Control loop (ms): 3.08
DEBUG 2026-06-08 17:49:14 t_client.py:477 Control loop (ms): 1.63
DEBUG 2026-06-08 17:49:14 t_client.py:477 Control loop (ms): 2.07
DEBUG 2026-06-08 17:49:14 t_client.py:477 Control loop (ms): 1.90
DEBUG 2026-06-08 17:49:14 follower.py:184 follower_right SOFollower read state: 2.7ms
DEBUG 2026-06-08 17:49:14 follower.py:191 follower_right SOFollower read wrist: 0.0ms
DEBUG 2026-06-08 17:49:14 follower.py:184 follower_left SOFollower read state: 2.3ms
DEBUG 2026-06-08 17:49:14 follower.py:191 follower_left SOFollower read wrist: 0.0ms
DEBUG 2026-06-08 17:49:14 t_client.py:198 Observation serialization time: 0.010376s
DEBUG 2026-06-08 17:49:14 ort/utils.py:54 [CLIENT] Observation Buffer size 4.3954973220825195 MB with
DEBUG 2026-06-08 17:49:14 ort/utils.py:69 [CLIENT] Observation Sent 2097152/4609013 bytes with state 1
DEBUG 2026-06-08 17:49:14 ort/utils.py:69 [CLIENT] Observation Sent 4194304/4609013 bytes with state 2
DEBUG 2026-06-08 17:49:14 ort/utils.py:69 [CLIENT] Observation Sent 4609013/4609013 bytes with state 3
DEBUG 2026-06-08 17:49:14 ort/utils.py:71 [CLIENT] Observation Published 4.3954973220825195 MB
DEBUG 2026-06-08 17:49:14 t_client.py:209 Sent observation #201 | 
DEBUG 2026-06-08 17:49:14 t_client.py:434 QUEUE SIZE: 8 (Must go: False)
DEBUG 2026-06-08 17:49:14 t_client.py:477 Control loop (ms): 122.03
DEBUG 2026-06-08 17:49:14 follower.py:184 follower_right SOFollower read state: 2.3ms
DEBUG 2026-06-08 17:49:14 follower.py:191 follower_right SOFollower read wrist: 0.0ms
DEBUG 2026-06-08 17:49:14 follower.py:184 follower_left SOFollower read state: 3.4ms
DEBUG 2026-06-08 17:49:14 follower.py:191 follower_left SOFollower read wrist: 0.1ms
DEBUG 2026-06-08 17:49:14 t_client.py:198 Observation serialization time: 0.009069s
DEBUG 2026-06-08 17:49:14 ort/utils.py:54 [CLIENT] Observation Buffer size 4.3954973220825195 MB with
DEBUG 2026-06-08 17:49:14 ort/utils.py:69 [CLIENT] Observation Sent 2097152/4609013 bytes with state 1
DEBUG 2026-06-08 17:49:14 ort/utils.py:69 [CLIENT] Observation Sent 4194304/4609013 bytes with state 2
DEBUG 2026-06-08 17:49:14 ort/utils.py:69 [CLIENT] Observation Sent 4609013/4609013 bytes with state 3
DEBUG 2026-06-08 17:49:14 ort/utils.py:71 [CLIENT] Observation Published 4.3954973220825195 MB
DEBUG 2026-06-08 17:49:14 t_client.py:292 Received actions on device: cpu
DEBUG 2026-06-08 17:49:14 t_client.py:302 Actions kept on device: cpu
DEBUG 2026-06-08 17:49:14 t_client.py:209 Sent observation #202 | 
DEBUG 2026-06-08 17:49:14 t_client.py:434 QUEUE SIZE: 7 (Must go: False)
DEBUG 2026-06-08 17:49:14 t_client.py:477 Control loop (ms): 150.01
DEBUG 2026-06-08 17:49:14 t_client.py:477 Control loop (ms): 1.76
DEBUG 2026-06-08 17:49:14 t_client.py:477 Control loop (ms): 3.59
DEBUG 2026-06-08 17:49:14 t_client.py:477 Control loop (ms): 3.24
DEBUG 2026-06-08 17:49:14 t_client.py:292 Received actions on device: cpu
DEBUG 2026-06-08 17:49:14 t_client.py:302 Actions kept on device: cpu
DEBUG 2026-06-08 17:49:14 t_client.py:477 Control loop (ms): 1.46
DEBUG 2026-06-08 17:49:14 t_client.py:477 Control loop (ms): 2.91
DEBUG 2026-06-08 17:49:14 t_client.py:477 Control loop (ms): 3.32
DEBUG 2026-06-08 17:49:14 follower.py:184 follower_right SOFollower read state: 1.9ms
DEBUG 2026-06-08 17:49:14 follower.py:191 follower_right SOFollower read wrist: 0.0ms
DEBUG 2026-06-08 17:49:14 follower.py:184 follower_left SOFollower read state: 3.0ms
DEBUG 2026-06-08 17:49:14 follower.py:191 follower_left SOFollower read wrist: 0.0ms
DEBUG 2026-06-08 17:49:14 t_client.py:198 Observation serialization time: 0.009794s
DEBUG 2026-06-08 17:49:14 ort/utils.py:54 [CLIENT] Observation Buffer size 4.3954973220825195 MB with
DEBUG 2026-06-08 17:49:14 ort/utils.py:69 [CLIENT] Observation Sent 2097152/4609013 bytes with state 1
DEBUG 2026-06-08 17:49:14 ort/utils.py:69 [CLIENT] Observation Sent 4194304/4609013 bytes with state 2
DEBUG 2026-06-08 17:49:14 ort/utils.py:69 [CLIENT] Observation Sent 4609013/4609013 bytes with state 3
DEBUG 2026-06-08 17:49:14 ort/utils.py:71 [CLIENT] Observation Published 4.3954973220825195 MB
DEBUG 2026-06-08 17:49:14 t_client.py:209 Sent observation #209 | 
DEBUG 2026-06-08 17:49:14 t_client.py:434 QUEUE SIZE: 8 (Must go: False)
DEBUG 2026-06-08 17:49:14 t_client.py:477 Control loop (ms): 152.65
DEBUG 2026-06-08 17:49:14 follower.py:184 follower_right SOFollower read state: 2.0ms
DEBUG 2026-06-08 17:49:14 follower.py:191 follower_right SOFollower read wrist: 0.0ms
DEBUG 2026-06-08 17:49:14 follower.py:184 follower_left SOFollower read state: 2.0ms
DEBUG 2026-06-08 17:49:14 follower.py:191 follower_left SOFollower read wrist: 0.0ms
DEBUG 2026-06-08 17:49:14 t_client.py:198 Observation serialization time: 0.010825s
DEBUG 2026-06-08 17:49:14 ort/utils.py:54 [CLIENT] Observation Buffer size 4.3954973220825195 MB with
DEBUG 2026-06-08 17:49:14 ort/utils.py:69 [CLIENT] Observation Sent 2097152/4609013 bytes with state 1
DEBUG 2026-06-08 17:49:14 ort/utils.py:69 [CLIENT] Observation Sent 4194304/4609013 bytes with state 2
DEBUG 2026-06-08 17:49:14 ort/utils.py:69 [CLIENT] Observation Sent 4609013/4609013 bytes with state 3
DEBUG 2026-06-08 17:49:14 ort/utils.py:71 [CLIENT] Observation Published 4.3954973220825195 MB
DEBUG 2026-06-08 17:49:14 t_client.py:292 Received actions on device: cpu
DEBUG 2026-06-08 17:49:14 t_client.py:302 Actions kept on device: cpu
DEBUG 2026-06-08 17:49:15 t_client.py:209 Sent observation #210 | 
DEBUG 2026-06-08 17:49:15 t_client.py:434 QUEUE SIZE: 7 (Must go: False)
DEBUG 2026-06-08 17:49:15 t_client.py:477 Control loop (ms): 162.99
DEBUG 2026-06-08 17:49:15 t_client.py:477 Control loop (ms): 1.77
DEBUG 2026-06-08 17:49:15 t_client.py:477 Control loop (ms): 1.81
DEBUG 2026-06-08 17:49:15 t_client.py:477 Control loop (ms): 1.23
DEBUG 2026-06-08 17:49:15 t_client.py:292 Received actions on device: cpu
DEBUG 2026-06-08 17:49:15 t_client.py:302 Actions kept on device: cpu
DEBUG 2026-06-08 17:49:15 t_client.py:477 Control loop (ms): 1.44
DEBUG 2026-06-08 17:49:15 t_client.py:477 Control loop (ms): 1.68
DEBUG 2026-06-08 17:49:15 t_client.py:477 Control loop (ms): 1.89
DEBUG 2026-06-08 17:49:15 follower.py:184 follower_right SOFollower read state: 2.5ms
DEBUG 2026-06-08 17:49:15 follower.py:191 follower_right SOFollower read wrist: 0.0ms
DEBUG 2026-06-08 17:49:15 follower.py:184 follower_left SOFollower read state: 2.0ms
DEBUG 2026-06-08 17:49:15 follower.py:191 follower_left SOFollower read wrist: 0.0ms
DEBUG 2026-06-08 17:49:15 t_client.py:198 Observation serialization time: 0.009498s
DEBUG 2026-06-08 17:49:15 ort/utils.py:54 [CLIENT] Observation Buffer size 4.3954973220825195 MB with
DEBUG 2026-06-08 17:49:15 ort/utils.py:69 [CLIENT] Observation Sent 2097152/4609013 bytes with state 1
DEBUG 2026-06-08 17:49:15 ort/utils.py:69 [CLIENT] Observation Sent 4194304/4609013 bytes with state 2
DEBUG 2026-06-08 17:49:15 ort/utils.py:69 [CLIENT] Observation Sent 4609013/4609013 bytes with state 3
DEBUG 2026-06-08 17:49:15 ort/utils.py:71 [CLIENT] Observation Published 4.3954973220825195 MB
DEBUG 2026-06-08 17:49:15 t_client.py:209 Sent observation #217 | 
DEBUG 2026-06-08 17:49:15 t_client.py:434 QUEUE SIZE: 8 (Must go: False)
DEBUG 2026-06-08 17:49:15 t_client.py:477 Control loop (ms): 130.52
DEBUG 2026-06-08 17:49:15 follower.py:184 follower_right SOFollower read state: 2.0ms
DEBUG 2026-06-08 17:49:15 follower.py:191 follower_right SOFollower read wrist: 0.0ms
DEBUG 2026-06-08 17:49:15 follower.py:184 follower_left SOFollower read state: 1.9ms
DEBUG 2026-06-08 17:49:15 follower.py:191 follower_left SOFollower read wrist: 0.0ms
DEBUG 2026-06-08 17:49:15 t_client.py:198 Observation serialization time: 0.008407s
DEBUG 2026-06-08 17:49:15 ort/utils.py:54 [CLIENT] Observation Buffer size 4.3954973220825195 MB with
DEBUG 2026-06-08 17:49:15 ort/utils.py:69 [CLIENT] Observation Sent 2097152/4609013 bytes with state 1
DEBUG 2026-06-08 17:49:15 ort/utils.py:69 [CLIENT] Observation Sent 4194304/4609013 bytes with state 2
DEBUG 2026-06-08 17:49:15 ort/utils.py:69 [CLIENT] Observation Sent 4609013/4609013 bytes with state 3
DEBUG 2026-06-08 17:49:15 ort/utils.py:71 [CLIENT] Observation Published 4.3954973220825195 MB
DEBUG 2026-06-08 17:49:15 t_client.py:292 Received actions on device: cpu
DEBUG 2026-06-08 17:49:15 t_client.py:302 Actions kept on device: cpu
DEBUG 2026-06-08 17:49:15 t_client.py:209 Sent observation #218 | 
DEBUG 2026-06-08 17:49:15 t_client.py:434 QUEUE SIZE: 7 (Must go: False)
DEBUG 2026-06-08 17:49:15 t_client.py:477 Control loop (ms): 116.92
DEBUG 2026-06-08 17:49:15 t_client.py:477 Control loop (ms): 1.99
DEBUG 2026-06-08 17:49:15 t_client.py:477 Control loop (ms): 2.13
DEBUG 2026-06-08 17:49:15 t_client.py:477 Control loop (ms): 1.74
DEBUG 2026-06-08 17:49:15 t_client.py:292 Received actions on device: cpu
DEBUG 2026-06-08 17:49:15 t_client.py:302 Actions kept on device: cpu
DEBUG 2026-06-08 17:49:15 t_client.py:477 Control loop (ms): 2.30
DEBUG 2026-06-08 17:49:15 t_client.py:477 Control loop (ms): 2.05
DEBUG 2026-06-08 17:49:15 t_client.py:477 Control loop (ms): 2.43
DEBUG 2026-06-08 17:49:15 follower.py:184 follower_right SOFollower read state: 2.2ms
DEBUG 2026-06-08 17:49:15 follower.py:191 follower_right SOFollower read wrist: 0.0ms
DEBUG 2026-06-08 17:49:15 follower.py:184 follower_left SOFollower read state: 2.2ms
DEBUG 2026-06-08 17:49:15 follower.py:191 follower_left SOFollower read wrist: 0.0ms
DEBUG 2026-06-08 17:49:15 t_client.py:198 Observation serialization time: 0.010610s
DEBUG 2026-06-08 17:49:15 ort/utils.py:54 [CLIENT] Observation Buffer size 4.3954973220825195 MB with
DEBUG 2026-06-08 17:49:15 ort/utils.py:69 [CLIENT] Observation Sent 2097152/4609013 bytes with state 1
DEBUG 2026-06-08 17:49:15 ort/utils.py:69 [CLIENT] Observation Sent 4194304/4609013 bytes with state 2
DEBUG 2026-06-08 17:49:15 ort/utils.py:69 [CLIENT] Observation Sent 4609013/4609013 bytes with state 3
DEBUG 2026-06-08 17:49:15 ort/utils.py:71 [CLIENT] Observation Published 4.3954973220825195 MB
DEBUG 2026-06-08 17:49:15 t_client.py:209 Sent observation #225 | 
DEBUG 2026-06-08 17:49:15 t_client.py:434 QUEUE SIZE: 8 (Must go: False)
DEBUG 2026-06-08 17:49:15 t_client.py:477 Control loop (ms): 118.82
DEBUG 2026-06-08 17:49:15 follower.py:184 follower_right SOFollower read state: 2.8ms
DEBUG 2026-06-08 17:49:15 follower.py:191 follower_right SOFollower read wrist: 0.1ms
DEBUG 2026-06-08 17:49:15 follower.py:184 follower_left SOFollower read state: 2.8ms
DEBUG 2026-06-08 17:49:15 follower.py:191 follower_left SOFollower read wrist: 0.0ms
DEBUG 2026-06-08 17:49:15 t_client.py:198 Observation serialization time: 0.013786s
DEBUG 2026-06-08 17:49:15 ort/utils.py:54 [CLIENT] Observation Buffer size 4.3954973220825195 MB with
DEBUG 2026-06-08 17:49:15 ort/utils.py:69 [CLIENT] Observation Sent 2097152/4609013 bytes with state 1
DEBUG 2026-06-08 17:49:15 ort/utils.py:69 [CLIENT] Observation Sent 4194304/4609013 bytes with state 2
DEBUG 2026-06-08 17:49:15 ort/utils.py:69 [CLIENT] Observation Sent 4609013/4609013 bytes with state 3
DEBUG 2026-06-08 17:49:15 ort/utils.py:71 [CLIENT] Observation Published 4.3954973220825195 MB
DEBUG 2026-06-08 17:49:15 t_client.py:209 Sent observation #226 | 
DEBUG 2026-06-08 17:49:15 t_client.py:434 QUEUE SIZE: 7 (Must go: False)
DEBUG 2026-06-08 17:49:15 t_client.py:477 Control loop (ms): 141.06
DEBUG 2026-06-08 17:49:15 t_client.py:292 Received actions on device: cpu
DEBUG 2026-06-08 17:49:15 t_client.py:302 Actions kept on device: cpu
DEBUG 2026-06-08 17:49:15 follower.py:184 follower_right SOFollower read state: 1.6ms
DEBUG 2026-06-08 17:49:15 follower.py:191 follower_right SOFollower read wrist: 0.0ms
DEBUG 2026-06-08 17:49:15 follower.py:184 follower_left SOFollower read state: 1.6ms
DEBUG 2026-06-08 17:49:15 follower.py:191 follower_left SOFollower read wrist: 0.0ms
DEBUG 2026-06-08 17:49:15 t_client.py:198 Observation serialization time: 0.005605s
DEBUG 2026-06-08 17:49:15 ort/utils.py:54 [CLIENT] Observation Buffer size 4.3954973220825195 MB with
DEBUG 2026-06-08 17:49:15 ort/utils.py:69 [CLIENT] Observation Sent 2097152/4609013 bytes with state 1
DEBUG 2026-06-08 17:49:16 ort/utils.py:69 [CLIENT] Observation Sent 4194304/4609013 bytes with state 2
DEBUG 2026-06-08 17:49:16 ort/utils.py:69 [CLIENT] Observation Sent 4609013/4609013 bytes with state 3
DEBUG 2026-06-08 17:49:16 ort/utils.py:71 [CLIENT] Observation Published 4.3954973220825195 MB
DEBUG 2026-06-08 17:49:16 t_client.py:209 Sent observation #227 | 
DEBUG 2026-06-08 17:49:16 t_client.py:434 QUEUE SIZE: 14 (Must go: False)
DEBUG 2026-06-08 17:49:16 t_client.py:477 Control loop (ms): 108.97
DEBUG 2026-06-08 17:49:16 t_client.py:477 Control loop (ms): 1.56
DEBUG 2026-06-08 17:49:16 t_client.py:477 Control loop (ms): 1.78
DEBUG 2026-06-08 17:49:16 t_client.py:477 Control loop (ms): 1.96
DEBUG 2026-06-08 17:49:16 t_client.py:477 Control loop (ms): 2.22
DEBUG 2026-06-08 17:49:16 t_client.py:477 Control loop (ms): 1.74
DEBUG 2026-06-08 17:49:16 follower.py:184 follower_right SOFollower read state: 2.0ms
DEBUG 2026-06-08 17:49:16 follower.py:191 follower_right SOFollower read wrist: 0.0ms
DEBUG 2026-06-08 17:49:16 follower.py:184 follower_left SOFollower read state: 1.9ms
DEBUG 2026-06-08 17:49:16 follower.py:191 follower_left SOFollower read wrist: 0.0ms
DEBUG 2026-06-08 17:49:16 t_client.py:198 Observation serialization time: 0.011184s
DEBUG 2026-06-08 17:49:16 ort/utils.py:54 [CLIENT] Observation Buffer size 4.3954973220825195 MB with
DEBUG 2026-06-08 17:49:16 ort/utils.py:69 [CLIENT] Observation Sent 2097152/4609013 bytes with state 1
DEBUG 2026-06-08 17:49:16 ort/utils.py:69 [CLIENT] Observation Sent 4194304/4609013 bytes with state 2
DEBUG 2026-06-08 17:49:16 ort/utils.py:69 [CLIENT] Observation Sent 4609013/4609013 bytes with state 3
DEBUG 2026-06-08 17:49:16 ort/utils.py:71 [CLIENT] Observation Published 4.3954973220825195 MB
DEBUG 2026-06-08 17:49:16 t_client.py:209 Sent observation #232 | 
DEBUG 2026-06-08 17:49:16 t_client.py:434 QUEUE SIZE: 8 (Must go: False)
DEBUG 2026-06-08 17:49:16 t_client.py:477 Control loop (ms): 121.59
DEBUG 2026-06-08 17:49:16 follower.py:184 follower_right SOFollower read state: 2.2ms
DEBUG 2026-06-08 17:49:16 follower.py:191 follower_right SOFollower read wrist: 0.0ms
DEBUG 2026-06-08 17:49:16 follower.py:184 follower_left SOFollower read state: 1.9ms
DEBUG 2026-06-08 17:49:16 follower.py:191 follower_left SOFollower read wrist: 0.0ms
DEBUG 2026-06-08 17:49:16 t_client.py:198 Observation serialization time: 0.010127s
DEBUG 2026-06-08 17:49:16 ort/utils.py:54 [CLIENT] Observation Buffer size 4.3954973220825195 MB with
DEBUG 2026-06-08 17:49:16 ort/utils.py:69 [CLIENT] Observation Sent 2097152/4609013 bytes with state 1
DEBUG 2026-06-08 17:49:16 ort/utils.py:69 [CLIENT] Observation Sent 4194304/4609013 bytes with state 2
DEBUG 2026-06-08 17:49:16 ort/utils.py:69 [CLIENT] Observation Sent 4609013/4609013 bytes with state 3
DEBUG 2026-06-08 17:49:16 ort/utils.py:71 [CLIENT] Observation Published 4.3954973220825195 MB
DEBUG 2026-06-08 17:49:16 t_client.py:292 Received actions on device: cpu
DEBUG 2026-06-08 17:49:16 t_client.py:302 Actions kept on device: cpu
DEBUG 2026-06-08 17:49:16 t_client.py:209 Sent observation #233 | 
DEBUG 2026-06-08 17:49:16 t_client.py:434 QUEUE SIZE: 7 (Must go: False)
DEBUG 2026-06-08 17:49:16 t_client.py:477 Control loop (ms): 114.20
DEBUG 2026-06-08 17:49:16 t_client.py:477 Control loop (ms): 1.27
DEBUG 2026-06-08 17:49:16 t_client.py:477 Control loop (ms): 1.57
DEBUG 2026-06-08 17:49:16 t_client.py:477 Control loop (ms): 2.66
DEBUG 2026-06-08 17:49:16 t_client.py:292 Received actions on device: cpu
DEBUG 2026-06-08 17:49:16 t_client.py:302 Actions kept on device: cpu
DEBUG 2026-06-08 17:49:16 t_client.py:477 Control loop (ms): 3.58
DEBUG 2026-06-08 17:49:16 t_client.py:477 Control loop (ms): 4.90
DEBUG 2026-06-08 17:49:16 t_client.py:477 Control loop (ms): 2.20
DEBUG 2026-06-08 17:49:16 t_client.py:477 Control loop (ms): 1.99
DEBUG 2026-06-08 17:49:16 follower.py:184 follower_right SOFollower read state: 2.0ms
DEBUG 2026-06-08 17:49:16 follower.py:191 follower_right SOFollower read wrist: 0.0ms
DEBUG 2026-06-08 17:49:16 follower.py:184 follower_left SOFollower read state: 1.8ms
DEBUG 2026-06-08 17:49:16 follower.py:191 follower_left SOFollower read wrist: 0.0ms
DEBUG 2026-06-08 17:49:16 t_client.py:198 Observation serialization time: 0.007958s
DEBUG 2026-06-08 17:49:16 ort/utils.py:54 [CLIENT] Observation Buffer size 4.3954973220825195 MB with
DEBUG 2026-06-08 17:49:16 ort/utils.py:69 [CLIENT] Observation Sent 2097152/4609013 bytes with state 1
DEBUG 2026-06-08 17:49:16 ort/utils.py:69 [CLIENT] Observation Sent 4194304/4609013 bytes with state 2
DEBUG 2026-06-08 17:49:16 ort/utils.py:69 [CLIENT] Observation Sent 4609013/4609013 bytes with state 3
DEBUG 2026-06-08 17:49:16 ort/utils.py:71 [CLIENT] Observation Published 4.3954973220825195 MB
DEBUG 2026-06-08 17:49:16 t_client.py:209 Sent observation #240 | 
DEBUG 2026-06-08 17:49:16 t_client.py:434 QUEUE SIZE: 8 (Must go: False)
DEBUG 2026-06-08 17:49:16 t_client.py:477 Control loop (ms): 130.72
DEBUG 2026-06-08 17:49:16 follower.py:184 follower_right SOFollower read state: 1.9ms
DEBUG 2026-06-08 17:49:16 follower.py:191 follower_right SOFollower read wrist: 0.0ms
DEBUG 2026-06-08 17:49:16 follower.py:184 follower_left SOFollower read state: 2.0ms
DEBUG 2026-06-08 17:49:16 follower.py:191 follower_left SOFollower read wrist: 0.0ms
DEBUG 2026-06-08 17:49:16 t_client.py:198 Observation serialization time: 0.010528s
DEBUG 2026-06-08 17:49:16 ort/utils.py:54 [CLIENT] Observation Buffer size 4.3954973220825195 MB with
DEBUG 2026-06-08 17:49:16 ort/utils.py:69 [CLIENT] Observation Sent 2097152/4609013 bytes with state 1
DEBUG 2026-06-08 17:49:16 ort/utils.py:69 [CLIENT] Observation Sent 4194304/4609013 bytes with state 2
DEBUG 2026-06-08 17:49:16 ort/utils.py:69 [CLIENT] Observation Sent 4609013/4609013 bytes with state 3
DEBUG 2026-06-08 17:49:16 ort/utils.py:71 [CLIENT] Observation Published 4.3954973220825195 MB
DEBUG 2026-06-08 17:49:16 t_client.py:292 Received actions on device: cpu
DEBUG 2026-06-08 17:49:16 t_client.py:302 Actions kept on device: cpu
DEBUG 2026-06-08 17:49:16 t_client.py:209 Sent observation #241 | 
DEBUG 2026-06-08 17:49:16 t_client.py:434 QUEUE SIZE: 7 (Must go: False)
DEBUG 2026-06-08 17:49:16 t_client.py:477 Control loop (ms): 127.24
DEBUG 2026-06-08 17:49:16 t_client.py:477 Control loop (ms): 1.79
DEBUG 2026-06-08 17:49:17 t_client.py:477 Control loop (ms): 1.81
DEBUG 2026-06-08 17:49:17 t_client.py:477 Control loop (ms): 2.30
DEBUG 2026-06-08 17:49:17 t_client.py:292 Received actions on device: cpu
DEBUG 2026-06-08 17:49:17 t_client.py:302 Actions kept on device: cpu
DEBUG 2026-06-08 17:49:17 t_client.py:477 Control loop (ms): 2.64
DEBUG 2026-06-08 17:49:17 t_client.py:477 Control loop (ms): 1.92
DEBUG 2026-06-08 17:49:17 t_client.py:477 Control loop (ms): 2.04
DEBUG 2026-06-08 17:49:17 t_client.py:477 Control loop (ms): 2.38
DEBUG 2026-06-08 17:49:17 follower.py:184 follower_right SOFollower read state: 2.4ms
DEBUG 2026-06-08 17:49:17 follower.py:191 follower_right SOFollower read wrist: 0.0ms
DEBUG 2026-06-08 17:49:17 follower.py:184 follower_left SOFollower read state: 2.4ms
DEBUG 2026-06-08 17:49:17 follower.py:191 follower_left SOFollower read wrist: 0.0ms
DEBUG 2026-06-08 17:49:17 t_client.py:198 Observation serialization time: 0.008266s
DEBUG 2026-06-08 17:49:17 ort/utils.py:54 [CLIENT] Observation Buffer size 4.3954973220825195 MB with
DEBUG 2026-06-08 17:49:17 ort/utils.py:69 [CLIENT] Observation Sent 2097152/4609013 bytes with state 1
DEBUG 2026-06-08 17:49:17 ort/utils.py:69 [CLIENT] Observation Sent 4194304/4609013 bytes with state 2
DEBUG 2026-06-08 17:49:17 ort/utils.py:69 [CLIENT] Observation Sent 4609013/4609013 bytes with state 3
DEBUG 2026-06-08 17:49:17 ort/utils.py:71 [CLIENT] Observation Published 4.3954973220825195 MB
DEBUG 2026-06-08 17:49:17 t_client.py:209 Sent observation #248 | 
DEBUG 2026-06-08 17:49:17 t_client.py:434 QUEUE SIZE: 8 (Must go: False)
DEBUG 2026-06-08 17:49:17 t_client.py:477 Control loop (ms): 114.30
DEBUG 2026-06-08 17:49:17 follower.py:184 follower_right SOFollower read state: 1.6ms
DEBUG 2026-06-08 17:49:17 follower.py:191 follower_right SOFollower read wrist: 0.0ms
DEBUG 2026-06-08 17:49:17 follower.py:184 follower_left SOFollower read state: 1.6ms
DEBUG 2026-06-08 17:49:17 follower.py:191 follower_left SOFollower read wrist: 0.0ms
DEBUG 2026-06-08 17:49:17 t_client.py:198 Observation serialization time: 0.007834s
DEBUG 2026-06-08 17:49:17 ort/utils.py:54 [CLIENT] Observation Buffer size 4.3954973220825195 MB with
DEBUG 2026-06-08 17:49:17 ort/utils.py:69 [CLIENT] Observation Sent 2097152/4609013 bytes with state 1
DEBUG 2026-06-08 17:49:17 ort/utils.py:69 [CLIENT] Observation Sent 4194304/4609013 bytes with state 2
DEBUG 2026-06-08 17:49:17 ort/utils.py:69 [CLIENT] Observation Sent 4609013/4609013 bytes with state 3
DEBUG 2026-06-08 17:49:17 ort/utils.py:71 [CLIENT] Observation Published 4.3954973220825195 MB
DEBUG 2026-06-08 17:49:17 t_client.py:292 Received actions on device: cpu
DEBUG 2026-06-08 17:49:17 t_client.py:209 Sent observation #249 | 
DEBUG 2026-06-08 17:49:17 t_client.py:302 Actions kept on device: cpu
DEBUG 2026-06-08 17:49:17 t_client.py:434 QUEUE SIZE: 7 (Must go: False)
DEBUG 2026-06-08 17:49:17 t_client.py:477 Control loop (ms): 143.55
DEBUG 2026-06-08 17:49:17 follower.py:184 follower_right SOFollower read state: 2.5ms
DEBUG 2026-06-08 17:49:17 follower.py:191 follower_right SOFollower read wrist: 0.0ms
DEBUG 2026-06-08 17:49:17 follower.py:184 follower_left SOFollower read state: 2.1ms
DEBUG 2026-06-08 17:49:17 follower.py:191 follower_left SOFollower read wrist: 0.0ms
DEBUG 2026-06-08 17:49:17 t_client.py:198 Observation serialization time: 0.011183s
DEBUG 2026-06-08 17:49:17 ort/utils.py:54 [CLIENT] Observation Buffer size 4.3954973220825195 MB with
DEBUG 2026-06-08 17:49:17 ort/utils.py:69 [CLIENT] Observation Sent 2097152/4609013 bytes with state 1
DEBUG 2026-06-08 17:49:17 ort/utils.py:69 [CLIENT] Observation Sent 4194304/4609013 bytes with state 2
DEBUG 2026-06-08 17:49:17 ort/utils.py:69 [CLIENT] Observation Sent 4609013/4609013 bytes with state 3
DEBUG 2026-06-08 17:49:17 ort/utils.py:71 [CLIENT] Observation Published 4.3954973220825195 MB
DEBUG 2026-06-08 17:49:17 t_client.py:292 Received actions on device: cpu
DEBUG 2026-06-08 17:49:17 t_client.py:302 Actions kept on device: cpu
DEBUG 2026-06-08 17:49:17 t_client.py:209 Sent observation #250 | 
DEBUG 2026-06-08 17:49:17 t_client.py:434 QUEUE SIZE: 14 (Must go: False)
DEBUG 2026-06-08 17:49:17 t_client.py:477 Control loop (ms): 165.86
DEBUG 2026-06-08 17:49:17 t_client.py:477 Control loop (ms): 1.99
DEBUG 2026-06-08 17:49:17 t_client.py:477 Control loop (ms): 2.18
DEBUG 2026-06-08 17:49:17 t_client.py:477 Control loop (ms): 1.86
DEBUG 2026-06-08 17:49:17 t_client.py:292 Received actions on device: cpu
DEBUG 2026-06-08 17:49:17 t_client.py:302 Actions kept on device: cpu
DEBUG 2026-06-08 17:49:17 t_client.py:477 Control loop (ms): 1.98
DEBUG 2026-06-08 17:49:17 t_client.py:477 Control loop (ms): 2.03
DEBUG 2026-06-08 17:49:17 t_client.py:477 Control loop (ms): 2.38
DEBUG 2026-06-08 17:49:17 follower.py:184 follower_right SOFollower read state: 2.3ms
DEBUG 2026-06-08 17:49:17 follower.py:191 follower_right SOFollower read wrist: 0.0ms
DEBUG 2026-06-08 17:49:17 follower.py:184 follower_left SOFollower read state: 2.2ms
DEBUG 2026-06-08 17:49:17 follower.py:191 follower_left SOFollower read wrist: 0.0ms
DEBUG 2026-06-08 17:49:17 t_client.py:198 Observation serialization time: 0.006039s
DEBUG 2026-06-08 17:49:17 ort/utils.py:54 [CLIENT] Observation Buffer size 4.395498275756836 MB with
DEBUG 2026-06-08 17:49:17 ort/utils.py:69 [CLIENT] Observation Sent 2097152/4609014 bytes with state 1
DEBUG 2026-06-08 17:49:17 ort/utils.py:69 [CLIENT] Observation Sent 4194304/4609014 bytes with state 2
DEBUG 2026-06-08 17:49:17 ort/utils.py:69 [CLIENT] Observation Sent 4609014/4609014 bytes with state 3
DEBUG 2026-06-08 17:49:17 ort/utils.py:71 [CLIENT] Observation Published 4.395498275756836 MB
DEBUG 2026-06-08 17:49:17 t_client.py:209 Sent observation #257 | 
DEBUG 2026-06-08 17:49:17 t_client.py:434 QUEUE SIZE: 8 (Must go: False)
DEBUG 2026-06-08 17:49:17 t_client.py:477 Control loop (ms): 126.15
DEBUG 2026-06-08 17:49:17 follower.py:184 follower_right SOFollower read state: 1.9ms
DEBUG 2026-06-08 17:49:17 follower.py:191 follower_right SOFollower read wrist: 0.0ms
DEBUG 2026-06-08 17:49:17 follower.py:184 follower_left SOFollower read state: 2.0ms
DEBUG 2026-06-08 17:49:17 follower.py:191 follower_left SOFollower read wrist: 0.0ms
DEBUG 2026-06-08 17:49:17 t_client.py:198 Observation serialization time: 0.008822s
DEBUG 2026-06-08 17:49:17 ort/utils.py:54 [CLIENT] Observation Buffer size 4.395498275756836 MB with
DEBUG 2026-06-08 17:49:17 ort/utils.py:69 [CLIENT] Observation Sent 2097152/4609014 bytes with state 1
DEBUG 2026-06-08 17:49:18 ort/utils.py:69 [CLIENT] Observation Sent 4194304/4609014 bytes with state 2
DEBUG 2026-06-08 17:49:18 ort/utils.py:69 [CLIENT] Observation Sent 4609014/4609014 bytes with state 3
DEBUG 2026-06-08 17:49:18 ort/utils.py:71 [CLIENT] Observation Published 4.395498275756836 MB
DEBUG 2026-06-08 17:49:18 t_client.py:292 Received actions on device: cpu
DEBUG 2026-06-08 17:49:18 t_client.py:302 Actions kept on device: cpu
DEBUG 2026-06-08 17:49:18 t_client.py:209 Sent observation #258 | 
DEBUG 2026-06-08 17:49:18 t_client.py:434 QUEUE SIZE: 7 (Must go: False)
DEBUG 2026-06-08 17:49:18 t_client.py:477 Control loop (ms): 141.34
DEBUG 2026-06-08 17:49:18 t_client.py:477 Control loop (ms): 1.48
DEBUG 2026-06-08 17:49:18 t_client.py:477 Control loop (ms): 2.55
DEBUG 2026-06-08 17:49:18 t_client.py:477 Control loop (ms): 2.02
DEBUG 2026-06-08 17:49:18 t_client.py:477 Control loop (ms): 7.19
DEBUG 2026-06-08 17:49:18 t_client.py:292 Received actions on device: cpu
DEBUG 2026-06-08 17:49:18 t_client.py:302 Actions kept on device: cpu
DEBUG 2026-06-08 17:49:18 t_client.py:477 Control loop (ms): 1.67
DEBUG 2026-06-08 17:49:18 t_client.py:477 Control loop (ms): 1.73
DEBUG 2026-06-08 17:49:18 t_client.py:477 Control loop (ms): 1.62
DEBUG 2026-06-08 17:49:18 follower.py:184 follower_right SOFollower read state: 1.9ms
DEBUG 2026-06-08 17:49:18 follower.py:191 follower_right SOFollower read wrist: 0.0ms
DEBUG 2026-06-08 17:49:18 follower.py:184 follower_left SOFollower read state: 1.7ms
DEBUG 2026-06-08 17:49:18 follower.py:191 follower_left SOFollower read wrist: 0.0ms
DEBUG 2026-06-08 17:49:18 t_client.py:198 Observation serialization time: 0.004596s
DEBUG 2026-06-08 17:49:18 ort/utils.py:54 [CLIENT] Observation Buffer size 4.395498275756836 MB with
DEBUG 2026-06-08 17:49:18 ort/utils.py:69 [CLIENT] Observation Sent 2097152/4609014 bytes with state 1
DEBUG 2026-06-08 17:49:18 ort/utils.py:69 [CLIENT] Observation Sent 4194304/4609014 bytes with state 2
DEBUG 2026-06-08 17:49:18 ort/utils.py:69 [CLIENT] Observation Sent 4609014/4609014 bytes with state 3
DEBUG 2026-06-08 17:49:18 ort/utils.py:71 [CLIENT] Observation Published 4.395498275756836 MB
DEBUG 2026-06-08 17:49:18 t_client.py:209 Sent observation #265 | 
DEBUG 2026-06-08 17:49:18 t_client.py:434 QUEUE SIZE: 8 (Must go: False)
DEBUG 2026-06-08 17:49:18 t_client.py:477 Control loop (ms): 125.87
DEBUG 2026-06-08 17:49:18 follower.py:184 follower_right SOFollower read state: 1.9ms
DEBUG 2026-06-08 17:49:18 follower.py:191 follower_right SOFollower read wrist: 0.0ms
DEBUG 2026-06-08 17:49:18 follower.py:184 follower_left SOFollower read state: 1.8ms
DEBUG 2026-06-08 17:49:18 follower.py:191 follower_left SOFollower read wrist: 0.0ms
DEBUG 2026-06-08 17:49:18 t_client.py:198 Observation serialization time: 0.004782s
DEBUG 2026-06-08 17:49:18 ort/utils.py:54 [CLIENT] Observation Buffer size 4.395498275756836 MB with
DEBUG 2026-06-08 17:49:18 ort/utils.py:69 [CLIENT] Observation Sent 2097152/4609014 bytes with state 1
DEBUG 2026-06-08 17:49:18 ort/utils.py:69 [CLIENT] Observation Sent 4194304/4609014 bytes with state 2
DEBUG 2026-06-08 17:49:18 ort/utils.py:69 [CLIENT] Observation Sent 4609014/4609014 bytes with state 3
DEBUG 2026-06-08 17:49:18 ort/utils.py:71 [CLIENT] Observation Published 4.395498275756836 MB
DEBUG 2026-06-08 17:49:18 t_client.py:292 Received actions on device: cpu
DEBUG 2026-06-08 17:49:18 t_client.py:302 Actions kept on device: cpu
DEBUG 2026-06-08 17:49:18 t_client.py:209 Sent observation #266 | 
DEBUG 2026-06-08 17:49:18 t_client.py:434 QUEUE SIZE: 7 (Must go: False)
DEBUG 2026-06-08 17:49:18 t_client.py:477 Control loop (ms): 137.49
DEBUG 2026-06-08 17:49:18 t_client.py:477 Control loop (ms): 1.50
DEBUG 2026-06-08 17:49:18 t_client.py:477 Control loop (ms): 2.99
DEBUG 2026-06-08 17:49:18 t_client.py:477 Control loop (ms): 1.81
DEBUG 2026-06-08 17:49:18 t_client.py:292 Received actions on device: cpu
DEBUG 2026-06-08 17:49:18 t_client.py:302 Actions kept on device: cpu
DEBUG 2026-06-08 17:49:18 t_client.py:477 Control loop (ms): 1.52
DEBUG 2026-06-08 17:49:18 t_client.py:477 Control loop (ms): 0.71
DEBUG 2026-06-08 17:49:18 t_client.py:477 Control loop (ms): 2.20
DEBUG 2026-06-08 17:49:18 follower.py:184 follower_right SOFollower read state: 2.2ms
DEBUG 2026-06-08 17:49:18 follower.py:191 follower_right SOFollower read wrist: 0.0ms
DEBUG 2026-06-08 17:49:18 follower.py:184 follower_left SOFollower read state: 2.2ms
DEBUG 2026-06-08 17:49:18 follower.py:191 follower_left SOFollower read wrist: 0.0ms
DEBUG 2026-06-08 17:49:18 t_client.py:198 Observation serialization time: 0.007996s
DEBUG 2026-06-08 17:49:18 ort/utils.py:54 [CLIENT] Observation Buffer size 4.395498275756836 MB with
DEBUG 2026-06-08 17:49:18 ort/utils.py:69 [CLIENT] Observation Sent 2097152/4609014 bytes with state 1
DEBUG 2026-06-08 17:49:18 ort/utils.py:69 [CLIENT] Observation Sent 4194304/4609014 bytes with state 2
DEBUG 2026-06-08 17:49:18 ort/utils.py:69 [CLIENT] Observation Sent 4609014/4609014 bytes with state 3
DEBUG 2026-06-08 17:49:18 ort/utils.py:71 [CLIENT] Observation Published 4.395498275756836 MB
DEBUG 2026-06-08 17:49:18 t_client.py:209 Sent observation #273 | 
DEBUG 2026-06-08 17:49:18 t_client.py:434 QUEUE SIZE: 8 (Must go: False)
DEBUG 2026-06-08 17:49:18 t_client.py:477 Control loop (ms): 134.05
DEBUG 2026-06-08 17:49:18 follower.py:184 follower_right SOFollower read state: 1.9ms
DEBUG 2026-06-08 17:49:18 follower.py:191 follower_right SOFollower read wrist: 0.0ms
DEBUG 2026-06-08 17:49:18 follower.py:184 follower_left SOFollower read state: 1.7ms
DEBUG 2026-06-08 17:49:18 follower.py:191 follower_left SOFollower read wrist: 0.0ms
DEBUG 2026-06-08 17:49:18 t_client.py:198 Observation serialization time: 0.006416s
DEBUG 2026-06-08 17:49:18 ort/utils.py:54 [CLIENT] Observation Buffer size 4.395498275756836 MB with
DEBUG 2026-06-08 17:49:18 ort/utils.py:69 [CLIENT] Observation Sent 2097152/4609014 bytes with state 1
DEBUG 2026-06-08 17:49:19 ort/utils.py:69 [CLIENT] Observation Sent 4194304/4609014 bytes with state 2
DEBUG 2026-06-08 17:49:19 ort/utils.py:69 [CLIENT] Observation Sent 4609014/4609014 bytes with state 3
DEBUG 2026-06-08 17:49:19 ort/utils.py:71 [CLIENT] Observation Published 4.395498275756836 MB
DEBUG 2026-06-08 17:49:19 t_client.py:292 Received actions on device: cpu
DEBUG 2026-06-08 17:49:19 t_client.py:302 Actions kept on device: cpu
DEBUG 2026-06-08 17:49:19 t_client.py:209 Sent observation #274 | 
DEBUG 2026-06-08 17:49:19 t_client.py:434 QUEUE SIZE: 7 (Must go: False)
DEBUG 2026-06-08 17:49:19 t_client.py:477 Control loop (ms): 118.93
DEBUG 2026-06-08 17:49:19 t_client.py:477 Control loop (ms): 1.62
DEBUG 2026-06-08 17:49:19 t_client.py:477 Control loop (ms): 1.92
DEBUG 2026-06-08 17:49:19 t_client.py:477 Control loop (ms): 1.95
DEBUG 2026-06-08 17:49:19 t_client.py:292 Received actions on device: cpu
DEBUG 2026-06-08 17:49:19 t_client.py:302 Actions kept on device: cpu
DEBUG 2026-06-08 17:49:19 t_client.py:477 Control loop (ms): 2.41
DEBUG 2026-06-08 17:49:19 t_client.py:477 Control loop (ms): 1.32
DEBUG 2026-06-08 17:49:19 t_client.py:477 Control loop (ms): 2.14
DEBUG 2026-06-08 17:49:19 t_client.py:477 Control loop (ms): 2.07
DEBUG 2026-06-08 17:49:19 follower.py:184 follower_right SOFollower read state: 3.1ms
DEBUG 2026-06-08 17:49:19 follower.py:191 follower_right SOFollower read wrist: 0.1ms
DEBUG 2026-06-08 17:49:19 follower.py:184 follower_left SOFollower read state: 2.1ms
DEBUG 2026-06-08 17:49:19 follower.py:191 follower_left SOFollower read wrist: 0.0ms
DEBUG 2026-06-08 17:49:19 t_client.py:198 Observation serialization time: 0.008684s
DEBUG 2026-06-08 17:49:19 ort/utils.py:54 [CLIENT] Observation Buffer size 4.395498275756836 MB with
DEBUG 2026-06-08 17:49:19 ort/utils.py:69 [CLIENT] Observation Sent 2097152/4609014 bytes with state 1
DEBUG 2026-06-08 17:49:19 ort/utils.py:69 [CLIENT] Observation Sent 4194304/4609014 bytes with state 2
DEBUG 2026-06-08 17:49:19 ort/utils.py:69 [CLIENT] Observation Sent 4609014/4609014 bytes with state 3
DEBUG 2026-06-08 17:49:19 ort/utils.py:71 [CLIENT] Observation Published 4.395498275756836 MB
DEBUG 2026-06-08 17:49:19 t_client.py:209 Sent observation #281 | 
DEBUG 2026-06-08 17:49:19 t_client.py:434 QUEUE SIZE: 8 (Must go: False)
DEBUG 2026-06-08 17:49:19 t_client.py:477 Control loop (ms): 124.09
DEBUG 2026-06-08 17:49:19 follower.py:184 follower_right SOFollower read state: 1.8ms
DEBUG 2026-06-08 17:49:19 follower.py:191 follower_right SOFollower read wrist: 0.0ms
DEBUG 2026-06-08 17:49:19 follower.py:184 follower_left SOFollower read state: 1.7ms
DEBUG 2026-06-08 17:49:19 follower.py:191 follower_left SOFollower read wrist: 0.0ms
DEBUG 2026-06-08 17:49:19 t_client.py:198 Observation serialization time: 0.005234s
DEBUG 2026-06-08 17:49:19 ort/utils.py:54 [CLIENT] Observation Buffer size 4.395498275756836 MB with
DEBUG 2026-06-08 17:49:19 ort/utils.py:69 [CLIENT] Observation Sent 2097152/4609014 bytes with state 1
DEBUG 2026-06-08 17:49:19 ort/utils.py:69 [CLIENT] Observation Sent 4194304/4609014 bytes with state 2
DEBUG 2026-06-08 17:49:19 ort/utils.py:69 [CLIENT] Observation Sent 4609014/4609014 bytes with state 3
DEBUG 2026-06-08 17:49:19 ort/utils.py:71 [CLIENT] Observation Published 4.395498275756836 MB
DEBUG 2026-06-08 17:49:19 t_client.py:292 Received actions on device: cpu
DEBUG 2026-06-08 17:49:19 t_client.py:302 Actions kept on device: cpu
DEBUG 2026-06-08 17:49:19 t_client.py:209 Sent observation #282 | 
DEBUG 2026-06-08 17:49:19 t_client.py:434 QUEUE SIZE: 7 (Must go: False)
DEBUG 2026-06-08 17:49:19 t_client.py:477 Control loop (ms): 122.50
DEBUG 2026-06-08 17:49:19 t_client.py:477 Control loop (ms): 1.53
DEBUG 2026-06-08 17:49:19 t_client.py:477 Control loop (ms): 1.92
DEBUG 2026-06-08 17:49:19 t_client.py:477 Control loop (ms): 2.35
DEBUG 2026-06-08 17:49:19 t_client.py:292 Received actions on device: cpu
DEBUG 2026-06-08 17:49:19 t_client.py:302 Actions kept on device: cpu
DEBUG 2026-06-08 17:49:19 t_client.py:477 Control loop (ms): 2.08
DEBUG 2026-06-08 17:49:19 t_client.py:477 Control loop (ms): 1.93
DEBUG 2026-06-08 17:49:19 t_client.py:477 Control loop (ms): 2.76
DEBUG 2026-06-08 17:49:19 follower.py:184 follower_right SOFollower read state: 2.1ms
DEBUG 2026-06-08 17:49:19 follower.py:191 follower_right SOFollower read wrist: 0.0ms
DEBUG 2026-06-08 17:49:19 follower.py:184 follower_left SOFollower read state: 2.5ms
DEBUG 2026-06-08 17:49:19 follower.py:191 follower_left SOFollower read wrist: 0.0ms
DEBUG 2026-06-08 17:49:19 t_client.py:198 Observation serialization time: 0.015458s
DEBUG 2026-06-08 17:49:19 ort/utils.py:54 [CLIENT] Observation Buffer size 4.395498275756836 MB with
DEBUG 2026-06-08 17:49:19 ort/utils.py:69 [CLIENT] Observation Sent 2097152/4609014 bytes with state 1
DEBUG 2026-06-08 17:49:19 ort/utils.py:69 [CLIENT] Observation Sent 4194304/4609014 bytes with state 2
DEBUG 2026-06-08 17:49:19 ort/utils.py:69 [CLIENT] Observation Sent 4609014/4609014 bytes with state 3
DEBUG 2026-06-08 17:49:19 ort/utils.py:71 [CLIENT] Observation Published 4.395498275756836 MB
DEBUG 2026-06-08 17:49:19 t_client.py:209 Sent observation #289 | 
DEBUG 2026-06-08 17:49:19 t_client.py:434 QUEUE SIZE: 8 (Must go: False)
DEBUG 2026-06-08 17:49:19 t_client.py:477 Control loop (ms): 127.59
DEBUG 2026-06-08 17:49:19 follower.py:184 follower_right SOFollower read state: 2.3ms
DEBUG 2026-06-08 17:49:19 follower.py:191 follower_right SOFollower read wrist: 0.0ms
DEBUG 2026-06-08 17:49:19 follower.py:184 follower_left SOFollower read state: 2.1ms
DEBUG 2026-06-08 17:49:19 follower.py:191 follower_left SOFollower read wrist: 0.0ms
DEBUG 2026-06-08 17:49:19 t_client.py:198 Observation serialization time: 0.010835s
DEBUG 2026-06-08 17:49:19 ort/utils.py:54 [CLIENT] Observation Buffer size 4.395498275756836 MB with
DEBUG 2026-06-08 17:49:19 ort/utils.py:69 [CLIENT] Observation Sent 2097152/4609014 bytes with state 1
DEBUG 2026-06-08 17:49:19 ort/utils.py:69 [CLIENT] Observation Sent 4194304/4609014 bytes with state 2
DEBUG 2026-06-08 17:49:19 ort/utils.py:69 [CLIENT] Observation Sent 4609014/4609014 bytes with state 3
DEBUG 2026-06-08 17:49:19 ort/utils.py:71 [CLIENT] Observation Published 4.395498275756836 MB
DEBUG 2026-06-08 17:49:19 t_client.py:292 Received actions on device: cpu
DEBUG 2026-06-08 17:49:19 t_client.py:302 Actions kept on device: cpu
DEBUG 2026-06-08 17:49:19 t_client.py:209 Sent observation #290 | 
DEBUG 2026-06-08 17:49:19 t_client.py:434 QUEUE SIZE: 7 (Must go: False)
DEBUG 2026-06-08 17:49:19 t_client.py:477 Control loop (ms): 133.14
DEBUG 2026-06-08 17:49:20 t_client.py:477 Control loop (ms): 1.82
DEBUG 2026-06-08 17:49:20 t_client.py:477 Control loop (ms): 0.58
DEBUG 2026-06-08 17:49:20 t_client.py:477 Control loop (ms): 1.79
DEBUG 2026-06-08 17:49:20 t_client.py:292 Received actions on device: cpu
DEBUG 2026-06-08 17:49:20 t_client.py:302 Actions kept on device: cpu
DEBUG 2026-06-08 17:49:20 t_client.py:477 Control loop (ms): 0.82
DEBUG 2026-06-08 17:49:20 t_client.py:477 Control loop (ms): 2.25
DEBUG 2026-06-08 17:49:20 t_client.py:477 Control loop (ms): 1.82
DEBUG 2026-06-08 17:49:20 follower.py:184 follower_right SOFollower read state: 2.5ms
DEBUG 2026-06-08 17:49:20 follower.py:191 follower_right SOFollower read wrist: 0.0ms
DEBUG 2026-06-08 17:49:20 follower.py:184 follower_left SOFollower read state: 2.2ms
DEBUG 2026-06-08 17:49:20 follower.py:191 follower_left SOFollower read wrist: 0.0ms
DEBUG 2026-06-08 17:49:20 t_client.py:198 Observation serialization time: 0.010412s
DEBUG 2026-06-08 17:49:20 ort/utils.py:54 [CLIENT] Observation Buffer size 4.395498275756836 MB with
DEBUG 2026-06-08 17:49:20 ort/utils.py:69 [CLIENT] Observation Sent 2097152/4609014 bytes with state 1
DEBUG 2026-06-08 17:49:20 ort/utils.py:69 [CLIENT] Observation Sent 4194304/4609014 bytes with state 2
DEBUG 2026-06-08 17:49:20 ort/utils.py:69 [CLIENT] Observation Sent 4609014/4609014 bytes with state 3
DEBUG 2026-06-08 17:49:20 ort/utils.py:71 [CLIENT] Observation Published 4.395498275756836 MB
DEBUG 2026-06-08 17:49:20 t_client.py:209 Sent observation #297 | 
DEBUG 2026-06-08 17:49:20 t_client.py:434 QUEUE SIZE: 8 (Must go: False)
DEBUG 2026-06-08 17:49:20 t_client.py:477 Control loop (ms): 113.33
DEBUG 2026-06-08 17:49:20 follower.py:184 follower_right SOFollower read state: 2.0ms
DEBUG 2026-06-08 17:49:20 follower.py:191 follower_right SOFollower read wrist: 0.0ms
DEBUG 2026-06-08 17:49:20 follower.py:184 follower_left SOFollower read state: 1.5ms
DEBUG 2026-06-08 17:49:20 follower.py:191 follower_left SOFollower read wrist: 0.0ms
DEBUG 2026-06-08 17:49:20 t_client.py:198 Observation serialization time: 0.005227s
DEBUG 2026-06-08 17:49:20 ort/utils.py:54 [CLIENT] Observation Buffer size 4.395498275756836 MB with
DEBUG 2026-06-08 17:49:20 ort/utils.py:69 [CLIENT] Observation Sent 2097152/4609014 bytes with state 1
DEBUG 2026-06-08 17:49:20 ort/utils.py:69 [CLIENT] Observation Sent 4194304/4609014 bytes with state 2
DEBUG 2026-06-08 17:49:20 ort/utils.py:69 [CLIENT] Observation Sent 4609014/4609014 bytes with state 3
DEBUG 2026-06-08 17:49:20 ort/utils.py:71 [CLIENT] Observation Published 4.395498275756836 MB
DEBUG 2026-06-08 17:49:20 t_client.py:209 Sent observation #298 | 
DEBUG 2026-06-08 17:49:20 t_client.py:434 QUEUE SIZE: 7 (Must go: False)
DEBUG 2026-06-08 17:49:20 t_client.py:477 Control loop (ms): 97.58
DEBUG 2026-06-08 17:49:20 t_client.py:292 Received actions on device: cpu
DEBUG 2026-06-08 17:49:20 t_client.py:302 Actions kept on device: cpu
DEBUG 2026-06-08 17:49:20 follower.py:184 follower_right SOFollower read state: 2.7ms
DEBUG 2026-06-08 17:49:20 follower.py:191 follower_right SOFollower read wrist: 0.0ms
DEBUG 2026-06-08 17:49:20 follower.py:184 follower_left SOFollower read state: 1.8ms
DEBUG 2026-06-08 17:49:20 follower.py:191 follower_left SOFollower read wrist: 0.0ms
DEBUG 2026-06-08 17:49:20 t_client.py:198 Observation serialization time: 0.007598s
DEBUG 2026-06-08 17:49:20 ort/utils.py:54 [CLIENT] Observation Buffer size 4.395498275756836 MB with
DEBUG 2026-06-08 17:49:20 ort/utils.py:69 [CLIENT] Observation Sent 2097152/4609014 bytes with state 1
DEBUG 2026-06-08 17:49:20 ort/utils.py:69 [CLIENT] Observation Sent 4194304/4609014 bytes with state 2
DEBUG 2026-06-08 17:49:20 ort/utils.py:69 [CLIENT] Observation Sent 4609014/4609014 bytes with state 3
DEBUG 2026-06-08 17:49:20 ort/utils.py:71 [CLIENT] Observation Published 4.395498275756836 MB
DEBUG 2026-06-08 17:49:20 t_client.py:292 Received actions on device: cpu
DEBUG 2026-06-08 17:49:20 t_client.py:302 Actions kept on device: cpu
DEBUG 2026-06-08 17:49:20 t_client.py:209 Sent observation #299 | 
DEBUG 2026-06-08 17:49:20 t_client.py:434 QUEUE SIZE: 13 (Must go: False)
DEBUG 2026-06-08 17:49:20 t_client.py:477 Control loop (ms): 148.71
DEBUG 2026-06-08 17:49:20 t_client.py:477 Control loop (ms): 1.48
DEBUG 2026-06-08 17:49:20 t_client.py:477 Control loop (ms): 2.32
DEBUG 2026-06-08 17:49:20 t_client.py:477 Control loop (ms): 2.71
DEBUG 2026-06-08 17:49:20 t_client.py:477 Control loop (ms): 3.18
DEBUG 2026-06-08 17:49:20 t_client.py:477 Control loop (ms): 3.15
DEBUG 2026-06-08 17:49:20 follower.py:184 follower_right SOFollower read state: 2.5ms
DEBUG 2026-06-08 17:49:20 follower.py:191 follower_right SOFollower read wrist: 0.0ms
DEBUG 2026-06-08 17:49:20 follower.py:184 follower_left SOFollower read state: 2.0ms
DEBUG 2026-06-08 17:49:20 follower.py:191 follower_left SOFollower read wrist: 0.0ms
DEBUG 2026-06-08 17:49:20 t_client.py:198 Observation serialization time: 0.010075s
DEBUG 2026-06-08 17:49:20 ort/utils.py:54 [CLIENT] Observation Buffer size 4.395498275756836 MB with
DEBUG 2026-06-08 17:49:20 ort/utils.py:69 [CLIENT] Observation Sent 2097152/4609014 bytes with state 1
DEBUG 2026-06-08 17:49:20 ort/utils.py:69 [CLIENT] Observation Sent 4194304/4609014 bytes with state 2
DEBUG 2026-06-08 17:49:20 ort/utils.py:69 [CLIENT] Observation Sent 4609014/4609014 bytes with state 3
DEBUG 2026-06-08 17:49:20 ort/utils.py:71 [CLIENT] Observation Published 4.395498275756836 MB
DEBUG 2026-06-08 17:49:20 t_client.py:209 Sent observation #305 | 
DEBUG 2026-06-08 17:49:20 t_client.py:434 QUEUE SIZE: 8 (Must go: False)
DEBUG 2026-06-08 17:49:20 t_client.py:477 Control loop (ms): 142.42
DEBUG 2026-06-08 17:49:20 follower.py:184 follower_right SOFollower read state: 2.1ms
DEBUG 2026-06-08 17:49:20 follower.py:191 follower_right SOFollower read wrist: 0.1ms
DEBUG 2026-06-08 17:49:20 follower.py:184 follower_left SOFollower read state: 1.9ms
DEBUG 2026-06-08 17:49:20 follower.py:191 follower_left SOFollower read wrist: 0.0ms
DEBUG 2026-06-08 17:49:20 t_client.py:198 Observation serialization time: 0.007675s
DEBUG 2026-06-08 17:49:20 ort/utils.py:54 [CLIENT] Observation Buffer size 4.395498275756836 MB with
DEBUG 2026-06-08 17:49:20 ort/utils.py:69 [CLIENT] Observation Sent 2097152/4609014 bytes with state 1
DEBUG 2026-06-08 17:49:20 ort/utils.py:69 [CLIENT] Observation Sent 4194304/4609014 bytes with state 2
DEBUG 2026-06-08 17:49:20 ort/utils.py:69 [CLIENT] Observation Sent 4609014/4609014 bytes with state 3
DEBUG 2026-06-08 17:49:20 ort/utils.py:71 [CLIENT] Observation Published 4.395498275756836 MB
DEBUG 2026-06-08 17:49:20 t_client.py:209 Sent observation #306 | 
DEBUG 2026-06-08 17:49:20 t_client.py:434 QUEUE SIZE: 7 (Must go: False)
DEBUG 2026-06-08 17:49:20 t_client.py:477 Control loop (ms): 116.91
DEBUG 2026-06-08 17:49:20 follower.py:184 follower_right SOFollower read state: 2.3ms
DEBUG 2026-06-08 17:49:20 follower.py:191 follower_right SOFollower read wrist: 0.0ms
DEBUG 2026-06-08 17:49:20 follower.py:184 follower_left SOFollower read state: 3.0ms
DEBUG 2026-06-08 17:49:20 follower.py:191 follower_left SOFollower read wrist: 0.0ms
DEBUG 2026-06-08 17:49:21 t_client.py:198 Observation serialization time: 0.009570s
DEBUG 2026-06-08 17:49:21 ort/utils.py:54 [CLIENT] Observation Buffer size 4.395498275756836 MB with
DEBUG 2026-06-08 17:49:21 t_client.py:292 Received actions on device: cpu
DEBUG 2026-06-08 17:49:21 t_client.py:302 Actions kept on device: cpu
DEBUG 2026-06-08 17:49:21 ort/utils.py:69 [CLIENT] Observation Sent 2097152/4609014 bytes with state 1
DEBUG 2026-06-08 17:49:21 ort/utils.py:69 [CLIENT] Observation Sent 4194304/4609014 bytes with state 2
DEBUG 2026-06-08 17:49:21 ort/utils.py:69 [CLIENT] Observation Sent 4609014/4609014 bytes with state 3
DEBUG 2026-06-08 17:49:21 ort/utils.py:71 [CLIENT] Observation Published 4.395498275756836 MB
DEBUG 2026-06-08 17:49:21 t_client.py:209 Sent observation #307 | 
DEBUG 2026-06-08 17:49:21 t_client.py:434 QUEUE SIZE: 6 (Must go: False)
DEBUG 2026-06-08 17:49:21 t_client.py:477 Control loop (ms): 125.08
DEBUG 2026-06-08 17:49:21 t_client.py:477 Control loop (ms): 1.64
DEBUG 2026-06-08 17:49:21 t_client.py:477 Control loop (ms): 1.41
DEBUG 2026-06-08 17:49:21 t_client.py:292 Received actions on device: cpu
DEBUG 2026-06-08 17:49:21 t_client.py:302 Actions kept on device: cpu
DEBUG 2026-06-08 17:49:21 t_client.py:477 Control loop (ms): 1.64
DEBUG 2026-06-08 17:49:21 t_client.py:477 Control loop (ms): 1.30
DEBUG 2026-06-08 17:49:21 t_client.py:477 Control loop (ms): 1.20
DEBUG 2026-06-08 17:49:21 t_client.py:292 Received actions on device: cpu
DEBUG 2026-06-08 17:49:21 t_client.py:302 Actions kept on device: cpu
DEBUG 2026-06-08 17:49:21 t_client.py:477 Control loop (ms): 1.70
DEBUG 2026-06-08 17:49:21 follower.py:184 follower_right SOFollower read state: 2.4ms
DEBUG 2026-06-08 17:49:21 follower.py:191 follower_right SOFollower read wrist: 0.0ms
DEBUG 2026-06-08 17:49:21 follower.py:184 follower_left SOFollower read state: 2.4ms
DEBUG 2026-06-08 17:49:21 follower.py:191 follower_left SOFollower read wrist: 0.0ms
DEBUG 2026-06-08 17:49:21 t_client.py:198 Observation serialization time: 0.005857s
DEBUG 2026-06-08 17:49:21 ort/utils.py:54 [CLIENT] Observation Buffer size 4.395498275756836 MB with
DEBUG 2026-06-08 17:49:21 ort/utils.py:69 [CLIENT] Observation Sent 2097152/4609014 bytes with state 1
DEBUG 2026-06-08 17:49:21 ort/utils.py:69 [CLIENT] Observation Sent 4194304/4609014 bytes with state 2
DEBUG 2026-06-08 17:49:21 ort/utils.py:69 [CLIENT] Observation Sent 4609014/4609014 bytes with state 3
DEBUG 2026-06-08 17:49:21 ort/utils.py:71 [CLIENT] Observation Published 4.395498275756836 MB
DEBUG 2026-06-08 17:49:21 t_client.py:209 Sent observation #314 | 
DEBUG 2026-06-08 17:49:21 t_client.py:434 QUEUE SIZE: 8 (Must go: False)
DEBUG 2026-06-08 17:49:21 t_client.py:477 Control loop (ms): 120.51
DEBUG 2026-06-08 17:49:21 follower.py:184 follower_right SOFollower read state: 2.3ms
DEBUG 2026-06-08 17:49:21 follower.py:191 follower_right SOFollower read wrist: 0.0ms
DEBUG 2026-06-08 17:49:21 follower.py:184 follower_left SOFollower read state: 2.0ms
DEBUG 2026-06-08 17:49:21 follower.py:191 follower_left SOFollower read wrist: 0.0ms
DEBUG 2026-06-08 17:49:21 t_client.py:198 Observation serialization time: 0.009311s
DEBUG 2026-06-08 17:49:21 ort/utils.py:54 [CLIENT] Observation Buffer size 4.395498275756836 MB with
DEBUG 2026-06-08 17:49:21 ort/utils.py:69 [CLIENT] Observation Sent 2097152/4609014 bytes with state 1
DEBUG 2026-06-08 17:49:21 ort/utils.py:69 [CLIENT] Observation Sent 4194304/4609014 bytes with state 2
DEBUG 2026-06-08 17:49:21 ort/utils.py:69 [CLIENT] Observation Sent 4609014/4609014 bytes with state 3
DEBUG 2026-06-08 17:49:21 ort/utils.py:71 [CLIENT] Observation Published 4.395498275756836 MB
DEBUG 2026-06-08 17:49:21 t_client.py:292 Received actions on device: cpu
DEBUG 2026-06-08 17:49:21 t_client.py:302 Actions kept on device: cpu
DEBUG 2026-06-08 17:49:21 t_client.py:209 Sent observation #315 | 
DEBUG 2026-06-08 17:49:21 t_client.py:434 QUEUE SIZE: 7 (Must go: False)
DEBUG 2026-06-08 17:49:21 t_client.py:477 Control loop (ms): 128.32
DEBUG 2026-06-08 17:49:21 t_client.py:477 Control loop (ms): 1.46
DEBUG 2026-06-08 17:49:21 t_client.py:477 Control loop (ms): 1.97
DEBUG 2026-06-08 17:49:21 t_client.py:477 Control loop (ms): 2.01
DEBUG 2026-06-08 17:49:21 t_client.py:292 Received actions on device: cpu
DEBUG 2026-06-08 17:49:21 t_client.py:302 Actions kept on device: cpu
DEBUG 2026-06-08 17:49:21 t_client.py:477 Control loop (ms): 2.83
DEBUG 2026-06-08 17:49:21 t_client.py:477 Control loop (ms): 1.62
DEBUG 2026-06-08 17:49:21 t_client.py:477 Control loop (ms): 2.28
DEBUG 2026-06-08 17:49:21 t_client.py:477 Control loop (ms): 2.25
DEBUG 2026-06-08 17:49:21 follower.py:184 follower_right SOFollower read state: 2.4ms
DEBUG 2026-06-08 17:49:21 follower.py:191 follower_right SOFollower read wrist: 0.0ms
DEBUG 2026-06-08 17:49:21 follower.py:184 follower_left SOFollower read state: 2.3ms
DEBUG 2026-06-08 17:49:21 follower.py:191 follower_left SOFollower read wrist: 0.0ms
DEBUG 2026-06-08 17:49:21 t_client.py:198 Observation serialization time: 0.010675s
DEBUG 2026-06-08 17:49:21 ort/utils.py:54 [CLIENT] Observation Buffer size 4.395498275756836 MB with
DEBUG 2026-06-08 17:49:21 ort/utils.py:69 [CLIENT] Observation Sent 2097152/4609014 bytes with state 1
DEBUG 2026-06-08 17:49:21 ort/utils.py:69 [CLIENT] Observation Sent 4194304/4609014 bytes with state 2
DEBUG 2026-06-08 17:49:21 ort/utils.py:69 [CLIENT] Observation Sent 4609014/4609014 bytes with state 3
DEBUG 2026-06-08 17:49:21 ort/utils.py:71 [CLIENT] Observation Published 4.395498275756836 MB
DEBUG 2026-06-08 17:49:21 t_client.py:209 Sent observation #322 | 
DEBUG 2026-06-08 17:49:21 t_client.py:434 QUEUE SIZE: 8 (Must go: False)
DEBUG 2026-06-08 17:49:21 t_client.py:477 Control loop (ms): 138.76
DEBUG 2026-06-08 17:49:21 follower.py:184 follower_right SOFollower read state: 2.0ms
DEBUG 2026-06-08 17:49:21 follower.py:191 follower_right SOFollower read wrist: 0.0ms
DEBUG 2026-06-08 17:49:21 follower.py:184 follower_left SOFollower read state: 2.0ms
DEBUG 2026-06-08 17:49:21 follower.py:191 follower_left SOFollower read wrist: 0.0ms
DEBUG 2026-06-08 17:49:21 t_client.py:198 Observation serialization time: 0.008023s
DEBUG 2026-06-08 17:49:21 ort/utils.py:54 [CLIENT] Observation Buffer size 4.395498275756836 MB with
DEBUG 2026-06-08 17:49:21 ort/utils.py:69 [CLIENT] Observation Sent 2097152/4609014 bytes with state 1
DEBUG 2026-06-08 17:49:21 ort/utils.py:69 [CLIENT] Observation Sent 4194304/4609014 bytes with state 2
DEBUG 2026-06-08 17:49:22 ort/utils.py:69 [CLIENT] Observation Sent 4609014/4609014 bytes with state 3
DEBUG 2026-06-08 17:49:22 ort/utils.py:71 [CLIENT] Observation Published 4.395498275756836 MB
DEBUG 2026-06-08 17:49:22 t_client.py:292 Received actions on device: cpu
DEBUG 2026-06-08 17:49:22 t_client.py:302 Actions kept on device: cpu
DEBUG 2026-06-08 17:49:22 t_client.py:209 Sent observation #323 | 
DEBUG 2026-06-08 17:49:22 t_client.py:434 QUEUE SIZE: 7 (Must go: False)
DEBUG 2026-06-08 17:49:22 t_client.py:477 Control loop (ms): 136.21
DEBUG 2026-06-08 17:49:22 t_client.py:477 Control loop (ms): 1.05
DEBUG 2026-06-08 17:49:22 t_client.py:477 Control loop (ms): 1.55
DEBUG 2026-06-08 17:49:22 t_client.py:477 Control loop (ms): 1.32
DEBUG 2026-06-08 17:49:22 t_client.py:292 Received actions on device: cpu
DEBUG 2026-06-08 17:49:22 t_client.py:302 Actions kept on device: cpu
DEBUG 2026-06-08 17:49:22 t_client.py:477 Control loop (ms): 1.58
DEBUG 2026-06-08 17:49:22 t_client.py:477 Control loop (ms): 1.70
DEBUG 2026-06-08 17:49:22 t_client.py:477 Control loop (ms): 1.61
DEBUG 2026-06-08 17:49:22 follower.py:184 follower_right SOFollower read state: 1.9ms
DEBUG 2026-06-08 17:49:22 follower.py:191 follower_right SOFollower read wrist: 0.0ms
DEBUG 2026-06-08 17:49:22 follower.py:184 follower_left SOFollower read state: 2.1ms
DEBUG 2026-06-08 17:49:22 follower.py:191 follower_left SOFollower read wrist: 0.0ms
DEBUG 2026-06-08 17:49:22 t_client.py:198 Observation serialization time: 0.010121s
DEBUG 2026-06-08 17:49:22 ort/utils.py:54 [CLIENT] Observation Buffer size 4.395498275756836 MB with
DEBUG 2026-06-08 17:49:22 ort/utils.py:69 [CLIENT] Observation Sent 2097152/4609014 bytes with state 1
DEBUG 2026-06-08 17:49:22 ort/utils.py:69 [CLIENT] Observation Sent 4194304/4609014 bytes with state 2
DEBUG 2026-06-08 17:49:22 ort/utils.py:69 [CLIENT] Observation Sent 4609014/4609014 bytes with state 3
DEBUG 2026-06-08 17:49:22 ort/utils.py:71 [CLIENT] Observation Published 4.395498275756836 MB
DEBUG 2026-06-08 17:49:22 t_client.py:209 Sent observation #330 | 
DEBUG 2026-06-08 17:49:22 t_client.py:434 QUEUE SIZE: 8 (Must go: False)
DEBUG 2026-06-08 17:49:22 t_client.py:477 Control loop (ms): 177.15
DEBUG 2026-06-08 17:49:22 follower.py:184 follower_right SOFollower read state: 2.5ms
DEBUG 2026-06-08 17:49:22 follower.py:191 follower_right SOFollower read wrist: 0.0ms
DEBUG 2026-06-08 17:49:22 follower.py:184 follower_left SOFollower read state: 2.1ms
DEBUG 2026-06-08 17:49:22 follower.py:191 follower_left SOFollower read wrist: 0.0ms
DEBUG 2026-06-08 17:49:22 t_client.py:198 Observation serialization time: 0.006300s
DEBUG 2026-06-08 17:49:22 ort/utils.py:54 [CLIENT] Observation Buffer size 4.395498275756836 MB with
DEBUG 2026-06-08 17:49:22 ort/utils.py:69 [CLIENT] Observation Sent 2097152/4609014 bytes with state 1
DEBUG 2026-06-08 17:49:22 ort/utils.py:69 [CLIENT] Observation Sent 4194304/4609014 bytes with state 2
DEBUG 2026-06-08 17:49:22 ort/utils.py:69 [CLIENT] Observation Sent 4609014/4609014 bytes with state 3
DEBUG 2026-06-08 17:49:22 ort/utils.py:71 [CLIENT] Observation Published 4.395498275756836 MB
DEBUG 2026-06-08 17:49:22 t_client.py:292 Received actions on device: cpu
DEBUG 2026-06-08 17:49:22 t_client.py:302 Actions kept on device: cpu
DEBUG 2026-06-08 17:49:22 t_client.py:209 Sent observation #331 | 
DEBUG 2026-06-08 17:49:22 t_client.py:434 QUEUE SIZE: 7 (Must go: False)
DEBUG 2026-06-08 17:49:22 t_client.py:477 Control loop (ms): 134.39
DEBUG 2026-06-08 17:49:22 t_client.py:477 Control loop (ms): 2.11
DEBUG 2026-06-08 17:49:22 t_client.py:477 Control loop (ms): 1.42
DEBUG 2026-06-08 17:49:22 t_client.py:477 Control loop (ms): 1.48
DEBUG 2026-06-08 17:49:22 t_client.py:292 Received actions on device: cpu
DEBUG 2026-06-08 17:49:22 t_client.py:302 Actions kept on device: cpu
DEBUG 2026-06-08 17:49:22 t_client.py:477 Control loop (ms): 2.00
DEBUG 2026-06-08 17:49:22 t_client.py:477 Control loop (ms): 1.93
DEBUG 2026-06-08 17:49:22 t_client.py:477 Control loop (ms): 2.10
DEBUG 2026-06-08 17:49:22 follower.py:184 follower_right SOFollower read state: 2.1ms
DEBUG 2026-06-08 17:49:22 follower.py:191 follower_right SOFollower read wrist: 0.1ms
DEBUG 2026-06-08 17:49:22 follower.py:184 follower_left SOFollower read state: 2.0ms
DEBUG 2026-06-08 17:49:22 follower.py:191 follower_left SOFollower read wrist: 0.0ms
DEBUG 2026-06-08 17:49:22 t_client.py:198 Observation serialization time: 0.009606s
DEBUG 2026-06-08 17:49:22 ort/utils.py:54 [CLIENT] Observation Buffer size 4.395498275756836 MB with
DEBUG 2026-06-08 17:49:22 ort/utils.py:69 [CLIENT] Observation Sent 2097152/4609014 bytes with state 1
DEBUG 2026-06-08 17:49:22 ort/utils.py:69 [CLIENT] Observation Sent 4194304/4609014 bytes with state 2
DEBUG 2026-06-08 17:49:22 ort/utils.py:69 [CLIENT] Observation Sent 4609014/4609014 bytes with state 3
DEBUG 2026-06-08 17:49:22 ort/utils.py:71 [CLIENT] Observation Published 4.395498275756836 MB
DEBUG 2026-06-08 17:49:22 t_client.py:209 Sent observation #338 | 
DEBUG 2026-06-08 17:49:22 t_client.py:434 QUEUE SIZE: 8 (Must go: False)
DEBUG 2026-06-08 17:49:22 t_client.py:477 Control loop (ms): 106.23
DEBUG 2026-06-08 17:49:22 follower.py:184 follower_right SOFollower read state: 2.4ms
DEBUG 2026-06-08 17:49:22 follower.py:191 follower_right SOFollower read wrist: 0.0ms
DEBUG 2026-06-08 17:49:22 follower.py:184 follower_left SOFollower read state: 1.8ms
DEBUG 2026-06-08 17:49:22 follower.py:191 follower_left SOFollower read wrist: 0.0ms
DEBUG 2026-06-08 17:49:22 t_client.py:198 Observation serialization time: 0.007203s
DEBUG 2026-06-08 17:49:22 ort/utils.py:54 [CLIENT] Observation Buffer size 4.395498275756836 MB with
DEBUG 2026-06-08 17:49:22 ort/utils.py:69 [CLIENT] Observation Sent 2097152/4609014 bytes with state 1
DEBUG 2026-06-08 17:49:22 ort/utils.py:69 [CLIENT] Observation Sent 4194304/4609014 bytes with state 2
DEBUG 2026-06-08 17:49:22 ort/utils.py:69 [CLIENT] Observation Sent 4609014/4609014 bytes with state 3
DEBUG 2026-06-08 17:49:22 ort/utils.py:71 [CLIENT] Observation Published 4.395498275756836 MB
DEBUG 2026-06-08 17:49:23 t_client.py:209 Sent observation #339 | 
DEBUG 2026-06-08 17:49:23 t_client.py:434 QUEUE SIZE: 7 (Must go: False)
DEBUG 2026-06-08 17:49:23 t_client.py:477 Control loop (ms): 111.00
DEBUG 2026-06-08 17:49:23 follower.py:184 follower_right SOFollower read state: 3.9ms
DEBUG 2026-06-08 17:49:23 follower.py:191 follower_right SOFollower read wrist: 0.1ms
DEBUG 2026-06-08 17:49:23 t_client.py:292 Received actions on device: cpu
DEBUG 2026-06-08 17:49:23 t_client.py:302 Actions kept on device: cpu
DEBUG 2026-06-08 17:49:23 follower.py:184 follower_left SOFollower read state: 2.9ms
DEBUG 2026-06-08 17:49:23 follower.py:191 follower_left SOFollower read wrist: 0.0ms
DEBUG 2026-06-08 17:49:23 t_client.py:198 Observation serialization time: 0.010330s
DEBUG 2026-06-08 17:49:23 ort/utils.py:54 [CLIENT] Observation Buffer size 4.395498275756836 MB with
DEBUG 2026-06-08 17:49:23 ort/utils.py:69 [CLIENT] Observation Sent 2097152/4609014 bytes with state 1
DEBUG 2026-06-08 17:49:23 ort/utils.py:69 [CLIENT] Observation Sent 4194304/4609014 bytes with state 2
DEBUG 2026-06-08 17:49:23 ort/utils.py:69 [CLIENT] Observation Sent 4609014/4609014 bytes with state 3
DEBUG 2026-06-08 17:49:23 ort/utils.py:71 [CLIENT] Observation Published 4.395498275756836 MB
DEBUG 2026-06-08 17:49:23 t_client.py:209 Sent observation #340 | 
DEBUG 2026-06-08 17:49:23 t_client.py:434 QUEUE SIZE: 13 (Must go: False)
DEBUG 2026-06-08 17:49:23 t_client.py:477 Control loop (ms): 157.54
DEBUG 2026-06-08 17:49:23 t_client.py:292 Received actions on device: cpu
DEBUG 2026-06-08 17:49:23 t_client.py:302 Actions kept on device: cpu
DEBUG 2026-06-08 17:49:23 t_client.py:477 Control loop (ms): 3.51
DEBUG 2026-06-08 17:49:23 t_client.py:477 Control loop (ms): 2.35
DEBUG 2026-06-08 17:49:23 t_client.py:477 Control loop (ms): 1.74
DEBUG 2026-06-08 17:49:23 t_client.py:477 Control loop (ms): 6.11
DEBUG 2026-06-08 17:49:23 t_client.py:292 Received actions on device: cpu
DEBUG 2026-06-08 17:49:23 t_client.py:302 Actions kept on device: cpu
DEBUG 2026-06-08 17:49:23 t_client.py:477 Control loop (ms): 1.65
DEBUG 2026-06-08 17:49:23 t_client.py:477 Control loop (ms): 1.20
DEBUG 2026-06-08 17:49:23 t_client.py:477 Control loop (ms): 2.15
DEBUG 2026-06-08 17:49:23 follower.py:184 follower_right SOFollower read state: 2.5ms
DEBUG 2026-06-08 17:49:23 follower.py:191 follower_right SOFollower read wrist: 0.0ms
DEBUG 2026-06-08 17:49:23 follower.py:184 follower_left SOFollower read state: 2.3ms
DEBUG 2026-06-08 17:49:23 follower.py:191 follower_left SOFollower read wrist: 0.0ms
DEBUG 2026-06-08 17:49:23 t_client.py:198 Observation serialization time: 0.008136s
DEBUG 2026-06-08 17:49:23 ort/utils.py:54 [CLIENT] Observation Buffer size 4.395498275756836 MB with
DEBUG 2026-06-08 17:49:23 ort/utils.py:69 [CLIENT] Observation Sent 2097152/4609014 bytes with state 1
DEBUG 2026-06-08 17:49:23 ort/utils.py:69 [CLIENT] Observation Sent 4194304/4609014 bytes with state 2
DEBUG 2026-06-08 17:49:23 ort/utils.py:69 [CLIENT] Observation Sent 4609014/4609014 bytes with state 3
DEBUG 2026-06-08 17:49:23 ort/utils.py:71 [CLIENT] Observation Published 4.395498275756836 MB
DEBUG 2026-06-08 17:49:23 t_client.py:209 Sent observation #347 | 
DEBUG 2026-06-08 17:49:23 t_client.py:434 QUEUE SIZE: 8 (Must go: False)
DEBUG 2026-06-08 17:49:23 t_client.py:477 Control loop (ms): 112.80
DEBUG 2026-06-08 17:49:23 follower.py:184 follower_right SOFollower read state: 2.4ms
DEBUG 2026-06-08 17:49:23 follower.py:191 follower_right SOFollower read wrist: 0.0ms
DEBUG 2026-06-08 17:49:23 follower.py:184 follower_left SOFollower read state: 2.1ms
DEBUG 2026-06-08 17:49:23 follower.py:191 follower_left SOFollower read wrist: 0.0ms
DEBUG 2026-06-08 17:49:23 t_client.py:198 Observation serialization time: 0.007007s
DEBUG 2026-06-08 17:49:23 ort/utils.py:54 [CLIENT] Observation Buffer size 4.395498275756836 MB with
DEBUG 2026-06-08 17:49:23 ort/utils.py:69 [CLIENT] Observation Sent 2097152/4609014 bytes with state 1
DEBUG 2026-06-08 17:49:23 ort/utils.py:69 [CLIENT] Observation Sent 4194304/4609014 bytes with state 2
DEBUG 2026-06-08 17:49:23 ort/utils.py:69 [CLIENT] Observation Sent 4609014/4609014 bytes with state 3
DEBUG 2026-06-08 17:49:23 ort/utils.py:71 [CLIENT] Observation Published 4.395498275756836 MB
DEBUG 2026-06-08 17:49:23 t_client.py:209 Sent observation #348 | 
DEBUG 2026-06-08 17:49:23 t_client.py:434 QUEUE SIZE: 7 (Must go: False)
DEBUG 2026-06-08 17:49:23 t_client.py:477 Control loop (ms): 149.62
DEBUG 2026-06-08 17:49:23 follower.py:184 follower_right SOFollower read state: 2.0ms
DEBUG 2026-06-08 17:49:23 t_client.py:292 Received actions on device: cpu
DEBUG 2026-06-08 17:49:23 follower.py:191 follower_right SOFollower read wrist: 0.0ms
DEBUG 2026-06-08 17:49:23 t_client.py:302 Actions kept on device: cpu
DEBUG 2026-06-08 17:49:23 follower.py:184 follower_left SOFollower read state: 1.7ms
DEBUG 2026-06-08 17:49:23 follower.py:191 follower_left SOFollower read wrist: 0.0ms
DEBUG 2026-06-08 17:49:23 t_client.py:198 Observation serialization time: 0.008661s
DEBUG 2026-06-08 17:49:23 ort/utils.py:54 [CLIENT] Observation Buffer size 4.395498275756836 MB with
DEBUG 2026-06-08 17:49:23 ort/utils.py:69 [CLIENT] Observation Sent 2097152/4609014 bytes with state 1
DEBUG 2026-06-08 17:49:23 ort/utils.py:69 [CLIENT] Observation Sent 4194304/4609014 bytes with state 2
DEBUG 2026-06-08 17:49:23 ort/utils.py:69 [CLIENT] Observation Sent 4609014/4609014 bytes with state 3
DEBUG 2026-06-08 17:49:23 ort/utils.py:71 [CLIENT] Observation Published 4.395498275756836 MB
DEBUG 2026-06-08 17:49:23 t_client.py:292 Received actions on device: cpu
DEBUG 2026-06-08 17:49:23 t_client.py:302 Actions kept on device: cpu
DEBUG 2026-06-08 17:49:23 t_client.py:209 Sent observation #349 | 
DEBUG 2026-06-08 17:49:23 t_client.py:434 QUEUE SIZE: 13 (Must go: False)
DEBUG 2026-06-08 17:49:23 t_client.py:477 Control loop (ms): 134.04
DEBUG 2026-06-08 17:49:23 t_client.py:477 Control loop (ms): 2.37
DEBUG 2026-06-08 17:49:23 t_client.py:477 Control loop (ms): 1.96
DEBUG 2026-06-08 17:49:23 t_client.py:477 Control loop (ms): 3.51
DEBUG 2026-06-08 17:49:23 t_client.py:292 Received actions on device: cpu
DEBUG 2026-06-08 17:49:23 t_client.py:302 Actions kept on device: cpu
DEBUG 2026-06-08 17:49:23 t_client.py:477 Control loop (ms): 1.66
DEBUG 2026-06-08 17:49:23 t_client.py:477 Control loop (ms): 1.97
DEBUG 2026-06-08 17:49:23 t_client.py:477 Control loop (ms): 2.22
DEBUG 2026-06-08 17:49:24 follower.py:184 follower_right SOFollower read state: 1.5ms
DEBUG 2026-06-08 17:49:24 follower.py:191 follower_right SOFollower read wrist: 0.0ms
DEBUG 2026-06-08 17:49:24 follower.py:184 follower_left SOFollower read state: 1.6ms
DEBUG 2026-06-08 17:49:24 follower.py:191 follower_left SOFollower read wrist: 0.0ms
DEBUG 2026-06-08 17:49:24 t_client.py:198 Observation serialization time: 0.005725s
DEBUG 2026-06-08 17:49:24 ort/utils.py:54 [CLIENT] Observation Buffer size 4.395498275756836 MB with
DEBUG 2026-06-08 17:49:24 ort/utils.py:69 [CLIENT] Observation Sent 2097152/4609014 bytes with state 1
DEBUG 2026-06-08 17:49:24 ort/utils.py:69 [CLIENT] Observation Sent 4194304/4609014 bytes with state 2
DEBUG 2026-06-08 17:49:24 ort/utils.py:69 [CLIENT] Observation Sent 4609014/4609014 bytes with state 3
DEBUG 2026-06-08 17:49:24 ort/utils.py:71 [CLIENT] Observation Published 4.395498275756836 MB
DEBUG 2026-06-08 17:49:24 t_client.py:209 Sent observation #356 | 
DEBUG 2026-06-08 17:49:24 t_client.py:434 QUEUE SIZE: 8 (Must go: False)
DEBUG 2026-06-08 17:49:24 t_client.py:477 Control loop (ms): 102.71
DEBUG 2026-06-08 17:49:24 follower.py:184 follower_right SOFollower read state: 1.9ms
DEBUG 2026-06-08 17:49:24 follower.py:191 follower_right SOFollower read wrist: 0.0ms
DEBUG 2026-06-08 17:49:24 follower.py:184 follower_left SOFollower read state: 1.8ms
DEBUG 2026-06-08 17:49:24 follower.py:191 follower_left SOFollower read wrist: 0.0ms
DEBUG 2026-06-08 17:49:24 t_client.py:198 Observation serialization time: 0.006878s
DEBUG 2026-06-08 17:49:24 ort/utils.py:54 [CLIENT] Observation Buffer size 4.395498275756836 MB with
DEBUG 2026-06-08 17:49:24 ort/utils.py:69 [CLIENT] Observation Sent 2097152/4609014 bytes with state 1
DEBUG 2026-06-08 17:49:24 ort/utils.py:69 [CLIENT] Observation Sent 4194304/4609014 bytes with state 2
DEBUG 2026-06-08 17:49:24 ort/utils.py:69 [CLIENT] Observation Sent 4609014/4609014 bytes with state 3
DEBUG 2026-06-08 17:49:24 ort/utils.py:71 [CLIENT] Observation Published 4.395498275756836 MB
DEBUG 2026-06-08 17:49:24 t_client.py:292 Received actions on device: cpu
DEBUG 2026-06-08 17:49:24 t_client.py:302 Actions kept on device: cpu
DEBUG 2026-06-08 17:49:24 t_client.py:209 Sent observation #357 | 
DEBUG 2026-06-08 17:49:24 t_client.py:434 QUEUE SIZE: 7 (Must go: False)
DEBUG 2026-06-08 17:49:24 t_client.py:477 Control loop (ms): 119.95
DEBUG 2026-06-08 17:49:24 t_client.py:477 Control loop (ms): 1.28
DEBUG 2026-06-08 17:49:24 t_client.py:477 Control loop (ms): 1.79
DEBUG 2026-06-08 17:49:24 t_client.py:477 Control loop (ms): 2.10
DEBUG 2026-06-08 17:49:24 t_client.py:292 Received actions on device: cpu
DEBUG 2026-06-08 17:49:24 t_client.py:302 Actions kept on device: cpu
DEBUG 2026-06-08 17:49:24 t_client.py:477 Control loop (ms): 2.20
DEBUG 2026-06-08 17:49:24 t_client.py:477 Control loop (ms): 2.02
DEBUG 2026-06-08 17:49:24 t_client.py:477 Control loop (ms): 2.18
DEBUG 2026-06-08 17:49:24 follower.py:184 follower_right SOFollower read state: 2.2ms
DEBUG 2026-06-08 17:49:24 follower.py:191 follower_right SOFollower read wrist: 0.0ms
DEBUG 2026-06-08 17:49:24 follower.py:184 follower_left SOFollower read state: 2.3ms
DEBUG 2026-06-08 17:49:24 follower.py:191 follower_left SOFollower read wrist: 0.1ms
DEBUG 2026-06-08 17:49:24 t_client.py:198 Observation serialization time: 0.009862s
DEBUG 2026-06-08 17:49:24 ort/utils.py:54 [CLIENT] Observation Buffer size 4.395498275756836 MB with
DEBUG 2026-06-08 17:49:24 ort/utils.py:69 [CLIENT] Observation Sent 2097152/4609014 bytes with state 1
DEBUG 2026-06-08 17:49:24 ort/utils.py:69 [CLIENT] Observation Sent 4194304/4609014 bytes with state 2
DEBUG 2026-06-08 17:49:24 ort/utils.py:69 [CLIENT] Observation Sent 4609014/4609014 bytes with state 3
DEBUG 2026-06-08 17:49:24 ort/utils.py:71 [CLIENT] Observation Published 4.395498275756836 MB
DEBUG 2026-06-08 17:49:24 t_client.py:209 Sent observation #364 | 
DEBUG 2026-06-08 17:49:24 t_client.py:434 QUEUE SIZE: 8 (Must go: False)
DEBUG 2026-06-08 17:49:24 t_client.py:477 Control loop (ms): 192.80
DEBUG 2026-06-08 17:49:24 follower.py:184 follower_right SOFollower read state: 1.9ms
DEBUG 2026-06-08 17:49:24 follower.py:191 follower_right SOFollower read wrist: 0.0ms
DEBUG 2026-06-08 17:49:24 follower.py:184 follower_left SOFollower read state: 2.0ms
DEBUG 2026-06-08 17:49:24 follower.py:191 follower_left SOFollower read wrist: 0.0ms
DEBUG 2026-06-08 17:49:24 t_client.py:198 Observation serialization time: 0.005997s
DEBUG 2026-06-08 17:49:24 ort/utils.py:54 [CLIENT] Observation Buffer size 4.395498275756836 MB with
DEBUG 2026-06-08 17:49:24 ort/utils.py:69 [CLIENT] Observation Sent 2097152/4609014 bytes with state 1
DEBUG 2026-06-08 17:49:24 t_client.py:292 Received actions on device: cpu
DEBUG 2026-06-08 17:49:24 t_client.py:302 Actions kept on device: cpu
DEBUG 2026-06-08 17:49:24 ort/utils.py:69 [CLIENT] Observation Sent 4194304/4609014 bytes with state 2
DEBUG 2026-06-08 17:49:24 ort/utils.py:69 [CLIENT] Observation Sent 4609014/4609014 bytes with state 3
DEBUG 2026-06-08 17:49:24 ort/utils.py:71 [CLIENT] Observation Published 4.395498275756836 MB
DEBUG 2026-06-08 17:49:24 t_client.py:209 Sent observation #365 | 
DEBUG 2026-06-08 17:49:24 t_client.py:434 QUEUE SIZE: 7 (Must go: False)
DEBUG 2026-06-08 17:49:24 t_client.py:477 Control loop (ms): 123.98
DEBUG 2026-06-08 17:49:24 t_client.py:477 Control loop (ms): 1.89
DEBUG 2026-06-08 17:49:24 t_client.py:477 Control loop (ms): 0.90
DEBUG 2026-06-08 17:49:24 t_client.py:477 Control loop (ms): 1.59
DEBUG 2026-06-08 17:49:24 t_client.py:292 Received actions on device: cpu
DEBUG 2026-06-08 17:49:24 t_client.py:302 Actions kept on device: cpu
DEBUG 2026-06-08 17:49:24 t_client.py:477 Control loop (ms): 1.98
DEBUG 2026-06-08 17:49:24 t_client.py:477 Control loop (ms): 2.16
DEBUG 2026-06-08 17:49:24 t_client.py:477 Control loop (ms): 1.79
DEBUG 2026-06-08 17:49:24 follower.py:184 follower_right SOFollower read state: 1.9ms
DEBUG 2026-06-08 17:49:24 follower.py:191 follower_right SOFollower read wrist: 0.0ms
DEBUG 2026-06-08 17:49:24 follower.py:184 follower_left SOFollower read state: 2.0ms
DEBUG 2026-06-08 17:49:24 follower.py:191 follower_left SOFollower read wrist: 0.0ms
DEBUG 2026-06-08 17:49:24 t_client.py:198 Observation serialization time: 0.010487s
DEBUG 2026-06-08 17:49:24 ort/utils.py:54 [CLIENT] Observation Buffer size 4.395498275756836 MB with
DEBUG 2026-06-08 17:49:24 ort/utils.py:69 [CLIENT] Observation Sent 2097152/4609014 bytes with state 1
DEBUG 2026-06-08 17:49:25 ort/utils.py:69 [CLIENT] Observation Sent 4194304/4609014 bytes with state 2
DEBUG 2026-06-08 17:49:25 ort/utils.py:69 [CLIENT] Observation Sent 4609014/4609014 bytes with state 3
DEBUG 2026-06-08 17:49:25 ort/utils.py:71 [CLIENT] Observation Published 4.395498275756836 MB
DEBUG 2026-06-08 17:49:25 t_client.py:209 Sent observation #372 | 
DEBUG 2026-06-08 17:49:25 t_client.py:434 QUEUE SIZE: 8 (Must go: False)
DEBUG 2026-06-08 17:49:25 t_client.py:477 Control loop (ms): 162.91
DEBUG 2026-06-08 17:49:25 follower.py:184 follower_right SOFollower read state: 1.7ms
DEBUG 2026-06-08 17:49:25 follower.py:191 follower_right SOFollower read wrist: 0.0ms
DEBUG 2026-06-08 17:49:25 follower.py:184 follower_left SOFollower read state: 1.6ms
DEBUG 2026-06-08 17:49:25 follower.py:191 follower_left SOFollower read wrist: 0.0ms
DEBUG 2026-06-08 17:49:25 t_client.py:198 Observation serialization time: 0.007471s
DEBUG 2026-06-08 17:49:25 ort/utils.py:54 [CLIENT] Observation Buffer size 4.395498275756836 MB with
DEBUG 2026-06-08 17:49:25 ort/utils.py:69 [CLIENT] Observation Sent 2097152/4609014 bytes with state 1
DEBUG 2026-06-08 17:49:25 ort/utils.py:69 [CLIENT] Observation Sent 4194304/4609014 bytes with state 2
DEBUG 2026-06-08 17:49:25 ort/utils.py:69 [CLIENT] Observation Sent 4609014/4609014 bytes with state 3
DEBUG 2026-06-08 17:49:25 ort/utils.py:71 [CLIENT] Observation Published 4.395498275756836 MB
DEBUG 2026-06-08 17:49:25 t_client.py:292 Received actions on device: cpu
DEBUG 2026-06-08 17:49:25 t_client.py:302 Actions kept on device: cpu
DEBUG 2026-06-08 17:49:25 t_client.py:209 Sent observation #373 | 
DEBUG 2026-06-08 17:49:25 t_client.py:434 QUEUE SIZE: 7 (Must go: False)
DEBUG 2026-06-08 17:49:25 t_client.py:477 Control loop (ms): 140.07
DEBUG 2026-06-08 17:49:25 t_client.py:477 Control loop (ms): 1.74
DEBUG 2026-06-08 17:49:25 t_client.py:477 Control loop (ms): 2.17
DEBUG 2026-06-08 17:49:25 t_client.py:477 Control loop (ms): 1.67
DEBUG 2026-06-08 17:49:25 t_client.py:292 Received actions on device: cpu
DEBUG 2026-06-08 17:49:25 t_client.py:302 Actions kept on device: cpu
DEBUG 2026-06-08 17:49:25 t_client.py:477 Control loop (ms): 2.07
DEBUG 2026-06-08 17:49:25 t_client.py:477 Control loop (ms): 1.88
DEBUG 2026-06-08 17:49:25 t_client.py:477 Control loop (ms): 1.46
DEBUG 2026-06-08 17:49:25 follower.py:184 follower_right SOFollower read state: 1.9ms
DEBUG 2026-06-08 17:49:25 follower.py:191 follower_right SOFollower read wrist: 0.0ms
DEBUG 2026-06-08 17:49:25 follower.py:184 follower_left SOFollower read state: 1.8ms
DEBUG 2026-06-08 17:49:25 follower.py:191 follower_left SOFollower read wrist: 0.0ms
DEBUG 2026-06-08 17:49:25 t_client.py:198 Observation serialization time: 0.007575s
DEBUG 2026-06-08 17:49:25 ort/utils.py:54 [CLIENT] Observation Buffer size 4.395498275756836 MB with
DEBUG 2026-06-08 17:49:25 ort/utils.py:69 [CLIENT] Observation Sent 2097152/4609014 bytes with state 1
DEBUG 2026-06-08 17:49:25 ort/utils.py:69 [CLIENT] Observation Sent 4194304/4609014 bytes with state 2
DEBUG 2026-06-08 17:49:25 ort/utils.py:69 [CLIENT] Observation Sent 4609014/4609014 bytes with state 3
DEBUG 2026-06-08 17:49:25 ort/utils.py:71 [CLIENT] Observation Published 4.395498275756836 MB
DEBUG 2026-06-08 17:49:25 t_client.py:209 Sent observation #380 | 
DEBUG 2026-06-08 17:49:25 t_client.py:434 QUEUE SIZE: 8 (Must go: False)
DEBUG 2026-06-08 17:49:25 t_client.py:477 Control loop (ms): 115.86
DEBUG 2026-06-08 17:49:25 follower.py:184 follower_right SOFollower read state: 2.7ms
DEBUG 2026-06-08 17:49:25 follower.py:191 follower_right SOFollower read wrist: 0.0ms
DEBUG 2026-06-08 17:49:25 follower.py:184 follower_left SOFollower read state: 2.0ms
DEBUG 2026-06-08 17:49:25 follower.py:191 follower_left SOFollower read wrist: 0.0ms
DEBUG 2026-06-08 17:49:25 t_client.py:198 Observation serialization time: 0.007873s
DEBUG 2026-06-08 17:49:25 ort/utils.py:54 [CLIENT] Observation Buffer size 4.395498275756836 MB with
DEBUG 2026-06-08 17:49:25 ort/utils.py:69 [CLIENT] Observation Sent 2097152/4609014 bytes with state 1
DEBUG 2026-06-08 17:49:25 ort/utils.py:69 [CLIENT] Observation Sent 4194304/4609014 bytes with state 2
DEBUG 2026-06-08 17:49:25 ort/utils.py:69 [CLIENT] Observation Sent 4609014/4609014 bytes with state 3
DEBUG 2026-06-08 17:49:25 ort/utils.py:71 [CLIENT] Observation Published 4.395498275756836 MB
DEBUG 2026-06-08 17:49:25 t_client.py:292 Received actions on device: cpu
DEBUG 2026-06-08 17:49:25 t_client.py:302 Actions kept on device: cpu
DEBUG 2026-06-08 17:49:25 t_client.py:209 Sent observation #381 | 
DEBUG 2026-06-08 17:49:25 t_client.py:434 QUEUE SIZE: 7 (Must go: False)
DEBUG 2026-06-08 17:49:25 t_client.py:477 Control loop (ms): 135.25
DEBUG 2026-06-08 17:49:25 t_client.py:477 Control loop (ms): 1.74
DEBUG 2026-06-08 17:49:25 t_client.py:477 Control loop (ms): 0.66
DEBUG 2026-06-08 17:49:25 t_client.py:477 Control loop (ms): 0.90
DEBUG 2026-06-08 17:49:25 t_client.py:292 Received actions on device: cpu
DEBUG 2026-06-08 17:49:25 t_client.py:302 Actions kept on device: cpu
DEBUG 2026-06-08 17:49:25 t_client.py:477 Control loop (ms): 1.45
DEBUG 2026-06-08 17:49:25 t_client.py:477 Control loop (ms): 1.98
DEBUG 2026-06-08 17:49:25 t_client.py:477 Control loop (ms): 1.90
DEBUG 2026-06-08 17:49:25 follower.py:184 follower_right SOFollower read state: 2.2ms
DEBUG 2026-06-08 17:49:25 follower.py:191 follower_right SOFollower read wrist: 0.0ms
DEBUG 2026-06-08 17:49:25 follower.py:184 follower_left SOFollower read state: 1.9ms
DEBUG 2026-06-08 17:49:25 follower.py:191 follower_left SOFollower read wrist: 0.0ms
DEBUG 2026-06-08 17:49:25 t_client.py:198 Observation serialization time: 0.006402s
DEBUG 2026-06-08 17:49:25 ort/utils.py:54 [CLIENT] Observation Buffer size 4.395498275756836 MB with
DEBUG 2026-06-08 17:49:25 ort/utils.py:69 [CLIENT] Observation Sent 2097152/4609014 bytes with state 1
DEBUG 2026-06-08 17:49:25 ort/utils.py:69 [CLIENT] Observation Sent 4194304/4609014 bytes with state 2
DEBUG 2026-06-08 17:49:26 ort/utils.py:69 [CLIENT] Observation Sent 4609014/4609014 bytes with state 3
DEBUG 2026-06-08 17:49:26 ort/utils.py:71 [CLIENT] Observation Published 4.395498275756836 MB
DEBUG 2026-06-08 17:49:26 t_client.py:209 Sent observation #388 | 
DEBUG 2026-06-08 17:49:26 t_client.py:434 QUEUE SIZE: 8 (Must go: False)
DEBUG 2026-06-08 17:49:26 t_client.py:477 Control loop (ms): 172.87
DEBUG 2026-06-08 17:49:26 follower.py:184 follower_right SOFollower read state: 1.7ms
DEBUG 2026-06-08 17:49:26 follower.py:191 follower_right SOFollower read wrist: 0.0ms
DEBUG 2026-06-08 17:49:26 follower.py:184 follower_left SOFollower read state: 1.6ms
DEBUG 2026-06-08 17:49:26 follower.py:191 follower_left SOFollower read wrist: 0.0ms
DEBUG 2026-06-08 17:49:26 t_client.py:198 Observation serialization time: 0.005566s
DEBUG 2026-06-08 17:49:26 ort/utils.py:54 [CLIENT] Observation Buffer size 4.395498275756836 MB with
DEBUG 2026-06-08 17:49:26 ort/utils.py:69 [CLIENT] Observation Sent 2097152/4609014 bytes with state 1
DEBUG 2026-06-08 17:49:26 ort/utils.py:69 [CLIENT] Observation Sent 4194304/4609014 bytes with state 2
DEBUG 2026-06-08 17:49:26 ort/utils.py:69 [CLIENT] Observation Sent 4609014/4609014 bytes with state 3
DEBUG 2026-06-08 17:49:26 ort/utils.py:71 [CLIENT] Observation Published 4.395498275756836 MB
DEBUG 2026-06-08 17:49:26 t_client.py:209 Sent observation #389 | 
DEBUG 2026-06-08 17:49:26 t_client.py:434 QUEUE SIZE: 7 (Must go: False)
DEBUG 2026-06-08 17:49:26 t_client.py:477 Control loop (ms): 128.82
DEBUG 2026-06-08 17:49:26 follower.py:184 follower_right SOFollower read state: 1.7ms
DEBUG 2026-06-08 17:49:26 follower.py:191 follower_right SOFollower read wrist: 0.0ms
DEBUG 2026-06-08 17:49:26 t_client.py:292 Received actions on device: cpu
DEBUG 2026-06-08 17:49:26 t_client.py:302 Actions kept on device: cpu
DEBUG 2026-06-08 17:49:26 follower.py:184 follower_left SOFollower read state: 1.4ms
DEBUG 2026-06-08 17:49:26 follower.py:191 follower_left SOFollower read wrist: 0.0ms
DEBUG 2026-06-08 17:49:26 t_client.py:198 Observation serialization time: 0.003699s
DEBUG 2026-06-08 17:49:26 ort/utils.py:54 [CLIENT] Observation Buffer size 4.395498275756836 MB with
DEBUG 2026-06-08 17:49:26 ort/utils.py:69 [CLIENT] Observation Sent 2097152/4609014 bytes with state 1
DEBUG 2026-06-08 17:49:26 ort/utils.py:69 [CLIENT] Observation Sent 4194304/4609014 bytes with state 2
DEBUG 2026-06-08 17:49:26 ort/utils.py:69 [CLIENT] Observation Sent 4609014/4609014 bytes with state 3
DEBUG 2026-06-08 17:49:26 ort/utils.py:71 [CLIENT] Observation Published 4.395498275756836 MB
DEBUG 2026-06-08 17:49:26 t_client.py:209 Sent observation #390 | 
DEBUG 2026-06-08 17:49:26 t_client.py:434 QUEUE SIZE: 6 (Must go: False)
DEBUG 2026-06-08 17:49:26 t_client.py:477 Control loop (ms): 165.47
DEBUG 2026-06-08 17:49:26 t_client.py:477 Control loop (ms): 5.24
DEBUG 2026-06-08 17:49:26 t_client.py:292 Received actions on device: cpu
DEBUG 2026-06-08 17:49:26 t_client.py:302 Actions kept on device: cpu
DEBUG 2026-06-08 17:49:26 t_client.py:477 Control loop (ms): 2.13
DEBUG 2026-06-08 17:49:26 t_client.py:477 Control loop (ms): 2.15
DEBUG 2026-06-08 17:49:26 t_client.py:477 Control loop (ms): 3.79
DEBUG 2026-06-08 17:49:26 t_client.py:292 Received actions on device: cpu
DEBUG 2026-06-08 17:49:26 t_client.py:302 Actions kept on device: cpu
DEBUG 2026-06-08 17:49:26 t_client.py:477 Control loop (ms): 1.74
DEBUG 2026-06-08 17:49:26 t_client.py:477 Control loop (ms): 2.10
DEBUG 2026-06-08 17:49:26 follower.py:184 follower_right SOFollower read state: 1.9ms
DEBUG 2026-06-08 17:49:26 follower.py:191 follower_right SOFollower read wrist: 0.0ms
DEBUG 2026-06-08 17:49:26 follower.py:184 follower_left SOFollower read state: 2.1ms
DEBUG 2026-06-08 17:49:26 follower.py:191 follower_left SOFollower read wrist: 0.0ms
DEBUG 2026-06-08 17:49:26 t_client.py:198 Observation serialization time: 0.005791s
DEBUG 2026-06-08 17:49:26 ort/utils.py:54 [CLIENT] Observation Buffer size 4.395498275756836 MB with
DEBUG 2026-06-08 17:49:26 ort/utils.py:69 [CLIENT] Observation Sent 2097152/4609014 bytes with state 1
DEBUG 2026-06-08 17:49:26 ort/utils.py:69 [CLIENT] Observation Sent 4194304/4609014 bytes with state 2
DEBUG 2026-06-08 17:49:26 ort/utils.py:69 [CLIENT] Observation Sent 4609014/4609014 bytes with state 3
DEBUG 2026-06-08 17:49:26 ort/utils.py:71 [CLIENT] Observation Published 4.395498275756836 MB
DEBUG 2026-06-08 17:49:26 t_client.py:209 Sent observation #397 | 
DEBUG 2026-06-08 17:49:26 t_client.py:434 QUEUE SIZE: 8 (Must go: False)
DEBUG 2026-06-08 17:49:26 t_client.py:477 Control loop (ms): 138.11
DEBUG 2026-06-08 17:49:26 follower.py:184 follower_right SOFollower read state: 1.8ms
DEBUG 2026-06-08 17:49:26 follower.py:191 follower_right SOFollower read wrist: 0.0ms
DEBUG 2026-06-08 17:49:26 follower.py:184 follower_left SOFollower read state: 1.7ms
DEBUG 2026-06-08 17:49:26 follower.py:191 follower_left SOFollower read wrist: 0.0ms
DEBUG 2026-06-08 17:49:26 t_client.py:198 Observation serialization time: 0.008469s
DEBUG 2026-06-08 17:49:26 ort/utils.py:54 [CLIENT] Observation Buffer size 4.395498275756836 MB with
DEBUG 2026-06-08 17:49:26 ort/utils.py:69 [CLIENT] Observation Sent 2097152/4609014 bytes with state 1
DEBUG 2026-06-08 17:49:26 ort/utils.py:69 [CLIENT] Observation Sent 4194304/4609014 bytes with state 2
DEBUG 2026-06-08 17:49:26 ort/utils.py:69 [CLIENT] Observation Sent 4609014/4609014 bytes with state 3
DEBUG 2026-06-08 17:49:26 ort/utils.py:71 [CLIENT] Observation Published 4.395498275756836 MB
DEBUG 2026-06-08 17:49:26 t_client.py:292 Received actions on device: cpu
DEBUG 2026-06-08 17:49:26 t_client.py:302 Actions kept on device: cpu
DEBUG 2026-06-08 17:49:26 t_client.py:209 Sent observation #398 | 
DEBUG 2026-06-08 17:49:26 t_client.py:434 QUEUE SIZE: 7 (Must go: False)
DEBUG 2026-06-08 17:49:26 t_client.py:477 Control loop (ms): 258.62
DEBUG 2026-06-08 17:49:26 t_client.py:477 Control loop (ms): 2.49
DEBUG 2026-06-08 17:49:26 t_client.py:477 Control loop (ms): 2.77
DEBUG 2026-06-08 17:49:27 t_client.py:477 Control loop (ms): 2.79
DEBUG 2026-06-08 17:49:27 t_client.py:477 Control loop (ms): 3.29
DEBUG 2026-06-08 17:49:27 t_client.py:292 Received actions on device: cpu
DEBUG 2026-06-08 17:49:27 t_client.py:302 Actions kept on device: cpu
DEBUG 2026-06-08 17:49:27 t_client.py:477 Control loop (ms): 2.32
DEBUG 2026-06-08 17:49:27 t_client.py:477 Control loop (ms): 2.68
DEBUG 2026-06-08 17:49:27 follower.py:184 follower_right SOFollower read state: 2.3ms
DEBUG 2026-06-08 17:49:27 follower.py:191 follower_right SOFollower read wrist: 0.0ms
DEBUG 2026-06-08 17:49:27 follower.py:184 follower_left SOFollower read state: 2.3ms
DEBUG 2026-06-08 17:49:27 follower.py:191 follower_left SOFollower read wrist: 0.0ms
DEBUG 2026-06-08 17:49:27 t_client.py:198 Observation serialization time: 0.010252s
DEBUG 2026-06-08 17:49:27 ort/utils.py:54 [CLIENT] Observation Buffer size 4.395498275756836 MB with
DEBUG 2026-06-08 17:49:27 ort/utils.py:69 [CLIENT] Observation Sent 2097152/4609014 bytes with state 1
DEBUG 2026-06-08 17:49:27 ort/utils.py:69 [CLIENT] Observation Sent 4194304/4609014 bytes with state 2
DEBUG 2026-06-08 17:49:27 ort/utils.py:69 [CLIENT] Observation Sent 4609014/4609014 bytes with state 3
DEBUG 2026-06-08 17:49:27 ort/utils.py:71 [CLIENT] Observation Published 4.395498275756836 MB
DEBUG 2026-06-08 17:49:27 t_client.py:209 Sent observation #405 | 
DEBUG 2026-06-08 17:49:27 t_client.py:434 QUEUE SIZE: 8 (Must go: False)
DEBUG 2026-06-08 17:49:27 t_client.py:477 Control loop (ms): 178.45
DEBUG 2026-06-08 17:49:27 follower.py:184 follower_right SOFollower read state: 2.3ms
DEBUG 2026-06-08 17:49:27 follower.py:191 follower_right SOFollower read wrist: 0.0ms
DEBUG 2026-06-08 17:49:27 follower.py:184 follower_left SOFollower read state: 2.3ms
DEBUG 2026-06-08 17:49:27 follower.py:191 follower_left SOFollower read wrist: 0.0ms
DEBUG 2026-06-08 17:49:27 t_client.py:198 Observation serialization time: 0.008305s
DEBUG 2026-06-08 17:49:27 ort/utils.py:54 [CLIENT] Observation Buffer size 4.395498275756836 MB with
DEBUG 2026-06-08 17:49:27 ort/utils.py:69 [CLIENT] Observation Sent 2097152/4609014 bytes with state 1
DEBUG 2026-06-08 17:49:27 ort/utils.py:69 [CLIENT] Observation Sent 4194304/4609014 bytes with state 2
DEBUG 2026-06-08 17:49:27 ort/utils.py:69 [CLIENT] Observation Sent 4609014/4609014 bytes with state 3
DEBUG 2026-06-08 17:49:27 ort/utils.py:71 [CLIENT] Observation Published 4.395498275756836 MB
DEBUG 2026-06-08 17:49:27 t_client.py:292 Received actions on device: cpu
DEBUG 2026-06-08 17:49:27 t_client.py:302 Actions kept on device: cpu
DEBUG 2026-06-08 17:49:27 t_client.py:209 Sent observation #406 | 
DEBUG 2026-06-08 17:49:27 t_client.py:434 QUEUE SIZE: 7 (Must go: False)
DEBUG 2026-06-08 17:49:27 t_client.py:477 Control loop (ms): 179.52
DEBUG 2026-06-08 17:49:27 t_client.py:477 Control loop (ms): 1.72
DEBUG 2026-06-08 17:49:27 t_client.py:477 Control loop (ms): 1.78
DEBUG 2026-06-08 17:49:27 t_client.py:477 Control loop (ms): 1.85
DEBUG 2026-06-08 17:49:27 t_client.py:477 Control loop (ms): 2.35
DEBUG 2026-06-08 17:49:27 t_client.py:292 Received actions on device: cpu
DEBUG 2026-06-08 17:49:27 t_client.py:302 Actions kept on device: cpu
DEBUG 2026-06-08 17:49:27 t_client.py:477 Control loop (ms): 1.46
DEBUG 2026-06-08 17:49:27 t_client.py:477 Control loop (ms): 1.79
DEBUG 2026-06-08 17:49:27 follower.py:184 follower_right SOFollower read state: 1.8ms
DEBUG 2026-06-08 17:49:27 follower.py:191 follower_right SOFollower read wrist: 0.1ms
DEBUG 2026-06-08 17:49:27 follower.py:184 follower_left SOFollower read state: 2.0ms
DEBUG 2026-06-08 17:49:27 follower.py:191 follower_left SOFollower read wrist: 0.0ms
DEBUG 2026-06-08 17:49:27 t_client.py:198 Observation serialization time: 0.009119s
DEBUG 2026-06-08 17:49:27 ort/utils.py:54 [CLIENT] Observation Buffer size 4.395498275756836 MB with
DEBUG 2026-06-08 17:49:27 ort/utils.py:69 [CLIENT] Observation Sent 2097152/4609014 bytes with state 1
DEBUG 2026-06-08 17:49:27 ort/utils.py:69 [CLIENT] Observation Sent 4194304/4609014 bytes with state 2
DEBUG 2026-06-08 17:49:27 ort/utils.py:69 [CLIENT] Observation Sent 4609014/4609014 bytes with state 3
DEBUG 2026-06-08 17:49:27 ort/utils.py:71 [CLIENT] Observation Published 4.395498275756836 MB
DEBUG 2026-06-08 17:49:27 t_client.py:209 Sent observation #413 | 
DEBUG 2026-06-08 17:49:27 t_client.py:434 QUEUE SIZE: 8 (Must go: False)
DEBUG 2026-06-08 17:49:27 t_client.py:477 Control loop (ms): 159.61
DEBUG 2026-06-08 17:49:27 follower.py:184 follower_right SOFollower read state: 2.3ms
DEBUG 2026-06-08 17:49:27 follower.py:191 follower_right SOFollower read wrist: 0.0ms
DEBUG 2026-06-08 17:49:27 follower.py:184 follower_left SOFollower read state: 1.9ms
DEBUG 2026-06-08 17:49:27 follower.py:191 follower_left SOFollower read wrist: 0.0ms
DEBUG 2026-06-08 17:49:27 t_client.py:198 Observation serialization time: 0.009748s
DEBUG 2026-06-08 17:49:27 ort/utils.py:54 [CLIENT] Observation Buffer size 4.395498275756836 MB with
DEBUG 2026-06-08 17:49:27 ort/utils.py:69 [CLIENT] Observation Sent 2097152/4609014 bytes with state 1
DEBUG 2026-06-08 17:49:27 ort/utils.py:69 [CLIENT] Observation Sent 4194304/4609014 bytes with state 2
DEBUG 2026-06-08 17:49:27 ort/utils.py:69 [CLIENT] Observation Sent 4609014/4609014 bytes with state 3
DEBUG 2026-06-08 17:49:27 ort/utils.py:71 [CLIENT] Observation Published 4.395498275756836 MB
DEBUG 2026-06-08 17:49:27 t_client.py:292 Received actions on device: cpu
DEBUG 2026-06-08 17:49:27 t_client.py:302 Actions kept on device: cpu
DEBUG 2026-06-08 17:49:28 t_client.py:209 Sent observation #414 | 
DEBUG 2026-06-08 17:49:28 t_client.py:434 QUEUE SIZE: 7 (Must go: False)
DEBUG 2026-06-08 17:49:28 t_client.py:477 Control loop (ms): 230.74
DEBUG 2026-06-08 17:49:28 t_client.py:477 Control loop (ms): 1.13
DEBUG 2026-06-08 17:49:28 t_client.py:292 Received actions on device: cpu
DEBUG 2026-06-08 17:49:28 t_client.py:302 Actions kept on device: cpu
DEBUG 2026-06-08 17:49:28 t_client.py:477 Control loop (ms): 1.83
DEBUG 2026-06-08 17:49:28 t_client.py:477 Control loop (ms): 2.04
DEBUG 2026-06-08 17:49:28 t_client.py:477 Control loop (ms): 2.51
DEBUG 2026-06-08 17:49:28 t_client.py:477 Control loop (ms): 1.88
DEBUG 2026-06-08 17:49:28 t_client.py:477 Control loop (ms): 1.98
DEBUG 2026-06-08 17:49:28 t_client.py:477 Control loop (ms): 2.92
DEBUG 2026-06-08 17:49:28 follower.py:184 follower_right SOFollower read state: 2.0ms
DEBUG 2026-06-08 17:49:28 follower.py:191 follower_right SOFollower read wrist: 0.0ms
DEBUG 2026-06-08 17:49:28 follower.py:184 follower_left SOFollower read state: 1.9ms
DEBUG 2026-06-08 17:49:28 follower.py:191 follower_left SOFollower read wrist: 0.0ms
DEBUG 2026-06-08 17:49:28 t_client.py:198 Observation serialization time: 0.010233s
DEBUG 2026-06-08 17:49:28 ort/utils.py:54 [CLIENT] Observation Buffer size 4.395498275756836 MB with
DEBUG 2026-06-08 17:49:28 ort/utils.py:69 [CLIENT] Observation Sent 2097152/4609014 bytes with state 1
DEBUG 2026-06-08 17:49:28 ort/utils.py:69 [CLIENT] Observation Sent 4194304/4609014 bytes with state 2
DEBUG 2026-06-08 17:49:28 ort/utils.py:69 [CLIENT] Observation Sent 4609014/4609014 bytes with state 3
DEBUG 2026-06-08 17:49:28 ort/utils.py:71 [CLIENT] Observation Published 4.395498275756836 MB
DEBUG 2026-06-08 17:49:28 t_client.py:209 Sent observation #421 | 
DEBUG 2026-06-08 17:49:28 t_client.py:434 QUEUE SIZE: 8 (Must go: False)
DEBUG 2026-06-08 17:49:28 t_client.py:477 Control loop (ms): 190.06
DEBUG 2026-06-08 17:49:28 follower.py:184 follower_right SOFollower read state: 1.8ms
DEBUG 2026-06-08 17:49:28 follower.py:191 follower_right SOFollower read wrist: 0.0ms
DEBUG 2026-06-08 17:49:28 follower.py:184 follower_left SOFollower read state: 1.6ms
DEBUG 2026-06-08 17:49:28 follower.py:191 follower_left SOFollower read wrist: 0.0ms
DEBUG 2026-06-08 17:49:28 t_client.py:198 Observation serialization time: 0.008282s
DEBUG 2026-06-08 17:49:28 ort/utils.py:54 [CLIENT] Observation Buffer size 4.395498275756836 MB with
DEBUG 2026-06-08 17:49:28 ort/utils.py:69 [CLIENT] Observation Sent 2097152/4609014 bytes with state 1
DEBUG 2026-06-08 17:49:28 ort/utils.py:69 [CLIENT] Observation Sent 4194304/4609014 bytes with state 2
DEBUG 2026-06-08 17:49:28 ort/utils.py:69 [CLIENT] Observation Sent 4609014/4609014 bytes with state 3
DEBUG 2026-06-08 17:49:28 ort/utils.py:71 [CLIENT] Observation Published 4.395498275756836 MB
DEBUG 2026-06-08 17:49:28 t_client.py:292 Received actions on device: cpu
DEBUG 2026-06-08 17:49:28 t_client.py:302 Actions kept on device: cpu
DEBUG 2026-06-08 17:49:28 t_client.py:209 Sent observation #422 | 
DEBUG 2026-06-08 17:49:28 t_client.py:434 QUEUE SIZE: 7 (Must go: False)
DEBUG 2026-06-08 17:49:28 t_client.py:477 Control loop (ms): 270.13
DEBUG 2026-06-08 17:49:28 t_client.py:477 Control loop (ms): 1.39
DEBUG 2026-06-08 17:49:28 t_client.py:477 Control loop (ms): 2.24
DEBUG 2026-06-08 17:49:28 t_client.py:477 Control loop (ms): 2.27
DEBUG 2026-06-08 17:49:28 t_client.py:477 Control loop (ms): 1.40
DEBUG 2026-06-08 17:49:28 t_client.py:477 Control loop (ms): 1.26
DEBUG 2026-06-08 17:49:28 follower.py:184 follower_right SOFollower read state: 2.1ms
DEBUG 2026-06-08 17:49:28 follower.py:191 follower_right SOFollower read wrist: 0.0ms
DEBUG 2026-06-08 17:49:28 follower.py:184 follower_left SOFollower read state: 2.0ms
DEBUG 2026-06-08 17:49:28 follower.py:191 follower_left SOFollower read wrist: 0.0ms
DEBUG 2026-06-08 17:49:28 t_client.py:198 Observation serialization time: 0.009895s
DEBUG 2026-06-08 17:49:28 ort/utils.py:54 [CLIENT] Observation Buffer size 4.395498275756836 MB with
DEBUG 2026-06-08 17:49:29 ort/utils.py:69 [CLIENT] Observation Sent 2097152/4609014 bytes with state 1
DEBUG 2026-06-08 17:49:29 ort/utils.py:69 [CLIENT] Observation Sent 4194304/4609014 bytes with state 2
DEBUG 2026-06-08 17:49:29 ort/utils.py:69 [CLIENT] Observation Sent 4609014/4609014 bytes with state 3
DEBUG 2026-06-08 17:49:29 ort/utils.py:71 [CLIENT] Observation Published 4.395498275756836 MB
DEBUG 2026-06-08 17:49:29 t_client.py:209 Sent observation #428 | 
DEBUG 2026-06-08 17:49:29 t_client.py:434 QUEUE SIZE: 8 (Must go: False)
DEBUG 2026-06-08 17:49:29 t_client.py:477 Control loop (ms): 195.26
DEBUG 2026-06-08 17:49:29 follower.py:184 follower_right SOFollower read state: 2.0ms
DEBUG 2026-06-08 17:49:29 follower.py:191 follower_right SOFollower read wrist: 0.0ms
DEBUG 2026-06-08 17:49:29 follower.py:184 follower_left SOFollower read state: 1.9ms
DEBUG 2026-06-08 17:49:29 follower.py:191 follower_left SOFollower read wrist: 0.0ms
DEBUG 2026-06-08 17:49:29 t_client.py:198 Observation serialization time: 0.007287s
DEBUG 2026-06-08 17:49:29 ort/utils.py:54 [CLIENT] Observation Buffer size 4.395498275756836 MB with
DEBUG 2026-06-08 17:49:29 ort/utils.py:69 [CLIENT] Observation Sent 2097152/4609014 bytes with state 1
DEBUG 2026-06-08 17:49:29 ort/utils.py:69 [CLIENT] Observation Sent 4194304/4609014 bytes with state 2
DEBUG 2026-06-08 17:49:29 ort/utils.py:69 [CLIENT] Observation Sent 4609014/4609014 bytes with state 3
DEBUG 2026-06-08 17:49:29 ort/utils.py:71 [CLIENT] Observation Published 4.395498275756836 MB
DEBUG 2026-06-08 17:49:29 t_client.py:292 Received actions on device: cpu
DEBUG 2026-06-08 17:49:29 t_client.py:302 Actions kept on device: cpu
DEBUG 2026-06-08 17:49:29 t_client.py:209 Sent observation #429 | 
DEBUG 2026-06-08 17:49:29 t_client.py:434 QUEUE SIZE: 7 (Must go: False)
DEBUG 2026-06-08 17:49:29 t_client.py:477 Control loop (ms): 252.89
DEBUG 2026-06-08 17:49:29 t_client.py:477 Control loop (ms): 1.65
DEBUG 2026-06-08 17:49:29 t_client.py:477 Control loop (ms): 2.20
DEBUG 2026-06-08 17:49:29 t_client.py:477 Control loop (ms): 2.32
DEBUG 2026-06-08 17:49:29 t_client.py:477 Control loop (ms): 2.92
DEBUG 2026-06-08 17:49:29 t_client.py:477 Control loop (ms): 2.26
DEBUG 2026-06-08 17:49:29 follower.py:184 follower_right SOFollower read state: 2.3ms
DEBUG 2026-06-08 17:49:29 follower.py:191 follower_right SOFollower read wrist: 0.0ms
DEBUG 2026-06-08 17:49:29 follower.py:184 follower_left SOFollower read state: 2.4ms
DEBUG 2026-06-08 17:49:29 follower.py:191 follower_left SOFollower read wrist: 0.0ms
DEBUG 2026-06-08 17:49:29 t_client.py:198 Observation serialization time: 0.007318s
DEBUG 2026-06-08 17:49:29 ort/utils.py:54 [CLIENT] Observation Buffer size 4.395498275756836 MB with
DEBUG 2026-06-08 17:49:29 ort/utils.py:69 [CLIENT] Observation Sent 2097152/4609014 bytes with state 1
DEBUG 2026-06-08 17:49:29 ort/utils.py:69 [CLIENT] Observation Sent 4194304/4609014 bytes with state 2
DEBUG 2026-06-08 17:49:29 ort/utils.py:69 [CLIENT] Observation Sent 4609014/4609014 bytes with state 3
DEBUG 2026-06-08 17:49:29 ort/utils.py:71 [CLIENT] Observation Published 4.395498275756836 MB
DEBUG 2026-06-08 17:49:29 t_client.py:209 Sent observation #435 | 
DEBUG 2026-06-08 17:49:29 t_client.py:434 QUEUE SIZE: 8 (Must go: False)
DEBUG 2026-06-08 17:49:29 t_client.py:477 Control loop (ms): 170.68
DEBUG 2026-06-08 17:49:29 follower.py:184 follower_right SOFollower read state: 1.6ms
DEBUG 2026-06-08 17:49:29 follower.py:191 follower_right SOFollower read wrist: 0.0ms
DEBUG 2026-06-08 17:49:29 follower.py:184 follower_left SOFollower read state: 1.5ms
DEBUG 2026-06-08 17:49:29 follower.py:191 follower_left SOFollower read wrist: 0.0ms
DEBUG 2026-06-08 17:49:29 t_client.py:198 Observation serialization time: 0.004029s
DEBUG 2026-06-08 17:49:29 ort/utils.py:54 [CLIENT] Observation Buffer size 4.395498275756836 MB with
DEBUG 2026-06-08 17:49:29 ort/utils.py:69 [CLIENT] Observation Sent 2097152/4609014 bytes with state 1
DEBUG 2026-06-08 17:49:29 ort/utils.py:69 [CLIENT] Observation Sent 4194304/4609014 bytes with state 2
DEBUG 2026-06-08 17:49:29 ort/utils.py:69 [CLIENT] Observation Sent 4609014/4609014 bytes with state 3
DEBUG 2026-06-08 17:49:29 ort/utils.py:71 [CLIENT] Observation Published 4.395498275756836 MB
DEBUG 2026-06-08 17:49:30 t_client.py:209 Sent observation #436 | 
DEBUG 2026-06-08 17:49:30 t_client.py:434 QUEUE SIZE: 7 (Must go: False)
DEBUG 2026-06-08 17:49:30 t_client.py:477 Control loop (ms): 246.47
DEBUG 2026-06-08 17:49:30 follower.py:184 follower_right SOFollower read state: 3.0ms
DEBUG 2026-06-08 17:49:30 t_client.py:292 Received actions on device: cpu
DEBUG 2026-06-08 17:49:30 t_client.py:302 Actions kept on device: cpu
DEBUG 2026-06-08 17:49:30 follower.py:191 follower_right SOFollower read wrist: 0.1ms
DEBUG 2026-06-08 17:49:30 follower.py:184 follower_left SOFollower read state: 3.0ms
DEBUG 2026-06-08 17:49:30 follower.py:191 follower_left SOFollower read wrist: 0.1ms
DEBUG 2026-06-08 17:49:30 t_client.py:198 Observation serialization time: 0.013538s
DEBUG 2026-06-08 17:49:30 ort/utils.py:54 [CLIENT] Observation Buffer size 4.395498275756836 MB with
DEBUG 2026-06-08 17:49:30 ort/utils.py:69 [CLIENT] Observation Sent 2097152/4609014 bytes with state 1
DEBUG 2026-06-08 17:49:30 ort/utils.py:69 [CLIENT] Observation Sent 4194304/4609014 bytes with state 2
DEBUG 2026-06-08 17:49:30 ort/utils.py:69 [CLIENT] Observation Sent 4609014/4609014 bytes with state 3
DEBUG 2026-06-08 17:49:30 ort/utils.py:71 [CLIENT] Observation Published 4.395498275756836 MB
DEBUG 2026-06-08 17:49:30 t_client.py:209 Sent observation #437 | 
DEBUG 2026-06-08 17:49:30 t_client.py:434 QUEUE SIZE: 13 (Must go: False)
DEBUG 2026-06-08 17:49:30 t_client.py:477 Control loop (ms): 130.11
DEBUG 2026-06-08 17:49:30 t_client.py:477 Control loop (ms): 6.53
DEBUG 2026-06-08 17:49:30 t_client.py:292 Received actions on device: cpu
DEBUG 2026-06-08 17:49:30 t_client.py:302 Actions kept on device: cpu
DEBUG 2026-06-08 17:49:30 t_client.py:477 Control loop (ms): 1.92
DEBUG 2026-06-08 17:49:30 t_client.py:477 Control loop (ms): 2.20
DEBUG 2026-06-08 17:49:30 t_client.py:477 Control loop (ms): 2.36
DEBUG 2026-06-08 17:49:30 t_client.py:477 Control loop (ms): 1.93
DEBUG 2026-06-08 17:49:30 follower.py:184 follower_right SOFollower read state: 2.2ms
DEBUG 2026-06-08 17:49:30 follower.py:191 follower_right SOFollower read wrist: 0.0ms
DEBUG 2026-06-08 17:49:30 follower.py:184 follower_left SOFollower read state: 1.9ms
DEBUG 2026-06-08 17:49:30 follower.py:191 follower_left SOFollower read wrist: 0.0ms
DEBUG 2026-06-08 17:49:30 t_client.py:198 Observation serialization time: 0.007241s
DEBUG 2026-06-08 17:49:30 ort/utils.py:54 [CLIENT] Observation Buffer size 4.395498275756836 MB with
DEBUG 2026-06-08 17:49:30 ort/utils.py:69 [CLIENT] Observation Sent 2097152/4609014 bytes with state 1
DEBUG 2026-06-08 17:49:30 ort/utils.py:69 [CLIENT] Observation Sent 4194304/4609014 bytes with state 2
DEBUG 2026-06-08 17:49:30 ort/utils.py:69 [CLIENT] Observation Sent 4609014/4609014 bytes with state 3
DEBUG 2026-06-08 17:49:30 ort/utils.py:71 [CLIENT] Observation Published 4.395498275756836 MB
DEBUG 2026-06-08 17:49:30 t_client.py:209 Sent observation #443 | 
DEBUG 2026-06-08 17:49:30 t_client.py:434 QUEUE SIZE: 8 (Must go: False)
DEBUG 2026-06-08 17:49:30 t_client.py:477 Control loop (ms): 119.55
DEBUG 2026-06-08 17:49:30 follower.py:184 follower_right SOFollower read state: 1.8ms
DEBUG 2026-06-08 17:49:30 follower.py:191 follower_right SOFollower read wrist: 0.0ms
DEBUG 2026-06-08 17:49:30 follower.py:184 follower_left SOFollower read state: 2.4ms
DEBUG 2026-06-08 17:49:30 follower.py:191 follower_left SOFollower read wrist: 0.0ms
DEBUG 2026-06-08 17:49:30 t_client.py:198 Observation serialization time: 0.009490s
DEBUG 2026-06-08 17:49:30 ort/utils.py:54 [CLIENT] Observation Buffer size 4.395498275756836 MB with
DEBUG 2026-06-08 17:49:30 ort/utils.py:69 [CLIENT] Observation Sent 2097152/4609014 bytes with state 1
DEBUG 2026-06-08 17:49:30 ort/utils.py:69 [CLIENT] Observation Sent 4194304/4609014 bytes with state 2
DEBUG 2026-06-08 17:49:30 ort/utils.py:69 [CLIENT] Observation Sent 4609014/4609014 bytes with state 3
DEBUG 2026-06-08 17:49:30 ort/utils.py:71 [CLIENT] Observation Published 4.395498275756836 MB
DEBUG 2026-06-08 17:49:30 t_client.py:292 Received actions on device: cpu
DEBUG 2026-06-08 17:49:30 t_client.py:302 Actions kept on device: cpu
DEBUG 2026-06-08 17:49:30 t_client.py:209 Sent observation #444 | 
DEBUG 2026-06-08 17:49:30 t_client.py:434 QUEUE SIZE: 7 (Must go: False)
DEBUG 2026-06-08 17:49:30 t_client.py:477 Control loop (ms): 144.47
DEBUG 2026-06-08 17:49:30 t_client.py:477 Control loop (ms): 1.73
DEBUG 2026-06-08 17:49:30 t_client.py:477 Control loop (ms): 1.84
DEBUG 2026-06-08 17:49:30 t_client.py:477 Control loop (ms): 2.00
DEBUG 2026-06-08 17:49:30 t_client.py:292 Received actions on device: cpu
DEBUG 2026-06-08 17:49:30 t_client.py:302 Actions kept on device: cpu
DEBUG 2026-06-08 17:49:30 t_client.py:477 Control loop (ms): 2.17
DEBUG 2026-06-08 17:49:30 t_client.py:477 Control loop (ms): 2.25
DEBUG 2026-06-08 17:49:30 t_client.py:477 Control loop (ms): 2.81
DEBUG 2026-06-08 17:49:30 follower.py:184 follower_right SOFollower read state: 2.8ms
DEBUG 2026-06-08 17:49:30 follower.py:191 follower_right SOFollower read wrist: 0.1ms
DEBUG 2026-06-08 17:49:30 follower.py:184 follower_left SOFollower read state: 2.0ms
DEBUG 2026-06-08 17:49:30 follower.py:191 follower_left SOFollower read wrist: 0.0ms
DEBUG 2026-06-08 17:49:30 t_client.py:198 Observation serialization time: 0.012809s
DEBUG 2026-06-08 17:49:30 ort/utils.py:54 [CLIENT] Observation Buffer size 4.395498275756836 MB with
DEBUG 2026-06-08 17:49:30 ort/utils.py:69 [CLIENT] Observation Sent 2097152/4609014 bytes with state 1
DEBUG 2026-06-08 17:49:30 ort/utils.py:69 [CLIENT] Observation Sent 4194304/4609014 bytes with state 2
DEBUG 2026-06-08 17:49:30 ort/utils.py:69 [CLIENT] Observation Sent 4609014/4609014 bytes with state 3
DEBUG 2026-06-08 17:49:30 ort/utils.py:71 [CLIENT] Observation Published 4.395498275756836 MB
DEBUG 2026-06-08 17:49:30 t_client.py:209 Sent observation #451 | 
DEBUG 2026-06-08 17:49:30 t_client.py:434 QUEUE SIZE: 8 (Must go: False)
DEBUG 2026-06-08 17:49:30 t_client.py:477 Control loop (ms): 215.52
DEBUG 2026-06-08 17:49:30 follower.py:184 follower_right SOFollower read state: 2.6ms
DEBUG 2026-06-08 17:49:30 follower.py:191 follower_right SOFollower read wrist: 0.0ms
DEBUG 2026-06-08 17:49:31 follower.py:184 follower_left SOFollower read state: 3.2ms
DEBUG 2026-06-08 17:49:31 follower.py:191 follower_left SOFollower read wrist: 0.1ms
DEBUG 2026-06-08 17:49:31 t_client.py:198 Observation serialization time: 0.008056s
DEBUG 2026-06-08 17:49:31 ort/utils.py:54 [CLIENT] Observation Buffer size 4.395498275756836 MB with
DEBUG 2026-06-08 17:49:31 ort/utils.py:69 [CLIENT] Observation Sent 2097152/4609014 bytes with state 1
DEBUG 2026-06-08 17:49:31 ort/utils.py:69 [CLIENT] Observation Sent 4194304/4609014 bytes with state 2
DEBUG 2026-06-08 17:49:31 ort/utils.py:69 [CLIENT] Observation Sent 4609014/4609014 bytes with state 3
DEBUG 2026-06-08 17:49:31 ort/utils.py:71 [CLIENT] Observation Published 4.395498275756836 MB
DEBUG 2026-06-08 17:49:31 t_client.py:292 Received actions on device: cpu
DEBUG 2026-06-08 17:49:31 t_client.py:302 Actions kept on device: cpu
DEBUG 2026-06-08 17:49:31 t_client.py:209 Sent observation #452 | 
DEBUG 2026-06-08 17:49:31 t_client.py:434 QUEUE SIZE: 7 (Must go: False)
DEBUG 2026-06-08 17:49:31 t_client.py:477 Control loop (ms): 197.84
DEBUG 2026-06-08 17:49:31 t_client.py:477 Control loop (ms): 1.65
DEBUG 2026-06-08 17:49:31 t_client.py:477 Control loop (ms): 2.13
DEBUG 2026-06-08 17:49:31 t_client.py:477 Control loop (ms): 2.31
DEBUG 2026-06-08 17:49:31 t_client.py:292 Received actions on device: cpu
DEBUG 2026-06-08 17:49:31 t_client.py:302 Actions kept on device: cpu
DEBUG 2026-06-08 17:49:31 t_client.py:477 Control loop (ms): 2.15
DEBUG 2026-06-08 17:49:31 t_client.py:477 Control loop (ms): 2.16
DEBUG 2026-06-08 17:49:31 t_client.py:477 Control loop (ms): 2.27
DEBUG 2026-06-08 17:49:31 follower.py:184 follower_right SOFollower read state: 2.0ms
DEBUG 2026-06-08 17:49:31 follower.py:191 follower_right SOFollower read wrist: 0.1ms
DEBUG 2026-06-08 17:49:31 follower.py:184 follower_left SOFollower read state: 2.3ms
DEBUG 2026-06-08 17:49:31 follower.py:191 follower_left SOFollower read wrist: 0.0ms
DEBUG 2026-06-08 17:49:31 t_client.py:198 Observation serialization time: 0.007513s
DEBUG 2026-06-08 17:49:31 ort/utils.py:54 [CLIENT] Observation Buffer size 4.395498275756836 MB with
DEBUG 2026-06-08 17:49:31 ort/utils.py:69 [CLIENT] Observation Sent 2097152/4609014 bytes with state 1
DEBUG 2026-06-08 17:49:31 ort/utils.py:69 [CLIENT] Observation Sent 4194304/4609014 bytes with state 2
DEBUG 2026-06-08 17:49:31 ort/utils.py:69 [CLIENT] Observation Sent 4609014/4609014 bytes with state 3
DEBUG 2026-06-08 17:49:31 ort/utils.py:71 [CLIENT] Observation Published 4.395498275756836 MB
DEBUG 2026-06-08 17:49:31 t_client.py:209 Sent observation #459 | 
DEBUG 2026-06-08 17:49:31 t_client.py:434 QUEUE SIZE: 8 (Must go: False)
DEBUG 2026-06-08 17:49:31 t_client.py:477 Control loop (ms): 225.20
DEBUG 2026-06-08 17:49:31 follower.py:184 follower_right SOFollower read state: 1.9ms
DEBUG 2026-06-08 17:49:31 follower.py:191 follower_right SOFollower read wrist: 0.0ms
DEBUG 2026-06-08 17:49:31 follower.py:184 follower_left SOFollower read state: 1.8ms
DEBUG 2026-06-08 17:49:31 follower.py:191 follower_left SOFollower read wrist: 0.0ms
DEBUG 2026-06-08 17:49:31 t_client.py:198 Observation serialization time: 0.007225s
DEBUG 2026-06-08 17:49:31 ort/utils.py:54 [CLIENT] Observation Buffer size 4.395498275756836 MB with
DEBUG 2026-06-08 17:49:31 ort/utils.py:69 [CLIENT] Observation Sent 2097152/4609014 bytes with state 1
DEBUG 2026-06-08 17:49:31 ort/utils.py:69 [CLIENT] Observation Sent 4194304/4609014 bytes with state 2
DEBUG 2026-06-08 17:49:31 ort/utils.py:69 [CLIENT] Observation Sent 4609014/4609014 bytes with state 3
DEBUG 2026-06-08 17:49:31 ort/utils.py:71 [CLIENT] Observation Published 4.395498275756836 MB
DEBUG 2026-06-08 17:49:31 t_client.py:209 Sent observation #460 | 
DEBUG 2026-06-08 17:49:31 t_client.py:434 QUEUE SIZE: 7 (Must go: False)
DEBUG 2026-06-08 17:49:31 t_client.py:477 Control loop (ms): 222.88
DEBUG 2026-06-08 17:49:31 t_client.py:292 Received actions on device: cpu
DEBUG 2026-06-08 17:49:31 t_client.py:302 Actions kept on device: cpu
DEBUG 2026-06-08 17:49:31 follower.py:184 follower_right SOFollower read state: 2.1ms
DEBUG 2026-06-08 17:49:31 follower.py:191 follower_right SOFollower read wrist: 0.0ms
DEBUG 2026-06-08 17:49:31 follower.py:184 follower_left SOFollower read state: 1.9ms
DEBUG 2026-06-08 17:49:31 follower.py:191 follower_left SOFollower read wrist: 0.0ms
DEBUG 2026-06-08 17:49:31 t_client.py:198 Observation serialization time: 0.006560s
DEBUG 2026-06-08 17:49:31 ort/utils.py:54 [CLIENT] Observation Buffer size 4.395498275756836 MB with
DEBUG 2026-06-08 17:49:31 ort/utils.py:69 [CLIENT] Observation Sent 2097152/4609014 bytes with state 1
DEBUG 2026-06-08 17:49:31 ort/utils.py:69 [CLIENT] Observation Sent 4194304/4609014 bytes with state 2
DEBUG 2026-06-08 17:49:31 ort/utils.py:69 [CLIENT] Observation Sent 4609014/4609014 bytes with state 3
DEBUG 2026-06-08 17:49:31 ort/utils.py:71 [CLIENT] Observation Published 4.395498275756836 MB
DEBUG 2026-06-08 17:49:31 t_client.py:209 Sent observation #461 | 
DEBUG 2026-06-08 17:49:31 t_client.py:434 QUEUE SIZE: 14 (Must go: False)
DEBUG 2026-06-08 17:49:31 t_client.py:477 Control loop (ms): 121.84
DEBUG 2026-06-08 17:49:31 t_client.py:477 Control loop (ms): 5.12
DEBUG 2026-06-08 17:49:31 t_client.py:292 Received actions on device: cpu
DEBUG 2026-06-08 17:49:31 t_client.py:302 Actions kept on device: cpu
DEBUG 2026-06-08 17:49:31 t_client.py:477 Control loop (ms): 1.10
DEBUG 2026-06-08 17:49:32 t_client.py:477 Control loop (ms): 1.42
DEBUG 2026-06-08 17:49:32 t_client.py:477 Control loop (ms): 0.51
DEBUG 2026-06-08 17:49:32 t_client.py:477 Control loop (ms): 2.23
DEBUG 2026-06-08 17:49:32 t_client.py:477 Control loop (ms): 2.01
DEBUG 2026-06-08 17:49:32 follower.py:184 follower_right SOFollower read state: 2.0ms
DEBUG 2026-06-08 17:49:32 follower.py:191 follower_right SOFollower read wrist: 0.0ms
DEBUG 2026-06-08 17:49:32 follower.py:184 follower_left SOFollower read state: 1.9ms
DEBUG 2026-06-08 17:49:32 follower.py:191 follower_left SOFollower read wrist: 0.0ms
DEBUG 2026-06-08 17:49:32 t_client.py:198 Observation serialization time: 0.005870s
DEBUG 2026-06-08 17:49:32 ort/utils.py:54 [CLIENT] Observation Buffer size 4.395498275756836 MB with
DEBUG 2026-06-08 17:49:32 ort/utils.py:69 [CLIENT] Observation Sent 2097152/4609014 bytes with state 1
DEBUG 2026-06-08 17:49:32 ort/utils.py:69 [CLIENT] Observation Sent 4194304/4609014 bytes with state 2
DEBUG 2026-06-08 17:49:32 ort/utils.py:69 [CLIENT] Observation Sent 4609014/4609014 bytes with state 3
DEBUG 2026-06-08 17:49:32 ort/utils.py:71 [CLIENT] Observation Published 4.395498275756836 MB
DEBUG 2026-06-08 17:49:32 t_client.py:209 Sent observation #467 | 
DEBUG 2026-06-08 17:49:32 t_client.py:434 QUEUE SIZE: 8 (Must go: False)
DEBUG 2026-06-08 17:49:32 t_client.py:477 Control loop (ms): 207.08
DEBUG 2026-06-08 17:49:32 follower.py:184 follower_right SOFollower read state: 1.7ms
DEBUG 2026-06-08 17:49:32 follower.py:191 follower_right SOFollower read wrist: 0.0ms
DEBUG 2026-06-08 17:49:32 follower.py:184 follower_left SOFollower read state: 1.5ms
DEBUG 2026-06-08 17:49:32 follower.py:191 follower_left SOFollower read wrist: 0.0ms
DEBUG 2026-06-08 17:49:32 t_client.py:198 Observation serialization time: 0.004980s
DEBUG 2026-06-08 17:49:32 ort/utils.py:54 [CLIENT] Observation Buffer size 4.395498275756836 MB with
DEBUG 2026-06-08 17:49:32 ort/utils.py:69 [CLIENT] Observation Sent 2097152/4609014 bytes with state 1
DEBUG 2026-06-08 17:49:32 ort/utils.py:69 [CLIENT] Observation Sent 4194304/4609014 bytes with state 2
DEBUG 2026-06-08 17:49:32 ort/utils.py:69 [CLIENT] Observation Sent 4609014/4609014 bytes with state 3
DEBUG 2026-06-08 17:49:32 ort/utils.py:71 [CLIENT] Observation Published 4.395498275756836 MB
DEBUG 2026-06-08 17:49:32 t_client.py:292 Received actions on device: cpu
DEBUG 2026-06-08 17:49:32 t_client.py:302 Actions kept on device: cpu
DEBUG 2026-06-08 17:49:32 t_client.py:209 Sent observation #468 | 
DEBUG 2026-06-08 17:49:32 t_client.py:434 QUEUE SIZE: 7 (Must go: False)
DEBUG 2026-06-08 17:49:32 t_client.py:477 Control loop (ms): 157.80
DEBUG 2026-06-08 17:49:32 t_client.py:477 Control loop (ms): 1.64
DEBUG 2026-06-08 17:49:32 t_client.py:477 Control loop (ms): 2.05
DEBUG 2026-06-08 17:49:32 t_client.py:477 Control loop (ms): 2.24
DEBUG 2026-06-08 17:49:32 t_client.py:292 Received actions on device: cpu
DEBUG 2026-06-08 17:49:32 t_client.py:302 Actions kept on device: cpu
DEBUG 2026-06-08 17:49:32 t_client.py:477 Control loop (ms): 2.01
DEBUG 2026-06-08 17:49:32 t_client.py:477 Control loop (ms): 1.97
DEBUG 2026-06-08 17:49:32 t_client.py:477 Control loop (ms): 1.56
DEBUG 2026-06-08 17:49:32 follower.py:184 follower_right SOFollower read state: 2.0ms
DEBUG 2026-06-08 17:49:32 follower.py:191 follower_right SOFollower read wrist: 0.1ms
DEBUG 2026-06-08 17:49:32 follower.py:184 follower_left SOFollower read state: 2.1ms
DEBUG 2026-06-08 17:49:32 follower.py:191 follower_left SOFollower read wrist: 0.1ms
DEBUG 2026-06-08 17:49:32 t_client.py:198 Observation serialization time: 0.014032s
DEBUG 2026-06-08 17:49:32 ort/utils.py:54 [CLIENT] Observation Buffer size 4.395498275756836 MB with
DEBUG 2026-06-08 17:49:32 ort/utils.py:69 [CLIENT] Observation Sent 2097152/4609014 bytes with state 1
DEBUG 2026-06-08 17:49:32 ort/utils.py:69 [CLIENT] Observation Sent 4194304/4609014 bytes with state 2
DEBUG 2026-06-08 17:49:32 ort/utils.py:69 [CLIENT] Observation Sent 4609014/4609014 bytes with state 3
DEBUG 2026-06-08 17:49:32 ort/utils.py:71 [CLIENT] Observation Published 4.395498275756836 MB
DEBUG 2026-06-08 17:49:32 t_client.py:209 Sent observation #475 | 
DEBUG 2026-06-08 17:49:32 t_client.py:434 QUEUE SIZE: 8 (Must go: False)
DEBUG 2026-06-08 17:49:32 t_client.py:477 Control loop (ms): 168.29
DEBUG 2026-06-08 17:49:32 follower.py:184 follower_right SOFollower read state: 1.9ms
DEBUG 2026-06-08 17:49:32 follower.py:191 follower_right SOFollower read wrist: 0.0ms
DEBUG 2026-06-08 17:49:32 follower.py:184 follower_left SOFollower read state: 1.8ms
DEBUG 2026-06-08 17:49:32 follower.py:191 follower_left SOFollower read wrist: 0.0ms
DEBUG 2026-06-08 17:49:32 t_client.py:198 Observation serialization time: 0.005978s
DEBUG 2026-06-08 17:49:32 ort/utils.py:54 [CLIENT] Observation Buffer size 4.395498275756836 MB with
DEBUG 2026-06-08 17:49:32 ort/utils.py:69 [CLIENT] Observation Sent 2097152/4609014 bytes with state 1
DEBUG 2026-06-08 17:49:33 ort/utils.py:69 [CLIENT] Observation Sent 4194304/4609014 bytes with state 2
DEBUG 2026-06-08 17:49:33 ort/utils.py:69 [CLIENT] Observation Sent 4609014/4609014 bytes with state 3
DEBUG 2026-06-08 17:49:33 ort/utils.py:71 [CLIENT] Observation Published 4.395498275756836 MB
DEBUG 2026-06-08 17:49:33 t_client.py:292 Received actions on device: cpu
DEBUG 2026-06-08 17:49:33 t_client.py:302 Actions kept on device: cpu
DEBUG 2026-06-08 17:49:33 t_client.py:209 Sent observation #476 | 
DEBUG 2026-06-08 17:49:33 t_client.py:434 QUEUE SIZE: 7 (Must go: False)
DEBUG 2026-06-08 17:49:33 t_client.py:477 Control loop (ms): 169.92
DEBUG 2026-06-08 17:49:33 t_client.py:477 Control loop (ms): 1.44
DEBUG 2026-06-08 17:49:33 t_client.py:477 Control loop (ms): 2.48
DEBUG 2026-06-08 17:49:33 t_client.py:477 Control loop (ms): 1.99
DEBUG 2026-06-08 17:49:33 t_client.py:292 Received actions on device: cpu
DEBUG 2026-06-08 17:49:33 t_client.py:302 Actions kept on device: cpu
DEBUG 2026-06-08 17:49:33 t_client.py:477 Control loop (ms): 2.39
DEBUG 2026-06-08 17:49:33 t_client.py:477 Control loop (ms): 1.97
DEBUG 2026-06-08 17:49:33 t_client.py:477 Control loop (ms): 2.08
DEBUG 2026-06-08 17:49:33 follower.py:184 follower_right SOFollower read state: 2.5ms
DEBUG 2026-06-08 17:49:33 follower.py:191 follower_right SOFollower read wrist: 0.0ms
DEBUG 2026-06-08 17:49:33 follower.py:184 follower_left SOFollower read state: 1.9ms
DEBUG 2026-06-08 17:49:33 follower.py:191 follower_left SOFollower read wrist: 0.0ms
DEBUG 2026-06-08 17:49:33 t_client.py:198 Observation serialization time: 0.009470s
DEBUG 2026-06-08 17:49:33 ort/utils.py:54 [CLIENT] Observation Buffer size 4.395498275756836 MB with
DEBUG 2026-06-08 17:49:33 ort/utils.py:69 [CLIENT] Observation Sent 2097152/4609014 bytes with state 1
DEBUG 2026-06-08 17:49:33 ort/utils.py:69 [CLIENT] Observation Sent 4194304/4609014 bytes with state 2
DEBUG 2026-06-08 17:49:33 ort/utils.py:69 [CLIENT] Observation Sent 4609014/4609014 bytes with state 3
DEBUG 2026-06-08 17:49:33 ort/utils.py:71 [CLIENT] Observation Published 4.395498275756836 MB
DEBUG 2026-06-08 17:49:33 t_client.py:209 Sent observation #483 | 
DEBUG 2026-06-08 17:49:33 t_client.py:434 QUEUE SIZE: 8 (Must go: False)
DEBUG 2026-06-08 17:49:33 t_client.py:477 Control loop (ms): 164.18
DEBUG 2026-06-08 17:49:33 follower.py:184 follower_right SOFollower read state: 2.2ms
DEBUG 2026-06-08 17:49:33 follower.py:191 follower_right SOFollower read wrist: 0.0ms
DEBUG 2026-06-08 17:49:33 follower.py:184 follower_left SOFollower read state: 1.8ms
DEBUG 2026-06-08 17:49:33 follower.py:191 follower_left SOFollower read wrist: 0.0ms
DEBUG 2026-06-08 17:49:33 t_client.py:198 Observation serialization time: 0.008945s
DEBUG 2026-06-08 17:49:33 ort/utils.py:54 [CLIENT] Observation Buffer size 4.395498275756836 MB with
DEBUG 2026-06-08 17:49:33 ort/utils.py:69 [CLIENT] Observation Sent 2097152/4609014 bytes with state 1
DEBUG 2026-06-08 17:49:33 ort/utils.py:69 [CLIENT] Observation Sent 4194304/4609014 bytes with state 2
DEBUG 2026-06-08 17:49:33 t_client.py:292 Received actions on device: cpu
DEBUG 2026-06-08 17:49:33 ort/utils.py:69 [CLIENT] Observation Sent 4609014/4609014 bytes with state 3
DEBUG 2026-06-08 17:49:33 ort/utils.py:71 [CLIENT] Observation Published 4.395498275756836 MB
DEBUG 2026-06-08 17:49:33 t_client.py:302 Actions kept on device: cpu
DEBUG 2026-06-08 17:49:33 t_client.py:209 Sent observation #484 | 
DEBUG 2026-06-08 17:49:33 t_client.py:434 QUEUE SIZE: 7 (Must go: False)
DEBUG 2026-06-08 17:49:33 t_client.py:477 Control loop (ms): 123.17
DEBUG 2026-06-08 17:49:33 t_client.py:477 Control loop (ms): 1.47
DEBUG 2026-06-08 17:49:33 t_client.py:477 Control loop (ms): 1.42
DEBUG 2026-06-08 17:49:33 t_client.py:477 Control loop (ms): 2.36
DEBUG 2026-06-08 17:49:33 t_client.py:292 Received actions on device: cpu
DEBUG 2026-06-08 17:49:33 t_client.py:302 Actions kept on device: cpu
DEBUG 2026-06-08 17:49:33 t_client.py:477 Control loop (ms): 5.65
DEBUG 2026-06-08 17:49:33 t_client.py:477 Control loop (ms): 2.62
DEBUG 2026-06-08 17:49:33 t_client.py:477 Control loop (ms): 2.98
DEBUG 2026-06-08 17:49:33 t_client.py:477 Control loop (ms): 2.47
DEBUG 2026-06-08 17:49:33 follower.py:184 follower_right SOFollower read state: 1.9ms
DEBUG 2026-06-08 17:49:33 follower.py:191 follower_right SOFollower read wrist: 0.0ms
DEBUG 2026-06-08 17:49:33 follower.py:184 follower_left SOFollower read state: 1.9ms
DEBUG 2026-06-08 17:49:33 follower.py:191 follower_left SOFollower read wrist: 0.0ms
DEBUG 2026-06-08 17:49:33 t_client.py:198 Observation serialization time: 0.008974s
DEBUG 2026-06-08 17:49:33 ort/utils.py:54 [CLIENT] Observation Buffer size 4.395498275756836 MB with
DEBUG 2026-06-08 17:49:33 ort/utils.py:69 [CLIENT] Observation Sent 2097152/4609014 bytes with state 1
DEBUG 2026-06-08 17:49:33 ort/utils.py:69 [CLIENT] Observation Sent 4194304/4609014 bytes with state 2
DEBUG 2026-06-08 17:49:33 ort/utils.py:69 [CLIENT] Observation Sent 4609014/4609014 bytes with state 3
DEBUG 2026-06-08 17:49:33 ort/utils.py:71 [CLIENT] Observation Published 4.395498275756836 MB
DEBUG 2026-06-08 17:49:33 t_client.py:209 Sent observation #491 | 
DEBUG 2026-06-08 17:49:33 t_client.py:434 QUEUE SIZE: 8 (Must go: False)
DEBUG 2026-06-08 17:49:33 t_client.py:477 Control loop (ms): 108.26
DEBUG 2026-06-08 17:49:33 follower.py:184 follower_right SOFollower read state: 1.9ms
DEBUG 2026-06-08 17:49:33 follower.py:191 follower_right SOFollower read wrist: 0.0ms
DEBUG 2026-06-08 17:49:33 follower.py:184 follower_left SOFollower read state: 1.9ms
DEBUG 2026-06-08 17:49:33 follower.py:191 follower_left SOFollower read wrist: 0.0ms
DEBUG 2026-06-08 17:49:33 t_client.py:198 Observation serialization time: 0.006347s
DEBUG 2026-06-08 17:49:33 ort/utils.py:54 [CLIENT] Observation Buffer size 4.395498275756836 MB with
DEBUG 2026-06-08 17:49:33 ort/utils.py:69 [CLIENT] Observation Sent 2097152/4609014 bytes with state 1
DEBUG 2026-06-08 17:49:33 ort/utils.py:69 [CLIENT] Observation Sent 4194304/4609014 bytes with state 2
DEBUG 2026-06-08 17:49:33 ort/utils.py:69 [CLIENT] Observation Sent 4609014/4609014 bytes with state 3
DEBUG 2026-06-08 17:49:33 ort/utils.py:71 [CLIENT] Observation Published 4.395498275756836 MB
DEBUG 2026-06-08 17:49:34 t_client.py:292 Received actions on device: cpu
DEBUG 2026-06-08 17:49:34 t_client.py:302 Actions kept on device: cpu
DEBUG 2026-06-08 17:49:34 t_client.py:209 Sent observation #492 | 
DEBUG 2026-06-08 17:49:34 t_client.py:434 QUEUE SIZE: 7 (Must go: False)
DEBUG 2026-06-08 17:49:34 t_client.py:477 Control loop (ms): 120.18
DEBUG 2026-06-08 17:49:34 t_client.py:477 Control loop (ms): 2.22
DEBUG 2026-06-08 17:49:34 t_client.py:477 Control loop (ms): 3.17
DEBUG 2026-06-08 17:49:34 t_client.py:477 Control loop (ms): 2.10
DEBUG 2026-06-08 17:49:34 t_client.py:292 Received actions on device: cpu
DEBUG 2026-06-08 17:49:34 t_client.py:302 Actions kept on device: cpu
DEBUG 2026-06-08 17:49:34 t_client.py:477 Control loop (ms): 2.04
DEBUG 2026-06-08 17:49:34 t_client.py:477 Control loop (ms): 1.66
DEBUG 2026-06-08 17:49:34 t_client.py:477 Control loop (ms): 1.73
DEBUG 2026-06-08 17:49:34 follower.py:184 follower_right SOFollower read state: 2.0ms
DEBUG 2026-06-08 17:49:34 follower.py:191 follower_right SOFollower read wrist: 0.0ms
DEBUG 2026-06-08 17:49:34 follower.py:184 follower_left SOFollower read state: 1.8ms
DEBUG 2026-06-08 17:49:34 follower.py:191 follower_left SOFollower read wrist: 0.0ms
DEBUG 2026-06-08 17:49:34 t_client.py:198 Observation serialization time: 0.010544s
DEBUG 2026-06-08 17:49:34 ort/utils.py:54 [CLIENT] Observation Buffer size 4.395498275756836 MB with
DEBUG 2026-06-08 17:49:34 ort/utils.py:69 [CLIENT] Observation Sent 2097152/4609014 bytes with state 1
DEBUG 2026-06-08 17:49:34 ort/utils.py:69 [CLIENT] Observation Sent 4194304/4609014 bytes with state 2
DEBUG 2026-06-08 17:49:34 ort/utils.py:69 [CLIENT] Observation Sent 4609014/4609014 bytes with state 3
DEBUG 2026-06-08 17:49:34 ort/utils.py:71 [CLIENT] Observation Published 4.395498275756836 MB
DEBUG 2026-06-08 17:49:34 t_client.py:209 Sent observation #499 | 
DEBUG 2026-06-08 17:49:34 t_client.py:434 QUEUE SIZE: 8 (Must go: False)
DEBUG 2026-06-08 17:49:34 t_client.py:477 Control loop (ms): 157.89
DEBUG 2026-06-08 17:49:34 follower.py:184 follower_right SOFollower read state: 1.8ms
DEBUG 2026-06-08 17:49:34 follower.py:191 follower_right SOFollower read wrist: 0.0ms
DEBUG 2026-06-08 17:49:34 follower.py:184 follower_left SOFollower read state: 1.8ms
DEBUG 2026-06-08 17:49:34 follower.py:191 follower_left SOFollower read wrist: 0.0ms
DEBUG 2026-06-08 17:49:34 t_client.py:198 Observation serialization time: 0.008886s
DEBUG 2026-06-08 17:49:34 ort/utils.py:54 [CLIENT] Observation Buffer size 4.395498275756836 MB with
DEBUG 2026-06-08 17:49:34 ort/utils.py:69 [CLIENT] Observation Sent 2097152/4609014 bytes with state 1
DEBUG 2026-06-08 17:49:34 ort/utils.py:69 [CLIENT] Observation Sent 4194304/4609014 bytes with state 2
DEBUG 2026-06-08 17:49:34 ort/utils.py:69 [CLIENT] Observation Sent 4609014/4609014 bytes with state 3
DEBUG 2026-06-08 17:49:34 ort/utils.py:71 [CLIENT] Observation Published 4.395498275756836 MB
DEBUG 2026-06-08 17:49:34 t_client.py:292 Received actions on device: cpu
DEBUG 2026-06-08 17:49:34 t_client.py:302 Actions kept on device: cpu
DEBUG 2026-06-08 17:49:34 t_client.py:209 Sent observation #500 | 
DEBUG 2026-06-08 17:49:34 t_client.py:434 QUEUE SIZE: 7 (Must go: False)
DEBUG 2026-06-08 17:49:34 t_client.py:477 Control loop (ms): 124.65
DEBUG 2026-06-08 17:49:34 t_client.py:477 Control loop (ms): 1.47
DEBUG 2026-06-08 17:49:34 t_client.py:477 Control loop (ms): 2.66
DEBUG 2026-06-08 17:49:34 t_client.py:477 Control loop (ms): 1.52
DEBUG 2026-06-08 17:49:34 t_client.py:477 Control loop (ms): 1.56
DEBUG 2026-06-08 17:49:34 t_client.py:292 Received actions on device: cpu
DEBUG 2026-06-08 17:49:34 t_client.py:302 Actions kept on device: cpu
DEBUG 2026-06-08 17:49:34 t_client.py:477 Control loop (ms): 1.41
DEBUG 2026-06-08 17:49:34 t_client.py:477 Control loop (ms): 2.78
DEBUG 2026-06-08 17:49:34 follower.py:184 follower_right SOFollower read state: 1.9ms
DEBUG 2026-06-08 17:49:34 follower.py:191 follower_right SOFollower read wrist: 0.0ms
DEBUG 2026-06-08 17:49:34 follower.py:184 follower_left SOFollower read state: 2.0ms
DEBUG 2026-06-08 17:49:34 follower.py:191 follower_left SOFollower read wrist: 0.0ms
DEBUG 2026-06-08 17:49:34 t_client.py:198 Observation serialization time: 0.011183s
DEBUG 2026-06-08 17:49:34 ort/utils.py:54 [CLIENT] Observation Buffer size 4.395498275756836 MB with
DEBUG 2026-06-08 17:49:34 ort/utils.py:69 [CLIENT] Observation Sent 2097152/4609014 bytes with state 1
DEBUG 2026-06-08 17:49:34 ort/utils.py:69 [CLIENT] Observation Sent 4194304/4609014 bytes with state 2
DEBUG 2026-06-08 17:49:34 ort/utils.py:69 [CLIENT] Observation Sent 4609014/4609014 bytes with state 3
DEBUG 2026-06-08 17:49:34 ort/utils.py:71 [CLIENT] Observation Published 4.395498275756836 MB
DEBUG 2026-06-08 17:49:34 t_client.py:209 Sent observation #507 | 
DEBUG 2026-06-08 17:49:34 t_client.py:434 QUEUE SIZE: 8 (Must go: False)
DEBUG 2026-06-08 17:49:34 t_client.py:477 Control loop (ms): 115.11
DEBUG 2026-06-08 17:49:34 follower.py:184 follower_right SOFollower read state: 2.0ms
DEBUG 2026-06-08 17:49:34 follower.py:191 follower_right SOFollower read wrist: 0.0ms
DEBUG 2026-06-08 17:49:34 follower.py:184 follower_left SOFollower read state: 2.1ms
DEBUG 2026-06-08 17:49:34 follower.py:191 follower_left SOFollower read wrist: 0.0ms
DEBUG 2026-06-08 17:49:34 t_client.py:198 Observation serialization time: 0.007634s
DEBUG 2026-06-08 17:49:34 ort/utils.py:54 [CLIENT] Observation Buffer size 4.395498275756836 MB with
DEBUG 2026-06-08 17:49:34 ort/utils.py:69 [CLIENT] Observation Sent 2097152/4609014 bytes with state 1
DEBUG 2026-06-08 17:49:34 ort/utils.py:69 [CLIENT] Observation Sent 4194304/4609014 bytes with state 2
DEBUG 2026-06-08 17:49:34 ort/utils.py:69 [CLIENT] Observation Sent 4609014/4609014 bytes with state 3
DEBUG 2026-06-08 17:49:34 ort/utils.py:71 [CLIENT] Observation Published 4.395498275756836 MB
DEBUG 2026-06-08 17:49:34 t_client.py:209 Sent observation #508 | 
DEBUG 2026-06-08 17:49:34 t_client.py:434 QUEUE SIZE: 7 (Must go: False)
DEBUG 2026-06-08 17:49:34 t_client.py:477 Control loop (ms): 150.38
DEBUG 2026-06-08 17:49:34 follower.py:184 follower_right SOFollower read state: 3.1ms
DEBUG 2026-06-08 17:49:34 follower.py:191 follower_right SOFollower read wrist: 0.0ms
DEBUG 2026-06-08 17:49:34 follower.py:184 follower_left SOFollower read state: 2.6ms
DEBUG 2026-06-08 17:49:34 follower.py:191 follower_left SOFollower read wrist: 0.0ms
DEBUG 2026-06-08 17:49:34 t_client.py:198 Observation serialization time: 0.010853s
DEBUG 2026-06-08 17:49:34 t_client.py:292 Received actions on device: cpu
DEBUG 2026-06-08 17:49:34 t_client.py:302 Actions kept on device: cpu
DEBUG 2026-06-08 17:49:34 ort/utils.py:54 [CLIENT] Observation Buffer size 4.395498275756836 MB with
DEBUG 2026-06-08 17:49:35 ort/utils.py:69 [CLIENT] Observation Sent 2097152/4609014 bytes with state 1
DEBUG 2026-06-08 17:49:35 ort/utils.py:69 [CLIENT] Observation Sent 4194304/4609014 bytes with state 2
DEBUG 2026-06-08 17:49:35 ort/utils.py:69 [CLIENT] Observation Sent 4609014/4609014 bytes with state 3
DEBUG 2026-06-08 17:49:35 ort/utils.py:71 [CLIENT] Observation Published 4.395498275756836 MB
DEBUG 2026-06-08 17:49:35 t_client.py:209 Sent observation #509 | 
DEBUG 2026-06-08 17:49:35 t_client.py:434 QUEUE SIZE: 6 (Must go: False)
DEBUG 2026-06-08 17:49:35 t_client.py:477 Control loop (ms): 184.63
DEBUG 2026-06-08 17:49:35 t_client.py:477 Control loop (ms): 2.69
DEBUG 2026-06-08 17:49:35 t_client.py:292 Received actions on device: cpu
DEBUG 2026-06-08 17:49:35 t_client.py:302 Actions kept on device: cpu
DEBUG 2026-06-08 17:49:35 t_client.py:477 Control loop (ms): 1.14
DEBUG 2026-06-08 17:49:35 t_client.py:477 Control loop (ms): 1.78
DEBUG 2026-06-08 17:49:35 t_client.py:477 Control loop (ms): 0.99
DEBUG 2026-06-08 17:49:35 t_client.py:292 Received actions on device: cpu
DEBUG 2026-06-08 17:49:35 t_client.py:302 Actions kept on device: cpu
DEBUG 2026-06-08 17:49:35 t_client.py:477 Control loop (ms): 2.35
DEBUG 2026-06-08 17:49:35 t_client.py:477 Control loop (ms): 2.90
DEBUG 2026-06-08 17:49:35 follower.py:184 follower_right SOFollower read state: 2.3ms
DEBUG 2026-06-08 17:49:35 follower.py:191 follower_right SOFollower read wrist: 0.0ms
DEBUG 2026-06-08 17:49:35 follower.py:184 follower_left SOFollower read state: 2.3ms
DEBUG 2026-06-08 17:49:35 follower.py:191 follower_left SOFollower read wrist: 0.0ms
DEBUG 2026-06-08 17:49:35 t_client.py:198 Observation serialization time: 0.011754s
DEBUG 2026-06-08 17:49:35 ort/utils.py:54 [CLIENT] Observation Buffer size 4.395498275756836 MB with
DEBUG 2026-06-08 17:49:35 ort/utils.py:69 [CLIENT] Observation Sent 2097152/4609014 bytes with state 1
DEBUG 2026-06-08 17:49:35 ort/utils.py:69 [CLIENT] Observation Sent 4194304/4609014 bytes with state 2
DEBUG 2026-06-08 17:49:35 ort/utils.py:69 [CLIENT] Observation Sent 4609014/4609014 bytes with state 3
DEBUG 2026-06-08 17:49:35 ort/utils.py:71 [CLIENT] Observation Published 4.395498275756836 MB
DEBUG 2026-06-08 17:49:35 t_client.py:209 Sent observation #516 | 
DEBUG 2026-06-08 17:49:35 t_client.py:434 QUEUE SIZE: 8 (Must go: False)
DEBUG 2026-06-08 17:49:35 t_client.py:477 Control loop (ms): 180.75
DEBUG 2026-06-08 17:49:35 follower.py:184 follower_right SOFollower read state: 1.9ms
DEBUG 2026-06-08 17:49:35 follower.py:191 follower_right SOFollower read wrist: 0.0ms
DEBUG 2026-06-08 17:49:35 follower.py:184 follower_left SOFollower read state: 1.9ms
DEBUG 2026-06-08 17:49:35 follower.py:191 follower_left SOFollower read wrist: 0.0ms
DEBUG 2026-06-08 17:49:35 t_client.py:198 Observation serialization time: 0.006440s
DEBUG 2026-06-08 17:49:35 ort/utils.py:54 [CLIENT] Observation Buffer size 4.395498275756836 MB with
DEBUG 2026-06-08 17:49:35 ort/utils.py:69 [CLIENT] Observation Sent 2097152/4609014 bytes with state 1
DEBUG 2026-06-08 17:49:35 ort/utils.py:69 [CLIENT] Observation Sent 4194304/4609014 bytes with state 2
DEBUG 2026-06-08 17:49:35 ort/utils.py:69 [CLIENT] Observation Sent 4609014/4609014 bytes with state 3
DEBUG 2026-06-08 17:49:35 ort/utils.py:71 [CLIENT] Observation Published 4.395498275756836 MB
DEBUG 2026-06-08 17:49:35 t_client.py:292 Received actions on device: cpu
DEBUG 2026-06-08 17:49:35 t_client.py:302 Actions kept on device: cpu
DEBUG 2026-06-08 17:49:35 t_client.py:209 Sent observation #517 | 
DEBUG 2026-06-08 17:49:35 t_client.py:434 QUEUE SIZE: 7 (Must go: False)
DEBUG 2026-06-08 17:49:35 t_client.py:477 Control loop (ms): 180.43
DEBUG 2026-06-08 17:49:35 t_client.py:477 Control loop (ms): 1.69
DEBUG 2026-06-08 17:49:35 t_client.py:477 Control loop (ms): 1.42
DEBUG 2026-06-08 17:49:35 t_client.py:477 Control loop (ms): 1.71
DEBUG 2026-06-08 17:49:35 t_client.py:292 Received actions on device: cpu
DEBUG 2026-06-08 17:49:35 t_client.py:302 Actions kept on device: cpu
DEBUG 2026-06-08 17:49:35 t_client.py:477 Control loop (ms): 1.28
DEBUG 2026-06-08 17:49:35 t_client.py:477 Control loop (ms): 1.08
DEBUG 2026-06-08 17:49:35 t_client.py:477 Control loop (ms): 2.03
DEBUG 2026-06-08 17:49:35 follower.py:184 follower_right SOFollower read state: 2.4ms
DEBUG 2026-06-08 17:49:35 follower.py:191 follower_right SOFollower read wrist: 0.0ms
DEBUG 2026-06-08 17:49:35 follower.py:184 follower_left SOFollower read state: 2.3ms
DEBUG 2026-06-08 17:49:35 follower.py:191 follower_left SOFollower read wrist: 0.0ms
DEBUG 2026-06-08 17:49:35 t_client.py:198 Observation serialization time: 0.009792s
DEBUG 2026-06-08 17:49:35 ort/utils.py:54 [CLIENT] Observation Buffer size 4.395498275756836 MB with
DEBUG 2026-06-08 17:49:35 ort/utils.py:69 [CLIENT] Observation Sent 2097152/4609014 bytes with state 1
DEBUG 2026-06-08 17:49:36 ort/utils.py:69 [CLIENT] Observation Sent 4194304/4609014 bytes with state 2
DEBUG 2026-06-08 17:49:36 ort/utils.py:69 [CLIENT] Observation Sent 4609014/4609014 bytes with state 3
DEBUG 2026-06-08 17:49:36 ort/utils.py:71 [CLIENT] Observation Published 4.395498275756836 MB
DEBUG 2026-06-08 17:49:36 t_client.py:209 Sent observation #524 | 
DEBUG 2026-06-08 17:49:36 t_client.py:434 QUEUE SIZE: 8 (Must go: False)
DEBUG 2026-06-08 17:49:36 t_client.py:477 Control loop (ms): 178.11
DEBUG 2026-06-08 17:49:36 follower.py:184 follower_right SOFollower read state: 1.7ms
DEBUG 2026-06-08 17:49:36 follower.py:191 follower_right SOFollower read wrist: 0.0ms
DEBUG 2026-06-08 17:49:36 follower.py:184 follower_left SOFollower read state: 1.8ms
DEBUG 2026-06-08 17:49:36 follower.py:191 follower_left SOFollower read wrist: 0.0ms
DEBUG 2026-06-08 17:49:36 t_client.py:198 Observation serialization time: 0.008588s
DEBUG 2026-06-08 17:49:36 ort/utils.py:54 [CLIENT] Observation Buffer size 4.395498275756836 MB with
DEBUG 2026-06-08 17:49:36 ort/utils.py:69 [CLIENT] Observation Sent 2097152/4609014 bytes with state 1
DEBUG 2026-06-08 17:49:36 ort/utils.py:69 [CLIENT] Observation Sent 4194304/4609014 bytes with state 2
DEBUG 2026-06-08 17:49:36 ort/utils.py:69 [CLIENT] Observation Sent 4609014/4609014 bytes with state 3
DEBUG 2026-06-08 17:49:36 ort/utils.py:71 [CLIENT] Observation Published 4.395498275756836 MB
DEBUG 2026-06-08 17:49:36 t_client.py:292 Received actions on device: cpu
DEBUG 2026-06-08 17:49:36 t_client.py:302 Actions kept on device: cpu
DEBUG 2026-06-08 17:49:36 t_client.py:209 Sent observation #525 | 
DEBUG 2026-06-08 17:49:36 t_client.py:434 QUEUE SIZE: 7 (Must go: False)
DEBUG 2026-06-08 17:49:36 t_client.py:477 Control loop (ms): 160.16
DEBUG 2026-06-08 17:49:36 t_client.py:477 Control loop (ms): 1.45
DEBUG 2026-06-08 17:49:36 t_client.py:477 Control loop (ms): 1.46
DEBUG 2026-06-08 17:49:36 t_client.py:477 Control loop (ms): 1.03
DEBUG 2026-06-08 17:49:36 t_client.py:292 Received actions on device: cpu
DEBUG 2026-06-08 17:49:36 t_client.py:302 Actions kept on device: cpu
DEBUG 2026-06-08 17:49:36 t_client.py:477 Control loop (ms): 1.96
DEBUG 2026-06-08 17:49:36 t_client.py:477 Control loop (ms): 2.10
DEBUG 2026-06-08 17:49:36 t_client.py:477 Control loop (ms): 2.26
DEBUG 2026-06-08 17:49:36 follower.py:184 follower_right SOFollower read state: 2.3ms
DEBUG 2026-06-08 17:49:36 follower.py:191 follower_right SOFollower read wrist: 0.1ms
DEBUG 2026-06-08 17:49:36 follower.py:184 follower_left SOFollower read state: 2.8ms
DEBUG 2026-06-08 17:49:36 follower.py:191 follower_left SOFollower read wrist: 0.1ms
DEBUG 2026-06-08 17:49:36 t_client.py:198 Observation serialization time: 0.011026s
DEBUG 2026-06-08 17:49:36 ort/utils.py:54 [CLIENT] Observation Buffer size 4.395498275756836 MB with
DEBUG 2026-06-08 17:49:36 ort/utils.py:69 [CLIENT] Observation Sent 2097152/4609014 bytes with state 1
DEBUG 2026-06-08 17:49:36 ort/utils.py:69 [CLIENT] Observation Sent 4194304/4609014 bytes with state 2
DEBUG 2026-06-08 17:49:36 ort/utils.py:69 [CLIENT] Observation Sent 4609014/4609014 bytes with state 3
DEBUG 2026-06-08 17:49:36 ort/utils.py:71 [CLIENT] Observation Published 4.395498275756836 MB
DEBUG 2026-06-08 17:49:36 t_client.py:209 Sent observation #532 | 
DEBUG 2026-06-08 17:49:36 t_client.py:434 QUEUE SIZE: 8 (Must go: False)
DEBUG 2026-06-08 17:49:36 t_client.py:477 Control loop (ms): 190.05
DEBUG 2026-06-08 17:49:36 follower.py:184 follower_right SOFollower read state: 1.7ms
DEBUG 2026-06-08 17:49:36 follower.py:191 follower_right SOFollower read wrist: 0.0ms
DEBUG 2026-06-08 17:49:36 follower.py:184 follower_left SOFollower read state: 1.8ms
DEBUG 2026-06-08 17:49:36 follower.py:191 follower_left SOFollower read wrist: 0.0ms
DEBUG 2026-06-08 17:49:36 t_client.py:198 Observation serialization time: 0.011966s
DEBUG 2026-06-08 17:49:36 ort/utils.py:54 [CLIENT] Observation Buffer size 4.395498275756836 MB with
DEBUG 2026-06-08 17:49:36 ort/utils.py:69 [CLIENT] Observation Sent 2097152/4609014 bytes with state 1
DEBUG 2026-06-08 17:49:36 ort/utils.py:69 [CLIENT] Observation Sent 4194304/4609014 bytes with state 2
DEBUG 2026-06-08 17:49:36 ort/utils.py:69 [CLIENT] Observation Sent 4609014/4609014 bytes with state 3
DEBUG 2026-06-08 17:49:36 ort/utils.py:71 [CLIENT] Observation Published 4.395498275756836 MB
DEBUG 2026-06-08 17:49:36 t_client.py:292 Received actions on device: cpu
DEBUG 2026-06-08 17:49:36 t_client.py:302 Actions kept on device: cpu
DEBUG 2026-06-08 17:49:36 t_client.py:209 Sent observation #533 | 
DEBUG 2026-06-08 17:49:36 t_client.py:434 QUEUE SIZE: 7 (Must go: False)
DEBUG 2026-06-08 17:49:36 t_client.py:477 Control loop (ms): 138.88
DEBUG 2026-06-08 17:49:36 t_client.py:477 Control loop (ms): 2.04
DEBUG 2026-06-08 17:49:36 t_client.py:477 Control loop (ms): 1.83
DEBUG 2026-06-08 17:49:36 t_client.py:477 Control loop (ms): 1.29
DEBUG 2026-06-08 17:49:36 t_client.py:292 Received actions on device: cpu
DEBUG 2026-06-08 17:49:36 t_client.py:302 Actions kept on device: cpu
DEBUG 2026-06-08 17:49:36 t_client.py:477 Control loop (ms): 1.65
DEBUG 2026-06-08 17:49:36 t_client.py:477 Control loop (ms): 1.88
DEBUG 2026-06-08 17:49:36 t_client.py:477 Control loop (ms): 1.70
DEBUG 2026-06-08 17:49:37 follower.py:184 follower_right SOFollower read state: 2.2ms
DEBUG 2026-06-08 17:49:37 follower.py:191 follower_right SOFollower read wrist: 0.0ms
DEBUG 2026-06-08 17:49:37 follower.py:184 follower_left SOFollower read state: 1.8ms
DEBUG 2026-06-08 17:49:37 follower.py:191 follower_left SOFollower read wrist: 0.0ms
DEBUG 2026-06-08 17:49:37 t_client.py:198 Observation serialization time: 0.006244s
DEBUG 2026-06-08 17:49:37 ort/utils.py:54 [CLIENT] Observation Buffer size 4.395498275756836 MB with
DEBUG 2026-06-08 17:49:37 ort/utils.py:69 [CLIENT] Observation Sent 2097152/4609014 bytes with state 1
DEBUG 2026-06-08 17:49:37 ort/utils.py:69 [CLIENT] Observation Sent 4194304/4609014 bytes with state 2
DEBUG 2026-06-08 17:49:37 ort/utils.py:69 [CLIENT] Observation Sent 4609014/4609014 bytes with state 3
DEBUG 2026-06-08 17:49:37 ort/utils.py:71 [CLIENT] Observation Published 4.395498275756836 MB
DEBUG 2026-06-08 17:49:37 t_client.py:209 Sent observation #540 | 
DEBUG 2026-06-08 17:49:37 t_client.py:434 QUEUE SIZE: 8 (Must go: False)
DEBUG 2026-06-08 17:49:37 t_client.py:477 Control loop (ms): 108.54
DEBUG 2026-06-08 17:49:37 follower.py:184 follower_right SOFollower read state: 1.9ms
DEBUG 2026-06-08 17:49:37 follower.py:191 follower_right SOFollower read wrist: 0.0ms
DEBUG 2026-06-08 17:49:37 follower.py:184 follower_left SOFollower read state: 2.1ms
DEBUG 2026-06-08 17:49:37 follower.py:191 follower_left SOFollower read wrist: 0.0ms
DEBUG 2026-06-08 17:49:37 t_client.py:198 Observation serialization time: 0.008765s
DEBUG 2026-06-08 17:49:37 ort/utils.py:54 [CLIENT] Observation Buffer size 4.395498275756836 MB with
DEBUG 2026-06-08 17:49:37 ort/utils.py:69 [CLIENT] Observation Sent 2097152/4609014 bytes with state 1
DEBUG 2026-06-08 17:49:37 ort/utils.py:69 [CLIENT] Observation Sent 4194304/4609014 bytes with state 2
DEBUG 2026-06-08 17:49:37 ort/utils.py:69 [CLIENT] Observation Sent 4609014/4609014 bytes with state 3
DEBUG 2026-06-08 17:49:37 ort/utils.py:71 [CLIENT] Observation Published 4.395498275756836 MB
DEBUG 2026-06-08 17:49:37 t_client.py:292 Received actions on device: cpu
DEBUG 2026-06-08 17:49:37 t_client.py:302 Actions kept on device: cpu
DEBUG 2026-06-08 17:49:37 t_client.py:209 Sent observation #541 | 
DEBUG 2026-06-08 17:49:37 t_client.py:434 QUEUE SIZE: 7 (Must go: False)
DEBUG 2026-06-08 17:49:37 t_client.py:477 Control loop (ms): 140.15
DEBUG 2026-06-08 17:49:37 t_client.py:477 Control loop (ms): 1.67
DEBUG 2026-06-08 17:49:37 t_client.py:477 Control loop (ms): 2.14
DEBUG 2026-06-08 17:49:37 t_client.py:477 Control loop (ms): 2.16
DEBUG 2026-06-08 17:49:37 t_client.py:292 Received actions on device: cpu
DEBUG 2026-06-08 17:49:37 t_client.py:302 Actions kept on device: cpu
DEBUG 2026-06-08 17:49:37 t_client.py:477 Control loop (ms): 1.72
DEBUG 2026-06-08 17:49:37 t_client.py:477 Control loop (ms): 1.34
DEBUG 2026-06-08 17:49:37 t_client.py:477 Control loop (ms): 1.37
DEBUG 2026-06-08 17:49:37 follower.py:184 follower_right SOFollower read state: 2.0ms
DEBUG 2026-06-08 17:49:37 follower.py:191 follower_right SOFollower read wrist: 0.0ms
DEBUG 2026-06-08 17:49:37 follower.py:184 follower_left SOFollower read state: 1.9ms
DEBUG 2026-06-08 17:49:37 follower.py:191 follower_left SOFollower read wrist: 0.0ms
DEBUG 2026-06-08 17:49:37 t_client.py:198 Observation serialization time: 0.010302s
DEBUG 2026-06-08 17:49:37 ort/utils.py:54 [CLIENT] Observation Buffer size 4.395498275756836 MB with
DEBUG 2026-06-08 17:49:37 ort/utils.py:69 [CLIENT] Observation Sent 2097152/4609014 bytes with state 1
DEBUG 2026-06-08 17:49:37 ort/utils.py:69 [CLIENT] Observation Sent 4194304/4609014 bytes with state 2
DEBUG 2026-06-08 17:49:37 ort/utils.py:69 [CLIENT] Observation Sent 4609014/4609014 bytes with state 3
DEBUG 2026-06-08 17:49:37 ort/utils.py:71 [CLIENT] Observation Published 4.395498275756836 MB
DEBUG 2026-06-08 17:49:37 t_client.py:209 Sent observation #548 | 
DEBUG 2026-06-08 17:49:37 t_client.py:434 QUEUE SIZE: 8 (Must go: False)
DEBUG 2026-06-08 17:49:37 t_client.py:477 Control loop (ms): 126.91
DEBUG 2026-06-08 17:49:37 follower.py:184 follower_right SOFollower read state: 1.9ms
DEBUG 2026-06-08 17:49:37 follower.py:191 follower_right SOFollower read wrist: 0.0ms
DEBUG 2026-06-08 17:49:37 follower.py:184 follower_left SOFollower read state: 1.7ms
DEBUG 2026-06-08 17:49:37 follower.py:191 follower_left SOFollower read wrist: 0.0ms
DEBUG 2026-06-08 17:49:37 t_client.py:198 Observation serialization time: 0.007420s
DEBUG 2026-06-08 17:49:37 ort/utils.py:54 [CLIENT] Observation Buffer size 4.395498275756836 MB with
DEBUG 2026-06-08 17:49:37 ort/utils.py:69 [CLIENT] Observation Sent 2097152/4609014 bytes with state 1
DEBUG 2026-06-08 17:49:37 ort/utils.py:69 [CLIENT] Observation Sent 4194304/4609014 bytes with state 2
DEBUG 2026-06-08 17:49:37 ort/utils.py:69 [CLIENT] Observation Sent 4609014/4609014 bytes with state 3
DEBUG 2026-06-08 17:49:37 ort/utils.py:71 [CLIENT] Observation Published 4.395498275756836 MB
DEBUG 2026-06-08 17:49:37 t_client.py:209 Sent observation #549 | 
DEBUG 2026-06-08 17:49:37 t_client.py:434 QUEUE SIZE: 7 (Must go: False)
DEBUG 2026-06-08 17:49:37 t_client.py:477 Control loop (ms): 124.88
DEBUG 2026-06-08 17:49:37 t_client.py:292 Received actions on device: cpu
DEBUG 2026-06-08 17:49:37 t_client.py:302 Actions kept on device: cpu
DEBUG 2026-06-08 17:49:37 follower.py:184 follower_right SOFollower read state: 2.0ms
DEBUG 2026-06-08 17:49:37 follower.py:191 follower_right SOFollower read wrist: 0.0ms
DEBUG 2026-06-08 17:49:37 follower.py:184 follower_left SOFollower read state: 2.7ms
DEBUG 2026-06-08 17:49:37 follower.py:191 follower_left SOFollower read wrist: 0.0ms
DEBUG 2026-06-08 17:49:37 t_client.py:198 Observation serialization time: 0.010015s
DEBUG 2026-06-08 17:49:37 ort/utils.py:54 [CLIENT] Observation Buffer size 4.395498275756836 MB with
DEBUG 2026-06-08 17:49:37 ort/utils.py:69 [CLIENT] Observation Sent 2097152/4609014 bytes with state 1
DEBUG 2026-06-08 17:49:37 ort/utils.py:69 [CLIENT] Observation Sent 4194304/4609014 bytes with state 2
DEBUG 2026-06-08 17:49:37 ort/utils.py:69 [CLIENT] Observation Sent 4609014/4609014 bytes with state 3
DEBUG 2026-06-08 17:49:37 ort/utils.py:71 [CLIENT] Observation Published 4.395498275756836 MB
DEBUG 2026-06-08 17:49:37 t_client.py:292 Received actions on device: cpu
DEBUG 2026-06-08 17:49:37 t_client.py:302 Actions kept on device: cpu
DEBUG 2026-06-08 17:49:37 t_client.py:209 Sent observation #550 | 
DEBUG 2026-06-08 17:49:37 t_client.py:434 QUEUE SIZE: 13 (Must go: False)
DEBUG 2026-06-08 17:49:37 t_client.py:477 Control loop (ms): 132.81
DEBUG 2026-06-08 17:49:37 t_client.py:477 Control loop (ms): 1.72
DEBUG 2026-06-08 17:49:37 t_client.py:477 Control loop (ms): 3.39
DEBUG 2026-06-08 17:49:37 t_client.py:477 Control loop (ms): 4.07
DEBUG 2026-06-08 17:49:37 t_client.py:292 Received actions on device: cpu
DEBUG 2026-06-08 17:49:37 t_client.py:302 Actions kept on device: cpu
DEBUG 2026-06-08 17:49:37 t_client.py:477 Control loop (ms): 2.81
DEBUG 2026-06-08 17:49:37 t_client.py:477 Control loop (ms): 2.20
DEBUG 2026-06-08 17:49:38 t_client.py:477 Control loop (ms): 2.56
DEBUG 2026-06-08 17:49:38 t_client.py:477 Control loop (ms): 1.80
DEBUG 2026-06-08 17:49:38 follower.py:184 follower_right SOFollower read state: 2.1ms
DEBUG 2026-06-08 17:49:38 follower.py:191 follower_right SOFollower read wrist: 0.0ms
DEBUG 2026-06-08 17:49:38 follower.py:184 follower_left SOFollower read state: 1.7ms
DEBUG 2026-06-08 17:49:38 follower.py:191 follower_left SOFollower read wrist: 0.0ms
DEBUG 2026-06-08 17:49:38 t_client.py:198 Observation serialization time: 0.004748s
DEBUG 2026-06-08 17:49:38 ort/utils.py:54 [CLIENT] Observation Buffer size 4.395498275756836 MB with
DEBUG 2026-06-08 17:49:38 ort/utils.py:69 [CLIENT] Observation Sent 2097152/4609014 bytes with state 1
DEBUG 2026-06-08 17:49:38 ort/utils.py:69 [CLIENT] Observation Sent 4194304/4609014 bytes with state 2
DEBUG 2026-06-08 17:49:38 ort/utils.py:69 [CLIENT] Observation Sent 4609014/4609014 bytes with state 3
DEBUG 2026-06-08 17:49:38 ort/utils.py:71 [CLIENT] Observation Published 4.395498275756836 MB
DEBUG 2026-06-08 17:49:38 t_client.py:209 Sent observation #557 | 
DEBUG 2026-06-08 17:49:38 t_client.py:434 QUEUE SIZE: 8 (Must go: False)
DEBUG 2026-06-08 17:49:38 t_client.py:477 Control loop (ms): 128.62
DEBUG 2026-06-08 17:49:38 follower.py:184 follower_right SOFollower read state: 1.9ms
DEBUG 2026-06-08 17:49:38 follower.py:191 follower_right SOFollower read wrist: 0.0ms
DEBUG 2026-06-08 17:49:38 follower.py:184 follower_left SOFollower read state: 1.8ms
DEBUG 2026-06-08 17:49:38 follower.py:191 follower_left SOFollower read wrist: 0.0ms
DEBUG 2026-06-08 17:49:38 t_client.py:198 Observation serialization time: 0.008512s
DEBUG 2026-06-08 17:49:38 ort/utils.py:54 [CLIENT] Observation Buffer size 4.395498275756836 MB with
DEBUG 2026-06-08 17:49:38 ort/utils.py:69 [CLIENT] Observation Sent 2097152/4609014 bytes with state 1
DEBUG 2026-06-08 17:49:38 ort/utils.py:69 [CLIENT] Observation Sent 4194304/4609014 bytes with state 2
DEBUG 2026-06-08 17:49:38 ort/utils.py:69 [CLIENT] Observation Sent 4609014/4609014 bytes with state 3
DEBUG 2026-06-08 17:49:38 ort/utils.py:71 [CLIENT] Observation Published 4.395498275756836 MB
DEBUG 2026-06-08 17:49:38 t_client.py:292 Received actions on device: cpu
DEBUG 2026-06-08 17:49:38 t_client.py:302 Actions kept on device: cpu
DEBUG 2026-06-08 17:49:38 t_client.py:209 Sent observation #558 | 
DEBUG 2026-06-08 17:49:38 t_client.py:434 QUEUE SIZE: 7 (Must go: False)
DEBUG 2026-06-08 17:49:38 t_client.py:477 Control loop (ms): 136.38
DEBUG 2026-06-08 17:49:38 t_client.py:477 Control loop (ms): 0.90
DEBUG 2026-06-08 17:49:38 t_client.py:477 Control loop (ms): 2.91
DEBUG 2026-06-08 17:49:38 t_client.py:477 Control loop (ms): 3.11
DEBUG 2026-06-08 17:49:38 t_client.py:292 Received actions on device: cpu
DEBUG 2026-06-08 17:49:38 t_client.py:302 Actions kept on device: cpu
DEBUG 2026-06-08 17:49:38 t_client.py:477 Control loop (ms): 3.12
DEBUG 2026-06-08 17:49:38 t_client.py:477 Control loop (ms): 2.30
DEBUG 2026-06-08 17:49:38 t_client.py:477 Control loop (ms): 1.79
DEBUG 2026-06-08 17:49:38 follower.py:184 follower_right SOFollower read state: 4.0ms
DEBUG 2026-06-08 17:49:38 follower.py:191 follower_right SOFollower read wrist: 0.1ms
DEBUG 2026-06-08 17:49:38 follower.py:184 follower_left SOFollower read state: 2.5ms
DEBUG 2026-06-08 17:49:38 follower.py:191 follower_left SOFollower read wrist: 0.1ms
DEBUG 2026-06-08 17:49:38 t_client.py:198 Observation serialization time: 0.011823s
DEBUG 2026-06-08 17:49:38 ort/utils.py:54 [CLIENT] Observation Buffer size 4.395498275756836 MB with
DEBUG 2026-06-08 17:49:38 ort/utils.py:69 [CLIENT] Observation Sent 2097152/4609014 bytes with state 1
DEBUG 2026-06-08 17:49:38 ort/utils.py:69 [CLIENT] Observation Sent 4194304/4609014 bytes with state 2
DEBUG 2026-06-08 17:49:38 ort/utils.py:69 [CLIENT] Observation Sent 4609014/4609014 bytes with state 3
DEBUG 2026-06-08 17:49:38 ort/utils.py:71 [CLIENT] Observation Published 4.395498275756836 MB
DEBUG 2026-06-08 17:49:38 t_client.py:209 Sent observation #565 | 
DEBUG 2026-06-08 17:49:38 t_client.py:434 QUEUE SIZE: 8 (Must go: False)
DEBUG 2026-06-08 17:49:38 t_client.py:477 Control loop (ms): 144.68
DEBUG 2026-06-08 17:49:38 follower.py:184 follower_right SOFollower read state: 1.9ms
DEBUG 2026-06-08 17:49:38 follower.py:191 follower_right SOFollower read wrist: 0.0ms
DEBUG 2026-06-08 17:49:38 follower.py:184 follower_left SOFollower read state: 1.8ms
DEBUG 2026-06-08 17:49:38 follower.py:191 follower_left SOFollower read wrist: 0.0ms
DEBUG 2026-06-08 17:49:38 t_client.py:198 Observation serialization time: 0.008648s
DEBUG 2026-06-08 17:49:38 ort/utils.py:54 [CLIENT] Observation Buffer size 4.395498275756836 MB with
DEBUG 2026-06-08 17:49:38 ort/utils.py:69 [CLIENT] Observation Sent 2097152/4609014 bytes with state 1
DEBUG 2026-06-08 17:49:38 ort/utils.py:69 [CLIENT] Observation Sent 4194304/4609014 bytes with state 2
DEBUG 2026-06-08 17:49:38 ort/utils.py:69 [CLIENT] Observation Sent 4609014/4609014 bytes with state 3
DEBUG 2026-06-08 17:49:38 ort/utils.py:71 [CLIENT] Observation Published 4.395498275756836 MB
DEBUG 2026-06-08 17:49:38 t_client.py:292 Received actions on device: cpu
DEBUG 2026-06-08 17:49:38 t_client.py:302 Actions kept on device: cpu
DEBUG 2026-06-08 17:49:38 t_client.py:209 Sent observation #566 | 
DEBUG 2026-06-08 17:49:38 t_client.py:434 QUEUE SIZE: 7 (Must go: False)
DEBUG 2026-06-08 17:49:38 t_client.py:477 Control loop (ms): 144.98
DEBUG 2026-06-08 17:49:38 t_client.py:477 Control loop (ms): 0.97
DEBUG 2026-06-08 17:49:38 t_client.py:477 Control loop (ms): 1.99
DEBUG 2026-06-08 17:49:38 t_client.py:477 Control loop (ms): 1.85
DEBUG 2026-06-08 17:49:38 t_client.py:292 Received actions on device: cpu
DEBUG 2026-06-08 17:49:38 t_client.py:302 Actions kept on device: cpu
DEBUG 2026-06-08 17:49:38 t_client.py:477 Control loop (ms): 2.03
DEBUG 2026-06-08 17:49:38 t_client.py:477 Control loop (ms): 1.71
DEBUG 2026-06-08 17:49:38 t_client.py:477 Control loop (ms): 2.17
DEBUG 2026-06-08 17:49:39 t_client.py:477 Control loop (ms): 2.26
DEBUG 2026-06-08 17:49:39 follower.py:184 follower_right SOFollower read state: 1.9ms
DEBUG 2026-06-08 17:49:39 follower.py:191 follower_right SOFollower read wrist: 0.0ms
DEBUG 2026-06-08 17:49:39 follower.py:184 follower_left SOFollower read state: 2.0ms
DEBUG 2026-06-08 17:49:39 follower.py:191 follower_left SOFollower read wrist: 0.0ms
DEBUG 2026-06-08 17:49:39 t_client.py:198 Observation serialization time: 0.009437s
DEBUG 2026-06-08 17:49:39 ort/utils.py:54 [CLIENT] Observation Buffer size 4.395498275756836 MB with
DEBUG 2026-06-08 17:49:39 ort/utils.py:69 [CLIENT] Observation Sent 2097152/4609014 bytes with state 1
DEBUG 2026-06-08 17:49:39 ort/utils.py:69 [CLIENT] Observation Sent 4194304/4609014 bytes with state 2
DEBUG 2026-06-08 17:49:39 ort/utils.py:69 [CLIENT] Observation Sent 4609014/4609014 bytes with state 3
DEBUG 2026-06-08 17:49:39 ort/utils.py:71 [CLIENT] Observation Published 4.395498275756836 MB
DEBUG 2026-06-08 17:49:39 t_client.py:209 Sent observation #573 | 
DEBUG 2026-06-08 17:49:39 t_client.py:434 QUEUE SIZE: 8 (Must go: False)
DEBUG 2026-06-08 17:49:39 t_client.py:477 Control loop (ms): 119.61
DEBUG 2026-06-08 17:49:39 follower.py:184 follower_right SOFollower read state: 1.5ms
DEBUG 2026-06-08 17:49:39 follower.py:191 follower_right SOFollower read wrist: 0.0ms
DEBUG 2026-06-08 17:49:39 follower.py:184 follower_left SOFollower read state: 1.6ms
DEBUG 2026-06-08 17:49:39 follower.py:191 follower_left SOFollower read wrist: 0.0ms
DEBUG 2026-06-08 17:49:39 t_client.py:198 Observation serialization time: 0.009072s
DEBUG 2026-06-08 17:49:39 ort/utils.py:54 [CLIENT] Observation Buffer size 4.395498275756836 MB with
DEBUG 2026-06-08 17:49:39 ort/utils.py:69 [CLIENT] Observation Sent 2097152/4609014 bytes with state 1
DEBUG 2026-06-08 17:49:39 ort/utils.py:69 [CLIENT] Observation Sent 4194304/4609014 bytes with state 2
DEBUG 2026-06-08 17:49:39 ort/utils.py:69 [CLIENT] Observation Sent 4609014/4609014 bytes with state 3
DEBUG 2026-06-08 17:49:39 ort/utils.py:71 [CLIENT] Observation Published 4.395498275756836 MB
DEBUG 2026-06-08 17:49:39 t_client.py:209 Sent observation #574 | 
DEBUG 2026-06-08 17:49:39 t_client.py:434 QUEUE SIZE: 7 (Must go: False)
DEBUG 2026-06-08 17:49:39 t_client.py:477 Control loop (ms): 110.81
DEBUG 2026-06-08 17:49:39 t_client.py:292 Received actions on device: cpu
DEBUG 2026-06-08 17:49:39 t_client.py:302 Actions kept on device: cpu
DEBUG 2026-06-08 17:49:39 t_client.py:477 Control loop (ms): 0.74
DEBUG 2026-06-08 17:49:39 t_client.py:477 Control loop (ms): 1.49
DEBUG 2026-06-08 17:49:39 t_client.py:477 Control loop (ms): 1.02
DEBUG 2026-06-08 17:49:39 t_client.py:292 Received actions on device: cpu
DEBUG 2026-06-08 17:49:39 t_client.py:302 Actions kept on device: cpu
DEBUG 2026-06-08 17:49:39 t_client.py:477 Control loop (ms): 1.51
DEBUG 2026-06-08 17:49:39 t_client.py:477 Control loop (ms): 1.75
DEBUG 2026-06-08 17:49:39 t_client.py:477 Control loop (ms): 2.03
DEBUG 2026-06-08 17:49:39 t_client.py:477 Control loop (ms): 1.89
DEBUG 2026-06-08 17:49:39 follower.py:184 follower_right SOFollower read state: 2.0ms
DEBUG 2026-06-08 17:49:39 follower.py:191 follower_right SOFollower read wrist: 0.0ms
DEBUG 2026-06-08 17:49:39 follower.py:184 follower_left SOFollower read state: 1.9ms
DEBUG 2026-06-08 17:49:39 follower.py:191 follower_left SOFollower read wrist: 0.0ms
DEBUG 2026-06-08 17:49:39 t_client.py:198 Observation serialization time: 0.009421s
DEBUG 2026-06-08 17:49:39 ort/utils.py:54 [CLIENT] Observation Buffer size 4.395498275756836 MB with
DEBUG 2026-06-08 17:49:39 ort/utils.py:69 [CLIENT] Observation Sent 2097152/4609014 bytes with state 1
DEBUG 2026-06-08 17:49:39 ort/utils.py:69 [CLIENT] Observation Sent 4194304/4609014 bytes with state 2
DEBUG 2026-06-08 17:49:39 ort/utils.py:69 [CLIENT] Observation Sent 4609014/4609014 bytes with state 3
DEBUG 2026-06-08 17:49:39 ort/utils.py:71 [CLIENT] Observation Published 4.395498275756836 MB
DEBUG 2026-06-08 17:49:39 t_client.py:209 Sent observation #581 | 
DEBUG 2026-06-08 17:49:39 t_client.py:434 QUEUE SIZE: 8 (Must go: False)
DEBUG 2026-06-08 17:49:39 t_client.py:477 Control loop (ms): 108.07
DEBUG 2026-06-08 17:49:39 follower.py:184 follower_right SOFollower read state: 2.4ms
DEBUG 2026-06-08 17:49:39 follower.py:191 follower_right SOFollower read wrist: 0.1ms
DEBUG 2026-06-08 17:49:39 follower.py:184 follower_left SOFollower read state: 2.2ms
DEBUG 2026-06-08 17:49:39 follower.py:191 follower_left SOFollower read wrist: 0.0ms
DEBUG 2026-06-08 17:49:39 t_client.py:198 Observation serialization time: 0.012468s
DEBUG 2026-06-08 17:49:39 ort/utils.py:54 [CLIENT] Observation Buffer size 4.395498275756836 MB with
DEBUG 2026-06-08 17:49:39 ort/utils.py:69 [CLIENT] Observation Sent 2097152/4609014 bytes with state 1
DEBUG 2026-06-08 17:49:39 ort/utils.py:69 [CLIENT] Observation Sent 4194304/4609014 bytes with state 2
DEBUG 2026-06-08 17:49:39 ort/utils.py:69 [CLIENT] Observation Sent 4609014/4609014 bytes with state 3
DEBUG 2026-06-08 17:49:39 ort/utils.py:71 [CLIENT] Observation Published 4.395498275756836 MB
DEBUG 2026-06-08 17:49:39 t_client.py:292 Received actions on device: cpu
DEBUG 2026-06-08 17:49:39 t_client.py:302 Actions kept on device: cpu
DEBUG 2026-06-08 17:49:39 t_client.py:209 Sent observation #582 | 
DEBUG 2026-06-08 17:49:39 t_client.py:434 QUEUE SIZE: 7 (Must go: False)
DEBUG 2026-06-08 17:49:39 t_client.py:477 Control loop (ms): 109.01
DEBUG 2026-06-08 17:49:39 t_client.py:477 Control loop (ms): 1.44
DEBUG 2026-06-08 17:49:39 t_client.py:477 Control loop (ms): 1.95
DEBUG 2026-06-08 17:49:39 t_client.py:477 Control loop (ms): 1.78
DEBUG 2026-06-08 17:49:39 t_client.py:292 Received actions on device: cpu
DEBUG 2026-06-08 17:49:39 t_client.py:302 Actions kept on device: cpu
DEBUG 2026-06-08 17:49:39 t_client.py:477 Control loop (ms): 2.12
DEBUG 2026-06-08 17:49:39 t_client.py:477 Control loop (ms): 1.76
DEBUG 2026-06-08 17:49:39 t_client.py:477 Control loop (ms): 2.24
DEBUG 2026-06-08 17:49:39 t_client.py:477 Control loop (ms): 2.03
DEBUG 2026-06-08 17:49:39 follower.py:184 follower_right SOFollower read state: 2.3ms
DEBUG 2026-06-08 17:49:39 follower.py:191 follower_right SOFollower read wrist: 0.1ms
DEBUG 2026-06-08 17:49:39 follower.py:184 follower_left SOFollower read state: 2.1ms
DEBUG 2026-06-08 17:49:39 follower.py:191 follower_left SOFollower read wrist: 0.0ms
DEBUG 2026-06-08 17:49:39 t_client.py:198 Observation serialization time: 0.008750s
DEBUG 2026-06-08 17:49:39 ort/utils.py:54 [CLIENT] Observation Buffer size 4.395498275756836 MB with
DEBUG 2026-06-08 17:49:40 ort/utils.py:69 [CLIENT] Observation Sent 2097152/4609014 bytes with state 1
DEBUG 2026-06-08 17:49:40 ort/utils.py:69 [CLIENT] Observation Sent 4194304/4609014 bytes with state 2
DEBUG 2026-06-08 17:49:40 ort/utils.py:69 [CLIENT] Observation Sent 4609014/4609014 bytes with state 3
DEBUG 2026-06-08 17:49:40 ort/utils.py:71 [CLIENT] Observation Published 4.395498275756836 MB
DEBUG 2026-06-08 17:49:40 t_client.py:209 Sent observation #589 | 
DEBUG 2026-06-08 17:49:40 t_client.py:434 QUEUE SIZE: 8 (Must go: False)
DEBUG 2026-06-08 17:49:40 t_client.py:477 Control loop (ms): 139.64
DEBUG 2026-06-08 17:49:40 follower.py:184 follower_right SOFollower read state: 2.0ms
DEBUG 2026-06-08 17:49:40 follower.py:191 follower_right SOFollower read wrist: 0.1ms
DEBUG 2026-06-08 17:49:40 follower.py:184 follower_left SOFollower read state: 2.1ms
DEBUG 2026-06-08 17:49:40 follower.py:191 follower_left SOFollower read wrist: 0.0ms
DEBUG 2026-06-08 17:49:40 t_client.py:198 Observation serialization time: 0.010178s
DEBUG 2026-06-08 17:49:40 ort/utils.py:54 [CLIENT] Observation Buffer size 4.395498275756836 MB with
DEBUG 2026-06-08 17:49:40 ort/utils.py:69 [CLIENT] Observation Sent 2097152/4609014 bytes with state 1
DEBUG 2026-06-08 17:49:40 ort/utils.py:69 [CLIENT] Observation Sent 4194304/4609014 bytes with state 2
DEBUG 2026-06-08 17:49:40 ort/utils.py:69 [CLIENT] Observation Sent 4609014/4609014 bytes with state 3
DEBUG 2026-06-08 17:49:40 ort/utils.py:71 [CLIENT] Observation Published 4.395498275756836 MB
DEBUG 2026-06-08 17:49:40 t_client.py:292 Received actions on device: cpu
DEBUG 2026-06-08 17:49:40 t_client.py:302 Actions kept on device: cpu
DEBUG 2026-06-08 17:49:40 t_client.py:209 Sent observation #590 | 
DEBUG 2026-06-08 17:49:40 t_client.py:434 QUEUE SIZE: 7 (Must go: False)
DEBUG 2026-06-08 17:49:40 t_client.py:477 Control loop (ms): 136.03
DEBUG 2026-06-08 17:49:40 t_client.py:477 Control loop (ms): 1.49
DEBUG 2026-06-08 17:49:40 t_client.py:477 Control loop (ms): 2.20
DEBUG 2026-06-08 17:49:40 t_client.py:477 Control loop (ms): 1.94
DEBUG 2026-06-08 17:49:40 t_client.py:477 Control loop (ms): 1.70
DEBUG 2026-06-08 17:49:40 t_client.py:477 Control loop (ms): 2.40
DEBUG 2026-06-08 17:49:40 t_client.py:292 Received actions on device: cpu
DEBUG 2026-06-08 17:49:40 t_client.py:302 Actions kept on device: cpu
DEBUG 2026-06-08 17:49:40 t_client.py:477 Control loop (ms): 1.65
DEBUG 2026-06-08 17:49:40 follower.py:184 follower_right SOFollower read state: 2.1ms
DEBUG 2026-06-08 17:49:40 follower.py:191 follower_right SOFollower read wrist: 0.0ms
DEBUG 2026-06-08 17:49:40 follower.py:184 follower_left SOFollower read state: 2.1ms
DEBUG 2026-06-08 17:49:40 follower.py:191 follower_left SOFollower read wrist: 0.0ms
DEBUG 2026-06-08 17:49:40 t_client.py:198 Observation serialization time: 0.007610s
DEBUG 2026-06-08 17:49:40 ort/utils.py:54 [CLIENT] Observation Buffer size 4.395498275756836 MB with
DEBUG 2026-06-08 17:49:40 ort/utils.py:69 [CLIENT] Observation Sent 2097152/4609014 bytes with state 1
DEBUG 2026-06-08 17:49:40 ort/utils.py:69 [CLIENT] Observation Sent 4194304/4609014 bytes with state 2
DEBUG 2026-06-08 17:49:40 ort/utils.py:69 [CLIENT] Observation Sent 4609014/4609014 bytes with state 3
DEBUG 2026-06-08 17:49:40 ort/utils.py:71 [CLIENT] Observation Published 4.395498275756836 MB
DEBUG 2026-06-08 17:49:40 t_client.py:209 Sent observation #597 | 
DEBUG 2026-06-08 17:49:40 t_client.py:434 QUEUE SIZE: 8 (Must go: False)
DEBUG 2026-06-08 17:49:40 t_client.py:477 Control loop (ms): 130.60
DEBUG 2026-06-08 17:49:40 follower.py:184 follower_right SOFollower read state: 1.9ms
DEBUG 2026-06-08 17:49:40 follower.py:191 follower_right SOFollower read wrist: 0.0ms
DEBUG 2026-06-08 17:49:40 follower.py:184 follower_left SOFollower read state: 1.8ms
DEBUG 2026-06-08 17:49:40 follower.py:191 follower_left SOFollower read wrist: 0.0ms
DEBUG 2026-06-08 17:49:40 t_client.py:198 Observation serialization time: 0.006454s
DEBUG 2026-06-08 17:49:40 ort/utils.py:54 [CLIENT] Observation Buffer size 4.395498275756836 MB with
DEBUG 2026-06-08 17:49:40 ort/utils.py:69 [CLIENT] Observation Sent 2097152/4609014 bytes with state 1
DEBUG 2026-06-08 17:49:40 ort/utils.py:69 [CLIENT] Observation Sent 4194304/4609014 bytes with state 2
DEBUG 2026-06-08 17:49:40 ort/utils.py:69 [CLIENT] Observation Sent 4609014/4609014 bytes with state 3
DEBUG 2026-06-08 17:49:40 ort/utils.py:71 [CLIENT] Observation Published 4.395498275756836 MB
DEBUG 2026-06-08 17:49:40 t_client.py:209 Sent observation #598 | 
DEBUG 2026-06-08 17:49:40 t_client.py:434 QUEUE SIZE: 7 (Must go: False)
DEBUG 2026-06-08 17:49:40 t_client.py:477 Control loop (ms): 140.17
DEBUG 2026-06-08 17:49:40 t_client.py:292 Received actions on device: cpu
DEBUG 2026-06-08 17:49:40 t_client.py:302 Actions kept on device: cpu
DEBUG 2026-06-08 17:49:40 follower.py:184 follower_right SOFollower read state: 2.4ms
DEBUG 2026-06-08 17:49:40 follower.py:191 follower_right SOFollower read wrist: 0.0ms
DEBUG 2026-06-08 17:49:40 follower.py:184 follower_left SOFollower read state: 3.2ms
DEBUG 2026-06-08 17:49:40 follower.py:191 follower_left SOFollower read wrist: 0.0ms
DEBUG 2026-06-08 17:49:40 t_client.py:198 Observation serialization time: 0.007748s
DEBUG 2026-06-08 17:49:40 ort/utils.py:54 [CLIENT] Observation Buffer size 4.395498275756836 MB with
DEBUG 2026-06-08 17:49:40 ort/utils.py:69 [CLIENT] Observation Sent 2097152/4609014 bytes with state 1
DEBUG 2026-06-08 17:49:40 ort/utils.py:69 [CLIENT] Observation Sent 4194304/4609014 bytes with state 2
DEBUG 2026-06-08 17:49:40 ort/utils.py:69 [CLIENT] Observation Sent 4609014/4609014 bytes with state 3
DEBUG 2026-06-08 17:49:40 ort/utils.py:71 [CLIENT] Observation Published 4.395498275756836 MB
DEBUG 2026-06-08 17:49:40 t_client.py:209 Sent observation #599 | 
DEBUG 2026-06-08 17:49:40 t_client.py:434 QUEUE SIZE: 13 (Must go: False)
DEBUG 2026-06-08 17:49:40 t_client.py:477 Control loop (ms): 182.33
DEBUG 2026-06-08 17:49:40 t_client.py:477 Control loop (ms): 1.94
DEBUG 2026-06-08 17:49:40 t_client.py:292 Received actions on device: cpu
DEBUG 2026-06-08 17:49:40 t_client.py:302 Actions kept on device: cpu
DEBUG 2026-06-08 17:49:40 t_client.py:477 Control loop (ms): 1.68
DEBUG 2026-06-08 17:49:40 t_client.py:477 Control loop (ms): 1.77
DEBUG 2026-06-08 17:49:41 t_client.py:292 Received actions on device: cpu
DEBUG 2026-06-08 17:49:41 t_client.py:302 Actions kept on device: cpu
DEBUG 2026-06-08 17:49:41 t_client.py:477 Control loop (ms): 0.86
DEBUG 2026-06-08 17:49:41 t_client.py:477 Control loop (ms): 2.10
DEBUG 2026-06-08 17:49:41 t_client.py:477 Control loop (ms): 1.39
DEBUG 2026-06-08 17:49:41 follower.py:184 follower_right SOFollower read state: 2.0ms
DEBUG 2026-06-08 17:49:41 follower.py:191 follower_right SOFollower read wrist: 0.0ms
DEBUG 2026-06-08 17:49:41 follower.py:184 follower_left SOFollower read state: 1.7ms
DEBUG 2026-06-08 17:49:41 follower.py:191 follower_left SOFollower read wrist: 0.0ms
DEBUG 2026-06-08 17:49:41 t_client.py:198 Observation serialization time: 0.006957s
DEBUG 2026-06-08 17:49:41 ort/utils.py:54 [CLIENT] Observation Buffer size 4.395498275756836 MB with
DEBUG 2026-06-08 17:49:41 ort/utils.py:69 [CLIENT] Observation Sent 2097152/4609014 bytes with state 1
DEBUG 2026-06-08 17:49:41 ort/utils.py:69 [CLIENT] Observation Sent 4194304/4609014 bytes with state 2
DEBUG 2026-06-08 17:49:41 ort/utils.py:69 [CLIENT] Observation Sent 4609014/4609014 bytes with state 3
DEBUG 2026-06-08 17:49:41 ort/utils.py:71 [CLIENT] Observation Published 4.395498275756836 MB
DEBUG 2026-06-08 17:49:41 t_client.py:209 Sent observation #606 | 
DEBUG 2026-06-08 17:49:41 t_client.py:434 QUEUE SIZE: 8 (Must go: False)
DEBUG 2026-06-08 17:49:41 t_client.py:477 Control loop (ms): 130.34
DEBUG 2026-06-08 17:49:41 follower.py:184 follower_right SOFollower read state: 2.0ms
DEBUG 2026-06-08 17:49:41 follower.py:191 follower_right SOFollower read wrist: 0.0ms
DEBUG 2026-06-08 17:49:41 follower.py:184 follower_left SOFollower read state: 1.8ms
DEBUG 2026-06-08 17:49:41 follower.py:191 follower_left SOFollower read wrist: 0.0ms
DEBUG 2026-06-08 17:49:41 t_client.py:198 Observation serialization time: 0.005895s
DEBUG 2026-06-08 17:49:41 ort/utils.py:54 [CLIENT] Observation Buffer size 4.395498275756836 MB with
DEBUG 2026-06-08 17:49:41 ort/utils.py:69 [CLIENT] Observation Sent 2097152/4609014 bytes with state 1
DEBUG 2026-06-08 17:49:41 ort/utils.py:69 [CLIENT] Observation Sent 4194304/4609014 bytes with state 2
DEBUG 2026-06-08 17:49:41 ort/utils.py:69 [CLIENT] Observation Sent 4609014/4609014 bytes with state 3
DEBUG 2026-06-08 17:49:41 ort/utils.py:71 [CLIENT] Observation Published 4.395498275756836 MB
DEBUG 2026-06-08 17:49:41 t_client.py:209 Sent observation #607 | 
DEBUG 2026-06-08 17:49:41 t_client.py:434 QUEUE SIZE: 7 (Must go: False)
DEBUG 2026-06-08 17:49:41 t_client.py:477 Control loop (ms): 142.37
DEBUG 2026-06-08 17:49:41 t_client.py:292 Received actions on device: cpu
DEBUG 2026-06-08 17:49:41 t_client.py:302 Actions kept on device: cpu
DEBUG 2026-06-08 17:49:41 follower.py:184 follower_right SOFollower read state: 1.8ms
DEBUG 2026-06-08 17:49:41 follower.py:191 follower_right SOFollower read wrist: 0.0ms
DEBUG 2026-06-08 17:49:41 follower.py:184 follower_left SOFollower read state: 1.7ms
DEBUG 2026-06-08 17:49:41 follower.py:191 follower_left SOFollower read wrist: 0.0ms
DEBUG 2026-06-08 17:49:41 t_client.py:198 Observation serialization time: 0.004631s
DEBUG 2026-06-08 17:49:41 ort/utils.py:54 [CLIENT] Observation Buffer size 4.395498275756836 MB with
DEBUG 2026-06-08 17:49:41 ort/utils.py:69 [CLIENT] Observation Sent 2097152/4609014 bytes with state 1
DEBUG 2026-06-08 17:49:41 ort/utils.py:69 [CLIENT] Observation Sent 4194304/4609014 bytes with state 2
DEBUG 2026-06-08 17:49:41 ort/utils.py:69 [CLIENT] Observation Sent 4609014/4609014 bytes with state 3
DEBUG 2026-06-08 17:49:41 ort/utils.py:71 [CLIENT] Observation Published 4.395498275756836 MB
DEBUG 2026-06-08 17:49:41 t_client.py:209 Sent observation #608 | 
DEBUG 2026-06-08 17:49:41 t_client.py:434 QUEUE SIZE: 14 (Must go: False)
DEBUG 2026-06-08 17:49:41 t_client.py:477 Control loop (ms): 109.10
DEBUG 2026-06-08 17:49:41 t_client.py:477 Control loop (ms): 5.72
DEBUG 2026-06-08 17:49:41 t_client.py:292 Received actions on device: cpu
DEBUG 2026-06-08 17:49:41 t_client.py:302 Actions kept on device: cpu
DEBUG 2026-06-08 17:49:41 t_client.py:477 Control loop (ms): 2.63
DEBUG 2026-06-08 17:49:41 t_client.py:477 Control loop (ms): 2.32
DEBUG 2026-06-08 17:49:41 t_client.py:477 Control loop (ms): 3.22
DEBUG 2026-06-08 17:49:41 t_client.py:477 Control loop (ms): 2.59
DEBUG 2026-06-08 17:49:41 t_client.py:477 Control loop (ms): 1.49
DEBUG 2026-06-08 17:49:41 follower.py:184 follower_right SOFollower read state: 2.4ms
DEBUG 2026-06-08 17:49:41 follower.py:191 follower_right SOFollower read wrist: 0.1ms
DEBUG 2026-06-08 17:49:41 follower.py:184 follower_left SOFollower read state: 2.1ms
DEBUG 2026-06-08 17:49:41 follower.py:191 follower_left SOFollower read wrist: 0.1ms
DEBUG 2026-06-08 17:49:41 t_client.py:198 Observation serialization time: 0.013870s
DEBUG 2026-06-08 17:49:41 ort/utils.py:54 [CLIENT] Observation Buffer size 4.395498275756836 MB with
DEBUG 2026-06-08 17:49:41 ort/utils.py:69 [CLIENT] Observation Sent 2097152/4609014 bytes with state 1
DEBUG 2026-06-08 17:49:41 ort/utils.py:69 [CLIENT] Observation Sent 4194304/4609014 bytes with state 2
DEBUG 2026-06-08 17:49:41 ort/utils.py:69 [CLIENT] Observation Sent 4609014/4609014 bytes with state 3
DEBUG 2026-06-08 17:49:41 ort/utils.py:71 [CLIENT] Observation Published 4.395498275756836 MB
DEBUG 2026-06-08 17:49:41 t_client.py:209 Sent observation #614 | 
DEBUG 2026-06-08 17:49:41 t_client.py:434 QUEUE SIZE: 8 (Must go: False)
DEBUG 2026-06-08 17:49:41 t_client.py:477 Control loop (ms): 133.14
DEBUG 2026-06-08 17:49:41 follower.py:184 follower_right SOFollower read state: 1.8ms
DEBUG 2026-06-08 17:49:41 follower.py:191 follower_right SOFollower read wrist: 0.0ms
DEBUG 2026-06-08 17:49:41 follower.py:184 follower_left SOFollower read state: 1.7ms
DEBUG 2026-06-08 17:49:41 follower.py:191 follower_left SOFollower read wrist: 0.0ms
DEBUG 2026-06-08 17:49:41 t_client.py:198 Observation serialization time: 0.006846s
DEBUG 2026-06-08 17:49:41 ort/utils.py:54 [CLIENT] Observation Buffer size 4.395498275756836 MB with
DEBUG 2026-06-08 17:49:41 ort/utils.py:69 [CLIENT] Observation Sent 2097152/4609014 bytes with state 1
DEBUG 2026-06-08 17:49:41 ort/utils.py:69 [CLIENT] Observation Sent 4194304/4609014 bytes with state 2
DEBUG 2026-06-08 17:49:41 ort/utils.py:69 [CLIENT] Observation Sent 4609014/4609014 bytes with state 3
DEBUG 2026-06-08 17:49:41 ort/utils.py:71 [CLIENT] Observation Published 4.395498275756836 MB
DEBUG 2026-06-08 17:49:41 t_client.py:292 Received actions on device: cpu
DEBUG 2026-06-08 17:49:41 t_client.py:302 Actions kept on device: cpu
DEBUG 2026-06-08 17:49:41 t_client.py:209 Sent observation #615 | 
DEBUG 2026-06-08 17:49:41 t_client.py:434 QUEUE SIZE: 7 (Must go: False)
DEBUG 2026-06-08 17:49:41 t_client.py:477 Control loop (ms): 126.01
DEBUG 2026-06-08 17:49:41 t_client.py:477 Control loop (ms): 1.38
DEBUG 2026-06-08 17:49:41 t_client.py:477 Control loop (ms): 2.33
DEBUG 2026-06-08 17:49:42 t_client.py:477 Control loop (ms): 2.77
DEBUG 2026-06-08 17:49:42 t_client.py:292 Received actions on device: cpu
DEBUG 2026-06-08 17:49:42 t_client.py:302 Actions kept on device: cpu
DEBUG 2026-06-08 17:49:42 t_client.py:477 Control loop (ms): 1.27
DEBUG 2026-06-08 17:49:42 t_client.py:477 Control loop (ms): 1.77
DEBUG 2026-06-08 17:49:42 t_client.py:477 Control loop (ms): 1.69
DEBUG 2026-06-08 17:49:42 follower.py:184 follower_right SOFollower read state: 2.1ms
DEBUG 2026-06-08 17:49:42 follower.py:191 follower_right SOFollower read wrist: 0.0ms
DEBUG 2026-06-08 17:49:42 follower.py:184 follower_left SOFollower read state: 2.0ms
DEBUG 2026-06-08 17:49:42 follower.py:191 follower_left SOFollower read wrist: 0.0ms
DEBUG 2026-06-08 17:49:42 t_client.py:198 Observation serialization time: 0.006563s
DEBUG 2026-06-08 17:49:42 ort/utils.py:54 [CLIENT] Observation Buffer size 4.395498275756836 MB with
DEBUG 2026-06-08 17:49:42 ort/utils.py:69 [CLIENT] Observation Sent 2097152/4609014 bytes with state 1
DEBUG 2026-06-08 17:49:42 ort/utils.py:69 [CLIENT] Observation Sent 4194304/4609014 bytes with state 2
DEBUG 2026-06-08 17:49:42 ort/utils.py:69 [CLIENT] Observation Sent 4609014/4609014 bytes with state 3
DEBUG 2026-06-08 17:49:42 ort/utils.py:71 [CLIENT] Observation Published 4.395498275756836 MB
DEBUG 2026-06-08 17:49:42 t_client.py:209 Sent observation #622 | 
DEBUG 2026-06-08 17:49:42 t_client.py:434 QUEUE SIZE: 8 (Must go: False)
DEBUG 2026-06-08 17:49:42 t_client.py:477 Control loop (ms): 113.74
DEBUG 2026-06-08 17:49:42 follower.py:184 follower_right SOFollower read state: 1.9ms
DEBUG 2026-06-08 17:49:42 follower.py:191 follower_right SOFollower read wrist: 0.0ms
DEBUG 2026-06-08 17:49:42 follower.py:184 follower_left SOFollower read state: 1.8ms
DEBUG 2026-06-08 17:49:42 follower.py:191 follower_left SOFollower read wrist: 0.0ms
DEBUG 2026-06-08 17:49:42 t_client.py:198 Observation serialization time: 0.010337s
DEBUG 2026-06-08 17:49:42 ort/utils.py:54 [CLIENT] Observation Buffer size 4.395498275756836 MB with
DEBUG 2026-06-08 17:49:42 ort/utils.py:69 [CLIENT] Observation Sent 2097152/4609014 bytes with state 1
DEBUG 2026-06-08 17:49:42 ort/utils.py:69 [CLIENT] Observation Sent 4194304/4609014 bytes with state 2
DEBUG 2026-06-08 17:49:42 ort/utils.py:69 [CLIENT] Observation Sent 4609014/4609014 bytes with state 3
DEBUG 2026-06-08 17:49:42 ort/utils.py:71 [CLIENT] Observation Published 4.395498275756836 MB
DEBUG 2026-06-08 17:49:42 t_client.py:209 Sent observation #623 | 
DEBUG 2026-06-08 17:49:42 t_client.py:434 QUEUE SIZE: 7 (Must go: False)
DEBUG 2026-06-08 17:49:42 t_client.py:477 Control loop (ms): 122.45
DEBUG 2026-06-08 17:49:42 t_client.py:292 Received actions on device: cpu
DEBUG 2026-06-08 17:49:42 t_client.py:302 Actions kept on device: cpu
DEBUG 2026-06-08 17:49:42 follower.py:184 follower_right SOFollower read state: 3.0ms
DEBUG 2026-06-08 17:49:42 follower.py:191 follower_right SOFollower read wrist: 0.1ms
DEBUG 2026-06-08 17:49:42 follower.py:184 follower_left SOFollower read state: 2.2ms
DEBUG 2026-06-08 17:49:42 follower.py:191 follower_left SOFollower read wrist: 0.0ms
DEBUG 2026-06-08 17:49:42 t_client.py:198 Observation serialization time: 0.009535s
DEBUG 2026-06-08 17:49:42 ort/utils.py:54 [CLIENT] Observation Buffer size 4.395498275756836 MB with
DEBUG 2026-06-08 17:49:42 ort/utils.py:69 [CLIENT] Observation Sent 2097152/4609014 bytes with state 1
DEBUG 2026-06-08 17:49:42 ort/utils.py:69 [CLIENT] Observation Sent 4194304/4609014 bytes with state 2
DEBUG 2026-06-08 17:49:42 ort/utils.py:69 [CLIENT] Observation Sent 4609014/4609014 bytes with state 3
DEBUG 2026-06-08 17:49:42 ort/utils.py:71 [CLIENT] Observation Published 4.395498275756836 MB
DEBUG 2026-06-08 17:49:42 t_client.py:209 Sent observation #624 | 
DEBUG 2026-06-08 17:49:42 t_client.py:434 QUEUE SIZE: 14 (Must go: False)
DEBUG 2026-06-08 17:49:42 t_client.py:477 Control loop (ms): 125.12
DEBUG 2026-06-08 17:49:42 t_client.py:292 Received actions on device: cpu
DEBUG 2026-06-08 17:49:42 t_client.py:302 Actions kept on device: cpu
DEBUG 2026-06-08 17:49:42 t_client.py:477 Control loop (ms): 3.65
DEBUG 2026-06-08 17:49:42 t_client.py:477 Control loop (ms): 1.00
DEBUG 2026-06-08 17:49:42 t_client.py:477 Control loop (ms): 1.87
DEBUG 2026-06-08 17:49:42 t_client.py:477 Control loop (ms): 3.48
DEBUG 2026-06-08 17:49:42 t_client.py:292 Received actions on device: cpu
DEBUG 2026-06-08 17:49:42 t_client.py:302 Actions kept on device: cpu
DEBUG 2026-06-08 17:49:42 t_client.py:477 Control loop (ms): 1.78
DEBUG 2026-06-08 17:49:42 t_client.py:477 Control loop (ms): 2.43
DEBUG 2026-06-08 17:49:42 t_client.py:477 Control loop (ms): 2.17
DEBUG 2026-06-08 17:49:42 follower.py:184 follower_right SOFollower read state: 1.8ms
DEBUG 2026-06-08 17:49:42 follower.py:191 follower_right SOFollower read wrist: 0.0ms
DEBUG 2026-06-08 17:49:42 follower.py:184 follower_left SOFollower read state: 1.6ms
DEBUG 2026-06-08 17:49:42 follower.py:191 follower_left SOFollower read wrist: 0.0ms
DEBUG 2026-06-08 17:49:42 t_client.py:198 Observation serialization time: 0.004595s
DEBUG 2026-06-08 17:49:42 ort/utils.py:54 [CLIENT] Observation Buffer size 4.395498275756836 MB with
DEBUG 2026-06-08 17:49:42 ort/utils.py:69 [CLIENT] Observation Sent 2097152/4609014 bytes with state 1
DEBUG 2026-06-08 17:49:42 ort/utils.py:69 [CLIENT] Observation Sent 4194304/4609014 bytes with state 2
DEBUG 2026-06-08 17:49:42 ort/utils.py:69 [CLIENT] Observation Sent 4609014/4609014 bytes with state 3
DEBUG 2026-06-08 17:49:42 ort/utils.py:71 [CLIENT] Observation Published 4.395498275756836 MB
DEBUG 2026-06-08 17:49:42 t_client.py:209 Sent observation #631 | 
DEBUG 2026-06-08 17:49:42 t_client.py:434 QUEUE SIZE: 8 (Must go: False)
DEBUG 2026-06-08 17:49:42 t_client.py:477 Control loop (ms): 98.20
DEBUG 2026-06-08 17:49:42 follower.py:184 follower_right SOFollower read state: 1.8ms
DEBUG 2026-06-08 17:49:42 follower.py:191 follower_right SOFollower read wrist: 0.0ms
DEBUG 2026-06-08 17:49:42 follower.py:184 follower_left SOFollower read state: 1.7ms
DEBUG 2026-06-08 17:49:42 follower.py:191 follower_left SOFollower read wrist: 0.0ms
DEBUG 2026-06-08 17:49:42 t_client.py:198 Observation serialization time: 0.003906s
DEBUG 2026-06-08 17:49:42 ort/utils.py:54 [CLIENT] Observation Buffer size 4.395498275756836 MB with
DEBUG 2026-06-08 17:49:42 ort/utils.py:69 [CLIENT] Observation Sent 2097152/4609014 bytes with state 1
DEBUG 2026-06-08 17:49:42 ort/utils.py:69 [CLIENT] Observation Sent 4194304/4609014 bytes with state 2
DEBUG 2026-06-08 17:49:42 ort/utils.py:69 [CLIENT] Observation Sent 4609014/4609014 bytes with state 3
DEBUG 2026-06-08 17:49:42 ort/utils.py:71 [CLIENT] Observation Published 4.395498275756836 MB
DEBUG 2026-06-08 17:49:42 t_client.py:209 Sent observation #632 | 
DEBUG 2026-06-08 17:49:42 t_client.py:434 QUEUE SIZE: 7 (Must go: False)
DEBUG 2026-06-08 17:49:42 t_client.py:477 Control loop (ms): 98.61
DEBUG 2026-06-08 17:49:42 t_client.py:292 Received actions on device: cpu
DEBUG 2026-06-08 17:49:42 t_client.py:302 Actions kept on device: cpu
DEBUG 2026-06-08 17:49:42 follower.py:184 follower_right SOFollower read state: 2.4ms
DEBUG 2026-06-08 17:49:42 follower.py:191 follower_right SOFollower read wrist: 0.0ms
DEBUG 2026-06-08 17:49:42 follower.py:184 follower_left SOFollower read state: 1.8ms
DEBUG 2026-06-08 17:49:42 follower.py:191 follower_left SOFollower read wrist: 0.0ms
DEBUG 2026-06-08 17:49:42 t_client.py:198 Observation serialization time: 0.009389s
DEBUG 2026-06-08 17:49:42 ort/utils.py:54 [CLIENT] Observation Buffer size 4.395498275756836 MB with
DEBUG 2026-06-08 17:49:42 ort/utils.py:69 [CLIENT] Observation Sent 2097152/4609014 bytes with state 1
DEBUG 2026-06-08 17:49:43 ort/utils.py:69 [CLIENT] Observation Sent 4194304/4609014 bytes with state 2
DEBUG 2026-06-08 17:49:43 ort/utils.py:69 [CLIENT] Observation Sent 4609014/4609014 bytes with state 3
DEBUG 2026-06-08 17:49:43 ort/utils.py:71 [CLIENT] Observation Published 4.395498275756836 MB
DEBUG 2026-06-08 17:49:43 t_client.py:292 Received actions on device: cpu
DEBUG 2026-06-08 17:49:43 t_client.py:302 Actions kept on device: cpu
DEBUG 2026-06-08 17:49:43 t_client.py:209 Sent observation #633 | 
DEBUG 2026-06-08 17:49:43 t_client.py:434 QUEUE SIZE: 13 (Must go: False)
DEBUG 2026-06-08 17:49:43 t_client.py:477 Control loop (ms): 147.25
DEBUG 2026-06-08 17:49:43 t_client.py:477 Control loop (ms): 0.87
DEBUG 2026-06-08 17:49:43 t_client.py:477 Control loop (ms): 1.39
DEBUG 2026-06-08 17:49:43 t_client.py:477 Control loop (ms): 1.31
DEBUG 2026-06-08 17:49:43 t_client.py:292 Received actions on device: cpu
DEBUG 2026-06-08 17:49:43 t_client.py:302 Actions kept on device: cpu
DEBUG 2026-06-08 17:49:43 t_client.py:477 Control loop (ms): 0.79
DEBUG 2026-06-08 17:49:43 t_client.py:477 Control loop (ms): 1.25
DEBUG 2026-06-08 17:49:43 t_client.py:477 Control loop (ms): 1.60
DEBUG 2026-06-08 17:49:43 follower.py:184 follower_right SOFollower read state: 2.1ms
DEBUG 2026-06-08 17:49:43 follower.py:191 follower_right SOFollower read wrist: 0.1ms
DEBUG 2026-06-08 17:49:43 follower.py:184 follower_left SOFollower read state: 2.3ms
DEBUG 2026-06-08 17:49:43 follower.py:191 follower_left SOFollower read wrist: 0.1ms
DEBUG 2026-06-08 17:49:43 t_client.py:198 Observation serialization time: 0.010059s
DEBUG 2026-06-08 17:49:43 ort/utils.py:54 [CLIENT] Observation Buffer size 4.395498275756836 MB with
DEBUG 2026-06-08 17:49:43 ort/utils.py:69 [CLIENT] Observation Sent 2097152/4609014 bytes with state 1
DEBUG 2026-06-08 17:49:43 ort/utils.py:69 [CLIENT] Observation Sent 4194304/4609014 bytes with state 2
DEBUG 2026-06-08 17:49:43 ort/utils.py:69 [CLIENT] Observation Sent 4609014/4609014 bytes with state 3
DEBUG 2026-06-08 17:49:43 ort/utils.py:71 [CLIENT] Observation Published 4.395498275756836 MB
DEBUG 2026-06-08 17:49:43 t_client.py:209 Sent observation #640 | 
DEBUG 2026-06-08 17:49:43 t_client.py:434 QUEUE SIZE: 8 (Must go: False)
DEBUG 2026-06-08 17:49:43 t_client.py:477 Control loop (ms): 113.18
DEBUG 2026-06-08 17:49:43 follower.py:184 follower_right SOFollower read state: 1.9ms
DEBUG 2026-06-08 17:49:43 follower.py:191 follower_right SOFollower read wrist: 0.0ms
DEBUG 2026-06-08 17:49:43 follower.py:184 follower_left SOFollower read state: 1.9ms
DEBUG 2026-06-08 17:49:43 follower.py:191 follower_left SOFollower read wrist: 0.0ms
DEBUG 2026-06-08 17:49:43 t_client.py:198 Observation serialization time: 0.008886s
DEBUG 2026-06-08 17:49:43 ort/utils.py:54 [CLIENT] Observation Buffer size 4.395498275756836 MB with
DEBUG 2026-06-08 17:49:43 ort/utils.py:69 [CLIENT] Observation Sent 2097152/4609014 bytes with state 1
DEBUG 2026-06-08 17:49:43 ort/utils.py:69 [CLIENT] Observation Sent 4194304/4609014 bytes with state 2
DEBUG 2026-06-08 17:49:43 ort/utils.py:69 [CLIENT] Observation Sent 4609014/4609014 bytes with state 3
DEBUG 2026-06-08 17:49:43 ort/utils.py:71 [CLIENT] Observation Published 4.395498275756836 MB
DEBUG 2026-06-08 17:49:43 t_client.py:292 Received actions on device: cpu
DEBUG 2026-06-08 17:49:43 t_client.py:302 Actions kept on device: cpu
DEBUG 2026-06-08 17:49:43 t_client.py:209 Sent observation #641 | 
DEBUG 2026-06-08 17:49:43 t_client.py:434 QUEUE SIZE: 7 (Must go: False)
DEBUG 2026-06-08 17:49:43 t_client.py:477 Control loop (ms): 125.92
DEBUG 2026-06-08 17:49:43 t_client.py:477 Control loop (ms): 1.93
DEBUG 2026-06-08 17:49:43 t_client.py:477 Control loop (ms): 2.19
DEBUG 2026-06-08 17:49:43 t_client.py:477 Control loop (ms): 1.89
DEBUG 2026-06-08 17:49:43 t_client.py:292 Received actions on device: cpu
DEBUG 2026-06-08 17:49:43 t_client.py:302 Actions kept on device: cpu
DEBUG 2026-06-08 17:49:43 t_client.py:477 Control loop (ms): 2.88
DEBUG 2026-06-08 17:49:43 t_client.py:477 Control loop (ms): 2.39
DEBUG 2026-06-08 17:49:43 t_client.py:477 Control loop (ms): 2.37
DEBUG 2026-06-08 17:49:43 follower.py:184 follower_right SOFollower read state: 2.2ms
DEBUG 2026-06-08 17:49:43 follower.py:191 follower_right SOFollower read wrist: 0.0ms
DEBUG 2026-06-08 17:49:43 follower.py:184 follower_left SOFollower read state: 1.9ms
DEBUG 2026-06-08 17:49:43 follower.py:191 follower_left SOFollower read wrist: 0.0ms
DEBUG 2026-06-08 17:49:43 t_client.py:198 Observation serialization time: 0.006330s
DEBUG 2026-06-08 17:49:43 ort/utils.py:54 [CLIENT] Observation Buffer size 4.395498275756836 MB with
DEBUG 2026-06-08 17:49:43 ort/utils.py:69 [CLIENT] Observation Sent 2097152/4609014 bytes with state 1
DEBUG 2026-06-08 17:49:43 ort/utils.py:69 [CLIENT] Observation Sent 4194304/4609014 bytes with state 2
DEBUG 2026-06-08 17:49:43 ort/utils.py:69 [CLIENT] Observation Sent 4609014/4609014 bytes with state 3
DEBUG 2026-06-08 17:49:43 ort/utils.py:71 [CLIENT] Observation Published 4.395498275756836 MB
DEBUG 2026-06-08 17:49:43 t_client.py:209 Sent observation #648 | 
DEBUG 2026-06-08 17:49:43 t_client.py:434 QUEUE SIZE: 8 (Must go: False)
DEBUG 2026-06-08 17:49:43 t_client.py:477 Control loop (ms): 113.58
DEBUG 2026-06-08 17:49:43 follower.py:184 follower_right SOFollower read state: 2.3ms
DEBUG 2026-06-08 17:49:43 follower.py:191 follower_right SOFollower read wrist: 0.1ms
DEBUG 2026-06-08 17:49:43 follower.py:184 follower_left SOFollower read state: 2.3ms
DEBUG 2026-06-08 17:49:43 follower.py:191 follower_left SOFollower read wrist: 0.0ms
DEBUG 2026-06-08 17:49:43 t_client.py:198 Observation serialization time: 0.012614s
DEBUG 2026-06-08 17:49:43 ort/utils.py:54 [CLIENT] Observation Buffer size 4.395498275756836 MB with
DEBUG 2026-06-08 17:49:43 ort/utils.py:69 [CLIENT] Observation Sent 2097152/4609014 bytes with state 1
DEBUG 2026-06-08 17:49:43 t_client.py:292 Received actions on device: cpu
DEBUG 2026-06-08 17:49:43 t_client.py:302 Actions kept on device: cpu
DEBUG 2026-06-08 17:49:43 ort/utils.py:69 [CLIENT] Observation Sent 4194304/4609014 bytes with state 2
DEBUG 2026-06-08 17:49:43 ort/utils.py:69 [CLIENT] Observation Sent 4609014/4609014 bytes with state 3
DEBUG 2026-06-08 17:49:43 ort/utils.py:71 [CLIENT] Observation Published 4.395498275756836 MB
DEBUG 2026-06-08 17:49:44 t_client.py:209 Sent observation #649 | 
DEBUG 2026-06-08 17:49:44 t_client.py:434 QUEUE SIZE: 7 (Must go: False)
DEBUG 2026-06-08 17:49:44 t_client.py:477 Control loop (ms): 163.18
DEBUG 2026-06-08 17:49:44 t_client.py:477 Control loop (ms): 1.29
DEBUG 2026-06-08 17:49:44 t_client.py:477 Control loop (ms): 1.80
DEBUG 2026-06-08 17:49:44 t_client.py:477 Control loop (ms): 1.65
DEBUG 2026-06-08 17:49:44 t_client.py:292 Received actions on device: cpu
DEBUG 2026-06-08 17:49:44 t_client.py:302 Actions kept on device: cpu
DEBUG 2026-06-08 17:49:44 t_client.py:477 Control loop (ms): 1.97
DEBUG 2026-06-08 17:49:44 t_client.py:477 Control loop (ms): 1.77
DEBUG 2026-06-08 17:49:44 t_client.py:477 Control loop (ms): 2.09
DEBUG 2026-06-08 17:49:44 follower.py:184 follower_right SOFollower read state: 2.3ms
DEBUG 2026-06-08 17:49:44 follower.py:191 follower_right SOFollower read wrist: 0.0ms
DEBUG 2026-06-08 17:49:44 follower.py:184 follower_left SOFollower read state: 2.5ms
DEBUG 2026-06-08 17:49:44 follower.py:191 follower_left SOFollower read wrist: 0.0ms
DEBUG 2026-06-08 17:49:44 t_client.py:198 Observation serialization time: 0.011007s
DEBUG 2026-06-08 17:49:44 ort/utils.py:54 [CLIENT] Observation Buffer size 4.395498275756836 MB with
DEBUG 2026-06-08 17:49:44 ort/utils.py:69 [CLIENT] Observation Sent 2097152/4609014 bytes with state 1
DEBUG 2026-06-08 17:49:44 ort/utils.py:69 [CLIENT] Observation Sent 4194304/4609014 bytes with state 2
DEBUG 2026-06-08 17:49:44 ort/utils.py:69 [CLIENT] Observation Sent 4609014/4609014 bytes with state 3
DEBUG 2026-06-08 17:49:44 ort/utils.py:71 [CLIENT] Observation Published 4.395498275756836 MB
DEBUG 2026-06-08 17:49:44 t_client.py:209 Sent observation #656 | 
DEBUG 2026-06-08 17:49:44 t_client.py:434 QUEUE SIZE: 8 (Must go: False)
DEBUG 2026-06-08 17:49:44 t_client.py:477 Control loop (ms): 123.58
DEBUG 2026-06-08 17:49:44 follower.py:184 follower_right SOFollower read state: 2.2ms
DEBUG 2026-06-08 17:49:44 follower.py:191 follower_right SOFollower read wrist: 0.0ms
DEBUG 2026-06-08 17:49:44 follower.py:184 follower_left SOFollower read state: 1.9ms
DEBUG 2026-06-08 17:49:44 follower.py:191 follower_left SOFollower read wrist: 0.0ms
DEBUG 2026-06-08 17:49:44 t_client.py:198 Observation serialization time: 0.008416s
DEBUG 2026-06-08 17:49:44 ort/utils.py:54 [CLIENT] Observation Buffer size 4.395498275756836 MB with
DEBUG 2026-06-08 17:49:44 ort/utils.py:69 [CLIENT] Observation Sent 2097152/4609014 bytes with state 1
DEBUG 2026-06-08 17:49:44 ort/utils.py:69 [CLIENT] Observation Sent 4194304/4609014 bytes with state 2
DEBUG 2026-06-08 17:49:44 ort/utils.py:69 [CLIENT] Observation Sent 4609014/4609014 bytes with state 3
DEBUG 2026-06-08 17:49:44 ort/utils.py:71 [CLIENT] Observation Published 4.395498275756836 MB
DEBUG 2026-06-08 17:49:44 t_client.py:292 Received actions on device: cpu
DEBUG 2026-06-08 17:49:44 t_client.py:302 Actions kept on device: cpu
DEBUG 2026-06-08 17:49:44 t_client.py:209 Sent observation #657 | 
DEBUG 2026-06-08 17:49:44 t_client.py:434 QUEUE SIZE: 7 (Must go: False)
DEBUG 2026-06-08 17:49:44 t_client.py:477 Control loop (ms): 154.76
DEBUG 2026-06-08 17:49:44 t_client.py:477 Control loop (ms): 1.59
DEBUG 2026-06-08 17:49:44 t_client.py:477 Control loop (ms): 2.05
DEBUG 2026-06-08 17:49:44 t_client.py:477 Control loop (ms): 1.40
DEBUG 2026-06-08 17:49:44 t_client.py:292 Received actions on device: cpu
DEBUG 2026-06-08 17:49:44 t_client.py:302 Actions kept on device: cpu
DEBUG 2026-06-08 17:49:44 t_client.py:477 Control loop (ms): 2.37
DEBUG 2026-06-08 17:49:44 t_client.py:477 Control loop (ms): 2.65
DEBUG 2026-06-08 17:49:44 t_client.py:477 Control loop (ms): 2.40
DEBUG 2026-06-08 17:49:44 follower.py:184 follower_right SOFollower read state: 2.3ms
DEBUG 2026-06-08 17:49:44 follower.py:191 follower_right SOFollower read wrist: 0.0ms
DEBUG 2026-06-08 17:49:44 follower.py:184 follower_left SOFollower read state: 2.0ms
DEBUG 2026-06-08 17:49:44 follower.py:191 follower_left SOFollower read wrist: 0.0ms
DEBUG 2026-06-08 17:49:44 t_client.py:198 Observation serialization time: 0.010566s
DEBUG 2026-06-08 17:49:44 ort/utils.py:54 [CLIENT] Observation Buffer size 4.395498275756836 MB with
DEBUG 2026-06-08 17:49:44 ort/utils.py:69 [CLIENT] Observation Sent 2097152/4609014 bytes with state 1
DEBUG 2026-06-08 17:49:44 ort/utils.py:69 [CLIENT] Observation Sent 4194304/4609014 bytes with state 2
DEBUG 2026-06-08 17:49:44 ort/utils.py:69 [CLIENT] Observation Sent 4609014/4609014 bytes with state 3
DEBUG 2026-06-08 17:49:44 ort/utils.py:71 [CLIENT] Observation Published 4.395498275756836 MB
DEBUG 2026-06-08 17:49:44 t_client.py:209 Sent observation #664 | 
DEBUG 2026-06-08 17:49:44 t_client.py:434 QUEUE SIZE: 8 (Must go: False)
DEBUG 2026-06-08 17:49:44 t_client.py:477 Control loop (ms): 141.62
DEBUG 2026-06-08 17:49:44 follower.py:184 follower_right SOFollower read state: 1.8ms
DEBUG 2026-06-08 17:49:44 follower.py:191 follower_right SOFollower read wrist: 0.0ms
DEBUG 2026-06-08 17:49:44 follower.py:184 follower_left SOFollower read state: 1.6ms
DEBUG 2026-06-08 17:49:44 follower.py:191 follower_left SOFollower read wrist: 0.0ms
DEBUG 2026-06-08 17:49:44 t_client.py:198 Observation serialization time: 0.006326s
DEBUG 2026-06-08 17:49:44 ort/utils.py:54 [CLIENT] Observation Buffer size 4.395498275756836 MB with
DEBUG 2026-06-08 17:49:44 ort/utils.py:69 [CLIENT] Observation Sent 2097152/4609014 bytes with state 1
DEBUG 2026-06-08 17:49:44 ort/utils.py:69 [CLIENT] Observation Sent 4194304/4609014 bytes with state 2
DEBUG 2026-06-08 17:49:44 t_client.py:292 Received actions on device: cpu
DEBUG 2026-06-08 17:49:44 t_client.py:302 Actions kept on device: cpu
DEBUG 2026-06-08 17:49:44 ort/utils.py:69 [CLIENT] Observation Sent 4609014/4609014 bytes with state 3
DEBUG 2026-06-08 17:49:44 ort/utils.py:71 [CLIENT] Observation Published 4.395498275756836 MB
DEBUG 2026-06-08 17:49:45 t_client.py:209 Sent observation #665 | 
DEBUG 2026-06-08 17:49:45 t_client.py:434 QUEUE SIZE: 7 (Must go: False)
DEBUG 2026-06-08 17:49:45 t_client.py:477 Control loop (ms): 173.10
DEBUG 2026-06-08 17:49:45 t_client.py:477 Control loop (ms): 1.47
DEBUG 2026-06-08 17:49:45 t_client.py:477 Control loop (ms): 2.40
DEBUG 2026-06-08 17:49:45 t_client.py:477 Control loop (ms): 2.72
DEBUG 2026-06-08 17:49:45 t_client.py:292 Received actions on device: cpu
DEBUG 2026-06-08 17:49:45 t_client.py:302 Actions kept on device: cpu
DEBUG 2026-06-08 17:49:45 t_client.py:477 Control loop (ms): 1.39
DEBUG 2026-06-08 17:49:45 t_client.py:477 Control loop (ms): 1.83
DEBUG 2026-06-08 17:49:45 t_client.py:477 Control loop (ms): 2.40
DEBUG 2026-06-08 17:49:45 follower.py:184 follower_right SOFollower read state: 1.8ms
DEBUG 2026-06-08 17:49:45 follower.py:191 follower_right SOFollower read wrist: 0.0ms
DEBUG 2026-06-08 17:49:45 follower.py:184 follower_left SOFollower read state: 1.7ms
DEBUG 2026-06-08 17:49:45 follower.py:191 follower_left SOFollower read wrist: 0.0ms
DEBUG 2026-06-08 17:49:45 t_client.py:198 Observation serialization time: 0.010895s
DEBUG 2026-06-08 17:49:45 ort/utils.py:54 [CLIENT] Observation Buffer size 4.395498275756836 MB with
DEBUG 2026-06-08 17:49:45 ort/utils.py:69 [CLIENT] Observation Sent 2097152/4609014 bytes with state 1
DEBUG 2026-06-08 17:49:45 ort/utils.py:69 [CLIENT] Observation Sent 4194304/4609014 bytes with state 2
DEBUG 2026-06-08 17:49:45 ort/utils.py:69 [CLIENT] Observation Sent 4609014/4609014 bytes with state 3
DEBUG 2026-06-08 17:49:45 ort/utils.py:71 [CLIENT] Observation Published 4.395498275756836 MB
DEBUG 2026-06-08 17:49:45 t_client.py:209 Sent observation #672 | 
DEBUG 2026-06-08 17:49:45 t_client.py:434 QUEUE SIZE: 8 (Must go: False)
DEBUG 2026-06-08 17:49:45 t_client.py:477 Control loop (ms): 144.91
DEBUG 2026-06-08 17:49:45 follower.py:184 follower_right SOFollower read state: 1.8ms
DEBUG 2026-06-08 17:49:45 follower.py:191 follower_right SOFollower read wrist: 0.0ms
DEBUG 2026-06-08 17:49:45 follower.py:184 follower_left SOFollower read state: 1.7ms
DEBUG 2026-06-08 17:49:45 follower.py:191 follower_left SOFollower read wrist: 0.0ms
DEBUG 2026-06-08 17:49:45 t_client.py:198 Observation serialization time: 0.008826s
DEBUG 2026-06-08 17:49:45 ort/utils.py:54 [CLIENT] Observation Buffer size 4.395498275756836 MB with
DEBUG 2026-06-08 17:49:45 ort/utils.py:69 [CLIENT] Observation Sent 2097152/4609014 bytes with state 1
DEBUG 2026-06-08 17:49:45 ort/utils.py:69 [CLIENT] Observation Sent 4194304/4609014 bytes with state 2
DEBUG 2026-06-08 17:49:45 ort/utils.py:69 [CLIENT] Observation Sent 4609014/4609014 bytes with state 3
DEBUG 2026-06-08 17:49:45 ort/utils.py:71 [CLIENT] Observation Published 4.395498275756836 MB
DEBUG 2026-06-08 17:49:45 t_client.py:292 Received actions on device: cpu
DEBUG 2026-06-08 17:49:45 t_client.py:302 Actions kept on device: cpu
DEBUG 2026-06-08 17:49:45 t_client.py:209 Sent observation #673 | 
DEBUG 2026-06-08 17:49:45 t_client.py:434 QUEUE SIZE: 7 (Must go: False)
DEBUG 2026-06-08 17:49:45 t_client.py:477 Control loop (ms): 135.23
DEBUG 2026-06-08 17:49:45 t_client.py:477 Control loop (ms): 1.55
DEBUG 2026-06-08 17:49:45 t_client.py:477 Control loop (ms): 2.12
DEBUG 2026-06-08 17:49:45 t_client.py:477 Control loop (ms): 1.61
DEBUG 2026-06-08 17:49:45 t_client.py:292 Received actions on device: cpu
DEBUG 2026-06-08 17:49:45 t_client.py:302 Actions kept on device: cpu
DEBUG 2026-06-08 17:49:45 t_client.py:477 Control loop (ms): 1.87
DEBUG 2026-06-08 17:49:45 t_client.py:477 Control loop (ms): 1.88
DEBUG 2026-06-08 17:49:45 t_client.py:477 Control loop (ms): 2.18
DEBUG 2026-06-08 17:49:45 follower.py:184 follower_right SOFollower read state: 1.7ms
DEBUG 2026-06-08 17:49:45 follower.py:191 follower_right SOFollower read wrist: 0.0ms
DEBUG 2026-06-08 17:49:45 follower.py:184 follower_left SOFollower read state: 1.7ms
DEBUG 2026-06-08 17:49:45 follower.py:191 follower_left SOFollower read wrist: 0.0ms
DEBUG 2026-06-08 17:49:45 t_client.py:198 Observation serialization time: 0.008695s
DEBUG 2026-06-08 17:49:45 ort/utils.py:54 [CLIENT] Observation Buffer size 4.395498275756836 MB with
DEBUG 2026-06-08 17:49:45 ort/utils.py:69 [CLIENT] Observation Sent 2097152/4609014 bytes with state 1
DEBUG 2026-06-08 17:49:45 ort/utils.py:69 [CLIENT] Observation Sent 4194304/4609014 bytes with state 2
DEBUG 2026-06-08 17:49:45 ort/utils.py:69 [CLIENT] Observation Sent 4609014/4609014 bytes with state 3
DEBUG 2026-06-08 17:49:45 ort/utils.py:71 [CLIENT] Observation Published 4.395498275756836 MB
DEBUG 2026-06-08 17:49:45 t_client.py:209 Sent observation #680 | 
DEBUG 2026-06-08 17:49:45 t_client.py:434 QUEUE SIZE: 8 (Must go: False)
DEBUG 2026-06-08 17:49:45 t_client.py:477 Control loop (ms): 139.59
DEBUG 2026-06-08 17:49:45 follower.py:184 follower_right SOFollower read state: 2.0ms
DEBUG 2026-06-08 17:49:45 follower.py:191 follower_right SOFollower read wrist: 0.0ms
DEBUG 2026-06-08 17:49:45 follower.py:184 follower_left SOFollower read state: 2.0ms
DEBUG 2026-06-08 17:49:45 follower.py:191 follower_left SOFollower read wrist: 0.1ms
DEBUG 2026-06-08 17:49:45 t_client.py:198 Observation serialization time: 0.009562s
DEBUG 2026-06-08 17:49:45 ort/utils.py:54 [CLIENT] Observation Buffer size 4.395498275756836 MB with
DEBUG 2026-06-08 17:49:45 ort/utils.py:69 [CLIENT] Observation Sent 2097152/4609014 bytes with state 1
DEBUG 2026-06-08 17:49:45 ort/utils.py:69 [CLIENT] Observation Sent 4194304/4609014 bytes with state 2
DEBUG 2026-06-08 17:49:45 ort/utils.py:69 [CLIENT] Observation Sent 4609014/4609014 bytes with state 3
DEBUG 2026-06-08 17:49:45 ort/utils.py:71 [CLIENT] Observation Published 4.395498275756836 MB
DEBUG 2026-06-08 17:49:45 t_client.py:292 Received actions on device: cpu
DEBUG 2026-06-08 17:49:45 t_client.py:302 Actions kept on device: cpu
DEBUG 2026-06-08 17:49:45 t_client.py:209 Sent observation #681 | 
DEBUG 2026-06-08 17:49:45 t_client.py:434 QUEUE SIZE: 7 (Must go: False)
DEBUG 2026-06-08 17:49:45 t_client.py:477 Control loop (ms): 136.85
DEBUG 2026-06-08 17:49:45 t_client.py:477 Control loop (ms): 1.75
DEBUG 2026-06-08 17:49:46 t_client.py:477 Control loop (ms): 2.07
DEBUG 2026-06-08 17:49:46 t_client.py:477 Control loop (ms): 2.27
DEBUG 2026-06-08 17:49:46 t_client.py:292 Received actions on device: cpu
DEBUG 2026-06-08 17:49:46 t_client.py:302 Actions kept on device: cpu
DEBUG 2026-06-08 17:49:46 t_client.py:477 Control loop (ms): 2.58
DEBUG 2026-06-08 17:49:46 t_client.py:477 Control loop (ms): 3.10
DEBUG 2026-06-08 17:49:46 t_client.py:477 Control loop (ms): 1.92
DEBUG 2026-06-08 17:49:46 follower.py:184 follower_right SOFollower read state: 1.9ms
DEBUG 2026-06-08 17:49:46 follower.py:191 follower_right SOFollower read wrist: 0.0ms
DEBUG 2026-06-08 17:49:46 follower.py:184 follower_left SOFollower read state: 1.8ms
DEBUG 2026-06-08 17:49:46 follower.py:191 follower_left SOFollower read wrist: 0.0ms
DEBUG 2026-06-08 17:49:46 t_client.py:198 Observation serialization time: 0.011265s
DEBUG 2026-06-08 17:49:46 ort/utils.py:54 [CLIENT] Observation Buffer size 4.395498275756836 MB with
DEBUG 2026-06-08 17:49:46 ort/utils.py:69 [CLIENT] Observation Sent 2097152/4609014 bytes with state 1
DEBUG 2026-06-08 17:49:46 ort/utils.py:69 [CLIENT] Observation Sent 4194304/4609014 bytes with state 2
DEBUG 2026-06-08 17:49:46 ort/utils.py:69 [CLIENT] Observation Sent 4609014/4609014 bytes with state 3
DEBUG 2026-06-08 17:49:46 ort/utils.py:71 [CLIENT] Observation Published 4.395498275756836 MB
DEBUG 2026-06-08 17:49:46 t_client.py:209 Sent observation #688 | 
DEBUG 2026-06-08 17:49:46 t_client.py:434 QUEUE SIZE: 8 (Must go: False)
DEBUG 2026-06-08 17:49:46 t_client.py:477 Control loop (ms): 158.19
DEBUG 2026-06-08 17:49:46 follower.py:184 follower_right SOFollower read state: 2.1ms
DEBUG 2026-06-08 17:49:46 follower.py:191 follower_right SOFollower read wrist: 0.0ms
DEBUG 2026-06-08 17:49:46 follower.py:184 follower_left SOFollower read state: 1.9ms
DEBUG 2026-06-08 17:49:46 follower.py:191 follower_left SOFollower read wrist: 0.0ms
DEBUG 2026-06-08 17:49:46 t_client.py:198 Observation serialization time: 0.008914s
DEBUG 2026-06-08 17:49:46 ort/utils.py:54 [CLIENT] Observation Buffer size 4.395498275756836 MB with
DEBUG 2026-06-08 17:49:46 ort/utils.py:69 [CLIENT] Observation Sent 2097152/4609014 bytes with state 1
DEBUG 2026-06-08 17:49:46 ort/utils.py:69 [CLIENT] Observation Sent 4194304/4609014 bytes with state 2
DEBUG 2026-06-08 17:49:46 ort/utils.py:69 [CLIENT] Observation Sent 4609014/4609014 bytes with state 3
DEBUG 2026-06-08 17:49:46 ort/utils.py:71 [CLIENT] Observation Published 4.395498275756836 MB
DEBUG 2026-06-08 17:49:46 t_client.py:292 Received actions on device: cpu
DEBUG 2026-06-08 17:49:46 t_client.py:302 Actions kept on device: cpu
DEBUG 2026-06-08 17:49:46 t_client.py:209 Sent observation #689 | 
DEBUG 2026-06-08 17:49:46 t_client.py:434 QUEUE SIZE: 7 (Must go: False)
DEBUG 2026-06-08 17:49:46 t_client.py:477 Control loop (ms): 159.69
DEBUG 2026-06-08 17:49:46 t_client.py:477 Control loop (ms): 1.31
DEBUG 2026-06-08 17:49:46 t_client.py:477 Control loop (ms): 2.19
DEBUG 2026-06-08 17:49:46 t_client.py:477 Control loop (ms): 1.89
DEBUG 2026-06-08 17:49:46 t_client.py:477 Control loop (ms): 2.01
DEBUG 2026-06-08 17:49:46 t_client.py:477 Control loop (ms): 5.65
DEBUG 2026-06-08 17:49:46 follower.py:184 follower_right SOFollower read state: 2.5ms
DEBUG 2026-06-08 17:49:46 follower.py:191 follower_right SOFollower read wrist: 0.0ms
DEBUG 2026-06-08 17:49:46 follower.py:184 follower_left SOFollower read state: 2.0ms
DEBUG 2026-06-08 17:49:46 follower.py:191 follower_left SOFollower read wrist: 0.0ms
DEBUG 2026-06-08 17:49:46 t_client.py:198 Observation serialization time: 0.011331s
DEBUG 2026-06-08 17:49:46 ort/utils.py:54 [CLIENT] Observation Buffer size 4.395498275756836 MB with
DEBUG 2026-06-08 17:49:46 ort/utils.py:69 [CLIENT] Observation Sent 2097152/4609014 bytes with state 1
DEBUG 2026-06-08 17:49:46 ort/utils.py:69 [CLIENT] Observation Sent 4194304/4609014 bytes with state 2
DEBUG 2026-06-08 17:49:46 ort/utils.py:69 [CLIENT] Observation Sent 4609014/4609014 bytes with state 3
DEBUG 2026-06-08 17:49:46 ort/utils.py:71 [CLIENT] Observation Published 4.395498275756836 MB
DEBUG 2026-06-08 17:49:46 t_client.py:209 Sent observation #695 | 
DEBUG 2026-06-08 17:49:46 t_client.py:434 QUEUE SIZE: 8 (Must go: False)
DEBUG 2026-06-08 17:49:46 t_client.py:477 Control loop (ms): 172.77
DEBUG 2026-06-08 17:49:46 follower.py:184 follower_right SOFollower read state: 1.3ms
DEBUG 2026-06-08 17:49:46 follower.py:191 follower_right SOFollower read wrist: 0.0ms
DEBUG 2026-06-08 17:49:46 follower.py:184 follower_left SOFollower read state: 1.6ms
DEBUG 2026-06-08 17:49:46 follower.py:191 follower_left SOFollower read wrist: 0.0ms
DEBUG 2026-06-08 17:49:46 t_client.py:198 Observation serialization time: 0.008537s
DEBUG 2026-06-08 17:49:46 ort/utils.py:54 [CLIENT] Observation Buffer size 4.395498275756836 MB with
DEBUG 2026-06-08 17:49:46 ort/utils.py:69 [CLIENT] Observation Sent 2097152/4609014 bytes with state 1
DEBUG 2026-06-08 17:49:46 ort/utils.py:69 [CLIENT] Observation Sent 4194304/4609014 bytes with state 2
DEBUG 2026-06-08 17:49:46 ort/utils.py:69 [CLIENT] Observation Sent 4609014/4609014 bytes with state 3
DEBUG 2026-06-08 17:49:46 ort/utils.py:71 [CLIENT] Observation Published 4.395498275756836 MB
DEBUG 2026-06-08 17:49:46 t_client.py:292 Received actions on device: cpu
DEBUG 2026-06-08 17:49:46 t_client.py:302 Actions kept on device: cpu
DEBUG 2026-06-08 17:49:46 t_client.py:209 Sent observation #696 | 
DEBUG 2026-06-08 17:49:46 t_client.py:434 QUEUE SIZE: 7 (Must go: False)
DEBUG 2026-06-08 17:49:46 t_client.py:477 Control loop (ms): 150.67
DEBUG 2026-06-08 17:49:46 t_client.py:477 Control loop (ms): 1.80
DEBUG 2026-06-08 17:49:47 t_client.py:477 Control loop (ms): 2.24
DEBUG 2026-06-08 17:49:47 t_client.py:477 Control loop (ms): 1.83
DEBUG 2026-06-08 17:49:47 t_client.py:292 Received actions on device: cpu
DEBUG 2026-06-08 17:49:47 t_client.py:302 Actions kept on device: cpu
DEBUG 2026-06-08 17:49:47 t_client.py:477 Control loop (ms): 1.51
DEBUG 2026-06-08 17:49:47 t_client.py:477 Control loop (ms): 1.61
DEBUG 2026-06-08 17:49:47 t_client.py:477 Control loop (ms): 1.47
DEBUG 2026-06-08 17:49:47 follower.py:184 follower_right SOFollower read state: 2.1ms
DEBUG 2026-06-08 17:49:47 follower.py:191 follower_right SOFollower read wrist: 0.0ms
DEBUG 2026-06-08 17:49:47 follower.py:184 follower_left SOFollower read state: 1.9ms
DEBUG 2026-06-08 17:49:47 follower.py:191 follower_left SOFollower read wrist: 0.0ms
DEBUG 2026-06-08 17:49:47 t_client.py:198 Observation serialization time: 0.008673s
DEBUG 2026-06-08 17:49:47 ort/utils.py:54 [CLIENT] Observation Buffer size 4.395498275756836 MB with
DEBUG 2026-06-08 17:49:47 ort/utils.py:69 [CLIENT] Observation Sent 2097152/4609014 bytes with state 1
DEBUG 2026-06-08 17:49:47 ort/utils.py:69 [CLIENT] Observation Sent 4194304/4609014 bytes with state 2
DEBUG 2026-06-08 17:49:47 ort/utils.py:69 [CLIENT] Observation Sent 4609014/4609014 bytes with state 3
DEBUG 2026-06-08 17:49:47 ort/utils.py:71 [CLIENT] Observation Published 4.395498275756836 MB
DEBUG 2026-06-08 17:49:47 t_client.py:209 Sent observation #703 | 
DEBUG 2026-06-08 17:49:47 t_client.py:434 QUEUE SIZE: 8 (Must go: False)
DEBUG 2026-06-08 17:49:47 t_client.py:477 Control loop (ms): 155.04
DEBUG 2026-06-08 17:49:47 follower.py:184 follower_right SOFollower read state: 1.9ms
DEBUG 2026-06-08 17:49:47 follower.py:191 follower_right SOFollower read wrist: 0.0ms
DEBUG 2026-06-08 17:49:47 follower.py:184 follower_left SOFollower read state: 1.8ms
DEBUG 2026-06-08 17:49:47 follower.py:191 follower_left SOFollower read wrist: 0.0ms
DEBUG 2026-06-08 17:49:47 t_client.py:198 Observation serialization time: 0.011333s
DEBUG 2026-06-08 17:49:47 ort/utils.py:54 [CLIENT] Observation Buffer size 4.395498275756836 MB with
DEBUG 2026-06-08 17:49:47 ort/utils.py:69 [CLIENT] Observation Sent 2097152/4609014 bytes with state 1
DEBUG 2026-06-08 17:49:47 ort/utils.py:69 [CLIENT] Observation Sent 4194304/4609014 bytes with state 2
DEBUG 2026-06-08 17:49:47 ort/utils.py:69 [CLIENT] Observation Sent 4609014/4609014 bytes with state 3
DEBUG 2026-06-08 17:49:47 ort/utils.py:71 [CLIENT] Observation Published 4.395498275756836 MB
DEBUG 2026-06-08 17:49:47 t_client.py:292 Received actions on device: cpu
DEBUG 2026-06-08 17:49:47 t_client.py:302 Actions kept on device: cpu
DEBUG 2026-06-08 17:49:47 t_client.py:209 Sent observation #704 | 
DEBUG 2026-06-08 17:49:47 t_client.py:434 QUEUE SIZE: 7 (Must go: False)
DEBUG 2026-06-08 17:49:47 t_client.py:477 Control loop (ms): 153.56
DEBUG 2026-06-08 17:49:47 t_client.py:477 Control loop (ms): 1.31
DEBUG 2026-06-08 17:49:47 t_client.py:477 Control loop (ms): 2.22
DEBUG 2026-06-08 17:49:47 t_client.py:477 Control loop (ms): 1.92
DEBUG 2026-06-08 17:49:47 t_client.py:292 Received actions on device: cpu
DEBUG 2026-06-08 17:49:47 t_client.py:302 Actions kept on device: cpu
DEBUG 2026-06-08 17:49:47 t_client.py:477 Control loop (ms): 1.31
DEBUG 2026-06-08 17:49:47 t_client.py:477 Control loop (ms): 2.15
DEBUG 2026-06-08 17:49:47 t_client.py:477 Control loop (ms): 2.24
DEBUG 2026-06-08 17:49:47 follower.py:184 follower_right SOFollower read state: 2.2ms
DEBUG 2026-06-08 17:49:47 follower.py:191 follower_right SOFollower read wrist: 0.0ms
DEBUG 2026-06-08 17:49:47 follower.py:184 follower_left SOFollower read state: 1.8ms
DEBUG 2026-06-08 17:49:47 follower.py:191 follower_left SOFollower read wrist: 0.0ms
DEBUG 2026-06-08 17:49:47 t_client.py:198 Observation serialization time: 0.009447s
DEBUG 2026-06-08 17:49:47 ort/utils.py:54 [CLIENT] Observation Buffer size 4.395498275756836 MB with
DEBUG 2026-06-08 17:49:47 ort/utils.py:69 [CLIENT] Observation Sent 2097152/4609014 bytes with state 1
DEBUG 2026-06-08 17:49:47 ort/utils.py:69 [CLIENT] Observation Sent 4194304/4609014 bytes with state 2
DEBUG 2026-06-08 17:49:47 ort/utils.py:69 [CLIENT] Observation Sent 4609014/4609014 bytes with state 3
DEBUG 2026-06-08 17:49:47 ort/utils.py:71 [CLIENT] Observation Published 4.395498275756836 MB
DEBUG 2026-06-08 17:49:47 t_client.py:209 Sent observation #711 | 
DEBUG 2026-06-08 17:49:47 t_client.py:434 QUEUE SIZE: 8 (Must go: False)
DEBUG 2026-06-08 17:49:47 t_client.py:477 Control loop (ms): 150.33
DEBUG 2026-06-08 17:49:47 follower.py:184 follower_right SOFollower read state: 2.0ms
DEBUG 2026-06-08 17:49:47 follower.py:191 follower_right SOFollower read wrist: 0.0ms
DEBUG 2026-06-08 17:49:47 follower.py:184 follower_left SOFollower read state: 1.5ms
DEBUG 2026-06-08 17:49:47 follower.py:191 follower_left SOFollower read wrist: 0.0ms
DEBUG 2026-06-08 17:49:47 t_client.py:198 Observation serialization time: 0.007583s
DEBUG 2026-06-08 17:49:47 ort/utils.py:54 [CLIENT] Observation Buffer size 4.395498275756836 MB with
DEBUG 2026-06-08 17:49:47 ort/utils.py:69 [CLIENT] Observation Sent 2097152/4609014 bytes with state 1
DEBUG 2026-06-08 17:49:47 ort/utils.py:69 [CLIENT] Observation Sent 4194304/4609014 bytes with state 2
DEBUG 2026-06-08 17:49:47 ort/utils.py:69 [CLIENT] Observation Sent 4609014/4609014 bytes with state 3
DEBUG 2026-06-08 17:49:47 ort/utils.py:71 [CLIENT] Observation Published 4.395498275756836 MB
DEBUG 2026-06-08 17:49:47 t_client.py:209 Sent observation #712 | 
DEBUG 2026-06-08 17:49:47 t_client.py:434 QUEUE SIZE: 7 (Must go: False)
DEBUG 2026-06-08 17:49:47 t_client.py:477 Control loop (ms): 125.77
DEBUG 2026-06-08 17:49:47 t_client.py:292 Received actions on device: cpu
DEBUG 2026-06-08 17:49:47 t_client.py:302 Actions kept on device: cpu
DEBUG 2026-06-08 17:49:47 follower.py:184 follower_right SOFollower read state: 1.7ms
DEBUG 2026-06-08 17:49:47 follower.py:191 follower_right SOFollower read wrist: 0.1ms
DEBUG 2026-06-08 17:49:47 follower.py:184 follower_left SOFollower read state: 1.6ms
DEBUG 2026-06-08 17:49:47 follower.py:191 follower_left SOFollower read wrist: 0.0ms
DEBUG 2026-06-08 17:49:47 t_client.py:198 Observation serialization time: 0.010629s
DEBUG 2026-06-08 17:49:47 ort/utils.py:54 [CLIENT] Observation Buffer size 4.395498275756836 MB with
DEBUG 2026-06-08 17:49:48 ort/utils.py:69 [CLIENT] Observation Sent 2097152/4609014 bytes with state 1
DEBUG 2026-06-08 17:49:48 ort/utils.py:69 [CLIENT] Observation Sent 4194304/4609014 bytes with state 2
DEBUG 2026-06-08 17:49:48 ort/utils.py:69 [CLIENT] Observation Sent 4609014/4609014 bytes with state 3
DEBUG 2026-06-08 17:49:48 ort/utils.py:71 [CLIENT] Observation Published 4.395498275756836 MB
DEBUG 2026-06-08 17:49:48 t_client.py:292 Received actions on device: cpu
DEBUG 2026-06-08 17:49:48 t_client.py:302 Actions kept on device: cpu
DEBUG 2026-06-08 17:49:48 t_client.py:209 Sent observation #713 | 
DEBUG 2026-06-08 17:49:48 t_client.py:434 QUEUE SIZE: 14 (Must go: False)
DEBUG 2026-06-08 17:49:48 t_client.py:477 Control loop (ms): 174.49
DEBUG 2026-06-08 17:49:48 t_client.py:477 Control loop (ms): 1.18
DEBUG 2026-06-08 17:49:48 t_client.py:477 Control loop (ms): 1.93
DEBUG 2026-06-08 17:49:48 t_client.py:477 Control loop (ms): 2.05
DEBUG 2026-06-08 17:49:48 t_client.py:292 Received actions on device: cpu
DEBUG 2026-06-08 17:49:48 t_client.py:302 Actions kept on device: cpu
DEBUG 2026-06-08 17:49:48 t_client.py:477 Control loop (ms): 4.23
DEBUG 2026-06-08 17:49:48 t_client.py:477 Control loop (ms): 2.97
DEBUG 2026-06-08 17:49:48 t_client.py:477 Control loop (ms): 2.02
DEBUG 2026-06-08 17:49:48 t_client.py:477 Control loop (ms): 2.94
DEBUG 2026-06-08 17:49:48 follower.py:184 follower_right SOFollower read state: 3.2ms
DEBUG 2026-06-08 17:49:48 follower.py:191 follower_right SOFollower read wrist: 0.1ms
DEBUG 2026-06-08 17:49:48 follower.py:184 follower_left SOFollower read state: 2.5ms
DEBUG 2026-06-08 17:49:48 follower.py:191 follower_left SOFollower read wrist: 0.0ms
DEBUG 2026-06-08 17:49:48 t_client.py:198 Observation serialization time: 0.012954s
DEBUG 2026-06-08 17:49:48 ort/utils.py:54 [CLIENT] Observation Buffer size 4.395498275756836 MB with
DEBUG 2026-06-08 17:49:48 ort/utils.py:69 [CLIENT] Observation Sent 2097152/4609014 bytes with state 1
DEBUG 2026-06-08 17:49:48 ort/utils.py:69 [CLIENT] Observation Sent 4194304/4609014 bytes with state 2
DEBUG 2026-06-08 17:49:48 ort/utils.py:69 [CLIENT] Observation Sent 4609014/4609014 bytes with state 3
DEBUG 2026-06-08 17:49:48 ort/utils.py:71 [CLIENT] Observation Published 4.395498275756836 MB
DEBUG 2026-06-08 17:49:48 t_client.py:209 Sent observation #720 | 
DEBUG 2026-06-08 17:49:48 t_client.py:434 QUEUE SIZE: 8 (Must go: False)
DEBUG 2026-06-08 17:49:48 t_client.py:477 Control loop (ms): 152.39
DEBUG 2026-06-08 17:49:48 follower.py:184 follower_right SOFollower read state: 2.1ms
DEBUG 2026-06-08 17:49:48 follower.py:191 follower_right SOFollower read wrist: 0.1ms
DEBUG 2026-06-08 17:49:48 follower.py:184 follower_left SOFollower read state: 2.0ms
DEBUG 2026-06-08 17:49:48 follower.py:191 follower_left SOFollower read wrist: 0.0ms
DEBUG 2026-06-08 17:49:48 t_client.py:198 Observation serialization time: 0.007628s
DEBUG 2026-06-08 17:49:48 ort/utils.py:54 [CLIENT] Observation Buffer size 4.395498275756836 MB with
DEBUG 2026-06-08 17:49:48 ort/utils.py:69 [CLIENT] Observation Sent 2097152/4609014 bytes with state 1
DEBUG 2026-06-08 17:49:48 ort/utils.py:69 [CLIENT] Observation Sent 4194304/4609014 bytes with state 2
DEBUG 2026-06-08 17:49:48 ort/utils.py:69 [CLIENT] Observation Sent 4609014/4609014 bytes with state 3
DEBUG 2026-06-08 17:49:48 ort/utils.py:71 [CLIENT] Observation Published 4.395498275756836 MB
DEBUG 2026-06-08 17:49:48 t_client.py:292 Received actions on device: cpu
DEBUG 2026-06-08 17:49:48 t_client.py:302 Actions kept on device: cpu
DEBUG 2026-06-08 17:49:48 t_client.py:209 Sent observation #721 | 
DEBUG 2026-06-08 17:49:48 t_client.py:434 QUEUE SIZE: 7 (Must go: False)
DEBUG 2026-06-08 17:49:48 t_client.py:477 Control loop (ms): 170.08
DEBUG 2026-06-08 17:49:48 t_client.py:477 Control loop (ms): 1.31
DEBUG 2026-06-08 17:49:48 t_client.py:477 Control loop (ms): 1.19
DEBUG 2026-06-08 17:49:48 t_client.py:477 Control loop (ms): 1.14
DEBUG 2026-06-08 17:49:48 t_client.py:292 Received actions on device: cpu
DEBUG 2026-06-08 17:49:48 t_client.py:302 Actions kept on device: cpu
DEBUG 2026-06-08 17:49:48 t_client.py:477 Control loop (ms): 1.23
DEBUG 2026-06-08 17:49:48 t_client.py:477 Control loop (ms): 1.96
DEBUG 2026-06-08 17:49:48 t_client.py:477 Control loop (ms): 1.46
DEBUG 2026-06-08 17:49:48 follower.py:184 follower_right SOFollower read state: 1.9ms
DEBUG 2026-06-08 17:49:48 follower.py:191 follower_right SOFollower read wrist: 0.0ms
DEBUG 2026-06-08 17:49:48 follower.py:184 follower_left SOFollower read state: 1.7ms
DEBUG 2026-06-08 17:49:48 follower.py:191 follower_left SOFollower read wrist: 0.0ms
DEBUG 2026-06-08 17:49:48 t_client.py:198 Observation serialization time: 0.007600s
DEBUG 2026-06-08 17:49:48 ort/utils.py:54 [CLIENT] Observation Buffer size 4.395498275756836 MB with
DEBUG 2026-06-08 17:49:48 ort/utils.py:69 [CLIENT] Observation Sent 2097152/4609014 bytes with state 1
DEBUG 2026-06-08 17:49:48 ort/utils.py:69 [CLIENT] Observation Sent 4194304/4609014 bytes with state 2
DEBUG 2026-06-08 17:49:48 ort/utils.py:69 [CLIENT] Observation Sent 4609014/4609014 bytes with state 3
DEBUG 2026-06-08 17:49:48 ort/utils.py:71 [CLIENT] Observation Published 4.395498275756836 MB
DEBUG 2026-06-08 17:49:49 t_client.py:209 Sent observation #728 | 
DEBUG 2026-06-08 17:49:49 t_client.py:434 QUEUE SIZE: 8 (Must go: False)
DEBUG 2026-06-08 17:49:49 t_client.py:477 Control loop (ms): 173.95
DEBUG 2026-06-08 17:49:49 follower.py:184 follower_right SOFollower read state: 2.0ms
DEBUG 2026-06-08 17:49:49 follower.py:191 follower_right SOFollower read wrist: 0.0ms
DEBUG 2026-06-08 17:49:49 follower.py:184 follower_left SOFollower read state: 1.8ms
DEBUG 2026-06-08 17:49:49 follower.py:191 follower_left SOFollower read wrist: 0.0ms
DEBUG 2026-06-08 17:49:49 t_client.py:198 Observation serialization time: 0.005716s
DEBUG 2026-06-08 17:49:49 ort/utils.py:54 [CLIENT] Observation Buffer size 4.395498275756836 MB with
DEBUG 2026-06-08 17:49:49 ort/utils.py:69 [CLIENT] Observation Sent 2097152/4609014 bytes with state 1
DEBUG 2026-06-08 17:49:49 ort/utils.py:69 [CLIENT] Observation Sent 4194304/4609014 bytes with state 2
DEBUG 2026-06-08 17:49:49 ort/utils.py:69 [CLIENT] Observation Sent 4609014/4609014 bytes with state 3
DEBUG 2026-06-08 17:49:49 ort/utils.py:71 [CLIENT] Observation Published 4.395498275756836 MB
DEBUG 2026-06-08 17:49:49 t_client.py:292 Received actions on device: cpu
DEBUG 2026-06-08 17:49:49 t_client.py:302 Actions kept on device: cpu
DEBUG 2026-06-08 17:49:49 t_client.py:209 Sent observation #729 | 
DEBUG 2026-06-08 17:49:49 t_client.py:434 QUEUE SIZE: 7 (Must go: False)
DEBUG 2026-06-08 17:49:49 t_client.py:477 Control loop (ms): 204.11
DEBUG 2026-06-08 17:49:49 t_client.py:477 Control loop (ms): 1.69
DEBUG 2026-06-08 17:49:49 t_client.py:477 Control loop (ms): 1.56
DEBUG 2026-06-08 17:49:49 t_client.py:477 Control loop (ms): 2.15
DEBUG 2026-06-08 17:49:49 t_client.py:292 Received actions on device: cpu
DEBUG 2026-06-08 17:49:49 t_client.py:302 Actions kept on device: cpu
DEBUG 2026-06-08 17:49:49 t_client.py:477 Control loop (ms): 1.48
DEBUG 2026-06-08 17:49:49 t_client.py:477 Control loop (ms): 3.23
DEBUG 2026-06-08 17:49:49 t_client.py:477 Control loop (ms): 2.82
DEBUG 2026-06-08 17:49:49 follower.py:184 follower_right SOFollower read state: 2.7ms
DEBUG 2026-06-08 17:49:49 follower.py:191 follower_right SOFollower read wrist: 0.1ms
DEBUG 2026-06-08 17:49:49 follower.py:184 follower_left SOFollower read state: 2.8ms
DEBUG 2026-06-08 17:49:49 follower.py:191 follower_left SOFollower read wrist: 0.1ms
DEBUG 2026-06-08 17:49:49 t_client.py:198 Observation serialization time: 0.009255s
DEBUG 2026-06-08 17:49:49 ort/utils.py:54 [CLIENT] Observation Buffer size 4.395498275756836 MB with
DEBUG 2026-06-08 17:49:49 ort/utils.py:69 [CLIENT] Observation Sent 2097152/4609014 bytes with state 1
DEBUG 2026-06-08 17:49:49 ort/utils.py:69 [CLIENT] Observation Sent 4194304/4609014 bytes with state 2
DEBUG 2026-06-08 17:49:49 ort/utils.py:69 [CLIENT] Observation Sent 4609014/4609014 bytes with state 3
DEBUG 2026-06-08 17:49:49 ort/utils.py:71 [CLIENT] Observation Published 4.395498275756836 MB
DEBUG 2026-06-08 17:49:49 t_client.py:209 Sent observation #736 | 
DEBUG 2026-06-08 17:49:49 t_client.py:434 QUEUE SIZE: 8 (Must go: False)
DEBUG 2026-06-08 17:49:49 t_client.py:477 Control loop (ms): 155.55
DEBUG 2026-06-08 17:49:49 follower.py:184 follower_right SOFollower read state: 2.4ms
DEBUG 2026-06-08 17:49:49 follower.py:191 follower_right SOFollower read wrist: 0.0ms
DEBUG 2026-06-08 17:49:49 follower.py:184 follower_left SOFollower read state: 1.9ms
DEBUG 2026-06-08 17:49:49 follower.py:191 follower_left SOFollower read wrist: 0.0ms
DEBUG 2026-06-08 17:49:49 t_client.py:198 Observation serialization time: 0.006191s
DEBUG 2026-06-08 17:49:49 ort/utils.py:54 [CLIENT] Observation Buffer size 4.395498275756836 MB with
DEBUG 2026-06-08 17:49:49 ort/utils.py:69 [CLIENT] Observation Sent 2097152/4609014 bytes with state 1
DEBUG 2026-06-08 17:49:49 ort/utils.py:69 [CLIENT] Observation Sent 4194304/4609014 bytes with state 2
DEBUG 2026-06-08 17:49:49 ort/utils.py:69 [CLIENT] Observation Sent 4609014/4609014 bytes with state 3
DEBUG 2026-06-08 17:49:49 ort/utils.py:71 [CLIENT] Observation Published 4.395498275756836 MB
DEBUG 2026-06-08 17:49:49 t_client.py:292 Received actions on device: cpu
DEBUG 2026-06-08 17:49:49 t_client.py:302 Actions kept on device: cpu
DEBUG 2026-06-08 17:49:49 t_client.py:209 Sent observation #737 | 
DEBUG 2026-06-08 17:49:49 t_client.py:434 QUEUE SIZE: 7 (Must go: False)
DEBUG 2026-06-08 17:49:49 t_client.py:477 Control loop (ms): 149.87
DEBUG 2026-06-08 17:49:49 t_client.py:477 Control loop (ms): 1.79
DEBUG 2026-06-08 17:49:49 t_client.py:477 Control loop (ms): 1.50
DEBUG 2026-06-08 17:49:49 t_client.py:477 Control loop (ms): 2.51
DEBUG 2026-06-08 17:49:49 t_client.py:292 Received actions on device: cpu
DEBUG 2026-06-08 17:49:49 t_client.py:302 Actions kept on device: cpu
DEBUG 2026-06-08 17:49:49 t_client.py:477 Control loop (ms): 2.11
DEBUG 2026-06-08 17:49:49 t_client.py:477 Control loop (ms): 1.69
DEBUG 2026-06-08 17:49:49 t_client.py:477 Control loop (ms): 1.79
DEBUG 2026-06-08 17:49:50 follower.py:184 follower_right SOFollower read state: 2.0ms
DEBUG 2026-06-08 17:49:50 follower.py:191 follower_right SOFollower read wrist: 0.0ms
DEBUG 2026-06-08 17:49:50 follower.py:184 follower_left SOFollower read state: 1.6ms
DEBUG 2026-06-08 17:49:50 follower.py:191 follower_left SOFollower read wrist: 0.0ms
DEBUG 2026-06-08 17:49:50 t_client.py:198 Observation serialization time: 0.004863s
DEBUG 2026-06-08 17:49:50 ort/utils.py:54 [CLIENT] Observation Buffer size 4.395498275756836 MB with
DEBUG 2026-06-08 17:49:50 ort/utils.py:69 [CLIENT] Observation Sent 2097152/4609014 bytes with state 1
DEBUG 2026-06-08 17:49:50 ort/utils.py:69 [CLIENT] Observation Sent 4194304/4609014 bytes with state 2
DEBUG 2026-06-08 17:49:50 ort/utils.py:69 [CLIENT] Observation Sent 4609014/4609014 bytes with state 3
DEBUG 2026-06-08 17:49:50 ort/utils.py:71 [CLIENT] Observation Published 4.395498275756836 MB
DEBUG 2026-06-08 17:49:50 t_client.py:209 Sent observation #744 | 
DEBUG 2026-06-08 17:49:50 t_client.py:434 QUEUE SIZE: 8 (Must go: False)
DEBUG 2026-06-08 17:49:50 t_client.py:477 Control loop (ms): 197.26
DEBUG 2026-06-08 17:49:50 follower.py:184 follower_right SOFollower read state: 1.8ms
DEBUG 2026-06-08 17:49:50 follower.py:191 follower_right SOFollower read wrist: 0.0ms
DEBUG 2026-06-08 17:49:50 follower.py:184 follower_left SOFollower read state: 1.7ms
DEBUG 2026-06-08 17:49:50 follower.py:191 follower_left SOFollower read wrist: 0.0ms
DEBUG 2026-06-08 17:49:50 t_client.py:198 Observation serialization time: 0.005586s
DEBUG 2026-06-08 17:49:50 ort/utils.py:54 [CLIENT] Observation Buffer size 4.395498275756836 MB with
DEBUG 2026-06-08 17:49:50 ort/utils.py:69 [CLIENT] Observation Sent 2097152/4609014 bytes with state 1
DEBUG 2026-06-08 17:49:50 ort/utils.py:69 [CLIENT] Observation Sent 4194304/4609014 bytes with state 2
DEBUG 2026-06-08 17:49:50 ort/utils.py:69 [CLIENT] Observation Sent 4609014/4609014 bytes with state 3
DEBUG 2026-06-08 17:49:50 ort/utils.py:71 [CLIENT] Observation Published 4.395498275756836 MB
DEBUG 2026-06-08 17:49:50 t_client.py:292 Received actions on device: cpu
DEBUG 2026-06-08 17:49:50 t_client.py:302 Actions kept on device: cpu
DEBUG 2026-06-08 17:49:50 t_client.py:209 Sent observation #745 | 
DEBUG 2026-06-08 17:49:50 t_client.py:434 QUEUE SIZE: 7 (Must go: False)
DEBUG 2026-06-08 17:49:50 t_client.py:477 Control loop (ms): 223.64
DEBUG 2026-06-08 17:49:50 t_client.py:477 Control loop (ms): 1.83
DEBUG 2026-06-08 17:49:50 t_client.py:477 Control loop (ms): 2.06
DEBUG 2026-06-08 17:49:50 t_client.py:477 Control loop (ms): 2.07
DEBUG 2026-06-08 17:49:50 t_client.py:292 Received actions on device: cpu
DEBUG 2026-06-08 17:49:50 t_client.py:302 Actions kept on device: cpu
DEBUG 2026-06-08 17:49:50 t_client.py:477 Control loop (ms): 1.88
DEBUG 2026-06-08 17:49:50 t_client.py:477 Control loop (ms): 2.28
DEBUG 2026-06-08 17:49:50 t_client.py:477 Control loop (ms): 2.70
DEBUG 2026-06-08 17:49:50 follower.py:184 follower_right SOFollower read state: 1.9ms
DEBUG 2026-06-08 17:49:50 follower.py:191 follower_right SOFollower read wrist: 0.0ms
DEBUG 2026-06-08 17:49:50 follower.py:184 follower_left SOFollower read state: 2.3ms
DEBUG 2026-06-08 17:49:50 follower.py:191 follower_left SOFollower read wrist: 0.0ms
DEBUG 2026-06-08 17:49:50 t_client.py:198 Observation serialization time: 0.006780s
DEBUG 2026-06-08 17:49:50 ort/utils.py:54 [CLIENT] Observation Buffer size 4.395498275756836 MB with
DEBUG 2026-06-08 17:49:50 ort/utils.py:69 [CLIENT] Observation Sent 2097152/4609014 bytes with state 1
DEBUG 2026-06-08 17:49:50 ort/utils.py:69 [CLIENT] Observation Sent 4194304/4609014 bytes with state 2
DEBUG 2026-06-08 17:49:50 ort/utils.py:69 [CLIENT] Observation Sent 4609014/4609014 bytes with state 3
DEBUG 2026-06-08 17:49:50 ort/utils.py:71 [CLIENT] Observation Published 4.395498275756836 MB
DEBUG 2026-06-08 17:49:50 t_client.py:209 Sent observation #752 | 
DEBUG 2026-06-08 17:49:50 t_client.py:434 QUEUE SIZE: 8 (Must go: False)
DEBUG 2026-06-08 17:49:50 t_client.py:477 Control loop (ms): 225.79
DEBUG 2026-06-08 17:49:50 follower.py:184 follower_right SOFollower read state: 2.3ms
DEBUG 2026-06-08 17:49:50 follower.py:191 follower_right SOFollower read wrist: 0.1ms
DEBUG 2026-06-08 17:49:50 follower.py:184 follower_left SOFollower read state: 2.5ms
DEBUG 2026-06-08 17:49:50 follower.py:191 follower_left SOFollower read wrist: 0.0ms
DEBUG 2026-06-08 17:49:50 t_client.py:198 Observation serialization time: 0.011538s
DEBUG 2026-06-08 17:49:50 ort/utils.py:54 [CLIENT] Observation Buffer size 4.395498275756836 MB with
DEBUG 2026-06-08 17:49:50 ort/utils.py:69 [CLIENT] Observation Sent 2097152/4609014 bytes with state 1
DEBUG 2026-06-08 17:49:50 ort/utils.py:69 [CLIENT] Observation Sent 4194304/4609014 bytes with state 2
DEBUG 2026-06-08 17:49:50 ort/utils.py:69 [CLIENT] Observation Sent 4609014/4609014 bytes with state 3
DEBUG 2026-06-08 17:49:50 ort/utils.py:71 [CLIENT] Observation Published 4.395498275756836 MB
DEBUG 2026-06-08 17:49:50 t_client.py:292 Received actions on device: cpu
DEBUG 2026-06-08 17:49:50 t_client.py:302 Actions kept on device: cpu
DEBUG 2026-06-08 17:49:51 t_client.py:209 Sent observation #753 | 
DEBUG 2026-06-08 17:49:51 t_client.py:434 QUEUE SIZE: 7 (Must go: False)
DEBUG 2026-06-08 17:49:51 t_client.py:477 Control loop (ms): 203.14
DEBUG 2026-06-08 17:49:51 t_client.py:477 Control loop (ms): 1.60
DEBUG 2026-06-08 17:49:51 t_client.py:477 Control loop (ms): 1.36
DEBUG 2026-06-08 17:49:51 t_client.py:477 Control loop (ms): 1.17
DEBUG 2026-06-08 17:49:51 t_client.py:292 Received actions on device: cpu
DEBUG 2026-06-08 17:49:51 t_client.py:302 Actions kept on device: cpu
DEBUG 2026-06-08 17:49:51 t_client.py:477 Control loop (ms): 1.64
DEBUG 2026-06-08 17:49:51 t_client.py:477 Control loop (ms): 1.91
DEBUG 2026-06-08 17:49:51 t_client.py:477 Control loop (ms): 1.87
DEBUG 2026-06-08 17:49:51 follower.py:184 follower_right SOFollower read state: 2.0ms
DEBUG 2026-06-08 17:49:51 follower.py:191 follower_right SOFollower read wrist: 0.0ms
DEBUG 2026-06-08 17:49:51 follower.py:184 follower_left SOFollower read state: 2.2ms
DEBUG 2026-06-08 17:49:51 follower.py:191 follower_left SOFollower read wrist: 0.0ms
DEBUG 2026-06-08 17:49:51 t_client.py:198 Observation serialization time: 0.007276s
DEBUG 2026-06-08 17:49:51 ort/utils.py:54 [CLIENT] Observation Buffer size 4.395498275756836 MB with
DEBUG 2026-06-08 17:49:51 ort/utils.py:69 [CLIENT] Observation Sent 2097152/4609014 bytes with state 1
DEBUG 2026-06-08 17:49:51 ort/utils.py:69 [CLIENT] Observation Sent 4194304/4609014 bytes with state 2
DEBUG 2026-06-08 17:49:51 ort/utils.py:69 [CLIENT] Observation Sent 4609014/4609014 bytes with state 3
DEBUG 2026-06-08 17:49:51 ort/utils.py:71 [CLIENT] Observation Published 4.395498275756836 MB
DEBUG 2026-06-08 17:49:51 t_client.py:209 Sent observation #760 | 
DEBUG 2026-06-08 17:49:51 t_client.py:434 QUEUE SIZE: 8 (Must go: False)
DEBUG 2026-06-08 17:49:51 t_client.py:477 Control loop (ms): 110.20
DEBUG 2026-06-08 17:49:51 follower.py:184 follower_right SOFollower read state: 1.6ms
DEBUG 2026-06-08 17:49:51 follower.py:191 follower_right SOFollower read wrist: 0.0ms
DEBUG 2026-06-08 17:49:51 follower.py:184 follower_left SOFollower read state: 1.6ms
DEBUG 2026-06-08 17:49:51 follower.py:191 follower_left SOFollower read wrist: 0.0ms
DEBUG 2026-06-08 17:49:51 t_client.py:198 Observation serialization time: 0.003821s
DEBUG 2026-06-08 17:49:51 ort/utils.py:54 [CLIENT] Observation Buffer size 4.395498275756836 MB with
DEBUG 2026-06-08 17:49:51 ort/utils.py:69 [CLIENT] Observation Sent 2097152/4609014 bytes with state 1
DEBUG 2026-06-08 17:49:51 ort/utils.py:69 [CLIENT] Observation Sent 4194304/4609014 bytes with state 2
DEBUG 2026-06-08 17:49:51 ort/utils.py:69 [CLIENT] Observation Sent 4609014/4609014 bytes with state 3
DEBUG 2026-06-08 17:49:51 ort/utils.py:71 [CLIENT] Observation Published 4.395498275756836 MB
DEBUG 2026-06-08 17:49:51 t_client.py:292 Received actions on device: cpu
DEBUG 2026-06-08 17:49:51 t_client.py:302 Actions kept on device: cpu
DEBUG 2026-06-08 17:49:51 t_client.py:209 Sent observation #761 | 
DEBUG 2026-06-08 17:49:51 t_client.py:434 QUEUE SIZE: 7 (Must go: False)
DEBUG 2026-06-08 17:49:51 t_client.py:477 Control loop (ms): 115.92
DEBUG 2026-06-08 17:49:51 t_client.py:477 Control loop (ms): 2.22
DEBUG 2026-06-08 17:49:51 t_client.py:477 Control loop (ms): 1.87
DEBUG 2026-06-08 17:49:51 t_client.py:477 Control loop (ms): 3.12
DEBUG 2026-06-08 17:49:51 t_client.py:477 Control loop (ms): 2.63
DEBUG 2026-06-08 17:49:51 t_client.py:477 Control loop (ms): 2.63
DEBUG 2026-06-08 17:49:51 follower.py:184 follower_right SOFollower read state: 2.4ms
DEBUG 2026-06-08 17:49:51 follower.py:191 follower_right SOFollower read wrist: 0.3ms
DEBUG 2026-06-08 17:49:51 follower.py:184 follower_left SOFollower read state: 1.4ms
DEBUG 2026-06-08 17:49:51 follower.py:191 follower_left SOFollower read wrist: 0.0ms
DEBUG 2026-06-08 17:49:51 t_client.py:198 Observation serialization time: 0.003898s
DEBUG 2026-06-08 17:49:51 ort/utils.py:54 [CLIENT] Observation Buffer size 4.395498275756836 MB with
DEBUG 2026-06-08 17:49:51 ort/utils.py:69 [CLIENT] Observation Sent 2097152/4609014 bytes with state 1
DEBUG 2026-06-08 17:49:51 ort/utils.py:69 [CLIENT] Observation Sent 4194304/4609014 bytes with state 2
DEBUG 2026-06-08 17:49:51 ort/utils.py:69 [CLIENT] Observation Sent 4609014/4609014 bytes with state 3
DEBUG 2026-06-08 17:49:51 ort/utils.py:71 [CLIENT] Observation Published 4.395498275756836 MB
DEBUG 2026-06-08 17:49:51 t_client.py:209 Sent observation #767 | 
DEBUG 2026-06-08 17:49:51 t_client.py:434 QUEUE SIZE: 8 (Must go: False)
DEBUG 2026-06-08 17:49:51 t_client.py:477 Control loop (ms): 100.87
DEBUG 2026-06-08 17:49:51 follower.py:184 follower_right SOFollower read state: 1.6ms
DEBUG 2026-06-08 17:49:51 follower.py:191 follower_right SOFollower read wrist: 0.0ms
DEBUG 2026-06-08 17:49:51 follower.py:184 follower_left SOFollower read state: 1.7ms
DEBUG 2026-06-08 17:49:51 follower.py:191 follower_left SOFollower read wrist: 0.0ms
DEBUG 2026-06-08 17:49:51 t_client.py:198 Observation serialization time: 0.006871s
DEBUG 2026-06-08 17:49:51 ort/utils.py:54 [CLIENT] Observation Buffer size 4.395498275756836 MB with
DEBUG 2026-06-08 17:49:51 ort/utils.py:69 [CLIENT] Observation Sent 2097152/4609014 bytes with state 1
DEBUG 2026-06-08 17:49:51 ort/utils.py:69 [CLIENT] Observation Sent 4194304/4609014 bytes with state 2
DEBUG 2026-06-08 17:49:51 ort/utils.py:69 [CLIENT] Observation Sent 4609014/4609014 bytes with state 3
DEBUG 2026-06-08 17:49:51 ort/utils.py:71 [CLIENT] Observation Published 4.395498275756836 MB
DEBUG 2026-06-08 17:49:51 t_client.py:209 Sent observation #768 | 
DEBUG 2026-06-08 17:49:51 t_client.py:434 QUEUE SIZE: 7 (Must go: False)
DEBUG 2026-06-08 17:49:51 t_client.py:477 Control loop (ms): 108.15
DEBUG 2026-06-08 17:49:51 t_client.py:292 Received actions on device: cpu
DEBUG 2026-06-08 17:49:51 t_client.py:302 Actions kept on device: cpu
DEBUG 2026-06-08 17:49:51 t_client.py:477 Control loop (ms): 2.83
DEBUG 2026-06-08 17:49:51 t_client.py:477 Control loop (ms): 2.06
DEBUG 2026-06-08 17:49:51 t_client.py:477 Control loop (ms): 2.13
DEBUG 2026-06-08 17:49:51 t_client.py:477 Control loop (ms): 1.79
DEBUG 2026-06-08 17:49:51 t_client.py:477 Control loop (ms): 1.75
DEBUG 2026-06-08 17:49:52 t_client.py:477 Control loop (ms): 2.27
DEBUG 2026-06-08 17:49:52 follower.py:184 follower_right SOFollower read state: 2.5ms
DEBUG 2026-06-08 17:49:52 follower.py:191 follower_right SOFollower read wrist: 0.1ms
DEBUG 2026-06-08 17:49:52 follower.py:184 follower_left SOFollower read state: 2.3ms
DEBUG 2026-06-08 17:49:52 follower.py:191 follower_left SOFollower read wrist: 0.0ms
DEBUG 2026-06-08 17:49:52 t_client.py:198 Observation serialization time: 0.012636s
DEBUG 2026-06-08 17:49:52 ort/utils.py:54 [CLIENT] Observation Buffer size 4.395498275756836 MB with
DEBUG 2026-06-08 17:49:52 ort/utils.py:69 [CLIENT] Observation Sent 2097152/4609014 bytes with state 1
DEBUG 2026-06-08 17:49:52 ort/utils.py:69 [CLIENT] Observation Sent 4194304/4609014 bytes with state 2
DEBUG 2026-06-08 17:49:52 ort/utils.py:69 [CLIENT] Observation Sent 4609014/4609014 bytes with state 3
DEBUG 2026-06-08 17:49:52 ort/utils.py:71 [CLIENT] Observation Published 4.395498275756836 MB
DEBUG 2026-06-08 17:49:52 t_client.py:209 Sent observation #774 | 
DEBUG 2026-06-08 17:49:52 t_client.py:434 QUEUE SIZE: 8 (Must go: False)
DEBUG 2026-06-08 17:49:52 t_client.py:477 Control loop (ms): 123.39
DEBUG 2026-06-08 17:49:52 follower.py:184 follower_right SOFollower read state: 1.6ms
DEBUG 2026-06-08 17:49:52 follower.py:191 follower_right SOFollower read wrist: 0.0ms
DEBUG 2026-06-08 17:49:52 follower.py:184 follower_left SOFollower read state: 1.5ms
DEBUG 2026-06-08 17:49:52 follower.py:191 follower_left SOFollower read wrist: 0.0ms
DEBUG 2026-06-08 17:49:52 t_client.py:198 Observation serialization time: 0.003803s
DEBUG 2026-06-08 17:49:52 ort/utils.py:54 [CLIENT] Observation Buffer size 4.395498275756836 MB with
DEBUG 2026-06-08 17:49:52 ort/utils.py:69 [CLIENT] Observation Sent 2097152/4609014 bytes with state 1
DEBUG 2026-06-08 17:49:52 ort/utils.py:69 [CLIENT] Observation Sent 4194304/4609014 bytes with state 2
DEBUG 2026-06-08 17:49:52 ort/utils.py:69 [CLIENT] Observation Sent 4609014/4609014 bytes with state 3
DEBUG 2026-06-08 17:49:52 ort/utils.py:71 [CLIENT] Observation Published 4.395498275756836 MB
DEBUG 2026-06-08 17:49:52 t_client.py:292 Received actions on device: cpu
DEBUG 2026-06-08 17:49:52 t_client.py:302 Actions kept on device: cpu
DEBUG 2026-06-08 17:49:52 t_client.py:209 Sent observation #775 | 
DEBUG 2026-06-08 17:49:52 t_client.py:434 QUEUE SIZE: 7 (Must go: False)
DEBUG 2026-06-08 17:49:52 t_client.py:477 Control loop (ms): 152.79
DEBUG 2026-06-08 17:49:52 t_client.py:477 Control loop (ms): 1.82
DEBUG 2026-06-08 17:49:52 t_client.py:477 Control loop (ms): 2.03
DEBUG 2026-06-08 17:49:52 t_client.py:477 Control loop (ms): 2.16
DEBUG 2026-06-08 17:49:52 t_client.py:292 Received actions on device: cpu
DEBUG 2026-06-08 17:49:52 t_client.py:302 Actions kept on device: cpu
DEBUG 2026-06-08 17:49:52 t_client.py:477 Control loop (ms): 3.10
DEBUG 2026-06-08 17:49:52 t_client.py:477 Control loop (ms): 2.29
DEBUG 2026-06-08 17:49:52 t_client.py:477 Control loop (ms): 2.72
DEBUG 2026-06-08 17:49:52 t_client.py:477 Control loop (ms): 2.48
DEBUG 2026-06-08 17:49:52 follower.py:184 follower_right SOFollower read state: 2.8ms
DEBUG 2026-06-08 17:49:52 follower.py:191 follower_right SOFollower read wrist: 0.1ms
DEBUG 2026-06-08 17:49:52 follower.py:184 follower_left SOFollower read state: 2.8ms
DEBUG 2026-06-08 17:49:52 follower.py:191 follower_left SOFollower read wrist: 0.1ms
DEBUG 2026-06-08 17:49:52 t_client.py:198 Observation serialization time: 0.014269s
DEBUG 2026-06-08 17:49:52 ort/utils.py:54 [CLIENT] Observation Buffer size 4.395498275756836 MB with
DEBUG 2026-06-08 17:49:52 ort/utils.py:69 [CLIENT] Observation Sent 2097152/4609014 bytes with state 1
DEBUG 2026-06-08 17:49:52 ort/utils.py:69 [CLIENT] Observation Sent 4194304/4609014 bytes with state 2
DEBUG 2026-06-08 17:49:52 ort/utils.py:69 [CLIENT] Observation Sent 4609014/4609014 bytes with state 3
DEBUG 2026-06-08 17:49:52 ort/utils.py:71 [CLIENT] Observation Published 4.395498275756836 MB
DEBUG 2026-06-08 17:49:52 t_client.py:209 Sent observation #782 | 
DEBUG 2026-06-08 17:49:52 t_client.py:434 QUEUE SIZE: 8 (Must go: False)
DEBUG 2026-06-08 17:49:52 t_client.py:477 Control loop (ms): 149.75
DEBUG 2026-06-08 17:49:52 follower.py:184 follower_right SOFollower read state: 2.1ms
DEBUG 2026-06-08 17:49:52 follower.py:191 follower_right SOFollower read wrist: 0.0ms
DEBUG 2026-06-08 17:49:52 follower.py:184 follower_left SOFollower read state: 2.0ms
DEBUG 2026-06-08 17:49:52 follower.py:191 follower_left SOFollower read wrist: 0.0ms
DEBUG 2026-06-08 17:49:52 t_client.py:198 Observation serialization time: 0.011425s
DEBUG 2026-06-08 17:49:52 ort/utils.py:54 [CLIENT] Observation Buffer size 4.395498275756836 MB with
DEBUG 2026-06-08 17:49:52 ort/utils.py:69 [CLIENT] Observation Sent 2097152/4609014 bytes with state 1
DEBUG 2026-06-08 17:49:52 ort/utils.py:69 [CLIENT] Observation Sent 4194304/4609014 bytes with state 2
DEBUG 2026-06-08 17:49:52 ort/utils.py:69 [CLIENT] Observation Sent 4609014/4609014 bytes with state 3
DEBUG 2026-06-08 17:49:52 ort/utils.py:71 [CLIENT] Observation Published 4.395498275756836 MB
DEBUG 2026-06-08 17:49:52 t_client.py:292 Received actions on device: cpu
DEBUG 2026-06-08 17:49:52 t_client.py:302 Actions kept on device: cpu
DEBUG 2026-06-08 17:49:52 t_client.py:209 Sent observation #783 | 
DEBUG 2026-06-08 17:49:52 t_client.py:434 QUEUE SIZE: 7 (Must go: False)
DEBUG 2026-06-08 17:49:52 t_client.py:477 Control loop (ms): 138.32
DEBUG 2026-06-08 17:49:52 t_client.py:477 Control loop (ms): 1.46
DEBUG 2026-06-08 17:49:52 t_client.py:477 Control loop (ms): 1.83
DEBUG 2026-06-08 17:49:52 t_client.py:477 Control loop (ms): 1.82
DEBUG 2026-06-08 17:49:52 t_client.py:292 Received actions on device: cpu
DEBUG 2026-06-08 17:49:52 t_client.py:302 Actions kept on device: cpu
DEBUG 2026-06-08 17:49:52 t_client.py:477 Control loop (ms): 1.45
DEBUG 2026-06-08 17:49:53 t_client.py:477 Control loop (ms): 1.72
DEBUG 2026-06-08 17:49:53 t_client.py:477 Control loop (ms): 1.69
DEBUG 2026-06-08 17:49:53 follower.py:184 follower_right SOFollower read state: 1.7ms
DEBUG 2026-06-08 17:49:53 follower.py:191 follower_right SOFollower read wrist: 0.0ms
DEBUG 2026-06-08 17:49:53 follower.py:184 follower_left SOFollower read state: 1.7ms
DEBUG 2026-06-08 17:49:53 follower.py:191 follower_left SOFollower read wrist: 0.0ms
DEBUG 2026-06-08 17:49:53 t_client.py:198 Observation serialization time: 0.008014s
DEBUG 2026-06-08 17:49:53 ort/utils.py:54 [CLIENT] Observation Buffer size 4.395498275756836 MB with
DEBUG 2026-06-08 17:49:53 ort/utils.py:69 [CLIENT] Observation Sent 2097152/4609014 bytes with state 1
DEBUG 2026-06-08 17:49:53 ort/utils.py:69 [CLIENT] Observation Sent 4194304/4609014 bytes with state 2
DEBUG 2026-06-08 17:49:53 ort/utils.py:69 [CLIENT] Observation Sent 4609014/4609014 bytes with state 3
DEBUG 2026-06-08 17:49:53 ort/utils.py:71 [CLIENT] Observation Published 4.395498275756836 MB
DEBUG 2026-06-08 17:49:53 t_client.py:209 Sent observation #790 | 
DEBUG 2026-06-08 17:49:53 t_client.py:434 QUEUE SIZE: 8 (Must go: False)
DEBUG 2026-06-08 17:49:53 t_client.py:477 Control loop (ms): 162.92
DEBUG 2026-06-08 17:49:53 follower.py:184 follower_right SOFollower read state: 1.8ms
DEBUG 2026-06-08 17:49:53 follower.py:191 follower_right SOFollower read wrist: 0.0ms
DEBUG 2026-06-08 17:49:53 follower.py:184 follower_left SOFollower read state: 2.1ms
DEBUG 2026-06-08 17:49:53 follower.py:191 follower_left SOFollower read wrist: 0.0ms
DEBUG 2026-06-08 17:49:53 t_client.py:198 Observation serialization time: 0.005942s
DEBUG 2026-06-08 17:49:53 ort/utils.py:54 [CLIENT] Observation Buffer size 4.395498275756836 MB with
DEBUG 2026-06-08 17:49:53 ort/utils.py:69 [CLIENT] Observation Sent 2097152/4609014 bytes with state 1
DEBUG 2026-06-08 17:49:53 ort/utils.py:69 [CLIENT] Observation Sent 4194304/4609014 bytes with state 2
DEBUG 2026-06-08 17:49:53 ort/utils.py:69 [CLIENT] Observation Sent 4609014/4609014 bytes with state 3
DEBUG 2026-06-08 17:49:53 ort/utils.py:71 [CLIENT] Observation Published 4.395498275756836 MB
DEBUG 2026-06-08 17:49:53 t_client.py:292 Received actions on device: cpu
DEBUG 2026-06-08 17:49:53 t_client.py:302 Actions kept on device: cpu
DEBUG 2026-06-08 17:49:53 t_client.py:209 Sent observation #791 | 
DEBUG 2026-06-08 17:49:53 t_client.py:434 QUEUE SIZE: 7 (Must go: False)
DEBUG 2026-06-08 17:49:53 t_client.py:477 Control loop (ms): 139.70
DEBUG 2026-06-08 17:49:53 t_client.py:477 Control loop (ms): 1.69
DEBUG 2026-06-08 17:49:53 t_client.py:477 Control loop (ms): 1.45
DEBUG 2026-06-08 17:49:53 t_client.py:477 Control loop (ms): 1.84
DEBUG 2026-06-08 17:49:53 t_client.py:292 Received actions on device: cpu
DEBUG 2026-06-08 17:49:53 t_client.py:302 Actions kept on device: cpu
DEBUG 2026-06-08 17:49:53 t_client.py:477 Control loop (ms): 1.42
DEBUG 2026-06-08 17:49:53 t_client.py:477 Control loop (ms): 1.34
DEBUG 2026-06-08 17:49:53 t_client.py:477 Control loop (ms): 1.40
DEBUG 2026-06-08 17:49:53 t_client.py:477 Control loop (ms): 1.21
DEBUG 2026-06-08 17:49:53 follower.py:184 follower_right SOFollower read state: 1.9ms
DEBUG 2026-06-08 17:49:53 follower.py:191 follower_right SOFollower read wrist: 0.0ms
DEBUG 2026-06-08 17:49:53 follower.py:184 follower_left SOFollower read state: 2.0ms
DEBUG 2026-06-08 17:49:53 follower.py:191 follower_left SOFollower read wrist: 0.0ms
DEBUG 2026-06-08 17:49:53 t_client.py:198 Observation serialization time: 0.012199s
DEBUG 2026-06-08 17:49:53 ort/utils.py:54 [CLIENT] Observation Buffer size 4.395498275756836 MB with
DEBUG 2026-06-08 17:49:53 ort/utils.py:69 [CLIENT] Observation Sent 2097152/4609014 bytes with state 1
DEBUG 2026-06-08 17:49:53 ort/utils.py:69 [CLIENT] Observation Sent 4194304/4609014 bytes with state 2
DEBUG 2026-06-08 17:49:53 ort/utils.py:69 [CLIENT] Observation Sent 4609014/4609014 bytes with state 3
DEBUG 2026-06-08 17:49:53 ort/utils.py:71 [CLIENT] Observation Published 4.395498275756836 MB
DEBUG 2026-06-08 17:49:53 t_client.py:209 Sent observation #798 | 
DEBUG 2026-06-08 17:49:53 t_client.py:434 QUEUE SIZE: 8 (Must go: False)
DEBUG 2026-06-08 17:49:53 t_client.py:477 Control loop (ms): 134.20
DEBUG 2026-06-08 17:49:53 follower.py:184 follower_right SOFollower read state: 2.0ms
DEBUG 2026-06-08 17:49:53 follower.py:191 follower_right SOFollower read wrist: 0.0ms
DEBUG 2026-06-08 17:49:53 follower.py:184 follower_left SOFollower read state: 2.1ms
DEBUG 2026-06-08 17:49:53 follower.py:191 follower_left SOFollower read wrist: 0.0ms
DEBUG 2026-06-08 17:49:53 t_client.py:198 Observation serialization time: 0.009417s
DEBUG 2026-06-08 17:49:53 ort/utils.py:54 [CLIENT] Observation Buffer size 4.395498275756836 MB with
DEBUG 2026-06-08 17:49:53 ort/utils.py:69 [CLIENT] Observation Sent 2097152/4609014 bytes with state 1
DEBUG 2026-06-08 17:49:53 ort/utils.py:69 [CLIENT] Observation Sent 4194304/4609014 bytes with state 2
DEBUG 2026-06-08 17:49:53 ort/utils.py:69 [CLIENT] Observation Sent 4609014/4609014 bytes with state 3
DEBUG 2026-06-08 17:49:53 ort/utils.py:71 [CLIENT] Observation Published 4.395498275756836 MB
DEBUG 2026-06-08 17:49:53 t_client.py:292 Received actions on device: cpu
DEBUG 2026-06-08 17:49:53 t_client.py:302 Actions kept on device: cpu
DEBUG 2026-06-08 17:49:53 t_client.py:209 Sent observation #799 | 
DEBUG 2026-06-08 17:49:53 t_client.py:434 QUEUE SIZE: 7 (Must go: False)
DEBUG 2026-06-08 17:49:53 t_client.py:477 Control loop (ms): 147.04
DEBUG 2026-06-08 17:49:53 t_client.py:477 Control loop (ms): 1.75
DEBUG 2026-06-08 17:49:53 t_client.py:477 Control loop (ms): 1.52
DEBUG 2026-06-08 17:49:53 t_client.py:477 Control loop (ms): 1.48
DEBUG 2026-06-08 17:49:53 t_client.py:292 Received actions on device: cpu
DEBUG 2026-06-08 17:49:53 t_client.py:302 Actions kept on device: cpu
DEBUG 2026-06-08 17:49:53 t_client.py:477 Control loop (ms): 1.77
DEBUG 2026-06-08 17:49:54 t_client.py:477 Control loop (ms): 2.71
DEBUG 2026-06-08 17:49:54 t_client.py:477 Control loop (ms): 2.18
DEBUG 2026-06-08 17:49:54 follower.py:184 follower_right SOFollower read state: 2.0ms
DEBUG 2026-06-08 17:49:54 follower.py:191 follower_right SOFollower read wrist: 0.0ms
DEBUG 2026-06-08 17:49:54 follower.py:184 follower_left SOFollower read state: 2.0ms
DEBUG 2026-06-08 17:49:54 follower.py:191 follower_left SOFollower read wrist: 0.0ms
DEBUG 2026-06-08 17:49:54 t_client.py:198 Observation serialization time: 0.006955s
DEBUG 2026-06-08 17:49:54 ort/utils.py:54 [CLIENT] Observation Buffer size 4.395498275756836 MB with
DEBUG 2026-06-08 17:49:54 ort/utils.py:69 [CLIENT] Observation Sent 2097152/4609014 bytes with state 1
DEBUG 2026-06-08 17:49:54 ort/utils.py:69 [CLIENT] Observation Sent 4194304/4609014 bytes with state 2
DEBUG 2026-06-08 17:49:54 ort/utils.py:69 [CLIENT] Observation Sent 4609014/4609014 bytes with state 3
DEBUG 2026-06-08 17:49:54 ort/utils.py:71 [CLIENT] Observation Published 4.395498275756836 MB
DEBUG 2026-06-08 17:49:54 t_client.py:209 Sent observation #806 | 
DEBUG 2026-06-08 17:49:54 t_client.py:434 QUEUE SIZE: 8 (Must go: False)
DEBUG 2026-06-08 17:49:54 t_client.py:477 Control loop (ms): 145.14
DEBUG 2026-06-08 17:49:54 follower.py:184 follower_right SOFollower read state: 1.7ms
DEBUG 2026-06-08 17:49:54 follower.py:191 follower_right SOFollower read wrist: 0.0ms
DEBUG 2026-06-08 17:49:54 follower.py:184 follower_left SOFollower read state: 1.8ms
DEBUG 2026-06-08 17:49:54 follower.py:191 follower_left SOFollower read wrist: 0.0ms
DEBUG 2026-06-08 17:49:54 t_client.py:198 Observation serialization time: 0.008567s
DEBUG 2026-06-08 17:49:54 ort/utils.py:54 [CLIENT] Observation Buffer size 4.395498275756836 MB with
DEBUG 2026-06-08 17:49:54 ort/utils.py:69 [CLIENT] Observation Sent 2097152/4609014 bytes with state 1
DEBUG 2026-06-08 17:49:54 ort/utils.py:69 [CLIENT] Observation Sent 4194304/4609014 bytes with state 2
DEBUG 2026-06-08 17:49:54 ort/utils.py:69 [CLIENT] Observation Sent 4609014/4609014 bytes with state 3
DEBUG 2026-06-08 17:49:54 ort/utils.py:71 [CLIENT] Observation Published 4.395498275756836 MB
DEBUG 2026-06-08 17:49:54 t_client.py:209 Sent observation #807 | 
DEBUG 2026-06-08 17:49:54 t_client.py:434 QUEUE SIZE: 7 (Must go: False)
DEBUG 2026-06-08 17:49:54 t_client.py:477 Control loop (ms): 137.42
DEBUG 2026-06-08 17:49:54 follower.py:184 follower_right SOFollower read state: 4.0ms
DEBUG 2026-06-08 17:49:54 follower.py:191 follower_right SOFollower read wrist: 0.0ms
DEBUG 2026-06-08 17:49:54 follower.py:184 follower_left SOFollower read state: 9.4ms
DEBUG 2026-06-08 17:49:54 follower.py:191 follower_left SOFollower read wrist: 0.0ms
DEBUG 2026-06-08 17:49:54 t_client.py:198 Observation serialization time: 0.012919s
DEBUG 2026-06-08 17:49:54 ort/utils.py:54 [CLIENT] Observation Buffer size 4.395498275756836 MB with
DEBUG 2026-06-08 17:49:54 t_client.py:292 Received actions on device: cpu
DEBUG 2026-06-08 17:49:54 t_client.py:302 Actions kept on device: cpu
DEBUG 2026-06-08 17:49:54 ort/utils.py:69 [CLIENT] Observation Sent 2097152/4609014 bytes with state 1
DEBUG 2026-06-08 17:49:54 ort/utils.py:69 [CLIENT] Observation Sent 4194304/4609014 bytes with state 2
DEBUG 2026-06-08 17:49:54 ort/utils.py:69 [CLIENT] Observation Sent 4609014/4609014 bytes with state 3
DEBUG 2026-06-08 17:49:54 ort/utils.py:71 [CLIENT] Observation Published 4.395498275756836 MB
DEBUG 2026-06-08 17:49:54 t_client.py:209 Sent observation #808 | 
DEBUG 2026-06-08 17:49:54 t_client.py:434 QUEUE SIZE: 6 (Must go: False)
DEBUG 2026-06-08 17:49:54 t_client.py:477 Control loop (ms): 149.96
DEBUG 2026-06-08 17:49:54 t_client.py:477 Control loop (ms): 1.95
DEBUG 2026-06-08 17:49:54 t_client.py:477 Control loop (ms): 1.99
DEBUG 2026-06-08 17:49:54 t_client.py:477 Control loop (ms): 1.42
DEBUG 2026-06-08 17:49:54 t_client.py:292 Received actions on device: cpu
DEBUG 2026-06-08 17:49:54 t_client.py:302 Actions kept on device: cpu
DEBUG 2026-06-08 17:49:54 t_client.py:477 Control loop (ms): 2.52
DEBUG 2026-06-08 17:49:54 t_client.py:477 Control loop (ms): 1.75
DEBUG 2026-06-08 17:49:54 follower.py:184 follower_right SOFollower read state: 2.1ms
DEBUG 2026-06-08 17:49:54 follower.py:191 follower_right SOFollower read wrist: 0.0ms
DEBUG 2026-06-08 17:49:54 follower.py:184 follower_left SOFollower read state: 2.4ms
DEBUG 2026-06-08 17:49:54 follower.py:191 follower_left SOFollower read wrist: 0.0ms
DEBUG 2026-06-08 17:49:54 t_client.py:198 Observation serialization time: 0.009264s
DEBUG 2026-06-08 17:49:54 ort/utils.py:54 [CLIENT] Observation Buffer size 4.395498275756836 MB with
DEBUG 2026-06-08 17:49:54 ort/utils.py:69 [CLIENT] Observation Sent 2097152/4609014 bytes with state 1
DEBUG 2026-06-08 17:49:54 t_client.py:292 Received actions on device: cpu
DEBUG 2026-06-08 17:49:54 t_client.py:302 Actions kept on device: cpu
DEBUG 2026-06-08 17:49:54 ort/utils.py:69 [CLIENT] Observation Sent 4194304/4609014 bytes with state 2
DEBUG 2026-06-08 17:49:54 ort/utils.py:69 [CLIENT] Observation Sent 4609014/4609014 bytes with state 3
DEBUG 2026-06-08 17:49:54 ort/utils.py:71 [CLIENT] Observation Published 4.395498275756836 MB
DEBUG 2026-06-08 17:49:54 t_client.py:209 Sent observation #814 | 
DEBUG 2026-06-08 17:49:54 t_client.py:434 QUEUE SIZE: 8 (Must go: False)
DEBUG 2026-06-08 17:49:54 t_client.py:477 Control loop (ms): 131.05
DEBUG 2026-06-08 17:49:54 follower.py:184 follower_right SOFollower read state: 2.1ms
DEBUG 2026-06-08 17:49:54 follower.py:191 follower_right SOFollower read wrist: 0.0ms
DEBUG 2026-06-08 17:49:54 follower.py:184 follower_left SOFollower read state: 1.9ms
DEBUG 2026-06-08 17:49:54 follower.py:191 follower_left SOFollower read wrist: 0.0ms
DEBUG 2026-06-08 17:49:54 t_client.py:198 Observation serialization time: 0.010156s
DEBUG 2026-06-08 17:49:54 ort/utils.py:54 [CLIENT] Observation Buffer size 4.395498275756836 MB with
DEBUG 2026-06-08 17:49:54 ort/utils.py:69 [CLIENT] Observation Sent 2097152/4609014 bytes with state 1
DEBUG 2026-06-08 17:49:54 ort/utils.py:69 [CLIENT] Observation Sent 4194304/4609014 bytes with state 2
DEBUG 2026-06-08 17:49:54 ort/utils.py:69 [CLIENT] Observation Sent 4609014/4609014 bytes with state 3
DEBUG 2026-06-08 17:49:54 ort/utils.py:71 [CLIENT] Observation Published 4.395498275756836 MB
DEBUG 2026-06-08 17:49:54 t_client.py:209 Sent observation #815 | 
DEBUG 2026-06-08 17:49:54 t_client.py:434 QUEUE SIZE: 8 (Must go: False)
DEBUG 2026-06-08 17:49:54 t_client.py:477 Control loop (ms): 125.75
DEBUG 2026-06-08 17:49:54 t_client.py:292 Received actions on device: cpu
DEBUG 2026-06-08 17:49:54 follower.py:184 follower_right SOFollower read state: 3.0ms
DEBUG 2026-06-08 17:49:54 t_client.py:302 Actions kept on device: cpu
DEBUG 2026-06-08 17:49:54 follower.py:191 follower_right SOFollower read wrist: 0.1ms
DEBUG 2026-06-08 17:49:54 follower.py:184 follower_left SOFollower read state: 4.3ms
DEBUG 2026-06-08 17:49:54 follower.py:191 follower_left SOFollower read wrist: 0.0ms
DEBUG 2026-06-08 17:49:54 t_client.py:198 Observation serialization time: 0.013159s
DEBUG 2026-06-08 17:49:54 ort/utils.py:54 [CLIENT] Observation Buffer size 4.395498275756836 MB with
DEBUG 2026-06-08 17:49:54 ort/utils.py:69 [CLIENT] Observation Sent 2097152/4609014 bytes with state 1
DEBUG 2026-06-08 17:49:55 ort/utils.py:69 [CLIENT] Observation Sent 4194304/4609014 bytes with state 2
DEBUG 2026-06-08 17:49:55 ort/utils.py:69 [CLIENT] Observation Sent 4609014/4609014 bytes with state 3
DEBUG 2026-06-08 17:49:55 ort/utils.py:71 [CLIENT] Observation Published 4.395498275756836 MB
DEBUG 2026-06-08 17:49:55 t_client.py:209 Sent observation #816 | 
DEBUG 2026-06-08 17:49:55 t_client.py:434 QUEUE SIZE: 7 (Must go: False)
DEBUG 2026-06-08 17:49:55 t_client.py:477 Control loop (ms): 138.17
DEBUG 2026-06-08 17:49:55 t_client.py:477 Control loop (ms): 1.59
DEBUG 2026-06-08 17:49:55 t_client.py:477 Control loop (ms): 3.59
DEBUG 2026-06-08 17:49:55 t_client.py:292 Received actions on device: cpu
DEBUG 2026-06-08 17:49:55 t_client.py:302 Actions kept on device: cpu
DEBUG 2026-06-08 17:49:55 t_client.py:477 Control loop (ms): 2.48
DEBUG 2026-06-08 17:49:55 t_client.py:477 Control loop (ms): 2.35
DEBUG 2026-06-08 17:49:55 t_client.py:477 Control loop (ms): 1.46
DEBUG 2026-06-08 17:49:55 t_client.py:292 Received actions on device: cpu
DEBUG 2026-06-08 17:49:55 t_client.py:302 Actions kept on device: cpu
DEBUG 2026-06-08 17:49:55 t_client.py:477 Control loop (ms): 1.89
DEBUG 2026-06-08 17:49:55 follower.py:184 follower_right SOFollower read state: 2.1ms
DEBUG 2026-06-08 17:49:55 follower.py:191 follower_right SOFollower read wrist: 0.0ms
DEBUG 2026-06-08 17:49:55 follower.py:184 follower_left SOFollower read state: 2.0ms
DEBUG 2026-06-08 17:49:55 follower.py:191 follower_left SOFollower read wrist: 0.0ms
DEBUG 2026-06-08 17:49:55 t_client.py:198 Observation serialization time: 0.011427s
DEBUG 2026-06-08 17:49:55 ort/utils.py:54 [CLIENT] Observation Buffer size 4.395498275756836 MB with
DEBUG 2026-06-08 17:49:55 ort/utils.py:69 [CLIENT] Observation Sent 2097152/4609014 bytes with state 1
DEBUG 2026-06-08 17:49:55 ort/utils.py:69 [CLIENT] Observation Sent 4194304/4609014 bytes with state 2
DEBUG 2026-06-08 17:49:55 ort/utils.py:69 [CLIENT] Observation Sent 4609014/4609014 bytes with state 3
DEBUG 2026-06-08 17:49:55 ort/utils.py:71 [CLIENT] Observation Published 4.395498275756836 MB
DEBUG 2026-06-08 17:49:55 t_client.py:209 Sent observation #823 | 
DEBUG 2026-06-08 17:49:55 t_client.py:434 QUEUE SIZE: 8 (Must go: False)
DEBUG 2026-06-08 17:49:55 t_client.py:477 Control loop (ms): 124.36
DEBUG 2026-06-08 17:49:55 follower.py:184 follower_right SOFollower read state: 2.5ms
DEBUG 2026-06-08 17:49:55 follower.py:191 follower_right SOFollower read wrist: 0.0ms
DEBUG 2026-06-08 17:49:55 follower.py:184 follower_left SOFollower read state: 2.2ms
DEBUG 2026-06-08 17:49:55 follower.py:191 follower_left SOFollower read wrist: 0.0ms
DEBUG 2026-06-08 17:49:55 t_client.py:198 Observation serialization time: 0.008781s
DEBUG 2026-06-08 17:49:55 ort/utils.py:54 [CLIENT] Observation Buffer size 4.395498275756836 MB with
DEBUG 2026-06-08 17:49:55 ort/utils.py:69 [CLIENT] Observation Sent 2097152/4609014 bytes with state 1
DEBUG 2026-06-08 17:49:55 ort/utils.py:69 [CLIENT] Observation Sent 4194304/4609014 bytes with state 2
DEBUG 2026-06-08 17:49:55 ort/utils.py:69 [CLIENT] Observation Sent 4609014/4609014 bytes with state 3
DEBUG 2026-06-08 17:49:55 ort/utils.py:71 [CLIENT] Observation Published 4.395498275756836 MB
DEBUG 2026-06-08 17:49:55 t_client.py:292 Received actions on device: cpu
DEBUG 2026-06-08 17:49:55 t_client.py:302 Actions kept on device: cpu
DEBUG 2026-06-08 17:49:55 t_client.py:209 Sent observation #824 | 
DEBUG 2026-06-08 17:49:55 t_client.py:434 QUEUE SIZE: 7 (Must go: False)
DEBUG 2026-06-08 17:49:55 t_client.py:477 Control loop (ms): 140.69
DEBUG 2026-06-08 17:49:55 t_client.py:477 Control loop (ms): 2.05
DEBUG 2026-06-08 17:49:55 t_client.py:477 Control loop (ms): 2.18
DEBUG 2026-06-08 17:49:55 t_client.py:477 Control loop (ms): 1.98
DEBUG 2026-06-08 17:49:55 t_client.py:292 Received actions on device: cpu
DEBUG 2026-06-08 17:49:55 t_client.py:302 Actions kept on device: cpu
DEBUG 2026-06-08 17:49:55 t_client.py:477 Control loop (ms): 3.28
DEBUG 2026-06-08 17:49:55 t_client.py:477 Control loop (ms): 1.92
DEBUG 2026-06-08 17:49:55 t_client.py:477 Control loop (ms): 2.13
DEBUG 2026-06-08 17:49:55 t_client.py:477 Control loop (ms): 2.01
DEBUG 2026-06-08 17:49:55 t_client.py:477 Control loop (ms): 2.17
DEBUG 2026-06-08 17:49:55 follower.py:184 follower_right SOFollower read state: 2.3ms
DEBUG 2026-06-08 17:49:55 follower.py:191 follower_right SOFollower read wrist: 0.0ms
DEBUG 2026-06-08 17:49:55 follower.py:184 follower_left SOFollower read state: 2.2ms
DEBUG 2026-06-08 17:49:55 follower.py:191 follower_left SOFollower read wrist: 0.0ms
DEBUG 2026-06-08 17:49:55 t_client.py:198 Observation serialization time: 0.005665s
DEBUG 2026-06-08 17:49:55 ort/utils.py:54 [CLIENT] Observation Buffer size 4.395498275756836 MB with
DEBUG 2026-06-08 17:49:55 ort/utils.py:69 [CLIENT] Observation Sent 2097152/4609014 bytes with state 1
DEBUG 2026-06-08 17:49:55 ort/utils.py:69 [CLIENT] Observation Sent 4194304/4609014 bytes with state 2
DEBUG 2026-06-08 17:49:55 ort/utils.py:69 [CLIENT] Observation Sent 4609014/4609014 bytes with state 3
DEBUG 2026-06-08 17:49:55 ort/utils.py:71 [CLIENT] Observation Published 4.395498275756836 MB
DEBUG 2026-06-08 17:49:55 t_client.py:209 Sent observation #831 | 
DEBUG 2026-06-08 17:49:55 t_client.py:434 QUEUE SIZE: 8 (Must go: False)
DEBUG 2026-06-08 17:49:55 t_client.py:477 Control loop (ms): 115.96
DEBUG 2026-06-08 17:49:55 follower.py:184 follower_right SOFollower read state: 2.3ms
DEBUG 2026-06-08 17:49:55 follower.py:191 follower_right SOFollower read wrist: 0.0ms
DEBUG 2026-06-08 17:49:55 follower.py:184 follower_left SOFollower read state: 2.0ms
DEBUG 2026-06-08 17:49:55 follower.py:191 follower_left SOFollower read wrist: 0.0ms
DEBUG 2026-06-08 17:49:55 t_client.py:198 Observation serialization time: 0.005898s
DEBUG 2026-06-08 17:49:55 ort/utils.py:54 [CLIENT] Observation Buffer size 4.395498275756836 MB with
DEBUG 2026-06-08 17:49:55 ort/utils.py:69 [CLIENT] Observation Sent 2097152/4609014 bytes with state 1
DEBUG 2026-06-08 17:49:56 ort/utils.py:69 [CLIENT] Observation Sent 4194304/4609014 bytes with state 2
DEBUG 2026-06-08 17:49:56 ort/utils.py:69 [CLIENT] Observation Sent 4609014/4609014 bytes with state 3
DEBUG 2026-06-08 17:49:56 ort/utils.py:71 [CLIENT] Observation Published 4.395498275756836 MB
DEBUG 2026-06-08 17:49:56 t_client.py:292 Received actions on device: cpu
DEBUG 2026-06-08 17:49:56 t_client.py:302 Actions kept on device: cpu
DEBUG 2026-06-08 17:49:56 t_client.py:209 Sent observation #832 | 
DEBUG 2026-06-08 17:49:56 t_client.py:434 QUEUE SIZE: 7 (Must go: False)
DEBUG 2026-06-08 17:49:56 t_client.py:477 Control loop (ms): 163.95
DEBUG 2026-06-08 17:49:56 t_client.py:477 Control loop (ms): 1.78
DEBUG 2026-06-08 17:49:56 t_client.py:477 Control loop (ms): 1.58
DEBUG 2026-06-08 17:49:56 t_client.py:477 Control loop (ms): 2.00
DEBUG 2026-06-08 17:49:56 t_client.py:292 Received actions on device: cpu
DEBUG 2026-06-08 17:49:56 t_client.py:302 Actions kept on device: cpu
DEBUG 2026-06-08 17:49:56 t_client.py:477 Control loop (ms): 1.08
DEBUG 2026-06-08 17:49:56 t_client.py:477 Control loop (ms): 1.06
DEBUG 2026-06-08 17:49:56 t_client.py:477 Control loop (ms): 2.12
DEBUG 2026-06-08 17:49:56 follower.py:184 follower_right SOFollower read state: 2.1ms
DEBUG 2026-06-08 17:49:56 follower.py:191 follower_right SOFollower read wrist: 0.0ms
DEBUG 2026-06-08 17:49:56 follower.py:184 follower_left SOFollower read state: 2.2ms
DEBUG 2026-06-08 17:49:56 follower.py:191 follower_left SOFollower read wrist: 0.0ms
DEBUG 2026-06-08 17:49:56 t_client.py:198 Observation serialization time: 0.012499s
DEBUG 2026-06-08 17:49:56 ort/utils.py:54 [CLIENT] Observation Buffer size 4.395498275756836 MB with
DEBUG 2026-06-08 17:49:56 ort/utils.py:69 [CLIENT] Observation Sent 2097152/4609014 bytes with state 1
DEBUG 2026-06-08 17:49:56 ort/utils.py:69 [CLIENT] Observation Sent 4194304/4609014 bytes with state 2
DEBUG 2026-06-08 17:49:56 ort/utils.py:69 [CLIENT] Observation Sent 4609014/4609014 bytes with state 3
DEBUG 2026-06-08 17:49:56 ort/utils.py:71 [CLIENT] Observation Published 4.395498275756836 MB
DEBUG 2026-06-08 17:49:56 t_client.py:209 Sent observation #839 | 
DEBUG 2026-06-08 17:49:56 t_client.py:434 QUEUE SIZE: 8 (Must go: False)
DEBUG 2026-06-08 17:49:56 t_client.py:477 Control loop (ms): 148.97
DEBUG 2026-06-08 17:49:56 follower.py:184 follower_right SOFollower read state: 2.2ms
DEBUG 2026-06-08 17:49:56 follower.py:191 follower_right SOFollower read wrist: 0.0ms
DEBUG 2026-06-08 17:49:56 follower.py:184 follower_left SOFollower read state: 1.9ms
DEBUG 2026-06-08 17:49:56 follower.py:191 follower_left SOFollower read wrist: 0.0ms
DEBUG 2026-06-08 17:49:56 t_client.py:198 Observation serialization time: 0.008217s
DEBUG 2026-06-08 17:49:56 ort/utils.py:54 [CLIENT] Observation Buffer size 4.395498275756836 MB with
DEBUG 2026-06-08 17:49:56 ort/utils.py:69 [CLIENT] Observation Sent 2097152/4609014 bytes with state 1
DEBUG 2026-06-08 17:49:56 ort/utils.py:69 [CLIENT] Observation Sent 4194304/4609014 bytes with state 2
DEBUG 2026-06-08 17:49:56 ort/utils.py:69 [CLIENT] Observation Sent 4609014/4609014 bytes with state 3
DEBUG 2026-06-08 17:49:56 ort/utils.py:71 [CLIENT] Observation Published 4.395498275756836 MB
DEBUG 2026-06-08 17:49:56 t_client.py:292 Received actions on device: cpu
DEBUG 2026-06-08 17:49:56 t_client.py:302 Actions kept on device: cpu
DEBUG 2026-06-08 17:49:56 t_client.py:209 Sent observation #840 | 
DEBUG 2026-06-08 17:49:56 t_client.py:434 QUEUE SIZE: 7 (Must go: False)
DEBUG 2026-06-08 17:49:56 t_client.py:477 Control loop (ms): 121.40
DEBUG 2026-06-08 17:49:56 t_client.py:477 Control loop (ms): 1.24
DEBUG 2026-06-08 17:49:56 t_client.py:477 Control loop (ms): 2.06
DEBUG 2026-06-08 17:49:56 t_client.py:477 Control loop (ms): 2.79
DEBUG 2026-06-08 17:49:56 t_client.py:292 Received actions on device: cpu
DEBUG 2026-06-08 17:49:56 t_client.py:302 Actions kept on device: cpu
DEBUG 2026-06-08 17:49:56 t_client.py:477 Control loop (ms): 0.96
DEBUG 2026-06-08 17:49:56 t_client.py:477 Control loop (ms): 2.49
DEBUG 2026-06-08 17:49:56 t_client.py:477 Control loop (ms): 1.93
DEBUG 2026-06-08 17:49:56 follower.py:184 follower_right SOFollower read state: 2.4ms
DEBUG 2026-06-08 17:49:56 follower.py:191 follower_right SOFollower read wrist: 0.0ms
DEBUG 2026-06-08 17:49:56 follower.py:184 follower_left SOFollower read state: 1.9ms
DEBUG 2026-06-08 17:49:56 follower.py:191 follower_left SOFollower read wrist: 0.0ms
DEBUG 2026-06-08 17:49:56 t_client.py:198 Observation serialization time: 0.010072s
DEBUG 2026-06-08 17:49:56 ort/utils.py:54 [CLIENT] Observation Buffer size 4.395498275756836 MB with
DEBUG 2026-06-08 17:49:56 ort/utils.py:69 [CLIENT] Observation Sent 2097152/4609014 bytes with state 1
DEBUG 2026-06-08 17:49:56 ort/utils.py:69 [CLIENT] Observation Sent 4194304/4609014 bytes with state 2
DEBUG 2026-06-08 17:49:56 ort/utils.py:69 [CLIENT] Observation Sent 4609014/4609014 bytes with state 3
DEBUG 2026-06-08 17:49:56 ort/utils.py:71 [CLIENT] Observation Published 4.395498275756836 MB
DEBUG 2026-06-08 17:49:56 t_client.py:209 Sent observation #847 | 
DEBUG 2026-06-08 17:49:56 t_client.py:434 QUEUE SIZE: 8 (Must go: False)
DEBUG 2026-06-08 17:49:56 t_client.py:477 Control loop (ms): 136.69
DEBUG 2026-06-08 17:49:56 follower.py:184 follower_right SOFollower read state: 1.9ms
DEBUG 2026-06-08 17:49:56 follower.py:191 follower_right SOFollower read wrist: 0.0ms
DEBUG 2026-06-08 17:49:56 follower.py:184 follower_left SOFollower read state: 1.8ms
DEBUG 2026-06-08 17:49:56 follower.py:191 follower_left SOFollower read wrist: 0.0ms
DEBUG 2026-06-08 17:49:56 t_client.py:198 Observation serialization time: 0.008496s
DEBUG 2026-06-08 17:49:56 ort/utils.py:54 [CLIENT] Observation Buffer size 4.395498275756836 MB with
DEBUG 2026-06-08 17:49:56 ort/utils.py:69 [CLIENT] Observation Sent 2097152/4609014 bytes with state 1
DEBUG 2026-06-08 17:49:56 ort/utils.py:69 [CLIENT] Observation Sent 4194304/4609014 bytes with state 2
DEBUG 2026-06-08 17:49:56 ort/utils.py:69 [CLIENT] Observation Sent 4609014/4609014 bytes with state 3
DEBUG 2026-06-08 17:49:56 ort/utils.py:71 [CLIENT] Observation Published 4.395498275756836 MB
DEBUG 2026-06-08 17:49:57 t_client.py:292 Received actions on device: cpu
DEBUG 2026-06-08 17:49:57 t_client.py:302 Actions kept on device: cpu
DEBUG 2026-06-08 17:49:57 t_client.py:209 Sent observation #848 | 
DEBUG 2026-06-08 17:49:57 t_client.py:434 QUEUE SIZE: 7 (Must go: False)
DEBUG 2026-06-08 17:49:57 t_client.py:477 Control loop (ms): 133.63
DEBUG 2026-06-08 17:49:57 t_client.py:477 Control loop (ms): 1.92
DEBUG 2026-06-08 17:49:57 t_client.py:477 Control loop (ms): 2.11
DEBUG 2026-06-08 17:49:57 t_client.py:477 Control loop (ms): 2.15
DEBUG 2026-06-08 17:49:57 t_client.py:292 Received actions on device: cpu
DEBUG 2026-06-08 17:49:57 t_client.py:302 Actions kept on device: cpu
DEBUG 2026-06-08 17:49:57 t_client.py:477 Control loop (ms): 1.79
DEBUG 2026-06-08 17:49:57 t_client.py:477 Control loop (ms): 1.13
DEBUG 2026-06-08 17:49:57 t_client.py:477 Control loop (ms): 1.32
DEBUG 2026-06-08 17:49:57 follower.py:184 follower_right SOFollower read state: 2.9ms
DEBUG 2026-06-08 17:49:57 follower.py:191 follower_right SOFollower read wrist: 0.0ms
DEBUG 2026-06-08 17:49:57 follower.py:184 follower_left SOFollower read state: 2.1ms
DEBUG 2026-06-08 17:49:57 follower.py:191 follower_left SOFollower read wrist: 0.0ms
DEBUG 2026-06-08 17:49:57 t_client.py:198 Observation serialization time: 0.010176s
DEBUG 2026-06-08 17:49:57 ort/utils.py:54 [CLIENT] Observation Buffer size 4.395498275756836 MB with
DEBUG 2026-06-08 17:49:57 ort/utils.py:69 [CLIENT] Observation Sent 2097152/4609014 bytes with state 1
DEBUG 2026-06-08 17:49:57 ort/utils.py:69 [CLIENT] Observation Sent 4194304/4609014 bytes with state 2
DEBUG 2026-06-08 17:49:57 ort/utils.py:69 [CLIENT] Observation Sent 4609014/4609014 bytes with state 3
DEBUG 2026-06-08 17:49:57 ort/utils.py:71 [CLIENT] Observation Published 4.395498275756836 MB
DEBUG 2026-06-08 17:49:57 t_client.py:209 Sent observation #855 | 
DEBUG 2026-06-08 17:49:57 t_client.py:434 QUEUE SIZE: 8 (Must go: False)
DEBUG 2026-06-08 17:49:57 t_client.py:477 Control loop (ms): 167.25
DEBUG 2026-06-08 17:49:57 follower.py:184 follower_right SOFollower read state: 1.8ms
DEBUG 2026-06-08 17:49:57 follower.py:191 follower_right SOFollower read wrist: 0.0ms
DEBUG 2026-06-08 17:49:57 follower.py:184 follower_left SOFollower read state: 1.8ms
DEBUG 2026-06-08 17:49:57 follower.py:191 follower_left SOFollower read wrist: 0.0ms
DEBUG 2026-06-08 17:49:57 t_client.py:198 Observation serialization time: 0.007563s
DEBUG 2026-06-08 17:49:57 ort/utils.py:54 [CLIENT] Observation Buffer size 4.395498275756836 MB with
DEBUG 2026-06-08 17:49:57 ort/utils.py:69 [CLIENT] Observation Sent 2097152/4609014 bytes with state 1
DEBUG 2026-06-08 17:49:57 ort/utils.py:69 [CLIENT] Observation Sent 4194304/4609014 bytes with state 2
DEBUG 2026-06-08 17:49:57 ort/utils.py:69 [CLIENT] Observation Sent 4609014/4609014 bytes with state 3
DEBUG 2026-06-08 17:49:57 ort/utils.py:71 [CLIENT] Observation Published 4.395498275756836 MB
DEBUG 2026-06-08 17:49:57 t_client.py:209 Sent observation #856 | 
DEBUG 2026-06-08 17:49:57 t_client.py:434 QUEUE SIZE: 7 (Must go: False)
DEBUG 2026-06-08 17:49:57 t_client.py:477 Control loop (ms): 147.59
DEBUG 2026-06-08 17:49:57 follower.py:184 follower_right SOFollower read state: 2.9ms
DEBUG 2026-06-08 17:49:57 follower.py:191 follower_right SOFollower read wrist: 0.0ms
DEBUG 2026-06-08 17:49:57 follower.py:184 follower_left SOFollower read state: 2.7ms
DEBUG 2026-06-08 17:49:57 follower.py:191 follower_left SOFollower read wrist: 0.0ms
DEBUG 2026-06-08 17:49:57 t_client.py:198 Observation serialization time: 0.007399s
DEBUG 2026-06-08 17:49:57 ort/utils.py:54 [CLIENT] Observation Buffer size 4.395498275756836 MB with
DEBUG 2026-06-08 17:49:57 t_client.py:292 Received actions on device: cpu
DEBUG 2026-06-08 17:49:57 t_client.py:302 Actions kept on device: cpu
DEBUG 2026-06-08 17:49:57 ort/utils.py:69 [CLIENT] Observation Sent 2097152/4609014 bytes with state 1
DEBUG 2026-06-08 17:49:57 ort/utils.py:69 [CLIENT] Observation Sent 4194304/4609014 bytes with state 2
DEBUG 2026-06-08 17:49:57 ort/utils.py:69 [CLIENT] Observation Sent 4609014/4609014 bytes with state 3
DEBUG 2026-06-08 17:49:57 ort/utils.py:71 [CLIENT] Observation Published 4.395498275756836 MB
DEBUG 2026-06-08 17:49:57 t_client.py:209 Sent observation #857 | 
DEBUG 2026-06-08 17:49:57 t_client.py:434 QUEUE SIZE: 6 (Must go: False)
DEBUG 2026-06-08 17:49:57 t_client.py:477 Control loop (ms): 170.66
DEBUG 2026-06-08 17:49:57 t_client.py:477 Control loop (ms): 1.21
DEBUG 2026-06-08 17:49:57 t_client.py:292 Received actions on device: cpu
DEBUG 2026-06-08 17:49:57 t_client.py:302 Actions kept on device: cpu
DEBUG 2026-06-08 17:49:57 t_client.py:477 Control loop (ms): 2.15
DEBUG 2026-06-08 17:49:57 t_client.py:477 Control loop (ms): 1.13
DEBUG 2026-06-08 17:49:57 t_client.py:477 Control loop (ms): 2.14
DEBUG 2026-06-08 17:49:57 t_client.py:477 Control loop (ms): 1.97
DEBUG 2026-06-08 17:49:57 follower.py:184 follower_right SOFollower read state: 2.2ms
DEBUG 2026-06-08 17:49:57 follower.py:191 follower_right SOFollower read wrist: 0.0ms
DEBUG 2026-06-08 17:49:57 follower.py:184 follower_left SOFollower read state: 2.4ms
DEBUG 2026-06-08 17:49:57 follower.py:191 follower_left SOFollower read wrist: 0.0ms
DEBUG 2026-06-08 17:49:57 t_client.py:198 Observation serialization time: 0.009735s
DEBUG 2026-06-08 17:49:57 ort/utils.py:54 [CLIENT] Observation Buffer size 4.395498275756836 MB with
DEBUG 2026-06-08 17:49:57 ort/utils.py:69 [CLIENT] Observation Sent 2097152/4609014 bytes with state 1
DEBUG 2026-06-08 17:49:57 ort/utils.py:69 [CLIENT] Observation Sent 4194304/4609014 bytes with state 2
DEBUG 2026-06-08 17:49:57 ort/utils.py:69 [CLIENT] Observation Sent 4609014/4609014 bytes with state 3
DEBUG 2026-06-08 17:49:57 ort/utils.py:71 [CLIENT] Observation Published 4.395498275756836 MB
DEBUG 2026-06-08 17:49:58 t_client.py:209 Sent observation #863 | 
DEBUG 2026-06-08 17:49:58 t_client.py:434 QUEUE SIZE: 8 (Must go: False)
DEBUG 2026-06-08 17:49:58 t_client.py:477 Control loop (ms): 128.91
DEBUG 2026-06-08 17:49:58 follower.py:184 follower_right SOFollower read state: 2.0ms
DEBUG 2026-06-08 17:49:58 follower.py:191 follower_right SOFollower read wrist: 0.0ms
DEBUG 2026-06-08 17:49:58 follower.py:184 follower_left SOFollower read state: 2.4ms
DEBUG 2026-06-08 17:49:58 follower.py:191 follower_left SOFollower read wrist: 0.0ms
DEBUG 2026-06-08 17:49:58 t_client.py:198 Observation serialization time: 0.010673s
DEBUG 2026-06-08 17:49:58 ort/utils.py:54 [CLIENT] Observation Buffer size 4.395498275756836 MB with
DEBUG 2026-06-08 17:49:58 ort/utils.py:69 [CLIENT] Observation Sent 2097152/4609014 bytes with state 1
DEBUG 2026-06-08 17:49:58 ort/utils.py:69 [CLIENT] Observation Sent 4194304/4609014 bytes with state 2
DEBUG 2026-06-08 17:49:58 ort/utils.py:69 [CLIENT] Observation Sent 4609014/4609014 bytes with state 3
DEBUG 2026-06-08 17:49:58 ort/utils.py:71 [CLIENT] Observation Published 4.395498275756836 MB
DEBUG 2026-06-08 17:49:58 t_client.py:292 Received actions on device: cpu
DEBUG 2026-06-08 17:49:58 t_client.py:302 Actions kept on device: cpu
DEBUG 2026-06-08 17:49:58 t_client.py:209 Sent observation #864 | 
DEBUG 2026-06-08 17:49:58 t_client.py:434 QUEUE SIZE: 7 (Must go: False)
DEBUG 2026-06-08 17:49:58 t_client.py:477 Control loop (ms): 155.99
DEBUG 2026-06-08 17:49:58 t_client.py:477 Control loop (ms): 1.07
DEBUG 2026-06-08 17:49:58 t_client.py:477 Control loop (ms): 2.83
DEBUG 2026-06-08 17:49:58 t_client.py:477 Control loop (ms): 2.04
DEBUG 2026-06-08 17:49:58 t_client.py:292 Received actions on device: cpu
DEBUG 2026-06-08 17:49:58 t_client.py:302 Actions kept on device: cpu
DEBUG 2026-06-08 17:49:58 t_client.py:477 Control loop (ms): 2.31
DEBUG 2026-06-08 17:49:58 t_client.py:477 Control loop (ms): 2.07
DEBUG 2026-06-08 17:49:58 t_client.py:477 Control loop (ms): 2.23
DEBUG 2026-06-08 17:49:58 follower.py:184 follower_right SOFollower read state: 2.4ms
DEBUG 2026-06-08 17:49:58 follower.py:191 follower_right SOFollower read wrist: 0.0ms
DEBUG 2026-06-08 17:49:58 follower.py:184 follower_left SOFollower read state: 2.4ms
DEBUG 2026-06-08 17:49:58 follower.py:191 follower_left SOFollower read wrist: 0.0ms
DEBUG 2026-06-08 17:49:58 t_client.py:198 Observation serialization time: 0.010158s
DEBUG 2026-06-08 17:49:58 ort/utils.py:54 [CLIENT] Observation Buffer size 4.395498275756836 MB with
DEBUG 2026-06-08 17:49:58 ort/utils.py:69 [CLIENT] Observation Sent 2097152/4609014 bytes with state 1
DEBUG 2026-06-08 17:49:58 ort/utils.py:69 [CLIENT] Observation Sent 4194304/4609014 bytes with state 2
DEBUG 2026-06-08 17:49:58 ort/utils.py:69 [CLIENT] Observation Sent 4609014/4609014 bytes with state 3
DEBUG 2026-06-08 17:49:58 ort/utils.py:71 [CLIENT] Observation Published 4.395498275756836 MB
DEBUG 2026-06-08 17:49:58 t_client.py:209 Sent observation #871 | 
DEBUG 2026-06-08 17:49:58 t_client.py:434 QUEUE SIZE: 8 (Must go: False)
DEBUG 2026-06-08 17:49:58 t_client.py:477 Control loop (ms): 149.71
DEBUG 2026-06-08 17:49:58 follower.py:184 follower_right SOFollower read state: 2.6ms
DEBUG 2026-06-08 17:49:58 follower.py:191 follower_right SOFollower read wrist: 0.1ms
DEBUG 2026-06-08 17:49:58 follower.py:184 follower_left SOFollower read state: 2.5ms
DEBUG 2026-06-08 17:49:58 follower.py:191 follower_left SOFollower read wrist: 0.0ms
DEBUG 2026-06-08 17:49:58 t_client.py:198 Observation serialization time: 0.011749s
DEBUG 2026-06-08 17:49:58 ort/utils.py:54 [CLIENT] Observation Buffer size 4.395498275756836 MB with
DEBUG 2026-06-08 17:49:58 ort/utils.py:69 [CLIENT] Observation Sent 2097152/4609014 bytes with state 1
DEBUG 2026-06-08 17:49:58 ort/utils.py:69 [CLIENT] Observation Sent 4194304/4609014 bytes with state 2
DEBUG 2026-06-08 17:49:58 ort/utils.py:69 [CLIENT] Observation Sent 4609014/4609014 bytes with state 3
DEBUG 2026-06-08 17:49:58 ort/utils.py:71 [CLIENT] Observation Published 4.395498275756836 MB
DEBUG 2026-06-08 17:49:58 t_client.py:292 Received actions on device: cpu
DEBUG 2026-06-08 17:49:58 t_client.py:302 Actions kept on device: cpu
DEBUG 2026-06-08 17:49:58 t_client.py:209 Sent observation #872 | 
DEBUG 2026-06-08 17:49:58 t_client.py:434 QUEUE SIZE: 7 (Must go: False)
DEBUG 2026-06-08 17:49:58 t_client.py:477 Control loop (ms): 158.23
DEBUG 2026-06-08 17:49:58 t_client.py:477 Control loop (ms): 2.93
DEBUG 2026-06-08 17:49:58 t_client.py:477 Control loop (ms): 2.14
DEBUG 2026-06-08 17:49:58 t_client.py:477 Control loop (ms): 1.68
DEBUG 2026-06-08 17:49:58 t_client.py:292 Received actions on device: cpu
DEBUG 2026-06-08 17:49:58 t_client.py:302 Actions kept on device: cpu
DEBUG 2026-06-08 17:49:58 t_client.py:477 Control loop (ms): 1.35
DEBUG 2026-06-08 17:49:58 t_client.py:477 Control loop (ms): 1.39
DEBUG 2026-06-08 17:49:58 t_client.py:477 Control loop (ms): 1.70
DEBUG 2026-06-08 17:49:58 follower.py:184 follower_right SOFollower read state: 2.3ms
DEBUG 2026-06-08 17:49:58 follower.py:191 follower_right SOFollower read wrist: 0.0ms
DEBUG 2026-06-08 17:49:58 follower.py:184 follower_left SOFollower read state: 2.5ms
DEBUG 2026-06-08 17:49:58 follower.py:191 follower_left SOFollower read wrist: 0.0ms
DEBUG 2026-06-08 17:49:58 t_client.py:198 Observation serialization time: 0.009241s
DEBUG 2026-06-08 17:49:58 ort/utils.py:54 [CLIENT] Observation Buffer size 4.395498275756836 MB with
DEBUG 2026-06-08 17:49:58 ort/utils.py:69 [CLIENT] Observation Sent 2097152/4609014 bytes with state 1
DEBUG 2026-06-08 17:49:58 ort/utils.py:69 [CLIENT] Observation Sent 4194304/4609014 bytes with state 2
DEBUG 2026-06-08 17:49:58 ort/utils.py:69 [CLIENT] Observation Sent 4609014/4609014 bytes with state 3
DEBUG 2026-06-08 17:49:58 ort/utils.py:71 [CLIENT] Observation Published 4.395498275756836 MB
DEBUG 2026-06-08 17:49:59 t_client.py:209 Sent observation #879 | 
DEBUG 2026-06-08 17:49:59 t_client.py:434 QUEUE SIZE: 8 (Must go: False)
DEBUG 2026-06-08 17:49:59 t_client.py:477 Control loop (ms): 125.96
DEBUG 2026-06-08 17:49:59 follower.py:184 follower_right SOFollower read state: 1.8ms
DEBUG 2026-06-08 17:49:59 follower.py:191 follower_right SOFollower read wrist: 0.0ms
DEBUG 2026-06-08 17:49:59 follower.py:184 follower_left SOFollower read state: 1.7ms
DEBUG 2026-06-08 17:49:59 follower.py:191 follower_left SOFollower read wrist: 0.0ms
DEBUG 2026-06-08 17:49:59 t_client.py:198 Observation serialization time: 0.008778s
DEBUG 2026-06-08 17:49:59 ort/utils.py:54 [CLIENT] Observation Buffer size 4.395498275756836 MB with
DEBUG 2026-06-08 17:49:59 ort/utils.py:69 [CLIENT] Observation Sent 2097152/4609014 bytes with state 1
DEBUG 2026-06-08 17:49:59 ort/utils.py:69 [CLIENT] Observation Sent 4194304/4609014 bytes with state 2
DEBUG 2026-06-08 17:49:59 ort/utils.py:69 [CLIENT] Observation Sent 4609014/4609014 bytes with state 3
DEBUG 2026-06-08 17:49:59 ort/utils.py:71 [CLIENT] Observation Published 4.395498275756836 MB
DEBUG 2026-06-08 17:49:59 t_client.py:209 Sent observation #880 | 
DEBUG 2026-06-08 17:49:59 t_client.py:434 QUEUE SIZE: 7 (Must go: False)
DEBUG 2026-06-08 17:49:59 t_client.py:477 Control loop (ms): 155.45
DEBUG 2026-06-08 17:49:59 t_client.py:292 Received actions on device: cpu
DEBUG 2026-06-08 17:49:59 follower.py:184 follower_right SOFollower read state: 1.9ms
DEBUG 2026-06-08 17:49:59 t_client.py:302 Actions kept on device: cpu
DEBUG 2026-06-08 17:49:59 follower.py:191 follower_right SOFollower read wrist: 0.0ms
DEBUG 2026-06-08 17:49:59 follower.py:184 follower_left SOFollower read state: 1.8ms
DEBUG 2026-06-08 17:49:59 follower.py:191 follower_left SOFollower read wrist: 0.0ms
DEBUG 2026-06-08 17:49:59 t_client.py:198 Observation serialization time: 0.006504s
DEBUG 2026-06-08 17:49:59 ort/utils.py:54 [CLIENT] Observation Buffer size 4.395498275756836 MB with
DEBUG 2026-06-08 17:49:59 ort/utils.py:69 [CLIENT] Observation Sent 2097152/4609014 bytes with state 1
DEBUG 2026-06-08 17:49:59 ort/utils.py:69 [CLIENT] Observation Sent 4194304/4609014 bytes with state 2
DEBUG 2026-06-08 17:49:59 ort/utils.py:69 [CLIENT] Observation Sent 4609014/4609014 bytes with state 3
DEBUG 2026-06-08 17:49:59 ort/utils.py:71 [CLIENT] Observation Published 4.395498275756836 MB
DEBUG 2026-06-08 17:49:59 t_client.py:209 Sent observation #881 | 
DEBUG 2026-06-08 17:49:59 t_client.py:434 QUEUE SIZE: 13 (Must go: False)
DEBUG 2026-06-08 17:49:59 t_client.py:477 Control loop (ms): 171.58
DEBUG 2026-06-08 17:49:59 t_client.py:477 Control loop (ms): 3.19
DEBUG 2026-06-08 17:49:59 t_client.py:292 Received actions on device: cpu
DEBUG 2026-06-08 17:49:59 t_client.py:302 Actions kept on device: cpu
DEBUG 2026-06-08 17:49:59 t_client.py:477 Control loop (ms): 2.25
DEBUG 2026-06-08 17:49:59 t_client.py:477 Control loop (ms): 2.16
DEBUG 2026-06-08 17:49:59 t_client.py:477 Control loop (ms): 2.52
DEBUG 2026-06-08 17:49:59 t_client.py:477 Control loop (ms): 2.46
DEBUG 2026-06-08 17:49:59 follower.py:184 follower_right SOFollower read state: 2.4ms
DEBUG 2026-06-08 17:49:59 follower.py:191 follower_right SOFollower read wrist: 0.1ms
DEBUG 2026-06-08 17:49:59 follower.py:184 follower_left SOFollower read state: 2.7ms
DEBUG 2026-06-08 17:49:59 follower.py:191 follower_left SOFollower read wrist: 0.1ms
DEBUG 2026-06-08 17:49:59 t_client.py:198 Observation serialization time: 0.010530s
DEBUG 2026-06-08 17:49:59 ort/utils.py:54 [CLIENT] Observation Buffer size 4.395498275756836 MB with
DEBUG 2026-06-08 17:49:59 ort/utils.py:69 [CLIENT] Observation Sent 2097152/4609014 bytes with state 1
DEBUG 2026-06-08 17:49:59 ort/utils.py:69 [CLIENT] Observation Sent 4194304/4609014 bytes with state 2
DEBUG 2026-06-08 17:49:59 ort/utils.py:69 [CLIENT] Observation Sent 4609014/4609014 bytes with state 3
DEBUG 2026-06-08 17:49:59 ort/utils.py:71 [CLIENT] Observation Published 4.395498275756836 MB
DEBUG 2026-06-08 17:49:59 t_client.py:209 Sent observation #887 | 
DEBUG 2026-06-08 17:49:59 t_client.py:434 QUEUE SIZE: 8 (Must go: False)
DEBUG 2026-06-08 17:49:59 t_client.py:477 Control loop (ms): 129.39
DEBUG 2026-06-08 17:49:59 follower.py:184 follower_right SOFollower read state: 1.8ms
DEBUG 2026-06-08 17:49:59 follower.py:191 follower_right SOFollower read wrist: 0.0ms
DEBUG 2026-06-08 17:49:59 follower.py:184 follower_left SOFollower read state: 1.5ms
DEBUG 2026-06-08 17:49:59 follower.py:191 follower_left SOFollower read wrist: 0.0ms
DEBUG 2026-06-08 17:49:59 t_client.py:198 Observation serialization time: 0.004531s
DEBUG 2026-06-08 17:49:59 ort/utils.py:54 [CLIENT] Observation Buffer size 4.395498275756836 MB with
DEBUG 2026-06-08 17:49:59 ort/utils.py:69 [CLIENT] Observation Sent 2097152/4609014 bytes with state 1
DEBUG 2026-06-08 17:49:59 ort/utils.py:69 [CLIENT] Observation Sent 4194304/4609014 bytes with state 2
DEBUG 2026-06-08 17:49:59 ort/utils.py:69 [CLIENT] Observation Sent 4609014/4609014 bytes with state 3
DEBUG 2026-06-08 17:49:59 ort/utils.py:71 [CLIENT] Observation Published 4.395498275756836 MB
DEBUG 2026-06-08 17:49:59 t_client.py:292 Received actions on device: cpu
DEBUG 2026-06-08 17:49:59 t_client.py:302 Actions kept on device: cpu
DEBUG 2026-06-08 17:49:59 t_client.py:209 Sent observation #888 | 
DEBUG 2026-06-08 17:49:59 t_client.py:434 QUEUE SIZE: 7 (Must go: False)
DEBUG 2026-06-08 17:49:59 t_client.py:477 Control loop (ms): 139.56
DEBUG 2026-06-08 17:49:59 t_client.py:477 Control loop (ms): 1.94
DEBUG 2026-06-08 17:49:59 t_client.py:477 Control loop (ms): 1.94
DEBUG 2026-06-08 17:49:59 t_client.py:477 Control loop (ms): 2.51
DEBUG 2026-06-08 17:49:59 t_client.py:292 Received actions on device: cpu
DEBUG 2026-06-08 17:49:59 t_client.py:302 Actions kept on device: cpu
DEBUG 2026-06-08 17:49:59 t_client.py:477 Control loop (ms): 2.53
DEBUG 2026-06-08 17:49:59 t_client.py:477 Control loop (ms): 1.33
DEBUG 2026-06-08 17:49:59 t_client.py:477 Control loop (ms): 2.21
DEBUG 2026-06-08 17:49:59 t_client.py:477 Control loop (ms): 2.30
DEBUG 2026-06-08 17:50:00 follower.py:184 follower_right SOFollower read state: 2.0ms
DEBUG 2026-06-08 17:50:00 follower.py:191 follower_right SOFollower read wrist: 0.0ms
DEBUG 2026-06-08 17:50:00 follower.py:184 follower_left SOFollower read state: 1.8ms
DEBUG 2026-06-08 17:50:00 follower.py:191 follower_left SOFollower read wrist: 0.0ms
DEBUG 2026-06-08 17:50:00 t_client.py:198 Observation serialization time: 0.008435s
DEBUG 2026-06-08 17:50:00 ort/utils.py:54 [CLIENT] Observation Buffer size 4.395498275756836 MB with
DEBUG 2026-06-08 17:50:00 ort/utils.py:69 [CLIENT] Observation Sent 2097152/4609014 bytes with state 1
DEBUG 2026-06-08 17:50:00 ort/utils.py:69 [CLIENT] Observation Sent 4194304/4609014 bytes with state 2
DEBUG 2026-06-08 17:50:00 ort/utils.py:69 [CLIENT] Observation Sent 4609014/4609014 bytes with state 3
DEBUG 2026-06-08 17:50:00 ort/utils.py:71 [CLIENT] Observation Published 4.395498275756836 MB
DEBUG 2026-06-08 17:50:00 t_client.py:209 Sent observation #895 | 
DEBUG 2026-06-08 17:50:00 t_client.py:434 QUEUE SIZE: 8 (Must go: False)
DEBUG 2026-06-08 17:50:00 t_client.py:477 Control loop (ms): 137.86
DEBUG 2026-06-08 17:50:00 follower.py:184 follower_right SOFollower read state: 1.3ms
DEBUG 2026-06-08 17:50:00 follower.py:191 follower_right SOFollower read wrist: 0.0ms
DEBUG 2026-06-08 17:50:00 follower.py:184 follower_left SOFollower read state: 1.5ms
DEBUG 2026-06-08 17:50:00 follower.py:191 follower_left SOFollower read wrist: 0.0ms
DEBUG 2026-06-08 17:50:00 t_client.py:198 Observation serialization time: 0.005370s
DEBUG 2026-06-08 17:50:00 ort/utils.py:54 [CLIENT] Observation Buffer size 4.395498275756836 MB with
DEBUG 2026-06-08 17:50:00 ort/utils.py:69 [CLIENT] Observation Sent 2097152/4609014 bytes with state 1
DEBUG 2026-06-08 17:50:00 ort/utils.py:69 [CLIENT] Observation Sent 4194304/4609014 bytes with state 2
DEBUG 2026-06-08 17:50:00 ort/utils.py:69 [CLIENT] Observation Sent 4609014/4609014 bytes with state 3
DEBUG 2026-06-08 17:50:00 ort/utils.py:71 [CLIENT] Observation Published 4.395498275756836 MB
DEBUG 2026-06-08 17:50:00 t_client.py:292 Received actions on device: cpu
DEBUG 2026-06-08 17:50:00 t_client.py:302 Actions kept on device: cpu
DEBUG 2026-06-08 17:50:00 t_client.py:209 Sent observation #896 | 
DEBUG 2026-06-08 17:50:00 t_client.py:434 QUEUE SIZE: 7 (Must go: False)
DEBUG 2026-06-08 17:50:00 t_client.py:477 Control loop (ms): 155.79
DEBUG 2026-06-08 17:50:00 t_client.py:477 Control loop (ms): 1.89
DEBUG 2026-06-08 17:50:00 t_client.py:477 Control loop (ms): 2.33
DEBUG 2026-06-08 17:50:00 t_client.py:477 Control loop (ms): 2.98
DEBUG 2026-06-08 17:50:00 t_client.py:292 Received actions on device: cpu
DEBUG 2026-06-08 17:50:00 t_client.py:302 Actions kept on device: cpu
DEBUG 2026-06-08 17:50:00 t_client.py:477 Control loop (ms): 2.11
DEBUG 2026-06-08 17:50:00 t_client.py:477 Control loop (ms): 2.10
DEBUG 2026-06-08 17:50:00 t_client.py:477 Control loop (ms): 3.12
DEBUG 2026-06-08 17:50:00 follower.py:184 follower_right SOFollower read state: 1.9ms
DEBUG 2026-06-08 17:50:00 follower.py:191 follower_right SOFollower read wrist: 0.0ms
DEBUG 2026-06-08 17:50:00 follower.py:184 follower_left SOFollower read state: 2.0ms
DEBUG 2026-06-08 17:50:00 follower.py:191 follower_left SOFollower read wrist: 0.0ms
DEBUG 2026-06-08 17:50:00 t_client.py:198 Observation serialization time: 0.005267s
DEBUG 2026-06-08 17:50:00 ort/utils.py:54 [CLIENT] Observation Buffer size 4.395498275756836 MB with
DEBUG 2026-06-08 17:50:00 ort/utils.py:69 [CLIENT] Observation Sent 2097152/4609014 bytes with state 1
DEBUG 2026-06-08 17:50:00 ort/utils.py:69 [CLIENT] Observation Sent 4194304/4609014 bytes with state 2
DEBUG 2026-06-08 17:50:00 ort/utils.py:69 [CLIENT] Observation Sent 4609014/4609014 bytes with state 3
DEBUG 2026-06-08 17:50:00 ort/utils.py:71 [CLIENT] Observation Published 4.395498275756836 MB
DEBUG 2026-06-08 17:50:00 t_client.py:209 Sent observation #903 | 
DEBUG 2026-06-08 17:50:00 t_client.py:434 QUEUE SIZE: 8 (Must go: False)
DEBUG 2026-06-08 17:50:00 t_client.py:477 Control loop (ms): 125.37
DEBUG 2026-06-08 17:50:00 follower.py:184 follower_right SOFollower read state: 1.7ms
DEBUG 2026-06-08 17:50:00 follower.py:191 follower_right SOFollower read wrist: 0.0ms
DEBUG 2026-06-08 17:50:00 follower.py:184 follower_left SOFollower read state: 1.7ms
DEBUG 2026-06-08 17:50:00 follower.py:191 follower_left SOFollower read wrist: 0.0ms
DEBUG 2026-06-08 17:50:00 t_client.py:198 Observation serialization time: 0.007253s
DEBUG 2026-06-08 17:50:00 ort/utils.py:54 [CLIENT] Observation Buffer size 4.395498275756836 MB with
DEBUG 2026-06-08 17:50:00 ort/utils.py:69 [CLIENT] Observation Sent 2097152/4609014 bytes with state 1
DEBUG 2026-06-08 17:50:00 ort/utils.py:69 [CLIENT] Observation Sent 4194304/4609014 bytes with state 2
DEBUG 2026-06-08 17:50:00 ort/utils.py:69 [CLIENT] Observation Sent 4609014/4609014 bytes with state 3
DEBUG 2026-06-08 17:50:00 ort/utils.py:71 [CLIENT] Observation Published 4.395498275756836 MB
DEBUG 2026-06-08 17:50:00 t_client.py:292 Received actions on device: cpu
DEBUG 2026-06-08 17:50:00 t_client.py:302 Actions kept on device: cpu
DEBUG 2026-06-08 17:50:00 t_client.py:209 Sent observation #904 | 
DEBUG 2026-06-08 17:50:00 t_client.py:434 QUEUE SIZE: 7 (Must go: False)
DEBUG 2026-06-08 17:50:00 t_client.py:477 Control loop (ms): 150.80
DEBUG 2026-06-08 17:50:00 t_client.py:477 Control loop (ms): 1.60
DEBUG 2026-06-08 17:50:00 t_client.py:477 Control loop (ms): 2.07
DEBUG 2026-06-08 17:50:00 t_client.py:477 Control loop (ms): 2.22
DEBUG 2026-06-08 17:50:00 t_client.py:292 Received actions on device: cpu
DEBUG 2026-06-08 17:50:00 t_client.py:302 Actions kept on device: cpu
DEBUG 2026-06-08 17:50:00 t_client.py:477 Control loop (ms): 1.38
DEBUG 2026-06-08 17:50:00 t_client.py:477 Control loop (ms): 2.00
DEBUG 2026-06-08 17:50:00 t_client.py:477 Control loop (ms): 2.20
DEBUG 2026-06-08 17:50:00 follower.py:184 follower_right SOFollower read state: 1.7ms
DEBUG 2026-06-08 17:50:00 follower.py:191 follower_right SOFollower read wrist: 0.0ms
DEBUG 2026-06-08 17:50:01 follower.py:184 follower_left SOFollower read state: 1.6ms
DEBUG 2026-06-08 17:50:01 follower.py:191 follower_left SOFollower read wrist: 0.0ms
DEBUG 2026-06-08 17:50:01 t_client.py:198 Observation serialization time: 0.007539s
DEBUG 2026-06-08 17:50:01 ort/utils.py:54 [CLIENT] Observation Buffer size 4.395498275756836 MB with
DEBUG 2026-06-08 17:50:01 ort/utils.py:69 [CLIENT] Observation Sent 2097152/4609014 bytes with state 1
DEBUG 2026-06-08 17:50:01 ort/utils.py:69 [CLIENT] Observation Sent 4194304/4609014 bytes with state 2
DEBUG 2026-06-08 17:50:01 ort/utils.py:69 [CLIENT] Observation Sent 4609014/4609014 bytes with state 3
DEBUG 2026-06-08 17:50:01 ort/utils.py:71 [CLIENT] Observation Published 4.395498275756836 MB
DEBUG 2026-06-08 17:50:01 t_client.py:209 Sent observation #911 | 
DEBUG 2026-06-08 17:50:01 t_client.py:434 QUEUE SIZE: 8 (Must go: False)
DEBUG 2026-06-08 17:50:01 t_client.py:477 Control loop (ms): 138.17
DEBUG 2026-06-08 17:50:01 follower.py:184 follower_right SOFollower read state: 2.0ms
DEBUG 2026-06-08 17:50:01 follower.py:191 follower_right SOFollower read wrist: 0.0ms
DEBUG 2026-06-08 17:50:01 follower.py:184 follower_left SOFollower read state: 1.8ms
DEBUG 2026-06-08 17:50:01 follower.py:191 follower_left SOFollower read wrist: 0.0ms
DEBUG 2026-06-08 17:50:01 t_client.py:198 Observation serialization time: 0.008001s
DEBUG 2026-06-08 17:50:01 ort/utils.py:54 [CLIENT] Observation Buffer size 4.395498275756836 MB with
DEBUG 2026-06-08 17:50:01 ort/utils.py:69 [CLIENT] Observation Sent 2097152/4609014 bytes with state 1
DEBUG 2026-06-08 17:50:01 ort/utils.py:69 [CLIENT] Observation Sent 4194304/4609014 bytes with state 2
DEBUG 2026-06-08 17:50:01 ort/utils.py:69 [CLIENT] Observation Sent 4609014/4609014 bytes with state 3
DEBUG 2026-06-08 17:50:01 ort/utils.py:71 [CLIENT] Observation Published 4.395498275756836 MB
DEBUG 2026-06-08 17:50:01 t_client.py:209 Sent observation #912 | 
DEBUG 2026-06-08 17:50:01 t_client.py:434 QUEUE SIZE: 7 (Must go: False)
DEBUG 2026-06-08 17:50:01 t_client.py:477 Control loop (ms): 121.13
DEBUG 2026-06-08 17:50:01 t_client.py:292 Received actions on device: cpu
DEBUG 2026-06-08 17:50:01 t_client.py:302 Actions kept on device: cpu
DEBUG 2026-06-08 17:50:01 follower.py:184 follower_right SOFollower read state: 1.6ms
DEBUG 2026-06-08 17:50:01 follower.py:191 follower_right SOFollower read wrist: 0.0ms
DEBUG 2026-06-08 17:50:01 follower.py:184 follower_left SOFollower read state: 1.5ms
DEBUG 2026-06-08 17:50:01 follower.py:191 follower_left SOFollower read wrist: 0.0ms
DEBUG 2026-06-08 17:50:01 t_client.py:198 Observation serialization time: 0.008833s
DEBUG 2026-06-08 17:50:01 ort/utils.py:54 [CLIENT] Observation Buffer size 4.395498275756836 MB with
DEBUG 2026-06-08 17:50:01 ort/utils.py:69 [CLIENT] Observation Sent 2097152/4609014 bytes with state 1
DEBUG 2026-06-08 17:50:01 ort/utils.py:69 [CLIENT] Observation Sent 4194304/4609014 bytes with state 2
DEBUG 2026-06-08 17:50:01 ort/utils.py:69 [CLIENT] Observation Sent 4609014/4609014 bytes with state 3
DEBUG 2026-06-08 17:50:01 ort/utils.py:71 [CLIENT] Observation Published 4.395498275756836 MB
DEBUG 2026-06-08 17:50:01 t_client.py:292 Received actions on device: cpu
DEBUG 2026-06-08 17:50:01 t_client.py:302 Actions kept on device: cpu
DEBUG 2026-06-08 17:50:01 t_client.py:209 Sent observation #913 | 
DEBUG 2026-06-08 17:50:01 t_client.py:434 QUEUE SIZE: 14 (Must go: False)
DEBUG 2026-06-08 17:50:01 t_client.py:477 Control loop (ms): 158.46
DEBUG 2026-06-08 17:50:01 t_client.py:477 Control loop (ms): 1.91
DEBUG 2026-06-08 17:50:01 t_client.py:477 Control loop (ms): 2.37
DEBUG 2026-06-08 17:50:01 t_client.py:477 Control loop (ms): 2.95
DEBUG 2026-06-08 17:50:01 t_client.py:477 Control loop (ms): 2.21
DEBUG 2026-06-08 17:50:01 t_client.py:477 Control loop (ms): 1.79
DEBUG 2026-06-08 17:50:01 follower.py:184 follower_right SOFollower read state: 2.2ms
DEBUG 2026-06-08 17:50:01 follower.py:191 follower_right SOFollower read wrist: 0.0ms
DEBUG 2026-06-08 17:50:01 follower.py:184 follower_left SOFollower read state: 1.8ms
DEBUG 2026-06-08 17:50:01 follower.py:191 follower_left SOFollower read wrist: 0.0ms
DEBUG 2026-06-08 17:50:01 t_client.py:198 Observation serialization time: 0.009932s
DEBUG 2026-06-08 17:50:01 ort/utils.py:54 [CLIENT] Observation Buffer size 4.395498275756836 MB with
DEBUG 2026-06-08 17:50:01 ort/utils.py:69 [CLIENT] Observation Sent 2097152/4609014 bytes with state 1
DEBUG 2026-06-08 17:50:01 ort/utils.py:69 [CLIENT] Observation Sent 4194304/4609014 bytes with state 2
DEBUG 2026-06-08 17:50:01 ort/utils.py:69 [CLIENT] Observation Sent 4609014/4609014 bytes with state 3
DEBUG 2026-06-08 17:50:01 ort/utils.py:71 [CLIENT] Observation Published 4.395498275756836 MB
DEBUG 2026-06-08 17:50:01 t_client.py:209 Sent observation #919 | 
DEBUG 2026-06-08 17:50:01 t_client.py:434 QUEUE SIZE: 8 (Must go: False)
DEBUG 2026-06-08 17:50:01 t_client.py:477 Control loop (ms): 114.04
DEBUG 2026-06-08 17:50:01 follower.py:184 follower_right SOFollower read state: 1.7ms
DEBUG 2026-06-08 17:50:01 follower.py:191 follower_right SOFollower read wrist: 0.0ms
DEBUG 2026-06-08 17:50:01 follower.py:184 follower_left SOFollower read state: 1.7ms
DEBUG 2026-06-08 17:50:01 follower.py:191 follower_left SOFollower read wrist: 0.0ms
DEBUG 2026-06-08 17:50:01 t_client.py:198 Observation serialization time: 0.008312s
DEBUG 2026-06-08 17:50:01 ort/utils.py:54 [CLIENT] Observation Buffer size 4.395498275756836 MB with
DEBUG 2026-06-08 17:50:01 ort/utils.py:69 [CLIENT] Observation Sent 2097152/4609014 bytes with state 1
DEBUG 2026-06-08 17:50:01 ort/utils.py:69 [CLIENT] Observation Sent 4194304/4609014 bytes with state 2
DEBUG 2026-06-08 17:50:01 ort/utils.py:69 [CLIENT] Observation Sent 4609014/4609014 bytes with state 3
DEBUG 2026-06-08 17:50:01 ort/utils.py:71 [CLIENT] Observation Published 4.395498275756836 MB
DEBUG 2026-06-08 17:50:01 t_client.py:209 Sent observation #920 | 
DEBUG 2026-06-08 17:50:01 t_client.py:434 QUEUE SIZE: 7 (Must go: False)
DEBUG 2026-06-08 17:50:01 t_client.py:477 Control loop (ms): 104.12
DEBUG 2026-06-08 17:50:01 t_client.py:292 Received actions on device: cpu
DEBUG 2026-06-08 17:50:01 t_client.py:302 Actions kept on device: cpu
DEBUG 2026-06-08 17:50:01 follower.py:184 follower_right SOFollower read state: 1.7ms
DEBUG 2026-06-08 17:50:01 follower.py:191 follower_right SOFollower read wrist: 0.0ms
DEBUG 2026-06-08 17:50:01 follower.py:184 follower_left SOFollower read state: 1.4ms
DEBUG 2026-06-08 17:50:01 follower.py:191 follower_left SOFollower read wrist: 0.0ms
DEBUG 2026-06-08 17:50:01 t_client.py:198 Observation serialization time: 0.005666s
DEBUG 2026-06-08 17:50:01 ort/utils.py:54 [CLIENT] Observation Buffer size 4.395498275756836 MB with
DEBUG 2026-06-08 17:50:01 ort/utils.py:69 [CLIENT] Observation Sent 2097152/4609014 bytes with state 1
DEBUG 2026-06-08 17:50:01 ort/utils.py:69 [CLIENT] Observation Sent 4194304/4609014 bytes with state 2
DEBUG 2026-06-08 17:50:01 ort/utils.py:69 [CLIENT] Observation Sent 4609014/4609014 bytes with state 3
DEBUG 2026-06-08 17:50:01 ort/utils.py:71 [CLIENT] Observation Published 4.395498275756836 MB
DEBUG 2026-06-08 17:50:01 t_client.py:292 Received actions on device: cpu
DEBUG 2026-06-08 17:50:01 t_client.py:302 Actions kept on device: cpu
DEBUG 2026-06-08 17:50:01 t_client.py:209 Sent observation #921 | 
DEBUG 2026-06-08 17:50:01 t_client.py:434 QUEUE SIZE: 13 (Must go: False)
DEBUG 2026-06-08 17:50:01 t_client.py:477 Control loop (ms): 127.32
DEBUG 2026-06-08 17:50:01 t_client.py:477 Control loop (ms): 0.97
DEBUG 2026-06-08 17:50:01 t_client.py:477 Control loop (ms): 1.19
DEBUG 2026-06-08 17:50:01 t_client.py:477 Control loop (ms): 0.55
DEBUG 2026-06-08 17:50:02 t_client.py:292 Received actions on device: cpu
DEBUG 2026-06-08 17:50:02 t_client.py:302 Actions kept on device: cpu
DEBUG 2026-06-08 17:50:02 t_client.py:477 Control loop (ms): 6.09
DEBUG 2026-06-08 17:50:02 t_client.py:477 Control loop (ms): 1.71
DEBUG 2026-06-08 17:50:02 t_client.py:477 Control loop (ms): 1.20
DEBUG 2026-06-08 17:50:02 t_client.py:477 Control loop (ms): 1.79
DEBUG 2026-06-08 17:50:02 follower.py:184 follower_right SOFollower read state: 2.5ms
DEBUG 2026-06-08 17:50:02 follower.py:191 follower_right SOFollower read wrist: 0.0ms
DEBUG 2026-06-08 17:50:02 follower.py:184 follower_left SOFollower read state: 1.9ms
DEBUG 2026-06-08 17:50:02 follower.py:191 follower_left SOFollower read wrist: 0.0ms
DEBUG 2026-06-08 17:50:02 t_client.py:198 Observation serialization time: 0.011063s
DEBUG 2026-06-08 17:50:02 ort/utils.py:54 [CLIENT] Observation Buffer size 4.395498275756836 MB with
DEBUG 2026-06-08 17:50:02 ort/utils.py:69 [CLIENT] Observation Sent 2097152/4609014 bytes with state 1
DEBUG 2026-06-08 17:50:02 ort/utils.py:69 [CLIENT] Observation Sent 4194304/4609014 bytes with state 2
DEBUG 2026-06-08 17:50:02 ort/utils.py:69 [CLIENT] Observation Sent 4609014/4609014 bytes with state 3
DEBUG 2026-06-08 17:50:02 ort/utils.py:71 [CLIENT] Observation Published 4.395498275756836 MB
DEBUG 2026-06-08 17:50:02 t_client.py:209 Sent observation #928 | 
DEBUG 2026-06-08 17:50:02 t_client.py:434 QUEUE SIZE: 8 (Must go: False)
DEBUG 2026-06-08 17:50:02 t_client.py:477 Control loop (ms): 128.46
DEBUG 2026-06-08 17:50:02 follower.py:184 follower_right SOFollower read state: 1.6ms
DEBUG 2026-06-08 17:50:02 follower.py:191 follower_right SOFollower read wrist: 0.0ms
DEBUG 2026-06-08 17:50:02 follower.py:184 follower_left SOFollower read state: 1.5ms
DEBUG 2026-06-08 17:50:02 follower.py:191 follower_left SOFollower read wrist: 0.0ms
DEBUG 2026-06-08 17:50:02 t_client.py:198 Observation serialization time: 0.003326s
DEBUG 2026-06-08 17:50:02 ort/utils.py:54 [CLIENT] Observation Buffer size 4.395498275756836 MB with
DEBUG 2026-06-08 17:50:02 ort/utils.py:69 [CLIENT] Observation Sent 2097152/4609014 bytes with state 1
DEBUG 2026-06-08 17:50:02 ort/utils.py:69 [CLIENT] Observation Sent 4194304/4609014 bytes with state 2
DEBUG 2026-06-08 17:50:02 ort/utils.py:69 [CLIENT] Observation Sent 4609014/4609014 bytes with state 3
DEBUG 2026-06-08 17:50:02 ort/utils.py:71 [CLIENT] Observation Published 4.395498275756836 MB
DEBUG 2026-06-08 17:50:02 t_client.py:292 Received actions on device: cpu
DEBUG 2026-06-08 17:50:02 t_client.py:302 Actions kept on device: cpu
DEBUG 2026-06-08 17:50:02 t_client.py:209 Sent observation #929 | 
DEBUG 2026-06-08 17:50:02 t_client.py:434 QUEUE SIZE: 7 (Must go: False)
DEBUG 2026-06-08 17:50:02 t_client.py:477 Control loop (ms): 124.18
DEBUG 2026-06-08 17:50:02 t_client.py:477 Control loop (ms): 2.07
DEBUG 2026-06-08 17:50:02 t_client.py:477 Control loop (ms): 1.71
DEBUG 2026-06-08 17:50:02 t_client.py:477 Control loop (ms): 1.76
DEBUG 2026-06-08 17:50:02 t_client.py:292 Received actions on device: cpu
DEBUG 2026-06-08 17:50:02 t_client.py:302 Actions kept on device: cpu
DEBUG 2026-06-08 17:50:02 t_client.py:477 Control loop (ms): 2.80
DEBUG 2026-06-08 17:50:02 t_client.py:477 Control loop (ms): 2.76
DEBUG 2026-06-08 17:50:02 t_client.py:477 Control loop (ms): 1.87
DEBUG 2026-06-08 17:50:02 follower.py:184 follower_right SOFollower read state: 2.2ms
DEBUG 2026-06-08 17:50:02 follower.py:191 follower_right SOFollower read wrist: 0.0ms
DEBUG 2026-06-08 17:50:02 follower.py:184 follower_left SOFollower read state: 1.9ms
DEBUG 2026-06-08 17:50:02 follower.py:191 follower_left SOFollower read wrist: 0.0ms
DEBUG 2026-06-08 17:50:02 t_client.py:198 Observation serialization time: 0.009957s
DEBUG 2026-06-08 17:50:02 ort/utils.py:54 [CLIENT] Observation Buffer size 4.395498275756836 MB with
DEBUG 2026-06-08 17:50:02 ort/utils.py:69 [CLIENT] Observation Sent 2097152/4609014 bytes with state 1
DEBUG 2026-06-08 17:50:02 ort/utils.py:69 [CLIENT] Observation Sent 4194304/4609014 bytes with state 2
DEBUG 2026-06-08 17:50:02 ort/utils.py:69 [CLIENT] Observation Sent 4609014/4609014 bytes with state 3
DEBUG 2026-06-08 17:50:02 ort/utils.py:71 [CLIENT] Observation Published 4.395498275756836 MB
DEBUG 2026-06-08 17:50:02 t_client.py:209 Sent observation #936 | 
DEBUG 2026-06-08 17:50:02 t_client.py:434 QUEUE SIZE: 8 (Must go: False)
DEBUG 2026-06-08 17:50:02 t_client.py:477 Control loop (ms): 139.69
DEBUG 2026-06-08 17:50:02 follower.py:184 follower_right SOFollower read state: 1.8ms
DEBUG 2026-06-08 17:50:02 follower.py:191 follower_right SOFollower read wrist: 0.0ms
DEBUG 2026-06-08 17:50:02 follower.py:184 follower_left SOFollower read state: 1.6ms
DEBUG 2026-06-08 17:50:02 follower.py:191 follower_left SOFollower read wrist: 0.0ms
DEBUG 2026-06-08 17:50:02 t_client.py:198 Observation serialization time: 0.003357s
DEBUG 2026-06-08 17:50:02 ort/utils.py:54 [CLIENT] Observation Buffer size 4.395498275756836 MB with
DEBUG 2026-06-08 17:50:02 ort/utils.py:69 [CLIENT] Observation Sent 2097152/4609014 bytes with state 1
DEBUG 2026-06-08 17:50:02 ort/utils.py:69 [CLIENT] Observation Sent 4194304/4609014 bytes with state 2
DEBUG 2026-06-08 17:50:02 ort/utils.py:69 [CLIENT] Observation Sent 4609014/4609014 bytes with state 3
DEBUG 2026-06-08 17:50:02 ort/utils.py:71 [CLIENT] Observation Published 4.395498275756836 MB
DEBUG 2026-06-08 17:50:02 t_client.py:292 Received actions on device: cpu
DEBUG 2026-06-08 17:50:02 t_client.py:302 Actions kept on device: cpu
DEBUG 2026-06-08 17:50:02 t_client.py:209 Sent observation #937 | 
DEBUG 2026-06-08 17:50:02 t_client.py:434 QUEUE SIZE: 7 (Must go: False)
DEBUG 2026-06-08 17:50:02 t_client.py:477 Control loop (ms): 130.49
DEBUG 2026-06-08 17:50:02 t_client.py:477 Control loop (ms): 1.55
DEBUG 2026-06-08 17:50:02 t_client.py:477 Control loop (ms): 1.60
DEBUG 2026-06-08 17:50:02 t_client.py:477 Control loop (ms): 1.84
DEBUG 2026-06-08 17:50:02 t_client.py:292 Received actions on device: cpu
DEBUG 2026-06-08 17:50:02 t_client.py:302 Actions kept on device: cpu
DEBUG 2026-06-08 17:50:02 t_client.py:477 Control loop (ms): 2.73
DEBUG 2026-06-08 17:50:03 t_client.py:477 Control loop (ms): 2.86
DEBUG 2026-06-08 17:50:03 t_client.py:477 Control loop (ms): 2.37
DEBUG 2026-06-08 17:50:03 follower.py:184 follower_right SOFollower read state: 2.4ms
DEBUG 2026-06-08 17:50:03 follower.py:191 follower_right SOFollower read wrist: 0.1ms
DEBUG 2026-06-08 17:50:03 follower.py:184 follower_left SOFollower read state: 1.9ms
DEBUG 2026-06-08 17:50:03 follower.py:191 follower_left SOFollower read wrist: 0.0ms
DEBUG 2026-06-08 17:50:03 t_client.py:198 Observation serialization time: 0.010957s
DEBUG 2026-06-08 17:50:03 ort/utils.py:54 [CLIENT] Observation Buffer size 4.395498275756836 MB with
DEBUG 2026-06-08 17:50:03 ort/utils.py:69 [CLIENT] Observation Sent 2097152/4609014 bytes with state 1
DEBUG 2026-06-08 17:50:03 ort/utils.py:69 [CLIENT] Observation Sent 4194304/4609014 bytes with state 2
DEBUG 2026-06-08 17:50:03 ort/utils.py:69 [CLIENT] Observation Sent 4609014/4609014 bytes with state 3
DEBUG 2026-06-08 17:50:03 ort/utils.py:71 [CLIENT] Observation Published 4.395498275756836 MB
DEBUG 2026-06-08 17:50:03 t_client.py:209 Sent observation #944 | 
DEBUG 2026-06-08 17:50:03 t_client.py:434 QUEUE SIZE: 8 (Must go: False)
DEBUG 2026-06-08 17:50:03 t_client.py:477 Control loop (ms): 119.05
DEBUG 2026-06-08 17:50:03 follower.py:184 follower_right SOFollower read state: 1.7ms
DEBUG 2026-06-08 17:50:03 follower.py:191 follower_right SOFollower read wrist: 0.0ms
DEBUG 2026-06-08 17:50:03 follower.py:184 follower_left SOFollower read state: 1.9ms
DEBUG 2026-06-08 17:50:03 follower.py:191 follower_left SOFollower read wrist: 0.0ms
DEBUG 2026-06-08 17:50:03 t_client.py:198 Observation serialization time: 0.008963s
DEBUG 2026-06-08 17:50:03 ort/utils.py:54 [CLIENT] Observation Buffer size 4.395498275756836 MB with
DEBUG 2026-06-08 17:50:03 ort/utils.py:69 [CLIENT] Observation Sent 2097152/4609014 bytes with state 1
DEBUG 2026-06-08 17:50:03 ort/utils.py:69 [CLIENT] Observation Sent 4194304/4609014 bytes with state 2
DEBUG 2026-06-08 17:50:03 ort/utils.py:69 [CLIENT] Observation Sent 4609014/4609014 bytes with state 3
DEBUG 2026-06-08 17:50:03 ort/utils.py:71 [CLIENT] Observation Published 4.395498275756836 MB
DEBUG 2026-06-08 17:50:03 t_client.py:292 Received actions on device: cpu
DEBUG 2026-06-08 17:50:03 t_client.py:302 Actions kept on device: cpu
DEBUG 2026-06-08 17:50:03 t_client.py:209 Sent observation #945 | 
DEBUG 2026-06-08 17:50:03 t_client.py:434 QUEUE SIZE: 7 (Must go: False)
DEBUG 2026-06-08 17:50:03 t_client.py:477 Control loop (ms): 124.85
DEBUG 2026-06-08 17:50:03 t_client.py:477 Control loop (ms): 1.86
DEBUG 2026-06-08 17:50:03 t_client.py:477 Control loop (ms): 2.49
DEBUG 2026-06-08 17:50:03 t_client.py:477 Control loop (ms): 1.49
DEBUG 2026-06-08 17:50:03 t_client.py:477 Control loop (ms): 1.92
DEBUG 2026-06-08 17:50:03 t_client.py:477 Control loop (ms): 2.02
DEBUG 2026-06-08 17:50:03 t_client.py:292 Received actions on device: cpu
DEBUG 2026-06-08 17:50:03 t_client.py:302 Actions kept on device: cpu
DEBUG 2026-06-08 17:50:03 t_client.py:477 Control loop (ms): 1.88
DEBUG 2026-06-08 17:50:03 follower.py:184 follower_right SOFollower read state: 2.4ms
DEBUG 2026-06-08 17:50:03 follower.py:191 follower_right SOFollower read wrist: 0.1ms
DEBUG 2026-06-08 17:50:03 follower.py:184 follower_left SOFollower read state: 2.0ms
DEBUG 2026-06-08 17:50:03 follower.py:191 follower_left SOFollower read wrist: 0.0ms
DEBUG 2026-06-08 17:50:03 t_client.py:198 Observation serialization time: 0.008693s
DEBUG 2026-06-08 17:50:03 ort/utils.py:54 [CLIENT] Observation Buffer size 4.395498275756836 MB with
DEBUG 2026-06-08 17:50:03 ort/utils.py:69 [CLIENT] Observation Sent 2097152/4609014 bytes with state 1
DEBUG 2026-06-08 17:50:03 ort/utils.py:69 [CLIENT] Observation Sent 4194304/4609014 bytes with state 2
DEBUG 2026-06-08 17:50:03 ort/utils.py:69 [CLIENT] Observation Sent 4609014/4609014 bytes with state 3
DEBUG 2026-06-08 17:50:03 ort/utils.py:71 [CLIENT] Observation Published 4.395498275756836 MB
DEBUG 2026-06-08 17:50:03 t_client.py:209 Sent observation #952 | 
DEBUG 2026-06-08 17:50:03 t_client.py:434 QUEUE SIZE: 8 (Must go: False)
DEBUG 2026-06-08 17:50:03 t_client.py:477 Control loop (ms): 180.59
DEBUG 2026-06-08 17:50:03 follower.py:184 follower_right SOFollower read state: 1.8ms
DEBUG 2026-06-08 17:50:03 follower.py:191 follower_right SOFollower read wrist: 0.0ms
DEBUG 2026-06-08 17:50:03 follower.py:184 follower_left SOFollower read state: 1.6ms
DEBUG 2026-06-08 17:50:03 follower.py:191 follower_left SOFollower read wrist: 0.0ms
DEBUG 2026-06-08 17:50:03 t_client.py:198 Observation serialization time: 0.009206s
DEBUG 2026-06-08 17:50:03 ort/utils.py:54 [CLIENT] Observation Buffer size 4.395498275756836 MB with
DEBUG 2026-06-08 17:50:03 ort/utils.py:69 [CLIENT] Observation Sent 2097152/4609014 bytes with state 1
DEBUG 2026-06-08 17:50:03 ort/utils.py:69 [CLIENT] Observation Sent 4194304/4609014 bytes with state 2
DEBUG 2026-06-08 17:50:03 ort/utils.py:69 [CLIENT] Observation Sent 4609014/4609014 bytes with state 3
DEBUG 2026-06-08 17:50:03 ort/utils.py:71 [CLIENT] Observation Published 4.395498275756836 MB
DEBUG 2026-06-08 17:50:03 t_client.py:292 Received actions on device: cpu
DEBUG 2026-06-08 17:50:03 t_client.py:302 Actions kept on device: cpu
DEBUG 2026-06-08 17:50:03 t_client.py:209 Sent observation #953 | 
DEBUG 2026-06-08 17:50:03 t_client.py:434 QUEUE SIZE: 7 (Must go: False)
DEBUG 2026-06-08 17:50:03 t_client.py:477 Control loop (ms): 166.44
DEBUG 2026-06-08 17:50:03 t_client.py:477 Control loop (ms): 0.93
DEBUG 2026-06-08 17:50:03 t_client.py:477 Control loop (ms): 1.98
DEBUG 2026-06-08 17:50:03 t_client.py:477 Control loop (ms): 1.91
DEBUG 2026-06-08 17:50:03 t_client.py:477 Control loop (ms): 1.65
DEBUG 2026-06-08 17:50:04 t_client.py:292 Received actions on device: cpu
DEBUG 2026-06-08 17:50:04 t_client.py:302 Actions kept on device: cpu
DEBUG 2026-06-08 17:50:04 t_client.py:477 Control loop (ms): 2.01
DEBUG 2026-06-08 17:50:04 t_client.py:477 Control loop (ms): 2.16
DEBUG 2026-06-08 17:50:04 follower.py:184 follower_right SOFollower read state: 2.4ms
DEBUG 2026-06-08 17:50:04 follower.py:191 follower_right SOFollower read wrist: 0.0ms
DEBUG 2026-06-08 17:50:04 follower.py:184 follower_left SOFollower read state: 2.0ms
DEBUG 2026-06-08 17:50:04 follower.py:191 follower_left SOFollower read wrist: 0.0ms
DEBUG 2026-06-08 17:50:04 t_client.py:198 Observation serialization time: 0.006905s
DEBUG 2026-06-08 17:50:04 ort/utils.py:54 [CLIENT] Observation Buffer size 4.395498275756836 MB with
DEBUG 2026-06-08 17:50:04 ort/utils.py:69 [CLIENT] Observation Sent 2097152/4609014 bytes with state 1
DEBUG 2026-06-08 17:50:04 ort/utils.py:69 [CLIENT] Observation Sent 4194304/4609014 bytes with state 2
DEBUG 2026-06-08 17:50:04 ort/utils.py:69 [CLIENT] Observation Sent 4609014/4609014 bytes with state 3
DEBUG 2026-06-08 17:50:04 ort/utils.py:71 [CLIENT] Observation Published 4.395498275756836 MB
DEBUG 2026-06-08 17:50:04 t_client.py:209 Sent observation #960 | 
DEBUG 2026-06-08 17:50:04 t_client.py:434 QUEUE SIZE: 8 (Must go: False)
DEBUG 2026-06-08 17:50:04 t_client.py:477 Control loop (ms): 214.72
DEBUG 2026-06-08 17:50:04 follower.py:184 follower_right SOFollower read state: 1.9ms
DEBUG 2026-06-08 17:50:04 follower.py:191 follower_right SOFollower read wrist: 0.0ms
DEBUG 2026-06-08 17:50:04 follower.py:184 follower_left SOFollower read state: 1.8ms
DEBUG 2026-06-08 17:50:04 follower.py:191 follower_left SOFollower read wrist: 0.0ms
DEBUG 2026-06-08 17:50:04 t_client.py:198 Observation serialization time: 0.008063s
DEBUG 2026-06-08 17:50:04 ort/utils.py:54 [CLIENT] Observation Buffer size 4.395498275756836 MB with
DEBUG 2026-06-08 17:50:04 ort/utils.py:69 [CLIENT] Observation Sent 2097152/4609014 bytes with state 1
DEBUG 2026-06-08 17:50:04 ort/utils.py:69 [CLIENT] Observation Sent 4194304/4609014 bytes with state 2
DEBUG 2026-06-08 17:50:04 ort/utils.py:69 [CLIENT] Observation Sent 4609014/4609014 bytes with state 3
DEBUG 2026-06-08 17:50:04 ort/utils.py:71 [CLIENT] Observation Published 4.395498275756836 MB
DEBUG 2026-06-08 17:50:04 t_client.py:292 Received actions on device: cpu
DEBUG 2026-06-08 17:50:04 t_client.py:302 Actions kept on device: cpu
DEBUG 2026-06-08 17:50:04 t_client.py:209 Sent observation #961 | 
DEBUG 2026-06-08 17:50:04 t_client.py:434 QUEUE SIZE: 7 (Must go: False)
DEBUG 2026-06-08 17:50:04 t_client.py:477 Control loop (ms): 129.62
DEBUG 2026-06-08 17:50:04 t_client.py:477 Control loop (ms): 1.91
DEBUG 2026-06-08 17:50:04 t_client.py:477 Control loop (ms): 2.13
DEBUG 2026-06-08 17:50:04 t_client.py:477 Control loop (ms): 2.38
DEBUG 2026-06-08 17:50:04 t_client.py:292 Received actions on device: cpu
DEBUG 2026-06-08 17:50:04 t_client.py:302 Actions kept on device: cpu
DEBUG 2026-06-08 17:50:04 t_client.py:477 Control loop (ms): 2.07
DEBUG 2026-06-08 17:50:04 t_client.py:477 Control loop (ms): 2.38
DEBUG 2026-06-08 17:50:04 t_client.py:477 Control loop (ms): 2.05
DEBUG 2026-06-08 17:50:04 follower.py:184 follower_right SOFollower read state: 2.1ms
DEBUG 2026-06-08 17:50:04 follower.py:191 follower_right SOFollower read wrist: 0.1ms
DEBUG 2026-06-08 17:50:04 follower.py:184 follower_left SOFollower read state: 1.8ms
DEBUG 2026-06-08 17:50:04 follower.py:191 follower_left SOFollower read wrist: 0.1ms
DEBUG 2026-06-08 17:50:04 t_client.py:198 Observation serialization time: 0.010016s
DEBUG 2026-06-08 17:50:04 ort/utils.py:54 [CLIENT] Observation Buffer size 4.395498275756836 MB with
DEBUG 2026-06-08 17:50:04 ort/utils.py:69 [CLIENT] Observation Sent 2097152/4609014 bytes with state 1
DEBUG 2026-06-08 17:50:04 ort/utils.py:69 [CLIENT] Observation Sent 4194304/4609014 bytes with state 2
DEBUG 2026-06-08 17:50:04 ort/utils.py:69 [CLIENT] Observation Sent 4609014/4609014 bytes with state 3
DEBUG 2026-06-08 17:50:04 ort/utils.py:71 [CLIENT] Observation Published 4.395498275756836 MB
DEBUG 2026-06-08 17:50:04 t_client.py:209 Sent observation #968 | 
DEBUG 2026-06-08 17:50:04 t_client.py:434 QUEUE SIZE: 8 (Must go: False)
DEBUG 2026-06-08 17:50:04 t_client.py:477 Control loop (ms): 118.31
DEBUG 2026-06-08 17:50:04 follower.py:184 follower_right SOFollower read state: 2.6ms
DEBUG 2026-06-08 17:50:04 follower.py:191 follower_right SOFollower read wrist: 0.1ms
DEBUG 2026-06-08 17:50:04 follower.py:184 follower_left SOFollower read state: 3.0ms
DEBUG 2026-06-08 17:50:04 follower.py:191 follower_left SOFollower read wrist: 0.0ms
DEBUG 2026-06-08 17:50:04 t_client.py:198 Observation serialization time: 0.006982s
DEBUG 2026-06-08 17:50:04 ort/utils.py:54 [CLIENT] Observation Buffer size 4.395498275756836 MB with
DEBUG 2026-06-08 17:50:04 ort/utils.py:69 [CLIENT] Observation Sent 2097152/4609014 bytes with state 1
DEBUG 2026-06-08 17:50:04 ort/utils.py:69 [CLIENT] Observation Sent 4194304/4609014 bytes with state 2
DEBUG 2026-06-08 17:50:04 ort/utils.py:69 [CLIENT] Observation Sent 4609014/4609014 bytes with state 3
DEBUG 2026-06-08 17:50:04 ort/utils.py:71 [CLIENT] Observation Published 4.395498275756836 MB
DEBUG 2026-06-08 17:50:04 t_client.py:209 Sent observation #969 | 
DEBUG 2026-06-08 17:50:04 t_client.py:434 QUEUE SIZE: 7 (Must go: False)
DEBUG 2026-06-08 17:50:04 t_client.py:477 Control loop (ms): 120.45
DEBUG 2026-06-08 17:50:04 follower.py:184 follower_right SOFollower read state: 1.9ms
DEBUG 2026-06-08 17:50:04 follower.py:191 follower_right SOFollower read wrist: 0.0ms
DEBUG 2026-06-08 17:50:04 follower.py:184 follower_left SOFollower read state: 1.7ms
DEBUG 2026-06-08 17:50:04 follower.py:191 follower_left SOFollower read wrist: 0.0ms
DEBUG 2026-06-08 17:50:04 t_client.py:292 Received actions on device: cpu
DEBUG 2026-06-08 17:50:04 t_client.py:198 Observation serialization time: 0.009447s
DEBUG 2026-06-08 17:50:04 t_client.py:302 Actions kept on device: cpu
DEBUG 2026-06-08 17:50:04 ort/utils.py:54 [CLIENT] Observation Buffer size 4.395498275756836 MB with
DEBUG 2026-06-08 17:50:04 ort/utils.py:69 [CLIENT] Observation Sent 2097152/4609014 bytes with state 1
DEBUG 2026-06-08 17:50:05 ort/utils.py:69 [CLIENT] Observation Sent 4194304/4609014 bytes with state 2
DEBUG 2026-06-08 17:50:05 ort/utils.py:69 [CLIENT] Observation Sent 4609014/4609014 bytes with state 3
DEBUG 2026-06-08 17:50:05 ort/utils.py:71 [CLIENT] Observation Published 4.395498275756836 MB
DEBUG 2026-06-08 17:50:05 t_client.py:209 Sent observation #970 | 
DEBUG 2026-06-08 17:50:05 t_client.py:434 QUEUE SIZE: 6 (Must go: False)
DEBUG 2026-06-08 17:50:05 t_client.py:477 Control loop (ms): 215.16
DEBUG 2026-06-08 17:50:05 t_client.py:477 Control loop (ms): 1.52
DEBUG 2026-06-08 17:50:05 t_client.py:477 Control loop (ms): 2.04
DEBUG 2026-06-08 17:50:05 t_client.py:292 Received actions on device: cpu
DEBUG 2026-06-08 17:50:05 t_client.py:302 Actions kept on device: cpu
DEBUG 2026-06-08 17:50:05 t_client.py:477 Control loop (ms): 1.77
DEBUG 2026-06-08 17:50:05 t_client.py:477 Control loop (ms): 2.19
DEBUG 2026-06-08 17:50:05 t_client.py:477 Control loop (ms): 2.90
DEBUG 2026-06-08 17:50:05 follower.py:184 follower_right SOFollower read state: 2.4ms
DEBUG 2026-06-08 17:50:05 follower.py:191 follower_right SOFollower read wrist: 0.2ms
DEBUG 2026-06-08 17:50:05 follower.py:184 follower_left SOFollower read state: 2.1ms
DEBUG 2026-06-08 17:50:05 follower.py:191 follower_left SOFollower read wrist: 0.0ms
DEBUG 2026-06-08 17:50:05 t_client.py:198 Observation serialization time: 0.009350s
DEBUG 2026-06-08 17:50:05 ort/utils.py:54 [CLIENT] Observation Buffer size 4.395498275756836 MB with
DEBUG 2026-06-08 17:50:05 ort/utils.py:69 [CLIENT] Observation Sent 2097152/4609014 bytes with state 1
DEBUG 2026-06-08 17:50:05 ort/utils.py:69 [CLIENT] Observation Sent 4194304/4609014 bytes with state 2
DEBUG 2026-06-08 17:50:05 ort/utils.py:69 [CLIENT] Observation Sent 4609014/4609014 bytes with state 3
DEBUG 2026-06-08 17:50:05 ort/utils.py:71 [CLIENT] Observation Published 4.395498275756836 MB
DEBUG 2026-06-08 17:50:05 t_client.py:209 Sent observation #976 | 
DEBUG 2026-06-08 17:50:05 t_client.py:434 QUEUE SIZE: 8 (Must go: False)
DEBUG 2026-06-08 17:50:05 t_client.py:477 Control loop (ms): 170.19
DEBUG 2026-06-08 17:50:05 follower.py:184 follower_right SOFollower read state: 2.5ms
DEBUG 2026-06-08 17:50:05 follower.py:191 follower_right SOFollower read wrist: 0.1ms
DEBUG 2026-06-08 17:50:05 follower.py:184 follower_left SOFollower read state: 2.4ms
DEBUG 2026-06-08 17:50:05 follower.py:191 follower_left SOFollower read wrist: 0.0ms
DEBUG 2026-06-08 17:50:05 t_client.py:198 Observation serialization time: 0.009433s
DEBUG 2026-06-08 17:50:05 ort/utils.py:54 [CLIENT] Observation Buffer size 4.395498275756836 MB with
DEBUG 2026-06-08 17:50:05 ort/utils.py:69 [CLIENT] Observation Sent 2097152/4609014 bytes with state 1
DEBUG 2026-06-08 17:50:05 ort/utils.py:69 [CLIENT] Observation Sent 4194304/4609014 bytes with state 2
DEBUG 2026-06-08 17:50:05 ort/utils.py:69 [CLIENT] Observation Sent 4609014/4609014 bytes with state 3
DEBUG 2026-06-08 17:50:05 ort/utils.py:71 [CLIENT] Observation Published 4.395498275756836 MB
DEBUG 2026-06-08 17:50:05 t_client.py:292 Received actions on device: cpu
DEBUG 2026-06-08 17:50:05 t_client.py:302 Actions kept on device: cpu
DEBUG 2026-06-08 17:50:05 t_client.py:209 Sent observation #977 | 
DEBUG 2026-06-08 17:50:05 t_client.py:434 QUEUE SIZE: 7 (Must go: False)
DEBUG 2026-06-08 17:50:05 t_client.py:477 Control loop (ms): 278.73
DEBUG 2026-06-08 17:50:05 t_client.py:477 Control loop (ms): 1.89
DEBUG 2026-06-08 17:50:05 t_client.py:477 Control loop (ms): 1.35
DEBUG 2026-06-08 17:50:05 t_client.py:477 Control loop (ms): 1.58
DEBUG 2026-06-08 17:50:05 t_client.py:292 Received actions on device: cpu
DEBUG 2026-06-08 17:50:05 t_client.py:302 Actions kept on device: cpu
DEBUG 2026-06-08 17:50:05 t_client.py:477 Control loop (ms): 2.14
DEBUG 2026-06-08 17:50:05 t_client.py:477 Control loop (ms): 2.20
DEBUG 2026-06-08 17:50:05 t_client.py:477 Control loop (ms): 1.59
DEBUG 2026-06-08 17:50:05 t_client.py:477 Control loop (ms): 1.82
DEBUG 2026-06-08 17:50:05 follower.py:184 follower_right SOFollower read state: 2.3ms
DEBUG 2026-06-08 17:50:05 follower.py:191 follower_right SOFollower read wrist: 0.0ms
DEBUG 2026-06-08 17:50:05 follower.py:184 follower_left SOFollower read state: 1.9ms
DEBUG 2026-06-08 17:50:05 follower.py:191 follower_left SOFollower read wrist: 0.0ms
DEBUG 2026-06-08 17:50:05 t_client.py:198 Observation serialization time: 0.007725s
DEBUG 2026-06-08 17:50:05 ort/utils.py:54 [CLIENT] Observation Buffer size 4.395498275756836 MB with
DEBUG 2026-06-08 17:50:05 ort/utils.py:69 [CLIENT] Observation Sent 2097152/4609014 bytes with state 1
DEBUG 2026-06-08 17:50:06 ort/utils.py:69 [CLIENT] Observation Sent 4194304/4609014 bytes with state 2
DEBUG 2026-06-08 17:50:06 ort/utils.py:69 [CLIENT] Observation Sent 4609014/4609014 bytes with state 3
DEBUG 2026-06-08 17:50:06 ort/utils.py:71 [CLIENT] Observation Published 4.395498275756836 MB
DEBUG 2026-06-08 17:50:06 t_client.py:209 Sent observation #984 | 
DEBUG 2026-06-08 17:50:06 t_client.py:434 QUEUE SIZE: 8 (Must go: False)
DEBUG 2026-06-08 17:50:06 t_client.py:477 Control loop (ms): 164.28
DEBUG 2026-06-08 17:50:06 follower.py:184 follower_right SOFollower read state: 1.6ms
DEBUG 2026-06-08 17:50:06 follower.py:191 follower_right SOFollower read wrist: 0.0ms
DEBUG 2026-06-08 17:50:06 follower.py:184 follower_left SOFollower read state: 1.6ms
DEBUG 2026-06-08 17:50:06 follower.py:191 follower_left SOFollower read wrist: 0.0ms
DEBUG 2026-06-08 17:50:06 t_client.py:198 Observation serialization time: 0.004798s
DEBUG 2026-06-08 17:50:06 ort/utils.py:54 [CLIENT] Observation Buffer size 4.395498275756836 MB with
DEBUG 2026-06-08 17:50:06 ort/utils.py:69 [CLIENT] Observation Sent 2097152/4609014 bytes with state 1
DEBUG 2026-06-08 17:50:06 ort/utils.py:69 [CLIENT] Observation Sent 4194304/4609014 bytes with state 2
DEBUG 2026-06-08 17:50:06 t_client.py:292 Received actions on device: cpu
DEBUG 2026-06-08 17:50:06 t_client.py:302 Actions kept on device: cpu
DEBUG 2026-06-08 17:50:06 ort/utils.py:69 [CLIENT] Observation Sent 4609014/4609014 bytes with state 3
DEBUG 2026-06-08 17:50:06 ort/utils.py:71 [CLIENT] Observation Published 4.395498275756836 MB
DEBUG 2026-06-08 17:50:06 t_client.py:209 Sent observation #985 | 
DEBUG 2026-06-08 17:50:06 t_client.py:434 QUEUE SIZE: 7 (Must go: False)
DEBUG 2026-06-08 17:50:06 t_client.py:477 Control loop (ms): 262.35
DEBUG 2026-06-08 17:50:06 t_client.py:477 Control loop (ms): 1.65
DEBUG 2026-06-08 17:50:06 t_client.py:477 Control loop (ms): 1.15
DEBUG 2026-06-08 17:50:06 t_client.py:477 Control loop (ms): 1.53
DEBUG 2026-06-08 17:50:06 t_client.py:477 Control loop (ms): 1.49
DEBUG 2026-06-08 17:50:06 t_client.py:477 Control loop (ms): 1.45
DEBUG 2026-06-08 17:50:06 follower.py:184 follower_right SOFollower read state: 2.0ms
DEBUG 2026-06-08 17:50:06 follower.py:191 follower_right SOFollower read wrist: 0.0ms
DEBUG 2026-06-08 17:50:06 follower.py:184 follower_left SOFollower read state: 1.9ms
DEBUG 2026-06-08 17:50:06 follower.py:191 follower_left SOFollower read wrist: 0.0ms
DEBUG 2026-06-08 17:50:06 t_client.py:198 Observation serialization time: 0.009070s
DEBUG 2026-06-08 17:50:06 ort/utils.py:54 [CLIENT] Observation Buffer size 4.395498275756836 MB with
DEBUG 2026-06-08 17:50:06 ort/utils.py:69 [CLIENT] Observation Sent 2097152/4609014 bytes with state 1
DEBUG 2026-06-08 17:50:06 t_client.py:292 Received actions on device: cpu
DEBUG 2026-06-08 17:50:06 t_client.py:302 Actions kept on device: cpu
DEBUG 2026-06-08 17:50:06 ort/utils.py:69 [CLIENT] Observation Sent 4194304/4609014 bytes with state 2
DEBUG 2026-06-08 17:50:06 ort/utils.py:69 [CLIENT] Observation Sent 4609014/4609014 bytes with state 3
DEBUG 2026-06-08 17:50:06 ort/utils.py:71 [CLIENT] Observation Published 4.395498275756836 MB
DEBUG 2026-06-08 17:50:06 t_client.py:209 Sent observation #991 | 
DEBUG 2026-06-08 17:50:06 t_client.py:434 QUEUE SIZE: 8 (Must go: False)
DEBUG 2026-06-08 17:50:06 t_client.py:477 Control loop (ms): 152.76
DEBUG 2026-06-08 17:50:06 follower.py:184 follower_right SOFollower read state: 1.9ms
DEBUG 2026-06-08 17:50:06 follower.py:191 follower_right SOFollower read wrist: 0.0ms
DEBUG 2026-06-08 17:50:06 follower.py:184 follower_left SOFollower read state: 1.8ms
DEBUG 2026-06-08 17:50:06 follower.py:191 follower_left SOFollower read wrist: 0.0ms
DEBUG 2026-06-08 17:50:06 t_client.py:198 Observation serialization time: 0.006113s
DEBUG 2026-06-08 17:50:06 ort/utils.py:54 [CLIENT] Observation Buffer size 4.395498275756836 MB with
DEBUG 2026-06-08 17:50:06 ort/utils.py:69 [CLIENT] Observation Sent 2097152/4609014 bytes with state 1
DEBUG 2026-06-08 17:50:06 ort/utils.py:69 [CLIENT] Observation Sent 4194304/4609014 bytes with state 2
DEBUG 2026-06-08 17:50:06 ort/utils.py:69 [CLIENT] Observation Sent 4609014/4609014 bytes with state 3
DEBUG 2026-06-08 17:50:06 ort/utils.py:71 [CLIENT] Observation Published 4.395498275756836 MB
DEBUG 2026-06-08 17:50:06 t_client.py:292 Received actions on device: cpu
DEBUG 2026-06-08 17:50:06 t_client.py:302 Actions kept on device: cpu
DEBUG 2026-06-08 17:50:06 t_client.py:209 Sent observation #992 | 
DEBUG 2026-06-08 17:50:06 t_client.py:434 QUEUE SIZE: 8 (Must go: False)
DEBUG 2026-06-08 17:50:06 t_client.py:477 Control loop (ms): 262.84
DEBUG 2026-06-08 17:50:06 t_client.py:477 Control loop (ms): 2.57
DEBUG 2026-06-08 17:50:06 t_client.py:477 Control loop (ms): 1.39
DEBUG 2026-06-08 17:50:07 t_client.py:477 Control loop (ms): 1.36
DEBUG 2026-06-08 17:50:07 t_client.py:477 Control loop (ms): 1.45
DEBUG 2026-06-08 17:50:07 t_client.py:292 Received actions on device: cpu
DEBUG 2026-06-08 17:50:07 t_client.py:302 Actions kept on device: cpu
DEBUG 2026-06-08 17:50:07 t_client.py:477 Control loop (ms): 1.40
DEBUG 2026-06-08 17:50:07 t_client.py:477 Control loop (ms): 1.26
DEBUG 2026-06-08 17:50:07 follower.py:184 follower_right SOFollower read state: 2.0ms
DEBUG 2026-06-08 17:50:07 follower.py:191 follower_right SOFollower read wrist: 0.0ms
DEBUG 2026-06-08 17:50:07 follower.py:184 follower_left SOFollower read state: 2.0ms
DEBUG 2026-06-08 17:50:07 follower.py:191 follower_left SOFollower read wrist: 0.0ms
DEBUG 2026-06-08 17:50:07 t_client.py:198 Observation serialization time: 0.011777s
DEBUG 2026-06-08 17:50:07 ort/utils.py:54 [CLIENT] Observation Buffer size 4.395498275756836 MB with
DEBUG 2026-06-08 17:50:07 ort/utils.py:69 [CLIENT] Observation Sent 2097152/4609014 bytes with state 1
DEBUG 2026-06-08 17:50:07 ort/utils.py:69 [CLIENT] Observation Sent 4194304/4609014 bytes with state 2
DEBUG 2026-06-08 17:50:07 ort/utils.py:69 [CLIENT] Observation Sent 4609014/4609014 bytes with state 3
DEBUG 2026-06-08 17:50:07 ort/utils.py:71 [CLIENT] Observation Published 4.395498275756836 MB
DEBUG 2026-06-08 17:50:07 t_client.py:209 Sent observation #999 | 
DEBUG 2026-06-08 17:50:07 t_client.py:434 QUEUE SIZE: 8 (Must go: False)
DEBUG 2026-06-08 17:50:07 t_client.py:477 Control loop (ms): 166.57
DEBUG 2026-06-08 17:50:07 follower.py:184 follower_right SOFollower read state: 1.9ms
DEBUG 2026-06-08 17:50:07 follower.py:191 follower_right SOFollower read wrist: 0.0ms
DEBUG 2026-06-08 17:50:07 follower.py:184 follower_left SOFollower read state: 1.4ms
DEBUG 2026-06-08 17:50:07 follower.py:191 follower_left SOFollower read wrist: 0.0ms
DEBUG 2026-06-08 17:50:07 t_client.py:198 Observation serialization time: 0.002953s
DEBUG 2026-06-08 17:50:07 ort/utils.py:54 [CLIENT] Observation Buffer size 4.395498275756836 MB with
DEBUG 2026-06-08 17:50:07 ort/utils.py:69 [CLIENT] Observation Sent 2097152/4609014 bytes with state 1
DEBUG 2026-06-08 17:50:07 t_client.py:292 Received actions on device: cpu
DEBUG 2026-06-08 17:50:07 t_client.py:302 Actions kept on device: cpu
DEBUG 2026-06-08 17:50:07 ort/utils.py:69 [CLIENT] Observation Sent 4194304/4609014 bytes with state 2
DEBUG 2026-06-08 17:50:07 ort/utils.py:69 [CLIENT] Observation Sent 4609014/4609014 bytes with state 3
DEBUG 2026-06-08 17:50:07 ort/utils.py:71 [CLIENT] Observation Published 4.395498275756836 MB
DEBUG 2026-06-08 17:50:07 t_client.py:209 Sent observation #1000 | 
DEBUG 2026-06-08 17:50:07 t_client.py:434 QUEUE SIZE: 7 (Must go: False)
DEBUG 2026-06-08 17:50:07 t_client.py:477 Control loop (ms): 276.98
DEBUG 2026-06-08 17:50:07 t_client.py:477 Control loop (ms): 1.30
DEBUG 2026-06-08 17:50:07 t_client.py:477 Control loop (ms): 2.12
DEBUG 2026-06-08 17:50:07 t_client.py:477 Control loop (ms): 1.82
DEBUG 2026-06-08 17:50:07 t_client.py:477 Control loop (ms): 1.91
DEBUG 2026-06-08 17:50:07 t_client.py:292 Received actions on device: cpu
DEBUG 2026-06-08 17:50:07 t_client.py:302 Actions kept on device: cpu
DEBUG 2026-06-08 17:50:07 t_client.py:477 Control loop (ms): 1.95
DEBUG 2026-06-08 17:50:07 t_client.py:477 Control loop (ms): 1.78
DEBUG 2026-06-08 17:50:07 follower.py:184 follower_right SOFollower read state: 1.6ms
DEBUG 2026-06-08 17:50:07 follower.py:191 follower_right SOFollower read wrist: 0.0ms
DEBUG 2026-06-08 17:50:07 follower.py:184 follower_left SOFollower read state: 1.6ms
DEBUG 2026-06-08 17:50:07 follower.py:191 follower_left SOFollower read wrist: 0.0ms
DEBUG 2026-06-08 17:50:07 t_client.py:198 Observation serialization time: 0.008294s
DEBUG 2026-06-08 17:50:07 ort/utils.py:54 [CLIENT] Observation Buffer size 4.395498275756836 MB with
DEBUG 2026-06-08 17:50:07 ort/utils.py:69 [CLIENT] Observation Sent 2097152/4609014 bytes with state 1
DEBUG 2026-06-08 17:50:08 ort/utils.py:69 [CLIENT] Observation Sent 4194304/4609014 bytes with state 2
DEBUG 2026-06-08 17:50:08 ort/utils.py:69 [CLIENT] Observation Sent 4609014/4609014 bytes with state 3
DEBUG 2026-06-08 17:50:08 ort/utils.py:71 [CLIENT] Observation Published 4.395498275756836 MB
DEBUG 2026-06-08 17:50:08 t_client.py:209 Sent observation #1007 | 
DEBUG 2026-06-08 17:50:08 t_client.py:434 QUEUE SIZE: 8 (Must go: False)
DEBUG 2026-06-08 17:50:08 t_client.py:477 Control loop (ms): 485.52
DEBUG 2026-06-08 17:50:08 follower.py:184 follower_right SOFollower read state: 1.7ms
DEBUG 2026-06-08 17:50:08 follower.py:191 follower_right SOFollower read wrist: 0.0ms
DEBUG 2026-06-08 17:50:08 follower.py:184 follower_left SOFollower read state: 2.3ms
DEBUG 2026-06-08 17:50:08 follower.py:191 follower_left SOFollower read wrist: 0.0ms
DEBUG 2026-06-08 17:50:08 t_client.py:198 Observation serialization time: 0.008324s
DEBUG 2026-06-08 17:50:08 ort/utils.py:54 [CLIENT] Observation Buffer size 4.395498275756836 MB with
DEBUG 2026-06-08 17:50:08 ort/utils.py:69 [CLIENT] Observation Sent 2097152/4609014 bytes with state 1
DEBUG 2026-06-08 17:50:08 ort/utils.py:69 [CLIENT] Observation Sent 4194304/4609014 bytes with state 2
DEBUG 2026-06-08 17:50:08 ort/utils.py:69 [CLIENT] Observation Sent 4609014/4609014 bytes with state 3
DEBUG 2026-06-08 17:50:08 ort/utils.py:71 [CLIENT] Observation Published 4.395498275756836 MB
DEBUG 2026-06-08 17:50:08 t_client.py:292 Received actions on device: cpu
DEBUG 2026-06-08 17:50:08 t_client.py:302 Actions kept on device: cpu
DEBUG 2026-06-08 17:50:08 t_client.py:292 Received actions on device: cpu
DEBUG 2026-06-08 17:50:08 t_client.py:302 Actions kept on device: cpu
DEBUG 2026-06-08 17:50:08 tors_bus.py:561 FeetechMotorsBus disconnected.
INFO 2026-06-08 17:50:08 a_opencv.py:606 OpenCVCamera(/dev/wrist_right) disconnected.
INFO 2026-06-08 17:50:08 follower.py:229 follower_right SOFollower disconnected.
DEBUG 2026-06-08 17:50:08 tors_bus.py:561 FeetechMotorsBus disconnected.
INFO 2026-06-08 17:50:08 a_opencv.py:606 OpenCVCamera(/dev/wrist_left) disconnected.
INFO 2026-06-08 17:50:08 follower.py:229 follower_left SOFollower disconnected.
INFO 2026-06-08 17:50:08 a_opencv.py:606 OpenCVCamera(/dev/video4) disconnected.
INFO 2026-06-08 17:50:08 follower.py:206 Top camera 'top_realsense_color' disconnected.
INFO 2026-06-08 17:50:08 a_opencv.py:606 OpenCVCamera(/dev/video2) disconnected.
INFO 2026-06-08 17:50:08 follower.py:206 Top camera 'top_realsense_depth' disconnected.
INFO 2026-06-08 17:50:09 a_opencv.py:606 OpenCVCamera(/dev/video6) disconnected.
INFO 2026-06-08 17:50:09 follower.py:206 Top camera 'top_webcam' disconnected.
DEBUG 2026-06-08 17:50:09 t_client.py:178 Robot disconnected
DEBUG 2026-06-08 17:50:09 t_client.py:181 Client stopped, channel closed
DEBUG 2026-06-08 17:50:09 __init__.py:342 matplotlib data path: /home/kibub/miniforge3/envs/lerobot/lib/python3.12/site-packages/matplotlib/mpl-data
DEBUG 2026-06-08 17:50:09 __init__.py:342 CONFIGDIR=/home/kibub/.config/matplotlib
DEBUG 2026-06-08 17:50:09 _init__.py:1560 interactive is False
DEBUG 2026-06-08 17:50:09 _init__.py:1561 platform is linux
DEBUG 2026-06-08 17:50:09 __init__.py:342 CACHEDIR=/home/kibub/.cache/matplotlib
DEBUG 2026-06-08 17:50:09 manager.py:1635 Using fontManager instance from /home/kibub/.cache/matplotlib/fontlist-v390.json
DEBUG 2026-06-08 17:50:09 b/pyplot.py:496 Loaded backend agg version v2.2.
DEBUG 2026-06-08 17:50:09 manager.py:1471 findfont: Matching sans\-serif:style=normal:variant=normal:weight=normal:stretch=normal:size=10.0.
DEBUG 2026-06-08 17:50:09 manager.py:1483 findfont: score(FontEntry(fname='/home/kibub/miniforge3/envs/lerobot/lib/python3.12/site-packages/matplotlib/mpl-data/fonts/ttf/STIXSizOneSymReg.ttf', name='STIXSizeOneSym', style='normal', variant='normal', weight=400, stretch='normal', size='scalable')) = 10.05
DEBUG 2026-06-08 17:50:09 manager.py:1483 findfont: score(FontEntry(fname='/home/kibub/miniforge3/envs/lerobot/lib/python3.12/site-packages/matplotlib/mpl-data/fonts/ttf/STIXSizFourSymBol.ttf', name='STIXSizeFourSym', style='normal', variant='normal', weight=700, stretch='normal', size='scalable')) = 10.335
DEBUG 2026-06-08 17:50:09 manager.py:1483 findfont: score(FontEntry(fname='/home/kibub/miniforge3/envs/lerobot/lib/python3.12/site-packages/matplotlib/mpl-data/fonts/ttf/STIXSizTwoSymReg.ttf', name='STIXSizeTwoSym', style='normal', variant='normal', weight=400, stretch='normal', size='scalable')) = 10.05
DEBUG 2026-06-08 17:50:09 manager.py:1483 findfont: score(FontEntry(fname='/home/kibub/miniforge3/envs/lerobot/lib/python3.12/site-packages/matplotlib/mpl-data/fonts/ttf/DejaVuSans-Bold.ttf', name='DejaVu Sans', style='normal', variant='normal', weight=700, stretch='normal', size='scalable')) = 0.33499999999999996
DEBUG 2026-06-08 17:50:09 manager.py:1483 findfont: score(FontEntry(fname='/home/kibub/miniforge3/envs/lerobot/lib/python3.12/site-packages/matplotlib/mpl-data/fonts/ttf/DejaVuSerif-Bold.ttf', name='DejaVu Serif', style='normal', variant='normal', weight=700, stretch='normal', size='scalable')) = 10.335
DEBUG 2026-06-08 17:50:09 manager.py:1483 findfont: score(FontEntry(fname='/home/kibub/miniforge3/envs/lerobot/lib/python3.12/site-packages/matplotlib/mpl-data/fonts/ttf/DejaVuSansMono-Oblique.ttf', name='DejaVu Sans Mono', style='oblique', variant='normal', weight=400, stretch='normal', size='scalable')) = 11.05
DEBUG 2026-06-08 17:50:09 manager.py:1483 findfont: score(FontEntry(fname='/home/kibub/miniforge3/envs/lerobot/lib/python3.12/site-packages/matplotlib/mpl-data/fonts/ttf/STIXSizTwoSymBol.ttf', name='STIXSizeTwoSym', style='normal', variant='normal', weight=700, stretch='normal', size='scalable')) = 10.335
DEBUG 2026-06-08 17:50:09 manager.py:1483 findfont: score(FontEntry(fname='/home/kibub/miniforge3/envs/lerobot/lib/python3.12/site-packages/matplotlib/mpl-data/fonts/ttf/STIXGeneralBol.ttf', name='STIXGeneral', style='normal', variant='normal', weight=700, stretch='normal', size='scalable')) = 10.335
DEBUG 2026-06-08 17:50:09 manager.py:1483 findfont: score(FontEntry(fname='/home/kibub/miniforge3/envs/lerobot/lib/python3.12/site-packages/matplotlib/mpl-data/fonts/ttf/STIXSizFiveSymReg.ttf', name='STIXSizeFiveSym', style='normal', variant='normal', weight=400, stretch='normal', size='scalable')) = 10.05
DEBUG 2026-06-08 17:50:09 manager.py:1483 findfont: score(FontEntry(fname='/home/kibub/miniforge3/envs/lerobot/lib/python3.12/site-packages/matplotlib/mpl-data/fonts/ttf/DejaVuSansMono-BoldOblique.ttf', name='DejaVu Sans Mono', style='oblique', variant='normal', weight=700, stretch='normal', size='scalable')) = 11.335
DEBUG 2026-06-08 17:50:09 manager.py:1483 findfont: score(FontEntry(fname='/home/kibub/miniforge3/envs/lerobot/lib/python3.12/site-packages/matplotlib/mpl-data/fonts/ttf/DejaVuSans-Oblique.ttf', name='DejaVu Sans', style='oblique', variant='normal', weight=400, stretch='normal', size='scalable')) = 1.05
DEBUG 2026-06-08 17:50:09 manager.py:1483 findfont: score(FontEntry(fname='/home/kibub/miniforge3/envs/lerobot/lib/python3.12/site-packages/matplotlib/mpl-data/fonts/ttf/DejaVuSansMono-Bold.ttf', name='DejaVu Sans Mono', style='normal', variant='normal', weight=700, stretch='normal', size='scalable')) = 10.335
DEBUG 2026-06-08 17:50:09 manager.py:1483 findfont: score(FontEntry(fname='/home/kibub/miniforge3/envs/lerobot/lib/python3.12/site-packages/matplotlib/mpl-data/fonts/ttf/DejaVuSerif.ttf', name='DejaVu Serif', style='normal', variant='normal', weight=400, stretch='normal', size='scalable')) = 10.05
DEBUG 2026-06-08 17:50:09 manager.py:1483 findfont: score(FontEntry(fname='/home/kibub/miniforge3/envs/lerobot/lib/python3.12/site-packages/matplotlib/mpl-data/fonts/ttf/cmtt10.ttf', name='cmtt10', style='normal', variant='normal', weight=400, stretch='normal', size='scalable')) = 10.05
DEBUG 2026-06-08 17:50:09 manager.py:1483 findfont: score(FontEntry(fname='/home/kibub/miniforge3/envs/lerobot/lib/python3.12/site-packages/matplotlib/mpl-data/fonts/ttf/DejaVuSerifDisplay.ttf', name='DejaVu Serif Display', style='normal', variant='normal', weight=400, stretch='normal', size='scalable')) = 10.05
DEBUG 2026-06-08 17:50:09 manager.py:1483 findfont: score(FontEntry(fname='/home/kibub/miniforge3/envs/lerobot/lib/python3.12/site-packages/matplotlib/mpl-data/fonts/ttf/STIXSizOneSymBol.ttf', name='STIXSizeOneSym', style='normal', variant='normal', weight=700, stretch='normal', size='scalable')) = 10.335
DEBUG 2026-06-08 17:50:09 manager.py:1483 findfont: score(FontEntry(fname='/home/kibub/miniforge3/envs/lerobot/lib/python3.12/site-packages/matplotlib/mpl-data/fonts/ttf/STIXGeneral.ttf', name='STIXGeneral', style='normal', variant='normal', weight=400, stretch='normal', size='scalable')) = 10.05
DEBUG 2026-06-08 17:50:09 manager.py:1483 findfont: score(FontEntry(fname='/home/kibub/miniforge3/envs/lerobot/lib/python3.12/site-packages/matplotlib/mpl-data/fonts/ttf/cmb10.ttf', name='cmb10', style='normal', variant='normal', weight=400, stretch='normal', size='scalable')) = 10.05
DEBUG 2026-06-08 17:50:09 manager.py:1483 findfont: score(FontEntry(fname='/home/kibub/miniforge3/envs/lerobot/lib/python3.12/site-packages/matplotlib/mpl-data/fonts/ttf/DejaVuSerif-Italic.ttf', name='DejaVu Serif', style='italic', variant='normal', weight=400, stretch='normal', size='scalable')) = 11.05
DEBUG 2026-06-08 17:50:09 manager.py:1483 findfont: score(FontEntry(fname='/home/kibub/miniforge3/envs/lerobot/lib/python3.12/site-packages/matplotlib/mpl-data/fonts/ttf/STIXSizFourSymReg.ttf', name='STIXSizeFourSym', style='normal', variant='normal', weight=400, stretch='normal', size='scalable')) = 10.05
DEBUG 2026-06-08 17:50:09 manager.py:1483 findfont: score(FontEntry(fname='/home/kibub/miniforge3/envs/lerobot/lib/python3.12/site-packages/matplotlib/mpl-data/fonts/ttf/cmr10.ttf', name='cmr10', style='normal', variant='normal', weight=400, stretch='normal', size='scalable')) = 10.05
DEBUG 2026-06-08 17:50:09 manager.py:1483 findfont: score(FontEntry(fname='/home/kibub/miniforge3/envs/lerobot/lib/python3.12/site-packages/matplotlib/mpl-data/fonts/ttf/STIXSizThreeSymBol.ttf', name='STIXSizeThreeSym', style='normal', variant='normal', weight=700, stretch='normal', size='scalable')) = 10.335
DEBUG 2026-06-08 17:50:09 manager.py:1483 findfont: score(FontEntry(fname='/home/kibub/miniforge3/envs/lerobot/lib/python3.12/site-packages/matplotlib/mpl-data/fonts/ttf/DejaVuSansDisplay.ttf', name='DejaVu Sans Display', style='normal', variant='normal', weight=400, stretch='normal', size='scalable')) = 10.05
DEBUG 2026-06-08 17:50:09 manager.py:1483 findfont: score(FontEntry(fname='/home/kibub/miniforge3/envs/lerobot/lib/python3.12/site-packages/matplotlib/mpl-data/fonts/ttf/STIXGeneralItalic.ttf', name='STIXGeneral', style='italic', variant='normal', weight=400, stretch='normal', size='scalable')) = 11.05
DEBUG 2026-06-08 17:50:09 manager.py:1483 findfont: score(FontEntry(fname='/home/kibub/miniforge3/envs/lerobot/lib/python3.12/site-packages/matplotlib/mpl-data/fonts/ttf/STIXSizThreeSymReg.ttf', name='STIXSizeThreeSym', style='normal', variant='normal', weight=400, stretch='normal', size='scalable')) = 10.05
DEBUG 2026-06-08 17:50:09 manager.py:1483 findfont: score(FontEntry(fname='/home/kibub/miniforge3/envs/lerobot/lib/python3.12/site-packages/matplotlib/mpl-data/fonts/ttf/STIXNonUniBolIta.ttf', name='STIXNonUnicode', style='italic', variant='normal', weight=700, stretch='normal', size='scalable')) = 11.335
DEBUG 2026-06-08 17:50:09 manager.py:1483 findfont: score(FontEntry(fname='/home/kibub/miniforge3/envs/lerobot/lib/python3.12/site-packages/matplotlib/mpl-data/fonts/ttf/cmmi10.ttf', name='cmmi10', style='normal', variant='normal', weight=400, stretch='normal', size='scalable')) = 10.05
DEBUG 2026-06-08 17:50:09 manager.py:1483 findfont: score(FontEntry(fname='/home/kibub/miniforge3/envs/lerobot/lib/python3.12/site-packages/matplotlib/mpl-data/fonts/ttf/DejaVuSerif-BoldItalic.ttf', name='DejaVu Serif', style='italic', variant='normal', weight=700, stretch='normal', size='scalable')) = 11.335
DEBUG 2026-06-08 17:50:09 manager.py:1483 findfont: score(FontEntry(fname='/home/kibub/miniforge3/envs/lerobot/lib/python3.12/site-packages/matplotlib/mpl-data/fonts/ttf/STIXNonUniIta.ttf', name='STIXNonUnicode', style='italic', variant='normal', weight=400, stretch='normal', size='scalable')) = 11.05
DEBUG 2026-06-08 17:50:09 manager.py:1483 findfont: score(FontEntry(fname='/home/kibub/miniforge3/envs/lerobot/lib/python3.12/site-packages/matplotlib/mpl-data/fonts/ttf/DejaVuSans.ttf', name='DejaVu Sans', style='normal', variant='normal', weight=400, stretch='normal', size='scalable')) = 0.05
DEBUG 2026-06-08 17:50:09 manager.py:1483 findfont: score(FontEntry(fname='/home/kibub/miniforge3/envs/lerobot/lib/python3.12/site-packages/matplotlib/mpl-data/fonts/ttf/STIXNonUniBol.ttf', name='STIXNonUnicode', style='normal', variant='normal', weight=700, stretch='normal', size='scalable')) = 10.335
DEBUG 2026-06-08 17:50:09 manager.py:1483 findfont: score(FontEntry(fname='/home/kibub/miniforge3/envs/lerobot/lib/python3.12/site-packages/matplotlib/mpl-data/fonts/ttf/cmex10.ttf', name='cmex10', style='normal', variant='normal', weight=400, stretch='normal', size='scalable')) = 10.05
DEBUG 2026-06-08 17:50:09 manager.py:1483 findfont: score(FontEntry(fname='/home/kibub/miniforge3/envs/lerobot/lib/python3.12/site-packages/matplotlib/mpl-data/fonts/ttf/DejaVuSans-BoldOblique.ttf', name='DejaVu Sans', style='oblique', variant='normal', weight=700, stretch='normal', size='scalable')) = 1.335
DEBUG 2026-06-08 17:50:09 manager.py:1483 findfont: score(FontEntry(fname='/home/kibub/miniforge3/envs/lerobot/lib/python3.12/site-packages/matplotlib/mpl-data/fonts/ttf/STIXGeneralBolIta.ttf', name='STIXGeneral', style='italic', variant='normal', weight=700, stretch='normal', size='scalable')) = 11.335
DEBUG 2026-06-08 17:50:09 manager.py:1483 findfont: score(FontEntry(fname='/home/kibub/miniforge3/envs/lerobot/lib/python3.12/site-packages/matplotlib/mpl-data/fonts/ttf/STIXNonUni.ttf', name='STIXNonUnicode', style='normal', variant='normal', weight=400, stretch='normal', size='scalable')) = 10.05
DEBUG 2026-06-08 17:50:09 manager.py:1483 findfont: score(FontEntry(fname='/home/kibub/miniforge3/envs/lerobot/lib/python3.12/site-packages/matplotlib/mpl-data/fonts/ttf/cmsy10.ttf', name='cmsy10', style='normal', variant='normal', weight=400, stretch='normal', size='scalable')) = 10.05
DEBUG 2026-06-08 17:50:09 manager.py:1483 findfont: score(FontEntry(fname='/home/kibub/miniforge3/envs/lerobot/lib/python3.12/site-packages/matplotlib/mpl-data/fonts/ttf/cmss10.ttf', name='cmss10', style='normal', variant='normal', weight=400, stretch='normal', size='scalable')) = 10.05
DEBUG 2026-06-08 17:50:09 manager.py:1483 findfont: score(FontEntry(fname='/home/kibub/miniforge3/envs/lerobot/lib/python3.12/site-packages/matplotlib/mpl-data/fonts/ttf/DejaVuSansMono.ttf', name='DejaVu Sans Mono', style='normal', variant='normal', weight=400, stretch='normal', size='scalable')) = 10.05
DEBUG 2026-06-08 17:50:09 manager.py:1483 findfont: score(FontEntry(fname='/usr/share/fonts/truetype/noto/NotoSansNKo-Regular.ttf', name='Noto Sans NKo', style='normal', variant='normal', weight=400, stretch='normal', size='scalable')) = 10.05
DEBUG 2026-06-08 17:50:09 manager.py:1483 findfont: score(FontEntry(fname='/usr/share/fonts/truetype/lato/Lato-Bold.ttf', name='Lato', style='normal', variant='normal', weight=700, stretch='normal', size='scalable')) = 10.335
DEBUG 2026-06-08 17:50:09 manager.py:1483 findfont: score(FontEntry(fname='/usr/share/fonts/truetype/ubuntu/UbuntuMono-Italic[wght].ttf', name='Ubuntu Mono', style='italic', variant='normal', weight=400, stretch='normal', size='scalable')) = 11.05
DEBUG 2026-06-08 17:50:09 manager.py:1483 findfont: score(FontEntry(fname='/usr/share/fonts/truetype/noto/NotoSansLydian-Regular.ttf', name='Noto Sans Lydian', style='normal', variant='normal', weight=400, stretch='normal', size='scalable')) = 10.05
DEBUG 2026-06-08 17:50:09 manager.py:1483 findfont: score(FontEntry(fname='/usr/share/fonts/truetype/noto/NotoSansHebrew-Regular.ttf', name='Noto Sans Hebrew', style='normal', variant='normal', weight=400, stretch='normal', size='scalable')) = 10.05
DEBUG 2026-06-08 17:50:09 manager.py:1483 findfont: score(FontEntry(fname='/usr/share/fonts/truetype/noto/NotoSansTagbanwa-Regular.ttf', name='Noto Sans Tagbanwa', style='normal', variant='normal', weight=400, stretch='normal', size='scalable')) = 10.05
DEBUG 2026-06-08 17:50:09 manager.py:1483 findfont: score(FontEntry(fname='/usr/share/fonts/truetype/noto/NotoSerifKhojki-Regular.ttf', name='Noto Serif Khojki', style='normal', variant='normal', weight=400, stretch='normal', size='scalable')) = 10.05
DEBUG 2026-06-08 17:50:09 manager.py:1483 findfont: score(FontEntry(fname='/usr/share/fonts/truetype/noto/NotoSansSoraSompeng-Bold.ttf', name='Noto Sans Sora Sompeng', style='normal', variant='normal', weight=700, stretch='normal', size='scalable')) = 10.335
DEBUG 2026-06-08 17:50:09 manager.py:1483 findfont: score(FontEntry(fname='/usr/share/fonts/truetype/noto/NotoSerifTelugu-Regular.ttf', name='Noto Serif Telugu', style='normal', variant='normal', weight=400, stretch='normal', size='scalable')) = 10.05
DEBUG 2026-06-08 17:50:09 manager.py:1483 findfont: score(FontEntry(fname='/usr/share/fonts/truetype/noto/NotoSansNewTaiLue-Regular.ttf', name='Noto Sans New Tai Lue', style='normal', variant='normal', weight=400, stretch='normal', size='scalable')) = 10.05
DEBUG 2026-06-08 17:50:09 manager.py:1483 findfont: score(FontEntry(fname='/usr/share/fonts/opentype/urw-base35/P052-BoldItalic.otf', name='P052', style='italic', variant='normal', weight=700, stretch='normal', size='scalable')) = 11.335
DEBUG 2026-06-08 17:50:09 manager.py:1483 findfont: score(FontEntry(fname='/usr/share/fonts/truetype/noto/NotoMono-Regular.ttf', name='Noto Mono', style='normal', variant='normal', weight=400, stretch='normal', size='scalable')) = 10.05
DEBUG 2026-06-08 17:50:09 manager.py:1483 findfont: score(FontEntry(fname='/usr/share/fonts/truetype/noto/NotoSansKannada-Bold.ttf', name='Noto Sans Kannada', style='normal', variant='normal', weight=700, stretch='normal', size='scalable')) = 10.335
DEBUG 2026-06-08 17:50:09 manager.py:1483 findfont: score(FontEntry(fname='/usr/share/fonts/truetype/noto/NotoSansTamil-Bold.ttf', name='Noto Sans Tamil', style='normal', variant='normal', weight=700, stretch='normal', size='scalable')) = 10.335
DEBUG 2026-06-08 17:50:09 manager.py:1483 findfont: score(FontEntry(fname='/usr/share/fonts/truetype/noto/NotoSansBengali-Regular.ttf', name='Noto Sans Bengali', style='normal', variant='normal', weight=400, stretch='normal', size='scalable')) = 10.05
DEBUG 2026-06-08 17:50:09 manager.py:1483 findfont: score(FontEntry(fname='/usr/share/fonts/truetype/noto/NotoSansTifinagh-Regular.ttf', name='Noto Sans Tifinagh', style='normal', variant='normal', weight=400, stretch='normal', size='scalable')) = 10.05
DEBUG 2026-06-08 17:50:09 manager.py:1483 findfont: score(FontEntry(fname='/usr/share/fonts/truetype/noto/NotoSansTifinaghRhissaIxa-Regular.ttf', name='Noto Sans Tifinagh Rhissa Ixa', style='normal', variant='normal', weight=400, stretch='normal', size='scalable')) = 10.05
DEBUG 2026-06-08 17:50:09 manager.py:1483 findfont: score(FontEntry(fname='/usr/share/fonts/truetype/noto/NotoSansMalayalam-Regular.ttf', name='Noto Sans Malayalam', style='normal', variant='normal', weight=400, stretch='normal', size='scalable')) = 10.05
DEBUG 2026-06-08 17:50:09 manager.py:1483 findfont: score(FontEntry(fname='/usr/share/fonts/truetype/open-sans/OpenSans-ExtraBoldItalic.ttf', name='Open Sans', style='italic', variant='normal', weight=800, stretch='normal', size='scalable')) = 11.43
DEBUG 2026-06-08 17:50:09 manager.py:1483 findfont: score(FontEntry(fname='/usr/share/fonts/truetype/noto/NotoSansKhojki-Regular.ttf', name='Noto Sans Khojki', style='normal', variant='normal', weight=400, stretch='normal', size='scalable')) = 10.05
DEBUG 2026-06-08 17:50:09 manager.py:1483 findfont: score(FontEntry(fname='/usr/share/fonts/truetype/noto/NotoSansPhagsPa-Regular.ttf', name='Noto Sans PhagsPa', style='normal', variant='normal', weight=400, stretch='normal', size='scalable')) = 10.05
DEBUG 2026-06-08 17:50:09 manager.py:1483 findfont: score(FontEntry(fname='/home/kibub/miniforge3/envs/lerobot/fonts/SourceCodePro-Medium.ttf', name='Source Code Pro', style='normal', variant='normal', weight=500, stretch='normal', size='scalable')) = 10.145
DEBUG 2026-06-08 17:50:09 manager.py:1483 findfont: score(FontEntry(fname='/usr/share/fonts/truetype/noto/NotoSans-Bold.ttf', name='Noto Sans', style='normal', variant='normal', weight=700, stretch='normal', size='scalable')) = 10.335
DEBUG 2026-06-08 17:50:09 manager.py:1483 findfont: score(FontEntry(fname='/usr/share/fonts/truetype/noto/NotoKufiArabic-Bold.ttf', name='Noto Kufi Arabic', style='normal', variant='normal', weight=700, stretch='normal', size='scalable')) = 10.335
DEBUG 2026-06-08 17:50:09 manager.py:1483 findfont: score(FontEntry(fname='/usr/share/fonts/truetype/noto/NotoSansBengali-Bold.ttf', name='Noto Sans Bengali', style='normal', variant='normal', weight=700, stretch='normal', size='scalable')) = 10.335
DEBUG 2026-06-08 17:50:09 manager.py:1483 findfont: score(FontEntry(fname='/usr/share/fonts/truetype/noto/NotoSansPalmyrene-Regular.ttf', name='Noto Sans Palmyrene', style='normal', variant='normal', weight=400, stretch='normal', size='scalable')) = 10.05
DEBUG 2026-06-08 17:50:09 manager.py:1483 findfont: score(FontEntry(fname='/usr/share/fonts/opentype/urw-base35/C059-Bold.otf', name='C059', style='normal', variant='normal', weight=700, stretch='normal', size='scalable')) = 10.335
DEBUG 2026-06-08 17:50:09 manager.py:1483 findfont: score(FontEntry(fname='/usr/share/fonts/truetype/open-sans/OpenSans-Semibold.ttf', name='Open Sans', style='normal', variant='normal', weight=600, stretch='normal', size='scalable')) = 10.24
DEBUG 2026-06-08 17:50:09 manager.py:1483 findfont: score(FontEntry(fname='/home/kibub/miniforge3/envs/lerobot/fonts/SourceCodePro-Bold.ttf', name='Source Code Pro', style='normal', variant='normal', weight=700, stretch='normal', size='scalable')) = 10.335
DEBUG 2026-06-08 17:50:09 manager.py:1483 findfont: score(FontEntry(fname='/usr/share/fonts/truetype/liberation/LiberationSans-Bold.ttf', name='Liberation Sans', style='normal', variant='normal', weight=700, stretch='normal', size='scalable')) = 10.335
DEBUG 2026-06-08 17:50:09 manager.py:1483 findfont: score(FontEntry(fname='/usr/share/fonts/truetype/noto/NotoSerif-Bold.ttf', name='Noto Serif', style='normal', variant='normal', weight=700, stretch='normal', size='scalable')) = 10.335
DEBUG 2026-06-08 17:50:09 manager.py:1483 findfont: score(FontEntry(fname='/usr/share/fonts/truetype/noto/NotoSansGlagolitic-Regular.ttf', name='Noto Sans Glagolitic', style='normal', variant='normal', weight=400, stretch='normal', size='scalable')) = 10.05
DEBUG 2026-06-08 17:50:09 manager.py:1483 findfont: score(FontEntry(fname='/home/kibub/miniforge3/envs/lerobot/fonts/SourceCodePro-Light.ttf', name='Source Code Pro', style='normal', variant='normal', weight=300, stretch='normal', size='scalable')) = 10.145
DEBUG 2026-06-08 17:50:09 manager.py:1483 findfont: score(FontEntry(fname='/usr/share/fonts/opentype/urw-base35/P052-Italic.otf', name='P052', style='italic', variant='normal', weight=400, stretch='normal', size='scalable')) = 11.05
DEBUG 2026-06-08 17:50:09 manager.py:1483 findfont: score(FontEntry(fname='/usr/share/fonts/truetype/noto/NotoSerifMalayalam-Regular.ttf', name='Noto Serif Malayalam', style='normal', variant='normal', weight=400, stretch='normal', size='scalable')) = 10.05
DEBUG 2026-06-08 17:50:09 manager.py:1483 findfont: score(FontEntry(fname='/usr/share/fonts/opentype/noto/NotoSansCJK-Regular.ttc', name='Noto Sans CJK JP', style='normal', variant='normal', weight=400, stretch='normal', size='scalable')) = 10.05
DEBUG 2026-06-08 17:50:09 manager.py:1483 findfont: score(FontEntry(fname='/usr/share/fonts/opentype/urw-base35/C059-Italic.otf', name='C059', style='italic', variant='normal', weight=400, stretch='normal', size='scalable')) = 11.05
DEBUG 2026-06-08 17:50:09 manager.py:1483 findfont: score(FontEntry(fname='/usr/share/fonts/truetype/noto/NotoSansPahawhHmong-Regular.ttf', name='Noto Sans Pahawh Hmong', style='normal', variant='normal', weight=400, stretch='normal', size='scalable')) = 10.05
DEBUG 2026-06-08 17:50:09 manager.py:1483 findfont: score(FontEntry(fname='/usr/share/fonts/truetype/noto/NotoSansPhoenician-Regular.ttf', name='Noto Sans Phoenician', style='normal', variant='normal', weight=400, stretch='normal', size='scalable')) = 10.05
DEBUG 2026-06-08 17:50:09 manager.py:1483 findfont: score(FontEntry(fname='/usr/share/fonts/truetype/noto/NotoSansLinearA-Regular.ttf', name='Noto Sans Linear A', style='normal', variant='normal', weight=400, stretch='normal', size='scalable')) = 10.05
DEBUG 2026-06-08 17:50:09 manager.py:1483 findfont: score(FontEntry(fname='/usr/share/fonts/truetype/noto/NotoSansAvestan-Regular.ttf', name='Noto Sans Avestan', style='normal', variant='normal', weight=400, stretch='normal', size='scalable')) = 10.05
DEBUG 2026-06-08 17:50:09 manager.py:1483 findfont: score(FontEntry(fname='/usr/share/fonts/truetype/noto/NotoNaskhArabic-Regular.ttf', name='Noto Naskh Arabic', style='normal', variant='normal', weight=400, stretch='normal', size='scalable')) = 10.05
DEBUG 2026-06-08 17:50:09 manager.py:1483 findfont: score(FontEntry(fname='/usr/share/fonts/truetype/noto/NotoSansPauCinHau-Regular.ttf', name='Noto Sans Pau Cin Hau', style='normal', variant='normal', weight=400, stretch='normal', size='scalable')) = 10.05
DEBUG 2026-06-08 17:50:09 manager.py:1483 findfont: score(FontEntry(fname='/usr/share/fonts/truetype/noto/NotoSansKhmer-Regular.ttf', name='Noto Sans Khmer', style='normal', variant='normal', weight=400, stretch='normal', size='scalable')) = 10.05
DEBUG 2026-06-08 17:50:09 manager.py:1483 findfont: score(FontEntry(fname='/usr/share/fonts/truetype/noto/NotoSansTelugu-Regular.ttf', name='Noto Sans Telugu', style='normal', variant='normal', weight=400, stretch='normal', size='scalable')) = 10.05
DEBUG 2026-06-08 17:50:09 manager.py:1483 findfont: score(FontEntry(fname='/usr/share/fonts/truetype/noto/NotoSansLisu-Bold.ttf', name='Noto Sans Lisu', style='normal', variant='normal', weight=700, stretch='normal', size='scalable')) = 10.335
DEBUG 2026-06-08 17:50:09 manager.py:1483 findfont: score(FontEntry(fname='/usr/share/fonts/truetype/noto/NotoSansLao-Bold.ttf', name='Noto Sans Lao', style='normal', variant='normal', weight=700, stretch='normal', size='scalable')) = 10.335
DEBUG 2026-06-08 17:50:09 manager.py:1483 findfont: score(FontEntry(fname='/usr/share/fonts/truetype/liberation/LiberationSansNarrow-BoldItalic.ttf', name='Liberation Sans Narrow', style='italic', variant='normal', weight=700, stretch='condensed', size='scalable')) = 11.535
DEBUG 2026-06-08 17:50:09 manager.py:1483 findfont: score(FontEntry(fname='/usr/share/fonts/truetype/noto/NotoSansOgham-Regular.ttf', name='Noto Sans Ogham', style='normal', variant='normal', weight=400, stretch='normal', size='scalable')) = 10.05
DEBUG 2026-06-08 17:50:09 manager.py:1483 findfont: score(FontEntry(fname='/usr/share/fonts/opentype/urw-base35/NimbusSans-Italic.otf', name='Nimbus Sans', style='italic', variant='normal', weight=400, stretch='normal', size='scalable')) = 11.05
DEBUG 2026-06-08 17:50:09 manager.py:1483 findfont: score(FontEntry(fname='/usr/share/fonts/truetype/noto/NotoSansKayahLi-Regular.ttf', name='Noto Sans Kayah Li', style='normal', variant='normal', weight=400, stretch='normal', size='scalable')) = 10.05
DEBUG 2026-06-08 17:50:09 manager.py:1483 findfont: score(FontEntry(fname='/usr/share/fonts/truetype/noto/NotoSansGeorgian-Regular.ttf', name='Noto Sans Georgian', style='normal', variant='normal', weight=400, stretch='normal', size='scalable')) = 10.05
DEBUG 2026-06-08 17:50:09 manager.py:1483 findfont: score(FontEntry(fname='/usr/share/fonts/truetype/noto/NotoSerifTangut-Regular.ttf', name='Noto Serif Tangut', style='normal', variant='normal', weight=400, stretch='normal', size='scalable')) = 10.05
DEBUG 2026-06-08 17:50:09 manager.py:1483 findfont: score(FontEntry(fname='/usr/share/fonts/truetype/open-sans/OpenSans-ExtraBold.ttf', name='Open Sans', style='normal', variant='normal', weight=800, stretch='normal', size='scalable')) = 10.43
DEBUG 2026-06-08 17:50:09 manager.py:1483 findfont: score(FontEntry(fname='/usr/share/fonts/truetype/noto/NotoSansMono-Regular.ttf', name='Noto Sans Mono', style='normal', variant='normal', weight=400, stretch='normal', size='scalable')) = 10.05
DEBUG 2026-06-08 17:50:09 manager.py:1483 findfont: score(FontEntry(fname='/usr/share/fonts/truetype/noto/NotoSerifEthiopic-Regular.ttf', name='Noto Serif Ethiopic', style='normal', variant='normal', weight=400, stretch='normal', size='scalable')) = 10.05
DEBUG 2026-06-08 17:50:09 manager.py:1483 findfont: score(FontEntry(fname='/usr/share/fonts/truetype/noto/NotoNastaliqUrdu-Bold.ttf', name='Noto Nastaliq Urdu', style='normal', variant='normal', weight=400, stretch='normal', size='scalable')) = 10.05
DEBUG 2026-06-08 17:50:09 manager.py:1483 findfont: score(FontEntry(fname='/usr/share/fonts/truetype/lato/Lato-HeavyItalic.ttf', name='Lato', style='italic', variant='normal', weight=800, stretch='normal', size='scalable')) = 11.43
DEBUG 2026-06-08 17:50:09 manager.py:1483 findfont: score(FontEntry(fname='/usr/share/fonts/truetype/open-sans/OpenSans-LightItalic.ttf', name='Open Sans', style='italic', variant='normal', weight=300, stretch='normal', size='scalable')) = 11.145
DEBUG 2026-06-08 17:50:09 manager.py:1483 findfont: score(FontEntry(fname='/usr/share/fonts/truetype/noto/NotoSansTirhuta-Regular.ttf', name='Noto Sans Tirhuta', style='normal', variant='normal', weight=400, stretch='normal', size='scalable')) = 10.05
DEBUG 2026-06-08 17:50:09 manager.py:1483 findfont: score(FontEntry(fname='/home/kibub/miniforge3/envs/lerobot/fonts/Ubuntu-M.ttf', name='Ubuntu', style='normal', variant='normal', weight=500, stretch='normal', size='scalable')) = 10.145
DEBUG 2026-06-08 17:50:09 manager.py:1483 findfont: score(FontEntry(fname='/usr/share/fonts/opentype/urw-base35/NimbusSansNarrow-Bold.otf', name='Nimbus Sans Narrow', style='normal', variant='normal', weight=700, stretch='condensed', size='scalable')) = 10.535
DEBUG 2026-06-08 17:50:09 manager.py:1483 findfont: score(FontEntry(fname='/usr/share/fonts/truetype/ubuntu/Ubuntu-Italic[wdth,wght].ttf', name='Ubuntu', style='italic', variant='normal', weight=400, stretch='normal', size='scalable')) = 11.05
DEBUG 2026-06-08 17:50:09 manager.py:1483 findfont: score(FontEntry(fname='/usr/share/fonts/truetype/noto/NotoSansSinhala-Bold.ttf', name='Noto Sans Sinhala', style='normal', variant='normal', weight=700, stretch='normal', size='scalable')) = 10.335
DEBUG 2026-06-08 17:50:09 manager.py:1483 findfont: score(FontEntry(fname='/usr/share/fonts/truetype/ubuntu/Ubuntu-L.ttf', name='Ubuntu', style='normal', variant='normal', weight=400, stretch='normal', size='scalable')) = 10.05
DEBUG 2026-06-08 17:50:09 manager.py:1483 findfont: score(FontEntry(fname='/usr/share/fonts/truetype/ubuntu/UbuntuMono-BI.ttf', name='Ubuntu Mono', style='italic', variant='normal', weight=400, stretch='normal', size='scalable')) = 11.05
DEBUG 2026-06-08 17:50:09 manager.py:1483 findfont: score(FontEntry(fname='/usr/share/fonts/truetype/ubuntu/UbuntuSans-Italic[wdth,wght].ttf', name='Ubuntu Sans', style='italic', variant='normal', weight=400, stretch='normal', size='scalable')) = 11.05
DEBUG 2026-06-08 17:50:09 manager.py:1483 findfont: score(FontEntry(fname='/usr/share/fonts/truetype/noto/NotoSansHanifiRohingya-Bold.ttf', name='Noto Sans Hanifi Rohingya', style='normal', variant='normal', weight=700, stretch='normal', size='scalable')) = 10.335
DEBUG 2026-06-08 17:50:09 manager.py:1483 findfont: score(FontEntry(fname='/usr/share/fonts/opentype/urw-base35/StandardSymbolsPS.otf', name='Standard Symbols PS', style='normal', variant='normal', weight=400, stretch='normal', size='scalable')) = 10.05
DEBUG 2026-06-08 17:50:09 manager.py:1483 findfont: score(FontEntry(fname='/usr/share/fonts/truetype/noto/NotoSansIndicSiyaqNumbers-Regular.ttf', name='Noto Sans Indic Siyaq Numbers', style='normal', variant='normal', weight=400, stretch='normal', size='scalable')) = 10.05
DEBUG 2026-06-08 17:50:09 manager.py:1483 findfont: score(FontEntry(fname='/usr/share/fonts/truetype/noto/NotoSansSiddham-Regular.ttf', name='Noto Sans Siddham', style='normal', variant='normal', weight=400, stretch='normal', size='scalable')) = 10.05
DEBUG 2026-06-08 17:50:09 manager.py:1483 findfont: score(FontEntry(fname='/usr/share/fonts/truetype/liberation/LiberationSerif-Italic.ttf', name='Liberation Serif', style='italic', variant='normal', weight=400, stretch='normal', size='scalable')) = 11.05
DEBUG 2026-06-08 17:50:09 manager.py:1483 findfont: score(FontEntry(fname='/usr/share/fonts/truetype/noto/NotoSansMedefaidrin-Bold.ttf', name='Noto Sans Medefaidrin', style='normal', variant='normal', weight=700, stretch='normal', size='scalable')) = 10.335
DEBUG 2026-06-08 17:50:09 manager.py:1483 findfont: score(FontEntry(fname='/usr/share/fonts/opentype/urw-base35/P052-Roman.otf', name='P052', style='normal', variant='normal', weight=400, stretch='normal', size='scalable')) = 10.05
DEBUG 2026-06-08 17:50:09 manager.py:1483 findfont: score(FontEntry(fname='/home/kibub/miniforge3/envs/lerobot/fonts/Inconsolata-Bold.ttf', name='Inconsolata', style='normal', variant='normal', weight=700, stretch='normal', size='scalable')) = 10.335
DEBUG 2026-06-08 17:50:09 manager.py:1483 findfont: score(FontEntry(fname='/usr/share/fonts/truetype/noto/NotoTraditionalNushu-Regular.ttf', name='Noto Traditional Nushu', style='normal', variant='normal', weight=400, stretch='normal', size='scalable')) = 10.05
DEBUG 2026-06-08 17:50:09 manager.py:1483 findfont: score(FontEntry(fname='/usr/share/fonts/truetype/noto/NotoSansOldSogdian-Regular.ttf', name='Noto Sans Old Sogdian', style='normal', variant='normal', weight=400, stretch='normal', size='scalable')) = 10.05
DEBUG 2026-06-08 17:50:09 manager.py:1483 findfont: score(FontEntry(fname='/usr/share/fonts/truetype/noto/NotoSansDisplay-Bold.ttf', name='Noto Sans Display', style='normal', variant='normal', weight=700, stretch='normal', size='scalable')) = 10.335
DEBUG 2026-06-08 17:50:09 manager.py:1483 findfont: score(FontEntry(fname='/usr/share/fonts/opentype/urw-base35/NimbusSans-BoldItalic.otf', name='Nimbus Sans', style='italic', variant='normal', weight=700, stretch='normal', size='scalable')) = 11.335
DEBUG 2026-06-08 17:50:09 manager.py:1483 findfont: score(FontEntry(fname='/usr/share/fonts/truetype/noto/NotoSansLycian-Regular.ttf', name='Noto Sans Lycian', style='normal', variant='normal', weight=400, stretch='normal', size='scalable')) = 10.05
DEBUG 2026-06-08 17:50:09 manager.py:1483 findfont: score(FontEntry(fname='/usr/share/fonts/truetype/noto/NotoSansShavian-Regular.ttf', name='Noto Sans Shavian', style='normal', variant='normal', weight=400, stretch='normal', size='scalable')) = 10.05
DEBUG 2026-06-08 17:50:09 manager.py:1483 findfont: score(FontEntry(fname='/usr/share/fonts/truetype/noto/NotoSansBalinese-Regular.ttf', name='Noto Sans Balinese', style='normal', variant='normal', weight=400, stretch='normal', size='scalable')) = 10.05
DEBUG 2026-06-08 17:50:09 manager.py:1483 findfont: score(FontEntry(fname='/usr/share/fonts/truetype/lato/Lato-Medium.ttf', name='Lato', style='normal', variant='normal', weight=500, stretch='normal', size='scalable')) = 10.145
DEBUG 2026-06-08 17:50:09 manager.py:1483 findfont: score(FontEntry(fname='/usr/share/fonts/opentype/urw-base35/C059-Roman.otf', name='C059', style='normal', variant='normal', weight=400, stretch='normal', size='scalable')) = 10.05
DEBUG 2026-06-08 17:50:09 manager.py:1483 findfont: score(FontEntry(fname='/usr/share/fonts/truetype/noto/NotoSerifEthiopic-Bold.ttf', name='Noto Serif Ethiopic', style='normal', variant='normal', weight=700, stretch='normal', size='scalable')) = 10.335
DEBUG 2026-06-08 17:50:09 manager.py:1483 findfont: score(FontEntry(fname='/usr/share/fonts/opentype/urw-base35/NimbusSans-Bold.otf', name='Nimbus Sans', style='normal', variant='normal', weight=700, stretch='normal', size='scalable')) = 10.335
DEBUG 2026-06-08 17:50:09 manager.py:1483 findfont: score(FontEntry(fname='/usr/share/fonts/truetype/noto/NotoSansOldItalic-Regular.ttf', name='Noto Sans Old Italic', style='italic', variant='normal', weight=400, stretch='normal', size='scalable')) = 11.05
DEBUG 2026-06-08 17:50:09 manager.py:1483 findfont: score(FontEntry(fname='/usr/share/fonts/truetype/noto/NotoSansTifinaghAhaggar-Regular.ttf', name='Noto Sans Tifinagh Ahaggar', style='normal', variant='normal', weight=400, stretch='normal', size='scalable')) = 10.05
DEBUG 2026-06-08 17:50:09 manager.py:1483 findfont: score(FontEntry(fname='/usr/share/fonts/truetype/noto/NotoSansArabic-Bold.ttf', name='Noto Sans Arabic', style='normal', variant='normal', weight=700, stretch='normal', size='scalable')) = 10.335
DEBUG 2026-06-08 17:50:09 manager.py:1483 findfont: score(FontEntry(fname='/usr/share/fonts/truetype/noto/NotoSansDuployan-Regular.ttf', name='Noto Sans Duployan', style='normal', variant='normal', weight=400, stretch='normal', size='scalable')) = 10.05
DEBUG 2026-06-08 17:50:09 manager.py:1483 findfont: score(FontEntry(fname='/usr/share/fonts/truetype/noto/NotoSansWarangCiti-Regular.ttf', name='Noto Sans Warang Citi', style='normal', variant='normal', weight=400, stretch='normal', size='scalable')) = 10.05
DEBUG 2026-06-08 17:50:09 manager.py:1483 findfont: score(FontEntry(fname='/usr/share/fonts/truetype/noto/NotoSansSundanese-Regular.ttf', name='Noto Sans Sundanese', style='normal', variant='normal', weight=400, stretch='normal', size='scalable')) = 10.05
DEBUG 2026-06-08 17:50:09 manager.py:1483 findfont: score(FontEntry(fname='/usr/share/fonts/truetype/noto/NotoSansSoyombo-Regular.ttf', name='Noto Sans Soyombo', style='normal', variant='normal', weight=400, stretch='normal', size='scalable')) = 10.05
DEBUG 2026-06-08 17:50:09 manager.py:1483 findfont: score(FontEntry(fname='/usr/share/fonts/truetype/noto/NotoSansCarian-Regular.ttf', name='Noto Sans Carian', style='normal', variant='normal', weight=400, stretch='normal', size='scalable')) = 10.05
DEBUG 2026-06-08 17:50:09 manager.py:1483 findfont: score(FontEntry(fname='/usr/share/fonts/truetype/noto/NotoSerifHebrew-Regular.ttf', name='Noto Serif Hebrew', style='normal', variant='normal', weight=400, stretch='normal', size='scalable')) = 10.05
DEBUG 2026-06-08 17:50:09 manager.py:1483 findfont: score(FontEntry(fname='/usr/share/fonts/truetype/noto/NotoSansCanadianAboriginal-Regular.ttf', name='Noto Sans Canadian Aboriginal', style='normal', variant='normal', weight=400, stretch='normal', size='scalable')) = 10.05
DEBUG 2026-06-08 17:50:09 manager.py:1483 findfont: score(FontEntry(fname='/usr/share/fonts/truetype/noto/NotoSans-Italic.ttf', name='Noto Sans', style='italic', variant='normal', weight=400, stretch='normal', size='scalable')) = 11.05
DEBUG 2026-06-08 17:50:09 manager.py:1483 findfont: score(FontEntry(fname='/usr/share/fonts/truetype/noto/NotoSansKharoshthi-Regular.ttf', name='Noto Sans Kharoshthi', style='normal', variant='normal', weight=400, stretch='normal', size='scalable')) = 10.05
DEBUG 2026-06-08 17:50:09 manager.py:1483 findfont: score(FontEntry(fname='/usr/share/fonts/truetype/noto/NotoSerif-Italic.ttf', name='Noto Serif', style='italic', variant='normal', weight=400, stretch='normal', size='scalable')) = 11.05
DEBUG 2026-06-08 17:50:09 manager.py:1483 findfont: score(FontEntry(fname='/usr/share/fonts/truetype/noto/NotoSerifMyanmar-Regular.ttf', name='Noto Serif Myanmar', style='normal', variant='normal', weight=400, stretch='normal', size='scalable')) = 10.05
DEBUG 2026-06-08 17:50:09 manager.py:1483 findfont: score(FontEntry(fname='/usr/share/fonts/truetype/noto/NotoSerifNyiakengPuachueHmong-Regular.ttf', name='Noto Serif Hmong Nyiakeng', style='normal', variant='normal', weight=400, stretch='normal', size='scalable')) = 10.05
DEBUG 2026-06-08 17:50:09 manager.py:1483 findfont: score(FontEntry(fname='/usr/share/fonts/truetype/ubuntu/Ubuntu-B.ttf', name='Ubuntu', style='normal', variant='normal', weight=400, stretch='normal', size='scalable')) = 10.05
DEBUG 2026-06-08 17:50:09 manager.py:1483 findfont: score(FontEntry(fname='/usr/share/fonts/truetype/noto/NotoSerifGeorgian-Regular.ttf', name='Noto Serif Georgian', style='normal', variant='normal', weight=400, stretch='normal', size='scalable')) = 10.05
DEBUG 2026-06-08 17:50:09 manager.py:1483 findfont: score(FontEntry(fname='/usr/share/fonts/truetype/noto/NotoSansTaiTham-Regular.ttf', name='Noto Sans Tai Tham', style='normal', variant='normal', weight=400, stretch='normal', size='scalable')) = 10.05
DEBUG 2026-06-08 17:50:09 manager.py:1483 findfont: score(FontEntry(fname='/usr/share/fonts/truetype/droid/DroidSansFallbackFull.ttf', name='Droid Sans Fallback', style='normal', variant='normal', weight=400, stretch='normal', size='scalable')) = 10.05
DEBUG 2026-06-08 17:50:09 manager.py:1483 findfont: score(FontEntry(fname='/home/kibub/miniforge3/envs/lerobot/fonts/SourceCodePro-ExtraLight.ttf', name='Source Code Pro', style='normal', variant='normal', weight=200, stretch='normal', size='scalable')) = 10.24
DEBUG 2026-06-08 17:50:09 manager.py:1483 findfont: score(FontEntry(fname='/usr/share/fonts/truetype/noto/NotoSansCoptic-Regular.ttf', name='Noto Sans Coptic', style='normal', variant='normal', weight=400, stretch='normal', size='scalable')) = 10.05
DEBUG 2026-06-08 17:50:09 manager.py:1483 findfont: score(FontEntry(fname='/usr/share/fonts/truetype/noto/NotoSansYi-Regular.ttf', name='Noto Sans Yi', style='normal', variant='normal', weight=400, stretch='normal', size='scalable')) = 10.05
DEBUG 2026-06-08 17:50:09 manager.py:1483 findfont: score(FontEntry(fname='/usr/share/fonts/truetype/noto/NotoSansCherokee-Regular.ttf', name='Noto Sans Cherokee', style='normal', variant='normal', weight=400, stretch='normal', size='scalable')) = 10.05
DEBUG 2026-06-08 17:50:09 manager.py:1483 findfont: score(FontEntry(fname='/usr/share/fonts/truetype/lato/Lato-BlackItalic.ttf', name='Lato', style='italic', variant='normal', weight=900, stretch='normal', size='scalable')) = 11.525
DEBUG 2026-06-08 17:50:09 manager.py:1483 findfont: score(FontEntry(fname='/usr/share/fonts/truetype/noto/NotoSansMalayalam-Bold.ttf', name='Noto Sans Malayalam', style='normal', variant='normal', weight=700, stretch='normal', size='scalable')) = 10.335
DEBUG 2026-06-08 17:50:09 manager.py:1483 findfont: score(FontEntry(fname='/home/kibub/miniforge3/envs/lerobot/fonts/Inconsolata-Regular.ttf', name='Inconsolata', style='normal', variant='normal', weight=400, stretch='normal', size='scalable')) = 10.05
DEBUG 2026-06-08 17:50:09 manager.py:1483 findfont: score(FontEntry(fname='/usr/share/fonts/opentype/urw-base35/NimbusSansNarrow-Regular.otf', name='Nimbus Sans Narrow', style='normal', variant='normal', weight=400, stretch='condensed', size='scalable')) = 10.25
DEBUG 2026-06-08 17:50:09 manager.py:1483 findfont: score(FontEntry(fname='/usr/share/fonts/truetype/noto/NotoSansGurmukhi-Regular.ttf', name='Noto Sans Gurmukhi', style='normal', variant='normal', weight=400, stretch='normal', size='scalable')) = 10.05
DEBUG 2026-06-08 17:50:09 manager.py:1483 findfont: score(FontEntry(fname='/home/kibub/miniforge3/envs/lerobot/fonts/Ubuntu-L.ttf', name='Ubuntu', style='normal', variant='normal', weight=300, stretch='normal', size='scalable')) = 10.145
DEBUG 2026-06-08 17:50:09 manager.py:1483 findfont: score(FontEntry(fname='/usr/share/fonts/truetype/noto/NotoSansBamum-Regular.ttf', name='Noto Sans Bamum', style='normal', variant='normal', weight=400, stretch='normal', size='scalable')) = 10.05
DEBUG 2026-06-08 17:50:09 manager.py:1483 findfont: score(FontEntry(fname='/usr/share/fonts/truetype/noto/NotoSerifTamil-Bold.ttf', name='Noto Serif Tamil', style='normal', variant='normal', weight=700, stretch='normal', size='scalable')) = 10.335
DEBUG 2026-06-08 17:50:09 manager.py:1483 findfont: score(FontEntry(fname='/usr/share/fonts/truetype/noto/NotoSansTifinaghGhat-Regular.ttf', name='Noto Sans Tifinagh Ghat', style='normal', variant='normal', weight=400, stretch='normal', size='scalable')) = 10.05
DEBUG 2026-06-08 17:50:09 manager.py:1483 findfont: score(FontEntry(fname='/usr/share/fonts/truetype/liberation/LiberationSansNarrow-Italic.ttf', name='Liberation Sans Narrow', style='italic', variant='normal', weight=400, stretch='condensed', size='scalable')) = 11.25
DEBUG 2026-06-08 17:50:09 manager.py:1483 findfont: score(FontEntry(fname='/usr/share/fonts/truetype/noto/NotoSerifGeorgian-Bold.ttf', name='Noto Serif Georgian', style='normal', variant='normal', weight=700, stretch='normal', size='scalable')) = 10.335
DEBUG 2026-06-08 17:50:09 manager.py:1483 findfont: score(FontEntry(fname='/usr/share/fonts/truetype/noto/NotoSansSyriac-Regular.ttf', name='Noto Sans Syriac', style='normal', variant='normal', weight=400, stretch='normal', size='scalable')) = 10.05
DEBUG 2026-06-08 17:50:09 manager.py:1483 findfont: score(FontEntry(fname='/usr/share/fonts/truetype/noto/NotoSerifGurmukhi-Bold.ttf', name='Noto Serif Gurmukhi', style='normal', variant='normal', weight=700, stretch='normal', size='scalable')) = 10.335
DEBUG 2026-06-08 17:50:09 manager.py:1483 findfont: score(FontEntry(fname='/usr/share/fonts/opentype/urw-base35/URWGothic-Demi.otf', name='URW Gothic', style='normal', variant='normal', weight=600, stretch='normal', size='scalable')) = 10.24
DEBUG 2026-06-08 17:50:09 manager.py:1483 findfont: score(FontEntry(fname='/usr/share/fonts/truetype/open-sans/OpenSans-Bold.ttf', name='Open Sans', style='normal', variant='normal', weight=700, stretch='normal', size='scalable')) = 10.335
DEBUG 2026-06-08 17:50:09 manager.py:1483 findfont: score(FontEntry(fname='/usr/share/fonts/truetype/noto/NotoSansOlChiki-Regular.ttf', name='Noto Sans Ol Chiki', style='normal', variant='normal', weight=400, stretch='normal', size='scalable')) = 10.05
DEBUG 2026-06-08 17:50:09 manager.py:1483 findfont: score(FontEntry(fname='/usr/share/fonts/truetype/noto/NotoSansJavanese-Regular.ttf', name='Noto Sans Javanese', style='normal', variant='normal', weight=400, stretch='normal', size='scalable')) = 10.05
DEBUG 2026-06-08 17:50:09 manager.py:1483 findfont: score(FontEntry(fname='/usr/share/fonts/truetype/noto/NotoSansMeeteiMayek-Bold.ttf', name='Noto Sans Meetei Mayek', style='normal', variant='normal', weight=700, stretch='normal', size='scalable')) = 10.335
DEBUG 2026-06-08 17:50:09 manager.py:1483 findfont: score(FontEntry(fname='/usr/share/fonts/truetype/noto/NotoSansBatak-Regular.ttf', name='Noto Sans Batak', style='normal', variant='normal', weight=400, stretch='normal', size='scalable')) = 10.05
DEBUG 2026-06-08 17:50:09 manager.py:1483 findfont: score(FontEntry(fname='/usr/share/fonts/truetype/noto/NotoMusic-Regular.ttf', name='Noto Music', style='normal', variant='normal', weight=400, stretch='normal', size='scalable')) = 10.05
DEBUG 2026-06-08 17:50:09 manager.py:1483 findfont: score(FontEntry(fname='/usr/share/fonts/truetype/noto/NotoRashiHebrew-Regular.ttf', name='Noto Rashi Hebrew', style='normal', variant='normal', weight=400, stretch='normal', size='scalable')) = 10.05
DEBUG 2026-06-08 17:50:09 manager.py:1483 findfont: score(FontEntry(fname='/usr/share/fonts/truetype/lato/Lato-Heavy.ttf', name='Lato', style='normal', variant='normal', weight=800, stretch='normal', size='scalable')) = 10.43
DEBUG 2026-06-08 17:50:09 manager.py:1483 findfont: score(FontEntry(fname='/usr/share/fonts/truetype/ubuntu/Ubuntu-C.ttf', name='Ubuntu', style='normal', variant='normal', weight=400, stretch='normal', size='scalable')) = 10.05
DEBUG 2026-06-08 17:50:09 manager.py:1483 findfont: score(FontEntry(fname='/home/kibub/miniforge3/envs/lerobot/fonts/UbuntuMono-RI.ttf', name='Ubuntu Mono', style='italic', variant='normal', weight=400, stretch='normal', size='scalable')) = 11.05
DEBUG 2026-06-08 17:50:09 manager.py:1483 findfont: score(FontEntry(fname='/usr/share/fonts/truetype/noto/NotoSansMro-Regular.ttf', name='Noto Sans Mro', style='normal', variant='normal', weight=400, stretch='normal', size='scalable')) = 10.05
DEBUG 2026-06-08 17:50:09 manager.py:1483 findfont: score(FontEntry(fname='/usr/share/fonts/truetype/noto/NotoSerifDisplay-BoldItalic.ttf', name='Noto Serif Display', style='italic', variant='normal', weight=700, stretch='normal', size='scalable')) = 11.335
DEBUG 2026-06-08 17:50:09 manager.py:1483 findfont: score(FontEntry(fname='/usr/share/fonts/truetype/noto/NotoSansMayanNumerals-Regular.ttf', name='Noto Sans Mayan Numerals', style='normal', variant='normal', weight=400, stretch='normal', size='scalable')) = 10.05
DEBUG 2026-06-08 17:50:09 manager.py:1483 findfont: score(FontEntry(fname='/usr/share/fonts/opentype/urw-base35/URWBookman-Light.otf', name='URW Bookman', style='normal', variant='normal', weight=300, stretch='normal', size='scalable')) = 10.145
DEBUG 2026-06-08 17:50:09 manager.py:1483 findfont: score(FontEntry(fname='/usr/share/fonts/truetype/noto/NotoSansSharada-Regular.ttf', name='Noto Sans Sharada', style='normal', variant='normal', weight=400, stretch='normal', size='scalable')) = 10.05
DEBUG 2026-06-08 17:50:09 manager.py:1483 findfont: score(FontEntry(fname='/usr/share/fonts/truetype/lato/Lato-HairlineItalic.ttf', name='Lato', style='italic', variant='normal', weight=250, stretch='normal', size='scalable')) = 11.1925
DEBUG 2026-06-08 17:50:09 manager.py:1483 findfont: score(FontEntry(fname='/usr/share/fonts/opentype/urw-base35/C059-BdIta.otf', name='C059', style='italic', variant='normal', weight=700, stretch='normal', size='scalable')) = 11.335
DEBUG 2026-06-08 17:50:09 manager.py:1483 findfont: score(FontEntry(fname='/usr/share/fonts/truetype/noto/NotoSansOldSouthArabian-Regular.ttf', name='Noto Sans Old South Arabian', style='normal', variant='normal', weight=400, stretch='normal', size='scalable')) = 10.05
DEBUG 2026-06-08 17:50:09 manager.py:1483 findfont: score(FontEntry(fname='/usr/share/fonts/truetype/noto/NotoSerifTamilSlanted-Bold.ttf', name='Noto Serif Tamil Slanted', style='normal', variant='normal', weight=700, stretch='normal', size='scalable')) = 10.335
DEBUG 2026-06-08 17:50:09 manager.py:1483 findfont: score(FontEntry(fname='/home/kibub/miniforge3/envs/lerobot/fonts/Ubuntu-MI.ttf', name='Ubuntu', style='italic', variant='normal', weight=500, stretch='normal', size='scalable')) = 11.145
DEBUG 2026-06-08 17:50:09 manager.py:1483 findfont: score(FontEntry(fname='/usr/share/fonts/truetype/noto/NotoSansNewa-Regular.ttf', name='Noto Sans Newa', style='normal', variant='normal', weight=400, stretch='normal', size='scalable')) = 10.05
DEBUG 2026-06-08 17:50:09 manager.py:1483 findfont: score(FontEntry(fname='/usr/share/fonts/opentype/urw-base35/NimbusRoman-Bold.otf', name='Nimbus Roman', style='normal', variant='normal', weight=700, stretch='normal', size='scalable')) = 10.335
DEBUG 2026-06-08 17:50:09 manager.py:1483 findfont: score(FontEntry(fname='/usr/share/fonts/truetype/noto/NotoSansBamum-Bold.ttf', name='Noto Sans Bamum', style='normal', variant='normal', weight=700, stretch='normal', size='scalable')) = 10.335
DEBUG 2026-06-08 17:50:09 manager.py:1483 findfont: score(FontEntry(fname='/usr/share/fonts/truetype/noto/NotoLoopedLao-Bold.ttf', name='Noto Looped Lao', style='normal', variant='normal', weight=700, stretch='normal', size='scalable')) = 10.335
DEBUG 2026-06-08 17:50:09 manager.py:1483 findfont: score(FontEntry(fname='/usr/share/fonts/truetype/noto/NotoSansDevanagari-Regular.ttf', name='Noto Sans Devanagari', style='normal', variant='normal', weight=400, stretch='normal', size='scalable')) = 10.05
DEBUG 2026-06-08 17:50:09 manager.py:1483 findfont: score(FontEntry(fname='/usr/share/fonts/truetype/ubuntu/UbuntuSansMono[wght].ttf', name='Ubuntu Sans Mono', style='normal', variant='normal', weight=400, stretch='normal', size='scalable')) = 10.05
DEBUG 2026-06-08 17:50:09 manager.py:1483 findfont: score(FontEntry(fname='/usr/share/fonts/truetype/noto/NotoSansMyanmar-Bold.ttf', name='Noto Sans Myanmar', style='normal', variant='normal', weight=700, stretch='normal', size='scalable')) = 10.335
DEBUG 2026-06-08 17:50:09 manager.py:1483 findfont: score(FontEntry(fname='/usr/share/fonts/opentype/urw-base35/NimbusSans-Regular.otf', name='Nimbus Sans', style='normal', variant='normal', weight=400, stretch='normal', size='scalable')) = 10.05
DEBUG 2026-06-08 17:50:09 manager.py:1483 findfont: score(FontEntry(fname='/usr/share/fonts/truetype/noto/NotoSansTifinaghAPT-Regular.ttf', name='Noto Sans Tifinagh APT', style='normal', variant='normal', weight=400, stretch='normal', size='scalable')) = 10.05
DEBUG 2026-06-08 17:50:09 manager.py:1483 findfont: score(FontEntry(fname='/usr/share/fonts/truetype/noto/NotoSansVai-Regular.ttf', name='Noto Sans Vai', style='normal', variant='normal', weight=400, stretch='normal', size='scalable')) = 10.05
DEBUG 2026-06-08 17:50:09 manager.py:1483 findfont: score(FontEntry(fname='/usr/share/fonts/truetype/noto/NotoSansAnatolianHieroglyphs-Regular.ttf', name='Noto Sans Anatolian Hieroglyphs', style='normal', variant='normal', weight=400, stretch='normal', size='scalable')) = 10.05
DEBUG 2026-06-08 17:50:09 manager.py:1483 findfont: score(FontEntry(fname='/usr/share/fonts/truetype/noto/NotoSansCaucasianAlbanian-Regular.ttf', name='Noto Sans Caucasian Albanian', style='normal', variant='normal', weight=400, stretch='normal', size='scalable')) = 10.05
DEBUG 2026-06-08 17:50:09 manager.py:1483 findfont: score(FontEntry(fname='/usr/share/fonts/truetype/noto/NotoSansTifinaghHawad-Regular.ttf', name='Noto Sans Tifinagh Hawad', style='normal', variant='normal', weight=400, stretch='normal', size='scalable')) = 10.05
DEBUG 2026-06-08 17:50:09 manager.py:1483 findfont: score(FontEntry(fname='/usr/share/fonts/truetype/noto/NotoSansBrahmi-Regular.ttf', name='Noto Sans Brahmi', style='normal', variant='normal', weight=400, stretch='normal', size='scalable')) = 10.05
DEBUG 2026-06-08 17:50:09 manager.py:1483 findfont: score(FontEntry(fname='/usr/share/fonts/truetype/noto/NotoSerif-BoldItalic.ttf', name='Noto Serif', style='italic', variant='normal', weight=700, stretch='normal', size='scalable')) = 11.335
DEBUG 2026-06-08 17:50:09 manager.py:1483 findfont: score(FontEntry(fname='/usr/share/fonts/truetype/noto/NotoSansMasaramGondi-Regular.ttf', name='Noto Sans Masaram Gondi', style='normal', variant='normal', weight=400, stretch='normal', size='scalable')) = 10.05
DEBUG 2026-06-08 17:50:09 manager.py:1483 findfont: score(FontEntry(fname='/usr/share/fonts/truetype/noto/NotoSansSoraSompeng-Regular.ttf', name='Noto Sans Sora Sompeng', style='normal', variant='normal', weight=400, stretch='normal', size='scalable')) = 10.05
DEBUG 2026-06-08 17:50:09 manager.py:1483 findfont: score(FontEntry(fname='/usr/share/fonts/truetype/ubuntu/UbuntuMono[wght].ttf', name='Ubuntu Mono', style='normal', variant='normal', weight=400, stretch='normal', size='scalable')) = 10.05
DEBUG 2026-06-08 17:50:09 manager.py:1483 findfont: score(FontEntry(fname='/usr/share/fonts/truetype/noto/NotoSerifKhmer-Bold.ttf', name='Noto Serif Khmer', style='normal', variant='normal', weight=700, stretch='normal', size='scalable')) = 10.335
DEBUG 2026-06-08 17:50:09 manager.py:1483 findfont: score(FontEntry(fname='/usr/share/fonts/truetype/noto/NotoSerifDevanagari-Bold.ttf', name='Noto Serif Devanagari', style='normal', variant='normal', weight=700, stretch='normal', size='scalable')) = 10.335
DEBUG 2026-06-08 17:50:09 manager.py:1483 findfont: score(FontEntry(fname='/usr/share/fonts/opentype/urw-base35/URWGothic-DemiOblique.otf', name='URW Gothic', style='oblique', variant='normal', weight=600, stretch='normal', size='scalable')) = 11.24
DEBUG 2026-06-08 17:50:09 manager.py:1483 findfont: score(FontEntry(fname='/usr/share/fonts/truetype/noto/NotoSansRejang-Regular.ttf', name='Noto Sans Rejang', style='normal', variant='normal', weight=400, stretch='normal', size='scalable')) = 10.05
DEBUG 2026-06-08 17:50:09 manager.py:1483 findfont: score(FontEntry(fname='/usr/share/fonts/opentype/urw-base35/Z003-MediumItalic.otf', name='Z003', style='italic', variant='normal', weight=500, stretch='normal', size='scalable')) = 11.145
DEBUG 2026-06-08 17:50:09 manager.py:1483 findfont: score(FontEntry(fname='/usr/share/fonts/truetype/noto/NotoSerifTamilSlanted-Regular.ttf', name='Noto Serif Tamil Slanted', style='normal', variant='normal', weight=400, stretch='normal', size='scalable')) = 10.05
DEBUG 2026-06-08 17:50:09 manager.py:1483 findfont: score(FontEntry(fname='/usr/share/fonts/truetype/noto/NotoSerifKhojki-Bold.ttf', name='Noto Serif Khojki', style='normal', variant='normal', weight=700, stretch='normal', size='scalable')) = 10.335
DEBUG 2026-06-08 17:50:09 manager.py:1483 findfont: score(FontEntry(fname='/usr/share/fonts/truetype/lato/Lato-LightItalic.ttf', name='Lato', style='italic', variant='normal', weight=300, stretch='normal', size='scalable')) = 11.145
DEBUG 2026-06-08 17:50:09 manager.py:1483 findfont: score(FontEntry(fname='/usr/share/fonts/truetype/noto/NotoNastaliqUrdu-Regular.ttf', name='Noto Nastaliq Urdu', style='normal', variant='normal', weight=400, stretch='normal', size='scalable')) = 10.05
DEBUG 2026-06-08 17:50:09 manager.py:1483 findfont: score(FontEntry(fname='/usr/share/fonts/opentype/urw-base35/NimbusMonoPS-Bold.otf', name='Nimbus Mono PS', style='normal', variant='normal', weight=700, stretch='normal', size='scalable')) = 10.335
DEBUG 2026-06-08 17:50:09 manager.py:1483 findfont: score(FontEntry(fname='/usr/share/fonts/truetype/noto/NotoSansElymaic-Regular.ttf', name='Noto Sans Elymaic', style='normal', variant='normal', weight=400, stretch='normal', size='scalable')) = 10.05
DEBUG 2026-06-08 17:50:09 manager.py:1483 findfont: score(FontEntry(fname='/home/kibub/miniforge3/envs/lerobot/fonts/SourceCodePro-It.ttf', name='Source Code Pro', style='italic', variant='normal', weight=400, stretch='normal', size='scalable')) = 11.05
DEBUG 2026-06-08 17:50:09 manager.py:1483 findfont: score(FontEntry(fname='/usr/share/fonts/truetype/noto/NotoSansSaurashtra-Regular.ttf', name='Noto Sans Saurashtra', style='normal', variant='normal', weight=400, stretch='normal', size='scalable')) = 10.05
DEBUG 2026-06-08 17:50:09 manager.py:1483 findfont: score(FontEntry(fname='/usr/share/fonts/truetype/noto/NotoSansTaiViet-Regular.ttf', name='Noto Sans Tai Viet', style='normal', variant='normal', weight=400, stretch='normal', size='scalable')) = 10.05
DEBUG 2026-06-08 17:50:09 manager.py:1483 findfont: score(FontEntry(fname='/usr/share/fonts/truetype/ubuntu/Ubuntu-M.ttf', name='Ubuntu', style='normal', variant='normal', weight=400, stretch='normal', size='scalable')) = 10.05
DEBUG 2026-06-08 17:50:09 manager.py:1483 findfont: score(FontEntry(fname='/usr/share/fonts/opentype/urw-base35/URWBookman-Demi.otf', name='URW Bookman', style='normal', variant='normal', weight=600, stretch='normal', size='scalable')) = 10.24
DEBUG 2026-06-08 17:50:09 manager.py:1483 findfont: score(FontEntry(fname='/usr/share/fonts/truetype/open-sans/OpenSans-CondBold.ttf', name='Open Sans Condensed', style='normal', variant='normal', weight=700, stretch='condensed', size='scalable')) = 10.535
DEBUG 2026-06-08 17:50:09 manager.py:1483 findfont: score(FontEntry(fname='/usr/share/fonts/truetype/noto/NotoSansSymbols-Bold.ttf', name='Noto Sans Symbols', style='normal', variant='normal', weight=700, stretch='normal', size='scalable')) = 10.335
DEBUG 2026-06-08 17:50:09 manager.py:1483 findfont: score(FontEntry(fname='/usr/share/fonts/truetype/noto/NotoSansKannada-Regular.ttf', name='Noto Sans Kannada', style='normal', variant='normal', weight=400, stretch='normal', size='scalable')) = 10.05
DEBUG 2026-06-08 17:50:09 manager.py:1483 findfont: score(FontEntry(fname='/usr/share/fonts/truetype/noto/NotoSansModi-Regular.ttf', name='Noto Sans Modi', style='normal', variant='normal', weight=400, stretch='normal', size='scalable')) = 10.05
DEBUG 2026-06-08 17:50:09 manager.py:1483 findfont: score(FontEntry(fname='/usr/share/fonts/truetype/noto/NotoSansMiao-Regular.ttf', name='Noto Sans Miao', style='normal', variant='normal', weight=400, stretch='normal', size='scalable')) = 10.05
DEBUG 2026-06-08 17:50:09 manager.py:1483 findfont: score(FontEntry(fname='/usr/share/fonts/truetype/noto/NotoNaskhArabic-Bold.ttf', name='Noto Naskh Arabic', style='normal', variant='normal', weight=700, stretch='normal', size='scalable')) = 10.335
DEBUG 2026-06-08 17:50:09 manager.py:1483 findfont: score(FontEntry(fname='/usr/share/fonts/truetype/noto/NotoSerifNyiakengPuachueHmong-Bold.ttf', name='Noto Serif Hmong Nyiakeng', style='normal', variant='normal', weight=700, stretch='normal', size='scalable')) = 10.335
DEBUG 2026-06-08 17:50:09 manager.py:1483 findfont: score(FontEntry(fname='/usr/share/fonts/truetype/noto/NotoSansArmenian-Bold.ttf', name='Noto Sans Armenian', style='normal', variant='normal', weight=700, stretch='normal', size='scalable')) = 10.335
DEBUG 2026-06-08 17:50:09 manager.py:1483 findfont: score(FontEntry(fname='/usr/share/fonts/truetype/noto/NotoSansBassaVah-Regular.ttf', name='Noto Sans Bassa Vah', style='normal', variant='normal', weight=400, stretch='normal', size='scalable')) = 10.05
DEBUG 2026-06-08 17:50:09 manager.py:1483 findfont: score(FontEntry(fname='/usr/share/fonts/truetype/noto/NotoSansMyanmar-Regular.ttf', name='Noto Sans Myanmar', style='normal', variant='normal', weight=400, stretch='normal', size='scalable')) = 10.05
DEBUG 2026-06-08 17:50:09 manager.py:1483 findfont: score(FontEntry(fname='/usr/share/fonts/opentype/urw-base35/NimbusSansNarrow-BoldOblique.otf', name='Nimbus Sans Narrow', style='oblique', variant='normal', weight=700, stretch='condensed', size='scalable')) = 11.535
DEBUG 2026-06-08 17:50:09 manager.py:1483 findfont: score(FontEntry(fname='/usr/share/fonts/truetype/liberation/LiberationSansNarrow-Bold.ttf', name='Liberation Sans Narrow', style='normal', variant='normal', weight=700, stretch='condensed', size='scalable')) = 10.535
DEBUG 2026-06-08 17:50:09 manager.py:1483 findfont: score(FontEntry(fname='/usr/share/fonts/truetype/noto/NotoSansMeeteiMayek-Regular.ttf', name='Noto Sans Meetei Mayek', style='normal', variant='normal', weight=400, stretch='normal', size='scalable')) = 10.05
DEBUG 2026-06-08 17:50:09 manager.py:1483 findfont: score(FontEntry(fname='/usr/share/fonts/truetype/noto/NotoSansKaithi-Regular.ttf', name='Noto Sans Kaithi', style='normal', variant='normal', weight=400, stretch='normal', size='scalable')) = 10.05
DEBUG 2026-06-08 17:50:09 manager.py:1483 findfont: score(FontEntry(fname='/usr/share/fonts/truetype/noto/NotoSerifGurmukhi-Regular.ttf', name='Noto Serif Gurmukhi', style='normal', variant='normal', weight=400, stretch='normal', size='scalable')) = 10.05
DEBUG 2026-06-08 17:50:09 manager.py:1483 findfont: score(FontEntry(fname='/usr/share/fonts/truetype/liberation/LiberationMono-Bold.ttf', name='Liberation Mono', style='normal', variant='normal', weight=700, stretch='normal', size='scalable')) = 10.335
DEBUG 2026-06-08 17:50:09 manager.py:1483 findfont: score(FontEntry(fname='/home/kibub/miniforge3/envs/lerobot/fonts/SourceCodePro-Black.ttf', name='Source Code Pro', style='normal', variant='normal', weight=900, stretch='normal', size='scalable')) = 10.525
DEBUG 2026-06-08 17:50:09 manager.py:1483 findfont: score(FontEntry(fname='/usr/share/fonts/truetype/noto/NotoSerifBalinese-Regular.ttf', name='Noto Serif Balinese', style='normal', variant='normal', weight=400, stretch='normal', size='scalable')) = 10.05
DEBUG 2026-06-08 17:50:09 manager.py:1483 findfont: score(FontEntry(fname='/usr/share/fonts/truetype/noto/NotoRashiHebrew-Bold.ttf', name='Noto Rashi Hebrew', style='normal', variant='normal', weight=700, stretch='normal', size='scalable')) = 10.335
DEBUG 2026-06-08 17:50:09 manager.py:1483 findfont: score(FontEntry(fname='/usr/share/fonts/truetype/noto/NotoSerif-Regular.ttf', name='Noto Serif', style='normal', variant='normal', weight=400, stretch='normal', size='scalable')) = 10.05
DEBUG 2026-06-08 17:50:09 manager.py:1483 findfont: score(FontEntry(fname='/usr/share/fonts/truetype/noto/NotoSansTamilSupplement-Regular.ttf', name='Noto Sans Tamil Supplement', style='normal', variant='normal', weight=400, stretch='normal', size='scalable')) = 10.05
DEBUG 2026-06-08 17:50:09 manager.py:1483 findfont: score(FontEntry(fname='/usr/share/fonts/truetype/lato/Lato-Italic.ttf', name='Lato', style='italic', variant='normal', weight=400, stretch='normal', size='scalable')) = 11.05
DEBUG 2026-06-08 17:50:09 manager.py:1483 findfont: score(FontEntry(fname='/home/kibub/miniforge3/envs/lerobot/fonts/SourceCodePro-SemiboldIt.ttf', name='Source Code Pro', style='italic', variant='normal', weight=600, stretch='normal', size='scalable')) = 11.24
DEBUG 2026-06-08 17:50:09 manager.py:1483 findfont: score(FontEntry(fname='/usr/share/fonts/truetype/lato/Lato-MediumItalic.ttf', name='Lato', style='italic', variant='normal', weight=500, stretch='normal', size='scalable')) = 11.145
DEBUG 2026-06-08 17:50:09 manager.py:1483 findfont: score(FontEntry(fname='/home/kibub/miniforge3/envs/lerobot/fonts/Ubuntu-LI.ttf', name='Ubuntu', style='italic', variant='normal', weight=300, stretch='normal', size='scalable')) = 11.145
DEBUG 2026-06-08 17:50:09 manager.py:1483 findfont: score(FontEntry(fname='/usr/share/fonts/truetype/noto/NotoSansGothic-Regular.ttf', name='Noto Sans Gothic', style='normal', variant='normal', weight=400, stretch='normal', size='scalable')) = 10.05
DEBUG 2026-06-08 17:50:09 manager.py:1483 findfont: score(FontEntry(fname='/usr/share/fonts/truetype/noto/NotoSansMongolian-Regular.ttf', name='Noto Sans Mongolian', style='normal', variant='normal', weight=400, stretch='normal', size='scalable')) = 10.05
DEBUG 2026-06-08 17:50:09 manager.py:1483 findfont: score(FontEntry(fname='/usr/share/fonts/opentype/urw-base35/URWGothic-BookOblique.otf', name='URW Gothic', style='oblique', variant='normal', weight=400, stretch='normal', size='scalable')) = 11.05
DEBUG 2026-06-08 17:50:09 manager.py:1483 findfont: score(FontEntry(fname='/home/kibub/miniforge3/envs/lerobot/fonts/UbuntuMono-BI.ttf', name='Ubuntu Mono', style='italic', variant='normal', weight=700, stretch='normal', size='scalable')) = 11.335
DEBUG 2026-06-08 17:50:09 manager.py:1483 findfont: score(FontEntry(fname='/usr/share/fonts/truetype/noto/NotoSansGrantha-Regular.ttf', name='Noto Sans Grantha', style='normal', variant='normal', weight=400, stretch='normal', size='scalable')) = 10.05
DEBUG 2026-06-08 17:50:09 manager.py:1483 findfont: score(FontEntry(fname='/usr/share/fonts/truetype/noto/NotoSansHanunoo-Regular.ttf', name='Noto Sans Hanunoo', style='normal', variant='normal', weight=400, stretch='normal', size='scalable')) = 10.05
DEBUG 2026-06-08 17:50:09 manager.py:1483 findfont: score(FontEntry(fname='/usr/share/fonts/truetype/noto/NotoSansDisplay-BoldItalic.ttf', name='Noto Sans Display', style='italic', variant='normal', weight=700, stretch='normal', size='scalable')) = 11.335
DEBUG 2026-06-08 17:50:09 manager.py:1483 findfont: score(FontEntry(fname='/usr/share/fonts/truetype/noto/NotoSerifThai-Bold.ttf', name='Noto Serif Thai', style='normal', variant='normal', weight=700, stretch='normal', size='scalable')) = 10.335
DEBUG 2026-06-08 17:50:09 manager.py:1483 findfont: score(FontEntry(fname='/usr/share/fonts/truetype/dejavu/DejaVuSans-Bold.ttf', name='DejaVu Sans', style='normal', variant='normal', weight=700, stretch='normal', size='scalable')) = 0.33499999999999996
DEBUG 2026-06-08 17:50:09 manager.py:1483 findfont: score(FontEntry(fname='/usr/share/fonts/truetype/noto/NotoSansUgaritic-Regular.ttf', name='Noto Sans Ugaritic', style='normal', variant='normal', weight=400, stretch='normal', size='scalable')) = 10.05
DEBUG 2026-06-08 17:50:09 manager.py:1483 findfont: score(FontEntry(fname='/usr/share/fonts/truetype/noto/NotoSerifTibetan-Regular.ttf', name='Noto Serif Tibetan', style='normal', variant='normal', weight=400, stretch='normal', size='scalable')) = 10.05
DEBUG 2026-06-08 17:50:09 manager.py:1483 findfont: score(FontEntry(fname='/usr/share/fonts/truetype/noto/NotoSansOldHungarian-Regular.ttf', name='Noto Sans Old Hungarian', style='normal', variant='normal', weight=400, stretch='normal', size='scalable')) = 10.05
DEBUG 2026-06-08 17:50:09 manager.py:1483 findfont: score(FontEntry(fname='/usr/share/fonts/truetype/noto/NotoSansOldNorthArabian-Regular.ttf', name='Noto Sans Old North Arabian', style='normal', variant='normal', weight=400, stretch='normal', size='scalable')) = 10.05
DEBUG 2026-06-08 17:50:09 manager.py:1483 findfont: score(FontEntry(fname='/usr/share/fonts/truetype/liberation/LiberationSans-BoldItalic.ttf', name='Liberation Sans', style='italic', variant='normal', weight=700, stretch='normal', size='scalable')) = 11.335
DEBUG 2026-06-08 17:50:09 manager.py:1483 findfont: score(FontEntry(fname='/usr/share/fonts/truetype/noto/NotoSansArabic-Regular.ttf', name='Noto Sans Arabic', style='normal', variant='normal', weight=400, stretch='normal', size='scalable')) = 10.05
DEBUG 2026-06-08 17:50:09 manager.py:1483 findfont: score(FontEntry(fname='/usr/share/fonts/truetype/noto/NotoSansSymbols2-Regular.ttf', name='Noto Sans Symbols2', style='normal', variant='normal', weight=400, stretch='normal', size='scalable')) = 10.05
DEBUG 2026-06-08 17:50:09 manager.py:1483 findfont: score(FontEntry(fname='/usr/share/fonts/truetype/open-sans/OpenSans-Regular.ttf', name='Open Sans', style='normal', variant='normal', weight=400, stretch='normal', size='scalable')) = 10.05
DEBUG 2026-06-08 17:50:09 manager.py:1483 findfont: score(FontEntry(fname='/usr/share/fonts/truetype/noto/NotoSansEthiopic-Bold.ttf', name='Noto Sans Ethiopic', style='normal', variant='normal', weight=700, stretch='normal', size='scalable')) = 10.335
DEBUG 2026-06-08 17:50:09 manager.py:1483 findfont: score(FontEntry(fname='/usr/share/fonts/truetype/liberation/LiberationMono-Regular.ttf', name='Liberation Mono', style='normal', variant='normal', weight=400, stretch='normal', size='scalable')) = 10.05
DEBUG 2026-06-08 17:50:09 manager.py:1483 findfont: score(FontEntry(fname='/usr/share/fonts/truetype/noto/NotoSansElbasan-Regular.ttf', name='Noto Sans Elbasan', style='normal', variant='normal', weight=400, stretch='normal', size='scalable')) = 10.05
DEBUG 2026-06-08 17:50:09 manager.py:1483 findfont: score(FontEntry(fname='/usr/share/fonts/truetype/noto/NotoSansMeroitic-Regular.ttf', name='Noto Sans Meroitic', style='normal', variant='normal', weight=400, stretch='normal', size='scalable')) = 10.05
DEBUG 2026-06-08 17:50:09 manager.py:1483 findfont: score(FontEntry(fname='/usr/share/fonts/truetype/noto/NotoSerifBengali-Regular.ttf', name='Noto Serif Bengali', style='normal', variant='normal', weight=400, stretch='normal', size='scalable')) = 10.05
DEBUG 2026-06-08 17:50:09 manager.py:1483 findfont: score(FontEntry(fname='/usr/share/fonts/truetype/noto/NotoSerifSinhala-Regular.ttf', name='Noto Serif Sinhala', style='normal', variant='normal', weight=400, stretch='normal', size='scalable')) = 10.05
DEBUG 2026-06-08 17:50:09 manager.py:1483 findfont: score(FontEntry(fname='/usr/share/fonts/opentype/urw-base35/NimbusMonoPS-Regular.otf', name='Nimbus Mono PS', style='normal', variant='normal', weight=400, stretch='normal', size='scalable')) = 10.05
DEBUG 2026-06-08 17:50:09 manager.py:1483 findfont: score(FontEntry(fname='/usr/share/fonts/truetype/noto/NotoSerifKhmer-Regular.ttf', name='Noto Serif Khmer', style='normal', variant='normal', weight=400, stretch='normal', size='scalable')) = 10.05
DEBUG 2026-06-08 17:50:09 manager.py:1483 findfont: score(FontEntry(fname='/usr/share/fonts/truetype/ubuntu/Ubuntu-BI.ttf', name='Ubuntu', style='italic', variant='normal', weight=400, stretch='normal', size='scalable')) = 11.05
DEBUG 2026-06-08 17:50:09 manager.py:1483 findfont: score(FontEntry(fname='/usr/share/fonts/truetype/noto/NotoSerifDogra-Regular.ttf', name='Noto Serif Dogra', style='normal', variant='normal', weight=400, stretch='normal', size='scalable')) = 10.05
DEBUG 2026-06-08 17:50:09 manager.py:1483 findfont: score(FontEntry(fname='/usr/share/fonts/truetype/noto/NotoSansLinearB-Regular.ttf', name='Noto Sans Linear B', style='normal', variant='normal', weight=400, stretch='normal', size='scalable')) = 10.05
DEBUG 2026-06-08 17:50:09 manager.py:1483 findfont: score(FontEntry(fname='/usr/share/fonts/truetype/noto/NotoSansChakma-Regular.ttf', name='Noto Sans Chakma', style='normal', variant='normal', weight=400, stretch='normal', size='scalable')) = 10.05
DEBUG 2026-06-08 17:50:09 manager.py:1483 findfont: score(FontEntry(fname='/usr/share/fonts/truetype/noto/NotoSansOriya-Bold.ttf', name='Noto Sans Oriya', style='normal', variant='normal', weight=700, stretch='normal', size='scalable')) = 10.335
DEBUG 2026-06-08 17:50:09 manager.py:1483 findfont: score(FontEntry(fname='/usr/share/fonts/truetype/noto/NotoSansThai-Regular.ttf', name='Noto Sans Thai', style='normal', variant='normal', weight=400, stretch='normal', size='scalable')) = 10.05
DEBUG 2026-06-08 17:50:09 manager.py:1483 findfont: score(FontEntry(fname='/usr/share/fonts/truetype/noto/NotoSansArmenian-Regular.ttf', name='Noto Sans Armenian', style='normal', variant='normal', weight=400, stretch='normal', size='scalable')) = 10.05
DEBUG 2026-06-08 17:50:09 manager.py:1483 findfont: score(FontEntry(fname='/usr/share/fonts/truetype/liberation/LiberationSerif-Bold.ttf', name='Liberation Serif', style='normal', variant='normal', weight=700, stretch='normal', size='scalable')) = 10.335
DEBUG 2026-06-08 17:50:09 manager.py:1483 findfont: score(FontEntry(fname='/usr/share/fonts/opentype/urw-base35/NimbusMonoPS-Italic.otf', name='Nimbus Mono PS', style='italic', variant='normal', weight=400, stretch='normal', size='scalable')) = 11.05
DEBUG 2026-06-08 17:50:09 manager.py:1483 findfont: score(FontEntry(fname='/usr/share/fonts/truetype/noto/NotoSansThaana-Bold.ttf', name='Noto Sans Thaana', style='normal', variant='normal', weight=700, stretch='normal', size='scalable')) = 10.335
DEBUG 2026-06-08 17:50:09 manager.py:1483 findfont: score(FontEntry(fname='/usr/share/fonts/truetype/noto/NotoSerifAhom-Regular.ttf', name='Noto Serif Ahom', style='normal', variant='normal', weight=400, stretch='normal', size='scalable')) = 10.05
DEBUG 2026-06-08 17:50:09 manager.py:1483 findfont: score(FontEntry(fname='/home/kibub/miniforge3/envs/lerobot/fonts/Ubuntu-B.ttf', name='Ubuntu', style='normal', variant='normal', weight=700, stretch='normal', size='scalable')) = 10.335
DEBUG 2026-06-08 17:50:09 manager.py:1483 findfont: score(FontEntry(fname='/usr/share/fonts/truetype/noto/NotoSansMendeKikakui-Regular.ttf', name='Noto Sans Mende Kikakui', style='normal', variant='normal', weight=400, stretch='normal', size='scalable')) = 10.05
DEBUG 2026-06-08 17:50:09 manager.py:1483 findfont: score(FontEntry(fname='/usr/share/fonts/truetype/noto/NotoSerifMalayalam-Bold.ttf', name='Noto Serif Malayalam', style='normal', variant='normal', weight=700, stretch='normal', size='scalable')) = 10.335
DEBUG 2026-06-08 17:50:09 manager.py:1483 findfont: score(FontEntry(fname='/usr/share/fonts/truetype/noto/NotoSansMath-Regular.ttf', name='Noto Sans Math', style='normal', variant='normal', weight=400, stretch='normal', size='scalable')) = 10.05
DEBUG 2026-06-08 17:50:09 manager.py:1483 findfont: score(FontEntry(fname='/usr/share/fonts/truetype/noto/NotoSansCypriot-Regular.ttf', name='Noto Sans Cypriot', style='normal', variant='normal', weight=400, stretch='normal', size='scalable')) = 10.05
DEBUG 2026-06-08 17:50:09 manager.py:1483 findfont: score(FontEntry(fname='/usr/share/fonts/truetype/ubuntu/UbuntuMono-R.ttf', name='Ubuntu Mono', style='normal', variant='normal', weight=400, stretch='normal', size='scalable')) = 10.05
DEBUG 2026-06-08 17:50:09 manager.py:1483 findfont: score(FontEntry(fname='/usr/share/fonts/truetype/noto/NotoSansMono-Bold.ttf', name='Noto Sans Mono', style='normal', variant='normal', weight=700, stretch='normal', size='scalable')) = 10.335
DEBUG 2026-06-08 17:50:09 manager.py:1483 findfont: score(FontEntry(fname='/usr/share/fonts/truetype/noto/NotoSansSinhala-Regular.ttf', name='Noto Sans Sinhala', style='normal', variant='normal', weight=400, stretch='normal', size='scalable')) = 10.05
DEBUG 2026-06-08 17:50:09 manager.py:1483 findfont: score(FontEntry(fname='/usr/share/fonts/truetype/lato/Lato-Thin.ttf', name='Lato', style='normal', variant='normal', weight=275, stretch='normal', size='scalable')) = 10.16875
DEBUG 2026-06-08 17:50:09 manager.py:1483 findfont: score(FontEntry(fname='/usr/share/fonts/truetype/noto/NotoSansMandaic-Regular.ttf', name='Noto Sans Mandaic', style='normal', variant='normal', weight=400, stretch='normal', size='scalable')) = 10.05
DEBUG 2026-06-08 17:50:09 manager.py:1483 findfont: score(FontEntry(fname='/home/kibub/miniforge3/envs/lerobot/fonts/Ubuntu-R.ttf', name='Ubuntu', style='normal', variant='normal', weight=400, stretch='normal', size='scalable')) = 10.05
DEBUG 2026-06-08 17:50:09 manager.py:1483 findfont: score(FontEntry(fname='/usr/share/fonts/truetype/noto/NotoSansOlChiki-Bold.ttf', name='Noto Sans Ol Chiki', style='normal', variant='normal', weight=700, stretch='normal', size='scalable')) = 10.335
DEBUG 2026-06-08 17:50:09 manager.py:1483 findfont: score(FontEntry(fname='/usr/share/fonts/truetype/noto/NotoSansOsage-Regular.ttf', name='Noto Sans Osage', style='normal', variant='normal', weight=400, stretch='normal', size='scalable')) = 10.05
DEBUG 2026-06-08 17:50:09 manager.py:1483 findfont: score(FontEntry(fname='/usr/share/fonts/truetype/noto/NotoSansKayahLi-Bold.ttf', name='Noto Sans Kayah Li', style='normal', variant='normal', weight=700, stretch='normal', size='scalable')) = 10.335
DEBUG 2026-06-08 17:50:09 manager.py:1483 findfont: score(FontEntry(fname='/usr/share/fonts/truetype/dejavu/DejaVuSansMono-Bold.ttf', name='DejaVu Sans Mono', style='normal', variant='normal', weight=700, stretch='normal', size='scalable')) = 10.335
DEBUG 2026-06-08 17:50:09 manager.py:1483 findfont: score(FontEntry(fname='/usr/share/fonts/truetype/noto/NotoSansTagalog-Regular.ttf', name='Noto Sans Tagalog', style='normal', variant='normal', weight=400, stretch='normal', size='scalable')) = 10.05
DEBUG 2026-06-08 17:50:09 manager.py:1483 findfont: score(FontEntry(fname='/usr/share/fonts/truetype/noto/NotoSerifDisplay-Regular.ttf', name='Noto Serif Display', style='normal', variant='normal', weight=400, stretch='normal', size='scalable')) = 10.05
DEBUG 2026-06-08 17:50:09 manager.py:1483 findfont: score(FontEntry(fname='/usr/share/fonts/truetype/noto/NotoSansTifinaghAdrar-Regular.ttf', name='Noto Sans Tifinagh Adrar', style='normal', variant='normal', weight=400, stretch='normal', size='scalable')) = 10.05
DEBUG 2026-06-08 17:50:09 manager.py:1483 findfont: score(FontEntry(fname='/usr/share/fonts/opentype/urw-base35/NimbusRoman-Regular.otf', name='Nimbus Roman', style='normal', variant='normal', weight=400, stretch='normal', size='scalable')) = 10.05
DEBUG 2026-06-08 17:50:09 manager.py:1483 findfont: score(FontEntry(fname='/usr/share/fonts/truetype/noto/NotoSerifHebrew-Bold.ttf', name='Noto Serif Hebrew', style='normal', variant='normal', weight=700, stretch='normal', size='scalable')) = 10.335
DEBUG 2026-06-08 17:50:09 manager.py:1483 findfont: score(FontEntry(fname='/usr/share/fonts/truetype/noto/NotoSansOldPersian-Regular.ttf', name='Noto Sans Old Persian', style='normal', variant='normal', weight=400, stretch='normal', size='scalable')) = 10.05
DEBUG 2026-06-08 17:50:09 manager.py:1483 findfont: score(FontEntry(fname='/usr/share/fonts/truetype/open-sans/OpenSans-CondLightItalic.ttf', name='Open Sans', style='italic', variant='normal', weight=300, stretch='condensed', size='scalable')) = 11.344999999999999
DEBUG 2026-06-08 17:50:09 manager.py:1483 findfont: score(FontEntry(fname='/usr/share/fonts/truetype/open-sans/OpenSans-Italic.ttf', name='Open Sans', style='italic', variant='normal', weight=400, stretch='normal', size='scalable')) = 11.05
DEBUG 2026-06-08 17:50:09 manager.py:1483 findfont: score(FontEntry(fname='/home/kibub/miniforge3/envs/lerobot/fonts/Ubuntu-RI.ttf', name='Ubuntu', style='italic', variant='normal', weight=400, stretch='normal', size='scalable')) = 11.05
DEBUG 2026-06-08 17:50:09 manager.py:1483 findfont: score(FontEntry(fname='/usr/share/fonts/truetype/noto/NotoSansSignWriting-Regular.ttf', name='Noto Sans SignWriting', style='normal', variant='normal', weight=400, stretch='normal', size='scalable')) = 10.05
DEBUG 2026-06-08 17:50:09 manager.py:1483 findfont: score(FontEntry(fname='/usr/share/fonts/truetype/noto/NotoSansNushu-Regular.ttf', name='Noto Sans Nushu', style='normal', variant='normal', weight=400, stretch='normal', size='scalable')) = 10.05
DEBUG 2026-06-08 17:50:09 manager.py:1483 findfont: score(FontEntry(fname='/usr/share/fonts/truetype/noto/NotoSansGeorgian-Bold.ttf', name='Noto Sans Georgian', style='normal', variant='normal', weight=700, stretch='normal', size='scalable')) = 10.335
DEBUG 2026-06-08 17:50:09 manager.py:1483 findfont: score(FontEntry(fname='/usr/share/fonts/truetype/liberation/LiberationMono-Italic.ttf', name='Liberation Mono', style='italic', variant='normal', weight=400, stretch='normal', size='scalable')) = 11.05
DEBUG 2026-06-08 17:50:09 manager.py:1483 findfont: score(FontEntry(fname='/usr/share/fonts/opentype/urw-base35/URWBookman-DemiItalic.otf', name='URW Bookman', style='italic', variant='normal', weight=600, stretch='normal', size='scalable')) = 11.24
DEBUG 2026-06-08 17:50:09 manager.py:1483 findfont: score(FontEntry(fname='/usr/share/fonts/truetype/noto/NotoSerifKannada-Bold.ttf', name='Noto Serif Kannada', style='normal', variant='normal', weight=700, stretch='normal', size='scalable')) = 10.335
DEBUG 2026-06-08 17:50:09 manager.py:1483 findfont: score(FontEntry(fname='/home/kibub/miniforge3/envs/lerobot/fonts/SourceCodePro-MediumIt.ttf', name='Source Code Pro', style='italic', variant='normal', weight=500, stretch='normal', size='scalable')) = 11.145
DEBUG 2026-06-08 17:50:09 manager.py:1483 findfont: score(FontEntry(fname='/usr/share/fonts/truetype/noto/NotoSansHebrew-Bold.ttf', name='Noto Sans Hebrew', style='normal', variant='normal', weight=700, stretch='normal', size='scalable')) = 10.335
DEBUG 2026-06-08 17:50:09 manager.py:1483 findfont: score(FontEntry(fname='/usr/share/fonts/truetype/noto/NotoSans-BoldItalic.ttf', name='Noto Sans', style='italic', variant='normal', weight=700, stretch='normal', size='scalable')) = 11.335
DEBUG 2026-06-08 17:50:09 manager.py:1483 findfont: score(FontEntry(fname='/usr/share/fonts/truetype/noto/NotoSerifTamil-Regular.ttf', name='Noto Serif Tamil', style='normal', variant='normal', weight=400, stretch='normal', size='scalable')) = 10.05
DEBUG 2026-06-08 17:50:09 manager.py:1483 findfont: score(FontEntry(fname='/home/kibub/miniforge3/envs/lerobot/fonts/Ubuntu-C.ttf', name='Ubuntu Condensed', style='normal', variant='normal', weight=400, stretch='condensed', size='scalable')) = 10.25
DEBUG 2026-06-08 17:50:09 manager.py:1483 findfont: score(FontEntry(fname='/usr/share/fonts/truetype/noto/NotoSansGujarati-Regular.ttf', name='Noto Sans Gujarati', style='normal', variant='normal', weight=400, stretch='normal', size='scalable')) = 10.05
DEBUG 2026-06-08 17:50:09 manager.py:1483 findfont: score(FontEntry(fname='/usr/share/fonts/truetype/lato/Lato-Black.ttf', name='Lato', style='normal', variant='normal', weight=900, stretch='normal', size='scalable')) = 10.525
DEBUG 2026-06-08 17:50:09 manager.py:1483 findfont: score(FontEntry(fname='/usr/share/fonts/truetype/noto/NotoSerifGujarati-Regular.ttf', name='Noto Serif Gujarati', style='normal', variant='normal', weight=400, stretch='normal', size='scalable')) = 10.05
DEBUG 2026-06-08 17:50:09 manager.py:1483 findfont: score(FontEntry(fname='/usr/share/fonts/opentype/urw-base35/URWGothic-Book.otf', name='URW Gothic', style='normal', variant='normal', weight=400, stretch='normal', size='scalable')) = 10.05
DEBUG 2026-06-08 17:50:09 manager.py:1483 findfont: score(FontEntry(fname='/usr/share/fonts/truetype/noto/NotoSansKhmer-Bold.ttf', name='Noto Sans Khmer', style='normal', variant='normal', weight=700, stretch='normal', size='scalable')) = 10.335
DEBUG 2026-06-08 17:50:09 manager.py:1483 findfont: score(FontEntry(fname='/usr/share/fonts/truetype/dejavu/DejaVuSansMono.ttf', name='DejaVu Sans Mono', style='normal', variant='normal', weight=400, stretch='normal', size='scalable')) = 10.05
DEBUG 2026-06-08 17:50:09 manager.py:1483 findfont: score(FontEntry(fname='/usr/share/fonts/truetype/noto/NotoSansGujarati-Bold.ttf', name='Noto Sans Gujarati', style='normal', variant='normal', weight=700, stretch='normal', size='scalable')) = 10.335
DEBUG 2026-06-08 17:50:09 manager.py:1483 findfont: score(FontEntry(fname='/usr/share/fonts/truetype/noto/NotoLoopedThai-Bold.ttf', name='Noto Looped Thai', style='normal', variant='normal', weight=700, stretch='normal', size='scalable')) = 10.335
DEBUG 2026-06-08 17:50:09 manager.py:1483 findfont: score(FontEntry(fname='/usr/share/fonts/truetype/noto/NotoSansLisu-Regular.ttf', name='Noto Sans Lisu', style='normal', variant='normal', weight=400, stretch='normal', size='scalable')) = 10.05
DEBUG 2026-06-08 17:50:09 manager.py:1483 findfont: score(FontEntry(fname='/usr/share/fonts/truetype/noto/NotoSansThai-Bold.ttf', name='Noto Sans Thai', style='normal', variant='normal', weight=700, stretch='normal', size='scalable')) = 10.335
DEBUG 2026-06-08 17:50:09 manager.py:1483 findfont: score(FontEntry(fname='/usr/share/fonts/truetype/noto/NotoSerifArmenian-Regular.ttf', name='Noto Serif Armenian', style='normal', variant='normal', weight=400, stretch='normal', size='scalable')) = 10.05
DEBUG 2026-06-08 17:50:09 manager.py:1483 findfont: score(FontEntry(fname='/usr/share/fonts/truetype/noto/NotoSansSogdian-Regular.ttf', name='Noto Sans Sogdian', style='normal', variant='normal', weight=400, stretch='normal', size='scalable')) = 10.05
DEBUG 2026-06-08 17:50:09 manager.py:1483 findfont: score(FontEntry(fname='/usr/share/fonts/truetype/noto/NotoSansTifinaghSIL-Regular.ttf', name='Noto Sans Tifinagh SIL', style='normal', variant='normal', weight=400, stretch='normal', size='scalable')) = 10.05
DEBUG 2026-06-08 17:50:09 manager.py:1483 findfont: score(FontEntry(fname='/usr/share/fonts/truetype/ubuntu/UbuntuMono-RI.ttf', name='Ubuntu Mono', style='italic', variant='normal', weight=400, stretch='normal', size='scalable')) = 11.05
DEBUG 2026-06-08 17:50:09 manager.py:1483 findfont: score(FontEntry(fname='/home/kibub/miniforge3/envs/lerobot/fonts/SourceCodePro-BlackIt.ttf', name='Source Code Pro', style='italic', variant='normal', weight=900, stretch='normal', size='scalable')) = 11.525
DEBUG 2026-06-08 17:50:09 manager.py:1483 findfont: score(FontEntry(fname='/usr/share/fonts/truetype/noto/NotoLoopedLao-Regular.ttf', name='Noto Looped Lao', style='normal', variant='normal', weight=400, stretch='normal', size='scalable')) = 10.05
DEBUG 2026-06-08 17:50:09 manager.py:1483 findfont: score(FontEntry(fname='/usr/share/fonts/truetype/noto/NotoSansHanifiRohingya-Regular.ttf', name='Noto Sans Hanifi Rohingya', style='normal', variant='normal', weight=400, stretch='normal', size='scalable')) = 10.05
DEBUG 2026-06-08 17:50:09 manager.py:1483 findfont: score(FontEntry(fname='/usr/share/fonts/opentype/urw-base35/NimbusMonoPS-BoldItalic.otf', name='Nimbus Mono PS', style='italic', variant='normal', weight=700, stretch='normal', size='scalable')) = 11.335
DEBUG 2026-06-08 17:50:09 manager.py:1483 findfont: score(FontEntry(fname='/usr/share/fonts/truetype/ubuntu/UbuntuSans[wdth,wght].ttf', name='Ubuntu Sans', style='normal', variant='normal', weight=400, stretch='normal', size='scalable')) = 10.05
DEBUG 2026-06-08 17:50:09 manager.py:1483 findfont: score(FontEntry(fname='/usr/share/fonts/truetype/noto/NotoSansThaana-Regular.ttf', name='Noto Sans Thaana', style='normal', variant='normal', weight=400, stretch='normal', size='scalable')) = 10.05
DEBUG 2026-06-08 17:50:09 manager.py:1483 findfont: score(FontEntry(fname='/usr/share/fonts/truetype/noto/NotoSansZanabazarSquare-Regular.ttf', name='Noto Sans Zanabazar Square', style='normal', variant='normal', weight=400, stretch='normal', size='scalable')) = 10.05
DEBUG 2026-06-08 17:50:09 manager.py:1483 findfont: score(FontEntry(fname='/usr/share/fonts/truetype/ubuntu/UbuntuMono-B.ttf', name='Ubuntu Mono', style='normal', variant='normal', weight=400, stretch='normal', size='scalable')) = 10.05
DEBUG 2026-06-08 17:50:09 manager.py:1483 findfont: score(FontEntry(fname='/usr/share/fonts/truetype/ubuntu/Ubuntu-Th.ttf', name='Ubuntu', style='normal', variant='normal', weight=400, stretch='normal', size='scalable')) = 10.05
DEBUG 2026-06-08 17:50:09 manager.py:1483 findfont: score(FontEntry(fname='/usr/share/fonts/truetype/noto/NotoSansBhaiksuki-Regular.ttf', name='Noto Sans Bhaiksuki', style='normal', variant='normal', weight=400, stretch='normal', size='scalable')) = 10.05
DEBUG 2026-06-08 17:50:09 manager.py:1483 findfont: score(FontEntry(fname='/usr/share/fonts/truetype/dejavu/DejaVuSansMono-BoldOblique.ttf', name='DejaVu Sans Mono', style='oblique', variant='normal', weight=700, stretch='normal', size='scalable')) = 11.335
DEBUG 2026-06-08 17:50:09 manager.py:1483 findfont: score(FontEntry(fname='/usr/share/fonts/truetype/noto/NotoSansRunic-Regular.ttf', name='Noto Sans Runic', style='normal', variant='normal', weight=400, stretch='normal', size='scalable')) = 10.05
DEBUG 2026-06-08 17:50:09 manager.py:1483 findfont: score(FontEntry(fname='/usr/share/fonts/truetype/noto/NotoSansCham-Regular.ttf', name='Noto Sans Cham', style='normal', variant='normal', weight=400, stretch='normal', size='scalable')) = 10.05
DEBUG 2026-06-08 17:50:09 manager.py:1483 findfont: score(FontEntry(fname='/usr/share/fonts/opentype/urw-base35/P052-Bold.otf', name='P052', style='normal', variant='normal', weight=700, stretch='normal', size='scalable')) = 10.335
DEBUG 2026-06-08 17:50:09 manager.py:1483 findfont: score(FontEntry(fname='/home/kibub/miniforge3/envs/lerobot/fonts/SourceCodePro-Regular.ttf', name='Source Code Pro', style='normal', variant='normal', weight=400, stretch='normal', size='scalable')) = 10.05
DEBUG 2026-06-08 17:50:09 manager.py:1483 findfont: score(FontEntry(fname='/usr/share/fonts/truetype/noto/NotoSansOldTurkic-Regular.ttf', name='Noto Sans Old Turkic', style='normal', variant='normal', weight=400, stretch='normal', size='scalable')) = 10.05
DEBUG 2026-06-08 17:50:09 manager.py:1483 findfont: score(FontEntry(fname='/usr/share/fonts/truetype/noto/NotoSerifThai-Regular.ttf', name='Noto Serif Thai', style='normal', variant='normal', weight=400, stretch='normal', size='scalable')) = 10.05
DEBUG 2026-06-08 17:50:09 manager.py:1483 findfont: score(FontEntry(fname='/usr/share/fonts/truetype/noto/NotoSerifLao-Bold.ttf', name='Noto Serif Lao', style='normal', variant='normal', weight=700, stretch='normal', size='scalable')) = 10.335
DEBUG 2026-06-08 17:50:09 manager.py:1483 findfont: score(FontEntry(fname='/usr/share/fonts/truetype/noto/NotoSansTaiTham-Bold.ttf', name='Noto Sans Tai Tham', style='normal', variant='normal', weight=700, stretch='normal', size='scalable')) = 10.335
DEBUG 2026-06-08 17:50:09 manager.py:1483 findfont: score(FontEntry(fname='/usr/share/fonts/truetype/noto/NotoSansHatran-Regular.ttf', name='Noto Sans Hatran', style='normal', variant='normal', weight=400, stretch='normal', size='scalable')) = 10.05
DEBUG 2026-06-08 17:50:09 manager.py:1483 findfont: score(FontEntry(fname='/usr/share/fonts/truetype/open-sans/OpenSans-CondLight.ttf', name='Open Sans', style='normal', variant='normal', weight=300, stretch='condensed', size='scalable')) = 10.344999999999999
DEBUG 2026-06-08 17:50:09 manager.py:1483 findfont: score(FontEntry(fname='/usr/share/fonts/truetype/lato/Lato-Light.ttf', name='Lato', style='normal', variant='normal', weight=300, stretch='normal', size='scalable')) = 10.145
DEBUG 2026-06-08 17:50:09 manager.py:1483 findfont: score(FontEntry(fname='/usr/share/fonts/truetype/noto/NotoSansImperialAramaic-Regular.ttf', name='Noto Sans Imperial Aramaic', style='normal', variant='normal', weight=400, stretch='normal', size='scalable')) = 10.05
DEBUG 2026-06-08 17:50:09 manager.py:1483 findfont: score(FontEntry(fname='/usr/share/fonts/truetype/noto/NotoSansCherokee-Bold.ttf', name='Noto Sans Cherokee', style='normal', variant='normal', weight=700, stretch='normal', size='scalable')) = 10.335
DEBUG 2026-06-08 17:50:09 manager.py:1483 findfont: score(FontEntry(fname='/usr/share/fonts/truetype/noto/NotoSerifMyanmar-Bold.ttf', name='Noto Serif Myanmar', style='normal', variant='normal', weight=400, stretch='normal', size='scalable')) = 10.05
DEBUG 2026-06-08 17:50:09 manager.py:1483 findfont: score(FontEntry(fname='/usr/share/fonts/truetype/noto/NotoSansNabataean-Regular.ttf', name='Noto Sans Nabataean', style='normal', variant='normal', weight=400, stretch='normal', size='scalable')) = 10.05
DEBUG 2026-06-08 17:50:09 manager.py:1483 findfont: score(FontEntry(fname='/usr/share/fonts/truetype/noto/NotoSansMarchen-Regular.ttf', name='Noto Sans Marchen', style='normal', variant='normal', weight=400, stretch='normal', size='scalable')) = 10.05
DEBUG 2026-06-08 17:50:09 manager.py:1483 findfont: score(FontEntry(fname='/usr/share/fonts/truetype/noto/NotoSerifKannada-Regular.ttf', name='Noto Serif Kannada', style='normal', variant='normal', weight=400, stretch='normal', size='scalable')) = 10.05
DEBUG 2026-06-08 17:50:09 manager.py:1483 findfont: score(FontEntry(fname='/usr/share/fonts/truetype/noto/NotoSansBalinese-Bold.ttf', name='Noto Sans Balinese', style='normal', variant='normal', weight=700, stretch='normal', size='scalable')) = 10.335
DEBUG 2026-06-08 17:50:09 manager.py:1483 findfont: score(FontEntry(fname='/usr/share/fonts/truetype/liberation/LiberationSans-Italic.ttf', name='Liberation Sans', style='italic', variant='normal', weight=400, stretch='normal', size='scalable')) = 11.05
DEBUG 2026-06-08 17:50:09 manager.py:1483 findfont: score(FontEntry(fname='/usr/share/fonts/opentype/urw-base35/NimbusRoman-Italic.otf', name='Nimbus Roman', style='italic', variant='normal', weight=400, stretch='normal', size='scalable')) = 11.05
DEBUG 2026-06-08 17:50:09 manager.py:1483 findfont: score(FontEntry(fname='/usr/share/fonts/truetype/lato/Lato-Hairline.ttf', name='Lato', style='normal', variant='normal', weight=250, stretch='normal', size='scalable')) = 10.1925
DEBUG 2026-06-08 17:50:09 manager.py:1483 findfont: score(FontEntry(fname='/usr/share/fonts/truetype/noto/NotoSerifDevanagari-Regular.ttf', name='Noto Serif Devanagari', style='normal', variant='normal', weight=400, stretch='normal', size='scalable')) = 10.05
DEBUG 2026-06-08 17:50:09 manager.py:1483 findfont: score(FontEntry(fname='/home/kibub/miniforge3/envs/lerobot/fonts/SourceCodePro-Semibold.ttf', name='Source Code Pro', style='normal', variant='normal', weight=600, stretch='normal', size='scalable')) = 10.24
DEBUG 2026-06-08 17:50:09 manager.py:1483 findfont: score(FontEntry(fname='/usr/share/fonts/truetype/noto/NotoSansEgyptianHieroglyphs-Regular.ttf', name='Noto Sans Egyptian Hieroglyphs', style='normal', variant='normal', weight=400, stretch='normal', size='scalable')) = 10.05
DEBUG 2026-06-08 17:50:09 manager.py:1483 findfont: score(FontEntry(fname='/usr/share/fonts/truetype/noto/NotoSerifDisplay-Italic.ttf', name='Noto Serif Display', style='italic', variant='normal', weight=400, stretch='normal', size='scalable')) = 11.05
DEBUG 2026-06-08 17:50:09 manager.py:1483 findfont: score(FontEntry(fname='/usr/share/fonts/truetype/noto/NotoSansSylotiNagri-Regular.ttf', name='Noto Sans Syloti Nagri', style='normal', variant='normal', weight=400, stretch='normal', size='scalable')) = 10.05
DEBUG 2026-06-08 17:50:09 manager.py:1483 findfont: score(FontEntry(fname='/usr/share/fonts/truetype/noto/NotoSansGunjalaGondi-Regular.ttf', name='Noto Sans Gunjala Gondi', style='normal', variant='normal', weight=400, stretch='normal', size='scalable')) = 10.05
DEBUG 2026-06-08 17:50:09 manager.py:1483 findfont: score(FontEntry(fname='/usr/share/fonts/truetype/noto/NotoSerifLao-Regular.ttf', name='Noto Serif Lao', style='normal', variant='normal', weight=400, stretch='normal', size='scalable')) = 10.05
DEBUG 2026-06-08 17:50:09 manager.py:1483 findfont: score(FontEntry(fname='/home/kibub/miniforge3/envs/lerobot/fonts/SourceCodePro-LightIt.ttf', name='Source Code Pro', style='italic', variant='normal', weight=300, stretch='normal', size='scalable')) = 11.145
DEBUG 2026-06-08 17:50:09 manager.py:1483 findfont: score(FontEntry(fname='/usr/share/fonts/opentype/urw-base35/NimbusSansNarrow-Oblique.otf', name='Nimbus Sans Narrow', style='oblique', variant='normal', weight=400, stretch='condensed', size='scalable')) = 11.25
DEBUG 2026-06-08 17:50:09 manager.py:1483 findfont: score(FontEntry(fname='/usr/share/fonts/truetype/noto/NotoSerifGujarati-Bold.ttf', name='Noto Serif Gujarati', style='normal', variant='normal', weight=700, stretch='normal', size='scalable')) = 10.335
DEBUG 2026-06-08 17:50:09 manager.py:1483 findfont: score(FontEntry(fname='/home/kibub/miniforge3/envs/lerobot/fonts/UbuntuMono-R.ttf', name='Ubuntu Mono', style='normal', variant='normal', weight=400, stretch='normal', size='scalable')) = 10.05
DEBUG 2026-06-08 17:50:09 manager.py:1483 findfont: score(FontEntry(fname='/usr/share/fonts/truetype/noto/NotoLoopedThai-Regular.ttf', name='Noto Looped Thai', style='normal', variant='normal', weight=400, stretch='normal', size='scalable')) = 10.05
DEBUG 2026-06-08 17:50:09 manager.py:1483 findfont: score(FontEntry(fname='/usr/share/fonts/truetype/noto/NotoSansMahajani-Regular.ttf', name='Noto Sans Mahajani', style='normal', variant='normal', weight=400, stretch='normal', size='scalable')) = 10.05
DEBUG 2026-06-08 17:50:09 manager.py:1483 findfont: score(FontEntry(fname='/usr/share/fonts/truetype/lato/Lato-ThinItalic.ttf', name='Lato', style='italic', variant='normal', weight=275, stretch='normal', size='scalable')) = 11.16875
DEBUG 2026-06-08 17:50:09 manager.py:1483 findfont: score(FontEntry(fname='/usr/share/fonts/truetype/dejavu/DejaVuSerif-Bold.ttf', name='DejaVu Serif', style='normal', variant='normal', weight=700, stretch='normal', size='scalable')) = 10.335
DEBUG 2026-06-08 17:50:09 manager.py:1483 findfont: score(FontEntry(fname='/usr/share/fonts/truetype/liberation/LiberationSans-Regular.ttf', name='Liberation Sans', style='normal', variant='normal', weight=400, stretch='normal', size='scalable')) = 10.05
DEBUG 2026-06-08 17:50:09 manager.py:1483 findfont: score(FontEntry(fname='/usr/share/fonts/truetype/noto/NotoSansEthiopic-Regular.ttf', name='Noto Sans Ethiopic', style='normal', variant='normal', weight=400, stretch='normal', size='scalable')) = 10.05
DEBUG 2026-06-08 17:50:09 manager.py:1483 findfont: score(FontEntry(fname='/usr/share/fonts/truetype/noto/NotoSerifTelugu-Bold.ttf', name='Noto Serif Telugu', style='normal', variant='normal', weight=700, stretch='normal', size='scalable')) = 10.335
DEBUG 2026-06-08 17:50:09 manager.py:1483 findfont: score(FontEntry(fname='/usr/share/fonts/truetype/noto/NotoSans-Regular.ttf', name='Noto Sans', style='normal', variant='normal', weight=400, stretch='normal', size='scalable')) = 10.05
DEBUG 2026-06-08 17:50:09 manager.py:1483 findfont: score(FontEntry(fname='/usr/share/fonts/truetype/liberation/LiberationSansNarrow-Regular.ttf', name='Liberation Sans Narrow', style='normal', variant='normal', weight=400, stretch='condensed', size='scalable')) = 10.25
DEBUG 2026-06-08 17:50:09 manager.py:1483 findfont: score(FontEntry(fname='/usr/share/fonts/truetype/noto/NotoSansLimbu-Regular.ttf', name='Noto Sans Limbu', style='normal', variant='normal', weight=400, stretch='normal', size='scalable')) = 10.05
DEBUG 2026-06-08 17:50:09 manager.py:1483 findfont: score(FontEntry(fname='/usr/share/fonts/truetype/noto/NotoSansPsalterPahlavi-Regular.ttf', name='Noto Sans Psalter Pahlavi', style='normal', variant='normal', weight=400, stretch='normal', size='scalable')) = 10.05
DEBUG 2026-06-08 17:50:09 manager.py:1483 findfont: score(FontEntry(fname='/usr/share/fonts/truetype/noto/NotoSansJavanese-Bold.ttf', name='Noto Sans Javanese', style='normal', variant='normal', weight=700, stretch='normal', size='scalable')) = 10.335
DEBUG 2026-06-08 17:50:09 manager.py:1483 findfont: score(FontEntry(fname='/usr/share/fonts/truetype/noto/NotoSerifDisplay-Bold.ttf', name='Noto Serif Display', style='normal', variant='normal', weight=700, stretch='normal', size='scalable')) = 10.335
DEBUG 2026-06-08 17:50:09 manager.py:1483 findfont: score(FontEntry(fname='/usr/share/fonts/truetype/dejavu/DejaVuSerif.ttf', name='DejaVu Serif', style='normal', variant='normal', weight=400, stretch='normal', size='scalable')) = 10.05
DEBUG 2026-06-08 17:50:09 manager.py:1483 findfont: score(FontEntry(fname='/usr/share/fonts/truetype/noto/NotoSansDeseret-Regular.ttf', name='Noto Sans Deseret', style='normal', variant='normal', weight=400, stretch='normal', size='scalable')) = 10.05
DEBUG 2026-06-08 17:50:09 manager.py:1483 findfont: score(FontEntry(fname='/usr/share/fonts/truetype/lato/Lato-BoldItalic.ttf', name='Lato', style='italic', variant='normal', weight=700, stretch='normal', size='scalable')) = 11.335
DEBUG 2026-06-08 17:50:09 manager.py:1483 findfont: score(FontEntry(fname='/home/kibub/miniforge3/envs/lerobot/fonts/Ubuntu-BI.ttf', name='Ubuntu', style='italic', variant='normal', weight=700, stretch='normal', size='scalable')) = 11.335
DEBUG 2026-06-08 17:50:09 manager.py:1483 findfont: score(FontEntry(fname='/usr/share/fonts/truetype/noto/NotoSansLao-Regular.ttf', name='Noto Sans Lao', style='normal', variant='normal', weight=400, stretch='normal', size='scalable')) = 10.05
DEBUG 2026-06-08 17:50:09 manager.py:1483 findfont: score(FontEntry(fname='/usr/share/fonts/truetype/lato/Lato-Semibold.ttf', name='Lato', style='normal', variant='normal', weight=600, stretch='normal', size='scalable')) = 10.24
DEBUG 2026-06-08 17:50:09 manager.py:1483 findfont: score(FontEntry(fname='/usr/share/fonts/truetype/noto/NotoSansOldPermic-Regular.ttf', name='Noto Sans Old Permic', style='normal', variant='normal', weight=400, stretch='normal', size='scalable')) = 10.05
DEBUG 2026-06-08 17:50:09 manager.py:1483 findfont: score(FontEntry(fname='/usr/share/fonts/truetype/noto/NotoSerifYezidi-Bold.ttf', name='Noto Serif Yezidi', style='normal', variant='normal', weight=700, stretch='normal', size='scalable')) = 10.335
DEBUG 2026-06-08 17:50:09 manager.py:1483 findfont: score(FontEntry(fname='/usr/share/fonts/opentype/noto/NotoSansCJK-Bold.ttc', name='Noto Sans CJK JP', style='normal', variant='normal', weight=700, stretch='normal', size='scalable')) = 10.335
DEBUG 2026-06-08 17:50:09 manager.py:1483 findfont: score(FontEntry(fname='/usr/share/fonts/opentype/noto/NotoSerifCJK-Bold.ttc', name='Noto Serif CJK JP', style='normal', variant='normal', weight=700, stretch='normal', size='scalable')) = 10.335
DEBUG 2026-06-08 17:50:09 manager.py:1483 findfont: score(FontEntry(fname='/usr/share/fonts/truetype/ubuntu/UbuntuSansMono-Italic[wght].ttf', name='Ubuntu Sans Mono', style='italic', variant='normal', weight=400, stretch='normal', size='scalable')) = 11.05
DEBUG 2026-06-08 17:50:09 manager.py:1483 findfont: score(FontEntry(fname='/usr/share/fonts/truetype/ubuntu/Ubuntu-RI.ttf', name='Ubuntu', style='italic', variant='normal', weight=400, stretch='normal', size='scalable')) = 11.05
DEBUG 2026-06-08 17:50:09 manager.py:1483 findfont: score(FontEntry(fname='/usr/share/fonts/truetype/noto/NotoSansDisplay-Regular.ttf', name='Noto Sans Display', style='normal', variant='normal', weight=400, stretch='normal', size='scalable')) = 10.05
DEBUG 2026-06-08 17:50:09 manager.py:1483 findfont: score(FontEntry(fname='/home/kibub/miniforge3/envs/lerobot/fonts/SourceCodePro-ExtraLightIt.ttf', name='Source Code Pro', style='italic', variant='normal', weight=200, stretch='normal', size='scalable')) = 11.24
DEBUG 2026-06-08 17:50:09 manager.py:1483 findfont: score(FontEntry(fname='/usr/share/fonts/truetype/liberation/LiberationMono-BoldItalic.ttf', name='Liberation Mono', style='italic', variant='normal', weight=700, stretch='normal', size='scalable')) = 11.335
DEBUG 2026-06-08 17:50:09 manager.py:1483 findfont: score(FontEntry(fname='/usr/share/fonts/truetype/noto/NotoSansCham-Bold.ttf', name='Noto Sans Cham', style='normal', variant='normal', weight=700, stretch='normal', size='scalable')) = 10.335
DEBUG 2026-06-08 17:50:09 manager.py:1483 findfont: score(FontEntry(fname='/usr/share/fonts/truetype/open-sans/OpenSans-BoldItalic.ttf', name='Open Sans', style='italic', variant='normal', weight=700, stretch='normal', size='scalable')) = 11.335
DEBUG 2026-06-08 17:50:09 manager.py:1483 findfont: score(FontEntry(fname='/usr/share/fonts/truetype/noto/NotoSansDisplay-Italic.ttf', name='Noto Sans Display', style='italic', variant='normal', weight=400, stretch='normal', size='scalable')) = 11.05
DEBUG 2026-06-08 17:50:09 manager.py:1483 findfont: score(FontEntry(fname='/usr/share/fonts/truetype/noto/NotoSansWancho-Regular.ttf', name='Noto Sans Wancho', style='normal', variant='normal', weight=400, stretch='normal', size='scalable')) = 10.05
DEBUG 2026-06-08 17:50:09 manager.py:1483 findfont: score(FontEntry(fname='/usr/share/fonts/truetype/dejavu/DejaVuSansMono-Oblique.ttf', name='DejaVu Sans Mono', style='oblique', variant='normal', weight=400, stretch='normal', size='scalable')) = 11.05
DEBUG 2026-06-08 17:50:09 manager.py:1483 findfont: score(FontEntry(fname='/usr/share/fonts/opentype/urw-base35/D050000L.otf', name='D050000L', style='normal', variant='normal', weight=400, stretch='normal', size='scalable')) = 10.05
DEBUG 2026-06-08 17:50:09 manager.py:1483 findfont: score(FontEntry(fname='/usr/share/fonts/truetype/noto/NotoSansMedefaidrin-Regular.ttf', name='Noto Sans Medefaidrin', style='normal', variant='normal', weight=400, stretch='normal', size='scalable')) = 10.05
DEBUG 2026-06-08 17:50:09 manager.py:1483 findfont: score(FontEntry(fname='/usr/share/fonts/truetype/noto/NotoSansTifinaghTawellemmet-Regular.ttf', name='Noto Sans Tifinagh Tawellemmet', style='normal', variant='normal', weight=400, stretch='normal', size='scalable')) = 10.05
DEBUG 2026-06-08 17:50:09 manager.py:1483 findfont: score(FontEntry(fname='/usr/share/fonts/truetype/noto/NotoSansTifinaghAzawagh-Regular.ttf', name='Noto Sans Tifinagh Azawagh', style='normal', variant='normal', weight=400, stretch='normal', size='scalable')) = 10.05
DEBUG 2026-06-08 17:50:09 manager.py:1483 findfont: score(FontEntry(fname='/usr/share/fonts/truetype/noto/NotoSerifArmenian-Bold.ttf', name='Noto Serif Armenian', style='normal', variant='normal', weight=700, stretch='normal', size='scalable')) = 10.335
DEBUG 2026-06-08 17:50:09 manager.py:1483 findfont: score(FontEntry(fname='/usr/share/fonts/truetype/noto/NotoSansSundanese-Bold.ttf', name='Noto Sans Sundanese', style='normal', variant='normal', weight=700, stretch='normal', size='scalable')) = 10.335
DEBUG 2026-06-08 17:50:09 manager.py:1483 findfont: score(FontEntry(fname='/usr/share/fonts/truetype/noto/NotoSansAdlamUnjoined-Regular.ttf', name='Noto Sans Adlam Unjoined', style='normal', variant='normal', weight=400, stretch='normal', size='scalable')) = 10.05
DEBUG 2026-06-08 17:50:09 manager.py:1483 findfont: score(FontEntry(fname='/usr/share/fonts/truetype/noto/NotoSansMultani-Regular.ttf', name='Noto Sans Multani', style='normal', variant='normal', weight=400, stretch='normal', size='scalable')) = 10.05
DEBUG 2026-06-08 17:50:09 manager.py:1483 findfont: score(FontEntry(fname='/usr/share/fonts/truetype/liberation/LiberationSerif-BoldItalic.ttf', name='Liberation Serif', style='italic', variant='normal', weight=700, stretch='normal', size='scalable')) = 11.335
DEBUG 2026-06-08 17:50:09 manager.py:1483 findfont: score(FontEntry(fname='/usr/share/fonts/truetype/noto/NotoKufiArabic-Regular.ttf', name='Noto Kufi Arabic', style='normal', variant='normal', weight=400, stretch='normal', size='scalable')) = 10.05
DEBUG 2026-06-08 17:50:09 manager.py:1483 findfont: score(FontEntry(fname='/usr/share/fonts/truetype/noto/NotoSansSymbols-Regular.ttf', name='Noto Sans Symbols', style='normal', variant='normal', weight=400, stretch='normal', size='scalable')) = 10.05
DEBUG 2026-06-08 17:50:09 manager.py:1483 findfont: score(FontEntry(fname='/usr/share/fonts/truetype/noto/NotoSansGurmukhi-Bold.ttf', name='Noto Sans Gurmukhi', style='normal', variant='normal', weight=700, stretch='normal', size='scalable')) = 10.335
DEBUG 2026-06-08 17:50:09 manager.py:1483 findfont: score(FontEntry(fname='/usr/share/fonts/truetype/noto/NotoSerifSinhala-Bold.ttf', name='Noto Serif Sinhala', style='normal', variant='normal', weight=700, stretch='normal', size='scalable')) = 10.335
DEBUG 2026-06-08 17:50:09 manager.py:1483 findfont: score(FontEntry(fname='/usr/share/fonts/truetype/noto/NotoSansTifinaghAir-Regular.ttf', name='Noto Sans Tifinagh Air', style='normal', variant='normal', weight=400, stretch='normal', size='scalable')) = 10.05
DEBUG 2026-06-08 17:50:09 manager.py:1483 findfont: score(FontEntry(fname='/usr/share/fonts/truetype/noto/NotoSansOsmanya-Regular.ttf', name='Noto Sans Osmanya', style='normal', variant='normal', weight=400, stretch='normal', size='scalable')) = 10.05
DEBUG 2026-06-08 17:50:09 manager.py:1483 findfont: score(FontEntry(fname='/usr/share/fonts/truetype/noto/NotoSansTakri-Regular.ttf', name='Noto Sans Takri', style='normal', variant='normal', weight=400, stretch='normal', size='scalable')) = 10.05
DEBUG 2026-06-08 17:50:09 manager.py:1483 findfont: score(FontEntry(fname='/usr/share/fonts/truetype/noto/NotoSansAdlam-Bold.ttf', name='Noto Sans Adlam', style='normal', variant='normal', weight=700, stretch='normal', size='scalable')) = 10.335
DEBUG 2026-06-08 17:50:09 manager.py:1483 findfont: score(FontEntry(fname='/usr/share/fonts/truetype/noto/NotoSansDevanagari-Bold.ttf', name='Noto Sans Devanagari', style='normal', variant='normal', weight=700, stretch='normal', size='scalable')) = 10.335
DEBUG 2026-06-08 17:50:09 manager.py:1483 findfont: score(FontEntry(fname='/usr/share/fonts/truetype/ubuntu/Ubuntu-LI.ttf', name='Ubuntu', style='italic', variant='normal', weight=400, stretch='normal', size='scalable')) = 11.05
DEBUG 2026-06-08 17:50:09 manager.py:1483 findfont: score(FontEntry(fname='/usr/share/fonts/truetype/noto/NotoSansAdlamUnjoined-Bold.ttf', name='Noto Sans Adlam Unjoined', style='normal', variant='normal', weight=700, stretch='normal', size='scalable')) = 10.335
DEBUG 2026-06-08 17:50:09 manager.py:1483 findfont: score(FontEntry(fname='/usr/share/fonts/truetype/lato/Lato-Regular.ttf', name='Lato', style='normal', variant='normal', weight=400, stretch='normal', size='scalable')) = 10.05
DEBUG 2026-06-08 17:50:09 manager.py:1483 findfont: score(FontEntry(fname='/home/kibub/miniforge3/envs/lerobot/fonts/DejaVuSans.ttf', name='DejaVu Sans', style='normal', variant='normal', weight=400, stretch='normal', size='scalable')) = 0.05
DEBUG 2026-06-08 17:50:09 manager.py:1483 findfont: score(FontEntry(fname='/usr/share/fonts/truetype/noto/NotoSansSamaritan-Regular.ttf', name='Noto Sans Samaritan', style='normal', variant='normal', weight=400, stretch='normal', size='scalable')) = 10.05
DEBUG 2026-06-08 17:50:09 manager.py:1483 findfont: score(FontEntry(fname='/usr/share/fonts/truetype/noto/NotoSansTamil-Regular.ttf', name='Noto Sans Tamil', style='normal', variant='normal', weight=400, stretch='normal', size='scalable')) = 10.05
DEBUG 2026-06-08 17:50:09 manager.py:1483 findfont: score(FontEntry(fname='/usr/share/fonts/truetype/noto/NotoSansKhudawadi-Regular.ttf', name='Noto Sans Khudawadi', style='normal', variant='normal', weight=400, stretch='normal', size='scalable')) = 10.05
DEBUG 2026-06-08 17:50:09 manager.py:1483 findfont: score(FontEntry(fname='/usr/share/fonts/truetype/noto/NotoSansCanadianAboriginal-Bold.ttf', name='Noto Sans Canadian Aboriginal', style='normal', variant='normal', weight=700, stretch='normal', size='scalable')) = 10.335
DEBUG 2026-06-08 17:50:09 manager.py:1483 findfont: score(FontEntry(fname='/usr/share/fonts/truetype/noto/NotoSansTifinaghAgrawImazighen-Regular.ttf', name='Noto Sans Tifinagh Agraw Imazighen', style='normal', variant='normal', weight=400, stretch='normal', size='scalable')) = 10.05
DEBUG 2026-06-08 17:50:09 manager.py:1483 findfont: score(FontEntry(fname='/usr/share/fonts/truetype/noto/NotoSansTaiLe-Regular.ttf', name='Noto Sans Tai Le', style='normal', variant='normal', weight=400, stretch='normal', size='scalable')) = 10.05
DEBUG 2026-06-08 17:50:09 manager.py:1483 findfont: score(FontEntry(fname='/home/kibub/miniforge3/envs/lerobot/fonts/UbuntuMono-B.ttf', name='Ubuntu Mono', style='normal', variant='normal', weight=700, stretch='normal', size='scalable')) = 10.335
DEBUG 2026-06-08 17:50:09 manager.py:1483 findfont: score(FontEntry(fname='/usr/share/fonts/truetype/noto/NotoSansAdlam-Regular.ttf', name='Noto Sans Adlam', style='normal', variant='normal', weight=400, stretch='normal', size='scalable')) = 10.05
DEBUG 2026-06-08 17:50:09 manager.py:1483 findfont: score(FontEntry(fname='/usr/share/fonts/truetype/noto/NotoSansBuhid-Regular.ttf', name='Noto Sans Buhid', style='normal', variant='normal', weight=400, stretch='normal', size='scalable')) = 10.05
DEBUG 2026-06-08 17:50:09 manager.py:1483 findfont: score(FontEntry(fname='/usr/share/fonts/truetype/ubuntu/Ubuntu-R.ttf', name='Ubuntu', style='normal', variant='normal', weight=400, stretch='normal', size='scalable')) = 10.05
DEBUG 2026-06-08 17:50:09 manager.py:1483 findfont: score(FontEntry(fname='/usr/share/fonts/opentype/urw-base35/URWBookman-LightItalic.otf', name='URW Bookman', style='italic', variant='normal', weight=300, stretch='normal', size='scalable')) = 11.145
DEBUG 2026-06-08 17:50:09 manager.py:1483 findfont: score(FontEntry(fname='/home/kibub/miniforge3/envs/lerobot/fonts/Ubuntu-Th.ttf', name='Ubuntu', style='normal', variant='normal', weight=250, stretch='normal', size='scalable')) = 10.1925
DEBUG 2026-06-08 17:50:09 manager.py:1483 findfont: score(FontEntry(fname='/usr/share/fonts/truetype/noto/NotoSansInscriptionalPahlavi-Regular.ttf', name='Noto Sans Inscriptional Pahlavi', style='normal', variant='normal', weight=400, stretch='normal', size='scalable')) = 10.05
DEBUG 2026-06-08 17:50:09 manager.py:1483 findfont: score(FontEntry(fname='/home/kibub/miniforge3/envs/lerobot/fonts/SourceCodePro-BoldIt.ttf', name='Source Code Pro', style='italic', variant='normal', weight=700, stretch='normal', size='scalable')) = 11.335
DEBUG 2026-06-08 17:50:09 manager.py:1483 findfont: score(FontEntry(fname='/usr/share/fonts/truetype/noto/NotoSansCuneiform-Regular.ttf', name='Noto Sans Cuneiform', style='normal', variant='normal', weight=400, stretch='normal', size='scalable')) = 10.05
DEBUG 2026-06-08 17:50:09 manager.py:1483 findfont: score(FontEntry(fname='/usr/share/fonts/truetype/noto/NotoSansManichaean-Regular.ttf', name='Noto Sans Manichaean', style='normal', variant='normal', weight=400, stretch='normal', size='scalable')) = 10.05
DEBUG 2026-06-08 17:50:09 manager.py:1483 findfont: score(FontEntry(fname='/usr/share/fonts/truetype/noto/NotoSansInscriptionalParthian-Regular.ttf', name='Noto Sans Inscriptional Parthian', style='normal', variant='normal', weight=400, stretch='normal', size='scalable')) = 10.05
DEBUG 2026-06-08 17:50:09 manager.py:1483 findfont: score(FontEntry(fname='/usr/share/fonts/truetype/noto/NotoSerifGrantha-Regular.ttf', name='Noto Serif Grantha', style='normal', variant='normal', weight=400, stretch='normal', size='scalable')) = 10.05
DEBUG 2026-06-08 17:50:09 manager.py:1483 findfont: score(FontEntry(fname='/usr/share/fonts/truetype/noto/NotoSansLepcha-Regular.ttf', name='Noto Sans Lepcha', style='normal', variant='normal', weight=400, stretch='normal', size='scalable')) = 10.05
DEBUG 2026-06-08 17:50:09 manager.py:1483 findfont: score(FontEntry(fname='/usr/share/fonts/truetype/noto/NotoSansBuginese-Regular.ttf', name='Noto Sans Buginese', style='normal', variant='normal', weight=400, stretch='normal', size='scalable')) = 10.05
DEBUG 2026-06-08 17:50:09 manager.py:1483 findfont: score(FontEntry(fname='/usr/share/fonts/truetype/ubuntu/Ubuntu[wdth,wght].ttf', name='Ubuntu', style='normal', variant='normal', weight=400, stretch='normal', size='scalable')) = 10.05
DEBUG 2026-06-08 17:50:09 manager.py:1483 findfont: score(FontEntry(fname='/usr/share/fonts/truetype/dejavu/DejaVuSans.ttf', name='DejaVu Sans', style='normal', variant='normal', weight=400, stretch='normal', size='scalable')) = 0.05
DEBUG 2026-06-08 17:50:09 manager.py:1483 findfont: score(FontEntry(fname='/usr/share/fonts/truetype/ubuntu/Ubuntu-MI.ttf', name='Ubuntu', style='italic', variant='normal', weight=400, stretch='normal', size='scalable')) = 11.05
DEBUG 2026-06-08 17:50:09 manager.py:1483 findfont: score(FontEntry(fname='/usr/share/fonts/truetype/noto/NotoSerifYezidi-Regular.ttf', name='Noto Serif Yezidi', style='normal', variant='normal', weight=400, stretch='normal', size='scalable')) = 10.05
DEBUG 2026-06-08 17:50:09 manager.py:1483 findfont: score(FontEntry(fname='/usr/share/fonts/truetype/noto/NotoSerifBengali-Bold.ttf', name='Noto Serif Bengali', style='normal', variant='normal', weight=700, stretch='normal', size='scalable')) = 10.335
DEBUG 2026-06-08 17:50:09 manager.py:1483 findfont: score(FontEntry(fname='/usr/share/fonts/truetype/noto/NotoSerifTibetan-Bold.ttf', name='Noto Serif Tibetan', style='normal', variant='normal', weight=700, stretch='normal', size='scalable')) = 10.335
DEBUG 2026-06-08 17:50:09 manager.py:1483 findfont: score(FontEntry(fname='/usr/share/fonts/truetype/open-sans/OpenSans-Light.ttf', name='Open Sans', style='normal', variant='normal', weight=300, stretch='normal', size='scalable')) = 10.145
DEBUG 2026-06-08 17:50:09 manager.py:1483 findfont: score(FontEntry(fname='/usr/share/fonts/opentype/noto/NotoSerifCJK-Regular.ttc', name='Noto Serif CJK JP', style='normal', variant='normal', weight=400, stretch='normal', size='scalable')) = 10.05
DEBUG 2026-06-08 17:50:09 manager.py:1483 findfont: score(FontEntry(fname='/usr/share/fonts/opentype/urw-base35/NimbusRoman-BoldItalic.otf', name='Nimbus Roman', style='italic', variant='normal', weight=700, stretch='normal', size='scalable')) = 11.335
DEBUG 2026-06-08 17:50:09 manager.py:1483 findfont: score(FontEntry(fname='/usr/share/fonts/truetype/noto/NotoSansTelugu-Bold.ttf', name='Noto Sans Telugu', style='normal', variant='normal', weight=700, stretch='normal', size='scalable')) = 10.335
DEBUG 2026-06-08 17:50:09 manager.py:1483 findfont: score(FontEntry(fname='/usr/share/fonts/truetype/lato/Lato-SemiboldItalic.ttf', name='Lato', style='italic', variant='normal', weight=600, stretch='normal', size='scalable')) = 11.24
DEBUG 2026-06-08 17:50:09 manager.py:1483 findfont: score(FontEntry(fname='/usr/share/fonts/truetype/noto/NotoSansOriya-Regular.ttf', name='Noto Sans Oriya', style='normal', variant='normal', weight=400, stretch='normal', size='scalable')) = 10.05
DEBUG 2026-06-08 17:50:09 manager.py:1483 findfont: score(FontEntry(fname='/usr/share/fonts/truetype/liberation/LiberationSerif-Regular.ttf', name='Liberation Serif', style='normal', variant='normal', weight=400, stretch='normal', size='scalable')) = 10.05
DEBUG 2026-06-08 17:50:09 manager.py:1483 findfont: score(FontEntry(fname='/usr/share/fonts/truetype/open-sans/OpenSans-SemiboldItalic.ttf', name='Open Sans', style='italic', variant='normal', weight=600, stretch='normal', size='scalable')) = 11.24
DEBUG 2026-06-08 17:50:09 manager.py:1515 findfont: Matching sans\-serif:style=normal:variant=normal:weight=normal:stretch=normal:size=10.0 to DejaVu Sans ('/home/kibub/miniforge3/envs/lerobot/lib/python3.12/site-packages/matplotlib/mpl-data/fonts/ttf/DejaVuSans.ttf') with score of 0.050000.
INFO 2026-06-08 17:50:09 t_client.py:512 Client stopped
