DEBUG 2026-06-08 17:50:36 rt_utils.py:241 Third-party plugin import summary: imported=[] failed=[]
DEBUG 2026-06-08 17:50:36 d_metavar.py:22 Metavar for type None: None
DEBUG 2026-06-08 17:50:36 formatter.py:52 action type: None, Result: , nargs: 0, default metavar: None
DEBUG 2026-06-08 17:50:36 d_metavar.py:22 Metavar for type <class 'str'>: str
DEBUG 2026-06-08 17:50:36 formatter.py:52 action type: <class 'str'>, Result: str, nargs: None, default metavar: None
DEBUG 2026-06-08 17:50:36 _wrapper.py:168 wrapped field at policy_type has a default value of None
DEBUG 2026-06-08 17:50:36 _wrapper.py:168 wrapped field at pretrained_name_or_path has a default value of None
DEBUG 2026-06-08 17:50:36 _wrapper.py:168 wrapped field at actions_per_chunk has a default value of None
DEBUG 2026-06-08 17:50:36 _wrapper.py:168 wrapped field at task has a default value of 
DEBUG 2026-06-08 17:50:36 _wrapper.py:168 wrapped field at server_address has a default value of localhost:8080
DEBUG 2026-06-08 17:50:36 _wrapper.py:168 wrapped field at policy_device has a default value of cpu
DEBUG 2026-06-08 17:50:36 _wrapper.py:168 wrapped field at client_device has a default value of cpu
DEBUG 2026-06-08 17:50:36 _wrapper.py:168 wrapped field at chunk_size_threshold has a default value of 0.5
DEBUG 2026-06-08 17:50:36 _wrapper.py:168 wrapped field at fps has a default value of 30
DEBUG 2026-06-08 17:50:36 _wrapper.py:168 wrapped field at aggregate_fn_name has a default value of weighted_average
DEBUG 2026-06-08 17:50:36 _wrapper.py:168 wrapped field at debug_visualize_queue_size has a default value of False
DEBUG 2026-06-08 17:50:36 _wrapper.py:309 Arg options for field 'policy_type': {'required': False, 'dest': 'policy_type', 'default': None, 'help': 'Policy configuration', 'type': <class 'str'>}
DEBUG 2026-06-08 17:50:36 _wrapper.py:309 Arg options for field 'pretrained_name_or_path': {'required': False, 'dest': 'pretrained_name_or_path', 'default': None, 'type': <class 'str'>}
DEBUG 2026-06-08 17:50:36 d_metavar.py:22 Metavar for type <class 'str'>: str
DEBUG 2026-06-08 17:50:36 formatter.py:52 action type: <class 'str'>, Result: str, nargs: None, default metavar: None
DEBUG 2026-06-08 17:50:36 _wrapper.py:168 wrapped field at robot.port has a default value of None
DEBUG 2026-06-08 17:50:36 _wrapper.py:168 wrapped field at robot.disable_torque_on_disconnect has a default value of True
DEBUG 2026-06-08 17:50:36 _wrapper.py:201 wrapped field at robot.max_relative_target has a default value of None
DEBUG 2026-06-08 17:50:36 _wrapper.py:201 wrapped field at robot.cameras has a default value of {}
DEBUG 2026-06-08 17:50:36 _wrapper.py:168 wrapped field at robot.use_degrees has a default value of True
DEBUG 2026-06-08 17:50:36 _wrapper.py:201 wrapped field at robot.id has a default value of None
DEBUG 2026-06-08 17:50:36 _wrapper.py:201 wrapped field at robot.calibration_dir has a default value of None
DEBUG 2026-06-08 17:50:36 _wrapper.py:168 wrapped field at robot.port has a default value of None
DEBUG 2026-06-08 17:50:36 _wrapper.py:168 wrapped field at robot.disable_torque_on_disconnect has a default value of True
DEBUG 2026-06-08 17:50:36 _wrapper.py:201 wrapped field at robot.max_relative_target has a default value of None
DEBUG 2026-06-08 17:50:36 _wrapper.py:201 wrapped field at robot.cameras has a default value of {}
DEBUG 2026-06-08 17:50:36 _wrapper.py:168 wrapped field at robot.use_degrees has a default value of True
DEBUG 2026-06-08 17:50:36 _wrapper.py:201 wrapped field at robot.id has a default value of None
DEBUG 2026-06-08 17:50:36 _wrapper.py:201 wrapped field at robot.calibration_dir has a default value of None
DEBUG 2026-06-08 17:50:36 _wrapper.py:201 wrapped field at robot.id has a default value of None
DEBUG 2026-06-08 17:50:36 _wrapper.py:201 wrapped field at robot.calibration_dir has a default value of None
DEBUG 2026-06-08 17:50:36 _wrapper.py:168 wrapped field at robot.left_arm_config.port has a default value of None
DEBUG 2026-06-08 17:50:36 _wrapper.py:168 wrapped field at robot.left_arm_config.disable_torque_on_disconnect has a default value of True
DEBUG 2026-06-08 17:50:36 _wrapper.py:201 wrapped field at robot.left_arm_config.max_relative_target has a default value of None
DEBUG 2026-06-08 17:50:36 _wrapper.py:201 wrapped field at robot.left_arm_config.cameras has a default value of {}
DEBUG 2026-06-08 17:50:36 _wrapper.py:168 wrapped field at robot.left_arm_config.use_degrees has a default value of True
DEBUG 2026-06-08 17:50:36 _wrapper.py:168 wrapped field at robot.right_arm_config.port has a default value of None
DEBUG 2026-06-08 17:50:36 _wrapper.py:168 wrapped field at robot.right_arm_config.disable_torque_on_disconnect has a default value of True
DEBUG 2026-06-08 17:50:36 _wrapper.py:201 wrapped field at robot.right_arm_config.max_relative_target has a default value of None
DEBUG 2026-06-08 17:50:36 _wrapper.py:201 wrapped field at robot.right_arm_config.cameras has a default value of {}
DEBUG 2026-06-08 17:50:36 _wrapper.py:168 wrapped field at robot.right_arm_config.use_degrees has a default value of True
DEBUG 2026-06-08 17:50:36 _wrapper.py:201 wrapped field at robot.top_cameras has a default value of {}
DEBUG 2026-06-08 17:50:36 _wrapper.py:201 wrapped field at robot.id has a default value of None
DEBUG 2026-06-08 17:50:36 _wrapper.py:201 wrapped field at robot.calibration_dir has a default value of None
DEBUG 2026-06-08 17:50:36 _wrapper.py:168 wrapped field at robot.port has a default value of None
DEBUG 2026-06-08 17:50:36 _wrapper.py:168 wrapped field at robot.disable_torque_on_disconnect has a default value of True
DEBUG 2026-06-08 17:50:36 _wrapper.py:201 wrapped field at robot.max_relative_target has a default value of None
DEBUG 2026-06-08 17:50:36 _wrapper.py:201 wrapped field at robot.cameras has a default value of {}
DEBUG 2026-06-08 17:50:36 _wrapper.py:168 wrapped field at robot.use_degrees has a default value of False
DEBUG 2026-06-08 17:50:36 _wrapper.py:201 wrapped field at robot.id has a default value of None
DEBUG 2026-06-08 17:50:36 _wrapper.py:201 wrapped field at robot.calibration_dir has a default value of None
DEBUG 2026-06-08 17:50:36 _wrapper.py:168 wrapped field at robot.port has a default value of None
DEBUG 2026-06-08 17:50:36 _wrapper.py:168 wrapped field at robot.disable_torque_on_disconnect has a default value of True
DEBUG 2026-06-08 17:50:36 _wrapper.py:201 wrapped field at robot.max_relative_target has a default value of None
DEBUG 2026-06-08 17:50:36 _wrapper.py:201 wrapped field at robot.cameras has a default value of {}
DEBUG 2026-06-08 17:50:36 _wrapper.py:168 wrapped field at robot.use_degrees has a default value of False
DEBUG 2026-06-08 17:50:36 docstring.py:65 Couldn't find the attribute docstring: could not find class definition
DEBUG 2026-06-08 17:50:36 _wrapper.py:309 Arg options for field 'port': {'required': False, 'dest': 'robot.port', 'default': None, 'type': <class 'str'>}
DEBUG 2026-06-08 17:50:36 docstring.py:65 Couldn't find the attribute docstring: could not find class definition
DEBUG 2026-06-08 17:50:36 _wrapper.py:309 Arg options for field 'disable_torque_on_disconnect': {'required': False, 'dest': 'robot.disable_torque_on_disconnect', 'default': True, 'help': ' ', 'type': <class 'bool'>}
DEBUG 2026-06-08 17:50:36 docstring.py:65 Couldn't find the attribute docstring: could not find class definition
DEBUG 2026-06-08 17:50:36 _wrapper.py:309 Arg options for field 'max_relative_target': {'required': False, 'dest': 'robot.max_relative_target', 'default': None, 'type': typing.Union[float, typing.Dict[str, float], NoneType]}
DEBUG 2026-06-08 17:50:36 docstring.py:65 Couldn't find the attribute docstring: could not find class definition
DEBUG 2026-06-08 17:50:36 _wrapper.py:309 Arg options for field 'cameras': {'required': False, 'dest': 'robot.cameras', 'default': {}, 'help': ' ', 'type': typing.Dict[str, lerobot.cameras.configs.CameraConfig]}
DEBUG 2026-06-08 17:50:36 docstring.py:65 Couldn't find the attribute docstring: could not find class definition
DEBUG 2026-06-08 17:50:36 _wrapper.py:309 Arg options for field 'use_degrees': {'required': False, 'dest': 'robot.use_degrees', 'default': True, 'help': ' ', 'type': <class 'bool'>}
DEBUG 2026-06-08 17:50:36 _wrapper.py:309 Arg options for field 'id': {'required': False, 'dest': 'robot.id', 'default': None, 'help': 'Allows to distinguish between different robots of the same type', 'type': typing.Optional[str]}
DEBUG 2026-06-08 17:50:36 _wrapper.py:309 Arg options for field 'calibration_dir': {'required': False, 'dest': 'robot.calibration_dir', 'default': None, 'help': 'Directory to store calibration file', 'type': typing.Optional[pathlib.Path]}
DEBUG 2026-06-08 17:50:36 docstring.py:65 Couldn't find the attribute docstring: could not find class definition
DEBUG 2026-06-08 17:50:36 _wrapper.py:309 Arg options for field 'port': {'required': False, 'dest': 'robot.port', 'default': None, 'type': <class 'str'>}
DEBUG 2026-06-08 17:50:36 docstring.py:65 Couldn't find the attribute docstring: could not find class definition
DEBUG 2026-06-08 17:50:36 _wrapper.py:309 Arg options for field 'disable_torque_on_disconnect': {'required': False, 'dest': 'robot.disable_torque_on_disconnect', 'default': True, 'help': ' ', 'type': <class 'bool'>}
DEBUG 2026-06-08 17:50:36 docstring.py:65 Couldn't find the attribute docstring: could not find class definition
DEBUG 2026-06-08 17:50:36 _wrapper.py:309 Arg options for field 'max_relative_target': {'required': False, 'dest': 'robot.max_relative_target', 'default': None, 'type': typing.Union[float, typing.Dict[str, float], NoneType]}
DEBUG 2026-06-08 17:50:36 docstring.py:65 Couldn't find the attribute docstring: could not find class definition
DEBUG 2026-06-08 17:50:36 _wrapper.py:309 Arg options for field 'cameras': {'required': False, 'dest': 'robot.cameras', 'default': {}, 'help': ' ', 'type': typing.Dict[str, lerobot.cameras.configs.CameraConfig]}
DEBUG 2026-06-08 17:50:36 docstring.py:65 Couldn't find the attribute docstring: could not find class definition
DEBUG 2026-06-08 17:50:36 _wrapper.py:309 Arg options for field 'use_degrees': {'required': False, 'dest': 'robot.use_degrees', 'default': True, 'help': ' ', 'type': <class 'bool'>}
DEBUG 2026-06-08 17:50:36 _wrapper.py:309 Arg options for field 'id': {'required': False, 'dest': 'robot.id', 'default': None, 'help': 'Allows to distinguish between different robots of the same type', 'type': typing.Optional[str]}
DEBUG 2026-06-08 17:50:36 _wrapper.py:309 Arg options for field 'calibration_dir': {'required': False, 'dest': 'robot.calibration_dir', 'default': None, 'help': 'Directory to store calibration file', 'type': typing.Optional[pathlib.Path]}
DEBUG 2026-06-08 17:50:36 _wrapper.py:309 Arg options for field 'id': {'required': False, 'dest': 'robot.id', 'default': None, 'help': 'Allows to distinguish between different robots of the same type', 'type': typing.Optional[str]}
DEBUG 2026-06-08 17:50:36 _wrapper.py:309 Arg options for field 'calibration_dir': {'required': False, 'dest': 'robot.calibration_dir', 'default': None, 'help': 'Directory to store calibration file', 'type': typing.Optional[pathlib.Path]}
DEBUG 2026-06-08 17:50:36 d_metavar.py:22 Metavar for type <class 'str'>: str
DEBUG 2026-06-08 17:50:36 formatter.py:52 action type: <class 'str'>, Result: str, nargs: None, default metavar: None
DEBUG 2026-06-08 17:50:36 _wrapper.py:309 Arg options for field 'port': {'required': False, 'dest': 'robot.left_arm_config.port', 'default': None, 'help': 'Port to connect to the arm', 'type': <class 'str'>}
DEBUG 2026-06-08 17:50:36 _wrapper.py:309 Arg options for field 'disable_torque_on_disconnect': {'required': False, 'dest': 'robot.left_arm_config.disable_torque_on_disconnect', 'default': True, 'help': ' ', 'type': <class 'bool'>}
DEBUG 2026-06-08 17:50:36 _wrapper.py:309 Arg options for field 'max_relative_target': {'required': False, 'dest': 'robot.left_arm_config.max_relative_target', 'default': None, 'help': '`max_relative_target` limits the magnitude of the relative positional target vector for safety purposes.\nSet this to a positive scalar to have the same value for all motors, or a dictionary that maps motor\nnames to the max_relative_target value for that motor.', 'type': typing.Union[float, typing.Dict[str, float], NoneType]}
DEBUG 2026-06-08 17:50:36 _wrapper.py:309 Arg options for field 'cameras': {'required': False, 'dest': 'robot.left_arm_config.cameras', 'default': {}, 'help': 'cameras', 'type': typing.Dict[str, lerobot.cameras.configs.CameraConfig]}
DEBUG 2026-06-08 17:50:36 _wrapper.py:309 Arg options for field 'use_degrees': {'required': False, 'dest': 'robot.left_arm_config.use_degrees', 'default': True, 'help': 'Set to `True` for backward compatibility with previous policies/dataset', 'type': <class 'bool'>}
DEBUG 2026-06-08 17:50:36 d_metavar.py:22 Metavar for type <class 'str'>: str
DEBUG 2026-06-08 17:50:36 formatter.py:52 action type: <class 'str'>, Result: str, nargs: None, default metavar: None
DEBUG 2026-06-08 17:50:36 _wrapper.py:309 Arg options for field 'port': {'required': False, 'dest': 'robot.right_arm_config.port', 'default': None, 'help': 'Port to connect to the arm', 'type': <class 'str'>}
DEBUG 2026-06-08 17:50:36 _wrapper.py:309 Arg options for field 'disable_torque_on_disconnect': {'required': False, 'dest': 'robot.right_arm_config.disable_torque_on_disconnect', 'default': True, 'help': ' ', 'type': <class 'bool'>}
DEBUG 2026-06-08 17:50:36 _wrapper.py:309 Arg options for field 'max_relative_target': {'required': False, 'dest': 'robot.right_arm_config.max_relative_target', 'default': None, 'help': '`max_relative_target` limits the magnitude of the relative positional target vector for safety purposes.\nSet this to a positive scalar to have the same value for all motors, or a dictionary that maps motor\nnames to the max_relative_target value for that motor.', 'type': typing.Union[float, typing.Dict[str, float], NoneType]}
DEBUG 2026-06-08 17:50:36 _wrapper.py:309 Arg options for field 'cameras': {'required': False, 'dest': 'robot.right_arm_config.cameras', 'default': {}, 'help': 'cameras', 'type': typing.Dict[str, lerobot.cameras.configs.CameraConfig]}
DEBUG 2026-06-08 17:50:36 _wrapper.py:309 Arg options for field 'use_degrees': {'required': False, 'dest': 'robot.right_arm_config.use_degrees', 'default': True, 'help': 'Set to `True` for backward compatibility with previous policies/dataset', 'type': <class 'bool'>}
DEBUG 2026-06-08 17:50:36 _wrapper.py:309 Arg options for field 'top_cameras': {'required': False, 'dest': 'robot.top_cameras', 'default': {}, 'help': ' ', 'type': typing.Dict[str, lerobot.cameras.configs.CameraConfig]}
DEBUG 2026-06-08 17:50:36 _wrapper.py:309 Arg options for field 'id': {'required': False, 'dest': 'robot.id', 'default': None, 'help': 'Allows to distinguish between different robots of the same type', 'type': typing.Optional[str]}
DEBUG 2026-06-08 17:50:36 _wrapper.py:309 Arg options for field 'calibration_dir': {'required': False, 'dest': 'robot.calibration_dir', 'default': None, 'help': 'Directory to store calibration file', 'type': typing.Optional[pathlib.Path]}
DEBUG 2026-06-08 17:50:36 _wrapper.py:309 Arg options for field 'port': {'required': False, 'dest': 'robot.port', 'default': None, 'help': 'Port to connect to the arm', 'type': <class 'str'>}
DEBUG 2026-06-08 17:50:36 _wrapper.py:309 Arg options for field 'disable_torque_on_disconnect': {'required': False, 'dest': 'robot.disable_torque_on_disconnect', 'default': True, 'help': ' ', 'type': <class 'bool'>}
DEBUG 2026-06-08 17:50:36 _wrapper.py:309 Arg options for field 'max_relative_target': {'required': False, 'dest': 'robot.max_relative_target', 'default': None, 'help': '`max_relative_target` limits the magnitude of the relative positional target vector for safety purposes.\nSet this to a positive scalar to have the same value for all motors, or a dictionary that maps motor\nnames to the max_relative_target value for that motor.', 'type': typing.Union[float, typing.Dict[str, float], NoneType]}
DEBUG 2026-06-08 17:50:36 _wrapper.py:309 Arg options for field 'cameras': {'required': False, 'dest': 'robot.cameras', 'default': {}, 'help': 'cameras', 'type': typing.Dict[str, lerobot.cameras.configs.CameraConfig]}
DEBUG 2026-06-08 17:50:36 _wrapper.py:309 Arg options for field 'use_degrees': {'required': False, 'dest': 'robot.use_degrees', 'default': False, 'help': 'Set to `True` for backward compatibility with previous policies/dataset', 'type': <class 'bool'>}
DEBUG 2026-06-08 17:50:36 _wrapper.py:309 Arg options for field 'id': {'required': False, 'dest': 'robot.id', 'default': None, 'help': 'Allows to distinguish between different robots of the same type', 'type': typing.Optional[str]}
DEBUG 2026-06-08 17:50:36 _wrapper.py:309 Arg options for field 'calibration_dir': {'required': False, 'dest': 'robot.calibration_dir', 'default': None, 'help': 'Directory to store calibration file', 'type': typing.Optional[pathlib.Path]}
DEBUG 2026-06-08 17:50:36 _wrapper.py:309 Arg options for field 'port': {'required': False, 'dest': 'robot.port', 'default': None, 'help': 'Port to connect to the arm', 'type': <class 'str'>}
DEBUG 2026-06-08 17:50:36 _wrapper.py:309 Arg options for field 'disable_torque_on_disconnect': {'required': False, 'dest': 'robot.disable_torque_on_disconnect', 'default': True, 'help': ' ', 'type': <class 'bool'>}
DEBUG 2026-06-08 17:50:36 _wrapper.py:309 Arg options for field 'max_relative_target': {'required': False, 'dest': 'robot.max_relative_target', 'default': None, 'help': '`max_relative_target` limits the magnitude of the relative positional target vector for safety purposes.\nSet this to a positive scalar to have the same value for all motors, or a dictionary that maps motor\nnames to the max_relative_target value for that motor.', 'type': typing.Union[float, typing.Dict[str, float], NoneType]}
DEBUG 2026-06-08 17:50:36 _wrapper.py:309 Arg options for field 'cameras': {'required': False, 'dest': 'robot.cameras', 'default': {}, 'help': 'cameras', 'type': typing.Dict[str, lerobot.cameras.configs.CameraConfig]}
DEBUG 2026-06-08 17:50:36 _wrapper.py:309 Arg options for field 'use_degrees': {'required': False, 'dest': 'robot.use_degrees', 'default': False, 'help': 'Set to `True` for backward compatibility with previous policies/dataset', 'type': <class 'bool'>}
DEBUG 2026-06-08 17:50:36 _wrapper.py:309 Arg options for field 'actions_per_chunk': {'required': False, 'dest': 'actions_per_chunk', 'default': None, 'help': 'Policies typically output K actions at max, but we can use less to avoid wasting bandwidth (as actions\nwould be aggregated on the client side anyway, depending on the value of `chunk_size_threshold`)', 'type': <class 'int'>}
DEBUG 2026-06-08 17:50:36 _wrapper.py:309 Arg options for field 'task': {'required': False, 'dest': 'task', 'default': '', 'help': "Task instruction for the robot to execute (e.g., 'fold my tshirt')", 'type': <class 'str'>}
DEBUG 2026-06-08 17:50:36 _wrapper.py:309 Arg options for field 'server_address': {'required': False, 'dest': 'server_address', 'default': 'localhost:8080', 'help': 'Network configuration', 'type': <class 'str'>}
DEBUG 2026-06-08 17:50:36 _wrapper.py:309 Arg options for field 'policy_device': {'required': False, 'dest': 'policy_device', 'default': 'cpu', 'help': 'Device configuration', 'type': <class 'str'>}
DEBUG 2026-06-08 17:50:36 ocstring.py:253 Warning: Unable to parse attribute docstring:         default="cpu",
DEBUG 2026-06-08 17:50:36 _wrapper.py:309 Arg options for field 'client_device': {'required': False, 'dest': 'client_device', 'default': 'cpu', 'help': ' ', 'type': <class 'str'>}
DEBUG 2026-06-08 17:50:36 _wrapper.py:309 Arg options for field 'chunk_size_threshold': {'required': False, 'dest': 'chunk_size_threshold', 'default': 0.5, 'help': '\n\nControl behavior configuration', 'type': <class 'float'>}
DEBUG 2026-06-08 17:50:36 _wrapper.py:309 Arg options for field 'fps': {'required': False, 'dest': 'fps', 'default': 30, 'help': ' ', 'type': <class 'int'>}
DEBUG 2026-06-08 17:50:36 ocstring.py:253 Warning: Unable to parse attribute docstring:         default="weighted_average",
DEBUG 2026-06-08 17:50:36 _wrapper.py:309 Arg options for field 'aggregate_fn_name': {'required': False, 'dest': 'aggregate_fn_name', 'default': 'weighted_average', 'help': 'Aggregate function configuration (CLI-compatible)', 'type': <class 'str'>}
DEBUG 2026-06-08 17:50:36 ocstring.py:253 Warning: Unable to parse attribute docstring:         default=False, metadata={"help": "Visualize the action queue size"}
DEBUG 2026-06-08 17:50:36 _wrapper.py:309 Arg options for field 'debug_visualize_queue_size': {'required': False, 'dest': 'debug_visualize_queue_size', 'default': False, 'help': '\n\n\nDebug configuration', 'type': <class 'bool'>}
DEBUG 2026-06-08 17:50:36 gparsing.py:143 
POST PROCESSING

DEBUG 2026-06-08 17:50:36 gparsing.py:144 (raw) parsed args: Namespace(task='Pick up the cup by the cup handle using the right arm', server_address='10.145.8.86:8080', policy_type='groot', pretrained_name_or_path='oliveoil8888/groot-pick-up-cup-right-arm', policy_device='cuda', actions_per_chunk='16', debug_visualize_queue_size='true', **{'robot.type': 'bi_so_follower', 'robot.left_arm_config.port': '/dev/follower_left', 'robot.right_arm_config.port': '/dev/follower_right', 'robot.top_cameras': '{ top_realsense_color: {type: opencv, index_or_path: /dev/video4, width: 640, height: 480, fps: 30}, top_realsense_depth: {type: opencv, index_or_path: /dev/video2, width: 640, height: 480, fps: 30}, top_webcam: {type: opencv, index_or_path: /dev/video6, width: 640, height: 480, fps: 30}}', 'robot.right_arm_config.cameras': '{ wrist: {type: opencv, index_or_path: /dev/wrist_right, width: 640, height: 480, fps: 30}}', 'robot.left_arm_config.cameras': '{ wrist: {type: opencv, index_or_path: /dev/wrist_left, width: 640, height: 480, fps: 30}}', 'robot.id': 'follower'})
DEBUG 2026-06-08 17:50:36 decoding.py:112 from_dict for <class 'lerobot.async_inference.configs.RobotClientConfig'>
DEBUG 2026-06-08 17:50:36 decoding.py:132 Decode name = policy_type, type = <class 'str'>
DEBUG 2026-06-08 17:50:36 decoding.py:132 Decode name = pretrained_name_or_path, type = <class 'str'>
DEBUG 2026-06-08 17:50:36 decoding.py:132 Decode name = robot, type = <class 'lerobot.robots.config.RobotConfig'>
DEBUG 2026-06-08 17:50:36 decoding.py:112 from_dict for <class 'lerobot.robots.bi_so_follower.config_bi_so_follower.BiSOFollowerConfig'>
DEBUG 2026-06-08 17:50:36 decoding.py:132 Decode name = id, type = typing.Optional[str]
DEBUG 2026-06-08 17:50:36 decoding.py:293 Decoding a Union field: typing.Optional[str]
DEBUG 2026-06-08 17:50:36 decoding.py:132 Decode name = left_arm_config, type = <class 'lerobot.robots.so_follower.config_so_follower.SOFollowerConfig'>
DEBUG 2026-06-08 17:50:36 decoding.py:112 from_dict for <class 'lerobot.robots.so_follower.config_so_follower.SOFollowerConfig'>
DEBUG 2026-06-08 17:50:36 decoding.py:132 Decode name = port, type = <class 'str'>
DEBUG 2026-06-08 17:50:36 decoding.py:132 Decode name = cameras, type = dict[str, lerobot.cameras.configs.CameraConfig]
DEBUG 2026-06-08 17:50:36 decoding.py:261 Decoding a Dict field: dict[str, lerobot.cameras.configs.CameraConfig]
DEBUG 2026-06-08 17:50:36 decoding.py:112 from_dict for <class 'lerobot.cameras.opencv.configuration_opencv.OpenCVCameraConfig'>
DEBUG 2026-06-08 17:50:36 decoding.py:132 Decode name = fps, type = typing.Optional[int]
DEBUG 2026-06-08 17:50:36 decoding.py:293 Decoding a Union field: typing.Optional[int]
DEBUG 2026-06-08 17:50:36 decoding.py:132 Decode name = width, type = typing.Optional[int]
DEBUG 2026-06-08 17:50:36 decoding.py:132 Decode name = height, type = typing.Optional[int]
DEBUG 2026-06-08 17:50:36 decoding.py:132 Decode name = index_or_path, type = typing.Union[int, pathlib.Path]
DEBUG 2026-06-08 17:50:36 decoding.py:293 Decoding a Union field: typing.Union[int, pathlib.Path]
DEBUG 2026-06-08 17:50:36 decoding.py:132 Decode name = right_arm_config, type = <class 'lerobot.robots.so_follower.config_so_follower.SOFollowerConfig'>
DEBUG 2026-06-08 17:50:36 decoding.py:112 from_dict for <class 'lerobot.robots.so_follower.config_so_follower.SOFollowerConfig'>
DEBUG 2026-06-08 17:50:36 decoding.py:132 Decode name = port, type = <class 'str'>
DEBUG 2026-06-08 17:50:36 decoding.py:132 Decode name = cameras, type = dict[str, lerobot.cameras.configs.CameraConfig]
DEBUG 2026-06-08 17:50:36 decoding.py:112 from_dict for <class 'lerobot.cameras.opencv.configuration_opencv.OpenCVCameraConfig'>
DEBUG 2026-06-08 17:50:36 decoding.py:132 Decode name = fps, type = typing.Optional[int]
DEBUG 2026-06-08 17:50:36 decoding.py:132 Decode name = width, type = typing.Optional[int]
DEBUG 2026-06-08 17:50:36 decoding.py:132 Decode name = height, type = typing.Optional[int]
DEBUG 2026-06-08 17:50:36 decoding.py:132 Decode name = index_or_path, type = typing.Union[int, pathlib.Path]
DEBUG 2026-06-08 17:50:36 decoding.py:132 Decode name = top_cameras, type = dict[str, lerobot.cameras.configs.CameraConfig]
DEBUG 2026-06-08 17:50:36 decoding.py:112 from_dict for <class 'lerobot.cameras.opencv.configuration_opencv.OpenCVCameraConfig'>
DEBUG 2026-06-08 17:50:36 decoding.py:132 Decode name = fps, type = typing.Optional[int]
DEBUG 2026-06-08 17:50:36 decoding.py:132 Decode name = width, type = typing.Optional[int]
DEBUG 2026-06-08 17:50:36 decoding.py:132 Decode name = height, type = typing.Optional[int]
DEBUG 2026-06-08 17:50:36 decoding.py:132 Decode name = index_or_path, type = typing.Union[int, pathlib.Path]
DEBUG 2026-06-08 17:50:36 decoding.py:112 from_dict for <class 'lerobot.cameras.opencv.configuration_opencv.OpenCVCameraConfig'>
DEBUG 2026-06-08 17:50:36 decoding.py:132 Decode name = fps, type = typing.Optional[int]
DEBUG 2026-06-08 17:50:36 decoding.py:132 Decode name = width, type = typing.Optional[int]
DEBUG 2026-06-08 17:50:36 decoding.py:132 Decode name = height, type = typing.Optional[int]
DEBUG 2026-06-08 17:50:36 decoding.py:132 Decode name = index_or_path, type = typing.Union[int, pathlib.Path]
DEBUG 2026-06-08 17:50:36 decoding.py:112 from_dict for <class 'lerobot.cameras.opencv.configuration_opencv.OpenCVCameraConfig'>
DEBUG 2026-06-08 17:50:36 decoding.py:132 Decode name = fps, type = typing.Optional[int]
DEBUG 2026-06-08 17:50:36 decoding.py:132 Decode name = width, type = typing.Optional[int]
DEBUG 2026-06-08 17:50:36 decoding.py:132 Decode name = height, type = typing.Optional[int]
DEBUG 2026-06-08 17:50:36 decoding.py:132 Decode name = index_or_path, type = typing.Union[int, pathlib.Path]
DEBUG 2026-06-08 17:50:36 decoding.py:132 Decode name = actions_per_chunk, type = <class 'int'>
DEBUG 2026-06-08 17:50:36 decoding.py:132 Decode name = task, type = <class 'str'>
DEBUG 2026-06-08 17:50:36 decoding.py:132 Decode name = server_address, type = <class 'str'>
DEBUG 2026-06-08 17:50:36 decoding.py:132 Decode name = policy_device, type = <class 'str'>
DEBUG 2026-06-08 17:50:36 decoding.py:132 Decode name = debug_visualize_queue_size, type = <class 'bool'>
INFO 2026-06-08 17:50:36 t_client.py:486 {'actions_per_chunk': 16,
 'aggregate_fn_name': 'weighted_average',
 'chunk_size_threshold': 0.5,
 'client_device': 'cpu',
 'debug_visualize_queue_size': True,
 'fps': 30,
 'policy_device': 'cuda',
 'policy_type': 'groot',
 'pretrained_name_or_path': 'oliveoil8888/groot-pick-up-cup-right-arm',
 'robot': {'calibration_dir': None,
           'id': 'follower',
           'left_arm_config': {'cameras': {'wrist': {'backend': <Cv2Backends.ANY: 0>,
                                                     'color_mode': <ColorMode.RGB: 'rgb'>,
                                                     'fourcc': 'MJPG',
                                                     'fps': 30,
                                                     'height': 480,
                                                     'index_or_path': PosixPath('/dev/wrist_left'),
                                                     'rotation': <Cv2Rotation.NO_ROTATION: 0>,
                                                     'warmup_s': 1,
                                                     'width': 640}},
                               'disable_torque_on_disconnect': True,
                               'max_relative_target': None,
                               'port': '/dev/follower_left',
                               'use_degrees': True},
           'right_arm_config': {'cameras': {'wrist': {'backend': <Cv2Backends.ANY: 0>,
                                                      'color_mode': <ColorMode.RGB: 'rgb'>,
                                                      'fourcc': 'MJPG',
                                                      'fps': 30,
                                                      'height': 480,
                                                      'index_or_path': PosixPath('/dev/wrist_right'),
                                                      'rotation': <Cv2Rotation.NO_ROTATION: 0>,
                                                      'warmup_s': 1,
                                                      'width': 640}},
                                'disable_torque_on_disconnect': True,
                                'max_relative_target': None,
                                'port': '/dev/follower_right',
                                'use_degrees': True},
           'top_cameras': {'top_realsense_color': {'backend': <Cv2Backends.ANY: 0>,
                                                   'color_mode': <ColorMode.RGB: 'rgb'>,
                                                   'fourcc': 'MJPG',
                                                   'fps': 30,
                                                   'height': 480,
                                                   'index_or_path': PosixPath('/dev/video4'),
                                                   'rotation': <Cv2Rotation.NO_ROTATION: 0>,
                                                   'warmup_s': 1,
                                                   'width': 640},
                           'top_realsense_depth': {'backend': <Cv2Backends.ANY: 0>,
                                                   'color_mode': <ColorMode.RGB: 'rgb'>,
                                                   'fourcc': 'MJPG',
                                                   'fps': 30,
                                                   'height': 480,
                                                   'index_or_path': PosixPath('/dev/video2'),
                                                   'rotation': <Cv2Rotation.NO_ROTATION: 0>,
                                                   'warmup_s': 1,
                                                   'width': 640},
                           'top_webcam': {'backend': <Cv2Backends.ANY: 0>,
                                          'color_mode': <ColorMode.RGB: 'rgb'>,
                                          'fourcc': 'MJPG',
                                          'fps': 30,
                                          'height': 480,
                                          'index_or_path': PosixPath('/dev/video6'),
                                          'rotation': <Cv2Rotation.NO_ROTATION: 0>,
                                          'warmup_s': 1,
                                          'width': 640}}},
 'server_address': '10.145.8.86:8080',
 'task': 'Pick up the cup by the cup handle using the right arm'}
DEBUG 2026-06-08 17:50:36 decoding.py:261 Decoding a Dict field: typing.Dict[str, lerobot.motors.motors_bus.MotorCalibration]
DEBUG 2026-06-08 17:50:36 decoding.py:112 from_dict for <class 'lerobot.motors.motors_bus.MotorCalibration'>
DEBUG 2026-06-08 17:50:36 decoding.py:132 Decode name = id, type = <class 'int'>
DEBUG 2026-06-08 17:50:36 decoding.py:132 Decode name = drive_mode, type = <class 'int'>
DEBUG 2026-06-08 17:50:36 decoding.py:132 Decode name = homing_offset, type = <class 'int'>
DEBUG 2026-06-08 17:50:36 decoding.py:132 Decode name = range_min, type = <class 'int'>
DEBUG 2026-06-08 17:50:36 decoding.py:132 Decode name = range_max, type = <class 'int'>
DEBUG 2026-06-08 17:50:36 decoding.py:112 from_dict for <class 'lerobot.motors.motors_bus.MotorCalibration'>
DEBUG 2026-06-08 17:50:36 decoding.py:132 Decode name = id, type = <class 'int'>
DEBUG 2026-06-08 17:50:36 decoding.py:132 Decode name = drive_mode, type = <class 'int'>
DEBUG 2026-06-08 17:50:36 decoding.py:132 Decode name = homing_offset, type = <class 'int'>
DEBUG 2026-06-08 17:50:36 decoding.py:132 Decode name = range_min, type = <class 'int'>
DEBUG 2026-06-08 17:50:36 decoding.py:132 Decode name = range_max, type = <class 'int'>
DEBUG 2026-06-08 17:50:36 decoding.py:112 from_dict for <class 'lerobot.motors.motors_bus.MotorCalibration'>
DEBUG 2026-06-08 17:50:36 decoding.py:132 Decode name = id, type = <class 'int'>
DEBUG 2026-06-08 17:50:36 decoding.py:132 Decode name = drive_mode, type = <class 'int'>
DEBUG 2026-06-08 17:50:36 decoding.py:132 Decode name = homing_offset, type = <class 'int'>
DEBUG 2026-06-08 17:50:36 decoding.py:132 Decode name = range_min, type = <class 'int'>
DEBUG 2026-06-08 17:50:36 decoding.py:132 Decode name = range_max, type = <class 'int'>
DEBUG 2026-06-08 17:50:36 decoding.py:112 from_dict for <class 'lerobot.motors.motors_bus.MotorCalibration'>
DEBUG 2026-06-08 17:50:36 decoding.py:132 Decode name = id, type = <class 'int'>
DEBUG 2026-06-08 17:50:36 decoding.py:132 Decode name = drive_mode, type = <class 'int'>
DEBUG 2026-06-08 17:50:36 decoding.py:132 Decode name = homing_offset, type = <class 'int'>
DEBUG 2026-06-08 17:50:36 decoding.py:132 Decode name = range_min, type = <class 'int'>
DEBUG 2026-06-08 17:50:36 decoding.py:132 Decode name = range_max, type = <class 'int'>
DEBUG 2026-06-08 17:50:36 decoding.py:112 from_dict for <class 'lerobot.motors.motors_bus.MotorCalibration'>
DEBUG 2026-06-08 17:50:36 decoding.py:132 Decode name = id, type = <class 'int'>
DEBUG 2026-06-08 17:50:36 decoding.py:132 Decode name = drive_mode, type = <class 'int'>
DEBUG 2026-06-08 17:50:36 decoding.py:132 Decode name = homing_offset, type = <class 'int'>
DEBUG 2026-06-08 17:50:36 decoding.py:132 Decode name = range_min, type = <class 'int'>
DEBUG 2026-06-08 17:50:36 decoding.py:132 Decode name = range_max, type = <class 'int'>
DEBUG 2026-06-08 17:50:36 decoding.py:112 from_dict for <class 'lerobot.motors.motors_bus.MotorCalibration'>
DEBUG 2026-06-08 17:50:36 decoding.py:132 Decode name = id, type = <class 'int'>
DEBUG 2026-06-08 17:50:36 decoding.py:132 Decode name = drive_mode, type = <class 'int'>
DEBUG 2026-06-08 17:50:36 decoding.py:132 Decode name = homing_offset, type = <class 'int'>
DEBUG 2026-06-08 17:50:36 decoding.py:132 Decode name = range_min, type = <class 'int'>
DEBUG 2026-06-08 17:50:36 decoding.py:132 Decode name = range_max, type = <class 'int'>
DEBUG 2026-06-08 17:50:36 ort_utils.py:65 Detected feetech-servo-sdk version: 1.0.0
DEBUG 2026-06-08 17:50:36 ort_utils.py:65 Detected pyserial version: 3.5
DEBUG 2026-06-08 17:50:36 ort_utils.py:65 Detected deepdiff version: 8.6.2
DEBUG 2026-06-08 17:50:36 decoding.py:112 from_dict for <class 'lerobot.motors.motors_bus.MotorCalibration'>
DEBUG 2026-06-08 17:50:36 decoding.py:132 Decode name = id, type = <class 'int'>
DEBUG 2026-06-08 17:50:36 decoding.py:132 Decode name = drive_mode, type = <class 'int'>
DEBUG 2026-06-08 17:50:36 decoding.py:132 Decode name = homing_offset, type = <class 'int'>
DEBUG 2026-06-08 17:50:36 decoding.py:132 Decode name = range_min, type = <class 'int'>
DEBUG 2026-06-08 17:50:36 decoding.py:132 Decode name = range_max, type = <class 'int'>
DEBUG 2026-06-08 17:50:36 decoding.py:112 from_dict for <class 'lerobot.motors.motors_bus.MotorCalibration'>
DEBUG 2026-06-08 17:50:36 decoding.py:132 Decode name = id, type = <class 'int'>
DEBUG 2026-06-08 17:50:36 decoding.py:132 Decode name = drive_mode, type = <class 'int'>
DEBUG 2026-06-08 17:50:36 decoding.py:132 Decode name = homing_offset, type = <class 'int'>
DEBUG 2026-06-08 17:50:36 decoding.py:132 Decode name = range_min, type = <class 'int'>
DEBUG 2026-06-08 17:50:36 decoding.py:132 Decode name = range_max, type = <class 'int'>
DEBUG 2026-06-08 17:50:36 decoding.py:112 from_dict for <class 'lerobot.motors.motors_bus.MotorCalibration'>
DEBUG 2026-06-08 17:50:36 decoding.py:132 Decode name = id, type = <class 'int'>
DEBUG 2026-06-08 17:50:36 decoding.py:132 Decode name = drive_mode, type = <class 'int'>
DEBUG 2026-06-08 17:50:36 decoding.py:132 Decode name = homing_offset, type = <class 'int'>
DEBUG 2026-06-08 17:50:36 decoding.py:132 Decode name = range_min, type = <class 'int'>
DEBUG 2026-06-08 17:50:36 decoding.py:132 Decode name = range_max, type = <class 'int'>
DEBUG 2026-06-08 17:50:36 decoding.py:112 from_dict for <class 'lerobot.motors.motors_bus.MotorCalibration'>
DEBUG 2026-06-08 17:50:36 decoding.py:132 Decode name = id, type = <class 'int'>
DEBUG 2026-06-08 17:50:36 decoding.py:132 Decode name = drive_mode, type = <class 'int'>
DEBUG 2026-06-08 17:50:36 decoding.py:132 Decode name = homing_offset, type = <class 'int'>
DEBUG 2026-06-08 17:50:36 decoding.py:132 Decode name = range_min, type = <class 'int'>
DEBUG 2026-06-08 17:50:36 decoding.py:132 Decode name = range_max, type = <class 'int'>
DEBUG 2026-06-08 17:50:36 decoding.py:112 from_dict for <class 'lerobot.motors.motors_bus.MotorCalibration'>
DEBUG 2026-06-08 17:50:36 decoding.py:132 Decode name = id, type = <class 'int'>
DEBUG 2026-06-08 17:50:36 decoding.py:132 Decode name = drive_mode, type = <class 'int'>
DEBUG 2026-06-08 17:50:36 decoding.py:132 Decode name = homing_offset, type = <class 'int'>
DEBUG 2026-06-08 17:50:36 decoding.py:132 Decode name = range_min, type = <class 'int'>
DEBUG 2026-06-08 17:50:36 decoding.py:132 Decode name = range_max, type = <class 'int'>
DEBUG 2026-06-08 17:50:36 decoding.py:112 from_dict for <class 'lerobot.motors.motors_bus.MotorCalibration'>
DEBUG 2026-06-08 17:50:36 decoding.py:132 Decode name = id, type = <class 'int'>
DEBUG 2026-06-08 17:50:36 decoding.py:132 Decode name = drive_mode, type = <class 'int'>
DEBUG 2026-06-08 17:50:36 decoding.py:132 Decode name = homing_offset, type = <class 'int'>
DEBUG 2026-06-08 17:50:36 decoding.py:132 Decode name = range_min, type = <class 'int'>
DEBUG 2026-06-08 17:50:36 decoding.py:132 Decode name = range_max, type = <class 'int'>
DEBUG 2026-06-08 17:50:36 tors_bus.py:527 FeetechMotorsBus connected.
INFO 2026-06-08 17:50:38 a_opencv.py:183 OpenCVCamera(/dev/wrist_left) connected.
INFO 2026-06-08 17:50:38 follower.py:105 follower_left SOFollower connected.
DEBUG 2026-06-08 17:50:38 tors_bus.py:527 FeetechMotorsBus connected.
INFO 2026-06-08 17:50:39 a_opencv.py:183 OpenCVCamera(/dev/wrist_right) connected.
INFO 2026-06-08 17:50:39 follower.py:105 follower_right SOFollower connected.
WARNING 2026-06-08 17:50:39 a_opencv.py:266 OpenCVCamera(/dev/video4) failed to set fourcc=MJPG (actual=YUYV, success=True). Continuing with default format.
INFO 2026-06-08 17:50:40 a_opencv.py:183 OpenCVCamera(/dev/video4) connected.
INFO 2026-06-08 17:50:40 follower.py:134 Top camera 'top_realsense_color' connected.
WARNING 2026-06-08 17:50:40 a_opencv.py:266 OpenCVCamera(/dev/video2) failed to set fourcc=MJPG (actual=UYVY, success=True). Continuing with default format.
INFO 2026-06-08 17:50:41 a_opencv.py:183 OpenCVCamera(/dev/video2) connected.
INFO 2026-06-08 17:50:41 follower.py:134 Top camera 'top_realsense_depth' connected.
INFO 2026-06-08 17:50:43 a_opencv.py:183 OpenCVCamera(/dev/video6) connected.
INFO 2026-06-08 17:50:43 follower.py:134 Top camera 'top_webcam' connected.
INFO 2026-06-08 17:50:43 t_client.py:114 Initializing client to connect to server at 10.145.8.86:8080
INFO 2026-06-08 17:50:43 t_client.py:133 Robot connected and ready
DEBUG 2026-06-08 17:50:43 t_client.py:150 Connected to policy server in 0.0142s
INFO 2026-06-08 17:50:43 t_client.py:156 Sending policy instructions to policy server
DEBUG 2026-06-08 17:50:43 t_client.py:157 Policy type: groot | Pretrained name or path: oliveoil8888/groot-pick-up-cup-right-arm | Device: cuda
INFO 2026-06-08 17:50:49 t_client.py:495 Starting action receiver thread...
INFO 2026-06-08 17:50:49 t_client.py:462 Control loop thread starting
INFO 2026-06-08 17:50:49 t_client.py:273 Action receiving thread starting
DEBUG 2026-06-08 17:50:49 follower.py:184 follower_right SOFollower read state: 7.2ms
DEBUG 2026-06-08 17:50:49 follower.py:191 follower_right SOFollower read wrist: 0.1ms
DEBUG 2026-06-08 17:50:49 follower.py:184 follower_left SOFollower read state: 3.3ms
DEBUG 2026-06-08 17:50:49 follower.py:191 follower_left SOFollower read wrist: 0.0ms
DEBUG 2026-06-08 17:50:49 t_client.py:198 Observation serialization time: 0.009724s
DEBUG 2026-06-08 17:50:49 ort/utils.py:54 [CLIENT] Observation Buffer size 4.3954973220825195 MB with
DEBUG 2026-06-08 17:50:50 ort/utils.py:69 [CLIENT] Observation Sent 2097152/4609013 bytes with state 1
DEBUG 2026-06-08 17:50:50 ort/utils.py:69 [CLIENT] Observation Sent 4194304/4609013 bytes with state 2
DEBUG 2026-06-08 17:50:50 ort/utils.py:69 [CLIENT] Observation Sent 4609013/4609013 bytes with state 3
DEBUG 2026-06-08 17:50:50 ort/utils.py:71 [CLIENT] Observation Published 4.3954973220825195 MB
DEBUG 2026-06-08 17:50:50 t_client.py:209 Sent observation #0 | 
DEBUG 2026-06-08 17:50:50 t_client.py:434 QUEUE SIZE: 0 (Must go: True)
DEBUG 2026-06-08 17:50:50 t_client.py:477 Control loop (ms): 245.59
DEBUG 2026-06-08 17:50:50 follower.py:184 follower_right SOFollower read state: 1.8ms
DEBUG 2026-06-08 17:50:50 follower.py:191 follower_right SOFollower read wrist: 0.0ms
DEBUG 2026-06-08 17:50:50 follower.py:184 follower_left SOFollower read state: 1.6ms
DEBUG 2026-06-08 17:50:50 follower.py:191 follower_left SOFollower read wrist: 0.0ms
DEBUG 2026-06-08 17:50:50 t_client.py:198 Observation serialization time: 0.006936s
DEBUG 2026-06-08 17:50:50 ort/utils.py:54 [CLIENT] Observation Buffer size 4.3954973220825195 MB with
DEBUG 2026-06-08 17:50:50 ort/utils.py:69 [CLIENT] Observation Sent 2097152/4609013 bytes with state 1
DEBUG 2026-06-08 17:50:50 ort/utils.py:69 [CLIENT] Observation Sent 4194304/4609013 bytes with state 2
DEBUG 2026-06-08 17:50:50 ort/utils.py:69 [CLIENT] Observation Sent 4609013/4609013 bytes with state 3
DEBUG 2026-06-08 17:50:50 ort/utils.py:71 [CLIENT] Observation Published 4.3954973220825195 MB
DEBUG 2026-06-08 17:50:50 t_client.py:209 Sent observation #0 | 
DEBUG 2026-06-08 17:50:50 t_client.py:434 QUEUE SIZE: 0 (Must go: False)
DEBUG 2026-06-08 17:50:50 t_client.py:477 Control loop (ms): 145.30
DEBUG 2026-06-08 17:50:50 follower.py:184 follower_right SOFollower read state: 2.4ms
DEBUG 2026-06-08 17:50:50 follower.py:191 follower_right SOFollower read wrist: 0.0ms
DEBUG 2026-06-08 17:50:50 follower.py:184 follower_left SOFollower read state: 1.6ms
DEBUG 2026-06-08 17:50:50 follower.py:191 follower_left SOFollower read wrist: 0.0ms
DEBUG 2026-06-08 17:50:50 t_client.py:198 Observation serialization time: 0.005211s
DEBUG 2026-06-08 17:50:50 ort/utils.py:54 [CLIENT] Observation Buffer size 4.3954973220825195 MB with
DEBUG 2026-06-08 17:50:50 ort/utils.py:69 [CLIENT] Observation Sent 2097152/4609013 bytes with state 1
DEBUG 2026-06-08 17:50:50 ort/utils.py:69 [CLIENT] Observation Sent 4194304/4609013 bytes with state 2
DEBUG 2026-06-08 17:50:50 ort/utils.py:69 [CLIENT] Observation Sent 4609013/4609013 bytes with state 3
DEBUG 2026-06-08 17:50:50 ort/utils.py:71 [CLIENT] Observation Published 4.3954973220825195 MB
DEBUG 2026-06-08 17:50:50 t_client.py:209 Sent observation #0 | 
DEBUG 2026-06-08 17:50:50 t_client.py:434 QUEUE SIZE: 0 (Must go: False)
DEBUG 2026-06-08 17:50:50 t_client.py:477 Control loop (ms): 164.33
DEBUG 2026-06-08 17:50:50 follower.py:184 follower_right SOFollower read state: 1.8ms
DEBUG 2026-06-08 17:50:50 follower.py:191 follower_right SOFollower read wrist: 0.0ms
DEBUG 2026-06-08 17:50:50 follower.py:184 follower_left SOFollower read state: 1.8ms
DEBUG 2026-06-08 17:50:50 follower.py:191 follower_left SOFollower read wrist: 0.0ms
DEBUG 2026-06-08 17:50:50 t_client.py:198 Observation serialization time: 0.008198s
DEBUG 2026-06-08 17:50:50 ort/utils.py:54 [CLIENT] Observation Buffer size 4.3954973220825195 MB with
DEBUG 2026-06-08 17:50:50 ort/utils.py:69 [CLIENT] Observation Sent 2097152/4609013 bytes with state 1
DEBUG 2026-06-08 17:50:50 ort/utils.py:69 [CLIENT] Observation Sent 4194304/4609013 bytes with state 2
DEBUG 2026-06-08 17:50:50 ort/utils.py:69 [CLIENT] Observation Sent 4609013/4609013 bytes with state 3
DEBUG 2026-06-08 17:50:50 ort/utils.py:71 [CLIENT] Observation Published 4.3954973220825195 MB
DEBUG 2026-06-08 17:50:50 t_client.py:292 Received actions on device: cpu
DEBUG 2026-06-08 17:50:50 t_client.py:302 Actions kept on device: cpu
DEBUG 2026-06-08 17:50:50 t_client.py:209 Sent observation #0 | 
DEBUG 2026-06-08 17:50:50 t_client.py:434 QUEUE SIZE: 0 (Must go: False)
DEBUG 2026-06-08 17:50:50 t_client.py:477 Control loop (ms): 166.76
DEBUG 2026-06-08 17:50:50 t_client.py:477 Control loop (ms): 2.75
DEBUG 2026-06-08 17:50:50 t_client.py:477 Control loop (ms): 1.40
DEBUG 2026-06-08 17:50:50 t_client.py:477 Control loop (ms): 2.06
DEBUG 2026-06-08 17:50:50 t_client.py:477 Control loop (ms): 1.91
DEBUG 2026-06-08 17:50:50 t_client.py:477 Control loop (ms): 2.10
DEBUG 2026-06-08 17:50:50 t_client.py:477 Control loop (ms): 1.49
DEBUG 2026-06-08 17:50:50 t_client.py:477 Control loop (ms): 2.01
DEBUG 2026-06-08 17:50:50 follower.py:184 follower_right SOFollower read state: 2.0ms
DEBUG 2026-06-08 17:50:50 follower.py:191 follower_right SOFollower read wrist: 0.0ms
DEBUG 2026-06-08 17:50:50 follower.py:184 follower_left SOFollower read state: 2.1ms
DEBUG 2026-06-08 17:50:50 follower.py:191 follower_left SOFollower read wrist: 0.0ms
DEBUG 2026-06-08 17:50:50 t_client.py:198 Observation serialization time: 0.009093s
DEBUG 2026-06-08 17:50:50 ort/utils.py:54 [CLIENT] Observation Buffer size 4.3954973220825195 MB with
DEBUG 2026-06-08 17:50:50 ort/utils.py:69 [CLIENT] Observation Sent 2097152/4609013 bytes with state 1
DEBUG 2026-06-08 17:50:50 ort/utils.py:69 [CLIENT] Observation Sent 4194304/4609013 bytes with state 2
DEBUG 2026-06-08 17:50:50 ort/utils.py:69 [CLIENT] Observation Sent 4609013/4609013 bytes with state 3
DEBUG 2026-06-08 17:50:50 ort/utils.py:71 [CLIENT] Observation Published 4.3954973220825195 MB
DEBUG 2026-06-08 17:50:51 t_client.py:209 Sent observation #7 | 
DEBUG 2026-06-08 17:50:51 t_client.py:434 QUEUE SIZE: 8 (Must go: False)
DEBUG 2026-06-08 17:50:51 t_client.py:477 Control loop (ms): 119.23
DEBUG 2026-06-08 17:50:51 follower.py:184 follower_right SOFollower read state: 1.6ms
DEBUG 2026-06-08 17:50:51 follower.py:191 follower_right SOFollower read wrist: 0.0ms
DEBUG 2026-06-08 17:50:51 follower.py:184 follower_left SOFollower read state: 1.8ms
DEBUG 2026-06-08 17:50:51 follower.py:191 follower_left SOFollower read wrist: 0.0ms
DEBUG 2026-06-08 17:50:51 t_client.py:198 Observation serialization time: 0.004493s
DEBUG 2026-06-08 17:50:51 ort/utils.py:54 [CLIENT] Observation Buffer size 4.3954973220825195 MB with
DEBUG 2026-06-08 17:50:51 ort/utils.py:69 [CLIENT] Observation Sent 2097152/4609013 bytes with state 1
DEBUG 2026-06-08 17:50:51 ort/utils.py:69 [CLIENT] Observation Sent 4194304/4609013 bytes with state 2
DEBUG 2026-06-08 17:50:51 ort/utils.py:69 [CLIENT] Observation Sent 4609013/4609013 bytes with state 3
DEBUG 2026-06-08 17:50:51 ort/utils.py:71 [CLIENT] Observation Published 4.3954973220825195 MB
DEBUG 2026-06-08 17:50:51 t_client.py:292 Received actions on device: cpu
DEBUG 2026-06-08 17:50:51 t_client.py:302 Actions kept on device: cpu
DEBUG 2026-06-08 17:50:51 t_client.py:209 Sent observation #8 | 
DEBUG 2026-06-08 17:50:51 t_client.py:434 QUEUE SIZE: 7 (Must go: False)
DEBUG 2026-06-08 17:50:51 t_client.py:477 Control loop (ms): 131.16
DEBUG 2026-06-08 17:50:51 t_client.py:477 Control loop (ms): 1.41
DEBUG 2026-06-08 17:50:51 t_client.py:477 Control loop (ms): 2.75
DEBUG 2026-06-08 17:50:51 t_client.py:477 Control loop (ms): 2.02
DEBUG 2026-06-08 17:50:51 t_client.py:292 Received actions on device: cpu
DEBUG 2026-06-08 17:50:51 t_client.py:302 Actions kept on device: cpu
DEBUG 2026-06-08 17:50:51 t_client.py:477 Control loop (ms): 1.61
DEBUG 2026-06-08 17:50:51 t_client.py:477 Control loop (ms): 4.63
DEBUG 2026-06-08 17:50:51 t_client.py:477 Control loop (ms): 1.61
DEBUG 2026-06-08 17:50:51 follower.py:184 follower_right SOFollower read state: 3.2ms
DEBUG 2026-06-08 17:50:51 follower.py:191 follower_right SOFollower read wrist: 0.1ms
DEBUG 2026-06-08 17:50:51 follower.py:184 follower_left SOFollower read state: 1.9ms
DEBUG 2026-06-08 17:50:51 follower.py:191 follower_left SOFollower read wrist: 0.0ms
DEBUG 2026-06-08 17:50:51 t_client.py:198 Observation serialization time: 0.006762s
DEBUG 2026-06-08 17:50:51 ort/utils.py:54 [CLIENT] Observation Buffer size 4.3954973220825195 MB with
DEBUG 2026-06-08 17:50:51 ort/utils.py:69 [CLIENT] Observation Sent 2097152/4609013 bytes with state 1
DEBUG 2026-06-08 17:50:51 ort/utils.py:69 [CLIENT] Observation Sent 4194304/4609013 bytes with state 2
DEBUG 2026-06-08 17:50:51 ort/utils.py:69 [CLIENT] Observation Sent 4609013/4609013 bytes with state 3
DEBUG 2026-06-08 17:50:51 ort/utils.py:71 [CLIENT] Observation Published 4.3954973220825195 MB
DEBUG 2026-06-08 17:50:51 t_client.py:209 Sent observation #15 | 
DEBUG 2026-06-08 17:50:51 t_client.py:434 QUEUE SIZE: 8 (Must go: False)
DEBUG 2026-06-08 17:50:51 t_client.py:477 Control loop (ms): 130.63
DEBUG 2026-06-08 17:50:51 follower.py:184 follower_right SOFollower read state: 2.5ms
DEBUG 2026-06-08 17:50:51 follower.py:191 follower_right SOFollower read wrist: 0.1ms
DEBUG 2026-06-08 17:50:51 follower.py:184 follower_left SOFollower read state: 2.0ms
DEBUG 2026-06-08 17:50:51 follower.py:191 follower_left SOFollower read wrist: 0.0ms
DEBUG 2026-06-08 17:50:51 t_client.py:198 Observation serialization time: 0.007327s
DEBUG 2026-06-08 17:50:51 ort/utils.py:54 [CLIENT] Observation Buffer size 4.3954973220825195 MB with
DEBUG 2026-06-08 17:50:51 ort/utils.py:69 [CLIENT] Observation Sent 2097152/4609013 bytes with state 1
DEBUG 2026-06-08 17:50:51 ort/utils.py:69 [CLIENT] Observation Sent 4194304/4609013 bytes with state 2
DEBUG 2026-06-08 17:50:51 ort/utils.py:69 [CLIENT] Observation Sent 4609013/4609013 bytes with state 3
DEBUG 2026-06-08 17:50:51 ort/utils.py:71 [CLIENT] Observation Published 4.3954973220825195 MB
DEBUG 2026-06-08 17:50:51 t_client.py:292 Received actions on device: cpu
DEBUG 2026-06-08 17:50:51 t_client.py:302 Actions kept on device: cpu
DEBUG 2026-06-08 17:50:51 t_client.py:209 Sent observation #16 | 
DEBUG 2026-06-08 17:50:51 t_client.py:434 QUEUE SIZE: 7 (Must go: False)
DEBUG 2026-06-08 17:50:51 t_client.py:477 Control loop (ms): 137.61
DEBUG 2026-06-08 17:50:51 t_client.py:477 Control loop (ms): 2.57
DEBUG 2026-06-08 17:50:51 t_client.py:477 Control loop (ms): 2.71
DEBUG 2026-06-08 17:50:51 t_client.py:477 Control loop (ms): 2.17
DEBUG 2026-06-08 17:50:51 t_client.py:292 Received actions on device: cpu
DEBUG 2026-06-08 17:50:51 t_client.py:302 Actions kept on device: cpu
DEBUG 2026-06-08 17:50:51 t_client.py:477 Control loop (ms): 3.45
DEBUG 2026-06-08 17:50:51 t_client.py:477 Control loop (ms): 2.58
DEBUG 2026-06-08 17:50:51 t_client.py:477 Control loop (ms): 2.48
DEBUG 2026-06-08 17:50:51 follower.py:184 follower_right SOFollower read state: 2.7ms
DEBUG 2026-06-08 17:50:51 follower.py:191 follower_right SOFollower read wrist: 0.0ms
DEBUG 2026-06-08 17:50:51 follower.py:184 follower_left SOFollower read state: 2.3ms
DEBUG 2026-06-08 17:50:51 follower.py:191 follower_left SOFollower read wrist: 0.0ms
DEBUG 2026-06-08 17:50:51 t_client.py:198 Observation serialization time: 0.011735s
DEBUG 2026-06-08 17:50:51 ort/utils.py:54 [CLIENT] Observation Buffer size 4.3954973220825195 MB with
DEBUG 2026-06-08 17:50:51 ort/utils.py:69 [CLIENT] Observation Sent 2097152/4609013 bytes with state 1
DEBUG 2026-06-08 17:50:51 ort/utils.py:69 [CLIENT] Observation Sent 4194304/4609013 bytes with state 2
DEBUG 2026-06-08 17:50:51 ort/utils.py:69 [CLIENT] Observation Sent 4609013/4609013 bytes with state 3
DEBUG 2026-06-08 17:50:51 ort/utils.py:71 [CLIENT] Observation Published 4.3954973220825195 MB
DEBUG 2026-06-08 17:50:51 t_client.py:209 Sent observation #23 | 
DEBUG 2026-06-08 17:50:51 t_client.py:434 QUEUE SIZE: 8 (Must go: False)
DEBUG 2026-06-08 17:50:51 t_client.py:477 Control loop (ms): 144.67
DEBUG 2026-06-08 17:50:51 follower.py:184 follower_right SOFollower read state: 2.0ms
DEBUG 2026-06-08 17:50:51 follower.py:191 follower_right SOFollower read wrist: 0.0ms
DEBUG 2026-06-08 17:50:51 follower.py:184 follower_left SOFollower read state: 1.8ms
DEBUG 2026-06-08 17:50:51 follower.py:191 follower_left SOFollower read wrist: 0.0ms
DEBUG 2026-06-08 17:50:51 t_client.py:198 Observation serialization time: 0.008445s
DEBUG 2026-06-08 17:50:51 ort/utils.py:54 [CLIENT] Observation Buffer size 4.3954973220825195 MB with
DEBUG 2026-06-08 17:50:52 ort/utils.py:69 [CLIENT] Observation Sent 2097152/4609013 bytes with state 1
DEBUG 2026-06-08 17:50:52 ort/utils.py:69 [CLIENT] Observation Sent 4194304/4609013 bytes with state 2
DEBUG 2026-06-08 17:50:52 ort/utils.py:69 [CLIENT] Observation Sent 4609013/4609013 bytes with state 3
DEBUG 2026-06-08 17:50:52 ort/utils.py:71 [CLIENT] Observation Published 4.3954973220825195 MB
DEBUG 2026-06-08 17:50:52 t_client.py:292 Received actions on device: cpu
DEBUG 2026-06-08 17:50:52 t_client.py:302 Actions kept on device: cpu
DEBUG 2026-06-08 17:50:52 t_client.py:209 Sent observation #24 | 
DEBUG 2026-06-08 17:50:52 t_client.py:434 QUEUE SIZE: 7 (Must go: False)
DEBUG 2026-06-08 17:50:52 t_client.py:477 Control loop (ms): 179.43
DEBUG 2026-06-08 17:50:52 t_client.py:477 Control loop (ms): 1.68
DEBUG 2026-06-08 17:50:52 t_client.py:477 Control loop (ms): 1.81
DEBUG 2026-06-08 17:50:52 t_client.py:477 Control loop (ms): 2.08
DEBUG 2026-06-08 17:50:52 t_client.py:292 Received actions on device: cpu
DEBUG 2026-06-08 17:50:52 t_client.py:302 Actions kept on device: cpu
DEBUG 2026-06-08 17:50:52 t_client.py:477 Control loop (ms): 1.24
DEBUG 2026-06-08 17:50:52 t_client.py:477 Control loop (ms): 1.92
DEBUG 2026-06-08 17:50:52 t_client.py:477 Control loop (ms): 1.71
DEBUG 2026-06-08 17:50:52 follower.py:184 follower_right SOFollower read state: 2.5ms
DEBUG 2026-06-08 17:50:52 follower.py:191 follower_right SOFollower read wrist: 0.1ms
DEBUG 2026-06-08 17:50:52 follower.py:184 follower_left SOFollower read state: 2.5ms
DEBUG 2026-06-08 17:50:52 follower.py:191 follower_left SOFollower read wrist: 0.0ms
DEBUG 2026-06-08 17:50:52 t_client.py:198 Observation serialization time: 0.006494s
DEBUG 2026-06-08 17:50:52 ort/utils.py:54 [CLIENT] Observation Buffer size 4.3954973220825195 MB with
DEBUG 2026-06-08 17:50:52 ort/utils.py:69 [CLIENT] Observation Sent 2097152/4609013 bytes with state 1
DEBUG 2026-06-08 17:50:52 ort/utils.py:69 [CLIENT] Observation Sent 4194304/4609013 bytes with state 2
DEBUG 2026-06-08 17:50:52 ort/utils.py:69 [CLIENT] Observation Sent 4609013/4609013 bytes with state 3
DEBUG 2026-06-08 17:50:52 ort/utils.py:71 [CLIENT] Observation Published 4.3954973220825195 MB
DEBUG 2026-06-08 17:50:52 t_client.py:209 Sent observation #31 | 
DEBUG 2026-06-08 17:50:52 t_client.py:434 QUEUE SIZE: 8 (Must go: False)
DEBUG 2026-06-08 17:50:52 t_client.py:477 Control loop (ms): 156.09
DEBUG 2026-06-08 17:50:52 follower.py:184 follower_right SOFollower read state: 2.0ms
DEBUG 2026-06-08 17:50:52 follower.py:191 follower_right SOFollower read wrist: 0.1ms
DEBUG 2026-06-08 17:50:52 follower.py:184 follower_left SOFollower read state: 1.8ms
DEBUG 2026-06-08 17:50:52 follower.py:191 follower_left SOFollower read wrist: 0.0ms
DEBUG 2026-06-08 17:50:52 t_client.py:198 Observation serialization time: 0.005966s
DEBUG 2026-06-08 17:50:52 ort/utils.py:54 [CLIENT] Observation Buffer size 4.3954973220825195 MB with
DEBUG 2026-06-08 17:50:52 ort/utils.py:69 [CLIENT] Observation Sent 2097152/4609013 bytes with state 1
DEBUG 2026-06-08 17:50:52 ort/utils.py:69 [CLIENT] Observation Sent 4194304/4609013 bytes with state 2
DEBUG 2026-06-08 17:50:52 ort/utils.py:69 [CLIENT] Observation Sent 4609013/4609013 bytes with state 3
DEBUG 2026-06-08 17:50:52 ort/utils.py:71 [CLIENT] Observation Published 4.3954973220825195 MB
DEBUG 2026-06-08 17:50:52 t_client.py:292 Received actions on device: cpu
DEBUG 2026-06-08 17:50:52 t_client.py:302 Actions kept on device: cpu
DEBUG 2026-06-08 17:50:52 t_client.py:209 Sent observation #32 | 
DEBUG 2026-06-08 17:50:52 t_client.py:434 QUEUE SIZE: 7 (Must go: False)
DEBUG 2026-06-08 17:50:52 t_client.py:477 Control loop (ms): 193.41
DEBUG 2026-06-08 17:50:52 t_client.py:477 Control loop (ms): 3.06
DEBUG 2026-06-08 17:50:52 t_client.py:477 Control loop (ms): 2.81
DEBUG 2026-06-08 17:50:52 t_client.py:292 Received actions on device: cpu
DEBUG 2026-06-08 17:50:52 t_client.py:302 Actions kept on device: cpu
DEBUG 2026-06-08 17:50:52 t_client.py:477 Control loop (ms): 2.22
DEBUG 2026-06-08 17:50:52 t_client.py:477 Control loop (ms): 1.84
DEBUG 2026-06-08 17:50:52 t_client.py:477 Control loop (ms): 2.02
DEBUG 2026-06-08 17:50:52 t_client.py:477 Control loop (ms): 2.01
DEBUG 2026-06-08 17:50:52 follower.py:184 follower_right SOFollower read state: 2.3ms
DEBUG 2026-06-08 17:50:52 follower.py:191 follower_right SOFollower read wrist: 0.0ms
DEBUG 2026-06-08 17:50:52 follower.py:184 follower_left SOFollower read state: 2.3ms
DEBUG 2026-06-08 17:50:52 follower.py:191 follower_left SOFollower read wrist: 0.0ms
DEBUG 2026-06-08 17:50:52 t_client.py:198 Observation serialization time: 0.009156s
DEBUG 2026-06-08 17:50:52 ort/utils.py:54 [CLIENT] Observation Buffer size 4.3954973220825195 MB with
DEBUG 2026-06-08 17:50:52 ort/utils.py:69 [CLIENT] Observation Sent 2097152/4609013 bytes with state 1
DEBUG 2026-06-08 17:50:52 ort/utils.py:69 [CLIENT] Observation Sent 4194304/4609013 bytes with state 2
DEBUG 2026-06-08 17:50:52 ort/utils.py:69 [CLIENT] Observation Sent 4609013/4609013 bytes with state 3
DEBUG 2026-06-08 17:50:52 ort/utils.py:71 [CLIENT] Observation Published 4.3954973220825195 MB
DEBUG 2026-06-08 17:50:53 t_client.py:209 Sent observation #39 | 
DEBUG 2026-06-08 17:50:53 t_client.py:434 QUEUE SIZE: 8 (Must go: False)
DEBUG 2026-06-08 17:50:53 t_client.py:477 Control loop (ms): 153.10
DEBUG 2026-06-08 17:50:53 follower.py:184 follower_right SOFollower read state: 2.2ms
DEBUG 2026-06-08 17:50:53 follower.py:191 follower_right SOFollower read wrist: 0.0ms
DEBUG 2026-06-08 17:50:53 follower.py:184 follower_left SOFollower read state: 2.3ms
DEBUG 2026-06-08 17:50:53 follower.py:191 follower_left SOFollower read wrist: 0.0ms
DEBUG 2026-06-08 17:50:53 t_client.py:198 Observation serialization time: 0.011365s
DEBUG 2026-06-08 17:50:53 ort/utils.py:54 [CLIENT] Observation Buffer size 4.3954973220825195 MB with
DEBUG 2026-06-08 17:50:53 ort/utils.py:69 [CLIENT] Observation Sent 2097152/4609013 bytes with state 1
DEBUG 2026-06-08 17:50:53 ort/utils.py:69 [CLIENT] Observation Sent 4194304/4609013 bytes with state 2
DEBUG 2026-06-08 17:50:53 ort/utils.py:69 [CLIENT] Observation Sent 4609013/4609013 bytes with state 3
DEBUG 2026-06-08 17:50:53 ort/utils.py:71 [CLIENT] Observation Published 4.3954973220825195 MB
DEBUG 2026-06-08 17:50:53 t_client.py:292 Received actions on device: cpu
DEBUG 2026-06-08 17:50:53 t_client.py:302 Actions kept on device: cpu
DEBUG 2026-06-08 17:50:53 t_client.py:209 Sent observation #40 | 
DEBUG 2026-06-08 17:50:53 t_client.py:434 QUEUE SIZE: 7 (Must go: False)
DEBUG 2026-06-08 17:50:53 t_client.py:477 Control loop (ms): 173.00
DEBUG 2026-06-08 17:50:53 t_client.py:477 Control loop (ms): 2.78
DEBUG 2026-06-08 17:50:53 t_client.py:477 Control loop (ms): 2.90
DEBUG 2026-06-08 17:50:53 t_client.py:477 Control loop (ms): 2.12
DEBUG 2026-06-08 17:50:53 t_client.py:292 Received actions on device: cpu
DEBUG 2026-06-08 17:50:53 t_client.py:302 Actions kept on device: cpu
DEBUG 2026-06-08 17:50:53 t_client.py:477 Control loop (ms): 1.19
DEBUG 2026-06-08 17:50:53 t_client.py:477 Control loop (ms): 1.90
DEBUG 2026-06-08 17:50:53 t_client.py:477 Control loop (ms): 1.91
DEBUG 2026-06-08 17:50:53 follower.py:184 follower_right SOFollower read state: 2.3ms
DEBUG 2026-06-08 17:50:53 follower.py:191 follower_right SOFollower read wrist: 0.0ms
DEBUG 2026-06-08 17:50:53 follower.py:184 follower_left SOFollower read state: 2.2ms
DEBUG 2026-06-08 17:50:53 follower.py:191 follower_left SOFollower read wrist: 0.0ms
DEBUG 2026-06-08 17:50:53 t_client.py:198 Observation serialization time: 0.007810s
DEBUG 2026-06-08 17:50:53 ort/utils.py:54 [CLIENT] Observation Buffer size 4.3954973220825195 MB with
DEBUG 2026-06-08 17:50:53 ort/utils.py:69 [CLIENT] Observation Sent 2097152/4609013 bytes with state 1
DEBUG 2026-06-08 17:50:53 ort/utils.py:69 [CLIENT] Observation Sent 4194304/4609013 bytes with state 2
DEBUG 2026-06-08 17:50:53 ort/utils.py:69 [CLIENT] Observation Sent 4609013/4609013 bytes with state 3
DEBUG 2026-06-08 17:50:53 ort/utils.py:71 [CLIENT] Observation Published 4.3954973220825195 MB
DEBUG 2026-06-08 17:50:53 t_client.py:209 Sent observation #47 | 
DEBUG 2026-06-08 17:50:53 t_client.py:434 QUEUE SIZE: 8 (Must go: False)
DEBUG 2026-06-08 17:50:53 t_client.py:477 Control loop (ms): 157.61
DEBUG 2026-06-08 17:50:53 follower.py:184 follower_right SOFollower read state: 2.7ms
DEBUG 2026-06-08 17:50:53 follower.py:191 follower_right SOFollower read wrist: 0.1ms
DEBUG 2026-06-08 17:50:53 follower.py:184 follower_left SOFollower read state: 2.1ms
DEBUG 2026-06-08 17:50:53 follower.py:191 follower_left SOFollower read wrist: 0.0ms
DEBUG 2026-06-08 17:50:53 t_client.py:198 Observation serialization time: 0.007796s
DEBUG 2026-06-08 17:50:53 ort/utils.py:54 [CLIENT] Observation Buffer size 4.3954973220825195 MB with
DEBUG 2026-06-08 17:50:53 ort/utils.py:69 [CLIENT] Observation Sent 2097152/4609013 bytes with state 1
DEBUG 2026-06-08 17:50:53 ort/utils.py:69 [CLIENT] Observation Sent 4194304/4609013 bytes with state 2
DEBUG 2026-06-08 17:50:53 ort/utils.py:69 [CLIENT] Observation Sent 4609013/4609013 bytes with state 3
DEBUG 2026-06-08 17:50:53 ort/utils.py:71 [CLIENT] Observation Published 4.3954973220825195 MB
DEBUG 2026-06-08 17:50:53 t_client.py:292 Received actions on device: cpu
DEBUG 2026-06-08 17:50:53 t_client.py:302 Actions kept on device: cpu
DEBUG 2026-06-08 17:50:53 t_client.py:209 Sent observation #48 | 
DEBUG 2026-06-08 17:50:53 t_client.py:434 QUEUE SIZE: 7 (Must go: False)
DEBUG 2026-06-08 17:50:53 t_client.py:477 Control loop (ms): 149.66
DEBUG 2026-06-08 17:50:53 t_client.py:477 Control loop (ms): 2.47
DEBUG 2026-06-08 17:50:53 t_client.py:477 Control loop (ms): 2.28
DEBUG 2026-06-08 17:50:53 t_client.py:477 Control loop (ms): 1.44
DEBUG 2026-06-08 17:50:53 t_client.py:292 Received actions on device: cpu
DEBUG 2026-06-08 17:50:53 t_client.py:302 Actions kept on device: cpu
DEBUG 2026-06-08 17:50:53 t_client.py:477 Control loop (ms): 7.14
DEBUG 2026-06-08 17:50:53 t_client.py:477 Control loop (ms): 2.46
DEBUG 2026-06-08 17:50:53 t_client.py:477 Control loop (ms): 2.62
DEBUG 2026-06-08 17:50:53 t_client.py:477 Control loop (ms): 1.96
DEBUG 2026-06-08 17:50:53 follower.py:184 follower_right SOFollower read state: 2.0ms
DEBUG 2026-06-08 17:50:53 follower.py:191 follower_right SOFollower read wrist: 0.0ms
DEBUG 2026-06-08 17:50:53 follower.py:184 follower_left SOFollower read state: 2.7ms
DEBUG 2026-06-08 17:50:53 follower.py:191 follower_left SOFollower read wrist: 0.0ms
DEBUG 2026-06-08 17:50:53 t_client.py:198 Observation serialization time: 0.009652s
DEBUG 2026-06-08 17:50:53 ort/utils.py:54 [CLIENT] Observation Buffer size 4.3954973220825195 MB with
DEBUG 2026-06-08 17:50:54 ort/utils.py:69 [CLIENT] Observation Sent 2097152/4609013 bytes with state 1
DEBUG 2026-06-08 17:50:54 ort/utils.py:69 [CLIENT] Observation Sent 4194304/4609013 bytes with state 2
DEBUG 2026-06-08 17:50:54 ort/utils.py:69 [CLIENT] Observation Sent 4609013/4609013 bytes with state 3
DEBUG 2026-06-08 17:50:54 ort/utils.py:71 [CLIENT] Observation Published 4.3954973220825195 MB
DEBUG 2026-06-08 17:50:54 t_client.py:209 Sent observation #55 | 
DEBUG 2026-06-08 17:50:54 t_client.py:434 QUEUE SIZE: 8 (Must go: False)
DEBUG 2026-06-08 17:50:54 t_client.py:477 Control loop (ms): 107.43
DEBUG 2026-06-08 17:50:54 follower.py:184 follower_right SOFollower read state: 2.4ms
DEBUG 2026-06-08 17:50:54 follower.py:191 follower_right SOFollower read wrist: 0.1ms
DEBUG 2026-06-08 17:50:54 follower.py:184 follower_left SOFollower read state: 2.8ms
DEBUG 2026-06-08 17:50:54 follower.py:191 follower_left SOFollower read wrist: 0.1ms
DEBUG 2026-06-08 17:50:54 t_client.py:198 Observation serialization time: 0.010924s
DEBUG 2026-06-08 17:50:54 ort/utils.py:54 [CLIENT] Observation Buffer size 4.3954973220825195 MB with
DEBUG 2026-06-08 17:50:54 ort/utils.py:69 [CLIENT] Observation Sent 2097152/4609013 bytes with state 1
DEBUG 2026-06-08 17:50:54 ort/utils.py:69 [CLIENT] Observation Sent 4194304/4609013 bytes with state 2
DEBUG 2026-06-08 17:50:54 ort/utils.py:69 [CLIENT] Observation Sent 4609013/4609013 bytes with state 3
DEBUG 2026-06-08 17:50:54 ort/utils.py:71 [CLIENT] Observation Published 4.3954973220825195 MB
DEBUG 2026-06-08 17:50:54 t_client.py:209 Sent observation #56 | 
DEBUG 2026-06-08 17:50:54 t_client.py:434 QUEUE SIZE: 7 (Must go: False)
DEBUG 2026-06-08 17:50:54 t_client.py:477 Control loop (ms): 126.86
DEBUG 2026-06-08 17:50:54 follower.py:184 follower_right SOFollower read state: 3.1ms
DEBUG 2026-06-08 17:50:54 follower.py:191 follower_right SOFollower read wrist: 0.0ms
DEBUG 2026-06-08 17:50:54 follower.py:184 follower_left SOFollower read state: 2.2ms
DEBUG 2026-06-08 17:50:54 follower.py:191 follower_left SOFollower read wrist: 0.0ms
DEBUG 2026-06-08 17:50:54 t_client.py:198 Observation serialization time: 0.011829s
DEBUG 2026-06-08 17:50:54 t_client.py:292 Received actions on device: cpu
DEBUG 2026-06-08 17:50:54 t_client.py:302 Actions kept on device: cpu
DEBUG 2026-06-08 17:50:54 ort/utils.py:54 [CLIENT] Observation Buffer size 4.3954973220825195 MB with
DEBUG 2026-06-08 17:50:54 ort/utils.py:69 [CLIENT] Observation Sent 2097152/4609013 bytes with state 1
DEBUG 2026-06-08 17:50:54 ort/utils.py:69 [CLIENT] Observation Sent 4194304/4609013 bytes with state 2
DEBUG 2026-06-08 17:50:54 ort/utils.py:69 [CLIENT] Observation Sent 4609013/4609013 bytes with state 3
DEBUG 2026-06-08 17:50:54 ort/utils.py:71 [CLIENT] Observation Published 4.3954973220825195 MB
DEBUG 2026-06-08 17:50:54 t_client.py:209 Sent observation #57 | 
DEBUG 2026-06-08 17:50:54 t_client.py:434 QUEUE SIZE: 6 (Must go: False)
DEBUG 2026-06-08 17:50:54 t_client.py:477 Control loop (ms): 137.09
DEBUG 2026-06-08 17:50:54 t_client.py:477 Control loop (ms): 3.34
DEBUG 2026-06-08 17:50:54 t_client.py:477 Control loop (ms): 3.24
DEBUG 2026-06-08 17:50:54 t_client.py:292 Received actions on device: cpu
DEBUG 2026-06-08 17:50:54 t_client.py:302 Actions kept on device: cpu
DEBUG 2026-06-08 17:50:54 t_client.py:477 Control loop (ms): 1.34
DEBUG 2026-06-08 17:50:54 t_client.py:477 Control loop (ms): 1.57
DEBUG 2026-06-08 17:50:54 t_client.py:477 Control loop (ms): 2.17
DEBUG 2026-06-08 17:50:54 follower.py:184 follower_right SOFollower read state: 2.2ms
DEBUG 2026-06-08 17:50:54 follower.py:191 follower_right SOFollower read wrist: 0.0ms
DEBUG 2026-06-08 17:50:54 follower.py:184 follower_left SOFollower read state: 2.2ms
DEBUG 2026-06-08 17:50:54 follower.py:191 follower_left SOFollower read wrist: 0.0ms
DEBUG 2026-06-08 17:50:54 t_client.py:198 Observation serialization time: 0.011610s
DEBUG 2026-06-08 17:50:54 ort/utils.py:54 [CLIENT] Observation Buffer size 4.3954973220825195 MB with
DEBUG 2026-06-08 17:50:54 ort/utils.py:69 [CLIENT] Observation Sent 2097152/4609013 bytes with state 1
DEBUG 2026-06-08 17:50:54 ort/utils.py:69 [CLIENT] Observation Sent 4194304/4609013 bytes with state 2
DEBUG 2026-06-08 17:50:54 ort/utils.py:69 [CLIENT] Observation Sent 4609013/4609013 bytes with state 3
DEBUG 2026-06-08 17:50:54 ort/utils.py:71 [CLIENT] Observation Published 4.3954973220825195 MB
DEBUG 2026-06-08 17:50:54 t_client.py:209 Sent observation #63 | 
DEBUG 2026-06-08 17:50:54 t_client.py:434 QUEUE SIZE: 8 (Must go: False)
DEBUG 2026-06-08 17:50:54 t_client.py:477 Control loop (ms): 154.28
DEBUG 2026-06-08 17:50:54 follower.py:184 follower_right SOFollower read state: 2.0ms
DEBUG 2026-06-08 17:50:54 follower.py:191 follower_right SOFollower read wrist: 0.0ms
DEBUG 2026-06-08 17:50:54 follower.py:184 follower_left SOFollower read state: 2.2ms
DEBUG 2026-06-08 17:50:54 follower.py:191 follower_left SOFollower read wrist: 0.0ms
DEBUG 2026-06-08 17:50:54 t_client.py:198 Observation serialization time: 0.008415s
DEBUG 2026-06-08 17:50:54 ort/utils.py:54 [CLIENT] Observation Buffer size 4.3954973220825195 MB with
DEBUG 2026-06-08 17:50:54 ort/utils.py:69 [CLIENT] Observation Sent 2097152/4609013 bytes with state 1
DEBUG 2026-06-08 17:50:54 ort/utils.py:69 [CLIENT] Observation Sent 4194304/4609013 bytes with state 2
DEBUG 2026-06-08 17:50:54 ort/utils.py:69 [CLIENT] Observation Sent 4609013/4609013 bytes with state 3
DEBUG 2026-06-08 17:50:54 ort/utils.py:71 [CLIENT] Observation Published 4.3954973220825195 MB
DEBUG 2026-06-08 17:50:54 t_client.py:209 Sent observation #64 | 
DEBUG 2026-06-08 17:50:54 t_client.py:434 QUEUE SIZE: 7 (Must go: False)
DEBUG 2026-06-08 17:50:54 t_client.py:477 Control loop (ms): 124.90
DEBUG 2026-06-08 17:50:54 t_client.py:292 Received actions on device: cpu
DEBUG 2026-06-08 17:50:54 t_client.py:302 Actions kept on device: cpu
DEBUG 2026-06-08 17:50:54 t_client.py:477 Control loop (ms): 8.46
DEBUG 2026-06-08 17:50:54 t_client.py:477 Control loop (ms): 0.69
DEBUG 2026-06-08 17:50:54 t_client.py:477 Control loop (ms): 1.18
DEBUG 2026-06-08 17:50:54 t_client.py:477 Control loop (ms): 3.96
DEBUG 2026-06-08 17:50:54 t_client.py:292 Received actions on device: cpu
DEBUG 2026-06-08 17:50:54 t_client.py:302 Actions kept on device: cpu
DEBUG 2026-06-08 17:50:54 t_client.py:477 Control loop (ms): 1.33
DEBUG 2026-06-08 17:50:54 t_client.py:477 Control loop (ms): 1.07
DEBUG 2026-06-08 17:50:55 t_client.py:477 Control loop (ms): 1.54
DEBUG 2026-06-08 17:50:55 follower.py:184 follower_right SOFollower read state: 2.0ms
DEBUG 2026-06-08 17:50:55 follower.py:191 follower_right SOFollower read wrist: 0.0ms
DEBUG 2026-06-08 17:50:55 follower.py:184 follower_left SOFollower read state: 1.9ms
DEBUG 2026-06-08 17:50:55 follower.py:191 follower_left SOFollower read wrist: 0.0ms
DEBUG 2026-06-08 17:50:55 t_client.py:198 Observation serialization time: 0.010684s
DEBUG 2026-06-08 17:50:55 ort/utils.py:54 [CLIENT] Observation Buffer size 4.3954973220825195 MB with
DEBUG 2026-06-08 17:50:55 ort/utils.py:69 [CLIENT] Observation Sent 2097152/4609013 bytes with state 1
DEBUG 2026-06-08 17:50:55 ort/utils.py:69 [CLIENT] Observation Sent 4194304/4609013 bytes with state 2
DEBUG 2026-06-08 17:50:55 ort/utils.py:69 [CLIENT] Observation Sent 4609013/4609013 bytes with state 3
DEBUG 2026-06-08 17:50:55 ort/utils.py:71 [CLIENT] Observation Published 4.3954973220825195 MB
DEBUG 2026-06-08 17:50:55 t_client.py:209 Sent observation #71 | 
DEBUG 2026-06-08 17:50:55 t_client.py:434 QUEUE SIZE: 8 (Must go: False)
DEBUG 2026-06-08 17:50:55 t_client.py:477 Control loop (ms): 108.38
DEBUG 2026-06-08 17:50:55 follower.py:184 follower_right SOFollower read state: 2.4ms
DEBUG 2026-06-08 17:50:55 follower.py:191 follower_right SOFollower read wrist: 0.1ms
DEBUG 2026-06-08 17:50:55 follower.py:184 follower_left SOFollower read state: 1.6ms
DEBUG 2026-06-08 17:50:55 follower.py:191 follower_left SOFollower read wrist: 0.0ms
DEBUG 2026-06-08 17:50:55 t_client.py:198 Observation serialization time: 0.007899s
DEBUG 2026-06-08 17:50:55 ort/utils.py:54 [CLIENT] Observation Buffer size 4.3954973220825195 MB with
DEBUG 2026-06-08 17:50:55 ort/utils.py:69 [CLIENT] Observation Sent 2097152/4609013 bytes with state 1
DEBUG 2026-06-08 17:50:55 ort/utils.py:69 [CLIENT] Observation Sent 4194304/4609013 bytes with state 2
DEBUG 2026-06-08 17:50:55 ort/utils.py:69 [CLIENT] Observation Sent 4609013/4609013 bytes with state 3
DEBUG 2026-06-08 17:50:55 ort/utils.py:71 [CLIENT] Observation Published 4.3954973220825195 MB
DEBUG 2026-06-08 17:50:55 t_client.py:292 Received actions on device: cpu
DEBUG 2026-06-08 17:50:55 t_client.py:302 Actions kept on device: cpu
DEBUG 2026-06-08 17:50:55 t_client.py:209 Sent observation #72 | 
DEBUG 2026-06-08 17:50:55 t_client.py:434 QUEUE SIZE: 7 (Must go: False)
DEBUG 2026-06-08 17:50:55 t_client.py:477 Control loop (ms): 105.09
DEBUG 2026-06-08 17:50:55 t_client.py:477 Control loop (ms): 1.53
DEBUG 2026-06-08 17:50:55 t_client.py:477 Control loop (ms): 1.16
DEBUG 2026-06-08 17:50:55 t_client.py:477 Control loop (ms): 1.73
DEBUG 2026-06-08 17:50:55 t_client.py:292 Received actions on device: cpu
DEBUG 2026-06-08 17:50:55 t_client.py:302 Actions kept on device: cpu
DEBUG 2026-06-08 17:50:55 t_client.py:477 Control loop (ms): 2.10
DEBUG 2026-06-08 17:50:55 t_client.py:477 Control loop (ms): 1.98
DEBUG 2026-06-08 17:50:55 t_client.py:477 Control loop (ms): 2.10
DEBUG 2026-06-08 17:50:55 follower.py:184 follower_right SOFollower read state: 2.3ms
DEBUG 2026-06-08 17:50:55 follower.py:191 follower_right SOFollower read wrist: 0.0ms
DEBUG 2026-06-08 17:50:55 follower.py:184 follower_left SOFollower read state: 2.1ms
DEBUG 2026-06-08 17:50:55 follower.py:191 follower_left SOFollower read wrist: 0.0ms
DEBUG 2026-06-08 17:50:55 t_client.py:198 Observation serialization time: 0.010521s
DEBUG 2026-06-08 17:50:55 ort/utils.py:54 [CLIENT] Observation Buffer size 4.3954973220825195 MB with
DEBUG 2026-06-08 17:50:55 ort/utils.py:69 [CLIENT] Observation Sent 2097152/4609013 bytes with state 1
DEBUG 2026-06-08 17:50:55 ort/utils.py:69 [CLIENT] Observation Sent 4194304/4609013 bytes with state 2
DEBUG 2026-06-08 17:50:55 ort/utils.py:69 [CLIENT] Observation Sent 4609013/4609013 bytes with state 3
DEBUG 2026-06-08 17:50:55 ort/utils.py:71 [CLIENT] Observation Published 4.3954973220825195 MB
DEBUG 2026-06-08 17:50:55 t_client.py:209 Sent observation #79 | 
DEBUG 2026-06-08 17:50:55 t_client.py:434 QUEUE SIZE: 8 (Must go: False)
DEBUG 2026-06-08 17:50:55 t_client.py:477 Control loop (ms): 122.50
DEBUG 2026-06-08 17:50:55 follower.py:184 follower_right SOFollower read state: 2.6ms
DEBUG 2026-06-08 17:50:55 follower.py:191 follower_right SOFollower read wrist: 0.1ms
DEBUG 2026-06-08 17:50:55 follower.py:184 follower_left SOFollower read state: 2.6ms
DEBUG 2026-06-08 17:50:55 follower.py:191 follower_left SOFollower read wrist: 0.1ms
DEBUG 2026-06-08 17:50:55 t_client.py:198 Observation serialization time: 0.013989s
DEBUG 2026-06-08 17:50:55 ort/utils.py:54 [CLIENT] Observation Buffer size 4.3954973220825195 MB with
DEBUG 2026-06-08 17:50:55 ort/utils.py:69 [CLIENT] Observation Sent 2097152/4609013 bytes with state 1
DEBUG 2026-06-08 17:50:55 ort/utils.py:69 [CLIENT] Observation Sent 4194304/4609013 bytes with state 2
DEBUG 2026-06-08 17:50:55 ort/utils.py:69 [CLIENT] Observation Sent 4609013/4609013 bytes with state 3
DEBUG 2026-06-08 17:50:55 ort/utils.py:71 [CLIENT] Observation Published 4.3954973220825195 MB
DEBUG 2026-06-08 17:50:55 t_client.py:292 Received actions on device: cpu
DEBUG 2026-06-08 17:50:55 t_client.py:302 Actions kept on device: cpu
DEBUG 2026-06-08 17:50:55 t_client.py:209 Sent observation #80 | 
DEBUG 2026-06-08 17:50:55 t_client.py:434 QUEUE SIZE: 7 (Must go: False)
DEBUG 2026-06-08 17:50:55 t_client.py:477 Control loop (ms): 130.06
DEBUG 2026-06-08 17:50:55 t_client.py:477 Control loop (ms): 2.34
DEBUG 2026-06-08 17:50:55 t_client.py:477 Control loop (ms): 2.08
DEBUG 2026-06-08 17:50:55 t_client.py:477 Control loop (ms): 2.22
DEBUG 2026-06-08 17:50:55 t_client.py:292 Received actions on device: cpu
DEBUG 2026-06-08 17:50:55 t_client.py:302 Actions kept on device: cpu
DEBUG 2026-06-08 17:50:55 t_client.py:477 Control loop (ms): 0.69
DEBUG 2026-06-08 17:50:55 t_client.py:477 Control loop (ms): 2.03
DEBUG 2026-06-08 17:50:55 t_client.py:477 Control loop (ms): 2.12
DEBUG 2026-06-08 17:50:55 follower.py:184 follower_right SOFollower read state: 2.4ms
DEBUG 2026-06-08 17:50:55 follower.py:191 follower_right SOFollower read wrist: 0.0ms
DEBUG 2026-06-08 17:50:55 follower.py:184 follower_left SOFollower read state: 1.9ms
DEBUG 2026-06-08 17:50:55 follower.py:191 follower_left SOFollower read wrist: 0.0ms
DEBUG 2026-06-08 17:50:55 t_client.py:198 Observation serialization time: 0.008353s
DEBUG 2026-06-08 17:50:55 ort/utils.py:54 [CLIENT] Observation Buffer size 4.3954973220825195 MB with
DEBUG 2026-06-08 17:50:55 ort/utils.py:69 [CLIENT] Observation Sent 2097152/4609013 bytes with state 1
DEBUG 2026-06-08 17:50:55 ort/utils.py:69 [CLIENT] Observation Sent 4194304/4609013 bytes with state 2
DEBUG 2026-06-08 17:50:55 ort/utils.py:69 [CLIENT] Observation Sent 4609013/4609013 bytes with state 3
DEBUG 2026-06-08 17:50:55 ort/utils.py:71 [CLIENT] Observation Published 4.3954973220825195 MB
DEBUG 2026-06-08 17:50:56 t_client.py:209 Sent observation #87 | 
DEBUG 2026-06-08 17:50:56 t_client.py:434 QUEUE SIZE: 8 (Must go: False)
DEBUG 2026-06-08 17:50:56 t_client.py:477 Control loop (ms): 114.07
DEBUG 2026-06-08 17:50:56 follower.py:184 follower_right SOFollower read state: 2.0ms
DEBUG 2026-06-08 17:50:56 follower.py:191 follower_right SOFollower read wrist: 0.0ms
DEBUG 2026-06-08 17:50:56 follower.py:184 follower_left SOFollower read state: 2.2ms
DEBUG 2026-06-08 17:50:56 follower.py:191 follower_left SOFollower read wrist: 0.1ms
DEBUG 2026-06-08 17:50:56 t_client.py:198 Observation serialization time: 0.012884s
DEBUG 2026-06-08 17:50:56 ort/utils.py:54 [CLIENT] Observation Buffer size 4.3954973220825195 MB with
DEBUG 2026-06-08 17:50:56 ort/utils.py:69 [CLIENT] Observation Sent 2097152/4609013 bytes with state 1
DEBUG 2026-06-08 17:50:56 ort/utils.py:69 [CLIENT] Observation Sent 4194304/4609013 bytes with state 2
DEBUG 2026-06-08 17:50:56 ort/utils.py:69 [CLIENT] Observation Sent 4609013/4609013 bytes with state 3
DEBUG 2026-06-08 17:50:56 ort/utils.py:71 [CLIENT] Observation Published 4.3954973220825195 MB
DEBUG 2026-06-08 17:50:56 t_client.py:209 Sent observation #88 | 
DEBUG 2026-06-08 17:50:56 t_client.py:434 QUEUE SIZE: 7 (Must go: False)
DEBUG 2026-06-08 17:50:56 t_client.py:292 Received actions on device: cpu
DEBUG 2026-06-08 17:50:56 t_client.py:302 Actions kept on device: cpu
DEBUG 2026-06-08 17:50:56 t_client.py:477 Control loop (ms): 132.73
DEBUG 2026-06-08 17:50:56 t_client.py:477 Control loop (ms): 2.12
DEBUG 2026-06-08 17:50:56 t_client.py:477 Control loop (ms): 1.94
DEBUG 2026-06-08 17:50:56 t_client.py:477 Control loop (ms): 2.02
DEBUG 2026-06-08 17:50:56 t_client.py:292 Received actions on device: cpu
DEBUG 2026-06-08 17:50:56 t_client.py:302 Actions kept on device: cpu
DEBUG 2026-06-08 17:50:56 t_client.py:477 Control loop (ms): 1.12
DEBUG 2026-06-08 17:50:56 t_client.py:477 Control loop (ms): 1.44
DEBUG 2026-06-08 17:50:56 t_client.py:477 Control loop (ms): 1.03
DEBUG 2026-06-08 17:50:56 t_client.py:477 Control loop (ms): 1.50
DEBUG 2026-06-08 17:50:56 t_client.py:477 Control loop (ms): 1.92
DEBUG 2026-06-08 17:50:56 follower.py:184 follower_right SOFollower read state: 2.0ms
DEBUG 2026-06-08 17:50:56 follower.py:191 follower_right SOFollower read wrist: 0.0ms
DEBUG 2026-06-08 17:50:56 follower.py:184 follower_left SOFollower read state: 1.9ms
DEBUG 2026-06-08 17:50:56 follower.py:191 follower_left SOFollower read wrist: 0.0ms
DEBUG 2026-06-08 17:50:56 t_client.py:198 Observation serialization time: 0.011401s
DEBUG 2026-06-08 17:50:56 ort/utils.py:54 [CLIENT] Observation Buffer size 4.3954973220825195 MB with
DEBUG 2026-06-08 17:50:56 ort/utils.py:69 [CLIENT] Observation Sent 2097152/4609013 bytes with state 1
DEBUG 2026-06-08 17:50:56 ort/utils.py:69 [CLIENT] Observation Sent 4194304/4609013 bytes with state 2
DEBUG 2026-06-08 17:50:56 ort/utils.py:69 [CLIENT] Observation Sent 4609013/4609013 bytes with state 3
DEBUG 2026-06-08 17:50:56 ort/utils.py:71 [CLIENT] Observation Published 4.3954973220825195 MB
DEBUG 2026-06-08 17:50:56 t_client.py:209 Sent observation #95 | 
DEBUG 2026-06-08 17:50:56 t_client.py:434 QUEUE SIZE: 8 (Must go: False)
DEBUG 2026-06-08 17:50:56 t_client.py:477 Control loop (ms): 169.41
DEBUG 2026-06-08 17:50:56 follower.py:184 follower_right SOFollower read state: 2.0ms
DEBUG 2026-06-08 17:50:56 follower.py:191 follower_right SOFollower read wrist: 0.0ms
DEBUG 2026-06-08 17:50:56 follower.py:184 follower_left SOFollower read state: 1.9ms
DEBUG 2026-06-08 17:50:56 follower.py:191 follower_left SOFollower read wrist: 0.0ms
DEBUG 2026-06-08 17:50:56 t_client.py:198 Observation serialization time: 0.006150s
DEBUG 2026-06-08 17:50:56 ort/utils.py:54 [CLIENT] Observation Buffer size 4.3954973220825195 MB with
DEBUG 2026-06-08 17:50:56 ort/utils.py:69 [CLIENT] Observation Sent 2097152/4609013 bytes with state 1
DEBUG 2026-06-08 17:50:56 ort/utils.py:69 [CLIENT] Observation Sent 4194304/4609013 bytes with state 2
DEBUG 2026-06-08 17:50:56 ort/utils.py:69 [CLIENT] Observation Sent 4609013/4609013 bytes with state 3
DEBUG 2026-06-08 17:50:56 ort/utils.py:71 [CLIENT] Observation Published 4.3954973220825195 MB
DEBUG 2026-06-08 17:50:56 t_client.py:292 Received actions on device: cpu
DEBUG 2026-06-08 17:50:56 t_client.py:302 Actions kept on device: cpu
DEBUG 2026-06-08 17:50:56 t_client.py:209 Sent observation #96 | 
DEBUG 2026-06-08 17:50:56 t_client.py:434 QUEUE SIZE: 7 (Must go: False)
DEBUG 2026-06-08 17:50:56 t_client.py:477 Control loop (ms): 114.59
DEBUG 2026-06-08 17:50:56 t_client.py:477 Control loop (ms): 3.24
DEBUG 2026-06-08 17:50:56 t_client.py:477 Control loop (ms): 2.10
DEBUG 2026-06-08 17:50:56 t_client.py:477 Control loop (ms): 1.75
DEBUG 2026-06-08 17:50:56 t_client.py:292 Received actions on device: cpu
DEBUG 2026-06-08 17:50:56 t_client.py:302 Actions kept on device: cpu
DEBUG 2026-06-08 17:50:56 t_client.py:477 Control loop (ms): 2.93
DEBUG 2026-06-08 17:50:56 t_client.py:477 Control loop (ms): 2.23
DEBUG 2026-06-08 17:50:56 t_client.py:477 Control loop (ms): 2.05
DEBUG 2026-06-08 17:50:56 t_client.py:477 Control loop (ms): 2.43
DEBUG 2026-06-08 17:50:56 follower.py:184 follower_right SOFollower read state: 2.1ms
DEBUG 2026-06-08 17:50:56 follower.py:191 follower_right SOFollower read wrist: 0.0ms
DEBUG 2026-06-08 17:50:56 follower.py:184 follower_left SOFollower read state: 2.0ms
DEBUG 2026-06-08 17:50:56 follower.py:191 follower_left SOFollower read wrist: 0.0ms
DEBUG 2026-06-08 17:50:56 t_client.py:198 Observation serialization time: 0.010002s
DEBUG 2026-06-08 17:50:56 ort/utils.py:54 [CLIENT] Observation Buffer size 4.3954973220825195 MB with
DEBUG 2026-06-08 17:50:56 ort/utils.py:69 [CLIENT] Observation Sent 2097152/4609013 bytes with state 1
DEBUG 2026-06-08 17:50:57 ort/utils.py:69 [CLIENT] Observation Sent 4194304/4609013 bytes with state 2
DEBUG 2026-06-08 17:50:57 ort/utils.py:69 [CLIENT] Observation Sent 4609013/4609013 bytes with state 3
DEBUG 2026-06-08 17:50:57 ort/utils.py:71 [CLIENT] Observation Published 4.3954973220825195 MB
DEBUG 2026-06-08 17:50:57 t_client.py:209 Sent observation #103 | 
DEBUG 2026-06-08 17:50:57 t_client.py:434 QUEUE SIZE: 8 (Must go: False)
DEBUG 2026-06-08 17:50:57 t_client.py:477 Control loop (ms): 109.69
DEBUG 2026-06-08 17:50:57 follower.py:184 follower_right SOFollower read state: 2.1ms
DEBUG 2026-06-08 17:50:57 follower.py:191 follower_right SOFollower read wrist: 0.0ms
DEBUG 2026-06-08 17:50:57 follower.py:184 follower_left SOFollower read state: 2.0ms
DEBUG 2026-06-08 17:50:57 follower.py:191 follower_left SOFollower read wrist: 0.0ms
DEBUG 2026-06-08 17:50:57 t_client.py:198 Observation serialization time: 0.013357s
DEBUG 2026-06-08 17:50:57 ort/utils.py:54 [CLIENT] Observation Buffer size 4.3954973220825195 MB with
DEBUG 2026-06-08 17:50:57 ort/utils.py:69 [CLIENT] Observation Sent 2097152/4609013 bytes with state 1
DEBUG 2026-06-08 17:50:57 ort/utils.py:69 [CLIENT] Observation Sent 4194304/4609013 bytes with state 2
DEBUG 2026-06-08 17:50:57 ort/utils.py:69 [CLIENT] Observation Sent 4609013/4609013 bytes with state 3
DEBUG 2026-06-08 17:50:57 ort/utils.py:71 [CLIENT] Observation Published 4.3954973220825195 MB
DEBUG 2026-06-08 17:50:57 t_client.py:292 Received actions on device: cpu
DEBUG 2026-06-08 17:50:57 t_client.py:302 Actions kept on device: cpu
DEBUG 2026-06-08 17:50:57 t_client.py:209 Sent observation #104 | 
DEBUG 2026-06-08 17:50:57 t_client.py:434 QUEUE SIZE: 7 (Must go: False)
DEBUG 2026-06-08 17:50:57 t_client.py:477 Control loop (ms): 117.66
DEBUG 2026-06-08 17:50:57 t_client.py:477 Control loop (ms): 2.41
DEBUG 2026-06-08 17:50:57 t_client.py:477 Control loop (ms): 2.45
DEBUG 2026-06-08 17:50:57 t_client.py:477 Control loop (ms): 2.70
DEBUG 2026-06-08 17:50:57 t_client.py:292 Received actions on device: cpu
DEBUG 2026-06-08 17:50:57 t_client.py:302 Actions kept on device: cpu
DEBUG 2026-06-08 17:50:57 t_client.py:477 Control loop (ms): 3.50
DEBUG 2026-06-08 17:50:57 t_client.py:477 Control loop (ms): 2.22
DEBUG 2026-06-08 17:50:57 t_client.py:477 Control loop (ms): 2.00
DEBUG 2026-06-08 17:50:57 t_client.py:477 Control loop (ms): 1.70
DEBUG 2026-06-08 17:50:57 follower.py:184 follower_right SOFollower read state: 2.5ms
DEBUG 2026-06-08 17:50:57 follower.py:191 follower_right SOFollower read wrist: 0.0ms
DEBUG 2026-06-08 17:50:57 follower.py:184 follower_left SOFollower read state: 1.9ms
DEBUG 2026-06-08 17:50:57 follower.py:191 follower_left SOFollower read wrist: 0.0ms
DEBUG 2026-06-08 17:50:57 t_client.py:198 Observation serialization time: 0.011180s
DEBUG 2026-06-08 17:50:57 ort/utils.py:54 [CLIENT] Observation Buffer size 4.3954973220825195 MB with
DEBUG 2026-06-08 17:50:57 ort/utils.py:69 [CLIENT] Observation Sent 2097152/4609013 bytes with state 1
DEBUG 2026-06-08 17:50:57 ort/utils.py:69 [CLIENT] Observation Sent 4194304/4609013 bytes with state 2
DEBUG 2026-06-08 17:50:57 ort/utils.py:69 [CLIENT] Observation Sent 4609013/4609013 bytes with state 3
DEBUG 2026-06-08 17:50:57 ort/utils.py:71 [CLIENT] Observation Published 4.3954973220825195 MB
DEBUG 2026-06-08 17:50:57 t_client.py:209 Sent observation #111 | 
DEBUG 2026-06-08 17:50:57 t_client.py:434 QUEUE SIZE: 8 (Must go: False)
DEBUG 2026-06-08 17:50:57 t_client.py:477 Control loop (ms): 128.57
DEBUG 2026-06-08 17:50:57 follower.py:184 follower_right SOFollower read state: 2.5ms
DEBUG 2026-06-08 17:50:57 follower.py:191 follower_right SOFollower read wrist: 0.0ms
DEBUG 2026-06-08 17:50:57 follower.py:184 follower_left SOFollower read state: 2.6ms
DEBUG 2026-06-08 17:50:57 follower.py:191 follower_left SOFollower read wrist: 0.0ms
DEBUG 2026-06-08 17:50:57 t_client.py:198 Observation serialization time: 0.009229s
DEBUG 2026-06-08 17:50:57 ort/utils.py:54 [CLIENT] Observation Buffer size 4.3954973220825195 MB with
DEBUG 2026-06-08 17:50:57 ort/utils.py:69 [CLIENT] Observation Sent 2097152/4609013 bytes with state 1
DEBUG 2026-06-08 17:50:57 ort/utils.py:69 [CLIENT] Observation Sent 4194304/4609013 bytes with state 2
DEBUG 2026-06-08 17:50:57 ort/utils.py:69 [CLIENT] Observation Sent 4609013/4609013 bytes with state 3
DEBUG 2026-06-08 17:50:57 ort/utils.py:71 [CLIENT] Observation Published 4.3954973220825195 MB
DEBUG 2026-06-08 17:50:57 t_client.py:209 Sent observation #112 | 
DEBUG 2026-06-08 17:50:57 t_client.py:292 Received actions on device: cpu
DEBUG 2026-06-08 17:50:57 t_client.py:434 QUEUE SIZE: 7 (Must go: False)
DEBUG 2026-06-08 17:50:57 t_client.py:302 Actions kept on device: cpu
DEBUG 2026-06-08 17:50:57 t_client.py:477 Control loop (ms): 121.71
DEBUG 2026-06-08 17:50:57 follower.py:184 follower_right SOFollower read state: 1.8ms
DEBUG 2026-06-08 17:50:57 follower.py:191 follower_right SOFollower read wrist: 0.0ms
DEBUG 2026-06-08 17:50:57 follower.py:184 follower_left SOFollower read state: 1.7ms
DEBUG 2026-06-08 17:50:57 follower.py:191 follower_left SOFollower read wrist: 0.0ms
DEBUG 2026-06-08 17:50:57 t_client.py:198 Observation serialization time: 0.008202s
DEBUG 2026-06-08 17:50:57 ort/utils.py:54 [CLIENT] Observation Buffer size 4.3954973220825195 MB with
DEBUG 2026-06-08 17:50:57 ort/utils.py:69 [CLIENT] Observation Sent 2097152/4609013 bytes with state 1
DEBUG 2026-06-08 17:50:57 ort/utils.py:69 [CLIENT] Observation Sent 4194304/4609013 bytes with state 2
DEBUG 2026-06-08 17:50:57 ort/utils.py:69 [CLIENT] Observation Sent 4609013/4609013 bytes with state 3
DEBUG 2026-06-08 17:50:57 ort/utils.py:71 [CLIENT] Observation Published 4.3954973220825195 MB
DEBUG 2026-06-08 17:50:57 t_client.py:209 Sent observation #113 | 
DEBUG 2026-06-08 17:50:57 t_client.py:434 QUEUE SIZE: 14 (Must go: False)
DEBUG 2026-06-08 17:50:57 t_client.py:477 Control loop (ms): 108.25
DEBUG 2026-06-08 17:50:57 t_client.py:477 Control loop (ms): 4.35
DEBUG 2026-06-08 17:50:57 t_client.py:292 Received actions on device: cpu
DEBUG 2026-06-08 17:50:57 t_client.py:302 Actions kept on device: cpu
DEBUG 2026-06-08 17:50:57 t_client.py:477 Control loop (ms): 1.93
DEBUG 2026-06-08 17:50:57 t_client.py:477 Control loop (ms): 1.67
DEBUG 2026-06-08 17:50:57 t_client.py:477 Control loop (ms): 5.69
DEBUG 2026-06-08 17:50:57 t_client.py:292 Received actions on device: cpu
DEBUG 2026-06-08 17:50:57 t_client.py:302 Actions kept on device: cpu
DEBUG 2026-06-08 17:50:57 t_client.py:477 Control loop (ms): 1.35
DEBUG 2026-06-08 17:50:57 t_client.py:477 Control loop (ms): 3.03
DEBUG 2026-06-08 17:50:57 t_client.py:477 Control loop (ms): 2.93
DEBUG 2026-06-08 17:50:58 follower.py:184 follower_right SOFollower read state: 2.4ms
DEBUG 2026-06-08 17:50:58 follower.py:191 follower_right SOFollower read wrist: 0.1ms
DEBUG 2026-06-08 17:50:58 follower.py:184 follower_left SOFollower read state: 2.3ms
DEBUG 2026-06-08 17:50:58 follower.py:191 follower_left SOFollower read wrist: 0.0ms
DEBUG 2026-06-08 17:50:58 t_client.py:198 Observation serialization time: 0.010626s
DEBUG 2026-06-08 17:50:58 ort/utils.py:54 [CLIENT] Observation Buffer size 4.3954973220825195 MB with
DEBUG 2026-06-08 17:50:58 ort/utils.py:69 [CLIENT] Observation Sent 2097152/4609013 bytes with state 1
DEBUG 2026-06-08 17:50:58 ort/utils.py:69 [CLIENT] Observation Sent 4194304/4609013 bytes with state 2
DEBUG 2026-06-08 17:50:58 ort/utils.py:69 [CLIENT] Observation Sent 4609013/4609013 bytes with state 3
DEBUG 2026-06-08 17:50:58 ort/utils.py:71 [CLIENT] Observation Published 4.3954973220825195 MB
DEBUG 2026-06-08 17:50:58 t_client.py:209 Sent observation #120 | 
DEBUG 2026-06-08 17:50:58 t_client.py:434 QUEUE SIZE: 8 (Must go: False)
DEBUG 2026-06-08 17:50:58 t_client.py:477 Control loop (ms): 173.50
DEBUG 2026-06-08 17:50:58 follower.py:184 follower_right SOFollower read state: 2.8ms
DEBUG 2026-06-08 17:50:58 follower.py:191 follower_right SOFollower read wrist: 0.1ms
DEBUG 2026-06-08 17:50:58 follower.py:184 follower_left SOFollower read state: 2.8ms
DEBUG 2026-06-08 17:50:58 follower.py:191 follower_left SOFollower read wrist: 0.0ms
DEBUG 2026-06-08 17:50:58 t_client.py:198 Observation serialization time: 0.011181s
DEBUG 2026-06-08 17:50:58 ort/utils.py:54 [CLIENT] Observation Buffer size 4.3954973220825195 MB with
DEBUG 2026-06-08 17:50:58 ort/utils.py:69 [CLIENT] Observation Sent 2097152/4609013 bytes with state 1
DEBUG 2026-06-08 17:50:58 ort/utils.py:69 [CLIENT] Observation Sent 4194304/4609013 bytes with state 2
DEBUG 2026-06-08 17:50:58 ort/utils.py:69 [CLIENT] Observation Sent 4609013/4609013 bytes with state 3
DEBUG 2026-06-08 17:50:58 ort/utils.py:71 [CLIENT] Observation Published 4.3954973220825195 MB
DEBUG 2026-06-08 17:50:58 t_client.py:292 Received actions on device: cpu
DEBUG 2026-06-08 17:50:58 t_client.py:302 Actions kept on device: cpu
DEBUG 2026-06-08 17:50:58 t_client.py:209 Sent observation #121 | 
DEBUG 2026-06-08 17:50:58 t_client.py:434 QUEUE SIZE: 7 (Must go: False)
DEBUG 2026-06-08 17:50:58 t_client.py:477 Control loop (ms): 135.69
DEBUG 2026-06-08 17:50:58 t_client.py:477 Control loop (ms): 1.19
DEBUG 2026-06-08 17:50:58 t_client.py:477 Control loop (ms): 2.34
DEBUG 2026-06-08 17:50:58 t_client.py:477 Control loop (ms): 1.94
DEBUG 2026-06-08 17:50:58 t_client.py:292 Received actions on device: cpu
DEBUG 2026-06-08 17:50:58 t_client.py:302 Actions kept on device: cpu
DEBUG 2026-06-08 17:50:58 t_client.py:477 Control loop (ms): 1.71
DEBUG 2026-06-08 17:50:58 t_client.py:477 Control loop (ms): 1.95
DEBUG 2026-06-08 17:50:58 t_client.py:477 Control loop (ms): 1.82
DEBUG 2026-06-08 17:50:58 t_client.py:477 Control loop (ms): 2.15
DEBUG 2026-06-08 17:50:58 follower.py:184 follower_right SOFollower read state: 3.1ms
DEBUG 2026-06-08 17:50:58 follower.py:191 follower_right SOFollower read wrist: 0.1ms
DEBUG 2026-06-08 17:50:58 follower.py:184 follower_left SOFollower read state: 2.2ms
DEBUG 2026-06-08 17:50:58 follower.py:191 follower_left SOFollower read wrist: 0.0ms
DEBUG 2026-06-08 17:50:58 t_client.py:198 Observation serialization time: 0.007917s
DEBUG 2026-06-08 17:50:58 ort/utils.py:54 [CLIENT] Observation Buffer size 4.3954973220825195 MB with
DEBUG 2026-06-08 17:50:58 ort/utils.py:69 [CLIENT] Observation Sent 2097152/4609013 bytes with state 1
DEBUG 2026-06-08 17:50:58 ort/utils.py:69 [CLIENT] Observation Sent 4194304/4609013 bytes with state 2
DEBUG 2026-06-08 17:50:58 ort/utils.py:69 [CLIENT] Observation Sent 4609013/4609013 bytes with state 3
DEBUG 2026-06-08 17:50:58 ort/utils.py:71 [CLIENT] Observation Published 4.3954973220825195 MB
DEBUG 2026-06-08 17:50:58 t_client.py:209 Sent observation #128 | 
DEBUG 2026-06-08 17:50:58 t_client.py:434 QUEUE SIZE: 8 (Must go: False)
DEBUG 2026-06-08 17:50:58 t_client.py:477 Control loop (ms): 122.52
DEBUG 2026-06-08 17:50:58 follower.py:184 follower_right SOFollower read state: 2.5ms
DEBUG 2026-06-08 17:50:58 follower.py:191 follower_right SOFollower read wrist: 0.1ms
DEBUG 2026-06-08 17:50:58 follower.py:184 follower_left SOFollower read state: 2.4ms
DEBUG 2026-06-08 17:50:58 follower.py:191 follower_left SOFollower read wrist: 0.0ms
DEBUG 2026-06-08 17:50:58 t_client.py:198 Observation serialization time: 0.009138s
DEBUG 2026-06-08 17:50:58 ort/utils.py:54 [CLIENT] Observation Buffer size 4.3954973220825195 MB with
DEBUG 2026-06-08 17:50:58 ort/utils.py:69 [CLIENT] Observation Sent 2097152/4609013 bytes with state 1
DEBUG 2026-06-08 17:50:58 ort/utils.py:69 [CLIENT] Observation Sent 4194304/4609013 bytes with state 2
DEBUG 2026-06-08 17:50:58 ort/utils.py:69 [CLIENT] Observation Sent 4609013/4609013 bytes with state 3
DEBUG 2026-06-08 17:50:58 ort/utils.py:71 [CLIENT] Observation Published 4.3954973220825195 MB
DEBUG 2026-06-08 17:50:58 t_client.py:292 Received actions on device: cpu
DEBUG 2026-06-08 17:50:58 t_client.py:302 Actions kept on device: cpu
DEBUG 2026-06-08 17:50:58 t_client.py:209 Sent observation #129 | 
DEBUG 2026-06-08 17:50:58 t_client.py:434 QUEUE SIZE: 7 (Must go: False)
DEBUG 2026-06-08 17:50:58 t_client.py:477 Control loop (ms): 120.75
DEBUG 2026-06-08 17:50:58 t_client.py:477 Control loop (ms): 1.50
DEBUG 2026-06-08 17:50:58 t_client.py:477 Control loop (ms): 2.78
DEBUG 2026-06-08 17:50:58 t_client.py:477 Control loop (ms): 2.85
DEBUG 2026-06-08 17:50:58 t_client.py:292 Received actions on device: cpu
DEBUG 2026-06-08 17:50:58 t_client.py:302 Actions kept on device: cpu
DEBUG 2026-06-08 17:50:58 t_client.py:477 Control loop (ms): 3.16
DEBUG 2026-06-08 17:50:58 t_client.py:477 Control loop (ms): 1.45
DEBUG 2026-06-08 17:50:58 t_client.py:477 Control loop (ms): 2.65
DEBUG 2026-06-08 17:50:59 follower.py:184 follower_right SOFollower read state: 1.9ms
DEBUG 2026-06-08 17:50:59 follower.py:191 follower_right SOFollower read wrist: 0.0ms
DEBUG 2026-06-08 17:50:59 follower.py:184 follower_left SOFollower read state: 1.8ms
DEBUG 2026-06-08 17:50:59 follower.py:191 follower_left SOFollower read wrist: 0.0ms
DEBUG 2026-06-08 17:50:59 t_client.py:198 Observation serialization time: 0.006425s
DEBUG 2026-06-08 17:50:59 ort/utils.py:54 [CLIENT] Observation Buffer size 4.3954973220825195 MB with
DEBUG 2026-06-08 17:50:59 ort/utils.py:69 [CLIENT] Observation Sent 2097152/4609013 bytes with state 1
DEBUG 2026-06-08 17:50:59 ort/utils.py:69 [CLIENT] Observation Sent 4194304/4609013 bytes with state 2
DEBUG 2026-06-08 17:50:59 ort/utils.py:69 [CLIENT] Observation Sent 4609013/4609013 bytes with state 3
DEBUG 2026-06-08 17:50:59 ort/utils.py:71 [CLIENT] Observation Published 4.3954973220825195 MB
DEBUG 2026-06-08 17:50:59 t_client.py:209 Sent observation #136 | 
DEBUG 2026-06-08 17:50:59 t_client.py:434 QUEUE SIZE: 8 (Must go: False)
DEBUG 2026-06-08 17:50:59 t_client.py:477 Control loop (ms): 123.52
DEBUG 2026-06-08 17:50:59 follower.py:184 follower_right SOFollower read state: 1.8ms
DEBUG 2026-06-08 17:50:59 follower.py:191 follower_right SOFollower read wrist: 0.0ms
DEBUG 2026-06-08 17:50:59 follower.py:184 follower_left SOFollower read state: 1.7ms
DEBUG 2026-06-08 17:50:59 follower.py:191 follower_left SOFollower read wrist: 0.0ms
DEBUG 2026-06-08 17:50:59 t_client.py:198 Observation serialization time: 0.009376s
DEBUG 2026-06-08 17:50:59 ort/utils.py:54 [CLIENT] Observation Buffer size 4.3954973220825195 MB with
DEBUG 2026-06-08 17:50:59 ort/utils.py:69 [CLIENT] Observation Sent 2097152/4609013 bytes with state 1
DEBUG 2026-06-08 17:50:59 ort/utils.py:69 [CLIENT] Observation Sent 4194304/4609013 bytes with state 2
DEBUG 2026-06-08 17:50:59 ort/utils.py:69 [CLIENT] Observation Sent 4609013/4609013 bytes with state 3
DEBUG 2026-06-08 17:50:59 ort/utils.py:71 [CLIENT] Observation Published 4.3954973220825195 MB
DEBUG 2026-06-08 17:50:59 t_client.py:209 Sent observation #137 | 
DEBUG 2026-06-08 17:50:59 t_client.py:434 QUEUE SIZE: 7 (Must go: False)
DEBUG 2026-06-08 17:50:59 t_client.py:292 Received actions on device: cpu
DEBUG 2026-06-08 17:50:59 t_client.py:477 Control loop (ms): 163.60
DEBUG 2026-06-08 17:50:59 t_client.py:302 Actions kept on device: cpu
DEBUG 2026-06-08 17:50:59 t_client.py:477 Control loop (ms): 3.00
DEBUG 2026-06-08 17:50:59 t_client.py:477 Control loop (ms): 1.39
DEBUG 2026-06-08 17:50:59 t_client.py:477 Control loop (ms): 1.31
DEBUG 2026-06-08 17:50:59 t_client.py:292 Received actions on device: cpu
DEBUG 2026-06-08 17:50:59 t_client.py:302 Actions kept on device: cpu
DEBUG 2026-06-08 17:50:59 t_client.py:477 Control loop (ms): 2.30
DEBUG 2026-06-08 17:50:59 t_client.py:477 Control loop (ms): 2.38
DEBUG 2026-06-08 17:50:59 t_client.py:477 Control loop (ms): 2.14
DEBUG 2026-06-08 17:50:59 t_client.py:477 Control loop (ms): 1.24
DEBUG 2026-06-08 17:50:59 t_client.py:477 Control loop (ms): 2.10
DEBUG 2026-06-08 17:50:59 follower.py:184 follower_right SOFollower read state: 1.8ms
DEBUG 2026-06-08 17:50:59 follower.py:191 follower_right SOFollower read wrist: 0.0ms
DEBUG 2026-06-08 17:50:59 follower.py:184 follower_left SOFollower read state: 2.1ms
DEBUG 2026-06-08 17:50:59 follower.py:191 follower_left SOFollower read wrist: 0.0ms
DEBUG 2026-06-08 17:50:59 t_client.py:198 Observation serialization time: 0.005130s
DEBUG 2026-06-08 17:50:59 ort/utils.py:54 [CLIENT] Observation Buffer size 4.3954973220825195 MB with
DEBUG 2026-06-08 17:50:59 ort/utils.py:69 [CLIENT] Observation Sent 2097152/4609013 bytes with state 1
DEBUG 2026-06-08 17:50:59 ort/utils.py:69 [CLIENT] Observation Sent 4194304/4609013 bytes with state 2
DEBUG 2026-06-08 17:50:59 ort/utils.py:69 [CLIENT] Observation Sent 4609013/4609013 bytes with state 3
DEBUG 2026-06-08 17:50:59 ort/utils.py:71 [CLIENT] Observation Published 4.3954973220825195 MB
DEBUG 2026-06-08 17:50:59 t_client.py:209 Sent observation #144 | 
DEBUG 2026-06-08 17:50:59 t_client.py:434 QUEUE SIZE: 8 (Must go: False)
DEBUG 2026-06-08 17:50:59 t_client.py:477 Control loop (ms): 113.55
DEBUG 2026-06-08 17:50:59 follower.py:184 follower_right SOFollower read state: 2.8ms
DEBUG 2026-06-08 17:50:59 follower.py:191 follower_right SOFollower read wrist: 0.0ms
DEBUG 2026-06-08 17:50:59 follower.py:184 follower_left SOFollower read state: 2.3ms
DEBUG 2026-06-08 17:50:59 follower.py:191 follower_left SOFollower read wrist: 0.0ms
DEBUG 2026-06-08 17:50:59 t_client.py:198 Observation serialization time: 0.013752s
DEBUG 2026-06-08 17:50:59 ort/utils.py:54 [CLIENT] Observation Buffer size 4.3954973220825195 MB with
DEBUG 2026-06-08 17:50:59 ort/utils.py:69 [CLIENT] Observation Sent 2097152/4609013 bytes with state 1
DEBUG 2026-06-08 17:50:59 ort/utils.py:69 [CLIENT] Observation Sent 4194304/4609013 bytes with state 2
DEBUG 2026-06-08 17:50:59 ort/utils.py:69 [CLIENT] Observation Sent 4609013/4609013 bytes with state 3
DEBUG 2026-06-08 17:50:59 ort/utils.py:71 [CLIENT] Observation Published 4.3954973220825195 MB
DEBUG 2026-06-08 17:50:59 t_client.py:292 Received actions on device: cpu
DEBUG 2026-06-08 17:50:59 t_client.py:302 Actions kept on device: cpu
DEBUG 2026-06-08 17:50:59 t_client.py:209 Sent observation #145 | 
DEBUG 2026-06-08 17:50:59 t_client.py:434 QUEUE SIZE: 7 (Must go: False)
DEBUG 2026-06-08 17:50:59 t_client.py:477 Control loop (ms): 167.43
DEBUG 2026-06-08 17:50:59 t_client.py:477 Control loop (ms): 4.24
DEBUG 2026-06-08 17:50:59 t_client.py:477 Control loop (ms): 2.24
DEBUG 2026-06-08 17:50:59 t_client.py:477 Control loop (ms): 2.17
DEBUG 2026-06-08 17:50:59 t_client.py:477 Control loop (ms): 7.32
DEBUG 2026-06-08 17:50:59 t_client.py:292 Received actions on device: cpu
DEBUG 2026-06-08 17:50:59 t_client.py:302 Actions kept on device: cpu
DEBUG 2026-06-08 17:50:59 t_client.py:477 Control loop (ms): 2.59
DEBUG 2026-06-08 17:51:00 t_client.py:477 Control loop (ms): 2.91
DEBUG 2026-06-08 17:51:00 t_client.py:477 Control loop (ms): 3.26
DEBUG 2026-06-08 17:51:00 follower.py:184 follower_right SOFollower read state: 2.3ms
DEBUG 2026-06-08 17:51:00 follower.py:191 follower_right SOFollower read wrist: 0.0ms
DEBUG 2026-06-08 17:51:00 follower.py:184 follower_left SOFollower read state: 2.2ms
DEBUG 2026-06-08 17:51:00 follower.py:191 follower_left SOFollower read wrist: 0.0ms
DEBUG 2026-06-08 17:51:00 t_client.py:198 Observation serialization time: 0.010644s
DEBUG 2026-06-08 17:51:00 ort/utils.py:54 [CLIENT] Observation Buffer size 4.3954973220825195 MB with
DEBUG 2026-06-08 17:51:00 ort/utils.py:69 [CLIENT] Observation Sent 2097152/4609013 bytes with state 1
DEBUG 2026-06-08 17:51:00 ort/utils.py:69 [CLIENT] Observation Sent 4194304/4609013 bytes with state 2
DEBUG 2026-06-08 17:51:00 ort/utils.py:69 [CLIENT] Observation Sent 4609013/4609013 bytes with state 3
DEBUG 2026-06-08 17:51:00 ort/utils.py:71 [CLIENT] Observation Published 4.3954973220825195 MB
DEBUG 2026-06-08 17:51:00 t_client.py:209 Sent observation #152 | 
DEBUG 2026-06-08 17:51:00 t_client.py:434 QUEUE SIZE: 8 (Must go: False)
DEBUG 2026-06-08 17:51:00 t_client.py:477 Control loop (ms): 132.55
DEBUG 2026-06-08 17:51:00 follower.py:184 follower_right SOFollower read state: 1.8ms
DEBUG 2026-06-08 17:51:00 follower.py:191 follower_right SOFollower read wrist: 0.0ms
DEBUG 2026-06-08 17:51:00 follower.py:184 follower_left SOFollower read state: 1.8ms
DEBUG 2026-06-08 17:51:00 follower.py:191 follower_left SOFollower read wrist: 0.0ms
DEBUG 2026-06-08 17:51:00 t_client.py:198 Observation serialization time: 0.010432s
DEBUG 2026-06-08 17:51:00 ort/utils.py:54 [CLIENT] Observation Buffer size 4.3954973220825195 MB with
DEBUG 2026-06-08 17:51:00 ort/utils.py:69 [CLIENT] Observation Sent 2097152/4609013 bytes with state 1
DEBUG 2026-06-08 17:51:00 ort/utils.py:69 [CLIENT] Observation Sent 4194304/4609013 bytes with state 2
DEBUG 2026-06-08 17:51:00 t_client.py:292 Received actions on device: cpu
DEBUG 2026-06-08 17:51:00 t_client.py:302 Actions kept on device: cpu
DEBUG 2026-06-08 17:51:00 ort/utils.py:69 [CLIENT] Observation Sent 4609013/4609013 bytes with state 3
DEBUG 2026-06-08 17:51:00 ort/utils.py:71 [CLIENT] Observation Published 4.3954973220825195 MB
DEBUG 2026-06-08 17:51:00 t_client.py:209 Sent observation #153 | 
DEBUG 2026-06-08 17:51:00 t_client.py:434 QUEUE SIZE: 7 (Must go: False)
DEBUG 2026-06-08 17:51:00 t_client.py:477 Control loop (ms): 159.02
DEBUG 2026-06-08 17:51:00 t_client.py:477 Control loop (ms): 2.24
DEBUG 2026-06-08 17:51:00 t_client.py:477 Control loop (ms): 2.64
DEBUG 2026-06-08 17:51:00 t_client.py:477 Control loop (ms): 1.71
DEBUG 2026-06-08 17:51:00 t_client.py:292 Received actions on device: cpu
DEBUG 2026-06-08 17:51:00 t_client.py:302 Actions kept on device: cpu
DEBUG 2026-06-08 17:51:00 t_client.py:477 Control loop (ms): 1.65
DEBUG 2026-06-08 17:51:00 t_client.py:477 Control loop (ms): 0.77
DEBUG 2026-06-08 17:51:00 t_client.py:477 Control loop (ms): 1.44
DEBUG 2026-06-08 17:51:00 follower.py:184 follower_right SOFollower read state: 1.9ms
DEBUG 2026-06-08 17:51:00 follower.py:191 follower_right SOFollower read wrist: 0.0ms
DEBUG 2026-06-08 17:51:00 follower.py:184 follower_left SOFollower read state: 1.7ms
DEBUG 2026-06-08 17:51:00 follower.py:191 follower_left SOFollower read wrist: 0.0ms
DEBUG 2026-06-08 17:51:00 t_client.py:198 Observation serialization time: 0.005151s
DEBUG 2026-06-08 17:51:00 ort/utils.py:54 [CLIENT] Observation Buffer size 4.3954973220825195 MB with
DEBUG 2026-06-08 17:51:00 ort/utils.py:69 [CLIENT] Observation Sent 2097152/4609013 bytes with state 1
DEBUG 2026-06-08 17:51:00 ort/utils.py:69 [CLIENT] Observation Sent 4194304/4609013 bytes with state 2
DEBUG 2026-06-08 17:51:00 ort/utils.py:69 [CLIENT] Observation Sent 4609013/4609013 bytes with state 3
DEBUG 2026-06-08 17:51:00 ort/utils.py:71 [CLIENT] Observation Published 4.3954973220825195 MB
DEBUG 2026-06-08 17:51:00 t_client.py:209 Sent observation #160 | 
DEBUG 2026-06-08 17:51:00 t_client.py:434 QUEUE SIZE: 8 (Must go: False)
DEBUG 2026-06-08 17:51:00 t_client.py:477 Control loop (ms): 105.23
DEBUG 2026-06-08 17:51:00 follower.py:184 follower_right SOFollower read state: 2.0ms
DEBUG 2026-06-08 17:51:00 follower.py:191 follower_right SOFollower read wrist: 0.0ms
DEBUG 2026-06-08 17:51:00 follower.py:184 follower_left SOFollower read state: 1.8ms
DEBUG 2026-06-08 17:51:00 follower.py:191 follower_left SOFollower read wrist: 0.0ms
DEBUG 2026-06-08 17:51:00 t_client.py:198 Observation serialization time: 0.007588s
DEBUG 2026-06-08 17:51:00 ort/utils.py:54 [CLIENT] Observation Buffer size 4.3954973220825195 MB with
DEBUG 2026-06-08 17:51:00 ort/utils.py:69 [CLIENT] Observation Sent 2097152/4609013 bytes with state 1
DEBUG 2026-06-08 17:51:00 ort/utils.py:69 [CLIENT] Observation Sent 4194304/4609013 bytes with state 2
DEBUG 2026-06-08 17:51:00 ort/utils.py:69 [CLIENT] Observation Sent 4609013/4609013 bytes with state 3
DEBUG 2026-06-08 17:51:00 ort/utils.py:71 [CLIENT] Observation Published 4.3954973220825195 MB
DEBUG 2026-06-08 17:51:00 t_client.py:209 Sent observation #161 | 
DEBUG 2026-06-08 17:51:00 t_client.py:434 QUEUE SIZE: 7 (Must go: False)
DEBUG 2026-06-08 17:51:00 t_client.py:477 Control loop (ms): 112.62
DEBUG 2026-06-08 17:51:00 t_client.py:292 Received actions on device: cpu
DEBUG 2026-06-08 17:51:00 follower.py:184 follower_right SOFollower read state: 2.7ms
DEBUG 2026-06-08 17:51:00 t_client.py:302 Actions kept on device: cpu
DEBUG 2026-06-08 17:51:00 follower.py:191 follower_right SOFollower read wrist: 0.0ms
DEBUG 2026-06-08 17:51:00 follower.py:184 follower_left SOFollower read state: 2.8ms
DEBUG 2026-06-08 17:51:00 follower.py:191 follower_left SOFollower read wrist: 0.1ms
DEBUG 2026-06-08 17:51:00 t_client.py:198 Observation serialization time: 0.010736s
DEBUG 2026-06-08 17:51:00 ort/utils.py:54 [CLIENT] Observation Buffer size 4.3954973220825195 MB with
DEBUG 2026-06-08 17:51:00 ort/utils.py:69 [CLIENT] Observation Sent 2097152/4609013 bytes with state 1
DEBUG 2026-06-08 17:51:00 ort/utils.py:69 [CLIENT] Observation Sent 4194304/4609013 bytes with state 2
DEBUG 2026-06-08 17:51:00 ort/utils.py:69 [CLIENT] Observation Sent 4609013/4609013 bytes with state 3
DEBUG 2026-06-08 17:51:00 ort/utils.py:71 [CLIENT] Observation Published 4.3954973220825195 MB
DEBUG 2026-06-08 17:51:00 t_client.py:209 Sent observation #162 | 
DEBUG 2026-06-08 17:51:00 t_client.py:434 QUEUE SIZE: 6 (Must go: False)
DEBUG 2026-06-08 17:51:00 t_client.py:477 Control loop (ms): 122.96
DEBUG 2026-06-08 17:51:00 t_client.py:477 Control loop (ms): 1.33
DEBUG 2026-06-08 17:51:00 t_client.py:477 Control loop (ms): 2.08
DEBUG 2026-06-08 17:51:00 t_client.py:292 Received actions on device: cpu
DEBUG 2026-06-08 17:51:00 t_client.py:302 Actions kept on device: cpu
DEBUG 2026-06-08 17:51:00 t_client.py:477 Control loop (ms): 2.11
DEBUG 2026-06-08 17:51:01 t_client.py:477 Control loop (ms): 1.74
DEBUG 2026-06-08 17:51:01 t_client.py:477 Control loop (ms): 1.76
DEBUG 2026-06-08 17:51:01 follower.py:184 follower_right SOFollower read state: 2.0ms
DEBUG 2026-06-08 17:51:01 follower.py:191 follower_right SOFollower read wrist: 0.0ms
DEBUG 2026-06-08 17:51:01 follower.py:184 follower_left SOFollower read state: 2.1ms
DEBUG 2026-06-08 17:51:01 follower.py:191 follower_left SOFollower read wrist: 0.0ms
DEBUG 2026-06-08 17:51:01 t_client.py:198 Observation serialization time: 0.008131s
DEBUG 2026-06-08 17:51:01 ort/utils.py:54 [CLIENT] Observation Buffer size 4.3954973220825195 MB with
DEBUG 2026-06-08 17:51:01 ort/utils.py:69 [CLIENT] Observation Sent 2097152/4609013 bytes with state 1
DEBUG 2026-06-08 17:51:01 ort/utils.py:69 [CLIENT] Observation Sent 4194304/4609013 bytes with state 2
DEBUG 2026-06-08 17:51:01 ort/utils.py:69 [CLIENT] Observation Sent 4609013/4609013 bytes with state 3
DEBUG 2026-06-08 17:51:01 ort/utils.py:71 [CLIENT] Observation Published 4.3954973220825195 MB
DEBUG 2026-06-08 17:51:01 t_client.py:209 Sent observation #168 | 
DEBUG 2026-06-08 17:51:01 t_client.py:434 QUEUE SIZE: 8 (Must go: False)
DEBUG 2026-06-08 17:51:01 t_client.py:477 Control loop (ms): 117.43
DEBUG 2026-06-08 17:51:01 follower.py:184 follower_right SOFollower read state: 1.9ms
DEBUG 2026-06-08 17:51:01 follower.py:191 follower_right SOFollower read wrist: 0.0ms
DEBUG 2026-06-08 17:51:01 follower.py:184 follower_left SOFollower read state: 1.6ms
DEBUG 2026-06-08 17:51:01 follower.py:191 follower_left SOFollower read wrist: 0.0ms
DEBUG 2026-06-08 17:51:01 t_client.py:198 Observation serialization time: 0.004308s
DEBUG 2026-06-08 17:51:01 ort/utils.py:54 [CLIENT] Observation Buffer size 4.3954973220825195 MB with
DEBUG 2026-06-08 17:51:01 ort/utils.py:69 [CLIENT] Observation Sent 2097152/4609013 bytes with state 1
DEBUG 2026-06-08 17:51:01 ort/utils.py:69 [CLIENT] Observation Sent 4194304/4609013 bytes with state 2
DEBUG 2026-06-08 17:51:01 ort/utils.py:69 [CLIENT] Observation Sent 4609013/4609013 bytes with state 3
DEBUG 2026-06-08 17:51:01 ort/utils.py:71 [CLIENT] Observation Published 4.3954973220825195 MB
DEBUG 2026-06-08 17:51:01 t_client.py:292 Received actions on device: cpu
DEBUG 2026-06-08 17:51:01 t_client.py:302 Actions kept on device: cpu
DEBUG 2026-06-08 17:51:01 t_client.py:209 Sent observation #169 | 
DEBUG 2026-06-08 17:51:01 t_client.py:434 QUEUE SIZE: 7 (Must go: False)
DEBUG 2026-06-08 17:51:01 t_client.py:477 Control loop (ms): 107.14
DEBUG 2026-06-08 17:51:01 t_client.py:477 Control loop (ms): 1.41
DEBUG 2026-06-08 17:51:01 t_client.py:477 Control loop (ms): 1.56
DEBUG 2026-06-08 17:51:01 t_client.py:477 Control loop (ms): 1.17
DEBUG 2026-06-08 17:51:01 t_client.py:292 Received actions on device: cpu
DEBUG 2026-06-08 17:51:01 t_client.py:302 Actions kept on device: cpu
DEBUG 2026-06-08 17:51:01 t_client.py:477 Control loop (ms): 0.75
DEBUG 2026-06-08 17:51:01 t_client.py:477 Control loop (ms): 1.37
DEBUG 2026-06-08 17:51:01 t_client.py:477 Control loop (ms): 1.81
DEBUG 2026-06-08 17:51:01 follower.py:184 follower_right SOFollower read state: 1.5ms
DEBUG 2026-06-08 17:51:01 follower.py:191 follower_right SOFollower read wrist: 0.0ms
DEBUG 2026-06-08 17:51:01 follower.py:184 follower_left SOFollower read state: 1.6ms
DEBUG 2026-06-08 17:51:01 follower.py:191 follower_left SOFollower read wrist: 0.0ms
DEBUG 2026-06-08 17:51:01 t_client.py:198 Observation serialization time: 0.004531s
DEBUG 2026-06-08 17:51:01 ort/utils.py:54 [CLIENT] Observation Buffer size 4.3954973220825195 MB with
DEBUG 2026-06-08 17:51:01 ort/utils.py:69 [CLIENT] Observation Sent 2097152/4609013 bytes with state 1
DEBUG 2026-06-08 17:51:01 ort/utils.py:69 [CLIENT] Observation Sent 4194304/4609013 bytes with state 2
DEBUG 2026-06-08 17:51:01 ort/utils.py:69 [CLIENT] Observation Sent 4609013/4609013 bytes with state 3
DEBUG 2026-06-08 17:51:01 ort/utils.py:71 [CLIENT] Observation Published 4.3954973220825195 MB
DEBUG 2026-06-08 17:51:01 t_client.py:209 Sent observation #176 | 
DEBUG 2026-06-08 17:51:01 t_client.py:434 QUEUE SIZE: 8 (Must go: False)
DEBUG 2026-06-08 17:51:01 t_client.py:477 Control loop (ms): 111.07
DEBUG 2026-06-08 17:51:01 follower.py:184 follower_right SOFollower read state: 1.9ms
DEBUG 2026-06-08 17:51:01 follower.py:191 follower_right SOFollower read wrist: 0.0ms
DEBUG 2026-06-08 17:51:01 follower.py:184 follower_left SOFollower read state: 1.8ms
DEBUG 2026-06-08 17:51:01 follower.py:191 follower_left SOFollower read wrist: 0.0ms
DEBUG 2026-06-08 17:51:01 t_client.py:198 Observation serialization time: 0.008337s
DEBUG 2026-06-08 17:51:01 ort/utils.py:54 [CLIENT] Observation Buffer size 4.3954973220825195 MB with
DEBUG 2026-06-08 17:51:01 ort/utils.py:69 [CLIENT] Observation Sent 2097152/4609013 bytes with state 1
DEBUG 2026-06-08 17:51:01 ort/utils.py:69 [CLIENT] Observation Sent 4194304/4609013 bytes with state 2
DEBUG 2026-06-08 17:51:01 ort/utils.py:69 [CLIENT] Observation Sent 4609013/4609013 bytes with state 3
DEBUG 2026-06-08 17:51:01 ort/utils.py:71 [CLIENT] Observation Published 4.3954973220825195 MB
DEBUG 2026-06-08 17:51:01 t_client.py:209 Sent observation #177 | 
DEBUG 2026-06-08 17:51:01 t_client.py:434 QUEUE SIZE: 7 (Must go: False)
DEBUG 2026-06-08 17:51:01 t_client.py:477 Control loop (ms): 136.57
DEBUG 2026-06-08 17:51:01 t_client.py:292 Received actions on device: cpu
DEBUG 2026-06-08 17:51:01 t_client.py:302 Actions kept on device: cpu
DEBUG 2026-06-08 17:51:01 follower.py:184 follower_right SOFollower read state: 1.7ms
DEBUG 2026-06-08 17:51:01 follower.py:191 follower_right SOFollower read wrist: 0.0ms
DEBUG 2026-06-08 17:51:01 follower.py:184 follower_left SOFollower read state: 1.6ms
DEBUG 2026-06-08 17:51:01 follower.py:191 follower_left SOFollower read wrist: 0.0ms
DEBUG 2026-06-08 17:51:01 t_client.py:198 Observation serialization time: 0.007797s
DEBUG 2026-06-08 17:51:01 ort/utils.py:54 [CLIENT] Observation Buffer size 4.3954973220825195 MB with
DEBUG 2026-06-08 17:51:01 ort/utils.py:69 [CLIENT] Observation Sent 2097152/4609013 bytes with state 1
DEBUG 2026-06-08 17:51:01 ort/utils.py:69 [CLIENT] Observation Sent 4194304/4609013 bytes with state 2
DEBUG 2026-06-08 17:51:01 ort/utils.py:69 [CLIENT] Observation Sent 4609013/4609013 bytes with state 3
DEBUG 2026-06-08 17:51:01 ort/utils.py:71 [CLIENT] Observation Published 4.3954973220825195 MB
DEBUG 2026-06-08 17:51:01 t_client.py:292 Received actions on device: cpu
DEBUG 2026-06-08 17:51:01 t_client.py:302 Actions kept on device: cpu
DEBUG 2026-06-08 17:51:01 t_client.py:209 Sent observation #178 | 
DEBUG 2026-06-08 17:51:01 t_client.py:434 QUEUE SIZE: 13 (Must go: False)
DEBUG 2026-06-08 17:51:01 t_client.py:477 Control loop (ms): 156.87
DEBUG 2026-06-08 17:51:01 t_client.py:477 Control loop (ms): 2.59
DEBUG 2026-06-08 17:51:01 t_client.py:477 Control loop (ms): 2.66
DEBUG 2026-06-08 17:51:01 t_client.py:477 Control loop (ms): 2.97
DEBUG 2026-06-08 17:51:02 t_client.py:477 Control loop (ms): 2.83
DEBUG 2026-06-08 17:51:02 t_client.py:477 Control loop (ms): 2.57
DEBUG 2026-06-08 17:51:02 follower.py:184 follower_right SOFollower read state: 1.9ms
DEBUG 2026-06-08 17:51:02 follower.py:191 follower_right SOFollower read wrist: 0.0ms
DEBUG 2026-06-08 17:51:02 follower.py:184 follower_left SOFollower read state: 2.0ms
DEBUG 2026-06-08 17:51:02 follower.py:191 follower_left SOFollower read wrist: 0.0ms
DEBUG 2026-06-08 17:51:02 t_client.py:198 Observation serialization time: 0.007417s
DEBUG 2026-06-08 17:51:02 ort/utils.py:54 [CLIENT] Observation Buffer size 4.3954973220825195 MB with
DEBUG 2026-06-08 17:51:02 ort/utils.py:69 [CLIENT] Observation Sent 2097152/4609013 bytes with state 1
DEBUG 2026-06-08 17:51:02 ort/utils.py:69 [CLIENT] Observation Sent 4194304/4609013 bytes with state 2
DEBUG 2026-06-08 17:51:02 ort/utils.py:69 [CLIENT] Observation Sent 4609013/4609013 bytes with state 3
DEBUG 2026-06-08 17:51:02 ort/utils.py:71 [CLIENT] Observation Published 4.3954973220825195 MB
DEBUG 2026-06-08 17:51:02 t_client.py:209 Sent observation #184 | 
DEBUG 2026-06-08 17:51:02 t_client.py:434 QUEUE SIZE: 8 (Must go: False)
DEBUG 2026-06-08 17:51:02 t_client.py:477 Control loop (ms): 146.01
DEBUG 2026-06-08 17:51:02 follower.py:184 follower_right SOFollower read state: 1.5ms
DEBUG 2026-06-08 17:51:02 follower.py:191 follower_right SOFollower read wrist: 0.0ms
DEBUG 2026-06-08 17:51:02 follower.py:184 follower_left SOFollower read state: 2.0ms
DEBUG 2026-06-08 17:51:02 follower.py:191 follower_left SOFollower read wrist: 0.0ms
DEBUG 2026-06-08 17:51:02 t_client.py:198 Observation serialization time: 0.007791s
DEBUG 2026-06-08 17:51:02 ort/utils.py:54 [CLIENT] Observation Buffer size 4.3954973220825195 MB with
DEBUG 2026-06-08 17:51:02 ort/utils.py:69 [CLIENT] Observation Sent 2097152/4609013 bytes with state 1
DEBUG 2026-06-08 17:51:02 ort/utils.py:69 [CLIENT] Observation Sent 4194304/4609013 bytes with state 2
DEBUG 2026-06-08 17:51:02 ort/utils.py:69 [CLIENT] Observation Sent 4609013/4609013 bytes with state 3
DEBUG 2026-06-08 17:51:02 ort/utils.py:71 [CLIENT] Observation Published 4.3954973220825195 MB
DEBUG 2026-06-08 17:51:02 t_client.py:292 Received actions on device: cpu
DEBUG 2026-06-08 17:51:02 t_client.py:302 Actions kept on device: cpu
DEBUG 2026-06-08 17:51:02 t_client.py:209 Sent observation #185 | 
DEBUG 2026-06-08 17:51:02 t_client.py:434 QUEUE SIZE: 7 (Must go: False)
DEBUG 2026-06-08 17:51:02 t_client.py:477 Control loop (ms): 160.74
DEBUG 2026-06-08 17:51:02 t_client.py:477 Control loop (ms): 2.56
DEBUG 2026-06-08 17:51:02 t_client.py:477 Control loop (ms): 2.29
DEBUG 2026-06-08 17:51:02 t_client.py:477 Control loop (ms): 2.40
DEBUG 2026-06-08 17:51:02 t_client.py:292 Received actions on device: cpu
DEBUG 2026-06-08 17:51:02 t_client.py:302 Actions kept on device: cpu
DEBUG 2026-06-08 17:51:02 t_client.py:477 Control loop (ms): 1.16
DEBUG 2026-06-08 17:51:02 t_client.py:477 Control loop (ms): 1.85
DEBUG 2026-06-08 17:51:02 t_client.py:477 Control loop (ms): 1.86
DEBUG 2026-06-08 17:51:02 follower.py:184 follower_right SOFollower read state: 2.2ms
DEBUG 2026-06-08 17:51:02 follower.py:191 follower_right SOFollower read wrist: 0.0ms
DEBUG 2026-06-08 17:51:02 follower.py:184 follower_left SOFollower read state: 1.8ms
DEBUG 2026-06-08 17:51:02 follower.py:191 follower_left SOFollower read wrist: 0.0ms
DEBUG 2026-06-08 17:51:02 t_client.py:198 Observation serialization time: 0.011279s
DEBUG 2026-06-08 17:51:02 ort/utils.py:54 [CLIENT] Observation Buffer size 4.3954973220825195 MB with
DEBUG 2026-06-08 17:51:02 ort/utils.py:69 [CLIENT] Observation Sent 2097152/4609013 bytes with state 1
DEBUG 2026-06-08 17:51:02 ort/utils.py:69 [CLIENT] Observation Sent 4194304/4609013 bytes with state 2
DEBUG 2026-06-08 17:51:02 ort/utils.py:69 [CLIENT] Observation Sent 4609013/4609013 bytes with state 3
DEBUG 2026-06-08 17:51:02 ort/utils.py:71 [CLIENT] Observation Published 4.3954973220825195 MB
DEBUG 2026-06-08 17:51:02 t_client.py:209 Sent observation #192 | 
DEBUG 2026-06-08 17:51:02 t_client.py:434 QUEUE SIZE: 8 (Must go: False)
DEBUG 2026-06-08 17:51:02 t_client.py:477 Control loop (ms): 134.98
DEBUG 2026-06-08 17:51:02 follower.py:184 follower_right SOFollower read state: 1.8ms
DEBUG 2026-06-08 17:51:02 follower.py:191 follower_right SOFollower read wrist: 0.0ms
DEBUG 2026-06-08 17:51:02 follower.py:184 follower_left SOFollower read state: 1.8ms
DEBUG 2026-06-08 17:51:02 follower.py:191 follower_left SOFollower read wrist: 0.0ms
DEBUG 2026-06-08 17:51:02 t_client.py:198 Observation serialization time: 0.008904s
DEBUG 2026-06-08 17:51:02 ort/utils.py:54 [CLIENT] Observation Buffer size 4.3954973220825195 MB with
DEBUG 2026-06-08 17:51:02 ort/utils.py:69 [CLIENT] Observation Sent 2097152/4609013 bytes with state 1
DEBUG 2026-06-08 17:51:02 ort/utils.py:69 [CLIENT] Observation Sent 4194304/4609013 bytes with state 2
DEBUG 2026-06-08 17:51:02 ort/utils.py:69 [CLIENT] Observation Sent 4609013/4609013 bytes with state 3
DEBUG 2026-06-08 17:51:02 ort/utils.py:71 [CLIENT] Observation Published 4.3954973220825195 MB
DEBUG 2026-06-08 17:51:02 t_client.py:292 Received actions on device: cpu
DEBUG 2026-06-08 17:51:02 t_client.py:302 Actions kept on device: cpu
DEBUG 2026-06-08 17:51:02 t_client.py:209 Sent observation #193 | 
DEBUG 2026-06-08 17:51:02 t_client.py:434 QUEUE SIZE: 7 (Must go: False)
DEBUG 2026-06-08 17:51:02 t_client.py:477 Control loop (ms): 134.91
DEBUG 2026-06-08 17:51:02 t_client.py:477 Control loop (ms): 1.82
DEBUG 2026-06-08 17:51:02 t_client.py:477 Control loop (ms): 2.91
DEBUG 2026-06-08 17:51:02 t_client.py:477 Control loop (ms): 3.25
DEBUG 2026-06-08 17:51:02 t_client.py:292 Received actions on device: cpu
DEBUG 2026-06-08 17:51:02 t_client.py:302 Actions kept on device: cpu
DEBUG 2026-06-08 17:51:02 t_client.py:477 Control loop (ms): 1.53
DEBUG 2026-06-08 17:51:02 t_client.py:477 Control loop (ms): 1.96
DEBUG 2026-06-08 17:51:03 t_client.py:477 Control loop (ms): 2.03
DEBUG 2026-06-08 17:51:03 follower.py:184 follower_right SOFollower read state: 2.5ms
DEBUG 2026-06-08 17:51:03 follower.py:191 follower_right SOFollower read wrist: 0.1ms
DEBUG 2026-06-08 17:51:03 follower.py:184 follower_left SOFollower read state: 1.4ms
DEBUG 2026-06-08 17:51:03 follower.py:191 follower_left SOFollower read wrist: 0.0ms
DEBUG 2026-06-08 17:51:03 t_client.py:198 Observation serialization time: 0.004543s
DEBUG 2026-06-08 17:51:03 ort/utils.py:54 [CLIENT] Observation Buffer size 4.3954973220825195 MB with
DEBUG 2026-06-08 17:51:03 ort/utils.py:69 [CLIENT] Observation Sent 2097152/4609013 bytes with state 1
DEBUG 2026-06-08 17:51:03 ort/utils.py:69 [CLIENT] Observation Sent 4194304/4609013 bytes with state 2
DEBUG 2026-06-08 17:51:03 ort/utils.py:69 [CLIENT] Observation Sent 4609013/4609013 bytes with state 3
DEBUG 2026-06-08 17:51:03 ort/utils.py:71 [CLIENT] Observation Published 4.3954973220825195 MB
DEBUG 2026-06-08 17:51:03 t_client.py:209 Sent observation #200 | 
DEBUG 2026-06-08 17:51:03 t_client.py:434 QUEUE SIZE: 8 (Must go: False)
DEBUG 2026-06-08 17:51:03 t_client.py:477 Control loop (ms): 126.43
DEBUG 2026-06-08 17:51:03 follower.py:184 follower_right SOFollower read state: 1.7ms
DEBUG 2026-06-08 17:51:03 follower.py:191 follower_right SOFollower read wrist: 0.0ms
DEBUG 2026-06-08 17:51:03 follower.py:184 follower_left SOFollower read state: 1.7ms
DEBUG 2026-06-08 17:51:03 follower.py:191 follower_left SOFollower read wrist: 0.0ms
DEBUG 2026-06-08 17:51:03 t_client.py:198 Observation serialization time: 0.006913s
DEBUG 2026-06-08 17:51:03 ort/utils.py:54 [CLIENT] Observation Buffer size 4.3954973220825195 MB with
DEBUG 2026-06-08 17:51:03 ort/utils.py:69 [CLIENT] Observation Sent 2097152/4609013 bytes with state 1
DEBUG 2026-06-08 17:51:03 ort/utils.py:69 [CLIENT] Observation Sent 4194304/4609013 bytes with state 2
DEBUG 2026-06-08 17:51:03 ort/utils.py:69 [CLIENT] Observation Sent 4609013/4609013 bytes with state 3
DEBUG 2026-06-08 17:51:03 ort/utils.py:71 [CLIENT] Observation Published 4.3954973220825195 MB
DEBUG 2026-06-08 17:51:03 t_client.py:209 Sent observation #201 | 
DEBUG 2026-06-08 17:51:03 t_client.py:434 QUEUE SIZE: 7 (Must go: False)
DEBUG 2026-06-08 17:51:03 t_client.py:477 Control loop (ms): 136.93
DEBUG 2026-06-08 17:51:03 t_client.py:292 Received actions on device: cpu
DEBUG 2026-06-08 17:51:03 t_client.py:302 Actions kept on device: cpu
DEBUG 2026-06-08 17:51:03 follower.py:184 follower_right SOFollower read state: 1.6ms
DEBUG 2026-06-08 17:51:03 follower.py:191 follower_right SOFollower read wrist: 0.0ms
DEBUG 2026-06-08 17:51:03 follower.py:184 follower_left SOFollower read state: 1.6ms
DEBUG 2026-06-08 17:51:03 follower.py:191 follower_left SOFollower read wrist: 0.0ms
DEBUG 2026-06-08 17:51:03 t_client.py:198 Observation serialization time: 0.009321s
DEBUG 2026-06-08 17:51:03 ort/utils.py:54 [CLIENT] Observation Buffer size 4.3954973220825195 MB with
DEBUG 2026-06-08 17:51:03 ort/utils.py:69 [CLIENT] Observation Sent 2097152/4609013 bytes with state 1
DEBUG 2026-06-08 17:51:03 ort/utils.py:69 [CLIENT] Observation Sent 4194304/4609013 bytes with state 2
DEBUG 2026-06-08 17:51:03 ort/utils.py:69 [CLIENT] Observation Sent 4609013/4609013 bytes with state 3
DEBUG 2026-06-08 17:51:03 ort/utils.py:71 [CLIENT] Observation Published 4.3954973220825195 MB
DEBUG 2026-06-08 17:51:03 t_client.py:292 Received actions on device: cpu
DEBUG 2026-06-08 17:51:03 t_client.py:302 Actions kept on device: cpu
DEBUG 2026-06-08 17:51:03 t_client.py:209 Sent observation #202 | 
DEBUG 2026-06-08 17:51:03 t_client.py:434 QUEUE SIZE: 14 (Must go: False)
DEBUG 2026-06-08 17:51:03 t_client.py:477 Control loop (ms): 160.64
DEBUG 2026-06-08 17:51:03 t_client.py:477 Control loop (ms): 2.30
DEBUG 2026-06-08 17:51:03 t_client.py:477 Control loop (ms): 2.26
DEBUG 2026-06-08 17:51:03 t_client.py:477 Control loop (ms): 7.08
DEBUG 2026-06-08 17:51:03 t_client.py:292 Received actions on device: cpu
DEBUG 2026-06-08 17:51:03 t_client.py:302 Actions kept on device: cpu
DEBUG 2026-06-08 17:51:03 t_client.py:477 Control loop (ms): 2.07
DEBUG 2026-06-08 17:51:03 t_client.py:477 Control loop (ms): 1.88
DEBUG 2026-06-08 17:51:03 t_client.py:477 Control loop (ms): 2.04
DEBUG 2026-06-08 17:51:03 follower.py:184 follower_right SOFollower read state: 2.3ms
DEBUG 2026-06-08 17:51:03 follower.py:191 follower_right SOFollower read wrist: 0.1ms
DEBUG 2026-06-08 17:51:03 follower.py:184 follower_left SOFollower read state: 1.9ms
DEBUG 2026-06-08 17:51:03 follower.py:191 follower_left SOFollower read wrist: 0.0ms
DEBUG 2026-06-08 17:51:03 t_client.py:198 Observation serialization time: 0.011679s
DEBUG 2026-06-08 17:51:03 ort/utils.py:54 [CLIENT] Observation Buffer size 4.3954973220825195 MB with
DEBUG 2026-06-08 17:51:03 ort/utils.py:69 [CLIENT] Observation Sent 2097152/4609013 bytes with state 1
DEBUG 2026-06-08 17:51:03 ort/utils.py:69 [CLIENT] Observation Sent 4194304/4609013 bytes with state 2
DEBUG 2026-06-08 17:51:03 ort/utils.py:69 [CLIENT] Observation Sent 4609013/4609013 bytes with state 3
DEBUG 2026-06-08 17:51:03 ort/utils.py:71 [CLIENT] Observation Published 4.3954973220825195 MB
DEBUG 2026-06-08 17:51:03 t_client.py:209 Sent observation #209 | 
DEBUG 2026-06-08 17:51:03 t_client.py:434 QUEUE SIZE: 8 (Must go: False)
DEBUG 2026-06-08 17:51:03 t_client.py:477 Control loop (ms): 132.05
DEBUG 2026-06-08 17:51:03 follower.py:184 follower_right SOFollower read state: 1.9ms
DEBUG 2026-06-08 17:51:03 follower.py:191 follower_right SOFollower read wrist: 0.0ms
DEBUG 2026-06-08 17:51:03 follower.py:184 follower_left SOFollower read state: 1.8ms
DEBUG 2026-06-08 17:51:03 follower.py:191 follower_left SOFollower read wrist: 0.0ms
DEBUG 2026-06-08 17:51:03 t_client.py:198 Observation serialization time: 0.009556s
DEBUG 2026-06-08 17:51:03 ort/utils.py:54 [CLIENT] Observation Buffer size 4.3954973220825195 MB with
DEBUG 2026-06-08 17:51:03 ort/utils.py:69 [CLIENT] Observation Sent 2097152/4609013 bytes with state 1
DEBUG 2026-06-08 17:51:03 ort/utils.py:69 [CLIENT] Observation Sent 4194304/4609013 bytes with state 2
DEBUG 2026-06-08 17:51:03 ort/utils.py:69 [CLIENT] Observation Sent 4609013/4609013 bytes with state 3
DEBUG 2026-06-08 17:51:03 ort/utils.py:71 [CLIENT] Observation Published 4.3954973220825195 MB
DEBUG 2026-06-08 17:51:03 t_client.py:292 Received actions on device: cpu
DEBUG 2026-06-08 17:51:03 t_client.py:302 Actions kept on device: cpu
DEBUG 2026-06-08 17:51:03 t_client.py:209 Sent observation #210 | 
DEBUG 2026-06-08 17:51:03 t_client.py:434 QUEUE SIZE: 7 (Must go: False)
DEBUG 2026-06-08 17:51:03 t_client.py:477 Control loop (ms): 114.48
DEBUG 2026-06-08 17:51:03 t_client.py:477 Control loop (ms): 1.88
DEBUG 2026-06-08 17:51:03 t_client.py:477 Control loop (ms): 1.35
DEBUG 2026-06-08 17:51:03 t_client.py:477 Control loop (ms): 2.03
DEBUG 2026-06-08 17:51:04 t_client.py:292 Received actions on device: cpu
DEBUG 2026-06-08 17:51:04 t_client.py:302 Actions kept on device: cpu
DEBUG 2026-06-08 17:51:04 t_client.py:477 Control loop (ms): 1.35
DEBUG 2026-06-08 17:51:04 t_client.py:477 Control loop (ms): 1.80
DEBUG 2026-06-08 17:51:04 t_client.py:477 Control loop (ms): 2.04
DEBUG 2026-06-08 17:51:04 follower.py:184 follower_right SOFollower read state: 2.3ms
DEBUG 2026-06-08 17:51:04 follower.py:191 follower_right SOFollower read wrist: 0.1ms
DEBUG 2026-06-08 17:51:04 follower.py:184 follower_left SOFollower read state: 2.8ms
DEBUG 2026-06-08 17:51:04 follower.py:191 follower_left SOFollower read wrist: 0.1ms
DEBUG 2026-06-08 17:51:04 t_client.py:198 Observation serialization time: 0.005232s
DEBUG 2026-06-08 17:51:04 ort/utils.py:54 [CLIENT] Observation Buffer size 4.3954973220825195 MB with
DEBUG 2026-06-08 17:51:04 ort/utils.py:69 [CLIENT] Observation Sent 2097152/4609013 bytes with state 1
DEBUG 2026-06-08 17:51:04 ort/utils.py:69 [CLIENT] Observation Sent 4194304/4609013 bytes with state 2
DEBUG 2026-06-08 17:51:04 ort/utils.py:69 [CLIENT] Observation Sent 4609013/4609013 bytes with state 3
DEBUG 2026-06-08 17:51:04 ort/utils.py:71 [CLIENT] Observation Published 4.3954973220825195 MB
DEBUG 2026-06-08 17:51:04 t_client.py:209 Sent observation #217 | 
DEBUG 2026-06-08 17:51:04 t_client.py:434 QUEUE SIZE: 8 (Must go: False)
DEBUG 2026-06-08 17:51:04 t_client.py:477 Control loop (ms): 110.88
DEBUG 2026-06-08 17:51:04 follower.py:184 follower_right SOFollower read state: 2.0ms
DEBUG 2026-06-08 17:51:04 follower.py:191 follower_right SOFollower read wrist: 0.0ms
DEBUG 2026-06-08 17:51:04 follower.py:184 follower_left SOFollower read state: 1.8ms
DEBUG 2026-06-08 17:51:04 follower.py:191 follower_left SOFollower read wrist: 0.0ms
DEBUG 2026-06-08 17:51:04 t_client.py:198 Observation serialization time: 0.005512s
DEBUG 2026-06-08 17:51:04 ort/utils.py:54 [CLIENT] Observation Buffer size 4.3954973220825195 MB with
DEBUG 2026-06-08 17:51:04 ort/utils.py:69 [CLIENT] Observation Sent 2097152/4609013 bytes with state 1
DEBUG 2026-06-08 17:51:04 ort/utils.py:69 [CLIENT] Observation Sent 4194304/4609013 bytes with state 2
DEBUG 2026-06-08 17:51:04 ort/utils.py:69 [CLIENT] Observation Sent 4609013/4609013 bytes with state 3
DEBUG 2026-06-08 17:51:04 ort/utils.py:71 [CLIENT] Observation Published 4.3954973220825195 MB
DEBUG 2026-06-08 17:51:04 t_client.py:209 Sent observation #218 | 
DEBUG 2026-06-08 17:51:04 t_client.py:434 QUEUE SIZE: 7 (Must go: False)
DEBUG 2026-06-08 17:51:04 t_client.py:477 Control loop (ms): 118.78
DEBUG 2026-06-08 17:51:04 t_client.py:292 Received actions on device: cpu
DEBUG 2026-06-08 17:51:04 t_client.py:302 Actions kept on device: cpu
DEBUG 2026-06-08 17:51:04 follower.py:184 follower_right SOFollower read state: 2.0ms
DEBUG 2026-06-08 17:51:04 follower.py:191 follower_right SOFollower read wrist: 0.0ms
DEBUG 2026-06-08 17:51:04 follower.py:184 follower_left SOFollower read state: 1.7ms
DEBUG 2026-06-08 17:51:04 follower.py:191 follower_left SOFollower read wrist: 0.0ms
DEBUG 2026-06-08 17:51:04 t_client.py:198 Observation serialization time: 0.006476s
DEBUG 2026-06-08 17:51:04 ort/utils.py:54 [CLIENT] Observation Buffer size 4.3954973220825195 MB with
DEBUG 2026-06-08 17:51:04 ort/utils.py:69 [CLIENT] Observation Sent 2097152/4609013 bytes with state 1
DEBUG 2026-06-08 17:51:04 ort/utils.py:69 [CLIENT] Observation Sent 4194304/4609013 bytes with state 2
DEBUG 2026-06-08 17:51:04 ort/utils.py:69 [CLIENT] Observation Sent 4609013/4609013 bytes with state 3
DEBUG 2026-06-08 17:51:04 ort/utils.py:71 [CLIENT] Observation Published 4.3954973220825195 MB
DEBUG 2026-06-08 17:51:04 t_client.py:292 Received actions on device: cpu
DEBUG 2026-06-08 17:51:04 t_client.py:302 Actions kept on device: cpu
DEBUG 2026-06-08 17:51:04 t_client.py:209 Sent observation #219 | 
DEBUG 2026-06-08 17:51:04 t_client.py:434 QUEUE SIZE: 14 (Must go: False)
DEBUG 2026-06-08 17:51:04 t_client.py:477 Control loop (ms): 179.70
DEBUG 2026-06-08 17:51:04 t_client.py:477 Control loop (ms): 2.59
DEBUG 2026-06-08 17:51:04 t_client.py:477 Control loop (ms): 2.79
DEBUG 2026-06-08 17:51:04 t_client.py:477 Control loop (ms): 2.58
DEBUG 2026-06-08 17:51:04 t_client.py:292 Received actions on device: cpu
DEBUG 2026-06-08 17:51:04 t_client.py:302 Actions kept on device: cpu
DEBUG 2026-06-08 17:51:04 t_client.py:477 Control loop (ms): 2.83
DEBUG 2026-06-08 17:51:04 t_client.py:477 Control loop (ms): 1.94
DEBUG 2026-06-08 17:51:04 t_client.py:477 Control loop (ms): 1.86
DEBUG 2026-06-08 17:51:04 follower.py:184 follower_right SOFollower read state: 2.3ms
DEBUG 2026-06-08 17:51:04 follower.py:191 follower_right SOFollower read wrist: 0.0ms
DEBUG 2026-06-08 17:51:04 follower.py:184 follower_left SOFollower read state: 2.4ms
DEBUG 2026-06-08 17:51:04 follower.py:191 follower_left SOFollower read wrist: 0.0ms
DEBUG 2026-06-08 17:51:04 t_client.py:198 Observation serialization time: 0.008240s
DEBUG 2026-06-08 17:51:04 ort/utils.py:54 [CLIENT] Observation Buffer size 4.3954973220825195 MB with
DEBUG 2026-06-08 17:51:04 ort/utils.py:69 [CLIENT] Observation Sent 2097152/4609013 bytes with state 1
DEBUG 2026-06-08 17:51:04 ort/utils.py:69 [CLIENT] Observation Sent 4194304/4609013 bytes with state 2
DEBUG 2026-06-08 17:51:04 ort/utils.py:69 [CLIENT] Observation Sent 4609013/4609013 bytes with state 3
DEBUG 2026-06-08 17:51:04 ort/utils.py:71 [CLIENT] Observation Published 4.3954973220825195 MB
DEBUG 2026-06-08 17:51:04 t_client.py:209 Sent observation #226 | 
DEBUG 2026-06-08 17:51:04 t_client.py:434 QUEUE SIZE: 8 (Must go: False)
DEBUG 2026-06-08 17:51:04 t_client.py:477 Control loop (ms): 124.56
DEBUG 2026-06-08 17:51:04 follower.py:184 follower_right SOFollower read state: 2.8ms
DEBUG 2026-06-08 17:51:04 follower.py:191 follower_right SOFollower read wrist: 0.1ms
DEBUG 2026-06-08 17:51:04 follower.py:184 follower_left SOFollower read state: 2.2ms
DEBUG 2026-06-08 17:51:04 follower.py:191 follower_left SOFollower read wrist: 0.0ms
DEBUG 2026-06-08 17:51:04 t_client.py:198 Observation serialization time: 0.013302s
DEBUG 2026-06-08 17:51:04 ort/utils.py:54 [CLIENT] Observation Buffer size 4.3954973220825195 MB with
DEBUG 2026-06-08 17:51:04 ort/utils.py:69 [CLIENT] Observation Sent 2097152/4609013 bytes with state 1
DEBUG 2026-06-08 17:51:05 ort/utils.py:69 [CLIENT] Observation Sent 4194304/4609013 bytes with state 2
DEBUG 2026-06-08 17:51:05 ort/utils.py:69 [CLIENT] Observation Sent 4609013/4609013 bytes with state 3
DEBUG 2026-06-08 17:51:05 ort/utils.py:71 [CLIENT] Observation Published 4.3954973220825195 MB
DEBUG 2026-06-08 17:51:05 t_client.py:292 Received actions on device: cpu
DEBUG 2026-06-08 17:51:05 t_client.py:302 Actions kept on device: cpu
DEBUG 2026-06-08 17:51:05 t_client.py:209 Sent observation #227 | 
DEBUG 2026-06-08 17:51:05 t_client.py:434 QUEUE SIZE: 7 (Must go: False)
DEBUG 2026-06-08 17:51:05 t_client.py:477 Control loop (ms): 215.41
DEBUG 2026-06-08 17:51:05 t_client.py:477 Control loop (ms): 1.54
DEBUG 2026-06-08 17:51:05 t_client.py:477 Control loop (ms): 2.34
DEBUG 2026-06-08 17:51:05 t_client.py:292 Received actions on device: cpu
DEBUG 2026-06-08 17:51:05 t_client.py:302 Actions kept on device: cpu
DEBUG 2026-06-08 17:51:05 t_client.py:477 Control loop (ms): 1.69
DEBUG 2026-06-08 17:51:05 t_client.py:477 Control loop (ms): 1.50
DEBUG 2026-06-08 17:51:05 t_client.py:477 Control loop (ms): 1.66
DEBUG 2026-06-08 17:51:05 t_client.py:477 Control loop (ms): 1.79
DEBUG 2026-06-08 17:51:05 follower.py:184 follower_right SOFollower read state: 2.0ms
DEBUG 2026-06-08 17:51:05 follower.py:191 follower_right SOFollower read wrist: 0.0ms
DEBUG 2026-06-08 17:51:05 follower.py:184 follower_left SOFollower read state: 1.9ms
DEBUG 2026-06-08 17:51:05 follower.py:191 follower_left SOFollower read wrist: 0.0ms
DEBUG 2026-06-08 17:51:05 t_client.py:198 Observation serialization time: 0.010342s
DEBUG 2026-06-08 17:51:05 ort/utils.py:54 [CLIENT] Observation Buffer size 4.3954973220825195 MB with
DEBUG 2026-06-08 17:51:05 ort/utils.py:69 [CLIENT] Observation Sent 2097152/4609013 bytes with state 1
DEBUG 2026-06-08 17:51:05 ort/utils.py:69 [CLIENT] Observation Sent 4194304/4609013 bytes with state 2
DEBUG 2026-06-08 17:51:05 ort/utils.py:69 [CLIENT] Observation Sent 4609013/4609013 bytes with state 3
DEBUG 2026-06-08 17:51:05 ort/utils.py:71 [CLIENT] Observation Published 4.3954973220825195 MB
DEBUG 2026-06-08 17:51:05 t_client.py:209 Sent observation #234 | 
DEBUG 2026-06-08 17:51:05 t_client.py:434 QUEUE SIZE: 8 (Must go: False)
DEBUG 2026-06-08 17:51:05 t_client.py:477 Control loop (ms): 132.27
DEBUG 2026-06-08 17:51:05 follower.py:184 follower_right SOFollower read state: 1.4ms
DEBUG 2026-06-08 17:51:05 follower.py:191 follower_right SOFollower read wrist: 0.0ms
DEBUG 2026-06-08 17:51:05 follower.py:184 follower_left SOFollower read state: 1.3ms
DEBUG 2026-06-08 17:51:05 follower.py:191 follower_left SOFollower read wrist: 0.0ms
DEBUG 2026-06-08 17:51:05 t_client.py:198 Observation serialization time: 0.003774s
DEBUG 2026-06-08 17:51:05 ort/utils.py:54 [CLIENT] Observation Buffer size 4.3954973220825195 MB with
DEBUG 2026-06-08 17:51:05 ort/utils.py:69 [CLIENT] Observation Sent 2097152/4609013 bytes with state 1
DEBUG 2026-06-08 17:51:05 ort/utils.py:69 [CLIENT] Observation Sent 4194304/4609013 bytes with state 2
DEBUG 2026-06-08 17:51:05 ort/utils.py:69 [CLIENT] Observation Sent 4609013/4609013 bytes with state 3
DEBUG 2026-06-08 17:51:05 ort/utils.py:71 [CLIENT] Observation Published 4.3954973220825195 MB
DEBUG 2026-06-08 17:51:05 t_client.py:292 Received actions on device: cpu
DEBUG 2026-06-08 17:51:05 t_client.py:302 Actions kept on device: cpu
DEBUG 2026-06-08 17:51:05 t_client.py:209 Sent observation #235 | 
DEBUG 2026-06-08 17:51:05 t_client.py:434 QUEUE SIZE: 7 (Must go: False)
DEBUG 2026-06-08 17:51:05 t_client.py:477 Control loop (ms): 148.15
DEBUG 2026-06-08 17:51:05 t_client.py:477 Control loop (ms): 1.84
DEBUG 2026-06-08 17:51:05 t_client.py:477 Control loop (ms): 1.33
DEBUG 2026-06-08 17:51:05 t_client.py:477 Control loop (ms): 1.58
DEBUG 2026-06-08 17:51:05 t_client.py:292 Received actions on device: cpu
DEBUG 2026-06-08 17:51:05 t_client.py:302 Actions kept on device: cpu
DEBUG 2026-06-08 17:51:05 t_client.py:477 Control loop (ms): 0.94
DEBUG 2026-06-08 17:51:05 t_client.py:477 Control loop (ms): 1.17
DEBUG 2026-06-08 17:51:05 t_client.py:477 Control loop (ms): 1.51
DEBUG 2026-06-08 17:51:05 follower.py:184 follower_right SOFollower read state: 1.5ms
DEBUG 2026-06-08 17:51:05 follower.py:191 follower_right SOFollower read wrist: 0.0ms
DEBUG 2026-06-08 17:51:05 follower.py:184 follower_left SOFollower read state: 1.6ms
DEBUG 2026-06-08 17:51:05 follower.py:191 follower_left SOFollower read wrist: 0.0ms
DEBUG 2026-06-08 17:51:05 t_client.py:198 Observation serialization time: 0.005578s
DEBUG 2026-06-08 17:51:05 ort/utils.py:54 [CLIENT] Observation Buffer size 4.3954973220825195 MB with
DEBUG 2026-06-08 17:51:05 ort/utils.py:69 [CLIENT] Observation Sent 2097152/4609013 bytes with state 1
DEBUG 2026-06-08 17:51:05 ort/utils.py:69 [CLIENT] Observation Sent 4194304/4609013 bytes with state 2
DEBUG 2026-06-08 17:51:05 ort/utils.py:69 [CLIENT] Observation Sent 4609013/4609013 bytes with state 3
DEBUG 2026-06-08 17:51:05 ort/utils.py:71 [CLIENT] Observation Published 4.3954973220825195 MB
DEBUG 2026-06-08 17:51:05 t_client.py:209 Sent observation #242 | 
DEBUG 2026-06-08 17:51:05 t_client.py:434 QUEUE SIZE: 8 (Must go: False)
DEBUG 2026-06-08 17:51:05 t_client.py:477 Control loop (ms): 165.73
DEBUG 2026-06-08 17:51:05 follower.py:184 follower_right SOFollower read state: 1.9ms
DEBUG 2026-06-08 17:51:05 follower.py:191 follower_right SOFollower read wrist: 0.0ms
DEBUG 2026-06-08 17:51:05 follower.py:184 follower_left SOFollower read state: 1.9ms
DEBUG 2026-06-08 17:51:05 follower.py:191 follower_left SOFollower read wrist: 0.0ms
DEBUG 2026-06-08 17:51:05 t_client.py:198 Observation serialization time: 0.005611s
DEBUG 2026-06-08 17:51:05 ort/utils.py:54 [CLIENT] Observation Buffer size 4.3954973220825195 MB with
DEBUG 2026-06-08 17:51:05 ort/utils.py:69 [CLIENT] Observation Sent 2097152/4609013 bytes with state 1
DEBUG 2026-06-08 17:51:06 ort/utils.py:69 [CLIENT] Observation Sent 4194304/4609013 bytes with state 2
DEBUG 2026-06-08 17:51:06 ort/utils.py:69 [CLIENT] Observation Sent 4609013/4609013 bytes with state 3
DEBUG 2026-06-08 17:51:06 ort/utils.py:71 [CLIENT] Observation Published 4.3954973220825195 MB
DEBUG 2026-06-08 17:51:06 t_client.py:292 Received actions on device: cpu
DEBUG 2026-06-08 17:51:06 t_client.py:302 Actions kept on device: cpu
DEBUG 2026-06-08 17:51:06 t_client.py:209 Sent observation #243 | 
DEBUG 2026-06-08 17:51:06 t_client.py:434 QUEUE SIZE: 7 (Must go: False)
DEBUG 2026-06-08 17:51:06 t_client.py:477 Control loop (ms): 151.41
DEBUG 2026-06-08 17:51:06 t_client.py:477 Control loop (ms): 2.47
DEBUG 2026-06-08 17:51:06 t_client.py:477 Control loop (ms): 2.30
DEBUG 2026-06-08 17:51:06 t_client.py:477 Control loop (ms): 2.11
DEBUG 2026-06-08 17:51:06 t_client.py:292 Received actions on device: cpu
DEBUG 2026-06-08 17:51:06 t_client.py:302 Actions kept on device: cpu
DEBUG 2026-06-08 17:51:06 t_client.py:477 Control loop (ms): 1.19
DEBUG 2026-06-08 17:51:06 t_client.py:477 Control loop (ms): 1.70
DEBUG 2026-06-08 17:51:06 t_client.py:477 Control loop (ms): 2.07
DEBUG 2026-06-08 17:51:06 follower.py:184 follower_right SOFollower read state: 3.0ms
DEBUG 2026-06-08 17:51:06 follower.py:191 follower_right SOFollower read wrist: 0.1ms
DEBUG 2026-06-08 17:51:06 follower.py:184 follower_left SOFollower read state: 2.8ms
DEBUG 2026-06-08 17:51:06 follower.py:191 follower_left SOFollower read wrist: 0.1ms
DEBUG 2026-06-08 17:51:06 t_client.py:198 Observation serialization time: 0.010619s
DEBUG 2026-06-08 17:51:06 ort/utils.py:54 [CLIENT] Observation Buffer size 4.3954973220825195 MB with
DEBUG 2026-06-08 17:51:06 ort/utils.py:69 [CLIENT] Observation Sent 2097152/4609013 bytes with state 1
DEBUG 2026-06-08 17:51:06 ort/utils.py:69 [CLIENT] Observation Sent 4194304/4609013 bytes with state 2
DEBUG 2026-06-08 17:51:06 ort/utils.py:69 [CLIENT] Observation Sent 4609013/4609013 bytes with state 3
DEBUG 2026-06-08 17:51:06 ort/utils.py:71 [CLIENT] Observation Published 4.3954973220825195 MB
DEBUG 2026-06-08 17:51:06 t_client.py:209 Sent observation #250 | 
DEBUG 2026-06-08 17:51:06 t_client.py:434 QUEUE SIZE: 8 (Must go: False)
DEBUG 2026-06-08 17:51:06 t_client.py:477 Control loop (ms): 133.78
DEBUG 2026-06-08 17:51:06 follower.py:184 follower_right SOFollower read state: 1.8ms
DEBUG 2026-06-08 17:51:06 follower.py:191 follower_right SOFollower read wrist: 0.0ms
DEBUG 2026-06-08 17:51:06 follower.py:184 follower_left SOFollower read state: 2.0ms
DEBUG 2026-06-08 17:51:06 follower.py:191 follower_left SOFollower read wrist: 0.0ms
DEBUG 2026-06-08 17:51:06 t_client.py:198 Observation serialization time: 0.004672s
DEBUG 2026-06-08 17:51:06 ort/utils.py:54 [CLIENT] Observation Buffer size 4.3954973220825195 MB with
DEBUG 2026-06-08 17:51:06 ort/utils.py:69 [CLIENT] Observation Sent 2097152/4609013 bytes with state 1
DEBUG 2026-06-08 17:51:06 ort/utils.py:69 [CLIENT] Observation Sent 4194304/4609013 bytes with state 2
DEBUG 2026-06-08 17:51:06 ort/utils.py:69 [CLIENT] Observation Sent 4609013/4609013 bytes with state 3
DEBUG 2026-06-08 17:51:06 ort/utils.py:71 [CLIENT] Observation Published 4.3954973220825195 MB
DEBUG 2026-06-08 17:51:06 t_client.py:292 Received actions on device: cpu
DEBUG 2026-06-08 17:51:06 t_client.py:302 Actions kept on device: cpu
DEBUG 2026-06-08 17:51:06 t_client.py:209 Sent observation #251 | 
DEBUG 2026-06-08 17:51:06 t_client.py:434 QUEUE SIZE: 7 (Must go: False)
DEBUG 2026-06-08 17:51:06 t_client.py:477 Control loop (ms): 125.41
DEBUG 2026-06-08 17:51:06 t_client.py:477 Control loop (ms): 1.82
DEBUG 2026-06-08 17:51:06 t_client.py:477 Control loop (ms): 1.41
DEBUG 2026-06-08 17:51:06 t_client.py:477 Control loop (ms): 1.40
DEBUG 2026-06-08 17:51:06 t_client.py:292 Received actions on device: cpu
DEBUG 2026-06-08 17:51:06 t_client.py:302 Actions kept on device: cpu
DEBUG 2026-06-08 17:51:06 t_client.py:477 Control loop (ms): 1.09
DEBUG 2026-06-08 17:51:06 t_client.py:477 Control loop (ms): 1.19
DEBUG 2026-06-08 17:51:06 t_client.py:477 Control loop (ms): 1.21
DEBUG 2026-06-08 17:51:06 follower.py:184 follower_right SOFollower read state: 2.0ms
DEBUG 2026-06-08 17:51:06 follower.py:191 follower_right SOFollower read wrist: 0.0ms
DEBUG 2026-06-08 17:51:06 follower.py:184 follower_left SOFollower read state: 1.9ms
DEBUG 2026-06-08 17:51:06 follower.py:191 follower_left SOFollower read wrist: 0.0ms
DEBUG 2026-06-08 17:51:06 t_client.py:198 Observation serialization time: 0.010232s
DEBUG 2026-06-08 17:51:06 ort/utils.py:54 [CLIENT] Observation Buffer size 4.395498275756836 MB with
DEBUG 2026-06-08 17:51:06 ort/utils.py:69 [CLIENT] Observation Sent 2097152/4609014 bytes with state 1
DEBUG 2026-06-08 17:51:06 ort/utils.py:69 [CLIENT] Observation Sent 4194304/4609014 bytes with state 2
DEBUG 2026-06-08 17:51:06 ort/utils.py:69 [CLIENT] Observation Sent 4609014/4609014 bytes with state 3
DEBUG 2026-06-08 17:51:06 ort/utils.py:71 [CLIENT] Observation Published 4.395498275756836 MB
DEBUG 2026-06-08 17:51:06 t_client.py:209 Sent observation #258 | 
DEBUG 2026-06-08 17:51:06 t_client.py:434 QUEUE SIZE: 8 (Must go: False)
DEBUG 2026-06-08 17:51:06 t_client.py:477 Control loop (ms): 161.32
DEBUG 2026-06-08 17:51:06 follower.py:184 follower_right SOFollower read state: 2.3ms
DEBUG 2026-06-08 17:51:06 follower.py:191 follower_right SOFollower read wrist: 0.0ms
DEBUG 2026-06-08 17:51:06 follower.py:184 follower_left SOFollower read state: 2.0ms
DEBUG 2026-06-08 17:51:06 follower.py:191 follower_left SOFollower read wrist: 0.0ms
DEBUG 2026-06-08 17:51:06 t_client.py:198 Observation serialization time: 0.008981s
DEBUG 2026-06-08 17:51:06 ort/utils.py:54 [CLIENT] Observation Buffer size 4.395498275756836 MB with
DEBUG 2026-06-08 17:51:06 ort/utils.py:69 [CLIENT] Observation Sent 2097152/4609014 bytes with state 1
DEBUG 2026-06-08 17:51:06 ort/utils.py:69 [CLIENT] Observation Sent 4194304/4609014 bytes with state 2
DEBUG 2026-06-08 17:51:07 t_client.py:292 Received actions on device: cpu
DEBUG 2026-06-08 17:51:07 ort/utils.py:69 [CLIENT] Observation Sent 4609014/4609014 bytes with state 3
DEBUG 2026-06-08 17:51:07 t_client.py:302 Actions kept on device: cpu
DEBUG 2026-06-08 17:51:07 ort/utils.py:71 [CLIENT] Observation Published 4.395498275756836 MB
DEBUG 2026-06-08 17:51:07 t_client.py:209 Sent observation #259 | 
DEBUG 2026-06-08 17:51:07 t_client.py:434 QUEUE SIZE: 7 (Must go: False)
DEBUG 2026-06-08 17:51:07 t_client.py:477 Control loop (ms): 120.28
DEBUG 2026-06-08 17:51:07 t_client.py:477 Control loop (ms): 2.08
DEBUG 2026-06-08 17:51:07 t_client.py:477 Control loop (ms): 2.38
DEBUG 2026-06-08 17:51:07 t_client.py:477 Control loop (ms): 2.69
DEBUG 2026-06-08 17:51:07 t_client.py:292 Received actions on device: cpu
DEBUG 2026-06-08 17:51:07 t_client.py:302 Actions kept on device: cpu
DEBUG 2026-06-08 17:51:07 t_client.py:477 Control loop (ms): 2.89
DEBUG 2026-06-08 17:51:07 t_client.py:477 Control loop (ms): 2.65
DEBUG 2026-06-08 17:51:07 t_client.py:477 Control loop (ms): 2.14
DEBUG 2026-06-08 17:51:07 follower.py:184 follower_right SOFollower read state: 2.4ms
DEBUG 2026-06-08 17:51:07 follower.py:191 follower_right SOFollower read wrist: 0.1ms
DEBUG 2026-06-08 17:51:07 follower.py:184 follower_left SOFollower read state: 2.0ms
DEBUG 2026-06-08 17:51:07 follower.py:191 follower_left SOFollower read wrist: 0.0ms
DEBUG 2026-06-08 17:51:07 t_client.py:198 Observation serialization time: 0.011239s
DEBUG 2026-06-08 17:51:07 ort/utils.py:54 [CLIENT] Observation Buffer size 4.395498275756836 MB with
DEBUG 2026-06-08 17:51:07 ort/utils.py:69 [CLIENT] Observation Sent 2097152/4609014 bytes with state 1
DEBUG 2026-06-08 17:51:07 ort/utils.py:69 [CLIENT] Observation Sent 4194304/4609014 bytes with state 2
DEBUG 2026-06-08 17:51:07 ort/utils.py:69 [CLIENT] Observation Sent 4609014/4609014 bytes with state 3
DEBUG 2026-06-08 17:51:07 ort/utils.py:71 [CLIENT] Observation Published 4.395498275756836 MB
DEBUG 2026-06-08 17:51:07 t_client.py:209 Sent observation #266 | 
DEBUG 2026-06-08 17:51:07 t_client.py:434 QUEUE SIZE: 8 (Must go: False)
DEBUG 2026-06-08 17:51:07 t_client.py:477 Control loop (ms): 135.79
DEBUG 2026-06-08 17:51:07 follower.py:184 follower_right SOFollower read state: 2.4ms
DEBUG 2026-06-08 17:51:07 follower.py:191 follower_right SOFollower read wrist: 0.0ms
DEBUG 2026-06-08 17:51:07 follower.py:184 follower_left SOFollower read state: 1.7ms
DEBUG 2026-06-08 17:51:07 follower.py:191 follower_left SOFollower read wrist: 0.0ms
DEBUG 2026-06-08 17:51:07 t_client.py:198 Observation serialization time: 0.008050s
DEBUG 2026-06-08 17:51:07 ort/utils.py:54 [CLIENT] Observation Buffer size 4.395498275756836 MB with
DEBUG 2026-06-08 17:51:07 ort/utils.py:69 [CLIENT] Observation Sent 2097152/4609014 bytes with state 1
DEBUG 2026-06-08 17:51:07 ort/utils.py:69 [CLIENT] Observation Sent 4194304/4609014 bytes with state 2
DEBUG 2026-06-08 17:51:07 ort/utils.py:69 [CLIENT] Observation Sent 4609014/4609014 bytes with state 3
DEBUG 2026-06-08 17:51:07 ort/utils.py:71 [CLIENT] Observation Published 4.395498275756836 MB
DEBUG 2026-06-08 17:51:07 t_client.py:292 Received actions on device: cpu
DEBUG 2026-06-08 17:51:07 t_client.py:302 Actions kept on device: cpu
DEBUG 2026-06-08 17:51:07 t_client.py:209 Sent observation #267 | 
DEBUG 2026-06-08 17:51:07 t_client.py:434 QUEUE SIZE: 7 (Must go: False)
DEBUG 2026-06-08 17:51:07 t_client.py:477 Control loop (ms): 125.41
DEBUG 2026-06-08 17:51:07 t_client.py:477 Control loop (ms): 2.08
DEBUG 2026-06-08 17:51:07 t_client.py:477 Control loop (ms): 1.66
DEBUG 2026-06-08 17:51:07 t_client.py:477 Control loop (ms): 2.21
DEBUG 2026-06-08 17:51:07 t_client.py:292 Received actions on device: cpu
DEBUG 2026-06-08 17:51:07 t_client.py:302 Actions kept on device: cpu
DEBUG 2026-06-08 17:51:07 t_client.py:477 Control loop (ms): 2.45
DEBUG 2026-06-08 17:51:07 t_client.py:477 Control loop (ms): 1.83
DEBUG 2026-06-08 17:51:07 t_client.py:477 Control loop (ms): 1.78
DEBUG 2026-06-08 17:51:07 follower.py:184 follower_right SOFollower read state: 2.1ms
DEBUG 2026-06-08 17:51:07 follower.py:191 follower_right SOFollower read wrist: 0.0ms
DEBUG 2026-06-08 17:51:07 follower.py:184 follower_left SOFollower read state: 1.9ms
DEBUG 2026-06-08 17:51:07 follower.py:191 follower_left SOFollower read wrist: 0.0ms
DEBUG 2026-06-08 17:51:07 t_client.py:198 Observation serialization time: 0.006736s
DEBUG 2026-06-08 17:51:07 ort/utils.py:54 [CLIENT] Observation Buffer size 4.395498275756836 MB with
DEBUG 2026-06-08 17:51:07 ort/utils.py:69 [CLIENT] Observation Sent 2097152/4609014 bytes with state 1
DEBUG 2026-06-08 17:51:07 ort/utils.py:69 [CLIENT] Observation Sent 4194304/4609014 bytes with state 2
DEBUG 2026-06-08 17:51:07 ort/utils.py:69 [CLIENT] Observation Sent 4609014/4609014 bytes with state 3
DEBUG 2026-06-08 17:51:07 ort/utils.py:71 [CLIENT] Observation Published 4.395498275756836 MB
DEBUG 2026-06-08 17:51:07 t_client.py:209 Sent observation #274 | 
DEBUG 2026-06-08 17:51:07 t_client.py:434 QUEUE SIZE: 8 (Must go: False)
DEBUG 2026-06-08 17:51:07 t_client.py:477 Control loop (ms): 130.36
DEBUG 2026-06-08 17:51:07 follower.py:184 follower_right SOFollower read state: 2.0ms
DEBUG 2026-06-08 17:51:07 follower.py:191 follower_right SOFollower read wrist: 0.0ms
DEBUG 2026-06-08 17:51:07 follower.py:184 follower_left SOFollower read state: 2.0ms
DEBUG 2026-06-08 17:51:07 follower.py:191 follower_left SOFollower read wrist: 0.0ms
DEBUG 2026-06-08 17:51:07 t_client.py:198 Observation serialization time: 0.011310s
DEBUG 2026-06-08 17:51:07 ort/utils.py:54 [CLIENT] Observation Buffer size 4.395498275756836 MB with
DEBUG 2026-06-08 17:51:07 ort/utils.py:69 [CLIENT] Observation Sent 2097152/4609014 bytes with state 1
DEBUG 2026-06-08 17:51:07 ort/utils.py:69 [CLIENT] Observation Sent 4194304/4609014 bytes with state 2
DEBUG 2026-06-08 17:51:07 ort/utils.py:69 [CLIENT] Observation Sent 4609014/4609014 bytes with state 3
DEBUG 2026-06-08 17:51:07 ort/utils.py:71 [CLIENT] Observation Published 4.395498275756836 MB
DEBUG 2026-06-08 17:51:07 t_client.py:292 Received actions on device: cpu
DEBUG 2026-06-08 17:51:07 t_client.py:302 Actions kept on device: cpu
DEBUG 2026-06-08 17:51:07 t_client.py:209 Sent observation #275 | 
DEBUG 2026-06-08 17:51:07 t_client.py:434 QUEUE SIZE: 7 (Must go: False)
DEBUG 2026-06-08 17:51:07 t_client.py:477 Control loop (ms): 132.58
DEBUG 2026-06-08 17:51:07 t_client.py:477 Control loop (ms): 1.94
DEBUG 2026-06-08 17:51:07 t_client.py:477 Control loop (ms): 2.41
DEBUG 2026-06-08 17:51:08 t_client.py:477 Control loop (ms): 2.13
DEBUG 2026-06-08 17:51:08 t_client.py:292 Received actions on device: cpu
DEBUG 2026-06-08 17:51:08 t_client.py:302 Actions kept on device: cpu
DEBUG 2026-06-08 17:51:08 t_client.py:477 Control loop (ms): 0.92
DEBUG 2026-06-08 17:51:08 t_client.py:477 Control loop (ms): 1.03
DEBUG 2026-06-08 17:51:08 t_client.py:477 Control loop (ms): 1.88
DEBUG 2026-06-08 17:51:08 follower.py:184 follower_right SOFollower read state: 2.2ms
DEBUG 2026-06-08 17:51:08 follower.py:191 follower_right SOFollower read wrist: 0.0ms
DEBUG 2026-06-08 17:51:08 follower.py:184 follower_left SOFollower read state: 2.8ms
DEBUG 2026-06-08 17:51:08 follower.py:191 follower_left SOFollower read wrist: 0.0ms
DEBUG 2026-06-08 17:51:08 t_client.py:198 Observation serialization time: 0.009680s
DEBUG 2026-06-08 17:51:08 ort/utils.py:54 [CLIENT] Observation Buffer size 4.395498275756836 MB with
DEBUG 2026-06-08 17:51:08 ort/utils.py:69 [CLIENT] Observation Sent 2097152/4609014 bytes with state 1
DEBUG 2026-06-08 17:51:08 ort/utils.py:69 [CLIENT] Observation Sent 4194304/4609014 bytes with state 2
DEBUG 2026-06-08 17:51:08 ort/utils.py:69 [CLIENT] Observation Sent 4609014/4609014 bytes with state 3
DEBUG 2026-06-08 17:51:08 ort/utils.py:71 [CLIENT] Observation Published 4.395498275756836 MB
DEBUG 2026-06-08 17:51:08 t_client.py:209 Sent observation #282 | 
DEBUG 2026-06-08 17:51:08 t_client.py:434 QUEUE SIZE: 8 (Must go: False)
DEBUG 2026-06-08 17:51:08 t_client.py:477 Control loop (ms): 144.39
DEBUG 2026-06-08 17:51:08 follower.py:184 follower_right SOFollower read state: 1.9ms
DEBUG 2026-06-08 17:51:08 follower.py:191 follower_right SOFollower read wrist: 0.0ms
DEBUG 2026-06-08 17:51:08 follower.py:184 follower_left SOFollower read state: 2.0ms
DEBUG 2026-06-08 17:51:08 follower.py:191 follower_left SOFollower read wrist: 0.0ms
DEBUG 2026-06-08 17:51:08 t_client.py:198 Observation serialization time: 0.010895s
DEBUG 2026-06-08 17:51:08 ort/utils.py:54 [CLIENT] Observation Buffer size 4.395498275756836 MB with
DEBUG 2026-06-08 17:51:08 ort/utils.py:69 [CLIENT] Observation Sent 2097152/4609014 bytes with state 1
DEBUG 2026-06-08 17:51:08 ort/utils.py:69 [CLIENT] Observation Sent 4194304/4609014 bytes with state 2
DEBUG 2026-06-08 17:51:08 ort/utils.py:69 [CLIENT] Observation Sent 4609014/4609014 bytes with state 3
DEBUG 2026-06-08 17:51:08 ort/utils.py:71 [CLIENT] Observation Published 4.395498275756836 MB
DEBUG 2026-06-08 17:51:08 t_client.py:292 Received actions on device: cpu
DEBUG 2026-06-08 17:51:08 t_client.py:302 Actions kept on device: cpu
DEBUG 2026-06-08 17:51:08 t_client.py:209 Sent observation #283 | 
DEBUG 2026-06-08 17:51:08 t_client.py:434 QUEUE SIZE: 7 (Must go: False)
DEBUG 2026-06-08 17:51:08 t_client.py:477 Control loop (ms): 141.79
DEBUG 2026-06-08 17:51:08 t_client.py:477 Control loop (ms): 3.82
DEBUG 2026-06-08 17:51:08 t_client.py:477 Control loop (ms): 2.03
DEBUG 2026-06-08 17:51:08 t_client.py:477 Control loop (ms): 1.71
DEBUG 2026-06-08 17:51:08 t_client.py:292 Received actions on device: cpu
DEBUG 2026-06-08 17:51:08 t_client.py:302 Actions kept on device: cpu
DEBUG 2026-06-08 17:51:08 t_client.py:477 Control loop (ms): 2.22
DEBUG 2026-06-08 17:51:08 t_client.py:477 Control loop (ms): 1.83
DEBUG 2026-06-08 17:51:08 t_client.py:477 Control loop (ms): 3.88
DEBUG 2026-06-08 17:51:08 follower.py:184 follower_right SOFollower read state: 2.9ms
DEBUG 2026-06-08 17:51:08 follower.py:191 follower_right SOFollower read wrist: 0.0ms
DEBUG 2026-06-08 17:51:08 follower.py:184 follower_left SOFollower read state: 2.5ms
DEBUG 2026-06-08 17:51:08 follower.py:191 follower_left SOFollower read wrist: 0.0ms
DEBUG 2026-06-08 17:51:08 t_client.py:198 Observation serialization time: 0.011252s
DEBUG 2026-06-08 17:51:08 ort/utils.py:54 [CLIENT] Observation Buffer size 4.395498275756836 MB with
DEBUG 2026-06-08 17:51:08 ort/utils.py:69 [CLIENT] Observation Sent 2097152/4609014 bytes with state 1
DEBUG 2026-06-08 17:51:08 ort/utils.py:69 [CLIENT] Observation Sent 4194304/4609014 bytes with state 2
DEBUG 2026-06-08 17:51:08 ort/utils.py:69 [CLIENT] Observation Sent 4609014/4609014 bytes with state 3
DEBUG 2026-06-08 17:51:08 ort/utils.py:71 [CLIENT] Observation Published 4.395498275756836 MB
DEBUG 2026-06-08 17:51:08 t_client.py:209 Sent observation #290 | 
DEBUG 2026-06-08 17:51:08 t_client.py:434 QUEUE SIZE: 8 (Must go: False)
DEBUG 2026-06-08 17:51:08 t_client.py:477 Control loop (ms): 140.95
DEBUG 2026-06-08 17:51:08 follower.py:184 follower_right SOFollower read state: 2.0ms
DEBUG 2026-06-08 17:51:08 follower.py:191 follower_right SOFollower read wrist: 0.0ms
DEBUG 2026-06-08 17:51:08 follower.py:184 follower_left SOFollower read state: 2.3ms
DEBUG 2026-06-08 17:51:08 follower.py:191 follower_left SOFollower read wrist: 0.0ms
DEBUG 2026-06-08 17:51:08 t_client.py:198 Observation serialization time: 0.011129s
DEBUG 2026-06-08 17:51:08 ort/utils.py:54 [CLIENT] Observation Buffer size 4.395498275756836 MB with
DEBUG 2026-06-08 17:51:08 ort/utils.py:69 [CLIENT] Observation Sent 2097152/4609014 bytes with state 1
DEBUG 2026-06-08 17:51:08 ort/utils.py:69 [CLIENT] Observation Sent 4194304/4609014 bytes with state 2
DEBUG 2026-06-08 17:51:08 ort/utils.py:69 [CLIENT] Observation Sent 4609014/4609014 bytes with state 3
DEBUG 2026-06-08 17:51:08 ort/utils.py:71 [CLIENT] Observation Published 4.395498275756836 MB
DEBUG 2026-06-08 17:51:08 t_client.py:209 Sent observation #291 | 
DEBUG 2026-06-08 17:51:08 t_client.py:434 QUEUE SIZE: 7 (Must go: False)
DEBUG 2026-06-08 17:51:08 t_client.py:477 Control loop (ms): 135.63
DEBUG 2026-06-08 17:51:08 t_client.py:292 Received actions on device: cpu
DEBUG 2026-06-08 17:51:08 t_client.py:302 Actions kept on device: cpu
DEBUG 2026-06-08 17:51:08 t_client.py:477 Control loop (ms): 3.59
DEBUG 2026-06-08 17:51:08 t_client.py:477 Control loop (ms): 2.19
DEBUG 2026-06-08 17:51:08 t_client.py:477 Control loop (ms): 2.31
DEBUG 2026-06-08 17:51:09 t_client.py:477 Control loop (ms): 8.66
DEBUG 2026-06-08 17:51:09 t_client.py:292 Received actions on device: cpu
DEBUG 2026-06-08 17:51:09 t_client.py:302 Actions kept on device: cpu
DEBUG 2026-06-08 17:51:09 t_client.py:477 Control loop (ms): 1.71
DEBUG 2026-06-08 17:51:09 t_client.py:477 Control loop (ms): 2.12
DEBUG 2026-06-08 17:51:09 t_client.py:477 Control loop (ms): 3.08
DEBUG 2026-06-08 17:51:09 follower.py:184 follower_right SOFollower read state: 2.6ms
DEBUG 2026-06-08 17:51:09 follower.py:191 follower_right SOFollower read wrist: 0.0ms
DEBUG 2026-06-08 17:51:09 follower.py:184 follower_left SOFollower read state: 2.3ms
DEBUG 2026-06-08 17:51:09 follower.py:191 follower_left SOFollower read wrist: 0.0ms
DEBUG 2026-06-08 17:51:09 t_client.py:198 Observation serialization time: 0.009025s
DEBUG 2026-06-08 17:51:09 ort/utils.py:54 [CLIENT] Observation Buffer size 4.395498275756836 MB with
DEBUG 2026-06-08 17:51:09 ort/utils.py:69 [CLIENT] Observation Sent 2097152/4609014 bytes with state 1
DEBUG 2026-06-08 17:51:09 ort/utils.py:69 [CLIENT] Observation Sent 4194304/4609014 bytes with state 2
DEBUG 2026-06-08 17:51:09 ort/utils.py:69 [CLIENT] Observation Sent 4609014/4609014 bytes with state 3
DEBUG 2026-06-08 17:51:09 ort/utils.py:71 [CLIENT] Observation Published 4.395498275756836 MB
DEBUG 2026-06-08 17:51:09 t_client.py:209 Sent observation #298 | 
DEBUG 2026-06-08 17:51:09 t_client.py:434 QUEUE SIZE: 8 (Must go: False)
DEBUG 2026-06-08 17:51:09 t_client.py:477 Control loop (ms): 143.80
DEBUG 2026-06-08 17:51:09 follower.py:184 follower_right SOFollower read state: 1.9ms
DEBUG 2026-06-08 17:51:09 follower.py:191 follower_right SOFollower read wrist: 0.0ms
DEBUG 2026-06-08 17:51:09 follower.py:184 follower_left SOFollower read state: 2.0ms
DEBUG 2026-06-08 17:51:09 follower.py:191 follower_left SOFollower read wrist: 0.0ms
DEBUG 2026-06-08 17:51:09 t_client.py:198 Observation serialization time: 0.010588s
DEBUG 2026-06-08 17:51:09 ort/utils.py:54 [CLIENT] Observation Buffer size 4.395498275756836 MB with
DEBUG 2026-06-08 17:51:09 ort/utils.py:69 [CLIENT] Observation Sent 2097152/4609014 bytes with state 1
DEBUG 2026-06-08 17:51:09 ort/utils.py:69 [CLIENT] Observation Sent 4194304/4609014 bytes with state 2
DEBUG 2026-06-08 17:51:09 ort/utils.py:69 [CLIENT] Observation Sent 4609014/4609014 bytes with state 3
DEBUG 2026-06-08 17:51:09 ort/utils.py:71 [CLIENT] Observation Published 4.395498275756836 MB
DEBUG 2026-06-08 17:51:09 t_client.py:292 Received actions on device: cpu
DEBUG 2026-06-08 17:51:09 t_client.py:302 Actions kept on device: cpu
DEBUG 2026-06-08 17:51:09 t_client.py:209 Sent observation #299 | 
DEBUG 2026-06-08 17:51:09 t_client.py:434 QUEUE SIZE: 7 (Must go: False)
DEBUG 2026-06-08 17:51:09 t_client.py:477 Control loop (ms): 142.92
DEBUG 2026-06-08 17:51:09 follower.py:184 follower_right SOFollower read state: 1.8ms
DEBUG 2026-06-08 17:51:09 follower.py:191 follower_right SOFollower read wrist: 0.0ms
DEBUG 2026-06-08 17:51:09 follower.py:184 follower_left SOFollower read state: 1.6ms
DEBUG 2026-06-08 17:51:09 follower.py:191 follower_left SOFollower read wrist: 0.0ms
DEBUG 2026-06-08 17:51:09 t_client.py:198 Observation serialization time: 0.004446s
DEBUG 2026-06-08 17:51:09 ort/utils.py:54 [CLIENT] Observation Buffer size 4.395498275756836 MB with
DEBUG 2026-06-08 17:51:09 ort/utils.py:69 [CLIENT] Observation Sent 2097152/4609014 bytes with state 1
DEBUG 2026-06-08 17:51:09 ort/utils.py:69 [CLIENT] Observation Sent 4194304/4609014 bytes with state 2
DEBUG 2026-06-08 17:51:09 ort/utils.py:69 [CLIENT] Observation Sent 4609014/4609014 bytes with state 3
DEBUG 2026-06-08 17:51:09 ort/utils.py:71 [CLIENT] Observation Published 4.395498275756836 MB
DEBUG 2026-06-08 17:51:09 t_client.py:292 Received actions on device: cpu
DEBUG 2026-06-08 17:51:09 t_client.py:302 Actions kept on device: cpu
DEBUG 2026-06-08 17:51:09 t_client.py:209 Sent observation #300 | 
DEBUG 2026-06-08 17:51:09 t_client.py:434 QUEUE SIZE: 14 (Must go: False)
DEBUG 2026-06-08 17:51:09 t_client.py:477 Control loop (ms): 155.28
DEBUG 2026-06-08 17:51:09 t_client.py:477 Control loop (ms): 3.45
DEBUG 2026-06-08 17:51:09 t_client.py:477 Control loop (ms): 2.90
DEBUG 2026-06-08 17:51:09 t_client.py:477 Control loop (ms): 3.25
DEBUG 2026-06-08 17:51:09 t_client.py:477 Control loop (ms): 2.93
DEBUG 2026-06-08 17:51:09 t_client.py:477 Control loop (ms): 3.40
DEBUG 2026-06-08 17:51:09 follower.py:184 follower_right SOFollower read state: 2.6ms
DEBUG 2026-06-08 17:51:09 follower.py:191 follower_right SOFollower read wrist: 0.0ms
DEBUG 2026-06-08 17:51:09 follower.py:184 follower_left SOFollower read state: 2.3ms
DEBUG 2026-06-08 17:51:09 follower.py:191 follower_left SOFollower read wrist: 0.0ms
DEBUG 2026-06-08 17:51:09 t_client.py:198 Observation serialization time: 0.007203s
DEBUG 2026-06-08 17:51:09 ort/utils.py:54 [CLIENT] Observation Buffer size 4.395498275756836 MB with
DEBUG 2026-06-08 17:51:09 ort/utils.py:69 [CLIENT] Observation Sent 2097152/4609014 bytes with state 1
DEBUG 2026-06-08 17:51:09 ort/utils.py:69 [CLIENT] Observation Sent 4194304/4609014 bytes with state 2
DEBUG 2026-06-08 17:51:09 ort/utils.py:69 [CLIENT] Observation Sent 4609014/4609014 bytes with state 3
DEBUG 2026-06-08 17:51:09 ort/utils.py:71 [CLIENT] Observation Published 4.395498275756836 MB
DEBUG 2026-06-08 17:51:09 t_client.py:209 Sent observation #306 | 
DEBUG 2026-06-08 17:51:09 t_client.py:434 QUEUE SIZE: 8 (Must go: False)
DEBUG 2026-06-08 17:51:09 t_client.py:477 Control loop (ms): 113.83
DEBUG 2026-06-08 17:51:09 follower.py:184 follower_right SOFollower read state: 1.8ms
DEBUG 2026-06-08 17:51:09 follower.py:191 follower_right SOFollower read wrist: 0.0ms
DEBUG 2026-06-08 17:51:09 follower.py:184 follower_left SOFollower read state: 1.9ms
DEBUG 2026-06-08 17:51:09 follower.py:191 follower_left SOFollower read wrist: 0.0ms
DEBUG 2026-06-08 17:51:09 t_client.py:198 Observation serialization time: 0.009013s
DEBUG 2026-06-08 17:51:09 ort/utils.py:54 [CLIENT] Observation Buffer size 4.395498275756836 MB with
DEBUG 2026-06-08 17:51:09 ort/utils.py:69 [CLIENT] Observation Sent 2097152/4609014 bytes with state 1
DEBUG 2026-06-08 17:51:09 ort/utils.py:69 [CLIENT] Observation Sent 4194304/4609014 bytes with state 2
DEBUG 2026-06-08 17:51:10 ort/utils.py:69 [CLIENT] Observation Sent 4609014/4609014 bytes with state 3
DEBUG 2026-06-08 17:51:10 ort/utils.py:71 [CLIENT] Observation Published 4.395498275756836 MB
DEBUG 2026-06-08 17:51:10 t_client.py:292 Received actions on device: cpu
DEBUG 2026-06-08 17:51:10 t_client.py:302 Actions kept on device: cpu
DEBUG 2026-06-08 17:51:10 t_client.py:209 Sent observation #307 | 
DEBUG 2026-06-08 17:51:10 t_client.py:434 QUEUE SIZE: 7 (Must go: False)
DEBUG 2026-06-08 17:51:10 t_client.py:477 Control loop (ms): 191.56
DEBUG 2026-06-08 17:51:10 t_client.py:477 Control loop (ms): 3.20
DEBUG 2026-06-08 17:51:10 t_client.py:477 Control loop (ms): 2.21
DEBUG 2026-06-08 17:51:10 t_client.py:292 Received actions on device: cpu
DEBUG 2026-06-08 17:51:10 t_client.py:302 Actions kept on device: cpu
DEBUG 2026-06-08 17:51:10 t_client.py:477 Control loop (ms): 0.91
DEBUG 2026-06-08 17:51:10 t_client.py:477 Control loop (ms): 2.01
DEBUG 2026-06-08 17:51:10 t_client.py:477 Control loop (ms): 1.94
DEBUG 2026-06-08 17:51:10 t_client.py:477 Control loop (ms): 1.71
DEBUG 2026-06-08 17:51:10 follower.py:184 follower_right SOFollower read state: 2.4ms
DEBUG 2026-06-08 17:51:10 follower.py:191 follower_right SOFollower read wrist: 0.0ms
DEBUG 2026-06-08 17:51:10 follower.py:184 follower_left SOFollower read state: 2.2ms
DEBUG 2026-06-08 17:51:10 follower.py:191 follower_left SOFollower read wrist: 0.0ms
DEBUG 2026-06-08 17:51:10 t_client.py:198 Observation serialization time: 0.009604s
DEBUG 2026-06-08 17:51:10 ort/utils.py:54 [CLIENT] Observation Buffer size 4.395498275756836 MB with
DEBUG 2026-06-08 17:51:10 ort/utils.py:69 [CLIENT] Observation Sent 2097152/4609014 bytes with state 1
DEBUG 2026-06-08 17:51:10 ort/utils.py:69 [CLIENT] Observation Sent 4194304/4609014 bytes with state 2
DEBUG 2026-06-08 17:51:10 ort/utils.py:69 [CLIENT] Observation Sent 4609014/4609014 bytes with state 3
DEBUG 2026-06-08 17:51:10 ort/utils.py:71 [CLIENT] Observation Published 4.395498275756836 MB
DEBUG 2026-06-08 17:51:10 t_client.py:209 Sent observation #314 | 
DEBUG 2026-06-08 17:51:10 t_client.py:434 QUEUE SIZE: 8 (Must go: False)
DEBUG 2026-06-08 17:51:10 t_client.py:477 Control loop (ms): 104.19
DEBUG 2026-06-08 17:51:10 follower.py:184 follower_right SOFollower read state: 1.9ms
DEBUG 2026-06-08 17:51:10 follower.py:191 follower_right SOFollower read wrist: 0.0ms
DEBUG 2026-06-08 17:51:10 follower.py:184 follower_left SOFollower read state: 2.0ms
DEBUG 2026-06-08 17:51:10 follower.py:191 follower_left SOFollower read wrist: 0.0ms
DEBUG 2026-06-08 17:51:10 t_client.py:198 Observation serialization time: 0.007964s
DEBUG 2026-06-08 17:51:10 ort/utils.py:54 [CLIENT] Observation Buffer size 4.395498275756836 MB with
DEBUG 2026-06-08 17:51:10 ort/utils.py:69 [CLIENT] Observation Sent 2097152/4609014 bytes with state 1
DEBUG 2026-06-08 17:51:10 ort/utils.py:69 [CLIENT] Observation Sent 4194304/4609014 bytes with state 2
DEBUG 2026-06-08 17:51:10 ort/utils.py:69 [CLIENT] Observation Sent 4609014/4609014 bytes with state 3
DEBUG 2026-06-08 17:51:10 ort/utils.py:71 [CLIENT] Observation Published 4.395498275756836 MB
DEBUG 2026-06-08 17:51:10 t_client.py:292 Received actions on device: cpu
DEBUG 2026-06-08 17:51:10 t_client.py:302 Actions kept on device: cpu
DEBUG 2026-06-08 17:51:10 t_client.py:209 Sent observation #315 | 
DEBUG 2026-06-08 17:51:10 t_client.py:434 QUEUE SIZE: 7 (Must go: False)
DEBUG 2026-06-08 17:51:10 t_client.py:477 Control loop (ms): 126.09
DEBUG 2026-06-08 17:51:10 t_client.py:477 Control loop (ms): 1.44
DEBUG 2026-06-08 17:51:10 t_client.py:477 Control loop (ms): 1.80
DEBUG 2026-06-08 17:51:10 t_client.py:477 Control loop (ms): 1.44
DEBUG 2026-06-08 17:51:10 t_client.py:477 Control loop (ms): 1.50
DEBUG 2026-06-08 17:51:10 t_client.py:477 Control loop (ms): 1.56
DEBUG 2026-06-08 17:51:10 follower.py:184 follower_right SOFollower read state: 2.1ms
DEBUG 2026-06-08 17:51:10 follower.py:191 follower_right SOFollower read wrist: 0.0ms
DEBUG 2026-06-08 17:51:10 follower.py:184 follower_left SOFollower read state: 2.1ms
DEBUG 2026-06-08 17:51:10 follower.py:191 follower_left SOFollower read wrist: 0.0ms
DEBUG 2026-06-08 17:51:10 t_client.py:198 Observation serialization time: 0.010538s
DEBUG 2026-06-08 17:51:10 ort/utils.py:54 [CLIENT] Observation Buffer size 4.395498275756836 MB with
DEBUG 2026-06-08 17:51:10 ort/utils.py:69 [CLIENT] Observation Sent 2097152/4609014 bytes with state 1
DEBUG 2026-06-08 17:51:10 ort/utils.py:69 [CLIENT] Observation Sent 4194304/4609014 bytes with state 2
DEBUG 2026-06-08 17:51:10 ort/utils.py:69 [CLIENT] Observation Sent 4609014/4609014 bytes with state 3
DEBUG 2026-06-08 17:51:10 ort/utils.py:71 [CLIENT] Observation Published 4.395498275756836 MB
DEBUG 2026-06-08 17:51:10 t_client.py:209 Sent observation #321 | 
DEBUG 2026-06-08 17:51:10 t_client.py:434 QUEUE SIZE: 8 (Must go: False)
DEBUG 2026-06-08 17:51:10 t_client.py:477 Control loop (ms): 124.88
DEBUG 2026-06-08 17:51:10 follower.py:184 follower_right SOFollower read state: 2.8ms
DEBUG 2026-06-08 17:51:10 follower.py:191 follower_right SOFollower read wrist: 0.1ms
DEBUG 2026-06-08 17:51:10 follower.py:184 follower_left SOFollower read state: 2.5ms
DEBUG 2026-06-08 17:51:10 follower.py:191 follower_left SOFollower read wrist: 0.0ms
DEBUG 2026-06-08 17:51:10 t_client.py:198 Observation serialization time: 0.009381s
DEBUG 2026-06-08 17:51:10 ort/utils.py:54 [CLIENT] Observation Buffer size 4.395498275756836 MB with
DEBUG 2026-06-08 17:51:10 ort/utils.py:69 [CLIENT] Observation Sent 2097152/4609014 bytes with state 1
DEBUG 2026-06-08 17:51:10 ort/utils.py:69 [CLIENT] Observation Sent 4194304/4609014 bytes with state 2
DEBUG 2026-06-08 17:51:10 ort/utils.py:69 [CLIENT] Observation Sent 4609014/4609014 bytes with state 3
DEBUG 2026-06-08 17:51:10 ort/utils.py:71 [CLIENT] Observation Published 4.395498275756836 MB
DEBUG 2026-06-08 17:51:10 t_client.py:209 Sent observation #322 | 
DEBUG 2026-06-08 17:51:10 t_client.py:434 QUEUE SIZE: 7 (Must go: False)
DEBUG 2026-06-08 17:51:10 t_client.py:477 Control loop (ms): 137.82
DEBUG 2026-06-08 17:51:10 follower.py:184 follower_right SOFollower read state: 11.7ms
DEBUG 2026-06-08 17:51:10 t_client.py:292 Received actions on device: cpu
DEBUG 2026-06-08 17:51:10 t_client.py:302 Actions kept on device: cpu
DEBUG 2026-06-08 17:51:10 follower.py:191 follower_right SOFollower read wrist: 0.1ms
DEBUG 2026-06-08 17:51:10 follower.py:184 follower_left SOFollower read state: 2.0ms
DEBUG 2026-06-08 17:51:10 follower.py:191 follower_left SOFollower read wrist: 0.1ms
DEBUG 2026-06-08 17:51:10 t_client.py:198 Observation serialization time: 0.011540s
DEBUG 2026-06-08 17:51:10 ort/utils.py:54 [CLIENT] Observation Buffer size 4.395498275756836 MB with
DEBUG 2026-06-08 17:51:10 ort/utils.py:69 [CLIENT] Observation Sent 2097152/4609014 bytes with state 1
DEBUG 2026-06-08 17:51:11 ort/utils.py:69 [CLIENT] Observation Sent 4194304/4609014 bytes with state 2
DEBUG 2026-06-08 17:51:11 ort/utils.py:69 [CLIENT] Observation Sent 4609014/4609014 bytes with state 3
DEBUG 2026-06-08 17:51:11 ort/utils.py:71 [CLIENT] Observation Published 4.395498275756836 MB
DEBUG 2026-06-08 17:51:11 t_client.py:209 Sent observation #323 | 
DEBUG 2026-06-08 17:51:11 t_client.py:434 QUEUE SIZE: 13 (Must go: False)
DEBUG 2026-06-08 17:51:11 t_client.py:477 Control loop (ms): 142.54
DEBUG 2026-06-08 17:51:11 t_client.py:477 Control loop (ms): 14.84
DEBUG 2026-06-08 17:51:11 t_client.py:292 Received actions on device: cpu
DEBUG 2026-06-08 17:51:11 t_client.py:302 Actions kept on device: cpu
DEBUG 2026-06-08 17:51:11 t_client.py:477 Control loop (ms): 2.05
DEBUG 2026-06-08 17:51:11 t_client.py:477 Control loop (ms): 3.03
DEBUG 2026-06-08 17:51:11 t_client.py:477 Control loop (ms): 2.16
DEBUG 2026-06-08 17:51:11 t_client.py:477 Control loop (ms): 1.73
DEBUG 2026-06-08 17:51:11 follower.py:184 follower_right SOFollower read state: 2.0ms
DEBUG 2026-06-08 17:51:11 follower.py:191 follower_right SOFollower read wrist: 0.0ms
DEBUG 2026-06-08 17:51:11 follower.py:184 follower_left SOFollower read state: 2.0ms
DEBUG 2026-06-08 17:51:11 follower.py:191 follower_left SOFollower read wrist: 0.0ms
DEBUG 2026-06-08 17:51:11 t_client.py:198 Observation serialization time: 0.010274s
DEBUG 2026-06-08 17:51:11 ort/utils.py:54 [CLIENT] Observation Buffer size 4.395498275756836 MB with
DEBUG 2026-06-08 17:51:11 ort/utils.py:69 [CLIENT] Observation Sent 2097152/4609014 bytes with state 1
DEBUG 2026-06-08 17:51:11 ort/utils.py:69 [CLIENT] Observation Sent 4194304/4609014 bytes with state 2
DEBUG 2026-06-08 17:51:11 ort/utils.py:69 [CLIENT] Observation Sent 4609014/4609014 bytes with state 3
DEBUG 2026-06-08 17:51:11 ort/utils.py:71 [CLIENT] Observation Published 4.395498275756836 MB
DEBUG 2026-06-08 17:51:11 t_client.py:209 Sent observation #329 | 
DEBUG 2026-06-08 17:51:11 t_client.py:434 QUEUE SIZE: 8 (Must go: False)
DEBUG 2026-06-08 17:51:11 t_client.py:477 Control loop (ms): 138.19
DEBUG 2026-06-08 17:51:11 follower.py:184 follower_right SOFollower read state: 2.2ms
DEBUG 2026-06-08 17:51:11 follower.py:191 follower_right SOFollower read wrist: 0.1ms
DEBUG 2026-06-08 17:51:11 follower.py:184 follower_left SOFollower read state: 2.4ms
DEBUG 2026-06-08 17:51:11 follower.py:191 follower_left SOFollower read wrist: 0.0ms
DEBUG 2026-06-08 17:51:11 t_client.py:198 Observation serialization time: 0.012081s
DEBUG 2026-06-08 17:51:11 ort/utils.py:54 [CLIENT] Observation Buffer size 4.395498275756836 MB with
DEBUG 2026-06-08 17:51:11 ort/utils.py:69 [CLIENT] Observation Sent 2097152/4609014 bytes with state 1
DEBUG 2026-06-08 17:51:11 ort/utils.py:69 [CLIENT] Observation Sent 4194304/4609014 bytes with state 2
DEBUG 2026-06-08 17:51:11 ort/utils.py:69 [CLIENT] Observation Sent 4609014/4609014 bytes with state 3
DEBUG 2026-06-08 17:51:11 ort/utils.py:71 [CLIENT] Observation Published 4.395498275756836 MB
DEBUG 2026-06-08 17:51:11 t_client.py:292 Received actions on device: cpu
DEBUG 2026-06-08 17:51:11 t_client.py:302 Actions kept on device: cpu
DEBUG 2026-06-08 17:51:11 t_client.py:209 Sent observation #330 | 
DEBUG 2026-06-08 17:51:11 t_client.py:434 QUEUE SIZE: 7 (Must go: False)
DEBUG 2026-06-08 17:51:11 t_client.py:477 Control loop (ms): 133.82
DEBUG 2026-06-08 17:51:11 t_client.py:477 Control loop (ms): 1.56
DEBUG 2026-06-08 17:51:11 t_client.py:477 Control loop (ms): 2.31
DEBUG 2026-06-08 17:51:11 t_client.py:477 Control loop (ms): 1.96
DEBUG 2026-06-08 17:51:11 t_client.py:292 Received actions on device: cpu
DEBUG 2026-06-08 17:51:11 t_client.py:302 Actions kept on device: cpu
DEBUG 2026-06-08 17:51:11 t_client.py:477 Control loop (ms): 1.86
DEBUG 2026-06-08 17:51:11 t_client.py:477 Control loop (ms): 2.04
DEBUG 2026-06-08 17:51:11 t_client.py:477 Control loop (ms): 2.19
DEBUG 2026-06-08 17:51:11 follower.py:184 follower_right SOFollower read state: 2.3ms
DEBUG 2026-06-08 17:51:11 follower.py:191 follower_right SOFollower read wrist: 0.0ms
DEBUG 2026-06-08 17:51:11 follower.py:184 follower_left SOFollower read state: 2.0ms
DEBUG 2026-06-08 17:51:11 follower.py:191 follower_left SOFollower read wrist: 0.0ms
DEBUG 2026-06-08 17:51:11 t_client.py:198 Observation serialization time: 0.010775s
DEBUG 2026-06-08 17:51:11 ort/utils.py:54 [CLIENT] Observation Buffer size 4.395498275756836 MB with
DEBUG 2026-06-08 17:51:11 ort/utils.py:69 [CLIENT] Observation Sent 2097152/4609014 bytes with state 1
DEBUG 2026-06-08 17:51:11 ort/utils.py:69 [CLIENT] Observation Sent 4194304/4609014 bytes with state 2
DEBUG 2026-06-08 17:51:11 ort/utils.py:69 [CLIENT] Observation Sent 4609014/4609014 bytes with state 3
DEBUG 2026-06-08 17:51:11 ort/utils.py:71 [CLIENT] Observation Published 4.395498275756836 MB
DEBUG 2026-06-08 17:51:11 t_client.py:209 Sent observation #337 | 
DEBUG 2026-06-08 17:51:11 t_client.py:434 QUEUE SIZE: 8 (Must go: False)
DEBUG 2026-06-08 17:51:11 t_client.py:477 Control loop (ms): 115.92
DEBUG 2026-06-08 17:51:11 follower.py:184 follower_right SOFollower read state: 2.4ms
DEBUG 2026-06-08 17:51:11 follower.py:191 follower_right SOFollower read wrist: 0.1ms
DEBUG 2026-06-08 17:51:11 follower.py:184 follower_left SOFollower read state: 2.0ms
DEBUG 2026-06-08 17:51:11 follower.py:191 follower_left SOFollower read wrist: 0.0ms
DEBUG 2026-06-08 17:51:11 t_client.py:198 Observation serialization time: 0.009196s
DEBUG 2026-06-08 17:51:11 ort/utils.py:54 [CLIENT] Observation Buffer size 4.395498275756836 MB with
DEBUG 2026-06-08 17:51:11 ort/utils.py:69 [CLIENT] Observation Sent 2097152/4609014 bytes with state 1
DEBUG 2026-06-08 17:51:11 ort/utils.py:69 [CLIENT] Observation Sent 4194304/4609014 bytes with state 2
DEBUG 2026-06-08 17:51:11 ort/utils.py:69 [CLIENT] Observation Sent 4609014/4609014 bytes with state 3
DEBUG 2026-06-08 17:51:11 ort/utils.py:71 [CLIENT] Observation Published 4.395498275756836 MB
DEBUG 2026-06-08 17:51:11 t_client.py:209 Sent observation #338 | 
DEBUG 2026-06-08 17:51:11 t_client.py:434 QUEUE SIZE: 7 (Must go: False)
DEBUG 2026-06-08 17:51:11 t_client.py:477 Control loop (ms): 135.47
DEBUG 2026-06-08 17:51:11 t_client.py:292 Received actions on device: cpu
DEBUG 2026-06-08 17:51:11 t_client.py:302 Actions kept on device: cpu
DEBUG 2026-06-08 17:51:11 follower.py:184 follower_right SOFollower read state: 2.4ms
DEBUG 2026-06-08 17:51:11 follower.py:191 follower_right SOFollower read wrist: 0.0ms
DEBUG 2026-06-08 17:51:11 follower.py:184 follower_left SOFollower read state: 2.6ms
DEBUG 2026-06-08 17:51:11 follower.py:191 follower_left SOFollower read wrist: 0.0ms
DEBUG 2026-06-08 17:51:11 t_client.py:198 Observation serialization time: 0.015260s
DEBUG 2026-06-08 17:51:11 ort/utils.py:54 [CLIENT] Observation Buffer size 4.395498275756836 MB with
DEBUG 2026-06-08 17:51:12 ort/utils.py:69 [CLIENT] Observation Sent 2097152/4609014 bytes with state 1
DEBUG 2026-06-08 17:51:12 ort/utils.py:69 [CLIENT] Observation Sent 4194304/4609014 bytes with state 2
DEBUG 2026-06-08 17:51:12 ort/utils.py:69 [CLIENT] Observation Sent 4609014/4609014 bytes with state 3
DEBUG 2026-06-08 17:51:12 ort/utils.py:71 [CLIENT] Observation Published 4.395498275756836 MB
DEBUG 2026-06-08 17:51:12 t_client.py:292 Received actions on device: cpu
DEBUG 2026-06-08 17:51:12 t_client.py:302 Actions kept on device: cpu
DEBUG 2026-06-08 17:51:12 t_client.py:209 Sent observation #339 | 
DEBUG 2026-06-08 17:51:12 t_client.py:434 QUEUE SIZE: 14 (Must go: False)
DEBUG 2026-06-08 17:51:12 t_client.py:477 Control loop (ms): 139.35
DEBUG 2026-06-08 17:51:12 t_client.py:477 Control loop (ms): 1.67
DEBUG 2026-06-08 17:51:12 t_client.py:477 Control loop (ms): 1.57
DEBUG 2026-06-08 17:51:12 t_client.py:477 Control loop (ms): 1.35
DEBUG 2026-06-08 17:51:12 t_client.py:477 Control loop (ms): 1.09
DEBUG 2026-06-08 17:51:12 t_client.py:477 Control loop (ms): 1.79
DEBUG 2026-06-08 17:51:12 t_client.py:477 Control loop (ms): 1.27
DEBUG 2026-06-08 17:51:12 follower.py:184 follower_right SOFollower read state: 2.1ms
DEBUG 2026-06-08 17:51:12 follower.py:191 follower_right SOFollower read wrist: 0.0ms
DEBUG 2026-06-08 17:51:12 follower.py:184 follower_left SOFollower read state: 2.0ms
DEBUG 2026-06-08 17:51:12 follower.py:191 follower_left SOFollower read wrist: 0.0ms
DEBUG 2026-06-08 17:51:12 t_client.py:198 Observation serialization time: 0.009713s
DEBUG 2026-06-08 17:51:12 ort/utils.py:54 [CLIENT] Observation Buffer size 4.395498275756836 MB with
DEBUG 2026-06-08 17:51:12 ort/utils.py:69 [CLIENT] Observation Sent 2097152/4609014 bytes with state 1
DEBUG 2026-06-08 17:51:12 ort/utils.py:69 [CLIENT] Observation Sent 4194304/4609014 bytes with state 2
DEBUG 2026-06-08 17:51:12 ort/utils.py:69 [CLIENT] Observation Sent 4609014/4609014 bytes with state 3
DEBUG 2026-06-08 17:51:12 ort/utils.py:71 [CLIENT] Observation Published 4.395498275756836 MB
DEBUG 2026-06-08 17:51:12 t_client.py:209 Sent observation #345 | 
DEBUG 2026-06-08 17:51:12 t_client.py:434 QUEUE SIZE: 8 (Must go: False)
DEBUG 2026-06-08 17:51:12 t_client.py:477 Control loop (ms): 120.41
DEBUG 2026-06-08 17:51:12 follower.py:184 follower_right SOFollower read state: 2.6ms
DEBUG 2026-06-08 17:51:12 follower.py:191 follower_right SOFollower read wrist: 0.1ms
DEBUG 2026-06-08 17:51:12 follower.py:184 follower_left SOFollower read state: 2.4ms
DEBUG 2026-06-08 17:51:12 follower.py:191 follower_left SOFollower read wrist: 0.0ms
DEBUG 2026-06-08 17:51:12 t_client.py:198 Observation serialization time: 0.008277s
DEBUG 2026-06-08 17:51:12 ort/utils.py:54 [CLIENT] Observation Buffer size 4.395498275756836 MB with
DEBUG 2026-06-08 17:51:12 ort/utils.py:69 [CLIENT] Observation Sent 2097152/4609014 bytes with state 1
DEBUG 2026-06-08 17:51:12 ort/utils.py:69 [CLIENT] Observation Sent 4194304/4609014 bytes with state 2
DEBUG 2026-06-08 17:51:12 ort/utils.py:69 [CLIENT] Observation Sent 4609014/4609014 bytes with state 3
DEBUG 2026-06-08 17:51:12 ort/utils.py:71 [CLIENT] Observation Published 4.395498275756836 MB
DEBUG 2026-06-08 17:51:12 t_client.py:292 Received actions on device: cpu
DEBUG 2026-06-08 17:51:12 t_client.py:302 Actions kept on device: cpu
DEBUG 2026-06-08 17:51:12 t_client.py:209 Sent observation #346 | 
DEBUG 2026-06-08 17:51:12 t_client.py:434 QUEUE SIZE: 7 (Must go: False)
DEBUG 2026-06-08 17:51:12 t_client.py:477 Control loop (ms): 123.85
DEBUG 2026-06-08 17:51:12 t_client.py:477 Control loop (ms): 2.33
DEBUG 2026-06-08 17:51:12 t_client.py:477 Control loop (ms): 2.62
DEBUG 2026-06-08 17:51:12 t_client.py:477 Control loop (ms): 2.80
DEBUG 2026-06-08 17:51:12 t_client.py:292 Received actions on device: cpu
DEBUG 2026-06-08 17:51:12 t_client.py:302 Actions kept on device: cpu
DEBUG 2026-06-08 17:51:12 t_client.py:477 Control loop (ms): 2.14
DEBUG 2026-06-08 17:51:12 t_client.py:477 Control loop (ms): 1.50
DEBUG 2026-06-08 17:51:12 t_client.py:477 Control loop (ms): 1.55
DEBUG 2026-06-08 17:51:12 follower.py:184 follower_right SOFollower read state: 2.0ms
DEBUG 2026-06-08 17:51:12 follower.py:191 follower_right SOFollower read wrist: 0.0ms
DEBUG 2026-06-08 17:51:12 follower.py:184 follower_left SOFollower read state: 1.7ms
DEBUG 2026-06-08 17:51:12 follower.py:191 follower_left SOFollower read wrist: 0.0ms
DEBUG 2026-06-08 17:51:12 t_client.py:198 Observation serialization time: 0.010020s
DEBUG 2026-06-08 17:51:12 ort/utils.py:54 [CLIENT] Observation Buffer size 4.395498275756836 MB with
DEBUG 2026-06-08 17:51:12 ort/utils.py:69 [CLIENT] Observation Sent 2097152/4609014 bytes with state 1
DEBUG 2026-06-08 17:51:12 ort/utils.py:69 [CLIENT] Observation Sent 4194304/4609014 bytes with state 2
DEBUG 2026-06-08 17:51:12 ort/utils.py:69 [CLIENT] Observation Sent 4609014/4609014 bytes with state 3
DEBUG 2026-06-08 17:51:12 ort/utils.py:71 [CLIENT] Observation Published 4.395498275756836 MB
DEBUG 2026-06-08 17:51:12 t_client.py:209 Sent observation #353 | 
DEBUG 2026-06-08 17:51:12 t_client.py:434 QUEUE SIZE: 8 (Must go: False)
DEBUG 2026-06-08 17:51:13 t_client.py:477 Control loop (ms): 240.86
DEBUG 2026-06-08 17:51:13 follower.py:184 follower_right SOFollower read state: 1.6ms
DEBUG 2026-06-08 17:51:13 follower.py:191 follower_right SOFollower read wrist: 0.0ms
DEBUG 2026-06-08 17:51:13 follower.py:184 follower_left SOFollower read state: 1.6ms
DEBUG 2026-06-08 17:51:13 follower.py:191 follower_left SOFollower read wrist: 0.0ms
DEBUG 2026-06-08 17:51:13 t_client.py:198 Observation serialization time: 0.006148s
DEBUG 2026-06-08 17:51:13 ort/utils.py:54 [CLIENT] Observation Buffer size 4.395498275756836 MB with
DEBUG 2026-06-08 17:51:13 ort/utils.py:69 [CLIENT] Observation Sent 2097152/4609014 bytes with state 1
DEBUG 2026-06-08 17:51:13 ort/utils.py:69 [CLIENT] Observation Sent 4194304/4609014 bytes with state 2
DEBUG 2026-06-08 17:51:13 ort/utils.py:69 [CLIENT] Observation Sent 4609014/4609014 bytes with state 3
DEBUG 2026-06-08 17:51:13 ort/utils.py:71 [CLIENT] Observation Published 4.395498275756836 MB
DEBUG 2026-06-08 17:51:13 t_client.py:292 Received actions on device: cpu
DEBUG 2026-06-08 17:51:13 t_client.py:302 Actions kept on device: cpu
DEBUG 2026-06-08 17:51:13 t_client.py:209 Sent observation #354 | 
DEBUG 2026-06-08 17:51:13 t_client.py:434 QUEUE SIZE: 7 (Must go: False)
DEBUG 2026-06-08 17:51:13 t_client.py:477 Control loop (ms): 252.35
DEBUG 2026-06-08 17:51:13 t_client.py:477 Control loop (ms): 1.98
DEBUG 2026-06-08 17:51:13 t_client.py:477 Control loop (ms): 2.54
DEBUG 2026-06-08 17:51:13 t_client.py:477 Control loop (ms): 1.02
DEBUG 2026-06-08 17:51:13 t_client.py:477 Control loop (ms): 1.69
DEBUG 2026-06-08 17:51:13 t_client.py:292 Received actions on device: cpu
DEBUG 2026-06-08 17:51:13 t_client.py:302 Actions kept on device: cpu
DEBUG 2026-06-08 17:51:13 t_client.py:477 Control loop (ms): 4.45
DEBUG 2026-06-08 17:51:13 t_client.py:477 Control loop (ms): 2.11
DEBUG 2026-06-08 17:51:13 t_client.py:477 Control loop (ms): 2.19
DEBUG 2026-06-08 17:51:13 follower.py:184 follower_right SOFollower read state: 2.1ms
DEBUG 2026-06-08 17:51:13 follower.py:191 follower_right SOFollower read wrist: 0.0ms
DEBUG 2026-06-08 17:51:13 follower.py:184 follower_left SOFollower read state: 2.2ms
DEBUG 2026-06-08 17:51:13 follower.py:191 follower_left SOFollower read wrist: 0.1ms
DEBUG 2026-06-08 17:51:13 t_client.py:198 Observation serialization time: 0.011661s
DEBUG 2026-06-08 17:51:13 ort/utils.py:54 [CLIENT] Observation Buffer size 4.395498275756836 MB with
DEBUG 2026-06-08 17:51:13 ort/utils.py:69 [CLIENT] Observation Sent 2097152/4609014 bytes with state 1
DEBUG 2026-06-08 17:51:13 ort/utils.py:69 [CLIENT] Observation Sent 4194304/4609014 bytes with state 2
DEBUG 2026-06-08 17:51:13 ort/utils.py:69 [CLIENT] Observation Sent 4609014/4609014 bytes with state 3
DEBUG 2026-06-08 17:51:13 ort/utils.py:71 [CLIENT] Observation Published 4.395498275756836 MB
DEBUG 2026-06-08 17:51:13 t_client.py:209 Sent observation #361 | 
DEBUG 2026-06-08 17:51:13 t_client.py:434 QUEUE SIZE: 8 (Must go: False)
DEBUG 2026-06-08 17:51:13 t_client.py:477 Control loop (ms): 171.09
DEBUG 2026-06-08 17:51:13 follower.py:184 follower_right SOFollower read state: 2.4ms
DEBUG 2026-06-08 17:51:13 follower.py:191 follower_right SOFollower read wrist: 0.1ms
DEBUG 2026-06-08 17:51:13 follower.py:184 follower_left SOFollower read state: 2.2ms
DEBUG 2026-06-08 17:51:13 follower.py:191 follower_left SOFollower read wrist: 0.0ms
DEBUG 2026-06-08 17:51:13 t_client.py:198 Observation serialization time: 0.008098s
DEBUG 2026-06-08 17:51:13 ort/utils.py:54 [CLIENT] Observation Buffer size 4.395498275756836 MB with
DEBUG 2026-06-08 17:51:13 ort/utils.py:69 [CLIENT] Observation Sent 2097152/4609014 bytes with state 1
DEBUG 2026-06-08 17:51:13 t_client.py:292 Received actions on device: cpu
DEBUG 2026-06-08 17:51:13 t_client.py:302 Actions kept on device: cpu
DEBUG 2026-06-08 17:51:13 ort/utils.py:69 [CLIENT] Observation Sent 4194304/4609014 bytes with state 2
DEBUG 2026-06-08 17:51:13 ort/utils.py:69 [CLIENT] Observation Sent 4609014/4609014 bytes with state 3
DEBUG 2026-06-08 17:51:13 ort/utils.py:71 [CLIENT] Observation Published 4.395498275756836 MB
DEBUG 2026-06-08 17:51:13 t_client.py:209 Sent observation #362 | 
DEBUG 2026-06-08 17:51:13 t_client.py:434 QUEUE SIZE: 7 (Must go: False)
DEBUG 2026-06-08 17:51:13 t_client.py:477 Control loop (ms): 191.85
DEBUG 2026-06-08 17:51:13 t_client.py:477 Control loop (ms): 2.05
DEBUG 2026-06-08 17:51:13 t_client.py:477 Control loop (ms): 3.09
DEBUG 2026-06-08 17:51:13 t_client.py:477 Control loop (ms): 2.10
DEBUG 2026-06-08 17:51:13 t_client.py:292 Received actions on device: cpu
DEBUG 2026-06-08 17:51:13 t_client.py:302 Actions kept on device: cpu
DEBUG 2026-06-08 17:51:13 t_client.py:477 Control loop (ms): 1.37
DEBUG 2026-06-08 17:51:13 t_client.py:477 Control loop (ms): 2.69
DEBUG 2026-06-08 17:51:14 t_client.py:477 Control loop (ms): 1.28
DEBUG 2026-06-08 17:51:14 follower.py:184 follower_right SOFollower read state: 1.9ms
DEBUG 2026-06-08 17:51:14 follower.py:191 follower_right SOFollower read wrist: 0.0ms
DEBUG 2026-06-08 17:51:14 follower.py:184 follower_left SOFollower read state: 1.9ms
DEBUG 2026-06-08 17:51:14 follower.py:191 follower_left SOFollower read wrist: 0.0ms
DEBUG 2026-06-08 17:51:14 t_client.py:198 Observation serialization time: 0.006838s
DEBUG 2026-06-08 17:51:14 ort/utils.py:54 [CLIENT] Observation Buffer size 4.395498275756836 MB with
DEBUG 2026-06-08 17:51:14 ort/utils.py:69 [CLIENT] Observation Sent 2097152/4609014 bytes with state 1
DEBUG 2026-06-08 17:51:14 ort/utils.py:69 [CLIENT] Observation Sent 4194304/4609014 bytes with state 2
DEBUG 2026-06-08 17:51:14 ort/utils.py:69 [CLIENT] Observation Sent 4609014/4609014 bytes with state 3
DEBUG 2026-06-08 17:51:14 ort/utils.py:71 [CLIENT] Observation Published 4.395498275756836 MB
DEBUG 2026-06-08 17:51:14 t_client.py:209 Sent observation #369 | 
DEBUG 2026-06-08 17:51:14 t_client.py:434 QUEUE SIZE: 8 (Must go: False)
DEBUG 2026-06-08 17:51:14 t_client.py:477 Control loop (ms): 197.87
DEBUG 2026-06-08 17:51:14 follower.py:184 follower_right SOFollower read state: 2.8ms
DEBUG 2026-06-08 17:51:14 follower.py:191 follower_right SOFollower read wrist: 0.1ms
DEBUG 2026-06-08 17:51:14 follower.py:184 follower_left SOFollower read state: 2.8ms
DEBUG 2026-06-08 17:51:14 follower.py:191 follower_left SOFollower read wrist: 0.0ms
DEBUG 2026-06-08 17:51:14 t_client.py:198 Observation serialization time: 0.013927s
DEBUG 2026-06-08 17:51:14 ort/utils.py:54 [CLIENT] Observation Buffer size 4.395498275756836 MB with
DEBUG 2026-06-08 17:51:14 ort/utils.py:69 [CLIENT] Observation Sent 2097152/4609014 bytes with state 1
DEBUG 2026-06-08 17:51:14 t_client.py:292 Received actions on device: cpu
DEBUG 2026-06-08 17:51:14 t_client.py:302 Actions kept on device: cpu
DEBUG 2026-06-08 17:51:14 ort/utils.py:69 [CLIENT] Observation Sent 4194304/4609014 bytes with state 2
DEBUG 2026-06-08 17:51:14 ort/utils.py:69 [CLIENT] Observation Sent 4609014/4609014 bytes with state 3
DEBUG 2026-06-08 17:51:14 ort/utils.py:71 [CLIENT] Observation Published 4.395498275756836 MB
DEBUG 2026-06-08 17:51:14 t_client.py:209 Sent observation #370 | 
DEBUG 2026-06-08 17:51:14 t_client.py:434 QUEUE SIZE: 7 (Must go: False)
DEBUG 2026-06-08 17:51:14 t_client.py:477 Control loop (ms): 179.17
DEBUG 2026-06-08 17:51:14 t_client.py:477 Control loop (ms): 2.04
DEBUG 2026-06-08 17:51:14 t_client.py:477 Control loop (ms): 1.60
DEBUG 2026-06-08 17:51:14 t_client.py:477 Control loop (ms): 1.10
DEBUG 2026-06-08 17:51:14 t_client.py:292 Received actions on device: cpu
DEBUG 2026-06-08 17:51:14 t_client.py:302 Actions kept on device: cpu
DEBUG 2026-06-08 17:51:14 t_client.py:477 Control loop (ms): 0.65
DEBUG 2026-06-08 17:51:14 t_client.py:477 Control loop (ms): 1.52
DEBUG 2026-06-08 17:51:14 t_client.py:477 Control loop (ms): 2.08
DEBUG 2026-06-08 17:51:14 follower.py:184 follower_right SOFollower read state: 2.5ms
DEBUG 2026-06-08 17:51:14 follower.py:191 follower_right SOFollower read wrist: 0.0ms
DEBUG 2026-06-08 17:51:14 follower.py:184 follower_left SOFollower read state: 1.7ms
DEBUG 2026-06-08 17:51:14 follower.py:191 follower_left SOFollower read wrist: 0.0ms
DEBUG 2026-06-08 17:51:14 t_client.py:198 Observation serialization time: 0.010862s
DEBUG 2026-06-08 17:51:14 ort/utils.py:54 [CLIENT] Observation Buffer size 4.395498275756836 MB with
DEBUG 2026-06-08 17:51:14 ort/utils.py:69 [CLIENT] Observation Sent 2097152/4609014 bytes with state 1
DEBUG 2026-06-08 17:51:14 ort/utils.py:69 [CLIENT] Observation Sent 4194304/4609014 bytes with state 2
DEBUG 2026-06-08 17:51:14 ort/utils.py:69 [CLIENT] Observation Sent 4609014/4609014 bytes with state 3
DEBUG 2026-06-08 17:51:14 ort/utils.py:71 [CLIENT] Observation Published 4.395498275756836 MB
DEBUG 2026-06-08 17:51:14 t_client.py:209 Sent observation #377 | 
DEBUG 2026-06-08 17:51:14 t_client.py:434 QUEUE SIZE: 8 (Must go: False)
DEBUG 2026-06-08 17:51:14 t_client.py:477 Control loop (ms): 200.85
DEBUG 2026-06-08 17:51:14 follower.py:184 follower_right SOFollower read state: 1.8ms
DEBUG 2026-06-08 17:51:14 follower.py:191 follower_right SOFollower read wrist: 0.0ms
DEBUG 2026-06-08 17:51:14 follower.py:184 follower_left SOFollower read state: 1.7ms
DEBUG 2026-06-08 17:51:14 follower.py:191 follower_left SOFollower read wrist: 0.0ms
DEBUG 2026-06-08 17:51:14 t_client.py:198 Observation serialization time: 0.005230s
DEBUG 2026-06-08 17:51:14 ort/utils.py:54 [CLIENT] Observation Buffer size 4.395498275756836 MB with
DEBUG 2026-06-08 17:51:14 ort/utils.py:69 [CLIENT] Observation Sent 2097152/4609014 bytes with state 1
DEBUG 2026-06-08 17:51:14 ort/utils.py:69 [CLIENT] Observation Sent 4194304/4609014 bytes with state 2
DEBUG 2026-06-08 17:51:14 ort/utils.py:69 [CLIENT] Observation Sent 4609014/4609014 bytes with state 3
DEBUG 2026-06-08 17:51:14 ort/utils.py:71 [CLIENT] Observation Published 4.395498275756836 MB
DEBUG 2026-06-08 17:51:15 t_client.py:209 Sent observation #378 | 
DEBUG 2026-06-08 17:51:15 t_client.py:434 QUEUE SIZE: 7 (Must go: False)
DEBUG 2026-06-08 17:51:15 t_client.py:477 Control loop (ms): 232.68
DEBUG 2026-06-08 17:51:15 t_client.py:292 Received actions on device: cpu
DEBUG 2026-06-08 17:51:15 t_client.py:302 Actions kept on device: cpu
DEBUG 2026-06-08 17:51:15 follower.py:184 follower_right SOFollower read state: 3.4ms
DEBUG 2026-06-08 17:51:15 follower.py:191 follower_right SOFollower read wrist: 0.1ms
DEBUG 2026-06-08 17:51:15 follower.py:184 follower_left SOFollower read state: 2.6ms
DEBUG 2026-06-08 17:51:15 follower.py:191 follower_left SOFollower read wrist: 0.1ms
DEBUG 2026-06-08 17:51:15 t_client.py:198 Observation serialization time: 0.012604s
DEBUG 2026-06-08 17:51:15 ort/utils.py:54 [CLIENT] Observation Buffer size 4.395498275756836 MB with
DEBUG 2026-06-08 17:51:15 ort/utils.py:69 [CLIENT] Observation Sent 2097152/4609014 bytes with state 1
DEBUG 2026-06-08 17:51:15 ort/utils.py:69 [CLIENT] Observation Sent 4194304/4609014 bytes with state 2
DEBUG 2026-06-08 17:51:15 ort/utils.py:69 [CLIENT] Observation Sent 4609014/4609014 bytes with state 3
DEBUG 2026-06-08 17:51:15 ort/utils.py:71 [CLIENT] Observation Published 4.395498275756836 MB
DEBUG 2026-06-08 17:51:15 t_client.py:209 Sent observation #379 | 
DEBUG 2026-06-08 17:51:15 t_client.py:434 QUEUE SIZE: 6 (Must go: False)
DEBUG 2026-06-08 17:51:15 t_client.py:477 Control loop (ms): 137.36
DEBUG 2026-06-08 17:51:15 t_client.py:477 Control loop (ms): 2.98
DEBUG 2026-06-08 17:51:15 t_client.py:477 Control loop (ms): 1.85
DEBUG 2026-06-08 17:51:15 t_client.py:477 Control loop (ms): 1.53
DEBUG 2026-06-08 17:51:15 t_client.py:477 Control loop (ms): 1.73
DEBUG 2026-06-08 17:51:15 follower.py:184 follower_right SOFollower read state: 2.0ms
DEBUG 2026-06-08 17:51:15 follower.py:191 follower_right SOFollower read wrist: 0.0ms
DEBUG 2026-06-08 17:51:15 follower.py:184 follower_left SOFollower read state: 1.9ms
DEBUG 2026-06-08 17:51:15 follower.py:191 follower_left SOFollower read wrist: 0.0ms
DEBUG 2026-06-08 17:51:15 t_client.py:198 Observation serialization time: 0.008227s
DEBUG 2026-06-08 17:51:15 ort/utils.py:54 [CLIENT] Observation Buffer size 4.395498275756836 MB with
DEBUG 2026-06-08 17:51:15 ort/utils.py:69 [CLIENT] Observation Sent 2097152/4609014 bytes with state 1
DEBUG 2026-06-08 17:51:15 t_client.py:292 Received actions on device: cpu
DEBUG 2026-06-08 17:51:15 t_client.py:302 Actions kept on device: cpu
DEBUG 2026-06-08 17:51:15 ort/utils.py:69 [CLIENT] Observation Sent 4194304/4609014 bytes with state 2
DEBUG 2026-06-08 17:51:15 ort/utils.py:69 [CLIENT] Observation Sent 4609014/4609014 bytes with state 3
DEBUG 2026-06-08 17:51:15 ort/utils.py:71 [CLIENT] Observation Published 4.395498275756836 MB
DEBUG 2026-06-08 17:51:15 t_client.py:209 Sent observation #384 | 
DEBUG 2026-06-08 17:51:15 t_client.py:434 QUEUE SIZE: 8 (Must go: False)
DEBUG 2026-06-08 17:51:15 t_client.py:477 Control loop (ms): 139.61
DEBUG 2026-06-08 17:51:15 follower.py:184 follower_right SOFollower read state: 1.9ms
DEBUG 2026-06-08 17:51:15 follower.py:191 follower_right SOFollower read wrist: 0.0ms
DEBUG 2026-06-08 17:51:15 follower.py:184 follower_left SOFollower read state: 1.9ms
DEBUG 2026-06-08 17:51:15 follower.py:191 follower_left SOFollower read wrist: 0.0ms
DEBUG 2026-06-08 17:51:15 t_client.py:198 Observation serialization time: 0.009573s
DEBUG 2026-06-08 17:51:15 ort/utils.py:54 [CLIENT] Observation Buffer size 4.395498275756836 MB with
DEBUG 2026-06-08 17:51:15 ort/utils.py:69 [CLIENT] Observation Sent 2097152/4609014 bytes with state 1
DEBUG 2026-06-08 17:51:15 ort/utils.py:69 [CLIENT] Observation Sent 4194304/4609014 bytes with state 2
DEBUG 2026-06-08 17:51:15 ort/utils.py:69 [CLIENT] Observation Sent 4609014/4609014 bytes with state 3
DEBUG 2026-06-08 17:51:15 ort/utils.py:71 [CLIENT] Observation Published 4.395498275756836 MB
DEBUG 2026-06-08 17:51:15 t_client.py:292 Received actions on device: cpu
DEBUG 2026-06-08 17:51:15 t_client.py:302 Actions kept on device: cpu
DEBUG 2026-06-08 17:51:15 t_client.py:209 Sent observation #385 | 
DEBUG 2026-06-08 17:51:15 t_client.py:434 QUEUE SIZE: 8 (Must go: False)
DEBUG 2026-06-08 17:51:15 t_client.py:477 Control loop (ms): 271.32
DEBUG 2026-06-08 17:51:15 t_client.py:477 Control loop (ms): 2.59
DEBUG 2026-06-08 17:51:15 t_client.py:477 Control loop (ms): 2.83
DEBUG 2026-06-08 17:51:15 t_client.py:477 Control loop (ms): 2.59
DEBUG 2026-06-08 17:51:15 t_client.py:292 Received actions on device: cpu
DEBUG 2026-06-08 17:51:15 t_client.py:302 Actions kept on device: cpu
DEBUG 2026-06-08 17:51:15 t_client.py:477 Control loop (ms): 1.69
DEBUG 2026-06-08 17:51:15 t_client.py:477 Control loop (ms): 1.61
DEBUG 2026-06-08 17:51:15 t_client.py:477 Control loop (ms): 1.84
DEBUG 2026-06-08 17:51:15 follower.py:184 follower_right SOFollower read state: 1.7ms
DEBUG 2026-06-08 17:51:15 follower.py:191 follower_right SOFollower read wrist: 0.0ms
DEBUG 2026-06-08 17:51:15 follower.py:184 follower_left SOFollower read state: 2.0ms
DEBUG 2026-06-08 17:51:15 follower.py:191 follower_left SOFollower read wrist: 0.0ms
DEBUG 2026-06-08 17:51:15 t_client.py:198 Observation serialization time: 0.010480s
DEBUG 2026-06-08 17:51:15 ort/utils.py:54 [CLIENT] Observation Buffer size 4.395498275756836 MB with
DEBUG 2026-06-08 17:51:15 ort/utils.py:69 [CLIENT] Observation Sent 2097152/4609014 bytes with state 1
DEBUG 2026-06-08 17:51:16 ort/utils.py:69 [CLIENT] Observation Sent 4194304/4609014 bytes with state 2
DEBUG 2026-06-08 17:51:16 ort/utils.py:69 [CLIENT] Observation Sent 4609014/4609014 bytes with state 3
DEBUG 2026-06-08 17:51:16 ort/utils.py:71 [CLIENT] Observation Published 4.395498275756836 MB
DEBUG 2026-06-08 17:51:16 t_client.py:209 Sent observation #392 | 
DEBUG 2026-06-08 17:51:16 t_client.py:434 QUEUE SIZE: 8 (Must go: False)
DEBUG 2026-06-08 17:51:16 t_client.py:477 Control loop (ms): 164.95
DEBUG 2026-06-08 17:51:16 follower.py:184 follower_right SOFollower read state: 2.4ms
DEBUG 2026-06-08 17:51:16 follower.py:191 follower_right SOFollower read wrist: 0.1ms
DEBUG 2026-06-08 17:51:16 follower.py:184 follower_left SOFollower read state: 2.4ms
DEBUG 2026-06-08 17:51:16 follower.py:191 follower_left SOFollower read wrist: 0.0ms
DEBUG 2026-06-08 17:51:16 t_client.py:198 Observation serialization time: 0.010792s
DEBUG 2026-06-08 17:51:16 ort/utils.py:54 [CLIENT] Observation Buffer size 4.395498275756836 MB with
DEBUG 2026-06-08 17:51:16 ort/utils.py:69 [CLIENT] Observation Sent 2097152/4609014 bytes with state 1
DEBUG 2026-06-08 17:51:16 t_client.py:292 Received actions on device: cpu
DEBUG 2026-06-08 17:51:16 t_client.py:302 Actions kept on device: cpu
DEBUG 2026-06-08 17:51:16 ort/utils.py:69 [CLIENT] Observation Sent 4194304/4609014 bytes with state 2
DEBUG 2026-06-08 17:51:16 ort/utils.py:69 [CLIENT] Observation Sent 4609014/4609014 bytes with state 3
DEBUG 2026-06-08 17:51:16 ort/utils.py:71 [CLIENT] Observation Published 4.395498275756836 MB
DEBUG 2026-06-08 17:51:16 t_client.py:209 Sent observation #393 | 
DEBUG 2026-06-08 17:51:16 t_client.py:434 QUEUE SIZE: 7 (Must go: False)
DEBUG 2026-06-08 17:51:16 t_client.py:477 Control loop (ms): 279.51
DEBUG 2026-06-08 17:51:16 t_client.py:477 Control loop (ms): 2.10
DEBUG 2026-06-08 17:51:16 t_client.py:477 Control loop (ms): 2.71
DEBUG 2026-06-08 17:51:16 t_client.py:477 Control loop (ms): 2.52
DEBUG 2026-06-08 17:51:16 t_client.py:477 Control loop (ms): 2.33
DEBUG 2026-06-08 17:51:16 t_client.py:477 Control loop (ms): 2.20
DEBUG 2026-06-08 17:51:16 follower.py:184 follower_right SOFollower read state: 2.2ms
DEBUG 2026-06-08 17:51:16 follower.py:191 follower_right SOFollower read wrist: 0.0ms
DEBUG 2026-06-08 17:51:16 follower.py:184 follower_left SOFollower read state: 2.4ms
DEBUG 2026-06-08 17:51:16 follower.py:191 follower_left SOFollower read wrist: 0.0ms
DEBUG 2026-06-08 17:51:16 t_client.py:198 Observation serialization time: 0.008128s
DEBUG 2026-06-08 17:51:16 ort/utils.py:54 [CLIENT] Observation Buffer size 4.395498275756836 MB with
DEBUG 2026-06-08 17:51:16 ort/utils.py:69 [CLIENT] Observation Sent 2097152/4609014 bytes with state 1
DEBUG 2026-06-08 17:51:16 ort/utils.py:69 [CLIENT] Observation Sent 4194304/4609014 bytes with state 2
DEBUG 2026-06-08 17:51:16 t_client.py:292 Received actions on device: cpu
DEBUG 2026-06-08 17:51:16 t_client.py:302 Actions kept on device: cpu
DEBUG 2026-06-08 17:51:16 ort/utils.py:69 [CLIENT] Observation Sent 4609014/4609014 bytes with state 3
DEBUG 2026-06-08 17:51:16 ort/utils.py:71 [CLIENT] Observation Published 4.395498275756836 MB
DEBUG 2026-06-08 17:51:16 t_client.py:209 Sent observation #399 | 
DEBUG 2026-06-08 17:51:16 t_client.py:434 QUEUE SIZE: 8 (Must go: False)
DEBUG 2026-06-08 17:51:16 t_client.py:477 Control loop (ms): 138.56
DEBUG 2026-06-08 17:51:16 follower.py:184 follower_right SOFollower read state: 1.8ms
DEBUG 2026-06-08 17:51:16 follower.py:191 follower_right SOFollower read wrist: 0.0ms
DEBUG 2026-06-08 17:51:16 follower.py:184 follower_left SOFollower read state: 1.8ms
DEBUG 2026-06-08 17:51:16 follower.py:191 follower_left SOFollower read wrist: 0.0ms
DEBUG 2026-06-08 17:51:16 t_client.py:198 Observation serialization time: 0.007925s
DEBUG 2026-06-08 17:51:16 ort/utils.py:54 [CLIENT] Observation Buffer size 4.395498275756836 MB with
DEBUG 2026-06-08 17:51:16 ort/utils.py:69 [CLIENT] Observation Sent 2097152/4609014 bytes with state 1
DEBUG 2026-06-08 17:51:16 ort/utils.py:69 [CLIENT] Observation Sent 4194304/4609014 bytes with state 2
DEBUG 2026-06-08 17:51:16 ort/utils.py:69 [CLIENT] Observation Sent 4609014/4609014 bytes with state 3
DEBUG 2026-06-08 17:51:16 ort/utils.py:71 [CLIENT] Observation Published 4.395498275756836 MB
DEBUG 2026-06-08 17:51:16 t_client.py:292 Received actions on device: cpu
DEBUG 2026-06-08 17:51:16 t_client.py:302 Actions kept on device: cpu
DEBUG 2026-06-08 17:51:16 t_client.py:209 Sent observation #400 | 
DEBUG 2026-06-08 17:51:16 t_client.py:434 QUEUE SIZE: 8 (Must go: False)
DEBUG 2026-06-08 17:51:16 t_client.py:477 Control loop (ms): 161.97
DEBUG 2026-06-08 17:51:16 t_client.py:477 Control loop (ms): 0.92
DEBUG 2026-06-08 17:51:16 t_client.py:477 Control loop (ms): 3.18
DEBUG 2026-06-08 17:51:16 t_client.py:477 Control loop (ms): 2.83
DEBUG 2026-06-08 17:51:16 t_client.py:292 Received actions on device: cpu
DEBUG 2026-06-08 17:51:16 t_client.py:302 Actions kept on device: cpu
DEBUG 2026-06-08 17:51:16 t_client.py:477 Control loop (ms): 2.20
DEBUG 2026-06-08 17:51:17 t_client.py:477 Control loop (ms): 2.48
DEBUG 2026-06-08 17:51:17 t_client.py:477 Control loop (ms): 2.58
DEBUG 2026-06-08 17:51:17 follower.py:184 follower_right SOFollower read state: 2.7ms
DEBUG 2026-06-08 17:51:17 follower.py:191 follower_right SOFollower read wrist: 0.1ms
DEBUG 2026-06-08 17:51:17 follower.py:184 follower_left SOFollower read state: 2.8ms
DEBUG 2026-06-08 17:51:17 follower.py:191 follower_left SOFollower read wrist: 0.1ms
DEBUG 2026-06-08 17:51:17 t_client.py:198 Observation serialization time: 0.014293s
DEBUG 2026-06-08 17:51:17 ort/utils.py:54 [CLIENT] Observation Buffer size 4.395498275756836 MB with
DEBUG 2026-06-08 17:51:17 ort/utils.py:69 [CLIENT] Observation Sent 2097152/4609014 bytes with state 1
DEBUG 2026-06-08 17:51:17 ort/utils.py:69 [CLIENT] Observation Sent 4194304/4609014 bytes with state 2
DEBUG 2026-06-08 17:51:17 ort/utils.py:69 [CLIENT] Observation Sent 4609014/4609014 bytes with state 3
DEBUG 2026-06-08 17:51:17 ort/utils.py:71 [CLIENT] Observation Published 4.395498275756836 MB
DEBUG 2026-06-08 17:51:17 t_client.py:209 Sent observation #407 | 
DEBUG 2026-06-08 17:51:17 t_client.py:434 QUEUE SIZE: 8 (Must go: False)
DEBUG 2026-06-08 17:51:17 t_client.py:477 Control loop (ms): 218.39
DEBUG 2026-06-08 17:51:17 follower.py:184 follower_right SOFollower read state: 2.1ms
DEBUG 2026-06-08 17:51:17 follower.py:191 follower_right SOFollower read wrist: 0.0ms
DEBUG 2026-06-08 17:51:17 follower.py:184 follower_left SOFollower read state: 1.7ms
DEBUG 2026-06-08 17:51:17 follower.py:191 follower_left SOFollower read wrist: 0.0ms
DEBUG 2026-06-08 17:51:17 t_client.py:198 Observation serialization time: 0.007130s
DEBUG 2026-06-08 17:51:17 ort/utils.py:54 [CLIENT] Observation Buffer size 4.395498275756836 MB with
DEBUG 2026-06-08 17:51:17 ort/utils.py:69 [CLIENT] Observation Sent 2097152/4609014 bytes with state 1
DEBUG 2026-06-08 17:51:17 ort/utils.py:69 [CLIENT] Observation Sent 4194304/4609014 bytes with state 2
DEBUG 2026-06-08 17:51:17 t_client.py:292 Received actions on device: cpu
DEBUG 2026-06-08 17:51:17 ort/utils.py:69 [CLIENT] Observation Sent 4609014/4609014 bytes with state 3
DEBUG 2026-06-08 17:51:17 t_client.py:302 Actions kept on device: cpu
DEBUG 2026-06-08 17:51:17 ort/utils.py:71 [CLIENT] Observation Published 4.395498275756836 MB
DEBUG 2026-06-08 17:51:17 t_client.py:209 Sent observation #408 | 
DEBUG 2026-06-08 17:51:17 t_client.py:434 QUEUE SIZE: 7 (Must go: False)
DEBUG 2026-06-08 17:51:17 t_client.py:477 Control loop (ms): 181.18
DEBUG 2026-06-08 17:51:17 t_client.py:477 Control loop (ms): 2.78
DEBUG 2026-06-08 17:51:17 t_client.py:477 Control loop (ms): 1.72
DEBUG 2026-06-08 17:51:17 t_client.py:477 Control loop (ms): 1.62
DEBUG 2026-06-08 17:51:17 t_client.py:477 Control loop (ms): 2.04
DEBUG 2026-06-08 17:51:17 t_client.py:477 Control loop (ms): 1.92
DEBUG 2026-06-08 17:51:17 follower.py:184 follower_right SOFollower read state: 2.1ms
DEBUG 2026-06-08 17:51:17 follower.py:191 follower_right SOFollower read wrist: 0.0ms
DEBUG 2026-06-08 17:51:17 follower.py:184 follower_left SOFollower read state: 2.0ms
DEBUG 2026-06-08 17:51:17 follower.py:191 follower_left SOFollower read wrist: 0.0ms
DEBUG 2026-06-08 17:51:17 t_client.py:198 Observation serialization time: 0.008856s
DEBUG 2026-06-08 17:51:17 ort/utils.py:54 [CLIENT] Observation Buffer size 4.395498275756836 MB with
DEBUG 2026-06-08 17:51:17 ort/utils.py:69 [CLIENT] Observation Sent 2097152/4609014 bytes with state 1
DEBUG 2026-06-08 17:51:17 t_client.py:292 Received actions on device: cpu
DEBUG 2026-06-08 17:51:17 t_client.py:302 Actions kept on device: cpu
DEBUG 2026-06-08 17:51:17 ort/utils.py:69 [CLIENT] Observation Sent 4194304/4609014 bytes with state 2
DEBUG 2026-06-08 17:51:17 ort/utils.py:69 [CLIENT] Observation Sent 4609014/4609014 bytes with state 3
DEBUG 2026-06-08 17:51:17 ort/utils.py:71 [CLIENT] Observation Published 4.395498275756836 MB
DEBUG 2026-06-08 17:51:17 t_client.py:209 Sent observation #414 | 
DEBUG 2026-06-08 17:51:17 t_client.py:434 QUEUE SIZE: 8 (Must go: False)
DEBUG 2026-06-08 17:51:17 t_client.py:477 Control loop (ms): 151.66
DEBUG 2026-06-08 17:51:17 follower.py:184 follower_right SOFollower read state: 2.3ms
DEBUG 2026-06-08 17:51:17 follower.py:191 follower_right SOFollower read wrist: 0.0ms
DEBUG 2026-06-08 17:51:17 follower.py:184 follower_left SOFollower read state: 2.1ms
DEBUG 2026-06-08 17:51:17 follower.py:191 follower_left SOFollower read wrist: 0.0ms
DEBUG 2026-06-08 17:51:17 t_client.py:198 Observation serialization time: 0.009738s
DEBUG 2026-06-08 17:51:17 ort/utils.py:54 [CLIENT] Observation Buffer size 4.395498275756836 MB with
DEBUG 2026-06-08 17:51:17 ort/utils.py:69 [CLIENT] Observation Sent 2097152/4609014 bytes with state 1
DEBUG 2026-06-08 17:51:17 t_client.py:292 Received actions on device: cpu
DEBUG 2026-06-08 17:51:17 t_client.py:302 Actions kept on device: cpu
DEBUG 2026-06-08 17:51:17 ort/utils.py:69 [CLIENT] Observation Sent 4194304/4609014 bytes with state 2
DEBUG 2026-06-08 17:51:17 ort/utils.py:69 [CLIENT] Observation Sent 4609014/4609014 bytes with state 3
DEBUG 2026-06-08 17:51:17 ort/utils.py:71 [CLIENT] Observation Published 4.395498275756836 MB
DEBUG 2026-06-08 17:51:17 t_client.py:209 Sent observation #415 | 
DEBUG 2026-06-08 17:51:17 t_client.py:434 QUEUE SIZE: 8 (Must go: False)
DEBUG 2026-06-08 17:51:17 t_client.py:477 Control loop (ms): 193.84
DEBUG 2026-06-08 17:51:17 t_client.py:477 Control loop (ms): 2.33
DEBUG 2026-06-08 17:51:18 t_client.py:477 Control loop (ms): 2.61
DEBUG 2026-06-08 17:51:18 t_client.py:477 Control loop (ms): 1.45
DEBUG 2026-06-08 17:51:18 t_client.py:292 Received actions on device: cpu
DEBUG 2026-06-08 17:51:18 t_client.py:302 Actions kept on device: cpu
DEBUG 2026-06-08 17:51:18 t_client.py:477 Control loop (ms): 0.60
DEBUG 2026-06-08 17:51:18 t_client.py:477 Control loop (ms): 2.04
DEBUG 2026-06-08 17:51:18 t_client.py:477 Control loop (ms): 1.77
DEBUG 2026-06-08 17:51:18 t_client.py:477 Control loop (ms): 2.43
DEBUG 2026-06-08 17:51:18 follower.py:184 follower_right SOFollower read state: 2.3ms
DEBUG 2026-06-08 17:51:18 follower.py:191 follower_right SOFollower read wrist: 0.0ms
DEBUG 2026-06-08 17:51:18 follower.py:184 follower_left SOFollower read state: 2.6ms
DEBUG 2026-06-08 17:51:18 follower.py:191 follower_left SOFollower read wrist: 0.0ms
DEBUG 2026-06-08 17:51:18 t_client.py:198 Observation serialization time: 0.008670s
DEBUG 2026-06-08 17:51:18 ort/utils.py:54 [CLIENT] Observation Buffer size 4.395498275756836 MB with
DEBUG 2026-06-08 17:51:18 ort/utils.py:69 [CLIENT] Observation Sent 2097152/4609014 bytes with state 1
DEBUG 2026-06-08 17:51:18 ort/utils.py:69 [CLIENT] Observation Sent 4194304/4609014 bytes with state 2
DEBUG 2026-06-08 17:51:18 ort/utils.py:69 [CLIENT] Observation Sent 4609014/4609014 bytes with state 3
DEBUG 2026-06-08 17:51:18 ort/utils.py:71 [CLIENT] Observation Published 4.395498275756836 MB
DEBUG 2026-06-08 17:51:18 t_client.py:209 Sent observation #422 | 
DEBUG 2026-06-08 17:51:18 t_client.py:434 QUEUE SIZE: 8 (Must go: False)
DEBUG 2026-06-08 17:51:18 t_client.py:477 Control loop (ms): 146.69
DEBUG 2026-06-08 17:51:18 follower.py:184 follower_right SOFollower read state: 1.9ms
DEBUG 2026-06-08 17:51:18 follower.py:191 follower_right SOFollower read wrist: 0.0ms
DEBUG 2026-06-08 17:51:18 follower.py:184 follower_left SOFollower read state: 1.9ms
DEBUG 2026-06-08 17:51:18 follower.py:191 follower_left SOFollower read wrist: 0.0ms
DEBUG 2026-06-08 17:51:18 t_client.py:198 Observation serialization time: 0.009613s
DEBUG 2026-06-08 17:51:18 ort/utils.py:54 [CLIENT] Observation Buffer size 4.395498275756836 MB with
DEBUG 2026-06-08 17:51:18 ort/utils.py:69 [CLIENT] Observation Sent 2097152/4609014 bytes with state 1
DEBUG 2026-06-08 17:51:18 ort/utils.py:69 [CLIENT] Observation Sent 4194304/4609014 bytes with state 2
DEBUG 2026-06-08 17:51:18 ort/utils.py:69 [CLIENT] Observation Sent 4609014/4609014 bytes with state 3
DEBUG 2026-06-08 17:51:18 ort/utils.py:71 [CLIENT] Observation Published 4.395498275756836 MB
DEBUG 2026-06-08 17:51:18 t_client.py:209 Sent observation #423 | 
DEBUG 2026-06-08 17:51:18 t_client.py:434 QUEUE SIZE: 7 (Must go: False)
DEBUG 2026-06-08 17:51:18 t_client.py:477 Control loop (ms): 153.01
DEBUG 2026-06-08 17:51:18 t_client.py:292 Received actions on device: cpu
DEBUG 2026-06-08 17:51:18 t_client.py:302 Actions kept on device: cpu
DEBUG 2026-06-08 17:51:18 follower.py:184 follower_right SOFollower read state: 4.1ms
DEBUG 2026-06-08 17:51:18 follower.py:191 follower_right SOFollower read wrist: 0.1ms
DEBUG 2026-06-08 17:51:18 follower.py:184 follower_left SOFollower read state: 2.1ms
DEBUG 2026-06-08 17:51:18 follower.py:191 follower_left SOFollower read wrist: 0.1ms
DEBUG 2026-06-08 17:51:18 t_client.py:198 Observation serialization time: 0.008537s
DEBUG 2026-06-08 17:51:18 ort/utils.py:54 [CLIENT] Observation Buffer size 4.395498275756836 MB with
DEBUG 2026-06-08 17:51:18 ort/utils.py:69 [CLIENT] Observation Sent 2097152/4609014 bytes with state 1
DEBUG 2026-06-08 17:51:18 ort/utils.py:69 [CLIENT] Observation Sent 4194304/4609014 bytes with state 2
DEBUG 2026-06-08 17:51:18 ort/utils.py:69 [CLIENT] Observation Sent 4609014/4609014 bytes with state 3
DEBUG 2026-06-08 17:51:18 ort/utils.py:71 [CLIENT] Observation Published 4.395498275756836 MB
DEBUG 2026-06-08 17:51:18 t_client.py:292 Received actions on device: cpu
DEBUG 2026-06-08 17:51:18 t_client.py:302 Actions kept on device: cpu
DEBUG 2026-06-08 17:51:18 t_client.py:209 Sent observation #424 | 
DEBUG 2026-06-08 17:51:18 t_client.py:434 QUEUE SIZE: 6 (Must go: False)
DEBUG 2026-06-08 17:51:18 t_client.py:477 Control loop (ms): 164.30
DEBUG 2026-06-08 17:51:18 t_client.py:477 Control loop (ms): 1.03
DEBUG 2026-06-08 17:51:18 t_client.py:477 Control loop (ms): 2.51
DEBUG 2026-06-08 17:51:18 t_client.py:477 Control loop (ms): 1.44
DEBUG 2026-06-08 17:51:18 t_client.py:477 Control loop (ms): 1.35
DEBUG 2026-06-08 17:51:18 t_client.py:477 Control loop (ms): 2.08
DEBUG 2026-06-08 17:51:18 follower.py:184 follower_right SOFollower read state: 1.9ms
DEBUG 2026-06-08 17:51:18 follower.py:191 follower_right SOFollower read wrist: 0.0ms
DEBUG 2026-06-08 17:51:18 follower.py:184 follower_left SOFollower read state: 2.0ms
DEBUG 2026-06-08 17:51:18 follower.py:191 follower_left SOFollower read wrist: 0.1ms
DEBUG 2026-06-08 17:51:18 t_client.py:198 Observation serialization time: 0.006762s
DEBUG 2026-06-08 17:51:18 ort/utils.py:54 [CLIENT] Observation Buffer size 4.395498275756836 MB with
DEBUG 2026-06-08 17:51:18 ort/utils.py:69 [CLIENT] Observation Sent 2097152/4609014 bytes with state 1
DEBUG 2026-06-08 17:51:18 ort/utils.py:69 [CLIENT] Observation Sent 4194304/4609014 bytes with state 2
DEBUG 2026-06-08 17:51:18 ort/utils.py:69 [CLIENT] Observation Sent 4609014/4609014 bytes with state 3
DEBUG 2026-06-08 17:51:18 ort/utils.py:71 [CLIENT] Observation Published 4.395498275756836 MB
DEBUG 2026-06-08 17:51:18 t_client.py:209 Sent observation #430 | 
DEBUG 2026-06-08 17:51:18 t_client.py:434 QUEUE SIZE: 8 (Must go: False)
DEBUG 2026-06-08 17:51:18 t_client.py:477 Control loop (ms): 144.62
DEBUG 2026-06-08 17:51:19 follower.py:184 follower_right SOFollower read state: 1.7ms
DEBUG 2026-06-08 17:51:19 follower.py:191 follower_right SOFollower read wrist: 0.0ms
DEBUG 2026-06-08 17:51:19 follower.py:184 follower_left SOFollower read state: 1.7ms
DEBUG 2026-06-08 17:51:19 follower.py:191 follower_left SOFollower read wrist: 0.0ms
DEBUG 2026-06-08 17:51:19 t_client.py:198 Observation serialization time: 0.006417s
DEBUG 2026-06-08 17:51:19 ort/utils.py:54 [CLIENT] Observation Buffer size 4.395498275756836 MB with
DEBUG 2026-06-08 17:51:19 ort/utils.py:69 [CLIENT] Observation Sent 2097152/4609014 bytes with state 1
DEBUG 2026-06-08 17:51:19 ort/utils.py:69 [CLIENT] Observation Sent 4194304/4609014 bytes with state 2
DEBUG 2026-06-08 17:51:19 ort/utils.py:69 [CLIENT] Observation Sent 4609014/4609014 bytes with state 3
DEBUG 2026-06-08 17:51:19 ort/utils.py:71 [CLIENT] Observation Published 4.395498275756836 MB
DEBUG 2026-06-08 17:51:19 t_client.py:292 Received actions on device: cpu
DEBUG 2026-06-08 17:51:19 t_client.py:302 Actions kept on device: cpu
DEBUG 2026-06-08 17:51:19 t_client.py:209 Sent observation #431 | 
DEBUG 2026-06-08 17:51:19 t_client.py:434 QUEUE SIZE: 7 (Must go: False)
DEBUG 2026-06-08 17:51:19 t_client.py:477 Control loop (ms): 150.08
DEBUG 2026-06-08 17:51:19 t_client.py:477 Control loop (ms): 1.84
DEBUG 2026-06-08 17:51:19 t_client.py:477 Control loop (ms): 2.11
DEBUG 2026-06-08 17:51:19 t_client.py:477 Control loop (ms): 1.96
DEBUG 2026-06-08 17:51:19 t_client.py:477 Control loop (ms): 2.04
DEBUG 2026-06-08 17:51:19 t_client.py:292 Received actions on device: cpu
DEBUG 2026-06-08 17:51:19 t_client.py:302 Actions kept on device: cpu
DEBUG 2026-06-08 17:51:19 t_client.py:477 Control loop (ms): 1.58
DEBUG 2026-06-08 17:51:19 t_client.py:477 Control loop (ms): 1.35
DEBUG 2026-06-08 17:51:19 follower.py:184 follower_right SOFollower read state: 1.8ms
DEBUG 2026-06-08 17:51:19 follower.py:191 follower_right SOFollower read wrist: 0.0ms
DEBUG 2026-06-08 17:51:19 follower.py:184 follower_left SOFollower read state: 1.9ms
DEBUG 2026-06-08 17:51:19 follower.py:191 follower_left SOFollower read wrist: 0.0ms
DEBUG 2026-06-08 17:51:19 t_client.py:198 Observation serialization time: 0.005461s
DEBUG 2026-06-08 17:51:19 ort/utils.py:54 [CLIENT] Observation Buffer size 4.395498275756836 MB with
DEBUG 2026-06-08 17:51:19 ort/utils.py:69 [CLIENT] Observation Sent 2097152/4609014 bytes with state 1
DEBUG 2026-06-08 17:51:19 ort/utils.py:69 [CLIENT] Observation Sent 4194304/4609014 bytes with state 2
DEBUG 2026-06-08 17:51:19 ort/utils.py:69 [CLIENT] Observation Sent 4609014/4609014 bytes with state 3
DEBUG 2026-06-08 17:51:19 ort/utils.py:71 [CLIENT] Observation Published 4.395498275756836 MB
DEBUG 2026-06-08 17:51:19 t_client.py:209 Sent observation #438 | 
DEBUG 2026-06-08 17:51:19 t_client.py:434 QUEUE SIZE: 8 (Must go: False)
DEBUG 2026-06-08 17:51:19 t_client.py:477 Control loop (ms): 105.33
DEBUG 2026-06-08 17:51:19 follower.py:184 follower_right SOFollower read state: 1.9ms
DEBUG 2026-06-08 17:51:19 follower.py:191 follower_right SOFollower read wrist: 0.0ms
DEBUG 2026-06-08 17:51:19 follower.py:184 follower_left SOFollower read state: 1.8ms
DEBUG 2026-06-08 17:51:19 follower.py:191 follower_left SOFollower read wrist: 0.0ms
DEBUG 2026-06-08 17:51:19 t_client.py:198 Observation serialization time: 0.010910s
DEBUG 2026-06-08 17:51:19 ort/utils.py:54 [CLIENT] Observation Buffer size 4.395498275756836 MB with
DEBUG 2026-06-08 17:51:19 ort/utils.py:69 [CLIENT] Observation Sent 2097152/4609014 bytes with state 1
DEBUG 2026-06-08 17:51:19 ort/utils.py:69 [CLIENT] Observation Sent 4194304/4609014 bytes with state 2
DEBUG 2026-06-08 17:51:19 ort/utils.py:69 [CLIENT] Observation Sent 4609014/4609014 bytes with state 3
DEBUG 2026-06-08 17:51:19 ort/utils.py:71 [CLIENT] Observation Published 4.395498275756836 MB
DEBUG 2026-06-08 17:51:19 t_client.py:292 Received actions on device: cpu
DEBUG 2026-06-08 17:51:19 t_client.py:302 Actions kept on device: cpu
DEBUG 2026-06-08 17:51:19 t_client.py:209 Sent observation #439 | 
DEBUG 2026-06-08 17:51:19 t_client.py:434 QUEUE SIZE: 7 (Must go: False)
DEBUG 2026-06-08 17:51:19 t_client.py:477 Control loop (ms): 135.06
DEBUG 2026-06-08 17:51:19 t_client.py:477 Control loop (ms): 3.68
DEBUG 2026-06-08 17:51:19 t_client.py:477 Control loop (ms): 2.35
DEBUG 2026-06-08 17:51:19 t_client.py:477 Control loop (ms): 2.99
DEBUG 2026-06-08 17:51:19 t_client.py:477 Control loop (ms): 4.91
DEBUG 2026-06-08 17:51:19 t_client.py:292 Received actions on device: cpu
DEBUG 2026-06-08 17:51:19 t_client.py:302 Actions kept on device: cpu
DEBUG 2026-06-08 17:51:19 t_client.py:477 Control loop (ms): 1.35
DEBUG 2026-06-08 17:51:19 t_client.py:477 Control loop (ms): 2.27
DEBUG 2026-06-08 17:51:19 t_client.py:477 Control loop (ms): 1.94
DEBUG 2026-06-08 17:51:19 follower.py:184 follower_right SOFollower read state: 1.7ms
DEBUG 2026-06-08 17:51:19 follower.py:191 follower_right SOFollower read wrist: 0.0ms
DEBUG 2026-06-08 17:51:19 follower.py:184 follower_left SOFollower read state: 1.8ms
DEBUG 2026-06-08 17:51:19 follower.py:191 follower_left SOFollower read wrist: 0.0ms
DEBUG 2026-06-08 17:51:19 t_client.py:198 Observation serialization time: 0.009914s
DEBUG 2026-06-08 17:51:19 ort/utils.py:54 [CLIENT] Observation Buffer size 4.395498275756836 MB with
DEBUG 2026-06-08 17:51:19 ort/utils.py:69 [CLIENT] Observation Sent 2097152/4609014 bytes with state 1
DEBUG 2026-06-08 17:51:19 ort/utils.py:69 [CLIENT] Observation Sent 4194304/4609014 bytes with state 2
DEBUG 2026-06-08 17:51:19 ort/utils.py:69 [CLIENT] Observation Sent 4609014/4609014 bytes with state 3
DEBUG 2026-06-08 17:51:19 ort/utils.py:71 [CLIENT] Observation Published 4.395498275756836 MB
DEBUG 2026-06-08 17:51:19 t_client.py:209 Sent observation #446 | 
DEBUG 2026-06-08 17:51:19 t_client.py:434 QUEUE SIZE: 8 (Must go: False)
DEBUG 2026-06-08 17:51:19 t_client.py:477 Control loop (ms): 167.81
DEBUG 2026-06-08 17:51:19 follower.py:184 follower_right SOFollower read state: 2.1ms
DEBUG 2026-06-08 17:51:19 follower.py:191 follower_right SOFollower read wrist: 0.0ms
DEBUG 2026-06-08 17:51:20 follower.py:184 follower_left SOFollower read state: 2.0ms
DEBUG 2026-06-08 17:51:20 follower.py:191 follower_left SOFollower read wrist: 0.0ms
DEBUG 2026-06-08 17:51:20 t_client.py:198 Observation serialization time: 0.008369s
DEBUG 2026-06-08 17:51:20 ort/utils.py:54 [CLIENT] Observation Buffer size 4.395498275756836 MB with
DEBUG 2026-06-08 17:51:20 ort/utils.py:69 [CLIENT] Observation Sent 2097152/4609014 bytes with state 1
DEBUG 2026-06-08 17:51:20 ort/utils.py:69 [CLIENT] Observation Sent 4194304/4609014 bytes with state 2
DEBUG 2026-06-08 17:51:20 t_client.py:292 Received actions on device: cpu
DEBUG 2026-06-08 17:51:20 t_client.py:302 Actions kept on device: cpu
DEBUG 2026-06-08 17:51:20 ort/utils.py:69 [CLIENT] Observation Sent 4609014/4609014 bytes with state 3
DEBUG 2026-06-08 17:51:20 ort/utils.py:71 [CLIENT] Observation Published 4.395498275756836 MB
DEBUG 2026-06-08 17:51:20 t_client.py:209 Sent observation #447 | 
DEBUG 2026-06-08 17:51:20 t_client.py:434 QUEUE SIZE: 7 (Must go: False)
DEBUG 2026-06-08 17:51:20 t_client.py:477 Control loop (ms): 129.69
DEBUG 2026-06-08 17:51:20 t_client.py:477 Control loop (ms): 1.53
DEBUG 2026-06-08 17:51:20 t_client.py:477 Control loop (ms): 1.20
DEBUG 2026-06-08 17:51:20 t_client.py:477 Control loop (ms): 1.55
DEBUG 2026-06-08 17:51:20 t_client.py:292 Received actions on device: cpu
DEBUG 2026-06-08 17:51:20 t_client.py:302 Actions kept on device: cpu
DEBUG 2026-06-08 17:51:20 t_client.py:477 Control loop (ms): 0.67
DEBUG 2026-06-08 17:51:20 t_client.py:477 Control loop (ms): 2.24
DEBUG 2026-06-08 17:51:20 t_client.py:477 Control loop (ms): 2.14
DEBUG 2026-06-08 17:51:20 t_client.py:477 Control loop (ms): 1.97
DEBUG 2026-06-08 17:51:20 follower.py:184 follower_right SOFollower read state: 2.1ms
DEBUG 2026-06-08 17:51:20 follower.py:191 follower_right SOFollower read wrist: 0.0ms
DEBUG 2026-06-08 17:51:20 follower.py:184 follower_left SOFollower read state: 2.3ms
DEBUG 2026-06-08 17:51:20 follower.py:191 follower_left SOFollower read wrist: 0.0ms
DEBUG 2026-06-08 17:51:20 t_client.py:198 Observation serialization time: 0.010288s
DEBUG 2026-06-08 17:51:20 ort/utils.py:54 [CLIENT] Observation Buffer size 4.395498275756836 MB with
DEBUG 2026-06-08 17:51:20 ort/utils.py:69 [CLIENT] Observation Sent 2097152/4609014 bytes with state 1
DEBUG 2026-06-08 17:51:20 ort/utils.py:69 [CLIENT] Observation Sent 4194304/4609014 bytes with state 2
DEBUG 2026-06-08 17:51:20 ort/utils.py:69 [CLIENT] Observation Sent 4609014/4609014 bytes with state 3
DEBUG 2026-06-08 17:51:20 ort/utils.py:71 [CLIENT] Observation Published 4.395498275756836 MB
DEBUG 2026-06-08 17:51:20 t_client.py:209 Sent observation #454 | 
DEBUG 2026-06-08 17:51:20 t_client.py:434 QUEUE SIZE: 8 (Must go: False)
DEBUG 2026-06-08 17:51:20 t_client.py:477 Control loop (ms): 122.87
DEBUG 2026-06-08 17:51:20 follower.py:184 follower_right SOFollower read state: 2.6ms
DEBUG 2026-06-08 17:51:20 follower.py:191 follower_right SOFollower read wrist: 0.0ms
DEBUG 2026-06-08 17:51:20 follower.py:184 follower_left SOFollower read state: 2.0ms
DEBUG 2026-06-08 17:51:20 follower.py:191 follower_left SOFollower read wrist: 0.0ms
DEBUG 2026-06-08 17:51:20 t_client.py:198 Observation serialization time: 0.010978s
DEBUG 2026-06-08 17:51:20 ort/utils.py:54 [CLIENT] Observation Buffer size 4.395498275756836 MB with
DEBUG 2026-06-08 17:51:20 ort/utils.py:69 [CLIENT] Observation Sent 2097152/4609014 bytes with state 1
DEBUG 2026-06-08 17:51:20 ort/utils.py:69 [CLIENT] Observation Sent 4194304/4609014 bytes with state 2
DEBUG 2026-06-08 17:51:20 ort/utils.py:69 [CLIENT] Observation Sent 4609014/4609014 bytes with state 3
DEBUG 2026-06-08 17:51:20 ort/utils.py:71 [CLIENT] Observation Published 4.395498275756836 MB
DEBUG 2026-06-08 17:51:20 t_client.py:292 Received actions on device: cpu
DEBUG 2026-06-08 17:51:20 t_client.py:302 Actions kept on device: cpu
DEBUG 2026-06-08 17:51:20 t_client.py:209 Sent observation #455 | 
DEBUG 2026-06-08 17:51:20 t_client.py:434 QUEUE SIZE: 7 (Must go: False)
DEBUG 2026-06-08 17:51:20 t_client.py:477 Control loop (ms): 121.30
DEBUG 2026-06-08 17:51:20 t_client.py:477 Control loop (ms): 2.44
DEBUG 2026-06-08 17:51:20 t_client.py:477 Control loop (ms): 2.66
DEBUG 2026-06-08 17:51:20 t_client.py:477 Control loop (ms): 2.64
DEBUG 2026-06-08 17:51:20 t_client.py:292 Received actions on device: cpu
DEBUG 2026-06-08 17:51:20 t_client.py:302 Actions kept on device: cpu
DEBUG 2026-06-08 17:51:20 t_client.py:477 Control loop (ms): 1.13
DEBUG 2026-06-08 17:51:20 t_client.py:477 Control loop (ms): 1.91
DEBUG 2026-06-08 17:51:20 t_client.py:477 Control loop (ms): 2.29
DEBUG 2026-06-08 17:51:20 follower.py:184 follower_right SOFollower read state: 2.2ms
DEBUG 2026-06-08 17:51:20 follower.py:191 follower_right SOFollower read wrist: 0.0ms
DEBUG 2026-06-08 17:51:20 follower.py:184 follower_left SOFollower read state: 2.8ms
DEBUG 2026-06-08 17:51:20 follower.py:191 follower_left SOFollower read wrist: 0.0ms
DEBUG 2026-06-08 17:51:20 t_client.py:198 Observation serialization time: 0.011095s
DEBUG 2026-06-08 17:51:20 ort/utils.py:54 [CLIENT] Observation Buffer size 4.395498275756836 MB with
DEBUG 2026-06-08 17:51:20 ort/utils.py:69 [CLIENT] Observation Sent 2097152/4609014 bytes with state 1
DEBUG 2026-06-08 17:51:20 ort/utils.py:69 [CLIENT] Observation Sent 4194304/4609014 bytes with state 2
DEBUG 2026-06-08 17:51:20 ort/utils.py:69 [CLIENT] Observation Sent 4609014/4609014 bytes with state 3
DEBUG 2026-06-08 17:51:20 ort/utils.py:71 [CLIENT] Observation Published 4.395498275756836 MB
DEBUG 2026-06-08 17:51:20 t_client.py:209 Sent observation #462 | 
DEBUG 2026-06-08 17:51:20 t_client.py:434 QUEUE SIZE: 8 (Must go: False)
DEBUG 2026-06-08 17:51:20 t_client.py:477 Control loop (ms): 175.05
DEBUG 2026-06-08 17:51:20 follower.py:184 follower_right SOFollower read state: 2.6ms
DEBUG 2026-06-08 17:51:20 follower.py:191 follower_right SOFollower read wrist: 0.1ms
DEBUG 2026-06-08 17:51:20 follower.py:184 follower_left SOFollower read state: 2.1ms
DEBUG 2026-06-08 17:51:20 follower.py:191 follower_left SOFollower read wrist: 0.0ms
DEBUG 2026-06-08 17:51:20 t_client.py:198 Observation serialization time: 0.009711s
DEBUG 2026-06-08 17:51:21 ort/utils.py:54 [CLIENT] Observation Buffer size 4.395498275756836 MB with
DEBUG 2026-06-08 17:51:21 ort/utils.py:69 [CLIENT] Observation Sent 2097152/4609014 bytes with state 1
DEBUG 2026-06-08 17:51:21 ort/utils.py:69 [CLIENT] Observation Sent 4194304/4609014 bytes with state 2
DEBUG 2026-06-08 17:51:21 ort/utils.py:69 [CLIENT] Observation Sent 4609014/4609014 bytes with state 3
DEBUG 2026-06-08 17:51:21 ort/utils.py:71 [CLIENT] Observation Published 4.395498275756836 MB
DEBUG 2026-06-08 17:51:21 t_client.py:292 Received actions on device: cpu
DEBUG 2026-06-08 17:51:21 t_client.py:302 Actions kept on device: cpu
DEBUG 2026-06-08 17:51:21 t_client.py:209 Sent observation #463 | 
DEBUG 2026-06-08 17:51:21 t_client.py:434 QUEUE SIZE: 7 (Must go: False)
DEBUG 2026-06-08 17:51:21 t_client.py:477 Control loop (ms): 165.82
DEBUG 2026-06-08 17:51:21 t_client.py:477 Control loop (ms): 3.66
DEBUG 2026-06-08 17:51:21 t_client.py:477 Control loop (ms): 1.69
DEBUG 2026-06-08 17:51:21 t_client.py:477 Control loop (ms): 1.59
DEBUG 2026-06-08 17:51:21 t_client.py:477 Control loop (ms): 2.41
DEBUG 2026-06-08 17:51:21 t_client.py:292 Received actions on device: cpu
DEBUG 2026-06-08 17:51:21 t_client.py:302 Actions kept on device: cpu
DEBUG 2026-06-08 17:51:21 t_client.py:477 Control loop (ms): 2.12
DEBUG 2026-06-08 17:51:21 t_client.py:477 Control loop (ms): 1.78
DEBUG 2026-06-08 17:51:21 follower.py:184 follower_right SOFollower read state: 2.1ms
DEBUG 2026-06-08 17:51:21 follower.py:191 follower_right SOFollower read wrist: 0.1ms
DEBUG 2026-06-08 17:51:21 follower.py:184 follower_left SOFollower read state: 2.2ms
DEBUG 2026-06-08 17:51:21 follower.py:191 follower_left SOFollower read wrist: 0.0ms
DEBUG 2026-06-08 17:51:21 t_client.py:198 Observation serialization time: 0.006793s
DEBUG 2026-06-08 17:51:21 ort/utils.py:54 [CLIENT] Observation Buffer size 4.395498275756836 MB with
DEBUG 2026-06-08 17:51:21 ort/utils.py:69 [CLIENT] Observation Sent 2097152/4609014 bytes with state 1
DEBUG 2026-06-08 17:51:21 ort/utils.py:69 [CLIENT] Observation Sent 4194304/4609014 bytes with state 2
DEBUG 2026-06-08 17:51:21 ort/utils.py:69 [CLIENT] Observation Sent 4609014/4609014 bytes with state 3
DEBUG 2026-06-08 17:51:21 ort/utils.py:71 [CLIENT] Observation Published 4.395498275756836 MB
DEBUG 2026-06-08 17:51:21 t_client.py:209 Sent observation #470 | 
DEBUG 2026-06-08 17:51:21 t_client.py:434 QUEUE SIZE: 8 (Must go: False)
DEBUG 2026-06-08 17:51:21 t_client.py:477 Control loop (ms): 188.03
DEBUG 2026-06-08 17:51:21 follower.py:184 follower_right SOFollower read state: 1.5ms
DEBUG 2026-06-08 17:51:21 follower.py:191 follower_right SOFollower read wrist: 0.0ms
DEBUG 2026-06-08 17:51:21 follower.py:184 follower_left SOFollower read state: 2.0ms
DEBUG 2026-06-08 17:51:21 follower.py:191 follower_left SOFollower read wrist: 0.0ms
DEBUG 2026-06-08 17:51:21 t_client.py:198 Observation serialization time: 0.007365s
DEBUG 2026-06-08 17:51:21 ort/utils.py:54 [CLIENT] Observation Buffer size 4.395498275756836 MB with
DEBUG 2026-06-08 17:51:21 ort/utils.py:69 [CLIENT] Observation Sent 2097152/4609014 bytes with state 1
DEBUG 2026-06-08 17:51:21 ort/utils.py:69 [CLIENT] Observation Sent 4194304/4609014 bytes with state 2
DEBUG 2026-06-08 17:51:21 t_client.py:292 Received actions on device: cpu
DEBUG 2026-06-08 17:51:21 t_client.py:302 Actions kept on device: cpu
DEBUG 2026-06-08 17:51:21 ort/utils.py:69 [CLIENT] Observation Sent 4609014/4609014 bytes with state 3
DEBUG 2026-06-08 17:51:21 ort/utils.py:71 [CLIENT] Observation Published 4.395498275756836 MB
DEBUG 2026-06-08 17:51:21 t_client.py:209 Sent observation #471 | 
DEBUG 2026-06-08 17:51:21 t_client.py:434 QUEUE SIZE: 7 (Must go: False)
DEBUG 2026-06-08 17:51:21 t_client.py:477 Control loop (ms): 98.96
DEBUG 2026-06-08 17:51:21 t_client.py:477 Control loop (ms): 1.76
DEBUG 2026-06-08 17:51:21 t_client.py:477 Control loop (ms): 2.06
DEBUG 2026-06-08 17:51:21 t_client.py:477 Control loop (ms): 1.42
DEBUG 2026-06-08 17:51:21 t_client.py:292 Received actions on device: cpu
DEBUG 2026-06-08 17:51:21 t_client.py:302 Actions kept on device: cpu
DEBUG 2026-06-08 17:51:21 t_client.py:477 Control loop (ms): 3.11
DEBUG 2026-06-08 17:51:21 t_client.py:477 Control loop (ms): 2.08
DEBUG 2026-06-08 17:51:21 t_client.py:477 Control loop (ms): 2.91
DEBUG 2026-06-08 17:51:21 t_client.py:477 Control loop (ms): 2.06
DEBUG 2026-06-08 17:51:21 follower.py:184 follower_right SOFollower read state: 2.5ms
DEBUG 2026-06-08 17:51:21 follower.py:191 follower_right SOFollower read wrist: 0.0ms
DEBUG 2026-06-08 17:51:21 follower.py:184 follower_left SOFollower read state: 1.9ms
DEBUG 2026-06-08 17:51:21 follower.py:191 follower_left SOFollower read wrist: 0.0ms
DEBUG 2026-06-08 17:51:21 t_client.py:198 Observation serialization time: 0.007576s
DEBUG 2026-06-08 17:51:21 ort/utils.py:54 [CLIENT] Observation Buffer size 4.395498275756836 MB with
DEBUG 2026-06-08 17:51:21 ort/utils.py:69 [CLIENT] Observation Sent 2097152/4609014 bytes with state 1
DEBUG 2026-06-08 17:51:21 ort/utils.py:69 [CLIENT] Observation Sent 4194304/4609014 bytes with state 2
DEBUG 2026-06-08 17:51:21 ort/utils.py:69 [CLIENT] Observation Sent 4609014/4609014 bytes with state 3
DEBUG 2026-06-08 17:51:21 ort/utils.py:71 [CLIENT] Observation Published 4.395498275756836 MB
DEBUG 2026-06-08 17:51:21 t_client.py:209 Sent observation #478 | 
DEBUG 2026-06-08 17:51:21 t_client.py:434 QUEUE SIZE: 8 (Must go: False)
DEBUG 2026-06-08 17:51:21 t_client.py:477 Control loop (ms): 107.86
DEBUG 2026-06-08 17:51:21 follower.py:184 follower_right SOFollower read state: 1.6ms
DEBUG 2026-06-08 17:51:21 follower.py:191 follower_right SOFollower read wrist: 0.0ms
DEBUG 2026-06-08 17:51:21 follower.py:184 follower_left SOFollower read state: 1.5ms
DEBUG 2026-06-08 17:51:21 follower.py:191 follower_left SOFollower read wrist: 0.0ms
DEBUG 2026-06-08 17:51:21 t_client.py:198 Observation serialization time: 0.003659s
DEBUG 2026-06-08 17:51:21 ort/utils.py:54 [CLIENT] Observation Buffer size 4.395498275756836 MB with
DEBUG 2026-06-08 17:51:21 ort/utils.py:69 [CLIENT] Observation Sent 2097152/4609014 bytes with state 1
DEBUG 2026-06-08 17:51:22 ort/utils.py:69 [CLIENT] Observation Sent 4194304/4609014 bytes with state 2
DEBUG 2026-06-08 17:51:22 ort/utils.py:69 [CLIENT] Observation Sent 4609014/4609014 bytes with state 3
DEBUG 2026-06-08 17:51:22 ort/utils.py:71 [CLIENT] Observation Published 4.395498275756836 MB
DEBUG 2026-06-08 17:51:22 t_client.py:292 Received actions on device: cpu
DEBUG 2026-06-08 17:51:22 t_client.py:302 Actions kept on device: cpu
DEBUG 2026-06-08 17:51:22 t_client.py:209 Sent observation #479 | 
DEBUG 2026-06-08 17:51:22 t_client.py:434 QUEUE SIZE: 7 (Must go: False)
DEBUG 2026-06-08 17:51:22 t_client.py:477 Control loop (ms): 122.09
DEBUG 2026-06-08 17:51:22 t_client.py:477 Control loop (ms): 2.10
DEBUG 2026-06-08 17:51:22 t_client.py:477 Control loop (ms): 1.60
DEBUG 2026-06-08 17:51:22 t_client.py:477 Control loop (ms): 2.06
DEBUG 2026-06-08 17:51:22 t_client.py:292 Received actions on device: cpu
DEBUG 2026-06-08 17:51:22 t_client.py:302 Actions kept on device: cpu
DEBUG 2026-06-08 17:51:22 t_client.py:477 Control loop (ms): 1.90
DEBUG 2026-06-08 17:51:22 t_client.py:477 Control loop (ms): 1.94
DEBUG 2026-06-08 17:51:22 t_client.py:477 Control loop (ms): 1.75
DEBUG 2026-06-08 17:51:22 follower.py:184 follower_right SOFollower read state: 2.3ms
DEBUG 2026-06-08 17:51:22 follower.py:191 follower_right SOFollower read wrist: 0.0ms
DEBUG 2026-06-08 17:51:22 follower.py:184 follower_left SOFollower read state: 1.7ms
DEBUG 2026-06-08 17:51:22 follower.py:191 follower_left SOFollower read wrist: 0.0ms
DEBUG 2026-06-08 17:51:22 t_client.py:198 Observation serialization time: 0.008245s
DEBUG 2026-06-08 17:51:22 ort/utils.py:54 [CLIENT] Observation Buffer size 4.395498275756836 MB with
DEBUG 2026-06-08 17:51:22 ort/utils.py:69 [CLIENT] Observation Sent 2097152/4609014 bytes with state 1
DEBUG 2026-06-08 17:51:22 ort/utils.py:69 [CLIENT] Observation Sent 4194304/4609014 bytes with state 2
DEBUG 2026-06-08 17:51:22 ort/utils.py:69 [CLIENT] Observation Sent 4609014/4609014 bytes with state 3
DEBUG 2026-06-08 17:51:22 ort/utils.py:71 [CLIENT] Observation Published 4.395498275756836 MB
DEBUG 2026-06-08 17:51:22 t_client.py:209 Sent observation #486 | 
DEBUG 2026-06-08 17:51:22 t_client.py:434 QUEUE SIZE: 8 (Must go: False)
DEBUG 2026-06-08 17:51:22 t_client.py:477 Control loop (ms): 107.74
DEBUG 2026-06-08 17:51:22 follower.py:184 follower_right SOFollower read state: 2.3ms
DEBUG 2026-06-08 17:51:22 follower.py:191 follower_right SOFollower read wrist: 0.0ms
DEBUG 2026-06-08 17:51:22 follower.py:184 follower_left SOFollower read state: 1.9ms
DEBUG 2026-06-08 17:51:22 follower.py:191 follower_left SOFollower read wrist: 0.0ms
DEBUG 2026-06-08 17:51:22 t_client.py:198 Observation serialization time: 0.007739s
DEBUG 2026-06-08 17:51:22 ort/utils.py:54 [CLIENT] Observation Buffer size 4.395498275756836 MB with
DEBUG 2026-06-08 17:51:22 ort/utils.py:69 [CLIENT] Observation Sent 2097152/4609014 bytes with state 1
DEBUG 2026-06-08 17:51:22 ort/utils.py:69 [CLIENT] Observation Sent 4194304/4609014 bytes with state 2
DEBUG 2026-06-08 17:51:22 ort/utils.py:69 [CLIENT] Observation Sent 4609014/4609014 bytes with state 3
DEBUG 2026-06-08 17:51:22 ort/utils.py:71 [CLIENT] Observation Published 4.395498275756836 MB
DEBUG 2026-06-08 17:51:22 t_client.py:209 Sent observation #487 | 
DEBUG 2026-06-08 17:51:22 t_client.py:434 QUEUE SIZE: 7 (Must go: False)
DEBUG 2026-06-08 17:51:22 t_client.py:477 Control loop (ms): 117.99
DEBUG 2026-06-08 17:51:22 t_client.py:292 Received actions on device: cpu
DEBUG 2026-06-08 17:51:22 t_client.py:302 Actions kept on device: cpu
DEBUG 2026-06-08 17:51:22 t_client.py:477 Control loop (ms): 5.41
DEBUG 2026-06-08 17:51:22 t_client.py:477 Control loop (ms): 1.68
DEBUG 2026-06-08 17:51:22 t_client.py:477 Control loop (ms): 2.16
DEBUG 2026-06-08 17:51:22 t_client.py:477 Control loop (ms): 6.65
DEBUG 2026-06-08 17:51:22 t_client.py:292 Received actions on device: cpu
DEBUG 2026-06-08 17:51:22 t_client.py:302 Actions kept on device: cpu
DEBUG 2026-06-08 17:51:22 t_client.py:477 Control loop (ms): 2.12
DEBUG 2026-06-08 17:51:22 t_client.py:477 Control loop (ms): 2.41
DEBUG 2026-06-08 17:51:22 t_client.py:477 Control loop (ms): 2.31
DEBUG 2026-06-08 17:51:22 follower.py:184 follower_right SOFollower read state: 1.7ms
DEBUG 2026-06-08 17:51:22 follower.py:191 follower_right SOFollower read wrist: 0.0ms
DEBUG 2026-06-08 17:51:22 follower.py:184 follower_left SOFollower read state: 1.5ms
DEBUG 2026-06-08 17:51:22 follower.py:191 follower_left SOFollower read wrist: 0.0ms
DEBUG 2026-06-08 17:51:22 t_client.py:198 Observation serialization time: 0.004803s
DEBUG 2026-06-08 17:51:22 ort/utils.py:54 [CLIENT] Observation Buffer size 4.395498275756836 MB with
DEBUG 2026-06-08 17:51:22 ort/utils.py:69 [CLIENT] Observation Sent 2097152/4609014 bytes with state 1
DEBUG 2026-06-08 17:51:22 ort/utils.py:69 [CLIENT] Observation Sent 4194304/4609014 bytes with state 2
DEBUG 2026-06-08 17:51:22 ort/utils.py:69 [CLIENT] Observation Sent 4609014/4609014 bytes with state 3
DEBUG 2026-06-08 17:51:22 ort/utils.py:71 [CLIENT] Observation Published 4.395498275756836 MB
DEBUG 2026-06-08 17:51:22 t_client.py:209 Sent observation #494 | 
DEBUG 2026-06-08 17:51:22 t_client.py:434 QUEUE SIZE: 8 (Must go: False)
DEBUG 2026-06-08 17:51:22 t_client.py:477 Control loop (ms): 101.33
DEBUG 2026-06-08 17:51:22 follower.py:184 follower_right SOFollower read state: 1.9ms
DEBUG 2026-06-08 17:51:22 follower.py:191 follower_right SOFollower read wrist: 0.0ms
DEBUG 2026-06-08 17:51:22 follower.py:184 follower_left SOFollower read state: 2.0ms
DEBUG 2026-06-08 17:51:22 follower.py:191 follower_left SOFollower read wrist: 0.0ms
DEBUG 2026-06-08 17:51:22 t_client.py:198 Observation serialization time: 0.009953s
DEBUG 2026-06-08 17:51:22 ort/utils.py:54 [CLIENT] Observation Buffer size 4.395498275756836 MB with
DEBUG 2026-06-08 17:51:22 ort/utils.py:69 [CLIENT] Observation Sent 2097152/4609014 bytes with state 1
DEBUG 2026-06-08 17:51:22 ort/utils.py:69 [CLIENT] Observation Sent 4194304/4609014 bytes with state 2
DEBUG 2026-06-08 17:51:22 ort/utils.py:69 [CLIENT] Observation Sent 4609014/4609014 bytes with state 3
DEBUG 2026-06-08 17:51:22 ort/utils.py:71 [CLIENT] Observation Published 4.395498275756836 MB
DEBUG 2026-06-08 17:51:23 t_client.py:209 Sent observation #495 | 
DEBUG 2026-06-08 17:51:23 t_client.py:434 QUEUE SIZE: 7 (Must go: False)
DEBUG 2026-06-08 17:51:23 t_client.py:477 Control loop (ms): 152.25
DEBUG 2026-06-08 17:51:23 follower.py:184 follower_right SOFollower read state: 2.3ms
DEBUG 2026-06-08 17:51:23 t_client.py:292 Received actions on device: cpu
DEBUG 2026-06-08 17:51:23 t_client.py:302 Actions kept on device: cpu
DEBUG 2026-06-08 17:51:23 follower.py:191 follower_right SOFollower read wrist: 0.0ms
DEBUG 2026-06-08 17:51:23 follower.py:184 follower_left SOFollower read state: 2.7ms
DEBUG 2026-06-08 17:51:23 follower.py:191 follower_left SOFollower read wrist: 0.0ms
DEBUG 2026-06-08 17:51:23 t_client.py:198 Observation serialization time: 0.009521s
DEBUG 2026-06-08 17:51:23 ort/utils.py:54 [CLIENT] Observation Buffer size 4.395498275756836 MB with
DEBUG 2026-06-08 17:51:23 ort/utils.py:69 [CLIENT] Observation Sent 2097152/4609014 bytes with state 1
DEBUG 2026-06-08 17:51:23 ort/utils.py:69 [CLIENT] Observation Sent 4194304/4609014 bytes with state 2
DEBUG 2026-06-08 17:51:23 ort/utils.py:69 [CLIENT] Observation Sent 4609014/4609014 bytes with state 3
DEBUG 2026-06-08 17:51:23 ort/utils.py:71 [CLIENT] Observation Published 4.395498275756836 MB
DEBUG 2026-06-08 17:51:23 t_client.py:292 Received actions on device: cpu
DEBUG 2026-06-08 17:51:23 t_client.py:302 Actions kept on device: cpu
DEBUG 2026-06-08 17:51:23 t_client.py:209 Sent observation #496 | 
DEBUG 2026-06-08 17:51:23 t_client.py:434 QUEUE SIZE: 13 (Must go: False)
DEBUG 2026-06-08 17:51:23 t_client.py:477 Control loop (ms): 145.92
DEBUG 2026-06-08 17:51:23 t_client.py:477 Control loop (ms): 1.09
DEBUG 2026-06-08 17:51:23 t_client.py:477 Control loop (ms): 1.43
DEBUG 2026-06-08 17:51:23 t_client.py:477 Control loop (ms): 1.94
DEBUG 2026-06-08 17:51:23 t_client.py:292 Received actions on device: cpu
DEBUG 2026-06-08 17:51:23 t_client.py:302 Actions kept on device: cpu
DEBUG 2026-06-08 17:51:23 t_client.py:477 Control loop (ms): 1.57
DEBUG 2026-06-08 17:51:23 t_client.py:477 Control loop (ms): 1.95
DEBUG 2026-06-08 17:51:23 t_client.py:477 Control loop (ms): 1.48
DEBUG 2026-06-08 17:51:23 follower.py:184 follower_right SOFollower read state: 2.1ms
DEBUG 2026-06-08 17:51:23 follower.py:191 follower_right SOFollower read wrist: 0.0ms
DEBUG 2026-06-08 17:51:23 follower.py:184 follower_left SOFollower read state: 2.0ms
DEBUG 2026-06-08 17:51:23 follower.py:191 follower_left SOFollower read wrist: 0.0ms
DEBUG 2026-06-08 17:51:23 t_client.py:198 Observation serialization time: 0.004863s
DEBUG 2026-06-08 17:51:23 ort/utils.py:54 [CLIENT] Observation Buffer size 4.395498275756836 MB with
DEBUG 2026-06-08 17:51:23 ort/utils.py:69 [CLIENT] Observation Sent 2097152/4609014 bytes with state 1
DEBUG 2026-06-08 17:51:23 ort/utils.py:69 [CLIENT] Observation Sent 4194304/4609014 bytes with state 2
DEBUG 2026-06-08 17:51:23 ort/utils.py:69 [CLIENT] Observation Sent 4609014/4609014 bytes with state 3
DEBUG 2026-06-08 17:51:23 ort/utils.py:71 [CLIENT] Observation Published 4.395498275756836 MB
DEBUG 2026-06-08 17:51:23 t_client.py:209 Sent observation #503 | 
DEBUG 2026-06-08 17:51:23 t_client.py:434 QUEUE SIZE: 8 (Must go: False)
DEBUG 2026-06-08 17:51:23 t_client.py:477 Control loop (ms): 100.82
DEBUG 2026-06-08 17:51:23 follower.py:184 follower_right SOFollower read state: 1.9ms
DEBUG 2026-06-08 17:51:23 follower.py:191 follower_right SOFollower read wrist: 0.0ms
DEBUG 2026-06-08 17:51:23 follower.py:184 follower_left SOFollower read state: 1.7ms
DEBUG 2026-06-08 17:51:23 follower.py:191 follower_left SOFollower read wrist: 0.0ms
DEBUG 2026-06-08 17:51:23 t_client.py:198 Observation serialization time: 0.006734s
DEBUG 2026-06-08 17:51:23 ort/utils.py:54 [CLIENT] Observation Buffer size 4.395498275756836 MB with
DEBUG 2026-06-08 17:51:23 ort/utils.py:69 [CLIENT] Observation Sent 2097152/4609014 bytes with state 1
DEBUG 2026-06-08 17:51:23 ort/utils.py:69 [CLIENT] Observation Sent 4194304/4609014 bytes with state 2
DEBUG 2026-06-08 17:51:23 ort/utils.py:69 [CLIENT] Observation Sent 4609014/4609014 bytes with state 3
DEBUG 2026-06-08 17:51:23 ort/utils.py:71 [CLIENT] Observation Published 4.395498275756836 MB
DEBUG 2026-06-08 17:51:23 t_client.py:292 Received actions on device: cpu
DEBUG 2026-06-08 17:51:23 t_client.py:302 Actions kept on device: cpu
DEBUG 2026-06-08 17:51:23 t_client.py:209 Sent observation #504 | 
DEBUG 2026-06-08 17:51:23 t_client.py:434 QUEUE SIZE: 7 (Must go: False)
DEBUG 2026-06-08 17:51:23 t_client.py:477 Control loop (ms): 134.90
DEBUG 2026-06-08 17:51:23 follower.py:184 follower_right SOFollower read state: 1.7ms
DEBUG 2026-06-08 17:51:23 follower.py:191 follower_right SOFollower read wrist: 0.0ms
DEBUG 2026-06-08 17:51:23 follower.py:184 follower_left SOFollower read state: 1.7ms
DEBUG 2026-06-08 17:51:23 follower.py:191 follower_left SOFollower read wrist: 0.0ms
DEBUG 2026-06-08 17:51:23 t_client.py:198 Observation serialization time: 0.005589s
DEBUG 2026-06-08 17:51:23 ort/utils.py:54 [CLIENT] Observation Buffer size 4.395498275756836 MB with
DEBUG 2026-06-08 17:51:23 ort/utils.py:69 [CLIENT] Observation Sent 2097152/4609014 bytes with state 1
DEBUG 2026-06-08 17:51:23 ort/utils.py:69 [CLIENT] Observation Sent 4194304/4609014 bytes with state 2
DEBUG 2026-06-08 17:51:23 ort/utils.py:69 [CLIENT] Observation Sent 4609014/4609014 bytes with state 3
DEBUG 2026-06-08 17:51:23 ort/utils.py:71 [CLIENT] Observation Published 4.395498275756836 MB
DEBUG 2026-06-08 17:51:23 t_client.py:209 Sent observation #505 | 
DEBUG 2026-06-08 17:51:23 t_client.py:434 QUEUE SIZE: 14 (Must go: False)
DEBUG 2026-06-08 17:51:23 t_client.py:477 Control loop (ms): 110.25
DEBUG 2026-06-08 17:51:23 t_client.py:292 Received actions on device: cpu
DEBUG 2026-06-08 17:51:23 t_client.py:302 Actions kept on device: cpu
DEBUG 2026-06-08 17:51:23 t_client.py:477 Control loop (ms): 12.38
DEBUG 2026-06-08 17:51:23 t_client.py:477 Control loop (ms): 1.77
DEBUG 2026-06-08 17:51:23 t_client.py:477 Control loop (ms): 2.58
DEBUG 2026-06-08 17:51:23 t_client.py:477 Control loop (ms): 1.90
DEBUG 2026-06-08 17:51:23 t_client.py:292 Received actions on device: cpu
DEBUG 2026-06-08 17:51:23 t_client.py:302 Actions kept on device: cpu
DEBUG 2026-06-08 17:51:23 t_client.py:477 Control loop (ms): 2.29
DEBUG 2026-06-08 17:51:23 t_client.py:477 Control loop (ms): 2.86
DEBUG 2026-06-08 17:51:23 t_client.py:477 Control loop (ms): 2.86
DEBUG 2026-06-08 17:51:23 follower.py:184 follower_right SOFollower read state: 2.9ms
DEBUG 2026-06-08 17:51:23 follower.py:191 follower_right SOFollower read wrist: 0.1ms
DEBUG 2026-06-08 17:51:23 follower.py:184 follower_left SOFollower read state: 2.0ms
DEBUG 2026-06-08 17:51:23 follower.py:191 follower_left SOFollower read wrist: 0.0ms
DEBUG 2026-06-08 17:51:23 t_client.py:198 Observation serialization time: 0.012296s
DEBUG 2026-06-08 17:51:23 ort/utils.py:54 [CLIENT] Observation Buffer size 4.395498275756836 MB with
DEBUG 2026-06-08 17:51:23 ort/utils.py:69 [CLIENT] Observation Sent 2097152/4609014 bytes with state 1
DEBUG 2026-06-08 17:51:24 ort/utils.py:69 [CLIENT] Observation Sent 4194304/4609014 bytes with state 2
DEBUG 2026-06-08 17:51:24 ort/utils.py:69 [CLIENT] Observation Sent 4609014/4609014 bytes with state 3
DEBUG 2026-06-08 17:51:24 ort/utils.py:71 [CLIENT] Observation Published 4.395498275756836 MB
DEBUG 2026-06-08 17:51:24 t_client.py:209 Sent observation #512 | 
DEBUG 2026-06-08 17:51:24 t_client.py:434 QUEUE SIZE: 8 (Must go: False)
DEBUG 2026-06-08 17:51:24 t_client.py:477 Control loop (ms): 117.78
DEBUG 2026-06-08 17:51:24 follower.py:184 follower_right SOFollower read state: 1.9ms
DEBUG 2026-06-08 17:51:24 follower.py:191 follower_right SOFollower read wrist: 0.0ms
DEBUG 2026-06-08 17:51:24 follower.py:184 follower_left SOFollower read state: 2.0ms
DEBUG 2026-06-08 17:51:24 follower.py:191 follower_left SOFollower read wrist: 0.0ms
DEBUG 2026-06-08 17:51:24 t_client.py:198 Observation serialization time: 0.008541s
DEBUG 2026-06-08 17:51:24 ort/utils.py:54 [CLIENT] Observation Buffer size 4.395498275756836 MB with
DEBUG 2026-06-08 17:51:24 ort/utils.py:69 [CLIENT] Observation Sent 2097152/4609014 bytes with state 1
DEBUG 2026-06-08 17:51:24 ort/utils.py:69 [CLIENT] Observation Sent 4194304/4609014 bytes with state 2
DEBUG 2026-06-08 17:51:24 ort/utils.py:69 [CLIENT] Observation Sent 4609014/4609014 bytes with state 3
DEBUG 2026-06-08 17:51:24 ort/utils.py:71 [CLIENT] Observation Published 4.395498275756836 MB
DEBUG 2026-06-08 17:51:24 t_client.py:292 Received actions on device: cpu
DEBUG 2026-06-08 17:51:24 t_client.py:302 Actions kept on device: cpu
DEBUG 2026-06-08 17:51:24 t_client.py:209 Sent observation #513 | 
DEBUG 2026-06-08 17:51:24 t_client.py:434 QUEUE SIZE: 7 (Must go: False)
DEBUG 2026-06-08 17:51:24 t_client.py:477 Control loop (ms): 128.44
DEBUG 2026-06-08 17:51:24 t_client.py:477 Control loop (ms): 2.32
DEBUG 2026-06-08 17:51:24 t_client.py:477 Control loop (ms): 1.70
DEBUG 2026-06-08 17:51:24 t_client.py:477 Control loop (ms): 1.64
DEBUG 2026-06-08 17:51:24 t_client.py:292 Received actions on device: cpu
DEBUG 2026-06-08 17:51:24 t_client.py:302 Actions kept on device: cpu
DEBUG 2026-06-08 17:51:24 t_client.py:477 Control loop (ms): 0.89
DEBUG 2026-06-08 17:51:24 t_client.py:477 Control loop (ms): 1.35
DEBUG 2026-06-08 17:51:24 t_client.py:477 Control loop (ms): 1.72
DEBUG 2026-06-08 17:51:24 follower.py:184 follower_right SOFollower read state: 2.3ms
DEBUG 2026-06-08 17:51:24 follower.py:191 follower_right SOFollower read wrist: 0.0ms
DEBUG 2026-06-08 17:51:24 follower.py:184 follower_left SOFollower read state: 1.8ms
DEBUG 2026-06-08 17:51:24 follower.py:191 follower_left SOFollower read wrist: 0.0ms
DEBUG 2026-06-08 17:51:24 t_client.py:198 Observation serialization time: 0.005954s
DEBUG 2026-06-08 17:51:24 ort/utils.py:54 [CLIENT] Observation Buffer size 4.395498275756836 MB with
DEBUG 2026-06-08 17:51:24 ort/utils.py:69 [CLIENT] Observation Sent 2097152/4609014 bytes with state 1
DEBUG 2026-06-08 17:51:24 ort/utils.py:69 [CLIENT] Observation Sent 4194304/4609014 bytes with state 2
DEBUG 2026-06-08 17:51:24 ort/utils.py:69 [CLIENT] Observation Sent 4609014/4609014 bytes with state 3
DEBUG 2026-06-08 17:51:24 ort/utils.py:71 [CLIENT] Observation Published 4.395498275756836 MB
DEBUG 2026-06-08 17:51:24 t_client.py:209 Sent observation #520 | 
DEBUG 2026-06-08 17:51:24 t_client.py:434 QUEUE SIZE: 8 (Must go: False)
DEBUG 2026-06-08 17:51:24 t_client.py:477 Control loop (ms): 118.97
DEBUG 2026-06-08 17:51:24 follower.py:184 follower_right SOFollower read state: 2.1ms
DEBUG 2026-06-08 17:51:24 follower.py:191 follower_right SOFollower read wrist: 0.0ms
DEBUG 2026-06-08 17:51:24 follower.py:184 follower_left SOFollower read state: 1.5ms
DEBUG 2026-06-08 17:51:24 follower.py:191 follower_left SOFollower read wrist: 0.0ms
DEBUG 2026-06-08 17:51:24 t_client.py:198 Observation serialization time: 0.005253s
DEBUG 2026-06-08 17:51:24 ort/utils.py:54 [CLIENT] Observation Buffer size 4.395498275756836 MB with
DEBUG 2026-06-08 17:51:24 ort/utils.py:69 [CLIENT] Observation Sent 2097152/4609014 bytes with state 1
DEBUG 2026-06-08 17:51:24 ort/utils.py:69 [CLIENT] Observation Sent 4194304/4609014 bytes with state 2
DEBUG 2026-06-08 17:51:24 ort/utils.py:69 [CLIENT] Observation Sent 4609014/4609014 bytes with state 3
DEBUG 2026-06-08 17:51:24 ort/utils.py:71 [CLIENT] Observation Published 4.395498275756836 MB
DEBUG 2026-06-08 17:51:24 t_client.py:292 Received actions on device: cpu
DEBUG 2026-06-08 17:51:24 t_client.py:302 Actions kept on device: cpu
DEBUG 2026-06-08 17:51:24 t_client.py:209 Sent observation #521 | 
DEBUG 2026-06-08 17:51:24 t_client.py:434 QUEUE SIZE: 7 (Must go: False)
DEBUG 2026-06-08 17:51:24 t_client.py:477 Control loop (ms): 124.24
DEBUG 2026-06-08 17:51:24 t_client.py:477 Control loop (ms): 2.84
DEBUG 2026-06-08 17:51:24 t_client.py:477 Control loop (ms): 2.48
DEBUG 2026-06-08 17:51:24 t_client.py:477 Control loop (ms): 3.38
DEBUG 2026-06-08 17:51:24 t_client.py:292 Received actions on device: cpu
DEBUG 2026-06-08 17:51:24 t_client.py:302 Actions kept on device: cpu
DEBUG 2026-06-08 17:51:24 t_client.py:477 Control loop (ms): 2.37
DEBUG 2026-06-08 17:51:24 t_client.py:477 Control loop (ms): 1.64
DEBUG 2026-06-08 17:51:24 t_client.py:477 Control loop (ms): 1.50
DEBUG 2026-06-08 17:51:24 follower.py:184 follower_right SOFollower read state: 1.9ms
DEBUG 2026-06-08 17:51:24 follower.py:191 follower_right SOFollower read wrist: 0.1ms
DEBUG 2026-06-08 17:51:24 follower.py:184 follower_left SOFollower read state: 1.9ms
DEBUG 2026-06-08 17:51:24 follower.py:191 follower_left SOFollower read wrist: 0.0ms
DEBUG 2026-06-08 17:51:24 t_client.py:198 Observation serialization time: 0.012027s
DEBUG 2026-06-08 17:51:24 ort/utils.py:54 [CLIENT] Observation Buffer size 4.395498275756836 MB with
DEBUG 2026-06-08 17:51:24 ort/utils.py:69 [CLIENT] Observation Sent 2097152/4609014 bytes with state 1
DEBUG 2026-06-08 17:51:24 ort/utils.py:69 [CLIENT] Observation Sent 4194304/4609014 bytes with state 2
DEBUG 2026-06-08 17:51:24 ort/utils.py:69 [CLIENT] Observation Sent 4609014/4609014 bytes with state 3
DEBUG 2026-06-08 17:51:24 ort/utils.py:71 [CLIENT] Observation Published 4.395498275756836 MB
DEBUG 2026-06-08 17:51:24 t_client.py:209 Sent observation #528 | 
DEBUG 2026-06-08 17:51:24 t_client.py:434 QUEUE SIZE: 8 (Must go: False)
DEBUG 2026-06-08 17:51:24 t_client.py:477 Control loop (ms): 128.90
DEBUG 2026-06-08 17:51:24 follower.py:184 follower_right SOFollower read state: 1.4ms
DEBUG 2026-06-08 17:51:24 follower.py:191 follower_right SOFollower read wrist: 0.0ms
DEBUG 2026-06-08 17:51:24 follower.py:184 follower_left SOFollower read state: 1.5ms
DEBUG 2026-06-08 17:51:24 follower.py:191 follower_left SOFollower read wrist: 0.0ms
DEBUG 2026-06-08 17:51:24 t_client.py:198 Observation serialization time: 0.008351s
DEBUG 2026-06-08 17:51:24 ort/utils.py:54 [CLIENT] Observation Buffer size 4.395498275756836 MB with
DEBUG 2026-06-08 17:51:24 ort/utils.py:69 [CLIENT] Observation Sent 2097152/4609014 bytes with state 1
DEBUG 2026-06-08 17:51:25 ort/utils.py:69 [CLIENT] Observation Sent 4194304/4609014 bytes with state 2
DEBUG 2026-06-08 17:51:25 ort/utils.py:69 [CLIENT] Observation Sent 4609014/4609014 bytes with state 3
DEBUG 2026-06-08 17:51:25 ort/utils.py:71 [CLIENT] Observation Published 4.395498275756836 MB
DEBUG 2026-06-08 17:51:25 t_client.py:292 Received actions on device: cpu
DEBUG 2026-06-08 17:51:25 t_client.py:209 Sent observation #529 | 
DEBUG 2026-06-08 17:51:25 t_client.py:302 Actions kept on device: cpu
DEBUG 2026-06-08 17:51:25 t_client.py:434 QUEUE SIZE: 7 (Must go: False)
DEBUG 2026-06-08 17:51:25 t_client.py:477 Control loop (ms): 133.08
DEBUG 2026-06-08 17:51:25 t_client.py:477 Control loop (ms): 3.21
DEBUG 2026-06-08 17:51:25 t_client.py:477 Control loop (ms): 1.34
DEBUG 2026-06-08 17:51:25 t_client.py:477 Control loop (ms): 0.96
DEBUG 2026-06-08 17:51:25 t_client.py:292 Received actions on device: cpu
DEBUG 2026-06-08 17:51:25 t_client.py:302 Actions kept on device: cpu
DEBUG 2026-06-08 17:51:25 t_client.py:477 Control loop (ms): 7.64
DEBUG 2026-06-08 17:51:25 t_client.py:477 Control loop (ms): 1.27
DEBUG 2026-06-08 17:51:25 t_client.py:477 Control loop (ms): 1.34
DEBUG 2026-06-08 17:51:25 t_client.py:477 Control loop (ms): 1.33
DEBUG 2026-06-08 17:51:25 t_client.py:477 Control loop (ms): 1.61
DEBUG 2026-06-08 17:51:25 follower.py:184 follower_right SOFollower read state: 1.9ms
DEBUG 2026-06-08 17:51:25 follower.py:191 follower_right SOFollower read wrist: 0.0ms
DEBUG 2026-06-08 17:51:25 follower.py:184 follower_left SOFollower read state: 2.1ms
DEBUG 2026-06-08 17:51:25 follower.py:191 follower_left SOFollower read wrist: 0.0ms
DEBUG 2026-06-08 17:51:25 t_client.py:198 Observation serialization time: 0.005649s
DEBUG 2026-06-08 17:51:25 ort/utils.py:54 [CLIENT] Observation Buffer size 4.395498275756836 MB with
DEBUG 2026-06-08 17:51:25 ort/utils.py:69 [CLIENT] Observation Sent 2097152/4609014 bytes with state 1
DEBUG 2026-06-08 17:51:25 ort/utils.py:69 [CLIENT] Observation Sent 4194304/4609014 bytes with state 2
DEBUG 2026-06-08 17:51:25 ort/utils.py:69 [CLIENT] Observation Sent 4609014/4609014 bytes with state 3
DEBUG 2026-06-08 17:51:25 ort/utils.py:71 [CLIENT] Observation Published 4.395498275756836 MB
DEBUG 2026-06-08 17:51:25 t_client.py:209 Sent observation #536 | 
DEBUG 2026-06-08 17:51:25 t_client.py:434 QUEUE SIZE: 8 (Must go: False)
DEBUG 2026-06-08 17:51:25 t_client.py:477 Control loop (ms): 106.64
DEBUG 2026-06-08 17:51:25 follower.py:184 follower_right SOFollower read state: 1.7ms
DEBUG 2026-06-08 17:51:25 follower.py:191 follower_right SOFollower read wrist: 0.0ms
DEBUG 2026-06-08 17:51:25 follower.py:184 follower_left SOFollower read state: 1.6ms
DEBUG 2026-06-08 17:51:25 follower.py:191 follower_left SOFollower read wrist: 0.0ms
DEBUG 2026-06-08 17:51:25 t_client.py:198 Observation serialization time: 0.004965s
DEBUG 2026-06-08 17:51:25 ort/utils.py:54 [CLIENT] Observation Buffer size 4.395498275756836 MB with
DEBUG 2026-06-08 17:51:25 ort/utils.py:69 [CLIENT] Observation Sent 2097152/4609014 bytes with state 1
DEBUG 2026-06-08 17:51:25 ort/utils.py:69 [CLIENT] Observation Sent 4194304/4609014 bytes with state 2
DEBUG 2026-06-08 17:51:25 ort/utils.py:69 [CLIENT] Observation Sent 4609014/4609014 bytes with state 3
DEBUG 2026-06-08 17:51:25 ort/utils.py:71 [CLIENT] Observation Published 4.395498275756836 MB
DEBUG 2026-06-08 17:51:25 t_client.py:209 Sent observation #537 | 
DEBUG 2026-06-08 17:51:25 t_client.py:434 QUEUE SIZE: 7 (Must go: False)
DEBUG 2026-06-08 17:51:25 t_client.py:477 Control loop (ms): 118.02
DEBUG 2026-06-08 17:51:25 t_client.py:292 Received actions on device: cpu
DEBUG 2026-06-08 17:51:25 t_client.py:302 Actions kept on device: cpu
DEBUG 2026-06-08 17:51:25 follower.py:184 follower_right SOFollower read state: 2.6ms
DEBUG 2026-06-08 17:51:25 follower.py:191 follower_right SOFollower read wrist: 0.0ms
DEBUG 2026-06-08 17:51:25 follower.py:184 follower_left SOFollower read state: 2.0ms
DEBUG 2026-06-08 17:51:25 follower.py:191 follower_left SOFollower read wrist: 0.0ms
DEBUG 2026-06-08 17:51:25 t_client.py:198 Observation serialization time: 0.008497s
DEBUG 2026-06-08 17:51:25 ort/utils.py:54 [CLIENT] Observation Buffer size 4.395498275756836 MB with
DEBUG 2026-06-08 17:51:25 ort/utils.py:69 [CLIENT] Observation Sent 2097152/4609014 bytes with state 1
DEBUG 2026-06-08 17:51:25 ort/utils.py:69 [CLIENT] Observation Sent 4194304/4609014 bytes with state 2
DEBUG 2026-06-08 17:51:25 ort/utils.py:69 [CLIENT] Observation Sent 4609014/4609014 bytes with state 3
DEBUG 2026-06-08 17:51:25 ort/utils.py:71 [CLIENT] Observation Published 4.395498275756836 MB
DEBUG 2026-06-08 17:51:25 t_client.py:209 Sent observation #538 | 
DEBUG 2026-06-08 17:51:25 t_client.py:434 QUEUE SIZE: 14 (Must go: False)
DEBUG 2026-06-08 17:51:25 t_client.py:477 Control loop (ms): 122.21
DEBUG 2026-06-08 17:51:25 t_client.py:292 Received actions on device: cpu
DEBUG 2026-06-08 17:51:25 t_client.py:302 Actions kept on device: cpu
DEBUG 2026-06-08 17:51:25 t_client.py:477 Control loop (ms): 12.09
DEBUG 2026-06-08 17:51:25 t_client.py:477 Control loop (ms): 1.80
DEBUG 2026-06-08 17:51:25 t_client.py:477 Control loop (ms): 1.52
DEBUG 2026-06-08 17:51:25 t_client.py:477 Control loop (ms): 1.62
DEBUG 2026-06-08 17:51:25 t_client.py:292 Received actions on device: cpu
DEBUG 2026-06-08 17:51:25 t_client.py:302 Actions kept on device: cpu
DEBUG 2026-06-08 17:51:25 t_client.py:477 Control loop (ms): 0.94
DEBUG 2026-06-08 17:51:25 t_client.py:477 Control loop (ms): 1.44
DEBUG 2026-06-08 17:51:25 t_client.py:477 Control loop (ms): 1.29
DEBUG 2026-06-08 17:51:25 follower.py:184 follower_right SOFollower read state: 2.0ms
DEBUG 2026-06-08 17:51:25 follower.py:191 follower_right SOFollower read wrist: 0.0ms
DEBUG 2026-06-08 17:51:25 follower.py:184 follower_left SOFollower read state: 1.9ms
DEBUG 2026-06-08 17:51:25 follower.py:191 follower_left SOFollower read wrist: 0.0ms
DEBUG 2026-06-08 17:51:25 t_client.py:198 Observation serialization time: 0.009652s
DEBUG 2026-06-08 17:51:25 ort/utils.py:54 [CLIENT] Observation Buffer size 4.395498275756836 MB with
DEBUG 2026-06-08 17:51:25 ort/utils.py:69 [CLIENT] Observation Sent 2097152/4609014 bytes with state 1
DEBUG 2026-06-08 17:51:26 ort/utils.py:69 [CLIENT] Observation Sent 4194304/4609014 bytes with state 2
DEBUG 2026-06-08 17:51:26 ort/utils.py:69 [CLIENT] Observation Sent 4609014/4609014 bytes with state 3
DEBUG 2026-06-08 17:51:26 ort/utils.py:71 [CLIENT] Observation Published 4.395498275756836 MB
DEBUG 2026-06-08 17:51:26 t_client.py:209 Sent observation #545 | 
DEBUG 2026-06-08 17:51:26 t_client.py:434 QUEUE SIZE: 8 (Must go: False)
DEBUG 2026-06-08 17:51:26 t_client.py:477 Control loop (ms): 133.68
DEBUG 2026-06-08 17:51:26 follower.py:184 follower_right SOFollower read state: 2.8ms
DEBUG 2026-06-08 17:51:26 follower.py:191 follower_right SOFollower read wrist: 0.1ms
DEBUG 2026-06-08 17:51:26 follower.py:184 follower_left SOFollower read state: 2.1ms
DEBUG 2026-06-08 17:51:26 follower.py:191 follower_left SOFollower read wrist: 0.0ms
DEBUG 2026-06-08 17:51:26 t_client.py:198 Observation serialization time: 0.010879s
DEBUG 2026-06-08 17:51:26 ort/utils.py:54 [CLIENT] Observation Buffer size 4.395498275756836 MB with
DEBUG 2026-06-08 17:51:26 ort/utils.py:69 [CLIENT] Observation Sent 2097152/4609014 bytes with state 1
DEBUG 2026-06-08 17:51:26 ort/utils.py:69 [CLIENT] Observation Sent 4194304/4609014 bytes with state 2
DEBUG 2026-06-08 17:51:26 ort/utils.py:69 [CLIENT] Observation Sent 4609014/4609014 bytes with state 3
DEBUG 2026-06-08 17:51:26 ort/utils.py:71 [CLIENT] Observation Published 4.395498275756836 MB
DEBUG 2026-06-08 17:51:26 t_client.py:292 Received actions on device: cpu
DEBUG 2026-06-08 17:51:26 t_client.py:302 Actions kept on device: cpu
DEBUG 2026-06-08 17:51:26 t_client.py:209 Sent observation #546 | 
DEBUG 2026-06-08 17:51:26 t_client.py:434 QUEUE SIZE: 7 (Must go: False)
DEBUG 2026-06-08 17:51:26 t_client.py:477 Control loop (ms): 137.45
DEBUG 2026-06-08 17:51:26 t_client.py:477 Control loop (ms): 1.99
DEBUG 2026-06-08 17:51:26 t_client.py:477 Control loop (ms): 1.74
DEBUG 2026-06-08 17:51:26 t_client.py:477 Control loop (ms): 1.94
DEBUG 2026-06-08 17:51:26 t_client.py:292 Received actions on device: cpu
DEBUG 2026-06-08 17:51:26 t_client.py:302 Actions kept on device: cpu
DEBUG 2026-06-08 17:51:26 t_client.py:477 Control loop (ms): 1.73
DEBUG 2026-06-08 17:51:26 t_client.py:477 Control loop (ms): 2.03
DEBUG 2026-06-08 17:51:26 t_client.py:477 Control loop (ms): 1.72
DEBUG 2026-06-08 17:51:26 follower.py:184 follower_right SOFollower read state: 1.9ms
DEBUG 2026-06-08 17:51:26 follower.py:191 follower_right SOFollower read wrist: 0.0ms
DEBUG 2026-06-08 17:51:26 follower.py:184 follower_left SOFollower read state: 2.0ms
DEBUG 2026-06-08 17:51:26 follower.py:191 follower_left SOFollower read wrist: 0.0ms
DEBUG 2026-06-08 17:51:26 t_client.py:198 Observation serialization time: 0.010949s
DEBUG 2026-06-08 17:51:26 ort/utils.py:54 [CLIENT] Observation Buffer size 4.395498275756836 MB with
DEBUG 2026-06-08 17:51:26 ort/utils.py:69 [CLIENT] Observation Sent 2097152/4609014 bytes with state 1
DEBUG 2026-06-08 17:51:26 ort/utils.py:69 [CLIENT] Observation Sent 4194304/4609014 bytes with state 2
DEBUG 2026-06-08 17:51:26 ort/utils.py:69 [CLIENT] Observation Sent 4609014/4609014 bytes with state 3
DEBUG 2026-06-08 17:51:26 ort/utils.py:71 [CLIENT] Observation Published 4.395498275756836 MB
DEBUG 2026-06-08 17:51:26 t_client.py:209 Sent observation #553 | 
DEBUG 2026-06-08 17:51:26 t_client.py:434 QUEUE SIZE: 8 (Must go: False)
DEBUG 2026-06-08 17:51:26 t_client.py:477 Control loop (ms): 125.31
DEBUG 2026-06-08 17:51:26 follower.py:184 follower_right SOFollower read state: 1.8ms
DEBUG 2026-06-08 17:51:26 follower.py:191 follower_right SOFollower read wrist: 0.0ms
DEBUG 2026-06-08 17:51:26 follower.py:184 follower_left SOFollower read state: 2.3ms
DEBUG 2026-06-08 17:51:26 follower.py:191 follower_left SOFollower read wrist: 0.0ms
DEBUG 2026-06-08 17:51:26 t_client.py:198 Observation serialization time: 0.009818s
DEBUG 2026-06-08 17:51:26 ort/utils.py:54 [CLIENT] Observation Buffer size 4.395498275756836 MB with
DEBUG 2026-06-08 17:51:26 ort/utils.py:69 [CLIENT] Observation Sent 2097152/4609014 bytes with state 1
DEBUG 2026-06-08 17:51:26 ort/utils.py:69 [CLIENT] Observation Sent 4194304/4609014 bytes with state 2
DEBUG 2026-06-08 17:51:26 ort/utils.py:69 [CLIENT] Observation Sent 4609014/4609014 bytes with state 3
DEBUG 2026-06-08 17:51:26 ort/utils.py:71 [CLIENT] Observation Published 4.395498275756836 MB
DEBUG 2026-06-08 17:51:26 t_client.py:292 Received actions on device: cpu
DEBUG 2026-06-08 17:51:26 t_client.py:302 Actions kept on device: cpu
DEBUG 2026-06-08 17:51:26 t_client.py:209 Sent observation #554 | 
DEBUG 2026-06-08 17:51:26 t_client.py:434 QUEUE SIZE: 7 (Must go: False)
DEBUG 2026-06-08 17:51:26 t_client.py:477 Control loop (ms): 124.99
DEBUG 2026-06-08 17:51:26 t_client.py:477 Control loop (ms): 2.74
DEBUG 2026-06-08 17:51:26 t_client.py:477 Control loop (ms): 2.11
DEBUG 2026-06-08 17:51:26 t_client.py:477 Control loop (ms): 1.84
DEBUG 2026-06-08 17:51:26 t_client.py:292 Received actions on device: cpu
DEBUG 2026-06-08 17:51:26 t_client.py:302 Actions kept on device: cpu
DEBUG 2026-06-08 17:51:26 t_client.py:477 Control loop (ms): 1.63
DEBUG 2026-06-08 17:51:26 t_client.py:477 Control loop (ms): 1.65
DEBUG 2026-06-08 17:51:26 t_client.py:477 Control loop (ms): 2.37
DEBUG 2026-06-08 17:51:26 follower.py:184 follower_right SOFollower read state: 2.0ms
DEBUG 2026-06-08 17:51:26 follower.py:191 follower_right SOFollower read wrist: 0.0ms
DEBUG 2026-06-08 17:51:26 follower.py:184 follower_left SOFollower read state: 2.6ms
DEBUG 2026-06-08 17:51:26 follower.py:191 follower_left SOFollower read wrist: 0.0ms
DEBUG 2026-06-08 17:51:26 t_client.py:198 Observation serialization time: 0.010626s
DEBUG 2026-06-08 17:51:26 ort/utils.py:54 [CLIENT] Observation Buffer size 4.395498275756836 MB with
DEBUG 2026-06-08 17:51:26 ort/utils.py:69 [CLIENT] Observation Sent 2097152/4609014 bytes with state 1
DEBUG 2026-06-08 17:51:26 ort/utils.py:69 [CLIENT] Observation Sent 4194304/4609014 bytes with state 2
DEBUG 2026-06-08 17:51:26 ort/utils.py:69 [CLIENT] Observation Sent 4609014/4609014 bytes with state 3
DEBUG 2026-06-08 17:51:26 ort/utils.py:71 [CLIENT] Observation Published 4.395498275756836 MB
DEBUG 2026-06-08 17:51:27 t_client.py:209 Sent observation #561 | 
DEBUG 2026-06-08 17:51:27 t_client.py:434 QUEUE SIZE: 8 (Must go: False)
DEBUG 2026-06-08 17:51:27 t_client.py:477 Control loop (ms): 140.88
DEBUG 2026-06-08 17:51:27 follower.py:184 follower_right SOFollower read state: 2.3ms
DEBUG 2026-06-08 17:51:27 follower.py:191 follower_right SOFollower read wrist: 0.1ms
DEBUG 2026-06-08 17:51:27 follower.py:184 follower_left SOFollower read state: 2.3ms
DEBUG 2026-06-08 17:51:27 follower.py:191 follower_left SOFollower read wrist: 0.0ms
DEBUG 2026-06-08 17:51:27 t_client.py:198 Observation serialization time: 0.011380s
DEBUG 2026-06-08 17:51:27 ort/utils.py:54 [CLIENT] Observation Buffer size 4.395498275756836 MB with
DEBUG 2026-06-08 17:51:27 ort/utils.py:69 [CLIENT] Observation Sent 2097152/4609014 bytes with state 1
DEBUG 2026-06-08 17:51:27 ort/utils.py:69 [CLIENT] Observation Sent 4194304/4609014 bytes with state 2
DEBUG 2026-06-08 17:51:27 ort/utils.py:69 [CLIENT] Observation Sent 4609014/4609014 bytes with state 3
DEBUG 2026-06-08 17:51:27 ort/utils.py:71 [CLIENT] Observation Published 4.395498275756836 MB
DEBUG 2026-06-08 17:51:27 t_client.py:209 Sent observation #562 | 
DEBUG 2026-06-08 17:51:27 t_client.py:434 QUEUE SIZE: 7 (Must go: False)
DEBUG 2026-06-08 17:51:27 t_client.py:477 Control loop (ms): 118.13
DEBUG 2026-06-08 17:51:27 t_client.py:292 Received actions on device: cpu
DEBUG 2026-06-08 17:51:27 t_client.py:302 Actions kept on device: cpu
DEBUG 2026-06-08 17:51:27 follower.py:184 follower_right SOFollower read state: 7.7ms
DEBUG 2026-06-08 17:51:27 follower.py:191 follower_right SOFollower read wrist: 0.0ms
DEBUG 2026-06-08 17:51:27 follower.py:184 follower_left SOFollower read state: 2.1ms
DEBUG 2026-06-08 17:51:27 follower.py:191 follower_left SOFollower read wrist: 0.0ms
DEBUG 2026-06-08 17:51:27 t_client.py:198 Observation serialization time: 0.008956s
DEBUG 2026-06-08 17:51:27 ort/utils.py:54 [CLIENT] Observation Buffer size 4.395498275756836 MB with
DEBUG 2026-06-08 17:51:27 ort/utils.py:69 [CLIENT] Observation Sent 2097152/4609014 bytes with state 1
DEBUG 2026-06-08 17:51:27 ort/utils.py:69 [CLIENT] Observation Sent 4194304/4609014 bytes with state 2
DEBUG 2026-06-08 17:51:27 ort/utils.py:69 [CLIENT] Observation Sent 4609014/4609014 bytes with state 3
DEBUG 2026-06-08 17:51:27 ort/utils.py:71 [CLIENT] Observation Published 4.395498275756836 MB
DEBUG 2026-06-08 17:51:27 t_client.py:209 Sent observation #563 | 
DEBUG 2026-06-08 17:51:27 t_client.py:434 QUEUE SIZE: 6 (Must go: False)
DEBUG 2026-06-08 17:51:27 t_client.py:477 Control loop (ms): 142.97
DEBUG 2026-06-08 17:51:27 t_client.py:477 Control loop (ms): 3.71
DEBUG 2026-06-08 17:51:27 t_client.py:477 Control loop (ms): 2.97
DEBUG 2026-06-08 17:51:27 t_client.py:292 Received actions on device: cpu
DEBUG 2026-06-08 17:51:27 t_client.py:302 Actions kept on device: cpu
DEBUG 2026-06-08 17:51:27 t_client.py:477 Control loop (ms): 2.81
DEBUG 2026-06-08 17:51:27 t_client.py:477 Control loop (ms): 2.96
DEBUG 2026-06-08 17:51:27 t_client.py:477 Control loop (ms): 2.01
DEBUG 2026-06-08 17:51:27 t_client.py:292 Received actions on device: cpu
DEBUG 2026-06-08 17:51:27 t_client.py:302 Actions kept on device: cpu
DEBUG 2026-06-08 17:51:27 t_client.py:477 Control loop (ms): 1.66
DEBUG 2026-06-08 17:51:27 follower.py:184 follower_right SOFollower read state: 2.0ms
DEBUG 2026-06-08 17:51:27 follower.py:191 follower_right SOFollower read wrist: 0.0ms
DEBUG 2026-06-08 17:51:27 follower.py:184 follower_left SOFollower read state: 1.7ms
DEBUG 2026-06-08 17:51:27 follower.py:191 follower_left SOFollower read wrist: 0.0ms
DEBUG 2026-06-08 17:51:27 t_client.py:198 Observation serialization time: 0.008562s
DEBUG 2026-06-08 17:51:27 ort/utils.py:54 [CLIENT] Observation Buffer size 4.395498275756836 MB with
DEBUG 2026-06-08 17:51:27 ort/utils.py:69 [CLIENT] Observation Sent 2097152/4609014 bytes with state 1
DEBUG 2026-06-08 17:51:27 ort/utils.py:69 [CLIENT] Observation Sent 4194304/4609014 bytes with state 2
DEBUG 2026-06-08 17:51:27 ort/utils.py:69 [CLIENT] Observation Sent 4609014/4609014 bytes with state 3
DEBUG 2026-06-08 17:51:27 ort/utils.py:71 [CLIENT] Observation Published 4.395498275756836 MB
DEBUG 2026-06-08 17:51:27 t_client.py:209 Sent observation #570 | 
DEBUG 2026-06-08 17:51:27 t_client.py:434 QUEUE SIZE: 8 (Must go: False)
DEBUG 2026-06-08 17:51:27 t_client.py:477 Control loop (ms): 103.69
DEBUG 2026-06-08 17:51:27 follower.py:184 follower_right SOFollower read state: 1.9ms
DEBUG 2026-06-08 17:51:27 follower.py:191 follower_right SOFollower read wrist: 0.0ms
DEBUG 2026-06-08 17:51:27 follower.py:184 follower_left SOFollower read state: 1.9ms
DEBUG 2026-06-08 17:51:27 follower.py:191 follower_left SOFollower read wrist: 0.0ms
DEBUG 2026-06-08 17:51:27 t_client.py:198 Observation serialization time: 0.010089s
DEBUG 2026-06-08 17:51:27 ort/utils.py:54 [CLIENT] Observation Buffer size 4.395498275756836 MB with
DEBUG 2026-06-08 17:51:27 ort/utils.py:69 [CLIENT] Observation Sent 2097152/4609014 bytes with state 1
DEBUG 2026-06-08 17:51:27 ort/utils.py:69 [CLIENT] Observation Sent 4194304/4609014 bytes with state 2
DEBUG 2026-06-08 17:51:27 ort/utils.py:69 [CLIENT] Observation Sent 4609014/4609014 bytes with state 3
DEBUG 2026-06-08 17:51:27 ort/utils.py:71 [CLIENT] Observation Published 4.395498275756836 MB
DEBUG 2026-06-08 17:51:27 t_client.py:292 Received actions on device: cpu
DEBUG 2026-06-08 17:51:27 t_client.py:302 Actions kept on device: cpu
DEBUG 2026-06-08 17:51:27 t_client.py:209 Sent observation #571 | 
DEBUG 2026-06-08 17:51:27 t_client.py:434 QUEUE SIZE: 7 (Must go: False)
DEBUG 2026-06-08 17:51:27 t_client.py:477 Control loop (ms): 107.10
DEBUG 2026-06-08 17:51:27 t_client.py:477 Control loop (ms): 0.67
DEBUG 2026-06-08 17:51:27 t_client.py:477 Control loop (ms): 2.78
DEBUG 2026-06-08 17:51:27 t_client.py:477 Control loop (ms): 2.96
DEBUG 2026-06-08 17:51:27 t_client.py:292 Received actions on device: cpu
DEBUG 2026-06-08 17:51:27 t_client.py:302 Actions kept on device: cpu
DEBUG 2026-06-08 17:51:27 t_client.py:477 Control loop (ms): 2.96
DEBUG 2026-06-08 17:51:27 t_client.py:477 Control loop (ms): 2.15
DEBUG 2026-06-08 17:51:27 t_client.py:477 Control loop (ms): 1.94
DEBUG 2026-06-08 17:51:27 follower.py:184 follower_right SOFollower read state: 2.1ms
DEBUG 2026-06-08 17:51:27 follower.py:191 follower_right SOFollower read wrist: 0.0ms
DEBUG 2026-06-08 17:51:27 follower.py:184 follower_left SOFollower read state: 2.4ms
DEBUG 2026-06-08 17:51:27 follower.py:191 follower_left SOFollower read wrist: 0.0ms
DEBUG 2026-06-08 17:51:27 t_client.py:198 Observation serialization time: 0.008183s
DEBUG 2026-06-08 17:51:27 ort/utils.py:54 [CLIENT] Observation Buffer size 4.395498275756836 MB with
DEBUG 2026-06-08 17:51:27 ort/utils.py:69 [CLIENT] Observation Sent 2097152/4609014 bytes with state 1
DEBUG 2026-06-08 17:51:27 ort/utils.py:69 [CLIENT] Observation Sent 4194304/4609014 bytes with state 2
DEBUG 2026-06-08 17:51:27 ort/utils.py:69 [CLIENT] Observation Sent 4609014/4609014 bytes with state 3
DEBUG 2026-06-08 17:51:27 ort/utils.py:71 [CLIENT] Observation Published 4.395498275756836 MB
DEBUG 2026-06-08 17:51:27 t_client.py:209 Sent observation #578 | 
DEBUG 2026-06-08 17:51:27 t_client.py:434 QUEUE SIZE: 8 (Must go: False)
DEBUG 2026-06-08 17:51:27 t_client.py:477 Control loop (ms): 102.84
DEBUG 2026-06-08 17:51:28 follower.py:184 follower_right SOFollower read state: 2.1ms
DEBUG 2026-06-08 17:51:28 follower.py:191 follower_right SOFollower read wrist: 0.0ms
DEBUG 2026-06-08 17:51:28 follower.py:184 follower_left SOFollower read state: 2.0ms
DEBUG 2026-06-08 17:51:28 follower.py:191 follower_left SOFollower read wrist: 0.0ms
DEBUG 2026-06-08 17:51:28 t_client.py:198 Observation serialization time: 0.007335s
DEBUG 2026-06-08 17:51:28 ort/utils.py:54 [CLIENT] Observation Buffer size 4.395498275756836 MB with
DEBUG 2026-06-08 17:51:28 ort/utils.py:69 [CLIENT] Observation Sent 2097152/4609014 bytes with state 1
DEBUG 2026-06-08 17:51:28 ort/utils.py:69 [CLIENT] Observation Sent 4194304/4609014 bytes with state 2
DEBUG 2026-06-08 17:51:28 ort/utils.py:69 [CLIENT] Observation Sent 4609014/4609014 bytes with state 3
DEBUG 2026-06-08 17:51:28 ort/utils.py:71 [CLIENT] Observation Published 4.395498275756836 MB
DEBUG 2026-06-08 17:51:28 t_client.py:292 Received actions on device: cpu
DEBUG 2026-06-08 17:51:28 t_client.py:302 Actions kept on device: cpu
DEBUG 2026-06-08 17:51:28 t_client.py:209 Sent observation #579 | 
DEBUG 2026-06-08 17:51:28 t_client.py:434 QUEUE SIZE: 7 (Must go: False)
DEBUG 2026-06-08 17:51:28 t_client.py:477 Control loop (ms): 102.33
DEBUG 2026-06-08 17:51:28 t_client.py:477 Control loop (ms): 0.92
DEBUG 2026-06-08 17:51:28 t_client.py:477 Control loop (ms): 2.15
DEBUG 2026-06-08 17:51:28 t_client.py:477 Control loop (ms): 2.19
DEBUG 2026-06-08 17:51:28 t_client.py:292 Received actions on device: cpu
DEBUG 2026-06-08 17:51:28 t_client.py:302 Actions kept on device: cpu
DEBUG 2026-06-08 17:51:28 t_client.py:477 Control loop (ms): 1.57
DEBUG 2026-06-08 17:51:28 t_client.py:477 Control loop (ms): 2.19
DEBUG 2026-06-08 17:51:28 t_client.py:477 Control loop (ms): 1.70
DEBUG 2026-06-08 17:51:28 follower.py:184 follower_right SOFollower read state: 1.9ms
DEBUG 2026-06-08 17:51:28 follower.py:191 follower_right SOFollower read wrist: 0.0ms
DEBUG 2026-06-08 17:51:28 follower.py:184 follower_left SOFollower read state: 2.3ms
DEBUG 2026-06-08 17:51:28 follower.py:191 follower_left SOFollower read wrist: 0.0ms
DEBUG 2026-06-08 17:51:28 t_client.py:198 Observation serialization time: 0.007423s
DEBUG 2026-06-08 17:51:28 ort/utils.py:54 [CLIENT] Observation Buffer size 4.395498275756836 MB with
DEBUG 2026-06-08 17:51:28 ort/utils.py:69 [CLIENT] Observation Sent 2097152/4609014 bytes with state 1
DEBUG 2026-06-08 17:51:28 ort/utils.py:69 [CLIENT] Observation Sent 4194304/4609014 bytes with state 2
DEBUG 2026-06-08 17:51:28 ort/utils.py:69 [CLIENT] Observation Sent 4609014/4609014 bytes with state 3
DEBUG 2026-06-08 17:51:28 ort/utils.py:71 [CLIENT] Observation Published 4.395498275756836 MB
DEBUG 2026-06-08 17:51:28 t_client.py:209 Sent observation #586 | 
DEBUG 2026-06-08 17:51:28 t_client.py:434 QUEUE SIZE: 8 (Must go: False)
DEBUG 2026-06-08 17:51:28 t_client.py:477 Control loop (ms): 98.69
DEBUG 2026-06-08 17:51:28 follower.py:184 follower_right SOFollower read state: 2.8ms
DEBUG 2026-06-08 17:51:28 follower.py:191 follower_right SOFollower read wrist: 0.1ms
DEBUG 2026-06-08 17:51:28 follower.py:184 follower_left SOFollower read state: 2.7ms
DEBUG 2026-06-08 17:51:28 follower.py:191 follower_left SOFollower read wrist: 0.0ms
DEBUG 2026-06-08 17:51:28 t_client.py:198 Observation serialization time: 0.014131s
DEBUG 2026-06-08 17:51:28 ort/utils.py:54 [CLIENT] Observation Buffer size 4.395498275756836 MB with
DEBUG 2026-06-08 17:51:28 ort/utils.py:69 [CLIENT] Observation Sent 2097152/4609014 bytes with state 1
DEBUG 2026-06-08 17:51:28 ort/utils.py:69 [CLIENT] Observation Sent 4194304/4609014 bytes with state 2
DEBUG 2026-06-08 17:51:28 ort/utils.py:69 [CLIENT] Observation Sent 4609014/4609014 bytes with state 3
DEBUG 2026-06-08 17:51:28 ort/utils.py:71 [CLIENT] Observation Published 4.395498275756836 MB
DEBUG 2026-06-08 17:51:28 t_client.py:292 Received actions on device: cpu
DEBUG 2026-06-08 17:51:28 t_client.py:302 Actions kept on device: cpu
DEBUG 2026-06-08 17:51:28 t_client.py:209 Sent observation #587 | 
DEBUG 2026-06-08 17:51:28 t_client.py:434 QUEUE SIZE: 7 (Must go: False)
DEBUG 2026-06-08 17:51:28 t_client.py:477 Control loop (ms): 132.88
DEBUG 2026-06-08 17:51:28 t_client.py:477 Control loop (ms): 2.47
DEBUG 2026-06-08 17:51:28 t_client.py:477 Control loop (ms): 1.81
DEBUG 2026-06-08 17:51:28 t_client.py:477 Control loop (ms): 1.42
DEBUG 2026-06-08 17:51:28 t_client.py:292 Received actions on device: cpu
DEBUG 2026-06-08 17:51:28 t_client.py:302 Actions kept on device: cpu
DEBUG 2026-06-08 17:51:28 t_client.py:477 Control loop (ms): 1.42
DEBUG 2026-06-08 17:51:28 t_client.py:477 Control loop (ms): 1.60
DEBUG 2026-06-08 17:51:28 t_client.py:477 Control loop (ms): 1.53
DEBUG 2026-06-08 17:51:28 follower.py:184 follower_right SOFollower read state: 2.2ms
DEBUG 2026-06-08 17:51:28 follower.py:191 follower_right SOFollower read wrist: 0.0ms
DEBUG 2026-06-08 17:51:28 follower.py:184 follower_left SOFollower read state: 1.9ms
DEBUG 2026-06-08 17:51:28 follower.py:191 follower_left SOFollower read wrist: 0.0ms
DEBUG 2026-06-08 17:51:28 t_client.py:198 Observation serialization time: 0.012654s
DEBUG 2026-06-08 17:51:28 ort/utils.py:54 [CLIENT] Observation Buffer size 4.395498275756836 MB with
DEBUG 2026-06-08 17:51:28 ort/utils.py:69 [CLIENT] Observation Sent 2097152/4609014 bytes with state 1
DEBUG 2026-06-08 17:51:28 ort/utils.py:69 [CLIENT] Observation Sent 4194304/4609014 bytes with state 2
DEBUG 2026-06-08 17:51:28 ort/utils.py:69 [CLIENT] Observation Sent 4609014/4609014 bytes with state 3
DEBUG 2026-06-08 17:51:28 ort/utils.py:71 [CLIENT] Observation Published 4.395498275756836 MB
DEBUG 2026-06-08 17:51:28 t_client.py:209 Sent observation #594 | 
DEBUG 2026-06-08 17:51:28 t_client.py:434 QUEUE SIZE: 8 (Must go: False)
DEBUG 2026-06-08 17:51:28 t_client.py:477 Control loop (ms): 114.19
DEBUG 2026-06-08 17:51:28 follower.py:184 follower_right SOFollower read state: 1.7ms
DEBUG 2026-06-08 17:51:28 follower.py:191 follower_right SOFollower read wrist: 0.0ms
DEBUG 2026-06-08 17:51:28 follower.py:184 follower_left SOFollower read state: 1.7ms
DEBUG 2026-06-08 17:51:28 follower.py:191 follower_left SOFollower read wrist: 0.0ms
DEBUG 2026-06-08 17:51:28 t_client.py:198 Observation serialization time: 0.007071s
DEBUG 2026-06-08 17:51:28 ort/utils.py:54 [CLIENT] Observation Buffer size 4.395498275756836 MB with
DEBUG 2026-06-08 17:51:28 ort/utils.py:69 [CLIENT] Observation Sent 2097152/4609014 bytes with state 1
DEBUG 2026-06-08 17:51:28 ort/utils.py:69 [CLIENT] Observation Sent 4194304/4609014 bytes with state 2
DEBUG 2026-06-08 17:51:28 ort/utils.py:69 [CLIENT] Observation Sent 4609014/4609014 bytes with state 3
DEBUG 2026-06-08 17:51:28 ort/utils.py:71 [CLIENT] Observation Published 4.395498275756836 MB
DEBUG 2026-06-08 17:51:28 t_client.py:292 Received actions on device: cpu
DEBUG 2026-06-08 17:51:28 t_client.py:302 Actions kept on device: cpu
DEBUG 2026-06-08 17:51:28 t_client.py:209 Sent observation #595 | 
DEBUG 2026-06-08 17:51:28 t_client.py:434 QUEUE SIZE: 7 (Must go: False)
DEBUG 2026-06-08 17:51:28 t_client.py:477 Control loop (ms): 116.35
DEBUG 2026-06-08 17:51:28 t_client.py:477 Control loop (ms): 1.35
DEBUG 2026-06-08 17:51:29 t_client.py:477 Control loop (ms): 1.55
DEBUG 2026-06-08 17:51:29 t_client.py:477 Control loop (ms): 1.81
DEBUG 2026-06-08 17:51:29 t_client.py:292 Received actions on device: cpu
DEBUG 2026-06-08 17:51:29 t_client.py:302 Actions kept on device: cpu
DEBUG 2026-06-08 17:51:29 t_client.py:477 Control loop (ms): 1.34
DEBUG 2026-06-08 17:51:29 t_client.py:477 Control loop (ms): 1.58
DEBUG 2026-06-08 17:51:29 t_client.py:477 Control loop (ms): 1.81
DEBUG 2026-06-08 17:51:29 follower.py:184 follower_right SOFollower read state: 2.2ms
DEBUG 2026-06-08 17:51:29 follower.py:191 follower_right SOFollower read wrist: 0.0ms
DEBUG 2026-06-08 17:51:29 follower.py:184 follower_left SOFollower read state: 2.0ms
DEBUG 2026-06-08 17:51:29 follower.py:191 follower_left SOFollower read wrist: 0.0ms
DEBUG 2026-06-08 17:51:29 t_client.py:198 Observation serialization time: 0.008249s
DEBUG 2026-06-08 17:51:29 ort/utils.py:54 [CLIENT] Observation Buffer size 4.395498275756836 MB with
DEBUG 2026-06-08 17:51:29 ort/utils.py:69 [CLIENT] Observation Sent 2097152/4609014 bytes with state 1
DEBUG 2026-06-08 17:51:29 ort/utils.py:69 [CLIENT] Observation Sent 4194304/4609014 bytes with state 2
DEBUG 2026-06-08 17:51:29 ort/utils.py:69 [CLIENT] Observation Sent 4609014/4609014 bytes with state 3
DEBUG 2026-06-08 17:51:29 ort/utils.py:71 [CLIENT] Observation Published 4.395498275756836 MB
DEBUG 2026-06-08 17:51:29 t_client.py:209 Sent observation #602 | 
DEBUG 2026-06-08 17:51:29 t_client.py:434 QUEUE SIZE: 8 (Must go: False)
DEBUG 2026-06-08 17:51:29 t_client.py:477 Control loop (ms): 132.33
DEBUG 2026-06-08 17:51:29 follower.py:184 follower_right SOFollower read state: 2.0ms
DEBUG 2026-06-08 17:51:29 follower.py:191 follower_right SOFollower read wrist: 0.0ms
DEBUG 2026-06-08 17:51:29 follower.py:184 follower_left SOFollower read state: 1.5ms
DEBUG 2026-06-08 17:51:29 follower.py:191 follower_left SOFollower read wrist: 0.0ms
DEBUG 2026-06-08 17:51:29 t_client.py:198 Observation serialization time: 0.003970s
DEBUG 2026-06-08 17:51:29 ort/utils.py:54 [CLIENT] Observation Buffer size 4.395498275756836 MB with
DEBUG 2026-06-08 17:51:29 ort/utils.py:69 [CLIENT] Observation Sent 2097152/4609014 bytes with state 1
DEBUG 2026-06-08 17:51:29 ort/utils.py:69 [CLIENT] Observation Sent 4194304/4609014 bytes with state 2
DEBUG 2026-06-08 17:51:29 ort/utils.py:69 [CLIENT] Observation Sent 4609014/4609014 bytes with state 3
DEBUG 2026-06-08 17:51:29 ort/utils.py:71 [CLIENT] Observation Published 4.395498275756836 MB
DEBUG 2026-06-08 17:51:29 t_client.py:292 Received actions on device: cpu
DEBUG 2026-06-08 17:51:29 t_client.py:302 Actions kept on device: cpu
DEBUG 2026-06-08 17:51:29 t_client.py:209 Sent observation #603 | 
DEBUG 2026-06-08 17:51:29 t_client.py:434 QUEUE SIZE: 7 (Must go: False)
DEBUG 2026-06-08 17:51:29 t_client.py:477 Control loop (ms): 107.78
DEBUG 2026-06-08 17:51:29 t_client.py:477 Control loop (ms): 3.44
DEBUG 2026-06-08 17:51:29 t_client.py:477 Control loop (ms): 2.82
DEBUG 2026-06-08 17:51:29 t_client.py:477 Control loop (ms): 3.20
DEBUG 2026-06-08 17:51:29 t_client.py:292 Received actions on device: cpu
DEBUG 2026-06-08 17:51:29 t_client.py:302 Actions kept on device: cpu
DEBUG 2026-06-08 17:51:29 t_client.py:477 Control loop (ms): 3.03
DEBUG 2026-06-08 17:51:29 t_client.py:477 Control loop (ms): 2.26
DEBUG 2026-06-08 17:51:29 t_client.py:477 Control loop (ms): 2.28
DEBUG 2026-06-08 17:51:29 follower.py:184 follower_right SOFollower read state: 2.7ms
DEBUG 2026-06-08 17:51:29 follower.py:191 follower_right SOFollower read wrist: 0.0ms
DEBUG 2026-06-08 17:51:29 follower.py:184 follower_left SOFollower read state: 2.1ms
DEBUG 2026-06-08 17:51:29 follower.py:191 follower_left SOFollower read wrist: 0.0ms
DEBUG 2026-06-08 17:51:29 t_client.py:198 Observation serialization time: 0.006893s
DEBUG 2026-06-08 17:51:29 ort/utils.py:54 [CLIENT] Observation Buffer size 4.395498275756836 MB with
DEBUG 2026-06-08 17:51:29 ort/utils.py:69 [CLIENT] Observation Sent 2097152/4609014 bytes with state 1
DEBUG 2026-06-08 17:51:29 ort/utils.py:69 [CLIENT] Observation Sent 4194304/4609014 bytes with state 2
DEBUG 2026-06-08 17:51:29 ort/utils.py:69 [CLIENT] Observation Sent 4609014/4609014 bytes with state 3
DEBUG 2026-06-08 17:51:29 ort/utils.py:71 [CLIENT] Observation Published 4.395498275756836 MB
DEBUG 2026-06-08 17:51:29 t_client.py:209 Sent observation #610 | 
DEBUG 2026-06-08 17:51:29 t_client.py:434 QUEUE SIZE: 8 (Must go: False)
DEBUG 2026-06-08 17:51:29 t_client.py:477 Control loop (ms): 97.00
DEBUG 2026-06-08 17:51:29 follower.py:184 follower_right SOFollower read state: 2.0ms
DEBUG 2026-06-08 17:51:29 follower.py:191 follower_right SOFollower read wrist: 0.0ms
DEBUG 2026-06-08 17:51:29 follower.py:184 follower_left SOFollower read state: 1.7ms
DEBUG 2026-06-08 17:51:29 follower.py:191 follower_left SOFollower read wrist: 0.0ms
DEBUG 2026-06-08 17:51:29 t_client.py:198 Observation serialization time: 0.007638s
DEBUG 2026-06-08 17:51:29 ort/utils.py:54 [CLIENT] Observation Buffer size 4.395498275756836 MB with
DEBUG 2026-06-08 17:51:29 ort/utils.py:69 [CLIENT] Observation Sent 2097152/4609014 bytes with state 1
DEBUG 2026-06-08 17:51:29 ort/utils.py:69 [CLIENT] Observation Sent 4194304/4609014 bytes with state 2
DEBUG 2026-06-08 17:51:29 ort/utils.py:69 [CLIENT] Observation Sent 4609014/4609014 bytes with state 3
DEBUG 2026-06-08 17:51:29 ort/utils.py:71 [CLIENT] Observation Published 4.395498275756836 MB
DEBUG 2026-06-08 17:51:29 t_client.py:292 Received actions on device: cpu
DEBUG 2026-06-08 17:51:29 t_client.py:302 Actions kept on device: cpu
DEBUG 2026-06-08 17:51:29 t_client.py:209 Sent observation #611 | 
DEBUG 2026-06-08 17:51:29 t_client.py:434 QUEUE SIZE: 7 (Must go: False)
DEBUG 2026-06-08 17:51:29 t_client.py:477 Control loop (ms): 156.68
DEBUG 2026-06-08 17:51:29 t_client.py:477 Control loop (ms): 2.82
DEBUG 2026-06-08 17:51:29 t_client.py:477 Control loop (ms): 3.34
DEBUG 2026-06-08 17:51:29 t_client.py:477 Control loop (ms): 2.27
DEBUG 2026-06-08 17:51:29 t_client.py:292 Received actions on device: cpu
DEBUG 2026-06-08 17:51:29 t_client.py:302 Actions kept on device: cpu
DEBUG 2026-06-08 17:51:29 t_client.py:477 Control loop (ms): 1.70
DEBUG 2026-06-08 17:51:29 t_client.py:477 Control loop (ms): 0.60
DEBUG 2026-06-08 17:51:30 t_client.py:477 Control loop (ms): 1.87
DEBUG 2026-06-08 17:51:30 follower.py:184 follower_right SOFollower read state: 2.0ms
DEBUG 2026-06-08 17:51:30 follower.py:191 follower_right SOFollower read wrist: 0.1ms
DEBUG 2026-06-08 17:51:30 follower.py:184 follower_left SOFollower read state: 2.5ms
DEBUG 2026-06-08 17:51:30 follower.py:191 follower_left SOFollower read wrist: 0.0ms
DEBUG 2026-06-08 17:51:30 t_client.py:198 Observation serialization time: 0.008634s
DEBUG 2026-06-08 17:51:30 ort/utils.py:54 [CLIENT] Observation Buffer size 4.395498275756836 MB with
DEBUG 2026-06-08 17:51:30 ort/utils.py:69 [CLIENT] Observation Sent 2097152/4609014 bytes with state 1
DEBUG 2026-06-08 17:51:30 ort/utils.py:69 [CLIENT] Observation Sent 4194304/4609014 bytes with state 2
DEBUG 2026-06-08 17:51:30 ort/utils.py:69 [CLIENT] Observation Sent 4609014/4609014 bytes with state 3
DEBUG 2026-06-08 17:51:30 ort/utils.py:71 [CLIENT] Observation Published 4.395498275756836 MB
DEBUG 2026-06-08 17:51:30 t_client.py:209 Sent observation #618 | 
DEBUG 2026-06-08 17:51:30 t_client.py:434 QUEUE SIZE: 8 (Must go: False)
DEBUG 2026-06-08 17:51:30 t_client.py:477 Control loop (ms): 110.78
DEBUG 2026-06-08 17:51:30 follower.py:184 follower_right SOFollower read state: 2.0ms
DEBUG 2026-06-08 17:51:30 follower.py:191 follower_right SOFollower read wrist: 0.0ms
DEBUG 2026-06-08 17:51:30 follower.py:184 follower_left SOFollower read state: 2.1ms
DEBUG 2026-06-08 17:51:30 follower.py:191 follower_left SOFollower read wrist: 0.0ms
DEBUG 2026-06-08 17:51:30 t_client.py:198 Observation serialization time: 0.010711s
DEBUG 2026-06-08 17:51:30 ort/utils.py:54 [CLIENT] Observation Buffer size 4.395498275756836 MB with
DEBUG 2026-06-08 17:51:30 ort/utils.py:69 [CLIENT] Observation Sent 2097152/4609014 bytes with state 1
DEBUG 2026-06-08 17:51:30 ort/utils.py:69 [CLIENT] Observation Sent 4194304/4609014 bytes with state 2
DEBUG 2026-06-08 17:51:30 ort/utils.py:69 [CLIENT] Observation Sent 4609014/4609014 bytes with state 3
DEBUG 2026-06-08 17:51:30 ort/utils.py:71 [CLIENT] Observation Published 4.395498275756836 MB
DEBUG 2026-06-08 17:51:30 t_client.py:292 Received actions on device: cpu
DEBUG 2026-06-08 17:51:30 t_client.py:302 Actions kept on device: cpu
DEBUG 2026-06-08 17:51:30 t_client.py:209 Sent observation #619 | 
DEBUG 2026-06-08 17:51:30 t_client.py:434 QUEUE SIZE: 7 (Must go: False)
DEBUG 2026-06-08 17:51:30 t_client.py:477 Control loop (ms): 134.60
DEBUG 2026-06-08 17:51:30 t_client.py:477 Control loop (ms): 2.63
DEBUG 2026-06-08 17:51:30 t_client.py:477 Control loop (ms): 3.29
DEBUG 2026-06-08 17:51:30 t_client.py:477 Control loop (ms): 2.71
DEBUG 2026-06-08 17:51:30 t_client.py:292 Received actions on device: cpu
DEBUG 2026-06-08 17:51:30 t_client.py:302 Actions kept on device: cpu
DEBUG 2026-06-08 17:51:30 t_client.py:477 Control loop (ms): 2.96
DEBUG 2026-06-08 17:51:30 t_client.py:477 Control loop (ms): 3.65
DEBUG 2026-06-08 17:51:30 t_client.py:477 Control loop (ms): 3.36
DEBUG 2026-06-08 17:51:30 follower.py:184 follower_right SOFollower read state: 2.3ms
DEBUG 2026-06-08 17:51:30 follower.py:191 follower_right SOFollower read wrist: 0.0ms
DEBUG 2026-06-08 17:51:30 follower.py:184 follower_left SOFollower read state: 2.1ms
DEBUG 2026-06-08 17:51:30 follower.py:191 follower_left SOFollower read wrist: 0.0ms
DEBUG 2026-06-08 17:51:30 t_client.py:198 Observation serialization time: 0.009230s
DEBUG 2026-06-08 17:51:30 ort/utils.py:54 [CLIENT] Observation Buffer size 4.395498275756836 MB with
DEBUG 2026-06-08 17:51:30 ort/utils.py:69 [CLIENT] Observation Sent 2097152/4609014 bytes with state 1
DEBUG 2026-06-08 17:51:30 ort/utils.py:69 [CLIENT] Observation Sent 4194304/4609014 bytes with state 2
DEBUG 2026-06-08 17:51:30 ort/utils.py:69 [CLIENT] Observation Sent 4609014/4609014 bytes with state 3
DEBUG 2026-06-08 17:51:30 ort/utils.py:71 [CLIENT] Observation Published 4.395498275756836 MB
DEBUG 2026-06-08 17:51:30 t_client.py:209 Sent observation #626 | 
DEBUG 2026-06-08 17:51:30 t_client.py:434 QUEUE SIZE: 8 (Must go: False)
DEBUG 2026-06-08 17:51:30 t_client.py:477 Control loop (ms): 107.70
DEBUG 2026-06-08 17:51:30 follower.py:184 follower_right SOFollower read state: 2.2ms
DEBUG 2026-06-08 17:51:30 follower.py:191 follower_right SOFollower read wrist: 0.0ms
DEBUG 2026-06-08 17:51:30 follower.py:184 follower_left SOFollower read state: 2.9ms
DEBUG 2026-06-08 17:51:30 follower.py:191 follower_left SOFollower read wrist: 0.0ms
DEBUG 2026-06-08 17:51:30 t_client.py:198 Observation serialization time: 0.012551s
DEBUG 2026-06-08 17:51:30 ort/utils.py:54 [CLIENT] Observation Buffer size 4.395498275756836 MB with
DEBUG 2026-06-08 17:51:30 ort/utils.py:69 [CLIENT] Observation Sent 2097152/4609014 bytes with state 1
DEBUG 2026-06-08 17:51:30 ort/utils.py:69 [CLIENT] Observation Sent 4194304/4609014 bytes with state 2
DEBUG 2026-06-08 17:51:30 ort/utils.py:69 [CLIENT] Observation Sent 4609014/4609014 bytes with state 3
DEBUG 2026-06-08 17:51:30 ort/utils.py:71 [CLIENT] Observation Published 4.395498275756836 MB
DEBUG 2026-06-08 17:51:30 t_client.py:292 Received actions on device: cpu
DEBUG 2026-06-08 17:51:30 t_client.py:302 Actions kept on device: cpu
DEBUG 2026-06-08 17:51:30 t_client.py:209 Sent observation #627 | 
DEBUG 2026-06-08 17:51:30 t_client.py:434 QUEUE SIZE: 7 (Must go: False)
DEBUG 2026-06-08 17:51:30 t_client.py:477 Control loop (ms): 130.45
DEBUG 2026-06-08 17:51:30 t_client.py:477 Control loop (ms): 1.90
DEBUG 2026-06-08 17:51:30 t_client.py:477 Control loop (ms): 1.97
DEBUG 2026-06-08 17:51:30 t_client.py:477 Control loop (ms): 1.58
DEBUG 2026-06-08 17:51:30 t_client.py:292 Received actions on device: cpu
DEBUG 2026-06-08 17:51:30 t_client.py:302 Actions kept on device: cpu
DEBUG 2026-06-08 17:51:30 t_client.py:477 Control loop (ms): 1.08
DEBUG 2026-06-08 17:51:30 t_client.py:477 Control loop (ms): 1.48
DEBUG 2026-06-08 17:51:30 t_client.py:477 Control loop (ms): 1.74
DEBUG 2026-06-08 17:51:30 follower.py:184 follower_right SOFollower read state: 2.3ms
DEBUG 2026-06-08 17:51:30 follower.py:191 follower_right SOFollower read wrist: 0.0ms
DEBUG 2026-06-08 17:51:30 follower.py:184 follower_left SOFollower read state: 1.9ms
DEBUG 2026-06-08 17:51:30 follower.py:191 follower_left SOFollower read wrist: 0.0ms
DEBUG 2026-06-08 17:51:30 t_client.py:198 Observation serialization time: 0.011192s
DEBUG 2026-06-08 17:51:30 ort/utils.py:54 [CLIENT] Observation Buffer size 4.395498275756836 MB with
DEBUG 2026-06-08 17:51:30 ort/utils.py:69 [CLIENT] Observation Sent 2097152/4609014 bytes with state 1
DEBUG 2026-06-08 17:51:31 ort/utils.py:69 [CLIENT] Observation Sent 4194304/4609014 bytes with state 2
DEBUG 2026-06-08 17:51:31 ort/utils.py:69 [CLIENT] Observation Sent 4609014/4609014 bytes with state 3
DEBUG 2026-06-08 17:51:31 ort/utils.py:71 [CLIENT] Observation Published 4.395498275756836 MB
DEBUG 2026-06-08 17:51:31 t_client.py:209 Sent observation #634 | 
DEBUG 2026-06-08 17:51:31 t_client.py:434 QUEUE SIZE: 8 (Must go: False)
DEBUG 2026-06-08 17:51:31 t_client.py:477 Control loop (ms): 113.62
DEBUG 2026-06-08 17:51:31 follower.py:184 follower_right SOFollower read state: 1.8ms
DEBUG 2026-06-08 17:51:31 follower.py:191 follower_right SOFollower read wrist: 0.0ms
DEBUG 2026-06-08 17:51:31 follower.py:184 follower_left SOFollower read state: 1.7ms
DEBUG 2026-06-08 17:51:31 follower.py:191 follower_left SOFollower read wrist: 0.0ms
DEBUG 2026-06-08 17:51:31 t_client.py:198 Observation serialization time: 0.006177s
DEBUG 2026-06-08 17:51:31 ort/utils.py:54 [CLIENT] Observation Buffer size 4.395498275756836 MB with
DEBUG 2026-06-08 17:51:31 ort/utils.py:69 [CLIENT] Observation Sent 2097152/4609014 bytes with state 1
DEBUG 2026-06-08 17:51:31 ort/utils.py:69 [CLIENT] Observation Sent 4194304/4609014 bytes with state 2
DEBUG 2026-06-08 17:51:31 ort/utils.py:69 [CLIENT] Observation Sent 4609014/4609014 bytes with state 3
DEBUG 2026-06-08 17:51:31 ort/utils.py:71 [CLIENT] Observation Published 4.395498275756836 MB
DEBUG 2026-06-08 17:51:31 t_client.py:209 Sent observation #635 | 
DEBUG 2026-06-08 17:51:31 t_client.py:434 QUEUE SIZE: 7 (Must go: False)
DEBUG 2026-06-08 17:51:31 t_client.py:477 Control loop (ms): 105.98
DEBUG 2026-06-08 17:51:31 t_client.py:292 Received actions on device: cpu
DEBUG 2026-06-08 17:51:31 t_client.py:302 Actions kept on device: cpu
DEBUG 2026-06-08 17:51:31 follower.py:184 follower_right SOFollower read state: 2.5ms
DEBUG 2026-06-08 17:51:31 follower.py:191 follower_right SOFollower read wrist: 0.1ms
DEBUG 2026-06-08 17:51:31 follower.py:184 follower_left SOFollower read state: 2.6ms
DEBUG 2026-06-08 17:51:31 follower.py:191 follower_left SOFollower read wrist: 0.0ms
DEBUG 2026-06-08 17:51:31 t_client.py:198 Observation serialization time: 0.011203s
DEBUG 2026-06-08 17:51:31 ort/utils.py:54 [CLIENT] Observation Buffer size 4.395498275756836 MB with
DEBUG 2026-06-08 17:51:31 ort/utils.py:69 [CLIENT] Observation Sent 2097152/4609014 bytes with state 1
DEBUG 2026-06-08 17:51:31 ort/utils.py:69 [CLIENT] Observation Sent 4194304/4609014 bytes with state 2
DEBUG 2026-06-08 17:51:31 ort/utils.py:69 [CLIENT] Observation Sent 4609014/4609014 bytes with state 3
DEBUG 2026-06-08 17:51:31 ort/utils.py:71 [CLIENT] Observation Published 4.395498275756836 MB
DEBUG 2026-06-08 17:51:31 t_client.py:292 Received actions on device: cpu
DEBUG 2026-06-08 17:51:31 t_client.py:302 Actions kept on device: cpu
DEBUG 2026-06-08 17:51:31 t_client.py:209 Sent observation #636 | 
DEBUG 2026-06-08 17:51:31 t_client.py:434 QUEUE SIZE: 14 (Must go: False)
DEBUG 2026-06-08 17:51:31 t_client.py:477 Control loop (ms): 142.11
DEBUG 2026-06-08 17:51:31 t_client.py:477 Control loop (ms): 2.30
DEBUG 2026-06-08 17:51:31 t_client.py:477 Control loop (ms): 2.91
DEBUG 2026-06-08 17:51:31 t_client.py:477 Control loop (ms): 2.95
DEBUG 2026-06-08 17:51:31 t_client.py:292 Received actions on device: cpu
DEBUG 2026-06-08 17:51:31 t_client.py:302 Actions kept on device: cpu
DEBUG 2026-06-08 17:51:31 t_client.py:477 Control loop (ms): 2.47
DEBUG 2026-06-08 17:51:31 t_client.py:477 Control loop (ms): 1.91
DEBUG 2026-06-08 17:51:31 t_client.py:477 Control loop (ms): 1.52
DEBUG 2026-06-08 17:51:31 follower.py:184 follower_right SOFollower read state: 2.0ms
DEBUG 2026-06-08 17:51:31 follower.py:191 follower_right SOFollower read wrist: 0.0ms
DEBUG 2026-06-08 17:51:31 follower.py:184 follower_left SOFollower read state: 2.2ms
DEBUG 2026-06-08 17:51:31 follower.py:191 follower_left SOFollower read wrist: 0.0ms
DEBUG 2026-06-08 17:51:31 t_client.py:198 Observation serialization time: 0.009248s
DEBUG 2026-06-08 17:51:31 ort/utils.py:54 [CLIENT] Observation Buffer size 4.395498275756836 MB with
DEBUG 2026-06-08 17:51:31 ort/utils.py:69 [CLIENT] Observation Sent 2097152/4609014 bytes with state 1
DEBUG 2026-06-08 17:51:31 ort/utils.py:69 [CLIENT] Observation Sent 4194304/4609014 bytes with state 2
DEBUG 2026-06-08 17:51:31 ort/utils.py:69 [CLIENT] Observation Sent 4609014/4609014 bytes with state 3
DEBUG 2026-06-08 17:51:31 ort/utils.py:71 [CLIENT] Observation Published 4.395498275756836 MB
DEBUG 2026-06-08 17:51:31 t_client.py:209 Sent observation #643 | 
DEBUG 2026-06-08 17:51:31 t_client.py:434 QUEUE SIZE: 8 (Must go: False)
DEBUG 2026-06-08 17:51:31 t_client.py:477 Control loop (ms): 116.96
DEBUG 2026-06-08 17:51:31 follower.py:184 follower_right SOFollower read state: 1.8ms
DEBUG 2026-06-08 17:51:31 follower.py:191 follower_right SOFollower read wrist: 0.0ms
DEBUG 2026-06-08 17:51:31 follower.py:184 follower_left SOFollower read state: 1.7ms
DEBUG 2026-06-08 17:51:31 follower.py:191 follower_left SOFollower read wrist: 0.0ms
DEBUG 2026-06-08 17:51:31 t_client.py:198 Observation serialization time: 0.005408s
DEBUG 2026-06-08 17:51:31 ort/utils.py:54 [CLIENT] Observation Buffer size 4.395498275756836 MB with
DEBUG 2026-06-08 17:51:31 ort/utils.py:69 [CLIENT] Observation Sent 2097152/4609014 bytes with state 1
DEBUG 2026-06-08 17:51:31 ort/utils.py:69 [CLIENT] Observation Sent 4194304/4609014 bytes with state 2
DEBUG 2026-06-08 17:51:31 ort/utils.py:69 [CLIENT] Observation Sent 4609014/4609014 bytes with state 3
DEBUG 2026-06-08 17:51:31 ort/utils.py:71 [CLIENT] Observation Published 4.395498275756836 MB
DEBUG 2026-06-08 17:51:31 t_client.py:292 Received actions on device: cpu
DEBUG 2026-06-08 17:51:31 t_client.py:302 Actions kept on device: cpu
DEBUG 2026-06-08 17:51:31 t_client.py:209 Sent observation #644 | 
DEBUG 2026-06-08 17:51:31 t_client.py:434 QUEUE SIZE: 7 (Must go: False)
DEBUG 2026-06-08 17:51:31 t_client.py:477 Control loop (ms): 104.92
DEBUG 2026-06-08 17:51:31 t_client.py:477 Control loop (ms): 2.46
DEBUG 2026-06-08 17:51:31 t_client.py:477 Control loop (ms): 2.30
DEBUG 2026-06-08 17:51:31 t_client.py:477 Control loop (ms): 1.89
DEBUG 2026-06-08 17:51:31 t_client.py:292 Received actions on device: cpu
DEBUG 2026-06-08 17:51:31 t_client.py:302 Actions kept on device: cpu
DEBUG 2026-06-08 17:51:31 t_client.py:477 Control loop (ms): 2.27
DEBUG 2026-06-08 17:51:31 t_client.py:477 Control loop (ms): 2.29
DEBUG 2026-06-08 17:51:31 t_client.py:477 Control loop (ms): 2.11
DEBUG 2026-06-08 17:51:31 follower.py:184 follower_right SOFollower read state: 2.3ms
DEBUG 2026-06-08 17:51:31 follower.py:191 follower_right SOFollower read wrist: 0.0ms
DEBUG 2026-06-08 17:51:31 follower.py:184 follower_left SOFollower read state: 1.9ms
DEBUG 2026-06-08 17:51:31 follower.py:191 follower_left SOFollower read wrist: 0.0ms
DEBUG 2026-06-08 17:51:31 t_client.py:198 Observation serialization time: 0.008629s
DEBUG 2026-06-08 17:51:31 ort/utils.py:54 [CLIENT] Observation Buffer size 4.395498275756836 MB with
DEBUG 2026-06-08 17:51:31 ort/utils.py:69 [CLIENT] Observation Sent 2097152/4609014 bytes with state 1
DEBUG 2026-06-08 17:51:32 ort/utils.py:69 [CLIENT] Observation Sent 4194304/4609014 bytes with state 2
DEBUG 2026-06-08 17:51:32 ort/utils.py:69 [CLIENT] Observation Sent 4609014/4609014 bytes with state 3
DEBUG 2026-06-08 17:51:32 ort/utils.py:71 [CLIENT] Observation Published 4.395498275756836 MB
DEBUG 2026-06-08 17:51:32 t_client.py:209 Sent observation #651 | 
DEBUG 2026-06-08 17:51:32 t_client.py:434 QUEUE SIZE: 8 (Must go: False)
DEBUG 2026-06-08 17:51:32 t_client.py:477 Control loop (ms): 109.98
DEBUG 2026-06-08 17:51:32 follower.py:184 follower_right SOFollower read state: 2.0ms
DEBUG 2026-06-08 17:51:32 follower.py:191 follower_right SOFollower read wrist: 0.0ms
DEBUG 2026-06-08 17:51:32 follower.py:184 follower_left SOFollower read state: 1.9ms
DEBUG 2026-06-08 17:51:32 follower.py:191 follower_left SOFollower read wrist: 0.0ms
DEBUG 2026-06-08 17:51:32 t_client.py:198 Observation serialization time: 0.007762s
DEBUG 2026-06-08 17:51:32 ort/utils.py:54 [CLIENT] Observation Buffer size 4.395498275756836 MB with
DEBUG 2026-06-08 17:51:32 ort/utils.py:69 [CLIENT] Observation Sent 2097152/4609014 bytes with state 1
DEBUG 2026-06-08 17:51:32 ort/utils.py:69 [CLIENT] Observation Sent 4194304/4609014 bytes with state 2
DEBUG 2026-06-08 17:51:32 ort/utils.py:69 [CLIENT] Observation Sent 4609014/4609014 bytes with state 3
DEBUG 2026-06-08 17:51:32 ort/utils.py:71 [CLIENT] Observation Published 4.395498275756836 MB
DEBUG 2026-06-08 17:51:32 t_client.py:292 Received actions on device: cpu
DEBUG 2026-06-08 17:51:32 t_client.py:302 Actions kept on device: cpu
DEBUG 2026-06-08 17:51:32 t_client.py:209 Sent observation #652 | 
DEBUG 2026-06-08 17:51:32 t_client.py:434 QUEUE SIZE: 7 (Must go: False)
DEBUG 2026-06-08 17:51:32 t_client.py:477 Control loop (ms): 109.56
DEBUG 2026-06-08 17:51:32 t_client.py:477 Control loop (ms): 2.60
DEBUG 2026-06-08 17:51:32 t_client.py:477 Control loop (ms): 1.66
DEBUG 2026-06-08 17:51:32 t_client.py:477 Control loop (ms): 1.51
DEBUG 2026-06-08 17:51:32 t_client.py:292 Received actions on device: cpu
DEBUG 2026-06-08 17:51:32 t_client.py:302 Actions kept on device: cpu
DEBUG 2026-06-08 17:51:32 t_client.py:477 Control loop (ms): 1.23
DEBUG 2026-06-08 17:51:32 t_client.py:477 Control loop (ms): 1.60
DEBUG 2026-06-08 17:51:32 t_client.py:477 Control loop (ms): 1.80
DEBUG 2026-06-08 17:51:32 follower.py:184 follower_right SOFollower read state: 2.0ms
DEBUG 2026-06-08 17:51:32 follower.py:191 follower_right SOFollower read wrist: 0.0ms
DEBUG 2026-06-08 17:51:32 follower.py:184 follower_left SOFollower read state: 1.8ms
DEBUG 2026-06-08 17:51:32 follower.py:191 follower_left SOFollower read wrist: 0.0ms
DEBUG 2026-06-08 17:51:32 t_client.py:198 Observation serialization time: 0.007819s
DEBUG 2026-06-08 17:51:32 ort/utils.py:54 [CLIENT] Observation Buffer size 4.395498275756836 MB with
DEBUG 2026-06-08 17:51:32 ort/utils.py:69 [CLIENT] Observation Sent 2097152/4609014 bytes with state 1
DEBUG 2026-06-08 17:51:32 ort/utils.py:69 [CLIENT] Observation Sent 4194304/4609014 bytes with state 2
DEBUG 2026-06-08 17:51:32 ort/utils.py:69 [CLIENT] Observation Sent 4609014/4609014 bytes with state 3
DEBUG 2026-06-08 17:51:32 ort/utils.py:71 [CLIENT] Observation Published 4.395498275756836 MB
DEBUG 2026-06-08 17:51:32 t_client.py:209 Sent observation #659 | 
DEBUG 2026-06-08 17:51:32 t_client.py:434 QUEUE SIZE: 8 (Must go: False)
DEBUG 2026-06-08 17:51:32 t_client.py:477 Control loop (ms): 112.13
DEBUG 2026-06-08 17:51:32 follower.py:184 follower_right SOFollower read state: 1.8ms
DEBUG 2026-06-08 17:51:32 follower.py:191 follower_right SOFollower read wrist: 0.0ms
DEBUG 2026-06-08 17:51:32 follower.py:184 follower_left SOFollower read state: 1.7ms
DEBUG 2026-06-08 17:51:32 follower.py:191 follower_left SOFollower read wrist: 0.0ms
DEBUG 2026-06-08 17:51:32 t_client.py:198 Observation serialization time: 0.006555s
DEBUG 2026-06-08 17:51:32 ort/utils.py:54 [CLIENT] Observation Buffer size 4.395498275756836 MB with
DEBUG 2026-06-08 17:51:32 ort/utils.py:69 [CLIENT] Observation Sent 2097152/4609014 bytes with state 1
DEBUG 2026-06-08 17:51:32 ort/utils.py:69 [CLIENT] Observation Sent 4194304/4609014 bytes with state 2
DEBUG 2026-06-08 17:51:32 ort/utils.py:69 [CLIENT] Observation Sent 4609014/4609014 bytes with state 3
DEBUG 2026-06-08 17:51:32 ort/utils.py:71 [CLIENT] Observation Published 4.395498275756836 MB
DEBUG 2026-06-08 17:51:32 t_client.py:292 Received actions on device: cpu
DEBUG 2026-06-08 17:51:32 t_client.py:302 Actions kept on device: cpu
DEBUG 2026-06-08 17:51:32 t_client.py:209 Sent observation #660 | 
DEBUG 2026-06-08 17:51:32 t_client.py:434 QUEUE SIZE: 7 (Must go: False)
DEBUG 2026-06-08 17:51:32 t_client.py:477 Control loop (ms): 141.37
DEBUG 2026-06-08 17:51:32 t_client.py:477 Control loop (ms): 1.68
DEBUG 2026-06-08 17:51:32 t_client.py:477 Control loop (ms): 2.25
DEBUG 2026-06-08 17:51:32 t_client.py:477 Control loop (ms): 2.80
DEBUG 2026-06-08 17:51:32 t_client.py:292 Received actions on device: cpu
DEBUG 2026-06-08 17:51:32 t_client.py:302 Actions kept on device: cpu
DEBUG 2026-06-08 17:51:32 t_client.py:477 Control loop (ms): 2.47
DEBUG 2026-06-08 17:51:32 t_client.py:477 Control loop (ms): 2.73
DEBUG 2026-06-08 17:51:32 t_client.py:477 Control loop (ms): 3.31
DEBUG 2026-06-08 17:51:32 follower.py:184 follower_right SOFollower read state: 2.0ms
DEBUG 2026-06-08 17:51:32 follower.py:191 follower_right SOFollower read wrist: 0.0ms
DEBUG 2026-06-08 17:51:32 follower.py:184 follower_left SOFollower read state: 2.1ms
DEBUG 2026-06-08 17:51:32 follower.py:191 follower_left SOFollower read wrist: 0.0ms
DEBUG 2026-06-08 17:51:32 t_client.py:198 Observation serialization time: 0.006241s
DEBUG 2026-06-08 17:51:32 ort/utils.py:54 [CLIENT] Observation Buffer size 4.395498275756836 MB with
DEBUG 2026-06-08 17:51:32 ort/utils.py:69 [CLIENT] Observation Sent 2097152/4609014 bytes with state 1
DEBUG 2026-06-08 17:51:32 ort/utils.py:69 [CLIENT] Observation Sent 4194304/4609014 bytes with state 2
DEBUG 2026-06-08 17:51:32 ort/utils.py:69 [CLIENT] Observation Sent 4609014/4609014 bytes with state 3
DEBUG 2026-06-08 17:51:32 ort/utils.py:71 [CLIENT] Observation Published 4.395498275756836 MB
DEBUG 2026-06-08 17:51:32 t_client.py:209 Sent observation #667 | 
DEBUG 2026-06-08 17:51:32 t_client.py:434 QUEUE SIZE: 8 (Must go: False)
DEBUG 2026-06-08 17:51:32 t_client.py:477 Control loop (ms): 106.54
DEBUG 2026-06-08 17:51:32 follower.py:184 follower_right SOFollower read state: 2.5ms
DEBUG 2026-06-08 17:51:32 follower.py:191 follower_right SOFollower read wrist: 0.1ms
DEBUG 2026-06-08 17:51:32 follower.py:184 follower_left SOFollower read state: 2.7ms
DEBUG 2026-06-08 17:51:32 follower.py:191 follower_left SOFollower read wrist: 0.1ms
DEBUG 2026-06-08 17:51:32 t_client.py:198 Observation serialization time: 0.010538s
DEBUG 2026-06-08 17:51:32 ort/utils.py:54 [CLIENT] Observation Buffer size 4.395498275756836 MB with
DEBUG 2026-06-08 17:51:32 ort/utils.py:69 [CLIENT] Observation Sent 2097152/4609014 bytes with state 1
DEBUG 2026-06-08 17:51:33 ort/utils.py:69 [CLIENT] Observation Sent 4194304/4609014 bytes with state 2
DEBUG 2026-06-08 17:51:33 ort/utils.py:69 [CLIENT] Observation Sent 4609014/4609014 bytes with state 3
DEBUG 2026-06-08 17:51:33 ort/utils.py:71 [CLIENT] Observation Published 4.395498275756836 MB
DEBUG 2026-06-08 17:51:33 t_client.py:209 Sent observation #668 | 
DEBUG 2026-06-08 17:51:33 t_client.py:434 QUEUE SIZE: 7 (Must go: False)
DEBUG 2026-06-08 17:51:33 t_client.py:477 Control loop (ms): 135.26
DEBUG 2026-06-08 17:51:33 follower.py:184 follower_right SOFollower read state: 2.9ms
DEBUG 2026-06-08 17:51:33 follower.py:191 follower_right SOFollower read wrist: 0.0ms
DEBUG 2026-06-08 17:51:33 t_client.py:292 Received actions on device: cpu
DEBUG 2026-06-08 17:51:33 follower.py:184 follower_left SOFollower read state: 2.9ms
DEBUG 2026-06-08 17:51:33 t_client.py:302 Actions kept on device: cpu
DEBUG 2026-06-08 17:51:33 follower.py:191 follower_left SOFollower read wrist: 0.0ms
DEBUG 2026-06-08 17:51:33 t_client.py:198 Observation serialization time: 0.010870s
DEBUG 2026-06-08 17:51:33 ort/utils.py:54 [CLIENT] Observation Buffer size 4.395498275756836 MB with
DEBUG 2026-06-08 17:51:33 ort/utils.py:69 [CLIENT] Observation Sent 2097152/4609014 bytes with state 1
DEBUG 2026-06-08 17:51:33 ort/utils.py:69 [CLIENT] Observation Sent 4194304/4609014 bytes with state 2
DEBUG 2026-06-08 17:51:33 ort/utils.py:69 [CLIENT] Observation Sent 4609014/4609014 bytes with state 3
DEBUG 2026-06-08 17:51:33 ort/utils.py:71 [CLIENT] Observation Published 4.395498275756836 MB
DEBUG 2026-06-08 17:51:33 t_client.py:209 Sent observation #669 | 
DEBUG 2026-06-08 17:51:33 t_client.py:434 QUEUE SIZE: 6 (Must go: False)
DEBUG 2026-06-08 17:51:33 t_client.py:477 Control loop (ms): 118.99
DEBUG 2026-06-08 17:51:33 t_client.py:477 Control loop (ms): 2.04
DEBUG 2026-06-08 17:51:33 t_client.py:477 Control loop (ms): 1.75
DEBUG 2026-06-08 17:51:33 t_client.py:292 Received actions on device: cpu
DEBUG 2026-06-08 17:51:33 t_client.py:302 Actions kept on device: cpu
DEBUG 2026-06-08 17:51:33 t_client.py:477 Control loop (ms): 1.86
DEBUG 2026-06-08 17:51:33 t_client.py:477 Control loop (ms): 1.54
DEBUG 2026-06-08 17:51:33 t_client.py:477 Control loop (ms): 1.29
DEBUG 2026-06-08 17:51:33 t_client.py:292 Received actions on device: cpu
DEBUG 2026-06-08 17:51:33 t_client.py:302 Actions kept on device: cpu
DEBUG 2026-06-08 17:51:33 t_client.py:477 Control loop (ms): 1.57
DEBUG 2026-06-08 17:51:33 follower.py:184 follower_right SOFollower read state: 1.8ms
DEBUG 2026-06-08 17:51:33 follower.py:191 follower_right SOFollower read wrist: 0.0ms
DEBUG 2026-06-08 17:51:33 follower.py:184 follower_left SOFollower read state: 1.8ms
DEBUG 2026-06-08 17:51:33 follower.py:191 follower_left SOFollower read wrist: 0.0ms
DEBUG 2026-06-08 17:51:33 t_client.py:198 Observation serialization time: 0.007162s
DEBUG 2026-06-08 17:51:33 ort/utils.py:54 [CLIENT] Observation Buffer size 4.395498275756836 MB with
DEBUG 2026-06-08 17:51:33 ort/utils.py:69 [CLIENT] Observation Sent 2097152/4609014 bytes with state 1
DEBUG 2026-06-08 17:51:33 ort/utils.py:69 [CLIENT] Observation Sent 4194304/4609014 bytes with state 2
DEBUG 2026-06-08 17:51:33 ort/utils.py:69 [CLIENT] Observation Sent 4609014/4609014 bytes with state 3
DEBUG 2026-06-08 17:51:33 ort/utils.py:71 [CLIENT] Observation Published 4.395498275756836 MB
DEBUG 2026-06-08 17:51:33 t_client.py:209 Sent observation #676 | 
DEBUG 2026-06-08 17:51:33 t_client.py:434 QUEUE SIZE: 8 (Must go: False)
DEBUG 2026-06-08 17:51:33 t_client.py:477 Control loop (ms): 116.08
DEBUG 2026-06-08 17:51:33 follower.py:184 follower_right SOFollower read state: 1.9ms
DEBUG 2026-06-08 17:51:33 follower.py:191 follower_right SOFollower read wrist: 0.0ms
DEBUG 2026-06-08 17:51:33 follower.py:184 follower_left SOFollower read state: 1.8ms
DEBUG 2026-06-08 17:51:33 follower.py:191 follower_left SOFollower read wrist: 0.0ms
DEBUG 2026-06-08 17:51:33 t_client.py:198 Observation serialization time: 0.009736s
DEBUG 2026-06-08 17:51:33 ort/utils.py:54 [CLIENT] Observation Buffer size 4.395498275756836 MB with
DEBUG 2026-06-08 17:51:33 ort/utils.py:69 [CLIENT] Observation Sent 2097152/4609014 bytes with state 1
DEBUG 2026-06-08 17:51:33 ort/utils.py:69 [CLIENT] Observation Sent 4194304/4609014 bytes with state 2
DEBUG 2026-06-08 17:51:33 ort/utils.py:69 [CLIENT] Observation Sent 4609014/4609014 bytes with state 3
DEBUG 2026-06-08 17:51:33 ort/utils.py:71 [CLIENT] Observation Published 4.395498275756836 MB
DEBUG 2026-06-08 17:51:33 t_client.py:292 Received actions on device: cpu
DEBUG 2026-06-08 17:51:33 t_client.py:302 Actions kept on device: cpu
DEBUG 2026-06-08 17:51:33 t_client.py:209 Sent observation #677 | 
DEBUG 2026-06-08 17:51:33 t_client.py:434 QUEUE SIZE: 7 (Must go: False)
DEBUG 2026-06-08 17:51:33 t_client.py:477 Control loop (ms): 122.22
DEBUG 2026-06-08 17:51:33 t_client.py:477 Control loop (ms): 2.79
DEBUG 2026-06-08 17:51:33 t_client.py:477 Control loop (ms): 3.08
DEBUG 2026-06-08 17:51:33 t_client.py:477 Control loop (ms): 2.11
DEBUG 2026-06-08 17:51:33 t_client.py:292 Received actions on device: cpu
DEBUG 2026-06-08 17:51:33 t_client.py:302 Actions kept on device: cpu
DEBUG 2026-06-08 17:51:33 t_client.py:477 Control loop (ms): 1.13
DEBUG 2026-06-08 17:51:33 t_client.py:477 Control loop (ms): 1.64
DEBUG 2026-06-08 17:51:33 t_client.py:477 Control loop (ms): 3.83
DEBUG 2026-06-08 17:51:33 follower.py:184 follower_right SOFollower read state: 2.9ms
DEBUG 2026-06-08 17:51:33 follower.py:191 follower_right SOFollower read wrist: 0.1ms
DEBUG 2026-06-08 17:51:33 follower.py:184 follower_left SOFollower read state: 2.2ms
DEBUG 2026-06-08 17:51:33 follower.py:191 follower_left SOFollower read wrist: 0.0ms
DEBUG 2026-06-08 17:51:33 t_client.py:198 Observation serialization time: 0.012940s
DEBUG 2026-06-08 17:51:33 ort/utils.py:54 [CLIENT] Observation Buffer size 4.395498275756836 MB with
DEBUG 2026-06-08 17:51:33 ort/utils.py:69 [CLIENT] Observation Sent 2097152/4609014 bytes with state 1
DEBUG 2026-06-08 17:51:33 ort/utils.py:69 [CLIENT] Observation Sent 4194304/4609014 bytes with state 2
DEBUG 2026-06-08 17:51:33 ort/utils.py:69 [CLIENT] Observation Sent 4609014/4609014 bytes with state 3
DEBUG 2026-06-08 17:51:33 ort/utils.py:71 [CLIENT] Observation Published 4.395498275756836 MB
DEBUG 2026-06-08 17:51:33 t_client.py:209 Sent observation #684 | 
DEBUG 2026-06-08 17:51:33 t_client.py:434 QUEUE SIZE: 8 (Must go: False)
DEBUG 2026-06-08 17:51:33 t_client.py:477 Control loop (ms): 116.83
DEBUG 2026-06-08 17:51:33 follower.py:184 follower_right SOFollower read state: 2.7ms
DEBUG 2026-06-08 17:51:33 follower.py:191 follower_right SOFollower read wrist: 0.0ms
DEBUG 2026-06-08 17:51:33 follower.py:184 follower_left SOFollower read state: 2.1ms
DEBUG 2026-06-08 17:51:33 follower.py:191 follower_left SOFollower read wrist: 0.0ms
DEBUG 2026-06-08 17:51:33 t_client.py:198 Observation serialization time: 0.008772s
DEBUG 2026-06-08 17:51:33 ort/utils.py:54 [CLIENT] Observation Buffer size 4.395498275756836 MB with
DEBUG 2026-06-08 17:51:33 ort/utils.py:69 [CLIENT] Observation Sent 2097152/4609014 bytes with state 1
DEBUG 2026-06-08 17:51:33 ort/utils.py:69 [CLIENT] Observation Sent 4194304/4609014 bytes with state 2
DEBUG 2026-06-08 17:51:34 ort/utils.py:69 [CLIENT] Observation Sent 4609014/4609014 bytes with state 3
DEBUG 2026-06-08 17:51:34 ort/utils.py:71 [CLIENT] Observation Published 4.395498275756836 MB
DEBUG 2026-06-08 17:51:34 t_client.py:292 Received actions on device: cpu
DEBUG 2026-06-08 17:51:34 t_client.py:302 Actions kept on device: cpu
DEBUG 2026-06-08 17:51:34 t_client.py:209 Sent observation #685 | 
DEBUG 2026-06-08 17:51:34 t_client.py:434 QUEUE SIZE: 7 (Must go: False)
DEBUG 2026-06-08 17:51:34 t_client.py:477 Control loop (ms): 116.90
DEBUG 2026-06-08 17:51:34 t_client.py:477 Control loop (ms): 2.54
DEBUG 2026-06-08 17:51:34 t_client.py:477 Control loop (ms): 2.57
DEBUG 2026-06-08 17:51:34 t_client.py:477 Control loop (ms): 2.50
DEBUG 2026-06-08 17:51:34 t_client.py:477 Control loop (ms): 2.54
DEBUG 2026-06-08 17:51:34 t_client.py:477 Control loop (ms): 3.16
DEBUG 2026-06-08 17:51:34 follower.py:184 follower_right SOFollower read state: 2.0ms
DEBUG 2026-06-08 17:51:34 follower.py:191 follower_right SOFollower read wrist: 0.0ms
DEBUG 2026-06-08 17:51:34 follower.py:184 follower_left SOFollower read state: 2.1ms
DEBUG 2026-06-08 17:51:34 follower.py:191 follower_left SOFollower read wrist: 0.0ms
DEBUG 2026-06-08 17:51:34 t_client.py:198 Observation serialization time: 0.008266s
DEBUG 2026-06-08 17:51:34 ort/utils.py:54 [CLIENT] Observation Buffer size 4.395498275756836 MB with
DEBUG 2026-06-08 17:51:34 ort/utils.py:69 [CLIENT] Observation Sent 2097152/4609014 bytes with state 1
DEBUG 2026-06-08 17:51:34 ort/utils.py:69 [CLIENT] Observation Sent 4194304/4609014 bytes with state 2
DEBUG 2026-06-08 17:51:34 ort/utils.py:69 [CLIENT] Observation Sent 4609014/4609014 bytes with state 3
DEBUG 2026-06-08 17:51:34 ort/utils.py:71 [CLIENT] Observation Published 4.395498275756836 MB
DEBUG 2026-06-08 17:51:34 t_client.py:209 Sent observation #691 | 
DEBUG 2026-06-08 17:51:34 t_client.py:434 QUEUE SIZE: 8 (Must go: False)
DEBUG 2026-06-08 17:51:34 t_client.py:477 Control loop (ms): 160.56
DEBUG 2026-06-08 17:51:34 follower.py:184 follower_right SOFollower read state: 1.5ms
DEBUG 2026-06-08 17:51:34 follower.py:191 follower_right SOFollower read wrist: 0.0ms
DEBUG 2026-06-08 17:51:34 follower.py:184 follower_left SOFollower read state: 1.4ms
DEBUG 2026-06-08 17:51:34 follower.py:191 follower_left SOFollower read wrist: 0.0ms
DEBUG 2026-06-08 17:51:34 t_client.py:198 Observation serialization time: 0.004792s
DEBUG 2026-06-08 17:51:34 ort/utils.py:54 [CLIENT] Observation Buffer size 4.395498275756836 MB with
DEBUG 2026-06-08 17:51:34 ort/utils.py:69 [CLIENT] Observation Sent 2097152/4609014 bytes with state 1
DEBUG 2026-06-08 17:51:34 ort/utils.py:69 [CLIENT] Observation Sent 4194304/4609014 bytes with state 2
DEBUG 2026-06-08 17:51:34 ort/utils.py:69 [CLIENT] Observation Sent 4609014/4609014 bytes with state 3
DEBUG 2026-06-08 17:51:34 ort/utils.py:71 [CLIENT] Observation Published 4.395498275756836 MB
DEBUG 2026-06-08 17:51:34 t_client.py:292 Received actions on device: cpu
DEBUG 2026-06-08 17:51:34 t_client.py:302 Actions kept on device: cpu
DEBUG 2026-06-08 17:51:34 t_client.py:209 Sent observation #692 | 
DEBUG 2026-06-08 17:51:34 t_client.py:434 QUEUE SIZE: 7 (Must go: False)
DEBUG 2026-06-08 17:51:34 t_client.py:477 Control loop (ms): 124.49
DEBUG 2026-06-08 17:51:34 t_client.py:477 Control loop (ms): 3.25
DEBUG 2026-06-08 17:51:34 t_client.py:477 Control loop (ms): 1.19
DEBUG 2026-06-08 17:51:34 t_client.py:477 Control loop (ms): 2.23
DEBUG 2026-06-08 17:51:34 t_client.py:292 Received actions on device: cpu
DEBUG 2026-06-08 17:51:34 t_client.py:302 Actions kept on device: cpu
DEBUG 2026-06-08 17:51:34 t_client.py:477 Control loop (ms): 2.24
DEBUG 2026-06-08 17:51:34 t_client.py:477 Control loop (ms): 2.14
DEBUG 2026-06-08 17:51:34 t_client.py:477 Control loop (ms): 2.09
DEBUG 2026-06-08 17:51:34 t_client.py:477 Control loop (ms): 2.31
DEBUG 2026-06-08 17:51:34 follower.py:184 follower_right SOFollower read state: 2.0ms
DEBUG 2026-06-08 17:51:34 follower.py:191 follower_right SOFollower read wrist: 0.0ms
DEBUG 2026-06-08 17:51:34 follower.py:184 follower_left SOFollower read state: 2.2ms
DEBUG 2026-06-08 17:51:34 follower.py:191 follower_left SOFollower read wrist: 0.0ms
DEBUG 2026-06-08 17:51:34 t_client.py:198 Observation serialization time: 0.007254s
DEBUG 2026-06-08 17:51:34 ort/utils.py:54 [CLIENT] Observation Buffer size 4.395498275756836 MB with
DEBUG 2026-06-08 17:51:34 ort/utils.py:69 [CLIENT] Observation Sent 2097152/4609014 bytes with state 1
DEBUG 2026-06-08 17:51:34 ort/utils.py:69 [CLIENT] Observation Sent 4194304/4609014 bytes with state 2
DEBUG 2026-06-08 17:51:34 ort/utils.py:69 [CLIENT] Observation Sent 4609014/4609014 bytes with state 3
DEBUG 2026-06-08 17:51:34 ort/utils.py:71 [CLIENT] Observation Published 4.395498275756836 MB
DEBUG 2026-06-08 17:51:34 t_client.py:209 Sent observation #699 | 
DEBUG 2026-06-08 17:51:34 t_client.py:434 QUEUE SIZE: 8 (Must go: False)
DEBUG 2026-06-08 17:51:34 t_client.py:477 Control loop (ms): 112.14
DEBUG 2026-06-08 17:51:34 follower.py:184 follower_right SOFollower read state: 1.8ms
DEBUG 2026-06-08 17:51:34 follower.py:191 follower_right SOFollower read wrist: 0.0ms
DEBUG 2026-06-08 17:51:34 follower.py:184 follower_left SOFollower read state: 2.0ms
DEBUG 2026-06-08 17:51:34 follower.py:191 follower_left SOFollower read wrist: 0.0ms
DEBUG 2026-06-08 17:51:34 t_client.py:198 Observation serialization time: 0.011124s
DEBUG 2026-06-08 17:51:34 ort/utils.py:54 [CLIENT] Observation Buffer size 4.395498275756836 MB with
DEBUG 2026-06-08 17:51:34 ort/utils.py:69 [CLIENT] Observation Sent 2097152/4609014 bytes with state 1
DEBUG 2026-06-08 17:51:34 ort/utils.py:69 [CLIENT] Observation Sent 4194304/4609014 bytes with state 2
DEBUG 2026-06-08 17:51:34 ort/utils.py:69 [CLIENT] Observation Sent 4609014/4609014 bytes with state 3
DEBUG 2026-06-08 17:51:34 ort/utils.py:71 [CLIENT] Observation Published 4.395498275756836 MB
DEBUG 2026-06-08 17:51:34 t_client.py:292 Received actions on device: cpu
DEBUG 2026-06-08 17:51:34 t_client.py:302 Actions kept on device: cpu
DEBUG 2026-06-08 17:51:35 t_client.py:209 Sent observation #700 | 
DEBUG 2026-06-08 17:51:35 t_client.py:434 QUEUE SIZE: 7 (Must go: False)
DEBUG 2026-06-08 17:51:35 t_client.py:477 Control loop (ms): 143.58
DEBUG 2026-06-08 17:51:35 t_client.py:477 Control loop (ms): 1.35
DEBUG 2026-06-08 17:51:35 t_client.py:477 Control loop (ms): 1.46
DEBUG 2026-06-08 17:51:35 t_client.py:477 Control loop (ms): 1.95
DEBUG 2026-06-08 17:51:35 t_client.py:292 Received actions on device: cpu
DEBUG 2026-06-08 17:51:35 t_client.py:302 Actions kept on device: cpu
DEBUG 2026-06-08 17:51:35 t_client.py:477 Control loop (ms): 2.00
DEBUG 2026-06-08 17:51:35 t_client.py:477 Control loop (ms): 1.89
DEBUG 2026-06-08 17:51:35 t_client.py:477 Control loop (ms): 2.20
DEBUG 2026-06-08 17:51:35 follower.py:184 follower_right SOFollower read state: 2.3ms
DEBUG 2026-06-08 17:51:35 follower.py:191 follower_right SOFollower read wrist: 0.0ms
DEBUG 2026-06-08 17:51:35 follower.py:184 follower_left SOFollower read state: 2.4ms
DEBUG 2026-06-08 17:51:35 follower.py:191 follower_left SOFollower read wrist: 0.0ms
DEBUG 2026-06-08 17:51:35 t_client.py:198 Observation serialization time: 0.011147s
DEBUG 2026-06-08 17:51:35 ort/utils.py:54 [CLIENT] Observation Buffer size 4.395498275756836 MB with
DEBUG 2026-06-08 17:51:35 ort/utils.py:69 [CLIENT] Observation Sent 2097152/4609014 bytes with state 1
DEBUG 2026-06-08 17:51:35 ort/utils.py:69 [CLIENT] Observation Sent 4194304/4609014 bytes with state 2
DEBUG 2026-06-08 17:51:35 ort/utils.py:69 [CLIENT] Observation Sent 4609014/4609014 bytes with state 3
DEBUG 2026-06-08 17:51:35 ort/utils.py:71 [CLIENT] Observation Published 4.395498275756836 MB
DEBUG 2026-06-08 17:51:35 t_client.py:209 Sent observation #707 | 
DEBUG 2026-06-08 17:51:35 t_client.py:434 QUEUE SIZE: 8 (Must go: False)
DEBUG 2026-06-08 17:51:35 t_client.py:477 Control loop (ms): 127.18
DEBUG 2026-06-08 17:51:35 follower.py:184 follower_right SOFollower read state: 2.0ms
DEBUG 2026-06-08 17:51:35 follower.py:191 follower_right SOFollower read wrist: 0.0ms
DEBUG 2026-06-08 17:51:35 follower.py:184 follower_left SOFollower read state: 1.8ms
DEBUG 2026-06-08 17:51:35 follower.py:191 follower_left SOFollower read wrist: 0.0ms
DEBUG 2026-06-08 17:51:35 t_client.py:198 Observation serialization time: 0.006685s
DEBUG 2026-06-08 17:51:35 ort/utils.py:54 [CLIENT] Observation Buffer size 4.395498275756836 MB with
DEBUG 2026-06-08 17:51:35 ort/utils.py:69 [CLIENT] Observation Sent 2097152/4609014 bytes with state 1
DEBUG 2026-06-08 17:51:35 ort/utils.py:69 [CLIENT] Observation Sent 4194304/4609014 bytes with state 2
DEBUG 2026-06-08 17:51:35 ort/utils.py:69 [CLIENT] Observation Sent 4609014/4609014 bytes with state 3
DEBUG 2026-06-08 17:51:35 ort/utils.py:71 [CLIENT] Observation Published 4.395498275756836 MB
DEBUG 2026-06-08 17:51:35 t_client.py:292 Received actions on device: cpu
DEBUG 2026-06-08 17:51:35 t_client.py:302 Actions kept on device: cpu
DEBUG 2026-06-08 17:51:35 t_client.py:209 Sent observation #708 | 
DEBUG 2026-06-08 17:51:35 t_client.py:434 QUEUE SIZE: 7 (Must go: False)
DEBUG 2026-06-08 17:51:35 t_client.py:477 Control loop (ms): 116.68
DEBUG 2026-06-08 17:51:35 t_client.py:477 Control loop (ms): 1.03
DEBUG 2026-06-08 17:51:35 t_client.py:477 Control loop (ms): 1.72
DEBUG 2026-06-08 17:51:35 t_client.py:477 Control loop (ms): 1.34
DEBUG 2026-06-08 17:51:35 t_client.py:477 Control loop (ms): 1.43
DEBUG 2026-06-08 17:51:35 t_client.py:292 Received actions on device: cpu
DEBUG 2026-06-08 17:51:35 t_client.py:302 Actions kept on device: cpu
DEBUG 2026-06-08 17:51:35 t_client.py:477 Control loop (ms): 1.45
DEBUG 2026-06-08 17:51:35 t_client.py:477 Control loop (ms): 1.90
DEBUG 2026-06-08 17:51:35 follower.py:184 follower_right SOFollower read state: 2.0ms
DEBUG 2026-06-08 17:51:35 follower.py:191 follower_right SOFollower read wrist: 0.0ms
DEBUG 2026-06-08 17:51:35 follower.py:184 follower_left SOFollower read state: 1.9ms
DEBUG 2026-06-08 17:51:35 follower.py:191 follower_left SOFollower read wrist: 0.0ms
DEBUG 2026-06-08 17:51:35 t_client.py:198 Observation serialization time: 0.009944s
DEBUG 2026-06-08 17:51:35 ort/utils.py:54 [CLIENT] Observation Buffer size 4.395498275756836 MB with
DEBUG 2026-06-08 17:51:35 ort/utils.py:69 [CLIENT] Observation Sent 2097152/4609014 bytes with state 1
DEBUG 2026-06-08 17:51:35 ort/utils.py:69 [CLIENT] Observation Sent 4194304/4609014 bytes with state 2
DEBUG 2026-06-08 17:51:35 ort/utils.py:69 [CLIENT] Observation Sent 4609014/4609014 bytes with state 3
DEBUG 2026-06-08 17:51:35 ort/utils.py:71 [CLIENT] Observation Published 4.395498275756836 MB
DEBUG 2026-06-08 17:51:35 t_client.py:209 Sent observation #715 | 
DEBUG 2026-06-08 17:51:35 t_client.py:434 QUEUE SIZE: 8 (Must go: False)
DEBUG 2026-06-08 17:51:35 t_client.py:477 Control loop (ms): 115.55
DEBUG 2026-06-08 17:51:35 follower.py:184 follower_right SOFollower read state: 2.5ms
DEBUG 2026-06-08 17:51:35 follower.py:191 follower_right SOFollower read wrist: 0.1ms
DEBUG 2026-06-08 17:51:35 follower.py:184 follower_left SOFollower read state: 2.4ms
DEBUG 2026-06-08 17:51:35 follower.py:191 follower_left SOFollower read wrist: 0.0ms
DEBUG 2026-06-08 17:51:35 t_client.py:198 Observation serialization time: 0.012452s
DEBUG 2026-06-08 17:51:35 ort/utils.py:54 [CLIENT] Observation Buffer size 4.395498275756836 MB with
DEBUG 2026-06-08 17:51:35 ort/utils.py:69 [CLIENT] Observation Sent 2097152/4609014 bytes with state 1
DEBUG 2026-06-08 17:51:35 ort/utils.py:69 [CLIENT] Observation Sent 4194304/4609014 bytes with state 2
DEBUG 2026-06-08 17:51:35 ort/utils.py:69 [CLIENT] Observation Sent 4609014/4609014 bytes with state 3
DEBUG 2026-06-08 17:51:35 ort/utils.py:71 [CLIENT] Observation Published 4.395498275756836 MB
DEBUG 2026-06-08 17:51:35 t_client.py:209 Sent observation #716 | 
DEBUG 2026-06-08 17:51:35 t_client.py:292 Received actions on device: cpu
DEBUG 2026-06-08 17:51:35 t_client.py:434 QUEUE SIZE: 7 (Must go: False)
DEBUG 2026-06-08 17:51:35 t_client.py:302 Actions kept on device: cpu
DEBUG 2026-06-08 17:51:35 t_client.py:477 Control loop (ms): 121.01
DEBUG 2026-06-08 17:51:35 follower.py:184 follower_right SOFollower read state: 2.2ms
DEBUG 2026-06-08 17:51:35 follower.py:191 follower_right SOFollower read wrist: 0.0ms
DEBUG 2026-06-08 17:51:35 follower.py:184 follower_left SOFollower read state: 2.4ms
DEBUG 2026-06-08 17:51:35 follower.py:191 follower_left SOFollower read wrist: 0.0ms
DEBUG 2026-06-08 17:51:35 t_client.py:198 Observation serialization time: 0.008842s
DEBUG 2026-06-08 17:51:35 ort/utils.py:54 [CLIENT] Observation Buffer size 4.395498275756836 MB with
DEBUG 2026-06-08 17:51:35 ort/utils.py:69 [CLIENT] Observation Sent 2097152/4609014 bytes with state 1
DEBUG 2026-06-08 17:51:35 ort/utils.py:69 [CLIENT] Observation Sent 4194304/4609014 bytes with state 2
DEBUG 2026-06-08 17:51:35 ort/utils.py:69 [CLIENT] Observation Sent 4609014/4609014 bytes with state 3
DEBUG 2026-06-08 17:51:35 ort/utils.py:71 [CLIENT] Observation Published 4.395498275756836 MB
DEBUG 2026-06-08 17:51:36 t_client.py:209 Sent observation #717 | 
DEBUG 2026-06-08 17:51:36 t_client.py:434 QUEUE SIZE: 14 (Must go: False)
DEBUG 2026-06-08 17:51:36 t_client.py:477 Control loop (ms): 115.44
DEBUG 2026-06-08 17:51:36 t_client.py:477 Control loop (ms): 0.90
DEBUG 2026-06-08 17:51:36 t_client.py:292 Received actions on device: cpu
DEBUG 2026-06-08 17:51:36 t_client.py:302 Actions kept on device: cpu
DEBUG 2026-06-08 17:51:36 t_client.py:477 Control loop (ms): 2.67
DEBUG 2026-06-08 17:51:36 t_client.py:477 Control loop (ms): 1.57
DEBUG 2026-06-08 17:51:36 t_client.py:477 Control loop (ms): 4.65
DEBUG 2026-06-08 17:51:36 t_client.py:292 Received actions on device: cpu
DEBUG 2026-06-08 17:51:36 t_client.py:302 Actions kept on device: cpu
DEBUG 2026-06-08 17:51:36 t_client.py:477 Control loop (ms): 1.76
DEBUG 2026-06-08 17:51:36 t_client.py:477 Control loop (ms): 1.91
DEBUG 2026-06-08 17:51:36 t_client.py:477 Control loop (ms): 1.70
DEBUG 2026-06-08 17:51:36 follower.py:184 follower_right SOFollower read state: 1.9ms
DEBUG 2026-06-08 17:51:36 follower.py:191 follower_right SOFollower read wrist: 0.0ms
DEBUG 2026-06-08 17:51:36 follower.py:184 follower_left SOFollower read state: 1.8ms
DEBUG 2026-06-08 17:51:36 follower.py:191 follower_left SOFollower read wrist: 0.0ms
DEBUG 2026-06-08 17:51:36 t_client.py:198 Observation serialization time: 0.012031s
DEBUG 2026-06-08 17:51:36 ort/utils.py:54 [CLIENT] Observation Buffer size 4.395498275756836 MB with
DEBUG 2026-06-08 17:51:36 ort/utils.py:69 [CLIENT] Observation Sent 2097152/4609014 bytes with state 1
DEBUG 2026-06-08 17:51:36 ort/utils.py:69 [CLIENT] Observation Sent 4194304/4609014 bytes with state 2
DEBUG 2026-06-08 17:51:36 ort/utils.py:69 [CLIENT] Observation Sent 4609014/4609014 bytes with state 3
DEBUG 2026-06-08 17:51:36 ort/utils.py:71 [CLIENT] Observation Published 4.395498275756836 MB
DEBUG 2026-06-08 17:51:36 t_client.py:209 Sent observation #724 | 
DEBUG 2026-06-08 17:51:36 t_client.py:434 QUEUE SIZE: 8 (Must go: False)
DEBUG 2026-06-08 17:51:36 t_client.py:477 Control loop (ms): 174.39
DEBUG 2026-06-08 17:51:36 follower.py:184 follower_right SOFollower read state: 1.5ms
DEBUG 2026-06-08 17:51:36 follower.py:191 follower_right SOFollower read wrist: 0.0ms
DEBUG 2026-06-08 17:51:36 follower.py:184 follower_left SOFollower read state: 2.4ms
DEBUG 2026-06-08 17:51:36 follower.py:191 follower_left SOFollower read wrist: 0.0ms
DEBUG 2026-06-08 17:51:36 t_client.py:198 Observation serialization time: 0.008924s
DEBUG 2026-06-08 17:51:36 ort/utils.py:54 [CLIENT] Observation Buffer size 4.395498275756836 MB with
DEBUG 2026-06-08 17:51:36 ort/utils.py:69 [CLIENT] Observation Sent 2097152/4609014 bytes with state 1
DEBUG 2026-06-08 17:51:36 ort/utils.py:69 [CLIENT] Observation Sent 4194304/4609014 bytes with state 2
DEBUG 2026-06-08 17:51:36 t_client.py:292 Received actions on device: cpu
DEBUG 2026-06-08 17:51:36 t_client.py:302 Actions kept on device: cpu
DEBUG 2026-06-08 17:51:36 ort/utils.py:69 [CLIENT] Observation Sent 4609014/4609014 bytes with state 3
DEBUG 2026-06-08 17:51:36 ort/utils.py:71 [CLIENT] Observation Published 4.395498275756836 MB
DEBUG 2026-06-08 17:51:36 t_client.py:209 Sent observation #725 | 
DEBUG 2026-06-08 17:51:36 t_client.py:434 QUEUE SIZE: 7 (Must go: False)
DEBUG 2026-06-08 17:51:36 t_client.py:477 Control loop (ms): 124.30
DEBUG 2026-06-08 17:51:36 t_client.py:477 Control loop (ms): 1.49
DEBUG 2026-06-08 17:51:36 t_client.py:477 Control loop (ms): 1.51
DEBUG 2026-06-08 17:51:36 t_client.py:477 Control loop (ms): 1.96
DEBUG 2026-06-08 17:51:36 t_client.py:292 Received actions on device: cpu
DEBUG 2026-06-08 17:51:36 t_client.py:302 Actions kept on device: cpu
DEBUG 2026-06-08 17:51:36 t_client.py:477 Control loop (ms): 2.14
DEBUG 2026-06-08 17:51:36 t_client.py:477 Control loop (ms): 2.05
DEBUG 2026-06-08 17:51:36 t_client.py:477 Control loop (ms): 1.82
DEBUG 2026-06-08 17:51:36 follower.py:184 follower_right SOFollower read state: 2.3ms
DEBUG 2026-06-08 17:51:36 follower.py:191 follower_right SOFollower read wrist: 0.0ms
DEBUG 2026-06-08 17:51:36 follower.py:184 follower_left SOFollower read state: 1.8ms
DEBUG 2026-06-08 17:51:36 follower.py:191 follower_left SOFollower read wrist: 0.0ms
DEBUG 2026-06-08 17:51:36 t_client.py:198 Observation serialization time: 0.007791s
DEBUG 2026-06-08 17:51:36 ort/utils.py:54 [CLIENT] Observation Buffer size 4.395498275756836 MB with
DEBUG 2026-06-08 17:51:36 ort/utils.py:69 [CLIENT] Observation Sent 2097152/4609014 bytes with state 1
DEBUG 2026-06-08 17:51:36 ort/utils.py:69 [CLIENT] Observation Sent 4194304/4609014 bytes with state 2
DEBUG 2026-06-08 17:51:36 ort/utils.py:69 [CLIENT] Observation Sent 4609014/4609014 bytes with state 3
DEBUG 2026-06-08 17:51:36 ort/utils.py:71 [CLIENT] Observation Published 4.395498275756836 MB
DEBUG 2026-06-08 17:51:36 t_client.py:209 Sent observation #732 | 
DEBUG 2026-06-08 17:51:36 t_client.py:434 QUEUE SIZE: 8 (Must go: False)
DEBUG 2026-06-08 17:51:36 t_client.py:477 Control loop (ms): 109.93
DEBUG 2026-06-08 17:51:36 follower.py:184 follower_right SOFollower read state: 2.7ms
DEBUG 2026-06-08 17:51:36 follower.py:191 follower_right SOFollower read wrist: 0.1ms
DEBUG 2026-06-08 17:51:36 follower.py:184 follower_left SOFollower read state: 2.1ms
DEBUG 2026-06-08 17:51:36 follower.py:191 follower_left SOFollower read wrist: 0.0ms
DEBUG 2026-06-08 17:51:36 t_client.py:198 Observation serialization time: 0.009068s
DEBUG 2026-06-08 17:51:36 ort/utils.py:54 [CLIENT] Observation Buffer size 4.395498275756836 MB with
DEBUG 2026-06-08 17:51:36 ort/utils.py:69 [CLIENT] Observation Sent 2097152/4609014 bytes with state 1
DEBUG 2026-06-08 17:51:36 ort/utils.py:69 [CLIENT] Observation Sent 4194304/4609014 bytes with state 2
DEBUG 2026-06-08 17:51:36 ort/utils.py:69 [CLIENT] Observation Sent 4609014/4609014 bytes with state 3
DEBUG 2026-06-08 17:51:36 ort/utils.py:71 [CLIENT] Observation Published 4.395498275756836 MB
DEBUG 2026-06-08 17:51:36 t_client.py:209 Sent observation #733 | 
DEBUG 2026-06-08 17:51:36 t_client.py:434 QUEUE SIZE: 7 (Must go: False)
DEBUG 2026-06-08 17:51:36 t_client.py:477 Control loop (ms): 118.91
DEBUG 2026-06-08 17:51:36 t_client.py:292 Received actions on device: cpu
DEBUG 2026-06-08 17:51:36 t_client.py:302 Actions kept on device: cpu
DEBUG 2026-06-08 17:51:36 follower.py:184 follower_right SOFollower read state: 4.4ms
DEBUG 2026-06-08 17:51:36 follower.py:191 follower_right SOFollower read wrist: 0.0ms
DEBUG 2026-06-08 17:51:36 follower.py:184 follower_left SOFollower read state: 3.2ms
DEBUG 2026-06-08 17:51:36 follower.py:191 follower_left SOFollower read wrist: 0.0ms
DEBUG 2026-06-08 17:51:37 t_client.py:198 Observation serialization time: 0.011236s
DEBUG 2026-06-08 17:51:37 ort/utils.py:54 [CLIENT] Observation Buffer size 4.395498275756836 MB with
DEBUG 2026-06-08 17:51:37 ort/utils.py:69 [CLIENT] Observation Sent 2097152/4609014 bytes with state 1
DEBUG 2026-06-08 17:51:37 ort/utils.py:69 [CLIENT] Observation Sent 4194304/4609014 bytes with state 2
DEBUG 2026-06-08 17:51:37 ort/utils.py:69 [CLIENT] Observation Sent 4609014/4609014 bytes with state 3
DEBUG 2026-06-08 17:51:37 ort/utils.py:71 [CLIENT] Observation Published 4.395498275756836 MB
DEBUG 2026-06-08 17:51:37 t_client.py:292 Received actions on device: cpu
DEBUG 2026-06-08 17:51:37 t_client.py:302 Actions kept on device: cpu
DEBUG 2026-06-08 17:51:37 t_client.py:209 Sent observation #734 | 
DEBUG 2026-06-08 17:51:37 t_client.py:434 QUEUE SIZE: 13 (Must go: False)
DEBUG 2026-06-08 17:51:37 t_client.py:477 Control loop (ms): 140.73
DEBUG 2026-06-08 17:51:37 t_client.py:477 Control loop (ms): 2.24
DEBUG 2026-06-08 17:51:37 t_client.py:477 Control loop (ms): 2.36
DEBUG 2026-06-08 17:51:37 t_client.py:477 Control loop (ms): 2.19
DEBUG 2026-06-08 17:51:37 t_client.py:292 Received actions on device: cpu
DEBUG 2026-06-08 17:51:37 t_client.py:302 Actions kept on device: cpu
DEBUG 2026-06-08 17:51:37 t_client.py:477 Control loop (ms): 2.15
DEBUG 2026-06-08 17:51:37 t_client.py:477 Control loop (ms): 2.35
DEBUG 2026-06-08 17:51:37 t_client.py:477 Control loop (ms): 2.03
DEBUG 2026-06-08 17:51:37 follower.py:184 follower_right SOFollower read state: 2.3ms
DEBUG 2026-06-08 17:51:37 follower.py:191 follower_right SOFollower read wrist: 0.0ms
DEBUG 2026-06-08 17:51:37 follower.py:184 follower_left SOFollower read state: 2.0ms
DEBUG 2026-06-08 17:51:37 follower.py:191 follower_left SOFollower read wrist: 0.0ms
DEBUG 2026-06-08 17:51:37 t_client.py:198 Observation serialization time: 0.008217s
DEBUG 2026-06-08 17:51:37 ort/utils.py:54 [CLIENT] Observation Buffer size 4.395498275756836 MB with
DEBUG 2026-06-08 17:51:37 ort/utils.py:69 [CLIENT] Observation Sent 2097152/4609014 bytes with state 1
DEBUG 2026-06-08 17:51:37 ort/utils.py:69 [CLIENT] Observation Sent 4194304/4609014 bytes with state 2
DEBUG 2026-06-08 17:51:37 ort/utils.py:69 [CLIENT] Observation Sent 4609014/4609014 bytes with state 3
DEBUG 2026-06-08 17:51:37 ort/utils.py:71 [CLIENT] Observation Published 4.395498275756836 MB
DEBUG 2026-06-08 17:51:37 t_client.py:209 Sent observation #741 | 
DEBUG 2026-06-08 17:51:37 t_client.py:434 QUEUE SIZE: 8 (Must go: False)
DEBUG 2026-06-08 17:51:37 t_client.py:477 Control loop (ms): 102.24
DEBUG 2026-06-08 17:51:37 follower.py:184 follower_right SOFollower read state: 2.2ms
DEBUG 2026-06-08 17:51:37 follower.py:191 follower_right SOFollower read wrist: 0.0ms
DEBUG 2026-06-08 17:51:37 follower.py:184 follower_left SOFollower read state: 2.1ms
DEBUG 2026-06-08 17:51:37 follower.py:191 follower_left SOFollower read wrist: 0.0ms
DEBUG 2026-06-08 17:51:37 t_client.py:198 Observation serialization time: 0.011183s
DEBUG 2026-06-08 17:51:37 ort/utils.py:54 [CLIENT] Observation Buffer size 4.395498275756836 MB with
DEBUG 2026-06-08 17:51:37 ort/utils.py:69 [CLIENT] Observation Sent 2097152/4609014 bytes with state 1
DEBUG 2026-06-08 17:51:37 ort/utils.py:69 [CLIENT] Observation Sent 4194304/4609014 bytes with state 2
DEBUG 2026-06-08 17:51:37 ort/utils.py:69 [CLIENT] Observation Sent 4609014/4609014 bytes with state 3
DEBUG 2026-06-08 17:51:37 ort/utils.py:71 [CLIENT] Observation Published 4.395498275756836 MB
DEBUG 2026-06-08 17:51:37 t_client.py:209 Sent observation #742 | 
DEBUG 2026-06-08 17:51:37 t_client.py:434 QUEUE SIZE: 7 (Must go: False)
DEBUG 2026-06-08 17:51:37 t_client.py:477 Control loop (ms): 112.75
DEBUG 2026-06-08 17:51:37 t_client.py:292 Received actions on device: cpu
DEBUG 2026-06-08 17:51:37 t_client.py:302 Actions kept on device: cpu
DEBUG 2026-06-08 17:51:37 follower.py:184 follower_right SOFollower read state: 2.3ms
DEBUG 2026-06-08 17:51:37 follower.py:191 follower_right SOFollower read wrist: 0.0ms
DEBUG 2026-06-08 17:51:37 follower.py:184 follower_left SOFollower read state: 1.9ms
DEBUG 2026-06-08 17:51:37 follower.py:191 follower_left SOFollower read wrist: 0.0ms
DEBUG 2026-06-08 17:51:37 t_client.py:198 Observation serialization time: 0.009377s
DEBUG 2026-06-08 17:51:37 ort/utils.py:54 [CLIENT] Observation Buffer size 4.395498275756836 MB with
DEBUG 2026-06-08 17:51:37 ort/utils.py:69 [CLIENT] Observation Sent 2097152/4609014 bytes with state 1
DEBUG 2026-06-08 17:51:37 ort/utils.py:69 [CLIENT] Observation Sent 4194304/4609014 bytes with state 2
DEBUG 2026-06-08 17:51:37 ort/utils.py:69 [CLIENT] Observation Sent 4609014/4609014 bytes with state 3
DEBUG 2026-06-08 17:51:37 ort/utils.py:71 [CLIENT] Observation Published 4.395498275756836 MB
DEBUG 2026-06-08 17:51:37 t_client.py:209 Sent observation #743 | 
DEBUG 2026-06-08 17:51:37 t_client.py:434 QUEUE SIZE: 14 (Must go: False)
DEBUG 2026-06-08 17:51:37 t_client.py:477 Control loop (ms): 145.71
DEBUG 2026-06-08 17:51:37 t_client.py:292 Received actions on device: cpu
DEBUG 2026-06-08 17:51:37 t_client.py:302 Actions kept on device: cpu
DEBUG 2026-06-08 17:51:37 t_client.py:477 Control loop (ms): 1.97
DEBUG 2026-06-08 17:51:37 t_client.py:477 Control loop (ms): 2.86
DEBUG 2026-06-08 17:51:37 t_client.py:477 Control loop (ms): 2.04
DEBUG 2026-06-08 17:51:37 t_client.py:477 Control loop (ms): 1.66
DEBUG 2026-06-08 17:51:37 t_client.py:477 Control loop (ms): 2.65
DEBUG 2026-06-08 17:51:37 t_client.py:477 Control loop (ms): 2.09
DEBUG 2026-06-08 17:51:37 follower.py:184 follower_right SOFollower read state: 2.7ms
DEBUG 2026-06-08 17:51:37 follower.py:191 follower_right SOFollower read wrist: 0.0ms
DEBUG 2026-06-08 17:51:37 follower.py:184 follower_left SOFollower read state: 2.2ms
DEBUG 2026-06-08 17:51:37 follower.py:191 follower_left SOFollower read wrist: 0.0ms
DEBUG 2026-06-08 17:51:37 t_client.py:198 Observation serialization time: 0.010215s
DEBUG 2026-06-08 17:51:37 ort/utils.py:54 [CLIENT] Observation Buffer size 4.395498275756836 MB with
DEBUG 2026-06-08 17:51:37 ort/utils.py:69 [CLIENT] Observation Sent 2097152/4609014 bytes with state 1
DEBUG 2026-06-08 17:51:38 ort/utils.py:69 [CLIENT] Observation Sent 4194304/4609014 bytes with state 2
DEBUG 2026-06-08 17:51:38 ort/utils.py:69 [CLIENT] Observation Sent 4609014/4609014 bytes with state 3
DEBUG 2026-06-08 17:51:38 ort/utils.py:71 [CLIENT] Observation Published 4.395498275756836 MB
DEBUG 2026-06-08 17:51:38 t_client.py:209 Sent observation #749 | 
DEBUG 2026-06-08 17:51:38 t_client.py:434 QUEUE SIZE: 8 (Must go: False)
DEBUG 2026-06-08 17:51:38 t_client.py:477 Control loop (ms): 136.87
DEBUG 2026-06-08 17:51:38 follower.py:184 follower_right SOFollower read state: 2.2ms
DEBUG 2026-06-08 17:51:38 follower.py:191 follower_right SOFollower read wrist: 0.1ms
DEBUG 2026-06-08 17:51:38 follower.py:184 follower_left SOFollower read state: 2.1ms
DEBUG 2026-06-08 17:51:38 follower.py:191 follower_left SOFollower read wrist: 0.0ms
DEBUG 2026-06-08 17:51:38 t_client.py:198 Observation serialization time: 0.005020s
DEBUG 2026-06-08 17:51:38 ort/utils.py:54 [CLIENT] Observation Buffer size 4.395498275756836 MB with
DEBUG 2026-06-08 17:51:38 ort/utils.py:69 [CLIENT] Observation Sent 2097152/4609014 bytes with state 1
DEBUG 2026-06-08 17:51:38 ort/utils.py:69 [CLIENT] Observation Sent 4194304/4609014 bytes with state 2
DEBUG 2026-06-08 17:51:38 ort/utils.py:69 [CLIENT] Observation Sent 4609014/4609014 bytes with state 3
DEBUG 2026-06-08 17:51:38 ort/utils.py:71 [CLIENT] Observation Published 4.395498275756836 MB
DEBUG 2026-06-08 17:51:38 t_client.py:209 Sent observation #750 | 
DEBUG 2026-06-08 17:51:38 t_client.py:434 QUEUE SIZE: 7 (Must go: False)
DEBUG 2026-06-08 17:51:38 t_client.py:477 Control loop (ms): 117.54
DEBUG 2026-06-08 17:51:38 t_client.py:292 Received actions on device: cpu
DEBUG 2026-06-08 17:51:38 t_client.py:302 Actions kept on device: cpu
DEBUG 2026-06-08 17:51:38 follower.py:184 follower_right SOFollower read state: 3.5ms
DEBUG 2026-06-08 17:51:38 follower.py:191 follower_right SOFollower read wrist: 0.0ms
DEBUG 2026-06-08 17:51:38 follower.py:184 follower_left SOFollower read state: 1.9ms
DEBUG 2026-06-08 17:51:38 follower.py:191 follower_left SOFollower read wrist: 0.0ms
DEBUG 2026-06-08 17:51:38 t_client.py:198 Observation serialization time: 0.008189s
DEBUG 2026-06-08 17:51:38 ort/utils.py:54 [CLIENT] Observation Buffer size 4.395498275756836 MB with
DEBUG 2026-06-08 17:51:38 ort/utils.py:69 [CLIENT] Observation Sent 2097152/4609014 bytes with state 1
DEBUG 2026-06-08 17:51:38 ort/utils.py:69 [CLIENT] Observation Sent 4194304/4609014 bytes with state 2
DEBUG 2026-06-08 17:51:38 ort/utils.py:69 [CLIENT] Observation Sent 4609014/4609014 bytes with state 3
DEBUG 2026-06-08 17:51:38 ort/utils.py:71 [CLIENT] Observation Published 4.395498275756836 MB
DEBUG 2026-06-08 17:51:38 t_client.py:209 Sent observation #751 | 
DEBUG 2026-06-08 17:51:38 t_client.py:434 QUEUE SIZE: 13 (Must go: False)
DEBUG 2026-06-08 17:51:38 t_client.py:477 Control loop (ms): 142.81
DEBUG 2026-06-08 17:51:38 t_client.py:477 Control loop (ms): 4.28
DEBUG 2026-06-08 17:51:38 t_client.py:292 Received actions on device: cpu
DEBUG 2026-06-08 17:51:38 t_client.py:302 Actions kept on device: cpu
DEBUG 2026-06-08 17:51:38 t_client.py:477 Control loop (ms): 1.51
DEBUG 2026-06-08 17:51:38 t_client.py:477 Control loop (ms): 1.91
DEBUG 2026-06-08 17:51:38 t_client.py:477 Control loop (ms): 1.79
DEBUG 2026-06-08 17:51:38 t_client.py:292 Received actions on device: cpu
DEBUG 2026-06-08 17:51:38 t_client.py:302 Actions kept on device: cpu
DEBUG 2026-06-08 17:51:38 t_client.py:477 Control loop (ms): 1.95
DEBUG 2026-06-08 17:51:38 t_client.py:477 Control loop (ms): 2.18
DEBUG 2026-06-08 17:51:38 follower.py:184 follower_right SOFollower read state: 2.2ms
DEBUG 2026-06-08 17:51:38 follower.py:191 follower_right SOFollower read wrist: 0.0ms
DEBUG 2026-06-08 17:51:38 follower.py:184 follower_left SOFollower read state: 2.3ms
DEBUG 2026-06-08 17:51:38 follower.py:191 follower_left SOFollower read wrist: 0.0ms
DEBUG 2026-06-08 17:51:38 t_client.py:198 Observation serialization time: 0.010722s
DEBUG 2026-06-08 17:51:38 ort/utils.py:54 [CLIENT] Observation Buffer size 4.395498275756836 MB with
DEBUG 2026-06-08 17:51:38 ort/utils.py:69 [CLIENT] Observation Sent 2097152/4609014 bytes with state 1
DEBUG 2026-06-08 17:51:38 ort/utils.py:69 [CLIENT] Observation Sent 4194304/4609014 bytes with state 2
DEBUG 2026-06-08 17:51:38 ort/utils.py:69 [CLIENT] Observation Sent 4609014/4609014 bytes with state 3
DEBUG 2026-06-08 17:51:38 ort/utils.py:71 [CLIENT] Observation Published 4.395498275756836 MB
DEBUG 2026-06-08 17:51:38 t_client.py:209 Sent observation #758 | 
DEBUG 2026-06-08 17:51:38 t_client.py:434 QUEUE SIZE: 8 (Must go: False)
DEBUG 2026-06-08 17:51:38 t_client.py:477 Control loop (ms): 131.51
DEBUG 2026-06-08 17:51:38 follower.py:184 follower_right SOFollower read state: 2.2ms
DEBUG 2026-06-08 17:51:38 follower.py:191 follower_right SOFollower read wrist: 0.0ms
DEBUG 2026-06-08 17:51:38 follower.py:184 follower_left SOFollower read state: 2.7ms
DEBUG 2026-06-08 17:51:38 follower.py:191 follower_left SOFollower read wrist: 0.0ms
DEBUG 2026-06-08 17:51:38 t_client.py:198 Observation serialization time: 0.006175s
DEBUG 2026-06-08 17:51:38 ort/utils.py:54 [CLIENT] Observation Buffer size 4.395498275756836 MB with
DEBUG 2026-06-08 17:51:38 ort/utils.py:69 [CLIENT] Observation Sent 2097152/4609014 bytes with state 1
DEBUG 2026-06-08 17:51:38 ort/utils.py:69 [CLIENT] Observation Sent 4194304/4609014 bytes with state 2
DEBUG 2026-06-08 17:51:38 ort/utils.py:69 [CLIENT] Observation Sent 4609014/4609014 bytes with state 3
DEBUG 2026-06-08 17:51:38 ort/utils.py:71 [CLIENT] Observation Published 4.395498275756836 MB
DEBUG 2026-06-08 17:51:38 t_client.py:209 Sent observation #759 | 
DEBUG 2026-06-08 17:51:38 t_client.py:434 QUEUE SIZE: 7 (Must go: False)
DEBUG 2026-06-08 17:51:38 t_client.py:477 Control loop (ms): 122.59
DEBUG 2026-06-08 17:51:38 t_client.py:292 Received actions on device: cpu
DEBUG 2026-06-08 17:51:38 t_client.py:302 Actions kept on device: cpu
DEBUG 2026-06-08 17:51:38 follower.py:184 follower_right SOFollower read state: 1.8ms
DEBUG 2026-06-08 17:51:38 follower.py:191 follower_right SOFollower read wrist: 0.0ms
DEBUG 2026-06-08 17:51:38 follower.py:184 follower_left SOFollower read state: 1.9ms
DEBUG 2026-06-08 17:51:38 follower.py:191 follower_left SOFollower read wrist: 0.0ms
DEBUG 2026-06-08 17:51:38 t_client.py:198 Observation serialization time: 0.009251s
DEBUG 2026-06-08 17:51:38 ort/utils.py:54 [CLIENT] Observation Buffer size 4.395498275756836 MB with
DEBUG 2026-06-08 17:51:38 ort/utils.py:69 [CLIENT] Observation Sent 2097152/4609014 bytes with state 1
DEBUG 2026-06-08 17:51:38 ort/utils.py:69 [CLIENT] Observation Sent 4194304/4609014 bytes with state 2
DEBUG 2026-06-08 17:51:38 ort/utils.py:69 [CLIENT] Observation Sent 4609014/4609014 bytes with state 3
DEBUG 2026-06-08 17:51:38 ort/utils.py:71 [CLIENT] Observation Published 4.395498275756836 MB
DEBUG 2026-06-08 17:51:38 t_client.py:292 Received actions on device: cpu
DEBUG 2026-06-08 17:51:38 t_client.py:302 Actions kept on device: cpu
DEBUG 2026-06-08 17:51:38 t_client.py:209 Sent observation #760 | 
DEBUG 2026-06-08 17:51:38 t_client.py:434 QUEUE SIZE: 14 (Must go: False)
DEBUG 2026-06-08 17:51:38 t_client.py:477 Control loop (ms): 132.40
DEBUG 2026-06-08 17:51:38 t_client.py:477 Control loop (ms): 1.99
DEBUG 2026-06-08 17:51:38 t_client.py:477 Control loop (ms): 1.84
DEBUG 2026-06-08 17:51:38 t_client.py:477 Control loop (ms): 0.71
DEBUG 2026-06-08 17:51:38 t_client.py:477 Control loop (ms): 1.73
DEBUG 2026-06-08 17:51:39 t_client.py:477 Control loop (ms): 2.11
DEBUG 2026-06-08 17:51:39 follower.py:184 follower_right SOFollower read state: 2.2ms
DEBUG 2026-06-08 17:51:39 follower.py:191 follower_right SOFollower read wrist: 0.0ms
DEBUG 2026-06-08 17:51:39 follower.py:184 follower_left SOFollower read state: 2.0ms
DEBUG 2026-06-08 17:51:39 follower.py:191 follower_left SOFollower read wrist: 0.0ms
DEBUG 2026-06-08 17:51:39 t_client.py:198 Observation serialization time: 0.009014s
DEBUG 2026-06-08 17:51:39 ort/utils.py:54 [CLIENT] Observation Buffer size 4.395498275756836 MB with
DEBUG 2026-06-08 17:51:39 ort/utils.py:69 [CLIENT] Observation Sent 2097152/4609014 bytes with state 1
DEBUG 2026-06-08 17:51:39 ort/utils.py:69 [CLIENT] Observation Sent 4194304/4609014 bytes with state 2
DEBUG 2026-06-08 17:51:39 ort/utils.py:69 [CLIENT] Observation Sent 4609014/4609014 bytes with state 3
DEBUG 2026-06-08 17:51:39 ort/utils.py:71 [CLIENT] Observation Published 4.395498275756836 MB
DEBUG 2026-06-08 17:51:39 t_client.py:209 Sent observation #766 | 
DEBUG 2026-06-08 17:51:39 t_client.py:434 QUEUE SIZE: 8 (Must go: False)
DEBUG 2026-06-08 17:51:39 t_client.py:477 Control loop (ms): 123.79
DEBUG 2026-06-08 17:51:39 follower.py:184 follower_right SOFollower read state: 2.8ms
DEBUG 2026-06-08 17:51:39 follower.py:191 follower_right SOFollower read wrist: 0.1ms
DEBUG 2026-06-08 17:51:39 follower.py:184 follower_left SOFollower read state: 2.1ms
DEBUG 2026-06-08 17:51:39 follower.py:191 follower_left SOFollower read wrist: 0.0ms
DEBUG 2026-06-08 17:51:39 t_client.py:198 Observation serialization time: 0.009334s
DEBUG 2026-06-08 17:51:39 ort/utils.py:54 [CLIENT] Observation Buffer size 4.395498275756836 MB with
DEBUG 2026-06-08 17:51:39 ort/utils.py:69 [CLIENT] Observation Sent 2097152/4609014 bytes with state 1
DEBUG 2026-06-08 17:51:39 ort/utils.py:69 [CLIENT] Observation Sent 4194304/4609014 bytes with state 2
DEBUG 2026-06-08 17:51:39 ort/utils.py:69 [CLIENT] Observation Sent 4609014/4609014 bytes with state 3
DEBUG 2026-06-08 17:51:39 ort/utils.py:71 [CLIENT] Observation Published 4.395498275756836 MB
DEBUG 2026-06-08 17:51:39 t_client.py:292 Received actions on device: cpu
DEBUG 2026-06-08 17:51:39 t_client.py:302 Actions kept on device: cpu
DEBUG 2026-06-08 17:51:39 t_client.py:209 Sent observation #767 | 
DEBUG 2026-06-08 17:51:39 t_client.py:434 QUEUE SIZE: 7 (Must go: False)
DEBUG 2026-06-08 17:51:39 t_client.py:477 Control loop (ms): 137.08
DEBUG 2026-06-08 17:51:39 t_client.py:477 Control loop (ms): 1.90
DEBUG 2026-06-08 17:51:39 t_client.py:477 Control loop (ms): 1.68
DEBUG 2026-06-08 17:51:39 t_client.py:477 Control loop (ms): 0.58
DEBUG 2026-06-08 17:51:39 t_client.py:292 Received actions on device: cpu
DEBUG 2026-06-08 17:51:39 t_client.py:302 Actions kept on device: cpu
DEBUG 2026-06-08 17:51:39 t_client.py:477 Control loop (ms): 1.07
DEBUG 2026-06-08 17:51:39 t_client.py:477 Control loop (ms): 1.90
DEBUG 2026-06-08 17:51:39 t_client.py:477 Control loop (ms): 2.38
DEBUG 2026-06-08 17:51:39 follower.py:184 follower_right SOFollower read state: 2.1ms
DEBUG 2026-06-08 17:51:39 follower.py:191 follower_right SOFollower read wrist: 0.0ms
DEBUG 2026-06-08 17:51:39 follower.py:184 follower_left SOFollower read state: 2.2ms
DEBUG 2026-06-08 17:51:39 follower.py:191 follower_left SOFollower read wrist: 0.0ms
DEBUG 2026-06-08 17:51:39 t_client.py:198 Observation serialization time: 0.009223s
DEBUG 2026-06-08 17:51:39 ort/utils.py:54 [CLIENT] Observation Buffer size 4.395498275756836 MB with
DEBUG 2026-06-08 17:51:39 ort/utils.py:69 [CLIENT] Observation Sent 2097152/4609014 bytes with state 1
DEBUG 2026-06-08 17:51:39 ort/utils.py:69 [CLIENT] Observation Sent 4194304/4609014 bytes with state 2
DEBUG 2026-06-08 17:51:39 ort/utils.py:69 [CLIENT] Observation Sent 4609014/4609014 bytes with state 3
DEBUG 2026-06-08 17:51:39 ort/utils.py:71 [CLIENT] Observation Published 4.395498275756836 MB
DEBUG 2026-06-08 17:51:39 t_client.py:209 Sent observation #774 | 
DEBUG 2026-06-08 17:51:39 t_client.py:434 QUEUE SIZE: 8 (Must go: False)
DEBUG 2026-06-08 17:51:39 t_client.py:477 Control loop (ms): 134.56
DEBUG 2026-06-08 17:51:39 follower.py:184 follower_right SOFollower read state: 1.7ms
DEBUG 2026-06-08 17:51:39 follower.py:191 follower_right SOFollower read wrist: 0.0ms
DEBUG 2026-06-08 17:51:39 follower.py:184 follower_left SOFollower read state: 1.7ms
DEBUG 2026-06-08 17:51:39 follower.py:191 follower_left SOFollower read wrist: 0.0ms
DEBUG 2026-06-08 17:51:39 t_client.py:198 Observation serialization time: 0.006481s
DEBUG 2026-06-08 17:51:39 ort/utils.py:54 [CLIENT] Observation Buffer size 4.395498275756836 MB with
DEBUG 2026-06-08 17:51:39 ort/utils.py:69 [CLIENT] Observation Sent 2097152/4609014 bytes with state 1
DEBUG 2026-06-08 17:51:39 ort/utils.py:69 [CLIENT] Observation Sent 4194304/4609014 bytes with state 2
DEBUG 2026-06-08 17:51:39 ort/utils.py:69 [CLIENT] Observation Sent 4609014/4609014 bytes with state 3
DEBUG 2026-06-08 17:51:39 ort/utils.py:71 [CLIENT] Observation Published 4.395498275756836 MB
DEBUG 2026-06-08 17:51:39 t_client.py:209 Sent observation #775 | 
DEBUG 2026-06-08 17:51:39 t_client.py:434 QUEUE SIZE: 7 (Must go: False)
DEBUG 2026-06-08 17:51:39 t_client.py:477 Control loop (ms): 103.50
DEBUG 2026-06-08 17:51:39 follower.py:184 follower_right SOFollower read state: 2.6ms
DEBUG 2026-06-08 17:51:39 follower.py:191 follower_right SOFollower read wrist: 0.0ms
DEBUG 2026-06-08 17:51:39 t_client.py:292 Received actions on device: cpu
DEBUG 2026-06-08 17:51:39 t_client.py:302 Actions kept on device: cpu
DEBUG 2026-06-08 17:51:39 follower.py:184 follower_left SOFollower read state: 1.7ms
DEBUG 2026-06-08 17:51:39 follower.py:191 follower_left SOFollower read wrist: 0.0ms
DEBUG 2026-06-08 17:51:39 t_client.py:198 Observation serialization time: 0.006259s
DEBUG 2026-06-08 17:51:39 ort/utils.py:54 [CLIENT] Observation Buffer size 4.395498275756836 MB with
DEBUG 2026-06-08 17:51:39 ort/utils.py:69 [CLIENT] Observation Sent 2097152/4609014 bytes with state 1
DEBUG 2026-06-08 17:51:39 ort/utils.py:69 [CLIENT] Observation Sent 4194304/4609014 bytes with state 2
DEBUG 2026-06-08 17:51:39 ort/utils.py:69 [CLIENT] Observation Sent 4609014/4609014 bytes with state 3
DEBUG 2026-06-08 17:51:39 ort/utils.py:71 [CLIENT] Observation Published 4.395498275756836 MB
DEBUG 2026-06-08 17:51:39 t_client.py:209 Sent observation #776 | 
DEBUG 2026-06-08 17:51:39 t_client.py:434 QUEUE SIZE: 6 (Must go: False)
DEBUG 2026-06-08 17:51:39 t_client.py:477 Control loop (ms): 170.59
DEBUG 2026-06-08 17:51:39 t_client.py:477 Control loop (ms): 6.08
DEBUG 2026-06-08 17:51:39 t_client.py:292 Received actions on device: cpu
DEBUG 2026-06-08 17:51:39 t_client.py:302 Actions kept on device: cpu
DEBUG 2026-06-08 17:51:39 t_client.py:477 Control loop (ms): 1.61
DEBUG 2026-06-08 17:51:39 t_client.py:477 Control loop (ms): 1.46
DEBUG 2026-06-08 17:51:40 t_client.py:477 Control loop (ms): 1.04
DEBUG 2026-06-08 17:51:40 t_client.py:292 Received actions on device: cpu
DEBUG 2026-06-08 17:51:40 t_client.py:302 Actions kept on device: cpu
DEBUG 2026-06-08 17:51:40 t_client.py:477 Control loop (ms): 1.52
DEBUG 2026-06-08 17:51:40 t_client.py:477 Control loop (ms): 1.57
DEBUG 2026-06-08 17:51:40 follower.py:184 follower_right SOFollower read state: 2.0ms
DEBUG 2026-06-08 17:51:40 follower.py:191 follower_right SOFollower read wrist: 0.1ms
DEBUG 2026-06-08 17:51:40 follower.py:184 follower_left SOFollower read state: 2.1ms
DEBUG 2026-06-08 17:51:40 follower.py:191 follower_left SOFollower read wrist: 0.0ms
DEBUG 2026-06-08 17:51:40 t_client.py:198 Observation serialization time: 0.010647s
DEBUG 2026-06-08 17:51:40 ort/utils.py:54 [CLIENT] Observation Buffer size 4.395498275756836 MB with
DEBUG 2026-06-08 17:51:40 ort/utils.py:69 [CLIENT] Observation Sent 2097152/4609014 bytes with state 1
DEBUG 2026-06-08 17:51:40 ort/utils.py:69 [CLIENT] Observation Sent 4194304/4609014 bytes with state 2
DEBUG 2026-06-08 17:51:40 ort/utils.py:69 [CLIENT] Observation Sent 4609014/4609014 bytes with state 3
DEBUG 2026-06-08 17:51:40 ort/utils.py:71 [CLIENT] Observation Published 4.395498275756836 MB
DEBUG 2026-06-08 17:51:40 t_client.py:209 Sent observation #783 | 
DEBUG 2026-06-08 17:51:40 t_client.py:434 QUEUE SIZE: 8 (Must go: False)
DEBUG 2026-06-08 17:51:40 t_client.py:477 Control loop (ms): 144.85
DEBUG 2026-06-08 17:51:40 follower.py:184 follower_right SOFollower read state: 1.6ms
DEBUG 2026-06-08 17:51:40 follower.py:191 follower_right SOFollower read wrist: 0.0ms
DEBUG 2026-06-08 17:51:40 follower.py:184 follower_left SOFollower read state: 1.7ms
DEBUG 2026-06-08 17:51:40 follower.py:191 follower_left SOFollower read wrist: 0.0ms
DEBUG 2026-06-08 17:51:40 t_client.py:198 Observation serialization time: 0.004983s
DEBUG 2026-06-08 17:51:40 ort/utils.py:54 [CLIENT] Observation Buffer size 4.395498275756836 MB with
DEBUG 2026-06-08 17:51:40 ort/utils.py:69 [CLIENT] Observation Sent 2097152/4609014 bytes with state 1
DEBUG 2026-06-08 17:51:40 ort/utils.py:69 [CLIENT] Observation Sent 4194304/4609014 bytes with state 2
DEBUG 2026-06-08 17:51:40 ort/utils.py:69 [CLIENT] Observation Sent 4609014/4609014 bytes with state 3
DEBUG 2026-06-08 17:51:40 ort/utils.py:71 [CLIENT] Observation Published 4.395498275756836 MB
DEBUG 2026-06-08 17:51:40 t_client.py:292 Received actions on device: cpu
DEBUG 2026-06-08 17:51:40 t_client.py:302 Actions kept on device: cpu
DEBUG 2026-06-08 17:51:40 t_client.py:209 Sent observation #784 | 
DEBUG 2026-06-08 17:51:40 t_client.py:434 QUEUE SIZE: 7 (Must go: False)
DEBUG 2026-06-08 17:51:40 t_client.py:477 Control loop (ms): 129.19
DEBUG 2026-06-08 17:51:40 t_client.py:477 Control loop (ms): 2.90
DEBUG 2026-06-08 17:51:40 t_client.py:477 Control loop (ms): 1.54
DEBUG 2026-06-08 17:51:40 t_client.py:477 Control loop (ms): 1.81
DEBUG 2026-06-08 17:51:40 t_client.py:292 Received actions on device: cpu
DEBUG 2026-06-08 17:51:40 t_client.py:302 Actions kept on device: cpu
DEBUG 2026-06-08 17:51:40 t_client.py:477 Control loop (ms): 0.57
DEBUG 2026-06-08 17:51:40 t_client.py:477 Control loop (ms): 2.15
DEBUG 2026-06-08 17:51:40 t_client.py:477 Control loop (ms): 1.86
DEBUG 2026-06-08 17:51:40 follower.py:184 follower_right SOFollower read state: 2.2ms
DEBUG 2026-06-08 17:51:40 follower.py:191 follower_right SOFollower read wrist: 0.0ms
DEBUG 2026-06-08 17:51:40 follower.py:184 follower_left SOFollower read state: 2.3ms
DEBUG 2026-06-08 17:51:40 follower.py:191 follower_left SOFollower read wrist: 0.0ms
DEBUG 2026-06-08 17:51:40 t_client.py:198 Observation serialization time: 0.008812s
DEBUG 2026-06-08 17:51:40 ort/utils.py:54 [CLIENT] Observation Buffer size 4.395498275756836 MB with
DEBUG 2026-06-08 17:51:40 ort/utils.py:69 [CLIENT] Observation Sent 2097152/4609014 bytes with state 1
DEBUG 2026-06-08 17:51:40 ort/utils.py:69 [CLIENT] Observation Sent 4194304/4609014 bytes with state 2
DEBUG 2026-06-08 17:51:40 ort/utils.py:69 [CLIENT] Observation Sent 4609014/4609014 bytes with state 3
DEBUG 2026-06-08 17:51:40 ort/utils.py:71 [CLIENT] Observation Published 4.395498275756836 MB
DEBUG 2026-06-08 17:51:40 t_client.py:209 Sent observation #791 | 
DEBUG 2026-06-08 17:51:40 t_client.py:434 QUEUE SIZE: 8 (Must go: False)
DEBUG 2026-06-08 17:51:40 t_client.py:477 Control loop (ms): 114.12
DEBUG 2026-06-08 17:51:40 follower.py:184 follower_right SOFollower read state: 2.5ms
DEBUG 2026-06-08 17:51:40 follower.py:191 follower_right SOFollower read wrist: 0.1ms
DEBUG 2026-06-08 17:51:40 follower.py:184 follower_left SOFollower read state: 2.2ms
DEBUG 2026-06-08 17:51:40 follower.py:191 follower_left SOFollower read wrist: 0.0ms
DEBUG 2026-06-08 17:51:40 t_client.py:198 Observation serialization time: 0.011121s
DEBUG 2026-06-08 17:51:40 ort/utils.py:54 [CLIENT] Observation Buffer size 4.395498275756836 MB with
DEBUG 2026-06-08 17:51:40 ort/utils.py:69 [CLIENT] Observation Sent 2097152/4609014 bytes with state 1
DEBUG 2026-06-08 17:51:40 ort/utils.py:69 [CLIENT] Observation Sent 4194304/4609014 bytes with state 2
DEBUG 2026-06-08 17:51:40 ort/utils.py:69 [CLIENT] Observation Sent 4609014/4609014 bytes with state 3
DEBUG 2026-06-08 17:51:40 ort/utils.py:71 [CLIENT] Observation Published 4.395498275756836 MB
DEBUG 2026-06-08 17:51:40 t_client.py:292 Received actions on device: cpu
DEBUG 2026-06-08 17:51:40 t_client.py:302 Actions kept on device: cpu
DEBUG 2026-06-08 17:51:40 t_client.py:209 Sent observation #792 | 
DEBUG 2026-06-08 17:51:40 t_client.py:434 QUEUE SIZE: 7 (Must go: False)
DEBUG 2026-06-08 17:51:40 t_client.py:477 Control loop (ms): 129.66
DEBUG 2026-06-08 17:51:40 t_client.py:477 Control loop (ms): 1.75
DEBUG 2026-06-08 17:51:40 t_client.py:477 Control loop (ms): 1.92
DEBUG 2026-06-08 17:51:40 t_client.py:477 Control loop (ms): 1.81
DEBUG 2026-06-08 17:51:40 t_client.py:292 Received actions on device: cpu
DEBUG 2026-06-08 17:51:40 t_client.py:302 Actions kept on device: cpu
DEBUG 2026-06-08 17:51:40 t_client.py:477 Control loop (ms): 1.65
DEBUG 2026-06-08 17:51:40 t_client.py:477 Control loop (ms): 1.28
DEBUG 2026-06-08 17:51:41 t_client.py:477 Control loop (ms): 2.18
DEBUG 2026-06-08 17:51:41 follower.py:184 follower_right SOFollower read state: 2.6ms
DEBUG 2026-06-08 17:51:41 follower.py:191 follower_right SOFollower read wrist: 0.0ms
DEBUG 2026-06-08 17:51:41 follower.py:184 follower_left SOFollower read state: 1.9ms
DEBUG 2026-06-08 17:51:41 follower.py:191 follower_left SOFollower read wrist: 0.0ms
DEBUG 2026-06-08 17:51:41 t_client.py:198 Observation serialization time: 0.007731s
DEBUG 2026-06-08 17:51:41 ort/utils.py:54 [CLIENT] Observation Buffer size 4.395498275756836 MB with
DEBUG 2026-06-08 17:51:41 ort/utils.py:69 [CLIENT] Observation Sent 2097152/4609014 bytes with state 1
DEBUG 2026-06-08 17:51:41 ort/utils.py:69 [CLIENT] Observation Sent 4194304/4609014 bytes with state 2
DEBUG 2026-06-08 17:51:41 ort/utils.py:69 [CLIENT] Observation Sent 4609014/4609014 bytes with state 3
DEBUG 2026-06-08 17:51:41 ort/utils.py:71 [CLIENT] Observation Published 4.395498275756836 MB
DEBUG 2026-06-08 17:51:41 t_client.py:209 Sent observation #799 | 
DEBUG 2026-06-08 17:51:41 t_client.py:434 QUEUE SIZE: 8 (Must go: False)
DEBUG 2026-06-08 17:51:41 t_client.py:477 Control loop (ms): 111.72
DEBUG 2026-06-08 17:51:41 follower.py:184 follower_right SOFollower read state: 3.3ms
DEBUG 2026-06-08 17:51:41 follower.py:191 follower_right SOFollower read wrist: 0.0ms
DEBUG 2026-06-08 17:51:41 follower.py:184 follower_left SOFollower read state: 2.4ms
DEBUG 2026-06-08 17:51:41 follower.py:191 follower_left SOFollower read wrist: 0.0ms
DEBUG 2026-06-08 17:51:41 t_client.py:198 Observation serialization time: 0.010905s
DEBUG 2026-06-08 17:51:41 ort/utils.py:54 [CLIENT] Observation Buffer size 4.395498275756836 MB with
DEBUG 2026-06-08 17:51:41 ort/utils.py:69 [CLIENT] Observation Sent 2097152/4609014 bytes with state 1
DEBUG 2026-06-08 17:51:41 ort/utils.py:69 [CLIENT] Observation Sent 4194304/4609014 bytes with state 2
DEBUG 2026-06-08 17:51:41 ort/utils.py:69 [CLIENT] Observation Sent 4609014/4609014 bytes with state 3
DEBUG 2026-06-08 17:51:41 ort/utils.py:71 [CLIENT] Observation Published 4.395498275756836 MB
DEBUG 2026-06-08 17:51:41 t_client.py:292 Received actions on device: cpu
DEBUG 2026-06-08 17:51:41 t_client.py:302 Actions kept on device: cpu
DEBUG 2026-06-08 17:51:41 t_client.py:209 Sent observation #800 | 
DEBUG 2026-06-08 17:51:41 t_client.py:434 QUEUE SIZE: 7 (Must go: False)
DEBUG 2026-06-08 17:51:41 t_client.py:477 Control loop (ms): 156.78
DEBUG 2026-06-08 17:51:41 t_client.py:477 Control loop (ms): 1.65
DEBUG 2026-06-08 17:51:41 t_client.py:477 Control loop (ms): 1.31
DEBUG 2026-06-08 17:51:41 t_client.py:477 Control loop (ms): 1.58
DEBUG 2026-06-08 17:51:41 t_client.py:292 Received actions on device: cpu
DEBUG 2026-06-08 17:51:41 t_client.py:302 Actions kept on device: cpu
DEBUG 2026-06-08 17:51:41 t_client.py:477 Control loop (ms): 1.67
DEBUG 2026-06-08 17:51:41 t_client.py:477 Control loop (ms): 2.58
DEBUG 2026-06-08 17:51:41 t_client.py:477 Control loop (ms): 2.08
DEBUG 2026-06-08 17:51:41 follower.py:184 follower_right SOFollower read state: 2.3ms
DEBUG 2026-06-08 17:51:41 follower.py:191 follower_right SOFollower read wrist: 0.0ms
DEBUG 2026-06-08 17:51:41 follower.py:184 follower_left SOFollower read state: 2.2ms
DEBUG 2026-06-08 17:51:41 follower.py:191 follower_left SOFollower read wrist: 0.1ms
DEBUG 2026-06-08 17:51:41 t_client.py:198 Observation serialization time: 0.011280s
DEBUG 2026-06-08 17:51:41 ort/utils.py:54 [CLIENT] Observation Buffer size 4.395498275756836 MB with
DEBUG 2026-06-08 17:51:41 ort/utils.py:69 [CLIENT] Observation Sent 2097152/4609014 bytes with state 1
DEBUG 2026-06-08 17:51:41 ort/utils.py:69 [CLIENT] Observation Sent 4194304/4609014 bytes with state 2
DEBUG 2026-06-08 17:51:41 ort/utils.py:69 [CLIENT] Observation Sent 4609014/4609014 bytes with state 3
DEBUG 2026-06-08 17:51:41 ort/utils.py:71 [CLIENT] Observation Published 4.395498275756836 MB
DEBUG 2026-06-08 17:51:41 t_client.py:209 Sent observation #807 | 
DEBUG 2026-06-08 17:51:41 t_client.py:434 QUEUE SIZE: 8 (Must go: False)
DEBUG 2026-06-08 17:51:41 t_client.py:477 Control loop (ms): 123.19
DEBUG 2026-06-08 17:51:41 follower.py:184 follower_right SOFollower read state: 2.5ms
DEBUG 2026-06-08 17:51:41 follower.py:191 follower_right SOFollower read wrist: 0.0ms
DEBUG 2026-06-08 17:51:41 follower.py:184 follower_left SOFollower read state: 2.3ms
DEBUG 2026-06-08 17:51:41 follower.py:191 follower_left SOFollower read wrist: 0.0ms
DEBUG 2026-06-08 17:51:41 t_client.py:198 Observation serialization time: 0.009168s
DEBUG 2026-06-08 17:51:41 ort/utils.py:54 [CLIENT] Observation Buffer size 4.395498275756836 MB with
DEBUG 2026-06-08 17:51:41 ort/utils.py:69 [CLIENT] Observation Sent 2097152/4609014 bytes with state 1
DEBUG 2026-06-08 17:51:41 ort/utils.py:69 [CLIENT] Observation Sent 4194304/4609014 bytes with state 2
DEBUG 2026-06-08 17:51:41 ort/utils.py:69 [CLIENT] Observation Sent 4609014/4609014 bytes with state 3
DEBUG 2026-06-08 17:51:41 ort/utils.py:71 [CLIENT] Observation Published 4.395498275756836 MB
DEBUG 2026-06-08 17:51:41 t_client.py:209 Sent observation #808 | 
DEBUG 2026-06-08 17:51:41 t_client.py:434 QUEUE SIZE: 7 (Must go: False)
DEBUG 2026-06-08 17:51:41 t_client.py:477 Control loop (ms): 133.24
DEBUG 2026-06-08 17:51:41 t_client.py:292 Received actions on device: cpu
DEBUG 2026-06-08 17:51:41 t_client.py:302 Actions kept on device: cpu
DEBUG 2026-06-08 17:51:41 follower.py:184 follower_right SOFollower read state: 2.4ms
DEBUG 2026-06-08 17:51:41 follower.py:191 follower_right SOFollower read wrist: 0.1ms
DEBUG 2026-06-08 17:51:41 follower.py:184 follower_left SOFollower read state: 2.2ms
DEBUG 2026-06-08 17:51:41 follower.py:191 follower_left SOFollower read wrist: 0.0ms
DEBUG 2026-06-08 17:51:41 t_client.py:198 Observation serialization time: 0.008095s
DEBUG 2026-06-08 17:51:41 ort/utils.py:54 [CLIENT] Observation Buffer size 4.395498275756836 MB with
DEBUG 2026-06-08 17:51:41 ort/utils.py:69 [CLIENT] Observation Sent 2097152/4609014 bytes with state 1
DEBUG 2026-06-08 17:51:41 ort/utils.py:69 [CLIENT] Observation Sent 4194304/4609014 bytes with state 2
DEBUG 2026-06-08 17:51:41 ort/utils.py:69 [CLIENT] Observation Sent 4609014/4609014 bytes with state 3
DEBUG 2026-06-08 17:51:41 ort/utils.py:71 [CLIENT] Observation Published 4.395498275756836 MB
DEBUG 2026-06-08 17:51:41 t_client.py:209 Sent observation #809 | 
DEBUG 2026-06-08 17:51:41 t_client.py:434 QUEUE SIZE: 13 (Must go: False)
DEBUG 2026-06-08 17:51:41 t_client.py:477 Control loop (ms): 117.97
DEBUG 2026-06-08 17:51:41 t_client.py:477 Control loop (ms): 7.41
DEBUG 2026-06-08 17:51:41 t_client.py:292 Received actions on device: cpu
DEBUG 2026-06-08 17:51:41 t_client.py:302 Actions kept on device: cpu
DEBUG 2026-06-08 17:51:41 t_client.py:477 Control loop (ms): 1.38
DEBUG 2026-06-08 17:51:41 t_client.py:477 Control loop (ms): 1.51
DEBUG 2026-06-08 17:51:41 t_client.py:477 Control loop (ms): 1.96
DEBUG 2026-06-08 17:51:42 t_client.py:292 Received actions on device: cpu
DEBUG 2026-06-08 17:51:42 t_client.py:302 Actions kept on device: cpu
DEBUG 2026-06-08 17:51:42 t_client.py:477 Control loop (ms): 1.32
DEBUG 2026-06-08 17:51:42 t_client.py:477 Control loop (ms): 1.41
DEBUG 2026-06-08 17:51:42 follower.py:184 follower_right SOFollower read state: 1.9ms
DEBUG 2026-06-08 17:51:42 follower.py:191 follower_right SOFollower read wrist: 0.0ms
DEBUG 2026-06-08 17:51:42 follower.py:184 follower_left SOFollower read state: 1.8ms
DEBUG 2026-06-08 17:51:42 follower.py:191 follower_left SOFollower read wrist: 0.0ms
DEBUG 2026-06-08 17:51:42 t_client.py:198 Observation serialization time: 0.010105s
DEBUG 2026-06-08 17:51:42 ort/utils.py:54 [CLIENT] Observation Buffer size 4.395498275756836 MB with
DEBUG 2026-06-08 17:51:42 ort/utils.py:69 [CLIENT] Observation Sent 2097152/4609014 bytes with state 1
DEBUG 2026-06-08 17:51:42 ort/utils.py:69 [CLIENT] Observation Sent 4194304/4609014 bytes with state 2
DEBUG 2026-06-08 17:51:42 ort/utils.py:69 [CLIENT] Observation Sent 4609014/4609014 bytes with state 3
DEBUG 2026-06-08 17:51:42 ort/utils.py:71 [CLIENT] Observation Published 4.395498275756836 MB
DEBUG 2026-06-08 17:51:42 t_client.py:209 Sent observation #816 | 
DEBUG 2026-06-08 17:51:42 t_client.py:434 QUEUE SIZE: 8 (Must go: False)
DEBUG 2026-06-08 17:51:42 t_client.py:477 Control loop (ms): 128.01
DEBUG 2026-06-08 17:51:42 follower.py:184 follower_right SOFollower read state: 2.3ms
DEBUG 2026-06-08 17:51:42 follower.py:191 follower_right SOFollower read wrist: 0.0ms
DEBUG 2026-06-08 17:51:42 follower.py:184 follower_left SOFollower read state: 2.0ms
DEBUG 2026-06-08 17:51:42 follower.py:191 follower_left SOFollower read wrist: 0.0ms
DEBUG 2026-06-08 17:51:42 t_client.py:198 Observation serialization time: 0.011594s
DEBUG 2026-06-08 17:51:42 ort/utils.py:54 [CLIENT] Observation Buffer size 4.395498275756836 MB with
DEBUG 2026-06-08 17:51:42 ort/utils.py:69 [CLIENT] Observation Sent 2097152/4609014 bytes with state 1
DEBUG 2026-06-08 17:51:42 ort/utils.py:69 [CLIENT] Observation Sent 4194304/4609014 bytes with state 2
DEBUG 2026-06-08 17:51:42 ort/utils.py:69 [CLIENT] Observation Sent 4609014/4609014 bytes with state 3
DEBUG 2026-06-08 17:51:42 ort/utils.py:71 [CLIENT] Observation Published 4.395498275756836 MB
DEBUG 2026-06-08 17:51:42 t_client.py:292 Received actions on device: cpu
DEBUG 2026-06-08 17:51:42 t_client.py:302 Actions kept on device: cpu
DEBUG 2026-06-08 17:51:42 t_client.py:209 Sent observation #817 | 
DEBUG 2026-06-08 17:51:42 t_client.py:434 QUEUE SIZE: 7 (Must go: False)
DEBUG 2026-06-08 17:51:42 t_client.py:477 Control loop (ms): 149.44
DEBUG 2026-06-08 17:51:42 t_client.py:477 Control loop (ms): 1.71
DEBUG 2026-06-08 17:51:42 t_client.py:477 Control loop (ms): 1.49
DEBUG 2026-06-08 17:51:42 t_client.py:477 Control loop (ms): 1.29
DEBUG 2026-06-08 17:51:42 t_client.py:292 Received actions on device: cpu
DEBUG 2026-06-08 17:51:42 t_client.py:302 Actions kept on device: cpu
DEBUG 2026-06-08 17:51:42 t_client.py:477 Control loop (ms): 1.08
DEBUG 2026-06-08 17:51:42 t_client.py:477 Control loop (ms): 1.41
DEBUG 2026-06-08 17:51:42 t_client.py:477 Control loop (ms): 2.24
DEBUG 2026-06-08 17:51:42 follower.py:184 follower_right SOFollower read state: 1.8ms
DEBUG 2026-06-08 17:51:42 follower.py:191 follower_right SOFollower read wrist: 0.0ms
DEBUG 2026-06-08 17:51:42 follower.py:184 follower_left SOFollower read state: 2.1ms
DEBUG 2026-06-08 17:51:42 follower.py:191 follower_left SOFollower read wrist: 0.0ms
DEBUG 2026-06-08 17:51:42 t_client.py:198 Observation serialization time: 0.008817s
DEBUG 2026-06-08 17:51:42 ort/utils.py:54 [CLIENT] Observation Buffer size 4.395498275756836 MB with
DEBUG 2026-06-08 17:51:42 ort/utils.py:69 [CLIENT] Observation Sent 2097152/4609014 bytes with state 1
DEBUG 2026-06-08 17:51:42 ort/utils.py:69 [CLIENT] Observation Sent 4194304/4609014 bytes with state 2
DEBUG 2026-06-08 17:51:42 ort/utils.py:69 [CLIENT] Observation Sent 4609014/4609014 bytes with state 3
DEBUG 2026-06-08 17:51:42 ort/utils.py:71 [CLIENT] Observation Published 4.395498275756836 MB
DEBUG 2026-06-08 17:51:42 t_client.py:209 Sent observation #824 | 
DEBUG 2026-06-08 17:51:42 t_client.py:434 QUEUE SIZE: 8 (Must go: False)
DEBUG 2026-06-08 17:51:42 t_client.py:477 Control loop (ms): 125.50
DEBUG 2026-06-08 17:51:42 follower.py:184 follower_right SOFollower read state: 2.3ms
DEBUG 2026-06-08 17:51:42 follower.py:191 follower_right SOFollower read wrist: 0.0ms
DEBUG 2026-06-08 17:51:42 follower.py:184 follower_left SOFollower read state: 2.3ms
DEBUG 2026-06-08 17:51:42 follower.py:191 follower_left SOFollower read wrist: 0.0ms
DEBUG 2026-06-08 17:51:42 t_client.py:198 Observation serialization time: 0.009998s
DEBUG 2026-06-08 17:51:42 ort/utils.py:54 [CLIENT] Observation Buffer size 4.395498275756836 MB with
DEBUG 2026-06-08 17:51:42 ort/utils.py:69 [CLIENT] Observation Sent 2097152/4609014 bytes with state 1
DEBUG 2026-06-08 17:51:42 ort/utils.py:69 [CLIENT] Observation Sent 4194304/4609014 bytes with state 2
DEBUG 2026-06-08 17:51:42 ort/utils.py:69 [CLIENT] Observation Sent 4609014/4609014 bytes with state 3
DEBUG 2026-06-08 17:51:42 ort/utils.py:71 [CLIENT] Observation Published 4.395498275756836 MB
DEBUG 2026-06-08 17:51:42 t_client.py:292 Received actions on device: cpu
DEBUG 2026-06-08 17:51:42 t_client.py:302 Actions kept on device: cpu
DEBUG 2026-06-08 17:51:42 t_client.py:209 Sent observation #825 | 
DEBUG 2026-06-08 17:51:42 t_client.py:434 QUEUE SIZE: 7 (Must go: False)
DEBUG 2026-06-08 17:51:42 t_client.py:477 Control loop (ms): 124.01
DEBUG 2026-06-08 17:51:42 follower.py:184 follower_right SOFollower read state: 1.7ms
DEBUG 2026-06-08 17:51:42 follower.py:191 follower_right SOFollower read wrist: 0.0ms
DEBUG 2026-06-08 17:51:42 follower.py:184 follower_left SOFollower read state: 1.4ms
DEBUG 2026-06-08 17:51:42 follower.py:191 follower_left SOFollower read wrist: 0.0ms
DEBUG 2026-06-08 17:51:42 t_client.py:198 Observation serialization time: 0.004183s
DEBUG 2026-06-08 17:51:42 ort/utils.py:54 [CLIENT] Observation Buffer size 4.395498275756836 MB with
DEBUG 2026-06-08 17:51:42 ort/utils.py:69 [CLIENT] Observation Sent 2097152/4609014 bytes with state 1
DEBUG 2026-06-08 17:51:42 ort/utils.py:69 [CLIENT] Observation Sent 4194304/4609014 bytes with state 2
DEBUG 2026-06-08 17:51:42 ort/utils.py:69 [CLIENT] Observation Sent 4609014/4609014 bytes with state 3
DEBUG 2026-06-08 17:51:42 ort/utils.py:71 [CLIENT] Observation Published 4.395498275756836 MB
DEBUG 2026-06-08 17:51:42 t_client.py:292 Received actions on device: cpu
DEBUG 2026-06-08 17:51:42 t_client.py:302 Actions kept on device: cpu
DEBUG 2026-06-08 17:51:42 t_client.py:209 Sent observation #826 | 
DEBUG 2026-06-08 17:51:42 t_client.py:434 QUEUE SIZE: 14 (Must go: False)
DEBUG 2026-06-08 17:51:42 t_client.py:477 Control loop (ms): 111.40
DEBUG 2026-06-08 17:51:42 t_client.py:477 Control loop (ms): 1.68
DEBUG 2026-06-08 17:51:42 t_client.py:477 Control loop (ms): 2.10
DEBUG 2026-06-08 17:51:42 t_client.py:477 Control loop (ms): 0.39
DEBUG 2026-06-08 17:51:43 t_client.py:292 Received actions on device: cpu
DEBUG 2026-06-08 17:51:43 t_client.py:302 Actions kept on device: cpu
DEBUG 2026-06-08 17:51:43 t_client.py:477 Control loop (ms): 1.09
DEBUG 2026-06-08 17:51:43 t_client.py:477 Control loop (ms): 1.68
DEBUG 2026-06-08 17:51:43 t_client.py:477 Control loop (ms): 1.61
DEBUG 2026-06-08 17:51:43 follower.py:184 follower_right SOFollower read state: 2.0ms
DEBUG 2026-06-08 17:51:43 follower.py:191 follower_right SOFollower read wrist: 0.0ms
DEBUG 2026-06-08 17:51:43 follower.py:184 follower_left SOFollower read state: 1.8ms
DEBUG 2026-06-08 17:51:43 follower.py:191 follower_left SOFollower read wrist: 0.0ms
DEBUG 2026-06-08 17:51:43 t_client.py:198 Observation serialization time: 0.006875s
DEBUG 2026-06-08 17:51:43 ort/utils.py:54 [CLIENT] Observation Buffer size 4.395498275756836 MB with
DEBUG 2026-06-08 17:51:43 ort/utils.py:69 [CLIENT] Observation Sent 2097152/4609014 bytes with state 1
DEBUG 2026-06-08 17:51:43 ort/utils.py:69 [CLIENT] Observation Sent 4194304/4609014 bytes with state 2
DEBUG 2026-06-08 17:51:43 ort/utils.py:69 [CLIENT] Observation Sent 4609014/4609014 bytes with state 3
DEBUG 2026-06-08 17:51:43 ort/utils.py:71 [CLIENT] Observation Published 4.395498275756836 MB
DEBUG 2026-06-08 17:51:43 t_client.py:209 Sent observation #833 | 
DEBUG 2026-06-08 17:51:43 t_client.py:434 QUEUE SIZE: 8 (Must go: False)
DEBUG 2026-06-08 17:51:43 t_client.py:477 Control loop (ms): 107.49
DEBUG 2026-06-08 17:51:43 follower.py:184 follower_right SOFollower read state: 2.1ms
DEBUG 2026-06-08 17:51:43 follower.py:191 follower_right SOFollower read wrist: 0.0ms
DEBUG 2026-06-08 17:51:43 follower.py:184 follower_left SOFollower read state: 2.0ms
DEBUG 2026-06-08 17:51:43 follower.py:191 follower_left SOFollower read wrist: 0.0ms
DEBUG 2026-06-08 17:51:43 t_client.py:198 Observation serialization time: 0.009762s
DEBUG 2026-06-08 17:51:43 ort/utils.py:54 [CLIENT] Observation Buffer size 4.395498275756836 MB with
DEBUG 2026-06-08 17:51:43 ort/utils.py:69 [CLIENT] Observation Sent 2097152/4609014 bytes with state 1
DEBUG 2026-06-08 17:51:43 ort/utils.py:69 [CLIENT] Observation Sent 4194304/4609014 bytes with state 2
DEBUG 2026-06-08 17:51:43 ort/utils.py:69 [CLIENT] Observation Sent 4609014/4609014 bytes with state 3
DEBUG 2026-06-08 17:51:43 ort/utils.py:71 [CLIENT] Observation Published 4.395498275756836 MB
DEBUG 2026-06-08 17:51:43 t_client.py:292 Received actions on device: cpu
DEBUG 2026-06-08 17:51:43 t_client.py:302 Actions kept on device: cpu
DEBUG 2026-06-08 17:51:43 t_client.py:209 Sent observation #834 | 
DEBUG 2026-06-08 17:51:43 t_client.py:434 QUEUE SIZE: 7 (Must go: False)
DEBUG 2026-06-08 17:51:43 t_client.py:477 Control loop (ms): 126.15
DEBUG 2026-06-08 17:51:43 t_client.py:477 Control loop (ms): 2.54
DEBUG 2026-06-08 17:51:43 t_client.py:477 Control loop (ms): 2.91
DEBUG 2026-06-08 17:51:43 t_client.py:477 Control loop (ms): 2.95
DEBUG 2026-06-08 17:51:43 t_client.py:292 Received actions on device: cpu
DEBUG 2026-06-08 17:51:43 t_client.py:302 Actions kept on device: cpu
DEBUG 2026-06-08 17:51:43 t_client.py:477 Control loop (ms): 2.74
DEBUG 2026-06-08 17:51:43 t_client.py:477 Control loop (ms): 2.64
DEBUG 2026-06-08 17:51:43 t_client.py:477 Control loop (ms): 3.24
DEBUG 2026-06-08 17:51:43 follower.py:184 follower_right SOFollower read state: 2.3ms
DEBUG 2026-06-08 17:51:43 follower.py:191 follower_right SOFollower read wrist: 0.0ms
DEBUG 2026-06-08 17:51:43 follower.py:184 follower_left SOFollower read state: 2.1ms
DEBUG 2026-06-08 17:51:43 follower.py:191 follower_left SOFollower read wrist: 0.0ms
DEBUG 2026-06-08 17:51:43 t_client.py:198 Observation serialization time: 0.009151s
DEBUG 2026-06-08 17:51:43 ort/utils.py:54 [CLIENT] Observation Buffer size 4.395498275756836 MB with
DEBUG 2026-06-08 17:51:43 ort/utils.py:69 [CLIENT] Observation Sent 2097152/4609014 bytes with state 1
DEBUG 2026-06-08 17:51:43 ort/utils.py:69 [CLIENT] Observation Sent 4194304/4609014 bytes with state 2
DEBUG 2026-06-08 17:51:43 ort/utils.py:69 [CLIENT] Observation Sent 4609014/4609014 bytes with state 3
DEBUG 2026-06-08 17:51:43 ort/utils.py:71 [CLIENT] Observation Published 4.395498275756836 MB
DEBUG 2026-06-08 17:51:43 t_client.py:209 Sent observation #841 | 
DEBUG 2026-06-08 17:51:43 t_client.py:434 QUEUE SIZE: 8 (Must go: False)
DEBUG 2026-06-08 17:51:43 t_client.py:477 Control loop (ms): 121.77
DEBUG 2026-06-08 17:51:43 follower.py:184 follower_right SOFollower read state: 2.2ms
DEBUG 2026-06-08 17:51:43 follower.py:191 follower_right SOFollower read wrist: 0.0ms
DEBUG 2026-06-08 17:51:43 follower.py:184 follower_left SOFollower read state: 2.0ms
DEBUG 2026-06-08 17:51:43 follower.py:191 follower_left SOFollower read wrist: 0.0ms
DEBUG 2026-06-08 17:51:43 t_client.py:198 Observation serialization time: 0.010953s
DEBUG 2026-06-08 17:51:43 ort/utils.py:54 [CLIENT] Observation Buffer size 4.395498275756836 MB with
DEBUG 2026-06-08 17:51:43 ort/utils.py:69 [CLIENT] Observation Sent 2097152/4609014 bytes with state 1
DEBUG 2026-06-08 17:51:43 ort/utils.py:69 [CLIENT] Observation Sent 4194304/4609014 bytes with state 2
DEBUG 2026-06-08 17:51:43 ort/utils.py:69 [CLIENT] Observation Sent 4609014/4609014 bytes with state 3
DEBUG 2026-06-08 17:51:43 ort/utils.py:71 [CLIENT] Observation Published 4.395498275756836 MB
DEBUG 2026-06-08 17:51:43 t_client.py:292 Received actions on device: cpu
DEBUG 2026-06-08 17:51:43 t_client.py:302 Actions kept on device: cpu
DEBUG 2026-06-08 17:51:43 t_client.py:209 Sent observation #842 | 
DEBUG 2026-06-08 17:51:43 t_client.py:434 QUEUE SIZE: 7 (Must go: False)
DEBUG 2026-06-08 17:51:43 t_client.py:477 Control loop (ms): 137.15
DEBUG 2026-06-08 17:51:43 t_client.py:477 Control loop (ms): 2.56
DEBUG 2026-06-08 17:51:43 t_client.py:477 Control loop (ms): 1.70
DEBUG 2026-06-08 17:51:43 t_client.py:477 Control loop (ms): 0.98
DEBUG 2026-06-08 17:51:43 t_client.py:292 Received actions on device: cpu
DEBUG 2026-06-08 17:51:43 t_client.py:302 Actions kept on device: cpu
DEBUG 2026-06-08 17:51:43 t_client.py:477 Control loop (ms): 2.04
DEBUG 2026-06-08 17:51:43 t_client.py:477 Control loop (ms): 2.04
DEBUG 2026-06-08 17:51:43 t_client.py:477 Control loop (ms): 1.59
DEBUG 2026-06-08 17:51:44 follower.py:184 follower_right SOFollower read state: 2.1ms
DEBUG 2026-06-08 17:51:44 follower.py:191 follower_right SOFollower read wrist: 0.0ms
DEBUG 2026-06-08 17:51:44 follower.py:184 follower_left SOFollower read state: 2.0ms
DEBUG 2026-06-08 17:51:44 follower.py:191 follower_left SOFollower read wrist: 0.0ms
DEBUG 2026-06-08 17:51:44 t_client.py:198 Observation serialization time: 0.010539s
DEBUG 2026-06-08 17:51:44 ort/utils.py:54 [CLIENT] Observation Buffer size 4.395498275756836 MB with
DEBUG 2026-06-08 17:51:44 ort/utils.py:69 [CLIENT] Observation Sent 2097152/4609014 bytes with state 1
DEBUG 2026-06-08 17:51:44 ort/utils.py:69 [CLIENT] Observation Sent 4194304/4609014 bytes with state 2
DEBUG 2026-06-08 17:51:44 ort/utils.py:69 [CLIENT] Observation Sent 4609014/4609014 bytes with state 3
DEBUG 2026-06-08 17:51:44 ort/utils.py:71 [CLIENT] Observation Published 4.395498275756836 MB
DEBUG 2026-06-08 17:51:44 t_client.py:209 Sent observation #849 | 
DEBUG 2026-06-08 17:51:44 t_client.py:434 QUEUE SIZE: 8 (Must go: False)
DEBUG 2026-06-08 17:51:44 t_client.py:477 Control loop (ms): 133.07
DEBUG 2026-06-08 17:51:44 follower.py:184 follower_right SOFollower read state: 2.6ms
DEBUG 2026-06-08 17:51:44 follower.py:191 follower_right SOFollower read wrist: 0.1ms
DEBUG 2026-06-08 17:51:44 follower.py:184 follower_left SOFollower read state: 2.7ms
DEBUG 2026-06-08 17:51:44 follower.py:191 follower_left SOFollower read wrist: 0.1ms
DEBUG 2026-06-08 17:51:44 t_client.py:198 Observation serialization time: 0.009699s
DEBUG 2026-06-08 17:51:44 ort/utils.py:54 [CLIENT] Observation Buffer size 4.395498275756836 MB with
DEBUG 2026-06-08 17:51:44 ort/utils.py:69 [CLIENT] Observation Sent 2097152/4609014 bytes with state 1
DEBUG 2026-06-08 17:51:44 ort/utils.py:69 [CLIENT] Observation Sent 4194304/4609014 bytes with state 2
DEBUG 2026-06-08 17:51:44 ort/utils.py:69 [CLIENT] Observation Sent 4609014/4609014 bytes with state 3
DEBUG 2026-06-08 17:51:44 ort/utils.py:71 [CLIENT] Observation Published 4.395498275756836 MB
DEBUG 2026-06-08 17:51:44 t_client.py:292 Received actions on device: cpu
DEBUG 2026-06-08 17:51:44 t_client.py:302 Actions kept on device: cpu
DEBUG 2026-06-08 17:51:44 t_client.py:209 Sent observation #850 | 
DEBUG 2026-06-08 17:51:44 t_client.py:434 QUEUE SIZE: 7 (Must go: False)
DEBUG 2026-06-08 17:51:44 t_client.py:477 Control loop (ms): 155.84
DEBUG 2026-06-08 17:51:44 t_client.py:477 Control loop (ms): 2.61
DEBUG 2026-06-08 17:51:44 t_client.py:477 Control loop (ms): 2.76
DEBUG 2026-06-08 17:51:44 t_client.py:477 Control loop (ms): 3.30
DEBUG 2026-06-08 17:51:44 t_client.py:292 Received actions on device: cpu
DEBUG 2026-06-08 17:51:44 t_client.py:302 Actions kept on device: cpu
DEBUG 2026-06-08 17:51:44 t_client.py:477 Control loop (ms): 1.55
DEBUG 2026-06-08 17:51:44 t_client.py:477 Control loop (ms): 2.56
DEBUG 2026-06-08 17:51:44 t_client.py:477 Control loop (ms): 2.42
DEBUG 2026-06-08 17:51:44 follower.py:184 follower_right SOFollower read state: 2.5ms
DEBUG 2026-06-08 17:51:44 follower.py:191 follower_right SOFollower read wrist: 0.0ms
DEBUG 2026-06-08 17:51:44 follower.py:184 follower_left SOFollower read state: 1.9ms
DEBUG 2026-06-08 17:51:44 follower.py:191 follower_left SOFollower read wrist: 0.0ms
DEBUG 2026-06-08 17:51:44 t_client.py:198 Observation serialization time: 0.009896s
DEBUG 2026-06-08 17:51:44 ort/utils.py:54 [CLIENT] Observation Buffer size 4.395498275756836 MB with
DEBUG 2026-06-08 17:51:44 ort/utils.py:69 [CLIENT] Observation Sent 2097152/4609014 bytes with state 1
DEBUG 2026-06-08 17:51:44 ort/utils.py:69 [CLIENT] Observation Sent 4194304/4609014 bytes with state 2
DEBUG 2026-06-08 17:51:44 ort/utils.py:69 [CLIENT] Observation Sent 4609014/4609014 bytes with state 3
DEBUG 2026-06-08 17:51:44 ort/utils.py:71 [CLIENT] Observation Published 4.395498275756836 MB
DEBUG 2026-06-08 17:51:44 t_client.py:209 Sent observation #857 | 
DEBUG 2026-06-08 17:51:44 t_client.py:434 QUEUE SIZE: 8 (Must go: False)
DEBUG 2026-06-08 17:51:44 t_client.py:477 Control loop (ms): 141.95
DEBUG 2026-06-08 17:51:44 follower.py:184 follower_right SOFollower read state: 1.7ms
DEBUG 2026-06-08 17:51:44 follower.py:191 follower_right SOFollower read wrist: 0.0ms
DEBUG 2026-06-08 17:51:44 follower.py:184 follower_left SOFollower read state: 1.6ms
DEBUG 2026-06-08 17:51:44 follower.py:191 follower_left SOFollower read wrist: 0.0ms
DEBUG 2026-06-08 17:51:44 t_client.py:198 Observation serialization time: 0.005269s
DEBUG 2026-06-08 17:51:44 ort/utils.py:54 [CLIENT] Observation Buffer size 4.395498275756836 MB with
DEBUG 2026-06-08 17:51:44 ort/utils.py:69 [CLIENT] Observation Sent 2097152/4609014 bytes with state 1
DEBUG 2026-06-08 17:51:44 ort/utils.py:69 [CLIENT] Observation Sent 4194304/4609014 bytes with state 2
DEBUG 2026-06-08 17:51:44 ort/utils.py:69 [CLIENT] Observation Sent 4609014/4609014 bytes with state 3
DEBUG 2026-06-08 17:51:44 ort/utils.py:71 [CLIENT] Observation Published 4.395498275756836 MB
DEBUG 2026-06-08 17:51:44 t_client.py:292 Received actions on device: cpu
DEBUG 2026-06-08 17:51:44 t_client.py:302 Actions kept on device: cpu
DEBUG 2026-06-08 17:51:44 t_client.py:209 Sent observation #858 | 
DEBUG 2026-06-08 17:51:44 t_client.py:434 QUEUE SIZE: 7 (Must go: False)
DEBUG 2026-06-08 17:51:44 t_client.py:477 Control loop (ms): 117.44
DEBUG 2026-06-08 17:51:44 t_client.py:477 Control loop (ms): 2.69
DEBUG 2026-06-08 17:51:44 t_client.py:477 Control loop (ms): 2.45
DEBUG 2026-06-08 17:51:44 t_client.py:477 Control loop (ms): 2.02
DEBUG 2026-06-08 17:51:44 t_client.py:292 Received actions on device: cpu
DEBUG 2026-06-08 17:51:44 t_client.py:302 Actions kept on device: cpu
DEBUG 2026-06-08 17:51:44 t_client.py:477 Control loop (ms): 5.34
DEBUG 2026-06-08 17:51:44 t_client.py:477 Control loop (ms): 2.97
DEBUG 2026-06-08 17:51:44 t_client.py:477 Control loop (ms): 2.49
DEBUG 2026-06-08 17:51:44 t_client.py:477 Control loop (ms): 1.78
DEBUG 2026-06-08 17:51:45 follower.py:184 follower_right SOFollower read state: 2.3ms
DEBUG 2026-06-08 17:51:45 follower.py:191 follower_right SOFollower read wrist: 0.0ms
DEBUG 2026-06-08 17:51:45 follower.py:184 follower_left SOFollower read state: 2.6ms
DEBUG 2026-06-08 17:51:45 follower.py:191 follower_left SOFollower read wrist: 0.0ms
DEBUG 2026-06-08 17:51:45 t_client.py:198 Observation serialization time: 0.007972s
DEBUG 2026-06-08 17:51:45 ort/utils.py:54 [CLIENT] Observation Buffer size 4.395498275756836 MB with
DEBUG 2026-06-08 17:51:45 ort/utils.py:69 [CLIENT] Observation Sent 2097152/4609014 bytes with state 1
DEBUG 2026-06-08 17:51:45 ort/utils.py:69 [CLIENT] Observation Sent 4194304/4609014 bytes with state 2
DEBUG 2026-06-08 17:51:45 ort/utils.py:69 [CLIENT] Observation Sent 4609014/4609014 bytes with state 3
DEBUG 2026-06-08 17:51:45 ort/utils.py:71 [CLIENT] Observation Published 4.395498275756836 MB
DEBUG 2026-06-08 17:51:45 t_client.py:209 Sent observation #865 | 
DEBUG 2026-06-08 17:51:45 t_client.py:434 QUEUE SIZE: 8 (Must go: False)
DEBUG 2026-06-08 17:51:45 t_client.py:477 Control loop (ms): 122.67
DEBUG 2026-06-08 17:51:45 follower.py:184 follower_right SOFollower read state: 2.0ms
DEBUG 2026-06-08 17:51:45 follower.py:191 follower_right SOFollower read wrist: 0.0ms
DEBUG 2026-06-08 17:51:45 follower.py:184 follower_left SOFollower read state: 2.2ms
DEBUG 2026-06-08 17:51:45 follower.py:191 follower_left SOFollower read wrist: 0.1ms
DEBUG 2026-06-08 17:51:45 t_client.py:198 Observation serialization time: 0.010065s
DEBUG 2026-06-08 17:51:45 ort/utils.py:54 [CLIENT] Observation Buffer size 4.395498275756836 MB with
DEBUG 2026-06-08 17:51:45 ort/utils.py:69 [CLIENT] Observation Sent 2097152/4609014 bytes with state 1
DEBUG 2026-06-08 17:51:45 ort/utils.py:69 [CLIENT] Observation Sent 4194304/4609014 bytes with state 2
DEBUG 2026-06-08 17:51:45 ort/utils.py:69 [CLIENT] Observation Sent 4609014/4609014 bytes with state 3
DEBUG 2026-06-08 17:51:45 ort/utils.py:71 [CLIENT] Observation Published 4.395498275756836 MB
DEBUG 2026-06-08 17:51:45 t_client.py:209 Sent observation #866 | 
DEBUG 2026-06-08 17:51:45 t_client.py:434 QUEUE SIZE: 7 (Must go: False)
DEBUG 2026-06-08 17:51:45 t_client.py:477 Control loop (ms): 115.09
DEBUG 2026-06-08 17:51:45 t_client.py:292 Received actions on device: cpu
DEBUG 2026-06-08 17:51:45 t_client.py:302 Actions kept on device: cpu
DEBUG 2026-06-08 17:51:45 follower.py:184 follower_right SOFollower read state: 2.7ms
DEBUG 2026-06-08 17:51:45 follower.py:191 follower_right SOFollower read wrist: 0.1ms
DEBUG 2026-06-08 17:51:45 follower.py:184 follower_left SOFollower read state: 1.9ms
DEBUG 2026-06-08 17:51:45 follower.py:191 follower_left SOFollower read wrist: 0.0ms
DEBUG 2026-06-08 17:51:45 t_client.py:198 Observation serialization time: 0.011935s
DEBUG 2026-06-08 17:51:45 ort/utils.py:54 [CLIENT] Observation Buffer size 4.395498275756836 MB with
DEBUG 2026-06-08 17:51:45 ort/utils.py:69 [CLIENT] Observation Sent 2097152/4609014 bytes with state 1
DEBUG 2026-06-08 17:51:45 ort/utils.py:69 [CLIENT] Observation Sent 4194304/4609014 bytes with state 2
DEBUG 2026-06-08 17:51:45 ort/utils.py:69 [CLIENT] Observation Sent 4609014/4609014 bytes with state 3
DEBUG 2026-06-08 17:51:45 ort/utils.py:71 [CLIENT] Observation Published 4.395498275756836 MB
DEBUG 2026-06-08 17:51:45 t_client.py:292 Received actions on device: cpu
DEBUG 2026-06-08 17:51:45 t_client.py:302 Actions kept on device: cpu
DEBUG 2026-06-08 17:51:45 t_client.py:209 Sent observation #867 | 
DEBUG 2026-06-08 17:51:45 t_client.py:434 QUEUE SIZE: 14 (Must go: False)
DEBUG 2026-06-08 17:51:45 t_client.py:477 Control loop (ms): 130.64
DEBUG 2026-06-08 17:51:45 t_client.py:477 Control loop (ms): 3.78
DEBUG 2026-06-08 17:51:45 t_client.py:477 Control loop (ms): 2.44
DEBUG 2026-06-08 17:51:45 t_client.py:477 Control loop (ms): 1.81
DEBUG 2026-06-08 17:51:45 t_client.py:292 Received actions on device: cpu
DEBUG 2026-06-08 17:51:45 t_client.py:302 Actions kept on device: cpu
DEBUG 2026-06-08 17:51:45 t_client.py:477 Control loop (ms): 1.44
DEBUG 2026-06-08 17:51:45 t_client.py:477 Control loop (ms): 2.15
DEBUG 2026-06-08 17:51:45 t_client.py:477 Control loop (ms): 2.04
DEBUG 2026-06-08 17:51:45 follower.py:184 follower_right SOFollower read state: 1.7ms
DEBUG 2026-06-08 17:51:45 follower.py:191 follower_right SOFollower read wrist: 0.0ms
DEBUG 2026-06-08 17:51:45 follower.py:184 follower_left SOFollower read state: 1.6ms
DEBUG 2026-06-08 17:51:45 follower.py:191 follower_left SOFollower read wrist: 0.0ms
DEBUG 2026-06-08 17:51:45 t_client.py:198 Observation serialization time: 0.008602s
DEBUG 2026-06-08 17:51:45 ort/utils.py:54 [CLIENT] Observation Buffer size 4.395498275756836 MB with
DEBUG 2026-06-08 17:51:45 ort/utils.py:69 [CLIENT] Observation Sent 2097152/4609014 bytes with state 1
DEBUG 2026-06-08 17:51:45 ort/utils.py:69 [CLIENT] Observation Sent 4194304/4609014 bytes with state 2
DEBUG 2026-06-08 17:51:45 ort/utils.py:69 [CLIENT] Observation Sent 4609014/4609014 bytes with state 3
DEBUG 2026-06-08 17:51:45 ort/utils.py:71 [CLIENT] Observation Published 4.395498275756836 MB
DEBUG 2026-06-08 17:51:45 t_client.py:209 Sent observation #874 | 
DEBUG 2026-06-08 17:51:45 t_client.py:434 QUEUE SIZE: 8 (Must go: False)
DEBUG 2026-06-08 17:51:45 t_client.py:477 Control loop (ms): 114.63
DEBUG 2026-06-08 17:51:45 follower.py:184 follower_right SOFollower read state: 2.2ms
DEBUG 2026-06-08 17:51:45 follower.py:191 follower_right SOFollower read wrist: 0.0ms
DEBUG 2026-06-08 17:51:45 follower.py:184 follower_left SOFollower read state: 1.9ms
DEBUG 2026-06-08 17:51:45 follower.py:191 follower_left SOFollower read wrist: 0.0ms
DEBUG 2026-06-08 17:51:45 t_client.py:198 Observation serialization time: 0.008088s
DEBUG 2026-06-08 17:51:45 ort/utils.py:54 [CLIENT] Observation Buffer size 4.395498275756836 MB with
DEBUG 2026-06-08 17:51:45 ort/utils.py:69 [CLIENT] Observation Sent 2097152/4609014 bytes with state 1
DEBUG 2026-06-08 17:51:45 ort/utils.py:69 [CLIENT] Observation Sent 4194304/4609014 bytes with state 2
DEBUG 2026-06-08 17:51:45 ort/utils.py:69 [CLIENT] Observation Sent 4609014/4609014 bytes with state 3
DEBUG 2026-06-08 17:51:45 ort/utils.py:71 [CLIENT] Observation Published 4.395498275756836 MB
DEBUG 2026-06-08 17:51:45 t_client.py:292 Received actions on device: cpu
DEBUG 2026-06-08 17:51:45 t_client.py:302 Actions kept on device: cpu
DEBUG 2026-06-08 17:51:45 t_client.py:209 Sent observation #875 | 
DEBUG 2026-06-08 17:51:45 t_client.py:434 QUEUE SIZE: 7 (Must go: False)
DEBUG 2026-06-08 17:51:45 t_client.py:477 Control loop (ms): 167.53
DEBUG 2026-06-08 17:51:45 t_client.py:477 Control loop (ms): 3.30
DEBUG 2026-06-08 17:51:45 t_client.py:477 Control loop (ms): 4.24
DEBUG 2026-06-08 17:51:45 t_client.py:292 Received actions on device: cpu
DEBUG 2026-06-08 17:51:45 t_client.py:302 Actions kept on device: cpu
DEBUG 2026-06-08 17:51:45 t_client.py:477 Control loop (ms): 1.95
DEBUG 2026-06-08 17:51:45 t_client.py:477 Control loop (ms): 1.51
DEBUG 2026-06-08 17:51:46 t_client.py:477 Control loop (ms): 2.40
DEBUG 2026-06-08 17:51:46 t_client.py:477 Control loop (ms): 1.47
DEBUG 2026-06-08 17:51:46 follower.py:184 follower_right SOFollower read state: 1.9ms
DEBUG 2026-06-08 17:51:46 follower.py:191 follower_right SOFollower read wrist: 0.0ms
DEBUG 2026-06-08 17:51:46 follower.py:184 follower_left SOFollower read state: 2.1ms
DEBUG 2026-06-08 17:51:46 follower.py:191 follower_left SOFollower read wrist: 0.0ms
DEBUG 2026-06-08 17:51:46 t_client.py:198 Observation serialization time: 0.010142s
DEBUG 2026-06-08 17:51:46 ort/utils.py:54 [CLIENT] Observation Buffer size 4.395498275756836 MB with
DEBUG 2026-06-08 17:51:46 ort/utils.py:69 [CLIENT] Observation Sent 2097152/4609014 bytes with state 1
DEBUG 2026-06-08 17:51:46 ort/utils.py:69 [CLIENT] Observation Sent 4194304/4609014 bytes with state 2
DEBUG 2026-06-08 17:51:46 ort/utils.py:69 [CLIENT] Observation Sent 4609014/4609014 bytes with state 3
DEBUG 2026-06-08 17:51:46 ort/utils.py:71 [CLIENT] Observation Published 4.395498275756836 MB
DEBUG 2026-06-08 17:51:46 t_client.py:209 Sent observation #882 | 
DEBUG 2026-06-08 17:51:46 t_client.py:434 QUEUE SIZE: 8 (Must go: False)
DEBUG 2026-06-08 17:51:46 t_client.py:477 Control loop (ms): 119.35
DEBUG 2026-06-08 17:51:46 follower.py:184 follower_right SOFollower read state: 2.3ms
DEBUG 2026-06-08 17:51:46 follower.py:191 follower_right SOFollower read wrist: 0.0ms
DEBUG 2026-06-08 17:51:46 follower.py:184 follower_left SOFollower read state: 1.8ms
DEBUG 2026-06-08 17:51:46 follower.py:191 follower_left SOFollower read wrist: 0.0ms
DEBUG 2026-06-08 17:51:46 t_client.py:198 Observation serialization time: 0.009065s
DEBUG 2026-06-08 17:51:46 ort/utils.py:54 [CLIENT] Observation Buffer size 4.395498275756836 MB with
DEBUG 2026-06-08 17:51:46 ort/utils.py:69 [CLIENT] Observation Sent 2097152/4609014 bytes with state 1
DEBUG 2026-06-08 17:51:46 ort/utils.py:69 [CLIENT] Observation Sent 4194304/4609014 bytes with state 2
DEBUG 2026-06-08 17:51:46 ort/utils.py:69 [CLIENT] Observation Sent 4609014/4609014 bytes with state 3
DEBUG 2026-06-08 17:51:46 ort/utils.py:71 [CLIENT] Observation Published 4.395498275756836 MB
DEBUG 2026-06-08 17:51:46 t_client.py:209 Sent observation #883 | 
DEBUG 2026-06-08 17:51:46 t_client.py:434 QUEUE SIZE: 7 (Must go: False)
DEBUG 2026-06-08 17:51:46 t_client.py:477 Control loop (ms): 123.24
DEBUG 2026-06-08 17:51:46 t_client.py:292 Received actions on device: cpu
DEBUG 2026-06-08 17:51:46 t_client.py:302 Actions kept on device: cpu
DEBUG 2026-06-08 17:51:46 follower.py:184 follower_right SOFollower read state: 1.7ms
DEBUG 2026-06-08 17:51:46 follower.py:191 follower_right SOFollower read wrist: 0.0ms
DEBUG 2026-06-08 17:51:46 follower.py:184 follower_left SOFollower read state: 2.0ms
DEBUG 2026-06-08 17:51:46 follower.py:191 follower_left SOFollower read wrist: 0.0ms
DEBUG 2026-06-08 17:51:46 t_client.py:198 Observation serialization time: 0.007516s
DEBUG 2026-06-08 17:51:46 ort/utils.py:54 [CLIENT] Observation Buffer size 4.395498275756836 MB with
DEBUG 2026-06-08 17:51:46 ort/utils.py:69 [CLIENT] Observation Sent 2097152/4609014 bytes with state 1
DEBUG 2026-06-08 17:51:46 ort/utils.py:69 [CLIENT] Observation Sent 4194304/4609014 bytes with state 2
DEBUG 2026-06-08 17:51:46 ort/utils.py:69 [CLIENT] Observation Sent 4609014/4609014 bytes with state 3
DEBUG 2026-06-08 17:51:46 ort/utils.py:71 [CLIENT] Observation Published 4.395498275756836 MB
DEBUG 2026-06-08 17:51:46 t_client.py:209 Sent observation #884 | 
DEBUG 2026-06-08 17:51:46 t_client.py:434 QUEUE SIZE: 13 (Must go: False)
DEBUG 2026-06-08 17:51:46 t_client.py:477 Control loop (ms): 103.33
DEBUG 2026-06-08 17:51:46 t_client.py:477 Control loop (ms): 9.50
DEBUG 2026-06-08 17:51:46 t_client.py:292 Received actions on device: cpu
DEBUG 2026-06-08 17:51:46 t_client.py:302 Actions kept on device: cpu
DEBUG 2026-06-08 17:51:46 t_client.py:477 Control loop (ms): 3.59
DEBUG 2026-06-08 17:51:46 t_client.py:477 Control loop (ms): 2.07
DEBUG 2026-06-08 17:51:46 t_client.py:477 Control loop (ms): 1.64
DEBUG 2026-06-08 17:51:46 t_client.py:292 Received actions on device: cpu
DEBUG 2026-06-08 17:51:46 t_client.py:302 Actions kept on device: cpu
DEBUG 2026-06-08 17:51:46 t_client.py:477 Control loop (ms): 1.94
DEBUG 2026-06-08 17:51:46 t_client.py:477 Control loop (ms): 1.86
DEBUG 2026-06-08 17:51:46 follower.py:184 follower_right SOFollower read state: 2.3ms
DEBUG 2026-06-08 17:51:46 follower.py:191 follower_right SOFollower read wrist: 0.0ms
DEBUG 2026-06-08 17:51:46 follower.py:184 follower_left SOFollower read state: 2.1ms
DEBUG 2026-06-08 17:51:46 follower.py:191 follower_left SOFollower read wrist: 0.0ms
DEBUG 2026-06-08 17:51:46 t_client.py:198 Observation serialization time: 0.008672s
DEBUG 2026-06-08 17:51:46 ort/utils.py:54 [CLIENT] Observation Buffer size 4.395498275756836 MB with
DEBUG 2026-06-08 17:51:46 ort/utils.py:69 [CLIENT] Observation Sent 2097152/4609014 bytes with state 1
DEBUG 2026-06-08 17:51:46 ort/utils.py:69 [CLIENT] Observation Sent 4194304/4609014 bytes with state 2
DEBUG 2026-06-08 17:51:46 ort/utils.py:69 [CLIENT] Observation Sent 4609014/4609014 bytes with state 3
DEBUG 2026-06-08 17:51:46 ort/utils.py:71 [CLIENT] Observation Published 4.395498275756836 MB
DEBUG 2026-06-08 17:51:46 t_client.py:209 Sent observation #891 | 
DEBUG 2026-06-08 17:51:46 t_client.py:434 QUEUE SIZE: 8 (Must go: False)
DEBUG 2026-06-08 17:51:46 t_client.py:477 Control loop (ms): 114.02
DEBUG 2026-06-08 17:51:46 follower.py:184 follower_right SOFollower read state: 1.9ms
DEBUG 2026-06-08 17:51:46 follower.py:191 follower_right SOFollower read wrist: 0.0ms
DEBUG 2026-06-08 17:51:46 follower.py:184 follower_left SOFollower read state: 1.8ms
DEBUG 2026-06-08 17:51:46 follower.py:191 follower_left SOFollower read wrist: 0.0ms
DEBUG 2026-06-08 17:51:46 t_client.py:198 Observation serialization time: 0.008969s
DEBUG 2026-06-08 17:51:46 ort/utils.py:54 [CLIENT] Observation Buffer size 4.395498275756836 MB with
DEBUG 2026-06-08 17:51:46 ort/utils.py:69 [CLIENT] Observation Sent 2097152/4609014 bytes with state 1
DEBUG 2026-06-08 17:51:46 ort/utils.py:69 [CLIENT] Observation Sent 4194304/4609014 bytes with state 2
DEBUG 2026-06-08 17:51:46 ort/utils.py:69 [CLIENT] Observation Sent 4609014/4609014 bytes with state 3
DEBUG 2026-06-08 17:51:46 ort/utils.py:71 [CLIENT] Observation Published 4.395498275756836 MB
DEBUG 2026-06-08 17:51:46 t_client.py:209 Sent observation #892 | 
DEBUG 2026-06-08 17:51:46 t_client.py:434 QUEUE SIZE: 7 (Must go: False)
DEBUG 2026-06-08 17:51:46 t_client.py:477 Control loop (ms): 106.43
DEBUG 2026-06-08 17:51:46 follower.py:184 follower_right SOFollower read state: 6.2ms
DEBUG 2026-06-08 17:51:46 follower.py:191 follower_right SOFollower read wrist: 0.1ms
DEBUG 2026-06-08 17:51:46 follower.py:184 follower_left SOFollower read state: 3.4ms
DEBUG 2026-06-08 17:51:46 follower.py:191 follower_left SOFollower read wrist: 0.1ms
DEBUG 2026-06-08 17:51:46 t_client.py:198 Observation serialization time: 0.013310s
DEBUG 2026-06-08 17:51:46 ort/utils.py:54 [CLIENT] Observation Buffer size 4.395498275756836 MB with
DEBUG 2026-06-08 17:51:46 t_client.py:292 Received actions on device: cpu
DEBUG 2026-06-08 17:51:46 t_client.py:302 Actions kept on device: cpu
DEBUG 2026-06-08 17:51:46 ort/utils.py:69 [CLIENT] Observation Sent 2097152/4609014 bytes with state 1
DEBUG 2026-06-08 17:51:46 ort/utils.py:69 [CLIENT] Observation Sent 4194304/4609014 bytes with state 2
DEBUG 2026-06-08 17:51:46 ort/utils.py:69 [CLIENT] Observation Sent 4609014/4609014 bytes with state 3
DEBUG 2026-06-08 17:51:46 ort/utils.py:71 [CLIENT] Observation Published 4.395498275756836 MB
DEBUG 2026-06-08 17:51:46 t_client.py:209 Sent observation #893 | 
DEBUG 2026-06-08 17:51:46 t_client.py:434 QUEUE SIZE: 6 (Must go: False)
DEBUG 2026-06-08 17:51:46 t_client.py:477 Control loop (ms): 129.69
DEBUG 2026-06-08 17:51:46 t_client.py:477 Control loop (ms): 1.73
DEBUG 2026-06-08 17:51:47 t_client.py:477 Control loop (ms): 1.53
DEBUG 2026-06-08 17:51:47 t_client.py:292 Received actions on device: cpu
DEBUG 2026-06-08 17:51:47 t_client.py:302 Actions kept on device: cpu
DEBUG 2026-06-08 17:51:47 t_client.py:477 Control loop (ms): 1.37
DEBUG 2026-06-08 17:51:47 t_client.py:477 Control loop (ms): 2.12
DEBUG 2026-06-08 17:51:47 t_client.py:477 Control loop (ms): 1.88
DEBUG 2026-06-08 17:51:47 t_client.py:292 Received actions on device: cpu
DEBUG 2026-06-08 17:51:47 t_client.py:302 Actions kept on device: cpu
DEBUG 2026-06-08 17:51:47 t_client.py:477 Control loop (ms): 1.96
DEBUG 2026-06-08 17:51:47 follower.py:184 follower_right SOFollower read state: 2.2ms
DEBUG 2026-06-08 17:51:47 follower.py:191 follower_right SOFollower read wrist: 0.0ms
DEBUG 2026-06-08 17:51:47 follower.py:184 follower_left SOFollower read state: 2.1ms
DEBUG 2026-06-08 17:51:47 follower.py:191 follower_left SOFollower read wrist: 0.0ms
DEBUG 2026-06-08 17:51:47 t_client.py:198 Observation serialization time: 0.008401s
DEBUG 2026-06-08 17:51:47 ort/utils.py:54 [CLIENT] Observation Buffer size 4.395498275756836 MB with
DEBUG 2026-06-08 17:51:47 ort/utils.py:69 [CLIENT] Observation Sent 2097152/4609014 bytes with state 1
DEBUG 2026-06-08 17:51:47 ort/utils.py:69 [CLIENT] Observation Sent 4194304/4609014 bytes with state 2
DEBUG 2026-06-08 17:51:47 ort/utils.py:69 [CLIENT] Observation Sent 4609014/4609014 bytes with state 3
DEBUG 2026-06-08 17:51:47 ort/utils.py:71 [CLIENT] Observation Published 4.395498275756836 MB
DEBUG 2026-06-08 17:51:47 t_client.py:209 Sent observation #900 | 
DEBUG 2026-06-08 17:51:47 t_client.py:434 QUEUE SIZE: 8 (Must go: False)
DEBUG 2026-06-08 17:51:47 t_client.py:477 Control loop (ms): 181.69
DEBUG 2026-06-08 17:51:47 follower.py:184 follower_right SOFollower read state: 2.1ms
DEBUG 2026-06-08 17:51:47 follower.py:191 follower_right SOFollower read wrist: 0.0ms
DEBUG 2026-06-08 17:51:47 follower.py:184 follower_left SOFollower read state: 2.4ms
DEBUG 2026-06-08 17:51:47 follower.py:191 follower_left SOFollower read wrist: 0.1ms
DEBUG 2026-06-08 17:51:47 t_client.py:198 Observation serialization time: 0.005565s
DEBUG 2026-06-08 17:51:47 ort/utils.py:54 [CLIENT] Observation Buffer size 4.395498275756836 MB with
DEBUG 2026-06-08 17:51:47 ort/utils.py:69 [CLIENT] Observation Sent 2097152/4609014 bytes with state 1
DEBUG 2026-06-08 17:51:47 ort/utils.py:69 [CLIENT] Observation Sent 4194304/4609014 bytes with state 2
DEBUG 2026-06-08 17:51:47 ort/utils.py:69 [CLIENT] Observation Sent 4609014/4609014 bytes with state 3
DEBUG 2026-06-08 17:51:47 ort/utils.py:71 [CLIENT] Observation Published 4.395498275756836 MB
DEBUG 2026-06-08 17:51:47 t_client.py:292 Received actions on device: cpu
DEBUG 2026-06-08 17:51:47 t_client.py:302 Actions kept on device: cpu
DEBUG 2026-06-08 17:51:47 t_client.py:209 Sent observation #901 | 
DEBUG 2026-06-08 17:51:47 t_client.py:434 QUEUE SIZE: 7 (Must go: False)
DEBUG 2026-06-08 17:51:47 t_client.py:477 Control loop (ms): 132.24
DEBUG 2026-06-08 17:51:47 t_client.py:477 Control loop (ms): 3.92
DEBUG 2026-06-08 17:51:47 t_client.py:477 Control loop (ms): 2.41
DEBUG 2026-06-08 17:51:47 t_client.py:477 Control loop (ms): 2.53
DEBUG 2026-06-08 17:51:47 t_client.py:292 Received actions on device: cpu
DEBUG 2026-06-08 17:51:47 t_client.py:302 Actions kept on device: cpu
DEBUG 2026-06-08 17:51:47 t_client.py:477 Control loop (ms): 2.17
DEBUG 2026-06-08 17:51:47 t_client.py:477 Control loop (ms): 2.03
DEBUG 2026-06-08 17:51:47 t_client.py:477 Control loop (ms): 2.23
DEBUG 2026-06-08 17:51:47 follower.py:184 follower_right SOFollower read state: 2.1ms
DEBUG 2026-06-08 17:51:47 follower.py:191 follower_right SOFollower read wrist: 0.0ms
DEBUG 2026-06-08 17:51:47 follower.py:184 follower_left SOFollower read state: 2.1ms
DEBUG 2026-06-08 17:51:47 follower.py:191 follower_left SOFollower read wrist: 0.0ms
DEBUG 2026-06-08 17:51:47 t_client.py:198 Observation serialization time: 0.009236s
DEBUG 2026-06-08 17:51:47 ort/utils.py:54 [CLIENT] Observation Buffer size 4.395498275756836 MB with
DEBUG 2026-06-08 17:51:47 ort/utils.py:69 [CLIENT] Observation Sent 2097152/4609014 bytes with state 1
DEBUG 2026-06-08 17:51:47 ort/utils.py:69 [CLIENT] Observation Sent 4194304/4609014 bytes with state 2
DEBUG 2026-06-08 17:51:47 ort/utils.py:69 [CLIENT] Observation Sent 4609014/4609014 bytes with state 3
DEBUG 2026-06-08 17:51:47 ort/utils.py:71 [CLIENT] Observation Published 4.395498275756836 MB
DEBUG 2026-06-08 17:51:47 t_client.py:209 Sent observation #908 | 
DEBUG 2026-06-08 17:51:47 t_client.py:434 QUEUE SIZE: 8 (Must go: False)
DEBUG 2026-06-08 17:51:47 t_client.py:477 Control loop (ms): 112.58
DEBUG 2026-06-08 17:51:47 follower.py:184 follower_right SOFollower read state: 2.1ms
DEBUG 2026-06-08 17:51:47 follower.py:191 follower_right SOFollower read wrist: 0.0ms
DEBUG 2026-06-08 17:51:47 follower.py:184 follower_left SOFollower read state: 1.6ms
DEBUG 2026-06-08 17:51:47 follower.py:191 follower_left SOFollower read wrist: 0.0ms
DEBUG 2026-06-08 17:51:47 t_client.py:198 Observation serialization time: 0.005297s
DEBUG 2026-06-08 17:51:47 ort/utils.py:54 [CLIENT] Observation Buffer size 4.395498275756836 MB with
DEBUG 2026-06-08 17:51:47 ort/utils.py:69 [CLIENT] Observation Sent 2097152/4609014 bytes with state 1
DEBUG 2026-06-08 17:51:47 ort/utils.py:69 [CLIENT] Observation Sent 4194304/4609014 bytes with state 2
DEBUG 2026-06-08 17:51:47 ort/utils.py:69 [CLIENT] Observation Sent 4609014/4609014 bytes with state 3
DEBUG 2026-06-08 17:51:47 ort/utils.py:71 [CLIENT] Observation Published 4.395498275756836 MB
DEBUG 2026-06-08 17:51:47 t_client.py:209 Sent observation #909 | 
DEBUG 2026-06-08 17:51:47 t_client.py:434 QUEUE SIZE: 7 (Must go: False)
DEBUG 2026-06-08 17:51:47 t_client.py:477 Control loop (ms): 132.22
DEBUG 2026-06-08 17:51:47 t_client.py:292 Received actions on device: cpu
DEBUG 2026-06-08 17:51:47 t_client.py:302 Actions kept on device: cpu
DEBUG 2026-06-08 17:51:47 t_client.py:477 Control loop (ms): 3.61
DEBUG 2026-06-08 17:51:47 t_client.py:477 Control loop (ms): 2.46
DEBUG 2026-06-08 17:51:48 t_client.py:477 Control loop (ms): 2.20
DEBUG 2026-06-08 17:51:48 t_client.py:292 Received actions on device: cpu
DEBUG 2026-06-08 17:51:48 t_client.py:302 Actions kept on device: cpu
DEBUG 2026-06-08 17:51:48 t_client.py:477 Control loop (ms): 8.88
DEBUG 2026-06-08 17:51:48 t_client.py:477 Control loop (ms): 1.75
DEBUG 2026-06-08 17:51:48 t_client.py:477 Control loop (ms): 2.11
DEBUG 2026-06-08 17:51:48 t_client.py:477 Control loop (ms): 1.75
DEBUG 2026-06-08 17:51:48 t_client.py:477 Control loop (ms): 1.92
DEBUG 2026-06-08 17:51:48 follower.py:184 follower_right SOFollower read state: 2.4ms
DEBUG 2026-06-08 17:51:48 follower.py:191 follower_right SOFollower read wrist: 0.0ms
DEBUG 2026-06-08 17:51:48 follower.py:184 follower_left SOFollower read state: 2.3ms
DEBUG 2026-06-08 17:51:48 follower.py:191 follower_left SOFollower read wrist: 0.0ms
DEBUG 2026-06-08 17:51:48 t_client.py:198 Observation serialization time: 0.011141s
DEBUG 2026-06-08 17:51:48 ort/utils.py:54 [CLIENT] Observation Buffer size 4.395498275756836 MB with
DEBUG 2026-06-08 17:51:48 ort/utils.py:69 [CLIENT] Observation Sent 2097152/4609014 bytes with state 1
DEBUG 2026-06-08 17:51:48 ort/utils.py:69 [CLIENT] Observation Sent 4194304/4609014 bytes with state 2
DEBUG 2026-06-08 17:51:48 ort/utils.py:69 [CLIENT] Observation Sent 4609014/4609014 bytes with state 3
DEBUG 2026-06-08 17:51:48 ort/utils.py:71 [CLIENT] Observation Published 4.395498275756836 MB
DEBUG 2026-06-08 17:51:48 t_client.py:209 Sent observation #916 | 
DEBUG 2026-06-08 17:51:48 t_client.py:434 QUEUE SIZE: 8 (Must go: False)
DEBUG 2026-06-08 17:51:48 t_client.py:477 Control loop (ms): 122.90
DEBUG 2026-06-08 17:51:48 follower.py:184 follower_right SOFollower read state: 1.4ms
DEBUG 2026-06-08 17:51:48 follower.py:191 follower_right SOFollower read wrist: 0.0ms
DEBUG 2026-06-08 17:51:48 follower.py:184 follower_left SOFollower read state: 1.5ms
DEBUG 2026-06-08 17:51:48 follower.py:191 follower_left SOFollower read wrist: 0.0ms
DEBUG 2026-06-08 17:51:48 t_client.py:198 Observation serialization time: 0.006933s
DEBUG 2026-06-08 17:51:48 ort/utils.py:54 [CLIENT] Observation Buffer size 4.395498275756836 MB with
DEBUG 2026-06-08 17:51:48 ort/utils.py:69 [CLIENT] Observation Sent 2097152/4609014 bytes with state 1
DEBUG 2026-06-08 17:51:48 ort/utils.py:69 [CLIENT] Observation Sent 4194304/4609014 bytes with state 2
DEBUG 2026-06-08 17:51:48 ort/utils.py:69 [CLIENT] Observation Sent 4609014/4609014 bytes with state 3
DEBUG 2026-06-08 17:51:48 ort/utils.py:71 [CLIENT] Observation Published 4.395498275756836 MB
DEBUG 2026-06-08 17:51:48 t_client.py:292 Received actions on device: cpu
DEBUG 2026-06-08 17:51:48 t_client.py:302 Actions kept on device: cpu
DEBUG 2026-06-08 17:51:48 t_client.py:209 Sent observation #917 | 
DEBUG 2026-06-08 17:51:48 t_client.py:434 QUEUE SIZE: 7 (Must go: False)
DEBUG 2026-06-08 17:51:48 t_client.py:477 Control loop (ms): 133.87
DEBUG 2026-06-08 17:51:48 t_client.py:477 Control loop (ms): 2.00
DEBUG 2026-06-08 17:51:48 t_client.py:477 Control loop (ms): 3.00
DEBUG 2026-06-08 17:51:48 t_client.py:477 Control loop (ms): 1.66
DEBUG 2026-06-08 17:51:48 t_client.py:292 Received actions on device: cpu
DEBUG 2026-06-08 17:51:48 t_client.py:302 Actions kept on device: cpu
DEBUG 2026-06-08 17:51:48 t_client.py:477 Control loop (ms): 1.94
DEBUG 2026-06-08 17:51:48 t_client.py:477 Control loop (ms): 1.67
DEBUG 2026-06-08 17:51:48 t_client.py:477 Control loop (ms): 1.71
DEBUG 2026-06-08 17:51:48 follower.py:184 follower_right SOFollower read state: 2.2ms
DEBUG 2026-06-08 17:51:48 follower.py:191 follower_right SOFollower read wrist: 0.0ms
DEBUG 2026-06-08 17:51:48 follower.py:184 follower_left SOFollower read state: 2.2ms
DEBUG 2026-06-08 17:51:48 follower.py:191 follower_left SOFollower read wrist: 0.0ms
DEBUG 2026-06-08 17:51:48 t_client.py:198 Observation serialization time: 0.008039s
DEBUG 2026-06-08 17:51:48 ort/utils.py:54 [CLIENT] Observation Buffer size 4.395498275756836 MB with
DEBUG 2026-06-08 17:51:48 ort/utils.py:69 [CLIENT] Observation Sent 2097152/4609014 bytes with state 1
DEBUG 2026-06-08 17:51:48 ort/utils.py:69 [CLIENT] Observation Sent 4194304/4609014 bytes with state 2
DEBUG 2026-06-08 17:51:48 ort/utils.py:69 [CLIENT] Observation Sent 4609014/4609014 bytes with state 3
DEBUG 2026-06-08 17:51:48 ort/utils.py:71 [CLIENT] Observation Published 4.395498275756836 MB
DEBUG 2026-06-08 17:51:48 t_client.py:209 Sent observation #924 | 
DEBUG 2026-06-08 17:51:48 t_client.py:434 QUEUE SIZE: 8 (Must go: False)
DEBUG 2026-06-08 17:51:48 t_client.py:477 Control loop (ms): 117.53
DEBUG 2026-06-08 17:51:48 follower.py:184 follower_right SOFollower read state: 1.8ms
DEBUG 2026-06-08 17:51:48 follower.py:191 follower_right SOFollower read wrist: 0.0ms
DEBUG 2026-06-08 17:51:48 follower.py:184 follower_left SOFollower read state: 1.6ms
DEBUG 2026-06-08 17:51:48 follower.py:191 follower_left SOFollower read wrist: 0.0ms
DEBUG 2026-06-08 17:51:48 t_client.py:198 Observation serialization time: 0.005949s
DEBUG 2026-06-08 17:51:48 ort/utils.py:54 [CLIENT] Observation Buffer size 4.395498275756836 MB with
DEBUG 2026-06-08 17:51:48 ort/utils.py:69 [CLIENT] Observation Sent 2097152/4609014 bytes with state 1
DEBUG 2026-06-08 17:51:48 ort/utils.py:69 [CLIENT] Observation Sent 4194304/4609014 bytes with state 2
DEBUG 2026-06-08 17:51:48 ort/utils.py:69 [CLIENT] Observation Sent 4609014/4609014 bytes with state 3
DEBUG 2026-06-08 17:51:48 ort/utils.py:71 [CLIENT] Observation Published 4.395498275756836 MB
DEBUG 2026-06-08 17:51:48 t_client.py:292 Received actions on device: cpu
DEBUG 2026-06-08 17:51:48 t_client.py:302 Actions kept on device: cpu
DEBUG 2026-06-08 17:51:48 t_client.py:209 Sent observation #925 | 
DEBUG 2026-06-08 17:51:48 t_client.py:434 QUEUE SIZE: 7 (Must go: False)
DEBUG 2026-06-08 17:51:48 t_client.py:477 Control loop (ms): 114.05
DEBUG 2026-06-08 17:51:48 t_client.py:477 Control loop (ms): 3.35
DEBUG 2026-06-08 17:51:48 t_client.py:477 Control loop (ms): 2.14
DEBUG 2026-06-08 17:51:48 t_client.py:477 Control loop (ms): 1.88
DEBUG 2026-06-08 17:51:48 t_client.py:292 Received actions on device: cpu
DEBUG 2026-06-08 17:51:48 t_client.py:302 Actions kept on device: cpu
DEBUG 2026-06-08 17:51:49 t_client.py:477 Control loop (ms): 1.38
DEBUG 2026-06-08 17:51:49 t_client.py:477 Control loop (ms): 2.02
DEBUG 2026-06-08 17:51:49 t_client.py:477 Control loop (ms): 2.12
DEBUG 2026-06-08 17:51:49 t_client.py:477 Control loop (ms): 2.12
DEBUG 2026-06-08 17:51:49 follower.py:184 follower_right SOFollower read state: 2.1ms
DEBUG 2026-06-08 17:51:49 follower.py:191 follower_right SOFollower read wrist: 0.0ms
DEBUG 2026-06-08 17:51:49 follower.py:184 follower_left SOFollower read state: 2.2ms
DEBUG 2026-06-08 17:51:49 follower.py:191 follower_left SOFollower read wrist: 0.0ms
DEBUG 2026-06-08 17:51:49 t_client.py:198 Observation serialization time: 0.009531s
DEBUG 2026-06-08 17:51:49 ort/utils.py:54 [CLIENT] Observation Buffer size 4.395498275756836 MB with
DEBUG 2026-06-08 17:51:49 ort/utils.py:69 [CLIENT] Observation Sent 2097152/4609014 bytes with state 1
DEBUG 2026-06-08 17:51:49 ort/utils.py:69 [CLIENT] Observation Sent 4194304/4609014 bytes with state 2
DEBUG 2026-06-08 17:51:49 ort/utils.py:69 [CLIENT] Observation Sent 4609014/4609014 bytes with state 3
DEBUG 2026-06-08 17:51:49 ort/utils.py:71 [CLIENT] Observation Published 4.395498275756836 MB
DEBUG 2026-06-08 17:51:49 t_client.py:209 Sent observation #932 | 
DEBUG 2026-06-08 17:51:49 t_client.py:434 QUEUE SIZE: 8 (Must go: False)
DEBUG 2026-06-08 17:51:49 t_client.py:477 Control loop (ms): 116.35
DEBUG 2026-06-08 17:51:49 follower.py:184 follower_right SOFollower read state: 1.8ms
DEBUG 2026-06-08 17:51:49 follower.py:191 follower_right SOFollower read wrist: 0.0ms
DEBUG 2026-06-08 17:51:49 follower.py:184 follower_left SOFollower read state: 2.4ms
DEBUG 2026-06-08 17:51:49 follower.py:191 follower_left SOFollower read wrist: 0.0ms
DEBUG 2026-06-08 17:51:49 t_client.py:198 Observation serialization time: 0.009830s
DEBUG 2026-06-08 17:51:49 ort/utils.py:54 [CLIENT] Observation Buffer size 4.395498275756836 MB with
DEBUG 2026-06-08 17:51:49 ort/utils.py:69 [CLIENT] Observation Sent 2097152/4609014 bytes with state 1
DEBUG 2026-06-08 17:51:49 ort/utils.py:69 [CLIENT] Observation Sent 4194304/4609014 bytes with state 2
DEBUG 2026-06-08 17:51:49 ort/utils.py:69 [CLIENT] Observation Sent 4609014/4609014 bytes with state 3
DEBUG 2026-06-08 17:51:49 ort/utils.py:71 [CLIENT] Observation Published 4.395498275756836 MB
DEBUG 2026-06-08 17:51:49 t_client.py:292 Received actions on device: cpu
DEBUG 2026-06-08 17:51:49 t_client.py:302 Actions kept on device: cpu
DEBUG 2026-06-08 17:51:49 t_client.py:209 Sent observation #933 | 
DEBUG 2026-06-08 17:51:49 t_client.py:434 QUEUE SIZE: 7 (Must go: False)
DEBUG 2026-06-08 17:51:49 t_client.py:477 Control loop (ms): 239.32
DEBUG 2026-06-08 17:51:49 t_client.py:477 Control loop (ms): 1.84
DEBUG 2026-06-08 17:51:49 t_client.py:477 Control loop (ms): 2.40
DEBUG 2026-06-08 17:51:49 t_client.py:477 Control loop (ms): 1.53
DEBUG 2026-06-08 17:51:49 t_client.py:292 Received actions on device: cpu
DEBUG 2026-06-08 17:51:49 t_client.py:302 Actions kept on device: cpu
DEBUG 2026-06-08 17:51:49 t_client.py:477 Control loop (ms): 1.67
DEBUG 2026-06-08 17:51:49 t_client.py:477 Control loop (ms): 2.30
DEBUG 2026-06-08 17:51:49 t_client.py:477 Control loop (ms): 3.09
DEBUG 2026-06-08 17:51:49 follower.py:184 follower_right SOFollower read state: 2.3ms
DEBUG 2026-06-08 17:51:49 follower.py:191 follower_right SOFollower read wrist: 0.0ms
DEBUG 2026-06-08 17:51:49 follower.py:184 follower_left SOFollower read state: 1.9ms
DEBUG 2026-06-08 17:51:49 follower.py:191 follower_left SOFollower read wrist: 0.0ms
DEBUG 2026-06-08 17:51:49 t_client.py:198 Observation serialization time: 0.008268s
DEBUG 2026-06-08 17:51:49 ort/utils.py:54 [CLIENT] Observation Buffer size 4.395498275756836 MB with
DEBUG 2026-06-08 17:51:49 ort/utils.py:69 [CLIENT] Observation Sent 2097152/4609014 bytes with state 1
DEBUG 2026-06-08 17:51:49 ort/utils.py:69 [CLIENT] Observation Sent 4194304/4609014 bytes with state 2
DEBUG 2026-06-08 17:51:49 ort/utils.py:69 [CLIENT] Observation Sent 4609014/4609014 bytes with state 3
DEBUG 2026-06-08 17:51:49 ort/utils.py:71 [CLIENT] Observation Published 4.395498275756836 MB
DEBUG 2026-06-08 17:51:49 t_client.py:209 Sent observation #940 | 
DEBUG 2026-06-08 17:51:49 t_client.py:434 QUEUE SIZE: 8 (Must go: False)
DEBUG 2026-06-08 17:51:49 t_client.py:477 Control loop (ms): 142.47
DEBUG 2026-06-08 17:51:49 follower.py:184 follower_right SOFollower read state: 2.1ms
DEBUG 2026-06-08 17:51:49 follower.py:191 follower_right SOFollower read wrist: 0.0ms
DEBUG 2026-06-08 17:51:49 follower.py:184 follower_left SOFollower read state: 1.9ms
DEBUG 2026-06-08 17:51:49 follower.py:191 follower_left SOFollower read wrist: 0.0ms
DEBUG 2026-06-08 17:51:49 t_client.py:198 Observation serialization time: 0.008170s
DEBUG 2026-06-08 17:51:49 ort/utils.py:54 [CLIENT] Observation Buffer size 4.395498275756836 MB with
DEBUG 2026-06-08 17:51:49 ort/utils.py:69 [CLIENT] Observation Sent 2097152/4609014 bytes with state 1
DEBUG 2026-06-08 17:51:49 ort/utils.py:69 [CLIENT] Observation Sent 4194304/4609014 bytes with state 2
DEBUG 2026-06-08 17:51:49 ort/utils.py:69 [CLIENT] Observation Sent 4609014/4609014 bytes with state 3
DEBUG 2026-06-08 17:51:49 ort/utils.py:71 [CLIENT] Observation Published 4.395498275756836 MB
DEBUG 2026-06-08 17:51:49 t_client.py:292 Received actions on device: cpu
DEBUG 2026-06-08 17:51:49 t_client.py:302 Actions kept on device: cpu
DEBUG 2026-06-08 17:51:49 t_client.py:209 Sent observation #941 | 
DEBUG 2026-06-08 17:51:49 t_client.py:434 QUEUE SIZE: 7 (Must go: False)
DEBUG 2026-06-08 17:51:49 t_client.py:477 Control loop (ms): 160.70
DEBUG 2026-06-08 17:51:49 t_client.py:477 Control loop (ms): 2.26
DEBUG 2026-06-08 17:51:50 t_client.py:477 Control loop (ms): 1.80
DEBUG 2026-06-08 17:51:50 t_client.py:477 Control loop (ms): 2.04
DEBUG 2026-06-08 17:51:50 t_client.py:477 Control loop (ms): 2.37
DEBUG 2026-06-08 17:51:50 t_client.py:292 Received actions on device: cpu
DEBUG 2026-06-08 17:51:50 t_client.py:302 Actions kept on device: cpu
DEBUG 2026-06-08 17:51:50 t_client.py:477 Control loop (ms): 2.05
DEBUG 2026-06-08 17:51:50 t_client.py:477 Control loop (ms): 1.73
DEBUG 2026-06-08 17:51:50 follower.py:184 follower_right SOFollower read state: 2.0ms
DEBUG 2026-06-08 17:51:50 follower.py:191 follower_right SOFollower read wrist: 0.0ms
DEBUG 2026-06-08 17:51:50 follower.py:184 follower_left SOFollower read state: 1.8ms
DEBUG 2026-06-08 17:51:50 follower.py:191 follower_left SOFollower read wrist: 0.0ms
DEBUG 2026-06-08 17:51:50 t_client.py:198 Observation serialization time: 0.010320s
DEBUG 2026-06-08 17:51:50 ort/utils.py:54 [CLIENT] Observation Buffer size 4.395498275756836 MB with
DEBUG 2026-06-08 17:51:50 ort/utils.py:69 [CLIENT] Observation Sent 2097152/4609014 bytes with state 1
DEBUG 2026-06-08 17:51:50 ort/utils.py:69 [CLIENT] Observation Sent 4194304/4609014 bytes with state 2
DEBUG 2026-06-08 17:51:50 ort/utils.py:69 [CLIENT] Observation Sent 4609014/4609014 bytes with state 3
DEBUG 2026-06-08 17:51:50 ort/utils.py:71 [CLIENT] Observation Published 4.395498275756836 MB
DEBUG 2026-06-08 17:51:50 t_client.py:209 Sent observation #948 | 
DEBUG 2026-06-08 17:51:50 t_client.py:434 QUEUE SIZE: 8 (Must go: False)
DEBUG 2026-06-08 17:51:50 t_client.py:477 Control loop (ms): 180.00
DEBUG 2026-06-08 17:51:50 follower.py:184 follower_right SOFollower read state: 1.5ms
DEBUG 2026-06-08 17:51:50 follower.py:191 follower_right SOFollower read wrist: 0.0ms
DEBUG 2026-06-08 17:51:50 follower.py:184 follower_left SOFollower read state: 1.4ms
DEBUG 2026-06-08 17:51:50 follower.py:191 follower_left SOFollower read wrist: 0.0ms
DEBUG 2026-06-08 17:51:50 t_client.py:198 Observation serialization time: 0.009504s
DEBUG 2026-06-08 17:51:50 ort/utils.py:54 [CLIENT] Observation Buffer size 4.395498275756836 MB with
DEBUG 2026-06-08 17:51:50 ort/utils.py:69 [CLIENT] Observation Sent 2097152/4609014 bytes with state 1
DEBUG 2026-06-08 17:51:50 ort/utils.py:69 [CLIENT] Observation Sent 4194304/4609014 bytes with state 2
DEBUG 2026-06-08 17:51:50 ort/utils.py:69 [CLIENT] Observation Sent 4609014/4609014 bytes with state 3
DEBUG 2026-06-08 17:51:50 ort/utils.py:71 [CLIENT] Observation Published 4.395498275756836 MB
DEBUG 2026-06-08 17:51:50 t_client.py:292 Received actions on device: cpu
DEBUG 2026-06-08 17:51:50 t_client.py:302 Actions kept on device: cpu
DEBUG 2026-06-08 17:51:50 t_client.py:209 Sent observation #949 | 
DEBUG 2026-06-08 17:51:50 t_client.py:434 QUEUE SIZE: 7 (Must go: False)
DEBUG 2026-06-08 17:51:50 t_client.py:477 Control loop (ms): 214.34
DEBUG 2026-06-08 17:51:50 t_client.py:477 Control loop (ms): 3.56
DEBUG 2026-06-08 17:51:50 t_client.py:477 Control loop (ms): 1.92
DEBUG 2026-06-08 17:51:50 t_client.py:292 Received actions on device: cpu
DEBUG 2026-06-08 17:51:50 t_client.py:302 Actions kept on device: cpu
DEBUG 2026-06-08 17:51:50 t_client.py:477 Control loop (ms): 1.91
DEBUG 2026-06-08 17:51:50 t_client.py:477 Control loop (ms): 2.30
DEBUG 2026-06-08 17:51:50 t_client.py:477 Control loop (ms): 1.84
DEBUG 2026-06-08 17:51:50 t_client.py:477 Control loop (ms): 1.83
DEBUG 2026-06-08 17:51:50 t_client.py:477 Control loop (ms): 1.68
DEBUG 2026-06-08 17:51:50 follower.py:184 follower_right SOFollower read state: 2.7ms
DEBUG 2026-06-08 17:51:50 follower.py:191 follower_right SOFollower read wrist: 0.0ms
DEBUG 2026-06-08 17:51:50 follower.py:184 follower_left SOFollower read state: 2.5ms
DEBUG 2026-06-08 17:51:50 follower.py:191 follower_left SOFollower read wrist: 0.0ms
DEBUG 2026-06-08 17:51:50 t_client.py:198 Observation serialization time: 0.008759s
DEBUG 2026-06-08 17:51:50 ort/utils.py:54 [CLIENT] Observation Buffer size 4.395498275756836 MB with
DEBUG 2026-06-08 17:51:50 ort/utils.py:69 [CLIENT] Observation Sent 2097152/4609014 bytes with state 1
DEBUG 2026-06-08 17:51:50 ort/utils.py:69 [CLIENT] Observation Sent 4194304/4609014 bytes with state 2
DEBUG 2026-06-08 17:51:50 ort/utils.py:69 [CLIENT] Observation Sent 4609014/4609014 bytes with state 3
DEBUG 2026-06-08 17:51:50 ort/utils.py:71 [CLIENT] Observation Published 4.395498275756836 MB
DEBUG 2026-06-08 17:51:50 t_client.py:209 Sent observation #956 | 
DEBUG 2026-06-08 17:51:50 t_client.py:434 QUEUE SIZE: 8 (Must go: False)
DEBUG 2026-06-08 17:51:50 t_client.py:477 Control loop (ms): 155.76
DEBUG 2026-06-08 17:51:50 follower.py:184 follower_right SOFollower read state: 2.0ms
DEBUG 2026-06-08 17:51:50 follower.py:191 follower_right SOFollower read wrist: 0.0ms
DEBUG 2026-06-08 17:51:50 follower.py:184 follower_left SOFollower read state: 1.6ms
DEBUG 2026-06-08 17:51:50 follower.py:191 follower_left SOFollower read wrist: 0.0ms
DEBUG 2026-06-08 17:51:50 t_client.py:198 Observation serialization time: 0.004123s
DEBUG 2026-06-08 17:51:50 ort/utils.py:54 [CLIENT] Observation Buffer size 4.395498275756836 MB with
DEBUG 2026-06-08 17:51:51 ort/utils.py:69 [CLIENT] Observation Sent 2097152/4609014 bytes with state 1
DEBUG 2026-06-08 17:51:51 ort/utils.py:69 [CLIENT] Observation Sent 4194304/4609014 bytes with state 2
DEBUG 2026-06-08 17:51:51 ort/utils.py:69 [CLIENT] Observation Sent 4609014/4609014 bytes with state 3
DEBUG 2026-06-08 17:51:51 ort/utils.py:71 [CLIENT] Observation Published 4.395498275756836 MB
DEBUG 2026-06-08 17:51:51 t_client.py:209 Sent observation #957 | 
DEBUG 2026-06-08 17:51:51 t_client.py:434 QUEUE SIZE: 7 (Must go: False)
DEBUG 2026-06-08 17:51:51 t_client.py:477 Control loop (ms): 131.50
DEBUG 2026-06-08 17:51:51 t_client.py:292 Received actions on device: cpu
DEBUG 2026-06-08 17:51:51 t_client.py:302 Actions kept on device: cpu
DEBUG 2026-06-08 17:51:51 follower.py:184 follower_right SOFollower read state: 2.4ms
DEBUG 2026-06-08 17:51:51 follower.py:191 follower_right SOFollower read wrist: 0.0ms
DEBUG 2026-06-08 17:51:51 follower.py:184 follower_left SOFollower read state: 1.8ms
DEBUG 2026-06-08 17:51:51 follower.py:191 follower_left SOFollower read wrist: 0.0ms
DEBUG 2026-06-08 17:51:51 t_client.py:198 Observation serialization time: 0.011330s
DEBUG 2026-06-08 17:51:51 ort/utils.py:54 [CLIENT] Observation Buffer size 4.395498275756836 MB with
DEBUG 2026-06-08 17:51:51 ort/utils.py:69 [CLIENT] Observation Sent 2097152/4609014 bytes with state 1
DEBUG 2026-06-08 17:51:51 ort/utils.py:69 [CLIENT] Observation Sent 4194304/4609014 bytes with state 2
DEBUG 2026-06-08 17:51:51 ort/utils.py:69 [CLIENT] Observation Sent 4609014/4609014 bytes with state 3
DEBUG 2026-06-08 17:51:51 ort/utils.py:71 [CLIENT] Observation Published 4.395498275756836 MB
DEBUG 2026-06-08 17:51:51 t_client.py:209 Sent observation #958 | 
DEBUG 2026-06-08 17:51:51 t_client.py:434 QUEUE SIZE: 14 (Must go: False)
DEBUG 2026-06-08 17:51:51 t_client.py:477 Control loop (ms): 298.28
DEBUG 2026-06-08 17:51:51 t_client.py:292 Received actions on device: cpu
DEBUG 2026-06-08 17:51:51 t_client.py:302 Actions kept on device: cpu
DEBUG 2026-06-08 17:51:51 t_client.py:477 Control loop (ms): 2.55
DEBUG 2026-06-08 17:51:51 t_client.py:477 Control loop (ms): 1.92
DEBUG 2026-06-08 17:51:51 t_client.py:477 Control loop (ms): 2.51
DEBUG 2026-06-08 17:51:51 t_client.py:477 Control loop (ms): 2.24
DEBUG 2026-06-08 17:51:51 t_client.py:477 Control loop (ms): 1.80
DEBUG 2026-06-08 17:51:51 t_client.py:477 Control loop (ms): 1.63
DEBUG 2026-06-08 17:51:51 follower.py:184 follower_right SOFollower read state: 1.9ms
DEBUG 2026-06-08 17:51:51 follower.py:191 follower_right SOFollower read wrist: 0.0ms
DEBUG 2026-06-08 17:51:51 follower.py:184 follower_left SOFollower read state: 1.8ms
DEBUG 2026-06-08 17:51:51 follower.py:191 follower_left SOFollower read wrist: 0.0ms
DEBUG 2026-06-08 17:51:51 t_client.py:198 Observation serialization time: 0.010231s
DEBUG 2026-06-08 17:51:51 ort/utils.py:54 [CLIENT] Observation Buffer size 4.395498275756836 MB with
DEBUG 2026-06-08 17:51:51 ort/utils.py:69 [CLIENT] Observation Sent 2097152/4609014 bytes with state 1
DEBUG 2026-06-08 17:51:51 ort/utils.py:69 [CLIENT] Observation Sent 4194304/4609014 bytes with state 2
DEBUG 2026-06-08 17:51:51 ort/utils.py:69 [CLIENT] Observation Sent 4609014/4609014 bytes with state 3
DEBUG 2026-06-08 17:51:51 ort/utils.py:71 [CLIENT] Observation Published 4.395498275756836 MB
DEBUG 2026-06-08 17:51:51 t_client.py:209 Sent observation #964 | 
DEBUG 2026-06-08 17:51:51 t_client.py:434 QUEUE SIZE: 8 (Must go: False)
DEBUG 2026-06-08 17:51:51 t_client.py:477 Control loop (ms): 134.22
DEBUG 2026-06-08 17:51:51 follower.py:184 follower_right SOFollower read state: 2.2ms
DEBUG 2026-06-08 17:51:51 follower.py:191 follower_right SOFollower read wrist: 0.0ms
DEBUG 2026-06-08 17:51:51 follower.py:184 follower_left SOFollower read state: 1.8ms
DEBUG 2026-06-08 17:51:51 follower.py:191 follower_left SOFollower read wrist: 0.0ms
DEBUG 2026-06-08 17:51:51 t_client.py:198 Observation serialization time: 0.006043s
DEBUG 2026-06-08 17:51:51 ort/utils.py:54 [CLIENT] Observation Buffer size 4.395498275756836 MB with
DEBUG 2026-06-08 17:51:51 ort/utils.py:69 [CLIENT] Observation Sent 2097152/4609014 bytes with state 1
DEBUG 2026-06-08 17:51:51 t_client.py:292 Received actions on device: cpu
DEBUG 2026-06-08 17:51:51 t_client.py:302 Actions kept on device: cpu
DEBUG 2026-06-08 17:51:51 ort/utils.py:69 [CLIENT] Observation Sent 4194304/4609014 bytes with state 2
DEBUG 2026-06-08 17:51:51 ort/utils.py:69 [CLIENT] Observation Sent 4609014/4609014 bytes with state 3
DEBUG 2026-06-08 17:51:51 ort/utils.py:71 [CLIENT] Observation Published 4.395498275756836 MB
DEBUG 2026-06-08 17:51:52 t_client.py:209 Sent observation #965 | 
DEBUG 2026-06-08 17:51:52 t_client.py:434 QUEUE SIZE: 7 (Must go: False)
DEBUG 2026-06-08 17:51:52 t_client.py:477 Control loop (ms): 251.53
DEBUG 2026-06-08 17:51:52 t_client.py:477 Control loop (ms): 2.82
DEBUG 2026-06-08 17:51:52 t_client.py:477 Control loop (ms): 1.36
DEBUG 2026-06-08 17:51:52 t_client.py:477 Control loop (ms): 1.67
DEBUG 2026-06-08 17:51:52 t_client.py:292 Received actions on device: cpu
DEBUG 2026-06-08 17:51:52 t_client.py:302 Actions kept on device: cpu
DEBUG 2026-06-08 17:51:52 t_client.py:477 Control loop (ms): 1.85
DEBUG 2026-06-08 17:51:52 t_client.py:477 Control loop (ms): 1.58
DEBUG 2026-06-08 17:51:52 t_client.py:477 Control loop (ms): 1.52
DEBUG 2026-06-08 17:51:52 follower.py:184 follower_right SOFollower read state: 2.0ms
DEBUG 2026-06-08 17:51:52 follower.py:191 follower_right SOFollower read wrist: 0.0ms
DEBUG 2026-06-08 17:51:52 follower.py:184 follower_left SOFollower read state: 1.8ms
DEBUG 2026-06-08 17:51:52 follower.py:191 follower_left SOFollower read wrist: 0.0ms
DEBUG 2026-06-08 17:51:52 t_client.py:198 Observation serialization time: 0.009764s
DEBUG 2026-06-08 17:51:52 ort/utils.py:54 [CLIENT] Observation Buffer size 4.395498275756836 MB with
DEBUG 2026-06-08 17:51:52 ort/utils.py:69 [CLIENT] Observation Sent 2097152/4609014 bytes with state 1
DEBUG 2026-06-08 17:51:52 ort/utils.py:69 [CLIENT] Observation Sent 4194304/4609014 bytes with state 2
DEBUG 2026-06-08 17:51:52 ort/utils.py:69 [CLIENT] Observation Sent 4609014/4609014 bytes with state 3
DEBUG 2026-06-08 17:51:52 ort/utils.py:71 [CLIENT] Observation Published 4.395498275756836 MB
DEBUG 2026-06-08 17:51:52 t_client.py:209 Sent observation #972 | 
DEBUG 2026-06-08 17:51:52 t_client.py:434 QUEUE SIZE: 8 (Must go: False)
DEBUG 2026-06-08 17:51:52 t_client.py:477 Control loop (ms): 126.84
DEBUG 2026-06-08 17:51:52 follower.py:184 follower_right SOFollower read state: 2.5ms
DEBUG 2026-06-08 17:51:52 follower.py:191 follower_right SOFollower read wrist: 0.1ms
DEBUG 2026-06-08 17:51:52 follower.py:184 follower_left SOFollower read state: 3.8ms
DEBUG 2026-06-08 17:51:52 follower.py:191 follower_left SOFollower read wrist: 0.1ms
DEBUG 2026-06-08 17:51:52 t_client.py:198 Observation serialization time: 0.006962s
DEBUG 2026-06-08 17:51:52 ort/utils.py:54 [CLIENT] Observation Buffer size 4.395498275756836 MB with
DEBUG 2026-06-08 17:51:52 ort/utils.py:69 [CLIENT] Observation Sent 2097152/4609014 bytes with state 1
DEBUG 2026-06-08 17:51:52 ort/utils.py:69 [CLIENT] Observation Sent 4194304/4609014 bytes with state 2
DEBUG 2026-06-08 17:51:52 ort/utils.py:69 [CLIENT] Observation Sent 4609014/4609014 bytes with state 3
DEBUG 2026-06-08 17:51:52 ort/utils.py:71 [CLIENT] Observation Published 4.395498275756836 MB
DEBUG 2026-06-08 17:51:52 t_client.py:292 Received actions on device: cpu
DEBUG 2026-06-08 17:51:52 t_client.py:302 Actions kept on device: cpu
DEBUG 2026-06-08 17:51:52 t_client.py:209 Sent observation #973 | 
DEBUG 2026-06-08 17:51:52 t_client.py:434 QUEUE SIZE: 7 (Must go: False)
DEBUG 2026-06-08 17:51:52 t_client.py:477 Control loop (ms): 252.44
DEBUG 2026-06-08 17:51:52 t_client.py:477 Control loop (ms): 2.88
DEBUG 2026-06-08 17:51:52 t_client.py:477 Control loop (ms): 2.96
DEBUG 2026-06-08 17:51:52 t_client.py:477 Control loop (ms): 1.86
DEBUG 2026-06-08 17:51:52 t_client.py:292 Received actions on device: cpu
DEBUG 2026-06-08 17:51:52 t_client.py:302 Actions kept on device: cpu
DEBUG 2026-06-08 17:51:52 t_client.py:477 Control loop (ms): 1.40
DEBUG 2026-06-08 17:51:52 t_client.py:477 Control loop (ms): 1.49
DEBUG 2026-06-08 17:51:52 t_client.py:477 Control loop (ms): 1.61
DEBUG 2026-06-08 17:51:52 follower.py:184 follower_right SOFollower read state: 1.9ms
DEBUG 2026-06-08 17:51:52 follower.py:191 follower_right SOFollower read wrist: 0.0ms
DEBUG 2026-06-08 17:51:52 follower.py:184 follower_left SOFollower read state: 1.8ms
DEBUG 2026-06-08 17:51:52 follower.py:191 follower_left SOFollower read wrist: 0.0ms
DEBUG 2026-06-08 17:51:52 t_client.py:198 Observation serialization time: 0.011340s
DEBUG 2026-06-08 17:51:52 ort/utils.py:54 [CLIENT] Observation Buffer size 4.395498275756836 MB with
DEBUG 2026-06-08 17:51:52 ort/utils.py:69 [CLIENT] Observation Sent 2097152/4609014 bytes with state 1
DEBUG 2026-06-08 17:51:52 ort/utils.py:69 [CLIENT] Observation Sent 4194304/4609014 bytes with state 2
DEBUG 2026-06-08 17:51:52 ort/utils.py:69 [CLIENT] Observation Sent 4609014/4609014 bytes with state 3
DEBUG 2026-06-08 17:51:52 ort/utils.py:71 [CLIENT] Observation Published 4.395498275756836 MB
DEBUG 2026-06-08 17:51:52 t_client.py:209 Sent observation #980 | 
DEBUG 2026-06-08 17:51:52 t_client.py:434 QUEUE SIZE: 8 (Must go: False)
DEBUG 2026-06-08 17:51:52 t_client.py:477 Control loop (ms): 120.21
DEBUG 2026-06-08 17:51:52 follower.py:184 follower_right SOFollower read state: 1.6ms
DEBUG 2026-06-08 17:51:52 follower.py:191 follower_right SOFollower read wrist: 0.0ms
DEBUG 2026-06-08 17:51:52 follower.py:184 follower_left SOFollower read state: 1.6ms
DEBUG 2026-06-08 17:51:52 follower.py:191 follower_left SOFollower read wrist: 0.0ms
DEBUG 2026-06-08 17:51:52 t_client.py:198 Observation serialization time: 0.008300s
DEBUG 2026-06-08 17:51:52 ort/utils.py:54 [CLIENT] Observation Buffer size 4.395498275756836 MB with
DEBUG 2026-06-08 17:51:52 ort/utils.py:69 [CLIENT] Observation Sent 2097152/4609014 bytes with state 1
DEBUG 2026-06-08 17:51:52 ort/utils.py:69 [CLIENT] Observation Sent 4194304/4609014 bytes with state 2
DEBUG 2026-06-08 17:51:52 ort/utils.py:69 [CLIENT] Observation Sent 4609014/4609014 bytes with state 3
DEBUG 2026-06-08 17:51:52 ort/utils.py:71 [CLIENT] Observation Published 4.395498275756836 MB
DEBUG 2026-06-08 17:51:53 t_client.py:292 Received actions on device: cpu
DEBUG 2026-06-08 17:51:53 t_client.py:302 Actions kept on device: cpu
DEBUG 2026-06-08 17:51:53 t_client.py:209 Sent observation #981 | 
DEBUG 2026-06-08 17:51:53 t_client.py:434 QUEUE SIZE: 7 (Must go: False)
DEBUG 2026-06-08 17:51:53 t_client.py:477 Control loop (ms): 250.82
DEBUG 2026-06-08 17:51:53 t_client.py:477 Control loop (ms): 1.10
DEBUG 2026-06-08 17:51:53 t_client.py:477 Control loop (ms): 2.26
DEBUG 2026-06-08 17:51:53 t_client.py:477 Control loop (ms): 2.59
DEBUG 2026-06-08 17:51:53 t_client.py:292 Received actions on device: cpu
DEBUG 2026-06-08 17:51:53 t_client.py:302 Actions kept on device: cpu
DEBUG 2026-06-08 17:51:53 t_client.py:477 Control loop (ms): 3.32
DEBUG 2026-06-08 17:51:53 t_client.py:477 Control loop (ms): 3.14
DEBUG 2026-06-08 17:51:53 t_client.py:477 Control loop (ms): 2.02
DEBUG 2026-06-08 17:51:53 t_client.py:477 Control loop (ms): 2.42
DEBUG 2026-06-08 17:51:53 follower.py:184 follower_right SOFollower read state: 2.3ms
DEBUG 2026-06-08 17:51:53 follower.py:191 follower_right SOFollower read wrist: 0.0ms
DEBUG 2026-06-08 17:51:53 follower.py:184 follower_left SOFollower read state: 2.2ms
DEBUG 2026-06-08 17:51:53 follower.py:191 follower_left SOFollower read wrist: 0.0ms
DEBUG 2026-06-08 17:51:53 t_client.py:198 Observation serialization time: 0.007691s
DEBUG 2026-06-08 17:51:53 ort/utils.py:54 [CLIENT] Observation Buffer size 4.395498275756836 MB with
DEBUG 2026-06-08 17:51:53 ort/utils.py:69 [CLIENT] Observation Sent 2097152/4609014 bytes with state 1
DEBUG 2026-06-08 17:51:53 ort/utils.py:69 [CLIENT] Observation Sent 4194304/4609014 bytes with state 2
DEBUG 2026-06-08 17:51:53 ort/utils.py:69 [CLIENT] Observation Sent 4609014/4609014 bytes with state 3
DEBUG 2026-06-08 17:51:53 ort/utils.py:71 [CLIENT] Observation Published 4.395498275756836 MB
DEBUG 2026-06-08 17:51:53 t_client.py:209 Sent observation #988 | 
DEBUG 2026-06-08 17:51:53 t_client.py:434 QUEUE SIZE: 8 (Must go: False)
DEBUG 2026-06-08 17:51:53 t_client.py:477 Control loop (ms): 145.23
DEBUG 2026-06-08 17:51:53 follower.py:184 follower_right SOFollower read state: 1.9ms
DEBUG 2026-06-08 17:51:53 follower.py:191 follower_right SOFollower read wrist: 0.0ms
DEBUG 2026-06-08 17:51:53 follower.py:184 follower_left SOFollower read state: 2.0ms
DEBUG 2026-06-08 17:51:53 follower.py:191 follower_left SOFollower read wrist: 0.0ms
DEBUG 2026-06-08 17:51:53 t_client.py:198 Observation serialization time: 0.007668s
DEBUG 2026-06-08 17:51:53 ort/utils.py:54 [CLIENT] Observation Buffer size 4.395498275756836 MB with
DEBUG 2026-06-08 17:51:53 ort/utils.py:69 [CLIENT] Observation Sent 2097152/4609014 bytes with state 1
DEBUG 2026-06-08 17:51:53 ort/utils.py:69 [CLIENT] Observation Sent 4194304/4609014 bytes with state 2
DEBUG 2026-06-08 17:51:53 ort/utils.py:69 [CLIENT] Observation Sent 4609014/4609014 bytes with state 3
DEBUG 2026-06-08 17:51:53 ort/utils.py:71 [CLIENT] Observation Published 4.395498275756836 MB
DEBUG 2026-06-08 17:51:53 t_client.py:292 Received actions on device: cpu
DEBUG 2026-06-08 17:51:53 t_client.py:302 Actions kept on device: cpu
DEBUG 2026-06-08 17:51:53 t_client.py:209 Sent observation #989 | 
DEBUG 2026-06-08 17:51:53 t_client.py:434 QUEUE SIZE: 7 (Must go: False)
DEBUG 2026-06-08 17:51:53 t_client.py:477 Control loop (ms): 231.32
DEBUG 2026-06-08 17:51:53 t_client.py:477 Control loop (ms): 2.19
DEBUG 2026-06-08 17:51:53 t_client.py:477 Control loop (ms): 2.79
DEBUG 2026-06-08 17:51:53 t_client.py:477 Control loop (ms): 2.84
DEBUG 2026-06-08 17:51:53 t_client.py:292 Received actions on device: cpu
DEBUG 2026-06-08 17:51:53 t_client.py:302 Actions kept on device: cpu
DEBUG 2026-06-08 17:51:53 t_client.py:477 Control loop (ms): 2.98
DEBUG 2026-06-08 17:51:53 t_client.py:477 Control loop (ms): 2.96
DEBUG 2026-06-08 17:51:53 t_client.py:477 Control loop (ms): 3.79
DEBUG 2026-06-08 17:51:53 follower.py:184 follower_right SOFollower read state: 2.9ms
DEBUG 2026-06-08 17:51:53 follower.py:191 follower_right SOFollower read wrist: 0.1ms
DEBUG 2026-06-08 17:51:53 follower.py:184 follower_left SOFollower read state: 2.0ms
DEBUG 2026-06-08 17:51:53 follower.py:191 follower_left SOFollower read wrist: 0.0ms
DEBUG 2026-06-08 17:51:53 t_client.py:198 Observation serialization time: 0.008578s
DEBUG 2026-06-08 17:51:53 ort/utils.py:54 [CLIENT] Observation Buffer size 4.395498275756836 MB with
DEBUG 2026-06-08 17:51:53 ort/utils.py:69 [CLIENT] Observation Sent 2097152/4609014 bytes with state 1
DEBUG 2026-06-08 17:51:54 ort/utils.py:69 [CLIENT] Observation Sent 4194304/4609014 bytes with state 2
DEBUG 2026-06-08 17:51:54 ort/utils.py:69 [CLIENT] Observation Sent 4609014/4609014 bytes with state 3
DEBUG 2026-06-08 17:51:54 ort/utils.py:71 [CLIENT] Observation Published 4.395498275756836 MB
DEBUG 2026-06-08 17:51:54 t_client.py:209 Sent observation #996 | 
DEBUG 2026-06-08 17:51:54 t_client.py:434 QUEUE SIZE: 8 (Must go: False)
DEBUG 2026-06-08 17:51:54 t_client.py:477 Control loop (ms): 140.91
DEBUG 2026-06-08 17:51:54 follower.py:184 follower_right SOFollower read state: 2.1ms
DEBUG 2026-06-08 17:51:54 follower.py:191 follower_right SOFollower read wrist: 0.0ms
DEBUG 2026-06-08 17:51:54 follower.py:184 follower_left SOFollower read state: 1.9ms
DEBUG 2026-06-08 17:51:54 follower.py:191 follower_left SOFollower read wrist: 0.0ms
DEBUG 2026-06-08 17:51:54 t_client.py:198 Observation serialization time: 0.006748s
DEBUG 2026-06-08 17:51:54 ort/utils.py:54 [CLIENT] Observation Buffer size 4.395498275756836 MB with
DEBUG 2026-06-08 17:51:54 ort/utils.py:69 [CLIENT] Observation Sent 2097152/4609014 bytes with state 1
DEBUG 2026-06-08 17:51:54 t_client.py:292 Received actions on device: cpu
DEBUG 2026-06-08 17:51:54 t_client.py:302 Actions kept on device: cpu
DEBUG 2026-06-08 17:51:54 ort/utils.py:69 [CLIENT] Observation Sent 4194304/4609014 bytes with state 2
DEBUG 2026-06-08 17:51:54 ort/utils.py:69 [CLIENT] Observation Sent 4609014/4609014 bytes with state 3
DEBUG 2026-06-08 17:51:54 ort/utils.py:71 [CLIENT] Observation Published 4.395498275756836 MB
DEBUG 2026-06-08 17:51:54 t_client.py:209 Sent observation #997 | 
DEBUG 2026-06-08 17:51:54 t_client.py:434 QUEUE SIZE: 7 (Must go: False)
DEBUG 2026-06-08 17:51:54 t_client.py:477 Control loop (ms): 228.22
DEBUG 2026-06-08 17:51:54 t_client.py:477 Control loop (ms): 1.14
DEBUG 2026-06-08 17:51:54 t_client.py:477 Control loop (ms): 1.89
DEBUG 2026-06-08 17:51:54 t_client.py:477 Control loop (ms): 1.68
DEBUG 2026-06-08 17:51:54 t_client.py:477 Control loop (ms): 1.46
DEBUG 2026-06-08 17:51:54 t_client.py:477 Control loop (ms): 5.67
DEBUG 2026-06-08 17:51:54 t_client.py:292 Received actions on device: cpu
DEBUG 2026-06-08 17:51:54 t_client.py:302 Actions kept on device: cpu
DEBUG 2026-06-08 17:51:54 t_client.py:477 Control loop (ms): 1.68
DEBUG 2026-06-08 17:51:54 follower.py:184 follower_right SOFollower read state: 2.0ms
DEBUG 2026-06-08 17:51:54 follower.py:191 follower_right SOFollower read wrist: 0.0ms
DEBUG 2026-06-08 17:51:54 follower.py:184 follower_left SOFollower read state: 2.5ms
DEBUG 2026-06-08 17:51:54 follower.py:191 follower_left SOFollower read wrist: 0.0ms
DEBUG 2026-06-08 17:51:54 t_client.py:198 Observation serialization time: 0.008030s
DEBUG 2026-06-08 17:51:54 ort/utils.py:54 [CLIENT] Observation Buffer size 4.395498275756836 MB with
DEBUG 2026-06-08 17:51:54 ort/utils.py:69 [CLIENT] Observation Sent 2097152/4609014 bytes with state 1
DEBUG 2026-06-08 17:51:54 ort/utils.py:69 [CLIENT] Observation Sent 4194304/4609014 bytes with state 2
DEBUG 2026-06-08 17:51:54 ort/utils.py:69 [CLIENT] Observation Sent 4609014/4609014 bytes with state 3
DEBUG 2026-06-08 17:51:54 ort/utils.py:71 [CLIENT] Observation Published 4.395498275756836 MB
DEBUG 2026-06-08 17:51:54 t_client.py:209 Sent observation #1004 | 
DEBUG 2026-06-08 17:51:54 t_client.py:434 QUEUE SIZE: 8 (Must go: False)
DEBUG 2026-06-08 17:51:54 t_client.py:477 Control loop (ms): 140.66
DEBUG 2026-06-08 17:51:54 follower.py:184 follower_right SOFollower read state: 1.8ms
DEBUG 2026-06-08 17:51:54 follower.py:191 follower_right SOFollower read wrist: 0.0ms
DEBUG 2026-06-08 17:51:54 follower.py:184 follower_left SOFollower read state: 1.7ms
DEBUG 2026-06-08 17:51:54 follower.py:191 follower_left SOFollower read wrist: 0.0ms
DEBUG 2026-06-08 17:51:54 t_client.py:198 Observation serialization time: 0.008540s
DEBUG 2026-06-08 17:51:54 ort/utils.py:54 [CLIENT] Observation Buffer size 4.395498275756836 MB with
DEBUG 2026-06-08 17:51:54 ort/utils.py:69 [CLIENT] Observation Sent 2097152/4609014 bytes with state 1
DEBUG 2026-06-08 17:51:54 ort/utils.py:69 [CLIENT] Observation Sent 4194304/4609014 bytes with state 2
DEBUG 2026-06-08 17:51:54 ort/utils.py:69 [CLIENT] Observation Sent 4609014/4609014 bytes with state 3
DEBUG 2026-06-08 17:51:54 ort/utils.py:71 [CLIENT] Observation Published 4.395498275756836 MB
DEBUG 2026-06-08 17:51:54 t_client.py:292 Received actions on device: cpu
DEBUG 2026-06-08 17:51:54 t_client.py:302 Actions kept on device: cpu
DEBUG 2026-06-08 17:51:54 t_client.py:209 Sent observation #1005 | 
DEBUG 2026-06-08 17:51:54 t_client.py:434 QUEUE SIZE: 7 (Must go: False)
DEBUG 2026-06-08 17:51:54 t_client.py:477 Control loop (ms): 156.50
DEBUG 2026-06-08 17:51:54 t_client.py:477 Control loop (ms): 3.62
DEBUG 2026-06-08 17:51:54 t_client.py:477 Control loop (ms): 2.93
DEBUG 2026-06-08 17:51:54 t_client.py:477 Control loop (ms): 1.98
DEBUG 2026-06-08 17:51:54 t_client.py:292 Received actions on device: cpu
DEBUG 2026-06-08 17:51:54 t_client.py:302 Actions kept on device: cpu
DEBUG 2026-06-08 17:51:54 t_client.py:477 Control loop (ms): 2.05
DEBUG 2026-06-08 17:51:54 t_client.py:477 Control loop (ms): 1.51
DEBUG 2026-06-08 17:51:55 t_client.py:477 Control loop (ms): 1.28
DEBUG 2026-06-08 17:51:55 follower.py:184 follower_right SOFollower read state: 1.4ms
DEBUG 2026-06-08 17:51:55 follower.py:191 follower_right SOFollower read wrist: 0.0ms
DEBUG 2026-06-08 17:51:55 follower.py:184 follower_left SOFollower read state: 1.7ms
DEBUG 2026-06-08 17:51:55 follower.py:191 follower_left SOFollower read wrist: 0.0ms
DEBUG 2026-06-08 17:51:55 t_client.py:198 Observation serialization time: 0.010362s
DEBUG 2026-06-08 17:51:55 ort/utils.py:54 [CLIENT] Observation Buffer size 4.395498275756836 MB with
DEBUG 2026-06-08 17:51:55 ort/utils.py:69 [CLIENT] Observation Sent 2097152/4609014 bytes with state 1
DEBUG 2026-06-08 17:51:55 ort/utils.py:69 [CLIENT] Observation Sent 4194304/4609014 bytes with state 2
DEBUG 2026-06-08 17:51:55 ort/utils.py:69 [CLIENT] Observation Sent 4609014/4609014 bytes with state 3
DEBUG 2026-06-08 17:51:55 ort/utils.py:71 [CLIENT] Observation Published 4.395498275756836 MB
DEBUG 2026-06-08 17:51:55 t_client.py:209 Sent observation #1012 | 
DEBUG 2026-06-08 17:51:55 t_client.py:434 QUEUE SIZE: 8 (Must go: False)
DEBUG 2026-06-08 17:51:55 t_client.py:477 Control loop (ms): 130.99
DEBUG 2026-06-08 17:51:55 follower.py:184 follower_right SOFollower read state: 2.6ms
DEBUG 2026-06-08 17:51:55 follower.py:191 follower_right SOFollower read wrist: 0.1ms
DEBUG 2026-06-08 17:51:55 follower.py:184 follower_left SOFollower read state: 2.3ms
DEBUG 2026-06-08 17:51:55 follower.py:191 follower_left SOFollower read wrist: 0.0ms
DEBUG 2026-06-08 17:51:55 t_client.py:198 Observation serialization time: 0.009534s
DEBUG 2026-06-08 17:51:55 ort/utils.py:54 [CLIENT] Observation Buffer size 4.395498275756836 MB with
DEBUG 2026-06-08 17:51:55 ort/utils.py:69 [CLIENT] Observation Sent 2097152/4609014 bytes with state 1
DEBUG 2026-06-08 17:51:55 ort/utils.py:69 [CLIENT] Observation Sent 4194304/4609014 bytes with state 2
DEBUG 2026-06-08 17:51:55 ort/utils.py:69 [CLIENT] Observation Sent 4609014/4609014 bytes with state 3
DEBUG 2026-06-08 17:51:55 ort/utils.py:71 [CLIENT] Observation Published 4.395498275756836 MB
DEBUG 2026-06-08 17:51:55 t_client.py:292 Received actions on device: cpu
DEBUG 2026-06-08 17:51:55 t_client.py:302 Actions kept on device: cpu
DEBUG 2026-06-08 17:51:55 t_client.py:209 Sent observation #1013 | 
DEBUG 2026-06-08 17:51:55 t_client.py:434 QUEUE SIZE: 7 (Must go: False)
DEBUG 2026-06-08 17:51:55 t_client.py:477 Control loop (ms): 154.16
DEBUG 2026-06-08 17:51:55 t_client.py:477 Control loop (ms): 1.62
DEBUG 2026-06-08 17:51:55 t_client.py:477 Control loop (ms): 1.71
DEBUG 2026-06-08 17:51:55 t_client.py:477 Control loop (ms): 2.64
DEBUG 2026-06-08 17:51:55 t_client.py:292 Received actions on device: cpu
DEBUG 2026-06-08 17:51:55 t_client.py:302 Actions kept on device: cpu
DEBUG 2026-06-08 17:51:55 t_client.py:477 Control loop (ms): 1.85
DEBUG 2026-06-08 17:51:55 t_client.py:477 Control loop (ms): 2.17
DEBUG 2026-06-08 17:51:55 t_client.py:477 Control loop (ms): 2.08
DEBUG 2026-06-08 17:51:55 follower.py:184 follower_right SOFollower read state: 2.1ms
DEBUG 2026-06-08 17:51:55 follower.py:191 follower_right SOFollower read wrist: 0.0ms
DEBUG 2026-06-08 17:51:55 follower.py:184 follower_left SOFollower read state: 2.0ms
DEBUG 2026-06-08 17:51:55 follower.py:191 follower_left SOFollower read wrist: 0.0ms
DEBUG 2026-06-08 17:51:55 t_client.py:198 Observation serialization time: 0.009795s
DEBUG 2026-06-08 17:51:55 ort/utils.py:54 [CLIENT] Observation Buffer size 4.395498275756836 MB with
DEBUG 2026-06-08 17:51:55 ort/utils.py:69 [CLIENT] Observation Sent 2097152/4609014 bytes with state 1
DEBUG 2026-06-08 17:51:55 ort/utils.py:69 [CLIENT] Observation Sent 4194304/4609014 bytes with state 2
DEBUG 2026-06-08 17:51:55 ort/utils.py:69 [CLIENT] Observation Sent 4609014/4609014 bytes with state 3
DEBUG 2026-06-08 17:51:55 ort/utils.py:71 [CLIENT] Observation Published 4.395498275756836 MB
DEBUG 2026-06-08 17:51:55 t_client.py:209 Sent observation #1020 | 
DEBUG 2026-06-08 17:51:55 t_client.py:434 QUEUE SIZE: 8 (Must go: False)
DEBUG 2026-06-08 17:51:55 t_client.py:477 Control loop (ms): 112.69
DEBUG 2026-06-08 17:51:55 follower.py:184 follower_right SOFollower read state: 1.6ms
DEBUG 2026-06-08 17:51:55 follower.py:191 follower_right SOFollower read wrist: 0.0ms
DEBUG 2026-06-08 17:51:55 follower.py:184 follower_left SOFollower read state: 1.8ms
DEBUG 2026-06-08 17:51:55 follower.py:191 follower_left SOFollower read wrist: 0.0ms
DEBUG 2026-06-08 17:51:55 t_client.py:198 Observation serialization time: 0.012336s
DEBUG 2026-06-08 17:51:55 ort/utils.py:54 [CLIENT] Observation Buffer size 4.395498275756836 MB with
DEBUG 2026-06-08 17:51:55 ort/utils.py:69 [CLIENT] Observation Sent 2097152/4609014 bytes with state 1
DEBUG 2026-06-08 17:51:55 ort/utils.py:69 [CLIENT] Observation Sent 4194304/4609014 bytes with state 2
DEBUG 2026-06-08 17:51:55 ort/utils.py:69 [CLIENT] Observation Sent 4609014/4609014 bytes with state 3
DEBUG 2026-06-08 17:51:55 ort/utils.py:71 [CLIENT] Observation Published 4.395498275756836 MB
DEBUG 2026-06-08 17:51:55 t_client.py:209 Sent observation #1021 | 
DEBUG 2026-06-08 17:51:55 t_client.py:434 QUEUE SIZE: 7 (Must go: False)
DEBUG 2026-06-08 17:51:55 t_client.py:477 Control loop (ms): 148.71
DEBUG 2026-06-08 17:51:55 t_client.py:292 Received actions on device: cpu
DEBUG 2026-06-08 17:51:55 t_client.py:302 Actions kept on device: cpu
DEBUG 2026-06-08 17:51:55 follower.py:184 follower_right SOFollower read state: 2.5ms
DEBUG 2026-06-08 17:51:55 follower.py:191 follower_right SOFollower read wrist: 0.1ms
DEBUG 2026-06-08 17:51:55 follower.py:184 follower_left SOFollower read state: 1.8ms
DEBUG 2026-06-08 17:51:55 follower.py:191 follower_left SOFollower read wrist: 0.0ms
DEBUG 2026-06-08 17:51:55 t_client.py:198 Observation serialization time: 0.007598s
DEBUG 2026-06-08 17:51:55 ort/utils.py:54 [CLIENT] Observation Buffer size 4.395498275756836 MB with
DEBUG 2026-06-08 17:51:55 ort/utils.py:69 [CLIENT] Observation Sent 2097152/4609014 bytes with state 1
DEBUG 2026-06-08 17:51:57 ort/utils.py:69 [CLIENT] Observation Sent 4194304/4609014 bytes with state 2
DEBUG 2026-06-08 17:51:57 ort/utils.py:69 [CLIENT] Observation Sent 4609014/4609014 bytes with state 3
DEBUG 2026-06-08 17:51:57 ort/utils.py:71 [CLIENT] Observation Published 4.395498275756836 MB
DEBUG 2026-06-08 17:51:57 t_client.py:292 Received actions on device: cpu
DEBUG 2026-06-08 17:51:57 t_client.py:302 Actions kept on device: cpu
DEBUG 2026-06-08 17:51:57 t_client.py:209 Sent observation #1022 | 
DEBUG 2026-06-08 17:51:57 t_client.py:434 QUEUE SIZE: 13 (Must go: False)
DEBUG 2026-06-08 17:51:57 t_client.py:477 Control loop (ms): 1654.48
DEBUG 2026-06-08 17:51:57 t_client.py:477 Control loop (ms): 3.35
DEBUG 2026-06-08 17:51:57 t_client.py:477 Control loop (ms): 2.38
DEBUG 2026-06-08 17:51:57 t_client.py:477 Control loop (ms): 2.11
DEBUG 2026-06-08 17:51:57 t_client.py:292 Received actions on device: cpu
DEBUG 2026-06-08 17:51:57 t_client.py:302 Actions kept on device: cpu
DEBUG 2026-06-08 17:51:57 t_client.py:477 Control loop (ms): 1.54
DEBUG 2026-06-08 17:51:57 t_client.py:477 Control loop (ms): 1.71
DEBUG 2026-06-08 17:51:57 t_client.py:477 Control loop (ms): 1.82
DEBUG 2026-06-08 17:51:57 t_client.py:477 Control loop (ms): 1.44
DEBUG 2026-06-08 17:51:57 follower.py:184 follower_right SOFollower read state: 2.3ms
DEBUG 2026-06-08 17:51:57 follower.py:191 follower_right SOFollower read wrist: 0.0ms
DEBUG 2026-06-08 17:51:57 follower.py:184 follower_left SOFollower read state: 2.3ms
DEBUG 2026-06-08 17:51:57 follower.py:191 follower_left SOFollower read wrist: 0.0ms
DEBUG 2026-06-08 17:51:57 t_client.py:198 Observation serialization time: 0.010256s
DEBUG 2026-06-08 17:51:57 ort/utils.py:54 [CLIENT] Observation Buffer size 4.395498275756836 MB with
DEBUG 2026-06-08 17:51:57 ort/utils.py:69 [CLIENT] Observation Sent 2097152/4609014 bytes with state 1
DEBUG 2026-06-08 17:51:57 ort/utils.py:69 [CLIENT] Observation Sent 4194304/4609014 bytes with state 2
DEBUG 2026-06-08 17:51:57 ort/utils.py:69 [CLIENT] Observation Sent 4609014/4609014 bytes with state 3
DEBUG 2026-06-08 17:51:57 ort/utils.py:71 [CLIENT] Observation Published 4.395498275756836 MB
DEBUG 2026-06-08 17:51:57 t_client.py:209 Sent observation #1029 | 
DEBUG 2026-06-08 17:51:57 t_client.py:434 QUEUE SIZE: 8 (Must go: False)
DEBUG 2026-06-08 17:51:57 t_client.py:477 Control loop (ms): 240.50
DEBUG 2026-06-08 17:51:57 follower.py:184 follower_right SOFollower read state: 1.6ms
DEBUG 2026-06-08 17:51:57 follower.py:191 follower_right SOFollower read wrist: 0.0ms
DEBUG 2026-06-08 17:51:57 follower.py:184 follower_left SOFollower read state: 1.5ms
DEBUG 2026-06-08 17:51:57 follower.py:191 follower_left SOFollower read wrist: 0.0ms
DEBUG 2026-06-08 17:51:57 t_client.py:198 Observation serialization time: 0.004363s
DEBUG 2026-06-08 17:51:57 ort/utils.py:54 [CLIENT] Observation Buffer size 4.395498275756836 MB with
DEBUG 2026-06-08 17:51:57 ort/utils.py:69 [CLIENT] Observation Sent 2097152/4609014 bytes with state 1
DEBUG 2026-06-08 17:51:58 t_client.py:292 Received actions on device: cpu
DEBUG 2026-06-08 17:51:58 t_client.py:302 Actions kept on device: cpu
DEBUG 2026-06-08 17:51:58 ort/utils.py:69 [CLIENT] Observation Sent 4194304/4609014 bytes with state 2
DEBUG 2026-06-08 17:51:58 ort/utils.py:69 [CLIENT] Observation Sent 4609014/4609014 bytes with state 3
DEBUG 2026-06-08 17:51:58 ort/utils.py:71 [CLIENT] Observation Published 4.395498275756836 MB
DEBUG 2026-06-08 17:51:58 t_client.py:209 Sent observation #1030 | 
DEBUG 2026-06-08 17:51:58 t_client.py:434 QUEUE SIZE: 7 (Must go: False)
DEBUG 2026-06-08 17:51:58 t_client.py:477 Control loop (ms): 355.97
DEBUG 2026-06-08 17:51:58 t_client.py:477 Control loop (ms): 2.95
DEBUG 2026-06-08 17:51:58 t_client.py:477 Control loop (ms): 3.03
DEBUG 2026-06-08 17:51:58 t_client.py:477 Control loop (ms): 1.69
DEBUG 2026-06-08 17:51:58 t_client.py:292 Received actions on device: cpu
DEBUG 2026-06-08 17:51:58 t_client.py:302 Actions kept on device: cpu
DEBUG 2026-06-08 17:51:58 t_client.py:477 Control loop (ms): 2.53
DEBUG 2026-06-08 17:51:58 t_client.py:477 Control loop (ms): 2.12
DEBUG 2026-06-08 17:51:58 t_client.py:477 Control loop (ms): 3.10
DEBUG 2026-06-08 17:51:58 follower.py:184 follower_right SOFollower read state: 2.1ms
DEBUG 2026-06-08 17:51:58 follower.py:191 follower_right SOFollower read wrist: 0.0ms
DEBUG 2026-06-08 17:51:58 follower.py:184 follower_left SOFollower read state: 1.8ms
DEBUG 2026-06-08 17:51:58 follower.py:191 follower_left SOFollower read wrist: 0.0ms
DEBUG 2026-06-08 17:51:58 t_client.py:198 Observation serialization time: 0.007838s
DEBUG 2026-06-08 17:51:58 ort/utils.py:54 [CLIENT] Observation Buffer size 4.395498275756836 MB with
DEBUG 2026-06-08 17:51:58 ort/utils.py:69 [CLIENT] Observation Sent 2097152/4609014 bytes with state 1
DEBUG 2026-06-08 17:51:58 ort/utils.py:69 [CLIENT] Observation Sent 4194304/4609014 bytes with state 2
DEBUG 2026-06-08 17:51:58 ort/utils.py:69 [CLIENT] Observation Sent 4609014/4609014 bytes with state 3
DEBUG 2026-06-08 17:51:58 ort/utils.py:71 [CLIENT] Observation Published 4.395498275756836 MB
DEBUG 2026-06-08 17:51:58 t_client.py:209 Sent observation #1037 | 
DEBUG 2026-06-08 17:51:58 t_client.py:434 QUEUE SIZE: 8 (Must go: False)
DEBUG 2026-06-08 17:51:58 t_client.py:477 Control loop (ms): 171.06
DEBUG 2026-06-08 17:51:58 follower.py:184 follower_right SOFollower read state: 1.7ms
DEBUG 2026-06-08 17:51:58 follower.py:191 follower_right SOFollower read wrist: 0.0ms
DEBUG 2026-06-08 17:51:58 follower.py:184 follower_left SOFollower read state: 1.7ms
DEBUG 2026-06-08 17:51:58 follower.py:191 follower_left SOFollower read wrist: 0.0ms
DEBUG 2026-06-08 17:51:58 t_client.py:198 Observation serialization time: 0.005356s
DEBUG 2026-06-08 17:51:58 ort/utils.py:54 [CLIENT] Observation Buffer size 4.395498275756836 MB with
DEBUG 2026-06-08 17:51:58 ort/utils.py:69 [CLIENT] Observation Sent 2097152/4609014 bytes with state 1
DEBUG 2026-06-08 17:51:58 ort/utils.py:69 [CLIENT] Observation Sent 4194304/4609014 bytes with state 2
DEBUG 2026-06-08 17:51:58 ort/utils.py:69 [CLIENT] Observation Sent 4609014/4609014 bytes with state 3
DEBUG 2026-06-08 17:51:58 ort/utils.py:71 [CLIENT] Observation Published 4.395498275756836 MB
DEBUG 2026-06-08 17:51:58 t_client.py:292 Received actions on device: cpu
DEBUG 2026-06-08 17:51:58 t_client.py:302 Actions kept on device: cpu
DEBUG 2026-06-08 17:51:58 t_client.py:209 Sent observation #1038 | 
DEBUG 2026-06-08 17:51:58 t_client.py:434 QUEUE SIZE: 7 (Must go: False)
DEBUG 2026-06-08 17:51:58 t_client.py:477 Control loop (ms): 172.61
DEBUG 2026-06-08 17:51:58 t_client.py:477 Control loop (ms): 1.51
DEBUG 2026-06-08 17:51:58 t_client.py:477 Control loop (ms): 1.82
DEBUG 2026-06-08 17:51:58 t_client.py:477 Control loop (ms): 1.74
DEBUG 2026-06-08 17:51:58 t_client.py:292 Received actions on device: cpu
DEBUG 2026-06-08 17:51:58 t_client.py:302 Actions kept on device: cpu
DEBUG 2026-06-08 17:51:58 t_client.py:477 Control loop (ms): 2.00
DEBUG 2026-06-08 17:51:58 t_client.py:477 Control loop (ms): 2.10
DEBUG 2026-06-08 17:51:58 t_client.py:477 Control loop (ms): 3.09
DEBUG 2026-06-08 17:51:59 follower.py:184 follower_right SOFollower read state: 1.9ms
DEBUG 2026-06-08 17:51:59 follower.py:191 follower_right SOFollower read wrist: 0.0ms
DEBUG 2026-06-08 17:51:59 follower.py:184 follower_left SOFollower read state: 1.8ms
DEBUG 2026-06-08 17:51:59 follower.py:191 follower_left SOFollower read wrist: 0.0ms
DEBUG 2026-06-08 17:51:59 t_client.py:198 Observation serialization time: 0.008574s
DEBUG 2026-06-08 17:51:59 ort/utils.py:54 [CLIENT] Observation Buffer size 4.395498275756836 MB with
DEBUG 2026-06-08 17:51:59 ort/utils.py:69 [CLIENT] Observation Sent 2097152/4609014 bytes with state 1
DEBUG 2026-06-08 17:51:59 ort/utils.py:69 [CLIENT] Observation Sent 4194304/4609014 bytes with state 2
DEBUG 2026-06-08 17:51:59 ort/utils.py:69 [CLIENT] Observation Sent 4609014/4609014 bytes with state 3
DEBUG 2026-06-08 17:51:59 ort/utils.py:71 [CLIENT] Observation Published 4.395498275756836 MB
DEBUG 2026-06-08 17:51:59 t_client.py:209 Sent observation #1045 | 
DEBUG 2026-06-08 17:51:59 t_client.py:434 QUEUE SIZE: 8 (Must go: False)
DEBUG 2026-06-08 17:51:59 t_client.py:477 Control loop (ms): 328.15
DEBUG 2026-06-08 17:51:59 follower.py:184 follower_right SOFollower read state: 1.8ms
DEBUG 2026-06-08 17:51:59 follower.py:191 follower_right SOFollower read wrist: 0.0ms
DEBUG 2026-06-08 17:51:59 follower.py:184 follower_left SOFollower read state: 2.4ms
DEBUG 2026-06-08 17:51:59 follower.py:191 follower_left SOFollower read wrist: 0.0ms
DEBUG 2026-06-08 17:51:59 t_client.py:198 Observation serialization time: 0.009187s
DEBUG 2026-06-08 17:51:59 ort/utils.py:54 [CLIENT] Observation Buffer size 4.395498275756836 MB with
DEBUG 2026-06-08 17:51:59 ort/utils.py:69 [CLIENT] Observation Sent 2097152/4609014 bytes with state 1
DEBUG 2026-06-08 17:51:59 ort/utils.py:69 [CLIENT] Observation Sent 4194304/4609014 bytes with state 2
DEBUG 2026-06-08 17:51:59 ort/utils.py:69 [CLIENT] Observation Sent 4609014/4609014 bytes with state 3
DEBUG 2026-06-08 17:51:59 ort/utils.py:71 [CLIENT] Observation Published 4.395498275756836 MB
DEBUG 2026-06-08 17:51:59 t_client.py:292 Received actions on device: cpu
DEBUG 2026-06-08 17:51:59 t_client.py:302 Actions kept on device: cpu
DEBUG 2026-06-08 17:51:59 t_client.py:209 Sent observation #1046 | 
DEBUG 2026-06-08 17:51:59 t_client.py:434 QUEUE SIZE: 7 (Must go: False)
DEBUG 2026-06-08 17:51:59 t_client.py:477 Control loop (ms): 365.07
DEBUG 2026-06-08 17:51:59 t_client.py:477 Control loop (ms): 2.20
DEBUG 2026-06-08 17:51:59 t_client.py:477 Control loop (ms): 1.55
DEBUG 2026-06-08 17:51:59 t_client.py:477 Control loop (ms): 1.71
DEBUG 2026-06-08 17:51:59 t_client.py:292 Received actions on device: cpu
DEBUG 2026-06-08 17:51:59 t_client.py:302 Actions kept on device: cpu
DEBUG 2026-06-08 17:51:59 t_client.py:477 Control loop (ms): 1.25
DEBUG 2026-06-08 17:51:59 t_client.py:477 Control loop (ms): 1.73
DEBUG 2026-06-08 17:51:59 t_client.py:477 Control loop (ms): 1.53
DEBUG 2026-06-08 17:51:59 follower.py:184 follower_right SOFollower read state: 2.2ms
DEBUG 2026-06-08 17:51:59 follower.py:191 follower_right SOFollower read wrist: 0.0ms
DEBUG 2026-06-08 17:51:59 follower.py:184 follower_left SOFollower read state: 2.2ms
DEBUG 2026-06-08 17:51:59 follower.py:191 follower_left SOFollower read wrist: 0.0ms
DEBUG 2026-06-08 17:51:59 t_client.py:198 Observation serialization time: 0.010219s
DEBUG 2026-06-08 17:51:59 ort/utils.py:54 [CLIENT] Observation Buffer size 4.395498275756836 MB with
DEBUG 2026-06-08 17:51:59 ort/utils.py:69 [CLIENT] Observation Sent 2097152/4609014 bytes with state 1
DEBUG 2026-06-08 17:52:00 ort/utils.py:69 [CLIENT] Observation Sent 4194304/4609014 bytes with state 2
DEBUG 2026-06-08 17:52:00 ort/utils.py:69 [CLIENT] Observation Sent 4609014/4609014 bytes with state 3
DEBUG 2026-06-08 17:52:00 ort/utils.py:71 [CLIENT] Observation Published 4.395498275756836 MB
DEBUG 2026-06-08 17:52:00 t_client.py:209 Sent observation #1053 | 
DEBUG 2026-06-08 17:52:00 t_client.py:434 QUEUE SIZE: 8 (Must go: False)
DEBUG 2026-06-08 17:52:00 t_client.py:477 Control loop (ms): 183.35
DEBUG 2026-06-08 17:52:00 follower.py:184 follower_right SOFollower read state: 2.1ms
DEBUG 2026-06-08 17:52:00 follower.py:191 follower_right SOFollower read wrist: 0.0ms
DEBUG 2026-06-08 17:52:00 follower.py:184 follower_left SOFollower read state: 2.0ms
DEBUG 2026-06-08 17:52:00 follower.py:191 follower_left SOFollower read wrist: 0.0ms
DEBUG 2026-06-08 17:52:00 t_client.py:198 Observation serialization time: 0.007514s
DEBUG 2026-06-08 17:52:00 ort/utils.py:54 [CLIENT] Observation Buffer size 4.395498275756836 MB with
DEBUG 2026-06-08 17:52:00 ort/utils.py:69 [CLIENT] Observation Sent 2097152/4609014 bytes with state 1
DEBUG 2026-06-08 17:52:00 ort/utils.py:69 [CLIENT] Observation Sent 4194304/4609014 bytes with state 2
DEBUG 2026-06-08 17:52:00 ort/utils.py:69 [CLIENT] Observation Sent 4609014/4609014 bytes with state 3
DEBUG 2026-06-08 17:52:00 ort/utils.py:71 [CLIENT] Observation Published 4.395498275756836 MB
DEBUG 2026-06-08 17:52:00 t_client.py:292 Received actions on device: cpu
DEBUG 2026-06-08 17:52:00 t_client.py:302 Actions kept on device: cpu
DEBUG 2026-06-08 17:52:00 t_client.py:209 Sent observation #1054 | 
DEBUG 2026-06-08 17:52:00 t_client.py:434 QUEUE SIZE: 7 (Must go: False)
DEBUG 2026-06-08 17:52:00 t_client.py:477 Control loop (ms): 211.21
DEBUG 2026-06-08 17:52:00 t_client.py:477 Control loop (ms): 3.42
DEBUG 2026-06-08 17:52:00 t_client.py:477 Control loop (ms): 2.85
DEBUG 2026-06-08 17:52:00 t_client.py:477 Control loop (ms): 1.26
DEBUG 2026-06-08 17:52:00 t_client.py:292 Received actions on device: cpu
DEBUG 2026-06-08 17:52:00 t_client.py:302 Actions kept on device: cpu
DEBUG 2026-06-08 17:52:00 t_client.py:477 Control loop (ms): 3.64
DEBUG 2026-06-08 17:52:00 t_client.py:477 Control loop (ms): 2.84
DEBUG 2026-06-08 17:52:00 t_client.py:477 Control loop (ms): 3.14
DEBUG 2026-06-08 17:52:00 t_client.py:477 Control loop (ms): 2.50
DEBUG 2026-06-08 17:52:00 follower.py:184 follower_right SOFollower read state: 2.0ms
DEBUG 2026-06-08 17:52:00 follower.py:191 follower_right SOFollower read wrist: 0.0ms
DEBUG 2026-06-08 17:52:00 follower.py:184 follower_left SOFollower read state: 2.0ms
DEBUG 2026-06-08 17:52:00 follower.py:191 follower_left SOFollower read wrist: 0.0ms
DEBUG 2026-06-08 17:52:00 t_client.py:198 Observation serialization time: 0.010323s
DEBUG 2026-06-08 17:52:00 ort/utils.py:54 [CLIENT] Observation Buffer size 4.395498275756836 MB with
DEBUG 2026-06-08 17:52:00 ort/utils.py:69 [CLIENT] Observation Sent 2097152/4609014 bytes with state 1
DEBUG 2026-06-08 17:52:00 ort/utils.py:69 [CLIENT] Observation Sent 4194304/4609014 bytes with state 2
DEBUG 2026-06-08 17:52:00 ort/utils.py:69 [CLIENT] Observation Sent 4609014/4609014 bytes with state 3
DEBUG 2026-06-08 17:52:00 ort/utils.py:71 [CLIENT] Observation Published 4.395498275756836 MB
DEBUG 2026-06-08 17:52:01 t_client.py:209 Sent observation #1061 | 
DEBUG 2026-06-08 17:52:01 t_client.py:434 QUEUE SIZE: 8 (Must go: False)
DEBUG 2026-06-08 17:52:01 t_client.py:477 Control loop (ms): 929.78
DEBUG 2026-06-08 17:52:01 follower.py:184 follower_right SOFollower read state: 2.0ms
DEBUG 2026-06-08 17:52:01 follower.py:191 follower_right SOFollower read wrist: 0.0ms
DEBUG 2026-06-08 17:52:01 follower.py:184 follower_left SOFollower read state: 1.9ms
DEBUG 2026-06-08 17:52:01 follower.py:191 follower_left SOFollower read wrist: 0.0ms
DEBUG 2026-06-08 17:52:01 t_client.py:198 Observation serialization time: 0.011837s
DEBUG 2026-06-08 17:52:01 ort/utils.py:54 [CLIENT] Observation Buffer size 4.395498275756836 MB with
DEBUG 2026-06-08 17:52:01 ort/utils.py:69 [CLIENT] Observation Sent 2097152/4609014 bytes with state 1
DEBUG 2026-06-08 17:52:01 ort/utils.py:69 [CLIENT] Observation Sent 4194304/4609014 bytes with state 2
DEBUG 2026-06-08 17:52:01 t_client.py:292 Received actions on device: cpu
DEBUG 2026-06-08 17:52:01 t_client.py:302 Actions kept on device: cpu
DEBUG 2026-06-08 17:52:01 ort/utils.py:69 [CLIENT] Observation Sent 4609014/4609014 bytes with state 3
DEBUG 2026-06-08 17:52:01 ort/utils.py:71 [CLIENT] Observation Published 4.395498275756836 MB
DEBUG 2026-06-08 17:52:02 t_client.py:209 Sent observation #1062 | 
DEBUG 2026-06-08 17:52:02 t_client.py:434 QUEUE SIZE: 7 (Must go: False)
DEBUG 2026-06-08 17:52:02 t_client.py:477 Control loop (ms): 835.88
DEBUG 2026-06-08 17:52:02 t_client.py:477 Control loop (ms): 2.02
DEBUG 2026-06-08 17:52:02 t_client.py:477 Control loop (ms): 3.55
DEBUG 2026-06-08 17:52:02 t_client.py:477 Control loop (ms): 2.66
DEBUG 2026-06-08 17:52:02 t_client.py:477 Control loop (ms): 2.04
DEBUG 2026-06-08 17:52:02 t_client.py:477 Control loop (ms): 2.04
DEBUG 2026-06-08 17:52:02 t_client.py:292 Received actions on device: cpu
DEBUG 2026-06-08 17:52:02 t_client.py:302 Actions kept on device: cpu
DEBUG 2026-06-08 17:52:02 t_client.py:477 Control loop (ms): 1.89
DEBUG 2026-06-08 17:52:02 follower.py:184 follower_right SOFollower read state: 2.0ms
DEBUG 2026-06-08 17:52:02 follower.py:191 follower_right SOFollower read wrist: 0.0ms
DEBUG 2026-06-08 17:52:02 follower.py:184 follower_left SOFollower read state: 1.8ms
DEBUG 2026-06-08 17:52:02 follower.py:191 follower_left SOFollower read wrist: 0.0ms
DEBUG 2026-06-08 17:52:02 t_client.py:198 Observation serialization time: 0.006742s
DEBUG 2026-06-08 17:52:02 ort/utils.py:54 [CLIENT] Observation Buffer size 4.395498275756836 MB with
DEBUG 2026-06-08 17:52:02 ort/utils.py:69 [CLIENT] Observation Sent 2097152/4609014 bytes with state 1
DEBUG 2026-06-08 17:52:02 ort/utils.py:69 [CLIENT] Observation Sent 4194304/4609014 bytes with state 2
DEBUG 2026-06-08 17:52:02 ort/utils.py:69 [CLIENT] Observation Sent 4609014/4609014 bytes with state 3
DEBUG 2026-06-08 17:52:02 ort/utils.py:71 [CLIENT] Observation Published 4.395498275756836 MB
DEBUG 2026-06-08 17:52:03 t_client.py:209 Sent observation #1069 | 
DEBUG 2026-06-08 17:52:03 t_client.py:434 QUEUE SIZE: 8 (Must go: False)
DEBUG 2026-06-08 17:52:03 t_client.py:477 Control loop (ms): 806.02
DEBUG 2026-06-08 17:52:03 follower.py:184 follower_right SOFollower read state: 2.6ms
DEBUG 2026-06-08 17:52:03 follower.py:191 follower_right SOFollower read wrist: 0.1ms
DEBUG 2026-06-08 17:52:03 follower.py:184 follower_left SOFollower read state: 1.8ms
DEBUG 2026-06-08 17:52:03 follower.py:191 follower_left SOFollower read wrist: 0.0ms
DEBUG 2026-06-08 17:52:03 t_client.py:198 Observation serialization time: 0.012576s
DEBUG 2026-06-08 17:52:03 ort/utils.py:54 [CLIENT] Observation Buffer size 4.395498275756836 MB with
DEBUG 2026-06-08 17:52:03 ort/utils.py:69 [CLIENT] Observation Sent 2097152/4609014 bytes with state 1
DEBUG 2026-06-08 17:52:03 ort/utils.py:69 [CLIENT] Observation Sent 4194304/4609014 bytes with state 2
DEBUG 2026-06-08 17:52:03 ort/utils.py:69 [CLIENT] Observation Sent 4609014/4609014 bytes with state 3
DEBUG 2026-06-08 17:52:03 ort/utils.py:71 [CLIENT] Observation Published 4.395498275756836 MB
DEBUG 2026-06-08 17:52:03 t_client.py:292 Received actions on device: cpu
DEBUG 2026-06-08 17:52:03 t_client.py:302 Actions kept on device: cpu
DEBUG 2026-06-08 17:52:03 t_client.py:209 Sent observation #1070 | 
DEBUG 2026-06-08 17:52:03 t_client.py:434 QUEUE SIZE: 7 (Must go: False)
DEBUG 2026-06-08 17:52:03 t_client.py:477 Control loop (ms): 360.48
DEBUG 2026-06-08 17:52:03 t_client.py:477 Control loop (ms): 3.42
DEBUG 2026-06-08 17:52:03 t_client.py:477 Control loop (ms): 2.51
DEBUG 2026-06-08 17:52:03 t_client.py:477 Control loop (ms): 2.80
DEBUG 2026-06-08 17:52:03 t_client.py:292 Received actions on device: cpu
DEBUG 2026-06-08 17:52:03 t_client.py:302 Actions kept on device: cpu
DEBUG 2026-06-08 17:52:03 t_client.py:477 Control loop (ms): 2.74
DEBUG 2026-06-08 17:52:03 t_client.py:477 Control loop (ms): 2.37
DEBUG 2026-06-08 17:52:03 t_client.py:477 Control loop (ms): 1.57
DEBUG 2026-06-08 17:52:03 follower.py:184 follower_right SOFollower read state: 2.1ms
DEBUG 2026-06-08 17:52:03 follower.py:191 follower_right SOFollower read wrist: 0.0ms
DEBUG 2026-06-08 17:52:03 follower.py:184 follower_left SOFollower read state: 2.0ms
DEBUG 2026-06-08 17:52:03 follower.py:191 follower_left SOFollower read wrist: 0.0ms
DEBUG 2026-06-08 17:52:03 t_client.py:198 Observation serialization time: 0.010123s
DEBUG 2026-06-08 17:52:03 ort/utils.py:54 [CLIENT] Observation Buffer size 4.395498275756836 MB with
DEBUG 2026-06-08 17:52:03 ort/utils.py:69 [CLIENT] Observation Sent 2097152/4609014 bytes with state 1
DEBUG 2026-06-08 17:52:04 ort/utils.py:69 [CLIENT] Observation Sent 4194304/4609014 bytes with state 2
DEBUG 2026-06-08 17:52:04 ort/utils.py:69 [CLIENT] Observation Sent 4609014/4609014 bytes with state 3
DEBUG 2026-06-08 17:52:04 ort/utils.py:71 [CLIENT] Observation Published 4.395498275756836 MB
DEBUG 2026-06-08 17:52:04 t_client.py:209 Sent observation #1077 | 
DEBUG 2026-06-08 17:52:04 t_client.py:434 QUEUE SIZE: 8 (Must go: False)
DEBUG 2026-06-08 17:52:04 t_client.py:477 Control loop (ms): 352.15
DEBUG 2026-06-08 17:52:04 follower.py:184 follower_right SOFollower read state: 2.2ms
DEBUG 2026-06-08 17:52:04 follower.py:191 follower_right SOFollower read wrist: 0.0ms
DEBUG 2026-06-08 17:52:04 follower.py:184 follower_left SOFollower read state: 2.6ms
DEBUG 2026-06-08 17:52:04 follower.py:191 follower_left SOFollower read wrist: 0.0ms
DEBUG 2026-06-08 17:52:04 t_client.py:198 Observation serialization time: 0.008827s
DEBUG 2026-06-08 17:52:04 ort/utils.py:54 [CLIENT] Observation Buffer size 4.395498275756836 MB with
DEBUG 2026-06-08 17:52:04 ort/utils.py:69 [CLIENT] Observation Sent 2097152/4609014 bytes with state 1
DEBUG 2026-06-08 17:52:04 ort/utils.py:69 [CLIENT] Observation Sent 4194304/4609014 bytes with state 2
DEBUG 2026-06-08 17:52:04 ort/utils.py:69 [CLIENT] Observation Sent 4609014/4609014 bytes with state 3
DEBUG 2026-06-08 17:52:04 ort/utils.py:71 [CLIENT] Observation Published 4.395498275756836 MB
DEBUG 2026-06-08 17:52:04 t_client.py:292 Received actions on device: cpu
DEBUG 2026-06-08 17:52:04 t_client.py:302 Actions kept on device: cpu
DEBUG 2026-06-08 17:52:04 t_client.py:209 Sent observation #1078 | 
DEBUG 2026-06-08 17:52:04 t_client.py:434 QUEUE SIZE: 7 (Must go: False)
DEBUG 2026-06-08 17:52:04 t_client.py:477 Control loop (ms): 276.69
DEBUG 2026-06-08 17:52:04 t_client.py:477 Control loop (ms): 2.68
DEBUG 2026-06-08 17:52:04 t_client.py:477 Control loop (ms): 1.52
DEBUG 2026-06-08 17:52:04 t_client.py:477 Control loop (ms): 1.31
DEBUG 2026-06-08 17:52:04 t_client.py:292 Received actions on device: cpu
DEBUG 2026-06-08 17:52:04 t_client.py:302 Actions kept on device: cpu
DEBUG 2026-06-08 17:52:04 t_client.py:477 Control loop (ms): 3.29
DEBUG 2026-06-08 17:52:04 t_client.py:477 Control loop (ms): 2.03
DEBUG 2026-06-08 17:52:04 t_client.py:477 Control loop (ms): 2.27
DEBUG 2026-06-08 17:52:04 t_client.py:477 Control loop (ms): 3.02
DEBUG 2026-06-08 17:52:04 follower.py:184 follower_right SOFollower read state: 2.5ms
DEBUG 2026-06-08 17:52:04 follower.py:191 follower_right SOFollower read wrist: 0.1ms
DEBUG 2026-06-08 17:52:04 follower.py:184 follower_left SOFollower read state: 2.4ms
DEBUG 2026-06-08 17:52:04 follower.py:191 follower_left SOFollower read wrist: 0.0ms
DEBUG 2026-06-08 17:52:04 t_client.py:198 Observation serialization time: 0.003335s
DEBUG 2026-06-08 17:52:04 ort/utils.py:54 [CLIENT] Observation Buffer size 4.395498275756836 MB with
DEBUG 2026-06-08 17:52:04 ort/utils.py:69 [CLIENT] Observation Sent 2097152/4609014 bytes with state 1
DEBUG 2026-06-08 17:52:04 ort/utils.py:69 [CLIENT] Observation Sent 4194304/4609014 bytes with state 2
DEBUG 2026-06-08 17:52:04 ort/utils.py:69 [CLIENT] Observation Sent 4609014/4609014 bytes with state 3
DEBUG 2026-06-08 17:52:04 ort/utils.py:71 [CLIENT] Observation Published 4.395498275756836 MB
DEBUG 2026-06-08 17:52:04 t_client.py:209 Sent observation #1085 | 
DEBUG 2026-06-08 17:52:04 t_client.py:434 QUEUE SIZE: 8 (Must go: False)
DEBUG 2026-06-08 17:52:04 t_client.py:477 Control loop (ms): 219.15
DEBUG 2026-06-08 17:52:04 follower.py:184 follower_right SOFollower read state: 2.1ms
DEBUG 2026-06-08 17:52:04 follower.py:191 follower_right SOFollower read wrist: 0.0ms
DEBUG 2026-06-08 17:52:04 follower.py:184 follower_left SOFollower read state: 2.5ms
DEBUG 2026-06-08 17:52:04 follower.py:191 follower_left SOFollower read wrist: 0.0ms
DEBUG 2026-06-08 17:52:04 t_client.py:198 Observation serialization time: 0.010790s
DEBUG 2026-06-08 17:52:04 ort/utils.py:54 [CLIENT] Observation Buffer size 4.395498275756836 MB with
DEBUG 2026-06-08 17:52:04 ort/utils.py:69 [CLIENT] Observation Sent 2097152/4609014 bytes with state 1
DEBUG 2026-06-08 17:52:05 ort/utils.py:69 [CLIENT] Observation Sent 4194304/4609014 bytes with state 2
DEBUG 2026-06-08 17:52:05 ort/utils.py:69 [CLIENT] Observation Sent 4609014/4609014 bytes with state 3
DEBUG 2026-06-08 17:52:05 ort/utils.py:71 [CLIENT] Observation Published 4.395498275756836 MB
DEBUG 2026-06-08 17:52:05 t_client.py:292 Received actions on device: cpu
DEBUG 2026-06-08 17:52:05 t_client.py:302 Actions kept on device: cpu
DEBUG 2026-06-08 17:52:05 t_client.py:209 Sent observation #1086 | 
DEBUG 2026-06-08 17:52:05 t_client.py:434 QUEUE SIZE: 7 (Must go: False)
DEBUG 2026-06-08 17:52:05 t_client.py:477 Control loop (ms): 285.66
DEBUG 2026-06-08 17:52:05 t_client.py:477 Control loop (ms): 2.19
DEBUG 2026-06-08 17:52:05 t_client.py:477 Control loop (ms): 2.55
DEBUG 2026-06-08 17:52:05 t_client.py:477 Control loop (ms): 2.76
DEBUG 2026-06-08 17:52:05 t_client.py:292 Received actions on device: cpu
DEBUG 2026-06-08 17:52:05 t_client.py:302 Actions kept on device: cpu
DEBUG 2026-06-08 17:52:05 t_client.py:477 Control loop (ms): 1.47
DEBUG 2026-06-08 17:52:05 t_client.py:477 Control loop (ms): 2.85
DEBUG 2026-06-08 17:52:05 t_client.py:477 Control loop (ms): 2.88
DEBUG 2026-06-08 17:52:05 follower.py:184 follower_right SOFollower read state: 1.8ms
DEBUG 2026-06-08 17:52:05 follower.py:191 follower_right SOFollower read wrist: 0.0ms
DEBUG 2026-06-08 17:52:05 follower.py:184 follower_left SOFollower read state: 1.8ms
DEBUG 2026-06-08 17:52:05 follower.py:191 follower_left SOFollower read wrist: 0.0ms
DEBUG 2026-06-08 17:52:05 t_client.py:198 Observation serialization time: 0.010855s
DEBUG 2026-06-08 17:52:05 ort/utils.py:54 [CLIENT] Observation Buffer size 4.395498275756836 MB with
DEBUG 2026-06-08 17:52:05 ort/utils.py:69 [CLIENT] Observation Sent 2097152/4609014 bytes with state 1
DEBUG 2026-06-08 17:52:05 ort/utils.py:69 [CLIENT] Observation Sent 4194304/4609014 bytes with state 2
DEBUG 2026-06-08 17:52:05 ort/utils.py:69 [CLIENT] Observation Sent 4609014/4609014 bytes with state 3
DEBUG 2026-06-08 17:52:05 ort/utils.py:71 [CLIENT] Observation Published 4.395498275756836 MB
DEBUG 2026-06-08 17:52:05 t_client.py:209 Sent observation #1093 | 
DEBUG 2026-06-08 17:52:05 t_client.py:434 QUEUE SIZE: 8 (Must go: False)
DEBUG 2026-06-08 17:52:05 t_client.py:477 Control loop (ms): 291.81
DEBUG 2026-06-08 17:52:05 follower.py:184 follower_right SOFollower read state: 2.3ms
DEBUG 2026-06-08 17:52:05 follower.py:191 follower_right SOFollower read wrist: 0.1ms
DEBUG 2026-06-08 17:52:05 follower.py:184 follower_left SOFollower read state: 2.4ms
DEBUG 2026-06-08 17:52:05 follower.py:191 follower_left SOFollower read wrist: 0.0ms
DEBUG 2026-06-08 17:52:05 t_client.py:198 Observation serialization time: 0.009384s
DEBUG 2026-06-08 17:52:05 ort/utils.py:54 [CLIENT] Observation Buffer size 4.395498275756836 MB with
DEBUG 2026-06-08 17:52:05 ort/utils.py:69 [CLIENT] Observation Sent 2097152/4609014 bytes with state 1
DEBUG 2026-06-08 17:52:05 ort/utils.py:69 [CLIENT] Observation Sent 4194304/4609014 bytes with state 2
DEBUG 2026-06-08 17:52:05 ort/utils.py:69 [CLIENT] Observation Sent 4609014/4609014 bytes with state 3
DEBUG 2026-06-08 17:52:05 ort/utils.py:71 [CLIENT] Observation Published 4.395498275756836 MB
DEBUG 2026-06-08 17:52:05 t_client.py:292 Received actions on device: cpu
DEBUG 2026-06-08 17:52:05 t_client.py:302 Actions kept on device: cpu
DEBUG 2026-06-08 17:52:05 t_client.py:209 Sent observation #1094 | 
DEBUG 2026-06-08 17:52:05 t_client.py:434 QUEUE SIZE: 7 (Must go: False)
DEBUG 2026-06-08 17:52:05 t_client.py:477 Control loop (ms): 251.30
DEBUG 2026-06-08 17:52:06 t_client.py:477 Control loop (ms): 2.07
DEBUG 2026-06-08 17:52:06 t_client.py:477 Control loop (ms): 2.90
DEBUG 2026-06-08 17:52:06 t_client.py:477 Control loop (ms): 1.41
DEBUG 2026-06-08 17:52:06 t_client.py:292 Received actions on device: cpu
DEBUG 2026-06-08 17:52:06 t_client.py:302 Actions kept on device: cpu
DEBUG 2026-06-08 17:52:06 t_client.py:477 Control loop (ms): 2.70
DEBUG 2026-06-08 17:52:06 t_client.py:477 Control loop (ms): 2.81
DEBUG 2026-06-08 17:52:06 t_client.py:477 Control loop (ms): 2.59
DEBUG 2026-06-08 17:52:06 follower.py:184 follower_right SOFollower read state: 2.5ms
DEBUG 2026-06-08 17:52:06 follower.py:191 follower_right SOFollower read wrist: 0.0ms
DEBUG 2026-06-08 17:52:06 follower.py:184 follower_left SOFollower read state: 2.3ms
DEBUG 2026-06-08 17:52:06 follower.py:191 follower_left SOFollower read wrist: 0.0ms
DEBUG 2026-06-08 17:52:06 t_client.py:198 Observation serialization time: 0.009516s
DEBUG 2026-06-08 17:52:06 ort/utils.py:54 [CLIENT] Observation Buffer size 4.395498275756836 MB with
DEBUG 2026-06-08 17:52:06 ort/utils.py:69 [CLIENT] Observation Sent 2097152/4609014 bytes with state 1
DEBUG 2026-06-08 17:52:06 ort/utils.py:69 [CLIENT] Observation Sent 4194304/4609014 bytes with state 2
DEBUG 2026-06-08 17:52:06 ort/utils.py:69 [CLIENT] Observation Sent 4609014/4609014 bytes with state 3
DEBUG 2026-06-08 17:52:06 ort/utils.py:71 [CLIENT] Observation Published 4.395498275756836 MB
DEBUG 2026-06-08 17:52:06 t_client.py:209 Sent observation #1101 | 
DEBUG 2026-06-08 17:52:06 t_client.py:434 QUEUE SIZE: 8 (Must go: False)
DEBUG 2026-06-08 17:52:06 t_client.py:477 Control loop (ms): 287.94
DEBUG 2026-06-08 17:52:06 follower.py:184 follower_right SOFollower read state: 2.6ms
DEBUG 2026-06-08 17:52:06 follower.py:191 follower_right SOFollower read wrist: 0.1ms
DEBUG 2026-06-08 17:52:06 follower.py:184 follower_left SOFollower read state: 2.8ms
DEBUG 2026-06-08 17:52:06 follower.py:191 follower_left SOFollower read wrist: 0.0ms
DEBUG 2026-06-08 17:52:06 t_client.py:198 Observation serialization time: 0.011995s
DEBUG 2026-06-08 17:52:06 ort/utils.py:54 [CLIENT] Observation Buffer size 4.395498275756836 MB with
DEBUG 2026-06-08 17:52:06 ort/utils.py:69 [CLIENT] Observation Sent 2097152/4609014 bytes with state 1
DEBUG 2026-06-08 17:52:06 ort/utils.py:69 [CLIENT] Observation Sent 4194304/4609014 bytes with state 2
DEBUG 2026-06-08 17:52:06 ort/utils.py:69 [CLIENT] Observation Sent 4609014/4609014 bytes with state 3
DEBUG 2026-06-08 17:52:06 ort/utils.py:71 [CLIENT] Observation Published 4.395498275756836 MB
DEBUG 2026-06-08 17:52:06 t_client.py:292 Received actions on device: cpu
DEBUG 2026-06-08 17:52:06 t_client.py:302 Actions kept on device: cpu
DEBUG 2026-06-08 17:52:06 t_client.py:209 Sent observation #1102 | 
DEBUG 2026-06-08 17:52:06 t_client.py:434 QUEUE SIZE: 7 (Must go: False)
DEBUG 2026-06-08 17:52:06 t_client.py:477 Control loop (ms): 285.35
DEBUG 2026-06-08 17:52:06 t_client.py:477 Control loop (ms): 2.77
DEBUG 2026-06-08 17:52:06 t_client.py:477 Control loop (ms): 3.06
DEBUG 2026-06-08 17:52:06 t_client.py:477 Control loop (ms): 2.80
DEBUG 2026-06-08 17:52:06 t_client.py:477 Control loop (ms): 1.94
DEBUG 2026-06-08 17:52:06 t_client.py:477 Control loop (ms): 2.72
DEBUG 2026-06-08 17:52:06 t_client.py:292 Received actions on device: cpu
DEBUG 2026-06-08 17:52:06 t_client.py:302 Actions kept on device: cpu
DEBUG 2026-06-08 17:52:06 t_client.py:477 Control loop (ms): 2.40
DEBUG 2026-06-08 17:52:06 follower.py:184 follower_right SOFollower read state: 2.1ms
DEBUG 2026-06-08 17:52:06 follower.py:191 follower_right SOFollower read wrist: 0.0ms
DEBUG 2026-06-08 17:52:06 follower.py:184 follower_left SOFollower read state: 2.0ms
DEBUG 2026-06-08 17:52:06 follower.py:191 follower_left SOFollower read wrist: 0.1ms
DEBUG 2026-06-08 17:52:06 t_client.py:198 Observation serialization time: 0.011566s
DEBUG 2026-06-08 17:52:06 ort/utils.py:54 [CLIENT] Observation Buffer size 4.395498275756836 MB with
DEBUG 2026-06-08 17:52:07 ort/utils.py:69 [CLIENT] Observation Sent 2097152/4609014 bytes with state 1
DEBUG 2026-06-08 17:52:07 ort/utils.py:69 [CLIENT] Observation Sent 4194304/4609014 bytes with state 2
DEBUG 2026-06-08 17:52:07 ort/utils.py:69 [CLIENT] Observation Sent 4609014/4609014 bytes with state 3
DEBUG 2026-06-08 17:52:07 ort/utils.py:71 [CLIENT] Observation Published 4.395498275756836 MB
DEBUG 2026-06-08 17:52:07 t_client.py:209 Sent observation #1109 | 
DEBUG 2026-06-08 17:52:07 t_client.py:434 QUEUE SIZE: 8 (Must go: False)
DEBUG 2026-06-08 17:52:07 t_client.py:477 Control loop (ms): 268.19
DEBUG 2026-06-08 17:52:07 follower.py:184 follower_right SOFollower read state: 2.0ms
DEBUG 2026-06-08 17:52:07 follower.py:191 follower_right SOFollower read wrist: 0.0ms
DEBUG 2026-06-08 17:52:07 follower.py:184 follower_left SOFollower read state: 1.8ms
DEBUG 2026-06-08 17:52:07 follower.py:191 follower_left SOFollower read wrist: 0.0ms
DEBUG 2026-06-08 17:52:07 t_client.py:198 Observation serialization time: 0.005125s
DEBUG 2026-06-08 17:52:07 ort/utils.py:54 [CLIENT] Observation Buffer size 4.395498275756836 MB with
DEBUG 2026-06-08 17:52:07 ort/utils.py:69 [CLIENT] Observation Sent 2097152/4609014 bytes with state 1
DEBUG 2026-06-08 17:52:07 ort/utils.py:69 [CLIENT] Observation Sent 4194304/4609014 bytes with state 2
DEBUG 2026-06-08 17:52:07 t_client.py:292 Received actions on device: cpu
DEBUG 2026-06-08 17:52:07 t_client.py:302 Actions kept on device: cpu
DEBUG 2026-06-08 17:52:07 ort/utils.py:69 [CLIENT] Observation Sent 4609014/4609014 bytes with state 3
DEBUG 2026-06-08 17:52:07 ort/utils.py:71 [CLIENT] Observation Published 4.395498275756836 MB
DEBUG 2026-06-08 17:52:07 t_client.py:209 Sent observation #1110 | 
DEBUG 2026-06-08 17:52:07 t_client.py:434 QUEUE SIZE: 7 (Must go: False)
DEBUG 2026-06-08 17:52:07 t_client.py:477 Control loop (ms): 243.93
DEBUG 2026-06-08 17:52:07 t_client.py:477 Control loop (ms): 2.69
DEBUG 2026-06-08 17:52:07 t_client.py:477 Control loop (ms): 2.03
DEBUG 2026-06-08 17:52:07 t_client.py:477 Control loop (ms): 1.18
DEBUG 2026-06-08 17:52:07 t_client.py:292 Received actions on device: cpu
DEBUG 2026-06-08 17:52:07 t_client.py:302 Actions kept on device: cpu
DEBUG 2026-06-08 17:52:07 t_client.py:477 Control loop (ms): 1.68
DEBUG 2026-06-08 17:52:07 t_client.py:477 Control loop (ms): 2.17
DEBUG 2026-06-08 17:52:07 t_client.py:477 Control loop (ms): 1.31
DEBUG 2026-06-08 17:52:07 t_client.py:477 Control loop (ms): 1.25
DEBUG 2026-06-08 17:52:07 follower.py:184 follower_right SOFollower read state: 2.1ms
DEBUG 2026-06-08 17:52:07 follower.py:191 follower_right SOFollower read wrist: 0.0ms
DEBUG 2026-06-08 17:52:07 follower.py:184 follower_left SOFollower read state: 2.0ms
DEBUG 2026-06-08 17:52:07 follower.py:191 follower_left SOFollower read wrist: 0.0ms
DEBUG 2026-06-08 17:52:07 t_client.py:198 Observation serialization time: 0.009459s
DEBUG 2026-06-08 17:52:07 ort/utils.py:54 [CLIENT] Observation Buffer size 4.395498275756836 MB with
DEBUG 2026-06-08 17:52:07 ort/utils.py:69 [CLIENT] Observation Sent 2097152/4609014 bytes with state 1
DEBUG 2026-06-08 17:52:07 ort/utils.py:69 [CLIENT] Observation Sent 4194304/4609014 bytes with state 2
DEBUG 2026-06-08 17:52:07 ort/utils.py:69 [CLIENT] Observation Sent 4609014/4609014 bytes with state 3
DEBUG 2026-06-08 17:52:07 ort/utils.py:71 [CLIENT] Observation Published 4.395498275756836 MB
DEBUG 2026-06-08 17:52:07 t_client.py:209 Sent observation #1117 | 
DEBUG 2026-06-08 17:52:07 t_client.py:434 QUEUE SIZE: 8 (Must go: False)
DEBUG 2026-06-08 17:52:07 t_client.py:477 Control loop (ms): 268.07
DEBUG 2026-06-08 17:52:07 follower.py:184 follower_right SOFollower read state: 2.2ms
DEBUG 2026-06-08 17:52:07 follower.py:191 follower_right SOFollower read wrist: 0.0ms
DEBUG 2026-06-08 17:52:07 follower.py:184 follower_left SOFollower read state: 2.0ms
DEBUG 2026-06-08 17:52:07 follower.py:191 follower_left SOFollower read wrist: 0.0ms
DEBUG 2026-06-08 17:52:08 t_client.py:198 Observation serialization time: 0.008913s
DEBUG 2026-06-08 17:52:08 ort/utils.py:54 [CLIENT] Observation Buffer size 4.395498275756836 MB with
DEBUG 2026-06-08 17:52:08 ort/utils.py:69 [CLIENT] Observation Sent 2097152/4609014 bytes with state 1
DEBUG 2026-06-08 17:52:08 ort/utils.py:69 [CLIENT] Observation Sent 4194304/4609014 bytes with state 2
DEBUG 2026-06-08 17:52:08 ort/utils.py:69 [CLIENT] Observation Sent 4609014/4609014 bytes with state 3
DEBUG 2026-06-08 17:52:08 ort/utils.py:71 [CLIENT] Observation Published 4.395498275756836 MB
DEBUG 2026-06-08 17:52:08 t_client.py:292 Received actions on device: cpu
DEBUG 2026-06-08 17:52:08 t_client.py:302 Actions kept on device: cpu
DEBUG 2026-06-08 17:52:08 t_client.py:209 Sent observation #1118 | 
DEBUG 2026-06-08 17:52:08 t_client.py:434 QUEUE SIZE: 7 (Must go: False)
DEBUG 2026-06-08 17:52:08 t_client.py:477 Control loop (ms): 346.58
DEBUG 2026-06-08 17:52:08 t_client.py:477 Control loop (ms): 1.67
DEBUG 2026-06-08 17:52:08 t_client.py:477 Control loop (ms): 1.85
DEBUG 2026-06-08 17:52:08 t_client.py:477 Control loop (ms): 2.66
DEBUG 2026-06-08 17:52:08 t_client.py:292 Received actions on device: cpu
DEBUG 2026-06-08 17:52:08 t_client.py:302 Actions kept on device: cpu
DEBUG 2026-06-08 17:52:08 t_client.py:477 Control loop (ms): 1.88
DEBUG 2026-06-08 17:52:08 t_client.py:477 Control loop (ms): 1.41
DEBUG 2026-06-08 17:52:08 t_client.py:477 Control loop (ms): 3.38
DEBUG 2026-06-08 17:52:08 t_client.py:477 Control loop (ms): 3.12
DEBUG 2026-06-08 17:52:08 follower.py:184 follower_right SOFollower read state: 2.3ms
DEBUG 2026-06-08 17:52:08 follower.py:191 follower_right SOFollower read wrist: 0.0ms
DEBUG 2026-06-08 17:52:08 follower.py:184 follower_left SOFollower read state: 2.2ms
DEBUG 2026-06-08 17:52:08 follower.py:191 follower_left SOFollower read wrist: 0.0ms
DEBUG 2026-06-08 17:52:08 t_client.py:198 Observation serialization time: 0.009770s
DEBUG 2026-06-08 17:52:08 ort/utils.py:54 [CLIENT] Observation Buffer size 4.395498275756836 MB with
DEBUG 2026-06-08 17:52:08 ort/utils.py:69 [CLIENT] Observation Sent 2097152/4609014 bytes with state 1
DEBUG 2026-06-08 17:52:08 ort/utils.py:69 [CLIENT] Observation Sent 4194304/4609014 bytes with state 2
DEBUG 2026-06-08 17:52:08 ort/utils.py:69 [CLIENT] Observation Sent 4609014/4609014 bytes with state 3
DEBUG 2026-06-08 17:52:08 ort/utils.py:71 [CLIENT] Observation Published 4.395498275756836 MB
DEBUG 2026-06-08 17:52:08 t_client.py:209 Sent observation #1125 | 
DEBUG 2026-06-08 17:52:08 t_client.py:434 QUEUE SIZE: 8 (Must go: False)
DEBUG 2026-06-08 17:52:08 t_client.py:477 Control loop (ms): 281.94
DEBUG 2026-06-08 17:52:08 follower.py:184 follower_right SOFollower read state: 2.1ms
DEBUG 2026-06-08 17:52:08 follower.py:191 follower_right SOFollower read wrist: 0.0ms
DEBUG 2026-06-08 17:52:08 follower.py:184 follower_left SOFollower read state: 1.8ms
DEBUG 2026-06-08 17:52:08 follower.py:191 follower_left SOFollower read wrist: 0.0ms
DEBUG 2026-06-08 17:52:08 t_client.py:198 Observation serialization time: 0.004781s
DEBUG 2026-06-08 17:52:08 ort/utils.py:54 [CLIENT] Observation Buffer size 4.395498275756836 MB with
DEBUG 2026-06-08 17:52:08 ort/utils.py:69 [CLIENT] Observation Sent 2097152/4609014 bytes with state 1
DEBUG 2026-06-08 17:52:09 ort/utils.py:69 [CLIENT] Observation Sent 4194304/4609014 bytes with state 2
DEBUG 2026-06-08 17:52:09 ort/utils.py:69 [CLIENT] Observation Sent 4609014/4609014 bytes with state 3
DEBUG 2026-06-08 17:52:09 ort/utils.py:71 [CLIENT] Observation Published 4.395498275756836 MB
DEBUG 2026-06-08 17:52:09 t_client.py:292 Received actions on device: cpu
DEBUG 2026-06-08 17:52:09 t_client.py:302 Actions kept on device: cpu
DEBUG 2026-06-08 17:52:09 t_client.py:209 Sent observation #1126 | 
DEBUG 2026-06-08 17:52:09 t_client.py:434 QUEUE SIZE: 7 (Must go: False)
DEBUG 2026-06-08 17:52:09 t_client.py:477 Control loop (ms): 409.91
DEBUG 2026-06-08 17:52:09 t_client.py:477 Control loop (ms): 2.91
DEBUG 2026-06-08 17:52:09 t_client.py:477 Control loop (ms): 2.71
DEBUG 2026-06-08 17:52:09 t_client.py:477 Control loop (ms): 1.36
DEBUG 2026-06-08 17:52:09 t_client.py:292 Received actions on device: cpu
DEBUG 2026-06-08 17:52:09 t_client.py:302 Actions kept on device: cpu
DEBUG 2026-06-08 17:52:09 t_client.py:477 Control loop (ms): 1.64
DEBUG 2026-06-08 17:52:09 t_client.py:477 Control loop (ms): 2.00
DEBUG 2026-06-08 17:52:09 t_client.py:477 Control loop (ms): 1.32
DEBUG 2026-06-08 17:52:09 follower.py:184 follower_right SOFollower read state: 1.8ms
DEBUG 2026-06-08 17:52:09 follower.py:191 follower_right SOFollower read wrist: 0.0ms
DEBUG 2026-06-08 17:52:09 follower.py:184 follower_left SOFollower read state: 1.6ms
DEBUG 2026-06-08 17:52:09 follower.py:191 follower_left SOFollower read wrist: 0.0ms
DEBUG 2026-06-08 17:52:09 t_client.py:198 Observation serialization time: 0.007163s
DEBUG 2026-06-08 17:52:09 ort/utils.py:54 [CLIENT] Observation Buffer size 4.395498275756836 MB with
DEBUG 2026-06-08 17:52:09 ort/utils.py:69 [CLIENT] Observation Sent 2097152/4609014 bytes with state 1
DEBUG 2026-06-08 17:52:09 ort/utils.py:69 [CLIENT] Observation Sent 4194304/4609014 bytes with state 2
DEBUG 2026-06-08 17:52:09 ort/utils.py:69 [CLIENT] Observation Sent 4609014/4609014 bytes with state 3
DEBUG 2026-06-08 17:52:09 ort/utils.py:71 [CLIENT] Observation Published 4.395498275756836 MB
DEBUG 2026-06-08 17:52:09 t_client.py:209 Sent observation #1133 | 
DEBUG 2026-06-08 17:52:09 t_client.py:434 QUEUE SIZE: 8 (Must go: False)
DEBUG 2026-06-08 17:52:09 t_client.py:477 Control loop (ms): 301.96
DEBUG 2026-06-08 17:52:09 follower.py:184 follower_right SOFollower read state: 2.3ms
DEBUG 2026-06-08 17:52:09 follower.py:191 follower_right SOFollower read wrist: 0.0ms
DEBUG 2026-06-08 17:52:09 follower.py:184 follower_left SOFollower read state: 1.9ms
DEBUG 2026-06-08 17:52:09 follower.py:191 follower_left SOFollower read wrist: 0.0ms
DEBUG 2026-06-08 17:52:09 t_client.py:198 Observation serialization time: 0.009598s
DEBUG 2026-06-08 17:52:09 ort/utils.py:54 [CLIENT] Observation Buffer size 4.395498275756836 MB with
DEBUG 2026-06-08 17:52:09 ort/utils.py:69 [CLIENT] Observation Sent 2097152/4609014 bytes with state 1
DEBUG 2026-06-08 17:52:09 ort/utils.py:69 [CLIENT] Observation Sent 4194304/4609014 bytes with state 2
DEBUG 2026-06-08 17:52:09 ort/utils.py:69 [CLIENT] Observation Sent 4609014/4609014 bytes with state 3
DEBUG 2026-06-08 17:52:09 ort/utils.py:71 [CLIENT] Observation Published 4.395498275756836 MB
DEBUG 2026-06-08 17:52:10 t_client.py:292 Received actions on device: cpu
DEBUG 2026-06-08 17:52:10 t_client.py:302 Actions kept on device: cpu
DEBUG 2026-06-08 17:52:10 t_client.py:209 Sent observation #1134 | 
DEBUG 2026-06-08 17:52:10 t_client.py:434 QUEUE SIZE: 7 (Must go: False)
DEBUG 2026-06-08 17:52:10 t_client.py:477 Control loop (ms): 286.77
DEBUG 2026-06-08 17:52:10 t_client.py:477 Control loop (ms): 1.70
DEBUG 2026-06-08 17:52:10 t_client.py:477 Control loop (ms): 1.38
DEBUG 2026-06-08 17:52:10 t_client.py:477 Control loop (ms): 1.72
DEBUG 2026-06-08 17:52:10 t_client.py:292 Received actions on device: cpu
DEBUG 2026-06-08 17:52:10 t_client.py:302 Actions kept on device: cpu
DEBUG 2026-06-08 17:52:10 t_client.py:477 Control loop (ms): 1.23
DEBUG 2026-06-08 17:52:10 t_client.py:477 Control loop (ms): 2.43
DEBUG 2026-06-08 17:52:10 t_client.py:477 Control loop (ms): 1.93
DEBUG 2026-06-08 17:52:10 follower.py:184 follower_right SOFollower read state: 2.4ms
DEBUG 2026-06-08 17:52:10 follower.py:191 follower_right SOFollower read wrist: 0.0ms
DEBUG 2026-06-08 17:52:10 follower.py:184 follower_left SOFollower read state: 2.3ms
DEBUG 2026-06-08 17:52:10 follower.py:191 follower_left SOFollower read wrist: 0.1ms
DEBUG 2026-06-08 17:52:10 t_client.py:198 Observation serialization time: 0.011289s
DEBUG 2026-06-08 17:52:10 ort/utils.py:54 [CLIENT] Observation Buffer size 4.395498275756836 MB with
DEBUG 2026-06-08 17:52:10 ort/utils.py:69 [CLIENT] Observation Sent 2097152/4609014 bytes with state 1
DEBUG 2026-06-08 17:52:10 ort/utils.py:69 [CLIENT] Observation Sent 4194304/4609014 bytes with state 2
DEBUG 2026-06-08 17:52:10 ort/utils.py:69 [CLIENT] Observation Sent 4609014/4609014 bytes with state 3
DEBUG 2026-06-08 17:52:10 ort/utils.py:71 [CLIENT] Observation Published 4.395498275756836 MB
DEBUG 2026-06-08 17:52:10 t_client.py:209 Sent observation #1141 | 
DEBUG 2026-06-08 17:52:10 t_client.py:434 QUEUE SIZE: 8 (Must go: False)
DEBUG 2026-06-08 17:52:10 t_client.py:477 Control loop (ms): 268.01
DEBUG 2026-06-08 17:52:10 follower.py:184 follower_right SOFollower read state: 2.0ms
DEBUG 2026-06-08 17:52:10 follower.py:191 follower_right SOFollower read wrist: 0.0ms
DEBUG 2026-06-08 17:52:10 follower.py:184 follower_left SOFollower read state: 2.0ms
DEBUG 2026-06-08 17:52:10 follower.py:191 follower_left SOFollower read wrist: 0.0ms
DEBUG 2026-06-08 17:52:10 t_client.py:198 Observation serialization time: 0.012059s
DEBUG 2026-06-08 17:52:10 ort/utils.py:54 [CLIENT] Observation Buffer size 4.395498275756836 MB with
DEBUG 2026-06-08 17:52:10 ort/utils.py:69 [CLIENT] Observation Sent 2097152/4609014 bytes with state 1
DEBUG 2026-06-08 17:52:10 ort/utils.py:69 [CLIENT] Observation Sent 4194304/4609014 bytes with state 2
DEBUG 2026-06-08 17:52:10 ort/utils.py:69 [CLIENT] Observation Sent 4609014/4609014 bytes with state 3
DEBUG 2026-06-08 17:52:10 ort/utils.py:71 [CLIENT] Observation Published 4.395498275756836 MB
DEBUG 2026-06-08 17:52:10 t_client.py:292 Received actions on device: cpu
DEBUG 2026-06-08 17:52:10 t_client.py:302 Actions kept on device: cpu
DEBUG 2026-06-08 17:52:10 t_client.py:209 Sent observation #1142 | 
DEBUG 2026-06-08 17:52:10 t_client.py:434 QUEUE SIZE: 7 (Must go: False)
DEBUG 2026-06-08 17:52:10 t_client.py:477 Control loop (ms): 460.94
DEBUG 2026-06-08 17:52:10 t_client.py:477 Control loop (ms): 2.77
DEBUG 2026-06-08 17:52:11 t_client.py:477 Control loop (ms): 2.47
DEBUG 2026-06-08 17:52:11 t_client.py:477 Control loop (ms): 3.41
DEBUG 2026-06-08 17:52:11 t_client.py:292 Received actions on device: cpu
DEBUG 2026-06-08 17:52:11 t_client.py:302 Actions kept on device: cpu
DEBUG 2026-06-08 17:52:11 t_client.py:477 Control loop (ms): 1.12
DEBUG 2026-06-08 17:52:11 t_client.py:477 Control loop (ms): 1.96
DEBUG 2026-06-08 17:52:11 t_client.py:477 Control loop (ms): 2.54
DEBUG 2026-06-08 17:52:11 follower.py:184 follower_right SOFollower read state: 2.1ms
DEBUG 2026-06-08 17:52:11 follower.py:191 follower_right SOFollower read wrist: 0.0ms
DEBUG 2026-06-08 17:52:11 follower.py:184 follower_left SOFollower read state: 2.1ms
DEBUG 2026-06-08 17:52:11 follower.py:191 follower_left SOFollower read wrist: 0.0ms
DEBUG 2026-06-08 17:52:11 t_client.py:198 Observation serialization time: 0.006988s
DEBUG 2026-06-08 17:52:11 ort/utils.py:54 [CLIENT] Observation Buffer size 4.395498275756836 MB with
DEBUG 2026-06-08 17:52:11 ort/utils.py:69 [CLIENT] Observation Sent 2097152/4609014 bytes with state 1
DEBUG 2026-06-08 17:52:11 ort/utils.py:69 [CLIENT] Observation Sent 4194304/4609014 bytes with state 2
DEBUG 2026-06-08 17:52:11 ort/utils.py:69 [CLIENT] Observation Sent 4609014/4609014 bytes with state 3
DEBUG 2026-06-08 17:52:11 ort/utils.py:71 [CLIENT] Observation Published 4.395498275756836 MB
DEBUG 2026-06-08 17:52:11 t_client.py:209 Sent observation #1149 | 
DEBUG 2026-06-08 17:52:11 t_client.py:434 QUEUE SIZE: 8 (Must go: False)
DEBUG 2026-06-08 17:52:11 t_client.py:477 Control loop (ms): 362.62
DEBUG 2026-06-08 17:52:11 follower.py:184 follower_right SOFollower read state: 1.9ms
DEBUG 2026-06-08 17:52:11 follower.py:191 follower_right SOFollower read wrist: 0.1ms
DEBUG 2026-06-08 17:52:11 follower.py:184 follower_left SOFollower read state: 1.9ms
DEBUG 2026-06-08 17:52:11 follower.py:191 follower_left SOFollower read wrist: 0.0ms
DEBUG 2026-06-08 17:52:11 t_client.py:198 Observation serialization time: 0.007143s
DEBUG 2026-06-08 17:52:11 ort/utils.py:54 [CLIENT] Observation Buffer size 4.395498275756836 MB with
DEBUG 2026-06-08 17:52:11 ort/utils.py:69 [CLIENT] Observation Sent 2097152/4609014 bytes with state 1
DEBUG 2026-06-08 17:52:11 ort/utils.py:69 [CLIENT] Observation Sent 4194304/4609014 bytes with state 2
DEBUG 2026-06-08 17:52:11 ort/utils.py:69 [CLIENT] Observation Sent 4609014/4609014 bytes with state 3
DEBUG 2026-06-08 17:52:11 ort/utils.py:71 [CLIENT] Observation Published 4.395498275756836 MB
DEBUG 2026-06-08 17:52:11 t_client.py:292 Received actions on device: cpu
DEBUG 2026-06-08 17:52:11 t_client.py:302 Actions kept on device: cpu
DEBUG 2026-06-08 17:52:11 t_client.py:209 Sent observation #1150 | 
DEBUG 2026-06-08 17:52:11 t_client.py:434 QUEUE SIZE: 7 (Must go: False)
DEBUG 2026-06-08 17:52:11 t_client.py:477 Control loop (ms): 316.17
DEBUG 2026-06-08 17:52:11 t_client.py:477 Control loop (ms): 2.13
DEBUG 2026-06-08 17:52:11 t_client.py:477 Control loop (ms): 2.31
DEBUG 2026-06-08 17:52:11 t_client.py:477 Control loop (ms): 2.87
DEBUG 2026-06-08 17:52:11 t_client.py:477 Control loop (ms): 2.51
DEBUG 2026-06-08 17:52:11 t_client.py:292 Received actions on device: cpu
DEBUG 2026-06-08 17:52:11 t_client.py:302 Actions kept on device: cpu
DEBUG 2026-06-08 17:52:12 t_client.py:477 Control loop (ms): 2.21
DEBUG 2026-06-08 17:52:12 t_client.py:477 Control loop (ms): 1.47
DEBUG 2026-06-08 17:52:12 follower.py:184 follower_right SOFollower read state: 2.2ms
DEBUG 2026-06-08 17:52:12 follower.py:191 follower_right SOFollower read wrist: 0.1ms
DEBUG 2026-06-08 17:52:12 follower.py:184 follower_left SOFollower read state: 1.9ms
DEBUG 2026-06-08 17:52:12 follower.py:191 follower_left SOFollower read wrist: 0.0ms
DEBUG 2026-06-08 17:52:12 t_client.py:198 Observation serialization time: 0.011703s
DEBUG 2026-06-08 17:52:12 ort/utils.py:54 [CLIENT] Observation Buffer size 4.395498275756836 MB with
DEBUG 2026-06-08 17:52:12 ort/utils.py:69 [CLIENT] Observation Sent 2097152/4609014 bytes with state 1
DEBUG 2026-06-08 17:52:12 ort/utils.py:69 [CLIENT] Observation Sent 4194304/4609014 bytes with state 2
DEBUG 2026-06-08 17:52:12 ort/utils.py:69 [CLIENT] Observation Sent 4609014/4609014 bytes with state 3
DEBUG 2026-06-08 17:52:12 ort/utils.py:71 [CLIENT] Observation Published 4.395498275756836 MB
DEBUG 2026-06-08 17:52:12 t_client.py:209 Sent observation #1157 | 
DEBUG 2026-06-08 17:52:12 t_client.py:434 QUEUE SIZE: 8 (Must go: False)
DEBUG 2026-06-08 17:52:12 t_client.py:477 Control loop (ms): 556.29
DEBUG 2026-06-08 17:52:12 follower.py:184 follower_right SOFollower read state: 1.8ms
DEBUG 2026-06-08 17:52:12 follower.py:191 follower_right SOFollower read wrist: 0.0ms
DEBUG 2026-06-08 17:52:12 follower.py:184 follower_left SOFollower read state: 2.5ms
DEBUG 2026-06-08 17:52:12 follower.py:191 follower_left SOFollower read wrist: 0.0ms
DEBUG 2026-06-08 17:52:12 t_client.py:198 Observation serialization time: 0.009267s
DEBUG 2026-06-08 17:52:12 ort/utils.py:54 [CLIENT] Observation Buffer size 4.395498275756836 MB with
DEBUG 2026-06-08 17:52:12 ort/utils.py:69 [CLIENT] Observation Sent 2097152/4609014 bytes with state 1
DEBUG 2026-06-08 17:52:12 ort/utils.py:69 [CLIENT] Observation Sent 4194304/4609014 bytes with state 2
DEBUG 2026-06-08 17:52:12 ort/utils.py:69 [CLIENT] Observation Sent 4609014/4609014 bytes with state 3
DEBUG 2026-06-08 17:52:12 ort/utils.py:71 [CLIENT] Observation Published 4.395498275756836 MB
DEBUG 2026-06-08 17:52:12 t_client.py:292 Received actions on device: cpu
DEBUG 2026-06-08 17:52:12 t_client.py:302 Actions kept on device: cpu
DEBUG 2026-06-08 17:52:13 t_client.py:209 Sent observation #1158 | 
DEBUG 2026-06-08 17:52:13 t_client.py:434 QUEUE SIZE: 7 (Must go: False)
DEBUG 2026-06-08 17:52:13 t_client.py:477 Control loop (ms): 438.47
DEBUG 2026-06-08 17:52:13 t_client.py:477 Control loop (ms): 2.25
DEBUG 2026-06-08 17:52:13 t_client.py:477 Control loop (ms): 1.67
DEBUG 2026-06-08 17:52:13 t_client.py:477 Control loop (ms): 1.33
DEBUG 2026-06-08 17:52:13 t_client.py:292 Received actions on device: cpu
DEBUG 2026-06-08 17:52:13 t_client.py:302 Actions kept on device: cpu
DEBUG 2026-06-08 17:52:13 t_client.py:477 Control loop (ms): 1.50
DEBUG 2026-06-08 17:52:13 t_client.py:477 Control loop (ms): 1.40
DEBUG 2026-06-08 17:52:13 t_client.py:477 Control loop (ms): 1.30
DEBUG 2026-06-08 17:52:13 follower.py:184 follower_right SOFollower read state: 2.0ms
DEBUG 2026-06-08 17:52:13 follower.py:191 follower_right SOFollower read wrist: 0.0ms
DEBUG 2026-06-08 17:52:13 follower.py:184 follower_left SOFollower read state: 1.9ms
DEBUG 2026-06-08 17:52:13 follower.py:191 follower_left SOFollower read wrist: 0.0ms
DEBUG 2026-06-08 17:52:13 t_client.py:198 Observation serialization time: 0.011176s
DEBUG 2026-06-08 17:52:13 ort/utils.py:54 [CLIENT] Observation Buffer size 4.395498275756836 MB with
DEBUG 2026-06-08 17:52:13 ort/utils.py:69 [CLIENT] Observation Sent 2097152/4609014 bytes with state 1
DEBUG 2026-06-08 17:52:13 ort/utils.py:69 [CLIENT] Observation Sent 4194304/4609014 bytes with state 2
DEBUG 2026-06-08 17:52:13 ort/utils.py:69 [CLIENT] Observation Sent 4609014/4609014 bytes with state 3
DEBUG 2026-06-08 17:52:13 ort/utils.py:71 [CLIENT] Observation Published 4.395498275756836 MB
DEBUG 2026-06-08 17:52:13 t_client.py:209 Sent observation #1165 | 
DEBUG 2026-06-08 17:52:13 t_client.py:434 QUEUE SIZE: 8 (Must go: False)
DEBUG 2026-06-08 17:52:13 t_client.py:477 Control loop (ms): 279.77
DEBUG 2026-06-08 17:52:13 follower.py:184 follower_right SOFollower read state: 1.9ms
DEBUG 2026-06-08 17:52:13 follower.py:191 follower_right SOFollower read wrist: 0.0ms
DEBUG 2026-06-08 17:52:13 follower.py:184 follower_left SOFollower read state: 2.0ms
DEBUG 2026-06-08 17:52:13 follower.py:191 follower_left SOFollower read wrist: 0.0ms
DEBUG 2026-06-08 17:52:13 t_client.py:198 Observation serialization time: 0.011346s
DEBUG 2026-06-08 17:52:13 ort/utils.py:54 [CLIENT] Observation Buffer size 4.395498275756836 MB with
DEBUG 2026-06-08 17:52:13 ort/utils.py:69 [CLIENT] Observation Sent 2097152/4609014 bytes with state 1
DEBUG 2026-06-08 17:52:13 ort/utils.py:69 [CLIENT] Observation Sent 4194304/4609014 bytes with state 2
DEBUG 2026-06-08 17:52:13 ort/utils.py:69 [CLIENT] Observation Sent 4609014/4609014 bytes with state 3
DEBUG 2026-06-08 17:52:13 ort/utils.py:71 [CLIENT] Observation Published 4.395498275756836 MB
DEBUG 2026-06-08 17:52:13 t_client.py:292 Received actions on device: cpu
DEBUG 2026-06-08 17:52:13 t_client.py:302 Actions kept on device: cpu
DEBUG 2026-06-08 17:52:13 t_client.py:209 Sent observation #1166 | 
DEBUG 2026-06-08 17:52:13 t_client.py:434 QUEUE SIZE: 7 (Must go: False)
DEBUG 2026-06-08 17:52:13 t_client.py:477 Control loop (ms): 307.31
DEBUG 2026-06-08 17:52:13 t_client.py:477 Control loop (ms): 0.47
DEBUG 2026-06-08 17:52:13 t_client.py:477 Control loop (ms): 1.56
DEBUG 2026-06-08 17:52:13 t_client.py:477 Control loop (ms): 1.65
DEBUG 2026-06-08 17:52:13 t_client.py:292 Received actions on device: cpu
DEBUG 2026-06-08 17:52:13 t_client.py:302 Actions kept on device: cpu
DEBUG 2026-06-08 17:52:13 t_client.py:477 Control loop (ms): 0.98
DEBUG 2026-06-08 17:52:13 t_client.py:477 Control loop (ms): 1.36
DEBUG 2026-06-08 17:52:14 t_client.py:477 Control loop (ms): 1.23
DEBUG 2026-06-08 17:52:14 follower.py:184 follower_right SOFollower read state: 2.3ms
DEBUG 2026-06-08 17:52:14 follower.py:191 follower_right SOFollower read wrist: 0.0ms
DEBUG 2026-06-08 17:52:14 follower.py:184 follower_left SOFollower read state: 1.9ms
DEBUG 2026-06-08 17:52:14 follower.py:191 follower_left SOFollower read wrist: 0.0ms
DEBUG 2026-06-08 17:52:14 t_client.py:198 Observation serialization time: 0.007956s
DEBUG 2026-06-08 17:52:14 ort/utils.py:54 [CLIENT] Observation Buffer size 4.395498275756836 MB with
DEBUG 2026-06-08 17:52:14 ort/utils.py:69 [CLIENT] Observation Sent 2097152/4609014 bytes with state 1
DEBUG 2026-06-08 17:52:14 ort/utils.py:69 [CLIENT] Observation Sent 4194304/4609014 bytes with state 2
DEBUG 2026-06-08 17:52:14 ort/utils.py:69 [CLIENT] Observation Sent 4609014/4609014 bytes with state 3
DEBUG 2026-06-08 17:52:14 ort/utils.py:71 [CLIENT] Observation Published 4.395498275756836 MB
DEBUG 2026-06-08 17:52:14 t_client.py:209 Sent observation #1173 | 
DEBUG 2026-06-08 17:52:14 t_client.py:434 QUEUE SIZE: 8 (Must go: False)
DEBUG 2026-06-08 17:52:14 t_client.py:477 Control loop (ms): 303.60
DEBUG 2026-06-08 17:52:14 follower.py:184 follower_right SOFollower read state: 2.0ms
DEBUG 2026-06-08 17:52:14 follower.py:191 follower_right SOFollower read wrist: 0.0ms
DEBUG 2026-06-08 17:52:14 follower.py:184 follower_left SOFollower read state: 1.9ms
DEBUG 2026-06-08 17:52:14 follower.py:191 follower_left SOFollower read wrist: 0.0ms
DEBUG 2026-06-08 17:52:14 t_client.py:198 Observation serialization time: 0.006592s
DEBUG 2026-06-08 17:52:14 ort/utils.py:54 [CLIENT] Observation Buffer size 4.395498275756836 MB with
DEBUG 2026-06-08 17:52:14 ort/utils.py:69 [CLIENT] Observation Sent 2097152/4609014 bytes with state 1
DEBUG 2026-06-08 17:52:14 ort/utils.py:69 [CLIENT] Observation Sent 4194304/4609014 bytes with state 2
DEBUG 2026-06-08 17:52:14 ort/utils.py:69 [CLIENT] Observation Sent 4609014/4609014 bytes with state 3
DEBUG 2026-06-08 17:52:14 ort/utils.py:71 [CLIENT] Observation Published 4.395498275756836 MB
DEBUG 2026-06-08 17:52:14 t_client.py:292 Received actions on device: cpu
DEBUG 2026-06-08 17:52:14 t_client.py:302 Actions kept on device: cpu
DEBUG 2026-06-08 17:52:14 t_client.py:209 Sent observation #1174 | 
DEBUG 2026-06-08 17:52:14 t_client.py:434 QUEUE SIZE: 7 (Must go: False)
DEBUG 2026-06-08 17:52:14 t_client.py:477 Control loop (ms): 259.12
DEBUG 2026-06-08 17:52:14 t_client.py:477 Control loop (ms): 1.42
DEBUG 2026-06-08 17:52:14 t_client.py:477 Control loop (ms): 2.14
DEBUG 2026-06-08 17:52:14 t_client.py:477 Control loop (ms): 2.82
DEBUG 2026-06-08 17:52:14 t_client.py:292 Received actions on device: cpu
DEBUG 2026-06-08 17:52:14 t_client.py:302 Actions kept on device: cpu
DEBUG 2026-06-08 17:52:14 t_client.py:477 Control loop (ms): 2.76
DEBUG 2026-06-08 17:52:14 t_client.py:477 Control loop (ms): 1.24
DEBUG 2026-06-08 17:52:14 t_client.py:477 Control loop (ms): 1.35
DEBUG 2026-06-08 17:52:14 follower.py:184 follower_right SOFollower read state: 1.6ms
DEBUG 2026-06-08 17:52:14 follower.py:191 follower_right SOFollower read wrist: 0.0ms
DEBUG 2026-06-08 17:52:14 follower.py:184 follower_left SOFollower read state: 1.8ms
DEBUG 2026-06-08 17:52:14 follower.py:191 follower_left SOFollower read wrist: 0.0ms
DEBUG 2026-06-08 17:52:14 t_client.py:198 Observation serialization time: 0.008640s
DEBUG 2026-06-08 17:52:14 ort/utils.py:54 [CLIENT] Observation Buffer size 4.395498275756836 MB with
DEBUG 2026-06-08 17:52:14 ort/utils.py:69 [CLIENT] Observation Sent 2097152/4609014 bytes with state 1
DEBUG 2026-06-08 17:52:15 ort/utils.py:69 [CLIENT] Observation Sent 4194304/4609014 bytes with state 2
DEBUG 2026-06-08 17:52:15 ort/utils.py:69 [CLIENT] Observation Sent 4609014/4609014 bytes with state 3
DEBUG 2026-06-08 17:52:15 ort/utils.py:71 [CLIENT] Observation Published 4.395498275756836 MB
DEBUG 2026-06-08 17:52:15 t_client.py:209 Sent observation #1181 | 
DEBUG 2026-06-08 17:52:15 t_client.py:434 QUEUE SIZE: 8 (Must go: False)
DEBUG 2026-06-08 17:52:15 t_client.py:477 Control loop (ms): 500.19
DEBUG 2026-06-08 17:52:15 follower.py:184 follower_right SOFollower read state: 2.1ms
DEBUG 2026-06-08 17:52:15 follower.py:191 follower_right SOFollower read wrist: 0.0ms
DEBUG 2026-06-08 17:52:15 follower.py:184 follower_left SOFollower read state: 2.0ms
DEBUG 2026-06-08 17:52:15 follower.py:191 follower_left SOFollower read wrist: 0.0ms
DEBUG 2026-06-08 17:52:15 t_client.py:198 Observation serialization time: 0.009610s
DEBUG 2026-06-08 17:52:15 ort/utils.py:54 [CLIENT] Observation Buffer size 4.395498275756836 MB with
DEBUG 2026-06-08 17:52:15 ort/utils.py:69 [CLIENT] Observation Sent 2097152/4609014 bytes with state 1
DEBUG 2026-06-08 17:52:15 ort/utils.py:69 [CLIENT] Observation Sent 4194304/4609014 bytes with state 2
DEBUG 2026-06-08 17:52:15 ort/utils.py:69 [CLIENT] Observation Sent 4609014/4609014 bytes with state 3
DEBUG 2026-06-08 17:52:15 ort/utils.py:71 [CLIENT] Observation Published 4.395498275756836 MB
DEBUG 2026-06-08 17:52:15 t_client.py:292 Received actions on device: cpu
DEBUG 2026-06-08 17:52:15 t_client.py:302 Actions kept on device: cpu
DEBUG 2026-06-08 17:52:15 t_client.py:209 Sent observation #1182 | 
DEBUG 2026-06-08 17:52:15 t_client.py:434 QUEUE SIZE: 7 (Must go: False)
DEBUG 2026-06-08 17:52:15 t_client.py:477 Control loop (ms): 292.04
DEBUG 2026-06-08 17:52:15 t_client.py:477 Control loop (ms): 2.68
DEBUG 2026-06-08 17:52:15 t_client.py:477 Control loop (ms): 2.75
DEBUG 2026-06-08 17:52:15 t_client.py:477 Control loop (ms): 1.99
DEBUG 2026-06-08 17:52:15 t_client.py:292 Received actions on device: cpu
DEBUG 2026-06-08 17:52:15 t_client.py:302 Actions kept on device: cpu
DEBUG 2026-06-08 17:52:15 t_client.py:477 Control loop (ms): 2.30
DEBUG 2026-06-08 17:52:15 t_client.py:477 Control loop (ms): 1.67
DEBUG 2026-06-08 17:52:15 t_client.py:477 Control loop (ms): 1.92
DEBUG 2026-06-08 17:52:15 t_client.py:477 Control loop (ms): 1.91
DEBUG 2026-06-08 17:52:15 follower.py:184 follower_right SOFollower read state: 2.2ms
DEBUG 2026-06-08 17:52:15 follower.py:191 follower_right SOFollower read wrist: 0.0ms
DEBUG 2026-06-08 17:52:15 follower.py:184 follower_left SOFollower read state: 1.9ms
DEBUG 2026-06-08 17:52:15 follower.py:191 follower_left SOFollower read wrist: 0.0ms
DEBUG 2026-06-08 17:52:15 t_client.py:198 Observation serialization time: 0.008485s
DEBUG 2026-06-08 17:52:15 ort/utils.py:54 [CLIENT] Observation Buffer size 4.395498275756836 MB with
DEBUG 2026-06-08 17:52:15 ort/utils.py:69 [CLIENT] Observation Sent 2097152/4609014 bytes with state 1
DEBUG 2026-06-08 17:52:16 ort/utils.py:69 [CLIENT] Observation Sent 4194304/4609014 bytes with state 2
DEBUG 2026-06-08 17:52:16 ort/utils.py:69 [CLIENT] Observation Sent 4609014/4609014 bytes with state 3
DEBUG 2026-06-08 17:52:16 ort/utils.py:71 [CLIENT] Observation Published 4.395498275756836 MB
DEBUG 2026-06-08 17:52:16 t_client.py:209 Sent observation #1189 | 
DEBUG 2026-06-08 17:52:16 t_client.py:434 QUEUE SIZE: 8 (Must go: False)
DEBUG 2026-06-08 17:52:16 t_client.py:477 Control loop (ms): 304.29
DEBUG 2026-06-08 17:52:16 follower.py:184 follower_right SOFollower read state: 2.0ms
DEBUG 2026-06-08 17:52:16 follower.py:191 follower_right SOFollower read wrist: 0.0ms
DEBUG 2026-06-08 17:52:16 follower.py:184 follower_left SOFollower read state: 2.0ms
DEBUG 2026-06-08 17:52:16 follower.py:191 follower_left SOFollower read wrist: 0.0ms
DEBUG 2026-06-08 17:52:16 t_client.py:198 Observation serialization time: 0.009225s
DEBUG 2026-06-08 17:52:16 ort/utils.py:54 [CLIENT] Observation Buffer size 4.395498275756836 MB with
DEBUG 2026-06-08 17:52:16 ort/utils.py:69 [CLIENT] Observation Sent 2097152/4609014 bytes with state 1
DEBUG 2026-06-08 17:52:16 ort/utils.py:69 [CLIENT] Observation Sent 4194304/4609014 bytes with state 2
DEBUG 2026-06-08 17:52:16 ort/utils.py:69 [CLIENT] Observation Sent 4609014/4609014 bytes with state 3
DEBUG 2026-06-08 17:52:16 ort/utils.py:71 [CLIENT] Observation Published 4.395498275756836 MB
DEBUG 2026-06-08 17:52:16 t_client.py:292 Received actions on device: cpu
DEBUG 2026-06-08 17:52:16 t_client.py:302 Actions kept on device: cpu
DEBUG 2026-06-08 17:52:16 t_client.py:209 Sent observation #1190 | 
DEBUG 2026-06-08 17:52:16 t_client.py:434 QUEUE SIZE: 7 (Must go: False)
DEBUG 2026-06-08 17:52:16 t_client.py:477 Control loop (ms): 599.24
DEBUG 2026-06-08 17:52:16 t_client.py:477 Control loop (ms): 2.71
DEBUG 2026-06-08 17:52:16 t_client.py:477 Control loop (ms): 2.72
DEBUG 2026-06-08 17:52:16 t_client.py:477 Control loop (ms): 2.47
DEBUG 2026-06-08 17:52:16 t_client.py:477 Control loop (ms): 2.42
DEBUG 2026-06-08 17:52:16 t_client.py:477 Control loop (ms): 2.88
DEBUG 2026-06-08 17:52:16 t_client.py:292 Received actions on device: cpu
DEBUG 2026-06-08 17:52:16 t_client.py:302 Actions kept on device: cpu
DEBUG 2026-06-08 17:52:16 t_client.py:477 Control loop (ms): 3.40
DEBUG 2026-06-08 17:52:16 follower.py:184 follower_right SOFollower read state: 2.3ms
DEBUG 2026-06-08 17:52:16 follower.py:191 follower_right SOFollower read wrist: 0.0ms
DEBUG 2026-06-08 17:52:16 follower.py:184 follower_left SOFollower read state: 2.0ms
DEBUG 2026-06-08 17:52:16 follower.py:191 follower_left SOFollower read wrist: 0.0ms
DEBUG 2026-06-08 17:52:16 t_client.py:198 Observation serialization time: 0.006381s
DEBUG 2026-06-08 17:52:16 ort/utils.py:54 [CLIENT] Observation Buffer size 4.395498275756836 MB with
DEBUG 2026-06-08 17:52:16 ort/utils.py:69 [CLIENT] Observation Sent 2097152/4609014 bytes with state 1
DEBUG 2026-06-08 17:52:17 ort/utils.py:69 [CLIENT] Observation Sent 4194304/4609014 bytes with state 2
DEBUG 2026-06-08 17:52:17 ort/utils.py:69 [CLIENT] Observation Sent 4609014/4609014 bytes with state 3
DEBUG 2026-06-08 17:52:17 ort/utils.py:71 [CLIENT] Observation Published 4.395498275756836 MB
DEBUG 2026-06-08 17:52:17 t_client.py:209 Sent observation #1197 | 
DEBUG 2026-06-08 17:52:17 t_client.py:434 QUEUE SIZE: 8 (Must go: False)
DEBUG 2026-06-08 17:52:17 t_client.py:477 Control loop (ms): 434.62
DEBUG 2026-06-08 17:52:17 follower.py:184 follower_right SOFollower read state: 2.1ms
DEBUG 2026-06-08 17:52:17 follower.py:191 follower_right SOFollower read wrist: 0.0ms
DEBUG 2026-06-08 17:52:17 follower.py:184 follower_left SOFollower read state: 1.8ms
DEBUG 2026-06-08 17:52:17 follower.py:191 follower_left SOFollower read wrist: 0.0ms
DEBUG 2026-06-08 17:52:17 t_client.py:198 Observation serialization time: 0.006406s
DEBUG 2026-06-08 17:52:17 ort/utils.py:54 [CLIENT] Observation Buffer size 4.395498275756836 MB with
DEBUG 2026-06-08 17:52:17 ort/utils.py:69 [CLIENT] Observation Sent 2097152/4609014 bytes with state 1
DEBUG 2026-06-08 17:52:17 ort/utils.py:69 [CLIENT] Observation Sent 4194304/4609014 bytes with state 2
DEBUG 2026-06-08 17:52:17 ort/utils.py:69 [CLIENT] Observation Sent 4609014/4609014 bytes with state 3
DEBUG 2026-06-08 17:52:17 ort/utils.py:71 [CLIENT] Observation Published 4.395498275756836 MB
DEBUG 2026-06-08 17:52:17 t_client.py:292 Received actions on device: cpu
DEBUG 2026-06-08 17:52:17 t_client.py:302 Actions kept on device: cpu
DEBUG 2026-06-08 17:52:17 t_client.py:209 Sent observation #1198 | 
DEBUG 2026-06-08 17:52:17 t_client.py:434 QUEUE SIZE: 7 (Must go: False)
DEBUG 2026-06-08 17:52:17 t_client.py:477 Control loop (ms): 258.94
DEBUG 2026-06-08 17:52:17 t_client.py:477 Control loop (ms): 1.28
DEBUG 2026-06-08 17:52:17 t_client.py:477 Control loop (ms): 2.04
DEBUG 2026-06-08 17:52:17 t_client.py:477 Control loop (ms): 2.11
DEBUG 2026-06-08 17:52:17 t_client.py:292 Received actions on device: cpu
DEBUG 2026-06-08 17:52:17 t_client.py:302 Actions kept on device: cpu
DEBUG 2026-06-08 17:52:17 t_client.py:477 Control loop (ms): 5.21
DEBUG 2026-06-08 17:52:17 t_client.py:477 Control loop (ms): 2.53
DEBUG 2026-06-08 17:52:17 t_client.py:477 Control loop (ms): 1.67
DEBUG 2026-06-08 17:52:17 t_client.py:477 Control loop (ms): 1.67
DEBUG 2026-06-08 17:52:17 follower.py:184 follower_right SOFollower read state: 2.9ms
DEBUG 2026-06-08 17:52:17 follower.py:191 follower_right SOFollower read wrist: 0.1ms
DEBUG 2026-06-08 17:52:17 follower.py:184 follower_left SOFollower read state: 2.2ms
DEBUG 2026-06-08 17:52:17 follower.py:191 follower_left SOFollower read wrist: 0.0ms
DEBUG 2026-06-08 17:52:17 t_client.py:198 Observation serialization time: 0.007720s
DEBUG 2026-06-08 17:52:17 ort/utils.py:54 [CLIENT] Observation Buffer size 4.395498275756836 MB with
DEBUG 2026-06-08 17:52:17 ort/utils.py:69 [CLIENT] Observation Sent 2097152/4609014 bytes with state 1
DEBUG 2026-06-08 17:52:18 ort/utils.py:69 [CLIENT] Observation Sent 4194304/4609014 bytes with state 2
DEBUG 2026-06-08 17:52:18 ort/utils.py:69 [CLIENT] Observation Sent 4609014/4609014 bytes with state 3
DEBUG 2026-06-08 17:52:18 ort/utils.py:71 [CLIENT] Observation Published 4.395498275756836 MB
DEBUG 2026-06-08 17:52:18 t_client.py:209 Sent observation #1205 | 
DEBUG 2026-06-08 17:52:18 t_client.py:434 QUEUE SIZE: 8 (Must go: False)
DEBUG 2026-06-08 17:52:18 t_client.py:477 Control loop (ms): 565.21
DEBUG 2026-06-08 17:52:18 follower.py:184 follower_right SOFollower read state: 1.7ms
DEBUG 2026-06-08 17:52:18 follower.py:191 follower_right SOFollower read wrist: 0.0ms
DEBUG 2026-06-08 17:52:18 follower.py:184 follower_left SOFollower read state: 1.6ms
DEBUG 2026-06-08 17:52:18 follower.py:191 follower_left SOFollower read wrist: 0.0ms
DEBUG 2026-06-08 17:52:18 t_client.py:198 Observation serialization time: 0.005559s
DEBUG 2026-06-08 17:52:18 ort/utils.py:54 [CLIENT] Observation Buffer size 4.395498275756836 MB with
DEBUG 2026-06-08 17:52:18 ort/utils.py:69 [CLIENT] Observation Sent 2097152/4609014 bytes with state 1
DEBUG 2026-06-08 17:52:18 ort/utils.py:69 [CLIENT] Observation Sent 4194304/4609014 bytes with state 2
DEBUG 2026-06-08 17:52:18 ort/utils.py:69 [CLIENT] Observation Sent 4609014/4609014 bytes with state 3
DEBUG 2026-06-08 17:52:18 ort/utils.py:71 [CLIENT] Observation Published 4.395498275756836 MB
DEBUG 2026-06-08 17:52:18 t_client.py:292 Received actions on device: cpu
DEBUG 2026-06-08 17:52:18 t_client.py:302 Actions kept on device: cpu
DEBUG 2026-06-08 17:52:18 t_client.py:209 Sent observation #1206 | 
DEBUG 2026-06-08 17:52:18 t_client.py:434 QUEUE SIZE: 7 (Must go: False)
DEBUG 2026-06-08 17:52:18 t_client.py:477 Control loop (ms): 425.43
DEBUG 2026-06-08 17:52:18 t_client.py:477 Control loop (ms): 2.52
DEBUG 2026-06-08 17:52:18 t_client.py:477 Control loop (ms): 2.19
DEBUG 2026-06-08 17:52:18 t_client.py:477 Control loop (ms): 1.55
DEBUG 2026-06-08 17:52:18 t_client.py:292 Received actions on device: cpu
DEBUG 2026-06-08 17:52:18 t_client.py:302 Actions kept on device: cpu
DEBUG 2026-06-08 17:52:18 t_client.py:477 Control loop (ms): 2.06
DEBUG 2026-06-08 17:52:19 t_client.py:477 Control loop (ms): 1.82
DEBUG 2026-06-08 17:52:19 t_client.py:477 Control loop (ms): 2.03
DEBUG 2026-06-08 17:52:19 follower.py:184 follower_right SOFollower read state: 2.1ms
DEBUG 2026-06-08 17:52:19 follower.py:191 follower_right SOFollower read wrist: 0.0ms
DEBUG 2026-06-08 17:52:19 follower.py:184 follower_left SOFollower read state: 2.0ms
DEBUG 2026-06-08 17:52:19 follower.py:191 follower_left SOFollower read wrist: 0.1ms
DEBUG 2026-06-08 17:52:19 t_client.py:198 Observation serialization time: 0.011691s
DEBUG 2026-06-08 17:52:19 ort/utils.py:54 [CLIENT] Observation Buffer size 4.395498275756836 MB with
DEBUG 2026-06-08 17:52:19 ort/utils.py:69 [CLIENT] Observation Sent 2097152/4609014 bytes with state 1
DEBUG 2026-06-08 17:52:19 ort/utils.py:69 [CLIENT] Observation Sent 4194304/4609014 bytes with state 2
DEBUG 2026-06-08 17:52:19 ort/utils.py:69 [CLIENT] Observation Sent 4609014/4609014 bytes with state 3
DEBUG 2026-06-08 17:52:19 ort/utils.py:71 [CLIENT] Observation Published 4.395498275756836 MB
DEBUG 2026-06-08 17:52:19 t_client.py:209 Sent observation #1213 | 
DEBUG 2026-06-08 17:52:19 t_client.py:434 QUEUE SIZE: 8 (Must go: False)
DEBUG 2026-06-08 17:52:19 t_client.py:477 Control loop (ms): 518.48
DEBUG 2026-06-08 17:52:19 follower.py:184 follower_right SOFollower read state: 1.9ms
DEBUG 2026-06-08 17:52:19 follower.py:191 follower_right SOFollower read wrist: 0.0ms
DEBUG 2026-06-08 17:52:19 follower.py:184 follower_left SOFollower read state: 1.9ms
DEBUG 2026-06-08 17:52:19 follower.py:191 follower_left SOFollower read wrist: 0.0ms
DEBUG 2026-06-08 17:52:19 t_client.py:198 Observation serialization time: 0.009985s
DEBUG 2026-06-08 17:52:19 ort/utils.py:54 [CLIENT] Observation Buffer size 4.395498275756836 MB with
DEBUG 2026-06-08 17:52:19 ort/utils.py:69 [CLIENT] Observation Sent 2097152/4609014 bytes with state 1
DEBUG 2026-06-08 17:52:19 t_client.py:292 Received actions on device: cpu
DEBUG 2026-06-08 17:52:19 t_client.py:302 Actions kept on device: cpu
DEBUG 2026-06-08 17:52:19 ort/utils.py:69 [CLIENT] Observation Sent 4194304/4609014 bytes with state 2
DEBUG 2026-06-08 17:52:19 ort/utils.py:69 [CLIENT] Observation Sent 4609014/4609014 bytes with state 3
DEBUG 2026-06-08 17:52:19 ort/utils.py:71 [CLIENT] Observation Published 4.395498275756836 MB
DEBUG 2026-06-08 17:52:20 t_client.py:209 Sent observation #1214 | 
DEBUG 2026-06-08 17:52:20 t_client.py:434 QUEUE SIZE: 7 (Must go: False)
DEBUG 2026-06-08 17:52:20 t_client.py:477 Control loop (ms): 832.11
DEBUG 2026-06-08 17:52:20 t_client.py:477 Control loop (ms): 1.68
DEBUG 2026-06-08 17:52:20 t_client.py:477 Control loop (ms): 2.14
DEBUG 2026-06-08 17:52:20 t_client.py:477 Control loop (ms): 2.01
DEBUG 2026-06-08 17:52:20 t_client.py:292 Received actions on device: cpu
DEBUG 2026-06-08 17:52:20 t_client.py:302 Actions kept on device: cpu
DEBUG 2026-06-08 17:52:20 t_client.py:477 Control loop (ms): 1.71
DEBUG 2026-06-08 17:52:20 t_client.py:477 Control loop (ms): 1.45
DEBUG 2026-06-08 17:52:20 t_client.py:477 Control loop (ms): 2.07
DEBUG 2026-06-08 17:52:20 t_client.py:477 Control loop (ms): 1.87
DEBUG 2026-06-08 17:52:20 follower.py:184 follower_right SOFollower read state: 2.0ms
DEBUG 2026-06-08 17:52:20 follower.py:191 follower_right SOFollower read wrist: 0.0ms
DEBUG 2026-06-08 17:52:20 follower.py:184 follower_left SOFollower read state: 2.0ms
DEBUG 2026-06-08 17:52:20 follower.py:191 follower_left SOFollower read wrist: 0.0ms
DEBUG 2026-06-08 17:52:20 t_client.py:198 Observation serialization time: 0.010546s
DEBUG 2026-06-08 17:52:20 ort/utils.py:54 [CLIENT] Observation Buffer size 4.395498275756836 MB with
DEBUG 2026-06-08 17:52:20 ort/utils.py:69 [CLIENT] Observation Sent 2097152/4609014 bytes with state 1
DEBUG 2026-06-08 17:52:20 ort/utils.py:69 [CLIENT] Observation Sent 4194304/4609014 bytes with state 2
DEBUG 2026-06-08 17:52:20 ort/utils.py:69 [CLIENT] Observation Sent 4609014/4609014 bytes with state 3
DEBUG 2026-06-08 17:52:20 ort/utils.py:71 [CLIENT] Observation Published 4.395498275756836 MB
DEBUG 2026-06-08 17:52:21 t_client.py:209 Sent observation #1221 | 
DEBUG 2026-06-08 17:52:21 t_client.py:434 QUEUE SIZE: 8 (Must go: False)
DEBUG 2026-06-08 17:52:21 t_client.py:477 Control loop (ms): 533.56
DEBUG 2026-06-08 17:52:21 follower.py:184 follower_right SOFollower read state: 2.1ms
DEBUG 2026-06-08 17:52:21 follower.py:191 follower_right SOFollower read wrist: 0.1ms
DEBUG 2026-06-08 17:52:21 follower.py:184 follower_left SOFollower read state: 2.0ms
DEBUG 2026-06-08 17:52:21 follower.py:191 follower_left SOFollower read wrist: 0.0ms
DEBUG 2026-06-08 17:52:21 t_client.py:198 Observation serialization time: 0.007408s
DEBUG 2026-06-08 17:52:21 ort/utils.py:54 [CLIENT] Observation Buffer size 4.395498275756836 MB with
DEBUG 2026-06-08 17:52:21 ort/utils.py:69 [CLIENT] Observation Sent 2097152/4609014 bytes with state 1
DEBUG 2026-06-08 17:52:21 t_client.py:292 Received actions on device: cpu
DEBUG 2026-06-08 17:52:21 t_client.py:302 Actions kept on device: cpu
DEBUG 2026-06-08 17:52:21 ort/utils.py:69 [CLIENT] Observation Sent 4194304/4609014 bytes with state 2
DEBUG 2026-06-08 17:52:21 ort/utils.py:69 [CLIENT] Observation Sent 4609014/4609014 bytes with state 3
DEBUG 2026-06-08 17:52:21 ort/utils.py:71 [CLIENT] Observation Published 4.395498275756836 MB
DEBUG 2026-06-08 17:52:21 t_client.py:209 Sent observation #1222 | 
DEBUG 2026-06-08 17:52:21 t_client.py:434 QUEUE SIZE: 7 (Must go: False)
DEBUG 2026-06-08 17:52:21 t_client.py:477 Control loop (ms): 258.37
DEBUG 2026-06-08 17:52:21 t_client.py:477 Control loop (ms): 2.80
DEBUG 2026-06-08 17:52:21 t_client.py:477 Control loop (ms): 3.05
DEBUG 2026-06-08 17:52:21 t_client.py:477 Control loop (ms): 3.14
DEBUG 2026-06-08 17:52:21 t_client.py:292 Received actions on device: cpu
DEBUG 2026-06-08 17:52:21 t_client.py:302 Actions kept on device: cpu
DEBUG 2026-06-08 17:52:21 t_client.py:477 Control loop (ms): 2.26
DEBUG 2026-06-08 17:52:21 t_client.py:477 Control loop (ms): 1.53
DEBUG 2026-06-08 17:52:21 t_client.py:477 Control loop (ms): 1.47
DEBUG 2026-06-08 17:52:21 follower.py:184 follower_right SOFollower read state: 2.4ms
DEBUG 2026-06-08 17:52:21 follower.py:191 follower_right SOFollower read wrist: 0.0ms
DEBUG 2026-06-08 17:52:21 follower.py:184 follower_left SOFollower read state: 2.0ms
DEBUG 2026-06-08 17:52:21 follower.py:191 follower_left SOFollower read wrist: 0.0ms
DEBUG 2026-06-08 17:52:21 t_client.py:198 Observation serialization time: 0.012139s
DEBUG 2026-06-08 17:52:21 ort/utils.py:54 [CLIENT] Observation Buffer size 4.395498275756836 MB with
DEBUG 2026-06-08 17:52:21 ort/utils.py:69 [CLIENT] Observation Sent 2097152/4609014 bytes with state 1
DEBUG 2026-06-08 17:52:21 ort/utils.py:69 [CLIENT] Observation Sent 4194304/4609014 bytes with state 2
DEBUG 2026-06-08 17:52:21 ort/utils.py:69 [CLIENT] Observation Sent 4609014/4609014 bytes with state 3
DEBUG 2026-06-08 17:52:21 ort/utils.py:71 [CLIENT] Observation Published 4.395498275756836 MB
DEBUG 2026-06-08 17:52:21 t_client.py:209 Sent observation #1229 | 
DEBUG 2026-06-08 17:52:21 t_client.py:434 QUEUE SIZE: 8 (Must go: False)
DEBUG 2026-06-08 17:52:21 t_client.py:477 Control loop (ms): 198.86
DEBUG 2026-06-08 17:52:21 follower.py:184 follower_right SOFollower read state: 2.3ms
DEBUG 2026-06-08 17:52:21 follower.py:191 follower_right SOFollower read wrist: 0.0ms
DEBUG 2026-06-08 17:52:21 follower.py:184 follower_left SOFollower read state: 2.3ms
DEBUG 2026-06-08 17:52:21 follower.py:191 follower_left SOFollower read wrist: 0.0ms
DEBUG 2026-06-08 17:52:21 t_client.py:198 Observation serialization time: 0.008225s
DEBUG 2026-06-08 17:52:21 ort/utils.py:54 [CLIENT] Observation Buffer size 4.395498275756836 MB with
DEBUG 2026-06-08 17:52:21 ort/utils.py:69 [CLIENT] Observation Sent 2097152/4609014 bytes with state 1
DEBUG 2026-06-08 17:52:21 ort/utils.py:69 [CLIENT] Observation Sent 4194304/4609014 bytes with state 2
DEBUG 2026-06-08 17:52:21 ort/utils.py:69 [CLIENT] Observation Sent 4609014/4609014 bytes with state 3
DEBUG 2026-06-08 17:52:21 ort/utils.py:71 [CLIENT] Observation Published 4.395498275756836 MB
DEBUG 2026-06-08 17:52:21 t_client.py:292 Received actions on device: cpu
DEBUG 2026-06-08 17:52:21 t_client.py:302 Actions kept on device: cpu
DEBUG 2026-06-08 17:52:22 t_client.py:209 Sent observation #1230 | 
DEBUG 2026-06-08 17:52:22 t_client.py:434 QUEUE SIZE: 7 (Must go: False)
DEBUG 2026-06-08 17:52:22 t_client.py:477 Control loop (ms): 188.01
DEBUG 2026-06-08 17:52:22 t_client.py:477 Control loop (ms): 2.70
DEBUG 2026-06-08 17:52:22 t_client.py:477 Control loop (ms): 2.42
DEBUG 2026-06-08 17:52:22 t_client.py:477 Control loop (ms): 1.53
DEBUG 2026-06-08 17:52:22 t_client.py:292 Received actions on device: cpu
DEBUG 2026-06-08 17:52:22 t_client.py:302 Actions kept on device: cpu
DEBUG 2026-06-08 17:52:22 t_client.py:477 Control loop (ms): 1.66
DEBUG 2026-06-08 17:52:22 t_client.py:477 Control loop (ms): 1.62
DEBUG 2026-06-08 17:52:22 t_client.py:477 Control loop (ms): 2.03
DEBUG 2026-06-08 17:52:22 follower.py:184 follower_right SOFollower read state: 1.9ms
DEBUG 2026-06-08 17:52:22 follower.py:191 follower_right SOFollower read wrist: 0.0ms
DEBUG 2026-06-08 17:52:22 follower.py:184 follower_left SOFollower read state: 1.9ms
DEBUG 2026-06-08 17:52:22 follower.py:191 follower_left SOFollower read wrist: 0.0ms
DEBUG 2026-06-08 17:52:22 t_client.py:198 Observation serialization time: 0.004724s
DEBUG 2026-06-08 17:52:22 ort/utils.py:54 [CLIENT] Observation Buffer size 4.395498275756836 MB with
DEBUG 2026-06-08 17:52:22 ort/utils.py:69 [CLIENT] Observation Sent 2097152/4609014 bytes with state 1
DEBUG 2026-06-08 17:52:22 ort/utils.py:69 [CLIENT] Observation Sent 4194304/4609014 bytes with state 2
DEBUG 2026-06-08 17:52:22 ort/utils.py:69 [CLIENT] Observation Sent 4609014/4609014 bytes with state 3
DEBUG 2026-06-08 17:52:22 ort/utils.py:71 [CLIENT] Observation Published 4.395498275756836 MB
DEBUG 2026-06-08 17:52:22 t_client.py:209 Sent observation #1237 | 
DEBUG 2026-06-08 17:52:22 t_client.py:434 QUEUE SIZE: 8 (Must go: False)
DEBUG 2026-06-08 17:52:22 t_client.py:477 Control loop (ms): 235.22
DEBUG 2026-06-08 17:52:22 follower.py:184 follower_right SOFollower read state: 1.8ms
DEBUG 2026-06-08 17:52:22 follower.py:191 follower_right SOFollower read wrist: 0.0ms
DEBUG 2026-06-08 17:52:22 follower.py:184 follower_left SOFollower read state: 1.6ms
DEBUG 2026-06-08 17:52:22 follower.py:191 follower_left SOFollower read wrist: 0.0ms
DEBUG 2026-06-08 17:52:22 t_client.py:198 Observation serialization time: 0.006683s
DEBUG 2026-06-08 17:52:22 ort/utils.py:54 [CLIENT] Observation Buffer size 4.395498275756836 MB with
DEBUG 2026-06-08 17:52:22 ort/utils.py:69 [CLIENT] Observation Sent 2097152/4609014 bytes with state 1
DEBUG 2026-06-08 17:52:22 ort/utils.py:69 [CLIENT] Observation Sent 4194304/4609014 bytes with state 2
DEBUG 2026-06-08 17:52:22 ort/utils.py:69 [CLIENT] Observation Sent 4609014/4609014 bytes with state 3
DEBUG 2026-06-08 17:52:22 ort/utils.py:71 [CLIENT] Observation Published 4.395498275756836 MB
DEBUG 2026-06-08 17:52:22 t_client.py:292 Received actions on device: cpu
DEBUG 2026-06-08 17:52:22 t_client.py:302 Actions kept on device: cpu
DEBUG 2026-06-08 17:52:22 t_client.py:209 Sent observation #1238 | 
DEBUG 2026-06-08 17:52:22 t_client.py:434 QUEUE SIZE: 7 (Must go: False)
DEBUG 2026-06-08 17:52:22 t_client.py:477 Control loop (ms): 218.45
DEBUG 2026-06-08 17:52:22 t_client.py:477 Control loop (ms): 1.76
DEBUG 2026-06-08 17:52:22 t_client.py:477 Control loop (ms): 1.71
DEBUG 2026-06-08 17:52:22 t_client.py:477 Control loop (ms): 1.58
DEBUG 2026-06-08 17:52:22 t_client.py:477 Control loop (ms): 1.48
DEBUG 2026-06-08 17:52:22 t_client.py:477 Control loop (ms): 1.40
DEBUG 2026-06-08 17:52:22 follower.py:184 follower_right SOFollower read state: 2.4ms
DEBUG 2026-06-08 17:52:22 follower.py:191 follower_right SOFollower read wrist: 0.0ms
DEBUG 2026-06-08 17:52:22 follower.py:184 follower_left SOFollower read state: 2.2ms
DEBUG 2026-06-08 17:52:22 follower.py:191 follower_left SOFollower read wrist: 0.0ms
DEBUG 2026-06-08 17:52:22 t_client.py:198 Observation serialization time: 0.011244s
DEBUG 2026-06-08 17:52:22 ort/utils.py:54 [CLIENT] Observation Buffer size 4.395498275756836 MB with
DEBUG 2026-06-08 17:52:22 ort/utils.py:69 [CLIENT] Observation Sent 2097152/4609014 bytes with state 1
DEBUG 2026-06-08 17:52:22 ort/utils.py:69 [CLIENT] Observation Sent 4194304/4609014 bytes with state 2
DEBUG 2026-06-08 17:52:22 ort/utils.py:69 [CLIENT] Observation Sent 4609014/4609014 bytes with state 3
DEBUG 2026-06-08 17:52:22 ort/utils.py:71 [CLIENT] Observation Published 4.395498275756836 MB
DEBUG 2026-06-08 17:52:23 t_client.py:209 Sent observation #1244 | 
DEBUG 2026-06-08 17:52:23 t_client.py:434 QUEUE SIZE: 8 (Must go: False)
DEBUG 2026-06-08 17:52:23 t_client.py:477 Control loop (ms): 267.73
DEBUG 2026-06-08 17:52:23 follower.py:184 follower_right SOFollower read state: 2.0ms
DEBUG 2026-06-08 17:52:23 follower.py:191 follower_right SOFollower read wrist: 0.0ms
DEBUG 2026-06-08 17:52:23 follower.py:184 follower_left SOFollower read state: 2.0ms
DEBUG 2026-06-08 17:52:23 follower.py:191 follower_left SOFollower read wrist: 0.0ms
DEBUG 2026-06-08 17:52:23 t_client.py:198 Observation serialization time: 0.010001s
DEBUG 2026-06-08 17:52:23 ort/utils.py:54 [CLIENT] Observation Buffer size 4.395498275756836 MB with
DEBUG 2026-06-08 17:52:23 ort/utils.py:69 [CLIENT] Observation Sent 2097152/4609014 bytes with state 1
DEBUG 2026-06-08 17:52:23 ort/utils.py:69 [CLIENT] Observation Sent 4194304/4609014 bytes with state 2
DEBUG 2026-06-08 17:52:23 ort/utils.py:69 [CLIENT] Observation Sent 4609014/4609014 bytes with state 3
DEBUG 2026-06-08 17:52:23 ort/utils.py:71 [CLIENT] Observation Published 4.395498275756836 MB
DEBUG 2026-06-08 17:52:23 t_client.py:292 Received actions on device: cpu
DEBUG 2026-06-08 17:52:23 t_client.py:302 Actions kept on device: cpu
DEBUG 2026-06-08 17:52:23 t_client.py:209 Sent observation #1245 | 
DEBUG 2026-06-08 17:52:23 t_client.py:434 QUEUE SIZE: 7 (Must go: False)
DEBUG 2026-06-08 17:52:23 t_client.py:477 Control loop (ms): 278.65
DEBUG 2026-06-08 17:52:23 t_client.py:477 Control loop (ms): 0.88
DEBUG 2026-06-08 17:52:23 t_client.py:477 Control loop (ms): 2.57
DEBUG 2026-06-08 17:52:23 t_client.py:477 Control loop (ms): 3.14
DEBUG 2026-06-08 17:52:23 t_client.py:477 Control loop (ms): 2.35
DEBUG 2026-06-08 17:52:23 t_client.py:477 Control loop (ms): 1.84
DEBUG 2026-06-08 17:52:23 follower.py:184 follower_right SOFollower read state: 2.5ms
DEBUG 2026-06-08 17:52:23 follower.py:191 follower_right SOFollower read wrist: 0.1ms
DEBUG 2026-06-08 17:52:23 follower.py:184 follower_left SOFollower read state: 2.1ms
DEBUG 2026-06-08 17:52:23 follower.py:191 follower_left SOFollower read wrist: 0.1ms
DEBUG 2026-06-08 17:52:23 t_client.py:198 Observation serialization time: 0.010476s
DEBUG 2026-06-08 17:52:23 ort/utils.py:54 [CLIENT] Observation Buffer size 4.395498275756836 MB with
DEBUG 2026-06-08 17:52:23 ort/utils.py:69 [CLIENT] Observation Sent 2097152/4609014 bytes with state 1
DEBUG 2026-06-08 17:52:23 ort/utils.py:69 [CLIENT] Observation Sent 4194304/4609014 bytes with state 2
DEBUG 2026-06-08 17:52:23 ort/utils.py:69 [CLIENT] Observation Sent 4609014/4609014 bytes with state 3
DEBUG 2026-06-08 17:52:23 ort/utils.py:71 [CLIENT] Observation Published 4.395498275756836 MB
DEBUG 2026-06-08 17:52:23 t_client.py:209 Sent observation #1251 | 
DEBUG 2026-06-08 17:52:23 t_client.py:434 QUEUE SIZE: 8 (Must go: False)
DEBUG 2026-06-08 17:52:23 t_client.py:477 Control loop (ms): 282.47
DEBUG 2026-06-08 17:52:23 follower.py:184 follower_right SOFollower read state: 2.7ms
DEBUG 2026-06-08 17:52:23 follower.py:191 follower_right SOFollower read wrist: 0.1ms
DEBUG 2026-06-08 17:52:23 follower.py:184 follower_left SOFollower read state: 2.5ms
DEBUG 2026-06-08 17:52:23 follower.py:191 follower_left SOFollower read wrist: 0.0ms
DEBUG 2026-06-08 17:52:23 t_client.py:198 Observation serialization time: 0.011291s
DEBUG 2026-06-08 17:52:23 ort/utils.py:54 [CLIENT] Observation Buffer size 4.395498275756836 MB with
DEBUG 2026-06-08 17:52:23 ort/utils.py:69 [CLIENT] Observation Sent 2097152/4609014 bytes with state 1
DEBUG 2026-06-08 17:52:23 ort/utils.py:69 [CLIENT] Observation Sent 4194304/4609014 bytes with state 2
DEBUG 2026-06-08 17:52:23 ort/utils.py:69 [CLIENT] Observation Sent 4609014/4609014 bytes with state 3
DEBUG 2026-06-08 17:52:23 ort/utils.py:71 [CLIENT] Observation Published 4.395498275756836 MB
DEBUG 2026-06-08 17:52:24 t_client.py:292 Received actions on device: cpu
DEBUG 2026-06-08 17:52:24 t_client.py:302 Actions kept on device: cpu
DEBUG 2026-06-08 17:52:24 t_client.py:209 Sent observation #1252 | 
DEBUG 2026-06-08 17:52:24 t_client.py:434 QUEUE SIZE: 7 (Must go: False)
DEBUG 2026-06-08 17:52:24 t_client.py:477 Control loop (ms): 233.95
DEBUG 2026-06-08 17:52:24 t_client.py:477 Control loop (ms): 1.92
DEBUG 2026-06-08 17:52:24 t_client.py:477 Control loop (ms): 1.91
DEBUG 2026-06-08 17:52:24 t_client.py:477 Control loop (ms): 2.17
DEBUG 2026-06-08 17:52:24 t_client.py:477 Control loop (ms): 1.72
DEBUG 2026-06-08 17:52:24 t_client.py:477 Control loop (ms): 3.83
DEBUG 2026-06-08 17:52:24 follower.py:184 follower_right SOFollower read state: 2.1ms
DEBUG 2026-06-08 17:52:24 follower.py:191 follower_right SOFollower read wrist: 0.0ms
DEBUG 2026-06-08 17:52:24 follower.py:184 follower_left SOFollower read state: 2.0ms
DEBUG 2026-06-08 17:52:24 follower.py:191 follower_left SOFollower read wrist: 0.0ms
DEBUG 2026-06-08 17:52:24 t_client.py:198 Observation serialization time: 0.008422s
DEBUG 2026-06-08 17:52:24 ort/utils.py:54 [CLIENT] Observation Buffer size 4.395498275756836 MB with
DEBUG 2026-06-08 17:52:24 ort/utils.py:69 [CLIENT] Observation Sent 2097152/4609014 bytes with state 1
DEBUG 2026-06-08 17:52:24 ort/utils.py:69 [CLIENT] Observation Sent 4194304/4609014 bytes with state 2
DEBUG 2026-06-08 17:52:24 ort/utils.py:69 [CLIENT] Observation Sent 4609014/4609014 bytes with state 3
DEBUG 2026-06-08 17:52:24 ort/utils.py:71 [CLIENT] Observation Published 4.395498275756836 MB
DEBUG 2026-06-08 17:52:24 t_client.py:209 Sent observation #1258 | 
DEBUG 2026-06-08 17:52:24 t_client.py:434 QUEUE SIZE: 8 (Must go: False)
DEBUG 2026-06-08 17:52:24 t_client.py:477 Control loop (ms): 277.22
DEBUG 2026-06-08 17:52:24 follower.py:184 follower_right SOFollower read state: 1.7ms
DEBUG 2026-06-08 17:52:24 follower.py:191 follower_right SOFollower read wrist: 0.0ms
DEBUG 2026-06-08 17:52:24 follower.py:184 follower_left SOFollower read state: 1.6ms
DEBUG 2026-06-08 17:52:24 follower.py:191 follower_left SOFollower read wrist: 0.0ms
DEBUG 2026-06-08 17:52:24 t_client.py:198 Observation serialization time: 0.004487s
DEBUG 2026-06-08 17:52:24 ort/utils.py:54 [CLIENT] Observation Buffer size 4.395498275756836 MB with
DEBUG 2026-06-08 17:52:24 ort/utils.py:69 [CLIENT] Observation Sent 2097152/4609014 bytes with state 1
DEBUG 2026-06-08 17:52:24 ort/utils.py:69 [CLIENT] Observation Sent 4194304/4609014 bytes with state 2
DEBUG 2026-06-08 17:52:24 ort/utils.py:69 [CLIENT] Observation Sent 4609014/4609014 bytes with state 3
DEBUG 2026-06-08 17:52:24 ort/utils.py:71 [CLIENT] Observation Published 4.395498275756836 MB
DEBUG 2026-06-08 17:52:24 t_client.py:292 Received actions on device: cpu
DEBUG 2026-06-08 17:52:24 t_client.py:302 Actions kept on device: cpu
DEBUG 2026-06-08 17:52:24 t_client.py:209 Sent observation #1259 | 
DEBUG 2026-06-08 17:52:24 t_client.py:434 QUEUE SIZE: 7 (Must go: False)
DEBUG 2026-06-08 17:52:24 t_client.py:477 Control loop (ms): 421.80
DEBUG 2026-06-08 17:52:24 t_client.py:477 Control loop (ms): 2.36
DEBUG 2026-06-08 17:52:24 t_client.py:477 Control loop (ms): 2.85
DEBUG 2026-06-08 17:52:25 t_client.py:477 Control loop (ms): 2.77
DEBUG 2026-06-08 17:52:25 t_client.py:292 Received actions on device: cpu
DEBUG 2026-06-08 17:52:25 t_client.py:302 Actions kept on device: cpu
DEBUG 2026-06-08 17:52:25 t_client.py:477 Control loop (ms): 2.69
DEBUG 2026-06-08 17:52:25 t_client.py:477 Control loop (ms): 2.28
DEBUG 2026-06-08 17:52:25 t_client.py:477 Control loop (ms): 2.14
DEBUG 2026-06-08 17:52:25 follower.py:184 follower_right SOFollower read state: 2.3ms
DEBUG 2026-06-08 17:52:25 follower.py:191 follower_right SOFollower read wrist: 0.0ms
DEBUG 2026-06-08 17:52:25 follower.py:184 follower_left SOFollower read state: 2.0ms
DEBUG 2026-06-08 17:52:25 follower.py:191 follower_left SOFollower read wrist: 0.0ms
DEBUG 2026-06-08 17:52:25 t_client.py:198 Observation serialization time: 0.009818s
DEBUG 2026-06-08 17:52:25 ort/utils.py:54 [CLIENT] Observation Buffer size 4.395498275756836 MB with
DEBUG 2026-06-08 17:52:25 ort/utils.py:69 [CLIENT] Observation Sent 2097152/4609014 bytes with state 1
DEBUG 2026-06-08 17:52:25 ort/utils.py:69 [CLIENT] Observation Sent 4194304/4609014 bytes with state 2
DEBUG 2026-06-08 17:52:25 ort/utils.py:69 [CLIENT] Observation Sent 4609014/4609014 bytes with state 3
DEBUG 2026-06-08 17:52:25 ort/utils.py:71 [CLIENT] Observation Published 4.395498275756836 MB
DEBUG 2026-06-08 17:52:25 t_client.py:209 Sent observation #1266 | 
DEBUG 2026-06-08 17:52:25 t_client.py:434 QUEUE SIZE: 8 (Must go: False)
DEBUG 2026-06-08 17:52:25 t_client.py:477 Control loop (ms): 634.49
DEBUG 2026-06-08 17:52:25 follower.py:184 follower_right SOFollower read state: 2.8ms
DEBUG 2026-06-08 17:52:25 follower.py:191 follower_right SOFollower read wrist: 0.1ms
DEBUG 2026-06-08 17:52:25 follower.py:184 follower_left SOFollower read state: 2.5ms
DEBUG 2026-06-08 17:52:25 follower.py:191 follower_left SOFollower read wrist: 0.0ms
DEBUG 2026-06-08 17:52:25 t_client.py:198 Observation serialization time: 0.010767s
DEBUG 2026-06-08 17:52:25 ort/utils.py:54 [CLIENT] Observation Buffer size 4.395498275756836 MB with
DEBUG 2026-06-08 17:52:25 ort/utils.py:69 [CLIENT] Observation Sent 2097152/4609014 bytes with state 1
DEBUG 2026-06-08 17:52:25 ort/utils.py:69 [CLIENT] Observation Sent 4194304/4609014 bytes with state 2
DEBUG 2026-06-08 17:52:25 ort/utils.py:69 [CLIENT] Observation Sent 4609014/4609014 bytes with state 3
DEBUG 2026-06-08 17:52:25 ort/utils.py:71 [CLIENT] Observation Published 4.395498275756836 MB
DEBUG 2026-06-08 17:52:26 t_client.py:292 Received actions on device: cpu
DEBUG 2026-06-08 17:52:26 t_client.py:302 Actions kept on device: cpu
DEBUG 2026-06-08 17:52:26 t_client.py:209 Sent observation #1267 | 
DEBUG 2026-06-08 17:52:26 t_client.py:434 QUEUE SIZE: 7 (Must go: False)
DEBUG 2026-06-08 17:52:26 t_client.py:477 Control loop (ms): 329.96
DEBUG 2026-06-08 17:52:26 t_client.py:477 Control loop (ms): 2.08
DEBUG 2026-06-08 17:52:26 t_client.py:477 Control loop (ms): 2.21
DEBUG 2026-06-08 17:52:26 t_client.py:477 Control loop (ms): 2.12
DEBUG 2026-06-08 17:52:26 t_client.py:477 Control loop (ms): 1.78
DEBUG 2026-06-08 17:52:26 t_client.py:477 Control loop (ms): 4.11
DEBUG 2026-06-08 17:52:26 t_client.py:292 Received actions on device: cpu
DEBUG 2026-06-08 17:52:26 t_client.py:302 Actions kept on device: cpu
DEBUG 2026-06-08 17:52:26 t_client.py:477 Control loop (ms): 1.79
DEBUG 2026-06-08 17:52:26 follower.py:184 follower_right SOFollower read state: 1.7ms
DEBUG 2026-06-08 17:52:26 follower.py:191 follower_right SOFollower read wrist: 0.0ms
DEBUG 2026-06-08 17:52:26 follower.py:184 follower_left SOFollower read state: 1.6ms
DEBUG 2026-06-08 17:52:26 follower.py:191 follower_left SOFollower read wrist: 0.0ms
DEBUG 2026-06-08 17:52:26 t_client.py:198 Observation serialization time: 0.007226s
DEBUG 2026-06-08 17:52:26 ort/utils.py:54 [CLIENT] Observation Buffer size 4.395498275756836 MB with
DEBUG 2026-06-08 17:52:26 ort/utils.py:69 [CLIENT] Observation Sent 2097152/4609014 bytes with state 1
DEBUG 2026-06-08 17:52:26 ort/utils.py:69 [CLIENT] Observation Sent 4194304/4609014 bytes with state 2
DEBUG 2026-06-08 17:52:26 ort/utils.py:69 [CLIENT] Observation Sent 4609014/4609014 bytes with state 3
DEBUG 2026-06-08 17:52:26 ort/utils.py:71 [CLIENT] Observation Published 4.395498275756836 MB
DEBUG 2026-06-08 17:52:26 t_client.py:209 Sent observation #1274 | 
DEBUG 2026-06-08 17:52:26 t_client.py:434 QUEUE SIZE: 8 (Must go: False)
DEBUG 2026-06-08 17:52:26 t_client.py:477 Control loop (ms): 469.94
DEBUG 2026-06-08 17:52:26 follower.py:184 follower_right SOFollower read state: 1.8ms
DEBUG 2026-06-08 17:52:26 follower.py:191 follower_right SOFollower read wrist: 0.0ms
DEBUG 2026-06-08 17:52:26 follower.py:184 follower_left SOFollower read state: 1.7ms
DEBUG 2026-06-08 17:52:26 follower.py:191 follower_left SOFollower read wrist: 0.0ms
DEBUG 2026-06-08 17:52:26 t_client.py:198 Observation serialization time: 0.005082s
DEBUG 2026-06-08 17:52:26 ort/utils.py:54 [CLIENT] Observation Buffer size 4.395498275756836 MB with
DEBUG 2026-06-08 17:52:26 ort/utils.py:69 [CLIENT] Observation Sent 2097152/4609014 bytes with state 1
DEBUG 2026-06-08 17:52:26 t_client.py:292 Received actions on device: cpu
DEBUG 2026-06-08 17:52:26 t_client.py:302 Actions kept on device: cpu
DEBUG 2026-06-08 17:52:26 ort/utils.py:69 [CLIENT] Observation Sent 4194304/4609014 bytes with state 2
DEBUG 2026-06-08 17:52:26 ort/utils.py:69 [CLIENT] Observation Sent 4609014/4609014 bytes with state 3
DEBUG 2026-06-08 17:52:26 ort/utils.py:71 [CLIENT] Observation Published 4.395498275756836 MB
DEBUG 2026-06-08 17:52:27 t_client.py:209 Sent observation #1275 | 
DEBUG 2026-06-08 17:52:27 t_client.py:434 QUEUE SIZE: 7 (Must go: False)
DEBUG 2026-06-08 17:52:27 t_client.py:477 Control loop (ms): 380.03
DEBUG 2026-06-08 17:52:27 t_client.py:477 Control loop (ms): 1.70
DEBUG 2026-06-08 17:52:27 t_client.py:477 Control loop (ms): 1.83
DEBUG 2026-06-08 17:52:27 t_client.py:477 Control loop (ms): 2.11
DEBUG 2026-06-08 17:52:27 t_client.py:477 Control loop (ms): 2.10
DEBUG 2026-06-08 17:52:27 t_client.py:292 Received actions on device: cpu
DEBUG 2026-06-08 17:52:27 t_client.py:302 Actions kept on device: cpu
DEBUG 2026-06-08 17:52:27 t_client.py:477 Control loop (ms): 2.51
DEBUG 2026-06-08 17:52:27 t_client.py:477 Control loop (ms): 2.95
DEBUG 2026-06-08 17:52:27 follower.py:184 follower_right SOFollower read state: 2.5ms
DEBUG 2026-06-08 17:52:27 follower.py:191 follower_right SOFollower read wrist: 0.1ms
DEBUG 2026-06-08 17:52:27 follower.py:184 follower_left SOFollower read state: 2.5ms
DEBUG 2026-06-08 17:52:27 follower.py:191 follower_left SOFollower read wrist: 0.1ms
DEBUG 2026-06-08 17:52:27 t_client.py:198 Observation serialization time: 0.009686s
DEBUG 2026-06-08 17:52:27 ort/utils.py:54 [CLIENT] Observation Buffer size 4.395498275756836 MB with
DEBUG 2026-06-08 17:52:27 ort/utils.py:69 [CLIENT] Observation Sent 2097152/4609014 bytes with state 1
DEBUG 2026-06-08 17:52:27 ort/utils.py:69 [CLIENT] Observation Sent 4194304/4609014 bytes with state 2
DEBUG 2026-06-08 17:52:27 ort/utils.py:69 [CLIENT] Observation Sent 4609014/4609014 bytes with state 3
DEBUG 2026-06-08 17:52:27 ort/utils.py:71 [CLIENT] Observation Published 4.395498275756836 MB
DEBUG 2026-06-08 17:52:27 t_client.py:209 Sent observation #1282 | 
DEBUG 2026-06-08 17:52:27 t_client.py:434 QUEUE SIZE: 8 (Must go: False)
DEBUG 2026-06-08 17:52:27 t_client.py:477 Control loop (ms): 560.57
DEBUG 2026-06-08 17:52:27 follower.py:184 follower_right SOFollower read state: 2.6ms
DEBUG 2026-06-08 17:52:27 follower.py:191 follower_right SOFollower read wrist: 0.1ms
DEBUG 2026-06-08 17:52:27 follower.py:184 follower_left SOFollower read state: 2.5ms
DEBUG 2026-06-08 17:52:27 follower.py:191 follower_left SOFollower read wrist: 0.1ms
DEBUG 2026-06-08 17:52:27 t_client.py:198 Observation serialization time: 0.006463s
DEBUG 2026-06-08 17:52:27 ort/utils.py:54 [CLIENT] Observation Buffer size 4.395498275756836 MB with
DEBUG 2026-06-08 17:52:27 ort/utils.py:69 [CLIENT] Observation Sent 2097152/4609014 bytes with state 1
DEBUG 2026-06-08 17:52:28 ort/utils.py:69 [CLIENT] Observation Sent 4194304/4609014 bytes with state 2
DEBUG 2026-06-08 17:52:28 ort/utils.py:69 [CLIENT] Observation Sent 4609014/4609014 bytes with state 3
DEBUG 2026-06-08 17:52:28 ort/utils.py:71 [CLIENT] Observation Published 4.395498275756836 MB
DEBUG 2026-06-08 17:52:28 t_client.py:292 Received actions on device: cpu
DEBUG 2026-06-08 17:52:28 t_client.py:302 Actions kept on device: cpu
DEBUG 2026-06-08 17:52:28 t_client.py:209 Sent observation #1283 | 
DEBUG 2026-06-08 17:52:28 t_client.py:434 QUEUE SIZE: 7 (Must go: False)
DEBUG 2026-06-08 17:52:28 t_client.py:477 Control loop (ms): 317.60
DEBUG 2026-06-08 17:52:28 t_client.py:477 Control loop (ms): 2.28
DEBUG 2026-06-08 17:52:28 t_client.py:477 Control loop (ms): 1.71
DEBUG 2026-06-08 17:52:28 t_client.py:477 Control loop (ms): 1.29
DEBUG 2026-06-08 17:52:28 t_client.py:292 Received actions on device: cpu
DEBUG 2026-06-08 17:52:28 t_client.py:302 Actions kept on device: cpu
DEBUG 2026-06-08 17:52:28 t_client.py:477 Control loop (ms): 0.96
DEBUG 2026-06-08 17:52:28 t_client.py:477 Control loop (ms): 1.13
DEBUG 2026-06-08 17:52:28 t_client.py:477 Control loop (ms): 1.31
DEBUG 2026-06-08 17:52:28 follower.py:184 follower_right SOFollower read state: 1.8ms
DEBUG 2026-06-08 17:52:28 follower.py:191 follower_right SOFollower read wrist: 0.0ms
DEBUG 2026-06-08 17:52:28 follower.py:184 follower_left SOFollower read state: 1.7ms
DEBUG 2026-06-08 17:52:28 follower.py:191 follower_left SOFollower read wrist: 0.0ms
DEBUG 2026-06-08 17:52:28 t_client.py:198 Observation serialization time: 0.005043s
DEBUG 2026-06-08 17:52:28 ort/utils.py:54 [CLIENT] Observation Buffer size 4.395498275756836 MB with
DEBUG 2026-06-08 17:52:28 ort/utils.py:69 [CLIENT] Observation Sent 2097152/4609014 bytes with state 1
DEBUG 2026-06-08 17:52:28 ort/utils.py:69 [CLIENT] Observation Sent 4194304/4609014 bytes with state 2
DEBUG 2026-06-08 17:52:28 ort/utils.py:69 [CLIENT] Observation Sent 4609014/4609014 bytes with state 3
DEBUG 2026-06-08 17:52:28 ort/utils.py:71 [CLIENT] Observation Published 4.395498275756836 MB
DEBUG 2026-06-08 17:52:28 t_client.py:209 Sent observation #1290 | 
DEBUG 2026-06-08 17:52:28 t_client.py:434 QUEUE SIZE: 8 (Must go: False)
DEBUG 2026-06-08 17:52:28 t_client.py:477 Control loop (ms): 424.11
DEBUG 2026-06-08 17:52:28 follower.py:184 follower_right SOFollower read state: 2.2ms
DEBUG 2026-06-08 17:52:28 follower.py:191 follower_right SOFollower read wrist: 0.0ms
DEBUG 2026-06-08 17:52:28 follower.py:184 follower_left SOFollower read state: 2.1ms
DEBUG 2026-06-08 17:52:28 follower.py:191 follower_left SOFollower read wrist: 0.0ms
DEBUG 2026-06-08 17:52:28 t_client.py:198 Observation serialization time: 0.012453s
DEBUG 2026-06-08 17:52:28 ort/utils.py:54 [CLIENT] Observation Buffer size 4.395498275756836 MB with
DEBUG 2026-06-08 17:52:28 ort/utils.py:69 [CLIENT] Observation Sent 2097152/4609014 bytes with state 1
DEBUG 2026-06-08 17:52:28 t_client.py:292 Received actions on device: cpu
DEBUG 2026-06-08 17:52:28 t_client.py:302 Actions kept on device: cpu
DEBUG 2026-06-08 17:52:29 ort/utils.py:69 [CLIENT] Observation Sent 4194304/4609014 bytes with state 2
DEBUG 2026-06-08 17:52:29 ort/utils.py:69 [CLIENT] Observation Sent 4609014/4609014 bytes with state 3
DEBUG 2026-06-08 17:52:29 ort/utils.py:71 [CLIENT] Observation Published 4.395498275756836 MB
DEBUG 2026-06-08 17:52:29 t_client.py:209 Sent observation #1291 | 
DEBUG 2026-06-08 17:52:29 t_client.py:434 QUEUE SIZE: 7 (Must go: False)
DEBUG 2026-06-08 17:52:29 t_client.py:477 Control loop (ms): 356.83
DEBUG 2026-06-08 17:52:29 t_client.py:477 Control loop (ms): 2.49
DEBUG 2026-06-08 17:52:29 t_client.py:477 Control loop (ms): 2.86
DEBUG 2026-06-08 17:52:29 t_client.py:477 Control loop (ms): 3.00
DEBUG 2026-06-08 17:52:29 t_client.py:477 Control loop (ms): 3.23
DEBUG 2026-06-08 17:52:29 t_client.py:292 Received actions on device: cpu
DEBUG 2026-06-08 17:52:29 t_client.py:302 Actions kept on device: cpu
DEBUG 2026-06-08 17:52:29 t_client.py:477 Control loop (ms): 2.81
DEBUG 2026-06-08 17:52:29 t_client.py:477 Control loop (ms): 2.83
DEBUG 2026-06-08 17:52:29 follower.py:184 follower_right SOFollower read state: 3.0ms
DEBUG 2026-06-08 17:52:29 follower.py:191 follower_right SOFollower read wrist: 0.1ms
DEBUG 2026-06-08 17:52:29 follower.py:184 follower_left SOFollower read state: 2.8ms
DEBUG 2026-06-08 17:52:29 follower.py:191 follower_left SOFollower read wrist: 0.1ms
DEBUG 2026-06-08 17:52:29 t_client.py:198 Observation serialization time: 0.010952s
DEBUG 2026-06-08 17:52:29 ort/utils.py:54 [CLIENT] Observation Buffer size 4.395498275756836 MB with
DEBUG 2026-06-08 17:52:29 ort/utils.py:69 [CLIENT] Observation Sent 2097152/4609014 bytes with state 1
DEBUG 2026-06-08 17:52:29 ort/utils.py:69 [CLIENT] Observation Sent 4194304/4609014 bytes with state 2
DEBUG 2026-06-08 17:52:29 ort/utils.py:69 [CLIENT] Observation Sent 4609014/4609014 bytes with state 3
DEBUG 2026-06-08 17:52:29 ort/utils.py:71 [CLIENT] Observation Published 4.395498275756836 MB
DEBUG 2026-06-08 17:52:29 t_client.py:209 Sent observation #1298 | 
DEBUG 2026-06-08 17:52:29 t_client.py:434 QUEUE SIZE: 8 (Must go: False)
DEBUG 2026-06-08 17:52:29 t_client.py:477 Control loop (ms): 259.89
DEBUG 2026-06-08 17:52:29 follower.py:184 follower_right SOFollower read state: 1.9ms
DEBUG 2026-06-08 17:52:29 follower.py:191 follower_right SOFollower read wrist: 0.0ms
DEBUG 2026-06-08 17:52:29 follower.py:184 follower_left SOFollower read state: 2.0ms
DEBUG 2026-06-08 17:52:29 follower.py:191 follower_left SOFollower read wrist: 0.0ms
DEBUG 2026-06-08 17:52:29 t_client.py:198 Observation serialization time: 0.011487s
DEBUG 2026-06-08 17:52:29 ort/utils.py:54 [CLIENT] Observation Buffer size 4.395498275756836 MB with
DEBUG 2026-06-08 17:52:29 ort/utils.py:69 [CLIENT] Observation Sent 2097152/4609014 bytes with state 1
DEBUG 2026-06-08 17:52:29 t_client.py:292 Received actions on device: cpu
DEBUG 2026-06-08 17:52:29 t_client.py:302 Actions kept on device: cpu
DEBUG 2026-06-08 17:52:29 ort/utils.py:69 [CLIENT] Observation Sent 4194304/4609014 bytes with state 2
DEBUG 2026-06-08 17:52:29 ort/utils.py:69 [CLIENT] Observation Sent 4609014/4609014 bytes with state 3
DEBUG 2026-06-08 17:52:29 ort/utils.py:71 [CLIENT] Observation Published 4.395498275756836 MB
DEBUG 2026-06-08 17:52:30 t_client.py:209 Sent observation #1299 | 
DEBUG 2026-06-08 17:52:30 t_client.py:434 QUEUE SIZE: 7 (Must go: False)
DEBUG 2026-06-08 17:52:30 t_client.py:477 Control loop (ms): 309.55
DEBUG 2026-06-08 17:52:30 t_client.py:477 Control loop (ms): 1.57
DEBUG 2026-06-08 17:52:30 t_client.py:477 Control loop (ms): 1.75
DEBUG 2026-06-08 17:52:30 t_client.py:477 Control loop (ms): 2.19
DEBUG 2026-06-08 17:52:30 t_client.py:292 Received actions on device: cpu
DEBUG 2026-06-08 17:52:30 t_client.py:302 Actions kept on device: cpu
DEBUG 2026-06-08 17:52:30 t_client.py:477 Control loop (ms): 2.17
DEBUG 2026-06-08 17:52:30 t_client.py:477 Control loop (ms): 2.08
DEBUG 2026-06-08 17:52:30 t_client.py:477 Control loop (ms): 1.92
DEBUG 2026-06-08 17:52:30 follower.py:184 follower_right SOFollower read state: 2.7ms
DEBUG 2026-06-08 17:52:30 follower.py:191 follower_right SOFollower read wrist: 0.0ms
DEBUG 2026-06-08 17:52:30 follower.py:184 follower_left SOFollower read state: 2.2ms
DEBUG 2026-06-08 17:52:30 follower.py:191 follower_left SOFollower read wrist: 0.0ms
DEBUG 2026-06-08 17:52:30 t_client.py:198 Observation serialization time: 0.009236s
DEBUG 2026-06-08 17:52:30 ort/utils.py:54 [CLIENT] Observation Buffer size 4.395498275756836 MB with
DEBUG 2026-06-08 17:52:30 ort/utils.py:69 [CLIENT] Observation Sent 2097152/4609014 bytes with state 1
DEBUG 2026-06-08 17:52:30 ort/utils.py:69 [CLIENT] Observation Sent 4194304/4609014 bytes with state 2
DEBUG 2026-06-08 17:52:30 ort/utils.py:69 [CLIENT] Observation Sent 4609014/4609014 bytes with state 3
DEBUG 2026-06-08 17:52:30 ort/utils.py:71 [CLIENT] Observation Published 4.395498275756836 MB
DEBUG 2026-06-08 17:52:30 t_client.py:209 Sent observation #1306 | 
DEBUG 2026-06-08 17:52:30 t_client.py:434 QUEUE SIZE: 8 (Must go: False)
DEBUG 2026-06-08 17:52:30 t_client.py:477 Control loop (ms): 351.21
DEBUG 2026-06-08 17:52:30 follower.py:184 follower_right SOFollower read state: 1.9ms
DEBUG 2026-06-08 17:52:30 follower.py:191 follower_right SOFollower read wrist: 0.0ms
DEBUG 2026-06-08 17:52:30 follower.py:184 follower_left SOFollower read state: 2.0ms
DEBUG 2026-06-08 17:52:30 follower.py:191 follower_left SOFollower read wrist: 0.0ms
DEBUG 2026-06-08 17:52:30 t_client.py:198 Observation serialization time: 0.008571s
DEBUG 2026-06-08 17:52:30 ort/utils.py:54 [CLIENT] Observation Buffer size 4.395498275756836 MB with
DEBUG 2026-06-08 17:52:30 ort/utils.py:69 [CLIENT] Observation Sent 2097152/4609014 bytes with state 1
DEBUG 2026-06-08 17:52:30 ort/utils.py:69 [CLIENT] Observation Sent 4194304/4609014 bytes with state 2
DEBUG 2026-06-08 17:52:30 ort/utils.py:69 [CLIENT] Observation Sent 4609014/4609014 bytes with state 3
DEBUG 2026-06-08 17:52:30 ort/utils.py:71 [CLIENT] Observation Published 4.395498275756836 MB
DEBUG 2026-06-08 17:52:30 t_client.py:292 Received actions on device: cpu
DEBUG 2026-06-08 17:52:30 t_client.py:302 Actions kept on device: cpu
DEBUG 2026-06-08 17:52:30 t_client.py:209 Sent observation #1307 | 
DEBUG 2026-06-08 17:52:30 t_client.py:434 QUEUE SIZE: 7 (Must go: False)
DEBUG 2026-06-08 17:52:30 t_client.py:477 Control loop (ms): 303.80
DEBUG 2026-06-08 17:52:30 t_client.py:477 Control loop (ms): 2.04
DEBUG 2026-06-08 17:52:30 t_client.py:477 Control loop (ms): 2.99
DEBUG 2026-06-08 17:52:30 t_client.py:477 Control loop (ms): 1.60
DEBUG 2026-06-08 17:52:30 t_client.py:477 Control loop (ms): 1.29
DEBUG 2026-06-08 17:52:31 t_client.py:477 Control loop (ms): 1.95
DEBUG 2026-06-08 17:52:31 t_client.py:292 Received actions on device: cpu
DEBUG 2026-06-08 17:52:31 t_client.py:302 Actions kept on device: cpu
DEBUG 2026-06-08 17:52:31 t_client.py:477 Control loop (ms): 1.60
DEBUG 2026-06-08 17:52:31 follower.py:184 follower_right SOFollower read state: 2.4ms
DEBUG 2026-06-08 17:52:31 follower.py:191 follower_right SOFollower read wrist: 0.0ms
DEBUG 2026-06-08 17:52:31 follower.py:184 follower_left SOFollower read state: 2.6ms
DEBUG 2026-06-08 17:52:31 follower.py:191 follower_left SOFollower read wrist: 0.0ms
DEBUG 2026-06-08 17:52:31 t_client.py:198 Observation serialization time: 0.011542s
DEBUG 2026-06-08 17:52:31 ort/utils.py:54 [CLIENT] Observation Buffer size 4.395498275756836 MB with
DEBUG 2026-06-08 17:52:31 ort/utils.py:69 [CLIENT] Observation Sent 2097152/4609014 bytes with state 1
DEBUG 2026-06-08 17:52:31 ort/utils.py:69 [CLIENT] Observation Sent 4194304/4609014 bytes with state 2
DEBUG 2026-06-08 17:52:31 ort/utils.py:69 [CLIENT] Observation Sent 4609014/4609014 bytes with state 3
DEBUG 2026-06-08 17:52:31 ort/utils.py:71 [CLIENT] Observation Published 4.395498275756836 MB
DEBUG 2026-06-08 17:52:31 t_client.py:209 Sent observation #1314 | 
DEBUG 2026-06-08 17:52:31 t_client.py:434 QUEUE SIZE: 8 (Must go: False)
DEBUG 2026-06-08 17:52:31 t_client.py:477 Control loop (ms): 332.24
DEBUG 2026-06-08 17:52:31 follower.py:184 follower_right SOFollower read state: 2.0ms
DEBUG 2026-06-08 17:52:31 follower.py:191 follower_right SOFollower read wrist: 0.0ms
DEBUG 2026-06-08 17:52:31 follower.py:184 follower_left SOFollower read state: 2.3ms
DEBUG 2026-06-08 17:52:31 follower.py:191 follower_left SOFollower read wrist: 0.0ms
DEBUG 2026-06-08 17:52:31 t_client.py:198 Observation serialization time: 0.009885s
DEBUG 2026-06-08 17:52:31 ort/utils.py:54 [CLIENT] Observation Buffer size 4.395498275756836 MB with
DEBUG 2026-06-08 17:52:31 ort/utils.py:69 [CLIENT] Observation Sent 2097152/4609014 bytes with state 1
DEBUG 2026-06-08 17:52:31 t_client.py:292 Received actions on device: cpu
DEBUG 2026-06-08 17:52:31 t_client.py:302 Actions kept on device: cpu
DEBUG 2026-06-08 17:52:31 ort/utils.py:69 [CLIENT] Observation Sent 4194304/4609014 bytes with state 2
DEBUG 2026-06-08 17:52:31 ort/utils.py:69 [CLIENT] Observation Sent 4609014/4609014 bytes with state 3
DEBUG 2026-06-08 17:52:31 ort/utils.py:71 [CLIENT] Observation Published 4.395498275756836 MB
DEBUG 2026-06-08 17:52:31 t_client.py:209 Sent observation #1315 | 
DEBUG 2026-06-08 17:52:31 t_client.py:434 QUEUE SIZE: 7 (Must go: False)
DEBUG 2026-06-08 17:52:31 t_client.py:477 Control loop (ms): 278.64
DEBUG 2026-06-08 17:52:31 t_client.py:477 Control loop (ms): 1.64
DEBUG 2026-06-08 17:52:31 t_client.py:477 Control loop (ms): 2.35
DEBUG 2026-06-08 17:52:31 t_client.py:477 Control loop (ms): 2.29
DEBUG 2026-06-08 17:52:31 t_client.py:292 Received actions on device: cpu
DEBUG 2026-06-08 17:52:31 t_client.py:302 Actions kept on device: cpu
DEBUG 2026-06-08 17:52:31 t_client.py:477 Control loop (ms): 1.85
DEBUG 2026-06-08 17:52:31 t_client.py:477 Control loop (ms): 2.11
DEBUG 2026-06-08 17:52:31 t_client.py:477 Control loop (ms): 2.07
DEBUG 2026-06-08 17:52:31 follower.py:184 follower_right SOFollower read state: 2.1ms
DEBUG 2026-06-08 17:52:31 follower.py:191 follower_right SOFollower read wrist: 0.0ms
DEBUG 2026-06-08 17:52:31 follower.py:184 follower_left SOFollower read state: 1.7ms
DEBUG 2026-06-08 17:52:31 follower.py:191 follower_left SOFollower read wrist: 0.0ms
DEBUG 2026-06-08 17:52:31 t_client.py:198 Observation serialization time: 0.006724s
DEBUG 2026-06-08 17:52:31 ort/utils.py:54 [CLIENT] Observation Buffer size 4.395498275756836 MB with
DEBUG 2026-06-08 17:52:31 ort/utils.py:69 [CLIENT] Observation Sent 2097152/4609014 bytes with state 1
DEBUG 2026-06-08 17:52:32 ort/utils.py:69 [CLIENT] Observation Sent 4194304/4609014 bytes with state 2
DEBUG 2026-06-08 17:52:32 ort/utils.py:69 [CLIENT] Observation Sent 4609014/4609014 bytes with state 3
DEBUG 2026-06-08 17:52:32 ort/utils.py:71 [CLIENT] Observation Published 4.395498275756836 MB
DEBUG 2026-06-08 17:52:32 t_client.py:209 Sent observation #1322 | 
DEBUG 2026-06-08 17:52:32 t_client.py:434 QUEUE SIZE: 8 (Must go: False)
DEBUG 2026-06-08 17:52:32 t_client.py:477 Control loop (ms): 308.63
DEBUG 2026-06-08 17:52:32 follower.py:184 follower_right SOFollower read state: 1.7ms
DEBUG 2026-06-08 17:52:32 follower.py:191 follower_right SOFollower read wrist: 0.0ms
DEBUG 2026-06-08 17:52:32 follower.py:184 follower_left SOFollower read state: 1.6ms
DEBUG 2026-06-08 17:52:32 follower.py:191 follower_left SOFollower read wrist: 0.0ms
DEBUG 2026-06-08 17:52:32 t_client.py:198 Observation serialization time: 0.004860s
DEBUG 2026-06-08 17:52:32 ort/utils.py:54 [CLIENT] Observation Buffer size 4.395498275756836 MB with
DEBUG 2026-06-08 17:52:32 ort/utils.py:69 [CLIENT] Observation Sent 2097152/4609014 bytes with state 1
DEBUG 2026-06-08 17:52:32 ort/utils.py:69 [CLIENT] Observation Sent 4194304/4609014 bytes with state 2
DEBUG 2026-06-08 17:52:32 ort/utils.py:69 [CLIENT] Observation Sent 4609014/4609014 bytes with state 3
DEBUG 2026-06-08 17:52:32 ort/utils.py:71 [CLIENT] Observation Published 4.395498275756836 MB
DEBUG 2026-06-08 17:52:32 t_client.py:292 Received actions on device: cpu
DEBUG 2026-06-08 17:52:32 t_client.py:302 Actions kept on device: cpu
DEBUG 2026-06-08 17:52:32 t_client.py:209 Sent observation #1323 | 
DEBUG 2026-06-08 17:52:32 t_client.py:434 QUEUE SIZE: 7 (Must go: False)
DEBUG 2026-06-08 17:52:32 t_client.py:477 Control loop (ms): 176.94
DEBUG 2026-06-08 17:52:32 t_client.py:477 Control loop (ms): 2.11
DEBUG 2026-06-08 17:52:32 t_client.py:477 Control loop (ms): 2.28
DEBUG 2026-06-08 17:52:32 t_client.py:477 Control loop (ms): 2.97
DEBUG 2026-06-08 17:52:32 t_client.py:292 Received actions on device: cpu
DEBUG 2026-06-08 17:52:32 t_client.py:302 Actions kept on device: cpu
DEBUG 2026-06-08 17:52:32 t_client.py:477 Control loop (ms): 1.10
DEBUG 2026-06-08 17:52:32 t_client.py:477 Control loop (ms): 2.33
DEBUG 2026-06-08 17:52:32 t_client.py:477 Control loop (ms): 1.33
DEBUG 2026-06-08 17:52:32 follower.py:184 follower_right SOFollower read state: 2.3ms
DEBUG 2026-06-08 17:52:32 follower.py:191 follower_right SOFollower read wrist: 0.0ms
DEBUG 2026-06-08 17:52:32 follower.py:184 follower_left SOFollower read state: 3.4ms
DEBUG 2026-06-08 17:52:32 follower.py:191 follower_left SOFollower read wrist: 0.0ms
DEBUG 2026-06-08 17:52:32 t_client.py:198 Observation serialization time: 0.010264s
DEBUG 2026-06-08 17:52:32 ort/utils.py:54 [CLIENT] Observation Buffer size 4.395498275756836 MB with
DEBUG 2026-06-08 17:52:32 ort/utils.py:69 [CLIENT] Observation Sent 2097152/4609014 bytes with state 1
DEBUG 2026-06-08 17:52:32 ort/utils.py:69 [CLIENT] Observation Sent 4194304/4609014 bytes with state 2
DEBUG 2026-06-08 17:52:32 ort/utils.py:69 [CLIENT] Observation Sent 4609014/4609014 bytes with state 3
DEBUG 2026-06-08 17:52:32 ort/utils.py:71 [CLIENT] Observation Published 4.395498275756836 MB
DEBUG 2026-06-08 17:52:32 t_client.py:209 Sent observation #1330 | 
DEBUG 2026-06-08 17:52:32 t_client.py:434 QUEUE SIZE: 8 (Must go: False)
DEBUG 2026-06-08 17:52:32 t_client.py:477 Control loop (ms): 310.88
DEBUG 2026-06-08 17:52:32 follower.py:184 follower_right SOFollower read state: 2.7ms
DEBUG 2026-06-08 17:52:32 follower.py:191 follower_right SOFollower read wrist: 0.0ms
DEBUG 2026-06-08 17:52:32 follower.py:184 follower_left SOFollower read state: 2.1ms
DEBUG 2026-06-08 17:52:32 follower.py:191 follower_left SOFollower read wrist: 0.0ms
DEBUG 2026-06-08 17:52:32 t_client.py:198 Observation serialization time: 0.006121s
DEBUG 2026-06-08 17:52:32 ort/utils.py:54 [CLIENT] Observation Buffer size 4.395498275756836 MB with
DEBUG 2026-06-08 17:52:32 ort/utils.py:69 [CLIENT] Observation Sent 2097152/4609014 bytes with state 1
DEBUG 2026-06-08 17:52:32 ort/utils.py:69 [CLIENT] Observation Sent 4194304/4609014 bytes with state 2
DEBUG 2026-06-08 17:52:32 ort/utils.py:69 [CLIENT] Observation Sent 4609014/4609014 bytes with state 3
DEBUG 2026-06-08 17:52:32 ort/utils.py:71 [CLIENT] Observation Published 4.395498275756836 MB
DEBUG 2026-06-08 17:52:33 t_client.py:209 Sent observation #1331 | 
DEBUG 2026-06-08 17:52:33 t_client.py:434 QUEUE SIZE: 7 (Must go: False)
DEBUG 2026-06-08 17:52:33 t_client.py:477 Control loop (ms): 242.23
DEBUG 2026-06-08 17:52:33 t_client.py:292 Received actions on device: cpu
DEBUG 2026-06-08 17:52:33 t_client.py:302 Actions kept on device: cpu
DEBUG 2026-06-08 17:52:33 follower.py:184 follower_right SOFollower read state: 1.5ms
DEBUG 2026-06-08 17:52:33 follower.py:191 follower_right SOFollower read wrist: 0.0ms
DEBUG 2026-06-08 17:52:33 follower.py:184 follower_left SOFollower read state: 1.5ms
DEBUG 2026-06-08 17:52:33 follower.py:191 follower_left SOFollower read wrist: 0.0ms
DEBUG 2026-06-08 17:52:33 t_client.py:198 Observation serialization time: 0.006263s
DEBUG 2026-06-08 17:52:33 ort/utils.py:54 [CLIENT] Observation Buffer size 4.395498275756836 MB with
DEBUG 2026-06-08 17:52:33 ort/utils.py:69 [CLIENT] Observation Sent 2097152/4609014 bytes with state 1
DEBUG 2026-06-08 17:52:33 ort/utils.py:69 [CLIENT] Observation Sent 4194304/4609014 bytes with state 2
DEBUG 2026-06-08 17:52:33 ort/utils.py:69 [CLIENT] Observation Sent 4609014/4609014 bytes with state 3
DEBUG 2026-06-08 17:52:33 ort/utils.py:71 [CLIENT] Observation Published 4.395498275756836 MB
DEBUG 2026-06-08 17:52:33 t_client.py:292 Received actions on device: cpu
DEBUG 2026-06-08 17:52:33 t_client.py:302 Actions kept on device: cpu
DEBUG 2026-06-08 17:52:33 t_client.py:209 Sent observation #1332 | 
DEBUG 2026-06-08 17:52:33 t_client.py:434 QUEUE SIZE: 14 (Must go: False)
DEBUG 2026-06-08 17:52:33 t_client.py:477 Control loop (ms): 271.70
DEBUG 2026-06-08 17:52:33 t_client.py:477 Control loop (ms): 2.02
DEBUG 2026-06-08 17:52:33 t_client.py:477 Control loop (ms): 2.11
DEBUG 2026-06-08 17:52:33 t_client.py:477 Control loop (ms): 2.73
DEBUG 2026-06-08 17:52:33 t_client.py:292 Received actions on device: cpu
DEBUG 2026-06-08 17:52:33 t_client.py:302 Actions kept on device: cpu
DEBUG 2026-06-08 17:52:33 t_client.py:477 Control loop (ms): 4.54
DEBUG 2026-06-08 17:52:33 t_client.py:477 Control loop (ms): 0.93
DEBUG 2026-06-08 17:52:33 t_client.py:477 Control loop (ms): 2.00
DEBUG 2026-06-08 17:52:33 t_client.py:477 Control loop (ms): 1.62
DEBUG 2026-06-08 17:52:33 follower.py:184 follower_right SOFollower read state: 2.0ms
DEBUG 2026-06-08 17:52:33 follower.py:191 follower_right SOFollower read wrist: 0.0ms
DEBUG 2026-06-08 17:52:33 follower.py:184 follower_left SOFollower read state: 1.9ms
DEBUG 2026-06-08 17:52:33 follower.py:191 follower_left SOFollower read wrist: 0.0ms
DEBUG 2026-06-08 17:52:33 t_client.py:198 Observation serialization time: 0.006921s
DEBUG 2026-06-08 17:52:33 ort/utils.py:54 [CLIENT] Observation Buffer size 4.395498275756836 MB with
DEBUG 2026-06-08 17:52:33 ort/utils.py:69 [CLIENT] Observation Sent 2097152/4609014 bytes with state 1
DEBUG 2026-06-08 17:52:33 ort/utils.py:69 [CLIENT] Observation Sent 4194304/4609014 bytes with state 2
DEBUG 2026-06-08 17:52:33 ort/utils.py:69 [CLIENT] Observation Sent 4609014/4609014 bytes with state 3
DEBUG 2026-06-08 17:52:33 ort/utils.py:71 [CLIENT] Observation Published 4.395498275756836 MB
DEBUG 2026-06-08 17:52:33 t_client.py:209 Sent observation #1339 | 
DEBUG 2026-06-08 17:52:33 t_client.py:434 QUEUE SIZE: 8 (Must go: False)
DEBUG 2026-06-08 17:52:33 t_client.py:477 Control loop (ms): 258.57
DEBUG 2026-06-08 17:52:33 follower.py:184 follower_right SOFollower read state: 2.1ms
DEBUG 2026-06-08 17:52:33 follower.py:191 follower_right SOFollower read wrist: 0.0ms
DEBUG 2026-06-08 17:52:33 follower.py:184 follower_left SOFollower read state: 1.7ms
DEBUG 2026-06-08 17:52:33 follower.py:191 follower_left SOFollower read wrist: 0.0ms
DEBUG 2026-06-08 17:52:33 t_client.py:198 Observation serialization time: 0.007637s
DEBUG 2026-06-08 17:52:33 ort/utils.py:54 [CLIENT] Observation Buffer size 4.395498275756836 MB with
DEBUG 2026-06-08 17:52:33 ort/utils.py:69 [CLIENT] Observation Sent 2097152/4609014 bytes with state 1
DEBUG 2026-06-08 17:52:34 ort/utils.py:69 [CLIENT] Observation Sent 4194304/4609014 bytes with state 2
DEBUG 2026-06-08 17:52:34 ort/utils.py:69 [CLIENT] Observation Sent 4609014/4609014 bytes with state 3
DEBUG 2026-06-08 17:52:34 ort/utils.py:71 [CLIENT] Observation Published 4.395498275756836 MB
DEBUG 2026-06-08 17:52:34 t_client.py:209 Sent observation #1340 | 
DEBUG 2026-06-08 17:52:34 t_client.py:434 QUEUE SIZE: 7 (Must go: False)
DEBUG 2026-06-08 17:52:34 t_client.py:477 Control loop (ms): 222.26
DEBUG 2026-06-08 17:52:34 follower.py:184 follower_right SOFollower read state: 3.1ms
DEBUG 2026-06-08 17:52:34 follower.py:191 follower_right SOFollower read wrist: 0.0ms
DEBUG 2026-06-08 17:52:34 follower.py:184 follower_left SOFollower read state: 4.3ms
DEBUG 2026-06-08 17:52:34 follower.py:191 follower_left SOFollower read wrist: 0.0ms
DEBUG 2026-06-08 17:52:34 t_client.py:198 Observation serialization time: 0.009130s
DEBUG 2026-06-08 17:52:34 ort/utils.py:54 [CLIENT] Observation Buffer size 4.395498275756836 MB with
DEBUG 2026-06-08 17:52:34 t_client.py:292 Received actions on device: cpu
DEBUG 2026-06-08 17:52:34 t_client.py:302 Actions kept on device: cpu
DEBUG 2026-06-08 17:52:34 ort/utils.py:69 [CLIENT] Observation Sent 2097152/4609014 bytes with state 1
DEBUG 2026-06-08 17:52:34 ort/utils.py:69 [CLIENT] Observation Sent 4194304/4609014 bytes with state 2
DEBUG 2026-06-08 17:52:34 ort/utils.py:69 [CLIENT] Observation Sent 4609014/4609014 bytes with state 3
DEBUG 2026-06-08 17:52:34 ort/utils.py:71 [CLIENT] Observation Published 4.395498275756836 MB
DEBUG 2026-06-08 17:52:34 t_client.py:292 Received actions on device: cpu
DEBUG 2026-06-08 17:52:34 t_client.py:302 Actions kept on device: cpu
DEBUG 2026-06-08 17:52:34 t_client.py:209 Sent observation #1341 | 
DEBUG 2026-06-08 17:52:34 t_client.py:434 QUEUE SIZE: 6 (Must go: False)
DEBUG 2026-06-08 17:52:34 t_client.py:477 Control loop (ms): 475.26
DEBUG 2026-06-08 17:52:34 t_client.py:477 Control loop (ms): 1.66
DEBUG 2026-06-08 17:52:34 t_client.py:477 Control loop (ms): 2.85
DEBUG 2026-06-08 17:52:34 t_client.py:477 Control loop (ms): 2.12
DEBUG 2026-06-08 17:52:34 t_client.py:477 Control loop (ms): 2.41
DEBUG 2026-06-08 17:52:34 t_client.py:292 Received actions on device: cpu
DEBUG 2026-06-08 17:52:34 t_client.py:302 Actions kept on device: cpu
DEBUG 2026-06-08 17:52:34 t_client.py:477 Control loop (ms): 2.09
DEBUG 2026-06-08 17:52:34 t_client.py:477 Control loop (ms): 1.91
DEBUG 2026-06-08 17:52:34 follower.py:184 follower_right SOFollower read state: 2.1ms
DEBUG 2026-06-08 17:52:34 follower.py:191 follower_right SOFollower read wrist: 0.0ms
DEBUG 2026-06-08 17:52:34 follower.py:184 follower_left SOFollower read state: 2.1ms
DEBUG 2026-06-08 17:52:34 follower.py:191 follower_left SOFollower read wrist: 0.0ms
DEBUG 2026-06-08 17:52:34 t_client.py:198 Observation serialization time: 0.011440s
DEBUG 2026-06-08 17:52:34 ort/utils.py:54 [CLIENT] Observation Buffer size 4.395498275756836 MB with
DEBUG 2026-06-08 17:52:34 ort/utils.py:69 [CLIENT] Observation Sent 2097152/4609014 bytes with state 1
DEBUG 2026-06-08 17:52:34 ort/utils.py:69 [CLIENT] Observation Sent 4194304/4609014 bytes with state 2
DEBUG 2026-06-08 17:52:34 ort/utils.py:69 [CLIENT] Observation Sent 4609014/4609014 bytes with state 3
DEBUG 2026-06-08 17:52:34 ort/utils.py:71 [CLIENT] Observation Published 4.395498275756836 MB
DEBUG 2026-06-08 17:52:35 t_client.py:209 Sent observation #1348 | 
DEBUG 2026-06-08 17:52:35 t_client.py:434 QUEUE SIZE: 8 (Must go: False)
DEBUG 2026-06-08 17:52:35 t_client.py:477 Control loop (ms): 359.58
DEBUG 2026-06-08 17:52:35 follower.py:184 follower_right SOFollower read state: 2.1ms
DEBUG 2026-06-08 17:52:35 follower.py:191 follower_right SOFollower read wrist: 0.0ms
DEBUG 2026-06-08 17:52:35 follower.py:184 follower_left SOFollower read state: 2.1ms
DEBUG 2026-06-08 17:52:35 follower.py:191 follower_left SOFollower read wrist: 0.0ms
DEBUG 2026-06-08 17:52:35 t_client.py:198 Observation serialization time: 0.009519s
DEBUG 2026-06-08 17:52:35 ort/utils.py:54 [CLIENT] Observation Buffer size 4.395498275756836 MB with
DEBUG 2026-06-08 17:52:35 ort/utils.py:69 [CLIENT] Observation Sent 2097152/4609014 bytes with state 1
DEBUG 2026-06-08 17:52:35 ort/utils.py:69 [CLIENT] Observation Sent 4194304/4609014 bytes with state 2
DEBUG 2026-06-08 17:52:35 ort/utils.py:69 [CLIENT] Observation Sent 4609014/4609014 bytes with state 3
DEBUG 2026-06-08 17:52:35 ort/utils.py:71 [CLIENT] Observation Published 4.395498275756836 MB
DEBUG 2026-06-08 17:52:35 t_client.py:292 Received actions on device: cpu
DEBUG 2026-06-08 17:52:35 t_client.py:302 Actions kept on device: cpu
DEBUG 2026-06-08 17:52:35 t_client.py:209 Sent observation #1349 | 
DEBUG 2026-06-08 17:52:35 t_client.py:434 QUEUE SIZE: 7 (Must go: False)
DEBUG 2026-06-08 17:52:35 t_client.py:477 Control loop (ms): 260.81
DEBUG 2026-06-08 17:52:35 t_client.py:477 Control loop (ms): 2.73
DEBUG 2026-06-08 17:52:35 t_client.py:477 Control loop (ms): 2.83
DEBUG 2026-06-08 17:52:35 t_client.py:477 Control loop (ms): 2.60
DEBUG 2026-06-08 17:52:35 t_client.py:292 Received actions on device: cpu
DEBUG 2026-06-08 17:52:35 t_client.py:302 Actions kept on device: cpu
DEBUG 2026-06-08 17:52:35 t_client.py:477 Control loop (ms): 2.67
DEBUG 2026-06-08 17:52:35 t_client.py:477 Control loop (ms): 2.08
DEBUG 2026-06-08 17:52:35 t_client.py:477 Control loop (ms): 2.04
DEBUG 2026-06-08 17:52:35 follower.py:184 follower_right SOFollower read state: 2.3ms
DEBUG 2026-06-08 17:52:35 follower.py:191 follower_right SOFollower read wrist: 0.0ms
DEBUG 2026-06-08 17:52:35 follower.py:184 follower_left SOFollower read state: 2.3ms
DEBUG 2026-06-08 17:52:35 follower.py:191 follower_left SOFollower read wrist: 0.1ms
DEBUG 2026-06-08 17:52:35 t_client.py:198 Observation serialization time: 0.010267s
DEBUG 2026-06-08 17:52:35 ort/utils.py:54 [CLIENT] Observation Buffer size 4.395498275756836 MB with
DEBUG 2026-06-08 17:52:35 ort/utils.py:69 [CLIENT] Observation Sent 2097152/4609014 bytes with state 1
DEBUG 2026-06-08 17:52:35 ort/utils.py:69 [CLIENT] Observation Sent 4194304/4609014 bytes with state 2
DEBUG 2026-06-08 17:52:35 ort/utils.py:69 [CLIENT] Observation Sent 4609014/4609014 bytes with state 3
DEBUG 2026-06-08 17:52:35 ort/utils.py:71 [CLIENT] Observation Published 4.395498275756836 MB
DEBUG 2026-06-08 17:52:35 t_client.py:209 Sent observation #1356 | 
DEBUG 2026-06-08 17:52:35 t_client.py:434 QUEUE SIZE: 8 (Must go: False)
DEBUG 2026-06-08 17:52:35 t_client.py:477 Control loop (ms): 246.29
DEBUG 2026-06-08 17:52:35 follower.py:184 follower_right SOFollower read state: 2.2ms
DEBUG 2026-06-08 17:52:35 follower.py:191 follower_right SOFollower read wrist: 0.0ms
DEBUG 2026-06-08 17:52:35 follower.py:184 follower_left SOFollower read state: 1.7ms
DEBUG 2026-06-08 17:52:35 follower.py:191 follower_left SOFollower read wrist: 0.0ms
DEBUG 2026-06-08 17:52:35 t_client.py:198 Observation serialization time: 0.009661s
DEBUG 2026-06-08 17:52:35 ort/utils.py:54 [CLIENT] Observation Buffer size 4.395498275756836 MB with
DEBUG 2026-06-08 17:52:35 ort/utils.py:69 [CLIENT] Observation Sent 2097152/4609014 bytes with state 1
DEBUG 2026-06-08 17:52:35 ort/utils.py:69 [CLIENT] Observation Sent 4194304/4609014 bytes with state 2
DEBUG 2026-06-08 17:52:35 ort/utils.py:69 [CLIENT] Observation Sent 4609014/4609014 bytes with state 3
DEBUG 2026-06-08 17:52:35 ort/utils.py:71 [CLIENT] Observation Published 4.395498275756836 MB
DEBUG 2026-06-08 17:52:36 t_client.py:292 Received actions on device: cpu
DEBUG 2026-06-08 17:52:36 t_client.py:302 Actions kept on device: cpu
DEBUG 2026-06-08 17:52:36 t_client.py:209 Sent observation #1357 | 
DEBUG 2026-06-08 17:52:36 t_client.py:434 QUEUE SIZE: 7 (Must go: False)
DEBUG 2026-06-08 17:52:36 t_client.py:477 Control loop (ms): 323.83
DEBUG 2026-06-08 17:52:36 t_client.py:477 Control loop (ms): 1.68
DEBUG 2026-06-08 17:52:36 t_client.py:477 Control loop (ms): 1.84
DEBUG 2026-06-08 17:52:36 t_client.py:477 Control loop (ms): 2.10
DEBUG 2026-06-08 17:52:36 t_client.py:477 Control loop (ms): 9.28
DEBUG 2026-06-08 17:52:36 t_client.py:292 Received actions on device: cpu
DEBUG 2026-06-08 17:52:36 t_client.py:302 Actions kept on device: cpu
DEBUG 2026-06-08 17:52:36 t_client.py:477 Control loop (ms): 0.69
DEBUG 2026-06-08 17:52:36 t_client.py:477 Control loop (ms): 1.67
DEBUG 2026-06-08 17:52:36 follower.py:184 follower_right SOFollower read state: 2.5ms
DEBUG 2026-06-08 17:52:36 follower.py:191 follower_right SOFollower read wrist: 0.0ms
DEBUG 2026-06-08 17:52:36 follower.py:184 follower_left SOFollower read state: 2.3ms
DEBUG 2026-06-08 17:52:36 follower.py:191 follower_left SOFollower read wrist: 0.0ms
DEBUG 2026-06-08 17:52:36 t_client.py:198 Observation serialization time: 0.009022s
DEBUG 2026-06-08 17:52:36 ort/utils.py:54 [CLIENT] Observation Buffer size 4.395498275756836 MB with
DEBUG 2026-06-08 17:52:36 ort/utils.py:69 [CLIENT] Observation Sent 2097152/4609014 bytes with state 1
DEBUG 2026-06-08 17:52:36 ort/utils.py:69 [CLIENT] Observation Sent 4194304/4609014 bytes with state 2
DEBUG 2026-06-08 17:52:36 ort/utils.py:69 [CLIENT] Observation Sent 4609014/4609014 bytes with state 3
DEBUG 2026-06-08 17:52:36 ort/utils.py:71 [CLIENT] Observation Published 4.395498275756836 MB
DEBUG 2026-06-08 17:52:36 t_client.py:209 Sent observation #1364 | 
DEBUG 2026-06-08 17:52:36 t_client.py:434 QUEUE SIZE: 8 (Must go: False)
DEBUG 2026-06-08 17:52:36 t_client.py:477 Control loop (ms): 394.03
DEBUG 2026-06-08 17:52:36 follower.py:184 follower_right SOFollower read state: 1.9ms
DEBUG 2026-06-08 17:52:36 follower.py:191 follower_right SOFollower read wrist: 0.0ms
DEBUG 2026-06-08 17:52:36 follower.py:184 follower_left SOFollower read state: 1.8ms
DEBUG 2026-06-08 17:52:36 follower.py:191 follower_left SOFollower read wrist: 0.0ms
DEBUG 2026-06-08 17:52:36 t_client.py:198 Observation serialization time: 0.009604s
DEBUG 2026-06-08 17:52:36 ort/utils.py:54 [CLIENT] Observation Buffer size 4.395498275756836 MB with
DEBUG 2026-06-08 17:52:36 ort/utils.py:69 [CLIENT] Observation Sent 2097152/4609014 bytes with state 1
DEBUG 2026-06-08 17:52:36 ort/utils.py:69 [CLIENT] Observation Sent 4194304/4609014 bytes with state 2
DEBUG 2026-06-08 17:52:36 ort/utils.py:69 [CLIENT] Observation Sent 4609014/4609014 bytes with state 3
DEBUG 2026-06-08 17:52:36 ort/utils.py:71 [CLIENT] Observation Published 4.395498275756836 MB
DEBUG 2026-06-08 17:52:36 t_client.py:292 Received actions on device: cpu
DEBUG 2026-06-08 17:52:36 t_client.py:302 Actions kept on device: cpu
DEBUG 2026-06-08 17:52:37 t_client.py:209 Sent observation #1365 | 
DEBUG 2026-06-08 17:52:37 t_client.py:434 QUEUE SIZE: 7 (Must go: False)
DEBUG 2026-06-08 17:52:37 t_client.py:477 Control loop (ms): 307.60
DEBUG 2026-06-08 17:52:37 t_client.py:477 Control loop (ms): 2.45
DEBUG 2026-06-08 17:52:37 t_client.py:477 Control loop (ms): 2.12
DEBUG 2026-06-08 17:52:37 t_client.py:477 Control loop (ms): 2.13
DEBUG 2026-06-08 17:52:37 t_client.py:292 Received actions on device: cpu
DEBUG 2026-06-08 17:52:37 t_client.py:302 Actions kept on device: cpu
DEBUG 2026-06-08 17:52:37 t_client.py:477 Control loop (ms): 1.86
DEBUG 2026-06-08 17:52:37 t_client.py:477 Control loop (ms): 2.10
DEBUG 2026-06-08 17:52:37 t_client.py:477 Control loop (ms): 2.02
DEBUG 2026-06-08 17:52:37 follower.py:184 follower_right SOFollower read state: 2.4ms
DEBUG 2026-06-08 17:52:37 follower.py:191 follower_right SOFollower read wrist: 0.0ms
DEBUG 2026-06-08 17:52:37 follower.py:184 follower_left SOFollower read state: 2.7ms
DEBUG 2026-06-08 17:52:37 follower.py:191 follower_left SOFollower read wrist: 0.0ms
DEBUG 2026-06-08 17:52:37 t_client.py:198 Observation serialization time: 0.007752s
DEBUG 2026-06-08 17:52:37 ort/utils.py:54 [CLIENT] Observation Buffer size 4.395498275756836 MB with
DEBUG 2026-06-08 17:52:37 ort/utils.py:69 [CLIENT] Observation Sent 2097152/4609014 bytes with state 1
DEBUG 2026-06-08 17:52:37 ort/utils.py:69 [CLIENT] Observation Sent 4194304/4609014 bytes with state 2
DEBUG 2026-06-08 17:52:37 ort/utils.py:69 [CLIENT] Observation Sent 4609014/4609014 bytes with state 3
DEBUG 2026-06-08 17:52:37 ort/utils.py:71 [CLIENT] Observation Published 4.395498275756836 MB
DEBUG 2026-06-08 17:52:37 t_client.py:209 Sent observation #1372 | 
DEBUG 2026-06-08 17:52:37 t_client.py:434 QUEUE SIZE: 8 (Must go: False)
DEBUG 2026-06-08 17:52:37 t_client.py:477 Control loop (ms): 251.07
DEBUG 2026-06-08 17:52:37 follower.py:184 follower_right SOFollower read state: 2.4ms
DEBUG 2026-06-08 17:52:37 follower.py:191 follower_right SOFollower read wrist: 0.0ms
DEBUG 2026-06-08 17:52:37 follower.py:184 follower_left SOFollower read state: 2.6ms
DEBUG 2026-06-08 17:52:37 follower.py:191 follower_left SOFollower read wrist: 0.0ms
DEBUG 2026-06-08 17:52:37 t_client.py:198 Observation serialization time: 0.010330s
DEBUG 2026-06-08 17:52:37 ort/utils.py:54 [CLIENT] Observation Buffer size 4.395498275756836 MB with
DEBUG 2026-06-08 17:52:37 ort/utils.py:69 [CLIENT] Observation Sent 2097152/4609014 bytes with state 1
DEBUG 2026-06-08 17:52:37 ort/utils.py:69 [CLIENT] Observation Sent 4194304/4609014 bytes with state 2
DEBUG 2026-06-08 17:52:37 ort/utils.py:69 [CLIENT] Observation Sent 4609014/4609014 bytes with state 3
DEBUG 2026-06-08 17:52:37 ort/utils.py:71 [CLIENT] Observation Published 4.395498275756836 MB
DEBUG 2026-06-08 17:52:37 t_client.py:292 Received actions on device: cpu
DEBUG 2026-06-08 17:52:37 t_client.py:302 Actions kept on device: cpu
DEBUG 2026-06-08 17:52:37 t_client.py:209 Sent observation #1373 | 
DEBUG 2026-06-08 17:52:37 t_client.py:434 QUEUE SIZE: 7 (Must go: False)
DEBUG 2026-06-08 17:52:37 t_client.py:477 Control loop (ms): 291.24
DEBUG 2026-06-08 17:52:37 t_client.py:477 Control loop (ms): 2.27
DEBUG 2026-06-08 17:52:37 t_client.py:477 Control loop (ms): 1.76
DEBUG 2026-06-08 17:52:37 t_client.py:477 Control loop (ms): 1.65
DEBUG 2026-06-08 17:52:37 t_client.py:292 Received actions on device: cpu
DEBUG 2026-06-08 17:52:37 t_client.py:302 Actions kept on device: cpu
DEBUG 2026-06-08 17:52:37 t_client.py:477 Control loop (ms): 1.82
DEBUG 2026-06-08 17:52:37 t_client.py:477 Control loop (ms): 2.14
DEBUG 2026-06-08 17:52:38 t_client.py:477 Control loop (ms): 1.58
DEBUG 2026-06-08 17:52:38 follower.py:184 follower_right SOFollower read state: 2.1ms
DEBUG 2026-06-08 17:52:38 follower.py:191 follower_right SOFollower read wrist: 0.1ms
DEBUG 2026-06-08 17:52:38 follower.py:184 follower_left SOFollower read state: 2.0ms
DEBUG 2026-06-08 17:52:38 follower.py:191 follower_left SOFollower read wrist: 0.0ms
DEBUG 2026-06-08 17:52:38 t_client.py:198 Observation serialization time: 0.009475s
DEBUG 2026-06-08 17:52:38 ort/utils.py:54 [CLIENT] Observation Buffer size 4.395498275756836 MB with
DEBUG 2026-06-08 17:52:38 ort/utils.py:69 [CLIENT] Observation Sent 2097152/4609014 bytes with state 1
DEBUG 2026-06-08 17:52:38 ort/utils.py:69 [CLIENT] Observation Sent 4194304/4609014 bytes with state 2
DEBUG 2026-06-08 17:52:38 ort/utils.py:69 [CLIENT] Observation Sent 4609014/4609014 bytes with state 3
DEBUG 2026-06-08 17:52:38 ort/utils.py:71 [CLIENT] Observation Published 4.395498275756836 MB
DEBUG 2026-06-08 17:52:39 t_client.py:209 Sent observation #1380 | 
DEBUG 2026-06-08 17:52:39 t_client.py:434 QUEUE SIZE: 8 (Must go: False)
DEBUG 2026-06-08 17:52:39 t_client.py:477 Control loop (ms): 1708.12
DEBUG 2026-06-08 17:52:39 follower.py:184 follower_right SOFollower read state: 1.6ms
DEBUG 2026-06-08 17:52:39 follower.py:191 follower_right SOFollower read wrist: 0.0ms
DEBUG 2026-06-08 17:52:39 follower.py:184 follower_left SOFollower read state: 1.7ms
DEBUG 2026-06-08 17:52:39 follower.py:191 follower_left SOFollower read wrist: 0.0ms
DEBUG 2026-06-08 17:52:39 t_client.py:198 Observation serialization time: 0.006192s
DEBUG 2026-06-08 17:52:39 ort/utils.py:54 [CLIENT] Observation Buffer size 4.395498275756836 MB with
DEBUG 2026-06-08 17:52:39 ort/utils.py:69 [CLIENT] Observation Sent 2097152/4609014 bytes with state 1
DEBUG 2026-06-08 17:52:39 t_client.py:292 Received actions on device: cpu
DEBUG 2026-06-08 17:52:39 t_client.py:302 Actions kept on device: cpu
DEBUG 2026-06-08 17:52:39 ort/utils.py:69 [CLIENT] Observation Sent 4194304/4609014 bytes with state 2
DEBUG 2026-06-08 17:52:39 ort/utils.py:69 [CLIENT] Observation Sent 4609014/4609014 bytes with state 3
DEBUG 2026-06-08 17:52:39 ort/utils.py:71 [CLIENT] Observation Published 4.395498275756836 MB
DEBUG 2026-06-08 17:52:40 t_client.py:209 Sent observation #1381 | 
DEBUG 2026-06-08 17:52:40 t_client.py:434 QUEUE SIZE: 7 (Must go: False)
DEBUG 2026-06-08 17:52:40 t_client.py:477 Control loop (ms): 438.37
DEBUG 2026-06-08 17:52:40 t_client.py:477 Control loop (ms): 2.45
DEBUG 2026-06-08 17:52:40 t_client.py:477 Control loop (ms): 1.80
DEBUG 2026-06-08 17:52:40 t_client.py:477 Control loop (ms): 1.67
DEBUG 2026-06-08 17:52:40 t_client.py:477 Control loop (ms): 3.24
DEBUG 2026-06-08 17:52:40 t_client.py:292 Received actions on device: cpu
DEBUG 2026-06-08 17:52:40 t_client.py:302 Actions kept on device: cpu
DEBUG 2026-06-08 17:52:40 t_client.py:477 Control loop (ms): 1.66
DEBUG 2026-06-08 17:52:40 t_client.py:477 Control loop (ms): 1.88
DEBUG 2026-06-08 17:52:40 follower.py:184 follower_right SOFollower read state: 2.7ms
DEBUG 2026-06-08 17:52:40 follower.py:191 follower_right SOFollower read wrist: 0.1ms
DEBUG 2026-06-08 17:52:40 follower.py:184 follower_left SOFollower read state: 2.2ms
DEBUG 2026-06-08 17:52:40 follower.py:191 follower_left SOFollower read wrist: 0.0ms
DEBUG 2026-06-08 17:52:40 t_client.py:198 Observation serialization time: 0.008421s
DEBUG 2026-06-08 17:52:40 ort/utils.py:54 [CLIENT] Observation Buffer size 4.395498275756836 MB with
DEBUG 2026-06-08 17:52:40 ort/utils.py:69 [CLIENT] Observation Sent 2097152/4609014 bytes with state 1
DEBUG 2026-06-08 17:52:40 ort/utils.py:69 [CLIENT] Observation Sent 4194304/4609014 bytes with state 2
DEBUG 2026-06-08 17:52:40 ort/utils.py:69 [CLIENT] Observation Sent 4609014/4609014 bytes with state 3
DEBUG 2026-06-08 17:52:40 ort/utils.py:71 [CLIENT] Observation Published 4.395498275756836 MB
DEBUG 2026-06-08 17:52:40 t_client.py:209 Sent observation #1388 | 
DEBUG 2026-06-08 17:52:40 t_client.py:434 QUEUE SIZE: 8 (Must go: False)
DEBUG 2026-06-08 17:52:40 t_client.py:477 Control loop (ms): 297.35
DEBUG 2026-06-08 17:52:40 follower.py:184 follower_right SOFollower read state: 2.1ms
DEBUG 2026-06-08 17:52:40 follower.py:191 follower_right SOFollower read wrist: 0.0ms
DEBUG 2026-06-08 17:52:40 follower.py:184 follower_left SOFollower read state: 2.2ms
DEBUG 2026-06-08 17:52:40 follower.py:191 follower_left SOFollower read wrist: 0.0ms
DEBUG 2026-06-08 17:52:40 t_client.py:198 Observation serialization time: 0.011323s
DEBUG 2026-06-08 17:52:40 ort/utils.py:54 [CLIENT] Observation Buffer size 4.395498275756836 MB with
DEBUG 2026-06-08 17:52:40 ort/utils.py:69 [CLIENT] Observation Sent 2097152/4609014 bytes with state 1
DEBUG 2026-06-08 17:52:40 t_client.py:292 Received actions on device: cpu
DEBUG 2026-06-08 17:52:40 t_client.py:302 Actions kept on device: cpu
DEBUG 2026-06-08 17:52:40 ort/utils.py:69 [CLIENT] Observation Sent 4194304/4609014 bytes with state 2
DEBUG 2026-06-08 17:52:40 ort/utils.py:69 [CLIENT] Observation Sent 4609014/4609014 bytes with state 3
DEBUG 2026-06-08 17:52:40 ort/utils.py:71 [CLIENT] Observation Published 4.395498275756836 MB
DEBUG 2026-06-08 17:52:41 t_client.py:209 Sent observation #1389 | 
DEBUG 2026-06-08 17:52:41 t_client.py:434 QUEUE SIZE: 7 (Must go: False)
DEBUG 2026-06-08 17:52:41 t_client.py:477 Control loop (ms): 839.55
DEBUG 2026-06-08 17:52:41 t_client.py:477 Control loop (ms): 1.80
DEBUG 2026-06-08 17:52:41 t_client.py:477 Control loop (ms): 1.82
DEBUG 2026-06-08 17:52:41 t_client.py:477 Control loop (ms): 0.79
DEBUG 2026-06-08 17:52:41 t_client.py:477 Control loop (ms): 0.97
DEBUG 2026-06-08 17:52:41 t_client.py:477 Control loop (ms): 1.95
DEBUG 2026-06-08 17:52:41 t_client.py:292 Received actions on device: cpu
DEBUG 2026-06-08 17:52:41 t_client.py:302 Actions kept on device: cpu
DEBUG 2026-06-08 17:52:41 t_client.py:477 Control loop (ms): 0.80
DEBUG 2026-06-08 17:52:41 follower.py:184 follower_right SOFollower read state: 1.5ms
DEBUG 2026-06-08 17:52:41 follower.py:191 follower_right SOFollower read wrist: 0.0ms
DEBUG 2026-06-08 17:52:41 follower.py:184 follower_left SOFollower read state: 1.5ms
DEBUG 2026-06-08 17:52:41 follower.py:191 follower_left SOFollower read wrist: 0.0ms
DEBUG 2026-06-08 17:52:41 t_client.py:198 Observation serialization time: 0.004216s
DEBUG 2026-06-08 17:52:41 ort/utils.py:54 [CLIENT] Observation Buffer size 4.395498275756836 MB with
DEBUG 2026-06-08 17:52:41 ort/utils.py:69 [CLIENT] Observation Sent 2097152/4609014 bytes with state 1
DEBUG 2026-06-08 17:52:42 ort/utils.py:69 [CLIENT] Observation Sent 4194304/4609014 bytes with state 2
DEBUG 2026-06-08 17:52:42 ort/utils.py:69 [CLIENT] Observation Sent 4609014/4609014 bytes with state 3
DEBUG 2026-06-08 17:52:42 ort/utils.py:71 [CLIENT] Observation Published 4.395498275756836 MB
DEBUG 2026-06-08 17:52:42 t_client.py:209 Sent observation #1396 | 
DEBUG 2026-06-08 17:52:42 t_client.py:434 QUEUE SIZE: 8 (Must go: False)
DEBUG 2026-06-08 17:52:42 t_client.py:477 Control loop (ms): 615.71
DEBUG 2026-06-08 17:52:42 follower.py:184 follower_right SOFollower read state: 2.4ms
DEBUG 2026-06-08 17:52:42 follower.py:191 follower_right SOFollower read wrist: 0.0ms
DEBUG 2026-06-08 17:52:42 follower.py:184 follower_left SOFollower read state: 2.0ms
DEBUG 2026-06-08 17:52:42 follower.py:191 follower_left SOFollower read wrist: 0.0ms
DEBUG 2026-06-08 17:52:42 t_client.py:198 Observation serialization time: 0.008378s
DEBUG 2026-06-08 17:52:42 ort/utils.py:54 [CLIENT] Observation Buffer size 4.395498275756836 MB with
DEBUG 2026-06-08 17:52:42 ort/utils.py:69 [CLIENT] Observation Sent 2097152/4609014 bytes with state 1
DEBUG 2026-06-08 17:52:42 t_client.py:292 Received actions on device: cpu
DEBUG 2026-06-08 17:52:42 t_client.py:302 Actions kept on device: cpu
DEBUG 2026-06-08 17:52:42 ort/utils.py:69 [CLIENT] Observation Sent 4194304/4609014 bytes with state 2
DEBUG 2026-06-08 17:52:42 ort/utils.py:69 [CLIENT] Observation Sent 4609014/4609014 bytes with state 3
DEBUG 2026-06-08 17:52:42 ort/utils.py:71 [CLIENT] Observation Published 4.395498275756836 MB
DEBUG 2026-06-08 17:52:42 t_client.py:209 Sent observation #1397 | 
DEBUG 2026-06-08 17:52:42 t_client.py:434 QUEUE SIZE: 7 (Must go: False)
DEBUG 2026-06-08 17:52:42 t_client.py:477 Control loop (ms): 362.97
DEBUG 2026-06-08 17:52:42 t_client.py:477 Control loop (ms): 1.61
DEBUG 2026-06-08 17:52:42 t_client.py:477 Control loop (ms): 1.85
DEBUG 2026-06-08 17:52:42 t_client.py:477 Control loop (ms): 2.27
DEBUG 2026-06-08 17:52:42 t_client.py:292 Received actions on device: cpu
DEBUG 2026-06-08 17:52:42 t_client.py:302 Actions kept on device: cpu
DEBUG 2026-06-08 17:52:42 t_client.py:477 Control loop (ms): 2.11
DEBUG 2026-06-08 17:52:42 t_client.py:477 Control loop (ms): 2.34
DEBUG 2026-06-08 17:52:42 t_client.py:477 Control loop (ms): 1.84
DEBUG 2026-06-08 17:52:42 follower.py:184 follower_right SOFollower read state: 2.3ms
DEBUG 2026-06-08 17:52:42 follower.py:191 follower_right SOFollower read wrist: 0.1ms
DEBUG 2026-06-08 17:52:42 follower.py:184 follower_left SOFollower read state: 2.0ms
DEBUG 2026-06-08 17:52:42 follower.py:191 follower_left SOFollower read wrist: 0.0ms
DEBUG 2026-06-08 17:52:42 t_client.py:198 Observation serialization time: 0.011361s
DEBUG 2026-06-08 17:52:42 ort/utils.py:54 [CLIENT] Observation Buffer size 4.395498275756836 MB with
DEBUG 2026-06-08 17:52:42 ort/utils.py:69 [CLIENT] Observation Sent 2097152/4609014 bytes with state 1
DEBUG 2026-06-08 17:52:43 ort/utils.py:69 [CLIENT] Observation Sent 4194304/4609014 bytes with state 2
DEBUG 2026-06-08 17:52:43 ort/utils.py:69 [CLIENT] Observation Sent 4609014/4609014 bytes with state 3
DEBUG 2026-06-08 17:52:43 ort/utils.py:71 [CLIENT] Observation Published 4.395498275756836 MB
DEBUG 2026-06-08 17:52:43 t_client.py:209 Sent observation #1404 | 
DEBUG 2026-06-08 17:52:43 t_client.py:434 QUEUE SIZE: 8 (Must go: False)
DEBUG 2026-06-08 17:52:43 t_client.py:477 Control loop (ms): 520.67
DEBUG 2026-06-08 17:52:43 follower.py:184 follower_right SOFollower read state: 2.3ms
DEBUG 2026-06-08 17:52:43 follower.py:191 follower_right SOFollower read wrist: 0.1ms
DEBUG 2026-06-08 17:52:43 follower.py:184 follower_left SOFollower read state: 2.3ms
DEBUG 2026-06-08 17:52:43 follower.py:191 follower_left SOFollower read wrist: 0.0ms
DEBUG 2026-06-08 17:52:43 t_client.py:198 Observation serialization time: 0.012584s
DEBUG 2026-06-08 17:52:43 ort/utils.py:54 [CLIENT] Observation Buffer size 4.395498275756836 MB with
DEBUG 2026-06-08 17:52:43 ort/utils.py:69 [CLIENT] Observation Sent 2097152/4609014 bytes with state 1
DEBUG 2026-06-08 17:52:43 ort/utils.py:69 [CLIENT] Observation Sent 4194304/4609014 bytes with state 2
DEBUG 2026-06-08 17:52:43 t_client.py:292 Received actions on device: cpu
DEBUG 2026-06-08 17:52:43 t_client.py:302 Actions kept on device: cpu
DEBUG 2026-06-08 17:52:43 ort/utils.py:69 [CLIENT] Observation Sent 4609014/4609014 bytes with state 3
DEBUG 2026-06-08 17:52:43 ort/utils.py:71 [CLIENT] Observation Published 4.395498275756836 MB
DEBUG 2026-06-08 17:52:43 t_client.py:209 Sent observation #1405 | 
DEBUG 2026-06-08 17:52:43 t_client.py:434 QUEUE SIZE: 7 (Must go: False)
DEBUG 2026-06-08 17:52:43 t_client.py:477 Control loop (ms): 253.91
DEBUG 2026-06-08 17:52:43 t_client.py:477 Control loop (ms): 1.65
DEBUG 2026-06-08 17:52:43 t_client.py:477 Control loop (ms): 2.77
DEBUG 2026-06-08 17:52:43 t_client.py:477 Control loop (ms): 1.91
DEBUG 2026-06-08 17:52:43 t_client.py:292 Received actions on device: cpu
DEBUG 2026-06-08 17:52:43 t_client.py:302 Actions kept on device: cpu
DEBUG 2026-06-08 17:52:43 t_client.py:477 Control loop (ms): 1.21
DEBUG 2026-06-08 17:52:43 t_client.py:477 Control loop (ms): 1.42
DEBUG 2026-06-08 17:52:43 t_client.py:477 Control loop (ms): 1.36
DEBUG 2026-06-08 17:52:43 follower.py:184 follower_right SOFollower read state: 2.3ms
DEBUG 2026-06-08 17:52:43 follower.py:191 follower_right SOFollower read wrist: 0.0ms
DEBUG 2026-06-08 17:52:43 follower.py:184 follower_left SOFollower read state: 2.0ms
DEBUG 2026-06-08 17:52:43 follower.py:191 follower_left SOFollower read wrist: 0.0ms
DEBUG 2026-06-08 17:52:43 t_client.py:198 Observation serialization time: 0.010894s
DEBUG 2026-06-08 17:52:43 ort/utils.py:54 [CLIENT] Observation Buffer size 4.395498275756836 MB with
DEBUG 2026-06-08 17:52:43 ort/utils.py:69 [CLIENT] Observation Sent 2097152/4609014 bytes with state 1
DEBUG 2026-06-08 17:52:43 ort/utils.py:69 [CLIENT] Observation Sent 4194304/4609014 bytes with state 2
DEBUG 2026-06-08 17:52:43 ort/utils.py:69 [CLIENT] Observation Sent 4609014/4609014 bytes with state 3
DEBUG 2026-06-08 17:52:43 ort/utils.py:71 [CLIENT] Observation Published 4.395498275756836 MB
DEBUG 2026-06-08 17:52:44 t_client.py:209 Sent observation #1412 | 
DEBUG 2026-06-08 17:52:44 t_client.py:434 QUEUE SIZE: 8 (Must go: False)
DEBUG 2026-06-08 17:52:44 t_client.py:477 Control loop (ms): 222.62
DEBUG 2026-06-08 17:52:44 follower.py:184 follower_right SOFollower read state: 2.6ms
DEBUG 2026-06-08 17:52:44 follower.py:191 follower_right SOFollower read wrist: 0.0ms
DEBUG 2026-06-08 17:52:44 follower.py:184 follower_left SOFollower read state: 1.9ms
DEBUG 2026-06-08 17:52:44 follower.py:191 follower_left SOFollower read wrist: 0.0ms
DEBUG 2026-06-08 17:52:44 t_client.py:198 Observation serialization time: 0.009689s
DEBUG 2026-06-08 17:52:44 ort/utils.py:54 [CLIENT] Observation Buffer size 4.395498275756836 MB with
DEBUG 2026-06-08 17:52:44 ort/utils.py:69 [CLIENT] Observation Sent 2097152/4609014 bytes with state 1
DEBUG 2026-06-08 17:52:44 ort/utils.py:69 [CLIENT] Observation Sent 4194304/4609014 bytes with state 2
DEBUG 2026-06-08 17:52:44 ort/utils.py:69 [CLIENT] Observation Sent 4609014/4609014 bytes with state 3
DEBUG 2026-06-08 17:52:44 ort/utils.py:71 [CLIENT] Observation Published 4.395498275756836 MB
DEBUG 2026-06-08 17:52:44 t_client.py:292 Received actions on device: cpu
DEBUG 2026-06-08 17:52:44 t_client.py:302 Actions kept on device: cpu
DEBUG 2026-06-08 17:52:44 t_client.py:209 Sent observation #1413 | 
DEBUG 2026-06-08 17:52:44 t_client.py:434 QUEUE SIZE: 7 (Must go: False)
DEBUG 2026-06-08 17:52:44 t_client.py:477 Control loop (ms): 850.87
DEBUG 2026-06-08 17:52:44 t_client.py:477 Control loop (ms): 2.65
DEBUG 2026-06-08 17:52:44 t_client.py:477 Control loop (ms): 1.79
DEBUG 2026-06-08 17:52:45 t_client.py:477 Control loop (ms): 2.10
DEBUG 2026-06-08 17:52:45 t_client.py:292 Received actions on device: cpu
DEBUG 2026-06-08 17:52:45 t_client.py:302 Actions kept on device: cpu
DEBUG 2026-06-08 17:52:45 t_client.py:477 Control loop (ms): 1.93
DEBUG 2026-06-08 17:52:45 t_client.py:477 Control loop (ms): 2.10
DEBUG 2026-06-08 17:52:45 t_client.py:477 Control loop (ms): 2.01
DEBUG 2026-06-08 17:52:45 follower.py:184 follower_right SOFollower read state: 2.5ms
DEBUG 2026-06-08 17:52:45 follower.py:191 follower_right SOFollower read wrist: 0.0ms
DEBUG 2026-06-08 17:52:45 follower.py:184 follower_left SOFollower read state: 2.2ms
DEBUG 2026-06-08 17:52:45 follower.py:191 follower_left SOFollower read wrist: 0.0ms
DEBUG 2026-06-08 17:52:45 t_client.py:198 Observation serialization time: 0.007206s
DEBUG 2026-06-08 17:52:45 ort/utils.py:54 [CLIENT] Observation Buffer size 4.395498275756836 MB with
DEBUG 2026-06-08 17:52:45 ort/utils.py:69 [CLIENT] Observation Sent 2097152/4609014 bytes with state 1
DEBUG 2026-06-08 17:52:45 ort/utils.py:69 [CLIENT] Observation Sent 4194304/4609014 bytes with state 2
DEBUG 2026-06-08 17:52:45 ort/utils.py:69 [CLIENT] Observation Sent 4609014/4609014 bytes with state 3
DEBUG 2026-06-08 17:52:45 ort/utils.py:71 [CLIENT] Observation Published 4.395498275756836 MB
DEBUG 2026-06-08 17:52:46 t_client.py:209 Sent observation #1420 | 
DEBUG 2026-06-08 17:52:46 t_client.py:434 QUEUE SIZE: 8 (Must go: False)
DEBUG 2026-06-08 17:52:46 t_client.py:477 Control loop (ms): 889.21
DEBUG 2026-06-08 17:52:46 follower.py:184 follower_right SOFollower read state: 1.6ms
DEBUG 2026-06-08 17:52:46 follower.py:191 follower_right SOFollower read wrist: 0.0ms
DEBUG 2026-06-08 17:52:46 follower.py:184 follower_left SOFollower read state: 1.5ms
DEBUG 2026-06-08 17:52:46 follower.py:191 follower_left SOFollower read wrist: 0.0ms
DEBUG 2026-06-08 17:52:46 t_client.py:198 Observation serialization time: 0.005117s
DEBUG 2026-06-08 17:52:46 ort/utils.py:54 [CLIENT] Observation Buffer size 4.395498275756836 MB with
DEBUG 2026-06-08 17:52:46 ort/utils.py:69 [CLIENT] Observation Sent 2097152/4609014 bytes with state 1
DEBUG 2026-06-08 17:52:46 ort/utils.py:69 [CLIENT] Observation Sent 4194304/4609014 bytes with state 2
DEBUG 2026-06-08 17:52:46 ort/utils.py:69 [CLIENT] Observation Sent 4609014/4609014 bytes with state 3
DEBUG 2026-06-08 17:52:46 ort/utils.py:71 [CLIENT] Observation Published 4.395498275756836 MB
DEBUG 2026-06-08 17:52:46 t_client.py:292 Received actions on device: cpu
DEBUG 2026-06-08 17:52:46 t_client.py:302 Actions kept on device: cpu
DEBUG 2026-06-08 17:52:46 t_client.py:209 Sent observation #1421 | 
DEBUG 2026-06-08 17:52:46 t_client.py:434 QUEUE SIZE: 7 (Must go: False)
DEBUG 2026-06-08 17:52:46 t_client.py:477 Control loop (ms): 430.88
DEBUG 2026-06-08 17:52:46 t_client.py:477 Control loop (ms): 2.92
DEBUG 2026-06-08 17:52:46 t_client.py:477 Control loop (ms): 2.63
DEBUG 2026-06-08 17:52:46 t_client.py:477 Control loop (ms): 3.46
DEBUG 2026-06-08 17:52:46 t_client.py:292 Received actions on device: cpu
DEBUG 2026-06-08 17:52:46 t_client.py:302 Actions kept on device: cpu
DEBUG 2026-06-08 17:52:46 t_client.py:477 Control loop (ms): 3.48
DEBUG 2026-06-08 17:52:46 t_client.py:477 Control loop (ms): 2.75
DEBUG 2026-06-08 17:52:46 t_client.py:477 Control loop (ms): 2.54
DEBUG 2026-06-08 17:52:46 follower.py:184 follower_right SOFollower read state: 2.6ms
DEBUG 2026-06-08 17:52:46 follower.py:191 follower_right SOFollower read wrist: 0.0ms
DEBUG 2026-06-08 17:52:46 follower.py:184 follower_left SOFollower read state: 2.3ms
DEBUG 2026-06-08 17:52:46 follower.py:191 follower_left SOFollower read wrist: 0.1ms
DEBUG 2026-06-08 17:52:46 t_client.py:198 Observation serialization time: 0.009436s
DEBUG 2026-06-08 17:52:46 ort/utils.py:54 [CLIENT] Observation Buffer size 4.395498275756836 MB with
DEBUG 2026-06-08 17:52:46 ort/utils.py:69 [CLIENT] Observation Sent 2097152/4609014 bytes with state 1
DEBUG 2026-06-08 17:52:46 ort/utils.py:69 [CLIENT] Observation Sent 4194304/4609014 bytes with state 2
DEBUG 2026-06-08 17:52:46 ort/utils.py:69 [CLIENT] Observation Sent 4609014/4609014 bytes with state 3
DEBUG 2026-06-08 17:52:46 ort/utils.py:71 [CLIENT] Observation Published 4.395498275756836 MB
DEBUG 2026-06-08 17:52:46 t_client.py:209 Sent observation #1428 | 
DEBUG 2026-06-08 17:52:46 t_client.py:434 QUEUE SIZE: 8 (Must go: False)
DEBUG 2026-06-08 17:52:46 t_client.py:477 Control loop (ms): 242.95
DEBUG 2026-06-08 17:52:46 follower.py:184 follower_right SOFollower read state: 1.9ms
DEBUG 2026-06-08 17:52:46 follower.py:191 follower_right SOFollower read wrist: 0.0ms
DEBUG 2026-06-08 17:52:46 follower.py:184 follower_left SOFollower read state: 1.9ms
DEBUG 2026-06-08 17:52:46 follower.py:191 follower_left SOFollower read wrist: 0.1ms
DEBUG 2026-06-08 17:52:46 t_client.py:198 Observation serialization time: 0.008346s
DEBUG 2026-06-08 17:52:46 ort/utils.py:54 [CLIENT] Observation Buffer size 4.395498275756836 MB with
DEBUG 2026-06-08 17:52:46 ort/utils.py:69 [CLIENT] Observation Sent 2097152/4609014 bytes with state 1
DEBUG 2026-06-08 17:52:47 ort/utils.py:69 [CLIENT] Observation Sent 4194304/4609014 bytes with state 2
DEBUG 2026-06-08 17:52:47 ort/utils.py:69 [CLIENT] Observation Sent 4609014/4609014 bytes with state 3
DEBUG 2026-06-08 17:52:47 ort/utils.py:71 [CLIENT] Observation Published 4.395498275756836 MB
DEBUG 2026-06-08 17:52:47 t_client.py:292 Received actions on device: cpu
DEBUG 2026-06-08 17:52:47 t_client.py:302 Actions kept on device: cpu
DEBUG 2026-06-08 17:52:47 t_client.py:209 Sent observation #1429 | 
DEBUG 2026-06-08 17:52:47 t_client.py:434 QUEUE SIZE: 7 (Must go: False)
DEBUG 2026-06-08 17:52:47 t_client.py:477 Control loop (ms): 267.68
DEBUG 2026-06-08 17:52:47 t_client.py:477 Control loop (ms): 1.38
DEBUG 2026-06-08 17:52:47 t_client.py:477 Control loop (ms): 3.02
DEBUG 2026-06-08 17:52:47 t_client.py:477 Control loop (ms): 2.59
DEBUG 2026-06-08 17:52:47 t_client.py:292 Received actions on device: cpu
DEBUG 2026-06-08 17:52:47 t_client.py:302 Actions kept on device: cpu
DEBUG 2026-06-08 17:52:47 t_client.py:477 Control loop (ms): 3.20
DEBUG 2026-06-08 17:52:47 t_client.py:477 Control loop (ms): 2.89
DEBUG 2026-06-08 17:52:47 t_client.py:477 Control loop (ms): 3.20
DEBUG 2026-06-08 17:52:47 follower.py:184 follower_right SOFollower read state: 2.2ms
DEBUG 2026-06-08 17:52:47 follower.py:191 follower_right SOFollower read wrist: 0.0ms
DEBUG 2026-06-08 17:52:47 follower.py:184 follower_left SOFollower read state: 2.1ms
DEBUG 2026-06-08 17:52:47 follower.py:191 follower_left SOFollower read wrist: 0.1ms
DEBUG 2026-06-08 17:52:47 t_client.py:198 Observation serialization time: 0.011303s
DEBUG 2026-06-08 17:52:47 ort/utils.py:54 [CLIENT] Observation Buffer size 4.395498275756836 MB with
DEBUG 2026-06-08 17:52:47 ort/utils.py:69 [CLIENT] Observation Sent 2097152/4609014 bytes with state 1
DEBUG 2026-06-08 17:52:47 ort/utils.py:69 [CLIENT] Observation Sent 4194304/4609014 bytes with state 2
DEBUG 2026-06-08 17:52:47 ort/utils.py:69 [CLIENT] Observation Sent 4609014/4609014 bytes with state 3
DEBUG 2026-06-08 17:52:47 ort/utils.py:71 [CLIENT] Observation Published 4.395498275756836 MB
DEBUG 2026-06-08 17:52:47 t_client.py:209 Sent observation #1436 | 
DEBUG 2026-06-08 17:52:47 t_client.py:434 QUEUE SIZE: 8 (Must go: False)
DEBUG 2026-06-08 17:52:47 t_client.py:477 Control loop (ms): 239.33
DEBUG 2026-06-08 17:52:47 follower.py:184 follower_right SOFollower read state: 1.6ms
DEBUG 2026-06-08 17:52:47 follower.py:191 follower_right SOFollower read wrist: 0.0ms
DEBUG 2026-06-08 17:52:47 follower.py:184 follower_left SOFollower read state: 1.5ms
DEBUG 2026-06-08 17:52:47 follower.py:191 follower_left SOFollower read wrist: 0.0ms
DEBUG 2026-06-08 17:52:47 t_client.py:198 Observation serialization time: 0.003582s
DEBUG 2026-06-08 17:52:47 ort/utils.py:54 [CLIENT] Observation Buffer size 4.395498275756836 MB with
DEBUG 2026-06-08 17:52:47 ort/utils.py:69 [CLIENT] Observation Sent 2097152/4609014 bytes with state 1
DEBUG 2026-06-08 17:52:47 ort/utils.py:69 [CLIENT] Observation Sent 4194304/4609014 bytes with state 2
DEBUG 2026-06-08 17:52:47 ort/utils.py:69 [CLIENT] Observation Sent 4609014/4609014 bytes with state 3
DEBUG 2026-06-08 17:52:47 ort/utils.py:71 [CLIENT] Observation Published 4.395498275756836 MB
DEBUG 2026-06-08 17:52:47 t_client.py:292 Received actions on device: cpu
DEBUG 2026-06-08 17:52:47 t_client.py:302 Actions kept on device: cpu
DEBUG 2026-06-08 17:52:47 t_client.py:209 Sent observation #1437 | 
DEBUG 2026-06-08 17:52:47 t_client.py:434 QUEUE SIZE: 7 (Must go: False)
DEBUG 2026-06-08 17:52:47 t_client.py:477 Control loop (ms): 289.52
DEBUG 2026-06-08 17:52:47 t_client.py:477 Control loop (ms): 1.68
DEBUG 2026-06-08 17:52:47 t_client.py:477 Control loop (ms): 1.39
DEBUG 2026-06-08 17:52:47 t_client.py:477 Control loop (ms): 1.27
DEBUG 2026-06-08 17:52:48 t_client.py:292 Received actions on device: cpu
DEBUG 2026-06-08 17:52:48 t_client.py:302 Actions kept on device: cpu
DEBUG 2026-06-08 17:52:48 t_client.py:477 Control loop (ms): 1.64
DEBUG 2026-06-08 17:52:48 t_client.py:477 Control loop (ms): 1.47
DEBUG 2026-06-08 17:52:48 t_client.py:477 Control loop (ms): 1.51
DEBUG 2026-06-08 17:52:48 follower.py:184 follower_right SOFollower read state: 1.9ms
DEBUG 2026-06-08 17:52:48 follower.py:191 follower_right SOFollower read wrist: 0.0ms
DEBUG 2026-06-08 17:52:48 follower.py:184 follower_left SOFollower read state: 2.2ms
DEBUG 2026-06-08 17:52:48 follower.py:191 follower_left SOFollower read wrist: 0.0ms
DEBUG 2026-06-08 17:52:48 t_client.py:198 Observation serialization time: 0.008339s
DEBUG 2026-06-08 17:52:48 ort/utils.py:54 [CLIENT] Observation Buffer size 4.395498275756836 MB with
DEBUG 2026-06-08 17:52:48 ort/utils.py:69 [CLIENT] Observation Sent 2097152/4609014 bytes with state 1
DEBUG 2026-06-08 17:52:48 ort/utils.py:69 [CLIENT] Observation Sent 4194304/4609014 bytes with state 2
DEBUG 2026-06-08 17:52:48 ort/utils.py:69 [CLIENT] Observation Sent 4609014/4609014 bytes with state 3
DEBUG 2026-06-08 17:52:48 ort/utils.py:71 [CLIENT] Observation Published 4.395498275756836 MB
DEBUG 2026-06-08 17:52:48 t_client.py:209 Sent observation #1444 | 
DEBUG 2026-06-08 17:52:48 t_client.py:434 QUEUE SIZE: 8 (Must go: False)
DEBUG 2026-06-08 17:52:48 t_client.py:477 Control loop (ms): 287.08
DEBUG 2026-06-08 17:52:48 follower.py:184 follower_right SOFollower read state: 2.0ms
DEBUG 2026-06-08 17:52:48 follower.py:191 follower_right SOFollower read wrist: 0.0ms
DEBUG 2026-06-08 17:52:48 follower.py:184 follower_left SOFollower read state: 2.0ms
DEBUG 2026-06-08 17:52:48 follower.py:191 follower_left SOFollower read wrist: 0.0ms
DEBUG 2026-06-08 17:52:48 t_client.py:198 Observation serialization time: 0.008349s
DEBUG 2026-06-08 17:52:48 ort/utils.py:54 [CLIENT] Observation Buffer size 4.395498275756836 MB with
DEBUG 2026-06-08 17:52:48 ort/utils.py:69 [CLIENT] Observation Sent 2097152/4609014 bytes with state 1
DEBUG 2026-06-08 17:52:48 ort/utils.py:69 [CLIENT] Observation Sent 4194304/4609014 bytes with state 2
DEBUG 2026-06-08 17:52:48 ort/utils.py:69 [CLIENT] Observation Sent 4609014/4609014 bytes with state 3
DEBUG 2026-06-08 17:52:48 ort/utils.py:71 [CLIENT] Observation Published 4.395498275756836 MB
DEBUG 2026-06-08 17:52:48 t_client.py:292 Received actions on device: cpu
DEBUG 2026-06-08 17:52:48 t_client.py:302 Actions kept on device: cpu
DEBUG 2026-06-08 17:52:48 t_client.py:209 Sent observation #1445 | 
DEBUG 2026-06-08 17:52:48 t_client.py:434 QUEUE SIZE: 7 (Must go: False)
DEBUG 2026-06-08 17:52:48 t_client.py:477 Control loop (ms): 240.81
DEBUG 2026-06-08 17:52:48 t_client.py:477 Control loop (ms): 2.47
DEBUG 2026-06-08 17:52:48 t_client.py:477 Control loop (ms): 2.80
DEBUG 2026-06-08 17:52:48 t_client.py:477 Control loop (ms): 2.77
DEBUG 2026-06-08 17:52:48 t_client.py:292 Received actions on device: cpu
DEBUG 2026-06-08 17:52:48 t_client.py:302 Actions kept on device: cpu
DEBUG 2026-06-08 17:52:48 t_client.py:477 Control loop (ms): 2.07
DEBUG 2026-06-08 17:52:48 t_client.py:477 Control loop (ms): 1.78
DEBUG 2026-06-08 17:52:48 t_client.py:477 Control loop (ms): 2.04
DEBUG 2026-06-08 17:52:48 follower.py:184 follower_right SOFollower read state: 2.8ms
DEBUG 2026-06-08 17:52:48 follower.py:191 follower_right SOFollower read wrist: 0.1ms
DEBUG 2026-06-08 17:52:48 follower.py:184 follower_left SOFollower read state: 2.5ms
DEBUG 2026-06-08 17:52:48 follower.py:191 follower_left SOFollower read wrist: 0.1ms
DEBUG 2026-06-08 17:52:48 t_client.py:198 Observation serialization time: 0.014256s
DEBUG 2026-06-08 17:52:48 ort/utils.py:54 [CLIENT] Observation Buffer size 4.395498275756836 MB with
DEBUG 2026-06-08 17:52:48 ort/utils.py:69 [CLIENT] Observation Sent 2097152/4609014 bytes with state 1
DEBUG 2026-06-08 17:52:48 ort/utils.py:69 [CLIENT] Observation Sent 4194304/4609014 bytes with state 2
DEBUG 2026-06-08 17:52:48 ort/utils.py:69 [CLIENT] Observation Sent 4609014/4609014 bytes with state 3
DEBUG 2026-06-08 17:52:48 ort/utils.py:71 [CLIENT] Observation Published 4.395498275756836 MB
DEBUG 2026-06-08 17:52:49 t_client.py:209 Sent observation #1452 | 
DEBUG 2026-06-08 17:52:49 t_client.py:434 QUEUE SIZE: 8 (Must go: False)
DEBUG 2026-06-08 17:52:49 t_client.py:477 Control loop (ms): 443.53
DEBUG 2026-06-08 17:52:49 follower.py:184 follower_right SOFollower read state: 2.7ms
DEBUG 2026-06-08 17:52:49 follower.py:191 follower_right SOFollower read wrist: 0.1ms
DEBUG 2026-06-08 17:52:49 follower.py:184 follower_left SOFollower read state: 2.2ms
DEBUG 2026-06-08 17:52:49 follower.py:191 follower_left SOFollower read wrist: 0.0ms
DEBUG 2026-06-08 17:52:49 t_client.py:198 Observation serialization time: 0.009525s
DEBUG 2026-06-08 17:52:49 ort/utils.py:54 [CLIENT] Observation Buffer size 4.395498275756836 MB with
DEBUG 2026-06-08 17:52:49 ort/utils.py:69 [CLIENT] Observation Sent 2097152/4609014 bytes with state 1
DEBUG 2026-06-08 17:52:49 t_client.py:292 Received actions on device: cpu
DEBUG 2026-06-08 17:52:49 t_client.py:302 Actions kept on device: cpu
DEBUG 2026-06-08 17:52:49 ort/utils.py:69 [CLIENT] Observation Sent 4194304/4609014 bytes with state 2
DEBUG 2026-06-08 17:52:49 ort/utils.py:69 [CLIENT] Observation Sent 4609014/4609014 bytes with state 3
DEBUG 2026-06-08 17:52:49 ort/utils.py:71 [CLIENT] Observation Published 4.395498275756836 MB
DEBUG 2026-06-08 17:52:49 t_client.py:209 Sent observation #1453 | 
DEBUG 2026-06-08 17:52:49 t_client.py:434 QUEUE SIZE: 7 (Must go: False)
DEBUG 2026-06-08 17:52:49 t_client.py:477 Control loop (ms): 570.82
DEBUG 2026-06-08 17:52:49 t_client.py:477 Control loop (ms): 1.70
DEBUG 2026-06-08 17:52:49 t_client.py:477 Control loop (ms): 1.52
DEBUG 2026-06-08 17:52:49 t_client.py:477 Control loop (ms): 0.52
DEBUG 2026-06-08 17:52:49 t_client.py:292 Received actions on device: cpu
DEBUG 2026-06-08 17:52:49 t_client.py:302 Actions kept on device: cpu
DEBUG 2026-06-08 17:52:49 t_client.py:477 Control loop (ms): 1.86
DEBUG 2026-06-08 17:52:49 t_client.py:477 Control loop (ms): 1.32
DEBUG 2026-06-08 17:52:50 t_client.py:477 Control loop (ms): 1.94
DEBUG 2026-06-08 17:52:50 t_client.py:477 Control loop (ms): 2.23
DEBUG 2026-06-08 17:52:50 follower.py:184 follower_right SOFollower read state: 2.3ms
DEBUG 2026-06-08 17:52:50 follower.py:191 follower_right SOFollower read wrist: 0.0ms
DEBUG 2026-06-08 17:52:50 follower.py:184 follower_left SOFollower read state: 2.6ms
DEBUG 2026-06-08 17:52:50 follower.py:191 follower_left SOFollower read wrist: 0.0ms
DEBUG 2026-06-08 17:52:50 t_client.py:198 Observation serialization time: 0.009546s
DEBUG 2026-06-08 17:52:50 ort/utils.py:54 [CLIENT] Observation Buffer size 4.395498275756836 MB with
DEBUG 2026-06-08 17:52:50 ort/utils.py:69 [CLIENT] Observation Sent 2097152/4609014 bytes with state 1
DEBUG 2026-06-08 17:52:50 ort/utils.py:69 [CLIENT] Observation Sent 4194304/4609014 bytes with state 2
DEBUG 2026-06-08 17:52:50 ort/utils.py:69 [CLIENT] Observation Sent 4609014/4609014 bytes with state 3
DEBUG 2026-06-08 17:52:50 ort/utils.py:71 [CLIENT] Observation Published 4.395498275756836 MB
DEBUG 2026-06-08 17:52:50 t_client.py:209 Sent observation #1460 | 
DEBUG 2026-06-08 17:52:50 t_client.py:434 QUEUE SIZE: 8 (Must go: False)
DEBUG 2026-06-08 17:52:50 t_client.py:477 Control loop (ms): 416.82
DEBUG 2026-06-08 17:52:50 follower.py:184 follower_right SOFollower read state: 2.0ms
DEBUG 2026-06-08 17:52:50 follower.py:191 follower_right SOFollower read wrist: 0.0ms
DEBUG 2026-06-08 17:52:50 follower.py:184 follower_left SOFollower read state: 2.0ms
DEBUG 2026-06-08 17:52:50 follower.py:191 follower_left SOFollower read wrist: 0.0ms
DEBUG 2026-06-08 17:52:50 t_client.py:198 Observation serialization time: 0.008856s
DEBUG 2026-06-08 17:52:50 ort/utils.py:54 [CLIENT] Observation Buffer size 4.395498275756836 MB with
DEBUG 2026-06-08 17:52:50 ort/utils.py:69 [CLIENT] Observation Sent 2097152/4609014 bytes with state 1
DEBUG 2026-06-08 17:52:50 ort/utils.py:69 [CLIENT] Observation Sent 4194304/4609014 bytes with state 2
DEBUG 2026-06-08 17:52:50 ort/utils.py:69 [CLIENT] Observation Sent 4609014/4609014 bytes with state 3
DEBUG 2026-06-08 17:52:50 ort/utils.py:71 [CLIENT] Observation Published 4.395498275756836 MB
DEBUG 2026-06-08 17:52:50 t_client.py:292 Received actions on device: cpu
DEBUG 2026-06-08 17:52:50 t_client.py:302 Actions kept on device: cpu
DEBUG 2026-06-08 17:52:51 t_client.py:209 Sent observation #1461 | 
DEBUG 2026-06-08 17:52:51 t_client.py:434 QUEUE SIZE: 7 (Must go: False)
DEBUG 2026-06-08 17:52:51 t_client.py:477 Control loop (ms): 553.15
DEBUG 2026-06-08 17:52:51 t_client.py:477 Control loop (ms): 2.75
DEBUG 2026-06-08 17:52:51 t_client.py:477 Control loop (ms): 2.15
DEBUG 2026-06-08 17:52:51 t_client.py:477 Control loop (ms): 2.26
DEBUG 2026-06-08 17:52:51 t_client.py:292 Received actions on device: cpu
DEBUG 2026-06-08 17:52:51 t_client.py:302 Actions kept on device: cpu
DEBUG 2026-06-08 17:52:51 t_client.py:477 Control loop (ms): 1.00
DEBUG 2026-06-08 17:52:51 t_client.py:477 Control loop (ms): 1.82
DEBUG 2026-06-08 17:52:51 t_client.py:477 Control loop (ms): 1.52
DEBUG 2026-06-08 17:52:51 follower.py:184 follower_right SOFollower read state: 2.4ms
DEBUG 2026-06-08 17:52:51 follower.py:191 follower_right SOFollower read wrist: 0.0ms
DEBUG 2026-06-08 17:52:51 follower.py:184 follower_left SOFollower read state: 2.2ms
DEBUG 2026-06-08 17:52:51 follower.py:191 follower_left SOFollower read wrist: 0.0ms
DEBUG 2026-06-08 17:52:51 t_client.py:198 Observation serialization time: 0.009357s
DEBUG 2026-06-08 17:52:51 ort/utils.py:54 [CLIENT] Observation Buffer size 4.395498275756836 MB with
DEBUG 2026-06-08 17:52:51 ort/utils.py:69 [CLIENT] Observation Sent 2097152/4609014 bytes with state 1
DEBUG 2026-06-08 17:52:51 ort/utils.py:69 [CLIENT] Observation Sent 4194304/4609014 bytes with state 2
DEBUG 2026-06-08 17:52:51 ort/utils.py:69 [CLIENT] Observation Sent 4609014/4609014 bytes with state 3
DEBUG 2026-06-08 17:52:51 ort/utils.py:71 [CLIENT] Observation Published 4.395498275756836 MB
DEBUG 2026-06-08 17:52:51 t_client.py:209 Sent observation #1468 | 
DEBUG 2026-06-08 17:52:51 t_client.py:434 QUEUE SIZE: 8 (Must go: False)
DEBUG 2026-06-08 17:52:51 t_client.py:477 Control loop (ms): 529.16
DEBUG 2026-06-08 17:52:51 follower.py:184 follower_right SOFollower read state: 1.7ms
DEBUG 2026-06-08 17:52:51 follower.py:191 follower_right SOFollower read wrist: 0.0ms
DEBUG 2026-06-08 17:52:51 follower.py:184 follower_left SOFollower read state: 1.7ms
DEBUG 2026-06-08 17:52:51 follower.py:191 follower_left SOFollower read wrist: 0.0ms
DEBUG 2026-06-08 17:52:51 t_client.py:198 Observation serialization time: 0.004758s
DEBUG 2026-06-08 17:52:51 ort/utils.py:54 [CLIENT] Observation Buffer size 4.395498275756836 MB with
DEBUG 2026-06-08 17:52:51 ort/utils.py:69 [CLIENT] Observation Sent 2097152/4609014 bytes with state 1
DEBUG 2026-06-08 17:52:51 ort/utils.py:69 [CLIENT] Observation Sent 4194304/4609014 bytes with state 2
DEBUG 2026-06-08 17:52:51 ort/utils.py:69 [CLIENT] Observation Sent 4609014/4609014 bytes with state 3
DEBUG 2026-06-08 17:52:51 ort/utils.py:71 [CLIENT] Observation Published 4.395498275756836 MB
DEBUG 2026-06-08 17:52:52 t_client.py:292 Received actions on device: cpu
DEBUG 2026-06-08 17:52:52 t_client.py:302 Actions kept on device: cpu
DEBUG 2026-06-08 17:52:52 t_client.py:209 Sent observation #1469 | 
DEBUG 2026-06-08 17:52:52 t_client.py:434 QUEUE SIZE: 7 (Must go: False)
DEBUG 2026-06-08 17:52:52 t_client.py:477 Control loop (ms): 673.60
DEBUG 2026-06-08 17:52:52 t_client.py:477 Control loop (ms): 1.87
DEBUG 2026-06-08 17:52:52 t_client.py:477 Control loop (ms): 1.86
DEBUG 2026-06-08 17:52:52 t_client.py:477 Control loop (ms): 2.35
DEBUG 2026-06-08 17:52:52 t_client.py:292 Received actions on device: cpu
DEBUG 2026-06-08 17:52:52 t_client.py:302 Actions kept on device: cpu
DEBUG 2026-06-08 17:52:52 t_client.py:477 Control loop (ms): 1.91
DEBUG 2026-06-08 17:52:52 t_client.py:477 Control loop (ms): 1.90
DEBUG 2026-06-08 17:52:52 t_client.py:477 Control loop (ms): 2.53
DEBUG 2026-06-08 17:52:52 follower.py:184 follower_right SOFollower read state: 2.7ms
DEBUG 2026-06-08 17:52:52 follower.py:191 follower_right SOFollower read wrist: 0.1ms
DEBUG 2026-06-08 17:52:52 follower.py:184 follower_left SOFollower read state: 2.7ms
DEBUG 2026-06-08 17:52:52 follower.py:191 follower_left SOFollower read wrist: 0.1ms
DEBUG 2026-06-08 17:52:52 t_client.py:198 Observation serialization time: 0.010284s
DEBUG 2026-06-08 17:52:52 ort/utils.py:54 [CLIENT] Observation Buffer size 4.395498275756836 MB with
DEBUG 2026-06-08 17:52:52 ort/utils.py:69 [CLIENT] Observation Sent 2097152/4609014 bytes with state 1
DEBUG 2026-06-08 17:52:52 ort/utils.py:69 [CLIENT] Observation Sent 4194304/4609014 bytes with state 2
DEBUG 2026-06-08 17:52:52 ort/utils.py:69 [CLIENT] Observation Sent 4609014/4609014 bytes with state 3
DEBUG 2026-06-08 17:52:52 ort/utils.py:71 [CLIENT] Observation Published 4.395498275756836 MB
DEBUG 2026-06-08 17:52:53 t_client.py:209 Sent observation #1476 | 
DEBUG 2026-06-08 17:52:53 t_client.py:434 QUEUE SIZE: 8 (Must go: False)
DEBUG 2026-06-08 17:52:53 t_client.py:477 Control loop (ms): 339.64
DEBUG 2026-06-08 17:52:53 follower.py:184 follower_right SOFollower read state: 2.1ms
DEBUG 2026-06-08 17:52:53 follower.py:191 follower_right SOFollower read wrist: 0.0ms
DEBUG 2026-06-08 17:52:53 follower.py:184 follower_left SOFollower read state: 2.2ms
DEBUG 2026-06-08 17:52:53 follower.py:191 follower_left SOFollower read wrist: 0.0ms
DEBUG 2026-06-08 17:52:53 t_client.py:198 Observation serialization time: 0.013360s
DEBUG 2026-06-08 17:52:53 ort/utils.py:54 [CLIENT] Observation Buffer size 4.395498275756836 MB with
DEBUG 2026-06-08 17:52:53 ort/utils.py:69 [CLIENT] Observation Sent 2097152/4609014 bytes with state 1
DEBUG 2026-06-08 17:52:53 ort/utils.py:69 [CLIENT] Observation Sent 4194304/4609014 bytes with state 2
DEBUG 2026-06-08 17:52:53 ort/utils.py:69 [CLIENT] Observation Sent 4609014/4609014 bytes with state 3
DEBUG 2026-06-08 17:52:53 ort/utils.py:71 [CLIENT] Observation Published 4.395498275756836 MB
DEBUG 2026-06-08 17:52:53 t_client.py:209 Sent observation #1477 | 
DEBUG 2026-06-08 17:52:53 t_client.py:434 QUEUE SIZE: 7 (Must go: False)
DEBUG 2026-06-08 17:52:53 t_client.py:477 Control loop (ms): 142.95
DEBUG 2026-06-08 17:52:53 follower.py:184 follower_right SOFollower read state: 3.2ms
DEBUG 2026-06-08 17:52:53 follower.py:191 follower_right SOFollower read wrist: 0.0ms
DEBUG 2026-06-08 17:52:53 follower.py:184 follower_left SOFollower read state: 2.2ms
DEBUG 2026-06-08 17:52:53 follower.py:191 follower_left SOFollower read wrist: 0.0ms
DEBUG 2026-06-08 17:52:53 t_client.py:198 Observation serialization time: 0.008617s
DEBUG 2026-06-08 17:52:53 t_client.py:292 Received actions on device: cpu
DEBUG 2026-06-08 17:52:53 ort/utils.py:54 [CLIENT] Observation Buffer size 4.395498275756836 MB with
DEBUG 2026-06-08 17:52:53 t_client.py:302 Actions kept on device: cpu
DEBUG 2026-06-08 17:52:53 ort/utils.py:69 [CLIENT] Observation Sent 2097152/4609014 bytes with state 1
DEBUG 2026-06-08 17:52:53 ort/utils.py:69 [CLIENT] Observation Sent 4194304/4609014 bytes with state 2
DEBUG 2026-06-08 17:52:53 ort/utils.py:69 [CLIENT] Observation Sent 4609014/4609014 bytes with state 3
DEBUG 2026-06-08 17:52:53 ort/utils.py:71 [CLIENT] Observation Published 4.395498275756836 MB
DEBUG 2026-06-08 17:52:53 t_client.py:209 Sent observation #1478 | 
DEBUG 2026-06-08 17:52:53 t_client.py:434 QUEUE SIZE: 6 (Must go: False)
DEBUG 2026-06-08 17:52:53 t_client.py:477 Control loop (ms): 139.73
DEBUG 2026-06-08 17:52:53 t_client.py:477 Control loop (ms): 1.72
DEBUG 2026-06-08 17:52:53 t_client.py:477 Control loop (ms): 2.15
DEBUG 2026-06-08 17:52:53 t_client.py:292 Received actions on device: cpu
DEBUG 2026-06-08 17:52:53 t_client.py:302 Actions kept on device: cpu
DEBUG 2026-06-08 17:52:53 t_client.py:477 Control loop (ms): 2.02
DEBUG 2026-06-08 17:52:53 t_client.py:477 Control loop (ms): 2.11
DEBUG 2026-06-08 17:52:53 t_client.py:477 Control loop (ms): 2.03
DEBUG 2026-06-08 17:52:53 follower.py:184 follower_right SOFollower read state: 2.1ms
DEBUG 2026-06-08 17:52:53 follower.py:191 follower_right SOFollower read wrist: 0.1ms
DEBUG 2026-06-08 17:52:53 follower.py:184 follower_left SOFollower read state: 2.0ms
DEBUG 2026-06-08 17:52:53 follower.py:191 follower_left SOFollower read wrist: 0.0ms
DEBUG 2026-06-08 17:52:53 t_client.py:198 Observation serialization time: 0.009283s
DEBUG 2026-06-08 17:52:53 ort/utils.py:54 [CLIENT] Observation Buffer size 4.395498275756836 MB with
DEBUG 2026-06-08 17:52:53 ort/utils.py:69 [CLIENT] Observation Sent 2097152/4609014 bytes with state 1
DEBUG 2026-06-08 17:52:53 ort/utils.py:69 [CLIENT] Observation Sent 4194304/4609014 bytes with state 2
DEBUG 2026-06-08 17:52:53 ort/utils.py:69 [CLIENT] Observation Sent 4609014/4609014 bytes with state 3
DEBUG 2026-06-08 17:52:53 ort/utils.py:71 [CLIENT] Observation Published 4.395498275756836 MB
DEBUG 2026-06-08 17:52:53 t_client.py:209 Sent observation #1484 | 
DEBUG 2026-06-08 17:52:53 t_client.py:434 QUEUE SIZE: 8 (Must go: False)
DEBUG 2026-06-08 17:52:53 t_client.py:477 Control loop (ms): 185.15
DEBUG 2026-06-08 17:52:53 follower.py:184 follower_right SOFollower read state: 2.5ms
DEBUG 2026-06-08 17:52:53 follower.py:191 follower_right SOFollower read wrist: 0.1ms
DEBUG 2026-06-08 17:52:53 follower.py:184 follower_left SOFollower read state: 2.9ms
DEBUG 2026-06-08 17:52:53 follower.py:191 follower_left SOFollower read wrist: 0.1ms
DEBUG 2026-06-08 17:52:53 t_client.py:198 Observation serialization time: 0.010272s
DEBUG 2026-06-08 17:52:53 ort/utils.py:54 [CLIENT] Observation Buffer size 4.395498275756836 MB with
DEBUG 2026-06-08 17:52:53 ort/utils.py:69 [CLIENT] Observation Sent 2097152/4609014 bytes with state 1
DEBUG 2026-06-08 17:52:53 ort/utils.py:69 [CLIENT] Observation Sent 4194304/4609014 bytes with state 2
DEBUG 2026-06-08 17:52:53 ort/utils.py:69 [CLIENT] Observation Sent 4609014/4609014 bytes with state 3
DEBUG 2026-06-08 17:52:53 ort/utils.py:71 [CLIENT] Observation Published 4.395498275756836 MB
DEBUG 2026-06-08 17:52:53 t_client.py:292 Received actions on device: cpu
DEBUG 2026-06-08 17:52:53 t_client.py:302 Actions kept on device: cpu
DEBUG 2026-06-08 17:52:53 t_client.py:209 Sent observation #1485 | 
DEBUG 2026-06-08 17:52:53 t_client.py:434 QUEUE SIZE: 7 (Must go: False)
DEBUG 2026-06-08 17:52:53 t_client.py:477 Control loop (ms): 190.94
DEBUG 2026-06-08 17:52:53 t_client.py:477 Control loop (ms): 1.20
DEBUG 2026-06-08 17:52:53 t_client.py:477 Control loop (ms): 2.06
DEBUG 2026-06-08 17:52:53 t_client.py:477 Control loop (ms): 2.13
DEBUG 2026-06-08 17:52:53 t_client.py:292 Received actions on device: cpu
DEBUG 2026-06-08 17:52:53 t_client.py:302 Actions kept on device: cpu
DEBUG 2026-06-08 17:52:53 t_client.py:477 Control loop (ms): 2.30
DEBUG 2026-06-08 17:52:53 t_client.py:477 Control loop (ms): 1.95
DEBUG 2026-06-08 17:52:54 t_client.py:477 Control loop (ms): 1.36
DEBUG 2026-06-08 17:52:54 follower.py:184 follower_right SOFollower read state: 1.7ms
DEBUG 2026-06-08 17:52:54 follower.py:191 follower_right SOFollower read wrist: 0.0ms
DEBUG 2026-06-08 17:52:54 follower.py:184 follower_left SOFollower read state: 1.7ms
DEBUG 2026-06-08 17:52:54 follower.py:191 follower_left SOFollower read wrist: 0.0ms
DEBUG 2026-06-08 17:52:54 t_client.py:198 Observation serialization time: 0.007506s
DEBUG 2026-06-08 17:52:54 ort/utils.py:54 [CLIENT] Observation Buffer size 4.395498275756836 MB with
DEBUG 2026-06-08 17:52:54 ort/utils.py:69 [CLIENT] Observation Sent 2097152/4609014 bytes with state 1
DEBUG 2026-06-08 17:52:54 ort/utils.py:69 [CLIENT] Observation Sent 4194304/4609014 bytes with state 2
DEBUG 2026-06-08 17:52:54 ort/utils.py:69 [CLIENT] Observation Sent 4609014/4609014 bytes with state 3
DEBUG 2026-06-08 17:52:54 ort/utils.py:71 [CLIENT] Observation Published 4.395498275756836 MB
DEBUG 2026-06-08 17:52:54 t_client.py:209 Sent observation #1492 | 
DEBUG 2026-06-08 17:52:54 t_client.py:434 QUEUE SIZE: 8 (Must go: False)
DEBUG 2026-06-08 17:52:54 t_client.py:477 Control loop (ms): 201.46
DEBUG 2026-06-08 17:52:54 follower.py:184 follower_right SOFollower read state: 1.8ms
DEBUG 2026-06-08 17:52:54 follower.py:191 follower_right SOFollower read wrist: 0.0ms
DEBUG 2026-06-08 17:52:54 follower.py:184 follower_left SOFollower read state: 2.3ms
DEBUG 2026-06-08 17:52:54 follower.py:191 follower_left SOFollower read wrist: 0.0ms
DEBUG 2026-06-08 17:52:54 t_client.py:198 Observation serialization time: 0.010410s
DEBUG 2026-06-08 17:52:54 ort/utils.py:54 [CLIENT] Observation Buffer size 4.395498275756836 MB with
DEBUG 2026-06-08 17:52:54 ort/utils.py:69 [CLIENT] Observation Sent 2097152/4609014 bytes with state 1
DEBUG 2026-06-08 17:52:54 t_client.py:292 Received actions on device: cpu
DEBUG 2026-06-08 17:52:54 t_client.py:302 Actions kept on device: cpu
DEBUG 2026-06-08 17:52:54 ort/utils.py:69 [CLIENT] Observation Sent 4194304/4609014 bytes with state 2
DEBUG 2026-06-08 17:52:54 ort/utils.py:69 [CLIENT] Observation Sent 4609014/4609014 bytes with state 3
DEBUG 2026-06-08 17:52:54 ort/utils.py:71 [CLIENT] Observation Published 4.395498275756836 MB
DEBUG 2026-06-08 17:52:55 tors_bus.py:561 FeetechMotorsBus disconnected.
INFO 2026-06-08 17:52:55 a_opencv.py:606 OpenCVCamera(/dev/wrist_right) disconnected.
INFO 2026-06-08 17:52:55 follower.py:229 follower_right SOFollower disconnected.
DEBUG 2026-06-08 17:52:55 tors_bus.py:561 FeetechMotorsBus disconnected.
INFO 2026-06-08 17:52:55 a_opencv.py:606 OpenCVCamera(/dev/wrist_left) disconnected.
INFO 2026-06-08 17:52:55 follower.py:229 follower_left SOFollower disconnected.
INFO 2026-06-08 17:52:55 a_opencv.py:606 OpenCVCamera(/dev/video4) disconnected.
INFO 2026-06-08 17:52:55 follower.py:206 Top camera 'top_realsense_color' disconnected.
INFO 2026-06-08 17:52:55 a_opencv.py:606 OpenCVCamera(/dev/video2) disconnected.
INFO 2026-06-08 17:52:55 follower.py:206 Top camera 'top_realsense_depth' disconnected.
INFO 2026-06-08 17:52:56 a_opencv.py:606 OpenCVCamera(/dev/video6) disconnected.
INFO 2026-06-08 17:52:56 follower.py:206 Top camera 'top_webcam' disconnected.
DEBUG 2026-06-08 17:52:56 t_client.py:178 Robot disconnected
DEBUG 2026-06-08 17:52:56 t_client.py:181 Client stopped, channel closed
ERROR 2026-06-08 17:52:56 t_client.py:359 Error receiving actions: <_InactiveRpcError of RPC that terminated with:
	status = StatusCode.CANCELLED
	details = "Channel closed!"
	debug_error_string = "UNKNOWN:Error received from peer  {grpc_message:"Channel closed!", grpc_status:1}"
>
DEBUG 2026-06-08 17:52:56 __init__.py:342 matplotlib data path: /home/kibub/miniforge3/envs/lerobot/lib/python3.12/site-packages/matplotlib/mpl-data
DEBUG 2026-06-08 17:52:56 __init__.py:342 CONFIGDIR=/home/kibub/.config/matplotlib
DEBUG 2026-06-08 17:52:56 _init__.py:1560 interactive is False
DEBUG 2026-06-08 17:52:56 _init__.py:1561 platform is linux
DEBUG 2026-06-08 17:52:56 __init__.py:342 CACHEDIR=/home/kibub/.cache/matplotlib
DEBUG 2026-06-08 17:52:56 manager.py:1635 Using fontManager instance from /home/kibub/.cache/matplotlib/fontlist-v390.json
DEBUG 2026-06-08 17:52:56 b/pyplot.py:496 Loaded backend agg version v2.2.
DEBUG 2026-06-08 17:52:56 manager.py:1471 findfont: Matching sans\-serif:style=normal:variant=normal:weight=normal:stretch=normal:size=10.0.
DEBUG 2026-06-08 17:52:56 manager.py:1483 findfont: score(FontEntry(fname='/home/kibub/miniforge3/envs/lerobot/lib/python3.12/site-packages/matplotlib/mpl-data/fonts/ttf/STIXSizOneSymReg.ttf', name='STIXSizeOneSym', style='normal', variant='normal', weight=400, stretch='normal', size='scalable')) = 10.05
DEBUG 2026-06-08 17:52:56 manager.py:1483 findfont: score(FontEntry(fname='/home/kibub/miniforge3/envs/lerobot/lib/python3.12/site-packages/matplotlib/mpl-data/fonts/ttf/STIXSizFourSymBol.ttf', name='STIXSizeFourSym', style='normal', variant='normal', weight=700, stretch='normal', size='scalable')) = 10.335
DEBUG 2026-06-08 17:52:56 manager.py:1483 findfont: score(FontEntry(fname='/home/kibub/miniforge3/envs/lerobot/lib/python3.12/site-packages/matplotlib/mpl-data/fonts/ttf/STIXSizTwoSymReg.ttf', name='STIXSizeTwoSym', style='normal', variant='normal', weight=400, stretch='normal', size='scalable')) = 10.05
DEBUG 2026-06-08 17:52:56 manager.py:1483 findfont: score(FontEntry(fname='/home/kibub/miniforge3/envs/lerobot/lib/python3.12/site-packages/matplotlib/mpl-data/fonts/ttf/DejaVuSans-Bold.ttf', name='DejaVu Sans', style='normal', variant='normal', weight=700, stretch='normal', size='scalable')) = 0.33499999999999996
DEBUG 2026-06-08 17:52:56 manager.py:1483 findfont: score(FontEntry(fname='/home/kibub/miniforge3/envs/lerobot/lib/python3.12/site-packages/matplotlib/mpl-data/fonts/ttf/DejaVuSerif-Bold.ttf', name='DejaVu Serif', style='normal', variant='normal', weight=700, stretch='normal', size='scalable')) = 10.335
DEBUG 2026-06-08 17:52:56 manager.py:1483 findfont: score(FontEntry(fname='/home/kibub/miniforge3/envs/lerobot/lib/python3.12/site-packages/matplotlib/mpl-data/fonts/ttf/DejaVuSansMono-Oblique.ttf', name='DejaVu Sans Mono', style='oblique', variant='normal', weight=400, stretch='normal', size='scalable')) = 11.05
DEBUG 2026-06-08 17:52:56 manager.py:1483 findfont: score(FontEntry(fname='/home/kibub/miniforge3/envs/lerobot/lib/python3.12/site-packages/matplotlib/mpl-data/fonts/ttf/STIXSizTwoSymBol.ttf', name='STIXSizeTwoSym', style='normal', variant='normal', weight=700, stretch='normal', size='scalable')) = 10.335
DEBUG 2026-06-08 17:52:56 manager.py:1483 findfont: score(FontEntry(fname='/home/kibub/miniforge3/envs/lerobot/lib/python3.12/site-packages/matplotlib/mpl-data/fonts/ttf/STIXGeneralBol.ttf', name='STIXGeneral', style='normal', variant='normal', weight=700, stretch='normal', size='scalable')) = 10.335
DEBUG 2026-06-08 17:52:56 manager.py:1483 findfont: score(FontEntry(fname='/home/kibub/miniforge3/envs/lerobot/lib/python3.12/site-packages/matplotlib/mpl-data/fonts/ttf/STIXSizFiveSymReg.ttf', name='STIXSizeFiveSym', style='normal', variant='normal', weight=400, stretch='normal', size='scalable')) = 10.05
DEBUG 2026-06-08 17:52:56 manager.py:1483 findfont: score(FontEntry(fname='/home/kibub/miniforge3/envs/lerobot/lib/python3.12/site-packages/matplotlib/mpl-data/fonts/ttf/DejaVuSansMono-BoldOblique.ttf', name='DejaVu Sans Mono', style='oblique', variant='normal', weight=700, stretch='normal', size='scalable')) = 11.335
DEBUG 2026-06-08 17:52:56 manager.py:1483 findfont: score(FontEntry(fname='/home/kibub/miniforge3/envs/lerobot/lib/python3.12/site-packages/matplotlib/mpl-data/fonts/ttf/DejaVuSans-Oblique.ttf', name='DejaVu Sans', style='oblique', variant='normal', weight=400, stretch='normal', size='scalable')) = 1.05
DEBUG 2026-06-08 17:52:56 manager.py:1483 findfont: score(FontEntry(fname='/home/kibub/miniforge3/envs/lerobot/lib/python3.12/site-packages/matplotlib/mpl-data/fonts/ttf/DejaVuSansMono-Bold.ttf', name='DejaVu Sans Mono', style='normal', variant='normal', weight=700, stretch='normal', size='scalable')) = 10.335
DEBUG 2026-06-08 17:52:56 manager.py:1483 findfont: score(FontEntry(fname='/home/kibub/miniforge3/envs/lerobot/lib/python3.12/site-packages/matplotlib/mpl-data/fonts/ttf/DejaVuSerif.ttf', name='DejaVu Serif', style='normal', variant='normal', weight=400, stretch='normal', size='scalable')) = 10.05
DEBUG 2026-06-08 17:52:56 manager.py:1483 findfont: score(FontEntry(fname='/home/kibub/miniforge3/envs/lerobot/lib/python3.12/site-packages/matplotlib/mpl-data/fonts/ttf/cmtt10.ttf', name='cmtt10', style='normal', variant='normal', weight=400, stretch='normal', size='scalable')) = 10.05
DEBUG 2026-06-08 17:52:56 manager.py:1483 findfont: score(FontEntry(fname='/home/kibub/miniforge3/envs/lerobot/lib/python3.12/site-packages/matplotlib/mpl-data/fonts/ttf/DejaVuSerifDisplay.ttf', name='DejaVu Serif Display', style='normal', variant='normal', weight=400, stretch='normal', size='scalable')) = 10.05
DEBUG 2026-06-08 17:52:56 manager.py:1483 findfont: score(FontEntry(fname='/home/kibub/miniforge3/envs/lerobot/lib/python3.12/site-packages/matplotlib/mpl-data/fonts/ttf/STIXSizOneSymBol.ttf', name='STIXSizeOneSym', style='normal', variant='normal', weight=700, stretch='normal', size='scalable')) = 10.335
DEBUG 2026-06-08 17:52:56 manager.py:1483 findfont: score(FontEntry(fname='/home/kibub/miniforge3/envs/lerobot/lib/python3.12/site-packages/matplotlib/mpl-data/fonts/ttf/STIXGeneral.ttf', name='STIXGeneral', style='normal', variant='normal', weight=400, stretch='normal', size='scalable')) = 10.05
DEBUG 2026-06-08 17:52:56 manager.py:1483 findfont: score(FontEntry(fname='/home/kibub/miniforge3/envs/lerobot/lib/python3.12/site-packages/matplotlib/mpl-data/fonts/ttf/cmb10.ttf', name='cmb10', style='normal', variant='normal', weight=400, stretch='normal', size='scalable')) = 10.05
DEBUG 2026-06-08 17:52:56 manager.py:1483 findfont: score(FontEntry(fname='/home/kibub/miniforge3/envs/lerobot/lib/python3.12/site-packages/matplotlib/mpl-data/fonts/ttf/DejaVuSerif-Italic.ttf', name='DejaVu Serif', style='italic', variant='normal', weight=400, stretch='normal', size='scalable')) = 11.05
DEBUG 2026-06-08 17:52:56 manager.py:1483 findfont: score(FontEntry(fname='/home/kibub/miniforge3/envs/lerobot/lib/python3.12/site-packages/matplotlib/mpl-data/fonts/ttf/STIXSizFourSymReg.ttf', name='STIXSizeFourSym', style='normal', variant='normal', weight=400, stretch='normal', size='scalable')) = 10.05
DEBUG 2026-06-08 17:52:56 manager.py:1483 findfont: score(FontEntry(fname='/home/kibub/miniforge3/envs/lerobot/lib/python3.12/site-packages/matplotlib/mpl-data/fonts/ttf/cmr10.ttf', name='cmr10', style='normal', variant='normal', weight=400, stretch='normal', size='scalable')) = 10.05
DEBUG 2026-06-08 17:52:56 manager.py:1483 findfont: score(FontEntry(fname='/home/kibub/miniforge3/envs/lerobot/lib/python3.12/site-packages/matplotlib/mpl-data/fonts/ttf/STIXSizThreeSymBol.ttf', name='STIXSizeThreeSym', style='normal', variant='normal', weight=700, stretch='normal', size='scalable')) = 10.335
DEBUG 2026-06-08 17:52:56 manager.py:1483 findfont: score(FontEntry(fname='/home/kibub/miniforge3/envs/lerobot/lib/python3.12/site-packages/matplotlib/mpl-data/fonts/ttf/DejaVuSansDisplay.ttf', name='DejaVu Sans Display', style='normal', variant='normal', weight=400, stretch='normal', size='scalable')) = 10.05
DEBUG 2026-06-08 17:52:56 manager.py:1483 findfont: score(FontEntry(fname='/home/kibub/miniforge3/envs/lerobot/lib/python3.12/site-packages/matplotlib/mpl-data/fonts/ttf/STIXGeneralItalic.ttf', name='STIXGeneral', style='italic', variant='normal', weight=400, stretch='normal', size='scalable')) = 11.05
DEBUG 2026-06-08 17:52:56 manager.py:1483 findfont: score(FontEntry(fname='/home/kibub/miniforge3/envs/lerobot/lib/python3.12/site-packages/matplotlib/mpl-data/fonts/ttf/STIXSizThreeSymReg.ttf', name='STIXSizeThreeSym', style='normal', variant='normal', weight=400, stretch='normal', size='scalable')) = 10.05
DEBUG 2026-06-08 17:52:56 manager.py:1483 findfont: score(FontEntry(fname='/home/kibub/miniforge3/envs/lerobot/lib/python3.12/site-packages/matplotlib/mpl-data/fonts/ttf/STIXNonUniBolIta.ttf', name='STIXNonUnicode', style='italic', variant='normal', weight=700, stretch='normal', size='scalable')) = 11.335
DEBUG 2026-06-08 17:52:56 manager.py:1483 findfont: score(FontEntry(fname='/home/kibub/miniforge3/envs/lerobot/lib/python3.12/site-packages/matplotlib/mpl-data/fonts/ttf/cmmi10.ttf', name='cmmi10', style='normal', variant='normal', weight=400, stretch='normal', size='scalable')) = 10.05
DEBUG 2026-06-08 17:52:56 manager.py:1483 findfont: score(FontEntry(fname='/home/kibub/miniforge3/envs/lerobot/lib/python3.12/site-packages/matplotlib/mpl-data/fonts/ttf/DejaVuSerif-BoldItalic.ttf', name='DejaVu Serif', style='italic', variant='normal', weight=700, stretch='normal', size='scalable')) = 11.335
DEBUG 2026-06-08 17:52:56 manager.py:1483 findfont: score(FontEntry(fname='/home/kibub/miniforge3/envs/lerobot/lib/python3.12/site-packages/matplotlib/mpl-data/fonts/ttf/STIXNonUniIta.ttf', name='STIXNonUnicode', style='italic', variant='normal', weight=400, stretch='normal', size='scalable')) = 11.05
DEBUG 2026-06-08 17:52:56 manager.py:1483 findfont: score(FontEntry(fname='/home/kibub/miniforge3/envs/lerobot/lib/python3.12/site-packages/matplotlib/mpl-data/fonts/ttf/DejaVuSans.ttf', name='DejaVu Sans', style='normal', variant='normal', weight=400, stretch='normal', size='scalable')) = 0.05
DEBUG 2026-06-08 17:52:56 manager.py:1483 findfont: score(FontEntry(fname='/home/kibub/miniforge3/envs/lerobot/lib/python3.12/site-packages/matplotlib/mpl-data/fonts/ttf/STIXNonUniBol.ttf', name='STIXNonUnicode', style='normal', variant='normal', weight=700, stretch='normal', size='scalable')) = 10.335
DEBUG 2026-06-08 17:52:56 manager.py:1483 findfont: score(FontEntry(fname='/home/kibub/miniforge3/envs/lerobot/lib/python3.12/site-packages/matplotlib/mpl-data/fonts/ttf/cmex10.ttf', name='cmex10', style='normal', variant='normal', weight=400, stretch='normal', size='scalable')) = 10.05
DEBUG 2026-06-08 17:52:56 manager.py:1483 findfont: score(FontEntry(fname='/home/kibub/miniforge3/envs/lerobot/lib/python3.12/site-packages/matplotlib/mpl-data/fonts/ttf/DejaVuSans-BoldOblique.ttf', name='DejaVu Sans', style='oblique', variant='normal', weight=700, stretch='normal', size='scalable')) = 1.335
DEBUG 2026-06-08 17:52:56 manager.py:1483 findfont: score(FontEntry(fname='/home/kibub/miniforge3/envs/lerobot/lib/python3.12/site-packages/matplotlib/mpl-data/fonts/ttf/STIXGeneralBolIta.ttf', name='STIXGeneral', style='italic', variant='normal', weight=700, stretch='normal', size='scalable')) = 11.335
DEBUG 2026-06-08 17:52:56 manager.py:1483 findfont: score(FontEntry(fname='/home/kibub/miniforge3/envs/lerobot/lib/python3.12/site-packages/matplotlib/mpl-data/fonts/ttf/STIXNonUni.ttf', name='STIXNonUnicode', style='normal', variant='normal', weight=400, stretch='normal', size='scalable')) = 10.05
DEBUG 2026-06-08 17:52:56 manager.py:1483 findfont: score(FontEntry(fname='/home/kibub/miniforge3/envs/lerobot/lib/python3.12/site-packages/matplotlib/mpl-data/fonts/ttf/cmsy10.ttf', name='cmsy10', style='normal', variant='normal', weight=400, stretch='normal', size='scalable')) = 10.05
DEBUG 2026-06-08 17:52:56 manager.py:1483 findfont: score(FontEntry(fname='/home/kibub/miniforge3/envs/lerobot/lib/python3.12/site-packages/matplotlib/mpl-data/fonts/ttf/cmss10.ttf', name='cmss10', style='normal', variant='normal', weight=400, stretch='normal', size='scalable')) = 10.05
DEBUG 2026-06-08 17:52:56 manager.py:1483 findfont: score(FontEntry(fname='/home/kibub/miniforge3/envs/lerobot/lib/python3.12/site-packages/matplotlib/mpl-data/fonts/ttf/DejaVuSansMono.ttf', name='DejaVu Sans Mono', style='normal', variant='normal', weight=400, stretch='normal', size='scalable')) = 10.05
DEBUG 2026-06-08 17:52:56 manager.py:1483 findfont: score(FontEntry(fname='/usr/share/fonts/truetype/noto/NotoSansNKo-Regular.ttf', name='Noto Sans NKo', style='normal', variant='normal', weight=400, stretch='normal', size='scalable')) = 10.05
DEBUG 2026-06-08 17:52:56 manager.py:1483 findfont: score(FontEntry(fname='/usr/share/fonts/truetype/lato/Lato-Bold.ttf', name='Lato', style='normal', variant='normal', weight=700, stretch='normal', size='scalable')) = 10.335
DEBUG 2026-06-08 17:52:56 manager.py:1483 findfont: score(FontEntry(fname='/usr/share/fonts/truetype/ubuntu/UbuntuMono-Italic[wght].ttf', name='Ubuntu Mono', style='italic', variant='normal', weight=400, stretch='normal', size='scalable')) = 11.05
DEBUG 2026-06-08 17:52:56 manager.py:1483 findfont: score(FontEntry(fname='/usr/share/fonts/truetype/noto/NotoSansLydian-Regular.ttf', name='Noto Sans Lydian', style='normal', variant='normal', weight=400, stretch='normal', size='scalable')) = 10.05
DEBUG 2026-06-08 17:52:56 manager.py:1483 findfont: score(FontEntry(fname='/usr/share/fonts/truetype/noto/NotoSansHebrew-Regular.ttf', name='Noto Sans Hebrew', style='normal', variant='normal', weight=400, stretch='normal', size='scalable')) = 10.05
DEBUG 2026-06-08 17:52:56 manager.py:1483 findfont: score(FontEntry(fname='/usr/share/fonts/truetype/noto/NotoSansTagbanwa-Regular.ttf', name='Noto Sans Tagbanwa', style='normal', variant='normal', weight=400, stretch='normal', size='scalable')) = 10.05
DEBUG 2026-06-08 17:52:56 manager.py:1483 findfont: score(FontEntry(fname='/usr/share/fonts/truetype/noto/NotoSerifKhojki-Regular.ttf', name='Noto Serif Khojki', style='normal', variant='normal', weight=400, stretch='normal', size='scalable')) = 10.05
DEBUG 2026-06-08 17:52:56 manager.py:1483 findfont: score(FontEntry(fname='/usr/share/fonts/truetype/noto/NotoSansSoraSompeng-Bold.ttf', name='Noto Sans Sora Sompeng', style='normal', variant='normal', weight=700, stretch='normal', size='scalable')) = 10.335
DEBUG 2026-06-08 17:52:56 manager.py:1483 findfont: score(FontEntry(fname='/usr/share/fonts/truetype/noto/NotoSerifTelugu-Regular.ttf', name='Noto Serif Telugu', style='normal', variant='normal', weight=400, stretch='normal', size='scalable')) = 10.05
DEBUG 2026-06-08 17:52:56 manager.py:1483 findfont: score(FontEntry(fname='/usr/share/fonts/truetype/noto/NotoSansNewTaiLue-Regular.ttf', name='Noto Sans New Tai Lue', style='normal', variant='normal', weight=400, stretch='normal', size='scalable')) = 10.05
DEBUG 2026-06-08 17:52:56 manager.py:1483 findfont: score(FontEntry(fname='/usr/share/fonts/opentype/urw-base35/P052-BoldItalic.otf', name='P052', style='italic', variant='normal', weight=700, stretch='normal', size='scalable')) = 11.335
DEBUG 2026-06-08 17:52:56 manager.py:1483 findfont: score(FontEntry(fname='/usr/share/fonts/truetype/noto/NotoMono-Regular.ttf', name='Noto Mono', style='normal', variant='normal', weight=400, stretch='normal', size='scalable')) = 10.05
DEBUG 2026-06-08 17:52:56 manager.py:1483 findfont: score(FontEntry(fname='/usr/share/fonts/truetype/noto/NotoSansKannada-Bold.ttf', name='Noto Sans Kannada', style='normal', variant='normal', weight=700, stretch='normal', size='scalable')) = 10.335
DEBUG 2026-06-08 17:52:56 manager.py:1483 findfont: score(FontEntry(fname='/usr/share/fonts/truetype/noto/NotoSansTamil-Bold.ttf', name='Noto Sans Tamil', style='normal', variant='normal', weight=700, stretch='normal', size='scalable')) = 10.335
DEBUG 2026-06-08 17:52:56 manager.py:1483 findfont: score(FontEntry(fname='/usr/share/fonts/truetype/noto/NotoSansBengali-Regular.ttf', name='Noto Sans Bengali', style='normal', variant='normal', weight=400, stretch='normal', size='scalable')) = 10.05
DEBUG 2026-06-08 17:52:56 manager.py:1483 findfont: score(FontEntry(fname='/usr/share/fonts/truetype/noto/NotoSansTifinagh-Regular.ttf', name='Noto Sans Tifinagh', style='normal', variant='normal', weight=400, stretch='normal', size='scalable')) = 10.05
DEBUG 2026-06-08 17:52:56 manager.py:1483 findfont: score(FontEntry(fname='/usr/share/fonts/truetype/noto/NotoSansTifinaghRhissaIxa-Regular.ttf', name='Noto Sans Tifinagh Rhissa Ixa', style='normal', variant='normal', weight=400, stretch='normal', size='scalable')) = 10.05
DEBUG 2026-06-08 17:52:56 manager.py:1483 findfont: score(FontEntry(fname='/usr/share/fonts/truetype/noto/NotoSansMalayalam-Regular.ttf', name='Noto Sans Malayalam', style='normal', variant='normal', weight=400, stretch='normal', size='scalable')) = 10.05
DEBUG 2026-06-08 17:52:56 manager.py:1483 findfont: score(FontEntry(fname='/usr/share/fonts/truetype/open-sans/OpenSans-ExtraBoldItalic.ttf', name='Open Sans', style='italic', variant='normal', weight=800, stretch='normal', size='scalable')) = 11.43
DEBUG 2026-06-08 17:52:56 manager.py:1483 findfont: score(FontEntry(fname='/usr/share/fonts/truetype/noto/NotoSansKhojki-Regular.ttf', name='Noto Sans Khojki', style='normal', variant='normal', weight=400, stretch='normal', size='scalable')) = 10.05
DEBUG 2026-06-08 17:52:56 manager.py:1483 findfont: score(FontEntry(fname='/usr/share/fonts/truetype/noto/NotoSansPhagsPa-Regular.ttf', name='Noto Sans PhagsPa', style='normal', variant='normal', weight=400, stretch='normal', size='scalable')) = 10.05
DEBUG 2026-06-08 17:52:56 manager.py:1483 findfont: score(FontEntry(fname='/home/kibub/miniforge3/envs/lerobot/fonts/SourceCodePro-Medium.ttf', name='Source Code Pro', style='normal', variant='normal', weight=500, stretch='normal', size='scalable')) = 10.145
DEBUG 2026-06-08 17:52:56 manager.py:1483 findfont: score(FontEntry(fname='/usr/share/fonts/truetype/noto/NotoSans-Bold.ttf', name='Noto Sans', style='normal', variant='normal', weight=700, stretch='normal', size='scalable')) = 10.335
DEBUG 2026-06-08 17:52:56 manager.py:1483 findfont: score(FontEntry(fname='/usr/share/fonts/truetype/noto/NotoKufiArabic-Bold.ttf', name='Noto Kufi Arabic', style='normal', variant='normal', weight=700, stretch='normal', size='scalable')) = 10.335
DEBUG 2026-06-08 17:52:56 manager.py:1483 findfont: score(FontEntry(fname='/usr/share/fonts/truetype/noto/NotoSansBengali-Bold.ttf', name='Noto Sans Bengali', style='normal', variant='normal', weight=700, stretch='normal', size='scalable')) = 10.335
DEBUG 2026-06-08 17:52:56 manager.py:1483 findfont: score(FontEntry(fname='/usr/share/fonts/truetype/noto/NotoSansPalmyrene-Regular.ttf', name='Noto Sans Palmyrene', style='normal', variant='normal', weight=400, stretch='normal', size='scalable')) = 10.05
DEBUG 2026-06-08 17:52:56 manager.py:1483 findfont: score(FontEntry(fname='/usr/share/fonts/opentype/urw-base35/C059-Bold.otf', name='C059', style='normal', variant='normal', weight=700, stretch='normal', size='scalable')) = 10.335
DEBUG 2026-06-08 17:52:56 manager.py:1483 findfont: score(FontEntry(fname='/usr/share/fonts/truetype/open-sans/OpenSans-Semibold.ttf', name='Open Sans', style='normal', variant='normal', weight=600, stretch='normal', size='scalable')) = 10.24
DEBUG 2026-06-08 17:52:56 manager.py:1483 findfont: score(FontEntry(fname='/home/kibub/miniforge3/envs/lerobot/fonts/SourceCodePro-Bold.ttf', name='Source Code Pro', style='normal', variant='normal', weight=700, stretch='normal', size='scalable')) = 10.335
DEBUG 2026-06-08 17:52:56 manager.py:1483 findfont: score(FontEntry(fname='/usr/share/fonts/truetype/liberation/LiberationSans-Bold.ttf', name='Liberation Sans', style='normal', variant='normal', weight=700, stretch='normal', size='scalable')) = 10.335
DEBUG 2026-06-08 17:52:56 manager.py:1483 findfont: score(FontEntry(fname='/usr/share/fonts/truetype/noto/NotoSerif-Bold.ttf', name='Noto Serif', style='normal', variant='normal', weight=700, stretch='normal', size='scalable')) = 10.335
DEBUG 2026-06-08 17:52:56 manager.py:1483 findfont: score(FontEntry(fname='/usr/share/fonts/truetype/noto/NotoSansGlagolitic-Regular.ttf', name='Noto Sans Glagolitic', style='normal', variant='normal', weight=400, stretch='normal', size='scalable')) = 10.05
DEBUG 2026-06-08 17:52:56 manager.py:1483 findfont: score(FontEntry(fname='/home/kibub/miniforge3/envs/lerobot/fonts/SourceCodePro-Light.ttf', name='Source Code Pro', style='normal', variant='normal', weight=300, stretch='normal', size='scalable')) = 10.145
DEBUG 2026-06-08 17:52:56 manager.py:1483 findfont: score(FontEntry(fname='/usr/share/fonts/opentype/urw-base35/P052-Italic.otf', name='P052', style='italic', variant='normal', weight=400, stretch='normal', size='scalable')) = 11.05
DEBUG 2026-06-08 17:52:56 manager.py:1483 findfont: score(FontEntry(fname='/usr/share/fonts/truetype/noto/NotoSerifMalayalam-Regular.ttf', name='Noto Serif Malayalam', style='normal', variant='normal', weight=400, stretch='normal', size='scalable')) = 10.05
DEBUG 2026-06-08 17:52:56 manager.py:1483 findfont: score(FontEntry(fname='/usr/share/fonts/opentype/noto/NotoSansCJK-Regular.ttc', name='Noto Sans CJK JP', style='normal', variant='normal', weight=400, stretch='normal', size='scalable')) = 10.05
DEBUG 2026-06-08 17:52:56 manager.py:1483 findfont: score(FontEntry(fname='/usr/share/fonts/opentype/urw-base35/C059-Italic.otf', name='C059', style='italic', variant='normal', weight=400, stretch='normal', size='scalable')) = 11.05
DEBUG 2026-06-08 17:52:56 manager.py:1483 findfont: score(FontEntry(fname='/usr/share/fonts/truetype/noto/NotoSansPahawhHmong-Regular.ttf', name='Noto Sans Pahawh Hmong', style='normal', variant='normal', weight=400, stretch='normal', size='scalable')) = 10.05
DEBUG 2026-06-08 17:52:56 manager.py:1483 findfont: score(FontEntry(fname='/usr/share/fonts/truetype/noto/NotoSansPhoenician-Regular.ttf', name='Noto Sans Phoenician', style='normal', variant='normal', weight=400, stretch='normal', size='scalable')) = 10.05
DEBUG 2026-06-08 17:52:56 manager.py:1483 findfont: score(FontEntry(fname='/usr/share/fonts/truetype/noto/NotoSansLinearA-Regular.ttf', name='Noto Sans Linear A', style='normal', variant='normal', weight=400, stretch='normal', size='scalable')) = 10.05
DEBUG 2026-06-08 17:52:56 manager.py:1483 findfont: score(FontEntry(fname='/usr/share/fonts/truetype/noto/NotoSansAvestan-Regular.ttf', name='Noto Sans Avestan', style='normal', variant='normal', weight=400, stretch='normal', size='scalable')) = 10.05
DEBUG 2026-06-08 17:52:56 manager.py:1483 findfont: score(FontEntry(fname='/usr/share/fonts/truetype/noto/NotoNaskhArabic-Regular.ttf', name='Noto Naskh Arabic', style='normal', variant='normal', weight=400, stretch='normal', size='scalable')) = 10.05
DEBUG 2026-06-08 17:52:56 manager.py:1483 findfont: score(FontEntry(fname='/usr/share/fonts/truetype/noto/NotoSansPauCinHau-Regular.ttf', name='Noto Sans Pau Cin Hau', style='normal', variant='normal', weight=400, stretch='normal', size='scalable')) = 10.05
DEBUG 2026-06-08 17:52:56 manager.py:1483 findfont: score(FontEntry(fname='/usr/share/fonts/truetype/noto/NotoSansKhmer-Regular.ttf', name='Noto Sans Khmer', style='normal', variant='normal', weight=400, stretch='normal', size='scalable')) = 10.05
DEBUG 2026-06-08 17:52:56 manager.py:1483 findfont: score(FontEntry(fname='/usr/share/fonts/truetype/noto/NotoSansTelugu-Regular.ttf', name='Noto Sans Telugu', style='normal', variant='normal', weight=400, stretch='normal', size='scalable')) = 10.05
DEBUG 2026-06-08 17:52:56 manager.py:1483 findfont: score(FontEntry(fname='/usr/share/fonts/truetype/noto/NotoSansLisu-Bold.ttf', name='Noto Sans Lisu', style='normal', variant='normal', weight=700, stretch='normal', size='scalable')) = 10.335
DEBUG 2026-06-08 17:52:56 manager.py:1483 findfont: score(FontEntry(fname='/usr/share/fonts/truetype/noto/NotoSansLao-Bold.ttf', name='Noto Sans Lao', style='normal', variant='normal', weight=700, stretch='normal', size='scalable')) = 10.335
DEBUG 2026-06-08 17:52:56 manager.py:1483 findfont: score(FontEntry(fname='/usr/share/fonts/truetype/liberation/LiberationSansNarrow-BoldItalic.ttf', name='Liberation Sans Narrow', style='italic', variant='normal', weight=700, stretch='condensed', size='scalable')) = 11.535
DEBUG 2026-06-08 17:52:56 manager.py:1483 findfont: score(FontEntry(fname='/usr/share/fonts/truetype/noto/NotoSansOgham-Regular.ttf', name='Noto Sans Ogham', style='normal', variant='normal', weight=400, stretch='normal', size='scalable')) = 10.05
DEBUG 2026-06-08 17:52:56 manager.py:1483 findfont: score(FontEntry(fname='/usr/share/fonts/opentype/urw-base35/NimbusSans-Italic.otf', name='Nimbus Sans', style='italic', variant='normal', weight=400, stretch='normal', size='scalable')) = 11.05
DEBUG 2026-06-08 17:52:56 manager.py:1483 findfont: score(FontEntry(fname='/usr/share/fonts/truetype/noto/NotoSansKayahLi-Regular.ttf', name='Noto Sans Kayah Li', style='normal', variant='normal', weight=400, stretch='normal', size='scalable')) = 10.05
DEBUG 2026-06-08 17:52:56 manager.py:1483 findfont: score(FontEntry(fname='/usr/share/fonts/truetype/noto/NotoSansGeorgian-Regular.ttf', name='Noto Sans Georgian', style='normal', variant='normal', weight=400, stretch='normal', size='scalable')) = 10.05
DEBUG 2026-06-08 17:52:56 manager.py:1483 findfont: score(FontEntry(fname='/usr/share/fonts/truetype/noto/NotoSerifTangut-Regular.ttf', name='Noto Serif Tangut', style='normal', variant='normal', weight=400, stretch='normal', size='scalable')) = 10.05
DEBUG 2026-06-08 17:52:56 manager.py:1483 findfont: score(FontEntry(fname='/usr/share/fonts/truetype/open-sans/OpenSans-ExtraBold.ttf', name='Open Sans', style='normal', variant='normal', weight=800, stretch='normal', size='scalable')) = 10.43
DEBUG 2026-06-08 17:52:56 manager.py:1483 findfont: score(FontEntry(fname='/usr/share/fonts/truetype/noto/NotoSansMono-Regular.ttf', name='Noto Sans Mono', style='normal', variant='normal', weight=400, stretch='normal', size='scalable')) = 10.05
DEBUG 2026-06-08 17:52:56 manager.py:1483 findfont: score(FontEntry(fname='/usr/share/fonts/truetype/noto/NotoSerifEthiopic-Regular.ttf', name='Noto Serif Ethiopic', style='normal', variant='normal', weight=400, stretch='normal', size='scalable')) = 10.05
DEBUG 2026-06-08 17:52:56 manager.py:1483 findfont: score(FontEntry(fname='/usr/share/fonts/truetype/noto/NotoNastaliqUrdu-Bold.ttf', name='Noto Nastaliq Urdu', style='normal', variant='normal', weight=400, stretch='normal', size='scalable')) = 10.05
DEBUG 2026-06-08 17:52:56 manager.py:1483 findfont: score(FontEntry(fname='/usr/share/fonts/truetype/lato/Lato-HeavyItalic.ttf', name='Lato', style='italic', variant='normal', weight=800, stretch='normal', size='scalable')) = 11.43
DEBUG 2026-06-08 17:52:56 manager.py:1483 findfont: score(FontEntry(fname='/usr/share/fonts/truetype/open-sans/OpenSans-LightItalic.ttf', name='Open Sans', style='italic', variant='normal', weight=300, stretch='normal', size='scalable')) = 11.145
DEBUG 2026-06-08 17:52:56 manager.py:1483 findfont: score(FontEntry(fname='/usr/share/fonts/truetype/noto/NotoSansTirhuta-Regular.ttf', name='Noto Sans Tirhuta', style='normal', variant='normal', weight=400, stretch='normal', size='scalable')) = 10.05
DEBUG 2026-06-08 17:52:56 manager.py:1483 findfont: score(FontEntry(fname='/home/kibub/miniforge3/envs/lerobot/fonts/Ubuntu-M.ttf', name='Ubuntu', style='normal', variant='normal', weight=500, stretch='normal', size='scalable')) = 10.145
DEBUG 2026-06-08 17:52:56 manager.py:1483 findfont: score(FontEntry(fname='/usr/share/fonts/opentype/urw-base35/NimbusSansNarrow-Bold.otf', name='Nimbus Sans Narrow', style='normal', variant='normal', weight=700, stretch='condensed', size='scalable')) = 10.535
DEBUG 2026-06-08 17:52:56 manager.py:1483 findfont: score(FontEntry(fname='/usr/share/fonts/truetype/ubuntu/Ubuntu-Italic[wdth,wght].ttf', name='Ubuntu', style='italic', variant='normal', weight=400, stretch='normal', size='scalable')) = 11.05
DEBUG 2026-06-08 17:52:56 manager.py:1483 findfont: score(FontEntry(fname='/usr/share/fonts/truetype/noto/NotoSansSinhala-Bold.ttf', name='Noto Sans Sinhala', style='normal', variant='normal', weight=700, stretch='normal', size='scalable')) = 10.335
DEBUG 2026-06-08 17:52:56 manager.py:1483 findfont: score(FontEntry(fname='/usr/share/fonts/truetype/ubuntu/Ubuntu-L.ttf', name='Ubuntu', style='normal', variant='normal', weight=400, stretch='normal', size='scalable')) = 10.05
DEBUG 2026-06-08 17:52:56 manager.py:1483 findfont: score(FontEntry(fname='/usr/share/fonts/truetype/ubuntu/UbuntuMono-BI.ttf', name='Ubuntu Mono', style='italic', variant='normal', weight=400, stretch='normal', size='scalable')) = 11.05
DEBUG 2026-06-08 17:52:56 manager.py:1483 findfont: score(FontEntry(fname='/usr/share/fonts/truetype/ubuntu/UbuntuSans-Italic[wdth,wght].ttf', name='Ubuntu Sans', style='italic', variant='normal', weight=400, stretch='normal', size='scalable')) = 11.05
DEBUG 2026-06-08 17:52:56 manager.py:1483 findfont: score(FontEntry(fname='/usr/share/fonts/truetype/noto/NotoSansHanifiRohingya-Bold.ttf', name='Noto Sans Hanifi Rohingya', style='normal', variant='normal', weight=700, stretch='normal', size='scalable')) = 10.335
DEBUG 2026-06-08 17:52:56 manager.py:1483 findfont: score(FontEntry(fname='/usr/share/fonts/opentype/urw-base35/StandardSymbolsPS.otf', name='Standard Symbols PS', style='normal', variant='normal', weight=400, stretch='normal', size='scalable')) = 10.05
DEBUG 2026-06-08 17:52:56 manager.py:1483 findfont: score(FontEntry(fname='/usr/share/fonts/truetype/noto/NotoSansIndicSiyaqNumbers-Regular.ttf', name='Noto Sans Indic Siyaq Numbers', style='normal', variant='normal', weight=400, stretch='normal', size='scalable')) = 10.05
DEBUG 2026-06-08 17:52:56 manager.py:1483 findfont: score(FontEntry(fname='/usr/share/fonts/truetype/noto/NotoSansSiddham-Regular.ttf', name='Noto Sans Siddham', style='normal', variant='normal', weight=400, stretch='normal', size='scalable')) = 10.05
DEBUG 2026-06-08 17:52:56 manager.py:1483 findfont: score(FontEntry(fname='/usr/share/fonts/truetype/liberation/LiberationSerif-Italic.ttf', name='Liberation Serif', style='italic', variant='normal', weight=400, stretch='normal', size='scalable')) = 11.05
DEBUG 2026-06-08 17:52:56 manager.py:1483 findfont: score(FontEntry(fname='/usr/share/fonts/truetype/noto/NotoSansMedefaidrin-Bold.ttf', name='Noto Sans Medefaidrin', style='normal', variant='normal', weight=700, stretch='normal', size='scalable')) = 10.335
DEBUG 2026-06-08 17:52:56 manager.py:1483 findfont: score(FontEntry(fname='/usr/share/fonts/opentype/urw-base35/P052-Roman.otf', name='P052', style='normal', variant='normal', weight=400, stretch='normal', size='scalable')) = 10.05
DEBUG 2026-06-08 17:52:56 manager.py:1483 findfont: score(FontEntry(fname='/home/kibub/miniforge3/envs/lerobot/fonts/Inconsolata-Bold.ttf', name='Inconsolata', style='normal', variant='normal', weight=700, stretch='normal', size='scalable')) = 10.335
DEBUG 2026-06-08 17:52:56 manager.py:1483 findfont: score(FontEntry(fname='/usr/share/fonts/truetype/noto/NotoTraditionalNushu-Regular.ttf', name='Noto Traditional Nushu', style='normal', variant='normal', weight=400, stretch='normal', size='scalable')) = 10.05
DEBUG 2026-06-08 17:52:56 manager.py:1483 findfont: score(FontEntry(fname='/usr/share/fonts/truetype/noto/NotoSansOldSogdian-Regular.ttf', name='Noto Sans Old Sogdian', style='normal', variant='normal', weight=400, stretch='normal', size='scalable')) = 10.05
DEBUG 2026-06-08 17:52:56 manager.py:1483 findfont: score(FontEntry(fname='/usr/share/fonts/truetype/noto/NotoSansDisplay-Bold.ttf', name='Noto Sans Display', style='normal', variant='normal', weight=700, stretch='normal', size='scalable')) = 10.335
DEBUG 2026-06-08 17:52:56 manager.py:1483 findfont: score(FontEntry(fname='/usr/share/fonts/opentype/urw-base35/NimbusSans-BoldItalic.otf', name='Nimbus Sans', style='italic', variant='normal', weight=700, stretch='normal', size='scalable')) = 11.335
DEBUG 2026-06-08 17:52:56 manager.py:1483 findfont: score(FontEntry(fname='/usr/share/fonts/truetype/noto/NotoSansLycian-Regular.ttf', name='Noto Sans Lycian', style='normal', variant='normal', weight=400, stretch='normal', size='scalable')) = 10.05
DEBUG 2026-06-08 17:52:56 manager.py:1483 findfont: score(FontEntry(fname='/usr/share/fonts/truetype/noto/NotoSansShavian-Regular.ttf', name='Noto Sans Shavian', style='normal', variant='normal', weight=400, stretch='normal', size='scalable')) = 10.05
DEBUG 2026-06-08 17:52:56 manager.py:1483 findfont: score(FontEntry(fname='/usr/share/fonts/truetype/noto/NotoSansBalinese-Regular.ttf', name='Noto Sans Balinese', style='normal', variant='normal', weight=400, stretch='normal', size='scalable')) = 10.05
DEBUG 2026-06-08 17:52:56 manager.py:1483 findfont: score(FontEntry(fname='/usr/share/fonts/truetype/lato/Lato-Medium.ttf', name='Lato', style='normal', variant='normal', weight=500, stretch='normal', size='scalable')) = 10.145
DEBUG 2026-06-08 17:52:56 manager.py:1483 findfont: score(FontEntry(fname='/usr/share/fonts/opentype/urw-base35/C059-Roman.otf', name='C059', style='normal', variant='normal', weight=400, stretch='normal', size='scalable')) = 10.05
DEBUG 2026-06-08 17:52:56 manager.py:1483 findfont: score(FontEntry(fname='/usr/share/fonts/truetype/noto/NotoSerifEthiopic-Bold.ttf', name='Noto Serif Ethiopic', style='normal', variant='normal', weight=700, stretch='normal', size='scalable')) = 10.335
DEBUG 2026-06-08 17:52:56 manager.py:1483 findfont: score(FontEntry(fname='/usr/share/fonts/opentype/urw-base35/NimbusSans-Bold.otf', name='Nimbus Sans', style='normal', variant='normal', weight=700, stretch='normal', size='scalable')) = 10.335
DEBUG 2026-06-08 17:52:56 manager.py:1483 findfont: score(FontEntry(fname='/usr/share/fonts/truetype/noto/NotoSansOldItalic-Regular.ttf', name='Noto Sans Old Italic', style='italic', variant='normal', weight=400, stretch='normal', size='scalable')) = 11.05
DEBUG 2026-06-08 17:52:56 manager.py:1483 findfont: score(FontEntry(fname='/usr/share/fonts/truetype/noto/NotoSansTifinaghAhaggar-Regular.ttf', name='Noto Sans Tifinagh Ahaggar', style='normal', variant='normal', weight=400, stretch='normal', size='scalable')) = 10.05
DEBUG 2026-06-08 17:52:56 manager.py:1483 findfont: score(FontEntry(fname='/usr/share/fonts/truetype/noto/NotoSansArabic-Bold.ttf', name='Noto Sans Arabic', style='normal', variant='normal', weight=700, stretch='normal', size='scalable')) = 10.335
DEBUG 2026-06-08 17:52:56 manager.py:1483 findfont: score(FontEntry(fname='/usr/share/fonts/truetype/noto/NotoSansDuployan-Regular.ttf', name='Noto Sans Duployan', style='normal', variant='normal', weight=400, stretch='normal', size='scalable')) = 10.05
DEBUG 2026-06-08 17:52:56 manager.py:1483 findfont: score(FontEntry(fname='/usr/share/fonts/truetype/noto/NotoSansWarangCiti-Regular.ttf', name='Noto Sans Warang Citi', style='normal', variant='normal', weight=400, stretch='normal', size='scalable')) = 10.05
DEBUG 2026-06-08 17:52:56 manager.py:1483 findfont: score(FontEntry(fname='/usr/share/fonts/truetype/noto/NotoSansSundanese-Regular.ttf', name='Noto Sans Sundanese', style='normal', variant='normal', weight=400, stretch='normal', size='scalable')) = 10.05
DEBUG 2026-06-08 17:52:56 manager.py:1483 findfont: score(FontEntry(fname='/usr/share/fonts/truetype/noto/NotoSansSoyombo-Regular.ttf', name='Noto Sans Soyombo', style='normal', variant='normal', weight=400, stretch='normal', size='scalable')) = 10.05
DEBUG 2026-06-08 17:52:56 manager.py:1483 findfont: score(FontEntry(fname='/usr/share/fonts/truetype/noto/NotoSansCarian-Regular.ttf', name='Noto Sans Carian', style='normal', variant='normal', weight=400, stretch='normal', size='scalable')) = 10.05
DEBUG 2026-06-08 17:52:56 manager.py:1483 findfont: score(FontEntry(fname='/usr/share/fonts/truetype/noto/NotoSerifHebrew-Regular.ttf', name='Noto Serif Hebrew', style='normal', variant='normal', weight=400, stretch='normal', size='scalable')) = 10.05
DEBUG 2026-06-08 17:52:56 manager.py:1483 findfont: score(FontEntry(fname='/usr/share/fonts/truetype/noto/NotoSansCanadianAboriginal-Regular.ttf', name='Noto Sans Canadian Aboriginal', style='normal', variant='normal', weight=400, stretch='normal', size='scalable')) = 10.05
DEBUG 2026-06-08 17:52:56 manager.py:1483 findfont: score(FontEntry(fname='/usr/share/fonts/truetype/noto/NotoSans-Italic.ttf', name='Noto Sans', style='italic', variant='normal', weight=400, stretch='normal', size='scalable')) = 11.05
DEBUG 2026-06-08 17:52:56 manager.py:1483 findfont: score(FontEntry(fname='/usr/share/fonts/truetype/noto/NotoSansKharoshthi-Regular.ttf', name='Noto Sans Kharoshthi', style='normal', variant='normal', weight=400, stretch='normal', size='scalable')) = 10.05
DEBUG 2026-06-08 17:52:56 manager.py:1483 findfont: score(FontEntry(fname='/usr/share/fonts/truetype/noto/NotoSerif-Italic.ttf', name='Noto Serif', style='italic', variant='normal', weight=400, stretch='normal', size='scalable')) = 11.05
DEBUG 2026-06-08 17:52:56 manager.py:1483 findfont: score(FontEntry(fname='/usr/share/fonts/truetype/noto/NotoSerifMyanmar-Regular.ttf', name='Noto Serif Myanmar', style='normal', variant='normal', weight=400, stretch='normal', size='scalable')) = 10.05
DEBUG 2026-06-08 17:52:56 manager.py:1483 findfont: score(FontEntry(fname='/usr/share/fonts/truetype/noto/NotoSerifNyiakengPuachueHmong-Regular.ttf', name='Noto Serif Hmong Nyiakeng', style='normal', variant='normal', weight=400, stretch='normal', size='scalable')) = 10.05
DEBUG 2026-06-08 17:52:56 manager.py:1483 findfont: score(FontEntry(fname='/usr/share/fonts/truetype/ubuntu/Ubuntu-B.ttf', name='Ubuntu', style='normal', variant='normal', weight=400, stretch='normal', size='scalable')) = 10.05
DEBUG 2026-06-08 17:52:56 manager.py:1483 findfont: score(FontEntry(fname='/usr/share/fonts/truetype/noto/NotoSerifGeorgian-Regular.ttf', name='Noto Serif Georgian', style='normal', variant='normal', weight=400, stretch='normal', size='scalable')) = 10.05
DEBUG 2026-06-08 17:52:56 manager.py:1483 findfont: score(FontEntry(fname='/usr/share/fonts/truetype/noto/NotoSansTaiTham-Regular.ttf', name='Noto Sans Tai Tham', style='normal', variant='normal', weight=400, stretch='normal', size='scalable')) = 10.05
DEBUG 2026-06-08 17:52:56 manager.py:1483 findfont: score(FontEntry(fname='/usr/share/fonts/truetype/droid/DroidSansFallbackFull.ttf', name='Droid Sans Fallback', style='normal', variant='normal', weight=400, stretch='normal', size='scalable')) = 10.05
DEBUG 2026-06-08 17:52:56 manager.py:1483 findfont: score(FontEntry(fname='/home/kibub/miniforge3/envs/lerobot/fonts/SourceCodePro-ExtraLight.ttf', name='Source Code Pro', style='normal', variant='normal', weight=200, stretch='normal', size='scalable')) = 10.24
DEBUG 2026-06-08 17:52:56 manager.py:1483 findfont: score(FontEntry(fname='/usr/share/fonts/truetype/noto/NotoSansCoptic-Regular.ttf', name='Noto Sans Coptic', style='normal', variant='normal', weight=400, stretch='normal', size='scalable')) = 10.05
DEBUG 2026-06-08 17:52:56 manager.py:1483 findfont: score(FontEntry(fname='/usr/share/fonts/truetype/noto/NotoSansYi-Regular.ttf', name='Noto Sans Yi', style='normal', variant='normal', weight=400, stretch='normal', size='scalable')) = 10.05
DEBUG 2026-06-08 17:52:56 manager.py:1483 findfont: score(FontEntry(fname='/usr/share/fonts/truetype/noto/NotoSansCherokee-Regular.ttf', name='Noto Sans Cherokee', style='normal', variant='normal', weight=400, stretch='normal', size='scalable')) = 10.05
DEBUG 2026-06-08 17:52:56 manager.py:1483 findfont: score(FontEntry(fname='/usr/share/fonts/truetype/lato/Lato-BlackItalic.ttf', name='Lato', style='italic', variant='normal', weight=900, stretch='normal', size='scalable')) = 11.525
DEBUG 2026-06-08 17:52:56 manager.py:1483 findfont: score(FontEntry(fname='/usr/share/fonts/truetype/noto/NotoSansMalayalam-Bold.ttf', name='Noto Sans Malayalam', style='normal', variant='normal', weight=700, stretch='normal', size='scalable')) = 10.335
DEBUG 2026-06-08 17:52:56 manager.py:1483 findfont: score(FontEntry(fname='/home/kibub/miniforge3/envs/lerobot/fonts/Inconsolata-Regular.ttf', name='Inconsolata', style='normal', variant='normal', weight=400, stretch='normal', size='scalable')) = 10.05
DEBUG 2026-06-08 17:52:56 manager.py:1483 findfont: score(FontEntry(fname='/usr/share/fonts/opentype/urw-base35/NimbusSansNarrow-Regular.otf', name='Nimbus Sans Narrow', style='normal', variant='normal', weight=400, stretch='condensed', size='scalable')) = 10.25
DEBUG 2026-06-08 17:52:56 manager.py:1483 findfont: score(FontEntry(fname='/usr/share/fonts/truetype/noto/NotoSansGurmukhi-Regular.ttf', name='Noto Sans Gurmukhi', style='normal', variant='normal', weight=400, stretch='normal', size='scalable')) = 10.05
DEBUG 2026-06-08 17:52:56 manager.py:1483 findfont: score(FontEntry(fname='/home/kibub/miniforge3/envs/lerobot/fonts/Ubuntu-L.ttf', name='Ubuntu', style='normal', variant='normal', weight=300, stretch='normal', size='scalable')) = 10.145
DEBUG 2026-06-08 17:52:56 manager.py:1483 findfont: score(FontEntry(fname='/usr/share/fonts/truetype/noto/NotoSansBamum-Regular.ttf', name='Noto Sans Bamum', style='normal', variant='normal', weight=400, stretch='normal', size='scalable')) = 10.05
DEBUG 2026-06-08 17:52:56 manager.py:1483 findfont: score(FontEntry(fname='/usr/share/fonts/truetype/noto/NotoSerifTamil-Bold.ttf', name='Noto Serif Tamil', style='normal', variant='normal', weight=700, stretch='normal', size='scalable')) = 10.335
DEBUG 2026-06-08 17:52:56 manager.py:1483 findfont: score(FontEntry(fname='/usr/share/fonts/truetype/noto/NotoSansTifinaghGhat-Regular.ttf', name='Noto Sans Tifinagh Ghat', style='normal', variant='normal', weight=400, stretch='normal', size='scalable')) = 10.05
DEBUG 2026-06-08 17:52:56 manager.py:1483 findfont: score(FontEntry(fname='/usr/share/fonts/truetype/liberation/LiberationSansNarrow-Italic.ttf', name='Liberation Sans Narrow', style='italic', variant='normal', weight=400, stretch='condensed', size='scalable')) = 11.25
DEBUG 2026-06-08 17:52:56 manager.py:1483 findfont: score(FontEntry(fname='/usr/share/fonts/truetype/noto/NotoSerifGeorgian-Bold.ttf', name='Noto Serif Georgian', style='normal', variant='normal', weight=700, stretch='normal', size='scalable')) = 10.335
DEBUG 2026-06-08 17:52:56 manager.py:1483 findfont: score(FontEntry(fname='/usr/share/fonts/truetype/noto/NotoSansSyriac-Regular.ttf', name='Noto Sans Syriac', style='normal', variant='normal', weight=400, stretch='normal', size='scalable')) = 10.05
DEBUG 2026-06-08 17:52:56 manager.py:1483 findfont: score(FontEntry(fname='/usr/share/fonts/truetype/noto/NotoSerifGurmukhi-Bold.ttf', name='Noto Serif Gurmukhi', style='normal', variant='normal', weight=700, stretch='normal', size='scalable')) = 10.335
DEBUG 2026-06-08 17:52:56 manager.py:1483 findfont: score(FontEntry(fname='/usr/share/fonts/opentype/urw-base35/URWGothic-Demi.otf', name='URW Gothic', style='normal', variant='normal', weight=600, stretch='normal', size='scalable')) = 10.24
DEBUG 2026-06-08 17:52:56 manager.py:1483 findfont: score(FontEntry(fname='/usr/share/fonts/truetype/open-sans/OpenSans-Bold.ttf', name='Open Sans', style='normal', variant='normal', weight=700, stretch='normal', size='scalable')) = 10.335
DEBUG 2026-06-08 17:52:56 manager.py:1483 findfont: score(FontEntry(fname='/usr/share/fonts/truetype/noto/NotoSansOlChiki-Regular.ttf', name='Noto Sans Ol Chiki', style='normal', variant='normal', weight=400, stretch='normal', size='scalable')) = 10.05
DEBUG 2026-06-08 17:52:56 manager.py:1483 findfont: score(FontEntry(fname='/usr/share/fonts/truetype/noto/NotoSansJavanese-Regular.ttf', name='Noto Sans Javanese', style='normal', variant='normal', weight=400, stretch='normal', size='scalable')) = 10.05
DEBUG 2026-06-08 17:52:56 manager.py:1483 findfont: score(FontEntry(fname='/usr/share/fonts/truetype/noto/NotoSansMeeteiMayek-Bold.ttf', name='Noto Sans Meetei Mayek', style='normal', variant='normal', weight=700, stretch='normal', size='scalable')) = 10.335
DEBUG 2026-06-08 17:52:56 manager.py:1483 findfont: score(FontEntry(fname='/usr/share/fonts/truetype/noto/NotoSansBatak-Regular.ttf', name='Noto Sans Batak', style='normal', variant='normal', weight=400, stretch='normal', size='scalable')) = 10.05
DEBUG 2026-06-08 17:52:56 manager.py:1483 findfont: score(FontEntry(fname='/usr/share/fonts/truetype/noto/NotoMusic-Regular.ttf', name='Noto Music', style='normal', variant='normal', weight=400, stretch='normal', size='scalable')) = 10.05
DEBUG 2026-06-08 17:52:56 manager.py:1483 findfont: score(FontEntry(fname='/usr/share/fonts/truetype/noto/NotoRashiHebrew-Regular.ttf', name='Noto Rashi Hebrew', style='normal', variant='normal', weight=400, stretch='normal', size='scalable')) = 10.05
DEBUG 2026-06-08 17:52:56 manager.py:1483 findfont: score(FontEntry(fname='/usr/share/fonts/truetype/lato/Lato-Heavy.ttf', name='Lato', style='normal', variant='normal', weight=800, stretch='normal', size='scalable')) = 10.43
DEBUG 2026-06-08 17:52:56 manager.py:1483 findfont: score(FontEntry(fname='/usr/share/fonts/truetype/ubuntu/Ubuntu-C.ttf', name='Ubuntu', style='normal', variant='normal', weight=400, stretch='normal', size='scalable')) = 10.05
DEBUG 2026-06-08 17:52:56 manager.py:1483 findfont: score(FontEntry(fname='/home/kibub/miniforge3/envs/lerobot/fonts/UbuntuMono-RI.ttf', name='Ubuntu Mono', style='italic', variant='normal', weight=400, stretch='normal', size='scalable')) = 11.05
DEBUG 2026-06-08 17:52:56 manager.py:1483 findfont: score(FontEntry(fname='/usr/share/fonts/truetype/noto/NotoSansMro-Regular.ttf', name='Noto Sans Mro', style='normal', variant='normal', weight=400, stretch='normal', size='scalable')) = 10.05
DEBUG 2026-06-08 17:52:56 manager.py:1483 findfont: score(FontEntry(fname='/usr/share/fonts/truetype/noto/NotoSerifDisplay-BoldItalic.ttf', name='Noto Serif Display', style='italic', variant='normal', weight=700, stretch='normal', size='scalable')) = 11.335
DEBUG 2026-06-08 17:52:56 manager.py:1483 findfont: score(FontEntry(fname='/usr/share/fonts/truetype/noto/NotoSansMayanNumerals-Regular.ttf', name='Noto Sans Mayan Numerals', style='normal', variant='normal', weight=400, stretch='normal', size='scalable')) = 10.05
DEBUG 2026-06-08 17:52:56 manager.py:1483 findfont: score(FontEntry(fname='/usr/share/fonts/opentype/urw-base35/URWBookman-Light.otf', name='URW Bookman', style='normal', variant='normal', weight=300, stretch='normal', size='scalable')) = 10.145
DEBUG 2026-06-08 17:52:56 manager.py:1483 findfont: score(FontEntry(fname='/usr/share/fonts/truetype/noto/NotoSansSharada-Regular.ttf', name='Noto Sans Sharada', style='normal', variant='normal', weight=400, stretch='normal', size='scalable')) = 10.05
DEBUG 2026-06-08 17:52:56 manager.py:1483 findfont: score(FontEntry(fname='/usr/share/fonts/truetype/lato/Lato-HairlineItalic.ttf', name='Lato', style='italic', variant='normal', weight=250, stretch='normal', size='scalable')) = 11.1925
DEBUG 2026-06-08 17:52:56 manager.py:1483 findfont: score(FontEntry(fname='/usr/share/fonts/opentype/urw-base35/C059-BdIta.otf', name='C059', style='italic', variant='normal', weight=700, stretch='normal', size='scalable')) = 11.335
DEBUG 2026-06-08 17:52:56 manager.py:1483 findfont: score(FontEntry(fname='/usr/share/fonts/truetype/noto/NotoSansOldSouthArabian-Regular.ttf', name='Noto Sans Old South Arabian', style='normal', variant='normal', weight=400, stretch='normal', size='scalable')) = 10.05
DEBUG 2026-06-08 17:52:56 manager.py:1483 findfont: score(FontEntry(fname='/usr/share/fonts/truetype/noto/NotoSerifTamilSlanted-Bold.ttf', name='Noto Serif Tamil Slanted', style='normal', variant='normal', weight=700, stretch='normal', size='scalable')) = 10.335
DEBUG 2026-06-08 17:52:56 manager.py:1483 findfont: score(FontEntry(fname='/home/kibub/miniforge3/envs/lerobot/fonts/Ubuntu-MI.ttf', name='Ubuntu', style='italic', variant='normal', weight=500, stretch='normal', size='scalable')) = 11.145
DEBUG 2026-06-08 17:52:56 manager.py:1483 findfont: score(FontEntry(fname='/usr/share/fonts/truetype/noto/NotoSansNewa-Regular.ttf', name='Noto Sans Newa', style='normal', variant='normal', weight=400, stretch='normal', size='scalable')) = 10.05
DEBUG 2026-06-08 17:52:56 manager.py:1483 findfont: score(FontEntry(fname='/usr/share/fonts/opentype/urw-base35/NimbusRoman-Bold.otf', name='Nimbus Roman', style='normal', variant='normal', weight=700, stretch='normal', size='scalable')) = 10.335
DEBUG 2026-06-08 17:52:56 manager.py:1483 findfont: score(FontEntry(fname='/usr/share/fonts/truetype/noto/NotoSansBamum-Bold.ttf', name='Noto Sans Bamum', style='normal', variant='normal', weight=700, stretch='normal', size='scalable')) = 10.335
DEBUG 2026-06-08 17:52:56 manager.py:1483 findfont: score(FontEntry(fname='/usr/share/fonts/truetype/noto/NotoLoopedLao-Bold.ttf', name='Noto Looped Lao', style='normal', variant='normal', weight=700, stretch='normal', size='scalable')) = 10.335
DEBUG 2026-06-08 17:52:56 manager.py:1483 findfont: score(FontEntry(fname='/usr/share/fonts/truetype/noto/NotoSansDevanagari-Regular.ttf', name='Noto Sans Devanagari', style='normal', variant='normal', weight=400, stretch='normal', size='scalable')) = 10.05
DEBUG 2026-06-08 17:52:56 manager.py:1483 findfont: score(FontEntry(fname='/usr/share/fonts/truetype/ubuntu/UbuntuSansMono[wght].ttf', name='Ubuntu Sans Mono', style='normal', variant='normal', weight=400, stretch='normal', size='scalable')) = 10.05
DEBUG 2026-06-08 17:52:56 manager.py:1483 findfont: score(FontEntry(fname='/usr/share/fonts/truetype/noto/NotoSansMyanmar-Bold.ttf', name='Noto Sans Myanmar', style='normal', variant='normal', weight=700, stretch='normal', size='scalable')) = 10.335
DEBUG 2026-06-08 17:52:56 manager.py:1483 findfont: score(FontEntry(fname='/usr/share/fonts/opentype/urw-base35/NimbusSans-Regular.otf', name='Nimbus Sans', style='normal', variant='normal', weight=400, stretch='normal', size='scalable')) = 10.05
DEBUG 2026-06-08 17:52:56 manager.py:1483 findfont: score(FontEntry(fname='/usr/share/fonts/truetype/noto/NotoSansTifinaghAPT-Regular.ttf', name='Noto Sans Tifinagh APT', style='normal', variant='normal', weight=400, stretch='normal', size='scalable')) = 10.05
DEBUG 2026-06-08 17:52:56 manager.py:1483 findfont: score(FontEntry(fname='/usr/share/fonts/truetype/noto/NotoSansVai-Regular.ttf', name='Noto Sans Vai', style='normal', variant='normal', weight=400, stretch='normal', size='scalable')) = 10.05
DEBUG 2026-06-08 17:52:56 manager.py:1483 findfont: score(FontEntry(fname='/usr/share/fonts/truetype/noto/NotoSansAnatolianHieroglyphs-Regular.ttf', name='Noto Sans Anatolian Hieroglyphs', style='normal', variant='normal', weight=400, stretch='normal', size='scalable')) = 10.05
DEBUG 2026-06-08 17:52:56 manager.py:1483 findfont: score(FontEntry(fname='/usr/share/fonts/truetype/noto/NotoSansCaucasianAlbanian-Regular.ttf', name='Noto Sans Caucasian Albanian', style='normal', variant='normal', weight=400, stretch='normal', size='scalable')) = 10.05
DEBUG 2026-06-08 17:52:56 manager.py:1483 findfont: score(FontEntry(fname='/usr/share/fonts/truetype/noto/NotoSansTifinaghHawad-Regular.ttf', name='Noto Sans Tifinagh Hawad', style='normal', variant='normal', weight=400, stretch='normal', size='scalable')) = 10.05
DEBUG 2026-06-08 17:52:56 manager.py:1483 findfont: score(FontEntry(fname='/usr/share/fonts/truetype/noto/NotoSansBrahmi-Regular.ttf', name='Noto Sans Brahmi', style='normal', variant='normal', weight=400, stretch='normal', size='scalable')) = 10.05
DEBUG 2026-06-08 17:52:56 manager.py:1483 findfont: score(FontEntry(fname='/usr/share/fonts/truetype/noto/NotoSerif-BoldItalic.ttf', name='Noto Serif', style='italic', variant='normal', weight=700, stretch='normal', size='scalable')) = 11.335
DEBUG 2026-06-08 17:52:56 manager.py:1483 findfont: score(FontEntry(fname='/usr/share/fonts/truetype/noto/NotoSansMasaramGondi-Regular.ttf', name='Noto Sans Masaram Gondi', style='normal', variant='normal', weight=400, stretch='normal', size='scalable')) = 10.05
DEBUG 2026-06-08 17:52:56 manager.py:1483 findfont: score(FontEntry(fname='/usr/share/fonts/truetype/noto/NotoSansSoraSompeng-Regular.ttf', name='Noto Sans Sora Sompeng', style='normal', variant='normal', weight=400, stretch='normal', size='scalable')) = 10.05
DEBUG 2026-06-08 17:52:56 manager.py:1483 findfont: score(FontEntry(fname='/usr/share/fonts/truetype/ubuntu/UbuntuMono[wght].ttf', name='Ubuntu Mono', style='normal', variant='normal', weight=400, stretch='normal', size='scalable')) = 10.05
DEBUG 2026-06-08 17:52:56 manager.py:1483 findfont: score(FontEntry(fname='/usr/share/fonts/truetype/noto/NotoSerifKhmer-Bold.ttf', name='Noto Serif Khmer', style='normal', variant='normal', weight=700, stretch='normal', size='scalable')) = 10.335
DEBUG 2026-06-08 17:52:56 manager.py:1483 findfont: score(FontEntry(fname='/usr/share/fonts/truetype/noto/NotoSerifDevanagari-Bold.ttf', name='Noto Serif Devanagari', style='normal', variant='normal', weight=700, stretch='normal', size='scalable')) = 10.335
DEBUG 2026-06-08 17:52:56 manager.py:1483 findfont: score(FontEntry(fname='/usr/share/fonts/opentype/urw-base35/URWGothic-DemiOblique.otf', name='URW Gothic', style='oblique', variant='normal', weight=600, stretch='normal', size='scalable')) = 11.24
DEBUG 2026-06-08 17:52:56 manager.py:1483 findfont: score(FontEntry(fname='/usr/share/fonts/truetype/noto/NotoSansRejang-Regular.ttf', name='Noto Sans Rejang', style='normal', variant='normal', weight=400, stretch='normal', size='scalable')) = 10.05
DEBUG 2026-06-08 17:52:56 manager.py:1483 findfont: score(FontEntry(fname='/usr/share/fonts/opentype/urw-base35/Z003-MediumItalic.otf', name='Z003', style='italic', variant='normal', weight=500, stretch='normal', size='scalable')) = 11.145
DEBUG 2026-06-08 17:52:56 manager.py:1483 findfont: score(FontEntry(fname='/usr/share/fonts/truetype/noto/NotoSerifTamilSlanted-Regular.ttf', name='Noto Serif Tamil Slanted', style='normal', variant='normal', weight=400, stretch='normal', size='scalable')) = 10.05
DEBUG 2026-06-08 17:52:56 manager.py:1483 findfont: score(FontEntry(fname='/usr/share/fonts/truetype/noto/NotoSerifKhojki-Bold.ttf', name='Noto Serif Khojki', style='normal', variant='normal', weight=700, stretch='normal', size='scalable')) = 10.335
DEBUG 2026-06-08 17:52:56 manager.py:1483 findfont: score(FontEntry(fname='/usr/share/fonts/truetype/lato/Lato-LightItalic.ttf', name='Lato', style='italic', variant='normal', weight=300, stretch='normal', size='scalable')) = 11.145
DEBUG 2026-06-08 17:52:56 manager.py:1483 findfont: score(FontEntry(fname='/usr/share/fonts/truetype/noto/NotoNastaliqUrdu-Regular.ttf', name='Noto Nastaliq Urdu', style='normal', variant='normal', weight=400, stretch='normal', size='scalable')) = 10.05
DEBUG 2026-06-08 17:52:56 manager.py:1483 findfont: score(FontEntry(fname='/usr/share/fonts/opentype/urw-base35/NimbusMonoPS-Bold.otf', name='Nimbus Mono PS', style='normal', variant='normal', weight=700, stretch='normal', size='scalable')) = 10.335
DEBUG 2026-06-08 17:52:56 manager.py:1483 findfont: score(FontEntry(fname='/usr/share/fonts/truetype/noto/NotoSansElymaic-Regular.ttf', name='Noto Sans Elymaic', style='normal', variant='normal', weight=400, stretch='normal', size='scalable')) = 10.05
DEBUG 2026-06-08 17:52:56 manager.py:1483 findfont: score(FontEntry(fname='/home/kibub/miniforge3/envs/lerobot/fonts/SourceCodePro-It.ttf', name='Source Code Pro', style='italic', variant='normal', weight=400, stretch='normal', size='scalable')) = 11.05
DEBUG 2026-06-08 17:52:56 manager.py:1483 findfont: score(FontEntry(fname='/usr/share/fonts/truetype/noto/NotoSansSaurashtra-Regular.ttf', name='Noto Sans Saurashtra', style='normal', variant='normal', weight=400, stretch='normal', size='scalable')) = 10.05
DEBUG 2026-06-08 17:52:56 manager.py:1483 findfont: score(FontEntry(fname='/usr/share/fonts/truetype/noto/NotoSansTaiViet-Regular.ttf', name='Noto Sans Tai Viet', style='normal', variant='normal', weight=400, stretch='normal', size='scalable')) = 10.05
DEBUG 2026-06-08 17:52:56 manager.py:1483 findfont: score(FontEntry(fname='/usr/share/fonts/truetype/ubuntu/Ubuntu-M.ttf', name='Ubuntu', style='normal', variant='normal', weight=400, stretch='normal', size='scalable')) = 10.05
DEBUG 2026-06-08 17:52:56 manager.py:1483 findfont: score(FontEntry(fname='/usr/share/fonts/opentype/urw-base35/URWBookman-Demi.otf', name='URW Bookman', style='normal', variant='normal', weight=600, stretch='normal', size='scalable')) = 10.24
DEBUG 2026-06-08 17:52:56 manager.py:1483 findfont: score(FontEntry(fname='/usr/share/fonts/truetype/open-sans/OpenSans-CondBold.ttf', name='Open Sans Condensed', style='normal', variant='normal', weight=700, stretch='condensed', size='scalable')) = 10.535
DEBUG 2026-06-08 17:52:56 manager.py:1483 findfont: score(FontEntry(fname='/usr/share/fonts/truetype/noto/NotoSansSymbols-Bold.ttf', name='Noto Sans Symbols', style='normal', variant='normal', weight=700, stretch='normal', size='scalable')) = 10.335
DEBUG 2026-06-08 17:52:56 manager.py:1483 findfont: score(FontEntry(fname='/usr/share/fonts/truetype/noto/NotoSansKannada-Regular.ttf', name='Noto Sans Kannada', style='normal', variant='normal', weight=400, stretch='normal', size='scalable')) = 10.05
DEBUG 2026-06-08 17:52:56 manager.py:1483 findfont: score(FontEntry(fname='/usr/share/fonts/truetype/noto/NotoSansModi-Regular.ttf', name='Noto Sans Modi', style='normal', variant='normal', weight=400, stretch='normal', size='scalable')) = 10.05
DEBUG 2026-06-08 17:52:56 manager.py:1483 findfont: score(FontEntry(fname='/usr/share/fonts/truetype/noto/NotoSansMiao-Regular.ttf', name='Noto Sans Miao', style='normal', variant='normal', weight=400, stretch='normal', size='scalable')) = 10.05
DEBUG 2026-06-08 17:52:56 manager.py:1483 findfont: score(FontEntry(fname='/usr/share/fonts/truetype/noto/NotoNaskhArabic-Bold.ttf', name='Noto Naskh Arabic', style='normal', variant='normal', weight=700, stretch='normal', size='scalable')) = 10.335
DEBUG 2026-06-08 17:52:56 manager.py:1483 findfont: score(FontEntry(fname='/usr/share/fonts/truetype/noto/NotoSerifNyiakengPuachueHmong-Bold.ttf', name='Noto Serif Hmong Nyiakeng', style='normal', variant='normal', weight=700, stretch='normal', size='scalable')) = 10.335
DEBUG 2026-06-08 17:52:56 manager.py:1483 findfont: score(FontEntry(fname='/usr/share/fonts/truetype/noto/NotoSansArmenian-Bold.ttf', name='Noto Sans Armenian', style='normal', variant='normal', weight=700, stretch='normal', size='scalable')) = 10.335
DEBUG 2026-06-08 17:52:56 manager.py:1483 findfont: score(FontEntry(fname='/usr/share/fonts/truetype/noto/NotoSansBassaVah-Regular.ttf', name='Noto Sans Bassa Vah', style='normal', variant='normal', weight=400, stretch='normal', size='scalable')) = 10.05
DEBUG 2026-06-08 17:52:56 manager.py:1483 findfont: score(FontEntry(fname='/usr/share/fonts/truetype/noto/NotoSansMyanmar-Regular.ttf', name='Noto Sans Myanmar', style='normal', variant='normal', weight=400, stretch='normal', size='scalable')) = 10.05
DEBUG 2026-06-08 17:52:56 manager.py:1483 findfont: score(FontEntry(fname='/usr/share/fonts/opentype/urw-base35/NimbusSansNarrow-BoldOblique.otf', name='Nimbus Sans Narrow', style='oblique', variant='normal', weight=700, stretch='condensed', size='scalable')) = 11.535
DEBUG 2026-06-08 17:52:56 manager.py:1483 findfont: score(FontEntry(fname='/usr/share/fonts/truetype/liberation/LiberationSansNarrow-Bold.ttf', name='Liberation Sans Narrow', style='normal', variant='normal', weight=700, stretch='condensed', size='scalable')) = 10.535
DEBUG 2026-06-08 17:52:56 manager.py:1483 findfont: score(FontEntry(fname='/usr/share/fonts/truetype/noto/NotoSansMeeteiMayek-Regular.ttf', name='Noto Sans Meetei Mayek', style='normal', variant='normal', weight=400, stretch='normal', size='scalable')) = 10.05
DEBUG 2026-06-08 17:52:56 manager.py:1483 findfont: score(FontEntry(fname='/usr/share/fonts/truetype/noto/NotoSansKaithi-Regular.ttf', name='Noto Sans Kaithi', style='normal', variant='normal', weight=400, stretch='normal', size='scalable')) = 10.05
DEBUG 2026-06-08 17:52:56 manager.py:1483 findfont: score(FontEntry(fname='/usr/share/fonts/truetype/noto/NotoSerifGurmukhi-Regular.ttf', name='Noto Serif Gurmukhi', style='normal', variant='normal', weight=400, stretch='normal', size='scalable')) = 10.05
DEBUG 2026-06-08 17:52:56 manager.py:1483 findfont: score(FontEntry(fname='/usr/share/fonts/truetype/liberation/LiberationMono-Bold.ttf', name='Liberation Mono', style='normal', variant='normal', weight=700, stretch='normal', size='scalable')) = 10.335
DEBUG 2026-06-08 17:52:56 manager.py:1483 findfont: score(FontEntry(fname='/home/kibub/miniforge3/envs/lerobot/fonts/SourceCodePro-Black.ttf', name='Source Code Pro', style='normal', variant='normal', weight=900, stretch='normal', size='scalable')) = 10.525
DEBUG 2026-06-08 17:52:56 manager.py:1483 findfont: score(FontEntry(fname='/usr/share/fonts/truetype/noto/NotoSerifBalinese-Regular.ttf', name='Noto Serif Balinese', style='normal', variant='normal', weight=400, stretch='normal', size='scalable')) = 10.05
DEBUG 2026-06-08 17:52:56 manager.py:1483 findfont: score(FontEntry(fname='/usr/share/fonts/truetype/noto/NotoRashiHebrew-Bold.ttf', name='Noto Rashi Hebrew', style='normal', variant='normal', weight=700, stretch='normal', size='scalable')) = 10.335
DEBUG 2026-06-08 17:52:56 manager.py:1483 findfont: score(FontEntry(fname='/usr/share/fonts/truetype/noto/NotoSerif-Regular.ttf', name='Noto Serif', style='normal', variant='normal', weight=400, stretch='normal', size='scalable')) = 10.05
DEBUG 2026-06-08 17:52:56 manager.py:1483 findfont: score(FontEntry(fname='/usr/share/fonts/truetype/noto/NotoSansTamilSupplement-Regular.ttf', name='Noto Sans Tamil Supplement', style='normal', variant='normal', weight=400, stretch='normal', size='scalable')) = 10.05
DEBUG 2026-06-08 17:52:56 manager.py:1483 findfont: score(FontEntry(fname='/usr/share/fonts/truetype/lato/Lato-Italic.ttf', name='Lato', style='italic', variant='normal', weight=400, stretch='normal', size='scalable')) = 11.05
DEBUG 2026-06-08 17:52:56 manager.py:1483 findfont: score(FontEntry(fname='/home/kibub/miniforge3/envs/lerobot/fonts/SourceCodePro-SemiboldIt.ttf', name='Source Code Pro', style='italic', variant='normal', weight=600, stretch='normal', size='scalable')) = 11.24
DEBUG 2026-06-08 17:52:56 manager.py:1483 findfont: score(FontEntry(fname='/usr/share/fonts/truetype/lato/Lato-MediumItalic.ttf', name='Lato', style='italic', variant='normal', weight=500, stretch='normal', size='scalable')) = 11.145
DEBUG 2026-06-08 17:52:56 manager.py:1483 findfont: score(FontEntry(fname='/home/kibub/miniforge3/envs/lerobot/fonts/Ubuntu-LI.ttf', name='Ubuntu', style='italic', variant='normal', weight=300, stretch='normal', size='scalable')) = 11.145
DEBUG 2026-06-08 17:52:56 manager.py:1483 findfont: score(FontEntry(fname='/usr/share/fonts/truetype/noto/NotoSansGothic-Regular.ttf', name='Noto Sans Gothic', style='normal', variant='normal', weight=400, stretch='normal', size='scalable')) = 10.05
DEBUG 2026-06-08 17:52:56 manager.py:1483 findfont: score(FontEntry(fname='/usr/share/fonts/truetype/noto/NotoSansMongolian-Regular.ttf', name='Noto Sans Mongolian', style='normal', variant='normal', weight=400, stretch='normal', size='scalable')) = 10.05
DEBUG 2026-06-08 17:52:56 manager.py:1483 findfont: score(FontEntry(fname='/usr/share/fonts/opentype/urw-base35/URWGothic-BookOblique.otf', name='URW Gothic', style='oblique', variant='normal', weight=400, stretch='normal', size='scalable')) = 11.05
DEBUG 2026-06-08 17:52:56 manager.py:1483 findfont: score(FontEntry(fname='/home/kibub/miniforge3/envs/lerobot/fonts/UbuntuMono-BI.ttf', name='Ubuntu Mono', style='italic', variant='normal', weight=700, stretch='normal', size='scalable')) = 11.335
DEBUG 2026-06-08 17:52:56 manager.py:1483 findfont: score(FontEntry(fname='/usr/share/fonts/truetype/noto/NotoSansGrantha-Regular.ttf', name='Noto Sans Grantha', style='normal', variant='normal', weight=400, stretch='normal', size='scalable')) = 10.05
DEBUG 2026-06-08 17:52:56 manager.py:1483 findfont: score(FontEntry(fname='/usr/share/fonts/truetype/noto/NotoSansHanunoo-Regular.ttf', name='Noto Sans Hanunoo', style='normal', variant='normal', weight=400, stretch='normal', size='scalable')) = 10.05
DEBUG 2026-06-08 17:52:56 manager.py:1483 findfont: score(FontEntry(fname='/usr/share/fonts/truetype/noto/NotoSansDisplay-BoldItalic.ttf', name='Noto Sans Display', style='italic', variant='normal', weight=700, stretch='normal', size='scalable')) = 11.335
DEBUG 2026-06-08 17:52:56 manager.py:1483 findfont: score(FontEntry(fname='/usr/share/fonts/truetype/noto/NotoSerifThai-Bold.ttf', name='Noto Serif Thai', style='normal', variant='normal', weight=700, stretch='normal', size='scalable')) = 10.335
DEBUG 2026-06-08 17:52:56 manager.py:1483 findfont: score(FontEntry(fname='/usr/share/fonts/truetype/dejavu/DejaVuSans-Bold.ttf', name='DejaVu Sans', style='normal', variant='normal', weight=700, stretch='normal', size='scalable')) = 0.33499999999999996
DEBUG 2026-06-08 17:52:56 manager.py:1483 findfont: score(FontEntry(fname='/usr/share/fonts/truetype/noto/NotoSansUgaritic-Regular.ttf', name='Noto Sans Ugaritic', style='normal', variant='normal', weight=400, stretch='normal', size='scalable')) = 10.05
DEBUG 2026-06-08 17:52:56 manager.py:1483 findfont: score(FontEntry(fname='/usr/share/fonts/truetype/noto/NotoSerifTibetan-Regular.ttf', name='Noto Serif Tibetan', style='normal', variant='normal', weight=400, stretch='normal', size='scalable')) = 10.05
DEBUG 2026-06-08 17:52:56 manager.py:1483 findfont: score(FontEntry(fname='/usr/share/fonts/truetype/noto/NotoSansOldHungarian-Regular.ttf', name='Noto Sans Old Hungarian', style='normal', variant='normal', weight=400, stretch='normal', size='scalable')) = 10.05
DEBUG 2026-06-08 17:52:56 manager.py:1483 findfont: score(FontEntry(fname='/usr/share/fonts/truetype/noto/NotoSansOldNorthArabian-Regular.ttf', name='Noto Sans Old North Arabian', style='normal', variant='normal', weight=400, stretch='normal', size='scalable')) = 10.05
DEBUG 2026-06-08 17:52:56 manager.py:1483 findfont: score(FontEntry(fname='/usr/share/fonts/truetype/liberation/LiberationSans-BoldItalic.ttf', name='Liberation Sans', style='italic', variant='normal', weight=700, stretch='normal', size='scalable')) = 11.335
DEBUG 2026-06-08 17:52:56 manager.py:1483 findfont: score(FontEntry(fname='/usr/share/fonts/truetype/noto/NotoSansArabic-Regular.ttf', name='Noto Sans Arabic', style='normal', variant='normal', weight=400, stretch='normal', size='scalable')) = 10.05
DEBUG 2026-06-08 17:52:56 manager.py:1483 findfont: score(FontEntry(fname='/usr/share/fonts/truetype/noto/NotoSansSymbols2-Regular.ttf', name='Noto Sans Symbols2', style='normal', variant='normal', weight=400, stretch='normal', size='scalable')) = 10.05
DEBUG 2026-06-08 17:52:56 manager.py:1483 findfont: score(FontEntry(fname='/usr/share/fonts/truetype/open-sans/OpenSans-Regular.ttf', name='Open Sans', style='normal', variant='normal', weight=400, stretch='normal', size='scalable')) = 10.05
DEBUG 2026-06-08 17:52:56 manager.py:1483 findfont: score(FontEntry(fname='/usr/share/fonts/truetype/noto/NotoSansEthiopic-Bold.ttf', name='Noto Sans Ethiopic', style='normal', variant='normal', weight=700, stretch='normal', size='scalable')) = 10.335
DEBUG 2026-06-08 17:52:56 manager.py:1483 findfont: score(FontEntry(fname='/usr/share/fonts/truetype/liberation/LiberationMono-Regular.ttf', name='Liberation Mono', style='normal', variant='normal', weight=400, stretch='normal', size='scalable')) = 10.05
DEBUG 2026-06-08 17:52:56 manager.py:1483 findfont: score(FontEntry(fname='/usr/share/fonts/truetype/noto/NotoSansElbasan-Regular.ttf', name='Noto Sans Elbasan', style='normal', variant='normal', weight=400, stretch='normal', size='scalable')) = 10.05
DEBUG 2026-06-08 17:52:56 manager.py:1483 findfont: score(FontEntry(fname='/usr/share/fonts/truetype/noto/NotoSansMeroitic-Regular.ttf', name='Noto Sans Meroitic', style='normal', variant='normal', weight=400, stretch='normal', size='scalable')) = 10.05
DEBUG 2026-06-08 17:52:56 manager.py:1483 findfont: score(FontEntry(fname='/usr/share/fonts/truetype/noto/NotoSerifBengali-Regular.ttf', name='Noto Serif Bengali', style='normal', variant='normal', weight=400, stretch='normal', size='scalable')) = 10.05
DEBUG 2026-06-08 17:52:56 manager.py:1483 findfont: score(FontEntry(fname='/usr/share/fonts/truetype/noto/NotoSerifSinhala-Regular.ttf', name='Noto Serif Sinhala', style='normal', variant='normal', weight=400, stretch='normal', size='scalable')) = 10.05
DEBUG 2026-06-08 17:52:56 manager.py:1483 findfont: score(FontEntry(fname='/usr/share/fonts/opentype/urw-base35/NimbusMonoPS-Regular.otf', name='Nimbus Mono PS', style='normal', variant='normal', weight=400, stretch='normal', size='scalable')) = 10.05
DEBUG 2026-06-08 17:52:56 manager.py:1483 findfont: score(FontEntry(fname='/usr/share/fonts/truetype/noto/NotoSerifKhmer-Regular.ttf', name='Noto Serif Khmer', style='normal', variant='normal', weight=400, stretch='normal', size='scalable')) = 10.05
DEBUG 2026-06-08 17:52:56 manager.py:1483 findfont: score(FontEntry(fname='/usr/share/fonts/truetype/ubuntu/Ubuntu-BI.ttf', name='Ubuntu', style='italic', variant='normal', weight=400, stretch='normal', size='scalable')) = 11.05
DEBUG 2026-06-08 17:52:56 manager.py:1483 findfont: score(FontEntry(fname='/usr/share/fonts/truetype/noto/NotoSerifDogra-Regular.ttf', name='Noto Serif Dogra', style='normal', variant='normal', weight=400, stretch='normal', size='scalable')) = 10.05
DEBUG 2026-06-08 17:52:56 manager.py:1483 findfont: score(FontEntry(fname='/usr/share/fonts/truetype/noto/NotoSansLinearB-Regular.ttf', name='Noto Sans Linear B', style='normal', variant='normal', weight=400, stretch='normal', size='scalable')) = 10.05
DEBUG 2026-06-08 17:52:56 manager.py:1483 findfont: score(FontEntry(fname='/usr/share/fonts/truetype/noto/NotoSansChakma-Regular.ttf', name='Noto Sans Chakma', style='normal', variant='normal', weight=400, stretch='normal', size='scalable')) = 10.05
DEBUG 2026-06-08 17:52:56 manager.py:1483 findfont: score(FontEntry(fname='/usr/share/fonts/truetype/noto/NotoSansOriya-Bold.ttf', name='Noto Sans Oriya', style='normal', variant='normal', weight=700, stretch='normal', size='scalable')) = 10.335
DEBUG 2026-06-08 17:52:56 manager.py:1483 findfont: score(FontEntry(fname='/usr/share/fonts/truetype/noto/NotoSansThai-Regular.ttf', name='Noto Sans Thai', style='normal', variant='normal', weight=400, stretch='normal', size='scalable')) = 10.05
DEBUG 2026-06-08 17:52:56 manager.py:1483 findfont: score(FontEntry(fname='/usr/share/fonts/truetype/noto/NotoSansArmenian-Regular.ttf', name='Noto Sans Armenian', style='normal', variant='normal', weight=400, stretch='normal', size='scalable')) = 10.05
DEBUG 2026-06-08 17:52:56 manager.py:1483 findfont: score(FontEntry(fname='/usr/share/fonts/truetype/liberation/LiberationSerif-Bold.ttf', name='Liberation Serif', style='normal', variant='normal', weight=700, stretch='normal', size='scalable')) = 10.335
DEBUG 2026-06-08 17:52:56 manager.py:1483 findfont: score(FontEntry(fname='/usr/share/fonts/opentype/urw-base35/NimbusMonoPS-Italic.otf', name='Nimbus Mono PS', style='italic', variant='normal', weight=400, stretch='normal', size='scalable')) = 11.05
DEBUG 2026-06-08 17:52:56 manager.py:1483 findfont: score(FontEntry(fname='/usr/share/fonts/truetype/noto/NotoSansThaana-Bold.ttf', name='Noto Sans Thaana', style='normal', variant='normal', weight=700, stretch='normal', size='scalable')) = 10.335
DEBUG 2026-06-08 17:52:56 manager.py:1483 findfont: score(FontEntry(fname='/usr/share/fonts/truetype/noto/NotoSerifAhom-Regular.ttf', name='Noto Serif Ahom', style='normal', variant='normal', weight=400, stretch='normal', size='scalable')) = 10.05
DEBUG 2026-06-08 17:52:56 manager.py:1483 findfont: score(FontEntry(fname='/home/kibub/miniforge3/envs/lerobot/fonts/Ubuntu-B.ttf', name='Ubuntu', style='normal', variant='normal', weight=700, stretch='normal', size='scalable')) = 10.335
DEBUG 2026-06-08 17:52:56 manager.py:1483 findfont: score(FontEntry(fname='/usr/share/fonts/truetype/noto/NotoSansMendeKikakui-Regular.ttf', name='Noto Sans Mende Kikakui', style='normal', variant='normal', weight=400, stretch='normal', size='scalable')) = 10.05
DEBUG 2026-06-08 17:52:56 manager.py:1483 findfont: score(FontEntry(fname='/usr/share/fonts/truetype/noto/NotoSerifMalayalam-Bold.ttf', name='Noto Serif Malayalam', style='normal', variant='normal', weight=700, stretch='normal', size='scalable')) = 10.335
DEBUG 2026-06-08 17:52:56 manager.py:1483 findfont: score(FontEntry(fname='/usr/share/fonts/truetype/noto/NotoSansMath-Regular.ttf', name='Noto Sans Math', style='normal', variant='normal', weight=400, stretch='normal', size='scalable')) = 10.05
DEBUG 2026-06-08 17:52:56 manager.py:1483 findfont: score(FontEntry(fname='/usr/share/fonts/truetype/noto/NotoSansCypriot-Regular.ttf', name='Noto Sans Cypriot', style='normal', variant='normal', weight=400, stretch='normal', size='scalable')) = 10.05
DEBUG 2026-06-08 17:52:56 manager.py:1483 findfont: score(FontEntry(fname='/usr/share/fonts/truetype/ubuntu/UbuntuMono-R.ttf', name='Ubuntu Mono', style='normal', variant='normal', weight=400, stretch='normal', size='scalable')) = 10.05
DEBUG 2026-06-08 17:52:56 manager.py:1483 findfont: score(FontEntry(fname='/usr/share/fonts/truetype/noto/NotoSansMono-Bold.ttf', name='Noto Sans Mono', style='normal', variant='normal', weight=700, stretch='normal', size='scalable')) = 10.335
DEBUG 2026-06-08 17:52:56 manager.py:1483 findfont: score(FontEntry(fname='/usr/share/fonts/truetype/noto/NotoSansSinhala-Regular.ttf', name='Noto Sans Sinhala', style='normal', variant='normal', weight=400, stretch='normal', size='scalable')) = 10.05
DEBUG 2026-06-08 17:52:56 manager.py:1483 findfont: score(FontEntry(fname='/usr/share/fonts/truetype/lato/Lato-Thin.ttf', name='Lato', style='normal', variant='normal', weight=275, stretch='normal', size='scalable')) = 10.16875
DEBUG 2026-06-08 17:52:56 manager.py:1483 findfont: score(FontEntry(fname='/usr/share/fonts/truetype/noto/NotoSansMandaic-Regular.ttf', name='Noto Sans Mandaic', style='normal', variant='normal', weight=400, stretch='normal', size='scalable')) = 10.05
DEBUG 2026-06-08 17:52:56 manager.py:1483 findfont: score(FontEntry(fname='/home/kibub/miniforge3/envs/lerobot/fonts/Ubuntu-R.ttf', name='Ubuntu', style='normal', variant='normal', weight=400, stretch='normal', size='scalable')) = 10.05
DEBUG 2026-06-08 17:52:56 manager.py:1483 findfont: score(FontEntry(fname='/usr/share/fonts/truetype/noto/NotoSansOlChiki-Bold.ttf', name='Noto Sans Ol Chiki', style='normal', variant='normal', weight=700, stretch='normal', size='scalable')) = 10.335
DEBUG 2026-06-08 17:52:56 manager.py:1483 findfont: score(FontEntry(fname='/usr/share/fonts/truetype/noto/NotoSansOsage-Regular.ttf', name='Noto Sans Osage', style='normal', variant='normal', weight=400, stretch='normal', size='scalable')) = 10.05
DEBUG 2026-06-08 17:52:56 manager.py:1483 findfont: score(FontEntry(fname='/usr/share/fonts/truetype/noto/NotoSansKayahLi-Bold.ttf', name='Noto Sans Kayah Li', style='normal', variant='normal', weight=700, stretch='normal', size='scalable')) = 10.335
DEBUG 2026-06-08 17:52:56 manager.py:1483 findfont: score(FontEntry(fname='/usr/share/fonts/truetype/dejavu/DejaVuSansMono-Bold.ttf', name='DejaVu Sans Mono', style='normal', variant='normal', weight=700, stretch='normal', size='scalable')) = 10.335
DEBUG 2026-06-08 17:52:56 manager.py:1483 findfont: score(FontEntry(fname='/usr/share/fonts/truetype/noto/NotoSansTagalog-Regular.ttf', name='Noto Sans Tagalog', style='normal', variant='normal', weight=400, stretch='normal', size='scalable')) = 10.05
DEBUG 2026-06-08 17:52:56 manager.py:1483 findfont: score(FontEntry(fname='/usr/share/fonts/truetype/noto/NotoSerifDisplay-Regular.ttf', name='Noto Serif Display', style='normal', variant='normal', weight=400, stretch='normal', size='scalable')) = 10.05
DEBUG 2026-06-08 17:52:56 manager.py:1483 findfont: score(FontEntry(fname='/usr/share/fonts/truetype/noto/NotoSansTifinaghAdrar-Regular.ttf', name='Noto Sans Tifinagh Adrar', style='normal', variant='normal', weight=400, stretch='normal', size='scalable')) = 10.05
DEBUG 2026-06-08 17:52:56 manager.py:1483 findfont: score(FontEntry(fname='/usr/share/fonts/opentype/urw-base35/NimbusRoman-Regular.otf', name='Nimbus Roman', style='normal', variant='normal', weight=400, stretch='normal', size='scalable')) = 10.05
DEBUG 2026-06-08 17:52:56 manager.py:1483 findfont: score(FontEntry(fname='/usr/share/fonts/truetype/noto/NotoSerifHebrew-Bold.ttf', name='Noto Serif Hebrew', style='normal', variant='normal', weight=700, stretch='normal', size='scalable')) = 10.335
DEBUG 2026-06-08 17:52:56 manager.py:1483 findfont: score(FontEntry(fname='/usr/share/fonts/truetype/noto/NotoSansOldPersian-Regular.ttf', name='Noto Sans Old Persian', style='normal', variant='normal', weight=400, stretch='normal', size='scalable')) = 10.05
DEBUG 2026-06-08 17:52:56 manager.py:1483 findfont: score(FontEntry(fname='/usr/share/fonts/truetype/open-sans/OpenSans-CondLightItalic.ttf', name='Open Sans', style='italic', variant='normal', weight=300, stretch='condensed', size='scalable')) = 11.344999999999999
DEBUG 2026-06-08 17:52:56 manager.py:1483 findfont: score(FontEntry(fname='/usr/share/fonts/truetype/open-sans/OpenSans-Italic.ttf', name='Open Sans', style='italic', variant='normal', weight=400, stretch='normal', size='scalable')) = 11.05
DEBUG 2026-06-08 17:52:56 manager.py:1483 findfont: score(FontEntry(fname='/home/kibub/miniforge3/envs/lerobot/fonts/Ubuntu-RI.ttf', name='Ubuntu', style='italic', variant='normal', weight=400, stretch='normal', size='scalable')) = 11.05
DEBUG 2026-06-08 17:52:56 manager.py:1483 findfont: score(FontEntry(fname='/usr/share/fonts/truetype/noto/NotoSansSignWriting-Regular.ttf', name='Noto Sans SignWriting', style='normal', variant='normal', weight=400, stretch='normal', size='scalable')) = 10.05
DEBUG 2026-06-08 17:52:56 manager.py:1483 findfont: score(FontEntry(fname='/usr/share/fonts/truetype/noto/NotoSansNushu-Regular.ttf', name='Noto Sans Nushu', style='normal', variant='normal', weight=400, stretch='normal', size='scalable')) = 10.05
DEBUG 2026-06-08 17:52:56 manager.py:1483 findfont: score(FontEntry(fname='/usr/share/fonts/truetype/noto/NotoSansGeorgian-Bold.ttf', name='Noto Sans Georgian', style='normal', variant='normal', weight=700, stretch='normal', size='scalable')) = 10.335
DEBUG 2026-06-08 17:52:56 manager.py:1483 findfont: score(FontEntry(fname='/usr/share/fonts/truetype/liberation/LiberationMono-Italic.ttf', name='Liberation Mono', style='italic', variant='normal', weight=400, stretch='normal', size='scalable')) = 11.05
DEBUG 2026-06-08 17:52:56 manager.py:1483 findfont: score(FontEntry(fname='/usr/share/fonts/opentype/urw-base35/URWBookman-DemiItalic.otf', name='URW Bookman', style='italic', variant='normal', weight=600, stretch='normal', size='scalable')) = 11.24
DEBUG 2026-06-08 17:52:56 manager.py:1483 findfont: score(FontEntry(fname='/usr/share/fonts/truetype/noto/NotoSerifKannada-Bold.ttf', name='Noto Serif Kannada', style='normal', variant='normal', weight=700, stretch='normal', size='scalable')) = 10.335
DEBUG 2026-06-08 17:52:56 manager.py:1483 findfont: score(FontEntry(fname='/home/kibub/miniforge3/envs/lerobot/fonts/SourceCodePro-MediumIt.ttf', name='Source Code Pro', style='italic', variant='normal', weight=500, stretch='normal', size='scalable')) = 11.145
DEBUG 2026-06-08 17:52:56 manager.py:1483 findfont: score(FontEntry(fname='/usr/share/fonts/truetype/noto/NotoSansHebrew-Bold.ttf', name='Noto Sans Hebrew', style='normal', variant='normal', weight=700, stretch='normal', size='scalable')) = 10.335
DEBUG 2026-06-08 17:52:56 manager.py:1483 findfont: score(FontEntry(fname='/usr/share/fonts/truetype/noto/NotoSans-BoldItalic.ttf', name='Noto Sans', style='italic', variant='normal', weight=700, stretch='normal', size='scalable')) = 11.335
DEBUG 2026-06-08 17:52:56 manager.py:1483 findfont: score(FontEntry(fname='/usr/share/fonts/truetype/noto/NotoSerifTamil-Regular.ttf', name='Noto Serif Tamil', style='normal', variant='normal', weight=400, stretch='normal', size='scalable')) = 10.05
DEBUG 2026-06-08 17:52:56 manager.py:1483 findfont: score(FontEntry(fname='/home/kibub/miniforge3/envs/lerobot/fonts/Ubuntu-C.ttf', name='Ubuntu Condensed', style='normal', variant='normal', weight=400, stretch='condensed', size='scalable')) = 10.25
DEBUG 2026-06-08 17:52:56 manager.py:1483 findfont: score(FontEntry(fname='/usr/share/fonts/truetype/noto/NotoSansGujarati-Regular.ttf', name='Noto Sans Gujarati', style='normal', variant='normal', weight=400, stretch='normal', size='scalable')) = 10.05
DEBUG 2026-06-08 17:52:56 manager.py:1483 findfont: score(FontEntry(fname='/usr/share/fonts/truetype/lato/Lato-Black.ttf', name='Lato', style='normal', variant='normal', weight=900, stretch='normal', size='scalable')) = 10.525
DEBUG 2026-06-08 17:52:56 manager.py:1483 findfont: score(FontEntry(fname='/usr/share/fonts/truetype/noto/NotoSerifGujarati-Regular.ttf', name='Noto Serif Gujarati', style='normal', variant='normal', weight=400, stretch='normal', size='scalable')) = 10.05
DEBUG 2026-06-08 17:52:56 manager.py:1483 findfont: score(FontEntry(fname='/usr/share/fonts/opentype/urw-base35/URWGothic-Book.otf', name='URW Gothic', style='normal', variant='normal', weight=400, stretch='normal', size='scalable')) = 10.05
DEBUG 2026-06-08 17:52:56 manager.py:1483 findfont: score(FontEntry(fname='/usr/share/fonts/truetype/noto/NotoSansKhmer-Bold.ttf', name='Noto Sans Khmer', style='normal', variant='normal', weight=700, stretch='normal', size='scalable')) = 10.335
DEBUG 2026-06-08 17:52:56 manager.py:1483 findfont: score(FontEntry(fname='/usr/share/fonts/truetype/dejavu/DejaVuSansMono.ttf', name='DejaVu Sans Mono', style='normal', variant='normal', weight=400, stretch='normal', size='scalable')) = 10.05
DEBUG 2026-06-08 17:52:56 manager.py:1483 findfont: score(FontEntry(fname='/usr/share/fonts/truetype/noto/NotoSansGujarati-Bold.ttf', name='Noto Sans Gujarati', style='normal', variant='normal', weight=700, stretch='normal', size='scalable')) = 10.335
DEBUG 2026-06-08 17:52:56 manager.py:1483 findfont: score(FontEntry(fname='/usr/share/fonts/truetype/noto/NotoLoopedThai-Bold.ttf', name='Noto Looped Thai', style='normal', variant='normal', weight=700, stretch='normal', size='scalable')) = 10.335
DEBUG 2026-06-08 17:52:56 manager.py:1483 findfont: score(FontEntry(fname='/usr/share/fonts/truetype/noto/NotoSansLisu-Regular.ttf', name='Noto Sans Lisu', style='normal', variant='normal', weight=400, stretch='normal', size='scalable')) = 10.05
DEBUG 2026-06-08 17:52:56 manager.py:1483 findfont: score(FontEntry(fname='/usr/share/fonts/truetype/noto/NotoSansThai-Bold.ttf', name='Noto Sans Thai', style='normal', variant='normal', weight=700, stretch='normal', size='scalable')) = 10.335
DEBUG 2026-06-08 17:52:56 manager.py:1483 findfont: score(FontEntry(fname='/usr/share/fonts/truetype/noto/NotoSerifArmenian-Regular.ttf', name='Noto Serif Armenian', style='normal', variant='normal', weight=400, stretch='normal', size='scalable')) = 10.05
DEBUG 2026-06-08 17:52:56 manager.py:1483 findfont: score(FontEntry(fname='/usr/share/fonts/truetype/noto/NotoSansSogdian-Regular.ttf', name='Noto Sans Sogdian', style='normal', variant='normal', weight=400, stretch='normal', size='scalable')) = 10.05
DEBUG 2026-06-08 17:52:56 manager.py:1483 findfont: score(FontEntry(fname='/usr/share/fonts/truetype/noto/NotoSansTifinaghSIL-Regular.ttf', name='Noto Sans Tifinagh SIL', style='normal', variant='normal', weight=400, stretch='normal', size='scalable')) = 10.05
DEBUG 2026-06-08 17:52:56 manager.py:1483 findfont: score(FontEntry(fname='/usr/share/fonts/truetype/ubuntu/UbuntuMono-RI.ttf', name='Ubuntu Mono', style='italic', variant='normal', weight=400, stretch='normal', size='scalable')) = 11.05
DEBUG 2026-06-08 17:52:56 manager.py:1483 findfont: score(FontEntry(fname='/home/kibub/miniforge3/envs/lerobot/fonts/SourceCodePro-BlackIt.ttf', name='Source Code Pro', style='italic', variant='normal', weight=900, stretch='normal', size='scalable')) = 11.525
DEBUG 2026-06-08 17:52:56 manager.py:1483 findfont: score(FontEntry(fname='/usr/share/fonts/truetype/noto/NotoLoopedLao-Regular.ttf', name='Noto Looped Lao', style='normal', variant='normal', weight=400, stretch='normal', size='scalable')) = 10.05
DEBUG 2026-06-08 17:52:56 manager.py:1483 findfont: score(FontEntry(fname='/usr/share/fonts/truetype/noto/NotoSansHanifiRohingya-Regular.ttf', name='Noto Sans Hanifi Rohingya', style='normal', variant='normal', weight=400, stretch='normal', size='scalable')) = 10.05
DEBUG 2026-06-08 17:52:56 manager.py:1483 findfont: score(FontEntry(fname='/usr/share/fonts/opentype/urw-base35/NimbusMonoPS-BoldItalic.otf', name='Nimbus Mono PS', style='italic', variant='normal', weight=700, stretch='normal', size='scalable')) = 11.335
DEBUG 2026-06-08 17:52:56 manager.py:1483 findfont: score(FontEntry(fname='/usr/share/fonts/truetype/ubuntu/UbuntuSans[wdth,wght].ttf', name='Ubuntu Sans', style='normal', variant='normal', weight=400, stretch='normal', size='scalable')) = 10.05
DEBUG 2026-06-08 17:52:56 manager.py:1483 findfont: score(FontEntry(fname='/usr/share/fonts/truetype/noto/NotoSansThaana-Regular.ttf', name='Noto Sans Thaana', style='normal', variant='normal', weight=400, stretch='normal', size='scalable')) = 10.05
DEBUG 2026-06-08 17:52:56 manager.py:1483 findfont: score(FontEntry(fname='/usr/share/fonts/truetype/noto/NotoSansZanabazarSquare-Regular.ttf', name='Noto Sans Zanabazar Square', style='normal', variant='normal', weight=400, stretch='normal', size='scalable')) = 10.05
DEBUG 2026-06-08 17:52:56 manager.py:1483 findfont: score(FontEntry(fname='/usr/share/fonts/truetype/ubuntu/UbuntuMono-B.ttf', name='Ubuntu Mono', style='normal', variant='normal', weight=400, stretch='normal', size='scalable')) = 10.05
DEBUG 2026-06-08 17:52:56 manager.py:1483 findfont: score(FontEntry(fname='/usr/share/fonts/truetype/ubuntu/Ubuntu-Th.ttf', name='Ubuntu', style='normal', variant='normal', weight=400, stretch='normal', size='scalable')) = 10.05
DEBUG 2026-06-08 17:52:56 manager.py:1483 findfont: score(FontEntry(fname='/usr/share/fonts/truetype/noto/NotoSansBhaiksuki-Regular.ttf', name='Noto Sans Bhaiksuki', style='normal', variant='normal', weight=400, stretch='normal', size='scalable')) = 10.05
DEBUG 2026-06-08 17:52:56 manager.py:1483 findfont: score(FontEntry(fname='/usr/share/fonts/truetype/dejavu/DejaVuSansMono-BoldOblique.ttf', name='DejaVu Sans Mono', style='oblique', variant='normal', weight=700, stretch='normal', size='scalable')) = 11.335
DEBUG 2026-06-08 17:52:56 manager.py:1483 findfont: score(FontEntry(fname='/usr/share/fonts/truetype/noto/NotoSansRunic-Regular.ttf', name='Noto Sans Runic', style='normal', variant='normal', weight=400, stretch='normal', size='scalable')) = 10.05
DEBUG 2026-06-08 17:52:56 manager.py:1483 findfont: score(FontEntry(fname='/usr/share/fonts/truetype/noto/NotoSansCham-Regular.ttf', name='Noto Sans Cham', style='normal', variant='normal', weight=400, stretch='normal', size='scalable')) = 10.05
DEBUG 2026-06-08 17:52:56 manager.py:1483 findfont: score(FontEntry(fname='/usr/share/fonts/opentype/urw-base35/P052-Bold.otf', name='P052', style='normal', variant='normal', weight=700, stretch='normal', size='scalable')) = 10.335
DEBUG 2026-06-08 17:52:56 manager.py:1483 findfont: score(FontEntry(fname='/home/kibub/miniforge3/envs/lerobot/fonts/SourceCodePro-Regular.ttf', name='Source Code Pro', style='normal', variant='normal', weight=400, stretch='normal', size='scalable')) = 10.05
DEBUG 2026-06-08 17:52:56 manager.py:1483 findfont: score(FontEntry(fname='/usr/share/fonts/truetype/noto/NotoSansOldTurkic-Regular.ttf', name='Noto Sans Old Turkic', style='normal', variant='normal', weight=400, stretch='normal', size='scalable')) = 10.05
DEBUG 2026-06-08 17:52:56 manager.py:1483 findfont: score(FontEntry(fname='/usr/share/fonts/truetype/noto/NotoSerifThai-Regular.ttf', name='Noto Serif Thai', style='normal', variant='normal', weight=400, stretch='normal', size='scalable')) = 10.05
DEBUG 2026-06-08 17:52:56 manager.py:1483 findfont: score(FontEntry(fname='/usr/share/fonts/truetype/noto/NotoSerifLao-Bold.ttf', name='Noto Serif Lao', style='normal', variant='normal', weight=700, stretch='normal', size='scalable')) = 10.335
DEBUG 2026-06-08 17:52:56 manager.py:1483 findfont: score(FontEntry(fname='/usr/share/fonts/truetype/noto/NotoSansTaiTham-Bold.ttf', name='Noto Sans Tai Tham', style='normal', variant='normal', weight=700, stretch='normal', size='scalable')) = 10.335
DEBUG 2026-06-08 17:52:56 manager.py:1483 findfont: score(FontEntry(fname='/usr/share/fonts/truetype/noto/NotoSansHatran-Regular.ttf', name='Noto Sans Hatran', style='normal', variant='normal', weight=400, stretch='normal', size='scalable')) = 10.05
DEBUG 2026-06-08 17:52:56 manager.py:1483 findfont: score(FontEntry(fname='/usr/share/fonts/truetype/open-sans/OpenSans-CondLight.ttf', name='Open Sans', style='normal', variant='normal', weight=300, stretch='condensed', size='scalable')) = 10.344999999999999
DEBUG 2026-06-08 17:52:56 manager.py:1483 findfont: score(FontEntry(fname='/usr/share/fonts/truetype/lato/Lato-Light.ttf', name='Lato', style='normal', variant='normal', weight=300, stretch='normal', size='scalable')) = 10.145
DEBUG 2026-06-08 17:52:56 manager.py:1483 findfont: score(FontEntry(fname='/usr/share/fonts/truetype/noto/NotoSansImperialAramaic-Regular.ttf', name='Noto Sans Imperial Aramaic', style='normal', variant='normal', weight=400, stretch='normal', size='scalable')) = 10.05
DEBUG 2026-06-08 17:52:56 manager.py:1483 findfont: score(FontEntry(fname='/usr/share/fonts/truetype/noto/NotoSansCherokee-Bold.ttf', name='Noto Sans Cherokee', style='normal', variant='normal', weight=700, stretch='normal', size='scalable')) = 10.335
DEBUG 2026-06-08 17:52:56 manager.py:1483 findfont: score(FontEntry(fname='/usr/share/fonts/truetype/noto/NotoSerifMyanmar-Bold.ttf', name='Noto Serif Myanmar', style='normal', variant='normal', weight=400, stretch='normal', size='scalable')) = 10.05
DEBUG 2026-06-08 17:52:56 manager.py:1483 findfont: score(FontEntry(fname='/usr/share/fonts/truetype/noto/NotoSansNabataean-Regular.ttf', name='Noto Sans Nabataean', style='normal', variant='normal', weight=400, stretch='normal', size='scalable')) = 10.05
DEBUG 2026-06-08 17:52:56 manager.py:1483 findfont: score(FontEntry(fname='/usr/share/fonts/truetype/noto/NotoSansMarchen-Regular.ttf', name='Noto Sans Marchen', style='normal', variant='normal', weight=400, stretch='normal', size='scalable')) = 10.05
DEBUG 2026-06-08 17:52:56 manager.py:1483 findfont: score(FontEntry(fname='/usr/share/fonts/truetype/noto/NotoSerifKannada-Regular.ttf', name='Noto Serif Kannada', style='normal', variant='normal', weight=400, stretch='normal', size='scalable')) = 10.05
DEBUG 2026-06-08 17:52:56 manager.py:1483 findfont: score(FontEntry(fname='/usr/share/fonts/truetype/noto/NotoSansBalinese-Bold.ttf', name='Noto Sans Balinese', style='normal', variant='normal', weight=700, stretch='normal', size='scalable')) = 10.335
DEBUG 2026-06-08 17:52:56 manager.py:1483 findfont: score(FontEntry(fname='/usr/share/fonts/truetype/liberation/LiberationSans-Italic.ttf', name='Liberation Sans', style='italic', variant='normal', weight=400, stretch='normal', size='scalable')) = 11.05
DEBUG 2026-06-08 17:52:56 manager.py:1483 findfont: score(FontEntry(fname='/usr/share/fonts/opentype/urw-base35/NimbusRoman-Italic.otf', name='Nimbus Roman', style='italic', variant='normal', weight=400, stretch='normal', size='scalable')) = 11.05
DEBUG 2026-06-08 17:52:56 manager.py:1483 findfont: score(FontEntry(fname='/usr/share/fonts/truetype/lato/Lato-Hairline.ttf', name='Lato', style='normal', variant='normal', weight=250, stretch='normal', size='scalable')) = 10.1925
DEBUG 2026-06-08 17:52:56 manager.py:1483 findfont: score(FontEntry(fname='/usr/share/fonts/truetype/noto/NotoSerifDevanagari-Regular.ttf', name='Noto Serif Devanagari', style='normal', variant='normal', weight=400, stretch='normal', size='scalable')) = 10.05
DEBUG 2026-06-08 17:52:56 manager.py:1483 findfont: score(FontEntry(fname='/home/kibub/miniforge3/envs/lerobot/fonts/SourceCodePro-Semibold.ttf', name='Source Code Pro', style='normal', variant='normal', weight=600, stretch='normal', size='scalable')) = 10.24
DEBUG 2026-06-08 17:52:56 manager.py:1483 findfont: score(FontEntry(fname='/usr/share/fonts/truetype/noto/NotoSansEgyptianHieroglyphs-Regular.ttf', name='Noto Sans Egyptian Hieroglyphs', style='normal', variant='normal', weight=400, stretch='normal', size='scalable')) = 10.05
DEBUG 2026-06-08 17:52:56 manager.py:1483 findfont: score(FontEntry(fname='/usr/share/fonts/truetype/noto/NotoSerifDisplay-Italic.ttf', name='Noto Serif Display', style='italic', variant='normal', weight=400, stretch='normal', size='scalable')) = 11.05
DEBUG 2026-06-08 17:52:56 manager.py:1483 findfont: score(FontEntry(fname='/usr/share/fonts/truetype/noto/NotoSansSylotiNagri-Regular.ttf', name='Noto Sans Syloti Nagri', style='normal', variant='normal', weight=400, stretch='normal', size='scalable')) = 10.05
DEBUG 2026-06-08 17:52:56 manager.py:1483 findfont: score(FontEntry(fname='/usr/share/fonts/truetype/noto/NotoSansGunjalaGondi-Regular.ttf', name='Noto Sans Gunjala Gondi', style='normal', variant='normal', weight=400, stretch='normal', size='scalable')) = 10.05
DEBUG 2026-06-08 17:52:56 manager.py:1483 findfont: score(FontEntry(fname='/usr/share/fonts/truetype/noto/NotoSerifLao-Regular.ttf', name='Noto Serif Lao', style='normal', variant='normal', weight=400, stretch='normal', size='scalable')) = 10.05
DEBUG 2026-06-08 17:52:56 manager.py:1483 findfont: score(FontEntry(fname='/home/kibub/miniforge3/envs/lerobot/fonts/SourceCodePro-LightIt.ttf', name='Source Code Pro', style='italic', variant='normal', weight=300, stretch='normal', size='scalable')) = 11.145
DEBUG 2026-06-08 17:52:56 manager.py:1483 findfont: score(FontEntry(fname='/usr/share/fonts/opentype/urw-base35/NimbusSansNarrow-Oblique.otf', name='Nimbus Sans Narrow', style='oblique', variant='normal', weight=400, stretch='condensed', size='scalable')) = 11.25
DEBUG 2026-06-08 17:52:56 manager.py:1483 findfont: score(FontEntry(fname='/usr/share/fonts/truetype/noto/NotoSerifGujarati-Bold.ttf', name='Noto Serif Gujarati', style='normal', variant='normal', weight=700, stretch='normal', size='scalable')) = 10.335
DEBUG 2026-06-08 17:52:56 manager.py:1483 findfont: score(FontEntry(fname='/home/kibub/miniforge3/envs/lerobot/fonts/UbuntuMono-R.ttf', name='Ubuntu Mono', style='normal', variant='normal', weight=400, stretch='normal', size='scalable')) = 10.05
DEBUG 2026-06-08 17:52:56 manager.py:1483 findfont: score(FontEntry(fname='/usr/share/fonts/truetype/noto/NotoLoopedThai-Regular.ttf', name='Noto Looped Thai', style='normal', variant='normal', weight=400, stretch='normal', size='scalable')) = 10.05
DEBUG 2026-06-08 17:52:56 manager.py:1483 findfont: score(FontEntry(fname='/usr/share/fonts/truetype/noto/NotoSansMahajani-Regular.ttf', name='Noto Sans Mahajani', style='normal', variant='normal', weight=400, stretch='normal', size='scalable')) = 10.05
DEBUG 2026-06-08 17:52:56 manager.py:1483 findfont: score(FontEntry(fname='/usr/share/fonts/truetype/lato/Lato-ThinItalic.ttf', name='Lato', style='italic', variant='normal', weight=275, stretch='normal', size='scalable')) = 11.16875
DEBUG 2026-06-08 17:52:56 manager.py:1483 findfont: score(FontEntry(fname='/usr/share/fonts/truetype/dejavu/DejaVuSerif-Bold.ttf', name='DejaVu Serif', style='normal', variant='normal', weight=700, stretch='normal', size='scalable')) = 10.335
DEBUG 2026-06-08 17:52:56 manager.py:1483 findfont: score(FontEntry(fname='/usr/share/fonts/truetype/liberation/LiberationSans-Regular.ttf', name='Liberation Sans', style='normal', variant='normal', weight=400, stretch='normal', size='scalable')) = 10.05
DEBUG 2026-06-08 17:52:56 manager.py:1483 findfont: score(FontEntry(fname='/usr/share/fonts/truetype/noto/NotoSansEthiopic-Regular.ttf', name='Noto Sans Ethiopic', style='normal', variant='normal', weight=400, stretch='normal', size='scalable')) = 10.05
DEBUG 2026-06-08 17:52:56 manager.py:1483 findfont: score(FontEntry(fname='/usr/share/fonts/truetype/noto/NotoSerifTelugu-Bold.ttf', name='Noto Serif Telugu', style='normal', variant='normal', weight=700, stretch='normal', size='scalable')) = 10.335
DEBUG 2026-06-08 17:52:56 manager.py:1483 findfont: score(FontEntry(fname='/usr/share/fonts/truetype/noto/NotoSans-Regular.ttf', name='Noto Sans', style='normal', variant='normal', weight=400, stretch='normal', size='scalable')) = 10.05
DEBUG 2026-06-08 17:52:56 manager.py:1483 findfont: score(FontEntry(fname='/usr/share/fonts/truetype/liberation/LiberationSansNarrow-Regular.ttf', name='Liberation Sans Narrow', style='normal', variant='normal', weight=400, stretch='condensed', size='scalable')) = 10.25
DEBUG 2026-06-08 17:52:56 manager.py:1483 findfont: score(FontEntry(fname='/usr/share/fonts/truetype/noto/NotoSansLimbu-Regular.ttf', name='Noto Sans Limbu', style='normal', variant='normal', weight=400, stretch='normal', size='scalable')) = 10.05
DEBUG 2026-06-08 17:52:56 manager.py:1483 findfont: score(FontEntry(fname='/usr/share/fonts/truetype/noto/NotoSansPsalterPahlavi-Regular.ttf', name='Noto Sans Psalter Pahlavi', style='normal', variant='normal', weight=400, stretch='normal', size='scalable')) = 10.05
DEBUG 2026-06-08 17:52:56 manager.py:1483 findfont: score(FontEntry(fname='/usr/share/fonts/truetype/noto/NotoSansJavanese-Bold.ttf', name='Noto Sans Javanese', style='normal', variant='normal', weight=700, stretch='normal', size='scalable')) = 10.335
DEBUG 2026-06-08 17:52:56 manager.py:1483 findfont: score(FontEntry(fname='/usr/share/fonts/truetype/noto/NotoSerifDisplay-Bold.ttf', name='Noto Serif Display', style='normal', variant='normal', weight=700, stretch='normal', size='scalable')) = 10.335
DEBUG 2026-06-08 17:52:56 manager.py:1483 findfont: score(FontEntry(fname='/usr/share/fonts/truetype/dejavu/DejaVuSerif.ttf', name='DejaVu Serif', style='normal', variant='normal', weight=400, stretch='normal', size='scalable')) = 10.05
DEBUG 2026-06-08 17:52:56 manager.py:1483 findfont: score(FontEntry(fname='/usr/share/fonts/truetype/noto/NotoSansDeseret-Regular.ttf', name='Noto Sans Deseret', style='normal', variant='normal', weight=400, stretch='normal', size='scalable')) = 10.05
DEBUG 2026-06-08 17:52:56 manager.py:1483 findfont: score(FontEntry(fname='/usr/share/fonts/truetype/lato/Lato-BoldItalic.ttf', name='Lato', style='italic', variant='normal', weight=700, stretch='normal', size='scalable')) = 11.335
DEBUG 2026-06-08 17:52:56 manager.py:1483 findfont: score(FontEntry(fname='/home/kibub/miniforge3/envs/lerobot/fonts/Ubuntu-BI.ttf', name='Ubuntu', style='italic', variant='normal', weight=700, stretch='normal', size='scalable')) = 11.335
DEBUG 2026-06-08 17:52:56 manager.py:1483 findfont: score(FontEntry(fname='/usr/share/fonts/truetype/noto/NotoSansLao-Regular.ttf', name='Noto Sans Lao', style='normal', variant='normal', weight=400, stretch='normal', size='scalable')) = 10.05
DEBUG 2026-06-08 17:52:56 manager.py:1483 findfont: score(FontEntry(fname='/usr/share/fonts/truetype/lato/Lato-Semibold.ttf', name='Lato', style='normal', variant='normal', weight=600, stretch='normal', size='scalable')) = 10.24
DEBUG 2026-06-08 17:52:56 manager.py:1483 findfont: score(FontEntry(fname='/usr/share/fonts/truetype/noto/NotoSansOldPermic-Regular.ttf', name='Noto Sans Old Permic', style='normal', variant='normal', weight=400, stretch='normal', size='scalable')) = 10.05
DEBUG 2026-06-08 17:52:56 manager.py:1483 findfont: score(FontEntry(fname='/usr/share/fonts/truetype/noto/NotoSerifYezidi-Bold.ttf', name='Noto Serif Yezidi', style='normal', variant='normal', weight=700, stretch='normal', size='scalable')) = 10.335
DEBUG 2026-06-08 17:52:56 manager.py:1483 findfont: score(FontEntry(fname='/usr/share/fonts/opentype/noto/NotoSansCJK-Bold.ttc', name='Noto Sans CJK JP', style='normal', variant='normal', weight=700, stretch='normal', size='scalable')) = 10.335
DEBUG 2026-06-08 17:52:56 manager.py:1483 findfont: score(FontEntry(fname='/usr/share/fonts/opentype/noto/NotoSerifCJK-Bold.ttc', name='Noto Serif CJK JP', style='normal', variant='normal', weight=700, stretch='normal', size='scalable')) = 10.335
DEBUG 2026-06-08 17:52:56 manager.py:1483 findfont: score(FontEntry(fname='/usr/share/fonts/truetype/ubuntu/UbuntuSansMono-Italic[wght].ttf', name='Ubuntu Sans Mono', style='italic', variant='normal', weight=400, stretch='normal', size='scalable')) = 11.05
DEBUG 2026-06-08 17:52:56 manager.py:1483 findfont: score(FontEntry(fname='/usr/share/fonts/truetype/ubuntu/Ubuntu-RI.ttf', name='Ubuntu', style='italic', variant='normal', weight=400, stretch='normal', size='scalable')) = 11.05
DEBUG 2026-06-08 17:52:56 manager.py:1483 findfont: score(FontEntry(fname='/usr/share/fonts/truetype/noto/NotoSansDisplay-Regular.ttf', name='Noto Sans Display', style='normal', variant='normal', weight=400, stretch='normal', size='scalable')) = 10.05
DEBUG 2026-06-08 17:52:56 manager.py:1483 findfont: score(FontEntry(fname='/home/kibub/miniforge3/envs/lerobot/fonts/SourceCodePro-ExtraLightIt.ttf', name='Source Code Pro', style='italic', variant='normal', weight=200, stretch='normal', size='scalable')) = 11.24
DEBUG 2026-06-08 17:52:56 manager.py:1483 findfont: score(FontEntry(fname='/usr/share/fonts/truetype/liberation/LiberationMono-BoldItalic.ttf', name='Liberation Mono', style='italic', variant='normal', weight=700, stretch='normal', size='scalable')) = 11.335
DEBUG 2026-06-08 17:52:56 manager.py:1483 findfont: score(FontEntry(fname='/usr/share/fonts/truetype/noto/NotoSansCham-Bold.ttf', name='Noto Sans Cham', style='normal', variant='normal', weight=700, stretch='normal', size='scalable')) = 10.335
DEBUG 2026-06-08 17:52:56 manager.py:1483 findfont: score(FontEntry(fname='/usr/share/fonts/truetype/open-sans/OpenSans-BoldItalic.ttf', name='Open Sans', style='italic', variant='normal', weight=700, stretch='normal', size='scalable')) = 11.335
DEBUG 2026-06-08 17:52:56 manager.py:1483 findfont: score(FontEntry(fname='/usr/share/fonts/truetype/noto/NotoSansDisplay-Italic.ttf', name='Noto Sans Display', style='italic', variant='normal', weight=400, stretch='normal', size='scalable')) = 11.05
DEBUG 2026-06-08 17:52:56 manager.py:1483 findfont: score(FontEntry(fname='/usr/share/fonts/truetype/noto/NotoSansWancho-Regular.ttf', name='Noto Sans Wancho', style='normal', variant='normal', weight=400, stretch='normal', size='scalable')) = 10.05
DEBUG 2026-06-08 17:52:56 manager.py:1483 findfont: score(FontEntry(fname='/usr/share/fonts/truetype/dejavu/DejaVuSansMono-Oblique.ttf', name='DejaVu Sans Mono', style='oblique', variant='normal', weight=400, stretch='normal', size='scalable')) = 11.05
DEBUG 2026-06-08 17:52:56 manager.py:1483 findfont: score(FontEntry(fname='/usr/share/fonts/opentype/urw-base35/D050000L.otf', name='D050000L', style='normal', variant='normal', weight=400, stretch='normal', size='scalable')) = 10.05
DEBUG 2026-06-08 17:52:56 manager.py:1483 findfont: score(FontEntry(fname='/usr/share/fonts/truetype/noto/NotoSansMedefaidrin-Regular.ttf', name='Noto Sans Medefaidrin', style='normal', variant='normal', weight=400, stretch='normal', size='scalable')) = 10.05
DEBUG 2026-06-08 17:52:56 manager.py:1483 findfont: score(FontEntry(fname='/usr/share/fonts/truetype/noto/NotoSansTifinaghTawellemmet-Regular.ttf', name='Noto Sans Tifinagh Tawellemmet', style='normal', variant='normal', weight=400, stretch='normal', size='scalable')) = 10.05
DEBUG 2026-06-08 17:52:56 manager.py:1483 findfont: score(FontEntry(fname='/usr/share/fonts/truetype/noto/NotoSansTifinaghAzawagh-Regular.ttf', name='Noto Sans Tifinagh Azawagh', style='normal', variant='normal', weight=400, stretch='normal', size='scalable')) = 10.05
DEBUG 2026-06-08 17:52:56 manager.py:1483 findfont: score(FontEntry(fname='/usr/share/fonts/truetype/noto/NotoSerifArmenian-Bold.ttf', name='Noto Serif Armenian', style='normal', variant='normal', weight=700, stretch='normal', size='scalable')) = 10.335
DEBUG 2026-06-08 17:52:56 manager.py:1483 findfont: score(FontEntry(fname='/usr/share/fonts/truetype/noto/NotoSansSundanese-Bold.ttf', name='Noto Sans Sundanese', style='normal', variant='normal', weight=700, stretch='normal', size='scalable')) = 10.335
DEBUG 2026-06-08 17:52:56 manager.py:1483 findfont: score(FontEntry(fname='/usr/share/fonts/truetype/noto/NotoSansAdlamUnjoined-Regular.ttf', name='Noto Sans Adlam Unjoined', style='normal', variant='normal', weight=400, stretch='normal', size='scalable')) = 10.05
DEBUG 2026-06-08 17:52:56 manager.py:1483 findfont: score(FontEntry(fname='/usr/share/fonts/truetype/noto/NotoSansMultani-Regular.ttf', name='Noto Sans Multani', style='normal', variant='normal', weight=400, stretch='normal', size='scalable')) = 10.05
DEBUG 2026-06-08 17:52:56 manager.py:1483 findfont: score(FontEntry(fname='/usr/share/fonts/truetype/liberation/LiberationSerif-BoldItalic.ttf', name='Liberation Serif', style='italic', variant='normal', weight=700, stretch='normal', size='scalable')) = 11.335
DEBUG 2026-06-08 17:52:56 manager.py:1483 findfont: score(FontEntry(fname='/usr/share/fonts/truetype/noto/NotoKufiArabic-Regular.ttf', name='Noto Kufi Arabic', style='normal', variant='normal', weight=400, stretch='normal', size='scalable')) = 10.05
DEBUG 2026-06-08 17:52:56 manager.py:1483 findfont: score(FontEntry(fname='/usr/share/fonts/truetype/noto/NotoSansSymbols-Regular.ttf', name='Noto Sans Symbols', style='normal', variant='normal', weight=400, stretch='normal', size='scalable')) = 10.05
DEBUG 2026-06-08 17:52:56 manager.py:1483 findfont: score(FontEntry(fname='/usr/share/fonts/truetype/noto/NotoSansGurmukhi-Bold.ttf', name='Noto Sans Gurmukhi', style='normal', variant='normal', weight=700, stretch='normal', size='scalable')) = 10.335
DEBUG 2026-06-08 17:52:56 manager.py:1483 findfont: score(FontEntry(fname='/usr/share/fonts/truetype/noto/NotoSerifSinhala-Bold.ttf', name='Noto Serif Sinhala', style='normal', variant='normal', weight=700, stretch='normal', size='scalable')) = 10.335
DEBUG 2026-06-08 17:52:56 manager.py:1483 findfont: score(FontEntry(fname='/usr/share/fonts/truetype/noto/NotoSansTifinaghAir-Regular.ttf', name='Noto Sans Tifinagh Air', style='normal', variant='normal', weight=400, stretch='normal', size='scalable')) = 10.05
DEBUG 2026-06-08 17:52:56 manager.py:1483 findfont: score(FontEntry(fname='/usr/share/fonts/truetype/noto/NotoSansOsmanya-Regular.ttf', name='Noto Sans Osmanya', style='normal', variant='normal', weight=400, stretch='normal', size='scalable')) = 10.05
DEBUG 2026-06-08 17:52:56 manager.py:1483 findfont: score(FontEntry(fname='/usr/share/fonts/truetype/noto/NotoSansTakri-Regular.ttf', name='Noto Sans Takri', style='normal', variant='normal', weight=400, stretch='normal', size='scalable')) = 10.05
DEBUG 2026-06-08 17:52:56 manager.py:1483 findfont: score(FontEntry(fname='/usr/share/fonts/truetype/noto/NotoSansAdlam-Bold.ttf', name='Noto Sans Adlam', style='normal', variant='normal', weight=700, stretch='normal', size='scalable')) = 10.335
DEBUG 2026-06-08 17:52:56 manager.py:1483 findfont: score(FontEntry(fname='/usr/share/fonts/truetype/noto/NotoSansDevanagari-Bold.ttf', name='Noto Sans Devanagari', style='normal', variant='normal', weight=700, stretch='normal', size='scalable')) = 10.335
DEBUG 2026-06-08 17:52:56 manager.py:1483 findfont: score(FontEntry(fname='/usr/share/fonts/truetype/ubuntu/Ubuntu-LI.ttf', name='Ubuntu', style='italic', variant='normal', weight=400, stretch='normal', size='scalable')) = 11.05
DEBUG 2026-06-08 17:52:56 manager.py:1483 findfont: score(FontEntry(fname='/usr/share/fonts/truetype/noto/NotoSansAdlamUnjoined-Bold.ttf', name='Noto Sans Adlam Unjoined', style='normal', variant='normal', weight=700, stretch='normal', size='scalable')) = 10.335
DEBUG 2026-06-08 17:52:56 manager.py:1483 findfont: score(FontEntry(fname='/usr/share/fonts/truetype/lato/Lato-Regular.ttf', name='Lato', style='normal', variant='normal', weight=400, stretch='normal', size='scalable')) = 10.05
DEBUG 2026-06-08 17:52:56 manager.py:1483 findfont: score(FontEntry(fname='/home/kibub/miniforge3/envs/lerobot/fonts/DejaVuSans.ttf', name='DejaVu Sans', style='normal', variant='normal', weight=400, stretch='normal', size='scalable')) = 0.05
DEBUG 2026-06-08 17:52:56 manager.py:1483 findfont: score(FontEntry(fname='/usr/share/fonts/truetype/noto/NotoSansSamaritan-Regular.ttf', name='Noto Sans Samaritan', style='normal', variant='normal', weight=400, stretch='normal', size='scalable')) = 10.05
DEBUG 2026-06-08 17:52:56 manager.py:1483 findfont: score(FontEntry(fname='/usr/share/fonts/truetype/noto/NotoSansTamil-Regular.ttf', name='Noto Sans Tamil', style='normal', variant='normal', weight=400, stretch='normal', size='scalable')) = 10.05
DEBUG 2026-06-08 17:52:56 manager.py:1483 findfont: score(FontEntry(fname='/usr/share/fonts/truetype/noto/NotoSansKhudawadi-Regular.ttf', name='Noto Sans Khudawadi', style='normal', variant='normal', weight=400, stretch='normal', size='scalable')) = 10.05
DEBUG 2026-06-08 17:52:56 manager.py:1483 findfont: score(FontEntry(fname='/usr/share/fonts/truetype/noto/NotoSansCanadianAboriginal-Bold.ttf', name='Noto Sans Canadian Aboriginal', style='normal', variant='normal', weight=700, stretch='normal', size='scalable')) = 10.335
DEBUG 2026-06-08 17:52:56 manager.py:1483 findfont: score(FontEntry(fname='/usr/share/fonts/truetype/noto/NotoSansTifinaghAgrawImazighen-Regular.ttf', name='Noto Sans Tifinagh Agraw Imazighen', style='normal', variant='normal', weight=400, stretch='normal', size='scalable')) = 10.05
DEBUG 2026-06-08 17:52:56 manager.py:1483 findfont: score(FontEntry(fname='/usr/share/fonts/truetype/noto/NotoSansTaiLe-Regular.ttf', name='Noto Sans Tai Le', style='normal', variant='normal', weight=400, stretch='normal', size='scalable')) = 10.05
DEBUG 2026-06-08 17:52:56 manager.py:1483 findfont: score(FontEntry(fname='/home/kibub/miniforge3/envs/lerobot/fonts/UbuntuMono-B.ttf', name='Ubuntu Mono', style='normal', variant='normal', weight=700, stretch='normal', size='scalable')) = 10.335
DEBUG 2026-06-08 17:52:56 manager.py:1483 findfont: score(FontEntry(fname='/usr/share/fonts/truetype/noto/NotoSansAdlam-Regular.ttf', name='Noto Sans Adlam', style='normal', variant='normal', weight=400, stretch='normal', size='scalable')) = 10.05
DEBUG 2026-06-08 17:52:56 manager.py:1483 findfont: score(FontEntry(fname='/usr/share/fonts/truetype/noto/NotoSansBuhid-Regular.ttf', name='Noto Sans Buhid', style='normal', variant='normal', weight=400, stretch='normal', size='scalable')) = 10.05
DEBUG 2026-06-08 17:52:56 manager.py:1483 findfont: score(FontEntry(fname='/usr/share/fonts/truetype/ubuntu/Ubuntu-R.ttf', name='Ubuntu', style='normal', variant='normal', weight=400, stretch='normal', size='scalable')) = 10.05
DEBUG 2026-06-08 17:52:56 manager.py:1483 findfont: score(FontEntry(fname='/usr/share/fonts/opentype/urw-base35/URWBookman-LightItalic.otf', name='URW Bookman', style='italic', variant='normal', weight=300, stretch='normal', size='scalable')) = 11.145
DEBUG 2026-06-08 17:52:56 manager.py:1483 findfont: score(FontEntry(fname='/home/kibub/miniforge3/envs/lerobot/fonts/Ubuntu-Th.ttf', name='Ubuntu', style='normal', variant='normal', weight=250, stretch='normal', size='scalable')) = 10.1925
DEBUG 2026-06-08 17:52:56 manager.py:1483 findfont: score(FontEntry(fname='/usr/share/fonts/truetype/noto/NotoSansInscriptionalPahlavi-Regular.ttf', name='Noto Sans Inscriptional Pahlavi', style='normal', variant='normal', weight=400, stretch='normal', size='scalable')) = 10.05
DEBUG 2026-06-08 17:52:56 manager.py:1483 findfont: score(FontEntry(fname='/home/kibub/miniforge3/envs/lerobot/fonts/SourceCodePro-BoldIt.ttf', name='Source Code Pro', style='italic', variant='normal', weight=700, stretch='normal', size='scalable')) = 11.335
DEBUG 2026-06-08 17:52:56 manager.py:1483 findfont: score(FontEntry(fname='/usr/share/fonts/truetype/noto/NotoSansCuneiform-Regular.ttf', name='Noto Sans Cuneiform', style='normal', variant='normal', weight=400, stretch='normal', size='scalable')) = 10.05
DEBUG 2026-06-08 17:52:56 manager.py:1483 findfont: score(FontEntry(fname='/usr/share/fonts/truetype/noto/NotoSansManichaean-Regular.ttf', name='Noto Sans Manichaean', style='normal', variant='normal', weight=400, stretch='normal', size='scalable')) = 10.05
DEBUG 2026-06-08 17:52:56 manager.py:1483 findfont: score(FontEntry(fname='/usr/share/fonts/truetype/noto/NotoSansInscriptionalParthian-Regular.ttf', name='Noto Sans Inscriptional Parthian', style='normal', variant='normal', weight=400, stretch='normal', size='scalable')) = 10.05
DEBUG 2026-06-08 17:52:56 manager.py:1483 findfont: score(FontEntry(fname='/usr/share/fonts/truetype/noto/NotoSerifGrantha-Regular.ttf', name='Noto Serif Grantha', style='normal', variant='normal', weight=400, stretch='normal', size='scalable')) = 10.05
DEBUG 2026-06-08 17:52:56 manager.py:1483 findfont: score(FontEntry(fname='/usr/share/fonts/truetype/noto/NotoSansLepcha-Regular.ttf', name='Noto Sans Lepcha', style='normal', variant='normal', weight=400, stretch='normal', size='scalable')) = 10.05
DEBUG 2026-06-08 17:52:56 manager.py:1483 findfont: score(FontEntry(fname='/usr/share/fonts/truetype/noto/NotoSansBuginese-Regular.ttf', name='Noto Sans Buginese', style='normal', variant='normal', weight=400, stretch='normal', size='scalable')) = 10.05
DEBUG 2026-06-08 17:52:56 manager.py:1483 findfont: score(FontEntry(fname='/usr/share/fonts/truetype/ubuntu/Ubuntu[wdth,wght].ttf', name='Ubuntu', style='normal', variant='normal', weight=400, stretch='normal', size='scalable')) = 10.05
DEBUG 2026-06-08 17:52:56 manager.py:1483 findfont: score(FontEntry(fname='/usr/share/fonts/truetype/dejavu/DejaVuSans.ttf', name='DejaVu Sans', style='normal', variant='normal', weight=400, stretch='normal', size='scalable')) = 0.05
DEBUG 2026-06-08 17:52:56 manager.py:1483 findfont: score(FontEntry(fname='/usr/share/fonts/truetype/ubuntu/Ubuntu-MI.ttf', name='Ubuntu', style='italic', variant='normal', weight=400, stretch='normal', size='scalable')) = 11.05
DEBUG 2026-06-08 17:52:56 manager.py:1483 findfont: score(FontEntry(fname='/usr/share/fonts/truetype/noto/NotoSerifYezidi-Regular.ttf', name='Noto Serif Yezidi', style='normal', variant='normal', weight=400, stretch='normal', size='scalable')) = 10.05
DEBUG 2026-06-08 17:52:56 manager.py:1483 findfont: score(FontEntry(fname='/usr/share/fonts/truetype/noto/NotoSerifBengali-Bold.ttf', name='Noto Serif Bengali', style='normal', variant='normal', weight=700, stretch='normal', size='scalable')) = 10.335
DEBUG 2026-06-08 17:52:56 manager.py:1483 findfont: score(FontEntry(fname='/usr/share/fonts/truetype/noto/NotoSerifTibetan-Bold.ttf', name='Noto Serif Tibetan', style='normal', variant='normal', weight=700, stretch='normal', size='scalable')) = 10.335
DEBUG 2026-06-08 17:52:56 manager.py:1483 findfont: score(FontEntry(fname='/usr/share/fonts/truetype/open-sans/OpenSans-Light.ttf', name='Open Sans', style='normal', variant='normal', weight=300, stretch='normal', size='scalable')) = 10.145
DEBUG 2026-06-08 17:52:56 manager.py:1483 findfont: score(FontEntry(fname='/usr/share/fonts/opentype/noto/NotoSerifCJK-Regular.ttc', name='Noto Serif CJK JP', style='normal', variant='normal', weight=400, stretch='normal', size='scalable')) = 10.05
DEBUG 2026-06-08 17:52:56 manager.py:1483 findfont: score(FontEntry(fname='/usr/share/fonts/opentype/urw-base35/NimbusRoman-BoldItalic.otf', name='Nimbus Roman', style='italic', variant='normal', weight=700, stretch='normal', size='scalable')) = 11.335
DEBUG 2026-06-08 17:52:56 manager.py:1483 findfont: score(FontEntry(fname='/usr/share/fonts/truetype/noto/NotoSansTelugu-Bold.ttf', name='Noto Sans Telugu', style='normal', variant='normal', weight=700, stretch='normal', size='scalable')) = 10.335
DEBUG 2026-06-08 17:52:56 manager.py:1483 findfont: score(FontEntry(fname='/usr/share/fonts/truetype/lato/Lato-SemiboldItalic.ttf', name='Lato', style='italic', variant='normal', weight=600, stretch='normal', size='scalable')) = 11.24
DEBUG 2026-06-08 17:52:56 manager.py:1483 findfont: score(FontEntry(fname='/usr/share/fonts/truetype/noto/NotoSansOriya-Regular.ttf', name='Noto Sans Oriya', style='normal', variant='normal', weight=400, stretch='normal', size='scalable')) = 10.05
DEBUG 2026-06-08 17:52:56 manager.py:1483 findfont: score(FontEntry(fname='/usr/share/fonts/truetype/liberation/LiberationSerif-Regular.ttf', name='Liberation Serif', style='normal', variant='normal', weight=400, stretch='normal', size='scalable')) = 10.05
DEBUG 2026-06-08 17:52:56 manager.py:1483 findfont: score(FontEntry(fname='/usr/share/fonts/truetype/open-sans/OpenSans-SemiboldItalic.ttf', name='Open Sans', style='italic', variant='normal', weight=600, stretch='normal', size='scalable')) = 11.24
DEBUG 2026-06-08 17:52:56 manager.py:1515 findfont: Matching sans\-serif:style=normal:variant=normal:weight=normal:stretch=normal:size=10.0 to DejaVu Sans ('/home/kibub/miniforge3/envs/lerobot/lib/python3.12/site-packages/matplotlib/mpl-data/fonts/ttf/DejaVuSans.ttf') with score of 0.050000.
INFO 2026-06-08 17:52:56 t_client.py:512 Client stopped
