DEBUG 2026-06-09 17:02:46 rt_utils.py:241 Third-party plugin import summary: imported=[] failed=[]
DEBUG 2026-06-09 17:02:46 d_metavar.py:22 Metavar for type None: None
DEBUG 2026-06-09 17:02:46 formatter.py:52 action type: None, Result: , nargs: 0, default metavar: None
DEBUG 2026-06-09 17:02:46 d_metavar.py:22 Metavar for type <class 'str'>: str
DEBUG 2026-06-09 17:02:46 formatter.py:52 action type: <class 'str'>, Result: str, nargs: None, default metavar: None
DEBUG 2026-06-09 17:02:46 _wrapper.py:168 wrapped field at policy_type has a default value of None
DEBUG 2026-06-09 17:02:46 _wrapper.py:168 wrapped field at pretrained_name_or_path has a default value of None
DEBUG 2026-06-09 17:02:46 _wrapper.py:168 wrapped field at actions_per_chunk has a default value of None
DEBUG 2026-06-09 17:02:46 _wrapper.py:168 wrapped field at task has a default value of 
DEBUG 2026-06-09 17:02:46 _wrapper.py:168 wrapped field at server_address has a default value of localhost:8080
DEBUG 2026-06-09 17:02:46 _wrapper.py:168 wrapped field at policy_device has a default value of cpu
DEBUG 2026-06-09 17:02:46 _wrapper.py:168 wrapped field at client_device has a default value of cpu
DEBUG 2026-06-09 17:02:46 _wrapper.py:168 wrapped field at chunk_size_threshold has a default value of 0.5
DEBUG 2026-06-09 17:02:46 _wrapper.py:168 wrapped field at fps has a default value of 30
DEBUG 2026-06-09 17:02:46 _wrapper.py:168 wrapped field at aggregate_fn_name has a default value of weighted_average
DEBUG 2026-06-09 17:02:46 _wrapper.py:168 wrapped field at debug_visualize_queue_size has a default value of False
DEBUG 2026-06-09 17:02:46 _wrapper.py:309 Arg options for field 'policy_type': {'required': False, 'dest': 'policy_type', 'default': None, 'help': 'Policy configuration', 'type': <class 'str'>}
DEBUG 2026-06-09 17:02:46 _wrapper.py:309 Arg options for field 'pretrained_name_or_path': {'required': False, 'dest': 'pretrained_name_or_path', 'default': None, 'type': <class 'str'>}
DEBUG 2026-06-09 17:02:46 d_metavar.py:22 Metavar for type <class 'str'>: str
DEBUG 2026-06-09 17:02:46 formatter.py:52 action type: <class 'str'>, Result: str, nargs: None, default metavar: None
DEBUG 2026-06-09 17:02:46 _wrapper.py:168 wrapped field at robot.port has a default value of None
DEBUG 2026-06-09 17:02:46 _wrapper.py:168 wrapped field at robot.disable_torque_on_disconnect has a default value of True
DEBUG 2026-06-09 17:02:46 _wrapper.py:201 wrapped field at robot.max_relative_target has a default value of None
DEBUG 2026-06-09 17:02:46 _wrapper.py:201 wrapped field at robot.cameras has a default value of {}
DEBUG 2026-06-09 17:02:46 _wrapper.py:168 wrapped field at robot.use_degrees has a default value of True
DEBUG 2026-06-09 17:02:46 _wrapper.py:201 wrapped field at robot.id has a default value of None
DEBUG 2026-06-09 17:02:46 _wrapper.py:201 wrapped field at robot.calibration_dir has a default value of None
DEBUG 2026-06-09 17:02:46 _wrapper.py:168 wrapped field at robot.port has a default value of None
DEBUG 2026-06-09 17:02:46 _wrapper.py:168 wrapped field at robot.disable_torque_on_disconnect has a default value of True
DEBUG 2026-06-09 17:02:46 _wrapper.py:201 wrapped field at robot.max_relative_target has a default value of None
DEBUG 2026-06-09 17:02:46 _wrapper.py:201 wrapped field at robot.cameras has a default value of {}
DEBUG 2026-06-09 17:02:46 _wrapper.py:168 wrapped field at robot.use_degrees has a default value of True
DEBUG 2026-06-09 17:02:46 _wrapper.py:201 wrapped field at robot.id has a default value of None
DEBUG 2026-06-09 17:02:46 _wrapper.py:201 wrapped field at robot.calibration_dir has a default value of None
DEBUG 2026-06-09 17:02:46 _wrapper.py:201 wrapped field at robot.id has a default value of None
DEBUG 2026-06-09 17:02:46 _wrapper.py:201 wrapped field at robot.calibration_dir has a default value of None
DEBUG 2026-06-09 17:02:46 _wrapper.py:168 wrapped field at robot.left_arm_config.port has a default value of None
DEBUG 2026-06-09 17:02:46 _wrapper.py:168 wrapped field at robot.left_arm_config.disable_torque_on_disconnect has a default value of True
DEBUG 2026-06-09 17:02:46 _wrapper.py:201 wrapped field at robot.left_arm_config.max_relative_target has a default value of None
DEBUG 2026-06-09 17:02:46 _wrapper.py:201 wrapped field at robot.left_arm_config.cameras has a default value of {}
DEBUG 2026-06-09 17:02:46 _wrapper.py:168 wrapped field at robot.left_arm_config.use_degrees has a default value of True
DEBUG 2026-06-09 17:02:46 _wrapper.py:168 wrapped field at robot.right_arm_config.port has a default value of None
DEBUG 2026-06-09 17:02:46 _wrapper.py:168 wrapped field at robot.right_arm_config.disable_torque_on_disconnect has a default value of True
DEBUG 2026-06-09 17:02:46 _wrapper.py:201 wrapped field at robot.right_arm_config.max_relative_target has a default value of None
DEBUG 2026-06-09 17:02:46 _wrapper.py:201 wrapped field at robot.right_arm_config.cameras has a default value of {}
DEBUG 2026-06-09 17:02:46 _wrapper.py:168 wrapped field at robot.right_arm_config.use_degrees has a default value of True
DEBUG 2026-06-09 17:02:46 _wrapper.py:201 wrapped field at robot.top_cameras has a default value of {}
DEBUG 2026-06-09 17:02:46 _wrapper.py:201 wrapped field at robot.id has a default value of None
DEBUG 2026-06-09 17:02:46 _wrapper.py:201 wrapped field at robot.calibration_dir has a default value of None
DEBUG 2026-06-09 17:02:46 _wrapper.py:168 wrapped field at robot.port has a default value of None
DEBUG 2026-06-09 17:02:46 _wrapper.py:168 wrapped field at robot.disable_torque_on_disconnect has a default value of True
DEBUG 2026-06-09 17:02:46 _wrapper.py:201 wrapped field at robot.max_relative_target has a default value of None
DEBUG 2026-06-09 17:02:46 _wrapper.py:201 wrapped field at robot.cameras has a default value of {}
DEBUG 2026-06-09 17:02:46 _wrapper.py:168 wrapped field at robot.use_degrees has a default value of False
DEBUG 2026-06-09 17:02:46 _wrapper.py:201 wrapped field at robot.id has a default value of None
DEBUG 2026-06-09 17:02:46 _wrapper.py:201 wrapped field at robot.calibration_dir has a default value of None
DEBUG 2026-06-09 17:02:46 _wrapper.py:168 wrapped field at robot.port has a default value of None
DEBUG 2026-06-09 17:02:46 _wrapper.py:168 wrapped field at robot.disable_torque_on_disconnect has a default value of True
DEBUG 2026-06-09 17:02:46 _wrapper.py:201 wrapped field at robot.max_relative_target has a default value of None
DEBUG 2026-06-09 17:02:46 _wrapper.py:201 wrapped field at robot.cameras has a default value of {}
DEBUG 2026-06-09 17:02:46 _wrapper.py:168 wrapped field at robot.use_degrees has a default value of False
DEBUG 2026-06-09 17:02:46 docstring.py:65 Couldn't find the attribute docstring: could not find class definition
DEBUG 2026-06-09 17:02:46 _wrapper.py:309 Arg options for field 'port': {'required': False, 'dest': 'robot.port', 'default': None, 'type': <class 'str'>}
DEBUG 2026-06-09 17:02:46 docstring.py:65 Couldn't find the attribute docstring: could not find class definition
DEBUG 2026-06-09 17:02:46 _wrapper.py:309 Arg options for field 'disable_torque_on_disconnect': {'required': False, 'dest': 'robot.disable_torque_on_disconnect', 'default': True, 'help': ' ', 'type': <class 'bool'>}
DEBUG 2026-06-09 17:02:46 docstring.py:65 Couldn't find the attribute docstring: could not find class definition
DEBUG 2026-06-09 17:02:46 _wrapper.py:309 Arg options for field 'max_relative_target': {'required': False, 'dest': 'robot.max_relative_target', 'default': None, 'type': typing.Union[float, typing.Dict[str, float], NoneType]}
DEBUG 2026-06-09 17:02:46 docstring.py:65 Couldn't find the attribute docstring: could not find class definition
DEBUG 2026-06-09 17:02:46 _wrapper.py:309 Arg options for field 'cameras': {'required': False, 'dest': 'robot.cameras', 'default': {}, 'help': ' ', 'type': typing.Dict[str, lerobot.cameras.configs.CameraConfig]}
DEBUG 2026-06-09 17:02:46 docstring.py:65 Couldn't find the attribute docstring: could not find class definition
DEBUG 2026-06-09 17:02:46 _wrapper.py:309 Arg options for field 'use_degrees': {'required': False, 'dest': 'robot.use_degrees', 'default': True, 'help': ' ', 'type': <class 'bool'>}
DEBUG 2026-06-09 17:02:46 _wrapper.py:309 Arg options for field 'id': {'required': False, 'dest': 'robot.id', 'default': None, 'help': 'Allows to distinguish between different robots of the same type', 'type': typing.Optional[str]}
DEBUG 2026-06-09 17:02:46 _wrapper.py:309 Arg options for field 'calibration_dir': {'required': False, 'dest': 'robot.calibration_dir', 'default': None, 'help': 'Directory to store calibration file', 'type': typing.Optional[pathlib.Path]}
DEBUG 2026-06-09 17:02:46 docstring.py:65 Couldn't find the attribute docstring: could not find class definition
DEBUG 2026-06-09 17:02:46 _wrapper.py:309 Arg options for field 'port': {'required': False, 'dest': 'robot.port', 'default': None, 'type': <class 'str'>}
DEBUG 2026-06-09 17:02:46 docstring.py:65 Couldn't find the attribute docstring: could not find class definition
DEBUG 2026-06-09 17:02:46 _wrapper.py:309 Arg options for field 'disable_torque_on_disconnect': {'required': False, 'dest': 'robot.disable_torque_on_disconnect', 'default': True, 'help': ' ', 'type': <class 'bool'>}
DEBUG 2026-06-09 17:02:46 docstring.py:65 Couldn't find the attribute docstring: could not find class definition
DEBUG 2026-06-09 17:02:46 _wrapper.py:309 Arg options for field 'max_relative_target': {'required': False, 'dest': 'robot.max_relative_target', 'default': None, 'type': typing.Union[float, typing.Dict[str, float], NoneType]}
DEBUG 2026-06-09 17:02:46 docstring.py:65 Couldn't find the attribute docstring: could not find class definition
DEBUG 2026-06-09 17:02:46 _wrapper.py:309 Arg options for field 'cameras': {'required': False, 'dest': 'robot.cameras', 'default': {}, 'help': ' ', 'type': typing.Dict[str, lerobot.cameras.configs.CameraConfig]}
DEBUG 2026-06-09 17:02:46 docstring.py:65 Couldn't find the attribute docstring: could not find class definition
DEBUG 2026-06-09 17:02:46 _wrapper.py:309 Arg options for field 'use_degrees': {'required': False, 'dest': 'robot.use_degrees', 'default': True, 'help': ' ', 'type': <class 'bool'>}
DEBUG 2026-06-09 17:02:46 _wrapper.py:309 Arg options for field 'id': {'required': False, 'dest': 'robot.id', 'default': None, 'help': 'Allows to distinguish between different robots of the same type', 'type': typing.Optional[str]}
DEBUG 2026-06-09 17:02:46 _wrapper.py:309 Arg options for field 'calibration_dir': {'required': False, 'dest': 'robot.calibration_dir', 'default': None, 'help': 'Directory to store calibration file', 'type': typing.Optional[pathlib.Path]}
DEBUG 2026-06-09 17:02:46 _wrapper.py:309 Arg options for field 'id': {'required': False, 'dest': 'robot.id', 'default': None, 'help': 'Allows to distinguish between different robots of the same type', 'type': typing.Optional[str]}
DEBUG 2026-06-09 17:02:46 _wrapper.py:309 Arg options for field 'calibration_dir': {'required': False, 'dest': 'robot.calibration_dir', 'default': None, 'help': 'Directory to store calibration file', 'type': typing.Optional[pathlib.Path]}
DEBUG 2026-06-09 17:02:46 d_metavar.py:22 Metavar for type <class 'str'>: str
DEBUG 2026-06-09 17:02:46 formatter.py:52 action type: <class 'str'>, Result: str, nargs: None, default metavar: None
DEBUG 2026-06-09 17:02:46 _wrapper.py:309 Arg options for field 'port': {'required': False, 'dest': 'robot.left_arm_config.port', 'default': None, 'help': 'Port to connect to the arm', 'type': <class 'str'>}
DEBUG 2026-06-09 17:02:46 _wrapper.py:309 Arg options for field 'disable_torque_on_disconnect': {'required': False, 'dest': 'robot.left_arm_config.disable_torque_on_disconnect', 'default': True, 'help': ' ', 'type': <class 'bool'>}
DEBUG 2026-06-09 17:02:46 _wrapper.py:309 Arg options for field 'max_relative_target': {'required': False, 'dest': 'robot.left_arm_config.max_relative_target', 'default': None, 'help': '`max_relative_target` limits the magnitude of the relative positional target vector for safety purposes.\nSet this to a positive scalar to have the same value for all motors, or a dictionary that maps motor\nnames to the max_relative_target value for that motor.', 'type': typing.Union[float, typing.Dict[str, float], NoneType]}
DEBUG 2026-06-09 17:02:46 _wrapper.py:309 Arg options for field 'cameras': {'required': False, 'dest': 'robot.left_arm_config.cameras', 'default': {}, 'help': 'cameras', 'type': typing.Dict[str, lerobot.cameras.configs.CameraConfig]}
DEBUG 2026-06-09 17:02:46 _wrapper.py:309 Arg options for field 'use_degrees': {'required': False, 'dest': 'robot.left_arm_config.use_degrees', 'default': True, 'help': 'Set to `True` for backward compatibility with previous policies/dataset', 'type': <class 'bool'>}
DEBUG 2026-06-09 17:02:46 d_metavar.py:22 Metavar for type <class 'str'>: str
DEBUG 2026-06-09 17:02:46 formatter.py:52 action type: <class 'str'>, Result: str, nargs: None, default metavar: None
DEBUG 2026-06-09 17:02:46 _wrapper.py:309 Arg options for field 'port': {'required': False, 'dest': 'robot.right_arm_config.port', 'default': None, 'help': 'Port to connect to the arm', 'type': <class 'str'>}
DEBUG 2026-06-09 17:02:46 _wrapper.py:309 Arg options for field 'disable_torque_on_disconnect': {'required': False, 'dest': 'robot.right_arm_config.disable_torque_on_disconnect', 'default': True, 'help': ' ', 'type': <class 'bool'>}
DEBUG 2026-06-09 17:02:46 _wrapper.py:309 Arg options for field 'max_relative_target': {'required': False, 'dest': 'robot.right_arm_config.max_relative_target', 'default': None, 'help': '`max_relative_target` limits the magnitude of the relative positional target vector for safety purposes.\nSet this to a positive scalar to have the same value for all motors, or a dictionary that maps motor\nnames to the max_relative_target value for that motor.', 'type': typing.Union[float, typing.Dict[str, float], NoneType]}
DEBUG 2026-06-09 17:02:46 _wrapper.py:309 Arg options for field 'cameras': {'required': False, 'dest': 'robot.right_arm_config.cameras', 'default': {}, 'help': 'cameras', 'type': typing.Dict[str, lerobot.cameras.configs.CameraConfig]}
DEBUG 2026-06-09 17:02:46 _wrapper.py:309 Arg options for field 'use_degrees': {'required': False, 'dest': 'robot.right_arm_config.use_degrees', 'default': True, 'help': 'Set to `True` for backward compatibility with previous policies/dataset', 'type': <class 'bool'>}
DEBUG 2026-06-09 17:02:46 _wrapper.py:309 Arg options for field 'top_cameras': {'required': False, 'dest': 'robot.top_cameras', 'default': {}, 'help': ' ', 'type': typing.Dict[str, lerobot.cameras.configs.CameraConfig]}
DEBUG 2026-06-09 17:02:46 _wrapper.py:309 Arg options for field 'id': {'required': False, 'dest': 'robot.id', 'default': None, 'help': 'Allows to distinguish between different robots of the same type', 'type': typing.Optional[str]}
DEBUG 2026-06-09 17:02:46 _wrapper.py:309 Arg options for field 'calibration_dir': {'required': False, 'dest': 'robot.calibration_dir', 'default': None, 'help': 'Directory to store calibration file', 'type': typing.Optional[pathlib.Path]}
DEBUG 2026-06-09 17:02:46 _wrapper.py:309 Arg options for field 'port': {'required': False, 'dest': 'robot.port', 'default': None, 'help': 'Port to connect to the arm', 'type': <class 'str'>}
DEBUG 2026-06-09 17:02:46 _wrapper.py:309 Arg options for field 'disable_torque_on_disconnect': {'required': False, 'dest': 'robot.disable_torque_on_disconnect', 'default': True, 'help': ' ', 'type': <class 'bool'>}
DEBUG 2026-06-09 17:02:46 _wrapper.py:309 Arg options for field 'max_relative_target': {'required': False, 'dest': 'robot.max_relative_target', 'default': None, 'help': '`max_relative_target` limits the magnitude of the relative positional target vector for safety purposes.\nSet this to a positive scalar to have the same value for all motors, or a dictionary that maps motor\nnames to the max_relative_target value for that motor.', 'type': typing.Union[float, typing.Dict[str, float], NoneType]}
DEBUG 2026-06-09 17:02:46 _wrapper.py:309 Arg options for field 'cameras': {'required': False, 'dest': 'robot.cameras', 'default': {}, 'help': 'cameras', 'type': typing.Dict[str, lerobot.cameras.configs.CameraConfig]}
DEBUG 2026-06-09 17:02:46 _wrapper.py:309 Arg options for field 'use_degrees': {'required': False, 'dest': 'robot.use_degrees', 'default': False, 'help': 'Set to `True` for backward compatibility with previous policies/dataset', 'type': <class 'bool'>}
DEBUG 2026-06-09 17:02:46 _wrapper.py:309 Arg options for field 'id': {'required': False, 'dest': 'robot.id', 'default': None, 'help': 'Allows to distinguish between different robots of the same type', 'type': typing.Optional[str]}
DEBUG 2026-06-09 17:02:46 _wrapper.py:309 Arg options for field 'calibration_dir': {'required': False, 'dest': 'robot.calibration_dir', 'default': None, 'help': 'Directory to store calibration file', 'type': typing.Optional[pathlib.Path]}
DEBUG 2026-06-09 17:02:46 _wrapper.py:309 Arg options for field 'port': {'required': False, 'dest': 'robot.port', 'default': None, 'help': 'Port to connect to the arm', 'type': <class 'str'>}
DEBUG 2026-06-09 17:02:46 _wrapper.py:309 Arg options for field 'disable_torque_on_disconnect': {'required': False, 'dest': 'robot.disable_torque_on_disconnect', 'default': True, 'help': ' ', 'type': <class 'bool'>}
DEBUG 2026-06-09 17:02:46 _wrapper.py:309 Arg options for field 'max_relative_target': {'required': False, 'dest': 'robot.max_relative_target', 'default': None, 'help': '`max_relative_target` limits the magnitude of the relative positional target vector for safety purposes.\nSet this to a positive scalar to have the same value for all motors, or a dictionary that maps motor\nnames to the max_relative_target value for that motor.', 'type': typing.Union[float, typing.Dict[str, float], NoneType]}
DEBUG 2026-06-09 17:02:46 _wrapper.py:309 Arg options for field 'cameras': {'required': False, 'dest': 'robot.cameras', 'default': {}, 'help': 'cameras', 'type': typing.Dict[str, lerobot.cameras.configs.CameraConfig]}
DEBUG 2026-06-09 17:02:46 _wrapper.py:309 Arg options for field 'use_degrees': {'required': False, 'dest': 'robot.use_degrees', 'default': False, 'help': 'Set to `True` for backward compatibility with previous policies/dataset', 'type': <class 'bool'>}
DEBUG 2026-06-09 17:02:46 _wrapper.py:309 Arg options for field 'actions_per_chunk': {'required': False, 'dest': 'actions_per_chunk', 'default': None, 'help': 'Policies typically output K actions at max, but we can use less to avoid wasting bandwidth (as actions\nwould be aggregated on the client side anyway, depending on the value of `chunk_size_threshold`)', 'type': <class 'int'>}
DEBUG 2026-06-09 17:02:46 _wrapper.py:309 Arg options for field 'task': {'required': False, 'dest': 'task', 'default': '', 'help': "Task instruction for the robot to execute (e.g., 'fold my tshirt')", 'type': <class 'str'>}
DEBUG 2026-06-09 17:02:46 _wrapper.py:309 Arg options for field 'server_address': {'required': False, 'dest': 'server_address', 'default': 'localhost:8080', 'help': 'Network configuration', 'type': <class 'str'>}
DEBUG 2026-06-09 17:02:46 _wrapper.py:309 Arg options for field 'policy_device': {'required': False, 'dest': 'policy_device', 'default': 'cpu', 'help': 'Device configuration', 'type': <class 'str'>}
DEBUG 2026-06-09 17:02:46 ocstring.py:253 Warning: Unable to parse attribute docstring:         default="cpu",
DEBUG 2026-06-09 17:02:46 _wrapper.py:309 Arg options for field 'client_device': {'required': False, 'dest': 'client_device', 'default': 'cpu', 'help': ' ', 'type': <class 'str'>}
DEBUG 2026-06-09 17:02:46 _wrapper.py:309 Arg options for field 'chunk_size_threshold': {'required': False, 'dest': 'chunk_size_threshold', 'default': 0.5, 'help': '\n\nControl behavior configuration', 'type': <class 'float'>}
DEBUG 2026-06-09 17:02:46 _wrapper.py:309 Arg options for field 'fps': {'required': False, 'dest': 'fps', 'default': 30, 'help': ' ', 'type': <class 'int'>}
DEBUG 2026-06-09 17:02:46 ocstring.py:253 Warning: Unable to parse attribute docstring:         default="weighted_average",
DEBUG 2026-06-09 17:02:46 _wrapper.py:309 Arg options for field 'aggregate_fn_name': {'required': False, 'dest': 'aggregate_fn_name', 'default': 'weighted_average', 'help': 'Aggregate function configuration (CLI-compatible)', 'type': <class 'str'>}
DEBUG 2026-06-09 17:02:46 ocstring.py:253 Warning: Unable to parse attribute docstring:         default=False, metadata={"help": "Visualize the action queue size"}
DEBUG 2026-06-09 17:02:46 _wrapper.py:309 Arg options for field 'debug_visualize_queue_size': {'required': False, 'dest': 'debug_visualize_queue_size', 'default': False, 'help': '\n\n\nDebug configuration', 'type': <class 'bool'>}
DEBUG 2026-06-09 17:02:46 gparsing.py:143 
POST PROCESSING

DEBUG 2026-06-09 17:02:46 gparsing.py:144 (raw) parsed args: Namespace(task='Pick up the cup by the cup handle using the left arm', server_address='10.145.8.86:8080', policy_type='groot', pretrained_name_or_path='oliveoil8888/groot-pick-up-cup-left-arm', policy_device='cuda', actions_per_chunk='16', debug_visualize_queue_size='true', **{'robot.type': 'bi_so_follower', 'robot.left_arm_config.port': '/dev/follower_left', 'robot.right_arm_config.port': '/dev/follower_right', 'robot.id': 'follower', 'robot.top_cameras': '{ top_realsense_color: {type: opencv, index_or_path: /dev/video4, width: 640, height: 480, fps: 30}, top_realsense_depth: {type: opencv, index_or_path: /dev/video2, width: 640, height: 480, fps: 30}, top_webcam: {type: opencv, index_or_path: /dev/video6, width: 640, height: 480, fps: 30}}', 'robot.right_arm_config.cameras': '{ wrist: {type: opencv, index_or_path: /dev/wrist_right, width: 640, height: 480, fps: 30}}', 'robot.left_arm_config.cameras': '{ wrist:  {type: opencv, index_or_path: /dev/wrist_left,  width: 640, height: 480, fps: 30}}'})
DEBUG 2026-06-09 17:02:46 decoding.py:112 from_dict for <class 'lerobot.async_inference.configs.RobotClientConfig'>
DEBUG 2026-06-09 17:02:46 decoding.py:132 Decode name = policy_type, type = <class 'str'>
DEBUG 2026-06-09 17:02:46 decoding.py:132 Decode name = pretrained_name_or_path, type = <class 'str'>
DEBUG 2026-06-09 17:02:46 decoding.py:132 Decode name = robot, type = <class 'lerobot.robots.config.RobotConfig'>
DEBUG 2026-06-09 17:02:46 decoding.py:112 from_dict for <class 'lerobot.robots.bi_so_follower.config_bi_so_follower.BiSOFollowerConfig'>
DEBUG 2026-06-09 17:02:46 decoding.py:132 Decode name = id, type = typing.Optional[str]
DEBUG 2026-06-09 17:02:46 decoding.py:293 Decoding a Union field: typing.Optional[str]
DEBUG 2026-06-09 17:02:46 decoding.py:132 Decode name = left_arm_config, type = <class 'lerobot.robots.so_follower.config_so_follower.SOFollowerConfig'>
DEBUG 2026-06-09 17:02:46 decoding.py:112 from_dict for <class 'lerobot.robots.so_follower.config_so_follower.SOFollowerConfig'>
DEBUG 2026-06-09 17:02:46 decoding.py:132 Decode name = port, type = <class 'str'>
DEBUG 2026-06-09 17:02:46 decoding.py:132 Decode name = cameras, type = dict[str, lerobot.cameras.configs.CameraConfig]
DEBUG 2026-06-09 17:02:46 decoding.py:261 Decoding a Dict field: dict[str, lerobot.cameras.configs.CameraConfig]
DEBUG 2026-06-09 17:02:46 decoding.py:112 from_dict for <class 'lerobot.cameras.opencv.configuration_opencv.OpenCVCameraConfig'>
DEBUG 2026-06-09 17:02:46 decoding.py:132 Decode name = fps, type = typing.Optional[int]
DEBUG 2026-06-09 17:02:46 decoding.py:293 Decoding a Union field: typing.Optional[int]
DEBUG 2026-06-09 17:02:46 decoding.py:132 Decode name = width, type = typing.Optional[int]
DEBUG 2026-06-09 17:02:46 decoding.py:132 Decode name = height, type = typing.Optional[int]
DEBUG 2026-06-09 17:02:46 decoding.py:132 Decode name = index_or_path, type = typing.Union[int, pathlib.Path]
DEBUG 2026-06-09 17:02:46 decoding.py:293 Decoding a Union field: typing.Union[int, pathlib.Path]
DEBUG 2026-06-09 17:02:46 decoding.py:132 Decode name = right_arm_config, type = <class 'lerobot.robots.so_follower.config_so_follower.SOFollowerConfig'>
DEBUG 2026-06-09 17:02:46 decoding.py:112 from_dict for <class 'lerobot.robots.so_follower.config_so_follower.SOFollowerConfig'>
DEBUG 2026-06-09 17:02:46 decoding.py:132 Decode name = port, type = <class 'str'>
DEBUG 2026-06-09 17:02:46 decoding.py:132 Decode name = cameras, type = dict[str, lerobot.cameras.configs.CameraConfig]
DEBUG 2026-06-09 17:02:46 decoding.py:112 from_dict for <class 'lerobot.cameras.opencv.configuration_opencv.OpenCVCameraConfig'>
DEBUG 2026-06-09 17:02:46 decoding.py:132 Decode name = fps, type = typing.Optional[int]
DEBUG 2026-06-09 17:02:46 decoding.py:132 Decode name = width, type = typing.Optional[int]
DEBUG 2026-06-09 17:02:46 decoding.py:132 Decode name = height, type = typing.Optional[int]
DEBUG 2026-06-09 17:02:46 decoding.py:132 Decode name = index_or_path, type = typing.Union[int, pathlib.Path]
DEBUG 2026-06-09 17:02:46 decoding.py:132 Decode name = top_cameras, type = dict[str, lerobot.cameras.configs.CameraConfig]
DEBUG 2026-06-09 17:02:46 decoding.py:112 from_dict for <class 'lerobot.cameras.opencv.configuration_opencv.OpenCVCameraConfig'>
DEBUG 2026-06-09 17:02:46 decoding.py:132 Decode name = fps, type = typing.Optional[int]
DEBUG 2026-06-09 17:02:46 decoding.py:132 Decode name = width, type = typing.Optional[int]
DEBUG 2026-06-09 17:02:46 decoding.py:132 Decode name = height, type = typing.Optional[int]
DEBUG 2026-06-09 17:02:46 decoding.py:132 Decode name = index_or_path, type = typing.Union[int, pathlib.Path]
DEBUG 2026-06-09 17:02:46 decoding.py:112 from_dict for <class 'lerobot.cameras.opencv.configuration_opencv.OpenCVCameraConfig'>
DEBUG 2026-06-09 17:02:46 decoding.py:132 Decode name = fps, type = typing.Optional[int]
DEBUG 2026-06-09 17:02:46 decoding.py:132 Decode name = width, type = typing.Optional[int]
DEBUG 2026-06-09 17:02:46 decoding.py:132 Decode name = height, type = typing.Optional[int]
DEBUG 2026-06-09 17:02:46 decoding.py:132 Decode name = index_or_path, type = typing.Union[int, pathlib.Path]
DEBUG 2026-06-09 17:02:46 decoding.py:112 from_dict for <class 'lerobot.cameras.opencv.configuration_opencv.OpenCVCameraConfig'>
DEBUG 2026-06-09 17:02:46 decoding.py:132 Decode name = fps, type = typing.Optional[int]
DEBUG 2026-06-09 17:02:46 decoding.py:132 Decode name = width, type = typing.Optional[int]
DEBUG 2026-06-09 17:02:46 decoding.py:132 Decode name = height, type = typing.Optional[int]
DEBUG 2026-06-09 17:02:46 decoding.py:132 Decode name = index_or_path, type = typing.Union[int, pathlib.Path]
DEBUG 2026-06-09 17:02:46 decoding.py:132 Decode name = actions_per_chunk, type = <class 'int'>
DEBUG 2026-06-09 17:02:46 decoding.py:132 Decode name = task, type = <class 'str'>
DEBUG 2026-06-09 17:02:46 decoding.py:132 Decode name = server_address, type = <class 'str'>
DEBUG 2026-06-09 17:02:46 decoding.py:132 Decode name = policy_device, type = <class 'str'>
DEBUG 2026-06-09 17:02:46 decoding.py:132 Decode name = debug_visualize_queue_size, type = <class 'bool'>
INFO 2026-06-09 17:02:46 t_client.py:486 {'actions_per_chunk': 16,
 'aggregate_fn_name': 'weighted_average',
 'chunk_size_threshold': 0.5,
 'client_device': 'cpu',
 'debug_visualize_queue_size': True,
 'fps': 30,
 'policy_device': 'cuda',
 'policy_type': 'groot',
 'pretrained_name_or_path': 'oliveoil8888/groot-pick-up-cup-left-arm',
 'robot': {'calibration_dir': None,
           'id': 'follower',
           'left_arm_config': {'cameras': {'wrist': {'backend': <Cv2Backends.ANY: 0>,
                                                     'color_mode': <ColorMode.RGB: 'rgb'>,
                                                     'fourcc': 'MJPG',
                                                     'fps': 30,
                                                     'height': 480,
                                                     'index_or_path': PosixPath('/dev/wrist_left'),
                                                     'rotation': <Cv2Rotation.NO_ROTATION: 0>,
                                                     'warmup_s': 1,
                                                     'width': 640}},
                               'disable_torque_on_disconnect': True,
                               'max_relative_target': None,
                               'port': '/dev/follower_left',
                               'use_degrees': True},
           'right_arm_config': {'cameras': {'wrist': {'backend': <Cv2Backends.ANY: 0>,
                                                      'color_mode': <ColorMode.RGB: 'rgb'>,
                                                      'fourcc': 'MJPG',
                                                      'fps': 30,
                                                      'height': 480,
                                                      'index_or_path': PosixPath('/dev/wrist_right'),
                                                      'rotation': <Cv2Rotation.NO_ROTATION: 0>,
                                                      'warmup_s': 1,
                                                      'width': 640}},
                                'disable_torque_on_disconnect': True,
                                'max_relative_target': None,
                                'port': '/dev/follower_right',
                                'use_degrees': True},
           'top_cameras': {'top_realsense_color': {'backend': <Cv2Backends.ANY: 0>,
                                                   'color_mode': <ColorMode.RGB: 'rgb'>,
                                                   'fourcc': 'MJPG',
                                                   'fps': 30,
                                                   'height': 480,
                                                   'index_or_path': PosixPath('/dev/video4'),
                                                   'rotation': <Cv2Rotation.NO_ROTATION: 0>,
                                                   'warmup_s': 1,
                                                   'width': 640},
                           'top_realsense_depth': {'backend': <Cv2Backends.ANY: 0>,
                                                   'color_mode': <ColorMode.RGB: 'rgb'>,
                                                   'fourcc': 'MJPG',
                                                   'fps': 30,
                                                   'height': 480,
                                                   'index_or_path': PosixPath('/dev/video2'),
                                                   'rotation': <Cv2Rotation.NO_ROTATION: 0>,
                                                   'warmup_s': 1,
                                                   'width': 640},
                           'top_webcam': {'backend': <Cv2Backends.ANY: 0>,
                                          'color_mode': <ColorMode.RGB: 'rgb'>,
                                          'fourcc': 'MJPG',
                                          'fps': 30,
                                          'height': 480,
                                          'index_or_path': PosixPath('/dev/video6'),
                                          'rotation': <Cv2Rotation.NO_ROTATION: 0>,
                                          'warmup_s': 1,
                                          'width': 640}}},
 'server_address': '10.145.8.86:8080',
 'task': 'Pick up the cup by the cup handle using the left arm'}
DEBUG 2026-06-09 17:02:46 decoding.py:261 Decoding a Dict field: typing.Dict[str, lerobot.motors.motors_bus.MotorCalibration]
DEBUG 2026-06-09 17:02:46 decoding.py:112 from_dict for <class 'lerobot.motors.motors_bus.MotorCalibration'>
DEBUG 2026-06-09 17:02:46 decoding.py:132 Decode name = id, type = <class 'int'>
DEBUG 2026-06-09 17:02:46 decoding.py:132 Decode name = drive_mode, type = <class 'int'>
DEBUG 2026-06-09 17:02:46 decoding.py:132 Decode name = homing_offset, type = <class 'int'>
DEBUG 2026-06-09 17:02:46 decoding.py:132 Decode name = range_min, type = <class 'int'>
DEBUG 2026-06-09 17:02:46 decoding.py:132 Decode name = range_max, type = <class 'int'>
DEBUG 2026-06-09 17:02:46 decoding.py:112 from_dict for <class 'lerobot.motors.motors_bus.MotorCalibration'>
DEBUG 2026-06-09 17:02:46 decoding.py:132 Decode name = id, type = <class 'int'>
DEBUG 2026-06-09 17:02:46 decoding.py:132 Decode name = drive_mode, type = <class 'int'>
DEBUG 2026-06-09 17:02:46 decoding.py:132 Decode name = homing_offset, type = <class 'int'>
DEBUG 2026-06-09 17:02:46 decoding.py:132 Decode name = range_min, type = <class 'int'>
DEBUG 2026-06-09 17:02:46 decoding.py:132 Decode name = range_max, type = <class 'int'>
DEBUG 2026-06-09 17:02:46 decoding.py:112 from_dict for <class 'lerobot.motors.motors_bus.MotorCalibration'>
DEBUG 2026-06-09 17:02:46 decoding.py:132 Decode name = id, type = <class 'int'>
DEBUG 2026-06-09 17:02:46 decoding.py:132 Decode name = drive_mode, type = <class 'int'>
DEBUG 2026-06-09 17:02:46 decoding.py:132 Decode name = homing_offset, type = <class 'int'>
DEBUG 2026-06-09 17:02:46 decoding.py:132 Decode name = range_min, type = <class 'int'>
DEBUG 2026-06-09 17:02:46 decoding.py:132 Decode name = range_max, type = <class 'int'>
DEBUG 2026-06-09 17:02:46 decoding.py:112 from_dict for <class 'lerobot.motors.motors_bus.MotorCalibration'>
DEBUG 2026-06-09 17:02:46 decoding.py:132 Decode name = id, type = <class 'int'>
DEBUG 2026-06-09 17:02:46 decoding.py:132 Decode name = drive_mode, type = <class 'int'>
DEBUG 2026-06-09 17:02:46 decoding.py:132 Decode name = homing_offset, type = <class 'int'>
DEBUG 2026-06-09 17:02:46 decoding.py:132 Decode name = range_min, type = <class 'int'>
DEBUG 2026-06-09 17:02:46 decoding.py:132 Decode name = range_max, type = <class 'int'>
DEBUG 2026-06-09 17:02:46 decoding.py:112 from_dict for <class 'lerobot.motors.motors_bus.MotorCalibration'>
DEBUG 2026-06-09 17:02:46 decoding.py:132 Decode name = id, type = <class 'int'>
DEBUG 2026-06-09 17:02:46 decoding.py:132 Decode name = drive_mode, type = <class 'int'>
DEBUG 2026-06-09 17:02:46 decoding.py:132 Decode name = homing_offset, type = <class 'int'>
DEBUG 2026-06-09 17:02:46 decoding.py:132 Decode name = range_min, type = <class 'int'>
DEBUG 2026-06-09 17:02:46 decoding.py:132 Decode name = range_max, type = <class 'int'>
DEBUG 2026-06-09 17:02:46 decoding.py:112 from_dict for <class 'lerobot.motors.motors_bus.MotorCalibration'>
DEBUG 2026-06-09 17:02:46 decoding.py:132 Decode name = id, type = <class 'int'>
DEBUG 2026-06-09 17:02:46 decoding.py:132 Decode name = drive_mode, type = <class 'int'>
DEBUG 2026-06-09 17:02:46 decoding.py:132 Decode name = homing_offset, type = <class 'int'>
DEBUG 2026-06-09 17:02:46 decoding.py:132 Decode name = range_min, type = <class 'int'>
DEBUG 2026-06-09 17:02:46 decoding.py:132 Decode name = range_max, type = <class 'int'>
DEBUG 2026-06-09 17:02:46 ort_utils.py:65 Detected feetech-servo-sdk version: 1.0.0
DEBUG 2026-06-09 17:02:46 ort_utils.py:65 Detected pyserial version: 3.5
DEBUG 2026-06-09 17:02:46 ort_utils.py:65 Detected deepdiff version: 8.6.2
DEBUG 2026-06-09 17:02:46 decoding.py:112 from_dict for <class 'lerobot.motors.motors_bus.MotorCalibration'>
DEBUG 2026-06-09 17:02:46 decoding.py:132 Decode name = id, type = <class 'int'>
DEBUG 2026-06-09 17:02:46 decoding.py:132 Decode name = drive_mode, type = <class 'int'>
DEBUG 2026-06-09 17:02:46 decoding.py:132 Decode name = homing_offset, type = <class 'int'>
DEBUG 2026-06-09 17:02:46 decoding.py:132 Decode name = range_min, type = <class 'int'>
DEBUG 2026-06-09 17:02:46 decoding.py:132 Decode name = range_max, type = <class 'int'>
DEBUG 2026-06-09 17:02:46 decoding.py:112 from_dict for <class 'lerobot.motors.motors_bus.MotorCalibration'>
DEBUG 2026-06-09 17:02:46 decoding.py:132 Decode name = id, type = <class 'int'>
DEBUG 2026-06-09 17:02:46 decoding.py:132 Decode name = drive_mode, type = <class 'int'>
DEBUG 2026-06-09 17:02:46 decoding.py:132 Decode name = homing_offset, type = <class 'int'>
DEBUG 2026-06-09 17:02:46 decoding.py:132 Decode name = range_min, type = <class 'int'>
DEBUG 2026-06-09 17:02:46 decoding.py:132 Decode name = range_max, type = <class 'int'>
DEBUG 2026-06-09 17:02:46 decoding.py:112 from_dict for <class 'lerobot.motors.motors_bus.MotorCalibration'>
DEBUG 2026-06-09 17:02:46 decoding.py:132 Decode name = id, type = <class 'int'>
DEBUG 2026-06-09 17:02:46 decoding.py:132 Decode name = drive_mode, type = <class 'int'>
DEBUG 2026-06-09 17:02:46 decoding.py:132 Decode name = homing_offset, type = <class 'int'>
DEBUG 2026-06-09 17:02:46 decoding.py:132 Decode name = range_min, type = <class 'int'>
DEBUG 2026-06-09 17:02:46 decoding.py:132 Decode name = range_max, type = <class 'int'>
DEBUG 2026-06-09 17:02:46 decoding.py:112 from_dict for <class 'lerobot.motors.motors_bus.MotorCalibration'>
DEBUG 2026-06-09 17:02:46 decoding.py:132 Decode name = id, type = <class 'int'>
DEBUG 2026-06-09 17:02:46 decoding.py:132 Decode name = drive_mode, type = <class 'int'>
DEBUG 2026-06-09 17:02:46 decoding.py:132 Decode name = homing_offset, type = <class 'int'>
DEBUG 2026-06-09 17:02:46 decoding.py:132 Decode name = range_min, type = <class 'int'>
DEBUG 2026-06-09 17:02:46 decoding.py:132 Decode name = range_max, type = <class 'int'>
DEBUG 2026-06-09 17:02:46 decoding.py:112 from_dict for <class 'lerobot.motors.motors_bus.MotorCalibration'>
DEBUG 2026-06-09 17:02:46 decoding.py:132 Decode name = id, type = <class 'int'>
DEBUG 2026-06-09 17:02:46 decoding.py:132 Decode name = drive_mode, type = <class 'int'>
DEBUG 2026-06-09 17:02:46 decoding.py:132 Decode name = homing_offset, type = <class 'int'>
DEBUG 2026-06-09 17:02:46 decoding.py:132 Decode name = range_min, type = <class 'int'>
DEBUG 2026-06-09 17:02:46 decoding.py:132 Decode name = range_max, type = <class 'int'>
DEBUG 2026-06-09 17:02:46 decoding.py:112 from_dict for <class 'lerobot.motors.motors_bus.MotorCalibration'>
DEBUG 2026-06-09 17:02:46 decoding.py:132 Decode name = id, type = <class 'int'>
DEBUG 2026-06-09 17:02:46 decoding.py:132 Decode name = drive_mode, type = <class 'int'>
DEBUG 2026-06-09 17:02:46 decoding.py:132 Decode name = homing_offset, type = <class 'int'>
DEBUG 2026-06-09 17:02:46 decoding.py:132 Decode name = range_min, type = <class 'int'>
DEBUG 2026-06-09 17:02:46 decoding.py:132 Decode name = range_max, type = <class 'int'>
DEBUG 2026-06-09 17:02:46 tors_bus.py:527 FeetechMotorsBus connected.
INFO 2026-06-09 17:02:47 a_opencv.py:183 OpenCVCamera(/dev/wrist_left) connected.
INFO 2026-06-09 17:02:47 follower.py:105 follower_left SOFollower connected.
DEBUG 2026-06-09 17:02:47 tors_bus.py:527 FeetechMotorsBus connected.
INFO 2026-06-09 17:02:49 a_opencv.py:183 OpenCVCamera(/dev/wrist_right) connected.
INFO 2026-06-09 17:02:49 follower.py:105 follower_right SOFollower connected.
WARNING 2026-06-09 17:02:49 a_opencv.py:266 OpenCVCamera(/dev/video4) failed to set fourcc=MJPG (actual=YUYV, success=True). Continuing with default format.
INFO 2026-06-09 17:02:50 a_opencv.py:183 OpenCVCamera(/dev/video4) connected.
INFO 2026-06-09 17:02:50 follower.py:134 Top camera 'top_realsense_color' connected.
WARNING 2026-06-09 17:02:50 a_opencv.py:266 OpenCVCamera(/dev/video2) failed to set fourcc=MJPG (actual=UYVY, success=True). Continuing with default format.
INFO 2026-06-09 17:02:51 a_opencv.py:183 OpenCVCamera(/dev/video2) connected.
INFO 2026-06-09 17:02:51 follower.py:134 Top camera 'top_realsense_depth' connected.
INFO 2026-06-09 17:02:53 a_opencv.py:183 OpenCVCamera(/dev/video6) connected.
INFO 2026-06-09 17:02:53 follower.py:134 Top camera 'top_webcam' connected.
INFO 2026-06-09 17:02:53 t_client.py:114 Initializing client to connect to server at 10.145.8.86:8080
INFO 2026-06-09 17:02:53 t_client.py:133 Robot connected and ready
DEBUG 2026-06-09 17:02:53 t_client.py:150 Connected to policy server in 0.0172s
INFO 2026-06-09 17:02:53 t_client.py:156 Sending policy instructions to policy server
DEBUG 2026-06-09 17:02:53 t_client.py:157 Policy type: groot | Pretrained name or path: oliveoil8888/groot-pick-up-cup-left-arm | Device: cuda
INFO 2026-06-09 17:03:28 t_client.py:495 Starting action receiver thread...
INFO 2026-06-09 17:03:28 t_client.py:462 Control loop thread starting
INFO 2026-06-09 17:03:28 t_client.py:273 Action receiving thread starting
DEBUG 2026-06-09 17:03:28 follower.py:184 follower_right SOFollower read state: 3.9ms
DEBUG 2026-06-09 17:03:28 follower.py:191 follower_right SOFollower read wrist: 0.0ms
DEBUG 2026-06-09 17:03:28 follower.py:184 follower_left SOFollower read state: 3.0ms
DEBUG 2026-06-09 17:03:28 follower.py:191 follower_left SOFollower read wrist: 0.0ms
DEBUG 2026-06-09 17:03:28 t_client.py:198 Observation serialization time: 0.011721s
DEBUG 2026-06-09 17:03:28 ort/utils.py:54 [CLIENT] Observation Buffer size 4.395496368408203 MB with
DEBUG 2026-06-09 17:03:28 ort/utils.py:69 [CLIENT] Observation Sent 2097152/4609012 bytes with state 1
DEBUG 2026-06-09 17:03:28 ort/utils.py:69 [CLIENT] Observation Sent 4194304/4609012 bytes with state 2
DEBUG 2026-06-09 17:03:28 ort/utils.py:69 [CLIENT] Observation Sent 4609012/4609012 bytes with state 3
DEBUG 2026-06-09 17:03:28 ort/utils.py:71 [CLIENT] Observation Published 4.395496368408203 MB
DEBUG 2026-06-09 17:03:28 t_client.py:209 Sent observation #0 | 
DEBUG 2026-06-09 17:03:28 t_client.py:434 QUEUE SIZE: 0 (Must go: True)
DEBUG 2026-06-09 17:03:28 t_client.py:477 Control loop (ms): 369.14
DEBUG 2026-06-09 17:03:28 follower.py:184 follower_right SOFollower read state: 2.2ms
DEBUG 2026-06-09 17:03:28 follower.py:191 follower_right SOFollower read wrist: 0.0ms
DEBUG 2026-06-09 17:03:28 follower.py:184 follower_left SOFollower read state: 1.9ms
DEBUG 2026-06-09 17:03:28 follower.py:191 follower_left SOFollower read wrist: 0.0ms
DEBUG 2026-06-09 17:03:28 t_client.py:198 Observation serialization time: 0.009866s
DEBUG 2026-06-09 17:03:28 ort/utils.py:54 [CLIENT] Observation Buffer size 4.395496368408203 MB with
DEBUG 2026-06-09 17:03:28 ort/utils.py:69 [CLIENT] Observation Sent 2097152/4609012 bytes with state 1
DEBUG 2026-06-09 17:03:28 ort/utils.py:69 [CLIENT] Observation Sent 4194304/4609012 bytes with state 2
DEBUG 2026-06-09 17:03:28 ort/utils.py:69 [CLIENT] Observation Sent 4609012/4609012 bytes with state 3
DEBUG 2026-06-09 17:03:28 ort/utils.py:71 [CLIENT] Observation Published 4.395496368408203 MB
DEBUG 2026-06-09 17:03:28 t_client.py:209 Sent observation #0 | 
DEBUG 2026-06-09 17:03:28 t_client.py:434 QUEUE SIZE: 0 (Must go: False)
DEBUG 2026-06-09 17:03:28 t_client.py:477 Control loop (ms): 265.72
DEBUG 2026-06-09 17:03:28 follower.py:184 follower_right SOFollower read state: 1.8ms
DEBUG 2026-06-09 17:03:28 follower.py:191 follower_right SOFollower read wrist: 0.0ms
DEBUG 2026-06-09 17:03:28 follower.py:184 follower_left SOFollower read state: 1.5ms
DEBUG 2026-06-09 17:03:28 follower.py:191 follower_left SOFollower read wrist: 0.0ms
DEBUG 2026-06-09 17:03:28 t_client.py:198 Observation serialization time: 0.003632s
DEBUG 2026-06-09 17:03:28 ort/utils.py:54 [CLIENT] Observation Buffer size 4.395496368408203 MB with
DEBUG 2026-06-09 17:03:28 ort/utils.py:69 [CLIENT] Observation Sent 2097152/4609012 bytes with state 1
DEBUG 2026-06-09 17:03:28 ort/utils.py:69 [CLIENT] Observation Sent 4194304/4609012 bytes with state 2
DEBUG 2026-06-09 17:03:28 ort/utils.py:69 [CLIENT] Observation Sent 4609012/4609012 bytes with state 3
DEBUG 2026-06-09 17:03:28 ort/utils.py:71 [CLIENT] Observation Published 4.395496368408203 MB
DEBUG 2026-06-09 17:03:28 t_client.py:209 Sent observation #0 | 
DEBUG 2026-06-09 17:03:28 t_client.py:434 QUEUE SIZE: 0 (Must go: False)
DEBUG 2026-06-09 17:03:28 t_client.py:477 Control loop (ms): 133.08
DEBUG 2026-06-09 17:03:28 follower.py:184 follower_right SOFollower read state: 2.1ms
DEBUG 2026-06-09 17:03:28 follower.py:191 follower_right SOFollower read wrist: 0.0ms
DEBUG 2026-06-09 17:03:28 follower.py:184 follower_left SOFollower read state: 2.0ms
DEBUG 2026-06-09 17:03:28 follower.py:191 follower_left SOFollower read wrist: 0.0ms
DEBUG 2026-06-09 17:03:28 t_client.py:198 Observation serialization time: 0.005491s
DEBUG 2026-06-09 17:03:28 ort/utils.py:54 [CLIENT] Observation Buffer size 4.395496368408203 MB with
DEBUG 2026-06-09 17:03:28 ort/utils.py:69 [CLIENT] Observation Sent 2097152/4609012 bytes with state 1
DEBUG 2026-06-09 17:03:29 ort/utils.py:69 [CLIENT] Observation Sent 4194304/4609012 bytes with state 2
DEBUG 2026-06-09 17:03:29 ort/utils.py:69 [CLIENT] Observation Sent 4609012/4609012 bytes with state 3
DEBUG 2026-06-09 17:03:29 ort/utils.py:71 [CLIENT] Observation Published 4.395496368408203 MB
DEBUG 2026-06-09 17:03:29 t_client.py:209 Sent observation #0 | 
DEBUG 2026-06-09 17:03:29 t_client.py:434 QUEUE SIZE: 0 (Must go: False)
DEBUG 2026-06-09 17:03:29 t_client.py:477 Control loop (ms): 528.13
DEBUG 2026-06-09 17:03:29 follower.py:184 follower_right SOFollower read state: 2.3ms
DEBUG 2026-06-09 17:03:29 follower.py:191 follower_right SOFollower read wrist: 0.0ms
DEBUG 2026-06-09 17:03:29 follower.py:184 follower_left SOFollower read state: 2.0ms
DEBUG 2026-06-09 17:03:29 follower.py:191 follower_left SOFollower read wrist: 0.1ms
DEBUG 2026-06-09 17:03:29 t_client.py:198 Observation serialization time: 0.009386s
DEBUG 2026-06-09 17:03:29 ort/utils.py:54 [CLIENT] Observation Buffer size 4.395496368408203 MB with
DEBUG 2026-06-09 17:03:29 ort/utils.py:69 [CLIENT] Observation Sent 2097152/4609012 bytes with state 1
DEBUG 2026-06-09 17:03:29 ort/utils.py:69 [CLIENT] Observation Sent 4194304/4609012 bytes with state 2
DEBUG 2026-06-09 17:03:29 ort/utils.py:69 [CLIENT] Observation Sent 4609012/4609012 bytes with state 3
DEBUG 2026-06-09 17:03:29 ort/utils.py:71 [CLIENT] Observation Published 4.395496368408203 MB
DEBUG 2026-06-09 17:03:29 t_client.py:209 Sent observation #0 | 
DEBUG 2026-06-09 17:03:29 t_client.py:434 QUEUE SIZE: 0 (Must go: False)
DEBUG 2026-06-09 17:03:29 t_client.py:477 Control loop (ms): 190.50
DEBUG 2026-06-09 17:03:29 follower.py:184 follower_right SOFollower read state: 2.0ms
DEBUG 2026-06-09 17:03:29 follower.py:191 follower_right SOFollower read wrist: 0.0ms
DEBUG 2026-06-09 17:03:29 follower.py:184 follower_left SOFollower read state: 1.8ms
DEBUG 2026-06-09 17:03:29 follower.py:191 follower_left SOFollower read wrist: 0.0ms
DEBUG 2026-06-09 17:03:29 t_client.py:198 Observation serialization time: 0.008757s
DEBUG 2026-06-09 17:03:29 ort/utils.py:54 [CLIENT] Observation Buffer size 4.395496368408203 MB with
DEBUG 2026-06-09 17:03:29 ort/utils.py:69 [CLIENT] Observation Sent 2097152/4609012 bytes with state 1
DEBUG 2026-06-09 17:03:29 ort/utils.py:69 [CLIENT] Observation Sent 4194304/4609012 bytes with state 2
DEBUG 2026-06-09 17:03:29 ort/utils.py:69 [CLIENT] Observation Sent 4609012/4609012 bytes with state 3
DEBUG 2026-06-09 17:03:29 ort/utils.py:71 [CLIENT] Observation Published 4.395496368408203 MB
DEBUG 2026-06-09 17:03:29 t_client.py:209 Sent observation #0 | 
DEBUG 2026-06-09 17:03:29 t_client.py:434 QUEUE SIZE: 0 (Must go: False)
DEBUG 2026-06-09 17:03:29 t_client.py:477 Control loop (ms): 133.06
DEBUG 2026-06-09 17:03:29 follower.py:184 follower_right SOFollower read state: 2.0ms
DEBUG 2026-06-09 17:03:29 follower.py:191 follower_right SOFollower read wrist: 0.0ms
DEBUG 2026-06-09 17:03:29 follower.py:184 follower_left SOFollower read state: 3.3ms
DEBUG 2026-06-09 17:03:29 follower.py:191 follower_left SOFollower read wrist: 0.0ms
DEBUG 2026-06-09 17:03:29 t_client.py:198 Observation serialization time: 0.008722s
DEBUG 2026-06-09 17:03:29 ort/utils.py:54 [CLIENT] Observation Buffer size 4.395496368408203 MB with
DEBUG 2026-06-09 17:03:29 ort/utils.py:69 [CLIENT] Observation Sent 2097152/4609012 bytes with state 1
DEBUG 2026-06-09 17:03:29 t_client.py:292 Received actions on device: cpu
DEBUG 2026-06-09 17:03:29 t_client.py:302 Actions kept on device: cpu
DEBUG 2026-06-09 17:03:29 ort/utils.py:69 [CLIENT] Observation Sent 4194304/4609012 bytes with state 2
DEBUG 2026-06-09 17:03:29 ort/utils.py:69 [CLIENT] Observation Sent 4609012/4609012 bytes with state 3
DEBUG 2026-06-09 17:03:29 ort/utils.py:71 [CLIENT] Observation Published 4.395496368408203 MB
DEBUG 2026-06-09 17:03:29 t_client.py:209 Sent observation #0 | 
DEBUG 2026-06-09 17:03:29 t_client.py:434 QUEUE SIZE: 0 (Must go: False)
DEBUG 2026-06-09 17:03:29 t_client.py:477 Control loop (ms): 124.94
DEBUG 2026-06-09 17:03:29 t_client.py:477 Control loop (ms): 2.26
DEBUG 2026-06-09 17:03:29 t_client.py:477 Control loop (ms): 3.40
DEBUG 2026-06-09 17:03:29 t_client.py:477 Control loop (ms): 3.55
DEBUG 2026-06-09 17:03:30 t_client.py:477 Control loop (ms): 2.99
DEBUG 2026-06-09 17:03:30 t_client.py:477 Control loop (ms): 2.51
DEBUG 2026-06-09 17:03:30 t_client.py:477 Control loop (ms): 3.54
DEBUG 2026-06-09 17:03:30 t_client.py:477 Control loop (ms): 2.26
DEBUG 2026-06-09 17:03:30 follower.py:184 follower_right SOFollower read state: 2.9ms
DEBUG 2026-06-09 17:03:30 follower.py:191 follower_right SOFollower read wrist: 0.0ms
DEBUG 2026-06-09 17:03:30 follower.py:184 follower_left SOFollower read state: 2.5ms
DEBUG 2026-06-09 17:03:30 follower.py:191 follower_left SOFollower read wrist: 0.1ms
DEBUG 2026-06-09 17:03:30 t_client.py:198 Observation serialization time: 0.007157s
DEBUG 2026-06-09 17:03:30 ort/utils.py:54 [CLIENT] Observation Buffer size 4.395496368408203 MB with
DEBUG 2026-06-09 17:03:30 ort/utils.py:69 [CLIENT] Observation Sent 2097152/4609012 bytes with state 1
DEBUG 2026-06-09 17:03:30 ort/utils.py:69 [CLIENT] Observation Sent 4194304/4609012 bytes with state 2
DEBUG 2026-06-09 17:03:30 ort/utils.py:69 [CLIENT] Observation Sent 4609012/4609012 bytes with state 3
DEBUG 2026-06-09 17:03:30 ort/utils.py:71 [CLIENT] Observation Published 4.395496368408203 MB
DEBUG 2026-06-09 17:03:30 t_client.py:209 Sent observation #7 | 
DEBUG 2026-06-09 17:03:30 t_client.py:434 QUEUE SIZE: 8 (Must go: False)
DEBUG 2026-06-09 17:03:30 t_client.py:477 Control loop (ms): 116.78
DEBUG 2026-06-09 17:03:30 follower.py:184 follower_right SOFollower read state: 1.8ms
DEBUG 2026-06-09 17:03:30 follower.py:191 follower_right SOFollower read wrist: 0.0ms
DEBUG 2026-06-09 17:03:30 follower.py:184 follower_left SOFollower read state: 1.7ms
DEBUG 2026-06-09 17:03:30 follower.py:191 follower_left SOFollower read wrist: 0.0ms
DEBUG 2026-06-09 17:03:30 t_client.py:198 Observation serialization time: 0.005953s
DEBUG 2026-06-09 17:03:30 ort/utils.py:54 [CLIENT] Observation Buffer size 4.395496368408203 MB with
DEBUG 2026-06-09 17:03:30 ort/utils.py:69 [CLIENT] Observation Sent 2097152/4609012 bytes with state 1
DEBUG 2026-06-09 17:03:30 ort/utils.py:69 [CLIENT] Observation Sent 4194304/4609012 bytes with state 2
DEBUG 2026-06-09 17:03:30 ort/utils.py:69 [CLIENT] Observation Sent 4609012/4609012 bytes with state 3
DEBUG 2026-06-09 17:03:30 ort/utils.py:71 [CLIENT] Observation Published 4.395496368408203 MB
DEBUG 2026-06-09 17:03:30 t_client.py:209 Sent observation #8 | 
DEBUG 2026-06-09 17:03:30 t_client.py:434 QUEUE SIZE: 7 (Must go: False)
DEBUG 2026-06-09 17:03:30 t_client.py:477 Control loop (ms): 110.95
DEBUG 2026-06-09 17:03:30 t_client.py:292 Received actions on device: cpu
DEBUG 2026-06-09 17:03:30 t_client.py:302 Actions kept on device: cpu
DEBUG 2026-06-09 17:03:30 follower.py:184 follower_right SOFollower read state: 4.0ms
DEBUG 2026-06-09 17:03:30 follower.py:191 follower_right SOFollower read wrist: 0.1ms
DEBUG 2026-06-09 17:03:30 follower.py:184 follower_left SOFollower read state: 3.8ms
DEBUG 2026-06-09 17:03:30 follower.py:191 follower_left SOFollower read wrist: 0.1ms
DEBUG 2026-06-09 17:03:30 t_client.py:198 Observation serialization time: 0.007574s
DEBUG 2026-06-09 17:03:30 ort/utils.py:54 [CLIENT] Observation Buffer size 4.395496368408203 MB with
DEBUG 2026-06-09 17:03:30 ort/utils.py:69 [CLIENT] Observation Sent 2097152/4609012 bytes with state 1
DEBUG 2026-06-09 17:03:30 ort/utils.py:69 [CLIENT] Observation Sent 4194304/4609012 bytes with state 2
DEBUG 2026-06-09 17:03:30 ort/utils.py:69 [CLIENT] Observation Sent 4609012/4609012 bytes with state 3
DEBUG 2026-06-09 17:03:30 ort/utils.py:71 [CLIENT] Observation Published 4.395496368408203 MB
DEBUG 2026-06-09 17:03:30 t_client.py:209 Sent observation #9 | 
DEBUG 2026-06-09 17:03:30 t_client.py:434 QUEUE SIZE: 13 (Must go: False)
DEBUG 2026-06-09 17:03:30 t_client.py:477 Control loop (ms): 139.02
DEBUG 2026-06-09 17:03:30 t_client.py:477 Control loop (ms): 1.57
DEBUG 2026-06-09 17:03:30 t_client.py:477 Control loop (ms): 1.60
DEBUG 2026-06-09 17:03:30 t_client.py:477 Control loop (ms): 2.10
DEBUG 2026-06-09 17:03:30 t_client.py:477 Control loop (ms): 2.20
DEBUG 2026-06-09 17:03:30 follower.py:184 follower_right SOFollower read state: 3.0ms
DEBUG 2026-06-09 17:03:30 follower.py:191 follower_right SOFollower read wrist: 0.1ms
DEBUG 2026-06-09 17:03:30 follower.py:184 follower_left SOFollower read state: 2.8ms
DEBUG 2026-06-09 17:03:30 follower.py:191 follower_left SOFollower read wrist: 0.1ms
DEBUG 2026-06-09 17:03:30 t_client.py:198 Observation serialization time: 0.012460s
DEBUG 2026-06-09 17:03:30 ort/utils.py:54 [CLIENT] Observation Buffer size 4.395496368408203 MB with
DEBUG 2026-06-09 17:03:30 t_client.py:292 Received actions on device: cpu
DEBUG 2026-06-09 17:03:30 t_client.py:302 Actions kept on device: cpu
DEBUG 2026-06-09 17:03:30 ort/utils.py:69 [CLIENT] Observation Sent 2097152/4609012 bytes with state 1
DEBUG 2026-06-09 17:03:30 ort/utils.py:69 [CLIENT] Observation Sent 4194304/4609012 bytes with state 2
DEBUG 2026-06-09 17:03:30 ort/utils.py:69 [CLIENT] Observation Sent 4609012/4609012 bytes with state 3
DEBUG 2026-06-09 17:03:30 ort/utils.py:71 [CLIENT] Observation Published 4.395496368408203 MB
DEBUG 2026-06-09 17:03:30 t_client.py:209 Sent observation #14 | 
DEBUG 2026-06-09 17:03:30 t_client.py:434 QUEUE SIZE: 8 (Must go: False)
DEBUG 2026-06-09 17:03:30 t_client.py:477 Control loop (ms): 137.95
DEBUG 2026-06-09 17:03:30 follower.py:184 follower_right SOFollower read state: 1.9ms
DEBUG 2026-06-09 17:03:30 follower.py:191 follower_right SOFollower read wrist: 0.0ms
DEBUG 2026-06-09 17:03:30 follower.py:184 follower_left SOFollower read state: 2.0ms
DEBUG 2026-06-09 17:03:30 follower.py:191 follower_left SOFollower read wrist: 0.0ms
DEBUG 2026-06-09 17:03:30 t_client.py:198 Observation serialization time: 0.007311s
DEBUG 2026-06-09 17:03:30 ort/utils.py:54 [CLIENT] Observation Buffer size 4.395496368408203 MB with
DEBUG 2026-06-09 17:03:30 ort/utils.py:69 [CLIENT] Observation Sent 2097152/4609012 bytes with state 1
DEBUG 2026-06-09 17:03:30 ort/utils.py:69 [CLIENT] Observation Sent 4194304/4609012 bytes with state 2
DEBUG 2026-06-09 17:03:30 ort/utils.py:69 [CLIENT] Observation Sent 4609012/4609012 bytes with state 3
DEBUG 2026-06-09 17:03:30 ort/utils.py:71 [CLIENT] Observation Published 4.395496368408203 MB
DEBUG 2026-06-09 17:03:30 t_client.py:209 Sent observation #15 | 
DEBUG 2026-06-09 17:03:30 t_client.py:434 QUEUE SIZE: 8 (Must go: False)
DEBUG 2026-06-09 17:03:30 t_client.py:477 Control loop (ms): 120.16
DEBUG 2026-06-09 17:03:30 follower.py:184 follower_right SOFollower read state: 2.2ms
DEBUG 2026-06-09 17:03:30 follower.py:191 follower_right SOFollower read wrist: 0.0ms
DEBUG 2026-06-09 17:03:30 follower.py:184 follower_left SOFollower read state: 1.7ms
DEBUG 2026-06-09 17:03:30 follower.py:191 follower_left SOFollower read wrist: 0.0ms
DEBUG 2026-06-09 17:03:30 t_client.py:198 Observation serialization time: 0.009255s
DEBUG 2026-06-09 17:03:30 ort/utils.py:54 [CLIENT] Observation Buffer size 4.395496368408203 MB with
DEBUG 2026-06-09 17:03:30 ort/utils.py:69 [CLIENT] Observation Sent 2097152/4609012 bytes with state 1
DEBUG 2026-06-09 17:03:30 t_client.py:292 Received actions on device: cpu
DEBUG 2026-06-09 17:03:30 t_client.py:302 Actions kept on device: cpu
DEBUG 2026-06-09 17:03:30 ort/utils.py:69 [CLIENT] Observation Sent 4194304/4609012 bytes with state 2
DEBUG 2026-06-09 17:03:30 ort/utils.py:69 [CLIENT] Observation Sent 4609012/4609012 bytes with state 3
DEBUG 2026-06-09 17:03:30 ort/utils.py:71 [CLIENT] Observation Published 4.395496368408203 MB
DEBUG 2026-06-09 17:03:31 t_client.py:209 Sent observation #16 | 
DEBUG 2026-06-09 17:03:31 t_client.py:434 QUEUE SIZE: 7 (Must go: False)
DEBUG 2026-06-09 17:03:31 t_client.py:477 Control loop (ms): 110.28
DEBUG 2026-06-09 17:03:31 follower.py:184 follower_right SOFollower read state: 2.2ms
DEBUG 2026-06-09 17:03:31 follower.py:191 follower_right SOFollower read wrist: 0.0ms
DEBUG 2026-06-09 17:03:31 follower.py:184 follower_left SOFollower read state: 2.3ms
DEBUG 2026-06-09 17:03:31 follower.py:191 follower_left SOFollower read wrist: 0.0ms
DEBUG 2026-06-09 17:03:31 t_client.py:198 Observation serialization time: 0.008765s
DEBUG 2026-06-09 17:03:31 ort/utils.py:54 [CLIENT] Observation Buffer size 4.395496368408203 MB with
DEBUG 2026-06-09 17:03:31 ort/utils.py:69 [CLIENT] Observation Sent 2097152/4609012 bytes with state 1
DEBUG 2026-06-09 17:03:31 ort/utils.py:69 [CLIENT] Observation Sent 4194304/4609012 bytes with state 2
DEBUG 2026-06-09 17:03:31 ort/utils.py:69 [CLIENT] Observation Sent 4609012/4609012 bytes with state 3
DEBUG 2026-06-09 17:03:31 ort/utils.py:71 [CLIENT] Observation Published 4.395496368408203 MB
DEBUG 2026-06-09 17:03:31 t_client.py:209 Sent observation #17 | 
DEBUG 2026-06-09 17:03:31 t_client.py:434 QUEUE SIZE: 7 (Must go: False)
DEBUG 2026-06-09 17:03:31 t_client.py:477 Control loop (ms): 119.57
DEBUG 2026-06-09 17:03:31 follower.py:184 follower_right SOFollower read state: 2.5ms
DEBUG 2026-06-09 17:03:31 follower.py:191 follower_right SOFollower read wrist: 0.0ms
DEBUG 2026-06-09 17:03:31 follower.py:184 follower_left SOFollower read state: 2.2ms
DEBUG 2026-06-09 17:03:31 follower.py:191 follower_left SOFollower read wrist: 0.0ms
DEBUG 2026-06-09 17:03:31 t_client.py:198 Observation serialization time: 0.005681s
DEBUG 2026-06-09 17:03:31 ort/utils.py:54 [CLIENT] Observation Buffer size 4.395496368408203 MB with
DEBUG 2026-06-09 17:03:31 ort/utils.py:69 [CLIENT] Observation Sent 2097152/4609012 bytes with state 1
DEBUG 2026-06-09 17:03:31 ort/utils.py:69 [CLIENT] Observation Sent 4194304/4609012 bytes with state 2
DEBUG 2026-06-09 17:03:31 ort/utils.py:69 [CLIENT] Observation Sent 4609012/4609012 bytes with state 3
DEBUG 2026-06-09 17:03:31 ort/utils.py:71 [CLIENT] Observation Published 4.395496368408203 MB
DEBUG 2026-06-09 17:03:31 t_client.py:292 Received actions on device: cpu
DEBUG 2026-06-09 17:03:31 t_client.py:302 Actions kept on device: cpu
DEBUG 2026-06-09 17:03:31 t_client.py:209 Sent observation #18 | 
DEBUG 2026-06-09 17:03:31 t_client.py:434 QUEUE SIZE: 6 (Must go: False)
DEBUG 2026-06-09 17:03:31 t_client.py:477 Control loop (ms): 115.23
DEBUG 2026-06-09 17:03:31 t_client.py:477 Control loop (ms): 1.35
DEBUG 2026-06-09 17:03:31 t_client.py:477 Control loop (ms): 1.20
DEBUG 2026-06-09 17:03:31 t_client.py:477 Control loop (ms): 1.94
DEBUG 2026-06-09 17:03:31 t_client.py:292 Received actions on device: cpu
DEBUG 2026-06-09 17:03:31 t_client.py:302 Actions kept on device: cpu
DEBUG 2026-06-09 17:03:31 t_client.py:477 Control loop (ms): 1.65
DEBUG 2026-06-09 17:03:31 t_client.py:477 Control loop (ms): 1.79
DEBUG 2026-06-09 17:03:31 follower.py:184 follower_right SOFollower read state: 1.9ms
DEBUG 2026-06-09 17:03:31 follower.py:191 follower_right SOFollower read wrist: 0.0ms
DEBUG 2026-06-09 17:03:31 follower.py:184 follower_left SOFollower read state: 2.0ms
DEBUG 2026-06-09 17:03:31 follower.py:191 follower_left SOFollower read wrist: 0.0ms
DEBUG 2026-06-09 17:03:31 t_client.py:198 Observation serialization time: 0.008049s
DEBUG 2026-06-09 17:03:31 ort/utils.py:54 [CLIENT] Observation Buffer size 4.395496368408203 MB with
DEBUG 2026-06-09 17:03:31 ort/utils.py:69 [CLIENT] Observation Sent 2097152/4609012 bytes with state 1
DEBUG 2026-06-09 17:03:31 ort/utils.py:69 [CLIENT] Observation Sent 4194304/4609012 bytes with state 2
DEBUG 2026-06-09 17:03:31 ort/utils.py:69 [CLIENT] Observation Sent 4609012/4609012 bytes with state 3
DEBUG 2026-06-09 17:03:31 ort/utils.py:71 [CLIENT] Observation Published 4.395496368408203 MB
DEBUG 2026-06-09 17:03:31 t_client.py:292 Received actions on device: cpu
DEBUG 2026-06-09 17:03:31 t_client.py:302 Actions kept on device: cpu
DEBUG 2026-06-09 17:03:31 t_client.py:209 Sent observation #24 | 
DEBUG 2026-06-09 17:03:31 t_client.py:434 QUEUE SIZE: 8 (Must go: False)
DEBUG 2026-06-09 17:03:31 t_client.py:477 Control loop (ms): 110.71
DEBUG 2026-06-09 17:03:31 follower.py:184 follower_right SOFollower read state: 2.0ms
DEBUG 2026-06-09 17:03:31 follower.py:191 follower_right SOFollower read wrist: 0.0ms
DEBUG 2026-06-09 17:03:31 follower.py:184 follower_left SOFollower read state: 1.9ms
DEBUG 2026-06-09 17:03:31 follower.py:191 follower_left SOFollower read wrist: 0.0ms
DEBUG 2026-06-09 17:03:31 t_client.py:198 Observation serialization time: 0.008059s
DEBUG 2026-06-09 17:03:31 ort/utils.py:54 [CLIENT] Observation Buffer size 4.395496368408203 MB with
DEBUG 2026-06-09 17:03:31 ort/utils.py:69 [CLIENT] Observation Sent 2097152/4609012 bytes with state 1
DEBUG 2026-06-09 17:03:31 ort/utils.py:69 [CLIENT] Observation Sent 4194304/4609012 bytes with state 2
DEBUG 2026-06-09 17:03:31 ort/utils.py:69 [CLIENT] Observation Sent 4609012/4609012 bytes with state 3
DEBUG 2026-06-09 17:03:31 ort/utils.py:71 [CLIENT] Observation Published 4.395496368408203 MB
DEBUG 2026-06-09 17:03:31 t_client.py:209 Sent observation #25 | 
DEBUG 2026-06-09 17:03:31 t_client.py:434 QUEUE SIZE: 8 (Must go: False)
DEBUG 2026-06-09 17:03:31 t_client.py:477 Control loop (ms): 108.54
DEBUG 2026-06-09 17:03:31 follower.py:184 follower_right SOFollower read state: 7.8ms
DEBUG 2026-06-09 17:03:31 follower.py:191 follower_right SOFollower read wrist: 0.1ms
DEBUG 2026-06-09 17:03:31 t_client.py:292 Received actions on device: cpu
DEBUG 2026-06-09 17:03:31 t_client.py:302 Actions kept on device: cpu
DEBUG 2026-06-09 17:03:31 follower.py:184 follower_left SOFollower read state: 2.5ms
DEBUG 2026-06-09 17:03:31 follower.py:191 follower_left SOFollower read wrist: 0.0ms
DEBUG 2026-06-09 17:03:31 t_client.py:198 Observation serialization time: 0.009416s
DEBUG 2026-06-09 17:03:31 ort/utils.py:54 [CLIENT] Observation Buffer size 4.395496368408203 MB with
DEBUG 2026-06-09 17:03:31 ort/utils.py:69 [CLIENT] Observation Sent 2097152/4609012 bytes with state 1
DEBUG 2026-06-09 17:03:31 ort/utils.py:69 [CLIENT] Observation Sent 4194304/4609012 bytes with state 2
DEBUG 2026-06-09 17:03:31 ort/utils.py:69 [CLIENT] Observation Sent 4609012/4609012 bytes with state 3
DEBUG 2026-06-09 17:03:31 ort/utils.py:71 [CLIENT] Observation Published 4.395496368408203 MB
DEBUG 2026-06-09 17:03:31 t_client.py:292 Received actions on device: cpu
DEBUG 2026-06-09 17:03:31 t_client.py:302 Actions kept on device: cpu
DEBUG 2026-06-09 17:03:31 t_client.py:209 Sent observation #26 | 
DEBUG 2026-06-09 17:03:31 t_client.py:434 QUEUE SIZE: 7 (Must go: False)
DEBUG 2026-06-09 17:03:31 t_client.py:477 Control loop (ms): 136.17
DEBUG 2026-06-09 17:03:31 t_client.py:477 Control loop (ms): 1.80
DEBUG 2026-06-09 17:03:31 t_client.py:477 Control loop (ms): 1.98
DEBUG 2026-06-09 17:03:31 t_client.py:477 Control loop (ms): 1.85
DEBUG 2026-06-09 17:03:31 t_client.py:292 Received actions on device: cpu
DEBUG 2026-06-09 17:03:31 t_client.py:302 Actions kept on device: cpu
DEBUG 2026-06-09 17:03:31 t_client.py:477 Control loop (ms): 2.19
DEBUG 2026-06-09 17:03:31 t_client.py:477 Control loop (ms): 2.14
DEBUG 2026-06-09 17:03:31 t_client.py:477 Control loop (ms): 1.77
DEBUG 2026-06-09 17:03:31 follower.py:184 follower_right SOFollower read state: 2.7ms
DEBUG 2026-06-09 17:03:32 follower.py:191 follower_right SOFollower read wrist: 0.1ms
DEBUG 2026-06-09 17:03:32 follower.py:184 follower_left SOFollower read state: 2.5ms
DEBUG 2026-06-09 17:03:32 follower.py:191 follower_left SOFollower read wrist: 0.0ms
DEBUG 2026-06-09 17:03:32 t_client.py:198 Observation serialization time: 0.006932s
DEBUG 2026-06-09 17:03:32 ort/utils.py:54 [CLIENT] Observation Buffer size 4.395496368408203 MB with
DEBUG 2026-06-09 17:03:32 ort/utils.py:69 [CLIENT] Observation Sent 2097152/4609012 bytes with state 1
DEBUG 2026-06-09 17:03:32 ort/utils.py:69 [CLIENT] Observation Sent 4194304/4609012 bytes with state 2
DEBUG 2026-06-09 17:03:32 ort/utils.py:69 [CLIENT] Observation Sent 4609012/4609012 bytes with state 3
DEBUG 2026-06-09 17:03:32 ort/utils.py:71 [CLIENT] Observation Published 4.395496368408203 MB
DEBUG 2026-06-09 17:03:32 t_client.py:209 Sent observation #33 | 
DEBUG 2026-06-09 17:03:32 t_client.py:434 QUEUE SIZE: 8 (Must go: False)
DEBUG 2026-06-09 17:03:32 t_client.py:477 Control loop (ms): 131.06
DEBUG 2026-06-09 17:03:32 follower.py:184 follower_right SOFollower read state: 2.0ms
DEBUG 2026-06-09 17:03:32 follower.py:191 follower_right SOFollower read wrist: 0.1ms
DEBUG 2026-06-09 17:03:32 follower.py:184 follower_left SOFollower read state: 2.5ms
DEBUG 2026-06-09 17:03:32 follower.py:191 follower_left SOFollower read wrist: 0.0ms
DEBUG 2026-06-09 17:03:32 t_client.py:198 Observation serialization time: 0.008841s
DEBUG 2026-06-09 17:03:32 ort/utils.py:54 [CLIENT] Observation Buffer size 4.395496368408203 MB with
DEBUG 2026-06-09 17:03:32 ort/utils.py:69 [CLIENT] Observation Sent 2097152/4609012 bytes with state 1
DEBUG 2026-06-09 17:03:32 ort/utils.py:69 [CLIENT] Observation Sent 4194304/4609012 bytes with state 2
DEBUG 2026-06-09 17:03:32 ort/utils.py:69 [CLIENT] Observation Sent 4609012/4609012 bytes with state 3
DEBUG 2026-06-09 17:03:32 ort/utils.py:71 [CLIENT] Observation Published 4.395496368408203 MB
DEBUG 2026-06-09 17:03:32 t_client.py:292 Received actions on device: cpu
DEBUG 2026-06-09 17:03:32 t_client.py:302 Actions kept on device: cpu
DEBUG 2026-06-09 17:03:32 t_client.py:209 Sent observation #34 | 
DEBUG 2026-06-09 17:03:32 t_client.py:434 QUEUE SIZE: 7 (Must go: False)
DEBUG 2026-06-09 17:03:32 t_client.py:477 Control loop (ms): 111.58
DEBUG 2026-06-09 17:03:32 t_client.py:477 Control loop (ms): 1.58
DEBUG 2026-06-09 17:03:32 t_client.py:477 Control loop (ms): 1.42
DEBUG 2026-06-09 17:03:32 t_client.py:477 Control loop (ms): 2.46
DEBUG 2026-06-09 17:03:32 t_client.py:292 Received actions on device: cpu
DEBUG 2026-06-09 17:03:32 t_client.py:302 Actions kept on device: cpu
DEBUG 2026-06-09 17:03:32 t_client.py:477 Control loop (ms): 1.82
DEBUG 2026-06-09 17:03:32 t_client.py:477 Control loop (ms): 0.63
DEBUG 2026-06-09 17:03:32 t_client.py:477 Control loop (ms): 3.44
DEBUG 2026-06-09 17:03:32 follower.py:184 follower_right SOFollower read state: 2.3ms
DEBUG 2026-06-09 17:03:32 follower.py:191 follower_right SOFollower read wrist: 0.0ms
DEBUG 2026-06-09 17:03:32 follower.py:184 follower_left SOFollower read state: 2.2ms
DEBUG 2026-06-09 17:03:32 follower.py:191 follower_left SOFollower read wrist: 0.0ms
DEBUG 2026-06-09 17:03:32 t_client.py:198 Observation serialization time: 0.010411s
DEBUG 2026-06-09 17:03:32 ort/utils.py:54 [CLIENT] Observation Buffer size 4.395496368408203 MB with
DEBUG 2026-06-09 17:03:32 ort/utils.py:69 [CLIENT] Observation Sent 2097152/4609012 bytes with state 1
DEBUG 2026-06-09 17:03:32 ort/utils.py:69 [CLIENT] Observation Sent 4194304/4609012 bytes with state 2
DEBUG 2026-06-09 17:03:32 ort/utils.py:69 [CLIENT] Observation Sent 4609012/4609012 bytes with state 3
DEBUG 2026-06-09 17:03:32 ort/utils.py:71 [CLIENT] Observation Published 4.395496368408203 MB
DEBUG 2026-06-09 17:03:32 t_client.py:209 Sent observation #41 | 
DEBUG 2026-06-09 17:03:32 t_client.py:434 QUEUE SIZE: 8 (Must go: False)
DEBUG 2026-06-09 17:03:32 t_client.py:477 Control loop (ms): 132.95
DEBUG 2026-06-09 17:03:32 follower.py:184 follower_right SOFollower read state: 2.3ms
DEBUG 2026-06-09 17:03:32 follower.py:191 follower_right SOFollower read wrist: 0.0ms
DEBUG 2026-06-09 17:03:32 follower.py:184 follower_left SOFollower read state: 2.0ms
DEBUG 2026-06-09 17:03:32 follower.py:191 follower_left SOFollower read wrist: 0.0ms
DEBUG 2026-06-09 17:03:32 t_client.py:198 Observation serialization time: 0.007426s
DEBUG 2026-06-09 17:03:32 ort/utils.py:54 [CLIENT] Observation Buffer size 4.395496368408203 MB with
DEBUG 2026-06-09 17:03:32 ort/utils.py:69 [CLIENT] Observation Sent 2097152/4609012 bytes with state 1
DEBUG 2026-06-09 17:03:32 ort/utils.py:69 [CLIENT] Observation Sent 4194304/4609012 bytes with state 2
DEBUG 2026-06-09 17:03:32 ort/utils.py:69 [CLIENT] Observation Sent 4609012/4609012 bytes with state 3
DEBUG 2026-06-09 17:03:32 ort/utils.py:71 [CLIENT] Observation Published 4.395496368408203 MB
DEBUG 2026-06-09 17:03:32 t_client.py:292 Received actions on device: cpu
DEBUG 2026-06-09 17:03:32 t_client.py:302 Actions kept on device: cpu
DEBUG 2026-06-09 17:03:32 t_client.py:209 Sent observation #42 | 
DEBUG 2026-06-09 17:03:32 t_client.py:434 QUEUE SIZE: 7 (Must go: False)
DEBUG 2026-06-09 17:03:32 t_client.py:477 Control loop (ms): 148.58
DEBUG 2026-06-09 17:03:32 t_client.py:477 Control loop (ms): 0.90
DEBUG 2026-06-09 17:03:32 t_client.py:477 Control loop (ms): 1.43
DEBUG 2026-06-09 17:03:32 t_client.py:477 Control loop (ms): 0.94
DEBUG 2026-06-09 17:03:32 t_client.py:292 Received actions on device: cpu
DEBUG 2026-06-09 17:03:32 t_client.py:302 Actions kept on device: cpu
DEBUG 2026-06-09 17:03:32 t_client.py:477 Control loop (ms): 1.01
DEBUG 2026-06-09 17:03:32 t_client.py:477 Control loop (ms): 2.30
DEBUG 2026-06-09 17:03:32 t_client.py:477 Control loop (ms): 1.74
DEBUG 2026-06-09 17:03:32 follower.py:184 follower_right SOFollower read state: 2.0ms
DEBUG 2026-06-09 17:03:32 follower.py:191 follower_right SOFollower read wrist: 0.0ms
DEBUG 2026-06-09 17:03:32 follower.py:184 follower_left SOFollower read state: 2.0ms
DEBUG 2026-06-09 17:03:32 follower.py:191 follower_left SOFollower read wrist: 0.0ms
DEBUG 2026-06-09 17:03:32 t_client.py:198 Observation serialization time: 0.005876s
DEBUG 2026-06-09 17:03:32 ort/utils.py:54 [CLIENT] Observation Buffer size 4.395496368408203 MB with
DEBUG 2026-06-09 17:03:32 ort/utils.py:69 [CLIENT] Observation Sent 2097152/4609012 bytes with state 1
DEBUG 2026-06-09 17:03:32 ort/utils.py:69 [CLIENT] Observation Sent 4194304/4609012 bytes with state 2
DEBUG 2026-06-09 17:03:32 ort/utils.py:69 [CLIENT] Observation Sent 4609012/4609012 bytes with state 3
DEBUG 2026-06-09 17:03:32 ort/utils.py:71 [CLIENT] Observation Published 4.395496368408203 MB
DEBUG 2026-06-09 17:03:33 t_client.py:209 Sent observation #49 | 
DEBUG 2026-06-09 17:03:33 t_client.py:434 QUEUE SIZE: 8 (Must go: False)
DEBUG 2026-06-09 17:03:33 t_client.py:477 Control loop (ms): 101.15
DEBUG 2026-06-09 17:03:33 follower.py:184 follower_right SOFollower read state: 2.8ms
DEBUG 2026-06-09 17:03:33 follower.py:191 follower_right SOFollower read wrist: 0.1ms
DEBUG 2026-06-09 17:03:33 follower.py:184 follower_left SOFollower read state: 2.2ms
DEBUG 2026-06-09 17:03:33 follower.py:191 follower_left SOFollower read wrist: 0.0ms
DEBUG 2026-06-09 17:03:33 t_client.py:198 Observation serialization time: 0.012722s
DEBUG 2026-06-09 17:03:33 ort/utils.py:54 [CLIENT] Observation Buffer size 4.395496368408203 MB with
DEBUG 2026-06-09 17:03:33 ort/utils.py:69 [CLIENT] Observation Sent 2097152/4609012 bytes with state 1
DEBUG 2026-06-09 17:03:33 ort/utils.py:69 [CLIENT] Observation Sent 4194304/4609012 bytes with state 2
DEBUG 2026-06-09 17:03:33 ort/utils.py:69 [CLIENT] Observation Sent 4609012/4609012 bytes with state 3
DEBUG 2026-06-09 17:03:33 ort/utils.py:71 [CLIENT] Observation Published 4.395496368408203 MB
DEBUG 2026-06-09 17:03:33 t_client.py:292 Received actions on device: cpu
DEBUG 2026-06-09 17:03:33 t_client.py:302 Actions kept on device: cpu
DEBUG 2026-06-09 17:03:33 t_client.py:209 Sent observation #50 | 
DEBUG 2026-06-09 17:03:33 t_client.py:434 QUEUE SIZE: 7 (Must go: False)
DEBUG 2026-06-09 17:03:33 t_client.py:477 Control loop (ms): 121.19
DEBUG 2026-06-09 17:03:33 t_client.py:477 Control loop (ms): 1.23
DEBUG 2026-06-09 17:03:33 t_client.py:477 Control loop (ms): 1.47
DEBUG 2026-06-09 17:03:33 t_client.py:477 Control loop (ms): 1.77
DEBUG 2026-06-09 17:03:33 t_client.py:292 Received actions on device: cpu
DEBUG 2026-06-09 17:03:33 t_client.py:302 Actions kept on device: cpu
DEBUG 2026-06-09 17:03:33 t_client.py:477 Control loop (ms): 1.41
DEBUG 2026-06-09 17:03:33 t_client.py:477 Control loop (ms): 1.92
DEBUG 2026-06-09 17:03:33 t_client.py:477 Control loop (ms): 2.14
DEBUG 2026-06-09 17:03:33 follower.py:184 follower_right SOFollower read state: 1.9ms
DEBUG 2026-06-09 17:03:33 follower.py:191 follower_right SOFollower read wrist: 0.0ms
DEBUG 2026-06-09 17:03:33 follower.py:184 follower_left SOFollower read state: 1.8ms
DEBUG 2026-06-09 17:03:33 follower.py:191 follower_left SOFollower read wrist: 0.0ms
DEBUG 2026-06-09 17:03:33 t_client.py:198 Observation serialization time: 0.005100s
DEBUG 2026-06-09 17:03:33 ort/utils.py:54 [CLIENT] Observation Buffer size 4.395496368408203 MB with
DEBUG 2026-06-09 17:03:33 ort/utils.py:69 [CLIENT] Observation Sent 2097152/4609012 bytes with state 1
DEBUG 2026-06-09 17:03:33 ort/utils.py:69 [CLIENT] Observation Sent 4194304/4609012 bytes with state 2
DEBUG 2026-06-09 17:03:33 ort/utils.py:69 [CLIENT] Observation Sent 4609012/4609012 bytes with state 3
DEBUG 2026-06-09 17:03:33 ort/utils.py:71 [CLIENT] Observation Published 4.395496368408203 MB
DEBUG 2026-06-09 17:03:33 t_client.py:209 Sent observation #57 | 
DEBUG 2026-06-09 17:03:33 t_client.py:434 QUEUE SIZE: 8 (Must go: False)
DEBUG 2026-06-09 17:03:33 t_client.py:477 Control loop (ms): 120.02
DEBUG 2026-06-09 17:03:33 follower.py:184 follower_right SOFollower read state: 2.2ms
DEBUG 2026-06-09 17:03:33 follower.py:191 follower_right SOFollower read wrist: 0.0ms
DEBUG 2026-06-09 17:03:33 follower.py:184 follower_left SOFollower read state: 2.2ms
DEBUG 2026-06-09 17:03:33 follower.py:191 follower_left SOFollower read wrist: 0.0ms
DEBUG 2026-06-09 17:03:33 t_client.py:198 Observation serialization time: 0.007289s
DEBUG 2026-06-09 17:03:33 ort/utils.py:54 [CLIENT] Observation Buffer size 4.395496368408203 MB with
DEBUG 2026-06-09 17:03:33 ort/utils.py:69 [CLIENT] Observation Sent 2097152/4609012 bytes with state 1
DEBUG 2026-06-09 17:03:33 ort/utils.py:69 [CLIENT] Observation Sent 4194304/4609012 bytes with state 2
DEBUG 2026-06-09 17:03:33 ort/utils.py:69 [CLIENT] Observation Sent 4609012/4609012 bytes with state 3
DEBUG 2026-06-09 17:03:33 ort/utils.py:71 [CLIENT] Observation Published 4.395496368408203 MB
DEBUG 2026-06-09 17:03:33 t_client.py:292 Received actions on device: cpu
DEBUG 2026-06-09 17:03:33 t_client.py:302 Actions kept on device: cpu
DEBUG 2026-06-09 17:03:33 t_client.py:209 Sent observation #58 | 
DEBUG 2026-06-09 17:03:33 t_client.py:434 QUEUE SIZE: 7 (Must go: False)
DEBUG 2026-06-09 17:03:33 t_client.py:477 Control loop (ms): 121.96
DEBUG 2026-06-09 17:03:33 t_client.py:477 Control loop (ms): 1.38
DEBUG 2026-06-09 17:03:33 t_client.py:477 Control loop (ms): 1.66
DEBUG 2026-06-09 17:03:33 t_client.py:477 Control loop (ms): 2.03
DEBUG 2026-06-09 17:03:33 t_client.py:292 Received actions on device: cpu
DEBUG 2026-06-09 17:03:33 t_client.py:302 Actions kept on device: cpu
DEBUG 2026-06-09 17:03:33 t_client.py:477 Control loop (ms): 1.64
DEBUG 2026-06-09 17:03:33 t_client.py:477 Control loop (ms): 2.04
DEBUG 2026-06-09 17:03:33 t_client.py:477 Control loop (ms): 2.03
DEBUG 2026-06-09 17:03:33 follower.py:184 follower_right SOFollower read state: 2.4ms
DEBUG 2026-06-09 17:03:33 follower.py:191 follower_right SOFollower read wrist: 0.0ms
DEBUG 2026-06-09 17:03:33 follower.py:184 follower_left SOFollower read state: 2.2ms
DEBUG 2026-06-09 17:03:33 follower.py:191 follower_left SOFollower read wrist: 0.0ms
DEBUG 2026-06-09 17:03:33 t_client.py:198 Observation serialization time: 0.006505s
DEBUG 2026-06-09 17:03:33 ort/utils.py:54 [CLIENT] Observation Buffer size 4.395496368408203 MB with
DEBUG 2026-06-09 17:03:33 ort/utils.py:69 [CLIENT] Observation Sent 2097152/4609012 bytes with state 1
DEBUG 2026-06-09 17:03:33 ort/utils.py:69 [CLIENT] Observation Sent 4194304/4609012 bytes with state 2
DEBUG 2026-06-09 17:03:33 ort/utils.py:69 [CLIENT] Observation Sent 4609012/4609012 bytes with state 3
DEBUG 2026-06-09 17:03:33 ort/utils.py:71 [CLIENT] Observation Published 4.395496368408203 MB
DEBUG 2026-06-09 17:03:33 t_client.py:209 Sent observation #65 | 
DEBUG 2026-06-09 17:03:33 t_client.py:434 QUEUE SIZE: 8 (Must go: False)
DEBUG 2026-06-09 17:03:33 t_client.py:477 Control loop (ms): 98.76
DEBUG 2026-06-09 17:03:33 follower.py:184 follower_right SOFollower read state: 1.9ms
DEBUG 2026-06-09 17:03:33 follower.py:191 follower_right SOFollower read wrist: 0.0ms
DEBUG 2026-06-09 17:03:33 follower.py:184 follower_left SOFollower read state: 2.0ms
DEBUG 2026-06-09 17:03:33 follower.py:191 follower_left SOFollower read wrist: 0.0ms
DEBUG 2026-06-09 17:03:33 t_client.py:198 Observation serialization time: 0.008366s
DEBUG 2026-06-09 17:03:33 ort/utils.py:54 [CLIENT] Observation Buffer size 4.395496368408203 MB with
DEBUG 2026-06-09 17:03:33 ort/utils.py:69 [CLIENT] Observation Sent 2097152/4609012 bytes with state 1
DEBUG 2026-06-09 17:03:33 ort/utils.py:69 [CLIENT] Observation Sent 4194304/4609012 bytes with state 2
DEBUG 2026-06-09 17:03:33 ort/utils.py:69 [CLIENT] Observation Sent 4609012/4609012 bytes with state 3
DEBUG 2026-06-09 17:03:33 ort/utils.py:71 [CLIENT] Observation Published 4.395496368408203 MB
DEBUG 2026-06-09 17:03:33 t_client.py:209 Sent observation #66 | 
DEBUG 2026-06-09 17:03:33 t_client.py:434 QUEUE SIZE: 7 (Must go: False)
DEBUG 2026-06-09 17:03:33 t_client.py:477 Control loop (ms): 107.07
DEBUG 2026-06-09 17:03:33 t_client.py:292 Received actions on device: cpu
DEBUG 2026-06-09 17:03:33 t_client.py:302 Actions kept on device: cpu
DEBUG 2026-06-09 17:03:33 t_client.py:477 Control loop (ms): 2.60
DEBUG 2026-06-09 17:03:34 t_client.py:477 Control loop (ms): 2.76
DEBUG 2026-06-09 17:03:34 t_client.py:477 Control loop (ms): 1.62
DEBUG 2026-06-09 17:03:34 t_client.py:292 Received actions on device: cpu
DEBUG 2026-06-09 17:03:34 t_client.py:302 Actions kept on device: cpu
DEBUG 2026-06-09 17:03:34 t_client.py:477 Control loop (ms): 8.33
DEBUG 2026-06-09 17:03:34 t_client.py:477 Control loop (ms): 2.42
DEBUG 2026-06-09 17:03:34 t_client.py:477 Control loop (ms): 3.21
DEBUG 2026-06-09 17:03:34 t_client.py:477 Control loop (ms): 2.83
DEBUG 2026-06-09 17:03:34 t_client.py:477 Control loop (ms): 1.87
DEBUG 2026-06-09 17:03:34 follower.py:184 follower_right SOFollower read state: 2.4ms
DEBUG 2026-06-09 17:03:34 follower.py:191 follower_right SOFollower read wrist: 0.0ms
DEBUG 2026-06-09 17:03:34 follower.py:184 follower_left SOFollower read state: 2.4ms
DEBUG 2026-06-09 17:03:34 follower.py:191 follower_left SOFollower read wrist: 0.1ms
DEBUG 2026-06-09 17:03:34 t_client.py:198 Observation serialization time: 0.009797s
DEBUG 2026-06-09 17:03:34 ort/utils.py:54 [CLIENT] Observation Buffer size 4.395496368408203 MB with
DEBUG 2026-06-09 17:03:34 ort/utils.py:69 [CLIENT] Observation Sent 2097152/4609012 bytes with state 1
DEBUG 2026-06-09 17:03:34 ort/utils.py:69 [CLIENT] Observation Sent 4194304/4609012 bytes with state 2
DEBUG 2026-06-09 17:03:34 ort/utils.py:69 [CLIENT] Observation Sent 4609012/4609012 bytes with state 3
DEBUG 2026-06-09 17:03:34 ort/utils.py:71 [CLIENT] Observation Published 4.395496368408203 MB
DEBUG 2026-06-09 17:03:34 t_client.py:209 Sent observation #73 | 
DEBUG 2026-06-09 17:03:34 t_client.py:434 QUEUE SIZE: 8 (Must go: False)
DEBUG 2026-06-09 17:03:34 t_client.py:477 Control loop (ms): 141.85
DEBUG 2026-06-09 17:03:34 follower.py:184 follower_right SOFollower read state: 1.7ms
DEBUG 2026-06-09 17:03:34 follower.py:191 follower_right SOFollower read wrist: 0.0ms
DEBUG 2026-06-09 17:03:34 follower.py:184 follower_left SOFollower read state: 1.7ms
DEBUG 2026-06-09 17:03:34 follower.py:191 follower_left SOFollower read wrist: 0.0ms
DEBUG 2026-06-09 17:03:34 t_client.py:198 Observation serialization time: 0.007692s
DEBUG 2026-06-09 17:03:34 ort/utils.py:54 [CLIENT] Observation Buffer size 4.395496368408203 MB with
DEBUG 2026-06-09 17:03:34 ort/utils.py:69 [CLIENT] Observation Sent 2097152/4609012 bytes with state 1
DEBUG 2026-06-09 17:03:34 ort/utils.py:69 [CLIENT] Observation Sent 4194304/4609012 bytes with state 2
DEBUG 2026-06-09 17:03:34 ort/utils.py:69 [CLIENT] Observation Sent 4609012/4609012 bytes with state 3
DEBUG 2026-06-09 17:03:34 ort/utils.py:71 [CLIENT] Observation Published 4.395496368408203 MB
DEBUG 2026-06-09 17:03:34 t_client.py:292 Received actions on device: cpu
DEBUG 2026-06-09 17:03:34 t_client.py:302 Actions kept on device: cpu
DEBUG 2026-06-09 17:03:34 t_client.py:209 Sent observation #74 | 
DEBUG 2026-06-09 17:03:34 t_client.py:434 QUEUE SIZE: 7 (Must go: False)
DEBUG 2026-06-09 17:03:34 t_client.py:477 Control loop (ms): 123.48
DEBUG 2026-06-09 17:03:34 t_client.py:477 Control loop (ms): 1.48
DEBUG 2026-06-09 17:03:34 t_client.py:477 Control loop (ms): 1.49
DEBUG 2026-06-09 17:03:34 t_client.py:477 Control loop (ms): 1.94
DEBUG 2026-06-09 17:03:34 t_client.py:292 Received actions on device: cpu
DEBUG 2026-06-09 17:03:34 t_client.py:302 Actions kept on device: cpu
DEBUG 2026-06-09 17:03:34 t_client.py:477 Control loop (ms): 1.99
DEBUG 2026-06-09 17:03:34 t_client.py:477 Control loop (ms): 1.96
DEBUG 2026-06-09 17:03:34 t_client.py:477 Control loop (ms): 2.07
DEBUG 2026-06-09 17:03:34 follower.py:184 follower_right SOFollower read state: 2.5ms
DEBUG 2026-06-09 17:03:34 follower.py:191 follower_right SOFollower read wrist: 0.0ms
DEBUG 2026-06-09 17:03:34 follower.py:184 follower_left SOFollower read state: 2.0ms
DEBUG 2026-06-09 17:03:34 follower.py:191 follower_left SOFollower read wrist: 0.0ms
DEBUG 2026-06-09 17:03:34 t_client.py:198 Observation serialization time: 0.009867s
DEBUG 2026-06-09 17:03:34 ort/utils.py:54 [CLIENT] Observation Buffer size 4.395496368408203 MB with
DEBUG 2026-06-09 17:03:34 ort/utils.py:69 [CLIENT] Observation Sent 2097152/4609012 bytes with state 1
DEBUG 2026-06-09 17:03:34 ort/utils.py:69 [CLIENT] Observation Sent 4194304/4609012 bytes with state 2
DEBUG 2026-06-09 17:03:34 ort/utils.py:69 [CLIENT] Observation Sent 4609012/4609012 bytes with state 3
DEBUG 2026-06-09 17:03:34 ort/utils.py:71 [CLIENT] Observation Published 4.395496368408203 MB
DEBUG 2026-06-09 17:03:34 t_client.py:209 Sent observation #81 | 
DEBUG 2026-06-09 17:03:34 t_client.py:434 QUEUE SIZE: 8 (Must go: False)
DEBUG 2026-06-09 17:03:34 t_client.py:477 Control loop (ms): 121.59
DEBUG 2026-06-09 17:03:34 follower.py:184 follower_right SOFollower read state: 2.8ms
DEBUG 2026-06-09 17:03:34 follower.py:191 follower_right SOFollower read wrist: 0.1ms
DEBUG 2026-06-09 17:03:34 follower.py:184 follower_left SOFollower read state: 2.5ms
DEBUG 2026-06-09 17:03:34 follower.py:191 follower_left SOFollower read wrist: 0.1ms
DEBUG 2026-06-09 17:03:34 t_client.py:198 Observation serialization time: 0.011065s
DEBUG 2026-06-09 17:03:34 ort/utils.py:54 [CLIENT] Observation Buffer size 4.395496368408203 MB with
DEBUG 2026-06-09 17:03:34 ort/utils.py:69 [CLIENT] Observation Sent 2097152/4609012 bytes with state 1
DEBUG 2026-06-09 17:03:34 ort/utils.py:69 [CLIENT] Observation Sent 4194304/4609012 bytes with state 2
DEBUG 2026-06-09 17:03:34 ort/utils.py:69 [CLIENT] Observation Sent 4609012/4609012 bytes with state 3
DEBUG 2026-06-09 17:03:34 ort/utils.py:71 [CLIENT] Observation Published 4.395496368408203 MB
DEBUG 2026-06-09 17:03:34 t_client.py:292 Received actions on device: cpu
DEBUG 2026-06-09 17:03:34 t_client.py:302 Actions kept on device: cpu
DEBUG 2026-06-09 17:03:34 t_client.py:209 Sent observation #82 | 
DEBUG 2026-06-09 17:03:34 t_client.py:434 QUEUE SIZE: 7 (Must go: False)
DEBUG 2026-06-09 17:03:34 t_client.py:477 Control loop (ms): 121.76
DEBUG 2026-06-09 17:03:34 t_client.py:477 Control loop (ms): 2.91
DEBUG 2026-06-09 17:03:35 t_client.py:477 Control loop (ms): 3.39
DEBUG 2026-06-09 17:03:35 t_client.py:477 Control loop (ms): 2.52
DEBUG 2026-06-09 17:03:35 t_client.py:292 Received actions on device: cpu
DEBUG 2026-06-09 17:03:35 t_client.py:302 Actions kept on device: cpu
DEBUG 2026-06-09 17:03:35 t_client.py:477 Control loop (ms): 2.70
DEBUG 2026-06-09 17:03:35 t_client.py:477 Control loop (ms): 2.27
DEBUG 2026-06-09 17:03:35 t_client.py:477 Control loop (ms): 2.56
DEBUG 2026-06-09 17:03:35 follower.py:184 follower_right SOFollower read state: 1.9ms
DEBUG 2026-06-09 17:03:35 follower.py:191 follower_right SOFollower read wrist: 0.0ms
DEBUG 2026-06-09 17:03:35 follower.py:184 follower_left SOFollower read state: 1.7ms
DEBUG 2026-06-09 17:03:35 follower.py:191 follower_left SOFollower read wrist: 0.0ms
DEBUG 2026-06-09 17:03:35 t_client.py:198 Observation serialization time: 0.008554s
DEBUG 2026-06-09 17:03:35 ort/utils.py:54 [CLIENT] Observation Buffer size 4.395496368408203 MB with
DEBUG 2026-06-09 17:03:35 ort/utils.py:69 [CLIENT] Observation Sent 2097152/4609012 bytes with state 1
DEBUG 2026-06-09 17:03:35 ort/utils.py:69 [CLIENT] Observation Sent 4194304/4609012 bytes with state 2
DEBUG 2026-06-09 17:03:35 ort/utils.py:69 [CLIENT] Observation Sent 4609012/4609012 bytes with state 3
DEBUG 2026-06-09 17:03:35 ort/utils.py:71 [CLIENT] Observation Published 4.395496368408203 MB
DEBUG 2026-06-09 17:03:35 t_client.py:209 Sent observation #89 | 
DEBUG 2026-06-09 17:03:35 t_client.py:434 QUEUE SIZE: 8 (Must go: False)
DEBUG 2026-06-09 17:03:35 t_client.py:477 Control loop (ms): 127.53
DEBUG 2026-06-09 17:03:35 follower.py:184 follower_right SOFollower read state: 1.9ms
DEBUG 2026-06-09 17:03:35 follower.py:191 follower_right SOFollower read wrist: 0.0ms
DEBUG 2026-06-09 17:03:35 follower.py:184 follower_left SOFollower read state: 1.7ms
DEBUG 2026-06-09 17:03:35 follower.py:191 follower_left SOFollower read wrist: 0.0ms
DEBUG 2026-06-09 17:03:35 t_client.py:198 Observation serialization time: 0.008473s
DEBUG 2026-06-09 17:03:35 ort/utils.py:54 [CLIENT] Observation Buffer size 4.395496368408203 MB with
DEBUG 2026-06-09 17:03:35 ort/utils.py:69 [CLIENT] Observation Sent 2097152/4609012 bytes with state 1
DEBUG 2026-06-09 17:03:35 ort/utils.py:69 [CLIENT] Observation Sent 4194304/4609012 bytes with state 2
DEBUG 2026-06-09 17:03:35 ort/utils.py:69 [CLIENT] Observation Sent 4609012/4609012 bytes with state 3
DEBUG 2026-06-09 17:03:35 ort/utils.py:71 [CLIENT] Observation Published 4.395496368408203 MB
DEBUG 2026-06-09 17:03:35 t_client.py:209 Sent observation #90 | 
DEBUG 2026-06-09 17:03:35 t_client.py:434 QUEUE SIZE: 7 (Must go: False)
DEBUG 2026-06-09 17:03:35 t_client.py:477 Control loop (ms): 142.51
DEBUG 2026-06-09 17:03:35 t_client.py:292 Received actions on device: cpu
DEBUG 2026-06-09 17:03:35 t_client.py:302 Actions kept on device: cpu
DEBUG 2026-06-09 17:03:35 t_client.py:477 Control loop (ms): 2.69
DEBUG 2026-06-09 17:03:35 t_client.py:477 Control loop (ms): 2.81
DEBUG 2026-06-09 17:03:35 t_client.py:477 Control loop (ms): 2.53
DEBUG 2026-06-09 17:03:35 t_client.py:292 Received actions on device: cpu
DEBUG 2026-06-09 17:03:35 t_client.py:302 Actions kept on device: cpu
DEBUG 2026-06-09 17:03:35 t_client.py:477 Control loop (ms): 2.37
DEBUG 2026-06-09 17:03:35 t_client.py:477 Control loop (ms): 1.59
DEBUG 2026-06-09 17:03:35 t_client.py:477 Control loop (ms): 1.30
DEBUG 2026-06-09 17:03:35 t_client.py:477 Control loop (ms): 1.38
DEBUG 2026-06-09 17:03:35 t_client.py:477 Control loop (ms): 2.35
DEBUG 2026-06-09 17:03:35 follower.py:184 follower_right SOFollower read state: 2.1ms
DEBUG 2026-06-09 17:03:35 follower.py:191 follower_right SOFollower read wrist: 0.0ms
DEBUG 2026-06-09 17:03:35 follower.py:184 follower_left SOFollower read state: 2.1ms
DEBUG 2026-06-09 17:03:35 follower.py:191 follower_left SOFollower read wrist: 0.0ms
DEBUG 2026-06-09 17:03:35 t_client.py:198 Observation serialization time: 0.010585s
DEBUG 2026-06-09 17:03:35 ort/utils.py:54 [CLIENT] Observation Buffer size 4.395496368408203 MB with
DEBUG 2026-06-09 17:03:35 ort/utils.py:69 [CLIENT] Observation Sent 2097152/4609012 bytes with state 1
DEBUG 2026-06-09 17:03:35 ort/utils.py:69 [CLIENT] Observation Sent 4194304/4609012 bytes with state 2
DEBUG 2026-06-09 17:03:35 ort/utils.py:69 [CLIENT] Observation Sent 4609012/4609012 bytes with state 3
DEBUG 2026-06-09 17:03:35 ort/utils.py:71 [CLIENT] Observation Published 4.395496368408203 MB
DEBUG 2026-06-09 17:03:35 t_client.py:209 Sent observation #97 | 
DEBUG 2026-06-09 17:03:35 t_client.py:434 QUEUE SIZE: 8 (Must go: False)
DEBUG 2026-06-09 17:03:35 t_client.py:477 Control loop (ms): 145.14
DEBUG 2026-06-09 17:03:35 follower.py:184 follower_right SOFollower read state: 3.1ms
DEBUG 2026-06-09 17:03:35 follower.py:191 follower_right SOFollower read wrist: 0.1ms
DEBUG 2026-06-09 17:03:35 follower.py:184 follower_left SOFollower read state: 2.2ms
DEBUG 2026-06-09 17:03:35 follower.py:191 follower_left SOFollower read wrist: 0.0ms
DEBUG 2026-06-09 17:03:35 t_client.py:198 Observation serialization time: 0.006705s
DEBUG 2026-06-09 17:03:35 ort/utils.py:54 [CLIENT] Observation Buffer size 4.395496368408203 MB with
DEBUG 2026-06-09 17:03:35 ort/utils.py:69 [CLIENT] Observation Sent 2097152/4609012 bytes with state 1
DEBUG 2026-06-09 17:03:35 ort/utils.py:69 [CLIENT] Observation Sent 4194304/4609012 bytes with state 2
DEBUG 2026-06-09 17:03:35 ort/utils.py:69 [CLIENT] Observation Sent 4609012/4609012 bytes with state 3
DEBUG 2026-06-09 17:03:35 ort/utils.py:71 [CLIENT] Observation Published 4.395496368408203 MB
DEBUG 2026-06-09 17:03:35 t_client.py:292 Received actions on device: cpu
DEBUG 2026-06-09 17:03:35 t_client.py:302 Actions kept on device: cpu
DEBUG 2026-06-09 17:03:36 t_client.py:209 Sent observation #98 | 
DEBUG 2026-06-09 17:03:36 t_client.py:434 QUEUE SIZE: 7 (Must go: False)
DEBUG 2026-06-09 17:03:36 t_client.py:477 Control loop (ms): 174.72
DEBUG 2026-06-09 17:03:36 t_client.py:477 Control loop (ms): 3.00
DEBUG 2026-06-09 17:03:36 t_client.py:477 Control loop (ms): 1.67
DEBUG 2026-06-09 17:03:36 t_client.py:477 Control loop (ms): 1.92
DEBUG 2026-06-09 17:03:36 t_client.py:292 Received actions on device: cpu
DEBUG 2026-06-09 17:03:36 t_client.py:302 Actions kept on device: cpu
DEBUG 2026-06-09 17:03:36 t_client.py:477 Control loop (ms): 1.62
DEBUG 2026-06-09 17:03:36 t_client.py:477 Control loop (ms): 2.32
DEBUG 2026-06-09 17:03:36 t_client.py:477 Control loop (ms): 2.61
DEBUG 2026-06-09 17:03:36 follower.py:184 follower_right SOFollower read state: 2.6ms
DEBUG 2026-06-09 17:03:36 follower.py:191 follower_right SOFollower read wrist: 0.1ms
DEBUG 2026-06-09 17:03:36 follower.py:184 follower_left SOFollower read state: 2.7ms
DEBUG 2026-06-09 17:03:36 follower.py:191 follower_left SOFollower read wrist: 0.1ms
DEBUG 2026-06-09 17:03:36 t_client.py:198 Observation serialization time: 0.013493s
DEBUG 2026-06-09 17:03:36 ort/utils.py:54 [CLIENT] Observation Buffer size 4.395496368408203 MB with
DEBUG 2026-06-09 17:03:36 ort/utils.py:69 [CLIENT] Observation Sent 2097152/4609012 bytes with state 1
DEBUG 2026-06-09 17:03:36 ort/utils.py:69 [CLIENT] Observation Sent 4194304/4609012 bytes with state 2
DEBUG 2026-06-09 17:03:36 ort/utils.py:69 [CLIENT] Observation Sent 4609012/4609012 bytes with state 3
DEBUG 2026-06-09 17:03:36 ort/utils.py:71 [CLIENT] Observation Published 4.395496368408203 MB
DEBUG 2026-06-09 17:03:36 t_client.py:209 Sent observation #105 | 
DEBUG 2026-06-09 17:03:36 t_client.py:434 QUEUE SIZE: 8 (Must go: False)
DEBUG 2026-06-09 17:03:36 t_client.py:477 Control loop (ms): 152.40
DEBUG 2026-06-09 17:03:36 follower.py:184 follower_right SOFollower read state: 2.6ms
DEBUG 2026-06-09 17:03:36 follower.py:191 follower_right SOFollower read wrist: 0.1ms
DEBUG 2026-06-09 17:03:36 follower.py:184 follower_left SOFollower read state: 2.3ms
DEBUG 2026-06-09 17:03:36 follower.py:191 follower_left SOFollower read wrist: 0.0ms
DEBUG 2026-06-09 17:03:36 t_client.py:198 Observation serialization time: 0.011698s
DEBUG 2026-06-09 17:03:36 ort/utils.py:54 [CLIENT] Observation Buffer size 4.395496368408203 MB with
DEBUG 2026-06-09 17:03:36 ort/utils.py:69 [CLIENT] Observation Sent 2097152/4609012 bytes with state 1
DEBUG 2026-06-09 17:03:36 ort/utils.py:69 [CLIENT] Observation Sent 4194304/4609012 bytes with state 2
DEBUG 2026-06-09 17:03:36 ort/utils.py:69 [CLIENT] Observation Sent 4609012/4609012 bytes with state 3
DEBUG 2026-06-09 17:03:36 ort/utils.py:71 [CLIENT] Observation Published 4.395496368408203 MB
DEBUG 2026-06-09 17:03:36 t_client.py:292 Received actions on device: cpu
DEBUG 2026-06-09 17:03:36 t_client.py:302 Actions kept on device: cpu
DEBUG 2026-06-09 17:03:36 t_client.py:209 Sent observation #106 | 
DEBUG 2026-06-09 17:03:36 t_client.py:434 QUEUE SIZE: 7 (Must go: False)
DEBUG 2026-06-09 17:03:36 t_client.py:477 Control loop (ms): 132.30
DEBUG 2026-06-09 17:03:36 t_client.py:477 Control loop (ms): 1.69
DEBUG 2026-06-09 17:03:36 t_client.py:477 Control loop (ms): 1.75
DEBUG 2026-06-09 17:03:36 t_client.py:477 Control loop (ms): 1.47
DEBUG 2026-06-09 17:03:36 t_client.py:292 Received actions on device: cpu
DEBUG 2026-06-09 17:03:36 t_client.py:302 Actions kept on device: cpu
DEBUG 2026-06-09 17:03:36 t_client.py:477 Control loop (ms): 2.12
DEBUG 2026-06-09 17:03:36 t_client.py:477 Control loop (ms): 1.56
DEBUG 2026-06-09 17:03:36 t_client.py:477 Control loop (ms): 1.78
DEBUG 2026-06-09 17:03:36 follower.py:184 follower_right SOFollower read state: 2.1ms
DEBUG 2026-06-09 17:03:36 follower.py:191 follower_right SOFollower read wrist: 0.0ms
DEBUG 2026-06-09 17:03:36 follower.py:184 follower_left SOFollower read state: 1.8ms
DEBUG 2026-06-09 17:03:36 follower.py:191 follower_left SOFollower read wrist: 0.0ms
DEBUG 2026-06-09 17:03:36 t_client.py:198 Observation serialization time: 0.005109s
DEBUG 2026-06-09 17:03:36 ort/utils.py:54 [CLIENT] Observation Buffer size 4.395496368408203 MB with
DEBUG 2026-06-09 17:03:36 ort/utils.py:69 [CLIENT] Observation Sent 2097152/4609012 bytes with state 1
DEBUG 2026-06-09 17:03:36 ort/utils.py:69 [CLIENT] Observation Sent 4194304/4609012 bytes with state 2
DEBUG 2026-06-09 17:03:36 ort/utils.py:69 [CLIENT] Observation Sent 4609012/4609012 bytes with state 3
DEBUG 2026-06-09 17:03:36 ort/utils.py:71 [CLIENT] Observation Published 4.395496368408203 MB
DEBUG 2026-06-09 17:03:36 t_client.py:209 Sent observation #113 | 
DEBUG 2026-06-09 17:03:36 t_client.py:434 QUEUE SIZE: 8 (Must go: False)
DEBUG 2026-06-09 17:03:36 t_client.py:477 Control loop (ms): 117.45
DEBUG 2026-06-09 17:03:36 follower.py:184 follower_right SOFollower read state: 2.0ms
DEBUG 2026-06-09 17:03:36 follower.py:191 follower_right SOFollower read wrist: 0.0ms
DEBUG 2026-06-09 17:03:36 follower.py:184 follower_left SOFollower read state: 2.1ms
DEBUG 2026-06-09 17:03:36 follower.py:191 follower_left SOFollower read wrist: 0.0ms
DEBUG 2026-06-09 17:03:36 t_client.py:198 Observation serialization time: 0.007421s
DEBUG 2026-06-09 17:03:36 ort/utils.py:54 [CLIENT] Observation Buffer size 4.395496368408203 MB with
DEBUG 2026-06-09 17:03:36 ort/utils.py:69 [CLIENT] Observation Sent 2097152/4609012 bytes with state 1
DEBUG 2026-06-09 17:03:36 ort/utils.py:69 [CLIENT] Observation Sent 4194304/4609012 bytes with state 2
DEBUG 2026-06-09 17:03:36 ort/utils.py:69 [CLIENT] Observation Sent 4609012/4609012 bytes with state 3
DEBUG 2026-06-09 17:03:36 ort/utils.py:71 [CLIENT] Observation Published 4.395496368408203 MB
DEBUG 2026-06-09 17:03:36 t_client.py:292 Received actions on device: cpu
DEBUG 2026-06-09 17:03:36 t_client.py:302 Actions kept on device: cpu
DEBUG 2026-06-09 17:03:36 t_client.py:209 Sent observation #114 | 
DEBUG 2026-06-09 17:03:36 t_client.py:434 QUEUE SIZE: 7 (Must go: False)
DEBUG 2026-06-09 17:03:36 t_client.py:477 Control loop (ms): 123.86
DEBUG 2026-06-09 17:03:36 t_client.py:477 Control loop (ms): 1.62
DEBUG 2026-06-09 17:03:37 t_client.py:477 Control loop (ms): 2.22
DEBUG 2026-06-09 17:03:37 t_client.py:477 Control loop (ms): 2.44
DEBUG 2026-06-09 17:03:37 t_client.py:292 Received actions on device: cpu
DEBUG 2026-06-09 17:03:37 t_client.py:302 Actions kept on device: cpu
DEBUG 2026-06-09 17:03:37 t_client.py:477 Control loop (ms): 3.04
DEBUG 2026-06-09 17:03:37 t_client.py:477 Control loop (ms): 1.92
DEBUG 2026-06-09 17:03:37 t_client.py:477 Control loop (ms): 2.72
DEBUG 2026-06-09 17:03:37 t_client.py:477 Control loop (ms): 1.94
DEBUG 2026-06-09 17:03:37 follower.py:184 follower_right SOFollower read state: 2.1ms
DEBUG 2026-06-09 17:03:37 follower.py:191 follower_right SOFollower read wrist: 0.0ms
DEBUG 2026-06-09 17:03:37 follower.py:184 follower_left SOFollower read state: 1.8ms
DEBUG 2026-06-09 17:03:37 follower.py:191 follower_left SOFollower read wrist: 0.0ms
DEBUG 2026-06-09 17:03:37 t_client.py:198 Observation serialization time: 0.008312s
DEBUG 2026-06-09 17:03:37 ort/utils.py:54 [CLIENT] Observation Buffer size 4.395496368408203 MB with
DEBUG 2026-06-09 17:03:37 ort/utils.py:69 [CLIENT] Observation Sent 2097152/4609012 bytes with state 1
DEBUG 2026-06-09 17:03:37 ort/utils.py:69 [CLIENT] Observation Sent 4194304/4609012 bytes with state 2
DEBUG 2026-06-09 17:03:37 ort/utils.py:69 [CLIENT] Observation Sent 4609012/4609012 bytes with state 3
DEBUG 2026-06-09 17:03:37 ort/utils.py:71 [CLIENT] Observation Published 4.395496368408203 MB
DEBUG 2026-06-09 17:03:37 t_client.py:209 Sent observation #121 | 
DEBUG 2026-06-09 17:03:37 t_client.py:434 QUEUE SIZE: 8 (Must go: False)
DEBUG 2026-06-09 17:03:37 t_client.py:477 Control loop (ms): 115.21
DEBUG 2026-06-09 17:03:37 follower.py:184 follower_right SOFollower read state: 1.6ms
DEBUG 2026-06-09 17:03:37 follower.py:191 follower_right SOFollower read wrist: 0.0ms
DEBUG 2026-06-09 17:03:37 follower.py:184 follower_left SOFollower read state: 1.7ms
DEBUG 2026-06-09 17:03:37 follower.py:191 follower_left SOFollower read wrist: 0.0ms
DEBUG 2026-06-09 17:03:37 t_client.py:198 Observation serialization time: 0.005618s
DEBUG 2026-06-09 17:03:37 ort/utils.py:54 [CLIENT] Observation Buffer size 4.395496368408203 MB with
DEBUG 2026-06-09 17:03:37 ort/utils.py:69 [CLIENT] Observation Sent 2097152/4609012 bytes with state 1
DEBUG 2026-06-09 17:03:37 ort/utils.py:69 [CLIENT] Observation Sent 4194304/4609012 bytes with state 2
DEBUG 2026-06-09 17:03:37 ort/utils.py:69 [CLIENT] Observation Sent 4609012/4609012 bytes with state 3
DEBUG 2026-06-09 17:03:37 ort/utils.py:71 [CLIENT] Observation Published 4.395496368408203 MB
DEBUG 2026-06-09 17:03:37 t_client.py:209 Sent observation #122 | 
DEBUG 2026-06-09 17:03:37 t_client.py:434 QUEUE SIZE: 7 (Must go: False)
DEBUG 2026-06-09 17:03:37 t_client.py:477 Control loop (ms): 109.26
DEBUG 2026-06-09 17:03:37 t_client.py:292 Received actions on device: cpu
DEBUG 2026-06-09 17:03:37 t_client.py:302 Actions kept on device: cpu
DEBUG 2026-06-09 17:03:37 follower.py:184 follower_right SOFollower read state: 2.4ms
DEBUG 2026-06-09 17:03:37 follower.py:191 follower_right SOFollower read wrist: 0.0ms
DEBUG 2026-06-09 17:03:37 follower.py:184 follower_left SOFollower read state: 1.7ms
DEBUG 2026-06-09 17:03:37 follower.py:191 follower_left SOFollower read wrist: 0.0ms
DEBUG 2026-06-09 17:03:37 t_client.py:198 Observation serialization time: 0.007808s
DEBUG 2026-06-09 17:03:37 ort/utils.py:54 [CLIENT] Observation Buffer size 4.395496368408203 MB with
DEBUG 2026-06-09 17:03:37 ort/utils.py:69 [CLIENT] Observation Sent 2097152/4609012 bytes with state 1
DEBUG 2026-06-09 17:03:37 ort/utils.py:69 [CLIENT] Observation Sent 4194304/4609012 bytes with state 2
DEBUG 2026-06-09 17:03:37 ort/utils.py:69 [CLIENT] Observation Sent 4609012/4609012 bytes with state 3
DEBUG 2026-06-09 17:03:37 ort/utils.py:71 [CLIENT] Observation Published 4.395496368408203 MB
DEBUG 2026-06-09 17:03:37 t_client.py:209 Sent observation #123 | 
DEBUG 2026-06-09 17:03:37 t_client.py:434 QUEUE SIZE: 13 (Must go: False)
DEBUG 2026-06-09 17:03:37 t_client.py:477 Control loop (ms): 102.71
DEBUG 2026-06-09 17:03:37 t_client.py:477 Control loop (ms): 7.27
DEBUG 2026-06-09 17:03:37 t_client.py:292 Received actions on device: cpu
DEBUG 2026-06-09 17:03:37 t_client.py:302 Actions kept on device: cpu
DEBUG 2026-06-09 17:03:37 t_client.py:477 Control loop (ms): 3.31
DEBUG 2026-06-09 17:03:37 t_client.py:477 Control loop (ms): 3.52
DEBUG 2026-06-09 17:03:37 t_client.py:477 Control loop (ms): 3.50
DEBUG 2026-06-09 17:03:37 t_client.py:292 Received actions on device: cpu
DEBUG 2026-06-09 17:03:37 t_client.py:302 Actions kept on device: cpu
DEBUG 2026-06-09 17:03:37 t_client.py:477 Control loop (ms): 2.36
DEBUG 2026-06-09 17:03:37 t_client.py:477 Control loop (ms): 2.53
DEBUG 2026-06-09 17:03:37 follower.py:184 follower_right SOFollower read state: 2.4ms
DEBUG 2026-06-09 17:03:37 follower.py:191 follower_right SOFollower read wrist: 0.1ms
DEBUG 2026-06-09 17:03:37 follower.py:184 follower_left SOFollower read state: 2.0ms
DEBUG 2026-06-09 17:03:37 follower.py:191 follower_left SOFollower read wrist: 0.0ms
DEBUG 2026-06-09 17:03:37 t_client.py:198 Observation serialization time: 0.008158s
DEBUG 2026-06-09 17:03:37 ort/utils.py:54 [CLIENT] Observation Buffer size 4.395496368408203 MB with
DEBUG 2026-06-09 17:03:37 ort/utils.py:69 [CLIENT] Observation Sent 2097152/4609012 bytes with state 1
DEBUG 2026-06-09 17:03:37 ort/utils.py:69 [CLIENT] Observation Sent 4194304/4609012 bytes with state 2
DEBUG 2026-06-09 17:03:37 ort/utils.py:69 [CLIENT] Observation Sent 4609012/4609012 bytes with state 3
DEBUG 2026-06-09 17:03:37 ort/utils.py:71 [CLIENT] Observation Published 4.395496368408203 MB
DEBUG 2026-06-09 17:03:37 t_client.py:209 Sent observation #130 | 
DEBUG 2026-06-09 17:03:37 t_client.py:434 QUEUE SIZE: 8 (Must go: False)
DEBUG 2026-06-09 17:03:37 t_client.py:477 Control loop (ms): 130.75
DEBUG 2026-06-09 17:03:37 follower.py:184 follower_right SOFollower read state: 1.8ms
DEBUG 2026-06-09 17:03:37 follower.py:191 follower_right SOFollower read wrist: 0.0ms
DEBUG 2026-06-09 17:03:37 follower.py:184 follower_left SOFollower read state: 1.9ms
DEBUG 2026-06-09 17:03:37 follower.py:191 follower_left SOFollower read wrist: 0.0ms
DEBUG 2026-06-09 17:03:37 t_client.py:198 Observation serialization time: 0.007968s
DEBUG 2026-06-09 17:03:37 ort/utils.py:54 [CLIENT] Observation Buffer size 4.395496368408203 MB with
DEBUG 2026-06-09 17:03:37 ort/utils.py:69 [CLIENT] Observation Sent 2097152/4609012 bytes with state 1
DEBUG 2026-06-09 17:03:37 ort/utils.py:69 [CLIENT] Observation Sent 4194304/4609012 bytes with state 2
DEBUG 2026-06-09 17:03:37 ort/utils.py:69 [CLIENT] Observation Sent 4609012/4609012 bytes with state 3
DEBUG 2026-06-09 17:03:37 ort/utils.py:71 [CLIENT] Observation Published 4.395496368408203 MB
DEBUG 2026-06-09 17:03:37 t_client.py:292 Received actions on device: cpu
DEBUG 2026-06-09 17:03:37 t_client.py:302 Actions kept on device: cpu
DEBUG 2026-06-09 17:03:38 t_client.py:209 Sent observation #131 | 
DEBUG 2026-06-09 17:03:38 t_client.py:434 QUEUE SIZE: 7 (Must go: False)
DEBUG 2026-06-09 17:03:38 t_client.py:477 Control loop (ms): 148.38
DEBUG 2026-06-09 17:03:38 t_client.py:477 Control loop (ms): 1.51
DEBUG 2026-06-09 17:03:38 t_client.py:477 Control loop (ms): 1.90
DEBUG 2026-06-09 17:03:38 t_client.py:477 Control loop (ms): 2.05
DEBUG 2026-06-09 17:03:38 t_client.py:292 Received actions on device: cpu
DEBUG 2026-06-09 17:03:38 t_client.py:302 Actions kept on device: cpu
DEBUG 2026-06-09 17:03:38 t_client.py:477 Control loop (ms): 2.12
DEBUG 2026-06-09 17:03:38 t_client.py:477 Control loop (ms): 1.84
DEBUG 2026-06-09 17:03:38 t_client.py:477 Control loop (ms): 2.14
DEBUG 2026-06-09 17:03:38 follower.py:184 follower_right SOFollower read state: 2.3ms
DEBUG 2026-06-09 17:03:38 follower.py:191 follower_right SOFollower read wrist: 0.0ms
DEBUG 2026-06-09 17:03:38 follower.py:184 follower_left SOFollower read state: 2.4ms
DEBUG 2026-06-09 17:03:38 follower.py:191 follower_left SOFollower read wrist: 0.0ms
DEBUG 2026-06-09 17:03:38 t_client.py:198 Observation serialization time: 0.008625s
DEBUG 2026-06-09 17:03:38 ort/utils.py:54 [CLIENT] Observation Buffer size 4.395496368408203 MB with
DEBUG 2026-06-09 17:03:38 ort/utils.py:69 [CLIENT] Observation Sent 2097152/4609012 bytes with state 1
DEBUG 2026-06-09 17:03:38 ort/utils.py:69 [CLIENT] Observation Sent 4194304/4609012 bytes with state 2
DEBUG 2026-06-09 17:03:38 ort/utils.py:69 [CLIENT] Observation Sent 4609012/4609012 bytes with state 3
DEBUG 2026-06-09 17:03:38 ort/utils.py:71 [CLIENT] Observation Published 4.395496368408203 MB
DEBUG 2026-06-09 17:03:38 t_client.py:209 Sent observation #138 | 
DEBUG 2026-06-09 17:03:38 t_client.py:434 QUEUE SIZE: 8 (Must go: False)
DEBUG 2026-06-09 17:03:38 t_client.py:477 Control loop (ms): 119.67
DEBUG 2026-06-09 17:03:38 follower.py:184 follower_right SOFollower read state: 2.8ms
DEBUG 2026-06-09 17:03:38 follower.py:191 follower_right SOFollower read wrist: 0.0ms
DEBUG 2026-06-09 17:03:38 follower.py:184 follower_left SOFollower read state: 2.0ms
DEBUG 2026-06-09 17:03:38 follower.py:191 follower_left SOFollower read wrist: 0.0ms
DEBUG 2026-06-09 17:03:38 t_client.py:198 Observation serialization time: 0.009407s
DEBUG 2026-06-09 17:03:38 ort/utils.py:54 [CLIENT] Observation Buffer size 4.395496368408203 MB with
DEBUG 2026-06-09 17:03:38 ort/utils.py:69 [CLIENT] Observation Sent 2097152/4609012 bytes with state 1
DEBUG 2026-06-09 17:03:38 ort/utils.py:69 [CLIENT] Observation Sent 4194304/4609012 bytes with state 2
DEBUG 2026-06-09 17:03:38 ort/utils.py:69 [CLIENT] Observation Sent 4609012/4609012 bytes with state 3
DEBUG 2026-06-09 17:03:38 ort/utils.py:71 [CLIENT] Observation Published 4.395496368408203 MB
DEBUG 2026-06-09 17:03:38 t_client.py:209 Sent observation #139 | 
DEBUG 2026-06-09 17:03:38 t_client.py:434 QUEUE SIZE: 7 (Must go: False)
DEBUG 2026-06-09 17:03:38 t_client.py:477 Control loop (ms): 127.15
DEBUG 2026-06-09 17:03:38 t_client.py:292 Received actions on device: cpu
DEBUG 2026-06-09 17:03:38 t_client.py:302 Actions kept on device: cpu
DEBUG 2026-06-09 17:03:38 follower.py:184 follower_right SOFollower read state: 2.3ms
DEBUG 2026-06-09 17:03:38 follower.py:191 follower_right SOFollower read wrist: 0.0ms
DEBUG 2026-06-09 17:03:38 follower.py:184 follower_left SOFollower read state: 1.6ms
DEBUG 2026-06-09 17:03:38 follower.py:191 follower_left SOFollower read wrist: 0.0ms
DEBUG 2026-06-09 17:03:38 t_client.py:198 Observation serialization time: 0.005894s
DEBUG 2026-06-09 17:03:38 ort/utils.py:54 [CLIENT] Observation Buffer size 4.395496368408203 MB with
DEBUG 2026-06-09 17:03:38 ort/utils.py:69 [CLIENT] Observation Sent 2097152/4609012 bytes with state 1
DEBUG 2026-06-09 17:03:38 ort/utils.py:69 [CLIENT] Observation Sent 4194304/4609012 bytes with state 2
DEBUG 2026-06-09 17:03:38 ort/utils.py:69 [CLIENT] Observation Sent 4609012/4609012 bytes with state 3
DEBUG 2026-06-09 17:03:38 ort/utils.py:71 [CLIENT] Observation Published 4.395496368408203 MB
DEBUG 2026-06-09 17:03:38 t_client.py:209 Sent observation #140 | 
DEBUG 2026-06-09 17:03:38 t_client.py:434 QUEUE SIZE: 13 (Must go: False)
DEBUG 2026-06-09 17:03:38 t_client.py:477 Control loop (ms): 123.58
DEBUG 2026-06-09 17:03:38 t_client.py:477 Control loop (ms): 2.74
DEBUG 2026-06-09 17:03:38 t_client.py:292 Received actions on device: cpu
DEBUG 2026-06-09 17:03:38 t_client.py:302 Actions kept on device: cpu
DEBUG 2026-06-09 17:03:38 t_client.py:477 Control loop (ms): 2.69
DEBUG 2026-06-09 17:03:38 t_client.py:477 Control loop (ms): 2.03
DEBUG 2026-06-09 17:03:38 t_client.py:477 Control loop (ms): 2.12
DEBUG 2026-06-09 17:03:38 t_client.py:477 Control loop (ms): 1.94
DEBUG 2026-06-09 17:03:38 follower.py:184 follower_right SOFollower read state: 2.0ms
DEBUG 2026-06-09 17:03:38 follower.py:191 follower_right SOFollower read wrist: 0.0ms
DEBUG 2026-06-09 17:03:38 follower.py:184 follower_left SOFollower read state: 1.9ms
DEBUG 2026-06-09 17:03:38 follower.py:191 follower_left SOFollower read wrist: 0.0ms
DEBUG 2026-06-09 17:03:38 t_client.py:198 Observation serialization time: 0.011471s
DEBUG 2026-06-09 17:03:38 ort/utils.py:54 [CLIENT] Observation Buffer size 4.395496368408203 MB with
DEBUG 2026-06-09 17:03:38 ort/utils.py:69 [CLIENT] Observation Sent 2097152/4609012 bytes with state 1
DEBUG 2026-06-09 17:03:38 ort/utils.py:69 [CLIENT] Observation Sent 4194304/4609012 bytes with state 2
DEBUG 2026-06-09 17:03:38 ort/utils.py:69 [CLIENT] Observation Sent 4609012/4609012 bytes with state 3
DEBUG 2026-06-09 17:03:38 ort/utils.py:71 [CLIENT] Observation Published 4.395496368408203 MB
DEBUG 2026-06-09 17:03:38 t_client.py:209 Sent observation #146 | 
DEBUG 2026-06-09 17:03:38 t_client.py:434 QUEUE SIZE: 8 (Must go: False)
DEBUG 2026-06-09 17:03:38 t_client.py:477 Control loop (ms): 123.02
DEBUG 2026-06-09 17:03:38 follower.py:184 follower_right SOFollower read state: 1.8ms
DEBUG 2026-06-09 17:03:38 follower.py:191 follower_right SOFollower read wrist: 0.0ms
DEBUG 2026-06-09 17:03:38 follower.py:184 follower_left SOFollower read state: 1.8ms
DEBUG 2026-06-09 17:03:38 follower.py:191 follower_left SOFollower read wrist: 0.0ms
DEBUG 2026-06-09 17:03:38 t_client.py:198 Observation serialization time: 0.008700s
DEBUG 2026-06-09 17:03:38 ort/utils.py:54 [CLIENT] Observation Buffer size 4.395496368408203 MB with
DEBUG 2026-06-09 17:03:38 ort/utils.py:69 [CLIENT] Observation Sent 2097152/4609012 bytes with state 1
DEBUG 2026-06-09 17:03:38 ort/utils.py:69 [CLIENT] Observation Sent 4194304/4609012 bytes with state 2
DEBUG 2026-06-09 17:03:38 ort/utils.py:69 [CLIENT] Observation Sent 4609012/4609012 bytes with state 3
DEBUG 2026-06-09 17:03:38 ort/utils.py:71 [CLIENT] Observation Published 4.395496368408203 MB
DEBUG 2026-06-09 17:03:38 t_client.py:292 Received actions on device: cpu
DEBUG 2026-06-09 17:03:38 t_client.py:302 Actions kept on device: cpu
DEBUG 2026-06-09 17:03:39 t_client.py:209 Sent observation #147 | 
DEBUG 2026-06-09 17:03:39 t_client.py:434 QUEUE SIZE: 7 (Must go: False)
DEBUG 2026-06-09 17:03:39 t_client.py:477 Control loop (ms): 129.29
DEBUG 2026-06-09 17:03:39 t_client.py:477 Control loop (ms): 2.20
DEBUG 2026-06-09 17:03:39 t_client.py:477 Control loop (ms): 2.14
DEBUG 2026-06-09 17:03:39 t_client.py:477 Control loop (ms): 1.98
DEBUG 2026-06-09 17:03:39 t_client.py:292 Received actions on device: cpu
DEBUG 2026-06-09 17:03:39 t_client.py:302 Actions kept on device: cpu
DEBUG 2026-06-09 17:03:39 t_client.py:477 Control loop (ms): 1.20
DEBUG 2026-06-09 17:03:39 t_client.py:477 Control loop (ms): 3.11
DEBUG 2026-06-09 17:03:39 t_client.py:477 Control loop (ms): 2.77
DEBUG 2026-06-09 17:03:39 follower.py:184 follower_right SOFollower read state: 2.8ms
DEBUG 2026-06-09 17:03:39 follower.py:191 follower_right SOFollower read wrist: 0.1ms
DEBUG 2026-06-09 17:03:39 follower.py:184 follower_left SOFollower read state: 2.6ms
DEBUG 2026-06-09 17:03:39 follower.py:191 follower_left SOFollower read wrist: 0.0ms
DEBUG 2026-06-09 17:03:39 t_client.py:198 Observation serialization time: 0.007367s
DEBUG 2026-06-09 17:03:39 ort/utils.py:54 [CLIENT] Observation Buffer size 4.395496368408203 MB with
DEBUG 2026-06-09 17:03:39 ort/utils.py:69 [CLIENT] Observation Sent 2097152/4609012 bytes with state 1
DEBUG 2026-06-09 17:03:39 ort/utils.py:69 [CLIENT] Observation Sent 4194304/4609012 bytes with state 2
DEBUG 2026-06-09 17:03:39 ort/utils.py:69 [CLIENT] Observation Sent 4609012/4609012 bytes with state 3
DEBUG 2026-06-09 17:03:39 ort/utils.py:71 [CLIENT] Observation Published 4.395496368408203 MB
DEBUG 2026-06-09 17:03:39 t_client.py:209 Sent observation #154 | 
DEBUG 2026-06-09 17:03:39 t_client.py:434 QUEUE SIZE: 8 (Must go: False)
DEBUG 2026-06-09 17:03:39 t_client.py:477 Control loop (ms): 105.52
DEBUG 2026-06-09 17:03:39 follower.py:184 follower_right SOFollower read state: 2.0ms
DEBUG 2026-06-09 17:03:39 follower.py:191 follower_right SOFollower read wrist: 0.0ms
DEBUG 2026-06-09 17:03:39 follower.py:184 follower_left SOFollower read state: 2.1ms
DEBUG 2026-06-09 17:03:39 follower.py:191 follower_left SOFollower read wrist: 0.0ms
DEBUG 2026-06-09 17:03:39 t_client.py:198 Observation serialization time: 0.008811s
DEBUG 2026-06-09 17:03:39 ort/utils.py:54 [CLIENT] Observation Buffer size 4.395496368408203 MB with
DEBUG 2026-06-09 17:03:39 ort/utils.py:69 [CLIENT] Observation Sent 2097152/4609012 bytes with state 1
DEBUG 2026-06-09 17:03:39 ort/utils.py:69 [CLIENT] Observation Sent 4194304/4609012 bytes with state 2
DEBUG 2026-06-09 17:03:39 ort/utils.py:69 [CLIENT] Observation Sent 4609012/4609012 bytes with state 3
DEBUG 2026-06-09 17:03:39 ort/utils.py:71 [CLIENT] Observation Published 4.395496368408203 MB
DEBUG 2026-06-09 17:03:39 t_client.py:209 Sent observation #155 | 
DEBUG 2026-06-09 17:03:39 t_client.py:434 QUEUE SIZE: 7 (Must go: False)
DEBUG 2026-06-09 17:03:39 t_client.py:477 Control loop (ms): 102.70
DEBUG 2026-06-09 17:03:39 t_client.py:292 Received actions on device: cpu
DEBUG 2026-06-09 17:03:39 t_client.py:302 Actions kept on device: cpu
DEBUG 2026-06-09 17:03:39 follower.py:184 follower_right SOFollower read state: 2.1ms
DEBUG 2026-06-09 17:03:39 follower.py:191 follower_right SOFollower read wrist: 0.1ms
DEBUG 2026-06-09 17:03:39 follower.py:184 follower_left SOFollower read state: 1.8ms
DEBUG 2026-06-09 17:03:39 follower.py:191 follower_left SOFollower read wrist: 0.0ms
DEBUG 2026-06-09 17:03:39 t_client.py:198 Observation serialization time: 0.006794s
DEBUG 2026-06-09 17:03:39 ort/utils.py:54 [CLIENT] Observation Buffer size 4.395496368408203 MB with
DEBUG 2026-06-09 17:03:39 ort/utils.py:69 [CLIENT] Observation Sent 2097152/4609012 bytes with state 1
DEBUG 2026-06-09 17:03:39 ort/utils.py:69 [CLIENT] Observation Sent 4194304/4609012 bytes with state 2
DEBUG 2026-06-09 17:03:39 ort/utils.py:69 [CLIENT] Observation Sent 4609012/4609012 bytes with state 3
DEBUG 2026-06-09 17:03:39 ort/utils.py:71 [CLIENT] Observation Published 4.395496368408203 MB
DEBUG 2026-06-09 17:03:39 t_client.py:292 Received actions on device: cpu
DEBUG 2026-06-09 17:03:39 t_client.py:302 Actions kept on device: cpu
DEBUG 2026-06-09 17:03:39 t_client.py:209 Sent observation #156 | 
DEBUG 2026-06-09 17:03:39 t_client.py:434 QUEUE SIZE: 13 (Must go: False)
DEBUG 2026-06-09 17:03:39 t_client.py:477 Control loop (ms): 120.49
DEBUG 2026-06-09 17:03:39 t_client.py:477 Control loop (ms): 1.71
DEBUG 2026-06-09 17:03:39 t_client.py:477 Control loop (ms): 2.29
DEBUG 2026-06-09 17:03:39 t_client.py:477 Control loop (ms): 2.75
DEBUG 2026-06-09 17:03:39 t_client.py:292 Received actions on device: cpu
DEBUG 2026-06-09 17:03:39 t_client.py:302 Actions kept on device: cpu
DEBUG 2026-06-09 17:03:39 t_client.py:477 Control loop (ms): 1.65
DEBUG 2026-06-09 17:03:39 t_client.py:477 Control loop (ms): 1.77
DEBUG 2026-06-09 17:03:39 t_client.py:477 Control loop (ms): 1.84
DEBUG 2026-06-09 17:03:39 follower.py:184 follower_right SOFollower read state: 2.2ms
DEBUG 2026-06-09 17:03:39 follower.py:191 follower_right SOFollower read wrist: 0.0ms
DEBUG 2026-06-09 17:03:39 follower.py:184 follower_left SOFollower read state: 2.0ms
DEBUG 2026-06-09 17:03:39 follower.py:191 follower_left SOFollower read wrist: 0.0ms
DEBUG 2026-06-09 17:03:39 t_client.py:198 Observation serialization time: 0.009166s
DEBUG 2026-06-09 17:03:39 ort/utils.py:54 [CLIENT] Observation Buffer size 4.395496368408203 MB with
DEBUG 2026-06-09 17:03:39 ort/utils.py:69 [CLIENT] Observation Sent 2097152/4609012 bytes with state 1
DEBUG 2026-06-09 17:03:39 ort/utils.py:69 [CLIENT] Observation Sent 4194304/4609012 bytes with state 2
DEBUG 2026-06-09 17:03:39 ort/utils.py:69 [CLIENT] Observation Sent 4609012/4609012 bytes with state 3
DEBUG 2026-06-09 17:03:39 ort/utils.py:71 [CLIENT] Observation Published 4.395496368408203 MB
DEBUG 2026-06-09 17:03:39 t_client.py:209 Sent observation #163 | 
DEBUG 2026-06-09 17:03:39 t_client.py:434 QUEUE SIZE: 8 (Must go: False)
DEBUG 2026-06-09 17:03:39 t_client.py:477 Control loop (ms): 101.47
DEBUG 2026-06-09 17:03:39 follower.py:184 follower_right SOFollower read state: 1.8ms
DEBUG 2026-06-09 17:03:39 follower.py:191 follower_right SOFollower read wrist: 0.0ms
DEBUG 2026-06-09 17:03:39 follower.py:184 follower_left SOFollower read state: 1.7ms
DEBUG 2026-06-09 17:03:39 follower.py:191 follower_left SOFollower read wrist: 0.0ms
DEBUG 2026-06-09 17:03:39 t_client.py:198 Observation serialization time: 0.006358s
DEBUG 2026-06-09 17:03:39 ort/utils.py:54 [CLIENT] Observation Buffer size 4.395496368408203 MB with
DEBUG 2026-06-09 17:03:39 ort/utils.py:69 [CLIENT] Observation Sent 2097152/4609012 bytes with state 1
DEBUG 2026-06-09 17:03:39 ort/utils.py:69 [CLIENT] Observation Sent 4194304/4609012 bytes with state 2
DEBUG 2026-06-09 17:03:39 ort/utils.py:69 [CLIENT] Observation Sent 4609012/4609012 bytes with state 3
DEBUG 2026-06-09 17:03:39 ort/utils.py:71 [CLIENT] Observation Published 4.395496368408203 MB
DEBUG 2026-06-09 17:03:39 t_client.py:292 Received actions on device: cpu
DEBUG 2026-06-09 17:03:39 t_client.py:302 Actions kept on device: cpu
DEBUG 2026-06-09 17:03:39 t_client.py:209 Sent observation #164 | 
DEBUG 2026-06-09 17:03:39 t_client.py:434 QUEUE SIZE: 7 (Must go: False)
DEBUG 2026-06-09 17:03:39 t_client.py:477 Control loop (ms): 142.24
DEBUG 2026-06-09 17:03:39 t_client.py:477 Control loop (ms): 1.95
DEBUG 2026-06-09 17:03:40 t_client.py:477 Control loop (ms): 2.05
DEBUG 2026-06-09 17:03:40 t_client.py:477 Control loop (ms): 2.21
DEBUG 2026-06-09 17:03:40 t_client.py:292 Received actions on device: cpu
DEBUG 2026-06-09 17:03:40 t_client.py:302 Actions kept on device: cpu
DEBUG 2026-06-09 17:03:40 t_client.py:477 Control loop (ms): 2.11
DEBUG 2026-06-09 17:03:40 t_client.py:477 Control loop (ms): 2.03
DEBUG 2026-06-09 17:03:40 t_client.py:477 Control loop (ms): 1.93
DEBUG 2026-06-09 17:03:40 follower.py:184 follower_right SOFollower read state: 2.1ms
DEBUG 2026-06-09 17:03:40 follower.py:191 follower_right SOFollower read wrist: 0.0ms
DEBUG 2026-06-09 17:03:40 follower.py:184 follower_left SOFollower read state: 2.3ms
DEBUG 2026-06-09 17:03:40 follower.py:191 follower_left SOFollower read wrist: 0.0ms
DEBUG 2026-06-09 17:03:40 t_client.py:198 Observation serialization time: 0.009993s
DEBUG 2026-06-09 17:03:40 ort/utils.py:54 [CLIENT] Observation Buffer size 4.395496368408203 MB with
DEBUG 2026-06-09 17:03:40 ort/utils.py:69 [CLIENT] Observation Sent 2097152/4609012 bytes with state 1
DEBUG 2026-06-09 17:03:40 ort/utils.py:69 [CLIENT] Observation Sent 4194304/4609012 bytes with state 2
DEBUG 2026-06-09 17:03:40 ort/utils.py:69 [CLIENT] Observation Sent 4609012/4609012 bytes with state 3
DEBUG 2026-06-09 17:03:40 ort/utils.py:71 [CLIENT] Observation Published 4.395496368408203 MB
DEBUG 2026-06-09 17:03:40 t_client.py:209 Sent observation #171 | 
DEBUG 2026-06-09 17:03:40 t_client.py:434 QUEUE SIZE: 8 (Must go: False)
DEBUG 2026-06-09 17:03:40 t_client.py:477 Control loop (ms): 113.88
DEBUG 2026-06-09 17:03:40 follower.py:184 follower_right SOFollower read state: 2.6ms
DEBUG 2026-06-09 17:03:40 follower.py:191 follower_right SOFollower read wrist: 0.0ms
DEBUG 2026-06-09 17:03:40 follower.py:184 follower_left SOFollower read state: 1.9ms
DEBUG 2026-06-09 17:03:40 follower.py:191 follower_left SOFollower read wrist: 0.0ms
DEBUG 2026-06-09 17:03:40 t_client.py:198 Observation serialization time: 0.009827s
DEBUG 2026-06-09 17:03:40 ort/utils.py:54 [CLIENT] Observation Buffer size 4.395496368408203 MB with
DEBUG 2026-06-09 17:03:40 ort/utils.py:69 [CLIENT] Observation Sent 2097152/4609012 bytes with state 1
DEBUG 2026-06-09 17:03:40 ort/utils.py:69 [CLIENT] Observation Sent 4194304/4609012 bytes with state 2
DEBUG 2026-06-09 17:03:40 ort/utils.py:69 [CLIENT] Observation Sent 4609012/4609012 bytes with state 3
DEBUG 2026-06-09 17:03:40 ort/utils.py:71 [CLIENT] Observation Published 4.395496368408203 MB
DEBUG 2026-06-09 17:03:40 t_client.py:209 Sent observation #172 | 
DEBUG 2026-06-09 17:03:40 t_client.py:434 QUEUE SIZE: 7 (Must go: False)
DEBUG 2026-06-09 17:03:40 t_client.py:477 Control loop (ms): 154.86
DEBUG 2026-06-09 17:03:40 t_client.py:292 Received actions on device: cpu
DEBUG 2026-06-09 17:03:40 t_client.py:302 Actions kept on device: cpu
DEBUG 2026-06-09 17:03:40 follower.py:184 follower_right SOFollower read state: 2.2ms
DEBUG 2026-06-09 17:03:40 follower.py:191 follower_right SOFollower read wrist: 0.0ms
DEBUG 2026-06-09 17:03:40 follower.py:184 follower_left SOFollower read state: 1.9ms
DEBUG 2026-06-09 17:03:40 follower.py:191 follower_left SOFollower read wrist: 0.0ms
DEBUG 2026-06-09 17:03:40 t_client.py:198 Observation serialization time: 0.003964s
DEBUG 2026-06-09 17:03:40 ort/utils.py:54 [CLIENT] Observation Buffer size 4.395496368408203 MB with
DEBUG 2026-06-09 17:03:40 ort/utils.py:69 [CLIENT] Observation Sent 2097152/4609012 bytes with state 1
DEBUG 2026-06-09 17:03:40 ort/utils.py:69 [CLIENT] Observation Sent 4194304/4609012 bytes with state 2
DEBUG 2026-06-09 17:03:40 ort/utils.py:69 [CLIENT] Observation Sent 4609012/4609012 bytes with state 3
DEBUG 2026-06-09 17:03:40 ort/utils.py:71 [CLIENT] Observation Published 4.395496368408203 MB
DEBUG 2026-06-09 17:03:40 t_client.py:209 Sent observation #173 | 
DEBUG 2026-06-09 17:03:40 t_client.py:434 QUEUE SIZE: 14 (Must go: False)
DEBUG 2026-06-09 17:03:40 t_client.py:477 Control loop (ms): 114.59
DEBUG 2026-06-09 17:03:40 t_client.py:477 Control loop (ms): 2.72
DEBUG 2026-06-09 17:03:40 t_client.py:292 Received actions on device: cpu
DEBUG 2026-06-09 17:03:40 t_client.py:302 Actions kept on device: cpu
DEBUG 2026-06-09 17:03:40 t_client.py:477 Control loop (ms): 1.46
DEBUG 2026-06-09 17:03:40 t_client.py:477 Control loop (ms): 1.85
DEBUG 2026-06-09 17:03:40 t_client.py:292 Received actions on device: cpu
DEBUG 2026-06-09 17:03:40 t_client.py:302 Actions kept on device: cpu
DEBUG 2026-06-09 17:03:40 t_client.py:477 Control loop (ms): 5.99
DEBUG 2026-06-09 17:03:40 t_client.py:477 Control loop (ms): 1.98
DEBUG 2026-06-09 17:03:40 t_client.py:477 Control loop (ms): 2.11
DEBUG 2026-06-09 17:03:40 t_client.py:477 Control loop (ms): 2.26
DEBUG 2026-06-09 17:03:40 follower.py:184 follower_right SOFollower read state: 2.4ms
DEBUG 2026-06-09 17:03:40 follower.py:191 follower_right SOFollower read wrist: 0.0ms
DEBUG 2026-06-09 17:03:40 follower.py:184 follower_left SOFollower read state: 2.8ms
DEBUG 2026-06-09 17:03:40 follower.py:191 follower_left SOFollower read wrist: 0.1ms
DEBUG 2026-06-09 17:03:40 t_client.py:198 Observation serialization time: 0.009116s
DEBUG 2026-06-09 17:03:40 ort/utils.py:54 [CLIENT] Observation Buffer size 4.395496368408203 MB with
DEBUG 2026-06-09 17:03:40 ort/utils.py:69 [CLIENT] Observation Sent 2097152/4609012 bytes with state 1
DEBUG 2026-06-09 17:03:40 ort/utils.py:69 [CLIENT] Observation Sent 4194304/4609012 bytes with state 2
DEBUG 2026-06-09 17:03:40 ort/utils.py:69 [CLIENT] Observation Sent 4609012/4609012 bytes with state 3
DEBUG 2026-06-09 17:03:40 ort/utils.py:71 [CLIENT] Observation Published 4.395496368408203 MB
DEBUG 2026-06-09 17:03:40 t_client.py:209 Sent observation #180 | 
DEBUG 2026-06-09 17:03:40 t_client.py:434 QUEUE SIZE: 8 (Must go: False)
DEBUG 2026-06-09 17:03:40 t_client.py:477 Control loop (ms): 115.82
DEBUG 2026-06-09 17:03:40 follower.py:184 follower_right SOFollower read state: 2.3ms
DEBUG 2026-06-09 17:03:40 follower.py:191 follower_right SOFollower read wrist: 0.0ms
DEBUG 2026-06-09 17:03:40 follower.py:184 follower_left SOFollower read state: 2.3ms
DEBUG 2026-06-09 17:03:40 follower.py:191 follower_left SOFollower read wrist: 0.0ms
DEBUG 2026-06-09 17:03:40 t_client.py:198 Observation serialization time: 0.010101s
DEBUG 2026-06-09 17:03:40 ort/utils.py:54 [CLIENT] Observation Buffer size 4.395496368408203 MB with
DEBUG 2026-06-09 17:03:40 ort/utils.py:69 [CLIENT] Observation Sent 2097152/4609012 bytes with state 1
DEBUG 2026-06-09 17:03:41 ort/utils.py:69 [CLIENT] Observation Sent 4194304/4609012 bytes with state 2
DEBUG 2026-06-09 17:03:41 ort/utils.py:69 [CLIENT] Observation Sent 4609012/4609012 bytes with state 3
DEBUG 2026-06-09 17:03:41 ort/utils.py:71 [CLIENT] Observation Published 4.395496368408203 MB
DEBUG 2026-06-09 17:03:41 t_client.py:209 Sent observation #181 | 
DEBUG 2026-06-09 17:03:41 t_client.py:434 QUEUE SIZE: 7 (Must go: False)
DEBUG 2026-06-09 17:03:41 t_client.py:477 Control loop (ms): 134.12
DEBUG 2026-06-09 17:03:41 follower.py:184 follower_right SOFollower read state: 3.3ms
DEBUG 2026-06-09 17:03:41 follower.py:191 follower_right SOFollower read wrist: 0.0ms
DEBUG 2026-06-09 17:03:41 t_client.py:292 Received actions on device: cpu
DEBUG 2026-06-09 17:03:41 t_client.py:302 Actions kept on device: cpu
DEBUG 2026-06-09 17:03:41 follower.py:184 follower_left SOFollower read state: 2.1ms
DEBUG 2026-06-09 17:03:41 follower.py:191 follower_left SOFollower read wrist: 0.0ms
DEBUG 2026-06-09 17:03:41 t_client.py:198 Observation serialization time: 0.008020s
DEBUG 2026-06-09 17:03:41 ort/utils.py:54 [CLIENT] Observation Buffer size 4.395496368408203 MB with
DEBUG 2026-06-09 17:03:41 ort/utils.py:69 [CLIENT] Observation Sent 2097152/4609012 bytes with state 1
DEBUG 2026-06-09 17:03:41 ort/utils.py:69 [CLIENT] Observation Sent 4194304/4609012 bytes with state 2
DEBUG 2026-06-09 17:03:41 ort/utils.py:69 [CLIENT] Observation Sent 4609012/4609012 bytes with state 3
DEBUG 2026-06-09 17:03:41 ort/utils.py:71 [CLIENT] Observation Published 4.395496368408203 MB
DEBUG 2026-06-09 17:03:41 t_client.py:209 Sent observation #182 | 
DEBUG 2026-06-09 17:03:41 t_client.py:434 QUEUE SIZE: 13 (Must go: False)
DEBUG 2026-06-09 17:03:41 t_client.py:477 Control loop (ms): 112.40
DEBUG 2026-06-09 17:03:41 t_client.py:477 Control loop (ms): 6.41
DEBUG 2026-06-09 17:03:41 t_client.py:292 Received actions on device: cpu
DEBUG 2026-06-09 17:03:41 t_client.py:302 Actions kept on device: cpu
DEBUG 2026-06-09 17:03:41 t_client.py:477 Control loop (ms): 2.08
DEBUG 2026-06-09 17:03:41 t_client.py:477 Control loop (ms): 1.93
DEBUG 2026-06-09 17:03:41 t_client.py:477 Control loop (ms): 4.40
DEBUG 2026-06-09 17:03:41 t_client.py:292 Received actions on device: cpu
DEBUG 2026-06-09 17:03:41 t_client.py:302 Actions kept on device: cpu
DEBUG 2026-06-09 17:03:41 t_client.py:477 Control loop (ms): 2.34
DEBUG 2026-06-09 17:03:41 t_client.py:477 Control loop (ms): 2.15
DEBUG 2026-06-09 17:03:41 follower.py:184 follower_right SOFollower read state: 2.7ms
DEBUG 2026-06-09 17:03:41 follower.py:191 follower_right SOFollower read wrist: 0.1ms
DEBUG 2026-06-09 17:03:41 follower.py:184 follower_left SOFollower read state: 2.6ms
DEBUG 2026-06-09 17:03:41 follower.py:191 follower_left SOFollower read wrist: 0.0ms
DEBUG 2026-06-09 17:03:41 t_client.py:198 Observation serialization time: 0.007664s
DEBUG 2026-06-09 17:03:41 ort/utils.py:54 [CLIENT] Observation Buffer size 4.395496368408203 MB with
DEBUG 2026-06-09 17:03:41 ort/utils.py:69 [CLIENT] Observation Sent 2097152/4609012 bytes with state 1
DEBUG 2026-06-09 17:03:41 ort/utils.py:69 [CLIENT] Observation Sent 4194304/4609012 bytes with state 2
DEBUG 2026-06-09 17:03:41 ort/utils.py:69 [CLIENT] Observation Sent 4609012/4609012 bytes with state 3
DEBUG 2026-06-09 17:03:41 ort/utils.py:71 [CLIENT] Observation Published 4.395496368408203 MB
DEBUG 2026-06-09 17:03:41 t_client.py:209 Sent observation #189 | 
DEBUG 2026-06-09 17:03:41 t_client.py:434 QUEUE SIZE: 8 (Must go: False)
DEBUG 2026-06-09 17:03:41 t_client.py:477 Control loop (ms): 129.54
DEBUG 2026-06-09 17:03:41 follower.py:184 follower_right SOFollower read state: 1.7ms
DEBUG 2026-06-09 17:03:41 follower.py:191 follower_right SOFollower read wrist: 0.0ms
DEBUG 2026-06-09 17:03:41 follower.py:184 follower_left SOFollower read state: 1.7ms
DEBUG 2026-06-09 17:03:41 follower.py:191 follower_left SOFollower read wrist: 0.0ms
DEBUG 2026-06-09 17:03:41 t_client.py:198 Observation serialization time: 0.004760s
DEBUG 2026-06-09 17:03:41 ort/utils.py:54 [CLIENT] Observation Buffer size 4.395496368408203 MB with
DEBUG 2026-06-09 17:03:41 ort/utils.py:69 [CLIENT] Observation Sent 2097152/4609012 bytes with state 1
DEBUG 2026-06-09 17:03:41 ort/utils.py:69 [CLIENT] Observation Sent 4194304/4609012 bytes with state 2
DEBUG 2026-06-09 17:03:41 ort/utils.py:69 [CLIENT] Observation Sent 4609012/4609012 bytes with state 3
DEBUG 2026-06-09 17:03:41 ort/utils.py:71 [CLIENT] Observation Published 4.395496368408203 MB
DEBUG 2026-06-09 17:03:41 t_client.py:292 Received actions on device: cpu
DEBUG 2026-06-09 17:03:41 t_client.py:302 Actions kept on device: cpu
DEBUG 2026-06-09 17:03:41 t_client.py:209 Sent observation #190 | 
DEBUG 2026-06-09 17:03:41 t_client.py:434 QUEUE SIZE: 7 (Must go: False)
DEBUG 2026-06-09 17:03:41 t_client.py:477 Control loop (ms): 117.54
DEBUG 2026-06-09 17:03:41 t_client.py:477 Control loop (ms): 1.77
DEBUG 2026-06-09 17:03:41 t_client.py:477 Control loop (ms): 2.18
DEBUG 2026-06-09 17:03:41 t_client.py:477 Control loop (ms): 1.95
DEBUG 2026-06-09 17:03:41 t_client.py:292 Received actions on device: cpu
DEBUG 2026-06-09 17:03:41 t_client.py:477 Control loop (ms): 3.40
DEBUG 2026-06-09 17:03:41 t_client.py:302 Actions kept on device: cpu
DEBUG 2026-06-09 17:03:41 t_client.py:477 Control loop (ms): 1.32
DEBUG 2026-06-09 17:03:41 t_client.py:477 Control loop (ms): 1.02
DEBUG 2026-06-09 17:03:41 t_client.py:477 Control loop (ms): 1.54
DEBUG 2026-06-09 17:03:41 follower.py:184 follower_right SOFollower read state: 2.2ms
DEBUG 2026-06-09 17:03:41 follower.py:191 follower_right SOFollower read wrist: 0.0ms
DEBUG 2026-06-09 17:03:41 follower.py:184 follower_left SOFollower read state: 2.1ms
DEBUG 2026-06-09 17:03:41 follower.py:191 follower_left SOFollower read wrist: 0.0ms
DEBUG 2026-06-09 17:03:41 t_client.py:198 Observation serialization time: 0.007925s
DEBUG 2026-06-09 17:03:41 ort/utils.py:54 [CLIENT] Observation Buffer size 4.395496368408203 MB with
DEBUG 2026-06-09 17:03:41 ort/utils.py:69 [CLIENT] Observation Sent 2097152/4609012 bytes with state 1
DEBUG 2026-06-09 17:03:41 ort/utils.py:69 [CLIENT] Observation Sent 4194304/4609012 bytes with state 2
DEBUG 2026-06-09 17:03:41 ort/utils.py:69 [CLIENT] Observation Sent 4609012/4609012 bytes with state 3
DEBUG 2026-06-09 17:03:41 ort/utils.py:71 [CLIENT] Observation Published 4.395496368408203 MB
DEBUG 2026-06-09 17:03:41 t_client.py:209 Sent observation #197 | 
DEBUG 2026-06-09 17:03:41 t_client.py:434 QUEUE SIZE: 8 (Must go: False)
DEBUG 2026-06-09 17:03:41 t_client.py:477 Control loop (ms): 113.61
DEBUG 2026-06-09 17:03:41 follower.py:184 follower_right SOFollower read state: 2.1ms
DEBUG 2026-06-09 17:03:41 follower.py:191 follower_right SOFollower read wrist: 0.0ms
DEBUG 2026-06-09 17:03:41 follower.py:184 follower_left SOFollower read state: 2.5ms
DEBUG 2026-06-09 17:03:41 follower.py:191 follower_left SOFollower read wrist: 0.0ms
DEBUG 2026-06-09 17:03:41 t_client.py:198 Observation serialization time: 0.010608s
DEBUG 2026-06-09 17:03:41 ort/utils.py:54 [CLIENT] Observation Buffer size 4.395496368408203 MB with
DEBUG 2026-06-09 17:03:41 ort/utils.py:69 [CLIENT] Observation Sent 2097152/4609012 bytes with state 1
DEBUG 2026-06-09 17:03:42 ort/utils.py:69 [CLIENT] Observation Sent 4194304/4609012 bytes with state 2
DEBUG 2026-06-09 17:03:42 ort/utils.py:69 [CLIENT] Observation Sent 4609012/4609012 bytes with state 3
DEBUG 2026-06-09 17:03:42 ort/utils.py:71 [CLIENT] Observation Published 4.395496368408203 MB
DEBUG 2026-06-09 17:03:42 t_client.py:292 Received actions on device: cpu
DEBUG 2026-06-09 17:03:42 t_client.py:302 Actions kept on device: cpu
DEBUG 2026-06-09 17:03:42 t_client.py:209 Sent observation #198 | 
DEBUG 2026-06-09 17:03:42 t_client.py:434 QUEUE SIZE: 7 (Must go: False)
DEBUG 2026-06-09 17:03:42 t_client.py:477 Control loop (ms): 127.41
DEBUG 2026-06-09 17:03:42 t_client.py:477 Control loop (ms): 1.29
DEBUG 2026-06-09 17:03:42 t_client.py:477 Control loop (ms): 1.91
DEBUG 2026-06-09 17:03:42 t_client.py:477 Control loop (ms): 2.18
DEBUG 2026-06-09 17:03:42 t_client.py:292 Received actions on device: cpu
DEBUG 2026-06-09 17:03:42 t_client.py:302 Actions kept on device: cpu
DEBUG 2026-06-09 17:03:42 t_client.py:477 Control loop (ms): 1.68
DEBUG 2026-06-09 17:03:42 t_client.py:477 Control loop (ms): 2.40
DEBUG 2026-06-09 17:03:42 t_client.py:477 Control loop (ms): 2.08
DEBUG 2026-06-09 17:03:42 follower.py:184 follower_right SOFollower read state: 2.1ms
DEBUG 2026-06-09 17:03:42 follower.py:191 follower_right SOFollower read wrist: 0.0ms
DEBUG 2026-06-09 17:03:42 follower.py:184 follower_left SOFollower read state: 2.0ms
DEBUG 2026-06-09 17:03:42 follower.py:191 follower_left SOFollower read wrist: 0.0ms
DEBUG 2026-06-09 17:03:42 t_client.py:198 Observation serialization time: 0.011115s
DEBUG 2026-06-09 17:03:42 ort/utils.py:54 [CLIENT] Observation Buffer size 4.395496368408203 MB with
DEBUG 2026-06-09 17:03:42 ort/utils.py:69 [CLIENT] Observation Sent 2097152/4609012 bytes with state 1
DEBUG 2026-06-09 17:03:42 ort/utils.py:69 [CLIENT] Observation Sent 4194304/4609012 bytes with state 2
DEBUG 2026-06-09 17:03:42 ort/utils.py:69 [CLIENT] Observation Sent 4609012/4609012 bytes with state 3
DEBUG 2026-06-09 17:03:42 ort/utils.py:71 [CLIENT] Observation Published 4.395496368408203 MB
DEBUG 2026-06-09 17:03:42 t_client.py:209 Sent observation #205 | 
DEBUG 2026-06-09 17:03:42 t_client.py:434 QUEUE SIZE: 8 (Must go: False)
DEBUG 2026-06-09 17:03:42 t_client.py:477 Control loop (ms): 132.58
DEBUG 2026-06-09 17:03:42 follower.py:184 follower_right SOFollower read state: 2.4ms
DEBUG 2026-06-09 17:03:42 follower.py:191 follower_right SOFollower read wrist: 0.1ms
DEBUG 2026-06-09 17:03:42 follower.py:184 follower_left SOFollower read state: 2.1ms
DEBUG 2026-06-09 17:03:42 follower.py:191 follower_left SOFollower read wrist: 0.0ms
DEBUG 2026-06-09 17:03:42 t_client.py:198 Observation serialization time: 0.009045s
DEBUG 2026-06-09 17:03:42 ort/utils.py:54 [CLIENT] Observation Buffer size 4.395496368408203 MB with
DEBUG 2026-06-09 17:03:42 ort/utils.py:69 [CLIENT] Observation Sent 2097152/4609012 bytes with state 1
DEBUG 2026-06-09 17:03:42 ort/utils.py:69 [CLIENT] Observation Sent 4194304/4609012 bytes with state 2
DEBUG 2026-06-09 17:03:42 ort/utils.py:69 [CLIENT] Observation Sent 4609012/4609012 bytes with state 3
DEBUG 2026-06-09 17:03:42 ort/utils.py:71 [CLIENT] Observation Published 4.395496368408203 MB
DEBUG 2026-06-09 17:03:42 t_client.py:292 Received actions on device: cpu
DEBUG 2026-06-09 17:03:42 t_client.py:302 Actions kept on device: cpu
DEBUG 2026-06-09 17:03:42 t_client.py:209 Sent observation #206 | 
DEBUG 2026-06-09 17:03:42 t_client.py:434 QUEUE SIZE: 7 (Must go: False)
DEBUG 2026-06-09 17:03:42 t_client.py:477 Control loop (ms): 176.95
DEBUG 2026-06-09 17:03:42 t_client.py:477 Control loop (ms): 2.05
DEBUG 2026-06-09 17:03:42 t_client.py:477 Control loop (ms): 3.00
DEBUG 2026-06-09 17:03:42 t_client.py:477 Control loop (ms): 4.81
DEBUG 2026-06-09 17:03:42 t_client.py:292 Received actions on device: cpu
DEBUG 2026-06-09 17:03:42 t_client.py:302 Actions kept on device: cpu
DEBUG 2026-06-09 17:03:42 t_client.py:477 Control loop (ms): 1.88
DEBUG 2026-06-09 17:03:42 t_client.py:477 Control loop (ms): 2.55
DEBUG 2026-06-09 17:03:42 t_client.py:477 Control loop (ms): 1.85
DEBUG 2026-06-09 17:03:42 follower.py:184 follower_right SOFollower read state: 2.4ms
DEBUG 2026-06-09 17:03:42 follower.py:191 follower_right SOFollower read wrist: 0.0ms
DEBUG 2026-06-09 17:03:42 follower.py:184 follower_left SOFollower read state: 2.3ms
DEBUG 2026-06-09 17:03:42 follower.py:191 follower_left SOFollower read wrist: 0.0ms
DEBUG 2026-06-09 17:03:42 t_client.py:198 Observation serialization time: 0.009019s
DEBUG 2026-06-09 17:03:42 ort/utils.py:54 [CLIENT] Observation Buffer size 4.395496368408203 MB with
DEBUG 2026-06-09 17:03:42 ort/utils.py:69 [CLIENT] Observation Sent 2097152/4609012 bytes with state 1
DEBUG 2026-06-09 17:03:42 ort/utils.py:69 [CLIENT] Observation Sent 4194304/4609012 bytes with state 2
DEBUG 2026-06-09 17:03:42 ort/utils.py:69 [CLIENT] Observation Sent 4609012/4609012 bytes with state 3
DEBUG 2026-06-09 17:03:42 ort/utils.py:71 [CLIENT] Observation Published 4.395496368408203 MB
DEBUG 2026-06-09 17:03:42 t_client.py:209 Sent observation #213 | 
DEBUG 2026-06-09 17:03:42 t_client.py:434 QUEUE SIZE: 8 (Must go: False)
DEBUG 2026-06-09 17:03:42 t_client.py:477 Control loop (ms): 150.67
DEBUG 2026-06-09 17:03:42 follower.py:184 follower_right SOFollower read state: 1.8ms
DEBUG 2026-06-09 17:03:42 follower.py:191 follower_right SOFollower read wrist: 0.0ms
DEBUG 2026-06-09 17:03:42 follower.py:184 follower_left SOFollower read state: 1.7ms
DEBUG 2026-06-09 17:03:42 follower.py:191 follower_left SOFollower read wrist: 0.0ms
DEBUG 2026-06-09 17:03:42 t_client.py:198 Observation serialization time: 0.006953s
DEBUG 2026-06-09 17:03:42 ort/utils.py:54 [CLIENT] Observation Buffer size 4.395496368408203 MB with
DEBUG 2026-06-09 17:03:42 ort/utils.py:69 [CLIENT] Observation Sent 2097152/4609012 bytes with state 1
DEBUG 2026-06-09 17:03:43 ort/utils.py:69 [CLIENT] Observation Sent 4194304/4609012 bytes with state 2
DEBUG 2026-06-09 17:03:43 ort/utils.py:69 [CLIENT] Observation Sent 4609012/4609012 bytes with state 3
DEBUG 2026-06-09 17:03:43 ort/utils.py:71 [CLIENT] Observation Published 4.395496368408203 MB
DEBUG 2026-06-09 17:03:43 t_client.py:292 Received actions on device: cpu
DEBUG 2026-06-09 17:03:43 t_client.py:302 Actions kept on device: cpu
DEBUG 2026-06-09 17:03:43 t_client.py:209 Sent observation #214 | 
DEBUG 2026-06-09 17:03:43 t_client.py:434 QUEUE SIZE: 7 (Must go: False)
DEBUG 2026-06-09 17:03:43 t_client.py:477 Control loop (ms): 116.94
DEBUG 2026-06-09 17:03:43 t_client.py:477 Control loop (ms): 1.31
DEBUG 2026-06-09 17:03:43 t_client.py:477 Control loop (ms): 1.30
DEBUG 2026-06-09 17:03:43 t_client.py:477 Control loop (ms): 1.25
DEBUG 2026-06-09 17:03:43 t_client.py:292 Received actions on device: cpu
DEBUG 2026-06-09 17:03:43 t_client.py:302 Actions kept on device: cpu
DEBUG 2026-06-09 17:03:43 t_client.py:477 Control loop (ms): 1.45
DEBUG 2026-06-09 17:03:43 t_client.py:477 Control loop (ms): 2.06
DEBUG 2026-06-09 17:03:43 t_client.py:477 Control loop (ms): 2.63
DEBUG 2026-06-09 17:03:43 follower.py:184 follower_right SOFollower read state: 2.3ms
DEBUG 2026-06-09 17:03:43 follower.py:191 follower_right SOFollower read wrist: 0.0ms
DEBUG 2026-06-09 17:03:43 follower.py:184 follower_left SOFollower read state: 2.4ms
DEBUG 2026-06-09 17:03:43 follower.py:191 follower_left SOFollower read wrist: 0.0ms
DEBUG 2026-06-09 17:03:43 t_client.py:198 Observation serialization time: 0.006579s
DEBUG 2026-06-09 17:03:43 ort/utils.py:54 [CLIENT] Observation Buffer size 4.395496368408203 MB with
DEBUG 2026-06-09 17:03:43 ort/utils.py:69 [CLIENT] Observation Sent 2097152/4609012 bytes with state 1
DEBUG 2026-06-09 17:03:43 ort/utils.py:69 [CLIENT] Observation Sent 4194304/4609012 bytes with state 2
DEBUG 2026-06-09 17:03:43 ort/utils.py:69 [CLIENT] Observation Sent 4609012/4609012 bytes with state 3
DEBUG 2026-06-09 17:03:43 ort/utils.py:71 [CLIENT] Observation Published 4.395496368408203 MB
DEBUG 2026-06-09 17:03:43 t_client.py:209 Sent observation #221 | 
DEBUG 2026-06-09 17:03:43 t_client.py:434 QUEUE SIZE: 8 (Must go: False)
DEBUG 2026-06-09 17:03:43 t_client.py:477 Control loop (ms): 96.82
DEBUG 2026-06-09 17:03:43 follower.py:184 follower_right SOFollower read state: 1.9ms
DEBUG 2026-06-09 17:03:43 follower.py:191 follower_right SOFollower read wrist: 0.0ms
DEBUG 2026-06-09 17:03:43 follower.py:184 follower_left SOFollower read state: 1.8ms
DEBUG 2026-06-09 17:03:43 follower.py:191 follower_left SOFollower read wrist: 0.0ms
DEBUG 2026-06-09 17:03:43 t_client.py:198 Observation serialization time: 0.009542s
DEBUG 2026-06-09 17:03:43 ort/utils.py:54 [CLIENT] Observation Buffer size 4.395496368408203 MB with
DEBUG 2026-06-09 17:03:43 ort/utils.py:69 [CLIENT] Observation Sent 2097152/4609012 bytes with state 1
DEBUG 2026-06-09 17:03:43 ort/utils.py:69 [CLIENT] Observation Sent 4194304/4609012 bytes with state 2
DEBUG 2026-06-09 17:03:43 ort/utils.py:69 [CLIENT] Observation Sent 4609012/4609012 bytes with state 3
DEBUG 2026-06-09 17:03:43 ort/utils.py:71 [CLIENT] Observation Published 4.395496368408203 MB
DEBUG 2026-06-09 17:03:43 t_client.py:209 Sent observation #222 | 
DEBUG 2026-06-09 17:03:43 t_client.py:434 QUEUE SIZE: 7 (Must go: False)
DEBUG 2026-06-09 17:03:43 t_client.py:477 Control loop (ms): 121.26
DEBUG 2026-06-09 17:03:43 t_client.py:292 Received actions on device: cpu
DEBUG 2026-06-09 17:03:43 t_client.py:302 Actions kept on device: cpu
DEBUG 2026-06-09 17:03:43 follower.py:184 follower_right SOFollower read state: 2.4ms
DEBUG 2026-06-09 17:03:43 follower.py:191 follower_right SOFollower read wrist: 0.0ms
DEBUG 2026-06-09 17:03:43 follower.py:184 follower_left SOFollower read state: 2.8ms
DEBUG 2026-06-09 17:03:43 follower.py:191 follower_left SOFollower read wrist: 0.0ms
DEBUG 2026-06-09 17:03:43 t_client.py:198 Observation serialization time: 0.007257s
DEBUG 2026-06-09 17:03:43 ort/utils.py:54 [CLIENT] Observation Buffer size 4.395496368408203 MB with
DEBUG 2026-06-09 17:03:43 ort/utils.py:69 [CLIENT] Observation Sent 2097152/4609012 bytes with state 1
DEBUG 2026-06-09 17:03:43 ort/utils.py:69 [CLIENT] Observation Sent 4194304/4609012 bytes with state 2
DEBUG 2026-06-09 17:03:43 ort/utils.py:69 [CLIENT] Observation Sent 4609012/4609012 bytes with state 3
DEBUG 2026-06-09 17:03:43 ort/utils.py:71 [CLIENT] Observation Published 4.395496368408203 MB
DEBUG 2026-06-09 17:03:43 t_client.py:209 Sent observation #223 | 
DEBUG 2026-06-09 17:03:43 t_client.py:434 QUEUE SIZE: 13 (Must go: False)
DEBUG 2026-06-09 17:03:43 t_client.py:477 Control loop (ms): 125.24
DEBUG 2026-06-09 17:03:43 t_client.py:292 Received actions on device: cpu
DEBUG 2026-06-09 17:03:43 t_client.py:302 Actions kept on device: cpu
DEBUG 2026-06-09 17:03:43 t_client.py:477 Control loop (ms): 3.36
DEBUG 2026-06-09 17:03:43 t_client.py:477 Control loop (ms): 2.30
DEBUG 2026-06-09 17:03:43 t_client.py:477 Control loop (ms): 1.72
DEBUG 2026-06-09 17:03:43 t_client.py:477 Control loop (ms): 5.92
DEBUG 2026-06-09 17:03:43 t_client.py:292 Received actions on device: cpu
DEBUG 2026-06-09 17:03:43 t_client.py:302 Actions kept on device: cpu
DEBUG 2026-06-09 17:03:43 t_client.py:477 Control loop (ms): 2.02
DEBUG 2026-06-09 17:03:43 t_client.py:477 Control loop (ms): 1.78
DEBUG 2026-06-09 17:03:43 t_client.py:477 Control loop (ms): 1.76
DEBUG 2026-06-09 17:03:43 follower.py:184 follower_right SOFollower read state: 1.9ms
DEBUG 2026-06-09 17:03:43 follower.py:191 follower_right SOFollower read wrist: 0.0ms
DEBUG 2026-06-09 17:03:43 follower.py:184 follower_left SOFollower read state: 2.2ms
DEBUG 2026-06-09 17:03:43 follower.py:191 follower_left SOFollower read wrist: 0.0ms
DEBUG 2026-06-09 17:03:43 t_client.py:198 Observation serialization time: 0.011727s
DEBUG 2026-06-09 17:03:43 ort/utils.py:54 [CLIENT] Observation Buffer size 4.395496368408203 MB with
DEBUG 2026-06-09 17:03:43 ort/utils.py:69 [CLIENT] Observation Sent 2097152/4609012 bytes with state 1
DEBUG 2026-06-09 17:03:43 ort/utils.py:69 [CLIENT] Observation Sent 4194304/4609012 bytes with state 2
DEBUG 2026-06-09 17:03:43 ort/utils.py:69 [CLIENT] Observation Sent 4609012/4609012 bytes with state 3
DEBUG 2026-06-09 17:03:43 ort/utils.py:71 [CLIENT] Observation Published 4.395496368408203 MB
DEBUG 2026-06-09 17:03:43 t_client.py:209 Sent observation #230 | 
DEBUG 2026-06-09 17:03:43 t_client.py:434 QUEUE SIZE: 8 (Must go: False)
DEBUG 2026-06-09 17:03:43 t_client.py:477 Control loop (ms): 118.59
DEBUG 2026-06-09 17:03:43 follower.py:184 follower_right SOFollower read state: 1.9ms
DEBUG 2026-06-09 17:03:43 follower.py:191 follower_right SOFollower read wrist: 0.0ms
DEBUG 2026-06-09 17:03:43 follower.py:184 follower_left SOFollower read state: 1.9ms
DEBUG 2026-06-09 17:03:43 follower.py:191 follower_left SOFollower read wrist: 0.0ms
DEBUG 2026-06-09 17:03:43 t_client.py:198 Observation serialization time: 0.006999s
DEBUG 2026-06-09 17:03:43 ort/utils.py:54 [CLIENT] Observation Buffer size 4.395496368408203 MB with
DEBUG 2026-06-09 17:03:44 ort/utils.py:69 [CLIENT] Observation Sent 2097152/4609012 bytes with state 1
DEBUG 2026-06-09 17:03:44 ort/utils.py:69 [CLIENT] Observation Sent 4194304/4609012 bytes with state 2
DEBUG 2026-06-09 17:03:44 ort/utils.py:69 [CLIENT] Observation Sent 4609012/4609012 bytes with state 3
DEBUG 2026-06-09 17:03:44 ort/utils.py:71 [CLIENT] Observation Published 4.395496368408203 MB
DEBUG 2026-06-09 17:03:44 t_client.py:209 Sent observation #231 | 
DEBUG 2026-06-09 17:03:44 t_client.py:434 QUEUE SIZE: 7 (Must go: False)
DEBUG 2026-06-09 17:03:44 t_client.py:477 Control loop (ms): 115.95
DEBUG 2026-06-09 17:03:44 t_client.py:292 Received actions on device: cpu
DEBUG 2026-06-09 17:03:44 follower.py:184 follower_right SOFollower read state: 2.1ms
DEBUG 2026-06-09 17:03:44 t_client.py:302 Actions kept on device: cpu
DEBUG 2026-06-09 17:03:44 follower.py:191 follower_right SOFollower read wrist: 0.0ms
DEBUG 2026-06-09 17:03:44 follower.py:184 follower_left SOFollower read state: 2.3ms
DEBUG 2026-06-09 17:03:44 follower.py:191 follower_left SOFollower read wrist: 0.0ms
DEBUG 2026-06-09 17:03:44 t_client.py:198 Observation serialization time: 0.004720s
DEBUG 2026-06-09 17:03:44 ort/utils.py:54 [CLIENT] Observation Buffer size 4.395496368408203 MB with
DEBUG 2026-06-09 17:03:44 ort/utils.py:69 [CLIENT] Observation Sent 2097152/4609012 bytes with state 1
DEBUG 2026-06-09 17:03:44 ort/utils.py:69 [CLIENT] Observation Sent 4194304/4609012 bytes with state 2
DEBUG 2026-06-09 17:03:44 ort/utils.py:69 [CLIENT] Observation Sent 4609012/4609012 bytes with state 3
DEBUG 2026-06-09 17:03:44 ort/utils.py:71 [CLIENT] Observation Published 4.395496368408203 MB
DEBUG 2026-06-09 17:03:44 t_client.py:292 Received actions on device: cpu
DEBUG 2026-06-09 17:03:44 t_client.py:302 Actions kept on device: cpu
DEBUG 2026-06-09 17:03:44 t_client.py:209 Sent observation #232 | 
DEBUG 2026-06-09 17:03:44 t_client.py:434 QUEUE SIZE: 13 (Must go: False)
DEBUG 2026-06-09 17:03:44 t_client.py:477 Control loop (ms): 143.93
DEBUG 2026-06-09 17:03:44 t_client.py:477 Control loop (ms): 2.56
DEBUG 2026-06-09 17:03:44 t_client.py:477 Control loop (ms): 3.30
DEBUG 2026-06-09 17:03:44 t_client.py:477 Control loop (ms): 2.42
DEBUG 2026-06-09 17:03:44 t_client.py:292 Received actions on device: cpu
DEBUG 2026-06-09 17:03:44 t_client.py:302 Actions kept on device: cpu
DEBUG 2026-06-09 17:03:44 t_client.py:477 Control loop (ms): 2.06
DEBUG 2026-06-09 17:03:44 t_client.py:477 Control loop (ms): 1.50
DEBUG 2026-06-09 17:03:44 t_client.py:477 Control loop (ms): 1.93
DEBUG 2026-06-09 17:03:44 follower.py:184 follower_right SOFollower read state: 2.2ms
DEBUG 2026-06-09 17:03:44 follower.py:191 follower_right SOFollower read wrist: 0.0ms
DEBUG 2026-06-09 17:03:44 follower.py:184 follower_left SOFollower read state: 1.8ms
DEBUG 2026-06-09 17:03:44 follower.py:191 follower_left SOFollower read wrist: 0.0ms
DEBUG 2026-06-09 17:03:44 t_client.py:198 Observation serialization time: 0.008894s
DEBUG 2026-06-09 17:03:44 ort/utils.py:54 [CLIENT] Observation Buffer size 4.395496368408203 MB with
DEBUG 2026-06-09 17:03:44 ort/utils.py:69 [CLIENT] Observation Sent 2097152/4609012 bytes with state 1
DEBUG 2026-06-09 17:03:44 ort/utils.py:69 [CLIENT] Observation Sent 4194304/4609012 bytes with state 2
DEBUG 2026-06-09 17:03:44 ort/utils.py:69 [CLIENT] Observation Sent 4609012/4609012 bytes with state 3
DEBUG 2026-06-09 17:03:44 ort/utils.py:71 [CLIENT] Observation Published 4.395496368408203 MB
DEBUG 2026-06-09 17:03:44 t_client.py:209 Sent observation #239 | 
DEBUG 2026-06-09 17:03:44 t_client.py:434 QUEUE SIZE: 8 (Must go: False)
DEBUG 2026-06-09 17:03:44 t_client.py:477 Control loop (ms): 143.03
DEBUG 2026-06-09 17:03:44 follower.py:184 follower_right SOFollower read state: 2.1ms
DEBUG 2026-06-09 17:03:44 follower.py:191 follower_right SOFollower read wrist: 0.0ms
DEBUG 2026-06-09 17:03:44 follower.py:184 follower_left SOFollower read state: 2.0ms
DEBUG 2026-06-09 17:03:44 follower.py:191 follower_left SOFollower read wrist: 0.0ms
DEBUG 2026-06-09 17:03:44 t_client.py:198 Observation serialization time: 0.007849s
DEBUG 2026-06-09 17:03:44 ort/utils.py:54 [CLIENT] Observation Buffer size 4.395496368408203 MB with
DEBUG 2026-06-09 17:03:44 ort/utils.py:69 [CLIENT] Observation Sent 2097152/4609012 bytes with state 1
DEBUG 2026-06-09 17:03:44 ort/utils.py:69 [CLIENT] Observation Sent 4194304/4609012 bytes with state 2
DEBUG 2026-06-09 17:03:44 ort/utils.py:69 [CLIENT] Observation Sent 4609012/4609012 bytes with state 3
DEBUG 2026-06-09 17:03:44 ort/utils.py:71 [CLIENT] Observation Published 4.395496368408203 MB
DEBUG 2026-06-09 17:03:44 t_client.py:209 Sent observation #240 | 
DEBUG 2026-06-09 17:03:44 t_client.py:434 QUEUE SIZE: 7 (Must go: False)
DEBUG 2026-06-09 17:03:44 t_client.py:477 Control loop (ms): 140.43
DEBUG 2026-06-09 17:03:44 follower.py:184 follower_right SOFollower read state: 2.4ms
DEBUG 2026-06-09 17:03:44 follower.py:191 follower_right SOFollower read wrist: 0.0ms
DEBUG 2026-06-09 17:03:44 t_client.py:292 Received actions on device: cpu
DEBUG 2026-06-09 17:03:44 t_client.py:302 Actions kept on device: cpu
DEBUG 2026-06-09 17:03:44 follower.py:184 follower_left SOFollower read state: 2.0ms
DEBUG 2026-06-09 17:03:44 follower.py:191 follower_left SOFollower read wrist: 0.0ms
DEBUG 2026-06-09 17:03:44 t_client.py:198 Observation serialization time: 0.008745s
DEBUG 2026-06-09 17:03:44 ort/utils.py:54 [CLIENT] Observation Buffer size 4.395496368408203 MB with
DEBUG 2026-06-09 17:03:44 ort/utils.py:69 [CLIENT] Observation Sent 2097152/4609012 bytes with state 1
DEBUG 2026-06-09 17:03:44 ort/utils.py:69 [CLIENT] Observation Sent 4194304/4609012 bytes with state 2
DEBUG 2026-06-09 17:03:44 ort/utils.py:69 [CLIENT] Observation Sent 4609012/4609012 bytes with state 3
DEBUG 2026-06-09 17:03:44 ort/utils.py:71 [CLIENT] Observation Published 4.395496368408203 MB
DEBUG 2026-06-09 17:03:44 t_client.py:292 Received actions on device: cpu
DEBUG 2026-06-09 17:03:44 t_client.py:302 Actions kept on device: cpu
DEBUG 2026-06-09 17:03:44 t_client.py:209 Sent observation #241 | 
DEBUG 2026-06-09 17:03:44 t_client.py:434 QUEUE SIZE: 13 (Must go: False)
DEBUG 2026-06-09 17:03:44 t_client.py:477 Control loop (ms): 133.59
DEBUG 2026-06-09 17:03:44 t_client.py:477 Control loop (ms): 1.71
DEBUG 2026-06-09 17:03:44 t_client.py:477 Control loop (ms): 1.30
DEBUG 2026-06-09 17:03:44 t_client.py:477 Control loop (ms): 1.79
DEBUG 2026-06-09 17:03:44 t_client.py:292 Received actions on device: cpu
DEBUG 2026-06-09 17:03:44 t_client.py:302 Actions kept on device: cpu
DEBUG 2026-06-09 17:03:44 t_client.py:477 Control loop (ms): 1.48
DEBUG 2026-06-09 17:03:44 t_client.py:477 Control loop (ms): 1.84
DEBUG 2026-06-09 17:03:45 t_client.py:477 Control loop (ms): 1.93
DEBUG 2026-06-09 17:03:45 follower.py:184 follower_right SOFollower read state: 2.0ms
DEBUG 2026-06-09 17:03:45 follower.py:191 follower_right SOFollower read wrist: 0.0ms
DEBUG 2026-06-09 17:03:45 follower.py:184 follower_left SOFollower read state: 2.2ms
DEBUG 2026-06-09 17:03:45 follower.py:191 follower_left SOFollower read wrist: 0.0ms
DEBUG 2026-06-09 17:03:45 t_client.py:198 Observation serialization time: 0.006707s
DEBUG 2026-06-09 17:03:45 ort/utils.py:54 [CLIENT] Observation Buffer size 4.395496368408203 MB with
DEBUG 2026-06-09 17:03:45 ort/utils.py:69 [CLIENT] Observation Sent 2097152/4609012 bytes with state 1
DEBUG 2026-06-09 17:03:45 ort/utils.py:69 [CLIENT] Observation Sent 4194304/4609012 bytes with state 2
DEBUG 2026-06-09 17:03:45 ort/utils.py:69 [CLIENT] Observation Sent 4609012/4609012 bytes with state 3
DEBUG 2026-06-09 17:03:45 ort/utils.py:71 [CLIENT] Observation Published 4.395496368408203 MB
DEBUG 2026-06-09 17:03:45 t_client.py:209 Sent observation #248 | 
DEBUG 2026-06-09 17:03:45 t_client.py:434 QUEUE SIZE: 8 (Must go: False)
DEBUG 2026-06-09 17:03:45 t_client.py:477 Control loop (ms): 118.88
DEBUG 2026-06-09 17:03:45 follower.py:184 follower_right SOFollower read state: 2.0ms
DEBUG 2026-06-09 17:03:45 follower.py:191 follower_right SOFollower read wrist: 0.0ms
DEBUG 2026-06-09 17:03:45 follower.py:184 follower_left SOFollower read state: 2.2ms
DEBUG 2026-06-09 17:03:45 follower.py:191 follower_left SOFollower read wrist: 0.0ms
DEBUG 2026-06-09 17:03:45 t_client.py:198 Observation serialization time: 0.009539s
DEBUG 2026-06-09 17:03:45 ort/utils.py:54 [CLIENT] Observation Buffer size 4.395496368408203 MB with
DEBUG 2026-06-09 17:03:45 ort/utils.py:69 [CLIENT] Observation Sent 2097152/4609012 bytes with state 1
DEBUG 2026-06-09 17:03:45 ort/utils.py:69 [CLIENT] Observation Sent 4194304/4609012 bytes with state 2
DEBUG 2026-06-09 17:03:45 ort/utils.py:69 [CLIENT] Observation Sent 4609012/4609012 bytes with state 3
DEBUG 2026-06-09 17:03:45 ort/utils.py:71 [CLIENT] Observation Published 4.395496368408203 MB
DEBUG 2026-06-09 17:03:45 t_client.py:292 Received actions on device: cpu
DEBUG 2026-06-09 17:03:45 t_client.py:302 Actions kept on device: cpu
DEBUG 2026-06-09 17:03:45 t_client.py:209 Sent observation #249 | 
DEBUG 2026-06-09 17:03:45 t_client.py:434 QUEUE SIZE: 7 (Must go: False)
DEBUG 2026-06-09 17:03:45 t_client.py:477 Control loop (ms): 165.03
DEBUG 2026-06-09 17:03:45 t_client.py:477 Control loop (ms): 1.75
DEBUG 2026-06-09 17:03:45 t_client.py:477 Control loop (ms): 1.88
DEBUG 2026-06-09 17:03:45 t_client.py:477 Control loop (ms): 2.02
DEBUG 2026-06-09 17:03:45 t_client.py:292 Received actions on device: cpu
DEBUG 2026-06-09 17:03:45 t_client.py:302 Actions kept on device: cpu
DEBUG 2026-06-09 17:03:45 t_client.py:477 Control loop (ms): 2.05
DEBUG 2026-06-09 17:03:45 t_client.py:477 Control loop (ms): 2.02
DEBUG 2026-06-09 17:03:45 t_client.py:477 Control loop (ms): 2.44
DEBUG 2026-06-09 17:03:45 follower.py:184 follower_right SOFollower read state: 2.3ms
DEBUG 2026-06-09 17:03:45 follower.py:191 follower_right SOFollower read wrist: 0.1ms
DEBUG 2026-06-09 17:03:45 follower.py:184 follower_left SOFollower read state: 2.3ms
DEBUG 2026-06-09 17:03:45 follower.py:191 follower_left SOFollower read wrist: 0.0ms
DEBUG 2026-06-09 17:03:45 t_client.py:198 Observation serialization time: 0.007639s
DEBUG 2026-06-09 17:03:45 ort/utils.py:54 [CLIENT] Observation Buffer size 4.3954973220825195 MB with
DEBUG 2026-06-09 17:03:45 ort/utils.py:69 [CLIENT] Observation Sent 2097152/4609013 bytes with state 1
DEBUG 2026-06-09 17:03:45 ort/utils.py:69 [CLIENT] Observation Sent 4194304/4609013 bytes with state 2
DEBUG 2026-06-09 17:03:45 ort/utils.py:69 [CLIENT] Observation Sent 4609013/4609013 bytes with state 3
DEBUG 2026-06-09 17:03:45 ort/utils.py:71 [CLIENT] Observation Published 4.3954973220825195 MB
DEBUG 2026-06-09 17:03:45 t_client.py:209 Sent observation #256 | 
DEBUG 2026-06-09 17:03:45 t_client.py:434 QUEUE SIZE: 8 (Must go: False)
DEBUG 2026-06-09 17:03:45 t_client.py:477 Control loop (ms): 191.70
DEBUG 2026-06-09 17:03:45 follower.py:184 follower_right SOFollower read state: 2.1ms
DEBUG 2026-06-09 17:03:45 follower.py:191 follower_right SOFollower read wrist: 0.0ms
DEBUG 2026-06-09 17:03:45 follower.py:184 follower_left SOFollower read state: 1.9ms
DEBUG 2026-06-09 17:03:45 follower.py:191 follower_left SOFollower read wrist: 0.0ms
DEBUG 2026-06-09 17:03:45 t_client.py:198 Observation serialization time: 0.008940s
DEBUG 2026-06-09 17:03:45 ort/utils.py:54 [CLIENT] Observation Buffer size 4.3954973220825195 MB with
DEBUG 2026-06-09 17:03:45 ort/utils.py:69 [CLIENT] Observation Sent 2097152/4609013 bytes with state 1
DEBUG 2026-06-09 17:03:45 ort/utils.py:69 [CLIENT] Observation Sent 4194304/4609013 bytes with state 2
DEBUG 2026-06-09 17:03:45 ort/utils.py:69 [CLIENT] Observation Sent 4609013/4609013 bytes with state 3
DEBUG 2026-06-09 17:03:45 ort/utils.py:71 [CLIENT] Observation Published 4.3954973220825195 MB
DEBUG 2026-06-09 17:03:45 t_client.py:292 Received actions on device: cpu
DEBUG 2026-06-09 17:03:45 t_client.py:302 Actions kept on device: cpu
DEBUG 2026-06-09 17:03:45 t_client.py:209 Sent observation #257 | 
DEBUG 2026-06-09 17:03:45 t_client.py:434 QUEUE SIZE: 7 (Must go: False)
DEBUG 2026-06-09 17:03:45 t_client.py:477 Control loop (ms): 144.95
DEBUG 2026-06-09 17:03:45 t_client.py:477 Control loop (ms): 2.00
DEBUG 2026-06-09 17:03:45 t_client.py:477 Control loop (ms): 2.15
DEBUG 2026-06-09 17:03:45 t_client.py:477 Control loop (ms): 2.03
DEBUG 2026-06-09 17:03:45 t_client.py:292 Received actions on device: cpu
DEBUG 2026-06-09 17:03:45 t_client.py:302 Actions kept on device: cpu
DEBUG 2026-06-09 17:03:45 t_client.py:477 Control loop (ms): 2.34
DEBUG 2026-06-09 17:03:46 t_client.py:477 Control loop (ms): 2.24
DEBUG 2026-06-09 17:03:46 t_client.py:477 Control loop (ms): 2.28
DEBUG 2026-06-09 17:03:46 t_client.py:477 Control loop (ms): 2.03
DEBUG 2026-06-09 17:03:46 follower.py:184 follower_right SOFollower read state: 2.1ms
DEBUG 2026-06-09 17:03:46 follower.py:191 follower_right SOFollower read wrist: 0.0ms
DEBUG 2026-06-09 17:03:46 follower.py:184 follower_left SOFollower read state: 2.0ms
DEBUG 2026-06-09 17:03:46 follower.py:191 follower_left SOFollower read wrist: 0.0ms
DEBUG 2026-06-09 17:03:46 t_client.py:198 Observation serialization time: 0.010711s
DEBUG 2026-06-09 17:03:46 ort/utils.py:54 [CLIENT] Observation Buffer size 4.3954973220825195 MB with
DEBUG 2026-06-09 17:03:46 ort/utils.py:69 [CLIENT] Observation Sent 2097152/4609013 bytes with state 1
DEBUG 2026-06-09 17:03:46 ort/utils.py:69 [CLIENT] Observation Sent 4194304/4609013 bytes with state 2
DEBUG 2026-06-09 17:03:46 ort/utils.py:69 [CLIENT] Observation Sent 4609013/4609013 bytes with state 3
DEBUG 2026-06-09 17:03:46 ort/utils.py:71 [CLIENT] Observation Published 4.3954973220825195 MB
DEBUG 2026-06-09 17:03:46 t_client.py:209 Sent observation #264 | 
DEBUG 2026-06-09 17:03:46 t_client.py:434 QUEUE SIZE: 8 (Must go: False)
DEBUG 2026-06-09 17:03:46 t_client.py:477 Control loop (ms): 119.72
DEBUG 2026-06-09 17:03:46 follower.py:184 follower_right SOFollower read state: 2.1ms
DEBUG 2026-06-09 17:03:46 follower.py:191 follower_right SOFollower read wrist: 0.1ms
DEBUG 2026-06-09 17:03:46 follower.py:184 follower_left SOFollower read state: 1.9ms
DEBUG 2026-06-09 17:03:46 follower.py:191 follower_left SOFollower read wrist: 0.0ms
DEBUG 2026-06-09 17:03:46 t_client.py:198 Observation serialization time: 0.008572s
DEBUG 2026-06-09 17:03:46 ort/utils.py:54 [CLIENT] Observation Buffer size 4.3954973220825195 MB with
DEBUG 2026-06-09 17:03:46 ort/utils.py:69 [CLIENT] Observation Sent 2097152/4609013 bytes with state 1
DEBUG 2026-06-09 17:03:46 ort/utils.py:69 [CLIENT] Observation Sent 4194304/4609013 bytes with state 2
DEBUG 2026-06-09 17:03:46 ort/utils.py:69 [CLIENT] Observation Sent 4609013/4609013 bytes with state 3
DEBUG 2026-06-09 17:03:46 ort/utils.py:71 [CLIENT] Observation Published 4.3954973220825195 MB
DEBUG 2026-06-09 17:03:46 t_client.py:292 Received actions on device: cpu
DEBUG 2026-06-09 17:03:46 t_client.py:302 Actions kept on device: cpu
DEBUG 2026-06-09 17:03:46 t_client.py:209 Sent observation #265 | 
DEBUG 2026-06-09 17:03:46 t_client.py:434 QUEUE SIZE: 7 (Must go: False)
DEBUG 2026-06-09 17:03:46 t_client.py:477 Control loop (ms): 164.09
DEBUG 2026-06-09 17:03:46 t_client.py:477 Control loop (ms): 1.53
DEBUG 2026-06-09 17:03:46 t_client.py:477 Control loop (ms): 1.72
DEBUG 2026-06-09 17:03:46 t_client.py:477 Control loop (ms): 2.70
DEBUG 2026-06-09 17:03:46 t_client.py:292 Received actions on device: cpu
DEBUG 2026-06-09 17:03:46 t_client.py:302 Actions kept on device: cpu
DEBUG 2026-06-09 17:03:46 t_client.py:477 Control loop (ms): 1.72
DEBUG 2026-06-09 17:03:46 t_client.py:477 Control loop (ms): 2.07
DEBUG 2026-06-09 17:03:46 t_client.py:477 Control loop (ms): 1.87
DEBUG 2026-06-09 17:03:46 follower.py:184 follower_right SOFollower read state: 2.3ms
DEBUG 2026-06-09 17:03:46 follower.py:191 follower_right SOFollower read wrist: 0.1ms
DEBUG 2026-06-09 17:03:46 follower.py:184 follower_left SOFollower read state: 2.3ms
DEBUG 2026-06-09 17:03:46 follower.py:191 follower_left SOFollower read wrist: 0.0ms
DEBUG 2026-06-09 17:03:46 t_client.py:198 Observation serialization time: 0.011719s
DEBUG 2026-06-09 17:03:46 ort/utils.py:54 [CLIENT] Observation Buffer size 4.3954973220825195 MB with
DEBUG 2026-06-09 17:03:46 ort/utils.py:69 [CLIENT] Observation Sent 2097152/4609013 bytes with state 1
DEBUG 2026-06-09 17:03:46 ort/utils.py:69 [CLIENT] Observation Sent 4194304/4609013 bytes with state 2
DEBUG 2026-06-09 17:03:46 ort/utils.py:69 [CLIENT] Observation Sent 4609013/4609013 bytes with state 3
DEBUG 2026-06-09 17:03:46 ort/utils.py:71 [CLIENT] Observation Published 4.3954973220825195 MB
DEBUG 2026-06-09 17:03:46 t_client.py:209 Sent observation #272 | 
DEBUG 2026-06-09 17:03:46 t_client.py:434 QUEUE SIZE: 8 (Must go: False)
DEBUG 2026-06-09 17:03:46 t_client.py:477 Control loop (ms): 285.14
DEBUG 2026-06-09 17:03:46 follower.py:184 follower_right SOFollower read state: 1.8ms
DEBUG 2026-06-09 17:03:46 follower.py:191 follower_right SOFollower read wrist: 0.0ms
DEBUG 2026-06-09 17:03:46 follower.py:184 follower_left SOFollower read state: 1.7ms
DEBUG 2026-06-09 17:03:46 follower.py:191 follower_left SOFollower read wrist: 0.0ms
DEBUG 2026-06-09 17:03:46 t_client.py:198 Observation serialization time: 0.004918s
DEBUG 2026-06-09 17:03:46 ort/utils.py:54 [CLIENT] Observation Buffer size 4.3954973220825195 MB with
DEBUG 2026-06-09 17:03:46 ort/utils.py:69 [CLIENT] Observation Sent 2097152/4609013 bytes with state 1
DEBUG 2026-06-09 17:03:46 ort/utils.py:69 [CLIENT] Observation Sent 4194304/4609013 bytes with state 2
DEBUG 2026-06-09 17:03:46 ort/utils.py:69 [CLIENT] Observation Sent 4609013/4609013 bytes with state 3
DEBUG 2026-06-09 17:03:46 ort/utils.py:71 [CLIENT] Observation Published 4.3954973220825195 MB
DEBUG 2026-06-09 17:03:46 t_client.py:292 Received actions on device: cpu
DEBUG 2026-06-09 17:03:46 t_client.py:302 Actions kept on device: cpu
DEBUG 2026-06-09 17:03:47 t_client.py:209 Sent observation #273 | 
DEBUG 2026-06-09 17:03:47 t_client.py:434 QUEUE SIZE: 7 (Must go: False)
DEBUG 2026-06-09 17:03:47 t_client.py:477 Control loop (ms): 148.36
DEBUG 2026-06-09 17:03:47 t_client.py:477 Control loop (ms): 1.63
DEBUG 2026-06-09 17:03:47 t_client.py:477 Control loop (ms): 1.94
DEBUG 2026-06-09 17:03:47 t_client.py:477 Control loop (ms): 2.84
DEBUG 2026-06-09 17:03:47 t_client.py:292 Received actions on device: cpu
DEBUG 2026-06-09 17:03:47 t_client.py:302 Actions kept on device: cpu
DEBUG 2026-06-09 17:03:47 t_client.py:477 Control loop (ms): 2.83
DEBUG 2026-06-09 17:03:47 t_client.py:477 Control loop (ms): 2.26
DEBUG 2026-06-09 17:03:47 t_client.py:477 Control loop (ms): 2.38
DEBUG 2026-06-09 17:03:47 follower.py:184 follower_right SOFollower read state: 2.6ms
DEBUG 2026-06-09 17:03:47 follower.py:191 follower_right SOFollower read wrist: 0.0ms
DEBUG 2026-06-09 17:03:47 follower.py:184 follower_left SOFollower read state: 2.5ms
DEBUG 2026-06-09 17:03:47 follower.py:191 follower_left SOFollower read wrist: 0.0ms
DEBUG 2026-06-09 17:03:47 t_client.py:198 Observation serialization time: 0.010801s
DEBUG 2026-06-09 17:03:47 ort/utils.py:54 [CLIENT] Observation Buffer size 4.3954973220825195 MB with
DEBUG 2026-06-09 17:03:47 ort/utils.py:69 [CLIENT] Observation Sent 2097152/4609013 bytes with state 1
DEBUG 2026-06-09 17:03:47 ort/utils.py:69 [CLIENT] Observation Sent 4194304/4609013 bytes with state 2
DEBUG 2026-06-09 17:03:47 ort/utils.py:69 [CLIENT] Observation Sent 4609013/4609013 bytes with state 3
DEBUG 2026-06-09 17:03:47 ort/utils.py:71 [CLIENT] Observation Published 4.3954973220825195 MB
DEBUG 2026-06-09 17:03:47 t_client.py:209 Sent observation #280 | 
DEBUG 2026-06-09 17:03:47 t_client.py:434 QUEUE SIZE: 8 (Must go: False)
DEBUG 2026-06-09 17:03:47 t_client.py:477 Control loop (ms): 158.73
DEBUG 2026-06-09 17:03:47 follower.py:184 follower_right SOFollower read state: 1.9ms
DEBUG 2026-06-09 17:03:47 follower.py:191 follower_right SOFollower read wrist: 0.0ms
DEBUG 2026-06-09 17:03:47 follower.py:184 follower_left SOFollower read state: 1.9ms
DEBUG 2026-06-09 17:03:47 follower.py:191 follower_left SOFollower read wrist: 0.0ms
DEBUG 2026-06-09 17:03:47 t_client.py:198 Observation serialization time: 0.007007s
DEBUG 2026-06-09 17:03:47 ort/utils.py:54 [CLIENT] Observation Buffer size 4.3954973220825195 MB with
DEBUG 2026-06-09 17:03:47 ort/utils.py:69 [CLIENT] Observation Sent 2097152/4609013 bytes with state 1
DEBUG 2026-06-09 17:03:47 ort/utils.py:69 [CLIENT] Observation Sent 4194304/4609013 bytes with state 2
DEBUG 2026-06-09 17:03:47 ort/utils.py:69 [CLIENT] Observation Sent 4609013/4609013 bytes with state 3
DEBUG 2026-06-09 17:03:47 ort/utils.py:71 [CLIENT] Observation Published 4.3954973220825195 MB
DEBUG 2026-06-09 17:03:47 t_client.py:292 Received actions on device: cpu
DEBUG 2026-06-09 17:03:47 t_client.py:302 Actions kept on device: cpu
DEBUG 2026-06-09 17:03:47 t_client.py:209 Sent observation #281 | 
DEBUG 2026-06-09 17:03:47 t_client.py:434 QUEUE SIZE: 7 (Must go: False)
DEBUG 2026-06-09 17:03:47 t_client.py:477 Control loop (ms): 150.78
DEBUG 2026-06-09 17:03:47 t_client.py:477 Control loop (ms): 2.03
DEBUG 2026-06-09 17:03:47 t_client.py:477 Control loop (ms): 2.11
DEBUG 2026-06-09 17:03:47 t_client.py:477 Control loop (ms): 1.86
DEBUG 2026-06-09 17:03:47 t_client.py:292 Received actions on device: cpu
DEBUG 2026-06-09 17:03:47 t_client.py:302 Actions kept on device: cpu
DEBUG 2026-06-09 17:03:47 t_client.py:477 Control loop (ms): 2.35
DEBUG 2026-06-09 17:03:47 t_client.py:477 Control loop (ms): 1.47
DEBUG 2026-06-09 17:03:47 t_client.py:477 Control loop (ms): 1.84
DEBUG 2026-06-09 17:03:47 follower.py:184 follower_right SOFollower read state: 1.7ms
DEBUG 2026-06-09 17:03:47 follower.py:191 follower_right SOFollower read wrist: 0.0ms
DEBUG 2026-06-09 17:03:47 follower.py:184 follower_left SOFollower read state: 1.6ms
DEBUG 2026-06-09 17:03:47 follower.py:191 follower_left SOFollower read wrist: 0.0ms
DEBUG 2026-06-09 17:03:47 t_client.py:198 Observation serialization time: 0.004116s
DEBUG 2026-06-09 17:03:47 ort/utils.py:54 [CLIENT] Observation Buffer size 4.3954973220825195 MB with
DEBUG 2026-06-09 17:03:47 ort/utils.py:69 [CLIENT] Observation Sent 2097152/4609013 bytes with state 1
DEBUG 2026-06-09 17:03:47 ort/utils.py:69 [CLIENT] Observation Sent 4194304/4609013 bytes with state 2
DEBUG 2026-06-09 17:03:47 ort/utils.py:69 [CLIENT] Observation Sent 4609013/4609013 bytes with state 3
DEBUG 2026-06-09 17:03:47 ort/utils.py:71 [CLIENT] Observation Published 4.3954973220825195 MB
DEBUG 2026-06-09 17:03:47 t_client.py:209 Sent observation #288 | 
DEBUG 2026-06-09 17:03:47 t_client.py:434 QUEUE SIZE: 8 (Must go: False)
DEBUG 2026-06-09 17:03:47 t_client.py:477 Control loop (ms): 118.21
DEBUG 2026-06-09 17:03:47 follower.py:184 follower_right SOFollower read state: 1.5ms
DEBUG 2026-06-09 17:03:47 follower.py:191 follower_right SOFollower read wrist: 0.0ms
DEBUG 2026-06-09 17:03:47 follower.py:184 follower_left SOFollower read state: 1.4ms
DEBUG 2026-06-09 17:03:47 follower.py:191 follower_left SOFollower read wrist: 0.0ms
DEBUG 2026-06-09 17:03:47 t_client.py:198 Observation serialization time: 0.003604s
DEBUG 2026-06-09 17:03:47 ort/utils.py:54 [CLIENT] Observation Buffer size 4.3954973220825195 MB with
DEBUG 2026-06-09 17:03:47 ort/utils.py:69 [CLIENT] Observation Sent 2097152/4609013 bytes with state 1
DEBUG 2026-06-09 17:03:47 ort/utils.py:69 [CLIENT] Observation Sent 4194304/4609013 bytes with state 2
DEBUG 2026-06-09 17:03:47 ort/utils.py:69 [CLIENT] Observation Sent 4609013/4609013 bytes with state 3
DEBUG 2026-06-09 17:03:47 ort/utils.py:71 [CLIENT] Observation Published 4.3954973220825195 MB
DEBUG 2026-06-09 17:03:47 t_client.py:292 Received actions on device: cpu
DEBUG 2026-06-09 17:03:47 t_client.py:302 Actions kept on device: cpu
DEBUG 2026-06-09 17:03:48 t_client.py:209 Sent observation #289 | 
DEBUG 2026-06-09 17:03:48 t_client.py:434 QUEUE SIZE: 7 (Must go: False)
DEBUG 2026-06-09 17:03:48 t_client.py:477 Control loop (ms): 137.79
DEBUG 2026-06-09 17:03:48 t_client.py:477 Control loop (ms): 1.05
DEBUG 2026-06-09 17:03:48 t_client.py:477 Control loop (ms): 1.60
DEBUG 2026-06-09 17:03:48 t_client.py:477 Control loop (ms): 1.30
DEBUG 2026-06-09 17:03:48 t_client.py:292 Received actions on device: cpu
DEBUG 2026-06-09 17:03:48 t_client.py:302 Actions kept on device: cpu
DEBUG 2026-06-09 17:03:48 t_client.py:477 Control loop (ms): 1.87
DEBUG 2026-06-09 17:03:48 t_client.py:477 Control loop (ms): 1.03
DEBUG 2026-06-09 17:03:48 t_client.py:477 Control loop (ms): 1.34
DEBUG 2026-06-09 17:03:48 t_client.py:477 Control loop (ms): 1.37
DEBUG 2026-06-09 17:03:48 follower.py:184 follower_right SOFollower read state: 1.9ms
DEBUG 2026-06-09 17:03:48 follower.py:191 follower_right SOFollower read wrist: 0.1ms
DEBUG 2026-06-09 17:03:48 follower.py:184 follower_left SOFollower read state: 2.5ms
DEBUG 2026-06-09 17:03:48 follower.py:191 follower_left SOFollower read wrist: 0.0ms
DEBUG 2026-06-09 17:03:48 t_client.py:198 Observation serialization time: 0.010741s
DEBUG 2026-06-09 17:03:48 ort/utils.py:54 [CLIENT] Observation Buffer size 4.3954973220825195 MB with
DEBUG 2026-06-09 17:03:48 ort/utils.py:69 [CLIENT] Observation Sent 2097152/4609013 bytes with state 1
DEBUG 2026-06-09 17:03:48 ort/utils.py:69 [CLIENT] Observation Sent 4194304/4609013 bytes with state 2
DEBUG 2026-06-09 17:03:48 ort/utils.py:69 [CLIENT] Observation Sent 4609013/4609013 bytes with state 3
DEBUG 2026-06-09 17:03:48 ort/utils.py:71 [CLIENT] Observation Published 4.3954973220825195 MB
DEBUG 2026-06-09 17:03:48 t_client.py:209 Sent observation #296 | 
DEBUG 2026-06-09 17:03:48 t_client.py:434 QUEUE SIZE: 8 (Must go: False)
DEBUG 2026-06-09 17:03:48 t_client.py:477 Control loop (ms): 129.49
DEBUG 2026-06-09 17:03:48 follower.py:184 follower_right SOFollower read state: 1.7ms
DEBUG 2026-06-09 17:03:48 follower.py:191 follower_right SOFollower read wrist: 0.0ms
DEBUG 2026-06-09 17:03:48 follower.py:184 follower_left SOFollower read state: 1.7ms
DEBUG 2026-06-09 17:03:48 follower.py:191 follower_left SOFollower read wrist: 0.0ms
DEBUG 2026-06-09 17:03:48 t_client.py:198 Observation serialization time: 0.008401s
DEBUG 2026-06-09 17:03:48 ort/utils.py:54 [CLIENT] Observation Buffer size 4.3954973220825195 MB with
DEBUG 2026-06-09 17:03:48 ort/utils.py:69 [CLIENT] Observation Sent 2097152/4609013 bytes with state 1
DEBUG 2026-06-09 17:03:48 ort/utils.py:69 [CLIENT] Observation Sent 4194304/4609013 bytes with state 2
DEBUG 2026-06-09 17:03:48 ort/utils.py:69 [CLIENT] Observation Sent 4609013/4609013 bytes with state 3
DEBUG 2026-06-09 17:03:48 ort/utils.py:71 [CLIENT] Observation Published 4.3954973220825195 MB
DEBUG 2026-06-09 17:03:48 t_client.py:292 Received actions on device: cpu
DEBUG 2026-06-09 17:03:48 t_client.py:302 Actions kept on device: cpu
DEBUG 2026-06-09 17:03:48 t_client.py:209 Sent observation #297 | 
DEBUG 2026-06-09 17:03:48 t_client.py:434 QUEUE SIZE: 7 (Must go: False)
DEBUG 2026-06-09 17:03:48 t_client.py:477 Control loop (ms): 110.98
DEBUG 2026-06-09 17:03:48 t_client.py:477 Control loop (ms): 1.05
DEBUG 2026-06-09 17:03:48 t_client.py:477 Control loop (ms): 2.06
DEBUG 2026-06-09 17:03:48 t_client.py:477 Control loop (ms): 2.04
DEBUG 2026-06-09 17:03:48 t_client.py:292 Received actions on device: cpu
DEBUG 2026-06-09 17:03:48 t_client.py:302 Actions kept on device: cpu
DEBUG 2026-06-09 17:03:48 t_client.py:477 Control loop (ms): 1.58
DEBUG 2026-06-09 17:03:48 t_client.py:477 Control loop (ms): 1.88
DEBUG 2026-06-09 17:03:48 t_client.py:477 Control loop (ms): 2.51
DEBUG 2026-06-09 17:03:48 follower.py:184 follower_right SOFollower read state: 1.8ms
DEBUG 2026-06-09 17:03:48 follower.py:191 follower_right SOFollower read wrist: 0.0ms
DEBUG 2026-06-09 17:03:48 follower.py:184 follower_left SOFollower read state: 1.9ms
DEBUG 2026-06-09 17:03:48 follower.py:191 follower_left SOFollower read wrist: 0.0ms
DEBUG 2026-06-09 17:03:48 t_client.py:198 Observation serialization time: 0.009788s
DEBUG 2026-06-09 17:03:48 ort/utils.py:54 [CLIENT] Observation Buffer size 4.3954973220825195 MB with
DEBUG 2026-06-09 17:03:48 ort/utils.py:69 [CLIENT] Observation Sent 2097152/4609013 bytes with state 1
DEBUG 2026-06-09 17:03:48 ort/utils.py:69 [CLIENT] Observation Sent 4194304/4609013 bytes with state 2
DEBUG 2026-06-09 17:03:48 ort/utils.py:69 [CLIENT] Observation Sent 4609013/4609013 bytes with state 3
DEBUG 2026-06-09 17:03:48 ort/utils.py:71 [CLIENT] Observation Published 4.3954973220825195 MB
DEBUG 2026-06-09 17:03:48 t_client.py:209 Sent observation #304 | 
DEBUG 2026-06-09 17:03:48 t_client.py:434 QUEUE SIZE: 8 (Must go: False)
DEBUG 2026-06-09 17:03:48 t_client.py:477 Control loop (ms): 140.03
DEBUG 2026-06-09 17:03:48 follower.py:184 follower_right SOFollower read state: 1.9ms
DEBUG 2026-06-09 17:03:48 follower.py:191 follower_right SOFollower read wrist: 0.0ms
DEBUG 2026-06-09 17:03:48 follower.py:184 follower_left SOFollower read state: 1.9ms
DEBUG 2026-06-09 17:03:48 follower.py:191 follower_left SOFollower read wrist: 0.0ms
DEBUG 2026-06-09 17:03:48 t_client.py:198 Observation serialization time: 0.007237s
DEBUG 2026-06-09 17:03:48 ort/utils.py:54 [CLIENT] Observation Buffer size 4.3954973220825195 MB with
DEBUG 2026-06-09 17:03:48 ort/utils.py:69 [CLIENT] Observation Sent 2097152/4609013 bytes with state 1
DEBUG 2026-06-09 17:03:48 ort/utils.py:69 [CLIENT] Observation Sent 4194304/4609013 bytes with state 2
DEBUG 2026-06-09 17:03:48 ort/utils.py:69 [CLIENT] Observation Sent 4609013/4609013 bytes with state 3
DEBUG 2026-06-09 17:03:48 ort/utils.py:71 [CLIENT] Observation Published 4.3954973220825195 MB
DEBUG 2026-06-09 17:03:48 t_client.py:292 Received actions on device: cpu
DEBUG 2026-06-09 17:03:48 t_client.py:302 Actions kept on device: cpu
DEBUG 2026-06-09 17:03:48 t_client.py:209 Sent observation #305 | 
DEBUG 2026-06-09 17:03:48 t_client.py:434 QUEUE SIZE: 7 (Must go: False)
DEBUG 2026-06-09 17:03:48 t_client.py:477 Control loop (ms): 135.02
DEBUG 2026-06-09 17:03:48 t_client.py:477 Control loop (ms): 1.54
DEBUG 2026-06-09 17:03:48 t_client.py:477 Control loop (ms): 1.44
DEBUG 2026-06-09 17:03:49 t_client.py:477 Control loop (ms): 1.37
DEBUG 2026-06-09 17:03:49 t_client.py:292 Received actions on device: cpu
DEBUG 2026-06-09 17:03:49 t_client.py:302 Actions kept on device: cpu
DEBUG 2026-06-09 17:03:49 t_client.py:477 Control loop (ms): 1.18
DEBUG 2026-06-09 17:03:49 t_client.py:477 Control loop (ms): 1.20
DEBUG 2026-06-09 17:03:49 t_client.py:477 Control loop (ms): 1.09
DEBUG 2026-06-09 17:03:49 follower.py:184 follower_right SOFollower read state: 2.0ms
DEBUG 2026-06-09 17:03:49 follower.py:191 follower_right SOFollower read wrist: 0.0ms
DEBUG 2026-06-09 17:03:49 follower.py:184 follower_left SOFollower read state: 2.0ms
DEBUG 2026-06-09 17:03:49 follower.py:191 follower_left SOFollower read wrist: 0.0ms
DEBUG 2026-06-09 17:03:49 t_client.py:198 Observation serialization time: 0.010943s
DEBUG 2026-06-09 17:03:49 ort/utils.py:54 [CLIENT] Observation Buffer size 4.3954973220825195 MB with
DEBUG 2026-06-09 17:03:49 ort/utils.py:69 [CLIENT] Observation Sent 2097152/4609013 bytes with state 1
DEBUG 2026-06-09 17:03:49 ort/utils.py:69 [CLIENT] Observation Sent 4194304/4609013 bytes with state 2
DEBUG 2026-06-09 17:03:49 ort/utils.py:69 [CLIENT] Observation Sent 4609013/4609013 bytes with state 3
DEBUG 2026-06-09 17:03:49 ort/utils.py:71 [CLIENT] Observation Published 4.3954973220825195 MB
DEBUG 2026-06-09 17:03:49 t_client.py:209 Sent observation #312 | 
DEBUG 2026-06-09 17:03:49 t_client.py:434 QUEUE SIZE: 8 (Must go: False)
DEBUG 2026-06-09 17:03:49 t_client.py:477 Control loop (ms): 109.45
DEBUG 2026-06-09 17:03:49 follower.py:184 follower_right SOFollower read state: 2.4ms
DEBUG 2026-06-09 17:03:49 follower.py:191 follower_right SOFollower read wrist: 0.0ms
DEBUG 2026-06-09 17:03:49 follower.py:184 follower_left SOFollower read state: 2.0ms
DEBUG 2026-06-09 17:03:49 follower.py:191 follower_left SOFollower read wrist: 0.0ms
DEBUG 2026-06-09 17:03:49 t_client.py:198 Observation serialization time: 0.010062s
DEBUG 2026-06-09 17:03:49 ort/utils.py:54 [CLIENT] Observation Buffer size 4.3954973220825195 MB with
DEBUG 2026-06-09 17:03:49 ort/utils.py:69 [CLIENT] Observation Sent 2097152/4609013 bytes with state 1
DEBUG 2026-06-09 17:03:49 ort/utils.py:69 [CLIENT] Observation Sent 4194304/4609013 bytes with state 2
DEBUG 2026-06-09 17:03:49 ort/utils.py:69 [CLIENT] Observation Sent 4609013/4609013 bytes with state 3
DEBUG 2026-06-09 17:03:49 ort/utils.py:71 [CLIENT] Observation Published 4.3954973220825195 MB
DEBUG 2026-06-09 17:03:49 t_client.py:292 Received actions on device: cpu
DEBUG 2026-06-09 17:03:49 t_client.py:302 Actions kept on device: cpu
DEBUG 2026-06-09 17:03:49 t_client.py:209 Sent observation #313 | 
DEBUG 2026-06-09 17:03:49 t_client.py:434 QUEUE SIZE: 7 (Must go: False)
DEBUG 2026-06-09 17:03:49 t_client.py:477 Control loop (ms): 144.97
DEBUG 2026-06-09 17:03:49 t_client.py:477 Control loop (ms): 1.49
DEBUG 2026-06-09 17:03:49 t_client.py:477 Control loop (ms): 2.20
DEBUG 2026-06-09 17:03:49 t_client.py:477 Control loop (ms): 1.90
DEBUG 2026-06-09 17:03:49 t_client.py:292 Received actions on device: cpu
DEBUG 2026-06-09 17:03:49 t_client.py:302 Actions kept on device: cpu
DEBUG 2026-06-09 17:03:49 t_client.py:477 Control loop (ms): 2.10
DEBUG 2026-06-09 17:03:49 t_client.py:477 Control loop (ms): 2.08
DEBUG 2026-06-09 17:03:49 t_client.py:477 Control loop (ms): 2.33
DEBUG 2026-06-09 17:03:49 follower.py:184 follower_right SOFollower read state: 2.3ms
DEBUG 2026-06-09 17:03:49 follower.py:191 follower_right SOFollower read wrist: 0.1ms
DEBUG 2026-06-09 17:03:49 follower.py:184 follower_left SOFollower read state: 2.4ms
DEBUG 2026-06-09 17:03:49 follower.py:191 follower_left SOFollower read wrist: 0.0ms
DEBUG 2026-06-09 17:03:49 t_client.py:198 Observation serialization time: 0.008731s
DEBUG 2026-06-09 17:03:49 ort/utils.py:54 [CLIENT] Observation Buffer size 4.3954973220825195 MB with
DEBUG 2026-06-09 17:03:49 ort/utils.py:69 [CLIENT] Observation Sent 2097152/4609013 bytes with state 1
DEBUG 2026-06-09 17:03:49 ort/utils.py:69 [CLIENT] Observation Sent 4194304/4609013 bytes with state 2
DEBUG 2026-06-09 17:03:49 ort/utils.py:69 [CLIENT] Observation Sent 4609013/4609013 bytes with state 3
DEBUG 2026-06-09 17:03:49 ort/utils.py:71 [CLIENT] Observation Published 4.3954973220825195 MB
DEBUG 2026-06-09 17:03:49 t_client.py:209 Sent observation #320 | 
DEBUG 2026-06-09 17:03:49 t_client.py:434 QUEUE SIZE: 8 (Must go: False)
DEBUG 2026-06-09 17:03:49 t_client.py:477 Control loop (ms): 109.45
DEBUG 2026-06-09 17:03:49 follower.py:184 follower_right SOFollower read state: 2.3ms
DEBUG 2026-06-09 17:03:49 follower.py:191 follower_right SOFollower read wrist: 0.0ms
DEBUG 2026-06-09 17:03:49 follower.py:184 follower_left SOFollower read state: 2.3ms
DEBUG 2026-06-09 17:03:49 follower.py:191 follower_left SOFollower read wrist: 0.0ms
DEBUG 2026-06-09 17:03:49 t_client.py:198 Observation serialization time: 0.013250s
DEBUG 2026-06-09 17:03:49 ort/utils.py:54 [CLIENT] Observation Buffer size 4.3954973220825195 MB with
DEBUG 2026-06-09 17:03:49 ort/utils.py:69 [CLIENT] Observation Sent 2097152/4609013 bytes with state 1
DEBUG 2026-06-09 17:03:49 ort/utils.py:69 [CLIENT] Observation Sent 4194304/4609013 bytes with state 2
DEBUG 2026-06-09 17:03:49 ort/utils.py:69 [CLIENT] Observation Sent 4609013/4609013 bytes with state 3
DEBUG 2026-06-09 17:03:49 ort/utils.py:71 [CLIENT] Observation Published 4.3954973220825195 MB
DEBUG 2026-06-09 17:03:49 t_client.py:292 Received actions on device: cpu
DEBUG 2026-06-09 17:03:49 t_client.py:302 Actions kept on device: cpu
DEBUG 2026-06-09 17:03:49 t_client.py:209 Sent observation #321 | 
DEBUG 2026-06-09 17:03:49 t_client.py:434 QUEUE SIZE: 7 (Must go: False)
DEBUG 2026-06-09 17:03:49 t_client.py:477 Control loop (ms): 128.68
DEBUG 2026-06-09 17:03:49 t_client.py:477 Control loop (ms): 1.77
DEBUG 2026-06-09 17:03:49 t_client.py:477 Control loop (ms): 1.84
DEBUG 2026-06-09 17:03:49 t_client.py:477 Control loop (ms): 1.98
DEBUG 2026-06-09 17:03:49 t_client.py:292 Received actions on device: cpu
DEBUG 2026-06-09 17:03:49 t_client.py:302 Actions kept on device: cpu
DEBUG 2026-06-09 17:03:49 t_client.py:477 Control loop (ms): 1.80
DEBUG 2026-06-09 17:03:49 t_client.py:477 Control loop (ms): 1.45
DEBUG 2026-06-09 17:03:50 t_client.py:477 Control loop (ms): 1.69
DEBUG 2026-06-09 17:03:50 follower.py:184 follower_right SOFollower read state: 1.7ms
DEBUG 2026-06-09 17:03:50 follower.py:191 follower_right SOFollower read wrist: 0.0ms
DEBUG 2026-06-09 17:03:50 follower.py:184 follower_left SOFollower read state: 1.7ms
DEBUG 2026-06-09 17:03:50 follower.py:191 follower_left SOFollower read wrist: 0.0ms
DEBUG 2026-06-09 17:03:50 t_client.py:198 Observation serialization time: 0.010557s
DEBUG 2026-06-09 17:03:50 ort/utils.py:54 [CLIENT] Observation Buffer size 4.3954973220825195 MB with
DEBUG 2026-06-09 17:03:50 ort/utils.py:69 [CLIENT] Observation Sent 2097152/4609013 bytes with state 1
DEBUG 2026-06-09 17:03:50 ort/utils.py:69 [CLIENT] Observation Sent 4194304/4609013 bytes with state 2
DEBUG 2026-06-09 17:03:50 ort/utils.py:69 [CLIENT] Observation Sent 4609013/4609013 bytes with state 3
DEBUG 2026-06-09 17:03:50 ort/utils.py:71 [CLIENT] Observation Published 4.3954973220825195 MB
DEBUG 2026-06-09 17:03:50 t_client.py:209 Sent observation #328 | 
DEBUG 2026-06-09 17:03:50 t_client.py:434 QUEUE SIZE: 8 (Must go: False)
DEBUG 2026-06-09 17:03:50 t_client.py:477 Control loop (ms): 125.26
DEBUG 2026-06-09 17:03:50 follower.py:184 follower_right SOFollower read state: 2.1ms
DEBUG 2026-06-09 17:03:50 follower.py:191 follower_right SOFollower read wrist: 0.0ms
DEBUG 2026-06-09 17:03:50 follower.py:184 follower_left SOFollower read state: 2.1ms
DEBUG 2026-06-09 17:03:50 follower.py:191 follower_left SOFollower read wrist: 0.1ms
DEBUG 2026-06-09 17:03:50 t_client.py:198 Observation serialization time: 0.008928s
DEBUG 2026-06-09 17:03:50 ort/utils.py:54 [CLIENT] Observation Buffer size 4.3954973220825195 MB with
DEBUG 2026-06-09 17:03:50 ort/utils.py:69 [CLIENT] Observation Sent 2097152/4609013 bytes with state 1
DEBUG 2026-06-09 17:03:50 ort/utils.py:69 [CLIENT] Observation Sent 4194304/4609013 bytes with state 2
DEBUG 2026-06-09 17:03:50 ort/utils.py:69 [CLIENT] Observation Sent 4609013/4609013 bytes with state 3
DEBUG 2026-06-09 17:03:50 ort/utils.py:71 [CLIENT] Observation Published 4.3954973220825195 MB
DEBUG 2026-06-09 17:03:50 t_client.py:292 Received actions on device: cpu
DEBUG 2026-06-09 17:03:50 t_client.py:302 Actions kept on device: cpu
DEBUG 2026-06-09 17:03:50 t_client.py:209 Sent observation #329 | 
DEBUG 2026-06-09 17:03:50 t_client.py:434 QUEUE SIZE: 7 (Must go: False)
DEBUG 2026-06-09 17:03:50 t_client.py:477 Control loop (ms): 162.12
DEBUG 2026-06-09 17:03:50 t_client.py:477 Control loop (ms): 1.43
DEBUG 2026-06-09 17:03:50 t_client.py:477 Control loop (ms): 2.02
DEBUG 2026-06-09 17:03:50 t_client.py:477 Control loop (ms): 2.48
DEBUG 2026-06-09 17:03:50 t_client.py:292 Received actions on device: cpu
DEBUG 2026-06-09 17:03:50 t_client.py:302 Actions kept on device: cpu
DEBUG 2026-06-09 17:03:50 t_client.py:477 Control loop (ms): 1.61
DEBUG 2026-06-09 17:03:50 t_client.py:477 Control loop (ms): 2.42
DEBUG 2026-06-09 17:03:50 t_client.py:477 Control loop (ms): 2.57
DEBUG 2026-06-09 17:03:50 t_client.py:477 Control loop (ms): 1.95
DEBUG 2026-06-09 17:03:50 follower.py:184 follower_right SOFollower read state: 2.6ms
DEBUG 2026-06-09 17:03:50 follower.py:191 follower_right SOFollower read wrist: 0.0ms
DEBUG 2026-06-09 17:03:50 follower.py:184 follower_left SOFollower read state: 1.7ms
DEBUG 2026-06-09 17:03:50 follower.py:191 follower_left SOFollower read wrist: 0.0ms
DEBUG 2026-06-09 17:03:50 t_client.py:198 Observation serialization time: 0.006568s
DEBUG 2026-06-09 17:03:50 ort/utils.py:54 [CLIENT] Observation Buffer size 4.3954973220825195 MB with
DEBUG 2026-06-09 17:03:50 ort/utils.py:69 [CLIENT] Observation Sent 2097152/4609013 bytes with state 1
DEBUG 2026-06-09 17:03:50 ort/utils.py:69 [CLIENT] Observation Sent 4194304/4609013 bytes with state 2
DEBUG 2026-06-09 17:03:50 ort/utils.py:69 [CLIENT] Observation Sent 4609013/4609013 bytes with state 3
DEBUG 2026-06-09 17:03:50 ort/utils.py:71 [CLIENT] Observation Published 4.3954973220825195 MB
DEBUG 2026-06-09 17:03:50 t_client.py:209 Sent observation #336 | 
DEBUG 2026-06-09 17:03:50 t_client.py:434 QUEUE SIZE: 8 (Must go: False)
DEBUG 2026-06-09 17:03:50 t_client.py:477 Control loop (ms): 107.36
DEBUG 2026-06-09 17:03:50 follower.py:184 follower_right SOFollower read state: 1.7ms
DEBUG 2026-06-09 17:03:50 follower.py:191 follower_right SOFollower read wrist: 0.0ms
DEBUG 2026-06-09 17:03:50 follower.py:184 follower_left SOFollower read state: 1.9ms
DEBUG 2026-06-09 17:03:50 follower.py:191 follower_left SOFollower read wrist: 0.0ms
DEBUG 2026-06-09 17:03:50 t_client.py:198 Observation serialization time: 0.007595s
DEBUG 2026-06-09 17:03:50 ort/utils.py:54 [CLIENT] Observation Buffer size 4.3954973220825195 MB with
DEBUG 2026-06-09 17:03:50 ort/utils.py:69 [CLIENT] Observation Sent 2097152/4609013 bytes with state 1
DEBUG 2026-06-09 17:03:50 ort/utils.py:69 [CLIENT] Observation Sent 4194304/4609013 bytes with state 2
DEBUG 2026-06-09 17:03:50 ort/utils.py:69 [CLIENT] Observation Sent 4609013/4609013 bytes with state 3
DEBUG 2026-06-09 17:03:50 ort/utils.py:71 [CLIENT] Observation Published 4.3954973220825195 MB
DEBUG 2026-06-09 17:03:50 t_client.py:209 Sent observation #337 | 
DEBUG 2026-06-09 17:03:50 t_client.py:434 QUEUE SIZE: 7 (Must go: False)
DEBUG 2026-06-09 17:03:50 t_client.py:477 Control loop (ms): 141.09
DEBUG 2026-06-09 17:03:50 t_client.py:292 Received actions on device: cpu
DEBUG 2026-06-09 17:03:50 t_client.py:302 Actions kept on device: cpu
DEBUG 2026-06-09 17:03:50 follower.py:184 follower_right SOFollower read state: 1.8ms
DEBUG 2026-06-09 17:03:50 follower.py:191 follower_right SOFollower read wrist: 0.0ms
DEBUG 2026-06-09 17:03:50 follower.py:184 follower_left SOFollower read state: 1.5ms
DEBUG 2026-06-09 17:03:50 follower.py:191 follower_left SOFollower read wrist: 0.0ms
DEBUG 2026-06-09 17:03:50 t_client.py:198 Observation serialization time: 0.004269s
DEBUG 2026-06-09 17:03:50 ort/utils.py:54 [CLIENT] Observation Buffer size 4.3954973220825195 MB with
DEBUG 2026-06-09 17:03:50 ort/utils.py:69 [CLIENT] Observation Sent 2097152/4609013 bytes with state 1
DEBUG 2026-06-09 17:03:50 ort/utils.py:69 [CLIENT] Observation Sent 4194304/4609013 bytes with state 2
DEBUG 2026-06-09 17:03:50 ort/utils.py:69 [CLIENT] Observation Sent 4609013/4609013 bytes with state 3
DEBUG 2026-06-09 17:03:50 ort/utils.py:71 [CLIENT] Observation Published 4.3954973220825195 MB
DEBUG 2026-06-09 17:03:50 t_client.py:292 Received actions on device: cpu
DEBUG 2026-06-09 17:03:50 t_client.py:302 Actions kept on device: cpu
DEBUG 2026-06-09 17:03:50 t_client.py:209 Sent observation #338 | 
DEBUG 2026-06-09 17:03:50 t_client.py:434 QUEUE SIZE: 13 (Must go: False)
DEBUG 2026-06-09 17:03:50 t_client.py:477 Control loop (ms): 135.79
DEBUG 2026-06-09 17:03:50 t_client.py:477 Control loop (ms): 1.47
DEBUG 2026-06-09 17:03:50 t_client.py:477 Control loop (ms): 2.19
DEBUG 2026-06-09 17:03:51 t_client.py:477 Control loop (ms): 1.75
DEBUG 2026-06-09 17:03:51 t_client.py:292 Received actions on device: cpu
DEBUG 2026-06-09 17:03:51 t_client.py:302 Actions kept on device: cpu
DEBUG 2026-06-09 17:03:51 t_client.py:477 Control loop (ms): 2.20
DEBUG 2026-06-09 17:03:51 t_client.py:477 Control loop (ms): 2.04
DEBUG 2026-06-09 17:03:51 t_client.py:477 Control loop (ms): 2.45
DEBUG 2026-06-09 17:03:51 follower.py:184 follower_right SOFollower read state: 2.4ms
DEBUG 2026-06-09 17:03:51 follower.py:191 follower_right SOFollower read wrist: 0.2ms
DEBUG 2026-06-09 17:03:51 follower.py:184 follower_left SOFollower read state: 2.2ms
DEBUG 2026-06-09 17:03:51 follower.py:191 follower_left SOFollower read wrist: 0.0ms
DEBUG 2026-06-09 17:03:51 t_client.py:198 Observation serialization time: 0.006557s
DEBUG 2026-06-09 17:03:51 ort/utils.py:54 [CLIENT] Observation Buffer size 4.3954973220825195 MB with
DEBUG 2026-06-09 17:03:51 ort/utils.py:69 [CLIENT] Observation Sent 2097152/4609013 bytes with state 1
DEBUG 2026-06-09 17:03:51 ort/utils.py:69 [CLIENT] Observation Sent 4194304/4609013 bytes with state 2
DEBUG 2026-06-09 17:03:51 ort/utils.py:69 [CLIENT] Observation Sent 4609013/4609013 bytes with state 3
DEBUG 2026-06-09 17:03:51 ort/utils.py:71 [CLIENT] Observation Published 4.3954973220825195 MB
DEBUG 2026-06-09 17:03:51 t_client.py:209 Sent observation #345 | 
DEBUG 2026-06-09 17:03:51 t_client.py:434 QUEUE SIZE: 8 (Must go: False)
DEBUG 2026-06-09 17:03:51 t_client.py:477 Control loop (ms): 136.38
DEBUG 2026-06-09 17:03:51 follower.py:184 follower_right SOFollower read state: 1.9ms
DEBUG 2026-06-09 17:03:51 follower.py:191 follower_right SOFollower read wrist: 0.0ms
DEBUG 2026-06-09 17:03:51 follower.py:184 follower_left SOFollower read state: 1.7ms
DEBUG 2026-06-09 17:03:51 follower.py:191 follower_left SOFollower read wrist: 0.0ms
DEBUG 2026-06-09 17:03:51 t_client.py:198 Observation serialization time: 0.005864s
DEBUG 2026-06-09 17:03:51 ort/utils.py:54 [CLIENT] Observation Buffer size 4.3954973220825195 MB with
DEBUG 2026-06-09 17:03:51 ort/utils.py:69 [CLIENT] Observation Sent 2097152/4609013 bytes with state 1
DEBUG 2026-06-09 17:03:51 ort/utils.py:69 [CLIENT] Observation Sent 4194304/4609013 bytes with state 2
DEBUG 2026-06-09 17:03:51 ort/utils.py:69 [CLIENT] Observation Sent 4609013/4609013 bytes with state 3
DEBUG 2026-06-09 17:03:51 ort/utils.py:71 [CLIENT] Observation Published 4.3954973220825195 MB
DEBUG 2026-06-09 17:03:51 t_client.py:292 Received actions on device: cpu
DEBUG 2026-06-09 17:03:51 t_client.py:302 Actions kept on device: cpu
DEBUG 2026-06-09 17:03:51 t_client.py:209 Sent observation #346 | 
DEBUG 2026-06-09 17:03:51 t_client.py:434 QUEUE SIZE: 7 (Must go: False)
DEBUG 2026-06-09 17:03:51 t_client.py:477 Control loop (ms): 144.04
DEBUG 2026-06-09 17:03:51 t_client.py:477 Control loop (ms): 1.70
DEBUG 2026-06-09 17:03:51 t_client.py:477 Control loop (ms): 2.24
DEBUG 2026-06-09 17:03:51 t_client.py:477 Control loop (ms): 2.62
DEBUG 2026-06-09 17:03:51 t_client.py:292 Received actions on device: cpu
DEBUG 2026-06-09 17:03:51 t_client.py:302 Actions kept on device: cpu
DEBUG 2026-06-09 17:03:51 t_client.py:477 Control loop (ms): 2.28
DEBUG 2026-06-09 17:03:51 t_client.py:477 Control loop (ms): 2.33
DEBUG 2026-06-09 17:03:51 t_client.py:477 Control loop (ms): 2.19
DEBUG 2026-06-09 17:03:51 follower.py:184 follower_right SOFollower read state: 2.0ms
DEBUG 2026-06-09 17:03:51 follower.py:191 follower_right SOFollower read wrist: 0.0ms
DEBUG 2026-06-09 17:03:51 follower.py:184 follower_left SOFollower read state: 2.4ms
DEBUG 2026-06-09 17:03:51 follower.py:191 follower_left SOFollower read wrist: 0.0ms
DEBUG 2026-06-09 17:03:51 t_client.py:198 Observation serialization time: 0.009054s
DEBUG 2026-06-09 17:03:51 ort/utils.py:54 [CLIENT] Observation Buffer size 4.3954973220825195 MB with
DEBUG 2026-06-09 17:03:51 ort/utils.py:69 [CLIENT] Observation Sent 2097152/4609013 bytes with state 1
DEBUG 2026-06-09 17:03:51 ort/utils.py:69 [CLIENT] Observation Sent 4194304/4609013 bytes with state 2
DEBUG 2026-06-09 17:03:51 ort/utils.py:69 [CLIENT] Observation Sent 4609013/4609013 bytes with state 3
DEBUG 2026-06-09 17:03:51 ort/utils.py:71 [CLIENT] Observation Published 4.3954973220825195 MB
DEBUG 2026-06-09 17:03:51 t_client.py:209 Sent observation #353 | 
DEBUG 2026-06-09 17:03:51 t_client.py:434 QUEUE SIZE: 8 (Must go: False)
DEBUG 2026-06-09 17:03:51 t_client.py:477 Control loop (ms): 118.79
DEBUG 2026-06-09 17:03:51 follower.py:184 follower_right SOFollower read state: 1.8ms
DEBUG 2026-06-09 17:03:51 follower.py:191 follower_right SOFollower read wrist: 0.0ms
DEBUG 2026-06-09 17:03:51 follower.py:184 follower_left SOFollower read state: 2.0ms
DEBUG 2026-06-09 17:03:51 follower.py:191 follower_left SOFollower read wrist: 0.0ms
DEBUG 2026-06-09 17:03:51 t_client.py:198 Observation serialization time: 0.007893s
DEBUG 2026-06-09 17:03:51 ort/utils.py:54 [CLIENT] Observation Buffer size 4.3954973220825195 MB with
DEBUG 2026-06-09 17:03:51 ort/utils.py:69 [CLIENT] Observation Sent 2097152/4609013 bytes with state 1
DEBUG 2026-06-09 17:03:51 ort/utils.py:69 [CLIENT] Observation Sent 4194304/4609013 bytes with state 2
DEBUG 2026-06-09 17:03:51 ort/utils.py:69 [CLIENT] Observation Sent 4609013/4609013 bytes with state 3
DEBUG 2026-06-09 17:03:51 ort/utils.py:71 [CLIENT] Observation Published 4.3954973220825195 MB
DEBUG 2026-06-09 17:03:51 t_client.py:209 Sent observation #354 | 
DEBUG 2026-06-09 17:03:51 t_client.py:434 QUEUE SIZE: 7 (Must go: False)
DEBUG 2026-06-09 17:03:51 t_client.py:477 Control loop (ms): 119.73
DEBUG 2026-06-09 17:03:51 t_client.py:292 Received actions on device: cpu
DEBUG 2026-06-09 17:03:51 t_client.py:302 Actions kept on device: cpu
DEBUG 2026-06-09 17:03:51 follower.py:184 follower_right SOFollower read state: 1.6ms
DEBUG 2026-06-09 17:03:51 follower.py:191 follower_right SOFollower read wrist: 0.0ms
DEBUG 2026-06-09 17:03:51 follower.py:184 follower_left SOFollower read state: 1.5ms
DEBUG 2026-06-09 17:03:51 follower.py:191 follower_left SOFollower read wrist: 0.0ms
DEBUG 2026-06-09 17:03:51 t_client.py:198 Observation serialization time: 0.004447s
DEBUG 2026-06-09 17:03:51 ort/utils.py:54 [CLIENT] Observation Buffer size 4.3954973220825195 MB with
DEBUG 2026-06-09 17:03:51 ort/utils.py:69 [CLIENT] Observation Sent 2097152/4609013 bytes with state 1
DEBUG 2026-06-09 17:03:51 ort/utils.py:69 [CLIENT] Observation Sent 4194304/4609013 bytes with state 2
DEBUG 2026-06-09 17:03:51 ort/utils.py:69 [CLIENT] Observation Sent 4609013/4609013 bytes with state 3
DEBUG 2026-06-09 17:03:51 ort/utils.py:71 [CLIENT] Observation Published 4.3954973220825195 MB
DEBUG 2026-06-09 17:03:51 t_client.py:209 Sent observation #355 | 
DEBUG 2026-06-09 17:03:51 t_client.py:434 QUEUE SIZE: 13 (Must go: False)
DEBUG 2026-06-09 17:03:51 t_client.py:477 Control loop (ms): 110.46
DEBUG 2026-06-09 17:03:52 t_client.py:477 Control loop (ms): 8.86
DEBUG 2026-06-09 17:03:52 t_client.py:292 Received actions on device: cpu
DEBUG 2026-06-09 17:03:52 t_client.py:302 Actions kept on device: cpu
DEBUG 2026-06-09 17:03:52 t_client.py:477 Control loop (ms): 1.39
DEBUG 2026-06-09 17:03:52 t_client.py:477 Control loop (ms): 2.08
DEBUG 2026-06-09 17:03:52 t_client.py:477 Control loop (ms): 2.64
DEBUG 2026-06-09 17:03:52 t_client.py:292 Received actions on device: cpu
DEBUG 2026-06-09 17:03:52 t_client.py:302 Actions kept on device: cpu
DEBUG 2026-06-09 17:03:52 t_client.py:477 Control loop (ms): 2.01
DEBUG 2026-06-09 17:03:52 t_client.py:477 Control loop (ms): 1.70
DEBUG 2026-06-09 17:03:52 follower.py:184 follower_right SOFollower read state: 2.3ms
DEBUG 2026-06-09 17:03:52 follower.py:191 follower_right SOFollower read wrist: 0.1ms
DEBUG 2026-06-09 17:03:52 follower.py:184 follower_left SOFollower read state: 2.2ms
DEBUG 2026-06-09 17:03:52 follower.py:191 follower_left SOFollower read wrist: 0.0ms
DEBUG 2026-06-09 17:03:52 t_client.py:198 Observation serialization time: 0.010301s
DEBUG 2026-06-09 17:03:52 ort/utils.py:54 [CLIENT] Observation Buffer size 4.3954973220825195 MB with
DEBUG 2026-06-09 17:03:52 ort/utils.py:69 [CLIENT] Observation Sent 2097152/4609013 bytes with state 1
DEBUG 2026-06-09 17:03:52 ort/utils.py:69 [CLIENT] Observation Sent 4194304/4609013 bytes with state 2
DEBUG 2026-06-09 17:03:52 ort/utils.py:69 [CLIENT] Observation Sent 4609013/4609013 bytes with state 3
DEBUG 2026-06-09 17:03:52 ort/utils.py:71 [CLIENT] Observation Published 4.3954973220825195 MB
DEBUG 2026-06-09 17:03:52 t_client.py:209 Sent observation #362 | 
DEBUG 2026-06-09 17:03:52 t_client.py:434 QUEUE SIZE: 8 (Must go: False)
DEBUG 2026-06-09 17:03:52 t_client.py:477 Control loop (ms): 130.13
DEBUG 2026-06-09 17:03:52 follower.py:184 follower_right SOFollower read state: 2.0ms
DEBUG 2026-06-09 17:03:52 follower.py:191 follower_right SOFollower read wrist: 0.0ms
DEBUG 2026-06-09 17:03:52 follower.py:184 follower_left SOFollower read state: 1.8ms
DEBUG 2026-06-09 17:03:52 follower.py:191 follower_left SOFollower read wrist: 0.0ms
DEBUG 2026-06-09 17:03:52 t_client.py:198 Observation serialization time: 0.007765s
DEBUG 2026-06-09 17:03:52 ort/utils.py:54 [CLIENT] Observation Buffer size 4.3954973220825195 MB with
DEBUG 2026-06-09 17:03:52 ort/utils.py:69 [CLIENT] Observation Sent 2097152/4609013 bytes with state 1
DEBUG 2026-06-09 17:03:52 ort/utils.py:69 [CLIENT] Observation Sent 4194304/4609013 bytes with state 2
DEBUG 2026-06-09 17:03:52 ort/utils.py:69 [CLIENT] Observation Sent 4609013/4609013 bytes with state 3
DEBUG 2026-06-09 17:03:52 ort/utils.py:71 [CLIENT] Observation Published 4.3954973220825195 MB
DEBUG 2026-06-09 17:03:52 t_client.py:292 Received actions on device: cpu
DEBUG 2026-06-09 17:03:52 t_client.py:302 Actions kept on device: cpu
DEBUG 2026-06-09 17:03:52 t_client.py:209 Sent observation #363 | 
DEBUG 2026-06-09 17:03:52 t_client.py:434 QUEUE SIZE: 7 (Must go: False)
DEBUG 2026-06-09 17:03:52 t_client.py:477 Control loop (ms): 131.66
DEBUG 2026-06-09 17:03:52 t_client.py:477 Control loop (ms): 0.94
DEBUG 2026-06-09 17:03:52 t_client.py:477 Control loop (ms): 1.43
DEBUG 2026-06-09 17:03:52 t_client.py:477 Control loop (ms): 1.20
DEBUG 2026-06-09 17:03:52 t_client.py:292 Received actions on device: cpu
DEBUG 2026-06-09 17:03:52 t_client.py:302 Actions kept on device: cpu
DEBUG 2026-06-09 17:03:52 t_client.py:477 Control loop (ms): 1.05
DEBUG 2026-06-09 17:03:52 t_client.py:477 Control loop (ms): 1.28
DEBUG 2026-06-09 17:03:52 t_client.py:477 Control loop (ms): 1.33
DEBUG 2026-06-09 17:03:52 follower.py:184 follower_right SOFollower read state: 2.0ms
DEBUG 2026-06-09 17:03:52 follower.py:191 follower_right SOFollower read wrist: 0.0ms
DEBUG 2026-06-09 17:03:52 follower.py:184 follower_left SOFollower read state: 2.4ms
DEBUG 2026-06-09 17:03:52 follower.py:191 follower_left SOFollower read wrist: 0.0ms
DEBUG 2026-06-09 17:03:52 t_client.py:198 Observation serialization time: 0.010197s
DEBUG 2026-06-09 17:03:52 ort/utils.py:54 [CLIENT] Observation Buffer size 4.3954973220825195 MB with
DEBUG 2026-06-09 17:03:52 ort/utils.py:69 [CLIENT] Observation Sent 2097152/4609013 bytes with state 1
DEBUG 2026-06-09 17:03:52 ort/utils.py:69 [CLIENT] Observation Sent 4194304/4609013 bytes with state 2
DEBUG 2026-06-09 17:03:52 ort/utils.py:69 [CLIENT] Observation Sent 4609013/4609013 bytes with state 3
DEBUG 2026-06-09 17:03:52 ort/utils.py:71 [CLIENT] Observation Published 4.3954973220825195 MB
DEBUG 2026-06-09 17:03:52 t_client.py:209 Sent observation #370 | 
DEBUG 2026-06-09 17:03:52 t_client.py:434 QUEUE SIZE: 8 (Must go: False)
DEBUG 2026-06-09 17:03:52 t_client.py:477 Control loop (ms): 146.65
DEBUG 2026-06-09 17:03:52 follower.py:184 follower_right SOFollower read state: 1.8ms
DEBUG 2026-06-09 17:03:52 follower.py:191 follower_right SOFollower read wrist: 0.0ms
DEBUG 2026-06-09 17:03:52 follower.py:184 follower_left SOFollower read state: 1.8ms
DEBUG 2026-06-09 17:03:52 follower.py:191 follower_left SOFollower read wrist: 0.0ms
DEBUG 2026-06-09 17:03:52 t_client.py:198 Observation serialization time: 0.007154s
DEBUG 2026-06-09 17:03:52 ort/utils.py:54 [CLIENT] Observation Buffer size 4.3954973220825195 MB with
DEBUG 2026-06-09 17:03:52 ort/utils.py:69 [CLIENT] Observation Sent 2097152/4609013 bytes with state 1
DEBUG 2026-06-09 17:03:52 ort/utils.py:69 [CLIENT] Observation Sent 4194304/4609013 bytes with state 2
DEBUG 2026-06-09 17:03:52 ort/utils.py:69 [CLIENT] Observation Sent 4609013/4609013 bytes with state 3
DEBUG 2026-06-09 17:03:52 ort/utils.py:71 [CLIENT] Observation Published 4.3954973220825195 MB
DEBUG 2026-06-09 17:03:52 t_client.py:209 Sent observation #371 | 
DEBUG 2026-06-09 17:03:52 t_client.py:434 QUEUE SIZE: 7 (Must go: False)
DEBUG 2026-06-09 17:03:52 t_client.py:477 Control loop (ms): 123.60
DEBUG 2026-06-09 17:03:52 follower.py:184 follower_right SOFollower read state: 3.1ms
DEBUG 2026-06-09 17:03:52 follower.py:191 follower_right SOFollower read wrist: 0.1ms
DEBUG 2026-06-09 17:03:52 t_client.py:292 Received actions on device: cpu
DEBUG 2026-06-09 17:03:52 t_client.py:302 Actions kept on device: cpu
DEBUG 2026-06-09 17:03:52 follower.py:184 follower_left SOFollower read state: 2.4ms
DEBUG 2026-06-09 17:03:52 follower.py:191 follower_left SOFollower read wrist: 0.0ms
DEBUG 2026-06-09 17:03:52 t_client.py:198 Observation serialization time: 0.009041s
DEBUG 2026-06-09 17:03:52 ort/utils.py:54 [CLIENT] Observation Buffer size 4.3954973220825195 MB with
DEBUG 2026-06-09 17:03:52 ort/utils.py:69 [CLIENT] Observation Sent 2097152/4609013 bytes with state 1
DEBUG 2026-06-09 17:03:52 ort/utils.py:69 [CLIENT] Observation Sent 4194304/4609013 bytes with state 2
DEBUG 2026-06-09 17:03:52 ort/utils.py:69 [CLIENT] Observation Sent 4609013/4609013 bytes with state 3
DEBUG 2026-06-09 17:03:52 ort/utils.py:71 [CLIENT] Observation Published 4.3954973220825195 MB
DEBUG 2026-06-09 17:03:53 t_client.py:292 Received actions on device: cpu
DEBUG 2026-06-09 17:03:53 t_client.py:302 Actions kept on device: cpu
DEBUG 2026-06-09 17:03:53 t_client.py:209 Sent observation #372 | 
DEBUG 2026-06-09 17:03:53 t_client.py:434 QUEUE SIZE: 13 (Must go: False)
DEBUG 2026-06-09 17:03:53 t_client.py:477 Control loop (ms): 146.71
DEBUG 2026-06-09 17:03:53 t_client.py:477 Control loop (ms): 1.50
DEBUG 2026-06-09 17:03:53 t_client.py:477 Control loop (ms): 2.15
DEBUG 2026-06-09 17:03:53 t_client.py:477 Control loop (ms): 2.50
DEBUG 2026-06-09 17:03:53 t_client.py:292 Received actions on device: cpu
DEBUG 2026-06-09 17:03:53 t_client.py:302 Actions kept on device: cpu
DEBUG 2026-06-09 17:03:53 t_client.py:477 Control loop (ms): 3.16
DEBUG 2026-06-09 17:03:53 t_client.py:477 Control loop (ms): 2.94
DEBUG 2026-06-09 17:03:53 t_client.py:477 Control loop (ms): 2.95
DEBUG 2026-06-09 17:03:53 follower.py:184 follower_right SOFollower read state: 2.2ms
DEBUG 2026-06-09 17:03:53 follower.py:191 follower_right SOFollower read wrist: 0.0ms
DEBUG 2026-06-09 17:03:53 follower.py:184 follower_left SOFollower read state: 2.1ms
DEBUG 2026-06-09 17:03:53 follower.py:191 follower_left SOFollower read wrist: 0.0ms
DEBUG 2026-06-09 17:03:53 t_client.py:198 Observation serialization time: 0.008173s
DEBUG 2026-06-09 17:03:53 ort/utils.py:54 [CLIENT] Observation Buffer size 4.3954973220825195 MB with
DEBUG 2026-06-09 17:03:53 ort/utils.py:69 [CLIENT] Observation Sent 2097152/4609013 bytes with state 1
DEBUG 2026-06-09 17:03:53 ort/utils.py:69 [CLIENT] Observation Sent 4194304/4609013 bytes with state 2
DEBUG 2026-06-09 17:03:53 ort/utils.py:69 [CLIENT] Observation Sent 4609013/4609013 bytes with state 3
DEBUG 2026-06-09 17:03:53 ort/utils.py:71 [CLIENT] Observation Published 4.3954973220825195 MB
DEBUG 2026-06-09 17:03:53 t_client.py:209 Sent observation #379 | 
DEBUG 2026-06-09 17:03:53 t_client.py:434 QUEUE SIZE: 8 (Must go: False)
DEBUG 2026-06-09 17:03:53 t_client.py:477 Control loop (ms): 130.01
DEBUG 2026-06-09 17:03:53 follower.py:184 follower_right SOFollower read state: 1.8ms
DEBUG 2026-06-09 17:03:53 follower.py:191 follower_right SOFollower read wrist: 0.0ms
DEBUG 2026-06-09 17:03:53 follower.py:184 follower_left SOFollower read state: 2.1ms
DEBUG 2026-06-09 17:03:53 follower.py:191 follower_left SOFollower read wrist: 0.0ms
DEBUG 2026-06-09 17:03:53 t_client.py:198 Observation serialization time: 0.008342s
DEBUG 2026-06-09 17:03:53 ort/utils.py:54 [CLIENT] Observation Buffer size 4.3954973220825195 MB with
DEBUG 2026-06-09 17:03:53 ort/utils.py:69 [CLIENT] Observation Sent 2097152/4609013 bytes with state 1
DEBUG 2026-06-09 17:03:53 ort/utils.py:69 [CLIENT] Observation Sent 4194304/4609013 bytes with state 2
DEBUG 2026-06-09 17:03:53 ort/utils.py:69 [CLIENT] Observation Sent 4609013/4609013 bytes with state 3
DEBUG 2026-06-09 17:03:53 ort/utils.py:71 [CLIENT] Observation Published 4.3954973220825195 MB
DEBUG 2026-06-09 17:03:53 t_client.py:292 Received actions on device: cpu
DEBUG 2026-06-09 17:03:53 t_client.py:302 Actions kept on device: cpu
DEBUG 2026-06-09 17:03:53 t_client.py:209 Sent observation #380 | 
DEBUG 2026-06-09 17:03:53 t_client.py:434 QUEUE SIZE: 7 (Must go: False)
DEBUG 2026-06-09 17:03:53 t_client.py:477 Control loop (ms): 125.25
DEBUG 2026-06-09 17:03:53 t_client.py:477 Control loop (ms): 2.14
DEBUG 2026-06-09 17:03:53 t_client.py:477 Control loop (ms): 2.59
DEBUG 2026-06-09 17:03:53 t_client.py:477 Control loop (ms): 1.61
DEBUG 2026-06-09 17:03:53 t_client.py:292 Received actions on device: cpu
DEBUG 2026-06-09 17:03:53 t_client.py:302 Actions kept on device: cpu
DEBUG 2026-06-09 17:03:53 t_client.py:477 Control loop (ms): 2.04
DEBUG 2026-06-09 17:03:53 t_client.py:477 Control loop (ms): 2.17
DEBUG 2026-06-09 17:03:53 t_client.py:477 Control loop (ms): 1.90
DEBUG 2026-06-09 17:03:53 follower.py:184 follower_right SOFollower read state: 1.9ms
DEBUG 2026-06-09 17:03:53 follower.py:191 follower_right SOFollower read wrist: 0.0ms
DEBUG 2026-06-09 17:03:53 follower.py:184 follower_left SOFollower read state: 1.8ms
DEBUG 2026-06-09 17:03:53 follower.py:191 follower_left SOFollower read wrist: 0.0ms
DEBUG 2026-06-09 17:03:53 t_client.py:198 Observation serialization time: 0.012334s
DEBUG 2026-06-09 17:03:53 ort/utils.py:54 [CLIENT] Observation Buffer size 4.3954973220825195 MB with
DEBUG 2026-06-09 17:03:53 ort/utils.py:69 [CLIENT] Observation Sent 2097152/4609013 bytes with state 1
DEBUG 2026-06-09 17:03:53 ort/utils.py:69 [CLIENT] Observation Sent 4194304/4609013 bytes with state 2
DEBUG 2026-06-09 17:03:53 ort/utils.py:69 [CLIENT] Observation Sent 4609013/4609013 bytes with state 3
DEBUG 2026-06-09 17:03:53 ort/utils.py:71 [CLIENT] Observation Published 4.3954973220825195 MB
DEBUG 2026-06-09 17:03:53 t_client.py:209 Sent observation #387 | 
DEBUG 2026-06-09 17:03:53 t_client.py:434 QUEUE SIZE: 8 (Must go: False)
DEBUG 2026-06-09 17:03:53 t_client.py:477 Control loop (ms): 149.38
DEBUG 2026-06-09 17:03:53 follower.py:184 follower_right SOFollower read state: 1.9ms
DEBUG 2026-06-09 17:03:53 follower.py:191 follower_right SOFollower read wrist: 0.0ms
DEBUG 2026-06-09 17:03:53 follower.py:184 follower_left SOFollower read state: 3.0ms
DEBUG 2026-06-09 17:03:53 follower.py:191 follower_left SOFollower read wrist: 0.0ms
DEBUG 2026-06-09 17:03:53 t_client.py:198 Observation serialization time: 0.010891s
DEBUG 2026-06-09 17:03:53 ort/utils.py:54 [CLIENT] Observation Buffer size 4.3954973220825195 MB with
DEBUG 2026-06-09 17:03:53 ort/utils.py:69 [CLIENT] Observation Sent 2097152/4609013 bytes with state 1
DEBUG 2026-06-09 17:03:53 ort/utils.py:69 [CLIENT] Observation Sent 4194304/4609013 bytes with state 2
DEBUG 2026-06-09 17:03:53 ort/utils.py:69 [CLIENT] Observation Sent 4609013/4609013 bytes with state 3
DEBUG 2026-06-09 17:03:53 ort/utils.py:71 [CLIENT] Observation Published 4.3954973220825195 MB
DEBUG 2026-06-09 17:03:53 t_client.py:292 Received actions on device: cpu
DEBUG 2026-06-09 17:03:53 t_client.py:302 Actions kept on device: cpu
DEBUG 2026-06-09 17:03:54 t_client.py:209 Sent observation #388 | 
DEBUG 2026-06-09 17:03:54 t_client.py:434 QUEUE SIZE: 7 (Must go: False)
DEBUG 2026-06-09 17:03:54 t_client.py:477 Control loop (ms): 130.35
DEBUG 2026-06-09 17:03:54 t_client.py:477 Control loop (ms): 1.26
DEBUG 2026-06-09 17:03:54 t_client.py:477 Control loop (ms): 1.90
DEBUG 2026-06-09 17:03:54 t_client.py:477 Control loop (ms): 2.51
DEBUG 2026-06-09 17:03:54 t_client.py:292 Received actions on device: cpu
DEBUG 2026-06-09 17:03:54 t_client.py:302 Actions kept on device: cpu
DEBUG 2026-06-09 17:03:54 t_client.py:477 Control loop (ms): 1.35
DEBUG 2026-06-09 17:03:54 t_client.py:477 Control loop (ms): 2.57
DEBUG 2026-06-09 17:03:54 t_client.py:477 Control loop (ms): 1.89
DEBUG 2026-06-09 17:03:54 follower.py:184 follower_right SOFollower read state: 2.4ms
DEBUG 2026-06-09 17:03:54 follower.py:191 follower_right SOFollower read wrist: 0.0ms
DEBUG 2026-06-09 17:03:54 follower.py:184 follower_left SOFollower read state: 1.9ms
DEBUG 2026-06-09 17:03:54 follower.py:191 follower_left SOFollower read wrist: 0.0ms
DEBUG 2026-06-09 17:03:54 t_client.py:198 Observation serialization time: 0.010896s
DEBUG 2026-06-09 17:03:54 ort/utils.py:54 [CLIENT] Observation Buffer size 4.3954973220825195 MB with
DEBUG 2026-06-09 17:03:54 ort/utils.py:69 [CLIENT] Observation Sent 2097152/4609013 bytes with state 1
DEBUG 2026-06-09 17:03:54 ort/utils.py:69 [CLIENT] Observation Sent 4194304/4609013 bytes with state 2
DEBUG 2026-06-09 17:03:54 ort/utils.py:69 [CLIENT] Observation Sent 4609013/4609013 bytes with state 3
DEBUG 2026-06-09 17:03:54 ort/utils.py:71 [CLIENT] Observation Published 4.3954973220825195 MB
DEBUG 2026-06-09 17:03:54 t_client.py:209 Sent observation #395 | 
DEBUG 2026-06-09 17:03:54 t_client.py:434 QUEUE SIZE: 8 (Must go: False)
DEBUG 2026-06-09 17:03:54 t_client.py:477 Control loop (ms): 119.81
DEBUG 2026-06-09 17:03:54 follower.py:184 follower_right SOFollower read state: 2.7ms
DEBUG 2026-06-09 17:03:54 follower.py:191 follower_right SOFollower read wrist: 0.0ms
DEBUG 2026-06-09 17:03:54 follower.py:184 follower_left SOFollower read state: 1.8ms
DEBUG 2026-06-09 17:03:54 follower.py:191 follower_left SOFollower read wrist: 0.0ms
DEBUG 2026-06-09 17:03:54 t_client.py:198 Observation serialization time: 0.009358s
DEBUG 2026-06-09 17:03:54 ort/utils.py:54 [CLIENT] Observation Buffer size 4.3954973220825195 MB with
DEBUG 2026-06-09 17:03:54 ort/utils.py:69 [CLIENT] Observation Sent 2097152/4609013 bytes with state 1
DEBUG 2026-06-09 17:03:54 ort/utils.py:69 [CLIENT] Observation Sent 4194304/4609013 bytes with state 2
DEBUG 2026-06-09 17:03:54 ort/utils.py:69 [CLIENT] Observation Sent 4609013/4609013 bytes with state 3
DEBUG 2026-06-09 17:03:54 ort/utils.py:71 [CLIENT] Observation Published 4.3954973220825195 MB
DEBUG 2026-06-09 17:03:54 t_client.py:292 Received actions on device: cpu
DEBUG 2026-06-09 17:03:54 t_client.py:302 Actions kept on device: cpu
DEBUG 2026-06-09 17:03:54 t_client.py:209 Sent observation #396 | 
DEBUG 2026-06-09 17:03:54 t_client.py:434 QUEUE SIZE: 7 (Must go: False)
DEBUG 2026-06-09 17:03:54 t_client.py:477 Control loop (ms): 110.31
DEBUG 2026-06-09 17:03:54 follower.py:184 follower_right SOFollower read state: 1.9ms
DEBUG 2026-06-09 17:03:54 follower.py:191 follower_right SOFollower read wrist: 0.0ms
DEBUG 2026-06-09 17:03:54 follower.py:184 follower_left SOFollower read state: 3.0ms
DEBUG 2026-06-09 17:03:54 follower.py:191 follower_left SOFollower read wrist: 0.1ms
DEBUG 2026-06-09 17:03:54 t_client.py:198 Observation serialization time: 0.007187s
DEBUG 2026-06-09 17:03:54 ort/utils.py:54 [CLIENT] Observation Buffer size 4.3954973220825195 MB with
DEBUG 2026-06-09 17:03:54 ort/utils.py:69 [CLIENT] Observation Sent 2097152/4609013 bytes with state 1
DEBUG 2026-06-09 17:03:54 ort/utils.py:69 [CLIENT] Observation Sent 4194304/4609013 bytes with state 2
DEBUG 2026-06-09 17:03:54 ort/utils.py:69 [CLIENT] Observation Sent 4609013/4609013 bytes with state 3
DEBUG 2026-06-09 17:03:54 ort/utils.py:71 [CLIENT] Observation Published 4.3954973220825195 MB
DEBUG 2026-06-09 17:03:54 t_client.py:209 Sent observation #397 | 
DEBUG 2026-06-09 17:03:54 t_client.py:434 QUEUE SIZE: 14 (Must go: False)
DEBUG 2026-06-09 17:03:54 t_client.py:477 Control loop (ms): 129.85
DEBUG 2026-06-09 17:03:54 t_client.py:292 Received actions on device: cpu
DEBUG 2026-06-09 17:03:54 t_client.py:302 Actions kept on device: cpu
DEBUG 2026-06-09 17:03:54 t_client.py:477 Control loop (ms): 9.72
DEBUG 2026-06-09 17:03:54 t_client.py:477 Control loop (ms): 2.59
DEBUG 2026-06-09 17:03:54 t_client.py:477 Control loop (ms): 2.60
DEBUG 2026-06-09 17:03:54 t_client.py:477 Control loop (ms): 3.03
DEBUG 2026-06-09 17:03:54 t_client.py:292 Received actions on device: cpu
DEBUG 2026-06-09 17:03:54 t_client.py:302 Actions kept on device: cpu
DEBUG 2026-06-09 17:03:54 t_client.py:477 Control loop (ms): 2.17
DEBUG 2026-06-09 17:03:54 t_client.py:477 Control loop (ms): 2.33
DEBUG 2026-06-09 17:03:54 t_client.py:477 Control loop (ms): 2.05
DEBUG 2026-06-09 17:03:54 follower.py:184 follower_right SOFollower read state: 2.0ms
DEBUG 2026-06-09 17:03:54 follower.py:191 follower_right SOFollower read wrist: 0.0ms
DEBUG 2026-06-09 17:03:54 follower.py:184 follower_left SOFollower read state: 1.8ms
DEBUG 2026-06-09 17:03:54 follower.py:191 follower_left SOFollower read wrist: 0.0ms
DEBUG 2026-06-09 17:03:54 t_client.py:198 Observation serialization time: 0.006117s
DEBUG 2026-06-09 17:03:54 ort/utils.py:54 [CLIENT] Observation Buffer size 4.3954973220825195 MB with
DEBUG 2026-06-09 17:03:54 ort/utils.py:69 [CLIENT] Observation Sent 2097152/4609013 bytes with state 1
DEBUG 2026-06-09 17:03:54 ort/utils.py:69 [CLIENT] Observation Sent 4194304/4609013 bytes with state 2
DEBUG 2026-06-09 17:03:54 ort/utils.py:69 [CLIENT] Observation Sent 4609013/4609013 bytes with state 3
DEBUG 2026-06-09 17:03:54 ort/utils.py:71 [CLIENT] Observation Published 4.3954973220825195 MB
DEBUG 2026-06-09 17:03:54 t_client.py:209 Sent observation #404 | 
DEBUG 2026-06-09 17:03:54 t_client.py:434 QUEUE SIZE: 8 (Must go: False)
DEBUG 2026-06-09 17:03:54 t_client.py:477 Control loop (ms): 119.32
DEBUG 2026-06-09 17:03:54 follower.py:184 follower_right SOFollower read state: 1.8ms
DEBUG 2026-06-09 17:03:54 follower.py:191 follower_right SOFollower read wrist: 0.0ms
DEBUG 2026-06-09 17:03:54 follower.py:184 follower_left SOFollower read state: 1.8ms
DEBUG 2026-06-09 17:03:54 follower.py:191 follower_left SOFollower read wrist: 0.0ms
DEBUG 2026-06-09 17:03:54 t_client.py:198 Observation serialization time: 0.009592s
DEBUG 2026-06-09 17:03:54 ort/utils.py:54 [CLIENT] Observation Buffer size 4.3954973220825195 MB with
DEBUG 2026-06-09 17:03:54 ort/utils.py:69 [CLIENT] Observation Sent 2097152/4609013 bytes with state 1
DEBUG 2026-06-09 17:03:55 ort/utils.py:69 [CLIENT] Observation Sent 4194304/4609013 bytes with state 2
DEBUG 2026-06-09 17:03:55 ort/utils.py:69 [CLIENT] Observation Sent 4609013/4609013 bytes with state 3
DEBUG 2026-06-09 17:03:55 ort/utils.py:71 [CLIENT] Observation Published 4.3954973220825195 MB
DEBUG 2026-06-09 17:03:55 t_client.py:292 Received actions on device: cpu
DEBUG 2026-06-09 17:03:55 t_client.py:302 Actions kept on device: cpu
DEBUG 2026-06-09 17:03:55 t_client.py:209 Sent observation #405 | 
DEBUG 2026-06-09 17:03:55 t_client.py:434 QUEUE SIZE: 7 (Must go: False)
DEBUG 2026-06-09 17:03:55 t_client.py:477 Control loop (ms): 116.87
DEBUG 2026-06-09 17:03:55 t_client.py:477 Control loop (ms): 1.56
DEBUG 2026-06-09 17:03:55 t_client.py:477 Control loop (ms): 1.96
DEBUG 2026-06-09 17:03:55 t_client.py:477 Control loop (ms): 1.53
DEBUG 2026-06-09 17:03:55 t_client.py:292 Received actions on device: cpu
DEBUG 2026-06-09 17:03:55 t_client.py:302 Actions kept on device: cpu
DEBUG 2026-06-09 17:03:55 t_client.py:477 Control loop (ms): 2.08
DEBUG 2026-06-09 17:03:55 t_client.py:477 Control loop (ms): 2.53
DEBUG 2026-06-09 17:03:55 t_client.py:477 Control loop (ms): 1.84
DEBUG 2026-06-09 17:03:55 follower.py:184 follower_right SOFollower read state: 1.9ms
DEBUG 2026-06-09 17:03:55 follower.py:191 follower_right SOFollower read wrist: 0.0ms
DEBUG 2026-06-09 17:03:55 follower.py:184 follower_left SOFollower read state: 1.9ms
DEBUG 2026-06-09 17:03:55 follower.py:191 follower_left SOFollower read wrist: 0.0ms
DEBUG 2026-06-09 17:03:55 t_client.py:198 Observation serialization time: 0.008212s
DEBUG 2026-06-09 17:03:55 ort/utils.py:54 [CLIENT] Observation Buffer size 4.3954973220825195 MB with
DEBUG 2026-06-09 17:03:55 ort/utils.py:69 [CLIENT] Observation Sent 2097152/4609013 bytes with state 1
DEBUG 2026-06-09 17:03:55 ort/utils.py:69 [CLIENT] Observation Sent 4194304/4609013 bytes with state 2
DEBUG 2026-06-09 17:03:55 ort/utils.py:69 [CLIENT] Observation Sent 4609013/4609013 bytes with state 3
DEBUG 2026-06-09 17:03:55 ort/utils.py:71 [CLIENT] Observation Published 4.3954973220825195 MB
DEBUG 2026-06-09 17:03:55 t_client.py:209 Sent observation #412 | 
DEBUG 2026-06-09 17:03:55 t_client.py:434 QUEUE SIZE: 8 (Must go: False)
DEBUG 2026-06-09 17:03:55 t_client.py:477 Control loop (ms): 120.51
DEBUG 2026-06-09 17:03:55 follower.py:184 follower_right SOFollower read state: 2.0ms
DEBUG 2026-06-09 17:03:55 follower.py:191 follower_right SOFollower read wrist: 0.1ms
DEBUG 2026-06-09 17:03:55 follower.py:184 follower_left SOFollower read state: 2.3ms
DEBUG 2026-06-09 17:03:55 follower.py:191 follower_left SOFollower read wrist: 0.0ms
DEBUG 2026-06-09 17:03:55 t_client.py:198 Observation serialization time: 0.009686s
DEBUG 2026-06-09 17:03:55 ort/utils.py:54 [CLIENT] Observation Buffer size 4.3954973220825195 MB with
DEBUG 2026-06-09 17:03:55 ort/utils.py:69 [CLIENT] Observation Sent 2097152/4609013 bytes with state 1
DEBUG 2026-06-09 17:03:55 ort/utils.py:69 [CLIENT] Observation Sent 4194304/4609013 bytes with state 2
DEBUG 2026-06-09 17:03:55 ort/utils.py:69 [CLIENT] Observation Sent 4609013/4609013 bytes with state 3
DEBUG 2026-06-09 17:03:55 ort/utils.py:71 [CLIENT] Observation Published 4.3954973220825195 MB
DEBUG 2026-06-09 17:03:55 t_client.py:292 Received actions on device: cpu
DEBUG 2026-06-09 17:03:55 t_client.py:302 Actions kept on device: cpu
DEBUG 2026-06-09 17:03:55 t_client.py:209 Sent observation #413 | 
DEBUG 2026-06-09 17:03:55 t_client.py:434 QUEUE SIZE: 7 (Must go: False)
DEBUG 2026-06-09 17:03:55 t_client.py:477 Control loop (ms): 135.22
DEBUG 2026-06-09 17:03:55 t_client.py:477 Control loop (ms): 1.66
DEBUG 2026-06-09 17:03:55 t_client.py:477 Control loop (ms): 2.84
DEBUG 2026-06-09 17:03:55 t_client.py:477 Control loop (ms): 2.31
DEBUG 2026-06-09 17:03:55 t_client.py:292 Received actions on device: cpu
DEBUG 2026-06-09 17:03:55 t_client.py:302 Actions kept on device: cpu
DEBUG 2026-06-09 17:03:55 t_client.py:477 Control loop (ms): 1.87
DEBUG 2026-06-09 17:03:55 t_client.py:477 Control loop (ms): 2.05
DEBUG 2026-06-09 17:03:55 t_client.py:477 Control loop (ms): 2.46
DEBUG 2026-06-09 17:03:55 follower.py:184 follower_right SOFollower read state: 2.0ms
DEBUG 2026-06-09 17:03:55 follower.py:191 follower_right SOFollower read wrist: 0.0ms
DEBUG 2026-06-09 17:03:55 follower.py:184 follower_left SOFollower read state: 2.5ms
DEBUG 2026-06-09 17:03:55 follower.py:191 follower_left SOFollower read wrist: 0.0ms
DEBUG 2026-06-09 17:03:55 t_client.py:198 Observation serialization time: 0.008001s
DEBUG 2026-06-09 17:03:55 ort/utils.py:54 [CLIENT] Observation Buffer size 4.3954973220825195 MB with
DEBUG 2026-06-09 17:03:55 ort/utils.py:69 [CLIENT] Observation Sent 2097152/4609013 bytes with state 1
DEBUG 2026-06-09 17:03:55 ort/utils.py:69 [CLIENT] Observation Sent 4194304/4609013 bytes with state 2
DEBUG 2026-06-09 17:03:55 ort/utils.py:69 [CLIENT] Observation Sent 4609013/4609013 bytes with state 3
DEBUG 2026-06-09 17:03:55 ort/utils.py:71 [CLIENT] Observation Published 4.3954973220825195 MB
DEBUG 2026-06-09 17:03:55 t_client.py:209 Sent observation #420 | 
DEBUG 2026-06-09 17:03:55 t_client.py:434 QUEUE SIZE: 8 (Must go: False)
DEBUG 2026-06-09 17:03:55 t_client.py:477 Control loop (ms): 115.06
DEBUG 2026-06-09 17:03:55 follower.py:184 follower_right SOFollower read state: 1.6ms
DEBUG 2026-06-09 17:03:55 follower.py:191 follower_right SOFollower read wrist: 0.0ms
DEBUG 2026-06-09 17:03:55 follower.py:184 follower_left SOFollower read state: 1.5ms
DEBUG 2026-06-09 17:03:55 follower.py:191 follower_left SOFollower read wrist: 0.0ms
DEBUG 2026-06-09 17:03:55 t_client.py:198 Observation serialization time: 0.004701s
DEBUG 2026-06-09 17:03:55 ort/utils.py:54 [CLIENT] Observation Buffer size 4.3954973220825195 MB with
DEBUG 2026-06-09 17:03:55 ort/utils.py:69 [CLIENT] Observation Sent 2097152/4609013 bytes with state 1
DEBUG 2026-06-09 17:03:55 ort/utils.py:69 [CLIENT] Observation Sent 4194304/4609013 bytes with state 2
DEBUG 2026-06-09 17:03:55 ort/utils.py:69 [CLIENT] Observation Sent 4609013/4609013 bytes with state 3
DEBUG 2026-06-09 17:03:55 ort/utils.py:71 [CLIENT] Observation Published 4.3954973220825195 MB
DEBUG 2026-06-09 17:03:55 t_client.py:209 Sent observation #421 | 
DEBUG 2026-06-09 17:03:55 t_client.py:434 QUEUE SIZE: 7 (Must go: False)
DEBUG 2026-06-09 17:03:55 t_client.py:477 Control loop (ms): 105.10
DEBUG 2026-06-09 17:03:55 t_client.py:292 Received actions on device: cpu
DEBUG 2026-06-09 17:03:55 t_client.py:302 Actions kept on device: cpu
DEBUG 2026-06-09 17:03:55 follower.py:184 follower_right SOFollower read state: 2.2ms
DEBUG 2026-06-09 17:03:55 follower.py:191 follower_right SOFollower read wrist: 0.0ms
DEBUG 2026-06-09 17:03:55 follower.py:184 follower_left SOFollower read state: 1.7ms
DEBUG 2026-06-09 17:03:55 follower.py:191 follower_left SOFollower read wrist: 0.0ms
DEBUG 2026-06-09 17:03:55 t_client.py:198 Observation serialization time: 0.006281s
DEBUG 2026-06-09 17:03:55 ort/utils.py:54 [CLIENT] Observation Buffer size 4.3954973220825195 MB with
DEBUG 2026-06-09 17:03:55 ort/utils.py:69 [CLIENT] Observation Sent 2097152/4609013 bytes with state 1
DEBUG 2026-06-09 17:03:55 ort/utils.py:69 [CLIENT] Observation Sent 4194304/4609013 bytes with state 2
DEBUG 2026-06-09 17:03:56 ort/utils.py:69 [CLIENT] Observation Sent 4609013/4609013 bytes with state 3
DEBUG 2026-06-09 17:03:56 ort/utils.py:71 [CLIENT] Observation Published 4.3954973220825195 MB
DEBUG 2026-06-09 17:03:56 t_client.py:209 Sent observation #422 | 
DEBUG 2026-06-09 17:03:56 t_client.py:434 QUEUE SIZE: 6 (Must go: False)
DEBUG 2026-06-09 17:03:56 t_client.py:477 Control loop (ms): 120.28
DEBUG 2026-06-09 17:03:56 t_client.py:477 Control loop (ms): 6.99
DEBUG 2026-06-09 17:03:56 t_client.py:292 Received actions on device: cpu
DEBUG 2026-06-09 17:03:56 t_client.py:302 Actions kept on device: cpu
DEBUG 2026-06-09 17:03:56 t_client.py:477 Control loop (ms): 2.31
DEBUG 2026-06-09 17:03:56 t_client.py:477 Control loop (ms): 1.74
DEBUG 2026-06-09 17:03:56 t_client.py:477 Control loop (ms): 2.06
DEBUG 2026-06-09 17:03:56 t_client.py:292 Received actions on device: cpu
DEBUG 2026-06-09 17:03:56 t_client.py:302 Actions kept on device: cpu
DEBUG 2026-06-09 17:03:56 t_client.py:477 Control loop (ms): 1.65
DEBUG 2026-06-09 17:03:56 t_client.py:477 Control loop (ms): 2.15
DEBUG 2026-06-09 17:03:56 follower.py:184 follower_right SOFollower read state: 1.9ms
DEBUG 2026-06-09 17:03:56 follower.py:191 follower_right SOFollower read wrist: 0.0ms
DEBUG 2026-06-09 17:03:56 follower.py:184 follower_left SOFollower read state: 1.9ms
DEBUG 2026-06-09 17:03:56 follower.py:191 follower_left SOFollower read wrist: 0.0ms
DEBUG 2026-06-09 17:03:56 t_client.py:198 Observation serialization time: 0.010466s
DEBUG 2026-06-09 17:03:56 ort/utils.py:54 [CLIENT] Observation Buffer size 4.3954973220825195 MB with
DEBUG 2026-06-09 17:03:56 ort/utils.py:69 [CLIENT] Observation Sent 2097152/4609013 bytes with state 1
DEBUG 2026-06-09 17:03:56 ort/utils.py:69 [CLIENT] Observation Sent 4194304/4609013 bytes with state 2
DEBUG 2026-06-09 17:03:56 ort/utils.py:69 [CLIENT] Observation Sent 4609013/4609013 bytes with state 3
DEBUG 2026-06-09 17:03:56 ort/utils.py:71 [CLIENT] Observation Published 4.3954973220825195 MB
DEBUG 2026-06-09 17:03:56 t_client.py:209 Sent observation #429 | 
DEBUG 2026-06-09 17:03:56 t_client.py:434 QUEUE SIZE: 8 (Must go: False)
DEBUG 2026-06-09 17:03:56 t_client.py:477 Control loop (ms): 142.89
DEBUG 2026-06-09 17:03:56 follower.py:184 follower_right SOFollower read state: 1.8ms
DEBUG 2026-06-09 17:03:56 follower.py:191 follower_right SOFollower read wrist: 0.0ms
DEBUG 2026-06-09 17:03:56 follower.py:184 follower_left SOFollower read state: 1.8ms
DEBUG 2026-06-09 17:03:56 follower.py:191 follower_left SOFollower read wrist: 0.0ms
DEBUG 2026-06-09 17:03:56 t_client.py:198 Observation serialization time: 0.008262s
DEBUG 2026-06-09 17:03:56 ort/utils.py:54 [CLIENT] Observation Buffer size 4.3954973220825195 MB with
DEBUG 2026-06-09 17:03:56 ort/utils.py:69 [CLIENT] Observation Sent 2097152/4609013 bytes with state 1
DEBUG 2026-06-09 17:03:56 ort/utils.py:69 [CLIENT] Observation Sent 4194304/4609013 bytes with state 2
DEBUG 2026-06-09 17:03:56 ort/utils.py:69 [CLIENT] Observation Sent 4609013/4609013 bytes with state 3
DEBUG 2026-06-09 17:03:56 ort/utils.py:71 [CLIENT] Observation Published 4.3954973220825195 MB
DEBUG 2026-06-09 17:03:56 t_client.py:209 Sent observation #430 | 
DEBUG 2026-06-09 17:03:56 t_client.py:434 QUEUE SIZE: 7 (Must go: False)
DEBUG 2026-06-09 17:03:56 t_client.py:477 Control loop (ms): 113.51
DEBUG 2026-06-09 17:03:56 follower.py:184 follower_right SOFollower read state: 2.6ms
DEBUG 2026-06-09 17:03:56 follower.py:191 follower_right SOFollower read wrist: 0.0ms
DEBUG 2026-06-09 17:03:56 t_client.py:292 Received actions on device: cpu
DEBUG 2026-06-09 17:03:56 t_client.py:302 Actions kept on device: cpu
DEBUG 2026-06-09 17:03:56 follower.py:184 follower_left SOFollower read state: 1.9ms
DEBUG 2026-06-09 17:03:56 follower.py:191 follower_left SOFollower read wrist: 0.0ms
DEBUG 2026-06-09 17:03:56 t_client.py:198 Observation serialization time: 0.008327s
DEBUG 2026-06-09 17:03:56 ort/utils.py:54 [CLIENT] Observation Buffer size 4.3954973220825195 MB with
DEBUG 2026-06-09 17:03:56 ort/utils.py:69 [CLIENT] Observation Sent 2097152/4609013 bytes with state 1
DEBUG 2026-06-09 17:03:56 ort/utils.py:69 [CLIENT] Observation Sent 4194304/4609013 bytes with state 2
DEBUG 2026-06-09 17:03:56 ort/utils.py:69 [CLIENT] Observation Sent 4609013/4609013 bytes with state 3
DEBUG 2026-06-09 17:03:56 ort/utils.py:71 [CLIENT] Observation Published 4.3954973220825195 MB
DEBUG 2026-06-09 17:03:56 t_client.py:209 Sent observation #431 | 
DEBUG 2026-06-09 17:03:56 t_client.py:434 QUEUE SIZE: 6 (Must go: False)
DEBUG 2026-06-09 17:03:56 t_client.py:477 Control loop (ms): 130.24
DEBUG 2026-06-09 17:03:56 t_client.py:292 Received actions on device: cpu
DEBUG 2026-06-09 17:03:56 t_client.py:302 Actions kept on device: cpu
DEBUG 2026-06-09 17:03:56 t_client.py:477 Control loop (ms): 3.49
DEBUG 2026-06-09 17:03:56 t_client.py:477 Control loop (ms): 2.59
DEBUG 2026-06-09 17:03:56 t_client.py:477 Control loop (ms): 2.79
DEBUG 2026-06-09 17:03:56 t_client.py:292 Received actions on device: cpu
DEBUG 2026-06-09 17:03:56 t_client.py:302 Actions kept on device: cpu
DEBUG 2026-06-09 17:03:56 t_client.py:477 Control loop (ms): 9.47
DEBUG 2026-06-09 17:03:56 t_client.py:477 Control loop (ms): 2.62
DEBUG 2026-06-09 17:03:56 t_client.py:477 Control loop (ms): 2.73
DEBUG 2026-06-09 17:03:56 t_client.py:477 Control loop (ms): 2.13
DEBUG 2026-06-09 17:03:56 follower.py:184 follower_right SOFollower read state: 2.8ms
DEBUG 2026-06-09 17:03:56 follower.py:191 follower_right SOFollower read wrist: 0.0ms
DEBUG 2026-06-09 17:03:56 follower.py:184 follower_left SOFollower read state: 2.3ms
DEBUG 2026-06-09 17:03:56 follower.py:191 follower_left SOFollower read wrist: 0.0ms
DEBUG 2026-06-09 17:03:56 t_client.py:198 Observation serialization time: 0.009643s
DEBUG 2026-06-09 17:03:56 ort/utils.py:54 [CLIENT] Observation Buffer size 4.3954973220825195 MB with
DEBUG 2026-06-09 17:03:56 ort/utils.py:69 [CLIENT] Observation Sent 2097152/4609013 bytes with state 1
DEBUG 2026-06-09 17:03:56 ort/utils.py:69 [CLIENT] Observation Sent 4194304/4609013 bytes with state 2
DEBUG 2026-06-09 17:03:56 ort/utils.py:69 [CLIENT] Observation Sent 4609013/4609013 bytes with state 3
DEBUG 2026-06-09 17:03:56 ort/utils.py:71 [CLIENT] Observation Published 4.3954973220825195 MB
DEBUG 2026-06-09 17:03:56 t_client.py:209 Sent observation #438 | 
DEBUG 2026-06-09 17:03:57 t_client.py:434 QUEUE SIZE: 8 (Must go: False)
DEBUG 2026-06-09 17:03:57 t_client.py:477 Control loop (ms): 126.92
DEBUG 2026-06-09 17:03:57 follower.py:184 follower_right SOFollower read state: 2.3ms
DEBUG 2026-06-09 17:03:57 follower.py:191 follower_right SOFollower read wrist: 0.0ms
DEBUG 2026-06-09 17:03:57 follower.py:184 follower_left SOFollower read state: 2.1ms
DEBUG 2026-06-09 17:03:57 follower.py:191 follower_left SOFollower read wrist: 0.0ms
DEBUG 2026-06-09 17:03:57 t_client.py:198 Observation serialization time: 0.008087s
DEBUG 2026-06-09 17:03:57 ort/utils.py:54 [CLIENT] Observation Buffer size 4.3954973220825195 MB with
DEBUG 2026-06-09 17:03:57 ort/utils.py:69 [CLIENT] Observation Sent 2097152/4609013 bytes with state 1
DEBUG 2026-06-09 17:03:57 ort/utils.py:69 [CLIENT] Observation Sent 4194304/4609013 bytes with state 2
DEBUG 2026-06-09 17:03:57 ort/utils.py:69 [CLIENT] Observation Sent 4609013/4609013 bytes with state 3
DEBUG 2026-06-09 17:03:57 ort/utils.py:71 [CLIENT] Observation Published 4.3954973220825195 MB
DEBUG 2026-06-09 17:03:57 t_client.py:292 Received actions on device: cpu
DEBUG 2026-06-09 17:03:57 t_client.py:302 Actions kept on device: cpu
DEBUG 2026-06-09 17:03:57 t_client.py:209 Sent observation #439 | 
DEBUG 2026-06-09 17:03:57 t_client.py:434 QUEUE SIZE: 7 (Must go: False)
DEBUG 2026-06-09 17:03:57 t_client.py:477 Control loop (ms): 118.05
DEBUG 2026-06-09 17:03:57 t_client.py:477 Control loop (ms): 1.74
DEBUG 2026-06-09 17:03:57 t_client.py:477 Control loop (ms): 2.52
DEBUG 2026-06-09 17:03:57 t_client.py:477 Control loop (ms): 2.67
DEBUG 2026-06-09 17:03:57 t_client.py:292 Received actions on device: cpu
DEBUG 2026-06-09 17:03:57 t_client.py:302 Actions kept on device: cpu
DEBUG 2026-06-09 17:03:57 t_client.py:477 Control loop (ms): 1.16
DEBUG 2026-06-09 17:03:57 t_client.py:477 Control loop (ms): 2.79
DEBUG 2026-06-09 17:03:57 t_client.py:477 Control loop (ms): 2.93
DEBUG 2026-06-09 17:03:57 follower.py:184 follower_right SOFollower read state: 2.4ms
DEBUG 2026-06-09 17:03:57 follower.py:191 follower_right SOFollower read wrist: 0.1ms
DEBUG 2026-06-09 17:03:57 follower.py:184 follower_left SOFollower read state: 2.4ms
DEBUG 2026-06-09 17:03:57 follower.py:191 follower_left SOFollower read wrist: 0.0ms
DEBUG 2026-06-09 17:03:57 t_client.py:198 Observation serialization time: 0.014052s
DEBUG 2026-06-09 17:03:57 ort/utils.py:54 [CLIENT] Observation Buffer size 4.3954973220825195 MB with
DEBUG 2026-06-09 17:03:57 ort/utils.py:69 [CLIENT] Observation Sent 2097152/4609013 bytes with state 1
DEBUG 2026-06-09 17:03:57 ort/utils.py:69 [CLIENT] Observation Sent 4194304/4609013 bytes with state 2
DEBUG 2026-06-09 17:03:57 ort/utils.py:69 [CLIENT] Observation Sent 4609013/4609013 bytes with state 3
DEBUG 2026-06-09 17:03:57 ort/utils.py:71 [CLIENT] Observation Published 4.3954973220825195 MB
DEBUG 2026-06-09 17:03:57 t_client.py:209 Sent observation #446 | 
DEBUG 2026-06-09 17:03:57 t_client.py:434 QUEUE SIZE: 8 (Must go: False)
DEBUG 2026-06-09 17:03:57 t_client.py:477 Control loop (ms): 141.46
DEBUG 2026-06-09 17:03:57 follower.py:184 follower_right SOFollower read state: 2.0ms
DEBUG 2026-06-09 17:03:57 follower.py:191 follower_right SOFollower read wrist: 0.0ms
DEBUG 2026-06-09 17:03:57 follower.py:184 follower_left SOFollower read state: 2.3ms
DEBUG 2026-06-09 17:03:57 follower.py:191 follower_left SOFollower read wrist: 0.0ms
DEBUG 2026-06-09 17:03:57 t_client.py:198 Observation serialization time: 0.012502s
DEBUG 2026-06-09 17:03:57 ort/utils.py:54 [CLIENT] Observation Buffer size 4.3954973220825195 MB with
DEBUG 2026-06-09 17:03:57 ort/utils.py:69 [CLIENT] Observation Sent 2097152/4609013 bytes with state 1
DEBUG 2026-06-09 17:03:57 ort/utils.py:69 [CLIENT] Observation Sent 4194304/4609013 bytes with state 2
DEBUG 2026-06-09 17:03:57 ort/utils.py:69 [CLIENT] Observation Sent 4609013/4609013 bytes with state 3
DEBUG 2026-06-09 17:03:57 ort/utils.py:71 [CLIENT] Observation Published 4.3954973220825195 MB
DEBUG 2026-06-09 17:03:57 t_client.py:292 Received actions on device: cpu
DEBUG 2026-06-09 17:03:57 t_client.py:302 Actions kept on device: cpu
DEBUG 2026-06-09 17:03:57 t_client.py:209 Sent observation #447 | 
DEBUG 2026-06-09 17:03:57 t_client.py:434 QUEUE SIZE: 7 (Must go: False)
DEBUG 2026-06-09 17:03:57 t_client.py:477 Control loop (ms): 149.70
DEBUG 2026-06-09 17:03:57 t_client.py:477 Control loop (ms): 1.64
DEBUG 2026-06-09 17:03:57 t_client.py:477 Control loop (ms): 2.30
DEBUG 2026-06-09 17:03:57 t_client.py:477 Control loop (ms): 2.15
DEBUG 2026-06-09 17:03:57 t_client.py:292 Received actions on device: cpu
DEBUG 2026-06-09 17:03:57 t_client.py:302 Actions kept on device: cpu
DEBUG 2026-06-09 17:03:57 t_client.py:477 Control loop (ms): 2.07
DEBUG 2026-06-09 17:03:57 t_client.py:477 Control loop (ms): 2.26
DEBUG 2026-06-09 17:03:57 t_client.py:477 Control loop (ms): 2.46
DEBUG 2026-06-09 17:03:57 follower.py:184 follower_right SOFollower read state: 2.3ms
DEBUG 2026-06-09 17:03:57 follower.py:191 follower_right SOFollower read wrist: 0.0ms
DEBUG 2026-06-09 17:03:57 follower.py:184 follower_left SOFollower read state: 2.3ms
DEBUG 2026-06-09 17:03:57 follower.py:191 follower_left SOFollower read wrist: 0.0ms
DEBUG 2026-06-09 17:03:57 t_client.py:198 Observation serialization time: 0.009586s
DEBUG 2026-06-09 17:03:57 ort/utils.py:54 [CLIENT] Observation Buffer size 4.3954973220825195 MB with
DEBUG 2026-06-09 17:03:57 ort/utils.py:69 [CLIENT] Observation Sent 2097152/4609013 bytes with state 1
DEBUG 2026-06-09 17:03:57 ort/utils.py:69 [CLIENT] Observation Sent 4194304/4609013 bytes with state 2
DEBUG 2026-06-09 17:03:57 ort/utils.py:69 [CLIENT] Observation Sent 4609013/4609013 bytes with state 3
DEBUG 2026-06-09 17:03:57 ort/utils.py:71 [CLIENT] Observation Published 4.3954973220825195 MB
DEBUG 2026-06-09 17:03:57 t_client.py:209 Sent observation #454 | 
DEBUG 2026-06-09 17:03:57 t_client.py:434 QUEUE SIZE: 8 (Must go: False)
DEBUG 2026-06-09 17:03:57 t_client.py:477 Control loop (ms): 134.08
DEBUG 2026-06-09 17:03:57 follower.py:184 follower_right SOFollower read state: 2.3ms
DEBUG 2026-06-09 17:03:57 follower.py:191 follower_right SOFollower read wrist: 0.0ms
DEBUG 2026-06-09 17:03:57 follower.py:184 follower_left SOFollower read state: 2.3ms
DEBUG 2026-06-09 17:03:57 follower.py:191 follower_left SOFollower read wrist: 0.0ms
DEBUG 2026-06-09 17:03:57 t_client.py:198 Observation serialization time: 0.009373s
DEBUG 2026-06-09 17:03:57 ort/utils.py:54 [CLIENT] Observation Buffer size 4.3954973220825195 MB with
DEBUG 2026-06-09 17:03:57 ort/utils.py:69 [CLIENT] Observation Sent 2097152/4609013 bytes with state 1
DEBUG 2026-06-09 17:03:58 ort/utils.py:69 [CLIENT] Observation Sent 4194304/4609013 bytes with state 2
DEBUG 2026-06-09 17:03:58 ort/utils.py:69 [CLIENT] Observation Sent 4609013/4609013 bytes with state 3
DEBUG 2026-06-09 17:03:58 ort/utils.py:71 [CLIENT] Observation Published 4.3954973220825195 MB
DEBUG 2026-06-09 17:03:58 t_client.py:292 Received actions on device: cpu
DEBUG 2026-06-09 17:03:58 t_client.py:302 Actions kept on device: cpu
DEBUG 2026-06-09 17:03:58 t_client.py:209 Sent observation #455 | 
DEBUG 2026-06-09 17:03:58 t_client.py:434 QUEUE SIZE: 7 (Must go: False)
DEBUG 2026-06-09 17:03:58 t_client.py:477 Control loop (ms): 172.55
DEBUG 2026-06-09 17:03:58 t_client.py:477 Control loop (ms): 1.74
DEBUG 2026-06-09 17:03:58 t_client.py:477 Control loop (ms): 1.53
DEBUG 2026-06-09 17:03:58 t_client.py:477 Control loop (ms): 2.23
DEBUG 2026-06-09 17:03:58 t_client.py:292 Received actions on device: cpu
DEBUG 2026-06-09 17:03:58 t_client.py:302 Actions kept on device: cpu
DEBUG 2026-06-09 17:03:58 t_client.py:477 Control loop (ms): 1.33
DEBUG 2026-06-09 17:03:58 t_client.py:477 Control loop (ms): 2.20
DEBUG 2026-06-09 17:03:58 t_client.py:477 Control loop (ms): 2.07
DEBUG 2026-06-09 17:03:58 follower.py:184 follower_right SOFollower read state: 2.4ms
DEBUG 2026-06-09 17:03:58 follower.py:191 follower_right SOFollower read wrist: 0.0ms
DEBUG 2026-06-09 17:03:58 follower.py:184 follower_left SOFollower read state: 2.4ms
DEBUG 2026-06-09 17:03:58 follower.py:191 follower_left SOFollower read wrist: 0.0ms
DEBUG 2026-06-09 17:03:58 t_client.py:198 Observation serialization time: 0.010655s
DEBUG 2026-06-09 17:03:58 ort/utils.py:54 [CLIENT] Observation Buffer size 4.3954973220825195 MB with
DEBUG 2026-06-09 17:03:58 ort/utils.py:69 [CLIENT] Observation Sent 2097152/4609013 bytes with state 1
DEBUG 2026-06-09 17:03:58 ort/utils.py:69 [CLIENT] Observation Sent 4194304/4609013 bytes with state 2
DEBUG 2026-06-09 17:03:58 ort/utils.py:69 [CLIENT] Observation Sent 4609013/4609013 bytes with state 3
DEBUG 2026-06-09 17:03:58 ort/utils.py:71 [CLIENT] Observation Published 4.3954973220825195 MB
DEBUG 2026-06-09 17:03:58 t_client.py:209 Sent observation #462 | 
DEBUG 2026-06-09 17:03:58 t_client.py:434 QUEUE SIZE: 8 (Must go: False)
DEBUG 2026-06-09 17:03:58 t_client.py:477 Control loop (ms): 186.11
DEBUG 2026-06-09 17:03:58 follower.py:184 follower_right SOFollower read state: 1.7ms
DEBUG 2026-06-09 17:03:58 follower.py:191 follower_right SOFollower read wrist: 0.0ms
DEBUG 2026-06-09 17:03:58 follower.py:184 follower_left SOFollower read state: 1.5ms
DEBUG 2026-06-09 17:03:58 follower.py:191 follower_left SOFollower read wrist: 0.0ms
DEBUG 2026-06-09 17:03:58 t_client.py:198 Observation serialization time: 0.003222s
DEBUG 2026-06-09 17:03:58 ort/utils.py:54 [CLIENT] Observation Buffer size 4.3954973220825195 MB with
DEBUG 2026-06-09 17:03:58 ort/utils.py:69 [CLIENT] Observation Sent 2097152/4609013 bytes with state 1
DEBUG 2026-06-09 17:03:58 ort/utils.py:69 [CLIENT] Observation Sent 4194304/4609013 bytes with state 2
DEBUG 2026-06-09 17:03:58 ort/utils.py:69 [CLIENT] Observation Sent 4609013/4609013 bytes with state 3
DEBUG 2026-06-09 17:03:58 ort/utils.py:71 [CLIENT] Observation Published 4.3954973220825195 MB
DEBUG 2026-06-09 17:03:58 t_client.py:292 Received actions on device: cpu
DEBUG 2026-06-09 17:03:58 t_client.py:302 Actions kept on device: cpu
DEBUG 2026-06-09 17:03:58 t_client.py:209 Sent observation #463 | 
DEBUG 2026-06-09 17:03:58 t_client.py:434 QUEUE SIZE: 7 (Must go: False)
DEBUG 2026-06-09 17:03:58 t_client.py:477 Control loop (ms): 188.56
DEBUG 2026-06-09 17:03:58 t_client.py:477 Control loop (ms): 2.54
DEBUG 2026-06-09 17:03:58 t_client.py:477 Control loop (ms): 2.47
DEBUG 2026-06-09 17:03:58 t_client.py:477 Control loop (ms): 1.72
DEBUG 2026-06-09 17:03:58 t_client.py:292 Received actions on device: cpu
DEBUG 2026-06-09 17:03:58 t_client.py:302 Actions kept on device: cpu
DEBUG 2026-06-09 17:03:58 t_client.py:477 Control loop (ms): 1.81
DEBUG 2026-06-09 17:03:58 t_client.py:477 Control loop (ms): 2.06
DEBUG 2026-06-09 17:03:58 t_client.py:477 Control loop (ms): 1.78
DEBUG 2026-06-09 17:03:58 t_client.py:477 Control loop (ms): 2.13
DEBUG 2026-06-09 17:03:58 follower.py:184 follower_right SOFollower read state: 2.5ms
DEBUG 2026-06-09 17:03:58 follower.py:191 follower_right SOFollower read wrist: 0.0ms
DEBUG 2026-06-09 17:03:58 follower.py:184 follower_left SOFollower read state: 2.3ms
DEBUG 2026-06-09 17:03:58 follower.py:191 follower_left SOFollower read wrist: 0.0ms
DEBUG 2026-06-09 17:03:58 t_client.py:198 Observation serialization time: 0.007276s
DEBUG 2026-06-09 17:03:58 ort/utils.py:54 [CLIENT] Observation Buffer size 4.3954973220825195 MB with
DEBUG 2026-06-09 17:03:58 ort/utils.py:69 [CLIENT] Observation Sent 2097152/4609013 bytes with state 1
DEBUG 2026-06-09 17:03:59 ort/utils.py:69 [CLIENT] Observation Sent 4194304/4609013 bytes with state 2
DEBUG 2026-06-09 17:03:59 ort/utils.py:69 [CLIENT] Observation Sent 4609013/4609013 bytes with state 3
DEBUG 2026-06-09 17:03:59 ort/utils.py:71 [CLIENT] Observation Published 4.3954973220825195 MB
DEBUG 2026-06-09 17:03:59 t_client.py:209 Sent observation #470 | 
DEBUG 2026-06-09 17:03:59 t_client.py:434 QUEUE SIZE: 8 (Must go: False)
DEBUG 2026-06-09 17:03:59 t_client.py:477 Control loop (ms): 194.71
DEBUG 2026-06-09 17:03:59 follower.py:184 follower_right SOFollower read state: 1.8ms
DEBUG 2026-06-09 17:03:59 follower.py:191 follower_right SOFollower read wrist: 0.0ms
DEBUG 2026-06-09 17:03:59 follower.py:184 follower_left SOFollower read state: 1.8ms
DEBUG 2026-06-09 17:03:59 follower.py:191 follower_left SOFollower read wrist: 0.0ms
DEBUG 2026-06-09 17:03:59 t_client.py:198 Observation serialization time: 0.007401s
DEBUG 2026-06-09 17:03:59 ort/utils.py:54 [CLIENT] Observation Buffer size 4.3954973220825195 MB with
DEBUG 2026-06-09 17:03:59 ort/utils.py:69 [CLIENT] Observation Sent 2097152/4609013 bytes with state 1
DEBUG 2026-06-09 17:03:59 ort/utils.py:69 [CLIENT] Observation Sent 4194304/4609013 bytes with state 2
DEBUG 2026-06-09 17:03:59 ort/utils.py:69 [CLIENT] Observation Sent 4609013/4609013 bytes with state 3
DEBUG 2026-06-09 17:03:59 ort/utils.py:71 [CLIENT] Observation Published 4.3954973220825195 MB
DEBUG 2026-06-09 17:03:59 t_client.py:292 Received actions on device: cpu
DEBUG 2026-06-09 17:03:59 t_client.py:302 Actions kept on device: cpu
DEBUG 2026-06-09 17:03:59 t_client.py:209 Sent observation #471 | 
DEBUG 2026-06-09 17:03:59 t_client.py:434 QUEUE SIZE: 7 (Must go: False)
DEBUG 2026-06-09 17:03:59 t_client.py:477 Control loop (ms): 178.31
DEBUG 2026-06-09 17:03:59 t_client.py:477 Control loop (ms): 1.66
DEBUG 2026-06-09 17:03:59 t_client.py:477 Control loop (ms): 2.08
DEBUG 2026-06-09 17:03:59 t_client.py:477 Control loop (ms): 2.14
DEBUG 2026-06-09 17:03:59 t_client.py:292 Received actions on device: cpu
DEBUG 2026-06-09 17:03:59 t_client.py:302 Actions kept on device: cpu
DEBUG 2026-06-09 17:03:59 t_client.py:477 Control loop (ms): 1.91
DEBUG 2026-06-09 17:03:59 t_client.py:477 Control loop (ms): 2.15
DEBUG 2026-06-09 17:03:59 t_client.py:477 Control loop (ms): 2.16
DEBUG 2026-06-09 17:03:59 follower.py:184 follower_right SOFollower read state: 2.3ms
DEBUG 2026-06-09 17:03:59 follower.py:191 follower_right SOFollower read wrist: 0.0ms
DEBUG 2026-06-09 17:03:59 follower.py:184 follower_left SOFollower read state: 2.1ms
DEBUG 2026-06-09 17:03:59 follower.py:191 follower_left SOFollower read wrist: 0.0ms
DEBUG 2026-06-09 17:03:59 t_client.py:198 Observation serialization time: 0.006696s
DEBUG 2026-06-09 17:03:59 ort/utils.py:54 [CLIENT] Observation Buffer size 4.3954973220825195 MB with
DEBUG 2026-06-09 17:03:59 ort/utils.py:69 [CLIENT] Observation Sent 2097152/4609013 bytes with state 1
DEBUG 2026-06-09 17:03:59 ort/utils.py:69 [CLIENT] Observation Sent 4194304/4609013 bytes with state 2
DEBUG 2026-06-09 17:03:59 ort/utils.py:69 [CLIENT] Observation Sent 4609013/4609013 bytes with state 3
DEBUG 2026-06-09 17:03:59 ort/utils.py:71 [CLIENT] Observation Published 4.3954973220825195 MB
DEBUG 2026-06-09 17:03:59 t_client.py:209 Sent observation #478 | 
DEBUG 2026-06-09 17:03:59 t_client.py:434 QUEUE SIZE: 8 (Must go: False)
DEBUG 2026-06-09 17:03:59 t_client.py:477 Control loop (ms): 191.21
DEBUG 2026-06-09 17:03:59 follower.py:184 follower_right SOFollower read state: 1.8ms
DEBUG 2026-06-09 17:03:59 follower.py:191 follower_right SOFollower read wrist: 0.0ms
DEBUG 2026-06-09 17:03:59 follower.py:184 follower_left SOFollower read state: 1.7ms
DEBUG 2026-06-09 17:03:59 follower.py:191 follower_left SOFollower read wrist: 0.0ms
DEBUG 2026-06-09 17:03:59 t_client.py:198 Observation serialization time: 0.005093s
DEBUG 2026-06-09 17:03:59 ort/utils.py:54 [CLIENT] Observation Buffer size 4.3954973220825195 MB with
DEBUG 2026-06-09 17:03:59 ort/utils.py:69 [CLIENT] Observation Sent 2097152/4609013 bytes with state 1
DEBUG 2026-06-09 17:03:59 ort/utils.py:69 [CLIENT] Observation Sent 4194304/4609013 bytes with state 2
DEBUG 2026-06-09 17:03:59 ort/utils.py:69 [CLIENT] Observation Sent 4609013/4609013 bytes with state 3
DEBUG 2026-06-09 17:03:59 ort/utils.py:71 [CLIENT] Observation Published 4.3954973220825195 MB
DEBUG 2026-06-09 17:03:59 t_client.py:292 Received actions on device: cpu
DEBUG 2026-06-09 17:03:59 t_client.py:302 Actions kept on device: cpu
DEBUG 2026-06-09 17:03:59 t_client.py:209 Sent observation #479 | 
DEBUG 2026-06-09 17:03:59 t_client.py:434 QUEUE SIZE: 7 (Must go: False)
DEBUG 2026-06-09 17:03:59 t_client.py:477 Control loop (ms): 170.43
DEBUG 2026-06-09 17:03:59 t_client.py:477 Control loop (ms): 1.15
DEBUG 2026-06-09 17:03:59 t_client.py:477 Control loop (ms): 1.18
DEBUG 2026-06-09 17:03:59 t_client.py:477 Control loop (ms): 1.15
DEBUG 2026-06-09 17:03:59 t_client.py:292 Received actions on device: cpu
DEBUG 2026-06-09 17:03:59 t_client.py:302 Actions kept on device: cpu
DEBUG 2026-06-09 17:03:59 t_client.py:477 Control loop (ms): 2.26
DEBUG 2026-06-09 17:04:00 t_client.py:477 Control loop (ms): 2.23
DEBUG 2026-06-09 17:04:00 t_client.py:477 Control loop (ms): 1.25
DEBUG 2026-06-09 17:04:00 t_client.py:477 Control loop (ms): 1.77
DEBUG 2026-06-09 17:04:00 follower.py:184 follower_right SOFollower read state: 1.7ms
DEBUG 2026-06-09 17:04:00 follower.py:191 follower_right SOFollower read wrist: 0.0ms
DEBUG 2026-06-09 17:04:00 follower.py:184 follower_left SOFollower read state: 1.7ms
DEBUG 2026-06-09 17:04:00 follower.py:191 follower_left SOFollower read wrist: 0.0ms
DEBUG 2026-06-09 17:04:00 t_client.py:198 Observation serialization time: 0.008357s
DEBUG 2026-06-09 17:04:00 ort/utils.py:54 [CLIENT] Observation Buffer size 4.3954973220825195 MB with
DEBUG 2026-06-09 17:04:00 ort/utils.py:69 [CLIENT] Observation Sent 2097152/4609013 bytes with state 1
DEBUG 2026-06-09 17:04:00 ort/utils.py:69 [CLIENT] Observation Sent 4194304/4609013 bytes with state 2
DEBUG 2026-06-09 17:04:00 ort/utils.py:69 [CLIENT] Observation Sent 4609013/4609013 bytes with state 3
DEBUG 2026-06-09 17:04:00 ort/utils.py:71 [CLIENT] Observation Published 4.3954973220825195 MB
DEBUG 2026-06-09 17:04:00 t_client.py:209 Sent observation #486 | 
DEBUG 2026-06-09 17:04:00 t_client.py:434 QUEUE SIZE: 8 (Must go: False)
DEBUG 2026-06-09 17:04:00 t_client.py:477 Control loop (ms): 134.68
DEBUG 2026-06-09 17:04:00 follower.py:184 follower_right SOFollower read state: 2.1ms
DEBUG 2026-06-09 17:04:00 follower.py:191 follower_right SOFollower read wrist: 0.1ms
DEBUG 2026-06-09 17:04:00 follower.py:184 follower_left SOFollower read state: 2.3ms
DEBUG 2026-06-09 17:04:00 follower.py:191 follower_left SOFollower read wrist: 0.1ms
DEBUG 2026-06-09 17:04:00 t_client.py:198 Observation serialization time: 0.007361s
DEBUG 2026-06-09 17:04:00 ort/utils.py:54 [CLIENT] Observation Buffer size 4.3954973220825195 MB with
DEBUG 2026-06-09 17:04:00 ort/utils.py:69 [CLIENT] Observation Sent 2097152/4609013 bytes with state 1
DEBUG 2026-06-09 17:04:00 ort/utils.py:69 [CLIENT] Observation Sent 4194304/4609013 bytes with state 2
DEBUG 2026-06-09 17:04:00 ort/utils.py:69 [CLIENT] Observation Sent 4609013/4609013 bytes with state 3
DEBUG 2026-06-09 17:04:00 ort/utils.py:71 [CLIENT] Observation Published 4.3954973220825195 MB
DEBUG 2026-06-09 17:04:00 t_client.py:292 Received actions on device: cpu
DEBUG 2026-06-09 17:04:00 t_client.py:302 Actions kept on device: cpu
DEBUG 2026-06-09 17:04:00 t_client.py:209 Sent observation #487 | 
DEBUG 2026-06-09 17:04:00 t_client.py:434 QUEUE SIZE: 7 (Must go: False)
DEBUG 2026-06-09 17:04:00 t_client.py:477 Control loop (ms): 123.64
DEBUG 2026-06-09 17:04:00 t_client.py:477 Control loop (ms): 1.15
DEBUG 2026-06-09 17:04:00 t_client.py:477 Control loop (ms): 1.44
DEBUG 2026-06-09 17:04:00 t_client.py:477 Control loop (ms): 1.29
DEBUG 2026-06-09 17:04:00 t_client.py:292 Received actions on device: cpu
DEBUG 2026-06-09 17:04:00 t_client.py:302 Actions kept on device: cpu
DEBUG 2026-06-09 17:04:00 t_client.py:477 Control loop (ms): 1.07
DEBUG 2026-06-09 17:04:00 t_client.py:477 Control loop (ms): 1.05
DEBUG 2026-06-09 17:04:00 t_client.py:477 Control loop (ms): 2.16
DEBUG 2026-06-09 17:04:00 follower.py:184 follower_right SOFollower read state: 2.0ms
DEBUG 2026-06-09 17:04:00 follower.py:191 follower_right SOFollower read wrist: 0.0ms
DEBUG 2026-06-09 17:04:00 follower.py:184 follower_left SOFollower read state: 2.0ms
DEBUG 2026-06-09 17:04:00 follower.py:191 follower_left SOFollower read wrist: 0.0ms
DEBUG 2026-06-09 17:04:00 t_client.py:198 Observation serialization time: 0.011362s
DEBUG 2026-06-09 17:04:00 ort/utils.py:54 [CLIENT] Observation Buffer size 4.3954973220825195 MB with
DEBUG 2026-06-09 17:04:00 ort/utils.py:69 [CLIENT] Observation Sent 2097152/4609013 bytes with state 1
DEBUG 2026-06-09 17:04:00 ort/utils.py:69 [CLIENT] Observation Sent 4194304/4609013 bytes with state 2
DEBUG 2026-06-09 17:04:00 ort/utils.py:69 [CLIENT] Observation Sent 4609013/4609013 bytes with state 3
DEBUG 2026-06-09 17:04:00 ort/utils.py:71 [CLIENT] Observation Published 4.3954973220825195 MB
DEBUG 2026-06-09 17:04:00 t_client.py:209 Sent observation #494 | 
DEBUG 2026-06-09 17:04:00 t_client.py:434 QUEUE SIZE: 8 (Must go: False)
DEBUG 2026-06-09 17:04:00 t_client.py:477 Control loop (ms): 166.70
DEBUG 2026-06-09 17:04:00 follower.py:184 follower_right SOFollower read state: 2.0ms
DEBUG 2026-06-09 17:04:00 follower.py:191 follower_right SOFollower read wrist: 0.0ms
DEBUG 2026-06-09 17:04:00 follower.py:184 follower_left SOFollower read state: 1.8ms
DEBUG 2026-06-09 17:04:00 follower.py:191 follower_left SOFollower read wrist: 0.0ms
DEBUG 2026-06-09 17:04:00 t_client.py:198 Observation serialization time: 0.008402s
DEBUG 2026-06-09 17:04:00 ort/utils.py:54 [CLIENT] Observation Buffer size 4.3954973220825195 MB with
DEBUG 2026-06-09 17:04:00 ort/utils.py:69 [CLIENT] Observation Sent 2097152/4609013 bytes with state 1
DEBUG 2026-06-09 17:04:00 ort/utils.py:69 [CLIENT] Observation Sent 4194304/4609013 bytes with state 2
DEBUG 2026-06-09 17:04:00 ort/utils.py:69 [CLIENT] Observation Sent 4609013/4609013 bytes with state 3
DEBUG 2026-06-09 17:04:00 ort/utils.py:71 [CLIENT] Observation Published 4.3954973220825195 MB
DEBUG 2026-06-09 17:04:00 t_client.py:292 Received actions on device: cpu
DEBUG 2026-06-09 17:04:00 t_client.py:302 Actions kept on device: cpu
DEBUG 2026-06-09 17:04:00 t_client.py:209 Sent observation #495 | 
DEBUG 2026-06-09 17:04:00 t_client.py:434 QUEUE SIZE: 7 (Must go: False)
DEBUG 2026-06-09 17:04:00 t_client.py:477 Control loop (ms): 123.41
DEBUG 2026-06-09 17:04:00 t_client.py:477 Control loop (ms): 1.21
DEBUG 2026-06-09 17:04:00 t_client.py:477 Control loop (ms): 1.74
DEBUG 2026-06-09 17:04:00 t_client.py:477 Control loop (ms): 2.00
DEBUG 2026-06-09 17:04:00 t_client.py:292 Received actions on device: cpu
DEBUG 2026-06-09 17:04:00 t_client.py:302 Actions kept on device: cpu
DEBUG 2026-06-09 17:04:00 t_client.py:477 Control loop (ms): 1.67
DEBUG 2026-06-09 17:04:00 t_client.py:477 Control loop (ms): 2.08
DEBUG 2026-06-09 17:04:01 t_client.py:477 Control loop (ms): 1.72
DEBUG 2026-06-09 17:04:01 follower.py:184 follower_right SOFollower read state: 2.2ms
DEBUG 2026-06-09 17:04:01 follower.py:191 follower_right SOFollower read wrist: 0.0ms
DEBUG 2026-06-09 17:04:01 follower.py:184 follower_left SOFollower read state: 1.8ms
DEBUG 2026-06-09 17:04:01 follower.py:191 follower_left SOFollower read wrist: 0.0ms
DEBUG 2026-06-09 17:04:01 t_client.py:198 Observation serialization time: 0.004394s
DEBUG 2026-06-09 17:04:01 ort/utils.py:54 [CLIENT] Observation Buffer size 4.3954973220825195 MB with
DEBUG 2026-06-09 17:04:01 ort/utils.py:69 [CLIENT] Observation Sent 2097152/4609013 bytes with state 1
DEBUG 2026-06-09 17:04:01 ort/utils.py:69 [CLIENT] Observation Sent 4194304/4609013 bytes with state 2
DEBUG 2026-06-09 17:04:01 ort/utils.py:69 [CLIENT] Observation Sent 4609013/4609013 bytes with state 3
DEBUG 2026-06-09 17:04:01 ort/utils.py:71 [CLIENT] Observation Published 4.3954973220825195 MB
DEBUG 2026-06-09 17:04:01 t_client.py:209 Sent observation #502 | 
DEBUG 2026-06-09 17:04:01 t_client.py:434 QUEUE SIZE: 8 (Must go: False)
DEBUG 2026-06-09 17:04:01 t_client.py:477 Control loop (ms): 165.66
DEBUG 2026-06-09 17:04:01 follower.py:184 follower_right SOFollower read state: 1.9ms
DEBUG 2026-06-09 17:04:01 follower.py:191 follower_right SOFollower read wrist: 0.0ms
DEBUG 2026-06-09 17:04:01 follower.py:184 follower_left SOFollower read state: 1.7ms
DEBUG 2026-06-09 17:04:01 follower.py:191 follower_left SOFollower read wrist: 0.0ms
DEBUG 2026-06-09 17:04:01 t_client.py:198 Observation serialization time: 0.006486s
DEBUG 2026-06-09 17:04:01 ort/utils.py:54 [CLIENT] Observation Buffer size 4.3954973220825195 MB with
DEBUG 2026-06-09 17:04:01 ort/utils.py:69 [CLIENT] Observation Sent 2097152/4609013 bytes with state 1
DEBUG 2026-06-09 17:04:01 ort/utils.py:69 [CLIENT] Observation Sent 4194304/4609013 bytes with state 2
DEBUG 2026-06-09 17:04:01 ort/utils.py:69 [CLIENT] Observation Sent 4609013/4609013 bytes with state 3
DEBUG 2026-06-09 17:04:01 ort/utils.py:71 [CLIENT] Observation Published 4.3954973220825195 MB
DEBUG 2026-06-09 17:04:01 t_client.py:292 Received actions on device: cpu
DEBUG 2026-06-09 17:04:01 t_client.py:302 Actions kept on device: cpu
DEBUG 2026-06-09 17:04:01 t_client.py:209 Sent observation #503 | 
DEBUG 2026-06-09 17:04:01 t_client.py:434 QUEUE SIZE: 7 (Must go: False)
DEBUG 2026-06-09 17:04:01 t_client.py:477 Control loop (ms): 140.94
DEBUG 2026-06-09 17:04:01 t_client.py:477 Control loop (ms): 1.03
DEBUG 2026-06-09 17:04:01 t_client.py:477 Control loop (ms): 1.52
DEBUG 2026-06-09 17:04:01 t_client.py:477 Control loop (ms): 1.98
DEBUG 2026-06-09 17:04:01 t_client.py:292 Received actions on device: cpu
DEBUG 2026-06-09 17:04:01 t_client.py:302 Actions kept on device: cpu
DEBUG 2026-06-09 17:04:01 t_client.py:477 Control loop (ms): 1.31
DEBUG 2026-06-09 17:04:01 t_client.py:477 Control loop (ms): 2.11
DEBUG 2026-06-09 17:04:01 t_client.py:477 Control loop (ms): 1.17
DEBUG 2026-06-09 17:04:01 follower.py:184 follower_right SOFollower read state: 1.9ms
DEBUG 2026-06-09 17:04:01 follower.py:191 follower_right SOFollower read wrist: 0.0ms
DEBUG 2026-06-09 17:04:01 follower.py:184 follower_left SOFollower read state: 2.2ms
DEBUG 2026-06-09 17:04:01 follower.py:191 follower_left SOFollower read wrist: 0.0ms
DEBUG 2026-06-09 17:04:01 t_client.py:198 Observation serialization time: 0.008288s
DEBUG 2026-06-09 17:04:01 ort/utils.py:54 [CLIENT] Observation Buffer size 4.3954973220825195 MB with
DEBUG 2026-06-09 17:04:01 ort/utils.py:69 [CLIENT] Observation Sent 2097152/4609013 bytes with state 1
DEBUG 2026-06-09 17:04:01 ort/utils.py:69 [CLIENT] Observation Sent 4194304/4609013 bytes with state 2
DEBUG 2026-06-09 17:04:01 ort/utils.py:69 [CLIENT] Observation Sent 4609013/4609013 bytes with state 3
DEBUG 2026-06-09 17:04:01 ort/utils.py:71 [CLIENT] Observation Published 4.3954973220825195 MB
DEBUG 2026-06-09 17:04:01 t_client.py:209 Sent observation #510 | 
DEBUG 2026-06-09 17:04:01 t_client.py:434 QUEUE SIZE: 8 (Must go: False)
DEBUG 2026-06-09 17:04:01 t_client.py:477 Control loop (ms): 127.20
DEBUG 2026-06-09 17:04:01 follower.py:184 follower_right SOFollower read state: 2.7ms
DEBUG 2026-06-09 17:04:01 follower.py:191 follower_right SOFollower read wrist: 0.1ms
DEBUG 2026-06-09 17:04:01 follower.py:184 follower_left SOFollower read state: 1.9ms
DEBUG 2026-06-09 17:04:01 follower.py:191 follower_left SOFollower read wrist: 0.0ms
DEBUG 2026-06-09 17:04:01 t_client.py:198 Observation serialization time: 0.009927s
DEBUG 2026-06-09 17:04:01 ort/utils.py:54 [CLIENT] Observation Buffer size 4.3954973220825195 MB with
DEBUG 2026-06-09 17:04:01 ort/utils.py:69 [CLIENT] Observation Sent 2097152/4609013 bytes with state 1
DEBUG 2026-06-09 17:04:01 ort/utils.py:69 [CLIENT] Observation Sent 4194304/4609013 bytes with state 2
DEBUG 2026-06-09 17:04:01 ort/utils.py:69 [CLIENT] Observation Sent 4609013/4609013 bytes with state 3
DEBUG 2026-06-09 17:04:01 ort/utils.py:71 [CLIENT] Observation Published 4.3954973220825195 MB
DEBUG 2026-06-09 17:04:01 t_client.py:209 Sent observation #511 | 
DEBUG 2026-06-09 17:04:01 t_client.py:434 QUEUE SIZE: 7 (Must go: False)
DEBUG 2026-06-09 17:04:01 t_client.py:477 Control loop (ms): 135.94
DEBUG 2026-06-09 17:04:01 t_client.py:292 Received actions on device: cpu
DEBUG 2026-06-09 17:04:01 t_client.py:302 Actions kept on device: cpu
DEBUG 2026-06-09 17:04:01 follower.py:184 follower_right SOFollower read state: 1.8ms
DEBUG 2026-06-09 17:04:01 follower.py:191 follower_right SOFollower read wrist: 0.0ms
DEBUG 2026-06-09 17:04:01 follower.py:184 follower_left SOFollower read state: 1.5ms
DEBUG 2026-06-09 17:04:01 follower.py:191 follower_left SOFollower read wrist: 0.0ms
DEBUG 2026-06-09 17:04:01 t_client.py:198 Observation serialization time: 0.005752s
DEBUG 2026-06-09 17:04:01 ort/utils.py:54 [CLIENT] Observation Buffer size 4.3954973220825195 MB with
DEBUG 2026-06-09 17:04:01 ort/utils.py:69 [CLIENT] Observation Sent 2097152/4609013 bytes with state 1
DEBUG 2026-06-09 17:04:01 ort/utils.py:69 [CLIENT] Observation Sent 4194304/4609013 bytes with state 2
DEBUG 2026-06-09 17:04:01 ort/utils.py:69 [CLIENT] Observation Sent 4609013/4609013 bytes with state 3
DEBUG 2026-06-09 17:04:01 ort/utils.py:71 [CLIENT] Observation Published 4.3954973220825195 MB
DEBUG 2026-06-09 17:04:01 t_client.py:292 Received actions on device: cpu
DEBUG 2026-06-09 17:04:01 t_client.py:302 Actions kept on device: cpu
DEBUG 2026-06-09 17:04:01 t_client.py:209 Sent observation #512 | 
DEBUG 2026-06-09 17:04:01 t_client.py:434 QUEUE SIZE: 13 (Must go: False)
DEBUG 2026-06-09 17:04:01 t_client.py:477 Control loop (ms): 152.88
DEBUG 2026-06-09 17:04:01 t_client.py:477 Control loop (ms): 2.05
DEBUG 2026-06-09 17:04:02 t_client.py:477 Control loop (ms): 3.00
DEBUG 2026-06-09 17:04:02 t_client.py:477 Control loop (ms): 1.83
DEBUG 2026-06-09 17:04:02 t_client.py:477 Control loop (ms): 1.75
DEBUG 2026-06-09 17:04:02 t_client.py:477 Control loop (ms): 2.08
DEBUG 2026-06-09 17:04:02 follower.py:184 follower_right SOFollower read state: 2.4ms
DEBUG 2026-06-09 17:04:02 follower.py:191 follower_right SOFollower read wrist: 0.0ms
DEBUG 2026-06-09 17:04:02 follower.py:184 follower_left SOFollower read state: 2.5ms
DEBUG 2026-06-09 17:04:02 follower.py:191 follower_left SOFollower read wrist: 0.0ms
DEBUG 2026-06-09 17:04:02 t_client.py:198 Observation serialization time: 0.010061s
DEBUG 2026-06-09 17:04:02 ort/utils.py:54 [CLIENT] Observation Buffer size 4.3954973220825195 MB with
DEBUG 2026-06-09 17:04:02 ort/utils.py:69 [CLIENT] Observation Sent 2097152/4609013 bytes with state 1
DEBUG 2026-06-09 17:04:02 ort/utils.py:69 [CLIENT] Observation Sent 4194304/4609013 bytes with state 2
DEBUG 2026-06-09 17:04:02 ort/utils.py:69 [CLIENT] Observation Sent 4609013/4609013 bytes with state 3
DEBUG 2026-06-09 17:04:02 ort/utils.py:71 [CLIENT] Observation Published 4.3954973220825195 MB
DEBUG 2026-06-09 17:04:02 t_client.py:209 Sent observation #518 | 
DEBUG 2026-06-09 17:04:02 t_client.py:434 QUEUE SIZE: 8 (Must go: False)
DEBUG 2026-06-09 17:04:02 t_client.py:477 Control loop (ms): 277.63
DEBUG 2026-06-09 17:04:02 follower.py:184 follower_right SOFollower read state: 2.4ms
DEBUG 2026-06-09 17:04:02 follower.py:191 follower_right SOFollower read wrist: 0.0ms
DEBUG 2026-06-09 17:04:02 follower.py:184 follower_left SOFollower read state: 1.8ms
DEBUG 2026-06-09 17:04:02 follower.py:191 follower_left SOFollower read wrist: 0.0ms
DEBUG 2026-06-09 17:04:02 t_client.py:198 Observation serialization time: 0.007514s
DEBUG 2026-06-09 17:04:02 ort/utils.py:54 [CLIENT] Observation Buffer size 4.3954973220825195 MB with
DEBUG 2026-06-09 17:04:02 ort/utils.py:69 [CLIENT] Observation Sent 2097152/4609013 bytes with state 1
DEBUG 2026-06-09 17:04:02 ort/utils.py:69 [CLIENT] Observation Sent 4194304/4609013 bytes with state 2
DEBUG 2026-06-09 17:04:02 ort/utils.py:69 [CLIENT] Observation Sent 4609013/4609013 bytes with state 3
DEBUG 2026-06-09 17:04:02 ort/utils.py:71 [CLIENT] Observation Published 4.3954973220825195 MB
DEBUG 2026-06-09 17:04:02 t_client.py:292 Received actions on device: cpu
DEBUG 2026-06-09 17:04:02 t_client.py:302 Actions kept on device: cpu
DEBUG 2026-06-09 17:04:02 t_client.py:209 Sent observation #519 | 
DEBUG 2026-06-09 17:04:02 t_client.py:434 QUEUE SIZE: 7 (Must go: False)
DEBUG 2026-06-09 17:04:02 t_client.py:477 Control loop (ms): 195.46
DEBUG 2026-06-09 17:04:02 t_client.py:477 Control loop (ms): 1.04
DEBUG 2026-06-09 17:04:02 t_client.py:477 Control loop (ms): 1.76
DEBUG 2026-06-09 17:04:02 t_client.py:477 Control loop (ms): 1.95
DEBUG 2026-06-09 17:04:02 t_client.py:292 Received actions on device: cpu
DEBUG 2026-06-09 17:04:02 t_client.py:302 Actions kept on device: cpu
DEBUG 2026-06-09 17:04:02 t_client.py:477 Control loop (ms): 1.95
DEBUG 2026-06-09 17:04:02 t_client.py:477 Control loop (ms): 2.29
DEBUG 2026-06-09 17:04:02 t_client.py:477 Control loop (ms): 1.61
DEBUG 2026-06-09 17:04:02 follower.py:184 follower_right SOFollower read state: 2.8ms
DEBUG 2026-06-09 17:04:02 follower.py:191 follower_right SOFollower read wrist: 0.0ms
DEBUG 2026-06-09 17:04:02 follower.py:184 follower_left SOFollower read state: 2.3ms
DEBUG 2026-06-09 17:04:02 follower.py:191 follower_left SOFollower read wrist: 0.0ms
DEBUG 2026-06-09 17:04:02 t_client.py:198 Observation serialization time: 0.008527s
DEBUG 2026-06-09 17:04:02 ort/utils.py:54 [CLIENT] Observation Buffer size 4.3954973220825195 MB with
DEBUG 2026-06-09 17:04:02 ort/utils.py:69 [CLIENT] Observation Sent 2097152/4609013 bytes with state 1
DEBUG 2026-06-09 17:04:02 ort/utils.py:69 [CLIENT] Observation Sent 4194304/4609013 bytes with state 2
DEBUG 2026-06-09 17:04:02 ort/utils.py:69 [CLIENT] Observation Sent 4609013/4609013 bytes with state 3
DEBUG 2026-06-09 17:04:02 ort/utils.py:71 [CLIENT] Observation Published 4.3954973220825195 MB
DEBUG 2026-06-09 17:04:03 t_client.py:209 Sent observation #526 | 
DEBUG 2026-06-09 17:04:03 t_client.py:434 QUEUE SIZE: 8 (Must go: False)
DEBUG 2026-06-09 17:04:03 t_client.py:477 Control loop (ms): 201.58
DEBUG 2026-06-09 17:04:03 follower.py:184 follower_right SOFollower read state: 3.2ms
DEBUG 2026-06-09 17:04:03 follower.py:191 follower_right SOFollower read wrist: 0.1ms
DEBUG 2026-06-09 17:04:03 follower.py:184 follower_left SOFollower read state: 2.3ms
DEBUG 2026-06-09 17:04:03 follower.py:191 follower_left SOFollower read wrist: 0.0ms
DEBUG 2026-06-09 17:04:03 t_client.py:198 Observation serialization time: 0.010639s
DEBUG 2026-06-09 17:04:03 ort/utils.py:54 [CLIENT] Observation Buffer size 4.3954973220825195 MB with
DEBUG 2026-06-09 17:04:03 ort/utils.py:69 [CLIENT] Observation Sent 2097152/4609013 bytes with state 1
DEBUG 2026-06-09 17:04:03 ort/utils.py:69 [CLIENT] Observation Sent 4194304/4609013 bytes with state 2
DEBUG 2026-06-09 17:04:03 ort/utils.py:69 [CLIENT] Observation Sent 4609013/4609013 bytes with state 3
DEBUG 2026-06-09 17:04:03 ort/utils.py:71 [CLIENT] Observation Published 4.3954973220825195 MB
DEBUG 2026-06-09 17:04:03 t_client.py:209 Sent observation #527 | 
DEBUG 2026-06-09 17:04:03 t_client.py:434 QUEUE SIZE: 7 (Must go: False)
DEBUG 2026-06-09 17:04:03 t_client.py:477 Control loop (ms): 187.74
DEBUG 2026-06-09 17:04:03 t_client.py:292 Received actions on device: cpu
DEBUG 2026-06-09 17:04:03 t_client.py:302 Actions kept on device: cpu
DEBUG 2026-06-09 17:04:03 follower.py:184 follower_right SOFollower read state: 2.7ms
DEBUG 2026-06-09 17:04:03 follower.py:191 follower_right SOFollower read wrist: 0.0ms
DEBUG 2026-06-09 17:04:03 follower.py:184 follower_left SOFollower read state: 2.5ms
DEBUG 2026-06-09 17:04:03 follower.py:191 follower_left SOFollower read wrist: 0.0ms
DEBUG 2026-06-09 17:04:03 t_client.py:198 Observation serialization time: 0.009622s
DEBUG 2026-06-09 17:04:03 ort/utils.py:54 [CLIENT] Observation Buffer size 4.3954973220825195 MB with
DEBUG 2026-06-09 17:04:03 ort/utils.py:69 [CLIENT] Observation Sent 2097152/4609013 bytes with state 1
DEBUG 2026-06-09 17:04:03 ort/utils.py:69 [CLIENT] Observation Sent 4194304/4609013 bytes with state 2
DEBUG 2026-06-09 17:04:03 ort/utils.py:69 [CLIENT] Observation Sent 4609013/4609013 bytes with state 3
DEBUG 2026-06-09 17:04:03 ort/utils.py:71 [CLIENT] Observation Published 4.3954973220825195 MB
DEBUG 2026-06-09 17:04:03 t_client.py:292 Received actions on device: cpu
DEBUG 2026-06-09 17:04:03 t_client.py:302 Actions kept on device: cpu
DEBUG 2026-06-09 17:04:03 t_client.py:209 Sent observation #528 | 
DEBUG 2026-06-09 17:04:03 t_client.py:434 QUEUE SIZE: 14 (Must go: False)
DEBUG 2026-06-09 17:04:03 t_client.py:477 Control loop (ms): 252.10
DEBUG 2026-06-09 17:04:03 t_client.py:477 Control loop (ms): 1.59
DEBUG 2026-06-09 17:04:03 t_client.py:477 Control loop (ms): 1.76
DEBUG 2026-06-09 17:04:03 t_client.py:477 Control loop (ms): 2.07
DEBUG 2026-06-09 17:04:03 t_client.py:477 Control loop (ms): 2.16
DEBUG 2026-06-09 17:04:03 t_client.py:477 Control loop (ms): 2.21
DEBUG 2026-06-09 17:04:03 follower.py:184 follower_right SOFollower read state: 2.4ms
DEBUG 2026-06-09 17:04:03 follower.py:191 follower_right SOFollower read wrist: 0.0ms
DEBUG 2026-06-09 17:04:03 follower.py:184 follower_left SOFollower read state: 2.4ms
DEBUG 2026-06-09 17:04:03 follower.py:191 follower_left SOFollower read wrist: 0.0ms
DEBUG 2026-06-09 17:04:03 t_client.py:198 Observation serialization time: 0.006068s
DEBUG 2026-06-09 17:04:03 ort/utils.py:54 [CLIENT] Observation Buffer size 4.3954973220825195 MB with
DEBUG 2026-06-09 17:04:03 ort/utils.py:69 [CLIENT] Observation Sent 2097152/4609013 bytes with state 1
DEBUG 2026-06-09 17:04:03 ort/utils.py:69 [CLIENT] Observation Sent 4194304/4609013 bytes with state 2
DEBUG 2026-06-09 17:04:03 ort/utils.py:69 [CLIENT] Observation Sent 4609013/4609013 bytes with state 3
DEBUG 2026-06-09 17:04:03 ort/utils.py:71 [CLIENT] Observation Published 4.3954973220825195 MB
DEBUG 2026-06-09 17:04:03 t_client.py:209 Sent observation #534 | 
DEBUG 2026-06-09 17:04:03 t_client.py:434 QUEUE SIZE: 8 (Must go: False)
DEBUG 2026-06-09 17:04:03 t_client.py:477 Control loop (ms): 170.89
DEBUG 2026-06-09 17:04:03 follower.py:184 follower_right SOFollower read state: 2.0ms
DEBUG 2026-06-09 17:04:03 follower.py:191 follower_right SOFollower read wrist: 0.0ms
DEBUG 2026-06-09 17:04:03 follower.py:184 follower_left SOFollower read state: 2.2ms
DEBUG 2026-06-09 17:04:03 follower.py:191 follower_left SOFollower read wrist: 0.0ms
DEBUG 2026-06-09 17:04:03 t_client.py:198 Observation serialization time: 0.006799s
DEBUG 2026-06-09 17:04:03 ort/utils.py:54 [CLIENT] Observation Buffer size 4.3954973220825195 MB with
DEBUG 2026-06-09 17:04:03 ort/utils.py:69 [CLIENT] Observation Sent 2097152/4609013 bytes with state 1
DEBUG 2026-06-09 17:04:03 ort/utils.py:69 [CLIENT] Observation Sent 4194304/4609013 bytes with state 2
DEBUG 2026-06-09 17:04:03 ort/utils.py:69 [CLIENT] Observation Sent 4609013/4609013 bytes with state 3
DEBUG 2026-06-09 17:04:03 ort/utils.py:71 [CLIENT] Observation Published 4.3954973220825195 MB
DEBUG 2026-06-09 17:04:03 t_client.py:209 Sent observation #535 | 
DEBUG 2026-06-09 17:04:03 t_client.py:434 QUEUE SIZE: 7 (Must go: False)
DEBUG 2026-06-09 17:04:03 t_client.py:477 Control loop (ms): 128.79
DEBUG 2026-06-09 17:04:03 t_client.py:292 Received actions on device: cpu
DEBUG 2026-06-09 17:04:03 t_client.py:302 Actions kept on device: cpu
DEBUG 2026-06-09 17:04:03 follower.py:184 follower_right SOFollower read state: 1.8ms
DEBUG 2026-06-09 17:04:03 follower.py:191 follower_right SOFollower read wrist: 0.0ms
DEBUG 2026-06-09 17:04:03 follower.py:184 follower_left SOFollower read state: 2.1ms
DEBUG 2026-06-09 17:04:03 follower.py:191 follower_left SOFollower read wrist: 0.0ms
DEBUG 2026-06-09 17:04:03 t_client.py:198 Observation serialization time: 0.005042s
DEBUG 2026-06-09 17:04:03 ort/utils.py:54 [CLIENT] Observation Buffer size 4.3954973220825195 MB with
DEBUG 2026-06-09 17:04:03 ort/utils.py:69 [CLIENT] Observation Sent 2097152/4609013 bytes with state 1
DEBUG 2026-06-09 17:04:04 ort/utils.py:69 [CLIENT] Observation Sent 4194304/4609013 bytes with state 2
DEBUG 2026-06-09 17:04:04 ort/utils.py:69 [CLIENT] Observation Sent 4609013/4609013 bytes with state 3
DEBUG 2026-06-09 17:04:04 ort/utils.py:71 [CLIENT] Observation Published 4.3954973220825195 MB
DEBUG 2026-06-09 17:04:04 t_client.py:209 Sent observation #536 | 
DEBUG 2026-06-09 17:04:04 t_client.py:434 QUEUE SIZE: 14 (Must go: False)
DEBUG 2026-06-09 17:04:04 t_client.py:477 Control loop (ms): 127.37
DEBUG 2026-06-09 17:04:04 t_client.py:477 Control loop (ms): 2.97
DEBUG 2026-06-09 17:04:04 t_client.py:292 Received actions on device: cpu
DEBUG 2026-06-09 17:04:04 t_client.py:302 Actions kept on device: cpu
DEBUG 2026-06-09 17:04:04 t_client.py:477 Control loop (ms): 1.82
DEBUG 2026-06-09 17:04:04 t_client.py:477 Control loop (ms): 2.38
DEBUG 2026-06-09 17:04:04 t_client.py:477 Control loop (ms): 10.58
DEBUG 2026-06-09 17:04:04 t_client.py:292 Received actions on device: cpu
DEBUG 2026-06-09 17:04:04 t_client.py:302 Actions kept on device: cpu
DEBUG 2026-06-09 17:04:04 t_client.py:477 Control loop (ms): 1.94
DEBUG 2026-06-09 17:04:04 t_client.py:477 Control loop (ms): 1.66
DEBUG 2026-06-09 17:04:04 t_client.py:477 Control loop (ms): 1.86
DEBUG 2026-06-09 17:04:04 follower.py:184 follower_right SOFollower read state: 1.9ms
DEBUG 2026-06-09 17:04:04 follower.py:191 follower_right SOFollower read wrist: 0.0ms
DEBUG 2026-06-09 17:04:04 follower.py:184 follower_left SOFollower read state: 1.7ms
DEBUG 2026-06-09 17:04:04 follower.py:191 follower_left SOFollower read wrist: 0.0ms
DEBUG 2026-06-09 17:04:04 t_client.py:198 Observation serialization time: 0.009612s
DEBUG 2026-06-09 17:04:04 ort/utils.py:54 [CLIENT] Observation Buffer size 4.3954973220825195 MB with
DEBUG 2026-06-09 17:04:04 ort/utils.py:69 [CLIENT] Observation Sent 2097152/4609013 bytes with state 1
DEBUG 2026-06-09 17:04:04 ort/utils.py:69 [CLIENT] Observation Sent 4194304/4609013 bytes with state 2
DEBUG 2026-06-09 17:04:04 ort/utils.py:69 [CLIENT] Observation Sent 4609013/4609013 bytes with state 3
DEBUG 2026-06-09 17:04:04 ort/utils.py:71 [CLIENT] Observation Published 4.3954973220825195 MB
DEBUG 2026-06-09 17:04:04 t_client.py:209 Sent observation #543 | 
DEBUG 2026-06-09 17:04:04 t_client.py:434 QUEUE SIZE: 8 (Must go: False)
DEBUG 2026-06-09 17:04:04 t_client.py:477 Control loop (ms): 119.05
DEBUG 2026-06-09 17:04:04 follower.py:184 follower_right SOFollower read state: 2.3ms
DEBUG 2026-06-09 17:04:04 follower.py:191 follower_right SOFollower read wrist: 0.0ms
DEBUG 2026-06-09 17:04:04 follower.py:184 follower_left SOFollower read state: 1.8ms
DEBUG 2026-06-09 17:04:04 follower.py:191 follower_left SOFollower read wrist: 0.0ms
DEBUG 2026-06-09 17:04:04 t_client.py:198 Observation serialization time: 0.006550s
DEBUG 2026-06-09 17:04:04 ort/utils.py:54 [CLIENT] Observation Buffer size 4.3954973220825195 MB with
DEBUG 2026-06-09 17:04:04 ort/utils.py:69 [CLIENT] Observation Sent 2097152/4609013 bytes with state 1
DEBUG 2026-06-09 17:04:04 ort/utils.py:69 [CLIENT] Observation Sent 4194304/4609013 bytes with state 2
DEBUG 2026-06-09 17:04:04 ort/utils.py:69 [CLIENT] Observation Sent 4609013/4609013 bytes with state 3
DEBUG 2026-06-09 17:04:04 ort/utils.py:71 [CLIENT] Observation Published 4.3954973220825195 MB
DEBUG 2026-06-09 17:04:04 t_client.py:209 Sent observation #544 | 
DEBUG 2026-06-09 17:04:04 t_client.py:434 QUEUE SIZE: 7 (Must go: False)
DEBUG 2026-06-09 17:04:04 t_client.py:477 Control loop (ms): 132.23
DEBUG 2026-06-09 17:04:04 follower.py:184 follower_right SOFollower read state: 2.0ms
DEBUG 2026-06-09 17:04:04 follower.py:191 follower_right SOFollower read wrist: 0.0ms
DEBUG 2026-06-09 17:04:04 t_client.py:292 Received actions on device: cpu
DEBUG 2026-06-09 17:04:04 t_client.py:302 Actions kept on device: cpu
DEBUG 2026-06-09 17:04:04 follower.py:184 follower_left SOFollower read state: 1.8ms
DEBUG 2026-06-09 17:04:04 follower.py:191 follower_left SOFollower read wrist: 0.0ms
DEBUG 2026-06-09 17:04:04 t_client.py:198 Observation serialization time: 0.007327s
DEBUG 2026-06-09 17:04:04 ort/utils.py:54 [CLIENT] Observation Buffer size 4.3954973220825195 MB with
DEBUG 2026-06-09 17:04:04 ort/utils.py:69 [CLIENT] Observation Sent 2097152/4609013 bytes with state 1
DEBUG 2026-06-09 17:04:04 ort/utils.py:69 [CLIENT] Observation Sent 4194304/4609013 bytes with state 2
DEBUG 2026-06-09 17:04:04 ort/utils.py:69 [CLIENT] Observation Sent 4609013/4609013 bytes with state 3
DEBUG 2026-06-09 17:04:04 ort/utils.py:71 [CLIENT] Observation Published 4.3954973220825195 MB
DEBUG 2026-06-09 17:04:04 t_client.py:209 Sent observation #545 | 
DEBUG 2026-06-09 17:04:04 t_client.py:434 QUEUE SIZE: 6 (Must go: False)
DEBUG 2026-06-09 17:04:04 t_client.py:477 Control loop (ms): 145.98
DEBUG 2026-06-09 17:04:04 t_client.py:477 Control loop (ms): 1.49
DEBUG 2026-06-09 17:04:04 t_client.py:292 Received actions on device: cpu
DEBUG 2026-06-09 17:04:04 t_client.py:302 Actions kept on device: cpu
DEBUG 2026-06-09 17:04:04 t_client.py:477 Control loop (ms): 1.54
DEBUG 2026-06-09 17:04:04 t_client.py:477 Control loop (ms): 2.15
DEBUG 2026-06-09 17:04:04 t_client.py:477 Control loop (ms): 2.13
DEBUG 2026-06-09 17:04:04 t_client.py:292 Received actions on device: cpu
DEBUG 2026-06-09 17:04:04 t_client.py:302 Actions kept on device: cpu
DEBUG 2026-06-09 17:04:04 t_client.py:477 Control loop (ms): 1.79
DEBUG 2026-06-09 17:04:04 t_client.py:477 Control loop (ms): 2.58
DEBUG 2026-06-09 17:04:04 follower.py:184 follower_right SOFollower read state: 2.4ms
DEBUG 2026-06-09 17:04:04 follower.py:191 follower_right SOFollower read wrist: 0.0ms
DEBUG 2026-06-09 17:04:04 follower.py:184 follower_left SOFollower read state: 2.2ms
DEBUG 2026-06-09 17:04:04 follower.py:191 follower_left SOFollower read wrist: 0.0ms
DEBUG 2026-06-09 17:04:04 t_client.py:198 Observation serialization time: 0.008132s
DEBUG 2026-06-09 17:04:04 ort/utils.py:54 [CLIENT] Observation Buffer size 4.3954973220825195 MB with
DEBUG 2026-06-09 17:04:04 ort/utils.py:69 [CLIENT] Observation Sent 2097152/4609013 bytes with state 1
DEBUG 2026-06-09 17:04:04 ort/utils.py:69 [CLIENT] Observation Sent 4194304/4609013 bytes with state 2
DEBUG 2026-06-09 17:04:04 ort/utils.py:69 [CLIENT] Observation Sent 4609013/4609013 bytes with state 3
DEBUG 2026-06-09 17:04:04 ort/utils.py:71 [CLIENT] Observation Published 4.3954973220825195 MB
DEBUG 2026-06-09 17:04:05 t_client.py:209 Sent observation #552 | 
DEBUG 2026-06-09 17:04:05 t_client.py:434 QUEUE SIZE: 8 (Must go: False)
DEBUG 2026-06-09 17:04:05 t_client.py:477 Control loop (ms): 107.91
DEBUG 2026-06-09 17:04:05 follower.py:184 follower_right SOFollower read state: 1.8ms
DEBUG 2026-06-09 17:04:05 follower.py:191 follower_right SOFollower read wrist: 0.0ms
DEBUG 2026-06-09 17:04:05 follower.py:184 follower_left SOFollower read state: 1.8ms
DEBUG 2026-06-09 17:04:05 follower.py:191 follower_left SOFollower read wrist: 0.0ms
DEBUG 2026-06-09 17:04:05 t_client.py:198 Observation serialization time: 0.009471s
DEBUG 2026-06-09 17:04:05 ort/utils.py:54 [CLIENT] Observation Buffer size 4.3954973220825195 MB with
DEBUG 2026-06-09 17:04:05 ort/utils.py:69 [CLIENT] Observation Sent 2097152/4609013 bytes with state 1
DEBUG 2026-06-09 17:04:05 ort/utils.py:69 [CLIENT] Observation Sent 4194304/4609013 bytes with state 2
DEBUG 2026-06-09 17:04:05 ort/utils.py:69 [CLIENT] Observation Sent 4609013/4609013 bytes with state 3
DEBUG 2026-06-09 17:04:05 ort/utils.py:71 [CLIENT] Observation Published 4.3954973220825195 MB
DEBUG 2026-06-09 17:04:05 t_client.py:209 Sent observation #553 | 
DEBUG 2026-06-09 17:04:05 t_client.py:434 QUEUE SIZE: 7 (Must go: False)
DEBUG 2026-06-09 17:04:05 t_client.py:477 Control loop (ms): 109.31
DEBUG 2026-06-09 17:04:05 follower.py:184 follower_right SOFollower read state: 2.6ms
DEBUG 2026-06-09 17:04:05 follower.py:191 follower_right SOFollower read wrist: 0.0ms
DEBUG 2026-06-09 17:04:05 t_client.py:292 Received actions on device: cpu
DEBUG 2026-06-09 17:04:05 t_client.py:302 Actions kept on device: cpu
DEBUG 2026-06-09 17:04:05 follower.py:184 follower_left SOFollower read state: 2.0ms
DEBUG 2026-06-09 17:04:05 follower.py:191 follower_left SOFollower read wrist: 0.0ms
DEBUG 2026-06-09 17:04:05 t_client.py:198 Observation serialization time: 0.007393s
DEBUG 2026-06-09 17:04:05 ort/utils.py:54 [CLIENT] Observation Buffer size 4.3954973220825195 MB with
DEBUG 2026-06-09 17:04:05 ort/utils.py:69 [CLIENT] Observation Sent 2097152/4609013 bytes with state 1
DEBUG 2026-06-09 17:04:05 ort/utils.py:69 [CLIENT] Observation Sent 4194304/4609013 bytes with state 2
DEBUG 2026-06-09 17:04:05 ort/utils.py:69 [CLIENT] Observation Sent 4609013/4609013 bytes with state 3
DEBUG 2026-06-09 17:04:05 ort/utils.py:71 [CLIENT] Observation Published 4.3954973220825195 MB
DEBUG 2026-06-09 17:04:05 t_client.py:209 Sent observation #554 | 
DEBUG 2026-06-09 17:04:05 t_client.py:434 QUEUE SIZE: 6 (Must go: False)
DEBUG 2026-06-09 17:04:05 t_client.py:477 Control loop (ms): 116.67
DEBUG 2026-06-09 17:04:05 t_client.py:477 Control loop (ms): 1.66
DEBUG 2026-06-09 17:04:05 t_client.py:477 Control loop (ms): 1.94
DEBUG 2026-06-09 17:04:05 t_client.py:292 Received actions on device: cpu
DEBUG 2026-06-09 17:04:05 t_client.py:302 Actions kept on device: cpu
DEBUG 2026-06-09 17:04:05 t_client.py:477 Control loop (ms): 2.27
DEBUG 2026-06-09 17:04:05 t_client.py:477 Control loop (ms): 1.53
DEBUG 2026-06-09 17:04:05 t_client.py:477 Control loop (ms): 1.16
DEBUG 2026-06-09 17:04:05 t_client.py:292 Received actions on device: cpu
DEBUG 2026-06-09 17:04:05 t_client.py:302 Actions kept on device: cpu
DEBUG 2026-06-09 17:04:05 follower.py:184 follower_right SOFollower read state: 1.6ms
DEBUG 2026-06-09 17:04:05 follower.py:191 follower_right SOFollower read wrist: 0.0ms
DEBUG 2026-06-09 17:04:05 follower.py:184 follower_left SOFollower read state: 1.4ms
DEBUG 2026-06-09 17:04:05 follower.py:191 follower_left SOFollower read wrist: 0.0ms
DEBUG 2026-06-09 17:04:05 t_client.py:198 Observation serialization time: 0.005603s
DEBUG 2026-06-09 17:04:05 ort/utils.py:54 [CLIENT] Observation Buffer size 4.3954973220825195 MB with
DEBUG 2026-06-09 17:04:05 ort/utils.py:69 [CLIENT] Observation Sent 2097152/4609013 bytes with state 1
DEBUG 2026-06-09 17:04:05 ort/utils.py:69 [CLIENT] Observation Sent 4194304/4609013 bytes with state 2
DEBUG 2026-06-09 17:04:05 ort/utils.py:69 [CLIENT] Observation Sent 4609013/4609013 bytes with state 3
DEBUG 2026-06-09 17:04:05 ort/utils.py:71 [CLIENT] Observation Published 4.3954973220825195 MB
DEBUG 2026-06-09 17:04:05 t_client.py:209 Sent observation #560 | 
DEBUG 2026-06-09 17:04:05 t_client.py:434 QUEUE SIZE: 10 (Must go: False)
DEBUG 2026-06-09 17:04:05 t_client.py:477 Control loop (ms): 111.05
DEBUG 2026-06-09 17:04:05 t_client.py:477 Control loop (ms): 2.07
DEBUG 2026-06-09 17:04:05 follower.py:184 follower_right SOFollower read state: 3.1ms
DEBUG 2026-06-09 17:04:05 follower.py:191 follower_right SOFollower read wrist: 0.1ms
DEBUG 2026-06-09 17:04:05 follower.py:184 follower_left SOFollower read state: 2.5ms
DEBUG 2026-06-09 17:04:05 follower.py:191 follower_left SOFollower read wrist: 0.0ms
DEBUG 2026-06-09 17:04:05 t_client.py:198 Observation serialization time: 0.005024s
DEBUG 2026-06-09 17:04:05 ort/utils.py:54 [CLIENT] Observation Buffer size 4.3954973220825195 MB with
DEBUG 2026-06-09 17:04:05 ort/utils.py:69 [CLIENT] Observation Sent 2097152/4609013 bytes with state 1
DEBUG 2026-06-09 17:04:05 ort/utils.py:69 [CLIENT] Observation Sent 4194304/4609013 bytes with state 2
DEBUG 2026-06-09 17:04:05 ort/utils.py:69 [CLIENT] Observation Sent 4609013/4609013 bytes with state 3
DEBUG 2026-06-09 17:04:05 ort/utils.py:71 [CLIENT] Observation Published 4.3954973220825195 MB
DEBUG 2026-06-09 17:04:05 t_client.py:292 Received actions on device: cpu
DEBUG 2026-06-09 17:04:05 t_client.py:302 Actions kept on device: cpu
DEBUG 2026-06-09 17:04:05 t_client.py:209 Sent observation #561 | 
DEBUG 2026-06-09 17:04:05 t_client.py:434 QUEUE SIZE: 8 (Must go: False)
DEBUG 2026-06-09 17:04:05 t_client.py:477 Control loop (ms): 125.97
DEBUG 2026-06-09 17:04:05 t_client.py:477 Control loop (ms): 1.99
DEBUG 2026-06-09 17:04:05 t_client.py:477 Control loop (ms): 2.02
DEBUG 2026-06-09 17:04:05 t_client.py:477 Control loop (ms): 1.96
DEBUG 2026-06-09 17:04:05 t_client.py:292 Received actions on device: cpu
DEBUG 2026-06-09 17:04:05 t_client.py:302 Actions kept on device: cpu
DEBUG 2026-06-09 17:04:05 t_client.py:477 Control loop (ms): 1.37
DEBUG 2026-06-09 17:04:05 t_client.py:477 Control loop (ms): 1.58
DEBUG 2026-06-09 17:04:05 t_client.py:477 Control loop (ms): 1.68
DEBUG 2026-06-09 17:04:05 follower.py:184 follower_right SOFollower read state: 2.8ms
DEBUG 2026-06-09 17:04:05 follower.py:191 follower_right SOFollower read wrist: 0.0ms
DEBUG 2026-06-09 17:04:05 follower.py:184 follower_left SOFollower read state: 2.3ms
DEBUG 2026-06-09 17:04:05 follower.py:191 follower_left SOFollower read wrist: 0.0ms
DEBUG 2026-06-09 17:04:05 t_client.py:198 Observation serialization time: 0.008190s
DEBUG 2026-06-09 17:04:05 ort/utils.py:54 [CLIENT] Observation Buffer size 4.3954973220825195 MB with
DEBUG 2026-06-09 17:04:05 ort/utils.py:69 [CLIENT] Observation Sent 2097152/4609013 bytes with state 1
DEBUG 2026-06-09 17:04:05 ort/utils.py:69 [CLIENT] Observation Sent 4194304/4609013 bytes with state 2
DEBUG 2026-06-09 17:04:05 ort/utils.py:69 [CLIENT] Observation Sent 4609013/4609013 bytes with state 3
DEBUG 2026-06-09 17:04:05 ort/utils.py:71 [CLIENT] Observation Published 4.3954973220825195 MB
DEBUG 2026-06-09 17:04:05 t_client.py:209 Sent observation #568 | 
DEBUG 2026-06-09 17:04:05 t_client.py:434 QUEUE SIZE: 8 (Must go: False)
DEBUG 2026-06-09 17:04:05 t_client.py:477 Control loop (ms): 122.11
DEBUG 2026-06-09 17:04:06 follower.py:184 follower_right SOFollower read state: 1.9ms
DEBUG 2026-06-09 17:04:06 follower.py:191 follower_right SOFollower read wrist: 0.0ms
DEBUG 2026-06-09 17:04:06 follower.py:184 follower_left SOFollower read state: 1.8ms
DEBUG 2026-06-09 17:04:06 follower.py:191 follower_left SOFollower read wrist: 0.0ms
DEBUG 2026-06-09 17:04:06 t_client.py:198 Observation serialization time: 0.004456s
DEBUG 2026-06-09 17:04:06 ort/utils.py:54 [CLIENT] Observation Buffer size 4.3954973220825195 MB with
DEBUG 2026-06-09 17:04:06 ort/utils.py:69 [CLIENT] Observation Sent 2097152/4609013 bytes with state 1
DEBUG 2026-06-09 17:04:06 ort/utils.py:69 [CLIENT] Observation Sent 4194304/4609013 bytes with state 2
DEBUG 2026-06-09 17:04:06 ort/utils.py:69 [CLIENT] Observation Sent 4609013/4609013 bytes with state 3
DEBUG 2026-06-09 17:04:06 ort/utils.py:71 [CLIENT] Observation Published 4.3954973220825195 MB
DEBUG 2026-06-09 17:04:06 t_client.py:292 Received actions on device: cpu
DEBUG 2026-06-09 17:04:06 t_client.py:302 Actions kept on device: cpu
DEBUG 2026-06-09 17:04:06 t_client.py:209 Sent observation #569 | 
DEBUG 2026-06-09 17:04:06 t_client.py:434 QUEUE SIZE: 7 (Must go: False)
DEBUG 2026-06-09 17:04:06 t_client.py:477 Control loop (ms): 123.83
DEBUG 2026-06-09 17:04:06 t_client.py:477 Control loop (ms): 2.52
DEBUG 2026-06-09 17:04:06 t_client.py:477 Control loop (ms): 1.60
DEBUG 2026-06-09 17:04:06 t_client.py:477 Control loop (ms): 2.68
DEBUG 2026-06-09 17:04:06 t_client.py:292 Received actions on device: cpu
DEBUG 2026-06-09 17:04:06 t_client.py:302 Actions kept on device: cpu
DEBUG 2026-06-09 17:04:06 t_client.py:477 Control loop (ms): 2.07
DEBUG 2026-06-09 17:04:06 t_client.py:477 Control loop (ms): 2.48
DEBUG 2026-06-09 17:04:06 t_client.py:477 Control loop (ms): 2.06
DEBUG 2026-06-09 17:04:06 follower.py:184 follower_right SOFollower read state: 2.3ms
DEBUG 2026-06-09 17:04:06 follower.py:191 follower_right SOFollower read wrist: 0.0ms
DEBUG 2026-06-09 17:04:06 follower.py:184 follower_left SOFollower read state: 2.2ms
DEBUG 2026-06-09 17:04:06 follower.py:191 follower_left SOFollower read wrist: 0.0ms
DEBUG 2026-06-09 17:04:06 t_client.py:198 Observation serialization time: 0.007572s
DEBUG 2026-06-09 17:04:06 ort/utils.py:54 [CLIENT] Observation Buffer size 4.3954973220825195 MB with
DEBUG 2026-06-09 17:04:06 ort/utils.py:69 [CLIENT] Observation Sent 2097152/4609013 bytes with state 1
DEBUG 2026-06-09 17:04:06 ort/utils.py:69 [CLIENT] Observation Sent 4194304/4609013 bytes with state 2
DEBUG 2026-06-09 17:04:06 ort/utils.py:69 [CLIENT] Observation Sent 4609013/4609013 bytes with state 3
DEBUG 2026-06-09 17:04:06 ort/utils.py:71 [CLIENT] Observation Published 4.3954973220825195 MB
DEBUG 2026-06-09 17:04:06 t_client.py:209 Sent observation #576 | 
DEBUG 2026-06-09 17:04:06 t_client.py:434 QUEUE SIZE: 8 (Must go: False)
DEBUG 2026-06-09 17:04:06 t_client.py:477 Control loop (ms): 160.71
DEBUG 2026-06-09 17:04:06 follower.py:184 follower_right SOFollower read state: 2.2ms
DEBUG 2026-06-09 17:04:06 follower.py:191 follower_right SOFollower read wrist: 0.0ms
DEBUG 2026-06-09 17:04:06 follower.py:184 follower_left SOFollower read state: 2.3ms
DEBUG 2026-06-09 17:04:06 follower.py:191 follower_left SOFollower read wrist: 0.0ms
DEBUG 2026-06-09 17:04:06 t_client.py:198 Observation serialization time: 0.008976s
DEBUG 2026-06-09 17:04:06 ort/utils.py:54 [CLIENT] Observation Buffer size 4.3954973220825195 MB with
DEBUG 2026-06-09 17:04:06 ort/utils.py:69 [CLIENT] Observation Sent 2097152/4609013 bytes with state 1
DEBUG 2026-06-09 17:04:06 t_client.py:292 Received actions on device: cpu
DEBUG 2026-06-09 17:04:06 t_client.py:302 Actions kept on device: cpu
DEBUG 2026-06-09 17:04:06 ort/utils.py:69 [CLIENT] Observation Sent 4194304/4609013 bytes with state 2
DEBUG 2026-06-09 17:04:06 ort/utils.py:69 [CLIENT] Observation Sent 4609013/4609013 bytes with state 3
DEBUG 2026-06-09 17:04:06 ort/utils.py:71 [CLIENT] Observation Published 4.3954973220825195 MB
DEBUG 2026-06-09 17:04:06 t_client.py:209 Sent observation #577 | 
DEBUG 2026-06-09 17:04:06 t_client.py:434 QUEUE SIZE: 7 (Must go: False)
DEBUG 2026-06-09 17:04:06 t_client.py:477 Control loop (ms): 146.41
DEBUG 2026-06-09 17:04:06 t_client.py:477 Control loop (ms): 2.39
DEBUG 2026-06-09 17:04:06 t_client.py:477 Control loop (ms): 2.29
DEBUG 2026-06-09 17:04:06 t_client.py:477 Control loop (ms): 2.36
DEBUG 2026-06-09 17:04:06 t_client.py:292 Received actions on device: cpu
DEBUG 2026-06-09 17:04:06 t_client.py:302 Actions kept on device: cpu
DEBUG 2026-06-09 17:04:06 t_client.py:477 Control loop (ms): 1.77
DEBUG 2026-06-09 17:04:06 t_client.py:477 Control loop (ms): 1.61
DEBUG 2026-06-09 17:04:06 t_client.py:477 Control loop (ms): 1.80
DEBUG 2026-06-09 17:04:06 follower.py:184 follower_right SOFollower read state: 1.9ms
DEBUG 2026-06-09 17:04:06 follower.py:191 follower_right SOFollower read wrist: 0.0ms
DEBUG 2026-06-09 17:04:06 follower.py:184 follower_left SOFollower read state: 2.0ms
DEBUG 2026-06-09 17:04:06 follower.py:191 follower_left SOFollower read wrist: 0.0ms
DEBUG 2026-06-09 17:04:06 t_client.py:198 Observation serialization time: 0.006876s
DEBUG 2026-06-09 17:04:06 ort/utils.py:54 [CLIENT] Observation Buffer size 4.3954973220825195 MB with
DEBUG 2026-06-09 17:04:06 ort/utils.py:69 [CLIENT] Observation Sent 2097152/4609013 bytes with state 1
DEBUG 2026-06-09 17:04:06 ort/utils.py:69 [CLIENT] Observation Sent 4194304/4609013 bytes with state 2
DEBUG 2026-06-09 17:04:06 ort/utils.py:69 [CLIENT] Observation Sent 4609013/4609013 bytes with state 3
DEBUG 2026-06-09 17:04:06 ort/utils.py:71 [CLIENT] Observation Published 4.3954973220825195 MB
DEBUG 2026-06-09 17:04:06 t_client.py:209 Sent observation #584 | 
DEBUG 2026-06-09 17:04:06 t_client.py:434 QUEUE SIZE: 8 (Must go: False)
DEBUG 2026-06-09 17:04:06 t_client.py:477 Control loop (ms): 130.02
DEBUG 2026-06-09 17:04:06 follower.py:184 follower_right SOFollower read state: 1.9ms
DEBUG 2026-06-09 17:04:06 follower.py:191 follower_right SOFollower read wrist: 0.0ms
DEBUG 2026-06-09 17:04:06 follower.py:184 follower_left SOFollower read state: 1.8ms
DEBUG 2026-06-09 17:04:06 follower.py:191 follower_left SOFollower read wrist: 0.0ms
DEBUG 2026-06-09 17:04:06 t_client.py:198 Observation serialization time: 0.006258s
DEBUG 2026-06-09 17:04:06 ort/utils.py:54 [CLIENT] Observation Buffer size 4.3954973220825195 MB with
DEBUG 2026-06-09 17:04:06 ort/utils.py:69 [CLIENT] Observation Sent 2097152/4609013 bytes with state 1
DEBUG 2026-06-09 17:04:07 ort/utils.py:69 [CLIENT] Observation Sent 4194304/4609013 bytes with state 2
DEBUG 2026-06-09 17:04:07 ort/utils.py:69 [CLIENT] Observation Sent 4609013/4609013 bytes with state 3
DEBUG 2026-06-09 17:04:07 ort/utils.py:71 [CLIENT] Observation Published 4.3954973220825195 MB
DEBUG 2026-06-09 17:04:07 t_client.py:292 Received actions on device: cpu
DEBUG 2026-06-09 17:04:07 t_client.py:302 Actions kept on device: cpu
DEBUG 2026-06-09 17:04:07 t_client.py:209 Sent observation #585 | 
DEBUG 2026-06-09 17:04:07 t_client.py:434 QUEUE SIZE: 7 (Must go: False)
DEBUG 2026-06-09 17:04:07 t_client.py:477 Control loop (ms): 120.24
DEBUG 2026-06-09 17:04:07 t_client.py:477 Control loop (ms): 1.82
DEBUG 2026-06-09 17:04:07 t_client.py:477 Control loop (ms): 1.72
DEBUG 2026-06-09 17:04:07 t_client.py:477 Control loop (ms): 2.02
DEBUG 2026-06-09 17:04:07 t_client.py:292 Received actions on device: cpu
DEBUG 2026-06-09 17:04:07 t_client.py:302 Actions kept on device: cpu
DEBUG 2026-06-09 17:04:07 t_client.py:477 Control loop (ms): 1.12
DEBUG 2026-06-09 17:04:07 t_client.py:477 Control loop (ms): 1.99
DEBUG 2026-06-09 17:04:07 t_client.py:477 Control loop (ms): 1.52
DEBUG 2026-06-09 17:04:07 follower.py:184 follower_right SOFollower read state: 2.2ms
DEBUG 2026-06-09 17:04:07 follower.py:191 follower_right SOFollower read wrist: 0.0ms
DEBUG 2026-06-09 17:04:07 follower.py:184 follower_left SOFollower read state: 1.9ms
DEBUG 2026-06-09 17:04:07 follower.py:191 follower_left SOFollower read wrist: 0.0ms
DEBUG 2026-06-09 17:04:07 t_client.py:198 Observation serialization time: 0.009261s
DEBUG 2026-06-09 17:04:07 ort/utils.py:54 [CLIENT] Observation Buffer size 4.3954973220825195 MB with
DEBUG 2026-06-09 17:04:07 ort/utils.py:69 [CLIENT] Observation Sent 2097152/4609013 bytes with state 1
DEBUG 2026-06-09 17:04:07 ort/utils.py:69 [CLIENT] Observation Sent 4194304/4609013 bytes with state 2
DEBUG 2026-06-09 17:04:07 ort/utils.py:69 [CLIENT] Observation Sent 4609013/4609013 bytes with state 3
DEBUG 2026-06-09 17:04:07 ort/utils.py:71 [CLIENT] Observation Published 4.3954973220825195 MB
DEBUG 2026-06-09 17:04:07 t_client.py:209 Sent observation #592 | 
DEBUG 2026-06-09 17:04:07 t_client.py:434 QUEUE SIZE: 8 (Must go: False)
DEBUG 2026-06-09 17:04:07 t_client.py:477 Control loop (ms): 104.90
DEBUG 2026-06-09 17:04:07 follower.py:184 follower_right SOFollower read state: 1.6ms
DEBUG 2026-06-09 17:04:07 follower.py:191 follower_right SOFollower read wrist: 0.0ms
DEBUG 2026-06-09 17:04:07 follower.py:184 follower_left SOFollower read state: 1.5ms
DEBUG 2026-06-09 17:04:07 follower.py:191 follower_left SOFollower read wrist: 0.0ms
DEBUG 2026-06-09 17:04:07 t_client.py:198 Observation serialization time: 0.007516s
DEBUG 2026-06-09 17:04:07 ort/utils.py:54 [CLIENT] Observation Buffer size 4.3954973220825195 MB with
DEBUG 2026-06-09 17:04:07 ort/utils.py:69 [CLIENT] Observation Sent 2097152/4609013 bytes with state 1
DEBUG 2026-06-09 17:04:07 ort/utils.py:69 [CLIENT] Observation Sent 4194304/4609013 bytes with state 2
DEBUG 2026-06-09 17:04:07 ort/utils.py:69 [CLIENT] Observation Sent 4609013/4609013 bytes with state 3
DEBUG 2026-06-09 17:04:07 ort/utils.py:71 [CLIENT] Observation Published 4.3954973220825195 MB
DEBUG 2026-06-09 17:04:07 t_client.py:209 Sent observation #593 | 
DEBUG 2026-06-09 17:04:07 t_client.py:434 QUEUE SIZE: 7 (Must go: False)
DEBUG 2026-06-09 17:04:07 t_client.py:477 Control loop (ms): 104.40
DEBUG 2026-06-09 17:04:07 t_client.py:292 Received actions on device: cpu
DEBUG 2026-06-09 17:04:07 t_client.py:302 Actions kept on device: cpu
DEBUG 2026-06-09 17:04:07 follower.py:184 follower_right SOFollower read state: 1.8ms
DEBUG 2026-06-09 17:04:07 follower.py:191 follower_right SOFollower read wrist: 0.0ms
DEBUG 2026-06-09 17:04:07 follower.py:184 follower_left SOFollower read state: 1.7ms
DEBUG 2026-06-09 17:04:07 follower.py:191 follower_left SOFollower read wrist: 0.0ms
DEBUG 2026-06-09 17:04:07 t_client.py:198 Observation serialization time: 0.009609s
DEBUG 2026-06-09 17:04:07 ort/utils.py:54 [CLIENT] Observation Buffer size 4.3954973220825195 MB with
DEBUG 2026-06-09 17:04:07 ort/utils.py:69 [CLIENT] Observation Sent 2097152/4609013 bytes with state 1
DEBUG 2026-06-09 17:04:07 ort/utils.py:69 [CLIENT] Observation Sent 4194304/4609013 bytes with state 2
DEBUG 2026-06-09 17:04:07 ort/utils.py:69 [CLIENT] Observation Sent 4609013/4609013 bytes with state 3
DEBUG 2026-06-09 17:04:07 ort/utils.py:71 [CLIENT] Observation Published 4.3954973220825195 MB
DEBUG 2026-06-09 17:04:07 t_client.py:292 Received actions on device: cpu
DEBUG 2026-06-09 17:04:07 t_client.py:302 Actions kept on device: cpu
DEBUG 2026-06-09 17:04:07 t_client.py:209 Sent observation #594 | 
DEBUG 2026-06-09 17:04:07 t_client.py:434 QUEUE SIZE: 6 (Must go: False)
DEBUG 2026-06-09 17:04:07 t_client.py:477 Control loop (ms): 140.20
DEBUG 2026-06-09 17:04:07 t_client.py:477 Control loop (ms): 1.13
DEBUG 2026-06-09 17:04:07 t_client.py:477 Control loop (ms): 1.45
DEBUG 2026-06-09 17:04:07 t_client.py:477 Control loop (ms): 1.60
DEBUG 2026-06-09 17:04:07 t_client.py:292 Received actions on device: cpu
DEBUG 2026-06-09 17:04:07 t_client.py:302 Actions kept on device: cpu
DEBUG 2026-06-09 17:04:07 t_client.py:477 Control loop (ms): 3.85
DEBUG 2026-06-09 17:04:07 t_client.py:477 Control loop (ms): 2.72
DEBUG 2026-06-09 17:04:07 t_client.py:477 Control loop (ms): 2.68
DEBUG 2026-06-09 17:04:07 t_client.py:477 Control loop (ms): 2.96
DEBUG 2026-06-09 17:04:07 follower.py:184 follower_right SOFollower read state: 2.6ms
DEBUG 2026-06-09 17:04:07 follower.py:191 follower_right SOFollower read wrist: 0.1ms
DEBUG 2026-06-09 17:04:07 follower.py:184 follower_left SOFollower read state: 2.6ms
DEBUG 2026-06-09 17:04:07 follower.py:191 follower_left SOFollower read wrist: 0.1ms
DEBUG 2026-06-09 17:04:07 t_client.py:198 Observation serialization time: 0.014154s
DEBUG 2026-06-09 17:04:07 ort/utils.py:54 [CLIENT] Observation Buffer size 4.3954973220825195 MB with
DEBUG 2026-06-09 17:04:07 ort/utils.py:69 [CLIENT] Observation Sent 2097152/4609013 bytes with state 1
DEBUG 2026-06-09 17:04:07 ort/utils.py:69 [CLIENT] Observation Sent 4194304/4609013 bytes with state 2
DEBUG 2026-06-09 17:04:07 ort/utils.py:69 [CLIENT] Observation Sent 4609013/4609013 bytes with state 3
DEBUG 2026-06-09 17:04:07 ort/utils.py:71 [CLIENT] Observation Published 4.3954973220825195 MB
DEBUG 2026-06-09 17:04:08 t_client.py:209 Sent observation #601 | 
DEBUG 2026-06-09 17:04:08 t_client.py:434 QUEUE SIZE: 8 (Must go: False)
DEBUG 2026-06-09 17:04:08 t_client.py:477 Control loop (ms): 135.73
DEBUG 2026-06-09 17:04:08 follower.py:184 follower_right SOFollower read state: 1.9ms
DEBUG 2026-06-09 17:04:08 follower.py:191 follower_right SOFollower read wrist: 0.0ms
DEBUG 2026-06-09 17:04:08 follower.py:184 follower_left SOFollower read state: 2.1ms
DEBUG 2026-06-09 17:04:08 follower.py:191 follower_left SOFollower read wrist: 0.0ms
DEBUG 2026-06-09 17:04:08 t_client.py:198 Observation serialization time: 0.005118s
DEBUG 2026-06-09 17:04:08 ort/utils.py:54 [CLIENT] Observation Buffer size 4.3954973220825195 MB with
DEBUG 2026-06-09 17:04:08 ort/utils.py:69 [CLIENT] Observation Sent 2097152/4609013 bytes with state 1
DEBUG 2026-06-09 17:04:08 ort/utils.py:69 [CLIENT] Observation Sent 4194304/4609013 bytes with state 2
DEBUG 2026-06-09 17:04:08 ort/utils.py:69 [CLIENT] Observation Sent 4609013/4609013 bytes with state 3
DEBUG 2026-06-09 17:04:08 ort/utils.py:71 [CLIENT] Observation Published 4.3954973220825195 MB
DEBUG 2026-06-09 17:04:08 t_client.py:292 Received actions on device: cpu
DEBUG 2026-06-09 17:04:08 t_client.py:302 Actions kept on device: cpu
DEBUG 2026-06-09 17:04:08 t_client.py:209 Sent observation #602 | 
DEBUG 2026-06-09 17:04:08 t_client.py:434 QUEUE SIZE: 7 (Must go: False)
DEBUG 2026-06-09 17:04:08 t_client.py:477 Control loop (ms): 128.09
DEBUG 2026-06-09 17:04:08 follower.py:184 follower_right SOFollower read state: 2.4ms
DEBUG 2026-06-09 17:04:08 follower.py:191 follower_right SOFollower read wrist: 0.0ms
DEBUG 2026-06-09 17:04:08 follower.py:184 follower_left SOFollower read state: 1.9ms
DEBUG 2026-06-09 17:04:08 follower.py:191 follower_left SOFollower read wrist: 0.0ms
DEBUG 2026-06-09 17:04:08 t_client.py:198 Observation serialization time: 0.010235s
DEBUG 2026-06-09 17:04:08 ort/utils.py:54 [CLIENT] Observation Buffer size 4.3954973220825195 MB with
DEBUG 2026-06-09 17:04:08 ort/utils.py:69 [CLIENT] Observation Sent 2097152/4609013 bytes with state 1
DEBUG 2026-06-09 17:04:08 ort/utils.py:69 [CLIENT] Observation Sent 4194304/4609013 bytes with state 2
DEBUG 2026-06-09 17:04:08 ort/utils.py:69 [CLIENT] Observation Sent 4609013/4609013 bytes with state 3
DEBUG 2026-06-09 17:04:08 ort/utils.py:71 [CLIENT] Observation Published 4.3954973220825195 MB
DEBUG 2026-06-09 17:04:08 t_client.py:292 Received actions on device: cpu
DEBUG 2026-06-09 17:04:08 t_client.py:302 Actions kept on device: cpu
DEBUG 2026-06-09 17:04:08 t_client.py:209 Sent observation #603 | 
DEBUG 2026-06-09 17:04:08 t_client.py:434 QUEUE SIZE: 14 (Must go: False)
DEBUG 2026-06-09 17:04:08 t_client.py:477 Control loop (ms): 142.70
DEBUG 2026-06-09 17:04:08 t_client.py:477 Control loop (ms): 1.64
DEBUG 2026-06-09 17:04:08 t_client.py:477 Control loop (ms): 1.26
DEBUG 2026-06-09 17:04:08 t_client.py:477 Control loop (ms): 1.33
DEBUG 2026-06-09 17:04:08 t_client.py:477 Control loop (ms): 1.38
DEBUG 2026-06-09 17:04:08 t_client.py:477 Control loop (ms): 1.44
DEBUG 2026-06-09 17:04:08 follower.py:184 follower_right SOFollower read state: 2.3ms
DEBUG 2026-06-09 17:04:08 follower.py:191 follower_right SOFollower read wrist: 0.0ms
DEBUG 2026-06-09 17:04:08 follower.py:184 follower_left SOFollower read state: 2.0ms
DEBUG 2026-06-09 17:04:08 follower.py:191 follower_left SOFollower read wrist: 0.0ms
DEBUG 2026-06-09 17:04:08 t_client.py:198 Observation serialization time: 0.009883s
DEBUG 2026-06-09 17:04:08 ort/utils.py:54 [CLIENT] Observation Buffer size 4.3954973220825195 MB with
DEBUG 2026-06-09 17:04:08 ort/utils.py:69 [CLIENT] Observation Sent 2097152/4609013 bytes with state 1
DEBUG 2026-06-09 17:04:08 ort/utils.py:69 [CLIENT] Observation Sent 4194304/4609013 bytes with state 2
DEBUG 2026-06-09 17:04:08 ort/utils.py:69 [CLIENT] Observation Sent 4609013/4609013 bytes with state 3
DEBUG 2026-06-09 17:04:08 ort/utils.py:71 [CLIENT] Observation Published 4.3954973220825195 MB
DEBUG 2026-06-09 17:04:08 t_client.py:209 Sent observation #609 | 
DEBUG 2026-06-09 17:04:08 t_client.py:434 QUEUE SIZE: 8 (Must go: False)
DEBUG 2026-06-09 17:04:08 t_client.py:477 Control loop (ms): 101.74
DEBUG 2026-06-09 17:04:08 follower.py:184 follower_right SOFollower read state: 1.8ms
DEBUG 2026-06-09 17:04:08 follower.py:191 follower_right SOFollower read wrist: 0.0ms
DEBUG 2026-06-09 17:04:08 follower.py:184 follower_left SOFollower read state: 1.7ms
DEBUG 2026-06-09 17:04:08 follower.py:191 follower_left SOFollower read wrist: 0.0ms
DEBUG 2026-06-09 17:04:08 t_client.py:198 Observation serialization time: 0.005376s
DEBUG 2026-06-09 17:04:08 ort/utils.py:54 [CLIENT] Observation Buffer size 4.3954973220825195 MB with
DEBUG 2026-06-09 17:04:08 ort/utils.py:69 [CLIENT] Observation Sent 2097152/4609013 bytes with state 1
DEBUG 2026-06-09 17:04:08 ort/utils.py:69 [CLIENT] Observation Sent 4194304/4609013 bytes with state 2
DEBUG 2026-06-09 17:04:08 ort/utils.py:69 [CLIENT] Observation Sent 4609013/4609013 bytes with state 3
DEBUG 2026-06-09 17:04:08 ort/utils.py:71 [CLIENT] Observation Published 4.3954973220825195 MB
DEBUG 2026-06-09 17:04:08 t_client.py:292 Received actions on device: cpu
DEBUG 2026-06-09 17:04:08 t_client.py:302 Actions kept on device: cpu
DEBUG 2026-06-09 17:04:08 t_client.py:209 Sent observation #610 | 
DEBUG 2026-06-09 17:04:08 t_client.py:434 QUEUE SIZE: 7 (Must go: False)
DEBUG 2026-06-09 17:04:08 t_client.py:477 Control loop (ms): 132.87
DEBUG 2026-06-09 17:04:08 t_client.py:477 Control loop (ms): 0.87
DEBUG 2026-06-09 17:04:08 t_client.py:477 Control loop (ms): 2.12
DEBUG 2026-06-09 17:04:08 t_client.py:477 Control loop (ms): 2.17
DEBUG 2026-06-09 17:04:08 t_client.py:292 Received actions on device: cpu
DEBUG 2026-06-09 17:04:08 t_client.py:477 Control loop (ms): 2.08
DEBUG 2026-06-09 17:04:08 t_client.py:302 Actions kept on device: cpu
DEBUG 2026-06-09 17:04:08 t_client.py:477 Control loop (ms): 1.15
DEBUG 2026-06-09 17:04:08 t_client.py:477 Control loop (ms): 1.06
DEBUG 2026-06-09 17:04:08 follower.py:184 follower_right SOFollower read state: 1.7ms
DEBUG 2026-06-09 17:04:08 follower.py:191 follower_right SOFollower read wrist: 0.0ms
DEBUG 2026-06-09 17:04:08 follower.py:184 follower_left SOFollower read state: 1.8ms
DEBUG 2026-06-09 17:04:08 follower.py:191 follower_left SOFollower read wrist: 0.0ms
DEBUG 2026-06-09 17:04:08 t_client.py:198 Observation serialization time: 0.010228s
DEBUG 2026-06-09 17:04:08 ort/utils.py:54 [CLIENT] Observation Buffer size 4.3954973220825195 MB with
DEBUG 2026-06-09 17:04:08 ort/utils.py:69 [CLIENT] Observation Sent 2097152/4609013 bytes with state 1
DEBUG 2026-06-09 17:04:08 ort/utils.py:69 [CLIENT] Observation Sent 4194304/4609013 bytes with state 2
DEBUG 2026-06-09 17:04:08 ort/utils.py:69 [CLIENT] Observation Sent 4609013/4609013 bytes with state 3
DEBUG 2026-06-09 17:04:08 ort/utils.py:71 [CLIENT] Observation Published 4.3954973220825195 MB
DEBUG 2026-06-09 17:04:09 t_client.py:209 Sent observation #617 | 
DEBUG 2026-06-09 17:04:09 t_client.py:434 QUEUE SIZE: 8 (Must go: False)
DEBUG 2026-06-09 17:04:09 t_client.py:477 Control loop (ms): 173.26
DEBUG 2026-06-09 17:04:09 follower.py:184 follower_right SOFollower read state: 1.6ms
DEBUG 2026-06-09 17:04:09 follower.py:191 follower_right SOFollower read wrist: 0.0ms
DEBUG 2026-06-09 17:04:09 follower.py:184 follower_left SOFollower read state: 2.6ms
DEBUG 2026-06-09 17:04:09 follower.py:191 follower_left SOFollower read wrist: 0.0ms
DEBUG 2026-06-09 17:04:09 t_client.py:198 Observation serialization time: 0.008047s
DEBUG 2026-06-09 17:04:09 ort/utils.py:54 [CLIENT] Observation Buffer size 4.3954973220825195 MB with
DEBUG 2026-06-09 17:04:09 ort/utils.py:69 [CLIENT] Observation Sent 2097152/4609013 bytes with state 1
DEBUG 2026-06-09 17:04:09 ort/utils.py:69 [CLIENT] Observation Sent 4194304/4609013 bytes with state 2
DEBUG 2026-06-09 17:04:09 ort/utils.py:69 [CLIENT] Observation Sent 4609013/4609013 bytes with state 3
DEBUG 2026-06-09 17:04:09 ort/utils.py:71 [CLIENT] Observation Published 4.3954973220825195 MB
DEBUG 2026-06-09 17:04:09 t_client.py:292 Received actions on device: cpu
DEBUG 2026-06-09 17:04:09 t_client.py:302 Actions kept on device: cpu
DEBUG 2026-06-09 17:04:09 t_client.py:209 Sent observation #618 | 
DEBUG 2026-06-09 17:04:09 t_client.py:434 QUEUE SIZE: 7 (Must go: False)
DEBUG 2026-06-09 17:04:09 t_client.py:477 Control loop (ms): 190.26
DEBUG 2026-06-09 17:04:09 t_client.py:477 Control loop (ms): 1.85
DEBUG 2026-06-09 17:04:09 t_client.py:477 Control loop (ms): 1.46
DEBUG 2026-06-09 17:04:09 t_client.py:477 Control loop (ms): 2.99
DEBUG 2026-06-09 17:04:09 t_client.py:292 Received actions on device: cpu
DEBUG 2026-06-09 17:04:09 t_client.py:302 Actions kept on device: cpu
DEBUG 2026-06-09 17:04:09 t_client.py:477 Control loop (ms): 0.52
DEBUG 2026-06-09 17:04:09 t_client.py:477 Control loop (ms): 1.79
DEBUG 2026-06-09 17:04:09 t_client.py:477 Control loop (ms): 2.13
DEBUG 2026-06-09 17:04:09 follower.py:184 follower_right SOFollower read state: 1.8ms
DEBUG 2026-06-09 17:04:09 follower.py:191 follower_right SOFollower read wrist: 0.0ms
DEBUG 2026-06-09 17:04:09 follower.py:184 follower_left SOFollower read state: 1.7ms
DEBUG 2026-06-09 17:04:09 follower.py:191 follower_left SOFollower read wrist: 0.0ms
DEBUG 2026-06-09 17:04:09 t_client.py:198 Observation serialization time: 0.007982s
DEBUG 2026-06-09 17:04:09 ort/utils.py:54 [CLIENT] Observation Buffer size 4.3954973220825195 MB with
DEBUG 2026-06-09 17:04:09 ort/utils.py:69 [CLIENT] Observation Sent 2097152/4609013 bytes with state 1
DEBUG 2026-06-09 17:04:09 ort/utils.py:69 [CLIENT] Observation Sent 4194304/4609013 bytes with state 2
DEBUG 2026-06-09 17:04:09 ort/utils.py:69 [CLIENT] Observation Sent 4609013/4609013 bytes with state 3
DEBUG 2026-06-09 17:04:09 ort/utils.py:71 [CLIENT] Observation Published 4.3954973220825195 MB
DEBUG 2026-06-09 17:04:09 t_client.py:209 Sent observation #625 | 
DEBUG 2026-06-09 17:04:09 t_client.py:434 QUEUE SIZE: 8 (Must go: False)
DEBUG 2026-06-09 17:04:09 t_client.py:477 Control loop (ms): 129.95
DEBUG 2026-06-09 17:04:09 follower.py:184 follower_right SOFollower read state: 2.0ms
DEBUG 2026-06-09 17:04:09 follower.py:191 follower_right SOFollower read wrist: 0.0ms
DEBUG 2026-06-09 17:04:09 follower.py:184 follower_left SOFollower read state: 1.8ms
DEBUG 2026-06-09 17:04:09 follower.py:191 follower_left SOFollower read wrist: 0.0ms
DEBUG 2026-06-09 17:04:09 t_client.py:198 Observation serialization time: 0.008649s
DEBUG 2026-06-09 17:04:09 ort/utils.py:54 [CLIENT] Observation Buffer size 4.3954973220825195 MB with
DEBUG 2026-06-09 17:04:09 ort/utils.py:69 [CLIENT] Observation Sent 2097152/4609013 bytes with state 1
DEBUG 2026-06-09 17:04:09 ort/utils.py:69 [CLIENT] Observation Sent 4194304/4609013 bytes with state 2
DEBUG 2026-06-09 17:04:09 ort/utils.py:69 [CLIENT] Observation Sent 4609013/4609013 bytes with state 3
DEBUG 2026-06-09 17:04:09 ort/utils.py:71 [CLIENT] Observation Published 4.3954973220825195 MB
DEBUG 2026-06-09 17:04:09 t_client.py:292 Received actions on device: cpu
DEBUG 2026-06-09 17:04:09 t_client.py:302 Actions kept on device: cpu
DEBUG 2026-06-09 17:04:09 t_client.py:209 Sent observation #626 | 
DEBUG 2026-06-09 17:04:09 t_client.py:434 QUEUE SIZE: 7 (Must go: False)
DEBUG 2026-06-09 17:04:09 t_client.py:477 Control loop (ms): 118.36
DEBUG 2026-06-09 17:04:09 t_client.py:477 Control loop (ms): 1.26
DEBUG 2026-06-09 17:04:09 t_client.py:477 Control loop (ms): 1.44
DEBUG 2026-06-09 17:04:09 t_client.py:477 Control loop (ms): 1.81
DEBUG 2026-06-09 17:04:09 t_client.py:292 Received actions on device: cpu
DEBUG 2026-06-09 17:04:09 t_client.py:302 Actions kept on device: cpu
DEBUG 2026-06-09 17:04:09 t_client.py:477 Control loop (ms): 2.49
DEBUG 2026-06-09 17:04:09 t_client.py:477 Control loop (ms): 1.96
DEBUG 2026-06-09 17:04:09 t_client.py:477 Control loop (ms): 2.51
DEBUG 2026-06-09 17:04:09 t_client.py:477 Control loop (ms): 2.36
DEBUG 2026-06-09 17:04:09 follower.py:184 follower_right SOFollower read state: 2.1ms
DEBUG 2026-06-09 17:04:09 follower.py:191 follower_right SOFollower read wrist: 0.0ms
DEBUG 2026-06-09 17:04:09 follower.py:184 follower_left SOFollower read state: 2.6ms
DEBUG 2026-06-09 17:04:09 follower.py:191 follower_left SOFollower read wrist: 0.0ms
DEBUG 2026-06-09 17:04:09 t_client.py:198 Observation serialization time: 0.011600s
DEBUG 2026-06-09 17:04:09 ort/utils.py:54 [CLIENT] Observation Buffer size 4.3954973220825195 MB with
DEBUG 2026-06-09 17:04:09 ort/utils.py:69 [CLIENT] Observation Sent 2097152/4609013 bytes with state 1
DEBUG 2026-06-09 17:04:10 ort/utils.py:69 [CLIENT] Observation Sent 4194304/4609013 bytes with state 2
DEBUG 2026-06-09 17:04:10 ort/utils.py:69 [CLIENT] Observation Sent 4609013/4609013 bytes with state 3
DEBUG 2026-06-09 17:04:10 ort/utils.py:71 [CLIENT] Observation Published 4.3954973220825195 MB
DEBUG 2026-06-09 17:04:10 t_client.py:209 Sent observation #633 | 
DEBUG 2026-06-09 17:04:10 t_client.py:434 QUEUE SIZE: 8 (Must go: False)
DEBUG 2026-06-09 17:04:10 t_client.py:477 Control loop (ms): 138.28
DEBUG 2026-06-09 17:04:10 follower.py:184 follower_right SOFollower read state: 1.5ms
DEBUG 2026-06-09 17:04:10 follower.py:191 follower_right SOFollower read wrist: 0.0ms
DEBUG 2026-06-09 17:04:10 follower.py:184 follower_left SOFollower read state: 1.6ms
DEBUG 2026-06-09 17:04:10 follower.py:191 follower_left SOFollower read wrist: 0.0ms
DEBUG 2026-06-09 17:04:10 t_client.py:198 Observation serialization time: 0.008076s
DEBUG 2026-06-09 17:04:10 ort/utils.py:54 [CLIENT] Observation Buffer size 4.3954973220825195 MB with
DEBUG 2026-06-09 17:04:10 ort/utils.py:69 [CLIENT] Observation Sent 2097152/4609013 bytes with state 1
DEBUG 2026-06-09 17:04:10 ort/utils.py:69 [CLIENT] Observation Sent 4194304/4609013 bytes with state 2
DEBUG 2026-06-09 17:04:10 ort/utils.py:69 [CLIENT] Observation Sent 4609013/4609013 bytes with state 3
DEBUG 2026-06-09 17:04:10 ort/utils.py:71 [CLIENT] Observation Published 4.3954973220825195 MB
DEBUG 2026-06-09 17:04:10 t_client.py:209 Sent observation #634 | 
DEBUG 2026-06-09 17:04:10 t_client.py:434 QUEUE SIZE: 7 (Must go: False)
DEBUG 2026-06-09 17:04:10 t_client.py:477 Control loop (ms): 118.56
DEBUG 2026-06-09 17:04:10 t_client.py:292 Received actions on device: cpu
DEBUG 2026-06-09 17:04:10 t_client.py:302 Actions kept on device: cpu
DEBUG 2026-06-09 17:04:10 follower.py:184 follower_right SOFollower read state: 2.1ms
DEBUG 2026-06-09 17:04:10 follower.py:191 follower_right SOFollower read wrist: 0.0ms
DEBUG 2026-06-09 17:04:10 follower.py:184 follower_left SOFollower read state: 2.2ms
DEBUG 2026-06-09 17:04:10 follower.py:191 follower_left SOFollower read wrist: 0.0ms
DEBUG 2026-06-09 17:04:10 t_client.py:198 Observation serialization time: 0.010848s
DEBUG 2026-06-09 17:04:10 ort/utils.py:54 [CLIENT] Observation Buffer size 4.3954973220825195 MB with
DEBUG 2026-06-09 17:04:10 ort/utils.py:69 [CLIENT] Observation Sent 2097152/4609013 bytes with state 1
DEBUG 2026-06-09 17:04:10 ort/utils.py:69 [CLIENT] Observation Sent 4194304/4609013 bytes with state 2
DEBUG 2026-06-09 17:04:10 ort/utils.py:69 [CLIENT] Observation Sent 4609013/4609013 bytes with state 3
DEBUG 2026-06-09 17:04:10 ort/utils.py:71 [CLIENT] Observation Published 4.3954973220825195 MB
DEBUG 2026-06-09 17:04:10 t_client.py:292 Received actions on device: cpu
DEBUG 2026-06-09 17:04:10 t_client.py:302 Actions kept on device: cpu
DEBUG 2026-06-09 17:04:10 t_client.py:209 Sent observation #635 | 
DEBUG 2026-06-09 17:04:10 t_client.py:434 QUEUE SIZE: 14 (Must go: False)
DEBUG 2026-06-09 17:04:10 t_client.py:477 Control loop (ms): 148.73
DEBUG 2026-06-09 17:04:10 t_client.py:477 Control loop (ms): 1.43
DEBUG 2026-06-09 17:04:10 t_client.py:477 Control loop (ms): 2.06
DEBUG 2026-06-09 17:04:10 t_client.py:477 Control loop (ms): 0.96
DEBUG 2026-06-09 17:04:10 t_client.py:292 Received actions on device: cpu
DEBUG 2026-06-09 17:04:10 t_client.py:302 Actions kept on device: cpu
DEBUG 2026-06-09 17:04:10 t_client.py:477 Control loop (ms): 3.70
DEBUG 2026-06-09 17:04:10 t_client.py:477 Control loop (ms): 1.88
DEBUG 2026-06-09 17:04:10 t_client.py:477 Control loop (ms): 1.37
DEBUG 2026-06-09 17:04:10 t_client.py:477 Control loop (ms): 1.97
DEBUG 2026-06-09 17:04:10 follower.py:184 follower_right SOFollower read state: 2.2ms
DEBUG 2026-06-09 17:04:10 follower.py:191 follower_right SOFollower read wrist: 0.0ms
DEBUG 2026-06-09 17:04:10 follower.py:184 follower_left SOFollower read state: 2.4ms
DEBUG 2026-06-09 17:04:10 follower.py:191 follower_left SOFollower read wrist: 0.0ms
DEBUG 2026-06-09 17:04:10 t_client.py:198 Observation serialization time: 0.008567s
DEBUG 2026-06-09 17:04:10 ort/utils.py:54 [CLIENT] Observation Buffer size 4.3954973220825195 MB with
DEBUG 2026-06-09 17:04:10 ort/utils.py:69 [CLIENT] Observation Sent 2097152/4609013 bytes with state 1
DEBUG 2026-06-09 17:04:10 ort/utils.py:69 [CLIENT] Observation Sent 4194304/4609013 bytes with state 2
DEBUG 2026-06-09 17:04:10 ort/utils.py:69 [CLIENT] Observation Sent 4609013/4609013 bytes with state 3
DEBUG 2026-06-09 17:04:10 ort/utils.py:71 [CLIENT] Observation Published 4.3954973220825195 MB
DEBUG 2026-06-09 17:04:10 t_client.py:209 Sent observation #642 | 
DEBUG 2026-06-09 17:04:10 t_client.py:434 QUEUE SIZE: 8 (Must go: False)
DEBUG 2026-06-09 17:04:10 t_client.py:477 Control loop (ms): 129.91
DEBUG 2026-06-09 17:04:10 follower.py:184 follower_right SOFollower read state: 2.0ms
DEBUG 2026-06-09 17:04:10 follower.py:191 follower_right SOFollower read wrist: 0.0ms
DEBUG 2026-06-09 17:04:10 follower.py:184 follower_left SOFollower read state: 1.9ms
DEBUG 2026-06-09 17:04:10 follower.py:191 follower_left SOFollower read wrist: 0.0ms
DEBUG 2026-06-09 17:04:10 t_client.py:198 Observation serialization time: 0.008943s
DEBUG 2026-06-09 17:04:10 ort/utils.py:54 [CLIENT] Observation Buffer size 4.3954973220825195 MB with
DEBUG 2026-06-09 17:04:10 ort/utils.py:69 [CLIENT] Observation Sent 2097152/4609013 bytes with state 1
DEBUG 2026-06-09 17:04:10 ort/utils.py:69 [CLIENT] Observation Sent 4194304/4609013 bytes with state 2
DEBUG 2026-06-09 17:04:10 ort/utils.py:69 [CLIENT] Observation Sent 4609013/4609013 bytes with state 3
DEBUG 2026-06-09 17:04:10 ort/utils.py:71 [CLIENT] Observation Published 4.3954973220825195 MB
DEBUG 2026-06-09 17:04:10 t_client.py:292 Received actions on device: cpu
DEBUG 2026-06-09 17:04:10 t_client.py:302 Actions kept on device: cpu
DEBUG 2026-06-09 17:04:10 t_client.py:209 Sent observation #643 | 
DEBUG 2026-06-09 17:04:10 t_client.py:434 QUEUE SIZE: 7 (Must go: False)
DEBUG 2026-06-09 17:04:10 t_client.py:477 Control loop (ms): 139.80
DEBUG 2026-06-09 17:04:10 t_client.py:477 Control loop (ms): 2.05
DEBUG 2026-06-09 17:04:10 t_client.py:477 Control loop (ms): 2.20
DEBUG 2026-06-09 17:04:10 t_client.py:477 Control loop (ms): 2.30
DEBUG 2026-06-09 17:04:10 t_client.py:292 Received actions on device: cpu
DEBUG 2026-06-09 17:04:10 t_client.py:302 Actions kept on device: cpu
DEBUG 2026-06-09 17:04:10 t_client.py:477 Control loop (ms): 1.28
DEBUG 2026-06-09 17:04:10 t_client.py:477 Control loop (ms): 1.82
DEBUG 2026-06-09 17:04:11 t_client.py:477 Control loop (ms): 2.20
DEBUG 2026-06-09 17:04:11 follower.py:184 follower_right SOFollower read state: 2.1ms
DEBUG 2026-06-09 17:04:11 follower.py:191 follower_right SOFollower read wrist: 0.0ms
DEBUG 2026-06-09 17:04:11 follower.py:184 follower_left SOFollower read state: 1.9ms
DEBUG 2026-06-09 17:04:11 follower.py:191 follower_left SOFollower read wrist: 0.0ms
DEBUG 2026-06-09 17:04:11 t_client.py:198 Observation serialization time: 0.007470s
DEBUG 2026-06-09 17:04:11 ort/utils.py:54 [CLIENT] Observation Buffer size 4.3954973220825195 MB with
DEBUG 2026-06-09 17:04:11 ort/utils.py:69 [CLIENT] Observation Sent 2097152/4609013 bytes with state 1
DEBUG 2026-06-09 17:04:11 ort/utils.py:69 [CLIENT] Observation Sent 4194304/4609013 bytes with state 2
DEBUG 2026-06-09 17:04:11 ort/utils.py:69 [CLIENT] Observation Sent 4609013/4609013 bytes with state 3
DEBUG 2026-06-09 17:04:11 ort/utils.py:71 [CLIENT] Observation Published 4.3954973220825195 MB
DEBUG 2026-06-09 17:04:11 t_client.py:209 Sent observation #650 | 
DEBUG 2026-06-09 17:04:11 t_client.py:434 QUEUE SIZE: 8 (Must go: False)
DEBUG 2026-06-09 17:04:11 t_client.py:477 Control loop (ms): 109.18
DEBUG 2026-06-09 17:04:11 follower.py:184 follower_right SOFollower read state: 1.8ms
DEBUG 2026-06-09 17:04:11 follower.py:191 follower_right SOFollower read wrist: 0.0ms
DEBUG 2026-06-09 17:04:11 follower.py:184 follower_left SOFollower read state: 1.8ms
DEBUG 2026-06-09 17:04:11 follower.py:191 follower_left SOFollower read wrist: 0.0ms
DEBUG 2026-06-09 17:04:11 t_client.py:198 Observation serialization time: 0.005787s
DEBUG 2026-06-09 17:04:11 ort/utils.py:54 [CLIENT] Observation Buffer size 4.3954973220825195 MB with
DEBUG 2026-06-09 17:04:11 ort/utils.py:69 [CLIENT] Observation Sent 2097152/4609013 bytes with state 1
DEBUG 2026-06-09 17:04:11 ort/utils.py:69 [CLIENT] Observation Sent 4194304/4609013 bytes with state 2
DEBUG 2026-06-09 17:04:11 ort/utils.py:69 [CLIENT] Observation Sent 4609013/4609013 bytes with state 3
DEBUG 2026-06-09 17:04:11 ort/utils.py:71 [CLIENT] Observation Published 4.3954973220825195 MB
DEBUG 2026-06-09 17:04:11 t_client.py:209 Sent observation #651 | 
DEBUG 2026-06-09 17:04:11 t_client.py:434 QUEUE SIZE: 7 (Must go: False)
DEBUG 2026-06-09 17:04:11 t_client.py:477 Control loop (ms): 112.15
DEBUG 2026-06-09 17:04:11 t_client.py:292 Received actions on device: cpu
DEBUG 2026-06-09 17:04:11 t_client.py:302 Actions kept on device: cpu
DEBUG 2026-06-09 17:04:11 follower.py:184 follower_right SOFollower read state: 2.3ms
DEBUG 2026-06-09 17:04:11 follower.py:191 follower_right SOFollower read wrist: 0.0ms
DEBUG 2026-06-09 17:04:11 follower.py:184 follower_left SOFollower read state: 1.8ms
DEBUG 2026-06-09 17:04:11 follower.py:191 follower_left SOFollower read wrist: 0.0ms
DEBUG 2026-06-09 17:04:11 t_client.py:198 Observation serialization time: 0.006108s
DEBUG 2026-06-09 17:04:11 ort/utils.py:54 [CLIENT] Observation Buffer size 4.3954973220825195 MB with
DEBUG 2026-06-09 17:04:11 ort/utils.py:69 [CLIENT] Observation Sent 2097152/4609013 bytes with state 1
DEBUG 2026-06-09 17:04:11 ort/utils.py:69 [CLIENT] Observation Sent 4194304/4609013 bytes with state 2
DEBUG 2026-06-09 17:04:11 ort/utils.py:69 [CLIENT] Observation Sent 4609013/4609013 bytes with state 3
DEBUG 2026-06-09 17:04:11 ort/utils.py:71 [CLIENT] Observation Published 4.3954973220825195 MB
DEBUG 2026-06-09 17:04:11 t_client.py:209 Sent observation #652 | 
DEBUG 2026-06-09 17:04:11 t_client.py:434 QUEUE SIZE: 14 (Must go: False)
DEBUG 2026-06-09 17:04:11 t_client.py:477 Control loop (ms): 112.67
DEBUG 2026-06-09 17:04:11 t_client.py:292 Received actions on device: cpu
DEBUG 2026-06-09 17:04:11 t_client.py:302 Actions kept on device: cpu
DEBUG 2026-06-09 17:04:11 t_client.py:477 Control loop (ms): 1.35
DEBUG 2026-06-09 17:04:11 t_client.py:477 Control loop (ms): 1.81
DEBUG 2026-06-09 17:04:11 t_client.py:477 Control loop (ms): 1.54
DEBUG 2026-06-09 17:04:11 t_client.py:477 Control loop (ms): 6.94
DEBUG 2026-06-09 17:04:11 t_client.py:292 Received actions on device: cpu
DEBUG 2026-06-09 17:04:11 t_client.py:302 Actions kept on device: cpu
DEBUG 2026-06-09 17:04:11 t_client.py:477 Control loop (ms): 1.94
DEBUG 2026-06-09 17:04:11 t_client.py:477 Control loop (ms): 1.56
DEBUG 2026-06-09 17:04:11 t_client.py:477 Control loop (ms): 1.92
DEBUG 2026-06-09 17:04:11 follower.py:184 follower_right SOFollower read state: 2.3ms
DEBUG 2026-06-09 17:04:11 follower.py:191 follower_right SOFollower read wrist: 0.0ms
DEBUG 2026-06-09 17:04:11 follower.py:184 follower_left SOFollower read state: 1.9ms
DEBUG 2026-06-09 17:04:11 follower.py:191 follower_left SOFollower read wrist: 0.0ms
DEBUG 2026-06-09 17:04:11 t_client.py:198 Observation serialization time: 0.007189s
DEBUG 2026-06-09 17:04:11 ort/utils.py:54 [CLIENT] Observation Buffer size 4.3954973220825195 MB with
DEBUG 2026-06-09 17:04:11 ort/utils.py:69 [CLIENT] Observation Sent 2097152/4609013 bytes with state 1
DEBUG 2026-06-09 17:04:11 ort/utils.py:69 [CLIENT] Observation Sent 4194304/4609013 bytes with state 2
DEBUG 2026-06-09 17:04:11 ort/utils.py:69 [CLIENT] Observation Sent 4609013/4609013 bytes with state 3
DEBUG 2026-06-09 17:04:11 ort/utils.py:71 [CLIENT] Observation Published 4.3954973220825195 MB
DEBUG 2026-06-09 17:04:11 t_client.py:209 Sent observation #659 | 
DEBUG 2026-06-09 17:04:11 t_client.py:434 QUEUE SIZE: 8 (Must go: False)
DEBUG 2026-06-09 17:04:11 t_client.py:477 Control loop (ms): 106.95
DEBUG 2026-06-09 17:04:11 follower.py:184 follower_right SOFollower read state: 2.2ms
DEBUG 2026-06-09 17:04:11 follower.py:191 follower_right SOFollower read wrist: 0.1ms
DEBUG 2026-06-09 17:04:11 follower.py:184 follower_left SOFollower read state: 2.4ms
DEBUG 2026-06-09 17:04:11 follower.py:191 follower_left SOFollower read wrist: 0.0ms
DEBUG 2026-06-09 17:04:11 t_client.py:198 Observation serialization time: 0.010641s
DEBUG 2026-06-09 17:04:11 ort/utils.py:54 [CLIENT] Observation Buffer size 4.3954973220825195 MB with
DEBUG 2026-06-09 17:04:11 ort/utils.py:69 [CLIENT] Observation Sent 2097152/4609013 bytes with state 1
DEBUG 2026-06-09 17:04:11 ort/utils.py:69 [CLIENT] Observation Sent 4194304/4609013 bytes with state 2
DEBUG 2026-06-09 17:04:11 ort/utils.py:69 [CLIENT] Observation Sent 4609013/4609013 bytes with state 3
DEBUG 2026-06-09 17:04:11 ort/utils.py:71 [CLIENT] Observation Published 4.3954973220825195 MB
DEBUG 2026-06-09 17:04:11 t_client.py:209 Sent observation #660 | 
DEBUG 2026-06-09 17:04:11 t_client.py:434 QUEUE SIZE: 7 (Must go: False)
DEBUG 2026-06-09 17:04:11 t_client.py:477 Control loop (ms): 116.70
DEBUG 2026-06-09 17:04:11 follower.py:184 follower_right SOFollower read state: 4.1ms
DEBUG 2026-06-09 17:04:11 follower.py:191 follower_right SOFollower read wrist: 0.0ms
DEBUG 2026-06-09 17:04:11 follower.py:184 follower_left SOFollower read state: 2.6ms
DEBUG 2026-06-09 17:04:11 follower.py:191 follower_left SOFollower read wrist: 0.0ms
DEBUG 2026-06-09 17:04:11 t_client.py:198 Observation serialization time: 0.010333s
DEBUG 2026-06-09 17:04:11 t_client.py:292 Received actions on device: cpu
DEBUG 2026-06-09 17:04:11 t_client.py:302 Actions kept on device: cpu
DEBUG 2026-06-09 17:04:11 ort/utils.py:54 [CLIENT] Observation Buffer size 4.3954973220825195 MB with
DEBUG 2026-06-09 17:04:11 ort/utils.py:69 [CLIENT] Observation Sent 2097152/4609013 bytes with state 1
DEBUG 2026-06-09 17:04:11 ort/utils.py:69 [CLIENT] Observation Sent 4194304/4609013 bytes with state 2
DEBUG 2026-06-09 17:04:11 ort/utils.py:69 [CLIENT] Observation Sent 4609013/4609013 bytes with state 3
DEBUG 2026-06-09 17:04:11 ort/utils.py:71 [CLIENT] Observation Published 4.3954973220825195 MB
DEBUG 2026-06-09 17:04:11 t_client.py:209 Sent observation #661 | 
DEBUG 2026-06-09 17:04:11 t_client.py:434 QUEUE SIZE: 6 (Must go: False)
DEBUG 2026-06-09 17:04:11 t_client.py:477 Control loop (ms): 116.23
DEBUG 2026-06-09 17:04:11 t_client.py:477 Control loop (ms): 1.61
DEBUG 2026-06-09 17:04:11 t_client.py:477 Control loop (ms): 1.43
DEBUG 2026-06-09 17:04:12 t_client.py:292 Received actions on device: cpu
DEBUG 2026-06-09 17:04:12 t_client.py:302 Actions kept on device: cpu
DEBUG 2026-06-09 17:04:12 t_client.py:477 Control loop (ms): 1.42
DEBUG 2026-06-09 17:04:12 t_client.py:477 Control loop (ms): 1.28
DEBUG 2026-06-09 17:04:12 t_client.py:477 Control loop (ms): 1.31
DEBUG 2026-06-09 17:04:12 follower.py:184 follower_right SOFollower read state: 2.1ms
DEBUG 2026-06-09 17:04:12 follower.py:191 follower_right SOFollower read wrist: 0.0ms
DEBUG 2026-06-09 17:04:12 follower.py:184 follower_left SOFollower read state: 2.0ms
DEBUG 2026-06-09 17:04:12 follower.py:191 follower_left SOFollower read wrist: 0.0ms
DEBUG 2026-06-09 17:04:12 t_client.py:198 Observation serialization time: 0.010446s
DEBUG 2026-06-09 17:04:12 ort/utils.py:54 [CLIENT] Observation Buffer size 4.3954973220825195 MB with
DEBUG 2026-06-09 17:04:12 ort/utils.py:69 [CLIENT] Observation Sent 2097152/4609013 bytes with state 1
DEBUG 2026-06-09 17:04:12 ort/utils.py:69 [CLIENT] Observation Sent 4194304/4609013 bytes with state 2
DEBUG 2026-06-09 17:04:12 ort/utils.py:69 [CLIENT] Observation Sent 4609013/4609013 bytes with state 3
DEBUG 2026-06-09 17:04:12 ort/utils.py:71 [CLIENT] Observation Published 4.3954973220825195 MB
DEBUG 2026-06-09 17:04:12 t_client.py:209 Sent observation #667 | 
DEBUG 2026-06-09 17:04:12 t_client.py:434 QUEUE SIZE: 8 (Must go: False)
DEBUG 2026-06-09 17:04:12 t_client.py:477 Control loop (ms): 143.16
DEBUG 2026-06-09 17:04:12 follower.py:184 follower_right SOFollower read state: 2.0ms
DEBUG 2026-06-09 17:04:12 follower.py:191 follower_right SOFollower read wrist: 0.0ms
DEBUG 2026-06-09 17:04:12 follower.py:184 follower_left SOFollower read state: 1.9ms
DEBUG 2026-06-09 17:04:12 follower.py:191 follower_left SOFollower read wrist: 0.0ms
DEBUG 2026-06-09 17:04:12 t_client.py:198 Observation serialization time: 0.009259s
DEBUG 2026-06-09 17:04:12 ort/utils.py:54 [CLIENT] Observation Buffer size 4.3954973220825195 MB with
DEBUG 2026-06-09 17:04:12 ort/utils.py:69 [CLIENT] Observation Sent 2097152/4609013 bytes with state 1
DEBUG 2026-06-09 17:04:12 ort/utils.py:69 [CLIENT] Observation Sent 4194304/4609013 bytes with state 2
DEBUG 2026-06-09 17:04:12 ort/utils.py:69 [CLIENT] Observation Sent 4609013/4609013 bytes with state 3
DEBUG 2026-06-09 17:04:12 ort/utils.py:71 [CLIENT] Observation Published 4.3954973220825195 MB
DEBUG 2026-06-09 17:04:12 t_client.py:209 Sent observation #668 | 
DEBUG 2026-06-09 17:04:12 t_client.py:434 QUEUE SIZE: 7 (Must go: False)
DEBUG 2026-06-09 17:04:12 t_client.py:477 Control loop (ms): 138.50
DEBUG 2026-06-09 17:04:12 t_client.py:292 Received actions on device: cpu
DEBUG 2026-06-09 17:04:12 t_client.py:302 Actions kept on device: cpu
DEBUG 2026-06-09 17:04:12 follower.py:184 follower_right SOFollower read state: 1.8ms
DEBUG 2026-06-09 17:04:12 follower.py:191 follower_right SOFollower read wrist: 0.0ms
DEBUG 2026-06-09 17:04:12 follower.py:184 follower_left SOFollower read state: 1.7ms
DEBUG 2026-06-09 17:04:12 follower.py:191 follower_left SOFollower read wrist: 0.0ms
DEBUG 2026-06-09 17:04:12 t_client.py:198 Observation serialization time: 0.008391s
DEBUG 2026-06-09 17:04:12 ort/utils.py:54 [CLIENT] Observation Buffer size 4.3954973220825195 MB with
DEBUG 2026-06-09 17:04:12 ort/utils.py:69 [CLIENT] Observation Sent 2097152/4609013 bytes with state 1
DEBUG 2026-06-09 17:04:12 ort/utils.py:69 [CLIENT] Observation Sent 4194304/4609013 bytes with state 2
DEBUG 2026-06-09 17:04:12 ort/utils.py:69 [CLIENT] Observation Sent 4609013/4609013 bytes with state 3
DEBUG 2026-06-09 17:04:12 ort/utils.py:71 [CLIENT] Observation Published 4.3954973220825195 MB
DEBUG 2026-06-09 17:04:12 t_client.py:209 Sent observation #669 | 
DEBUG 2026-06-09 17:04:12 t_client.py:434 QUEUE SIZE: 14 (Must go: False)
DEBUG 2026-06-09 17:04:12 t_client.py:477 Control loop (ms): 137.92
DEBUG 2026-06-09 17:04:12 t_client.py:477 Control loop (ms): 2.60
DEBUG 2026-06-09 17:04:12 t_client.py:292 Received actions on device: cpu
DEBUG 2026-06-09 17:04:12 t_client.py:302 Actions kept on device: cpu
DEBUG 2026-06-09 17:04:12 t_client.py:477 Control loop (ms): 2.06
DEBUG 2026-06-09 17:04:12 t_client.py:477 Control loop (ms): 1.73
DEBUG 2026-06-09 17:04:12 t_client.py:477 Control loop (ms): 6.69
DEBUG 2026-06-09 17:04:12 t_client.py:292 Received actions on device: cpu
DEBUG 2026-06-09 17:04:12 t_client.py:302 Actions kept on device: cpu
DEBUG 2026-06-09 17:04:12 t_client.py:477 Control loop (ms): 1.80
DEBUG 2026-06-09 17:04:12 t_client.py:477 Control loop (ms): 2.15
DEBUG 2026-06-09 17:04:12 t_client.py:477 Control loop (ms): 1.71
DEBUG 2026-06-09 17:04:12 follower.py:184 follower_right SOFollower read state: 2.5ms
DEBUG 2026-06-09 17:04:12 follower.py:191 follower_right SOFollower read wrist: 0.0ms
DEBUG 2026-06-09 17:04:12 follower.py:184 follower_left SOFollower read state: 2.3ms
DEBUG 2026-06-09 17:04:12 follower.py:191 follower_left SOFollower read wrist: 0.0ms
DEBUG 2026-06-09 17:04:12 t_client.py:198 Observation serialization time: 0.009215s
DEBUG 2026-06-09 17:04:12 ort/utils.py:54 [CLIENT] Observation Buffer size 4.3954973220825195 MB with
DEBUG 2026-06-09 17:04:12 ort/utils.py:69 [CLIENT] Observation Sent 2097152/4609013 bytes with state 1
DEBUG 2026-06-09 17:04:12 ort/utils.py:69 [CLIENT] Observation Sent 4194304/4609013 bytes with state 2
DEBUG 2026-06-09 17:04:12 ort/utils.py:69 [CLIENT] Observation Sent 4609013/4609013 bytes with state 3
DEBUG 2026-06-09 17:04:12 ort/utils.py:71 [CLIENT] Observation Published 4.3954973220825195 MB
DEBUG 2026-06-09 17:04:12 t_client.py:209 Sent observation #676 | 
DEBUG 2026-06-09 17:04:12 t_client.py:434 QUEUE SIZE: 8 (Must go: False)
DEBUG 2026-06-09 17:04:12 t_client.py:477 Control loop (ms): 119.21
DEBUG 2026-06-09 17:04:12 follower.py:184 follower_right SOFollower read state: 1.7ms
DEBUG 2026-06-09 17:04:12 follower.py:191 follower_right SOFollower read wrist: 0.0ms
DEBUG 2026-06-09 17:04:12 follower.py:184 follower_left SOFollower read state: 1.7ms
DEBUG 2026-06-09 17:04:12 follower.py:191 follower_left SOFollower read wrist: 0.0ms
DEBUG 2026-06-09 17:04:12 t_client.py:198 Observation serialization time: 0.005682s
DEBUG 2026-06-09 17:04:12 ort/utils.py:54 [CLIENT] Observation Buffer size 4.3954973220825195 MB with
DEBUG 2026-06-09 17:04:12 ort/utils.py:69 [CLIENT] Observation Sent 2097152/4609013 bytes with state 1
DEBUG 2026-06-09 17:04:12 ort/utils.py:69 [CLIENT] Observation Sent 4194304/4609013 bytes with state 2
DEBUG 2026-06-09 17:04:12 ort/utils.py:69 [CLIENT] Observation Sent 4609013/4609013 bytes with state 3
DEBUG 2026-06-09 17:04:12 ort/utils.py:71 [CLIENT] Observation Published 4.3954973220825195 MB
DEBUG 2026-06-09 17:04:12 t_client.py:292 Received actions on device: cpu
DEBUG 2026-06-09 17:04:12 t_client.py:302 Actions kept on device: cpu
DEBUG 2026-06-09 17:04:13 t_client.py:209 Sent observation #677 | 
DEBUG 2026-06-09 17:04:13 t_client.py:434 QUEUE SIZE: 7 (Must go: False)
DEBUG 2026-06-09 17:04:13 t_client.py:477 Control loop (ms): 133.86
DEBUG 2026-06-09 17:04:13 t_client.py:477 Control loop (ms): 1.33
DEBUG 2026-06-09 17:04:13 t_client.py:477 Control loop (ms): 1.50
DEBUG 2026-06-09 17:04:13 t_client.py:477 Control loop (ms): 1.70
DEBUG 2026-06-09 17:04:13 t_client.py:292 Received actions on device: cpu
DEBUG 2026-06-09 17:04:13 t_client.py:302 Actions kept on device: cpu
DEBUG 2026-06-09 17:04:13 t_client.py:477 Control loop (ms): 1.63
DEBUG 2026-06-09 17:04:13 t_client.py:477 Control loop (ms): 2.40
DEBUG 2026-06-09 17:04:13 t_client.py:477 Control loop (ms): 2.45
DEBUG 2026-06-09 17:04:13 follower.py:184 follower_right SOFollower read state: 2.2ms
DEBUG 2026-06-09 17:04:13 follower.py:191 follower_right SOFollower read wrist: 0.0ms
DEBUG 2026-06-09 17:04:13 follower.py:184 follower_left SOFollower read state: 2.3ms
DEBUG 2026-06-09 17:04:13 follower.py:191 follower_left SOFollower read wrist: 0.0ms
DEBUG 2026-06-09 17:04:13 t_client.py:198 Observation serialization time: 0.007836s
DEBUG 2026-06-09 17:04:13 ort/utils.py:54 [CLIENT] Observation Buffer size 4.3954973220825195 MB with
DEBUG 2026-06-09 17:04:13 ort/utils.py:69 [CLIENT] Observation Sent 2097152/4609013 bytes with state 1
DEBUG 2026-06-09 17:04:13 ort/utils.py:69 [CLIENT] Observation Sent 4194304/4609013 bytes with state 2
DEBUG 2026-06-09 17:04:13 ort/utils.py:69 [CLIENT] Observation Sent 4609013/4609013 bytes with state 3
DEBUG 2026-06-09 17:04:13 ort/utils.py:71 [CLIENT] Observation Published 4.3954973220825195 MB
DEBUG 2026-06-09 17:04:13 t_client.py:209 Sent observation #684 | 
DEBUG 2026-06-09 17:04:13 t_client.py:434 QUEUE SIZE: 8 (Must go: False)
DEBUG 2026-06-09 17:04:13 t_client.py:477 Control loop (ms): 120.33
DEBUG 2026-06-09 17:04:13 follower.py:184 follower_right SOFollower read state: 2.4ms
DEBUG 2026-06-09 17:04:13 follower.py:191 follower_right SOFollower read wrist: 0.0ms
DEBUG 2026-06-09 17:04:13 follower.py:184 follower_left SOFollower read state: 2.1ms
DEBUG 2026-06-09 17:04:13 follower.py:191 follower_left SOFollower read wrist: 0.0ms
DEBUG 2026-06-09 17:04:13 t_client.py:198 Observation serialization time: 0.011928s
DEBUG 2026-06-09 17:04:13 ort/utils.py:54 [CLIENT] Observation Buffer size 4.3954973220825195 MB with
DEBUG 2026-06-09 17:04:13 ort/utils.py:69 [CLIENT] Observation Sent 2097152/4609013 bytes with state 1
DEBUG 2026-06-09 17:04:13 ort/utils.py:69 [CLIENT] Observation Sent 4194304/4609013 bytes with state 2
DEBUG 2026-06-09 17:04:13 ort/utils.py:69 [CLIENT] Observation Sent 4609013/4609013 bytes with state 3
DEBUG 2026-06-09 17:04:13 ort/utils.py:71 [CLIENT] Observation Published 4.3954973220825195 MB
DEBUG 2026-06-09 17:04:13 t_client.py:209 Sent observation #685 | 
DEBUG 2026-06-09 17:04:13 t_client.py:434 QUEUE SIZE: 7 (Must go: False)
DEBUG 2026-06-09 17:04:13 t_client.py:477 Control loop (ms): 132.02
DEBUG 2026-06-09 17:04:13 t_client.py:292 Received actions on device: cpu
DEBUG 2026-06-09 17:04:13 t_client.py:302 Actions kept on device: cpu
DEBUG 2026-06-09 17:04:13 follower.py:184 follower_right SOFollower read state: 2.1ms
DEBUG 2026-06-09 17:04:13 follower.py:191 follower_right SOFollower read wrist: 0.0ms
DEBUG 2026-06-09 17:04:13 follower.py:184 follower_left SOFollower read state: 1.7ms
DEBUG 2026-06-09 17:04:13 follower.py:191 follower_left SOFollower read wrist: 0.0ms
DEBUG 2026-06-09 17:04:13 t_client.py:198 Observation serialization time: 0.004763s
DEBUG 2026-06-09 17:04:13 ort/utils.py:54 [CLIENT] Observation Buffer size 4.3954973220825195 MB with
DEBUG 2026-06-09 17:04:13 ort/utils.py:69 [CLIENT] Observation Sent 2097152/4609013 bytes with state 1
DEBUG 2026-06-09 17:04:13 ort/utils.py:69 [CLIENT] Observation Sent 4194304/4609013 bytes with state 2
DEBUG 2026-06-09 17:04:13 ort/utils.py:69 [CLIENT] Observation Sent 4609013/4609013 bytes with state 3
DEBUG 2026-06-09 17:04:13 ort/utils.py:71 [CLIENT] Observation Published 4.3954973220825195 MB
DEBUG 2026-06-09 17:04:13 t_client.py:209 Sent observation #686 | 
DEBUG 2026-06-09 17:04:13 t_client.py:434 QUEUE SIZE: 14 (Must go: False)
DEBUG 2026-06-09 17:04:13 t_client.py:477 Control loop (ms): 107.71
DEBUG 2026-06-09 17:04:13 t_client.py:477 Control loop (ms): 1.39
DEBUG 2026-06-09 17:04:13 t_client.py:292 Received actions on device: cpu
DEBUG 2026-06-09 17:04:13 t_client.py:302 Actions kept on device: cpu
DEBUG 2026-06-09 17:04:13 t_client.py:477 Control loop (ms): 2.77
DEBUG 2026-06-09 17:04:13 t_client.py:477 Control loop (ms): 2.25
DEBUG 2026-06-09 17:04:13 t_client.py:292 Received actions on device: cpu
DEBUG 2026-06-09 17:04:13 t_client.py:302 Actions kept on device: cpu
DEBUG 2026-06-09 17:04:13 t_client.py:477 Control loop (ms): 3.08
DEBUG 2026-06-09 17:04:13 t_client.py:477 Control loop (ms): 3.30
DEBUG 2026-06-09 17:04:13 t_client.py:477 Control loop (ms): 3.05
DEBUG 2026-06-09 17:04:13 t_client.py:477 Control loop (ms): 2.94
DEBUG 2026-06-09 17:04:13 t_client.py:477 Control loop (ms): 2.32
DEBUG 2026-06-09 17:04:13 follower.py:184 follower_right SOFollower read state: 2.1ms
DEBUG 2026-06-09 17:04:13 follower.py:191 follower_right SOFollower read wrist: 0.0ms
DEBUG 2026-06-09 17:04:13 follower.py:184 follower_left SOFollower read state: 2.5ms
DEBUG 2026-06-09 17:04:13 follower.py:191 follower_left SOFollower read wrist: 0.0ms
DEBUG 2026-06-09 17:04:13 t_client.py:198 Observation serialization time: 0.008795s
DEBUG 2026-06-09 17:04:13 ort/utils.py:54 [CLIENT] Observation Buffer size 4.3954973220825195 MB with
DEBUG 2026-06-09 17:04:13 ort/utils.py:69 [CLIENT] Observation Sent 2097152/4609013 bytes with state 1
DEBUG 2026-06-09 17:04:13 ort/utils.py:69 [CLIENT] Observation Sent 4194304/4609013 bytes with state 2
DEBUG 2026-06-09 17:04:13 ort/utils.py:69 [CLIENT] Observation Sent 4609013/4609013 bytes with state 3
DEBUG 2026-06-09 17:04:13 ort/utils.py:71 [CLIENT] Observation Published 4.3954973220825195 MB
DEBUG 2026-06-09 17:04:14 t_client.py:209 Sent observation #693 | 
DEBUG 2026-06-09 17:04:14 t_client.py:434 QUEUE SIZE: 8 (Must go: False)
DEBUG 2026-06-09 17:04:14 t_client.py:477 Control loop (ms): 145.72
DEBUG 2026-06-09 17:04:14 follower.py:184 follower_right SOFollower read state: 2.1ms
DEBUG 2026-06-09 17:04:14 follower.py:191 follower_right SOFollower read wrist: 0.0ms
DEBUG 2026-06-09 17:04:14 follower.py:184 follower_left SOFollower read state: 2.2ms
DEBUG 2026-06-09 17:04:14 follower.py:191 follower_left SOFollower read wrist: 0.0ms
DEBUG 2026-06-09 17:04:14 t_client.py:198 Observation serialization time: 0.007754s
DEBUG 2026-06-09 17:04:14 ort/utils.py:54 [CLIENT] Observation Buffer size 4.3954973220825195 MB with
DEBUG 2026-06-09 17:04:14 ort/utils.py:69 [CLIENT] Observation Sent 2097152/4609013 bytes with state 1
DEBUG 2026-06-09 17:04:14 ort/utils.py:69 [CLIENT] Observation Sent 4194304/4609013 bytes with state 2
DEBUG 2026-06-09 17:04:14 ort/utils.py:69 [CLIENT] Observation Sent 4609013/4609013 bytes with state 3
DEBUG 2026-06-09 17:04:14 ort/utils.py:71 [CLIENT] Observation Published 4.3954973220825195 MB
DEBUG 2026-06-09 17:04:14 t_client.py:292 Received actions on device: cpu
DEBUG 2026-06-09 17:04:14 t_client.py:302 Actions kept on device: cpu
DEBUG 2026-06-09 17:04:14 t_client.py:209 Sent observation #694 | 
DEBUG 2026-06-09 17:04:14 t_client.py:434 QUEUE SIZE: 7 (Must go: False)
DEBUG 2026-06-09 17:04:14 t_client.py:477 Control loop (ms): 145.73
DEBUG 2026-06-09 17:04:14 t_client.py:477 Control loop (ms): 1.56
DEBUG 2026-06-09 17:04:14 t_client.py:477 Control loop (ms): 1.70
DEBUG 2026-06-09 17:04:14 t_client.py:477 Control loop (ms): 1.95
DEBUG 2026-06-09 17:04:14 t_client.py:292 Received actions on device: cpu
DEBUG 2026-06-09 17:04:14 t_client.py:302 Actions kept on device: cpu
DEBUG 2026-06-09 17:04:14 t_client.py:477 Control loop (ms): 2.17
DEBUG 2026-06-09 17:04:14 t_client.py:477 Control loop (ms): 2.30
DEBUG 2026-06-09 17:04:14 t_client.py:477 Control loop (ms): 2.29
DEBUG 2026-06-09 17:04:14 follower.py:184 follower_right SOFollower read state: 2.3ms
DEBUG 2026-06-09 17:04:14 follower.py:191 follower_right SOFollower read wrist: 0.0ms
DEBUG 2026-06-09 17:04:14 follower.py:184 follower_left SOFollower read state: 2.2ms
DEBUG 2026-06-09 17:04:14 follower.py:191 follower_left SOFollower read wrist: 0.0ms
DEBUG 2026-06-09 17:04:14 t_client.py:198 Observation serialization time: 0.011071s
DEBUG 2026-06-09 17:04:14 ort/utils.py:54 [CLIENT] Observation Buffer size 4.3954973220825195 MB with
DEBUG 2026-06-09 17:04:14 ort/utils.py:69 [CLIENT] Observation Sent 2097152/4609013 bytes with state 1
DEBUG 2026-06-09 17:04:14 ort/utils.py:69 [CLIENT] Observation Sent 4194304/4609013 bytes with state 2
DEBUG 2026-06-09 17:04:14 ort/utils.py:69 [CLIENT] Observation Sent 4609013/4609013 bytes with state 3
DEBUG 2026-06-09 17:04:14 ort/utils.py:71 [CLIENT] Observation Published 4.3954973220825195 MB
DEBUG 2026-06-09 17:04:14 t_client.py:209 Sent observation #701 | 
DEBUG 2026-06-09 17:04:14 t_client.py:434 QUEUE SIZE: 8 (Must go: False)
DEBUG 2026-06-09 17:04:14 t_client.py:477 Control loop (ms): 142.63
DEBUG 2026-06-09 17:04:14 follower.py:184 follower_right SOFollower read state: 1.9ms
DEBUG 2026-06-09 17:04:14 follower.py:191 follower_right SOFollower read wrist: 0.0ms
DEBUG 2026-06-09 17:04:14 follower.py:184 follower_left SOFollower read state: 1.9ms
DEBUG 2026-06-09 17:04:14 follower.py:191 follower_left SOFollower read wrist: 0.0ms
DEBUG 2026-06-09 17:04:14 t_client.py:198 Observation serialization time: 0.008832s
DEBUG 2026-06-09 17:04:14 ort/utils.py:54 [CLIENT] Observation Buffer size 4.3954973220825195 MB with
DEBUG 2026-06-09 17:04:14 ort/utils.py:69 [CLIENT] Observation Sent 2097152/4609013 bytes with state 1
DEBUG 2026-06-09 17:04:14 ort/utils.py:69 [CLIENT] Observation Sent 4194304/4609013 bytes with state 2
DEBUG 2026-06-09 17:04:14 ort/utils.py:69 [CLIENT] Observation Sent 4609013/4609013 bytes with state 3
DEBUG 2026-06-09 17:04:14 ort/utils.py:71 [CLIENT] Observation Published 4.3954973220825195 MB
DEBUG 2026-06-09 17:04:14 t_client.py:209 Sent observation #702 | 
DEBUG 2026-06-09 17:04:14 t_client.py:434 QUEUE SIZE: 7 (Must go: False)
DEBUG 2026-06-09 17:04:14 t_client.py:477 Control loop (ms): 108.83
DEBUG 2026-06-09 17:04:14 follower.py:184 follower_right SOFollower read state: 3.9ms
DEBUG 2026-06-09 17:04:14 t_client.py:292 Received actions on device: cpu
DEBUG 2026-06-09 17:04:14 follower.py:191 follower_right SOFollower read wrist: 0.0ms
DEBUG 2026-06-09 17:04:14 t_client.py:302 Actions kept on device: cpu
DEBUG 2026-06-09 17:04:14 follower.py:184 follower_left SOFollower read state: 1.6ms
DEBUG 2026-06-09 17:04:14 follower.py:191 follower_left SOFollower read wrist: 0.0ms
DEBUG 2026-06-09 17:04:14 t_client.py:198 Observation serialization time: 0.007599s
DEBUG 2026-06-09 17:04:14 ort/utils.py:54 [CLIENT] Observation Buffer size 4.3954973220825195 MB with
DEBUG 2026-06-09 17:04:14 ort/utils.py:69 [CLIENT] Observation Sent 2097152/4609013 bytes with state 1
DEBUG 2026-06-09 17:04:14 ort/utils.py:69 [CLIENT] Observation Sent 4194304/4609013 bytes with state 2
DEBUG 2026-06-09 17:04:14 ort/utils.py:69 [CLIENT] Observation Sent 4609013/4609013 bytes with state 3
DEBUG 2026-06-09 17:04:14 ort/utils.py:71 [CLIENT] Observation Published 4.3954973220825195 MB
DEBUG 2026-06-09 17:04:14 t_client.py:209 Sent observation #703 | 
DEBUG 2026-06-09 17:04:14 t_client.py:434 QUEUE SIZE: 13 (Must go: False)
DEBUG 2026-06-09 17:04:14 t_client.py:477 Control loop (ms): 141.19
DEBUG 2026-06-09 17:04:14 t_client.py:292 Received actions on device: cpu
DEBUG 2026-06-09 17:04:14 t_client.py:477 Control loop (ms): 2.19
DEBUG 2026-06-09 17:04:14 t_client.py:302 Actions kept on device: cpu
DEBUG 2026-06-09 17:04:14 t_client.py:477 Control loop (ms): 1.73
DEBUG 2026-06-09 17:04:14 t_client.py:477 Control loop (ms): 2.06
DEBUG 2026-06-09 17:04:14 t_client.py:292 Received actions on device: cpu
DEBUG 2026-06-09 17:04:14 t_client.py:302 Actions kept on device: cpu
DEBUG 2026-06-09 17:04:14 t_client.py:477 Control loop (ms): 2.38
DEBUG 2026-06-09 17:04:14 t_client.py:477 Control loop (ms): 1.54
DEBUG 2026-06-09 17:04:14 t_client.py:477 Control loop (ms): 2.12
DEBUG 2026-06-09 17:04:14 t_client.py:477 Control loop (ms): 2.04
DEBUG 2026-06-09 17:04:14 follower.py:184 follower_right SOFollower read state: 2.4ms
DEBUG 2026-06-09 17:04:14 follower.py:191 follower_right SOFollower read wrist: 0.0ms
DEBUG 2026-06-09 17:04:14 follower.py:184 follower_left SOFollower read state: 2.3ms
DEBUG 2026-06-09 17:04:14 follower.py:191 follower_left SOFollower read wrist: 0.0ms
DEBUG 2026-06-09 17:04:15 t_client.py:198 Observation serialization time: 0.011281s
DEBUG 2026-06-09 17:04:15 ort/utils.py:54 [CLIENT] Observation Buffer size 4.3954973220825195 MB with
DEBUG 2026-06-09 17:04:15 ort/utils.py:69 [CLIENT] Observation Sent 2097152/4609013 bytes with state 1
DEBUG 2026-06-09 17:04:15 ort/utils.py:69 [CLIENT] Observation Sent 4194304/4609013 bytes with state 2
DEBUG 2026-06-09 17:04:15 ort/utils.py:69 [CLIENT] Observation Sent 4609013/4609013 bytes with state 3
DEBUG 2026-06-09 17:04:15 ort/utils.py:71 [CLIENT] Observation Published 4.3954973220825195 MB
DEBUG 2026-06-09 17:04:15 t_client.py:209 Sent observation #710 | 
DEBUG 2026-06-09 17:04:15 t_client.py:434 QUEUE SIZE: 8 (Must go: False)
DEBUG 2026-06-09 17:04:15 t_client.py:477 Control loop (ms): 182.25
DEBUG 2026-06-09 17:04:15 follower.py:184 follower_right SOFollower read state: 2.1ms
DEBUG 2026-06-09 17:04:15 follower.py:191 follower_right SOFollower read wrist: 0.0ms
DEBUG 2026-06-09 17:04:15 follower.py:184 follower_left SOFollower read state: 2.3ms
DEBUG 2026-06-09 17:04:15 follower.py:191 follower_left SOFollower read wrist: 0.0ms
DEBUG 2026-06-09 17:04:15 t_client.py:198 Observation serialization time: 0.009801s
DEBUG 2026-06-09 17:04:15 ort/utils.py:54 [CLIENT] Observation Buffer size 4.3954973220825195 MB with
DEBUG 2026-06-09 17:04:15 ort/utils.py:69 [CLIENT] Observation Sent 2097152/4609013 bytes with state 1
DEBUG 2026-06-09 17:04:15 ort/utils.py:69 [CLIENT] Observation Sent 4194304/4609013 bytes with state 2
DEBUG 2026-06-09 17:04:15 ort/utils.py:69 [CLIENT] Observation Sent 4609013/4609013 bytes with state 3
DEBUG 2026-06-09 17:04:15 ort/utils.py:71 [CLIENT] Observation Published 4.3954973220825195 MB
DEBUG 2026-06-09 17:04:15 t_client.py:209 Sent observation #711 | 
DEBUG 2026-06-09 17:04:15 t_client.py:434 QUEUE SIZE: 7 (Must go: False)
DEBUG 2026-06-09 17:04:15 t_client.py:477 Control loop (ms): 144.90
DEBUG 2026-06-09 17:04:15 t_client.py:292 Received actions on device: cpu
DEBUG 2026-06-09 17:04:15 t_client.py:302 Actions kept on device: cpu
DEBUG 2026-06-09 17:04:15 follower.py:184 follower_right SOFollower read state: 2.1ms
DEBUG 2026-06-09 17:04:15 follower.py:191 follower_right SOFollower read wrist: 0.0ms
DEBUG 2026-06-09 17:04:15 follower.py:184 follower_left SOFollower read state: 2.0ms
DEBUG 2026-06-09 17:04:15 follower.py:191 follower_left SOFollower read wrist: 0.0ms
DEBUG 2026-06-09 17:04:15 t_client.py:198 Observation serialization time: 0.007607s
DEBUG 2026-06-09 17:04:15 ort/utils.py:54 [CLIENT] Observation Buffer size 4.3954973220825195 MB with
DEBUG 2026-06-09 17:04:15 ort/utils.py:69 [CLIENT] Observation Sent 2097152/4609013 bytes with state 1
DEBUG 2026-06-09 17:04:15 ort/utils.py:69 [CLIENT] Observation Sent 4194304/4609013 bytes with state 2
DEBUG 2026-06-09 17:04:15 ort/utils.py:69 [CLIENT] Observation Sent 4609013/4609013 bytes with state 3
DEBUG 2026-06-09 17:04:15 ort/utils.py:71 [CLIENT] Observation Published 4.3954973220825195 MB
DEBUG 2026-06-09 17:04:15 t_client.py:209 Sent observation #712 | 
DEBUG 2026-06-09 17:04:15 t_client.py:434 QUEUE SIZE: 14 (Must go: False)
DEBUG 2026-06-09 17:04:15 t_client.py:477 Control loop (ms): 124.79
DEBUG 2026-06-09 17:04:15 t_client.py:292 Received actions on device: cpu
DEBUG 2026-06-09 17:04:15 t_client.py:302 Actions kept on device: cpu
DEBUG 2026-06-09 17:04:15 t_client.py:477 Control loop (ms): 2.12
DEBUG 2026-06-09 17:04:15 t_client.py:477 Control loop (ms): 1.49
DEBUG 2026-06-09 17:04:15 t_client.py:477 Control loop (ms): 2.34
DEBUG 2026-06-09 17:04:15 t_client.py:477 Control loop (ms): 4.28
DEBUG 2026-06-09 17:04:15 t_client.py:292 Received actions on device: cpu
DEBUG 2026-06-09 17:04:15 t_client.py:302 Actions kept on device: cpu
DEBUG 2026-06-09 17:04:15 t_client.py:477 Control loop (ms): 2.97
DEBUG 2026-06-09 17:04:15 t_client.py:477 Control loop (ms): 2.80
DEBUG 2026-06-09 17:04:15 t_client.py:477 Control loop (ms): 2.37
DEBUG 2026-06-09 17:04:15 follower.py:184 follower_right SOFollower read state: 2.3ms
DEBUG 2026-06-09 17:04:15 follower.py:191 follower_right SOFollower read wrist: 0.0ms
DEBUG 2026-06-09 17:04:15 follower.py:184 follower_left SOFollower read state: 2.9ms
DEBUG 2026-06-09 17:04:15 follower.py:191 follower_left SOFollower read wrist: 0.0ms
DEBUG 2026-06-09 17:04:15 t_client.py:198 Observation serialization time: 0.010930s
DEBUG 2026-06-09 17:04:15 ort/utils.py:54 [CLIENT] Observation Buffer size 4.3954973220825195 MB with
DEBUG 2026-06-09 17:04:15 ort/utils.py:69 [CLIENT] Observation Sent 2097152/4609013 bytes with state 1
DEBUG 2026-06-09 17:04:15 ort/utils.py:69 [CLIENT] Observation Sent 4194304/4609013 bytes with state 2
DEBUG 2026-06-09 17:04:15 ort/utils.py:69 [CLIENT] Observation Sent 4609013/4609013 bytes with state 3
DEBUG 2026-06-09 17:04:15 ort/utils.py:71 [CLIENT] Observation Published 4.3954973220825195 MB
DEBUG 2026-06-09 17:04:15 t_client.py:209 Sent observation #719 | 
DEBUG 2026-06-09 17:04:15 t_client.py:434 QUEUE SIZE: 8 (Must go: False)
DEBUG 2026-06-09 17:04:15 t_client.py:477 Control loop (ms): 180.01
DEBUG 2026-06-09 17:04:15 follower.py:184 follower_right SOFollower read state: 1.7ms
DEBUG 2026-06-09 17:04:15 follower.py:191 follower_right SOFollower read wrist: 0.0ms
DEBUG 2026-06-09 17:04:15 follower.py:184 follower_left SOFollower read state: 1.8ms
DEBUG 2026-06-09 17:04:15 follower.py:191 follower_left SOFollower read wrist: 0.0ms
DEBUG 2026-06-09 17:04:15 t_client.py:198 Observation serialization time: 0.008209s
DEBUG 2026-06-09 17:04:15 ort/utils.py:54 [CLIENT] Observation Buffer size 4.3954973220825195 MB with
DEBUG 2026-06-09 17:04:15 ort/utils.py:69 [CLIENT] Observation Sent 2097152/4609013 bytes with state 1
DEBUG 2026-06-09 17:04:15 ort/utils.py:69 [CLIENT] Observation Sent 4194304/4609013 bytes with state 2
DEBUG 2026-06-09 17:04:15 ort/utils.py:69 [CLIENT] Observation Sent 4609013/4609013 bytes with state 3
DEBUG 2026-06-09 17:04:15 ort/utils.py:71 [CLIENT] Observation Published 4.3954973220825195 MB
DEBUG 2026-06-09 17:04:15 t_client.py:292 Received actions on device: cpu
DEBUG 2026-06-09 17:04:15 t_client.py:302 Actions kept on device: cpu
DEBUG 2026-06-09 17:04:15 t_client.py:209 Sent observation #720 | 
DEBUG 2026-06-09 17:04:15 t_client.py:434 QUEUE SIZE: 7 (Must go: False)
DEBUG 2026-06-09 17:04:15 t_client.py:477 Control loop (ms): 121.13
DEBUG 2026-06-09 17:04:15 t_client.py:477 Control loop (ms): 1.11
DEBUG 2026-06-09 17:04:16 t_client.py:477 Control loop (ms): 2.20
DEBUG 2026-06-09 17:04:16 t_client.py:477 Control loop (ms): 2.19
DEBUG 2026-06-09 17:04:16 t_client.py:292 Received actions on device: cpu
DEBUG 2026-06-09 17:04:16 t_client.py:302 Actions kept on device: cpu
DEBUG 2026-06-09 17:04:16 t_client.py:477 Control loop (ms): 2.76
DEBUG 2026-06-09 17:04:16 t_client.py:477 Control loop (ms): 2.03
DEBUG 2026-06-09 17:04:16 t_client.py:477 Control loop (ms): 2.77
DEBUG 2026-06-09 17:04:16 t_client.py:477 Control loop (ms): 2.07
DEBUG 2026-06-09 17:04:16 follower.py:184 follower_right SOFollower read state: 2.3ms
DEBUG 2026-06-09 17:04:16 follower.py:191 follower_right SOFollower read wrist: 0.0ms
DEBUG 2026-06-09 17:04:16 follower.py:184 follower_left SOFollower read state: 2.1ms
DEBUG 2026-06-09 17:04:16 follower.py:191 follower_left SOFollower read wrist: 0.0ms
DEBUG 2026-06-09 17:04:16 t_client.py:198 Observation serialization time: 0.008307s
DEBUG 2026-06-09 17:04:16 ort/utils.py:54 [CLIENT] Observation Buffer size 4.3954973220825195 MB with
DEBUG 2026-06-09 17:04:16 ort/utils.py:69 [CLIENT] Observation Sent 2097152/4609013 bytes with state 1
DEBUG 2026-06-09 17:04:16 ort/utils.py:69 [CLIENT] Observation Sent 4194304/4609013 bytes with state 2
DEBUG 2026-06-09 17:04:16 ort/utils.py:69 [CLIENT] Observation Sent 4609013/4609013 bytes with state 3
DEBUG 2026-06-09 17:04:16 ort/utils.py:71 [CLIENT] Observation Published 4.3954973220825195 MB
DEBUG 2026-06-09 17:04:16 t_client.py:209 Sent observation #727 | 
DEBUG 2026-06-09 17:04:16 t_client.py:434 QUEUE SIZE: 8 (Must go: False)
DEBUG 2026-06-09 17:04:16 t_client.py:477 Control loop (ms): 124.14
DEBUG 2026-06-09 17:04:16 follower.py:184 follower_right SOFollower read state: 2.0ms
DEBUG 2026-06-09 17:04:16 follower.py:191 follower_right SOFollower read wrist: 0.0ms
DEBUG 2026-06-09 17:04:16 follower.py:184 follower_left SOFollower read state: 1.8ms
DEBUG 2026-06-09 17:04:16 follower.py:191 follower_left SOFollower read wrist: 0.0ms
DEBUG 2026-06-09 17:04:16 t_client.py:198 Observation serialization time: 0.004599s
DEBUG 2026-06-09 17:04:16 ort/utils.py:54 [CLIENT] Observation Buffer size 4.3954973220825195 MB with
DEBUG 2026-06-09 17:04:16 ort/utils.py:69 [CLIENT] Observation Sent 2097152/4609013 bytes with state 1
DEBUG 2026-06-09 17:04:16 ort/utils.py:69 [CLIENT] Observation Sent 4194304/4609013 bytes with state 2
DEBUG 2026-06-09 17:04:16 ort/utils.py:69 [CLIENT] Observation Sent 4609013/4609013 bytes with state 3
DEBUG 2026-06-09 17:04:16 ort/utils.py:71 [CLIENT] Observation Published 4.3954973220825195 MB
DEBUG 2026-06-09 17:04:16 t_client.py:209 Sent observation #728 | 
DEBUG 2026-06-09 17:04:16 t_client.py:434 QUEUE SIZE: 7 (Must go: False)
DEBUG 2026-06-09 17:04:16 t_client.py:477 Control loop (ms): 105.23
DEBUG 2026-06-09 17:04:16 follower.py:184 follower_right SOFollower read state: 3.2ms
DEBUG 2026-06-09 17:04:16 follower.py:191 follower_right SOFollower read wrist: 0.0ms
DEBUG 2026-06-09 17:04:16 t_client.py:292 Received actions on device: cpu
DEBUG 2026-06-09 17:04:16 t_client.py:302 Actions kept on device: cpu
DEBUG 2026-06-09 17:04:16 follower.py:184 follower_left SOFollower read state: 2.0ms
DEBUG 2026-06-09 17:04:16 follower.py:191 follower_left SOFollower read wrist: 0.0ms
DEBUG 2026-06-09 17:04:16 t_client.py:198 Observation serialization time: 0.007366s
DEBUG 2026-06-09 17:04:16 ort/utils.py:54 [CLIENT] Observation Buffer size 4.3954973220825195 MB with
DEBUG 2026-06-09 17:04:16 ort/utils.py:69 [CLIENT] Observation Sent 2097152/4609013 bytes with state 1
DEBUG 2026-06-09 17:04:16 ort/utils.py:69 [CLIENT] Observation Sent 4194304/4609013 bytes with state 2
DEBUG 2026-06-09 17:04:16 ort/utils.py:69 [CLIENT] Observation Sent 4609013/4609013 bytes with state 3
DEBUG 2026-06-09 17:04:16 ort/utils.py:71 [CLIENT] Observation Published 4.3954973220825195 MB
DEBUG 2026-06-09 17:04:16 t_client.py:209 Sent observation #729 | 
DEBUG 2026-06-09 17:04:16 t_client.py:434 QUEUE SIZE: 6 (Must go: False)
DEBUG 2026-06-09 17:04:16 t_client.py:477 Control loop (ms): 124.49
DEBUG 2026-06-09 17:04:16 t_client.py:477 Control loop (ms): 3.19
DEBUG 2026-06-09 17:04:16 t_client.py:292 Received actions on device: cpu
DEBUG 2026-06-09 17:04:16 t_client.py:302 Actions kept on device: cpu
DEBUG 2026-06-09 17:04:16 t_client.py:477 Control loop (ms): 1.71
DEBUG 2026-06-09 17:04:16 t_client.py:477 Control loop (ms): 1.55
DEBUG 2026-06-09 17:04:16 t_client.py:477 Control loop (ms): 1.60
DEBUG 2026-06-09 17:04:16 t_client.py:477 Control loop (ms): 1.34
DEBUG 2026-06-09 17:04:16 follower.py:184 follower_right SOFollower read state: 2.0ms
DEBUG 2026-06-09 17:04:16 follower.py:191 follower_right SOFollower read wrist: 0.0ms
DEBUG 2026-06-09 17:04:16 follower.py:184 follower_left SOFollower read state: 1.9ms
DEBUG 2026-06-09 17:04:16 follower.py:191 follower_left SOFollower read wrist: 0.0ms
DEBUG 2026-06-09 17:04:16 t_client.py:198 Observation serialization time: 0.010862s
DEBUG 2026-06-09 17:04:16 ort/utils.py:54 [CLIENT] Observation Buffer size 4.3954973220825195 MB with
DEBUG 2026-06-09 17:04:16 ort/utils.py:69 [CLIENT] Observation Sent 2097152/4609013 bytes with state 1
DEBUG 2026-06-09 17:04:16 ort/utils.py:69 [CLIENT] Observation Sent 4194304/4609013 bytes with state 2
DEBUG 2026-06-09 17:04:16 ort/utils.py:69 [CLIENT] Observation Sent 4609013/4609013 bytes with state 3
DEBUG 2026-06-09 17:04:16 ort/utils.py:71 [CLIENT] Observation Published 4.3954973220825195 MB
DEBUG 2026-06-09 17:04:16 t_client.py:209 Sent observation #735 | 
DEBUG 2026-06-09 17:04:16 t_client.py:434 QUEUE SIZE: 8 (Must go: False)
DEBUG 2026-06-09 17:04:16 t_client.py:477 Control loop (ms): 146.02
DEBUG 2026-06-09 17:04:16 follower.py:184 follower_right SOFollower read state: 2.4ms
DEBUG 2026-06-09 17:04:16 follower.py:191 follower_right SOFollower read wrist: 0.0ms
DEBUG 2026-06-09 17:04:16 follower.py:184 follower_left SOFollower read state: 1.5ms
DEBUG 2026-06-09 17:04:16 follower.py:191 follower_left SOFollower read wrist: 0.0ms
DEBUG 2026-06-09 17:04:16 t_client.py:198 Observation serialization time: 0.004135s
DEBUG 2026-06-09 17:04:16 ort/utils.py:54 [CLIENT] Observation Buffer size 4.3954973220825195 MB with
DEBUG 2026-06-09 17:04:16 ort/utils.py:69 [CLIENT] Observation Sent 2097152/4609013 bytes with state 1
DEBUG 2026-06-09 17:04:16 ort/utils.py:69 [CLIENT] Observation Sent 4194304/4609013 bytes with state 2
DEBUG 2026-06-09 17:04:16 ort/utils.py:69 [CLIENT] Observation Sent 4609013/4609013 bytes with state 3
DEBUG 2026-06-09 17:04:16 ort/utils.py:71 [CLIENT] Observation Published 4.3954973220825195 MB
DEBUG 2026-06-09 17:04:16 t_client.py:292 Received actions on device: cpu
DEBUG 2026-06-09 17:04:16 t_client.py:302 Actions kept on device: cpu
DEBUG 2026-06-09 17:04:17 t_client.py:209 Sent observation #736 | 
DEBUG 2026-06-09 17:04:17 t_client.py:434 QUEUE SIZE: 7 (Must go: False)
DEBUG 2026-06-09 17:04:17 t_client.py:477 Control loop (ms): 136.20
DEBUG 2026-06-09 17:04:17 t_client.py:477 Control loop (ms): 1.60
DEBUG 2026-06-09 17:04:17 t_client.py:477 Control loop (ms): 2.04
DEBUG 2026-06-09 17:04:17 t_client.py:477 Control loop (ms): 2.24
DEBUG 2026-06-09 17:04:17 t_client.py:477 Control loop (ms): 1.86
DEBUG 2026-06-09 17:04:17 t_client.py:477 Control loop (ms): 1.84
DEBUG 2026-06-09 17:04:17 follower.py:184 follower_right SOFollower read state: 2.3ms
DEBUG 2026-06-09 17:04:17 follower.py:191 follower_right SOFollower read wrist: 0.0ms
DEBUG 2026-06-09 17:04:17 follower.py:184 follower_left SOFollower read state: 2.0ms
DEBUG 2026-06-09 17:04:17 follower.py:191 follower_left SOFollower read wrist: 0.1ms
DEBUG 2026-06-09 17:04:17 t_client.py:198 Observation serialization time: 0.005737s
DEBUG 2026-06-09 17:04:17 ort/utils.py:54 [CLIENT] Observation Buffer size 4.3954973220825195 MB with
DEBUG 2026-06-09 17:04:17 ort/utils.py:69 [CLIENT] Observation Sent 2097152/4609013 bytes with state 1
DEBUG 2026-06-09 17:04:17 ort/utils.py:69 [CLIENT] Observation Sent 4194304/4609013 bytes with state 2
DEBUG 2026-06-09 17:04:17 ort/utils.py:69 [CLIENT] Observation Sent 4609013/4609013 bytes with state 3
DEBUG 2026-06-09 17:04:17 ort/utils.py:71 [CLIENT] Observation Published 4.3954973220825195 MB
DEBUG 2026-06-09 17:04:17 t_client.py:209 Sent observation #742 | 
DEBUG 2026-06-09 17:04:17 t_client.py:434 QUEUE SIZE: 8 (Must go: False)
DEBUG 2026-06-09 17:04:17 t_client.py:477 Control loop (ms): 144.15
DEBUG 2026-06-09 17:04:17 follower.py:184 follower_right SOFollower read state: 2.0ms
DEBUG 2026-06-09 17:04:17 follower.py:191 follower_right SOFollower read wrist: 0.0ms
DEBUG 2026-06-09 17:04:17 follower.py:184 follower_left SOFollower read state: 1.9ms
DEBUG 2026-06-09 17:04:17 follower.py:191 follower_left SOFollower read wrist: 0.0ms
DEBUG 2026-06-09 17:04:17 t_client.py:198 Observation serialization time: 0.009655s
DEBUG 2026-06-09 17:04:17 ort/utils.py:54 [CLIENT] Observation Buffer size 4.3954973220825195 MB with
DEBUG 2026-06-09 17:04:17 ort/utils.py:69 [CLIENT] Observation Sent 2097152/4609013 bytes with state 1
DEBUG 2026-06-09 17:04:17 ort/utils.py:69 [CLIENT] Observation Sent 4194304/4609013 bytes with state 2
DEBUG 2026-06-09 17:04:17 ort/utils.py:69 [CLIENT] Observation Sent 4609013/4609013 bytes with state 3
DEBUG 2026-06-09 17:04:17 ort/utils.py:71 [CLIENT] Observation Published 4.3954973220825195 MB
DEBUG 2026-06-09 17:04:17 t_client.py:292 Received actions on device: cpu
DEBUG 2026-06-09 17:04:17 t_client.py:302 Actions kept on device: cpu
DEBUG 2026-06-09 17:04:17 t_client.py:209 Sent observation #743 | 
DEBUG 2026-06-09 17:04:17 t_client.py:434 QUEUE SIZE: 7 (Must go: False)
DEBUG 2026-06-09 17:04:17 t_client.py:477 Control loop (ms): 138.21
DEBUG 2026-06-09 17:04:17 t_client.py:477 Control loop (ms): 1.82
DEBUG 2026-06-09 17:04:17 t_client.py:477 Control loop (ms): 2.02
DEBUG 2026-06-09 17:04:17 t_client.py:477 Control loop (ms): 1.46
DEBUG 2026-06-09 17:04:17 t_client.py:292 Received actions on device: cpu
DEBUG 2026-06-09 17:04:17 t_client.py:302 Actions kept on device: cpu
DEBUG 2026-06-09 17:04:17 t_client.py:477 Control loop (ms): 1.86
DEBUG 2026-06-09 17:04:17 t_client.py:477 Control loop (ms): 2.32
DEBUG 2026-06-09 17:04:17 t_client.py:477 Control loop (ms): 2.11
DEBUG 2026-06-09 17:04:17 follower.py:184 follower_right SOFollower read state: 2.2ms
DEBUG 2026-06-09 17:04:17 follower.py:191 follower_right SOFollower read wrist: 0.0ms
DEBUG 2026-06-09 17:04:17 follower.py:184 follower_left SOFollower read state: 2.0ms
DEBUG 2026-06-09 17:04:17 follower.py:191 follower_left SOFollower read wrist: 0.0ms
DEBUG 2026-06-09 17:04:17 t_client.py:198 Observation serialization time: 0.007546s
DEBUG 2026-06-09 17:04:17 ort/utils.py:54 [CLIENT] Observation Buffer size 4.3954973220825195 MB with
DEBUG 2026-06-09 17:04:17 ort/utils.py:69 [CLIENT] Observation Sent 2097152/4609013 bytes with state 1
DEBUG 2026-06-09 17:04:17 ort/utils.py:69 [CLIENT] Observation Sent 4194304/4609013 bytes with state 2
DEBUG 2026-06-09 17:04:17 ort/utils.py:69 [CLIENT] Observation Sent 4609013/4609013 bytes with state 3
DEBUG 2026-06-09 17:04:17 ort/utils.py:71 [CLIENT] Observation Published 4.3954973220825195 MB
DEBUG 2026-06-09 17:04:17 t_client.py:209 Sent observation #750 | 
DEBUG 2026-06-09 17:04:17 t_client.py:434 QUEUE SIZE: 8 (Must go: False)
DEBUG 2026-06-09 17:04:17 t_client.py:477 Control loop (ms): 111.68
DEBUG 2026-06-09 17:04:17 follower.py:184 follower_right SOFollower read state: 2.1ms
DEBUG 2026-06-09 17:04:17 follower.py:191 follower_right SOFollower read wrist: 0.1ms
DEBUG 2026-06-09 17:04:17 follower.py:184 follower_left SOFollower read state: 1.8ms
DEBUG 2026-06-09 17:04:17 follower.py:191 follower_left SOFollower read wrist: 0.0ms
DEBUG 2026-06-09 17:04:17 t_client.py:198 Observation serialization time: 0.006032s
DEBUG 2026-06-09 17:04:17 ort/utils.py:54 [CLIENT] Observation Buffer size 4.3954973220825195 MB with
DEBUG 2026-06-09 17:04:17 ort/utils.py:69 [CLIENT] Observation Sent 2097152/4609013 bytes with state 1
DEBUG 2026-06-09 17:04:17 ort/utils.py:69 [CLIENT] Observation Sent 4194304/4609013 bytes with state 2
DEBUG 2026-06-09 17:04:17 ort/utils.py:69 [CLIENT] Observation Sent 4609013/4609013 bytes with state 3
DEBUG 2026-06-09 17:04:17 ort/utils.py:71 [CLIENT] Observation Published 4.3954973220825195 MB
DEBUG 2026-06-09 17:04:17 t_client.py:292 Received actions on device: cpu
DEBUG 2026-06-09 17:04:17 t_client.py:302 Actions kept on device: cpu
DEBUG 2026-06-09 17:04:17 t_client.py:209 Sent observation #751 | 
DEBUG 2026-06-09 17:04:17 t_client.py:434 QUEUE SIZE: 7 (Must go: False)
DEBUG 2026-06-09 17:04:17 t_client.py:477 Control loop (ms): 126.93
DEBUG 2026-06-09 17:04:17 t_client.py:477 Control loop (ms): 1.40
DEBUG 2026-06-09 17:04:17 t_client.py:477 Control loop (ms): 1.90
DEBUG 2026-06-09 17:04:17 t_client.py:477 Control loop (ms): 1.55
DEBUG 2026-06-09 17:04:17 t_client.py:292 Received actions on device: cpu
DEBUG 2026-06-09 17:04:17 t_client.py:302 Actions kept on device: cpu
DEBUG 2026-06-09 17:04:18 t_client.py:477 Control loop (ms): 1.50
DEBUG 2026-06-09 17:04:18 t_client.py:477 Control loop (ms): 1.65
DEBUG 2026-06-09 17:04:18 t_client.py:477 Control loop (ms): 1.56
DEBUG 2026-06-09 17:04:18 follower.py:184 follower_right SOFollower read state: 1.8ms
DEBUG 2026-06-09 17:04:18 follower.py:191 follower_right SOFollower read wrist: 0.0ms
DEBUG 2026-06-09 17:04:18 follower.py:184 follower_left SOFollower read state: 1.7ms
DEBUG 2026-06-09 17:04:18 follower.py:191 follower_left SOFollower read wrist: 0.0ms
DEBUG 2026-06-09 17:04:18 t_client.py:198 Observation serialization time: 0.006233s
DEBUG 2026-06-09 17:04:18 ort/utils.py:54 [CLIENT] Observation Buffer size 4.3954973220825195 MB with
DEBUG 2026-06-09 17:04:18 ort/utils.py:69 [CLIENT] Observation Sent 2097152/4609013 bytes with state 1
DEBUG 2026-06-09 17:04:18 ort/utils.py:69 [CLIENT] Observation Sent 4194304/4609013 bytes with state 2
DEBUG 2026-06-09 17:04:18 ort/utils.py:69 [CLIENT] Observation Sent 4609013/4609013 bytes with state 3
DEBUG 2026-06-09 17:04:18 ort/utils.py:71 [CLIENT] Observation Published 4.3954973220825195 MB
DEBUG 2026-06-09 17:04:18 t_client.py:209 Sent observation #758 | 
DEBUG 2026-06-09 17:04:18 t_client.py:434 QUEUE SIZE: 8 (Must go: False)
DEBUG 2026-06-09 17:04:18 t_client.py:477 Control loop (ms): 112.00
DEBUG 2026-06-09 17:04:18 follower.py:184 follower_right SOFollower read state: 1.8ms
DEBUG 2026-06-09 17:04:18 follower.py:191 follower_right SOFollower read wrist: 0.0ms
DEBUG 2026-06-09 17:04:18 follower.py:184 follower_left SOFollower read state: 1.7ms
DEBUG 2026-06-09 17:04:18 follower.py:191 follower_left SOFollower read wrist: 0.0ms
DEBUG 2026-06-09 17:04:18 t_client.py:198 Observation serialization time: 0.006394s
DEBUG 2026-06-09 17:04:18 ort/utils.py:54 [CLIENT] Observation Buffer size 4.3954973220825195 MB with
DEBUG 2026-06-09 17:04:18 ort/utils.py:69 [CLIENT] Observation Sent 2097152/4609013 bytes with state 1
DEBUG 2026-06-09 17:04:18 ort/utils.py:69 [CLIENT] Observation Sent 4194304/4609013 bytes with state 2
DEBUG 2026-06-09 17:04:18 ort/utils.py:69 [CLIENT] Observation Sent 4609013/4609013 bytes with state 3
DEBUG 2026-06-09 17:04:18 ort/utils.py:71 [CLIENT] Observation Published 4.3954973220825195 MB
DEBUG 2026-06-09 17:04:18 t_client.py:292 Received actions on device: cpu
DEBUG 2026-06-09 17:04:18 t_client.py:302 Actions kept on device: cpu
DEBUG 2026-06-09 17:04:18 t_client.py:209 Sent observation #759 | 
DEBUG 2026-06-09 17:04:18 t_client.py:434 QUEUE SIZE: 7 (Must go: False)
DEBUG 2026-06-09 17:04:18 t_client.py:477 Control loop (ms): 101.82
DEBUG 2026-06-09 17:04:18 t_client.py:477 Control loop (ms): 1.63
DEBUG 2026-06-09 17:04:18 t_client.py:477 Control loop (ms): 3.07
DEBUG 2026-06-09 17:04:18 t_client.py:477 Control loop (ms): 2.28
DEBUG 2026-06-09 17:04:18 t_client.py:292 Received actions on device: cpu
DEBUG 2026-06-09 17:04:18 t_client.py:302 Actions kept on device: cpu
DEBUG 2026-06-09 17:04:18 t_client.py:477 Control loop (ms): 2.36
DEBUG 2026-06-09 17:04:18 t_client.py:477 Control loop (ms): 1.84
DEBUG 2026-06-09 17:04:18 t_client.py:477 Control loop (ms): 2.65
DEBUG 2026-06-09 17:04:18 follower.py:184 follower_right SOFollower read state: 2.5ms
DEBUG 2026-06-09 17:04:18 follower.py:191 follower_right SOFollower read wrist: 0.0ms
DEBUG 2026-06-09 17:04:18 follower.py:184 follower_left SOFollower read state: 2.0ms
DEBUG 2026-06-09 17:04:18 follower.py:191 follower_left SOFollower read wrist: 0.0ms
DEBUG 2026-06-09 17:04:18 t_client.py:198 Observation serialization time: 0.009107s
DEBUG 2026-06-09 17:04:18 ort/utils.py:54 [CLIENT] Observation Buffer size 4.3954973220825195 MB with
DEBUG 2026-06-09 17:04:18 ort/utils.py:69 [CLIENT] Observation Sent 2097152/4609013 bytes with state 1
DEBUG 2026-06-09 17:04:18 ort/utils.py:69 [CLIENT] Observation Sent 4194304/4609013 bytes with state 2
DEBUG 2026-06-09 17:04:18 ort/utils.py:69 [CLIENT] Observation Sent 4609013/4609013 bytes with state 3
DEBUG 2026-06-09 17:04:18 ort/utils.py:71 [CLIENT] Observation Published 4.3954973220825195 MB
DEBUG 2026-06-09 17:04:18 t_client.py:209 Sent observation #766 | 
DEBUG 2026-06-09 17:04:18 t_client.py:434 QUEUE SIZE: 8 (Must go: False)
DEBUG 2026-06-09 17:04:18 t_client.py:477 Control loop (ms): 112.11
DEBUG 2026-06-09 17:04:18 follower.py:184 follower_right SOFollower read state: 1.6ms
DEBUG 2026-06-09 17:04:18 follower.py:191 follower_right SOFollower read wrist: 0.0ms
DEBUG 2026-06-09 17:04:18 follower.py:184 follower_left SOFollower read state: 1.6ms
DEBUG 2026-06-09 17:04:18 follower.py:191 follower_left SOFollower read wrist: 0.0ms
DEBUG 2026-06-09 17:04:18 t_client.py:198 Observation serialization time: 0.009110s
DEBUG 2026-06-09 17:04:18 ort/utils.py:54 [CLIENT] Observation Buffer size 4.3954973220825195 MB with
DEBUG 2026-06-09 17:04:18 ort/utils.py:69 [CLIENT] Observation Sent 2097152/4609013 bytes with state 1
DEBUG 2026-06-09 17:04:18 ort/utils.py:69 [CLIENT] Observation Sent 4194304/4609013 bytes with state 2
DEBUG 2026-06-09 17:04:18 ort/utils.py:69 [CLIENT] Observation Sent 4609013/4609013 bytes with state 3
DEBUG 2026-06-09 17:04:18 ort/utils.py:71 [CLIENT] Observation Published 4.3954973220825195 MB
DEBUG 2026-06-09 17:04:18 t_client.py:292 Received actions on device: cpu
DEBUG 2026-06-09 17:04:18 t_client.py:302 Actions kept on device: cpu
DEBUG 2026-06-09 17:04:18 t_client.py:209 Sent observation #767 | 
DEBUG 2026-06-09 17:04:18 t_client.py:434 QUEUE SIZE: 7 (Must go: False)
DEBUG 2026-06-09 17:04:18 t_client.py:477 Control loop (ms): 104.49
DEBUG 2026-06-09 17:04:18 t_client.py:477 Control loop (ms): 1.69
DEBUG 2026-06-09 17:04:18 t_client.py:477 Control loop (ms): 1.62
DEBUG 2026-06-09 17:04:18 t_client.py:477 Control loop (ms): 1.96
DEBUG 2026-06-09 17:04:18 t_client.py:292 Received actions on device: cpu
DEBUG 2026-06-09 17:04:18 t_client.py:302 Actions kept on device: cpu
DEBUG 2026-06-09 17:04:18 t_client.py:477 Control loop (ms): 1.63
DEBUG 2026-06-09 17:04:18 t_client.py:477 Control loop (ms): 1.88
DEBUG 2026-06-09 17:04:18 t_client.py:477 Control loop (ms): 2.05
DEBUG 2026-06-09 17:04:18 follower.py:184 follower_right SOFollower read state: 2.0ms
DEBUG 2026-06-09 17:04:18 follower.py:191 follower_right SOFollower read wrist: 0.0ms
DEBUG 2026-06-09 17:04:18 follower.py:184 follower_left SOFollower read state: 2.1ms
DEBUG 2026-06-09 17:04:18 follower.py:191 follower_left SOFollower read wrist: 0.0ms
DEBUG 2026-06-09 17:04:18 t_client.py:198 Observation serialization time: 0.009974s
DEBUG 2026-06-09 17:04:18 ort/utils.py:54 [CLIENT] Observation Buffer size 4.3954973220825195 MB with
DEBUG 2026-06-09 17:04:18 ort/utils.py:69 [CLIENT] Observation Sent 2097152/4609013 bytes with state 1
DEBUG 2026-06-09 17:04:19 ort/utils.py:69 [CLIENT] Observation Sent 4194304/4609013 bytes with state 2
DEBUG 2026-06-09 17:04:19 ort/utils.py:69 [CLIENT] Observation Sent 4609013/4609013 bytes with state 3
DEBUG 2026-06-09 17:04:19 ort/utils.py:71 [CLIENT] Observation Published 4.3954973220825195 MB
DEBUG 2026-06-09 17:04:19 t_client.py:209 Sent observation #774 | 
DEBUG 2026-06-09 17:04:19 t_client.py:434 QUEUE SIZE: 8 (Must go: False)
DEBUG 2026-06-09 17:04:19 t_client.py:477 Control loop (ms): 118.63
DEBUG 2026-06-09 17:04:19 follower.py:184 follower_right SOFollower read state: 1.8ms
DEBUG 2026-06-09 17:04:19 follower.py:191 follower_right SOFollower read wrist: 0.0ms
DEBUG 2026-06-09 17:04:19 follower.py:184 follower_left SOFollower read state: 1.6ms
DEBUG 2026-06-09 17:04:19 follower.py:191 follower_left SOFollower read wrist: 0.0ms
DEBUG 2026-06-09 17:04:19 t_client.py:198 Observation serialization time: 0.005347s
DEBUG 2026-06-09 17:04:19 ort/utils.py:54 [CLIENT] Observation Buffer size 4.3954973220825195 MB with
DEBUG 2026-06-09 17:04:19 ort/utils.py:69 [CLIENT] Observation Sent 2097152/4609013 bytes with state 1
DEBUG 2026-06-09 17:04:19 ort/utils.py:69 [CLIENT] Observation Sent 4194304/4609013 bytes with state 2
DEBUG 2026-06-09 17:04:19 ort/utils.py:69 [CLIENT] Observation Sent 4609013/4609013 bytes with state 3
DEBUG 2026-06-09 17:04:19 ort/utils.py:71 [CLIENT] Observation Published 4.3954973220825195 MB
DEBUG 2026-06-09 17:04:19 t_client.py:292 Received actions on device: cpu
DEBUG 2026-06-09 17:04:19 t_client.py:302 Actions kept on device: cpu
DEBUG 2026-06-09 17:04:19 t_client.py:209 Sent observation #775 | 
DEBUG 2026-06-09 17:04:19 t_client.py:434 QUEUE SIZE: 7 (Must go: False)
DEBUG 2026-06-09 17:04:19 t_client.py:477 Control loop (ms): 134.17
DEBUG 2026-06-09 17:04:19 t_client.py:477 Control loop (ms): 1.21
DEBUG 2026-06-09 17:04:19 t_client.py:477 Control loop (ms): 2.54
DEBUG 2026-06-09 17:04:19 t_client.py:477 Control loop (ms): 2.35
DEBUG 2026-06-09 17:04:19 t_client.py:477 Control loop (ms): 1.20
DEBUG 2026-06-09 17:04:19 t_client.py:292 Received actions on device: cpu
DEBUG 2026-06-09 17:04:19 t_client.py:302 Actions kept on device: cpu
DEBUG 2026-06-09 17:04:19 t_client.py:477 Control loop (ms): 2.04
DEBUG 2026-06-09 17:04:19 t_client.py:477 Control loop (ms): 1.72
DEBUG 2026-06-09 17:04:19 follower.py:184 follower_right SOFollower read state: 1.7ms
DEBUG 2026-06-09 17:04:19 follower.py:191 follower_right SOFollower read wrist: 0.0ms
DEBUG 2026-06-09 17:04:19 follower.py:184 follower_left SOFollower read state: 2.1ms
DEBUG 2026-06-09 17:04:19 follower.py:191 follower_left SOFollower read wrist: 0.0ms
DEBUG 2026-06-09 17:04:19 t_client.py:198 Observation serialization time: 0.006041s
DEBUG 2026-06-09 17:04:19 ort/utils.py:54 [CLIENT] Observation Buffer size 4.3954973220825195 MB with
DEBUG 2026-06-09 17:04:19 ort/utils.py:69 [CLIENT] Observation Sent 2097152/4609013 bytes with state 1
DEBUG 2026-06-09 17:04:19 ort/utils.py:69 [CLIENT] Observation Sent 4194304/4609013 bytes with state 2
DEBUG 2026-06-09 17:04:19 ort/utils.py:69 [CLIENT] Observation Sent 4609013/4609013 bytes with state 3
DEBUG 2026-06-09 17:04:19 ort/utils.py:71 [CLIENT] Observation Published 4.3954973220825195 MB
DEBUG 2026-06-09 17:04:19 t_client.py:209 Sent observation #782 | 
DEBUG 2026-06-09 17:04:19 t_client.py:434 QUEUE SIZE: 8 (Must go: False)
DEBUG 2026-06-09 17:04:19 t_client.py:477 Control loop (ms): 124.11
DEBUG 2026-06-09 17:04:19 follower.py:184 follower_right SOFollower read state: 2.2ms
DEBUG 2026-06-09 17:04:19 follower.py:191 follower_right SOFollower read wrist: 0.0ms
DEBUG 2026-06-09 17:04:19 follower.py:184 follower_left SOFollower read state: 2.1ms
DEBUG 2026-06-09 17:04:19 follower.py:191 follower_left SOFollower read wrist: 0.0ms
DEBUG 2026-06-09 17:04:19 t_client.py:198 Observation serialization time: 0.007604s
DEBUG 2026-06-09 17:04:19 ort/utils.py:54 [CLIENT] Observation Buffer size 4.3954973220825195 MB with
DEBUG 2026-06-09 17:04:19 ort/utils.py:69 [CLIENT] Observation Sent 2097152/4609013 bytes with state 1
DEBUG 2026-06-09 17:04:19 ort/utils.py:69 [CLIENT] Observation Sent 4194304/4609013 bytes with state 2
DEBUG 2026-06-09 17:04:19 ort/utils.py:69 [CLIENT] Observation Sent 4609013/4609013 bytes with state 3
DEBUG 2026-06-09 17:04:19 ort/utils.py:71 [CLIENT] Observation Published 4.3954973220825195 MB
DEBUG 2026-06-09 17:04:19 t_client.py:292 Received actions on device: cpu
DEBUG 2026-06-09 17:04:19 t_client.py:302 Actions kept on device: cpu
DEBUG 2026-06-09 17:04:19 t_client.py:209 Sent observation #783 | 
DEBUG 2026-06-09 17:04:19 t_client.py:434 QUEUE SIZE: 7 (Must go: False)
DEBUG 2026-06-09 17:04:19 t_client.py:477 Control loop (ms): 127.66
DEBUG 2026-06-09 17:04:19 t_client.py:477 Control loop (ms): 1.26
DEBUG 2026-06-09 17:04:19 t_client.py:477 Control loop (ms): 1.57
DEBUG 2026-06-09 17:04:19 t_client.py:477 Control loop (ms): 1.75
DEBUG 2026-06-09 17:04:19 t_client.py:477 Control loop (ms): 1.68
DEBUG 2026-06-09 17:04:19 t_client.py:477 Control loop (ms): 1.75
DEBUG 2026-06-09 17:04:19 follower.py:184 follower_right SOFollower read state: 2.0ms
DEBUG 2026-06-09 17:04:19 follower.py:191 follower_right SOFollower read wrist: 0.0ms
DEBUG 2026-06-09 17:04:19 follower.py:184 follower_left SOFollower read state: 2.2ms
DEBUG 2026-06-09 17:04:19 follower.py:191 follower_left SOFollower read wrist: 0.0ms
DEBUG 2026-06-09 17:04:19 t_client.py:198 Observation serialization time: 0.007666s
DEBUG 2026-06-09 17:04:19 ort/utils.py:54 [CLIENT] Observation Buffer size 4.3954973220825195 MB with
DEBUG 2026-06-09 17:04:19 t_client.py:292 Received actions on device: cpu
DEBUG 2026-06-09 17:04:19 t_client.py:302 Actions kept on device: cpu
DEBUG 2026-06-09 17:04:19 ort/utils.py:69 [CLIENT] Observation Sent 2097152/4609013 bytes with state 1
DEBUG 2026-06-09 17:04:19 ort/utils.py:69 [CLIENT] Observation Sent 4194304/4609013 bytes with state 2
DEBUG 2026-06-09 17:04:19 ort/utils.py:69 [CLIENT] Observation Sent 4609013/4609013 bytes with state 3
DEBUG 2026-06-09 17:04:19 ort/utils.py:71 [CLIENT] Observation Published 4.3954973220825195 MB
DEBUG 2026-06-09 17:04:19 t_client.py:209 Sent observation #789 | 
DEBUG 2026-06-09 17:04:19 t_client.py:434 QUEUE SIZE: 8 (Must go: False)
DEBUG 2026-06-09 17:04:19 t_client.py:477 Control loop (ms): 123.57
DEBUG 2026-06-09 17:04:19 follower.py:184 follower_right SOFollower read state: 2.0ms
DEBUG 2026-06-09 17:04:19 follower.py:191 follower_right SOFollower read wrist: 0.0ms
DEBUG 2026-06-09 17:04:19 follower.py:184 follower_left SOFollower read state: 1.8ms
DEBUG 2026-06-09 17:04:19 follower.py:191 follower_left SOFollower read wrist: 0.0ms
DEBUG 2026-06-09 17:04:19 t_client.py:198 Observation serialization time: 0.005826s
DEBUG 2026-06-09 17:04:19 ort/utils.py:54 [CLIENT] Observation Buffer size 4.3954973220825195 MB with
DEBUG 2026-06-09 17:04:19 ort/utils.py:69 [CLIENT] Observation Sent 2097152/4609013 bytes with state 1
DEBUG 2026-06-09 17:04:19 ort/utils.py:69 [CLIENT] Observation Sent 4194304/4609013 bytes with state 2
DEBUG 2026-06-09 17:04:20 ort/utils.py:69 [CLIENT] Observation Sent 4609013/4609013 bytes with state 3
DEBUG 2026-06-09 17:04:20 ort/utils.py:71 [CLIENT] Observation Published 4.3954973220825195 MB
DEBUG 2026-06-09 17:04:20 t_client.py:209 Sent observation #790 | 
DEBUG 2026-06-09 17:04:20 t_client.py:434 QUEUE SIZE: 8 (Must go: False)
DEBUG 2026-06-09 17:04:20 t_client.py:477 Control loop (ms): 129.19
DEBUG 2026-06-09 17:04:20 t_client.py:292 Received actions on device: cpu
DEBUG 2026-06-09 17:04:20 t_client.py:302 Actions kept on device: cpu
DEBUG 2026-06-09 17:04:20 follower.py:184 follower_right SOFollower read state: 1.9ms
DEBUG 2026-06-09 17:04:20 follower.py:191 follower_right SOFollower read wrist: 0.0ms
DEBUG 2026-06-09 17:04:20 follower.py:184 follower_left SOFollower read state: 1.8ms
DEBUG 2026-06-09 17:04:20 follower.py:191 follower_left SOFollower read wrist: 0.0ms
DEBUG 2026-06-09 17:04:20 t_client.py:198 Observation serialization time: 0.007727s
DEBUG 2026-06-09 17:04:20 ort/utils.py:54 [CLIENT] Observation Buffer size 4.3954973220825195 MB with
DEBUG 2026-06-09 17:04:20 ort/utils.py:69 [CLIENT] Observation Sent 2097152/4609013 bytes with state 1
DEBUG 2026-06-09 17:04:20 ort/utils.py:69 [CLIENT] Observation Sent 4194304/4609013 bytes with state 2
DEBUG 2026-06-09 17:04:20 ort/utils.py:69 [CLIENT] Observation Sent 4609013/4609013 bytes with state 3
DEBUG 2026-06-09 17:04:20 ort/utils.py:71 [CLIENT] Observation Published 4.3954973220825195 MB
DEBUG 2026-06-09 17:04:20 t_client.py:292 Received actions on device: cpu
DEBUG 2026-06-09 17:04:20 t_client.py:302 Actions kept on device: cpu
DEBUG 2026-06-09 17:04:20 t_client.py:209 Sent observation #791 | 
DEBUG 2026-06-09 17:04:20 t_client.py:434 QUEUE SIZE: 13 (Must go: False)
DEBUG 2026-06-09 17:04:20 t_client.py:477 Control loop (ms): 143.22
DEBUG 2026-06-09 17:04:20 t_client.py:477 Control loop (ms): 1.32
DEBUG 2026-06-09 17:04:20 t_client.py:477 Control loop (ms): 1.22
DEBUG 2026-06-09 17:04:20 t_client.py:477 Control loop (ms): 0.73
DEBUG 2026-06-09 17:04:20 t_client.py:292 Received actions on device: cpu
DEBUG 2026-06-09 17:04:20 t_client.py:302 Actions kept on device: cpu
DEBUG 2026-06-09 17:04:20 t_client.py:477 Control loop (ms): 1.33
DEBUG 2026-06-09 17:04:20 t_client.py:477 Control loop (ms): 2.11
DEBUG 2026-06-09 17:04:20 t_client.py:477 Control loop (ms): 1.52
DEBUG 2026-06-09 17:04:20 follower.py:184 follower_right SOFollower read state: 2.6ms
DEBUG 2026-06-09 17:04:20 follower.py:191 follower_right SOFollower read wrist: 0.0ms
DEBUG 2026-06-09 17:04:20 follower.py:184 follower_left SOFollower read state: 2.2ms
DEBUG 2026-06-09 17:04:20 follower.py:191 follower_left SOFollower read wrist: 0.0ms
DEBUG 2026-06-09 17:04:20 t_client.py:198 Observation serialization time: 0.007139s
DEBUG 2026-06-09 17:04:20 ort/utils.py:54 [CLIENT] Observation Buffer size 4.3954973220825195 MB with
DEBUG 2026-06-09 17:04:20 ort/utils.py:69 [CLIENT] Observation Sent 2097152/4609013 bytes with state 1
DEBUG 2026-06-09 17:04:20 ort/utils.py:69 [CLIENT] Observation Sent 4194304/4609013 bytes with state 2
DEBUG 2026-06-09 17:04:20 ort/utils.py:69 [CLIENT] Observation Sent 4609013/4609013 bytes with state 3
DEBUG 2026-06-09 17:04:20 ort/utils.py:71 [CLIENT] Observation Published 4.3954973220825195 MB
DEBUG 2026-06-09 17:04:20 t_client.py:209 Sent observation #798 | 
DEBUG 2026-06-09 17:04:20 t_client.py:434 QUEUE SIZE: 8 (Must go: False)
DEBUG 2026-06-09 17:04:20 t_client.py:477 Control loop (ms): 212.93
DEBUG 2026-06-09 17:04:20 follower.py:184 follower_right SOFollower read state: 2.5ms
DEBUG 2026-06-09 17:04:20 follower.py:191 follower_right SOFollower read wrist: 0.1ms
DEBUG 2026-06-09 17:04:20 follower.py:184 follower_left SOFollower read state: 2.7ms
DEBUG 2026-06-09 17:04:20 follower.py:191 follower_left SOFollower read wrist: 0.1ms
DEBUG 2026-06-09 17:04:20 t_client.py:198 Observation serialization time: 0.012932s
DEBUG 2026-06-09 17:04:20 ort/utils.py:54 [CLIENT] Observation Buffer size 4.3954973220825195 MB with
DEBUG 2026-06-09 17:04:20 ort/utils.py:69 [CLIENT] Observation Sent 2097152/4609013 bytes with state 1
DEBUG 2026-06-09 17:04:20 ort/utils.py:69 [CLIENT] Observation Sent 4194304/4609013 bytes with state 2
DEBUG 2026-06-09 17:04:20 ort/utils.py:69 [CLIENT] Observation Sent 4609013/4609013 bytes with state 3
DEBUG 2026-06-09 17:04:20 ort/utils.py:71 [CLIENT] Observation Published 4.3954973220825195 MB
DEBUG 2026-06-09 17:04:20 t_client.py:292 Received actions on device: cpu
DEBUG 2026-06-09 17:04:20 t_client.py:302 Actions kept on device: cpu
DEBUG 2026-06-09 17:04:20 t_client.py:209 Sent observation #799 | 
DEBUG 2026-06-09 17:04:20 t_client.py:434 QUEUE SIZE: 7 (Must go: False)
DEBUG 2026-06-09 17:04:20 t_client.py:477 Control loop (ms): 177.04
DEBUG 2026-06-09 17:04:20 t_client.py:477 Control loop (ms): 1.54
DEBUG 2026-06-09 17:04:20 t_client.py:477 Control loop (ms): 1.46
DEBUG 2026-06-09 17:04:20 t_client.py:477 Control loop (ms): 1.69
DEBUG 2026-06-09 17:04:20 t_client.py:292 Received actions on device: cpu
DEBUG 2026-06-09 17:04:20 t_client.py:302 Actions kept on device: cpu
DEBUG 2026-06-09 17:04:20 t_client.py:477 Control loop (ms): 1.33
DEBUG 2026-06-09 17:04:20 t_client.py:477 Control loop (ms): 1.31
DEBUG 2026-06-09 17:04:20 t_client.py:477 Control loop (ms): 1.81
DEBUG 2026-06-09 17:04:21 follower.py:184 follower_right SOFollower read state: 2.1ms
DEBUG 2026-06-09 17:04:21 follower.py:191 follower_right SOFollower read wrist: 0.1ms
DEBUG 2026-06-09 17:04:21 follower.py:184 follower_left SOFollower read state: 2.0ms
DEBUG 2026-06-09 17:04:21 follower.py:191 follower_left SOFollower read wrist: 0.0ms
DEBUG 2026-06-09 17:04:21 t_client.py:198 Observation serialization time: 0.012294s
DEBUG 2026-06-09 17:04:21 ort/utils.py:54 [CLIENT] Observation Buffer size 4.3954973220825195 MB with
DEBUG 2026-06-09 17:04:21 ort/utils.py:69 [CLIENT] Observation Sent 2097152/4609013 bytes with state 1
DEBUG 2026-06-09 17:04:21 ort/utils.py:69 [CLIENT] Observation Sent 4194304/4609013 bytes with state 2
DEBUG 2026-06-09 17:04:21 ort/utils.py:69 [CLIENT] Observation Sent 4609013/4609013 bytes with state 3
DEBUG 2026-06-09 17:04:21 ort/utils.py:71 [CLIENT] Observation Published 4.3954973220825195 MB
DEBUG 2026-06-09 17:04:21 t_client.py:209 Sent observation #806 | 
DEBUG 2026-06-09 17:04:21 t_client.py:434 QUEUE SIZE: 8 (Must go: False)
DEBUG 2026-06-09 17:04:21 t_client.py:477 Control loop (ms): 138.38
DEBUG 2026-06-09 17:04:21 follower.py:184 follower_right SOFollower read state: 1.8ms
DEBUG 2026-06-09 17:04:21 follower.py:191 follower_right SOFollower read wrist: 0.0ms
DEBUG 2026-06-09 17:04:21 follower.py:184 follower_left SOFollower read state: 1.6ms
DEBUG 2026-06-09 17:04:21 follower.py:191 follower_left SOFollower read wrist: 0.0ms
DEBUG 2026-06-09 17:04:21 t_client.py:198 Observation serialization time: 0.006529s
DEBUG 2026-06-09 17:04:21 ort/utils.py:54 [CLIENT] Observation Buffer size 4.3954973220825195 MB with
DEBUG 2026-06-09 17:04:21 ort/utils.py:69 [CLIENT] Observation Sent 2097152/4609013 bytes with state 1
DEBUG 2026-06-09 17:04:21 ort/utils.py:69 [CLIENT] Observation Sent 4194304/4609013 bytes with state 2
DEBUG 2026-06-09 17:04:21 ort/utils.py:69 [CLIENT] Observation Sent 4609013/4609013 bytes with state 3
DEBUG 2026-06-09 17:04:21 ort/utils.py:71 [CLIENT] Observation Published 4.3954973220825195 MB
DEBUG 2026-06-09 17:04:21 t_client.py:292 Received actions on device: cpu
DEBUG 2026-06-09 17:04:21 t_client.py:302 Actions kept on device: cpu
DEBUG 2026-06-09 17:04:21 t_client.py:209 Sent observation #807 | 
DEBUG 2026-06-09 17:04:21 t_client.py:434 QUEUE SIZE: 7 (Must go: False)
DEBUG 2026-06-09 17:04:21 t_client.py:477 Control loop (ms): 138.55
DEBUG 2026-06-09 17:04:21 t_client.py:477 Control loop (ms): 1.72
DEBUG 2026-06-09 17:04:21 t_client.py:477 Control loop (ms): 1.47
DEBUG 2026-06-09 17:04:21 t_client.py:477 Control loop (ms): 1.24
DEBUG 2026-06-09 17:04:21 t_client.py:292 Received actions on device: cpu
DEBUG 2026-06-09 17:04:21 t_client.py:302 Actions kept on device: cpu
DEBUG 2026-06-09 17:04:21 t_client.py:477 Control loop (ms): 1.37
DEBUG 2026-06-09 17:04:21 t_client.py:477 Control loop (ms): 1.61
DEBUG 2026-06-09 17:04:21 t_client.py:477 Control loop (ms): 1.39
DEBUG 2026-06-09 17:04:21 follower.py:184 follower_right SOFollower read state: 2.0ms
DEBUG 2026-06-09 17:04:21 follower.py:191 follower_right SOFollower read wrist: 0.0ms
DEBUG 2026-06-09 17:04:21 follower.py:184 follower_left SOFollower read state: 2.3ms
DEBUG 2026-06-09 17:04:21 follower.py:191 follower_left SOFollower read wrist: 0.0ms
DEBUG 2026-06-09 17:04:21 t_client.py:198 Observation serialization time: 0.010206s
DEBUG 2026-06-09 17:04:21 ort/utils.py:54 [CLIENT] Observation Buffer size 4.3954973220825195 MB with
DEBUG 2026-06-09 17:04:21 ort/utils.py:69 [CLIENT] Observation Sent 2097152/4609013 bytes with state 1
DEBUG 2026-06-09 17:04:21 ort/utils.py:69 [CLIENT] Observation Sent 4194304/4609013 bytes with state 2
DEBUG 2026-06-09 17:04:21 ort/utils.py:69 [CLIENT] Observation Sent 4609013/4609013 bytes with state 3
DEBUG 2026-06-09 17:04:21 ort/utils.py:71 [CLIENT] Observation Published 4.3954973220825195 MB
DEBUG 2026-06-09 17:04:21 t_client.py:209 Sent observation #814 | 
DEBUG 2026-06-09 17:04:21 t_client.py:434 QUEUE SIZE: 8 (Must go: False)
DEBUG 2026-06-09 17:04:21 t_client.py:477 Control loop (ms): 179.27
DEBUG 2026-06-09 17:04:21 follower.py:184 follower_right SOFollower read state: 1.9ms
DEBUG 2026-06-09 17:04:21 follower.py:191 follower_right SOFollower read wrist: 0.0ms
DEBUG 2026-06-09 17:04:21 follower.py:184 follower_left SOFollower read state: 2.1ms
DEBUG 2026-06-09 17:04:21 follower.py:191 follower_left SOFollower read wrist: 0.0ms
DEBUG 2026-06-09 17:04:21 t_client.py:198 Observation serialization time: 0.008823s
DEBUG 2026-06-09 17:04:21 ort/utils.py:54 [CLIENT] Observation Buffer size 4.3954973220825195 MB with
DEBUG 2026-06-09 17:04:21 ort/utils.py:69 [CLIENT] Observation Sent 2097152/4609013 bytes with state 1
DEBUG 2026-06-09 17:04:21 ort/utils.py:69 [CLIENT] Observation Sent 4194304/4609013 bytes with state 2
DEBUG 2026-06-09 17:04:21 ort/utils.py:69 [CLIENT] Observation Sent 4609013/4609013 bytes with state 3
DEBUG 2026-06-09 17:04:21 ort/utils.py:71 [CLIENT] Observation Published 4.3954973220825195 MB
DEBUG 2026-06-09 17:04:21 t_client.py:292 Received actions on device: cpu
DEBUG 2026-06-09 17:04:21 t_client.py:302 Actions kept on device: cpu
DEBUG 2026-06-09 17:04:21 t_client.py:209 Sent observation #815 | 
DEBUG 2026-06-09 17:04:21 t_client.py:434 QUEUE SIZE: 7 (Must go: False)
DEBUG 2026-06-09 17:04:21 t_client.py:477 Control loop (ms): 154.77
DEBUG 2026-06-09 17:04:21 t_client.py:477 Control loop (ms): 1.32
DEBUG 2026-06-09 17:04:21 t_client.py:477 Control loop (ms): 2.07
DEBUG 2026-06-09 17:04:21 t_client.py:477 Control loop (ms): 1.88
DEBUG 2026-06-09 17:04:21 t_client.py:292 Received actions on device: cpu
DEBUG 2026-06-09 17:04:21 t_client.py:302 Actions kept on device: cpu
DEBUG 2026-06-09 17:04:21 t_client.py:477 Control loop (ms): 1.48
DEBUG 2026-06-09 17:04:21 t_client.py:477 Control loop (ms): 2.12
DEBUG 2026-06-09 17:04:21 t_client.py:477 Control loop (ms): 1.75
DEBUG 2026-06-09 17:04:22 follower.py:184 follower_right SOFollower read state: 1.9ms
DEBUG 2026-06-09 17:04:22 follower.py:191 follower_right SOFollower read wrist: 0.0ms
DEBUG 2026-06-09 17:04:22 follower.py:184 follower_left SOFollower read state: 1.8ms
DEBUG 2026-06-09 17:04:22 follower.py:191 follower_left SOFollower read wrist: 0.0ms
DEBUG 2026-06-09 17:04:22 t_client.py:198 Observation serialization time: 0.011442s
DEBUG 2026-06-09 17:04:22 ort/utils.py:54 [CLIENT] Observation Buffer size 4.3954973220825195 MB with
DEBUG 2026-06-09 17:04:22 ort/utils.py:69 [CLIENT] Observation Sent 2097152/4609013 bytes with state 1
DEBUG 2026-06-09 17:04:22 ort/utils.py:69 [CLIENT] Observation Sent 4194304/4609013 bytes with state 2
DEBUG 2026-06-09 17:04:22 ort/utils.py:69 [CLIENT] Observation Sent 4609013/4609013 bytes with state 3
DEBUG 2026-06-09 17:04:22 ort/utils.py:71 [CLIENT] Observation Published 4.3954973220825195 MB
DEBUG 2026-06-09 17:04:22 t_client.py:209 Sent observation #822 | 
DEBUG 2026-06-09 17:04:22 t_client.py:434 QUEUE SIZE: 8 (Must go: False)
DEBUG 2026-06-09 17:04:22 t_client.py:477 Control loop (ms): 181.89
DEBUG 2026-06-09 17:04:22 follower.py:184 follower_right SOFollower read state: 2.3ms
DEBUG 2026-06-09 17:04:22 follower.py:191 follower_right SOFollower read wrist: 0.0ms
DEBUG 2026-06-09 17:04:22 follower.py:184 follower_left SOFollower read state: 1.9ms
DEBUG 2026-06-09 17:04:22 follower.py:191 follower_left SOFollower read wrist: 0.0ms
DEBUG 2026-06-09 17:04:22 t_client.py:198 Observation serialization time: 0.008754s
DEBUG 2026-06-09 17:04:22 ort/utils.py:54 [CLIENT] Observation Buffer size 4.3954973220825195 MB with
DEBUG 2026-06-09 17:04:22 ort/utils.py:69 [CLIENT] Observation Sent 2097152/4609013 bytes with state 1
DEBUG 2026-06-09 17:04:22 ort/utils.py:69 [CLIENT] Observation Sent 4194304/4609013 bytes with state 2
DEBUG 2026-06-09 17:04:22 ort/utils.py:69 [CLIENT] Observation Sent 4609013/4609013 bytes with state 3
DEBUG 2026-06-09 17:04:22 ort/utils.py:71 [CLIENT] Observation Published 4.3954973220825195 MB
DEBUG 2026-06-09 17:04:22 t_client.py:292 Received actions on device: cpu
DEBUG 2026-06-09 17:04:22 t_client.py:302 Actions kept on device: cpu
DEBUG 2026-06-09 17:04:22 t_client.py:209 Sent observation #823 | 
DEBUG 2026-06-09 17:04:22 t_client.py:434 QUEUE SIZE: 7 (Must go: False)
DEBUG 2026-06-09 17:04:22 t_client.py:477 Control loop (ms): 155.93
DEBUG 2026-06-09 17:04:22 t_client.py:477 Control loop (ms): 1.50
DEBUG 2026-06-09 17:04:22 t_client.py:477 Control loop (ms): 1.76
DEBUG 2026-06-09 17:04:22 t_client.py:477 Control loop (ms): 2.32
DEBUG 2026-06-09 17:04:22 t_client.py:292 Received actions on device: cpu
DEBUG 2026-06-09 17:04:22 t_client.py:302 Actions kept on device: cpu
DEBUG 2026-06-09 17:04:22 t_client.py:477 Control loop (ms): 2.13
DEBUG 2026-06-09 17:04:22 t_client.py:477 Control loop (ms): 2.42
DEBUG 2026-06-09 17:04:22 t_client.py:477 Control loop (ms): 2.08
DEBUG 2026-06-09 17:04:22 follower.py:184 follower_right SOFollower read state: 2.0ms
DEBUG 2026-06-09 17:04:22 follower.py:191 follower_right SOFollower read wrist: 0.0ms
DEBUG 2026-06-09 17:04:22 follower.py:184 follower_left SOFollower read state: 1.9ms
DEBUG 2026-06-09 17:04:22 follower.py:191 follower_left SOFollower read wrist: 0.0ms
DEBUG 2026-06-09 17:04:22 t_client.py:198 Observation serialization time: 0.009894s
DEBUG 2026-06-09 17:04:22 ort/utils.py:54 [CLIENT] Observation Buffer size 4.3954973220825195 MB with
DEBUG 2026-06-09 17:04:22 ort/utils.py:69 [CLIENT] Observation Sent 2097152/4609013 bytes with state 1
DEBUG 2026-06-09 17:04:22 ort/utils.py:69 [CLIENT] Observation Sent 4194304/4609013 bytes with state 2
DEBUG 2026-06-09 17:04:22 ort/utils.py:69 [CLIENT] Observation Sent 4609013/4609013 bytes with state 3
DEBUG 2026-06-09 17:04:22 ort/utils.py:71 [CLIENT] Observation Published 4.3954973220825195 MB
DEBUG 2026-06-09 17:04:22 t_client.py:209 Sent observation #830 | 
DEBUG 2026-06-09 17:04:22 t_client.py:434 QUEUE SIZE: 8 (Must go: False)
DEBUG 2026-06-09 17:04:22 t_client.py:477 Control loop (ms): 123.30
DEBUG 2026-06-09 17:04:22 follower.py:184 follower_right SOFollower read state: 1.4ms
DEBUG 2026-06-09 17:04:22 follower.py:191 follower_right SOFollower read wrist: 0.0ms
DEBUG 2026-06-09 17:04:22 follower.py:184 follower_left SOFollower read state: 1.9ms
DEBUG 2026-06-09 17:04:22 follower.py:191 follower_left SOFollower read wrist: 0.0ms
DEBUG 2026-06-09 17:04:22 t_client.py:198 Observation serialization time: 0.013038s
DEBUG 2026-06-09 17:04:22 ort/utils.py:54 [CLIENT] Observation Buffer size 4.3954973220825195 MB with
DEBUG 2026-06-09 17:04:22 ort/utils.py:69 [CLIENT] Observation Sent 2097152/4609013 bytes with state 1
DEBUG 2026-06-09 17:04:22 ort/utils.py:69 [CLIENT] Observation Sent 4194304/4609013 bytes with state 2
DEBUG 2026-06-09 17:04:22 ort/utils.py:69 [CLIENT] Observation Sent 4609013/4609013 bytes with state 3
DEBUG 2026-06-09 17:04:22 ort/utils.py:71 [CLIENT] Observation Published 4.3954973220825195 MB
DEBUG 2026-06-09 17:04:22 t_client.py:292 Received actions on device: cpu
DEBUG 2026-06-09 17:04:22 t_client.py:302 Actions kept on device: cpu
DEBUG 2026-06-09 17:04:22 t_client.py:209 Sent observation #831 | 
DEBUG 2026-06-09 17:04:22 t_client.py:434 QUEUE SIZE: 7 (Must go: False)
DEBUG 2026-06-09 17:04:22 t_client.py:477 Control loop (ms): 143.69
DEBUG 2026-06-09 17:04:22 t_client.py:477 Control loop (ms): 1.46
DEBUG 2026-06-09 17:04:22 t_client.py:477 Control loop (ms): 2.04
DEBUG 2026-06-09 17:04:22 t_client.py:477 Control loop (ms): 2.10
DEBUG 2026-06-09 17:04:22 t_client.py:292 Received actions on device: cpu
DEBUG 2026-06-09 17:04:22 t_client.py:302 Actions kept on device: cpu
DEBUG 2026-06-09 17:04:22 t_client.py:477 Control loop (ms): 1.62
DEBUG 2026-06-09 17:04:22 t_client.py:477 Control loop (ms): 2.22
DEBUG 2026-06-09 17:04:22 t_client.py:477 Control loop (ms): 1.69
DEBUG 2026-06-09 17:04:23 follower.py:184 follower_right SOFollower read state: 2.0ms
DEBUG 2026-06-09 17:04:23 follower.py:191 follower_right SOFollower read wrist: 0.0ms
DEBUG 2026-06-09 17:04:23 follower.py:184 follower_left SOFollower read state: 1.9ms
DEBUG 2026-06-09 17:04:23 follower.py:191 follower_left SOFollower read wrist: 0.0ms
DEBUG 2026-06-09 17:04:23 t_client.py:198 Observation serialization time: 0.004446s
DEBUG 2026-06-09 17:04:23 ort/utils.py:54 [CLIENT] Observation Buffer size 4.3954973220825195 MB with
DEBUG 2026-06-09 17:04:23 ort/utils.py:69 [CLIENT] Observation Sent 2097152/4609013 bytes with state 1
DEBUG 2026-06-09 17:04:23 ort/utils.py:69 [CLIENT] Observation Sent 4194304/4609013 bytes with state 2
DEBUG 2026-06-09 17:04:23 ort/utils.py:69 [CLIENT] Observation Sent 4609013/4609013 bytes with state 3
DEBUG 2026-06-09 17:04:23 ort/utils.py:71 [CLIENT] Observation Published 4.3954973220825195 MB
DEBUG 2026-06-09 17:04:23 t_client.py:209 Sent observation #838 | 
DEBUG 2026-06-09 17:04:23 t_client.py:434 QUEUE SIZE: 8 (Must go: False)
DEBUG 2026-06-09 17:04:23 t_client.py:477 Control loop (ms): 103.88
DEBUG 2026-06-09 17:04:23 follower.py:184 follower_right SOFollower read state: 1.7ms
DEBUG 2026-06-09 17:04:23 follower.py:191 follower_right SOFollower read wrist: 0.0ms
DEBUG 2026-06-09 17:04:23 follower.py:184 follower_left SOFollower read state: 1.7ms
DEBUG 2026-06-09 17:04:23 follower.py:191 follower_left SOFollower read wrist: 0.0ms
DEBUG 2026-06-09 17:04:23 t_client.py:198 Observation serialization time: 0.010717s
DEBUG 2026-06-09 17:04:23 ort/utils.py:54 [CLIENT] Observation Buffer size 4.3954973220825195 MB with
DEBUG 2026-06-09 17:04:23 ort/utils.py:69 [CLIENT] Observation Sent 2097152/4609013 bytes with state 1
DEBUG 2026-06-09 17:04:23 ort/utils.py:69 [CLIENT] Observation Sent 4194304/4609013 bytes with state 2
DEBUG 2026-06-09 17:04:23 ort/utils.py:69 [CLIENT] Observation Sent 4609013/4609013 bytes with state 3
DEBUG 2026-06-09 17:04:23 ort/utils.py:71 [CLIENT] Observation Published 4.3954973220825195 MB
DEBUG 2026-06-09 17:04:23 t_client.py:292 Received actions on device: cpu
DEBUG 2026-06-09 17:04:23 t_client.py:302 Actions kept on device: cpu
DEBUG 2026-06-09 17:04:23 t_client.py:209 Sent observation #839 | 
DEBUG 2026-06-09 17:04:23 t_client.py:434 QUEUE SIZE: 7 (Must go: False)
DEBUG 2026-06-09 17:04:23 t_client.py:477 Control loop (ms): 122.09
DEBUG 2026-06-09 17:04:23 t_client.py:477 Control loop (ms): 0.41
DEBUG 2026-06-09 17:04:23 t_client.py:477 Control loop (ms): 1.06
DEBUG 2026-06-09 17:04:23 t_client.py:477 Control loop (ms): 1.28
DEBUG 2026-06-09 17:04:23 t_client.py:477 Control loop (ms): 1.39
DEBUG 2026-06-09 17:04:23 t_client.py:292 Received actions on device: cpu
DEBUG 2026-06-09 17:04:23 t_client.py:302 Actions kept on device: cpu
DEBUG 2026-06-09 17:04:23 t_client.py:477 Control loop (ms): 1.45
DEBUG 2026-06-09 17:04:23 t_client.py:477 Control loop (ms): 1.19
DEBUG 2026-06-09 17:04:23 follower.py:184 follower_right SOFollower read state: 1.9ms
DEBUG 2026-06-09 17:04:23 follower.py:191 follower_right SOFollower read wrist: 0.0ms
DEBUG 2026-06-09 17:04:23 follower.py:184 follower_left SOFollower read state: 1.8ms
DEBUG 2026-06-09 17:04:23 follower.py:191 follower_left SOFollower read wrist: 0.0ms
DEBUG 2026-06-09 17:04:23 t_client.py:198 Observation serialization time: 0.009983s
DEBUG 2026-06-09 17:04:23 ort/utils.py:54 [CLIENT] Observation Buffer size 4.3954973220825195 MB with
DEBUG 2026-06-09 17:04:23 ort/utils.py:69 [CLIENT] Observation Sent 2097152/4609013 bytes with state 1
DEBUG 2026-06-09 17:04:23 ort/utils.py:69 [CLIENT] Observation Sent 4194304/4609013 bytes with state 2
DEBUG 2026-06-09 17:04:23 ort/utils.py:69 [CLIENT] Observation Sent 4609013/4609013 bytes with state 3
DEBUG 2026-06-09 17:04:23 ort/utils.py:71 [CLIENT] Observation Published 4.3954973220825195 MB
DEBUG 2026-06-09 17:04:23 t_client.py:209 Sent observation #846 | 
DEBUG 2026-06-09 17:04:23 t_client.py:434 QUEUE SIZE: 8 (Must go: False)
DEBUG 2026-06-09 17:04:23 t_client.py:477 Control loop (ms): 103.29
DEBUG 2026-06-09 17:04:23 follower.py:184 follower_right SOFollower read state: 1.4ms
DEBUG 2026-06-09 17:04:23 follower.py:191 follower_right SOFollower read wrist: 0.0ms
DEBUG 2026-06-09 17:04:23 follower.py:184 follower_left SOFollower read state: 1.5ms
DEBUG 2026-06-09 17:04:23 follower.py:191 follower_left SOFollower read wrist: 0.0ms
DEBUG 2026-06-09 17:04:23 t_client.py:198 Observation serialization time: 0.006246s
DEBUG 2026-06-09 17:04:23 ort/utils.py:54 [CLIENT] Observation Buffer size 4.3954973220825195 MB with
DEBUG 2026-06-09 17:04:23 ort/utils.py:69 [CLIENT] Observation Sent 2097152/4609013 bytes with state 1
DEBUG 2026-06-09 17:04:23 ort/utils.py:69 [CLIENT] Observation Sent 4194304/4609013 bytes with state 2
DEBUG 2026-06-09 17:04:23 ort/utils.py:69 [CLIENT] Observation Sent 4609013/4609013 bytes with state 3
DEBUG 2026-06-09 17:04:23 ort/utils.py:71 [CLIENT] Observation Published 4.3954973220825195 MB
DEBUG 2026-06-09 17:04:23 t_client.py:292 Received actions on device: cpu
DEBUG 2026-06-09 17:04:23 t_client.py:302 Actions kept on device: cpu
DEBUG 2026-06-09 17:04:23 t_client.py:209 Sent observation #847 | 
DEBUG 2026-06-09 17:04:23 t_client.py:434 QUEUE SIZE: 7 (Must go: False)
DEBUG 2026-06-09 17:04:23 t_client.py:477 Control loop (ms): 134.25
DEBUG 2026-06-09 17:04:23 t_client.py:477 Control loop (ms): 0.39
DEBUG 2026-06-09 17:04:23 t_client.py:477 Control loop (ms): 1.59
DEBUG 2026-06-09 17:04:23 t_client.py:477 Control loop (ms): 2.36
DEBUG 2026-06-09 17:04:23 t_client.py:292 Received actions on device: cpu
DEBUG 2026-06-09 17:04:23 t_client.py:302 Actions kept on device: cpu
DEBUG 2026-06-09 17:04:23 t_client.py:477 Control loop (ms): 4.13
DEBUG 2026-06-09 17:04:23 t_client.py:477 Control loop (ms): 3.23
DEBUG 2026-06-09 17:04:23 t_client.py:477 Control loop (ms): 2.53
DEBUG 2026-06-09 17:04:23 t_client.py:477 Control loop (ms): 2.81
DEBUG 2026-06-09 17:04:23 follower.py:184 follower_right SOFollower read state: 3.4ms
DEBUG 2026-06-09 17:04:23 follower.py:191 follower_right SOFollower read wrist: 0.1ms
DEBUG 2026-06-09 17:04:23 follower.py:184 follower_left SOFollower read state: 2.2ms
DEBUG 2026-06-09 17:04:23 follower.py:191 follower_left SOFollower read wrist: 0.0ms
DEBUG 2026-06-09 17:04:23 t_client.py:198 Observation serialization time: 0.013574s
DEBUG 2026-06-09 17:04:23 ort/utils.py:54 [CLIENT] Observation Buffer size 4.3954973220825195 MB with
DEBUG 2026-06-09 17:04:23 ort/utils.py:69 [CLIENT] Observation Sent 2097152/4609013 bytes with state 1
DEBUG 2026-06-09 17:04:24 ort/utils.py:69 [CLIENT] Observation Sent 4194304/4609013 bytes with state 2
DEBUG 2026-06-09 17:04:24 ort/utils.py:69 [CLIENT] Observation Sent 4609013/4609013 bytes with state 3
DEBUG 2026-06-09 17:04:24 ort/utils.py:71 [CLIENT] Observation Published 4.3954973220825195 MB
DEBUG 2026-06-09 17:04:24 t_client.py:209 Sent observation #854 | 
DEBUG 2026-06-09 17:04:24 t_client.py:434 QUEUE SIZE: 8 (Must go: False)
DEBUG 2026-06-09 17:04:24 t_client.py:477 Control loop (ms): 117.87
DEBUG 2026-06-09 17:04:24 follower.py:184 follower_right SOFollower read state: 1.9ms
DEBUG 2026-06-09 17:04:24 follower.py:191 follower_right SOFollower read wrist: 0.0ms
DEBUG 2026-06-09 17:04:24 follower.py:184 follower_left SOFollower read state: 1.8ms
DEBUG 2026-06-09 17:04:24 follower.py:191 follower_left SOFollower read wrist: 0.0ms
DEBUG 2026-06-09 17:04:24 t_client.py:198 Observation serialization time: 0.006880s
DEBUG 2026-06-09 17:04:24 ort/utils.py:54 [CLIENT] Observation Buffer size 4.3954973220825195 MB with
DEBUG 2026-06-09 17:04:24 ort/utils.py:69 [CLIENT] Observation Sent 2097152/4609013 bytes with state 1
DEBUG 2026-06-09 17:04:24 ort/utils.py:69 [CLIENT] Observation Sent 4194304/4609013 bytes with state 2
DEBUG 2026-06-09 17:04:24 ort/utils.py:69 [CLIENT] Observation Sent 4609013/4609013 bytes with state 3
DEBUG 2026-06-09 17:04:24 ort/utils.py:71 [CLIENT] Observation Published 4.3954973220825195 MB
DEBUG 2026-06-09 17:04:24 t_client.py:209 Sent observation #855 | 
DEBUG 2026-06-09 17:04:24 t_client.py:434 QUEUE SIZE: 7 (Must go: False)
DEBUG 2026-06-09 17:04:24 t_client.py:477 Control loop (ms): 99.27
DEBUG 2026-06-09 17:04:24 t_client.py:292 Received actions on device: cpu
DEBUG 2026-06-09 17:04:24 t_client.py:302 Actions kept on device: cpu
DEBUG 2026-06-09 17:04:24 follower.py:184 follower_right SOFollower read state: 1.8ms
DEBUG 2026-06-09 17:04:24 follower.py:191 follower_right SOFollower read wrist: 0.0ms
DEBUG 2026-06-09 17:04:24 follower.py:184 follower_left SOFollower read state: 1.6ms
DEBUG 2026-06-09 17:04:24 follower.py:191 follower_left SOFollower read wrist: 0.0ms
DEBUG 2026-06-09 17:04:24 t_client.py:198 Observation serialization time: 0.005856s
DEBUG 2026-06-09 17:04:24 ort/utils.py:54 [CLIENT] Observation Buffer size 4.3954973220825195 MB with
DEBUG 2026-06-09 17:04:24 ort/utils.py:69 [CLIENT] Observation Sent 2097152/4609013 bytes with state 1
DEBUG 2026-06-09 17:04:24 ort/utils.py:69 [CLIENT] Observation Sent 4194304/4609013 bytes with state 2
DEBUG 2026-06-09 17:04:24 ort/utils.py:69 [CLIENT] Observation Sent 4609013/4609013 bytes with state 3
DEBUG 2026-06-09 17:04:24 ort/utils.py:71 [CLIENT] Observation Published 4.3954973220825195 MB
DEBUG 2026-06-09 17:04:24 t_client.py:209 Sent observation #856 | 
DEBUG 2026-06-09 17:04:24 t_client.py:434 QUEUE SIZE: 13 (Must go: False)
DEBUG 2026-06-09 17:04:24 t_client.py:477 Control loop (ms): 121.36
DEBUG 2026-06-09 17:04:24 t_client.py:292 Received actions on device: cpu
DEBUG 2026-06-09 17:04:24 t_client.py:302 Actions kept on device: cpu
DEBUG 2026-06-09 17:04:24 t_client.py:477 Control loop (ms): 2.55
DEBUG 2026-06-09 17:04:24 t_client.py:477 Control loop (ms): 2.71
DEBUG 2026-06-09 17:04:24 t_client.py:477 Control loop (ms): 2.78
DEBUG 2026-06-09 17:04:24 t_client.py:292 Received actions on device: cpu
DEBUG 2026-06-09 17:04:24 t_client.py:477 Control loop (ms): 4.75
DEBUG 2026-06-09 17:04:24 t_client.py:302 Actions kept on device: cpu
DEBUG 2026-06-09 17:04:24 t_client.py:477 Control loop (ms): 2.60
DEBUG 2026-06-09 17:04:24 t_client.py:477 Control loop (ms): 2.47
DEBUG 2026-06-09 17:04:24 t_client.py:477 Control loop (ms): 2.15
DEBUG 2026-06-09 17:04:24 follower.py:184 follower_right SOFollower read state: 2.2ms
DEBUG 2026-06-09 17:04:24 follower.py:191 follower_right SOFollower read wrist: 0.0ms
DEBUG 2026-06-09 17:04:24 follower.py:184 follower_left SOFollower read state: 1.9ms
DEBUG 2026-06-09 17:04:24 follower.py:191 follower_left SOFollower read wrist: 0.0ms
DEBUG 2026-06-09 17:04:24 t_client.py:198 Observation serialization time: 0.010989s
DEBUG 2026-06-09 17:04:24 ort/utils.py:54 [CLIENT] Observation Buffer size 4.3954973220825195 MB with
DEBUG 2026-06-09 17:04:24 ort/utils.py:69 [CLIENT] Observation Sent 2097152/4609013 bytes with state 1
DEBUG 2026-06-09 17:04:24 ort/utils.py:69 [CLIENT] Observation Sent 4194304/4609013 bytes with state 2
DEBUG 2026-06-09 17:04:24 ort/utils.py:69 [CLIENT] Observation Sent 4609013/4609013 bytes with state 3
DEBUG 2026-06-09 17:04:24 ort/utils.py:71 [CLIENT] Observation Published 4.3954973220825195 MB
DEBUG 2026-06-09 17:04:24 t_client.py:209 Sent observation #863 | 
DEBUG 2026-06-09 17:04:24 t_client.py:434 QUEUE SIZE: 8 (Must go: False)
DEBUG 2026-06-09 17:04:24 t_client.py:477 Control loop (ms): 120.23
DEBUG 2026-06-09 17:04:24 follower.py:184 follower_right SOFollower read state: 1.7ms
DEBUG 2026-06-09 17:04:24 follower.py:191 follower_right SOFollower read wrist: 0.0ms
DEBUG 2026-06-09 17:04:24 follower.py:184 follower_left SOFollower read state: 1.5ms
DEBUG 2026-06-09 17:04:24 follower.py:191 follower_left SOFollower read wrist: 0.0ms
DEBUG 2026-06-09 17:04:24 t_client.py:198 Observation serialization time: 0.005210s
DEBUG 2026-06-09 17:04:24 ort/utils.py:54 [CLIENT] Observation Buffer size 4.3954973220825195 MB with
DEBUG 2026-06-09 17:04:24 ort/utils.py:69 [CLIENT] Observation Sent 2097152/4609013 bytes with state 1
DEBUG 2026-06-09 17:04:24 ort/utils.py:69 [CLIENT] Observation Sent 4194304/4609013 bytes with state 2
DEBUG 2026-06-09 17:04:24 ort/utils.py:69 [CLIENT] Observation Sent 4609013/4609013 bytes with state 3
DEBUG 2026-06-09 17:04:24 ort/utils.py:71 [CLIENT] Observation Published 4.3954973220825195 MB
DEBUG 2026-06-09 17:04:24 t_client.py:292 Received actions on device: cpu
DEBUG 2026-06-09 17:04:24 t_client.py:302 Actions kept on device: cpu
DEBUG 2026-06-09 17:04:24 t_client.py:209 Sent observation #864 | 
DEBUG 2026-06-09 17:04:24 t_client.py:434 QUEUE SIZE: 7 (Must go: False)
DEBUG 2026-06-09 17:04:24 t_client.py:477 Control loop (ms): 117.88
DEBUG 2026-06-09 17:04:24 t_client.py:477 Control loop (ms): 0.87
DEBUG 2026-06-09 17:04:24 t_client.py:477 Control loop (ms): 2.36
DEBUG 2026-06-09 17:04:24 t_client.py:477 Control loop (ms): 1.78
DEBUG 2026-06-09 17:04:24 t_client.py:292 Received actions on device: cpu
DEBUG 2026-06-09 17:04:24 t_client.py:302 Actions kept on device: cpu
DEBUG 2026-06-09 17:04:24 t_client.py:477 Control loop (ms): 3.40
DEBUG 2026-06-09 17:04:24 t_client.py:477 Control loop (ms): 1.84
DEBUG 2026-06-09 17:04:24 t_client.py:477 Control loop (ms): 2.79
DEBUG 2026-06-09 17:04:24 t_client.py:477 Control loop (ms): 2.04
DEBUG 2026-06-09 17:04:24 follower.py:184 follower_right SOFollower read state: 2.0ms
DEBUG 2026-06-09 17:04:24 follower.py:191 follower_right SOFollower read wrist: 0.0ms
DEBUG 2026-06-09 17:04:24 follower.py:184 follower_left SOFollower read state: 1.7ms
DEBUG 2026-06-09 17:04:24 follower.py:191 follower_left SOFollower read wrist: 0.0ms
DEBUG 2026-06-09 17:04:24 t_client.py:198 Observation serialization time: 0.008901s
DEBUG 2026-06-09 17:04:24 ort/utils.py:54 [CLIENT] Observation Buffer size 4.3954973220825195 MB with
DEBUG 2026-06-09 17:04:25 ort/utils.py:69 [CLIENT] Observation Sent 2097152/4609013 bytes with state 1
DEBUG 2026-06-09 17:04:25 ort/utils.py:69 [CLIENT] Observation Sent 4194304/4609013 bytes with state 2
DEBUG 2026-06-09 17:04:25 ort/utils.py:69 [CLIENT] Observation Sent 4609013/4609013 bytes with state 3
DEBUG 2026-06-09 17:04:25 ort/utils.py:71 [CLIENT] Observation Published 4.3954973220825195 MB
DEBUG 2026-06-09 17:04:25 t_client.py:209 Sent observation #871 | 
DEBUG 2026-06-09 17:04:25 t_client.py:434 QUEUE SIZE: 8 (Must go: False)
DEBUG 2026-06-09 17:04:25 t_client.py:477 Control loop (ms): 125.57
DEBUG 2026-06-09 17:04:25 follower.py:184 follower_right SOFollower read state: 1.9ms
DEBUG 2026-06-09 17:04:25 follower.py:191 follower_right SOFollower read wrist: 0.0ms
DEBUG 2026-06-09 17:04:25 follower.py:184 follower_left SOFollower read state: 1.7ms
DEBUG 2026-06-09 17:04:25 follower.py:191 follower_left SOFollower read wrist: 0.0ms
DEBUG 2026-06-09 17:04:25 t_client.py:198 Observation serialization time: 0.007654s
DEBUG 2026-06-09 17:04:25 ort/utils.py:54 [CLIENT] Observation Buffer size 4.3954973220825195 MB with
DEBUG 2026-06-09 17:04:25 ort/utils.py:69 [CLIENT] Observation Sent 2097152/4609013 bytes with state 1
DEBUG 2026-06-09 17:04:25 ort/utils.py:69 [CLIENT] Observation Sent 4194304/4609013 bytes with state 2
DEBUG 2026-06-09 17:04:25 ort/utils.py:69 [CLIENT] Observation Sent 4609013/4609013 bytes with state 3
DEBUG 2026-06-09 17:04:25 ort/utils.py:71 [CLIENT] Observation Published 4.3954973220825195 MB
DEBUG 2026-06-09 17:04:25 t_client.py:292 Received actions on device: cpu
DEBUG 2026-06-09 17:04:25 t_client.py:302 Actions kept on device: cpu
DEBUG 2026-06-09 17:04:25 t_client.py:209 Sent observation #872 | 
DEBUG 2026-06-09 17:04:25 t_client.py:434 QUEUE SIZE: 7 (Must go: False)
DEBUG 2026-06-09 17:04:25 t_client.py:477 Control loop (ms): 129.04
DEBUG 2026-06-09 17:04:25 t_client.py:477 Control loop (ms): 1.70
DEBUG 2026-06-09 17:04:25 t_client.py:477 Control loop (ms): 1.91
DEBUG 2026-06-09 17:04:25 t_client.py:477 Control loop (ms): 2.02
DEBUG 2026-06-09 17:04:25 t_client.py:292 Received actions on device: cpu
DEBUG 2026-06-09 17:04:25 t_client.py:302 Actions kept on device: cpu
DEBUG 2026-06-09 17:04:25 t_client.py:477 Control loop (ms): 1.97
DEBUG 2026-06-09 17:04:25 t_client.py:477 Control loop (ms): 2.30
DEBUG 2026-06-09 17:04:25 t_client.py:477 Control loop (ms): 1.65
DEBUG 2026-06-09 17:04:25 t_client.py:477 Control loop (ms): 1.93
DEBUG 2026-06-09 17:04:25 follower.py:184 follower_right SOFollower read state: 1.7ms
DEBUG 2026-06-09 17:04:25 follower.py:191 follower_right SOFollower read wrist: 0.0ms
DEBUG 2026-06-09 17:04:25 follower.py:184 follower_left SOFollower read state: 1.5ms
DEBUG 2026-06-09 17:04:25 follower.py:191 follower_left SOFollower read wrist: 0.0ms
DEBUG 2026-06-09 17:04:25 t_client.py:198 Observation serialization time: 0.004047s
DEBUG 2026-06-09 17:04:25 ort/utils.py:54 [CLIENT] Observation Buffer size 4.3954973220825195 MB with
DEBUG 2026-06-09 17:04:25 ort/utils.py:69 [CLIENT] Observation Sent 2097152/4609013 bytes with state 1
DEBUG 2026-06-09 17:04:25 ort/utils.py:69 [CLIENT] Observation Sent 4194304/4609013 bytes with state 2
DEBUG 2026-06-09 17:04:25 ort/utils.py:69 [CLIENT] Observation Sent 4609013/4609013 bytes with state 3
DEBUG 2026-06-09 17:04:25 ort/utils.py:71 [CLIENT] Observation Published 4.3954973220825195 MB
DEBUG 2026-06-09 17:04:25 t_client.py:209 Sent observation #879 | 
DEBUG 2026-06-09 17:04:25 t_client.py:434 QUEUE SIZE: 8 (Must go: False)
DEBUG 2026-06-09 17:04:25 t_client.py:477 Control loop (ms): 159.36
DEBUG 2026-06-09 17:04:25 follower.py:184 follower_right SOFollower read state: 1.8ms
DEBUG 2026-06-09 17:04:25 follower.py:191 follower_right SOFollower read wrist: 0.0ms
DEBUG 2026-06-09 17:04:25 follower.py:184 follower_left SOFollower read state: 1.9ms
DEBUG 2026-06-09 17:04:25 follower.py:191 follower_left SOFollower read wrist: 0.0ms
DEBUG 2026-06-09 17:04:25 t_client.py:198 Observation serialization time: 0.011818s
DEBUG 2026-06-09 17:04:25 ort/utils.py:54 [CLIENT] Observation Buffer size 4.3954973220825195 MB with
DEBUG 2026-06-09 17:04:25 ort/utils.py:69 [CLIENT] Observation Sent 2097152/4609013 bytes with state 1
DEBUG 2026-06-09 17:04:25 ort/utils.py:69 [CLIENT] Observation Sent 4194304/4609013 bytes with state 2
DEBUG 2026-06-09 17:04:25 ort/utils.py:69 [CLIENT] Observation Sent 4609013/4609013 bytes with state 3
DEBUG 2026-06-09 17:04:25 ort/utils.py:71 [CLIENT] Observation Published 4.3954973220825195 MB
DEBUG 2026-06-09 17:04:25 t_client.py:292 Received actions on device: cpu
DEBUG 2026-06-09 17:04:25 t_client.py:302 Actions kept on device: cpu
DEBUG 2026-06-09 17:04:25 t_client.py:209 Sent observation #880 | 
DEBUG 2026-06-09 17:04:25 t_client.py:434 QUEUE SIZE: 7 (Must go: False)
DEBUG 2026-06-09 17:04:25 t_client.py:477 Control loop (ms): 146.59
DEBUG 2026-06-09 17:04:25 t_client.py:477 Control loop (ms): 1.45
DEBUG 2026-06-09 17:04:25 t_client.py:477 Control loop (ms): 1.89
DEBUG 2026-06-09 17:04:25 t_client.py:477 Control loop (ms): 2.06
DEBUG 2026-06-09 17:04:25 t_client.py:292 Received actions on device: cpu
DEBUG 2026-06-09 17:04:25 t_client.py:302 Actions kept on device: cpu
DEBUG 2026-06-09 17:04:25 t_client.py:477 Control loop (ms): 2.16
DEBUG 2026-06-09 17:04:25 t_client.py:477 Control loop (ms): 1.78
DEBUG 2026-06-09 17:04:25 t_client.py:477 Control loop (ms): 2.40
DEBUG 2026-06-09 17:04:25 follower.py:184 follower_right SOFollower read state: 2.3ms
DEBUG 2026-06-09 17:04:25 follower.py:191 follower_right SOFollower read wrist: 0.0ms
DEBUG 2026-06-09 17:04:25 follower.py:184 follower_left SOFollower read state: 1.9ms
DEBUG 2026-06-09 17:04:25 follower.py:191 follower_left SOFollower read wrist: 0.0ms
DEBUG 2026-06-09 17:04:25 t_client.py:198 Observation serialization time: 0.010189s
DEBUG 2026-06-09 17:04:25 ort/utils.py:54 [CLIENT] Observation Buffer size 4.3954973220825195 MB with
DEBUG 2026-06-09 17:04:26 ort/utils.py:69 [CLIENT] Observation Sent 2097152/4609013 bytes with state 1
DEBUG 2026-06-09 17:04:26 ort/utils.py:69 [CLIENT] Observation Sent 4194304/4609013 bytes with state 2
DEBUG 2026-06-09 17:04:26 ort/utils.py:69 [CLIENT] Observation Sent 4609013/4609013 bytes with state 3
DEBUG 2026-06-09 17:04:26 ort/utils.py:71 [CLIENT] Observation Published 4.3954973220825195 MB
DEBUG 2026-06-09 17:04:26 t_client.py:209 Sent observation #887 | 
DEBUG 2026-06-09 17:04:26 t_client.py:434 QUEUE SIZE: 8 (Must go: False)
DEBUG 2026-06-09 17:04:26 t_client.py:477 Control loop (ms): 131.74
DEBUG 2026-06-09 17:04:26 follower.py:184 follower_right SOFollower read state: 2.0ms
DEBUG 2026-06-09 17:04:26 follower.py:191 follower_right SOFollower read wrist: 0.1ms
DEBUG 2026-06-09 17:04:26 follower.py:184 follower_left SOFollower read state: 1.8ms
DEBUG 2026-06-09 17:04:26 follower.py:191 follower_left SOFollower read wrist: 0.0ms
DEBUG 2026-06-09 17:04:26 t_client.py:198 Observation serialization time: 0.005915s
DEBUG 2026-06-09 17:04:26 ort/utils.py:54 [CLIENT] Observation Buffer size 4.3954973220825195 MB with
DEBUG 2026-06-09 17:04:26 ort/utils.py:69 [CLIENT] Observation Sent 2097152/4609013 bytes with state 1
DEBUG 2026-06-09 17:04:26 ort/utils.py:69 [CLIENT] Observation Sent 4194304/4609013 bytes with state 2
DEBUG 2026-06-09 17:04:26 ort/utils.py:69 [CLIENT] Observation Sent 4609013/4609013 bytes with state 3
DEBUG 2026-06-09 17:04:26 ort/utils.py:71 [CLIENT] Observation Published 4.3954973220825195 MB
DEBUG 2026-06-09 17:04:26 t_client.py:292 Received actions on device: cpu
DEBUG 2026-06-09 17:04:26 t_client.py:302 Actions kept on device: cpu
DEBUG 2026-06-09 17:04:26 t_client.py:209 Sent observation #888 | 
DEBUG 2026-06-09 17:04:26 t_client.py:434 QUEUE SIZE: 7 (Must go: False)
DEBUG 2026-06-09 17:04:26 t_client.py:477 Control loop (ms): 130.50
DEBUG 2026-06-09 17:04:26 t_client.py:477 Control loop (ms): 1.61
DEBUG 2026-06-09 17:04:26 t_client.py:477 Control loop (ms): 1.80
DEBUG 2026-06-09 17:04:26 t_client.py:477 Control loop (ms): 2.46
DEBUG 2026-06-09 17:04:26 t_client.py:292 Received actions on device: cpu
DEBUG 2026-06-09 17:04:26 t_client.py:302 Actions kept on device: cpu
DEBUG 2026-06-09 17:04:26 t_client.py:477 Control loop (ms): 1.53
DEBUG 2026-06-09 17:04:26 t_client.py:477 Control loop (ms): 2.51
DEBUG 2026-06-09 17:04:26 t_client.py:477 Control loop (ms): 2.02
DEBUG 2026-06-09 17:04:26 follower.py:184 follower_right SOFollower read state: 3.1ms
DEBUG 2026-06-09 17:04:26 follower.py:191 follower_right SOFollower read wrist: 0.1ms
DEBUG 2026-06-09 17:04:26 follower.py:184 follower_left SOFollower read state: 2.7ms
DEBUG 2026-06-09 17:04:26 follower.py:191 follower_left SOFollower read wrist: 0.0ms
DEBUG 2026-06-09 17:04:26 t_client.py:198 Observation serialization time: 0.010318s
DEBUG 2026-06-09 17:04:26 ort/utils.py:54 [CLIENT] Observation Buffer size 4.3954973220825195 MB with
DEBUG 2026-06-09 17:04:26 ort/utils.py:69 [CLIENT] Observation Sent 2097152/4609013 bytes with state 1
DEBUG 2026-06-09 17:04:26 ort/utils.py:69 [CLIENT] Observation Sent 4194304/4609013 bytes with state 2
DEBUG 2026-06-09 17:04:26 ort/utils.py:69 [CLIENT] Observation Sent 4609013/4609013 bytes with state 3
DEBUG 2026-06-09 17:04:26 ort/utils.py:71 [CLIENT] Observation Published 4.3954973220825195 MB
DEBUG 2026-06-09 17:04:26 t_client.py:209 Sent observation #895 | 
DEBUG 2026-06-09 17:04:26 t_client.py:434 QUEUE SIZE: 8 (Must go: False)
DEBUG 2026-06-09 17:04:26 t_client.py:477 Control loop (ms): 120.68
DEBUG 2026-06-09 17:04:26 follower.py:184 follower_right SOFollower read state: 2.0ms
DEBUG 2026-06-09 17:04:26 follower.py:191 follower_right SOFollower read wrist: 0.0ms
DEBUG 2026-06-09 17:04:26 follower.py:184 follower_left SOFollower read state: 2.3ms
DEBUG 2026-06-09 17:04:26 follower.py:191 follower_left SOFollower read wrist: 0.0ms
DEBUG 2026-06-09 17:04:26 t_client.py:198 Observation serialization time: 0.010342s
DEBUG 2026-06-09 17:04:26 ort/utils.py:54 [CLIENT] Observation Buffer size 4.3954973220825195 MB with
DEBUG 2026-06-09 17:04:26 ort/utils.py:69 [CLIENT] Observation Sent 2097152/4609013 bytes with state 1
DEBUG 2026-06-09 17:04:26 ort/utils.py:69 [CLIENT] Observation Sent 4194304/4609013 bytes with state 2
DEBUG 2026-06-09 17:04:26 ort/utils.py:69 [CLIENT] Observation Sent 4609013/4609013 bytes with state 3
DEBUG 2026-06-09 17:04:26 ort/utils.py:71 [CLIENT] Observation Published 4.3954973220825195 MB
DEBUG 2026-06-09 17:04:26 t_client.py:292 Received actions on device: cpu
DEBUG 2026-06-09 17:04:26 t_client.py:302 Actions kept on device: cpu
DEBUG 2026-06-09 17:04:26 t_client.py:209 Sent observation #896 | 
DEBUG 2026-06-09 17:04:26 t_client.py:434 QUEUE SIZE: 7 (Must go: False)
DEBUG 2026-06-09 17:04:26 t_client.py:477 Control loop (ms): 136.83
DEBUG 2026-06-09 17:04:26 t_client.py:477 Control loop (ms): 1.58
DEBUG 2026-06-09 17:04:26 t_client.py:477 Control loop (ms): 2.14
DEBUG 2026-06-09 17:04:26 t_client.py:477 Control loop (ms): 2.61
DEBUG 2026-06-09 17:04:26 t_client.py:292 Received actions on device: cpu
DEBUG 2026-06-09 17:04:26 t_client.py:302 Actions kept on device: cpu
DEBUG 2026-06-09 17:04:26 t_client.py:477 Control loop (ms): 1.73
DEBUG 2026-06-09 17:04:26 t_client.py:477 Control loop (ms): 1.99
DEBUG 2026-06-09 17:04:26 t_client.py:477 Control loop (ms): 1.76
DEBUG 2026-06-09 17:04:26 follower.py:184 follower_right SOFollower read state: 2.3ms
DEBUG 2026-06-09 17:04:26 follower.py:191 follower_right SOFollower read wrist: 0.1ms
DEBUG 2026-06-09 17:04:26 follower.py:184 follower_left SOFollower read state: 2.1ms
DEBUG 2026-06-09 17:04:26 follower.py:191 follower_left SOFollower read wrist: 0.0ms
DEBUG 2026-06-09 17:04:26 t_client.py:198 Observation serialization time: 0.009628s
DEBUG 2026-06-09 17:04:26 ort/utils.py:54 [CLIENT] Observation Buffer size 4.3954973220825195 MB with
DEBUG 2026-06-09 17:04:26 ort/utils.py:69 [CLIENT] Observation Sent 2097152/4609013 bytes with state 1
DEBUG 2026-06-09 17:04:27 ort/utils.py:69 [CLIENT] Observation Sent 4194304/4609013 bytes with state 2
DEBUG 2026-06-09 17:04:27 ort/utils.py:69 [CLIENT] Observation Sent 4609013/4609013 bytes with state 3
DEBUG 2026-06-09 17:04:27 ort/utils.py:71 [CLIENT] Observation Published 4.3954973220825195 MB
DEBUG 2026-06-09 17:04:27 t_client.py:209 Sent observation #903 | 
DEBUG 2026-06-09 17:04:27 t_client.py:434 QUEUE SIZE: 8 (Must go: False)
DEBUG 2026-06-09 17:04:27 t_client.py:477 Control loop (ms): 161.78
DEBUG 2026-06-09 17:04:27 follower.py:184 follower_right SOFollower read state: 2.6ms
DEBUG 2026-06-09 17:04:27 follower.py:191 follower_right SOFollower read wrist: 0.1ms
DEBUG 2026-06-09 17:04:27 follower.py:184 follower_left SOFollower read state: 2.8ms
DEBUG 2026-06-09 17:04:27 follower.py:191 follower_left SOFollower read wrist: 0.1ms
DEBUG 2026-06-09 17:04:27 t_client.py:198 Observation serialization time: 0.012145s
DEBUG 2026-06-09 17:04:27 ort/utils.py:54 [CLIENT] Observation Buffer size 4.3954973220825195 MB with
DEBUG 2026-06-09 17:04:27 ort/utils.py:69 [CLIENT] Observation Sent 2097152/4609013 bytes with state 1
DEBUG 2026-06-09 17:04:27 ort/utils.py:69 [CLIENT] Observation Sent 4194304/4609013 bytes with state 2
DEBUG 2026-06-09 17:04:27 ort/utils.py:69 [CLIENT] Observation Sent 4609013/4609013 bytes with state 3
DEBUG 2026-06-09 17:04:27 ort/utils.py:71 [CLIENT] Observation Published 4.3954973220825195 MB
DEBUG 2026-06-09 17:04:27 t_client.py:292 Received actions on device: cpu
DEBUG 2026-06-09 17:04:27 t_client.py:302 Actions kept on device: cpu
DEBUG 2026-06-09 17:04:27 t_client.py:209 Sent observation #904 | 
DEBUG 2026-06-09 17:04:27 t_client.py:434 QUEUE SIZE: 7 (Must go: False)
DEBUG 2026-06-09 17:04:27 t_client.py:477 Control loop (ms): 150.54
DEBUG 2026-06-09 17:04:27 t_client.py:477 Control loop (ms): 1.83
DEBUG 2026-06-09 17:04:27 t_client.py:477 Control loop (ms): 1.58
DEBUG 2026-06-09 17:04:27 t_client.py:477 Control loop (ms): 2.13
DEBUG 2026-06-09 17:04:27 t_client.py:292 Received actions on device: cpu
DEBUG 2026-06-09 17:04:27 t_client.py:302 Actions kept on device: cpu
DEBUG 2026-06-09 17:04:27 t_client.py:477 Control loop (ms): 0.94
DEBUG 2026-06-09 17:04:27 t_client.py:477 Control loop (ms): 2.04
DEBUG 2026-06-09 17:04:27 t_client.py:477 Control loop (ms): 1.62
DEBUG 2026-06-09 17:04:27 follower.py:184 follower_right SOFollower read state: 1.9ms
DEBUG 2026-06-09 17:04:27 follower.py:191 follower_right SOFollower read wrist: 0.0ms
DEBUG 2026-06-09 17:04:27 follower.py:184 follower_left SOFollower read state: 1.8ms
DEBUG 2026-06-09 17:04:27 follower.py:191 follower_left SOFollower read wrist: 0.0ms
DEBUG 2026-06-09 17:04:27 t_client.py:198 Observation serialization time: 0.008974s
DEBUG 2026-06-09 17:04:27 ort/utils.py:54 [CLIENT] Observation Buffer size 4.3954973220825195 MB with
DEBUG 2026-06-09 17:04:27 ort/utils.py:69 [CLIENT] Observation Sent 2097152/4609013 bytes with state 1
DEBUG 2026-06-09 17:04:27 ort/utils.py:69 [CLIENT] Observation Sent 4194304/4609013 bytes with state 2
DEBUG 2026-06-09 17:04:27 ort/utils.py:69 [CLIENT] Observation Sent 4609013/4609013 bytes with state 3
DEBUG 2026-06-09 17:04:27 ort/utils.py:71 [CLIENT] Observation Published 4.3954973220825195 MB
DEBUG 2026-06-09 17:04:27 t_client.py:209 Sent observation #911 | 
DEBUG 2026-06-09 17:04:27 t_client.py:434 QUEUE SIZE: 8 (Must go: False)
DEBUG 2026-06-09 17:04:27 t_client.py:477 Control loop (ms): 180.91
DEBUG 2026-06-09 17:04:27 follower.py:184 follower_right SOFollower read state: 2.3ms
DEBUG 2026-06-09 17:04:27 follower.py:191 follower_right SOFollower read wrist: 0.0ms
DEBUG 2026-06-09 17:04:27 follower.py:184 follower_left SOFollower read state: 2.4ms
DEBUG 2026-06-09 17:04:27 follower.py:191 follower_left SOFollower read wrist: 0.1ms
DEBUG 2026-06-09 17:04:27 t_client.py:198 Observation serialization time: 0.013806s
DEBUG 2026-06-09 17:04:27 ort/utils.py:54 [CLIENT] Observation Buffer size 4.3954973220825195 MB with
DEBUG 2026-06-09 17:04:27 ort/utils.py:69 [CLIENT] Observation Sent 2097152/4609013 bytes with state 1
DEBUG 2026-06-09 17:04:27 ort/utils.py:69 [CLIENT] Observation Sent 4194304/4609013 bytes with state 2
DEBUG 2026-06-09 17:04:27 ort/utils.py:69 [CLIENT] Observation Sent 4609013/4609013 bytes with state 3
DEBUG 2026-06-09 17:04:27 ort/utils.py:71 [CLIENT] Observation Published 4.3954973220825195 MB
DEBUG 2026-06-09 17:04:27 t_client.py:292 Received actions on device: cpu
DEBUG 2026-06-09 17:04:27 t_client.py:302 Actions kept on device: cpu
DEBUG 2026-06-09 17:04:27 t_client.py:209 Sent observation #912 | 
DEBUG 2026-06-09 17:04:27 t_client.py:434 QUEUE SIZE: 7 (Must go: False)
DEBUG 2026-06-09 17:04:27 t_client.py:477 Control loop (ms): 130.07
DEBUG 2026-06-09 17:04:27 follower.py:184 follower_right SOFollower read state: 3.6ms
DEBUG 2026-06-09 17:04:27 follower.py:191 follower_right SOFollower read wrist: 0.1ms
DEBUG 2026-06-09 17:04:27 follower.py:184 follower_left SOFollower read state: 2.0ms
DEBUG 2026-06-09 17:04:27 follower.py:191 follower_left SOFollower read wrist: 0.1ms
DEBUG 2026-06-09 17:04:27 t_client.py:198 Observation serialization time: 0.007975s
DEBUG 2026-06-09 17:04:27 ort/utils.py:54 [CLIENT] Observation Buffer size 4.3954973220825195 MB with
DEBUG 2026-06-09 17:04:27 ort/utils.py:69 [CLIENT] Observation Sent 2097152/4609013 bytes with state 1
DEBUG 2026-06-09 17:04:27 ort/utils.py:69 [CLIENT] Observation Sent 4194304/4609013 bytes with state 2
DEBUG 2026-06-09 17:04:27 ort/utils.py:69 [CLIENT] Observation Sent 4609013/4609013 bytes with state 3
DEBUG 2026-06-09 17:04:27 ort/utils.py:71 [CLIENT] Observation Published 4.3954973220825195 MB
DEBUG 2026-06-09 17:04:27 t_client.py:209 Sent observation #913 | 
DEBUG 2026-06-09 17:04:27 t_client.py:434 QUEUE SIZE: 14 (Must go: False)
DEBUG 2026-06-09 17:04:27 t_client.py:477 Control loop (ms): 107.64
DEBUG 2026-06-09 17:04:27 t_client.py:477 Control loop (ms): 7.86
DEBUG 2026-06-09 17:04:27 t_client.py:292 Received actions on device: cpu
DEBUG 2026-06-09 17:04:27 t_client.py:302 Actions kept on device: cpu
DEBUG 2026-06-09 17:04:27 t_client.py:477 Control loop (ms): 2.32
DEBUG 2026-06-09 17:04:27 t_client.py:477 Control loop (ms): 1.86
DEBUG 2026-06-09 17:04:27 t_client.py:477 Control loop (ms): 1.96
DEBUG 2026-06-09 17:04:27 t_client.py:292 Received actions on device: cpu
DEBUG 2026-06-09 17:04:27 t_client.py:302 Actions kept on device: cpu
DEBUG 2026-06-09 17:04:27 t_client.py:477 Control loop (ms): 2.05
DEBUG 2026-06-09 17:04:28 t_client.py:477 Control loop (ms): 2.17
DEBUG 2026-06-09 17:04:28 t_client.py:477 Control loop (ms): 1.73
DEBUG 2026-06-09 17:04:28 follower.py:184 follower_right SOFollower read state: 3.4ms
DEBUG 2026-06-09 17:04:28 follower.py:191 follower_right SOFollower read wrist: 0.0ms
DEBUG 2026-06-09 17:04:28 follower.py:184 follower_left SOFollower read state: 1.9ms
DEBUG 2026-06-09 17:04:28 follower.py:191 follower_left SOFollower read wrist: 0.0ms
DEBUG 2026-06-09 17:04:28 t_client.py:198 Observation serialization time: 0.006621s
DEBUG 2026-06-09 17:04:28 ort/utils.py:54 [CLIENT] Observation Buffer size 4.3954973220825195 MB with
DEBUG 2026-06-09 17:04:28 ort/utils.py:69 [CLIENT] Observation Sent 2097152/4609013 bytes with state 1
DEBUG 2026-06-09 17:04:28 ort/utils.py:69 [CLIENT] Observation Sent 4194304/4609013 bytes with state 2
DEBUG 2026-06-09 17:04:28 ort/utils.py:69 [CLIENT] Observation Sent 4609013/4609013 bytes with state 3
DEBUG 2026-06-09 17:04:28 ort/utils.py:71 [CLIENT] Observation Published 4.3954973220825195 MB
DEBUG 2026-06-09 17:04:28 t_client.py:209 Sent observation #920 | 
DEBUG 2026-06-09 17:04:28 t_client.py:434 QUEUE SIZE: 8 (Must go: False)
DEBUG 2026-06-09 17:04:28 t_client.py:477 Control loop (ms): 142.57
DEBUG 2026-06-09 17:04:28 follower.py:184 follower_right SOFollower read state: 2.3ms
DEBUG 2026-06-09 17:04:28 follower.py:191 follower_right SOFollower read wrist: 0.0ms
DEBUG 2026-06-09 17:04:28 follower.py:184 follower_left SOFollower read state: 1.8ms
DEBUG 2026-06-09 17:04:28 follower.py:191 follower_left SOFollower read wrist: 0.0ms
DEBUG 2026-06-09 17:04:28 t_client.py:198 Observation serialization time: 0.010893s
DEBUG 2026-06-09 17:04:28 ort/utils.py:54 [CLIENT] Observation Buffer size 4.3954973220825195 MB with
DEBUG 2026-06-09 17:04:28 ort/utils.py:69 [CLIENT] Observation Sent 2097152/4609013 bytes with state 1
DEBUG 2026-06-09 17:04:28 ort/utils.py:69 [CLIENT] Observation Sent 4194304/4609013 bytes with state 2
DEBUG 2026-06-09 17:04:28 ort/utils.py:69 [CLIENT] Observation Sent 4609013/4609013 bytes with state 3
DEBUG 2026-06-09 17:04:28 ort/utils.py:71 [CLIENT] Observation Published 4.3954973220825195 MB
DEBUG 2026-06-09 17:04:28 t_client.py:292 Received actions on device: cpu
DEBUG 2026-06-09 17:04:28 t_client.py:302 Actions kept on device: cpu
DEBUG 2026-06-09 17:04:28 t_client.py:209 Sent observation #921 | 
DEBUG 2026-06-09 17:04:28 t_client.py:434 QUEUE SIZE: 7 (Must go: False)
DEBUG 2026-06-09 17:04:28 t_client.py:477 Control loop (ms): 181.01
DEBUG 2026-06-09 17:04:28 t_client.py:477 Control loop (ms): 1.70
DEBUG 2026-06-09 17:04:28 t_client.py:477 Control loop (ms): 2.08
DEBUG 2026-06-09 17:04:28 t_client.py:477 Control loop (ms): 1.93
DEBUG 2026-06-09 17:04:28 t_client.py:292 Received actions on device: cpu
DEBUG 2026-06-09 17:04:28 t_client.py:302 Actions kept on device: cpu
DEBUG 2026-06-09 17:04:28 t_client.py:477 Control loop (ms): 1.95
DEBUG 2026-06-09 17:04:28 t_client.py:477 Control loop (ms): 2.51
DEBUG 2026-06-09 17:04:28 t_client.py:477 Control loop (ms): 2.42
DEBUG 2026-06-09 17:04:28 follower.py:184 follower_right SOFollower read state: 2.2ms
DEBUG 2026-06-09 17:04:28 follower.py:191 follower_right SOFollower read wrist: 0.0ms
DEBUG 2026-06-09 17:04:28 follower.py:184 follower_left SOFollower read state: 2.3ms
DEBUG 2026-06-09 17:04:28 follower.py:191 follower_left SOFollower read wrist: 0.1ms
DEBUG 2026-06-09 17:04:28 t_client.py:198 Observation serialization time: 0.009969s
DEBUG 2026-06-09 17:04:28 ort/utils.py:54 [CLIENT] Observation Buffer size 4.3954973220825195 MB with
DEBUG 2026-06-09 17:04:28 ort/utils.py:69 [CLIENT] Observation Sent 2097152/4609013 bytes with state 1
DEBUG 2026-06-09 17:04:28 ort/utils.py:69 [CLIENT] Observation Sent 4194304/4609013 bytes with state 2
DEBUG 2026-06-09 17:04:28 ort/utils.py:69 [CLIENT] Observation Sent 4609013/4609013 bytes with state 3
DEBUG 2026-06-09 17:04:28 ort/utils.py:71 [CLIENT] Observation Published 4.3954973220825195 MB
DEBUG 2026-06-09 17:04:28 t_client.py:209 Sent observation #928 | 
DEBUG 2026-06-09 17:04:28 t_client.py:434 QUEUE SIZE: 8 (Must go: False)
DEBUG 2026-06-09 17:04:28 t_client.py:477 Control loop (ms): 222.05
DEBUG 2026-06-09 17:04:28 follower.py:184 follower_right SOFollower read state: 1.5ms
DEBUG 2026-06-09 17:04:28 follower.py:191 follower_right SOFollower read wrist: 0.0ms
DEBUG 2026-06-09 17:04:28 follower.py:184 follower_left SOFollower read state: 1.6ms
DEBUG 2026-06-09 17:04:28 follower.py:191 follower_left SOFollower read wrist: 0.0ms
DEBUG 2026-06-09 17:04:28 t_client.py:198 Observation serialization time: 0.006689s
DEBUG 2026-06-09 17:04:28 ort/utils.py:54 [CLIENT] Observation Buffer size 4.3954973220825195 MB with
DEBUG 2026-06-09 17:04:28 ort/utils.py:69 [CLIENT] Observation Sent 2097152/4609013 bytes with state 1
DEBUG 2026-06-09 17:04:28 ort/utils.py:69 [CLIENT] Observation Sent 4194304/4609013 bytes with state 2
DEBUG 2026-06-09 17:04:28 ort/utils.py:69 [CLIENT] Observation Sent 4609013/4609013 bytes with state 3
DEBUG 2026-06-09 17:04:28 ort/utils.py:71 [CLIENT] Observation Published 4.3954973220825195 MB
DEBUG 2026-06-09 17:04:28 t_client.py:292 Received actions on device: cpu
DEBUG 2026-06-09 17:04:28 t_client.py:302 Actions kept on device: cpu
DEBUG 2026-06-09 17:04:29 t_client.py:209 Sent observation #929 | 
DEBUG 2026-06-09 17:04:29 t_client.py:434 QUEUE SIZE: 7 (Must go: False)
DEBUG 2026-06-09 17:04:29 t_client.py:477 Control loop (ms): 209.32
DEBUG 2026-06-09 17:04:29 t_client.py:477 Control loop (ms): 1.59
DEBUG 2026-06-09 17:04:29 t_client.py:477 Control loop (ms): 1.42
DEBUG 2026-06-09 17:04:29 t_client.py:477 Control loop (ms): 1.42
DEBUG 2026-06-09 17:04:29 t_client.py:292 Received actions on device: cpu
DEBUG 2026-06-09 17:04:29 t_client.py:302 Actions kept on device: cpu
DEBUG 2026-06-09 17:04:29 t_client.py:477 Control loop (ms): 1.75
DEBUG 2026-06-09 17:04:29 t_client.py:477 Control loop (ms): 1.70
DEBUG 2026-06-09 17:04:29 t_client.py:477 Control loop (ms): 1.61
DEBUG 2026-06-09 17:04:29 follower.py:184 follower_right SOFollower read state: 1.7ms
DEBUG 2026-06-09 17:04:29 follower.py:191 follower_right SOFollower read wrist: 0.0ms
DEBUG 2026-06-09 17:04:29 follower.py:184 follower_left SOFollower read state: 1.7ms
DEBUG 2026-06-09 17:04:29 follower.py:191 follower_left SOFollower read wrist: 0.0ms
DEBUG 2026-06-09 17:04:29 t_client.py:198 Observation serialization time: 0.007746s
DEBUG 2026-06-09 17:04:29 ort/utils.py:54 [CLIENT] Observation Buffer size 4.3954973220825195 MB with
DEBUG 2026-06-09 17:04:29 ort/utils.py:69 [CLIENT] Observation Sent 2097152/4609013 bytes with state 1
DEBUG 2026-06-09 17:04:29 ort/utils.py:69 [CLIENT] Observation Sent 4194304/4609013 bytes with state 2
DEBUG 2026-06-09 17:04:29 ort/utils.py:69 [CLIENT] Observation Sent 4609013/4609013 bytes with state 3
DEBUG 2026-06-09 17:04:29 ort/utils.py:71 [CLIENT] Observation Published 4.3954973220825195 MB
DEBUG 2026-06-09 17:04:29 t_client.py:209 Sent observation #936 | 
DEBUG 2026-06-09 17:04:29 t_client.py:434 QUEUE SIZE: 8 (Must go: False)
DEBUG 2026-06-09 17:04:29 t_client.py:477 Control loop (ms): 224.49
DEBUG 2026-06-09 17:04:29 follower.py:184 follower_right SOFollower read state: 1.8ms
DEBUG 2026-06-09 17:04:29 follower.py:191 follower_right SOFollower read wrist: 0.0ms
DEBUG 2026-06-09 17:04:29 follower.py:184 follower_left SOFollower read state: 1.7ms
DEBUG 2026-06-09 17:04:29 follower.py:191 follower_left SOFollower read wrist: 0.0ms
DEBUG 2026-06-09 17:04:29 t_client.py:198 Observation serialization time: 0.007756s
DEBUG 2026-06-09 17:04:29 ort/utils.py:54 [CLIENT] Observation Buffer size 4.3954973220825195 MB with
DEBUG 2026-06-09 17:04:29 ort/utils.py:69 [CLIENT] Observation Sent 2097152/4609013 bytes with state 1
DEBUG 2026-06-09 17:04:29 ort/utils.py:69 [CLIENT] Observation Sent 4194304/4609013 bytes with state 2
DEBUG 2026-06-09 17:04:29 ort/utils.py:69 [CLIENT] Observation Sent 4609013/4609013 bytes with state 3
DEBUG 2026-06-09 17:04:29 ort/utils.py:71 [CLIENT] Observation Published 4.3954973220825195 MB
DEBUG 2026-06-09 17:04:29 t_client.py:292 Received actions on device: cpu
DEBUG 2026-06-09 17:04:29 t_client.py:302 Actions kept on device: cpu
DEBUG 2026-06-09 17:04:29 t_client.py:209 Sent observation #937 | 
DEBUG 2026-06-09 17:04:29 t_client.py:434 QUEUE SIZE: 7 (Must go: False)
DEBUG 2026-06-09 17:04:29 t_client.py:477 Control loop (ms): 180.04
DEBUG 2026-06-09 17:04:29 t_client.py:477 Control loop (ms): 1.63
DEBUG 2026-06-09 17:04:29 t_client.py:477 Control loop (ms): 2.04
DEBUG 2026-06-09 17:04:29 t_client.py:477 Control loop (ms): 1.78
DEBUG 2026-06-09 17:04:29 t_client.py:292 Received actions on device: cpu
DEBUG 2026-06-09 17:04:29 t_client.py:302 Actions kept on device: cpu
DEBUG 2026-06-09 17:04:29 t_client.py:477 Control loop (ms): 3.14
DEBUG 2026-06-09 17:04:29 t_client.py:477 Control loop (ms): 2.57
                                                                                                                                                                                                                                                                                                                                                                                                                                                                                                                                                                                                                                                                                                                                                                                                                                                                                                                                                                                                                                                                                                                                                                                                                                                                                                                                                                                                                                                                                                                                                                                                                                                                                                                                                                                                                                                                                                                                                                                                                                                                                                                                                                                                                                                                                                                                                                                                                                                                                                                                                                                                                                                                                                                                                                                                                                                                                                                                                                                                                                                                                                                                                                                                                                                                                                                                                                                                                                                                                                                                                                                                                                                                                                                                                                                                                                                                                                                                                                                                                                                                                                                                                                          