DEBUG 2026-06-09 16:58:33 rt_utils.py:241 Third-party plugin import summary: imported=[] failed=[]
DEBUG 2026-06-09 16:58:33 d_metavar.py:22 Metavar for type None: None
DEBUG 2026-06-09 16:58:33 formatter.py:52 action type: None, Result: , nargs: 0, default metavar: None
DEBUG 2026-06-09 16:58:33 d_metavar.py:22 Metavar for type <class 'str'>: str
DEBUG 2026-06-09 16:58:33 formatter.py:52 action type: <class 'str'>, Result: str, nargs: None, default metavar: None
DEBUG 2026-06-09 16:58:33 _wrapper.py:168 wrapped field at policy_type has a default value of None
DEBUG 2026-06-09 16:58:33 _wrapper.py:168 wrapped field at pretrained_name_or_path has a default value of None
DEBUG 2026-06-09 16:58:33 _wrapper.py:168 wrapped field at actions_per_chunk has a default value of None
DEBUG 2026-06-09 16:58:33 _wrapper.py:168 wrapped field at task has a default value of 
DEBUG 2026-06-09 16:58:33 _wrapper.py:168 wrapped field at server_address has a default value of localhost:8080
DEBUG 2026-06-09 16:58:33 _wrapper.py:168 wrapped field at policy_device has a default value of cpu
DEBUG 2026-06-09 16:58:33 _wrapper.py:168 wrapped field at client_device has a default value of cpu
DEBUG 2026-06-09 16:58:33 _wrapper.py:168 wrapped field at chunk_size_threshold has a default value of 0.5
DEBUG 2026-06-09 16:58:33 _wrapper.py:168 wrapped field at fps has a default value of 30
DEBUG 2026-06-09 16:58:33 _wrapper.py:168 wrapped field at aggregate_fn_name has a default value of weighted_average
DEBUG 2026-06-09 16:58:33 _wrapper.py:168 wrapped field at debug_visualize_queue_size has a default value of False
DEBUG 2026-06-09 16:58:33 _wrapper.py:309 Arg options for field 'policy_type': {'required': False, 'dest': 'policy_type', 'default': None, 'help': 'Policy configuration', 'type': <class 'str'>}
DEBUG 2026-06-09 16:58:33 _wrapper.py:309 Arg options for field 'pretrained_name_or_path': {'required': False, 'dest': 'pretrained_name_or_path', 'default': None, 'type': <class 'str'>}
DEBUG 2026-06-09 16:58:33 d_metavar.py:22 Metavar for type <class 'str'>: str
DEBUG 2026-06-09 16:58:33 formatter.py:52 action type: <class 'str'>, Result: str, nargs: None, default metavar: None
DEBUG 2026-06-09 16:58:33 _wrapper.py:168 wrapped field at robot.port has a default value of None
DEBUG 2026-06-09 16:58:33 _wrapper.py:168 wrapped field at robot.disable_torque_on_disconnect has a default value of True
DEBUG 2026-06-09 16:58:33 _wrapper.py:201 wrapped field at robot.max_relative_target has a default value of None
DEBUG 2026-06-09 16:58:33 _wrapper.py:201 wrapped field at robot.cameras has a default value of {}
DEBUG 2026-06-09 16:58:33 _wrapper.py:168 wrapped field at robot.use_degrees has a default value of True
DEBUG 2026-06-09 16:58:33 _wrapper.py:201 wrapped field at robot.id has a default value of None
DEBUG 2026-06-09 16:58:33 _wrapper.py:201 wrapped field at robot.calibration_dir has a default value of None
DEBUG 2026-06-09 16:58:33 _wrapper.py:168 wrapped field at robot.port has a default value of None
DEBUG 2026-06-09 16:58:33 _wrapper.py:168 wrapped field at robot.disable_torque_on_disconnect has a default value of True
DEBUG 2026-06-09 16:58:33 _wrapper.py:201 wrapped field at robot.max_relative_target has a default value of None
DEBUG 2026-06-09 16:58:33 _wrapper.py:201 wrapped field at robot.cameras has a default value of {}
DEBUG 2026-06-09 16:58:33 _wrapper.py:168 wrapped field at robot.use_degrees has a default value of True
DEBUG 2026-06-09 16:58:33 _wrapper.py:201 wrapped field at robot.id has a default value of None
DEBUG 2026-06-09 16:58:33 _wrapper.py:201 wrapped field at robot.calibration_dir has a default value of None
DEBUG 2026-06-09 16:58:33 _wrapper.py:201 wrapped field at robot.id has a default value of None
DEBUG 2026-06-09 16:58:33 _wrapper.py:201 wrapped field at robot.calibration_dir has a default value of None
DEBUG 2026-06-09 16:58:33 _wrapper.py:168 wrapped field at robot.left_arm_config.port has a default value of None
DEBUG 2026-06-09 16:58:33 _wrapper.py:168 wrapped field at robot.left_arm_config.disable_torque_on_disconnect has a default value of True
DEBUG 2026-06-09 16:58:33 _wrapper.py:201 wrapped field at robot.left_arm_config.max_relative_target has a default value of None
DEBUG 2026-06-09 16:58:33 _wrapper.py:201 wrapped field at robot.left_arm_config.cameras has a default value of {}
DEBUG 2026-06-09 16:58:33 _wrapper.py:168 wrapped field at robot.left_arm_config.use_degrees has a default value of True
DEBUG 2026-06-09 16:58:33 _wrapper.py:168 wrapped field at robot.right_arm_config.port has a default value of None
DEBUG 2026-06-09 16:58:33 _wrapper.py:168 wrapped field at robot.right_arm_config.disable_torque_on_disconnect has a default value of True
DEBUG 2026-06-09 16:58:33 _wrapper.py:201 wrapped field at robot.right_arm_config.max_relative_target has a default value of None
DEBUG 2026-06-09 16:58:33 _wrapper.py:201 wrapped field at robot.right_arm_config.cameras has a default value of {}
DEBUG 2026-06-09 16:58:33 _wrapper.py:168 wrapped field at robot.right_arm_config.use_degrees has a default value of True
DEBUG 2026-06-09 16:58:33 _wrapper.py:201 wrapped field at robot.top_cameras has a default value of {}
DEBUG 2026-06-09 16:58:33 _wrapper.py:201 wrapped field at robot.id has a default value of None
DEBUG 2026-06-09 16:58:33 _wrapper.py:201 wrapped field at robot.calibration_dir has a default value of None
DEBUG 2026-06-09 16:58:33 _wrapper.py:168 wrapped field at robot.port has a default value of None
DEBUG 2026-06-09 16:58:33 _wrapper.py:168 wrapped field at robot.disable_torque_on_disconnect has a default value of True
DEBUG 2026-06-09 16:58:33 _wrapper.py:201 wrapped field at robot.max_relative_target has a default value of None
DEBUG 2026-06-09 16:58:33 _wrapper.py:201 wrapped field at robot.cameras has a default value of {}
DEBUG 2026-06-09 16:58:33 _wrapper.py:168 wrapped field at robot.use_degrees has a default value of False
DEBUG 2026-06-09 16:58:33 _wrapper.py:201 wrapped field at robot.id has a default value of None
DEBUG 2026-06-09 16:58:33 _wrapper.py:201 wrapped field at robot.calibration_dir has a default value of None
DEBUG 2026-06-09 16:58:33 _wrapper.py:168 wrapped field at robot.port has a default value of None
DEBUG 2026-06-09 16:58:33 _wrapper.py:168 wrapped field at robot.disable_torque_on_disconnect has a default value of True
DEBUG 2026-06-09 16:58:33 _wrapper.py:201 wrapped field at robot.max_relative_target has a default value of None
DEBUG 2026-06-09 16:58:33 _wrapper.py:201 wrapped field at robot.cameras has a default value of {}
DEBUG 2026-06-09 16:58:33 _wrapper.py:168 wrapped field at robot.use_degrees has a default value of False
DEBUG 2026-06-09 16:58:33 docstring.py:65 Couldn't find the attribute docstring: could not find class definition
DEBUG 2026-06-09 16:58:33 _wrapper.py:309 Arg options for field 'port': {'required': False, 'dest': 'robot.port', 'default': None, 'type': <class 'str'>}
DEBUG 2026-06-09 16:58:33 docstring.py:65 Couldn't find the attribute docstring: could not find class definition
DEBUG 2026-06-09 16:58:33 _wrapper.py:309 Arg options for field 'disable_torque_on_disconnect': {'required': False, 'dest': 'robot.disable_torque_on_disconnect', 'default': True, 'help': ' ', 'type': <class 'bool'>}
DEBUG 2026-06-09 16:58:33 docstring.py:65 Couldn't find the attribute docstring: could not find class definition
DEBUG 2026-06-09 16:58:33 _wrapper.py:309 Arg options for field 'max_relative_target': {'required': False, 'dest': 'robot.max_relative_target', 'default': None, 'type': typing.Union[float, typing.Dict[str, float], NoneType]}
DEBUG 2026-06-09 16:58:33 docstring.py:65 Couldn't find the attribute docstring: could not find class definition
DEBUG 2026-06-09 16:58:33 _wrapper.py:309 Arg options for field 'cameras': {'required': False, 'dest': 'robot.cameras', 'default': {}, 'help': ' ', 'type': typing.Dict[str, lerobot.cameras.configs.CameraConfig]}
DEBUG 2026-06-09 16:58:33 docstring.py:65 Couldn't find the attribute docstring: could not find class definition
DEBUG 2026-06-09 16:58:33 _wrapper.py:309 Arg options for field 'use_degrees': {'required': False, 'dest': 'robot.use_degrees', 'default': True, 'help': ' ', 'type': <class 'bool'>}
DEBUG 2026-06-09 16:58:33 _wrapper.py:309 Arg options for field 'id': {'required': False, 'dest': 'robot.id', 'default': None, 'help': 'Allows to distinguish between different robots of the same type', 'type': typing.Optional[str]}
DEBUG 2026-06-09 16:58:33 _wrapper.py:309 Arg options for field 'calibration_dir': {'required': False, 'dest': 'robot.calibration_dir', 'default': None, 'help': 'Directory to store calibration file', 'type': typing.Optional[pathlib.Path]}
DEBUG 2026-06-09 16:58:33 docstring.py:65 Couldn't find the attribute docstring: could not find class definition
DEBUG 2026-06-09 16:58:33 _wrapper.py:309 Arg options for field 'port': {'required': False, 'dest': 'robot.port', 'default': None, 'type': <class 'str'>}
DEBUG 2026-06-09 16:58:33 docstring.py:65 Couldn't find the attribute docstring: could not find class definition
DEBUG 2026-06-09 16:58:33 _wrapper.py:309 Arg options for field 'disable_torque_on_disconnect': {'required': False, 'dest': 'robot.disable_torque_on_disconnect', 'default': True, 'help': ' ', 'type': <class 'bool'>}
DEBUG 2026-06-09 16:58:33 docstring.py:65 Couldn't find the attribute docstring: could not find class definition
DEBUG 2026-06-09 16:58:33 _wrapper.py:309 Arg options for field 'max_relative_target': {'required': False, 'dest': 'robot.max_relative_target', 'default': None, 'type': typing.Union[float, typing.Dict[str, float], NoneType]}
DEBUG 2026-06-09 16:58:33 docstring.py:65 Couldn't find the attribute docstring: could not find class definition
DEBUG 2026-06-09 16:58:33 _wrapper.py:309 Arg options for field 'cameras': {'required': False, 'dest': 'robot.cameras', 'default': {}, 'help': ' ', 'type': typing.Dict[str, lerobot.cameras.configs.CameraConfig]}
DEBUG 2026-06-09 16:58:33 docstring.py:65 Couldn't find the attribute docstring: could not find class definition
DEBUG 2026-06-09 16:58:33 _wrapper.py:309 Arg options for field 'use_degrees': {'required': False, 'dest': 'robot.use_degrees', 'default': True, 'help': ' ', 'type': <class 'bool'>}
DEBUG 2026-06-09 16:58:33 _wrapper.py:309 Arg options for field 'id': {'required': False, 'dest': 'robot.id', 'default': None, 'help': 'Allows to distinguish between different robots of the same type', 'type': typing.Optional[str]}
DEBUG 2026-06-09 16:58:33 _wrapper.py:309 Arg options for field 'calibration_dir': {'required': False, 'dest': 'robot.calibration_dir', 'default': None, 'help': 'Directory to store calibration file', 'type': typing.Optional[pathlib.Path]}
DEBUG 2026-06-09 16:58:33 _wrapper.py:309 Arg options for field 'id': {'required': False, 'dest': 'robot.id', 'default': None, 'help': 'Allows to distinguish between different robots of the same type', 'type': typing.Optional[str]}
DEBUG 2026-06-09 16:58:33 _wrapper.py:309 Arg options for field 'calibration_dir': {'required': False, 'dest': 'robot.calibration_dir', 'default': None, 'help': 'Directory to store calibration file', 'type': typing.Optional[pathlib.Path]}
DEBUG 2026-06-09 16:58:33 d_metavar.py:22 Metavar for type <class 'str'>: str
DEBUG 2026-06-09 16:58:33 formatter.py:52 action type: <class 'str'>, Result: str, nargs: None, default metavar: None
DEBUG 2026-06-09 16:58:33 _wrapper.py:309 Arg options for field 'port': {'required': False, 'dest': 'robot.left_arm_config.port', 'default': None, 'help': 'Port to connect to the arm', 'type': <class 'str'>}
DEBUG 2026-06-09 16:58:33 _wrapper.py:309 Arg options for field 'disable_torque_on_disconnect': {'required': False, 'dest': 'robot.left_arm_config.disable_torque_on_disconnect', 'default': True, 'help': ' ', 'type': <class 'bool'>}
DEBUG 2026-06-09 16:58:33 _wrapper.py:309 Arg options for field 'max_relative_target': {'required': False, 'dest': 'robot.left_arm_config.max_relative_target', 'default': None, 'help': '`max_relative_target` limits the magnitude of the relative positional target vector for safety purposes.\nSet this to a positive scalar to have the same value for all motors, or a dictionary that maps motor\nnames to the max_relative_target value for that motor.', 'type': typing.Union[float, typing.Dict[str, float], NoneType]}
DEBUG 2026-06-09 16:58:33 _wrapper.py:309 Arg options for field 'cameras': {'required': False, 'dest': 'robot.left_arm_config.cameras', 'default': {}, 'help': 'cameras', 'type': typing.Dict[str, lerobot.cameras.configs.CameraConfig]}
DEBUG 2026-06-09 16:58:33 _wrapper.py:309 Arg options for field 'use_degrees': {'required': False, 'dest': 'robot.left_arm_config.use_degrees', 'default': True, 'help': 'Set to `True` for backward compatibility with previous policies/dataset', 'type': <class 'bool'>}
DEBUG 2026-06-09 16:58:33 d_metavar.py:22 Metavar for type <class 'str'>: str
DEBUG 2026-06-09 16:58:33 formatter.py:52 action type: <class 'str'>, Result: str, nargs: None, default metavar: None
DEBUG 2026-06-09 16:58:33 _wrapper.py:309 Arg options for field 'port': {'required': False, 'dest': 'robot.right_arm_config.port', 'default': None, 'help': 'Port to connect to the arm', 'type': <class 'str'>}
DEBUG 2026-06-09 16:58:33 _wrapper.py:309 Arg options for field 'disable_torque_on_disconnect': {'required': False, 'dest': 'robot.right_arm_config.disable_torque_on_disconnect', 'default': True, 'help': ' ', 'type': <class 'bool'>}
DEBUG 2026-06-09 16:58:33 _wrapper.py:309 Arg options for field 'max_relative_target': {'required': False, 'dest': 'robot.right_arm_config.max_relative_target', 'default': None, 'help': '`max_relative_target` limits the magnitude of the relative positional target vector for safety purposes.\nSet this to a positive scalar to have the same value for all motors, or a dictionary that maps motor\nnames to the max_relative_target value for that motor.', 'type': typing.Union[float, typing.Dict[str, float], NoneType]}
DEBUG 2026-06-09 16:58:33 _wrapper.py:309 Arg options for field 'cameras': {'required': False, 'dest': 'robot.right_arm_config.cameras', 'default': {}, 'help': 'cameras', 'type': typing.Dict[str, lerobot.cameras.configs.CameraConfig]}
DEBUG 2026-06-09 16:58:33 _wrapper.py:309 Arg options for field 'use_degrees': {'required': False, 'dest': 'robot.right_arm_config.use_degrees', 'default': True, 'help': 'Set to `True` for backward compatibility with previous policies/dataset', 'type': <class 'bool'>}
DEBUG 2026-06-09 16:58:33 _wrapper.py:309 Arg options for field 'top_cameras': {'required': False, 'dest': 'robot.top_cameras', 'default': {}, 'help': ' ', 'type': typing.Dict[str, lerobot.cameras.configs.CameraConfig]}
DEBUG 2026-06-09 16:58:33 _wrapper.py:309 Arg options for field 'id': {'required': False, 'dest': 'robot.id', 'default': None, 'help': 'Allows to distinguish between different robots of the same type', 'type': typing.Optional[str]}
DEBUG 2026-06-09 16:58:33 _wrapper.py:309 Arg options for field 'calibration_dir': {'required': False, 'dest': 'robot.calibration_dir', 'default': None, 'help': 'Directory to store calibration file', 'type': typing.Optional[pathlib.Path]}
DEBUG 2026-06-09 16:58:33 _wrapper.py:309 Arg options for field 'port': {'required': False, 'dest': 'robot.port', 'default': None, 'help': 'Port to connect to the arm', 'type': <class 'str'>}
DEBUG 2026-06-09 16:58:33 _wrapper.py:309 Arg options for field 'disable_torque_on_disconnect': {'required': False, 'dest': 'robot.disable_torque_on_disconnect', 'default': True, 'help': ' ', 'type': <class 'bool'>}
DEBUG 2026-06-09 16:58:33 _wrapper.py:309 Arg options for field 'max_relative_target': {'required': False, 'dest': 'robot.max_relative_target', 'default': None, 'help': '`max_relative_target` limits the magnitude of the relative positional target vector for safety purposes.\nSet this to a positive scalar to have the same value for all motors, or a dictionary that maps motor\nnames to the max_relative_target value for that motor.', 'type': typing.Union[float, typing.Dict[str, float], NoneType]}
DEBUG 2026-06-09 16:58:33 _wrapper.py:309 Arg options for field 'cameras': {'required': False, 'dest': 'robot.cameras', 'default': {}, 'help': 'cameras', 'type': typing.Dict[str, lerobot.cameras.configs.CameraConfig]}
DEBUG 2026-06-09 16:58:33 _wrapper.py:309 Arg options for field 'use_degrees': {'required': False, 'dest': 'robot.use_degrees', 'default': False, 'help': 'Set to `True` for backward compatibility with previous policies/dataset', 'type': <class 'bool'>}
DEBUG 2026-06-09 16:58:33 _wrapper.py:309 Arg options for field 'id': {'required': False, 'dest': 'robot.id', 'default': None, 'help': 'Allows to distinguish between different robots of the same type', 'type': typing.Optional[str]}
DEBUG 2026-06-09 16:58:33 _wrapper.py:309 Arg options for field 'calibration_dir': {'required': False, 'dest': 'robot.calibration_dir', 'default': None, 'help': 'Directory to store calibration file', 'type': typing.Optional[pathlib.Path]}
DEBUG 2026-06-09 16:58:33 _wrapper.py:309 Arg options for field 'port': {'required': False, 'dest': 'robot.port', 'default': None, 'help': 'Port to connect to the arm', 'type': <class 'str'>}
DEBUG 2026-06-09 16:58:33 _wrapper.py:309 Arg options for field 'disable_torque_on_disconnect': {'required': False, 'dest': 'robot.disable_torque_on_disconnect', 'default': True, 'help': ' ', 'type': <class 'bool'>}
DEBUG 2026-06-09 16:58:33 _wrapper.py:309 Arg options for field 'max_relative_target': {'required': False, 'dest': 'robot.max_relative_target', 'default': None, 'help': '`max_relative_target` limits the magnitude of the relative positional target vector for safety purposes.\nSet this to a positive scalar to have the same value for all motors, or a dictionary that maps motor\nnames to the max_relative_target value for that motor.', 'type': typing.Union[float, typing.Dict[str, float], NoneType]}
DEBUG 2026-06-09 16:58:33 _wrapper.py:309 Arg options for field 'cameras': {'required': False, 'dest': 'robot.cameras', 'default': {}, 'help': 'cameras', 'type': typing.Dict[str, lerobot.cameras.configs.CameraConfig]}
DEBUG 2026-06-09 16:58:33 _wrapper.py:309 Arg options for field 'use_degrees': {'required': False, 'dest': 'robot.use_degrees', 'default': False, 'help': 'Set to `True` for backward compatibility with previous policies/dataset', 'type': <class 'bool'>}
DEBUG 2026-06-09 16:58:33 _wrapper.py:309 Arg options for field 'actions_per_chunk': {'required': False, 'dest': 'actions_per_chunk', 'default': None, 'help': 'Policies typically output K actions at max, but we can use less to avoid wasting bandwidth (as actions\nwould be aggregated on the client side anyway, depending on the value of `chunk_size_threshold`)', 'type': <class 'int'>}
DEBUG 2026-06-09 16:58:33 _wrapper.py:309 Arg options for field 'task': {'required': False, 'dest': 'task', 'default': '', 'help': "Task instruction for the robot to execute (e.g., 'fold my tshirt')", 'type': <class 'str'>}
DEBUG 2026-06-09 16:58:33 _wrapper.py:309 Arg options for field 'server_address': {'required': False, 'dest': 'server_address', 'default': 'localhost:8080', 'help': 'Network configuration', 'type': <class 'str'>}
DEBUG 2026-06-09 16:58:33 _wrapper.py:309 Arg options for field 'policy_device': {'required': False, 'dest': 'policy_device', 'default': 'cpu', 'help': 'Device configuration', 'type': <class 'str'>}
DEBUG 2026-06-09 16:58:33 ocstring.py:253 Warning: Unable to parse attribute docstring:         default="cpu",
DEBUG 2026-06-09 16:58:33 _wrapper.py:309 Arg options for field 'client_device': {'required': False, 'dest': 'client_device', 'default': 'cpu', 'help': ' ', 'type': <class 'str'>}
DEBUG 2026-06-09 16:58:33 _wrapper.py:309 Arg options for field 'chunk_size_threshold': {'required': False, 'dest': 'chunk_size_threshold', 'default': 0.5, 'help': '\n\nControl behavior configuration', 'type': <class 'float'>}
DEBUG 2026-06-09 16:58:33 _wrapper.py:309 Arg options for field 'fps': {'required': False, 'dest': 'fps', 'default': 30, 'help': ' ', 'type': <class 'int'>}
DEBUG 2026-06-09 16:58:33 ocstring.py:253 Warning: Unable to parse attribute docstring:         default="weighted_average",
DEBUG 2026-06-09 16:58:33 _wrapper.py:309 Arg options for field 'aggregate_fn_name': {'required': False, 'dest': 'aggregate_fn_name', 'default': 'weighted_average', 'help': 'Aggregate function configuration (CLI-compatible)', 'type': <class 'str'>}
DEBUG 2026-06-09 16:58:33 ocstring.py:253 Warning: Unable to parse attribute docstring:         default=False, metadata={"help": "Visualize the action queue size"}
DEBUG 2026-06-09 16:58:33 _wrapper.py:309 Arg options for field 'debug_visualize_queue_size': {'required': False, 'dest': 'debug_visualize_queue_size', 'default': False, 'help': '\n\n\nDebug configuration', 'type': <class 'bool'>}
DEBUG 2026-06-09 16:58:33 gparsing.py:143 
POST PROCESSING

DEBUG 2026-06-09 16:58:33 gparsing.py:144 (raw) parsed args: Namespace(task='Stack the cup', server_address='10.145.8.86:8080', policy_type='groot', pretrained_name_or_path='oliveoil8888/groot-stack-cup', policy_device='cuda', actions_per_chunk='16', debug_visualize_queue_size='true', **{'robot.type': 'bi_so_follower', 'robot.left_arm_config.port': '/dev/follower_left', 'robot.right_arm_config.port': '/dev/follower_right', 'robot.id': 'follower', 'robot.top_cameras': '{ top_realsense_color: {type: opencv, index_or_path: /dev/video4, width: 640, height: 480, fps: 30}, top_realsense_depth: {type: opencv, index_or_path: /dev/video2, width: 640, height: 480, fps: 30}, top_webcam: {type: opencv, index_or_path: /dev/video6, width: 640, height: 480, fps: 30}}', 'robot.right_arm_config.cameras': '{ wrist: {type: opencv, index_or_path: /dev/wrist_right, width: 640, height: 480, fps: 30}}', 'robot.left_arm_config.cameras': '{ wrist:  {type: opencv, index_or_path: /dev/wrist_left,  width: 640, height: 480, fps: 30}}'})
DEBUG 2026-06-09 16:58:33 decoding.py:112 from_dict for <class 'lerobot.async_inference.configs.RobotClientConfig'>
DEBUG 2026-06-09 16:58:33 decoding.py:132 Decode name = policy_type, type = <class 'str'>
DEBUG 2026-06-09 16:58:33 decoding.py:132 Decode name = pretrained_name_or_path, type = <class 'str'>
DEBUG 2026-06-09 16:58:33 decoding.py:132 Decode name = robot, type = <class 'lerobot.robots.config.RobotConfig'>
DEBUG 2026-06-09 16:58:33 decoding.py:112 from_dict for <class 'lerobot.robots.bi_so_follower.config_bi_so_follower.BiSOFollowerConfig'>
DEBUG 2026-06-09 16:58:33 decoding.py:132 Decode name = id, type = typing.Optional[str]
DEBUG 2026-06-09 16:58:33 decoding.py:293 Decoding a Union field: typing.Optional[str]
DEBUG 2026-06-09 16:58:33 decoding.py:132 Decode name = left_arm_config, type = <class 'lerobot.robots.so_follower.config_so_follower.SOFollowerConfig'>
DEBUG 2026-06-09 16:58:33 decoding.py:112 from_dict for <class 'lerobot.robots.so_follower.config_so_follower.SOFollowerConfig'>
DEBUG 2026-06-09 16:58:33 decoding.py:132 Decode name = port, type = <class 'str'>
DEBUG 2026-06-09 16:58:33 decoding.py:132 Decode name = cameras, type = dict[str, lerobot.cameras.configs.CameraConfig]
DEBUG 2026-06-09 16:58:33 decoding.py:261 Decoding a Dict field: dict[str, lerobot.cameras.configs.CameraConfig]
DEBUG 2026-06-09 16:58:33 decoding.py:112 from_dict for <class 'lerobot.cameras.opencv.configuration_opencv.OpenCVCameraConfig'>
DEBUG 2026-06-09 16:58:33 decoding.py:132 Decode name = fps, type = typing.Optional[int]
DEBUG 2026-06-09 16:58:33 decoding.py:293 Decoding a Union field: typing.Optional[int]
DEBUG 2026-06-09 16:58:33 decoding.py:132 Decode name = width, type = typing.Optional[int]
DEBUG 2026-06-09 16:58:33 decoding.py:132 Decode name = height, type = typing.Optional[int]
DEBUG 2026-06-09 16:58:33 decoding.py:132 Decode name = index_or_path, type = typing.Union[int, pathlib.Path]
DEBUG 2026-06-09 16:58:33 decoding.py:293 Decoding a Union field: typing.Union[int, pathlib.Path]
DEBUG 2026-06-09 16:58:33 decoding.py:132 Decode name = right_arm_config, type = <class 'lerobot.robots.so_follower.config_so_follower.SOFollowerConfig'>
DEBUG 2026-06-09 16:58:33 decoding.py:112 from_dict for <class 'lerobot.robots.so_follower.config_so_follower.SOFollowerConfig'>
DEBUG 2026-06-09 16:58:33 decoding.py:132 Decode name = port, type = <class 'str'>
DEBUG 2026-06-09 16:58:33 decoding.py:132 Decode name = cameras, type = dict[str, lerobot.cameras.configs.CameraConfig]
DEBUG 2026-06-09 16:58:33 decoding.py:112 from_dict for <class 'lerobot.cameras.opencv.configuration_opencv.OpenCVCameraConfig'>
DEBUG 2026-06-09 16:58:33 decoding.py:132 Decode name = fps, type = typing.Optional[int]
DEBUG 2026-06-09 16:58:33 decoding.py:132 Decode name = width, type = typing.Optional[int]
DEBUG 2026-06-09 16:58:33 decoding.py:132 Decode name = height, type = typing.Optional[int]
DEBUG 2026-06-09 16:58:33 decoding.py:132 Decode name = index_or_path, type = typing.Union[int, pathlib.Path]
DEBUG 2026-06-09 16:58:33 decoding.py:132 Decode name = top_cameras, type = dict[str, lerobot.cameras.configs.CameraConfig]
DEBUG 2026-06-09 16:58:33 decoding.py:112 from_dict for <class 'lerobot.cameras.opencv.configuration_opencv.OpenCVCameraConfig'>
DEBUG 2026-06-09 16:58:33 decoding.py:132 Decode name = fps, type = typing.Optional[int]
DEBUG 2026-06-09 16:58:33 decoding.py:132 Decode name = width, type = typing.Optional[int]
DEBUG 2026-06-09 16:58:33 decoding.py:132 Decode name = height, type = typing.Optional[int]
DEBUG 2026-06-09 16:58:33 decoding.py:132 Decode name = index_or_path, type = typing.Union[int, pathlib.Path]
DEBUG 2026-06-09 16:58:33 decoding.py:112 from_dict for <class 'lerobot.cameras.opencv.configuration_opencv.OpenCVCameraConfig'>
DEBUG 2026-06-09 16:58:33 decoding.py:132 Decode name = fps, type = typing.Optional[int]
DEBUG 2026-06-09 16:58:33 decoding.py:132 Decode name = width, type = typing.Optional[int]
DEBUG 2026-06-09 16:58:33 decoding.py:132 Decode name = height, type = typing.Optional[int]
DEBUG 2026-06-09 16:58:33 decoding.py:132 Decode name = index_or_path, type = typing.Union[int, pathlib.Path]
DEBUG 2026-06-09 16:58:33 decoding.py:112 from_dict for <class 'lerobot.cameras.opencv.configuration_opencv.OpenCVCameraConfig'>
DEBUG 2026-06-09 16:58:33 decoding.py:132 Decode name = fps, type = typing.Optional[int]
DEBUG 2026-06-09 16:58:33 decoding.py:132 Decode name = width, type = typing.Optional[int]
DEBUG 2026-06-09 16:58:33 decoding.py:132 Decode name = height, type = typing.Optional[int]
DEBUG 2026-06-09 16:58:33 decoding.py:132 Decode name = index_or_path, type = typing.Union[int, pathlib.Path]
DEBUG 2026-06-09 16:58:33 decoding.py:132 Decode name = actions_per_chunk, type = <class 'int'>
DEBUG 2026-06-09 16:58:33 decoding.py:132 Decode name = task, type = <class 'str'>
DEBUG 2026-06-09 16:58:33 decoding.py:132 Decode name = server_address, type = <class 'str'>
DEBUG 2026-06-09 16:58:33 decoding.py:132 Decode name = policy_device, type = <class 'str'>
DEBUG 2026-06-09 16:58:33 decoding.py:132 Decode name = debug_visualize_queue_size, type = <class 'bool'>
INFO 2026-06-09 16:58:33 t_client.py:486 {'actions_per_chunk': 16,
 'aggregate_fn_name': 'weighted_average',
 'chunk_size_threshold': 0.5,
 'client_device': 'cpu',
 'debug_visualize_queue_size': True,
 'fps': 30,
 'policy_device': 'cuda',
 'policy_type': 'groot',
 'pretrained_name_or_path': 'oliveoil8888/groot-stack-cup',
 'robot': {'calibration_dir': None,
           'id': 'follower',
           'left_arm_config': {'cameras': {'wrist': {'backend': <Cv2Backends.ANY: 0>,
                                                     'color_mode': <ColorMode.RGB: 'rgb'>,
                                                     'fourcc': 'MJPG',
                                                     'fps': 30,
                                                     'height': 480,
                                                     'index_or_path': PosixPath('/dev/wrist_left'),
                                                     'rotation': <Cv2Rotation.NO_ROTATION: 0>,
                                                     'warmup_s': 1,
                                                     'width': 640}},
                               'disable_torque_on_disconnect': True,
                               'max_relative_target': None,
                               'port': '/dev/follower_left',
                               'use_degrees': True},
           'right_arm_config': {'cameras': {'wrist': {'backend': <Cv2Backends.ANY: 0>,
                                                      'color_mode': <ColorMode.RGB: 'rgb'>,
                                                      'fourcc': 'MJPG',
                                                      'fps': 30,
                                                      'height': 480,
                                                      'index_or_path': PosixPath('/dev/wrist_right'),
                                                      'rotation': <Cv2Rotation.NO_ROTATION: 0>,
                                                      'warmup_s': 1,
                                                      'width': 640}},
                                'disable_torque_on_disconnect': True,
                                'max_relative_target': None,
                                'port': '/dev/follower_right',
                                'use_degrees': True},
           'top_cameras': {'top_realsense_color': {'backend': <Cv2Backends.ANY: 0>,
                                                   'color_mode': <ColorMode.RGB: 'rgb'>,
                                                   'fourcc': 'MJPG',
                                                   'fps': 30,
                                                   'height': 480,
                                                   'index_or_path': PosixPath('/dev/video4'),
                                                   'rotation': <Cv2Rotation.NO_ROTATION: 0>,
                                                   'warmup_s': 1,
                                                   'width': 640},
                           'top_realsense_depth': {'backend': <Cv2Backends.ANY: 0>,
                                                   'color_mode': <ColorMode.RGB: 'rgb'>,
                                                   'fourcc': 'MJPG',
                                                   'fps': 30,
                                                   'height': 480,
                                                   'index_or_path': PosixPath('/dev/video2'),
                                                   'rotation': <Cv2Rotation.NO_ROTATION: 0>,
                                                   'warmup_s': 1,
                                                   'width': 640},
                           'top_webcam': {'backend': <Cv2Backends.ANY: 0>,
                                          'color_mode': <ColorMode.RGB: 'rgb'>,
                                          'fourcc': 'MJPG',
                                          'fps': 30,
                                          'height': 480,
                                          'index_or_path': PosixPath('/dev/video6'),
                                          'rotation': <Cv2Rotation.NO_ROTATION: 0>,
                                          'warmup_s': 1,
                                          'width': 640}}},
 'server_address': '10.145.8.86:8080',
 'task': 'Stack the cup'}
DEBUG 2026-06-09 16:58:33 decoding.py:261 Decoding a Dict field: typing.Dict[str, lerobot.motors.motors_bus.MotorCalibration]
DEBUG 2026-06-09 16:58:33 decoding.py:112 from_dict for <class 'lerobot.motors.motors_bus.MotorCalibration'>
DEBUG 2026-06-09 16:58:33 decoding.py:132 Decode name = id, type = <class 'int'>
DEBUG 2026-06-09 16:58:33 decoding.py:132 Decode name = drive_mode, type = <class 'int'>
DEBUG 2026-06-09 16:58:33 decoding.py:132 Decode name = homing_offset, type = <class 'int'>
DEBUG 2026-06-09 16:58:33 decoding.py:132 Decode name = range_min, type = <class 'int'>
DEBUG 2026-06-09 16:58:33 decoding.py:132 Decode name = range_max, type = <class 'int'>
DEBUG 2026-06-09 16:58:33 decoding.py:112 from_dict for <class 'lerobot.motors.motors_bus.MotorCalibration'>
DEBUG 2026-06-09 16:58:33 decoding.py:132 Decode name = id, type = <class 'int'>
DEBUG 2026-06-09 16:58:33 decoding.py:132 Decode name = drive_mode, type = <class 'int'>
DEBUG 2026-06-09 16:58:33 decoding.py:132 Decode name = homing_offset, type = <class 'int'>
DEBUG 2026-06-09 16:58:33 decoding.py:132 Decode name = range_min, type = <class 'int'>
DEBUG 2026-06-09 16:58:33 decoding.py:132 Decode name = range_max, type = <class 'int'>
DEBUG 2026-06-09 16:58:33 decoding.py:112 from_dict for <class 'lerobot.motors.motors_bus.MotorCalibration'>
DEBUG 2026-06-09 16:58:33 decoding.py:132 Decode name = id, type = <class 'int'>
DEBUG 2026-06-09 16:58:33 decoding.py:132 Decode name = drive_mode, type = <class 'int'>
DEBUG 2026-06-09 16:58:33 decoding.py:132 Decode name = homing_offset, type = <class 'int'>
DEBUG 2026-06-09 16:58:33 decoding.py:132 Decode name = range_min, type = <class 'int'>
DEBUG 2026-06-09 16:58:33 decoding.py:132 Decode name = range_max, type = <class 'int'>
DEBUG 2026-06-09 16:58:33 decoding.py:112 from_dict for <class 'lerobot.motors.motors_bus.MotorCalibration'>
DEBUG 2026-06-09 16:58:33 decoding.py:132 Decode name = id, type = <class 'int'>
DEBUG 2026-06-09 16:58:33 decoding.py:132 Decode name = drive_mode, type = <class 'int'>
DEBUG 2026-06-09 16:58:33 decoding.py:132 Decode name = homing_offset, type = <class 'int'>
DEBUG 2026-06-09 16:58:33 decoding.py:132 Decode name = range_min, type = <class 'int'>
DEBUG 2026-06-09 16:58:33 decoding.py:132 Decode name = range_max, type = <class 'int'>
DEBUG 2026-06-09 16:58:33 decoding.py:112 from_dict for <class 'lerobot.motors.motors_bus.MotorCalibration'>
DEBUG 2026-06-09 16:58:33 decoding.py:132 Decode name = id, type = <class 'int'>
DEBUG 2026-06-09 16:58:33 decoding.py:132 Decode name = drive_mode, type = <class 'int'>
DEBUG 2026-06-09 16:58:33 decoding.py:132 Decode name = homing_offset, type = <class 'int'>
DEBUG 2026-06-09 16:58:33 decoding.py:132 Decode name = range_min, type = <class 'int'>
DEBUG 2026-06-09 16:58:33 decoding.py:132 Decode name = range_max, type = <class 'int'>
DEBUG 2026-06-09 16:58:33 decoding.py:112 from_dict for <class 'lerobot.motors.motors_bus.MotorCalibration'>
DEBUG 2026-06-09 16:58:33 decoding.py:132 Decode name = id, type = <class 'int'>
DEBUG 2026-06-09 16:58:33 decoding.py:132 Decode name = drive_mode, type = <class 'int'>
DEBUG 2026-06-09 16:58:33 decoding.py:132 Decode name = homing_offset, type = <class 'int'>
DEBUG 2026-06-09 16:58:33 decoding.py:132 Decode name = range_min, type = <class 'int'>
DEBUG 2026-06-09 16:58:33 decoding.py:132 Decode name = range_max, type = <class 'int'>
DEBUG 2026-06-09 16:58:33 ort_utils.py:65 Detected feetech-servo-sdk version: 1.0.0
DEBUG 2026-06-09 16:58:33 ort_utils.py:65 Detected pyserial version: 3.5
DEBUG 2026-06-09 16:58:33 ort_utils.py:65 Detected deepdiff version: 8.6.2
DEBUG 2026-06-09 16:58:33 decoding.py:112 from_dict for <class 'lerobot.motors.motors_bus.MotorCalibration'>
DEBUG 2026-06-09 16:58:33 decoding.py:132 Decode name = id, type = <class 'int'>
DEBUG 2026-06-09 16:58:33 decoding.py:132 Decode name = drive_mode, type = <class 'int'>
DEBUG 2026-06-09 16:58:33 decoding.py:132 Decode name = homing_offset, type = <class 'int'>
DEBUG 2026-06-09 16:58:33 decoding.py:132 Decode name = range_min, type = <class 'int'>
DEBUG 2026-06-09 16:58:33 decoding.py:132 Decode name = range_max, type = <class 'int'>
DEBUG 2026-06-09 16:58:33 decoding.py:112 from_dict for <class 'lerobot.motors.motors_bus.MotorCalibration'>
DEBUG 2026-06-09 16:58:33 decoding.py:132 Decode name = id, type = <class 'int'>
DEBUG 2026-06-09 16:58:33 decoding.py:132 Decode name = drive_mode, type = <class 'int'>
DEBUG 2026-06-09 16:58:33 decoding.py:132 Decode name = homing_offset, type = <class 'int'>
DEBUG 2026-06-09 16:58:33 decoding.py:132 Decode name = range_min, type = <class 'int'>
DEBUG 2026-06-09 16:58:33 decoding.py:132 Decode name = range_max, type = <class 'int'>
DEBUG 2026-06-09 16:58:33 decoding.py:112 from_dict for <class 'lerobot.motors.motors_bus.MotorCalibration'>
DEBUG 2026-06-09 16:58:33 decoding.py:132 Decode name = id, type = <class 'int'>
DEBUG 2026-06-09 16:58:33 decoding.py:132 Decode name = drive_mode, type = <class 'int'>
DEBUG 2026-06-09 16:58:33 decoding.py:132 Decode name = homing_offset, type = <class 'int'>
DEBUG 2026-06-09 16:58:33 decoding.py:132 Decode name = range_min, type = <class 'int'>
DEBUG 2026-06-09 16:58:33 decoding.py:132 Decode name = range_max, type = <class 'int'>
DEBUG 2026-06-09 16:58:33 decoding.py:112 from_dict for <class 'lerobot.motors.motors_bus.MotorCalibration'>
DEBUG 2026-06-09 16:58:33 decoding.py:132 Decode name = id, type = <class 'int'>
DEBUG 2026-06-09 16:58:33 decoding.py:132 Decode name = drive_mode, type = <class 'int'>
DEBUG 2026-06-09 16:58:33 decoding.py:132 Decode name = homing_offset, type = <class 'int'>
DEBUG 2026-06-09 16:58:33 decoding.py:132 Decode name = range_min, type = <class 'int'>
DEBUG 2026-06-09 16:58:33 decoding.py:132 Decode name = range_max, type = <class 'int'>
DEBUG 2026-06-09 16:58:33 decoding.py:112 from_dict for <class 'lerobot.motors.motors_bus.MotorCalibration'>
DEBUG 2026-06-09 16:58:33 decoding.py:132 Decode name = id, type = <class 'int'>
DEBUG 2026-06-09 16:58:33 decoding.py:132 Decode name = drive_mode, type = <class 'int'>
DEBUG 2026-06-09 16:58:33 decoding.py:132 Decode name = homing_offset, type = <class 'int'>
DEBUG 2026-06-09 16:58:33 decoding.py:132 Decode name = range_min, type = <class 'int'>
DEBUG 2026-06-09 16:58:33 decoding.py:132 Decode name = range_max, type = <class 'int'>
DEBUG 2026-06-09 16:58:33 decoding.py:112 from_dict for <class 'lerobot.motors.motors_bus.MotorCalibration'>
DEBUG 2026-06-09 16:58:33 decoding.py:132 Decode name = id, type = <class 'int'>
DEBUG 2026-06-09 16:58:33 decoding.py:132 Decode name = drive_mode, type = <class 'int'>
DEBUG 2026-06-09 16:58:33 decoding.py:132 Decode name = homing_offset, type = <class 'int'>
DEBUG 2026-06-09 16:58:33 decoding.py:132 Decode name = range_min, type = <class 'int'>
DEBUG 2026-06-09 16:58:33 decoding.py:132 Decode name = range_max, type = <class 'int'>
DEBUG 2026-06-09 16:58:33 tors_bus.py:527 FeetechMotorsBus connected.
INFO 2026-06-09 16:58:35 a_opencv.py:183 OpenCVCamera(/dev/wrist_left) connected.
INFO 2026-06-09 16:58:35 follower.py:105 follower_left SOFollower connected.
DEBUG 2026-06-09 16:58:35 tors_bus.py:527 FeetechMotorsBus connected.
INFO 2026-06-09 16:58:36 a_opencv.py:183 OpenCVCamera(/dev/wrist_right) connected.
INFO 2026-06-09 16:58:36 follower.py:105 follower_right SOFollower connected.
WARNING 2026-06-09 16:58:36 a_opencv.py:266 OpenCVCamera(/dev/video4) failed to set fourcc=MJPG (actual=YUYV, success=True). Continuing with default format.
INFO 2026-06-09 16:58:37 a_opencv.py:183 OpenCVCamera(/dev/video4) connected.
INFO 2026-06-09 16:58:37 follower.py:134 Top camera 'top_realsense_color' connected.
WARNING 2026-06-09 16:58:37 a_opencv.py:266 OpenCVCamera(/dev/video2) failed to set fourcc=MJPG (actual=UYVY, success=True). Continuing with default format.
INFO 2026-06-09 16:58:38 a_opencv.py:183 OpenCVCamera(/dev/video2) connected.
INFO 2026-06-09 16:58:38 follower.py:134 Top camera 'top_realsense_depth' connected.
INFO 2026-06-09 16:58:40 a_opencv.py:183 OpenCVCamera(/dev/video6) connected.
INFO 2026-06-09 16:58:40 follower.py:134 Top camera 'top_webcam' connected.
INFO 2026-06-09 16:58:40 t_client.py:114 Initializing client to connect to server at 10.145.8.86:8080
INFO 2026-06-09 16:58:40 t_client.py:133 Robot connected and ready
DEBUG 2026-06-09 16:58:44 t_client.py:150 Connected to policy server in 4.1326s
INFO 2026-06-09 16:58:44 t_client.py:156 Sending policy instructions to policy server
DEBUG 2026-06-09 16:58:44 t_client.py:157 Policy type: groot | Pretrained name or path: oliveoil8888/groot-stack-cup | Device: cuda
INFO 2026-06-09 16:58:52 t_client.py:495 Starting action receiver thread...
INFO 2026-06-09 16:58:52 t_client.py:462 Control loop thread starting
INFO 2026-06-09 16:58:52 t_client.py:273 Action receiving thread starting
DEBUG 2026-06-09 16:58:52 follower.py:184 follower_right SOFollower read state: 5.3ms
DEBUG 2026-06-09 16:58:52 follower.py:191 follower_right SOFollower read wrist: 0.1ms
DEBUG 2026-06-09 16:58:52 follower.py:184 follower_left SOFollower read state: 4.1ms
DEBUG 2026-06-09 16:58:52 follower.py:191 follower_left SOFollower read wrist: 0.0ms
DEBUG 2026-06-09 16:58:52 t_client.py:198 Observation serialization time: 0.004996s
DEBUG 2026-06-09 16:58:52 ort/utils.py:54 [CLIENT] Observation Buffer size 4.395459175109863 MB with
DEBUG 2026-06-09 16:58:52 ort/utils.py:69 [CLIENT] Observation Sent 2097152/4608973 bytes with state 1
DEBUG 2026-06-09 16:58:52 ort/utils.py:69 [CLIENT] Observation Sent 4194304/4608973 bytes with state 2
DEBUG 2026-06-09 16:58:52 ort/utils.py:69 [CLIENT] Observation Sent 4608973/4608973 bytes with state 3
DEBUG 2026-06-09 16:58:52 ort/utils.py:71 [CLIENT] Observation Published 4.395459175109863 MB
DEBUG 2026-06-09 16:58:52 t_client.py:209 Sent observation #0 | 
DEBUG 2026-06-09 16:58:52 t_client.py:434 QUEUE SIZE: 0 (Must go: True)
DEBUG 2026-06-09 16:58:52 t_client.py:477 Control loop (ms): 203.94
DEBUG 2026-06-09 16:58:52 follower.py:184 follower_right SOFollower read state: 2.0ms
DEBUG 2026-06-09 16:58:52 follower.py:191 follower_right SOFollower read wrist: 0.1ms
DEBUG 2026-06-09 16:58:52 follower.py:184 follower_left SOFollower read state: 1.7ms
DEBUG 2026-06-09 16:58:52 follower.py:191 follower_left SOFollower read wrist: 0.0ms
DEBUG 2026-06-09 16:58:52 t_client.py:198 Observation serialization time: 0.007844s
DEBUG 2026-06-09 16:58:52 ort/utils.py:54 [CLIENT] Observation Buffer size 4.395459175109863 MB with
DEBUG 2026-06-09 16:58:52 ort/utils.py:69 [CLIENT] Observation Sent 2097152/4608973 bytes with state 1
DEBUG 2026-06-09 16:58:52 ort/utils.py:69 [CLIENT] Observation Sent 4194304/4608973 bytes with state 2
DEBUG 2026-06-09 16:58:52 ort/utils.py:69 [CLIENT] Observation Sent 4608973/4608973 bytes with state 3
DEBUG 2026-06-09 16:58:52 ort/utils.py:71 [CLIENT] Observation Published 4.395459175109863 MB
DEBUG 2026-06-09 16:58:52 t_client.py:209 Sent observation #0 | 
DEBUG 2026-06-09 16:58:52 t_client.py:434 QUEUE SIZE: 0 (Must go: False)
DEBUG 2026-06-09 16:58:52 t_client.py:477 Control loop (ms): 134.75
DEBUG 2026-06-09 16:58:52 follower.py:184 follower_right SOFollower read state: 2.2ms
DEBUG 2026-06-09 16:58:52 follower.py:191 follower_right SOFollower read wrist: 0.0ms
DEBUG 2026-06-09 16:58:52 follower.py:184 follower_left SOFollower read state: 2.1ms
DEBUG 2026-06-09 16:58:52 follower.py:191 follower_left SOFollower read wrist: 0.0ms
DEBUG 2026-06-09 16:58:52 t_client.py:198 Observation serialization time: 0.009585s
DEBUG 2026-06-09 16:58:52 ort/utils.py:54 [CLIENT] Observation Buffer size 4.395459175109863 MB with
DEBUG 2026-06-09 16:58:52 ort/utils.py:69 [CLIENT] Observation Sent 2097152/4608973 bytes with state 1
DEBUG 2026-06-09 16:58:52 ort/utils.py:69 [CLIENT] Observation Sent 4194304/4608973 bytes with state 2
DEBUG 2026-06-09 16:58:52 ort/utils.py:69 [CLIENT] Observation Sent 4608973/4608973 bytes with state 3
DEBUG 2026-06-09 16:58:52 ort/utils.py:71 [CLIENT] Observation Published 4.395459175109863 MB
DEBUG 2026-06-09 16:58:52 t_client.py:209 Sent observation #0 | 
DEBUG 2026-06-09 16:58:52 t_client.py:434 QUEUE SIZE: 0 (Must go: False)
DEBUG 2026-06-09 16:58:52 t_client.py:477 Control loop (ms): 119.66
DEBUG 2026-06-09 16:58:52 follower.py:184 follower_right SOFollower read state: 1.7ms
DEBUG 2026-06-09 16:58:52 follower.py:191 follower_right SOFollower read wrist: 0.0ms
DEBUG 2026-06-09 16:58:52 follower.py:184 follower_left SOFollower read state: 1.6ms
DEBUG 2026-06-09 16:58:52 follower.py:191 follower_left SOFollower read wrist: 0.0ms
DEBUG 2026-06-09 16:58:52 t_client.py:198 Observation serialization time: 0.003267s
DEBUG 2026-06-09 16:58:52 ort/utils.py:54 [CLIENT] Observation Buffer size 4.395459175109863 MB with
DEBUG 2026-06-09 16:58:52 ort/utils.py:69 [CLIENT] Observation Sent 2097152/4608973 bytes with state 1
DEBUG 2026-06-09 16:58:52 ort/utils.py:69 [CLIENT] Observation Sent 4194304/4608973 bytes with state 2
DEBUG 2026-06-09 16:58:52 ort/utils.py:69 [CLIENT] Observation Sent 4608973/4608973 bytes with state 3
DEBUG 2026-06-09 16:58:52 ort/utils.py:71 [CLIENT] Observation Published 4.395459175109863 MB
DEBUG 2026-06-09 16:58:52 t_client.py:209 Sent observation #0 | 
DEBUG 2026-06-09 16:58:52 t_client.py:434 QUEUE SIZE: 0 (Must go: False)
DEBUG 2026-06-09 16:58:52 t_client.py:477 Control loop (ms): 99.00
DEBUG 2026-06-09 16:58:52 follower.py:184 follower_right SOFollower read state: 5.4ms
DEBUG 2026-06-09 16:58:52 follower.py:191 follower_right SOFollower read wrist: 0.0ms
DEBUG 2026-06-09 16:58:52 t_client.py:292 Received actions on device: cpu
DEBUG 2026-06-09 16:58:52 t_client.py:302 Actions kept on device: cpu
DEBUG 2026-06-09 16:58:52 follower.py:184 follower_left SOFollower read state: 1.6ms
DEBUG 2026-06-09 16:58:52 follower.py:191 follower_left SOFollower read wrist: 0.0ms
DEBUG 2026-06-09 16:58:52 t_client.py:198 Observation serialization time: 0.004449s
DEBUG 2026-06-09 16:58:52 ort/utils.py:54 [CLIENT] Observation Buffer size 4.395459175109863 MB with
DEBUG 2026-06-09 16:58:52 ort/utils.py:69 [CLIENT] Observation Sent 2097152/4608973 bytes with state 1
DEBUG 2026-06-09 16:58:52 ort/utils.py:69 [CLIENT] Observation Sent 4194304/4608973 bytes with state 2
DEBUG 2026-06-09 16:58:52 ort/utils.py:69 [CLIENT] Observation Sent 4608973/4608973 bytes with state 3
DEBUG 2026-06-09 16:58:52 ort/utils.py:71 [CLIENT] Observation Published 4.395459175109863 MB
DEBUG 2026-06-09 16:58:52 t_client.py:209 Sent observation #0 | 
DEBUG 2026-06-09 16:58:52 t_client.py:434 QUEUE SIZE: 16 (Must go: False)
DEBUG 2026-06-09 16:58:52 t_client.py:477 Control loop (ms): 136.29
DEBUG 2026-06-09 16:58:52 t_client.py:477 Control loop (ms): 0.77
DEBUG 2026-06-09 16:58:52 t_client.py:477 Control loop (ms): 0.87
DEBUG 2026-06-09 16:58:52 t_client.py:477 Control loop (ms): 2.13
DEBUG 2026-06-09 16:58:53 t_client.py:477 Control loop (ms): 0.86
DEBUG 2026-06-09 16:58:53 t_client.py:477 Control loop (ms): 1.80
DEBUG 2026-06-09 16:58:53 t_client.py:477 Control loop (ms): 2.07
DEBUG 2026-06-09 16:58:53 t_client.py:477 Control loop (ms): 1.43
DEBUG 2026-06-09 16:58:53 follower.py:184 follower_right SOFollower read state: 1.8ms
DEBUG 2026-06-09 16:58:53 follower.py:191 follower_right SOFollower read wrist: 0.0ms
DEBUG 2026-06-09 16:58:53 follower.py:184 follower_left SOFollower read state: 1.9ms
DEBUG 2026-06-09 16:58:53 follower.py:191 follower_left SOFollower read wrist: 0.0ms
DEBUG 2026-06-09 16:58:53 t_client.py:198 Observation serialization time: 0.007576s
DEBUG 2026-06-09 16:58:53 ort/utils.py:54 [CLIENT] Observation Buffer size 4.395459175109863 MB with
DEBUG 2026-06-09 16:58:53 ort/utils.py:69 [CLIENT] Observation Sent 2097152/4608973 bytes with state 1
DEBUG 2026-06-09 16:58:53 ort/utils.py:69 [CLIENT] Observation Sent 4194304/4608973 bytes with state 2
DEBUG 2026-06-09 16:58:53 ort/utils.py:69 [CLIENT] Observation Sent 4608973/4608973 bytes with state 3
DEBUG 2026-06-09 16:58:53 ort/utils.py:71 [CLIENT] Observation Published 4.395459175109863 MB
DEBUG 2026-06-09 16:58:53 t_client.py:209 Sent observation #7 | 
DEBUG 2026-06-09 16:58:53 t_client.py:434 QUEUE SIZE: 8 (Must go: False)
DEBUG 2026-06-09 16:58:53 t_client.py:477 Control loop (ms): 121.41
DEBUG 2026-06-09 16:58:53 follower.py:184 follower_right SOFollower read state: 2.1ms
DEBUG 2026-06-09 16:58:53 follower.py:191 follower_right SOFollower read wrist: 0.0ms
DEBUG 2026-06-09 16:58:53 follower.py:184 follower_left SOFollower read state: 1.7ms
DEBUG 2026-06-09 16:58:53 follower.py:191 follower_left SOFollower read wrist: 0.0ms
DEBUG 2026-06-09 16:58:53 t_client.py:198 Observation serialization time: 0.006067s
DEBUG 2026-06-09 16:58:53 ort/utils.py:54 [CLIENT] Observation Buffer size 4.395459175109863 MB with
DEBUG 2026-06-09 16:58:53 ort/utils.py:69 [CLIENT] Observation Sent 2097152/4608973 bytes with state 1
DEBUG 2026-06-09 16:58:53 ort/utils.py:69 [CLIENT] Observation Sent 4194304/4608973 bytes with state 2
DEBUG 2026-06-09 16:58:53 ort/utils.py:69 [CLIENT] Observation Sent 4608973/4608973 bytes with state 3
DEBUG 2026-06-09 16:58:53 ort/utils.py:71 [CLIENT] Observation Published 4.395459175109863 MB
DEBUG 2026-06-09 16:58:53 t_client.py:292 Received actions on device: cpu
DEBUG 2026-06-09 16:58:53 t_client.py:302 Actions kept on device: cpu
DEBUG 2026-06-09 16:58:53 t_client.py:209 Sent observation #8 | 
DEBUG 2026-06-09 16:58:53 t_client.py:434 QUEUE SIZE: 7 (Must go: False)
DEBUG 2026-06-09 16:58:53 t_client.py:477 Control loop (ms): 140.40
DEBUG 2026-06-09 16:58:53 t_client.py:477 Control loop (ms): 2.52
DEBUG 2026-06-09 16:58:53 t_client.py:477 Control loop (ms): 2.57
DEBUG 2026-06-09 16:58:53 t_client.py:477 Control loop (ms): 2.47
DEBUG 2026-06-09 16:58:53 t_client.py:292 Received actions on device: cpu
DEBUG 2026-06-09 16:58:53 t_client.py:302 Actions kept on device: cpu
DEBUG 2026-06-09 16:58:53 t_client.py:477 Control loop (ms): 2.52
DEBUG 2026-06-09 16:58:53 t_client.py:477 Control loop (ms): 2.70
DEBUG 2026-06-09 16:58:53 t_client.py:477 Control loop (ms): 7.00
DEBUG 2026-06-09 16:58:53 follower.py:184 follower_right SOFollower read state: 1.9ms
DEBUG 2026-06-09 16:58:53 follower.py:191 follower_right SOFollower read wrist: 0.0ms
DEBUG 2026-06-09 16:58:53 follower.py:184 follower_left SOFollower read state: 2.0ms
DEBUG 2026-06-09 16:58:53 follower.py:191 follower_left SOFollower read wrist: 0.0ms
DEBUG 2026-06-09 16:58:53 t_client.py:198 Observation serialization time: 0.008856s
DEBUG 2026-06-09 16:58:53 ort/utils.py:54 [CLIENT] Observation Buffer size 4.395459175109863 MB with
DEBUG 2026-06-09 16:58:53 ort/utils.py:69 [CLIENT] Observation Sent 2097152/4608973 bytes with state 1
DEBUG 2026-06-09 16:58:53 ort/utils.py:69 [CLIENT] Observation Sent 4194304/4608973 bytes with state 2
DEBUG 2026-06-09 16:58:53 ort/utils.py:69 [CLIENT] Observation Sent 4608973/4608973 bytes with state 3
DEBUG 2026-06-09 16:58:53 ort/utils.py:71 [CLIENT] Observation Published 4.395459175109863 MB
DEBUG 2026-06-09 16:58:53 t_client.py:209 Sent observation #15 | 
DEBUG 2026-06-09 16:58:53 t_client.py:434 QUEUE SIZE: 8 (Must go: False)
DEBUG 2026-06-09 16:58:53 t_client.py:477 Control loop (ms): 116.17
DEBUG 2026-06-09 16:58:53 follower.py:184 follower_right SOFollower read state: 1.8ms
DEBUG 2026-06-09 16:58:53 follower.py:191 follower_right SOFollower read wrist: 0.0ms
DEBUG 2026-06-09 16:58:53 follower.py:184 follower_left SOFollower read state: 1.6ms
DEBUG 2026-06-09 16:58:53 follower.py:191 follower_left SOFollower read wrist: 0.0ms
DEBUG 2026-06-09 16:58:53 t_client.py:198 Observation serialization time: 0.003882s
DEBUG 2026-06-09 16:58:53 ort/utils.py:54 [CLIENT] Observation Buffer size 4.395459175109863 MB with
DEBUG 2026-06-09 16:58:53 ort/utils.py:69 [CLIENT] Observation Sent 2097152/4608973 bytes with state 1
DEBUG 2026-06-09 16:58:53 ort/utils.py:69 [CLIENT] Observation Sent 4194304/4608973 bytes with state 2
DEBUG 2026-06-09 16:58:53 ort/utils.py:69 [CLIENT] Observation Sent 4608973/4608973 bytes with state 3
DEBUG 2026-06-09 16:58:53 ort/utils.py:71 [CLIENT] Observation Published 4.395459175109863 MB
DEBUG 2026-06-09 16:58:53 t_client.py:209 Sent observation #16 | 
DEBUG 2026-06-09 16:58:53 t_client.py:434 QUEUE SIZE: 7 (Must go: False)
DEBUG 2026-06-09 16:58:53 t_client.py:477 Control loop (ms): 109.96
DEBUG 2026-06-09 16:58:53 follower.py:184 follower_right SOFollower read state: 3.2ms
DEBUG 2026-06-09 16:58:53 follower.py:191 follower_right SOFollower read wrist: 0.0ms
DEBUG 2026-06-09 16:58:53 follower.py:184 follower_left SOFollower read state: 2.2ms
DEBUG 2026-06-09 16:58:53 follower.py:191 follower_left SOFollower read wrist: 0.0ms
DEBUG 2026-06-09 16:58:53 t_client.py:198 Observation serialization time: 0.012825s
DEBUG 2026-06-09 16:58:53 t_client.py:292 Received actions on device: cpu
DEBUG 2026-06-09 16:58:53 t_client.py:302 Actions kept on device: cpu
DEBUG 2026-06-09 16:58:53 ort/utils.py:54 [CLIENT] Observation Buffer size 4.395459175109863 MB with
DEBUG 2026-06-09 16:58:53 ort/utils.py:69 [CLIENT] Observation Sent 2097152/4608973 bytes with state 1
DEBUG 2026-06-09 16:58:53 ort/utils.py:69 [CLIENT] Observation Sent 4194304/4608973 bytes with state 2
DEBUG 2026-06-09 16:58:53 ort/utils.py:69 [CLIENT] Observation Sent 4608973/4608973 bytes with state 3
DEBUG 2026-06-09 16:58:53 ort/utils.py:71 [CLIENT] Observation Published 4.395459175109863 MB
DEBUG 2026-06-09 16:58:54 t_client.py:292 Received actions on device: cpu
DEBUG 2026-06-09 16:58:54 t_client.py:302 Actions kept on device: cpu
DEBUG 2026-06-09 16:58:54 t_client.py:209 Sent observation #17 | 
DEBUG 2026-06-09 16:58:54 t_client.py:434 QUEUE SIZE: 6 (Must go: False)
DEBUG 2026-06-09 16:58:54 t_client.py:477 Control loop (ms): 320.66
DEBUG 2026-06-09 16:58:54 t_client.py:477 Control loop (ms): 1.33
DEBUG 2026-06-09 16:58:54 t_client.py:477 Control loop (ms): 0.94
DEBUG 2026-06-09 16:58:54 t_client.py:477 Control loop (ms): 1.31
DEBUG 2026-06-09 16:58:54 t_client.py:477 Control loop (ms): 1.46
DEBUG 2026-06-09 16:58:54 t_client.py:477 Control loop (ms): 1.34
DEBUG 2026-06-09 16:58:54 follower.py:184 follower_right SOFollower read state: 1.9ms
DEBUG 2026-06-09 16:58:54 follower.py:191 follower_right SOFollower read wrist: 0.0ms
DEBUG 2026-06-09 16:58:54 follower.py:184 follower_left SOFollower read state: 1.6ms
DEBUG 2026-06-09 16:58:54 follower.py:191 follower_left SOFollower read wrist: 0.0ms
DEBUG 2026-06-09 16:58:54 t_client.py:198 Observation serialization time: 0.003778s
DEBUG 2026-06-09 16:58:54 ort/utils.py:54 [CLIENT] Observation Buffer size 4.395459175109863 MB with
DEBUG 2026-06-09 16:58:54 ort/utils.py:69 [CLIENT] Observation Sent 2097152/4608973 bytes with state 1
DEBUG 2026-06-09 16:58:54 ort/utils.py:69 [CLIENT] Observation Sent 4194304/4608973 bytes with state 2
DEBUG 2026-06-09 16:58:54 ort/utils.py:69 [CLIENT] Observation Sent 4608973/4608973 bytes with state 3
DEBUG 2026-06-09 16:58:54 ort/utils.py:71 [CLIENT] Observation Published 4.395459175109863 MB
DEBUG 2026-06-09 16:58:54 t_client.py:209 Sent observation #23 | 
DEBUG 2026-06-09 16:58:54 t_client.py:434 QUEUE SIZE: 8 (Must go: False)
DEBUG 2026-06-09 16:58:54 t_client.py:477 Control loop (ms): 311.37
DEBUG 2026-06-09 16:58:54 follower.py:184 follower_right SOFollower read state: 1.5ms
DEBUG 2026-06-09 16:58:54 follower.py:191 follower_right SOFollower read wrist: 0.0ms
DEBUG 2026-06-09 16:58:54 follower.py:184 follower_left SOFollower read state: 1.4ms
DEBUG 2026-06-09 16:58:54 follower.py:191 follower_left SOFollower read wrist: 0.0ms
DEBUG 2026-06-09 16:58:54 t_client.py:198 Observation serialization time: 0.004889s
DEBUG 2026-06-09 16:58:54 ort/utils.py:54 [CLIENT] Observation Buffer size 4.395459175109863 MB with
DEBUG 2026-06-09 16:58:54 ort/utils.py:69 [CLIENT] Observation Sent 2097152/4608973 bytes with state 1
DEBUG 2026-06-09 16:58:54 ort/utils.py:69 [CLIENT] Observation Sent 4194304/4608973 bytes with state 2
DEBUG 2026-06-09 16:58:54 ort/utils.py:69 [CLIENT] Observation Sent 4608973/4608973 bytes with state 3
DEBUG 2026-06-09 16:58:54 ort/utils.py:71 [CLIENT] Observation Published 4.395459175109863 MB
DEBUG 2026-06-09 16:58:54 t_client.py:292 Received actions on device: cpu
DEBUG 2026-06-09 16:58:54 t_client.py:302 Actions kept on device: cpu
DEBUG 2026-06-09 16:58:54 t_client.py:209 Sent observation #24 | 
DEBUG 2026-06-09 16:58:54 t_client.py:434 QUEUE SIZE: 7 (Must go: False)
DEBUG 2026-06-09 16:58:54 t_client.py:477 Control loop (ms): 215.23
DEBUG 2026-06-09 16:58:54 t_client.py:477 Control loop (ms): 1.82
DEBUG 2026-06-09 16:58:54 t_client.py:477 Control loop (ms): 1.87
DEBUG 2026-06-09 16:58:54 t_client.py:477 Control loop (ms): 1.88
DEBUG 2026-06-09 16:58:54 t_client.py:292 Received actions on device: cpu
DEBUG 2026-06-09 16:58:54 t_client.py:302 Actions kept on device: cpu
DEBUG 2026-06-09 16:58:54 t_client.py:477 Control loop (ms): 1.32
DEBUG 2026-06-09 16:58:54 t_client.py:477 Control loop (ms): 1.85
DEBUG 2026-06-09 16:58:55 t_client.py:477 Control loop (ms): 1.79
DEBUG 2026-06-09 16:58:55 follower.py:184 follower_right SOFollower read state: 3.1ms
DEBUG 2026-06-09 16:58:55 follower.py:191 follower_right SOFollower read wrist: 0.0ms
DEBUG 2026-06-09 16:58:55 follower.py:184 follower_left SOFollower read state: 2.0ms
DEBUG 2026-06-09 16:58:55 follower.py:191 follower_left SOFollower read wrist: 0.0ms
DEBUG 2026-06-09 16:58:55 t_client.py:198 Observation serialization time: 0.005715s
DEBUG 2026-06-09 16:58:55 ort/utils.py:54 [CLIENT] Observation Buffer size 4.395459175109863 MB with
DEBUG 2026-06-09 16:58:55 ort/utils.py:69 [CLIENT] Observation Sent 2097152/4608973 bytes with state 1
DEBUG 2026-06-09 16:58:55 ort/utils.py:69 [CLIENT] Observation Sent 4194304/4608973 bytes with state 2
DEBUG 2026-06-09 16:58:55 ort/utils.py:69 [CLIENT] Observation Sent 4608973/4608973 bytes with state 3
DEBUG 2026-06-09 16:58:55 ort/utils.py:71 [CLIENT] Observation Published 4.395459175109863 MB
DEBUG 2026-06-09 16:58:55 t_client.py:209 Sent observation #31 | 
DEBUG 2026-06-09 16:58:55 t_client.py:434 QUEUE SIZE: 8 (Must go: False)
DEBUG 2026-06-09 16:58:55 t_client.py:477 Control loop (ms): 201.12
DEBUG 2026-06-09 16:58:55 follower.py:184 follower_right SOFollower read state: 1.8ms
DEBUG 2026-06-09 16:58:55 follower.py:191 follower_right SOFollower read wrist: 0.0ms
DEBUG 2026-06-09 16:58:55 follower.py:184 follower_left SOFollower read state: 1.6ms
DEBUG 2026-06-09 16:58:55 follower.py:191 follower_left SOFollower read wrist: 0.0ms
DEBUG 2026-06-09 16:58:55 t_client.py:198 Observation serialization time: 0.004692s
DEBUG 2026-06-09 16:58:55 ort/utils.py:54 [CLIENT] Observation Buffer size 4.395459175109863 MB with
DEBUG 2026-06-09 16:58:55 ort/utils.py:69 [CLIENT] Observation Sent 2097152/4608973 bytes with state 1
DEBUG 2026-06-09 16:58:55 ort/utils.py:69 [CLIENT] Observation Sent 4194304/4608973 bytes with state 2
DEBUG 2026-06-09 16:58:55 ort/utils.py:69 [CLIENT] Observation Sent 4608973/4608973 bytes with state 3
DEBUG 2026-06-09 16:58:55 ort/utils.py:71 [CLIENT] Observation Published 4.395459175109863 MB
DEBUG 2026-06-09 16:58:55 t_client.py:292 Received actions on device: cpu
DEBUG 2026-06-09 16:58:55 t_client.py:302 Actions kept on device: cpu
DEBUG 2026-06-09 16:58:55 t_client.py:209 Sent observation #32 | 
DEBUG 2026-06-09 16:58:55 t_client.py:434 QUEUE SIZE: 7 (Must go: False)
DEBUG 2026-06-09 16:58:55 t_client.py:477 Control loop (ms): 188.42
DEBUG 2026-06-09 16:58:55 t_client.py:477 Control loop (ms): 1.22
DEBUG 2026-06-09 16:58:55 t_client.py:477 Control loop (ms): 2.51
DEBUG 2026-06-09 16:58:55 t_client.py:477 Control loop (ms): 2.54
DEBUG 2026-06-09 16:58:55 t_client.py:292 Received actions on device: cpu
DEBUG 2026-06-09 16:58:55 t_client.py:302 Actions kept on device: cpu
DEBUG 2026-06-09 16:58:55 t_client.py:477 Control loop (ms): 3.59
DEBUG 2026-06-09 16:58:55 t_client.py:477 Control loop (ms): 1.67
DEBUG 2026-06-09 16:58:55 t_client.py:477 Control loop (ms): 2.26
DEBUG 2026-06-09 16:58:55 t_client.py:477 Control loop (ms): 2.51
DEBUG 2026-06-09 16:58:55 follower.py:184 follower_right SOFollower read state: 2.8ms
DEBUG 2026-06-09 16:58:55 follower.py:191 follower_right SOFollower read wrist: 0.1ms
DEBUG 2026-06-09 16:58:55 follower.py:184 follower_left SOFollower read state: 1.8ms
DEBUG 2026-06-09 16:58:55 follower.py:191 follower_left SOFollower read wrist: 0.0ms
DEBUG 2026-06-09 16:58:55 t_client.py:198 Observation serialization time: 0.007609s
DEBUG 2026-06-09 16:58:55 ort/utils.py:54 [CLIENT] Observation Buffer size 4.395459175109863 MB with
DEBUG 2026-06-09 16:58:55 ort/utils.py:69 [CLIENT] Observation Sent 2097152/4608973 bytes with state 1
DEBUG 2026-06-09 16:58:55 ort/utils.py:69 [CLIENT] Observation Sent 4194304/4608973 bytes with state 2
DEBUG 2026-06-09 16:58:55 ort/utils.py:69 [CLIENT] Observation Sent 4608973/4608973 bytes with state 3
DEBUG 2026-06-09 16:58:55 ort/utils.py:71 [CLIENT] Observation Published 4.395459175109863 MB
DEBUG 2026-06-09 16:58:55 t_client.py:209 Sent observation #39 | 
DEBUG 2026-06-09 16:58:55 t_client.py:434 QUEUE SIZE: 8 (Must go: False)
DEBUG 2026-06-09 16:58:55 t_client.py:477 Control loop (ms): 209.64
DEBUG 2026-06-09 16:58:55 follower.py:184 follower_right SOFollower read state: 2.2ms
DEBUG 2026-06-09 16:58:55 follower.py:191 follower_right SOFollower read wrist: 0.0ms
DEBUG 2026-06-09 16:58:55 follower.py:184 follower_left SOFollower read state: 1.8ms
DEBUG 2026-06-09 16:58:55 follower.py:191 follower_left SOFollower read wrist: 0.0ms
DEBUG 2026-06-09 16:58:55 t_client.py:198 Observation serialization time: 0.006200s
DEBUG 2026-06-09 16:58:55 ort/utils.py:54 [CLIENT] Observation Buffer size 4.395459175109863 MB with
DEBUG 2026-06-09 16:58:55 ort/utils.py:69 [CLIENT] Observation Sent 2097152/4608973 bytes with state 1
DEBUG 2026-06-09 16:58:55 ort/utils.py:69 [CLIENT] Observation Sent 4194304/4608973 bytes with state 2
DEBUG 2026-06-09 16:58:55 ort/utils.py:69 [CLIENT] Observation Sent 4608973/4608973 bytes with state 3
DEBUG 2026-06-09 16:58:55 ort/utils.py:71 [CLIENT] Observation Published 4.395459175109863 MB
DEBUG 2026-06-09 16:58:55 t_client.py:292 Received actions on device: cpu
DEBUG 2026-06-09 16:58:55 t_client.py:302 Actions kept on device: cpu
DEBUG 2026-06-09 16:58:56 t_client.py:209 Sent observation #40 | 
DEBUG 2026-06-09 16:58:56 t_client.py:434 QUEUE SIZE: 7 (Must go: False)
DEBUG 2026-06-09 16:58:56 t_client.py:477 Control loop (ms): 180.14
DEBUG 2026-06-09 16:58:56 t_client.py:477 Control loop (ms): 1.35
DEBUG 2026-06-09 16:58:56 t_client.py:477 Control loop (ms): 1.96
DEBUG 2026-06-09 16:58:56 t_client.py:477 Control loop (ms): 1.96
DEBUG 2026-06-09 16:58:56 t_client.py:477 Control loop (ms): 5.56
DEBUG 2026-06-09 16:58:56 t_client.py:292 Received actions on device: cpu
DEBUG 2026-06-09 16:58:56 t_client.py:302 Actions kept on device: cpu
DEBUG 2026-06-09 16:58:56 t_client.py:477 Control loop (ms): 1.44
DEBUG 2026-06-09 16:58:56 t_client.py:477 Control loop (ms): 2.11
DEBUG 2026-06-09 16:58:56 follower.py:184 follower_right SOFollower read state: 2.3ms
DEBUG 2026-06-09 16:58:56 follower.py:191 follower_right SOFollower read wrist: 0.0ms
DEBUG 2026-06-09 16:58:56 follower.py:184 follower_left SOFollower read state: 2.3ms
DEBUG 2026-06-09 16:58:56 follower.py:191 follower_left SOFollower read wrist: 0.0ms
DEBUG 2026-06-09 16:58:56 t_client.py:198 Observation serialization time: 0.008333s
DEBUG 2026-06-09 16:58:56 ort/utils.py:54 [CLIENT] Observation Buffer size 4.395459175109863 MB with
DEBUG 2026-06-09 16:58:56 ort/utils.py:69 [CLIENT] Observation Sent 2097152/4608973 bytes with state 1
DEBUG 2026-06-09 16:58:56 ort/utils.py:69 [CLIENT] Observation Sent 4194304/4608973 bytes with state 2
DEBUG 2026-06-09 16:58:56 ort/utils.py:69 [CLIENT] Observation Sent 4608973/4608973 bytes with state 3
DEBUG 2026-06-09 16:58:56 ort/utils.py:71 [CLIENT] Observation Published 4.395459175109863 MB
DEBUG 2026-06-09 16:58:56 t_client.py:209 Sent observation #47 | 
DEBUG 2026-06-09 16:58:56 t_client.py:434 QUEUE SIZE: 8 (Must go: False)
DEBUG 2026-06-09 16:58:56 t_client.py:477 Control loop (ms): 160.26
DEBUG 2026-06-09 16:58:56 follower.py:184 follower_right SOFollower read state: 3.3ms
DEBUG 2026-06-09 16:58:56 follower.py:191 follower_right SOFollower read wrist: 0.1ms
DEBUG 2026-06-09 16:58:56 follower.py:184 follower_left SOFollower read state: 2.3ms
DEBUG 2026-06-09 16:58:56 follower.py:191 follower_left SOFollower read wrist: 0.0ms
DEBUG 2026-06-09 16:58:56 t_client.py:198 Observation serialization time: 0.010993s
DEBUG 2026-06-09 16:58:56 ort/utils.py:54 [CLIENT] Observation Buffer size 4.395459175109863 MB with
DEBUG 2026-06-09 16:58:56 ort/utils.py:69 [CLIENT] Observation Sent 2097152/4608973 bytes with state 1
DEBUG 2026-06-09 16:58:56 ort/utils.py:69 [CLIENT] Observation Sent 4194304/4608973 bytes with state 2
DEBUG 2026-06-09 16:58:56 ort/utils.py:69 [CLIENT] Observation Sent 4608973/4608973 bytes with state 3
DEBUG 2026-06-09 16:58:56 ort/utils.py:71 [CLIENT] Observation Published 4.395459175109863 MB
DEBUG 2026-06-09 16:58:56 t_client.py:292 Received actions on device: cpu
DEBUG 2026-06-09 16:58:56 t_client.py:302 Actions kept on device: cpu
DEBUG 2026-06-09 16:58:56 t_client.py:209 Sent observation #48 | 
DEBUG 2026-06-09 16:58:56 t_client.py:434 QUEUE SIZE: 7 (Must go: False)
DEBUG 2026-06-09 16:58:56 t_client.py:477 Control loop (ms): 186.45
DEBUG 2026-06-09 16:58:56 t_client.py:477 Control loop (ms): 2.04
DEBUG 2026-06-09 16:58:56 t_client.py:477 Control loop (ms): 1.80
DEBUG 2026-06-09 16:58:56 t_client.py:477 Control loop (ms): 2.06
DEBUG 2026-06-09 16:58:56 t_client.py:292 Received actions on device: cpu
DEBUG 2026-06-09 16:58:56 t_client.py:302 Actions kept on device: cpu
DEBUG 2026-06-09 16:58:56 t_client.py:477 Control loop (ms): 2.70
DEBUG 2026-06-09 16:58:56 t_client.py:477 Control loop (ms): 1.99
DEBUG 2026-06-09 16:58:56 t_client.py:477 Control loop (ms): 2.04
DEBUG 2026-06-09 16:58:56 t_client.py:477 Control loop (ms): 2.74
DEBUG 2026-06-09 16:58:56 follower.py:184 follower_right SOFollower read state: 2.3ms
DEBUG 2026-06-09 16:58:56 follower.py:191 follower_right SOFollower read wrist: 0.0ms
DEBUG 2026-06-09 16:58:56 follower.py:184 follower_left SOFollower read state: 2.2ms
DEBUG 2026-06-09 16:58:56 follower.py:191 follower_left SOFollower read wrist: 0.0ms
DEBUG 2026-06-09 16:58:56 t_client.py:198 Observation serialization time: 0.010366s
DEBUG 2026-06-09 16:58:56 ort/utils.py:54 [CLIENT] Observation Buffer size 4.395459175109863 MB with
DEBUG 2026-06-09 16:58:56 ort/utils.py:69 [CLIENT] Observation Sent 2097152/4608973 bytes with state 1
DEBUG 2026-06-09 16:58:56 ort/utils.py:69 [CLIENT] Observation Sent 4194304/4608973 bytes with state 2
DEBUG 2026-06-09 16:58:56 ort/utils.py:69 [CLIENT] Observation Sent 4608973/4608973 bytes with state 3
DEBUG 2026-06-09 16:58:56 ort/utils.py:71 [CLIENT] Observation Published 4.395459175109863 MB
DEBUG 2026-06-09 16:58:57 t_client.py:209 Sent observation #55 | 
DEBUG 2026-06-09 16:58:57 t_client.py:434 QUEUE SIZE: 8 (Must go: False)
DEBUG 2026-06-09 16:58:57 t_client.py:477 Control loop (ms): 232.88
DEBUG 2026-06-09 16:58:57 follower.py:184 follower_right SOFollower read state: 2.2ms
DEBUG 2026-06-09 16:58:57 follower.py:191 follower_right SOFollower read wrist: 0.0ms
DEBUG 2026-06-09 16:58:57 follower.py:184 follower_left SOFollower read state: 1.9ms
DEBUG 2026-06-09 16:58:57 follower.py:191 follower_left SOFollower read wrist: 0.0ms
DEBUG 2026-06-09 16:58:57 t_client.py:198 Observation serialization time: 0.010260s
DEBUG 2026-06-09 16:58:57 ort/utils.py:54 [CLIENT] Observation Buffer size 4.395459175109863 MB with
DEBUG 2026-06-09 16:58:57 ort/utils.py:69 [CLIENT] Observation Sent 2097152/4608973 bytes with state 1
DEBUG 2026-06-09 16:58:57 ort/utils.py:69 [CLIENT] Observation Sent 4194304/4608973 bytes with state 2
DEBUG 2026-06-09 16:58:57 ort/utils.py:69 [CLIENT] Observation Sent 4608973/4608973 bytes with state 3
DEBUG 2026-06-09 16:58:57 ort/utils.py:71 [CLIENT] Observation Published 4.395459175109863 MB
DEBUG 2026-06-09 16:58:57 t_client.py:292 Received actions on device: cpu
DEBUG 2026-06-09 16:58:57 t_client.py:302 Actions kept on device: cpu
DEBUG 2026-06-09 16:58:57 t_client.py:209 Sent observation #56 | 
DEBUG 2026-06-09 16:58:57 t_client.py:434 QUEUE SIZE: 7 (Must go: False)
DEBUG 2026-06-09 16:58:57 t_client.py:477 Control loop (ms): 190.93
DEBUG 2026-06-09 16:58:57 t_client.py:477 Control loop (ms): 1.41
DEBUG 2026-06-09 16:58:57 t_client.py:477 Control loop (ms): 3.18
DEBUG 2026-06-09 16:58:57 t_client.py:477 Control loop (ms): 2.62
DEBUG 2026-06-09 16:58:57 t_client.py:477 Control loop (ms): 2.72
DEBUG 2026-06-09 16:58:57 t_client.py:477 Control loop (ms): 2.84
DEBUG 2026-06-09 16:58:57 follower.py:184 follower_right SOFollower read state: 2.5ms
DEBUG 2026-06-09 16:58:57 follower.py:191 follower_right SOFollower read wrist: 0.0ms
DEBUG 2026-06-09 16:58:57 follower.py:184 follower_left SOFollower read state: 1.9ms
DEBUG 2026-06-09 16:58:57 follower.py:191 follower_left SOFollower read wrist: 0.0ms
DEBUG 2026-06-09 16:58:57 t_client.py:198 Observation serialization time: 0.007117s
DEBUG 2026-06-09 16:58:57 ort/utils.py:54 [CLIENT] Observation Buffer size 4.395459175109863 MB with
DEBUG 2026-06-09 16:58:57 ort/utils.py:69 [CLIENT] Observation Sent 2097152/4608973 bytes with state 1
DEBUG 2026-06-09 16:58:57 ort/utils.py:69 [CLIENT] Observation Sent 4194304/4608973 bytes with state 2
DEBUG 2026-06-09 16:58:57 ort/utils.py:69 [CLIENT] Observation Sent 4608973/4608973 bytes with state 3
DEBUG 2026-06-09 16:58:57 ort/utils.py:71 [CLIENT] Observation Published 4.395459175109863 MB
DEBUG 2026-06-09 16:58:57 t_client.py:209 Sent observation #62 | 
DEBUG 2026-06-09 16:58:57 t_client.py:434 QUEUE SIZE: 8 (Must go: False)
DEBUG 2026-06-09 16:58:57 t_client.py:477 Control loop (ms): 181.19
DEBUG 2026-06-09 16:58:57 follower.py:184 follower_right SOFollower read state: 1.9ms
DEBUG 2026-06-09 16:58:57 follower.py:191 follower_right SOFollower read wrist: 0.0ms
DEBUG 2026-06-09 16:58:57 follower.py:184 follower_left SOFollower read state: 2.0ms
DEBUG 2026-06-09 16:58:57 follower.py:191 follower_left SOFollower read wrist: 0.0ms
DEBUG 2026-06-09 16:58:57 t_client.py:198 Observation serialization time: 0.009921s
DEBUG 2026-06-09 16:58:57 ort/utils.py:54 [CLIENT] Observation Buffer size 4.395459175109863 MB with
DEBUG 2026-06-09 16:58:57 ort/utils.py:69 [CLIENT] Observation Sent 2097152/4608973 bytes with state 1
DEBUG 2026-06-09 16:58:57 ort/utils.py:69 [CLIENT] Observation Sent 4194304/4608973 bytes with state 2
DEBUG 2026-06-09 16:58:57 ort/utils.py:69 [CLIENT] Observation Sent 4608973/4608973 bytes with state 3
DEBUG 2026-06-09 16:58:57 ort/utils.py:71 [CLIENT] Observation Published 4.395459175109863 MB
DEBUG 2026-06-09 16:58:57 t_client.py:292 Received actions on device: cpu
DEBUG 2026-06-09 16:58:57 t_client.py:302 Actions kept on device: cpu
DEBUG 2026-06-09 16:58:57 t_client.py:209 Sent observation #63 | 
DEBUG 2026-06-09 16:58:57 t_client.py:434 QUEUE SIZE: 7 (Must go: False)
DEBUG 2026-06-09 16:58:57 t_client.py:477 Control loop (ms): 223.05
DEBUG 2026-06-09 16:58:57 t_client.py:477 Control loop (ms): 0.74
DEBUG 2026-06-09 16:58:57 t_client.py:477 Control loop (ms): 1.95
DEBUG 2026-06-09 16:58:57 t_client.py:477 Control loop (ms): 1.50
DEBUG 2026-06-09 16:58:57 t_client.py:292 Received actions on device: cpu
DEBUG 2026-06-09 16:58:57 t_client.py:302 Actions kept on device: cpu
DEBUG 2026-06-09 16:58:57 t_client.py:477 Control loop (ms): 2.08
DEBUG 2026-06-09 16:58:57 t_client.py:477 Control loop (ms): 1.65
DEBUG 2026-06-09 16:58:58 t_client.py:477 Control loop (ms): 1.56
DEBUG 2026-06-09 16:58:58 follower.py:184 follower_right SOFollower read state: 1.9ms
DEBUG 2026-06-09 16:58:58 follower.py:191 follower_right SOFollower read wrist: 0.0ms
DEBUG 2026-06-09 16:58:58 follower.py:184 follower_left SOFollower read state: 1.7ms
DEBUG 2026-06-09 16:58:58 follower.py:191 follower_left SOFollower read wrist: 0.0ms
DEBUG 2026-06-09 16:58:58 t_client.py:198 Observation serialization time: 0.005291s
DEBUG 2026-06-09 16:58:58 ort/utils.py:54 [CLIENT] Observation Buffer size 4.395459175109863 MB with
DEBUG 2026-06-09 16:58:58 ort/utils.py:69 [CLIENT] Observation Sent 2097152/4608973 bytes with state 1
DEBUG 2026-06-09 16:58:58 ort/utils.py:69 [CLIENT] Observation Sent 4194304/4608973 bytes with state 2
DEBUG 2026-06-09 16:58:58 ort/utils.py:69 [CLIENT] Observation Sent 4608973/4608973 bytes with state 3
DEBUG 2026-06-09 16:58:58 ort/utils.py:71 [CLIENT] Observation Published 4.395459175109863 MB
DEBUG 2026-06-09 16:58:58 t_client.py:209 Sent observation #70 | 
DEBUG 2026-06-09 16:58:58 t_client.py:434 QUEUE SIZE: 8 (Must go: False)
DEBUG 2026-06-09 16:58:58 t_client.py:477 Control loop (ms): 167.27
DEBUG 2026-06-09 16:58:58 follower.py:184 follower_right SOFollower read state: 2.0ms
DEBUG 2026-06-09 16:58:58 follower.py:191 follower_right SOFollower read wrist: 0.0ms
DEBUG 2026-06-09 16:58:58 follower.py:184 follower_left SOFollower read state: 1.9ms
DEBUG 2026-06-09 16:58:58 follower.py:191 follower_left SOFollower read wrist: 0.0ms
DEBUG 2026-06-09 16:58:58 t_client.py:198 Observation serialization time: 0.009102s
DEBUG 2026-06-09 16:58:58 ort/utils.py:54 [CLIENT] Observation Buffer size 4.395459175109863 MB with
DEBUG 2026-06-09 16:58:58 ort/utils.py:69 [CLIENT] Observation Sent 2097152/4608973 bytes with state 1
DEBUG 2026-06-09 16:58:58 ort/utils.py:69 [CLIENT] Observation Sent 4194304/4608973 bytes with state 2
DEBUG 2026-06-09 16:58:58 t_client.py:292 Received actions on device: cpu
DEBUG 2026-06-09 16:58:58 t_client.py:302 Actions kept on device: cpu
DEBUG 2026-06-09 16:58:58 ort/utils.py:69 [CLIENT] Observation Sent 4608973/4608973 bytes with state 3
DEBUG 2026-06-09 16:58:58 ort/utils.py:71 [CLIENT] Observation Published 4.395459175109863 MB
DEBUG 2026-06-09 16:58:58 t_client.py:209 Sent observation #71 | 
DEBUG 2026-06-09 16:58:58 t_client.py:434 QUEUE SIZE: 7 (Must go: False)
DEBUG 2026-06-09 16:58:58 t_client.py:477 Control loop (ms): 159.72
DEBUG 2026-06-09 16:58:58 t_client.py:477 Control loop (ms): 2.37
DEBUG 2026-06-09 16:58:58 t_client.py:477 Control loop (ms): 2.26
DEBUG 2026-06-09 16:58:58 t_client.py:477 Control loop (ms): 1.77
DEBUG 2026-06-09 16:58:58 t_client.py:292 Received actions on device: cpu
DEBUG 2026-06-09 16:58:58 t_client.py:302 Actions kept on device: cpu
DEBUG 2026-06-09 16:58:58 t_client.py:477 Control loop (ms): 1.63
DEBUG 2026-06-09 16:58:58 t_client.py:477 Control loop (ms): 2.57
DEBUG 2026-06-09 16:58:58 t_client.py:477 Control loop (ms): 2.10
DEBUG 2026-06-09 16:58:58 follower.py:184 follower_right SOFollower read state: 2.5ms
DEBUG 2026-06-09 16:58:58 follower.py:191 follower_right SOFollower read wrist: 0.0ms
DEBUG 2026-06-09 16:58:58 follower.py:184 follower_left SOFollower read state: 2.3ms
DEBUG 2026-06-09 16:58:58 follower.py:191 follower_left SOFollower read wrist: 0.0ms
DEBUG 2026-06-09 16:58:58 t_client.py:198 Observation serialization time: 0.008046s
DEBUG 2026-06-09 16:58:58 ort/utils.py:54 [CLIENT] Observation Buffer size 4.395459175109863 MB with
DEBUG 2026-06-09 16:58:58 ort/utils.py:69 [CLIENT] Observation Sent 2097152/4608973 bytes with state 1
DEBUG 2026-06-09 16:58:58 ort/utils.py:69 [CLIENT] Observation Sent 4194304/4608973 bytes with state 2
DEBUG 2026-06-09 16:58:58 ort/utils.py:69 [CLIENT] Observation Sent 4608973/4608973 bytes with state 3
DEBUG 2026-06-09 16:58:58 ort/utils.py:71 [CLIENT] Observation Published 4.395459175109863 MB
DEBUG 2026-06-09 16:58:58 t_client.py:209 Sent observation #78 | 
DEBUG 2026-06-09 16:58:58 t_client.py:434 QUEUE SIZE: 8 (Must go: False)
DEBUG 2026-06-09 16:58:58 t_client.py:477 Control loop (ms): 128.29
DEBUG 2026-06-09 16:58:58 follower.py:184 follower_right SOFollower read state: 1.8ms
DEBUG 2026-06-09 16:58:58 follower.py:191 follower_right SOFollower read wrist: 0.0ms
DEBUG 2026-06-09 16:58:58 follower.py:184 follower_left SOFollower read state: 1.8ms
DEBUG 2026-06-09 16:58:58 follower.py:191 follower_left SOFollower read wrist: 0.0ms
DEBUG 2026-06-09 16:58:58 t_client.py:198 Observation serialization time: 0.008665s
DEBUG 2026-06-09 16:58:58 ort/utils.py:54 [CLIENT] Observation Buffer size 4.395459175109863 MB with
DEBUG 2026-06-09 16:58:58 ort/utils.py:69 [CLIENT] Observation Sent 2097152/4608973 bytes with state 1
DEBUG 2026-06-09 16:58:58 ort/utils.py:69 [CLIENT] Observation Sent 4194304/4608973 bytes with state 2
DEBUG 2026-06-09 16:58:58 ort/utils.py:69 [CLIENT] Observation Sent 4608973/4608973 bytes with state 3
DEBUG 2026-06-09 16:58:58 ort/utils.py:71 [CLIENT] Observation Published 4.395459175109863 MB
DEBUG 2026-06-09 16:58:58 t_client.py:292 Received actions on device: cpu
DEBUG 2026-06-09 16:58:58 t_client.py:302 Actions kept on device: cpu
DEBUG 2026-06-09 16:58:58 t_client.py:209 Sent observation #79 | 
DEBUG 2026-06-09 16:58:58 t_client.py:434 QUEUE SIZE: 7 (Must go: False)
DEBUG 2026-06-09 16:58:58 t_client.py:477 Control loop (ms): 130.24
DEBUG 2026-06-09 16:58:58 t_client.py:477 Control loop (ms): 1.74
DEBUG 2026-06-09 16:58:58 t_client.py:477 Control loop (ms): 1.97
DEBUG 2026-06-09 16:58:58 t_client.py:477 Control loop (ms): 2.25
DEBUG 2026-06-09 16:58:58 t_client.py:292 Received actions on device: cpu
DEBUG 2026-06-09 16:58:58 t_client.py:302 Actions kept on device: cpu
DEBUG 2026-06-09 16:58:58 t_client.py:477 Control loop (ms): 1.46
DEBUG 2026-06-09 16:58:58 t_client.py:477 Control loop (ms): 1.91
DEBUG 2026-06-09 16:58:59 t_client.py:477 Control loop (ms): 1.83
DEBUG 2026-06-09 16:58:59 follower.py:184 follower_right SOFollower read state: 2.8ms
DEBUG 2026-06-09 16:58:59 follower.py:191 follower_right SOFollower read wrist: 0.0ms
DEBUG 2026-06-09 16:58:59 follower.py:184 follower_left SOFollower read state: 1.8ms
DEBUG 2026-06-09 16:58:59 follower.py:191 follower_left SOFollower read wrist: 0.0ms
DEBUG 2026-06-09 16:58:59 t_client.py:198 Observation serialization time: 0.008611s
DEBUG 2026-06-09 16:58:59 ort/utils.py:54 [CLIENT] Observation Buffer size 4.395459175109863 MB with
DEBUG 2026-06-09 16:58:59 ort/utils.py:69 [CLIENT] Observation Sent 2097152/4608973 bytes with state 1
DEBUG 2026-06-09 16:58:59 ort/utils.py:69 [CLIENT] Observation Sent 4194304/4608973 bytes with state 2
DEBUG 2026-06-09 16:58:59 ort/utils.py:69 [CLIENT] Observation Sent 4608973/4608973 bytes with state 3
DEBUG 2026-06-09 16:58:59 ort/utils.py:71 [CLIENT] Observation Published 4.395459175109863 MB
DEBUG 2026-06-09 16:58:59 t_client.py:209 Sent observation #86 | 
DEBUG 2026-06-09 16:58:59 t_client.py:434 QUEUE SIZE: 8 (Must go: False)
DEBUG 2026-06-09 16:58:59 t_client.py:477 Control loop (ms): 143.20
DEBUG 2026-06-09 16:58:59 follower.py:184 follower_right SOFollower read state: 1.9ms
DEBUG 2026-06-09 16:58:59 follower.py:191 follower_right SOFollower read wrist: 0.0ms
DEBUG 2026-06-09 16:58:59 follower.py:184 follower_left SOFollower read state: 1.7ms
DEBUG 2026-06-09 16:58:59 follower.py:191 follower_left SOFollower read wrist: 0.0ms
DEBUG 2026-06-09 16:58:59 t_client.py:198 Observation serialization time: 0.005750s
DEBUG 2026-06-09 16:58:59 ort/utils.py:54 [CLIENT] Observation Buffer size 4.395459175109863 MB with
DEBUG 2026-06-09 16:58:59 ort/utils.py:69 [CLIENT] Observation Sent 2097152/4608973 bytes with state 1
DEBUG 2026-06-09 16:58:59 ort/utils.py:69 [CLIENT] Observation Sent 4194304/4608973 bytes with state 2
DEBUG 2026-06-09 16:58:59 ort/utils.py:69 [CLIENT] Observation Sent 4608973/4608973 bytes with state 3
DEBUG 2026-06-09 16:58:59 ort/utils.py:71 [CLIENT] Observation Published 4.395459175109863 MB
DEBUG 2026-06-09 16:58:59 t_client.py:292 Received actions on device: cpu
DEBUG 2026-06-09 16:58:59 t_client.py:302 Actions kept on device: cpu
DEBUG 2026-06-09 16:58:59 t_client.py:209 Sent observation #87 | 
DEBUG 2026-06-09 16:58:59 t_client.py:434 QUEUE SIZE: 7 (Must go: False)
DEBUG 2026-06-09 16:58:59 t_client.py:477 Control loop (ms): 152.98
DEBUG 2026-06-09 16:58:59 t_client.py:477 Control loop (ms): 2.13
DEBUG 2026-06-09 16:58:59 t_client.py:477 Control loop (ms): 2.28
DEBUG 2026-06-09 16:58:59 t_client.py:477 Control loop (ms): 2.62
DEBUG 2026-06-09 16:58:59 t_client.py:292 Received actions on device: cpu
DEBUG 2026-06-09 16:58:59 t_client.py:302 Actions kept on device: cpu
DEBUG 2026-06-09 16:58:59 t_client.py:477 Control loop (ms): 1.66
DEBUG 2026-06-09 16:58:59 t_client.py:477 Control loop (ms): 1.56
DEBUG 2026-06-09 16:58:59 t_client.py:477 Control loop (ms): 1.47
DEBUG 2026-06-09 16:58:59 follower.py:184 follower_right SOFollower read state: 2.2ms
DEBUG 2026-06-09 16:58:59 follower.py:191 follower_right SOFollower read wrist: 0.0ms
DEBUG 2026-06-09 16:58:59 follower.py:184 follower_left SOFollower read state: 2.2ms
DEBUG 2026-06-09 16:58:59 follower.py:191 follower_left SOFollower read wrist: 0.0ms
DEBUG 2026-06-09 16:58:59 t_client.py:198 Observation serialization time: 0.011205s
DEBUG 2026-06-09 16:58:59 ort/utils.py:54 [CLIENT] Observation Buffer size 4.395459175109863 MB with
DEBUG 2026-06-09 16:58:59 ort/utils.py:69 [CLIENT] Observation Sent 2097152/4608973 bytes with state 1
DEBUG 2026-06-09 16:58:59 ort/utils.py:69 [CLIENT] Observation Sent 4194304/4608973 bytes with state 2
DEBUG 2026-06-09 16:58:59 ort/utils.py:69 [CLIENT] Observation Sent 4608973/4608973 bytes with state 3
DEBUG 2026-06-09 16:58:59 ort/utils.py:71 [CLIENT] Observation Published 4.395459175109863 MB
DEBUG 2026-06-09 16:58:59 t_client.py:209 Sent observation #94 | 
DEBUG 2026-06-09 16:58:59 t_client.py:434 QUEUE SIZE: 8 (Must go: False)
DEBUG 2026-06-09 16:58:59 t_client.py:477 Control loop (ms): 126.24
DEBUG 2026-06-09 16:58:59 follower.py:184 follower_right SOFollower read state: 1.8ms
DEBUG 2026-06-09 16:58:59 follower.py:191 follower_right SOFollower read wrist: 0.0ms
DEBUG 2026-06-09 16:58:59 follower.py:184 follower_left SOFollower read state: 2.2ms
DEBUG 2026-06-09 16:58:59 follower.py:191 follower_left SOFollower read wrist: 0.0ms
DEBUG 2026-06-09 16:58:59 t_client.py:198 Observation serialization time: 0.010211s
DEBUG 2026-06-09 16:58:59 ort/utils.py:54 [CLIENT] Observation Buffer size 4.395459175109863 MB with
DEBUG 2026-06-09 16:58:59 ort/utils.py:69 [CLIENT] Observation Sent 2097152/4608973 bytes with state 1
DEBUG 2026-06-09 16:58:59 ort/utils.py:69 [CLIENT] Observation Sent 4194304/4608973 bytes with state 2
DEBUG 2026-06-09 16:58:59 ort/utils.py:69 [CLIENT] Observation Sent 4608973/4608973 bytes with state 3
DEBUG 2026-06-09 16:58:59 ort/utils.py:71 [CLIENT] Observation Published 4.395459175109863 MB
DEBUG 2026-06-09 16:58:59 t_client.py:292 Received actions on device: cpu
DEBUG 2026-06-09 16:58:59 t_client.py:302 Actions kept on device: cpu
DEBUG 2026-06-09 16:58:59 t_client.py:209 Sent observation #95 | 
DEBUG 2026-06-09 16:58:59 t_client.py:434 QUEUE SIZE: 7 (Must go: False)
DEBUG 2026-06-09 16:58:59 t_client.py:477 Control loop (ms): 132.43
DEBUG 2026-06-09 16:58:59 t_client.py:477 Control loop (ms): 0.83
DEBUG 2026-06-09 16:58:59 t_client.py:477 Control loop (ms): 1.27
DEBUG 2026-06-09 16:58:59 t_client.py:477 Control loop (ms): 1.65
DEBUG 2026-06-09 16:58:59 t_client.py:292 Received actions on device: cpu
DEBUG 2026-06-09 16:58:59 t_client.py:302 Actions kept on device: cpu
DEBUG 2026-06-09 16:58:59 t_client.py:477 Control loop (ms): 3.68
DEBUG 2026-06-09 16:58:59 t_client.py:477 Control loop (ms): 1.36
DEBUG 2026-06-09 16:58:59 t_client.py:477 Control loop (ms): 0.89
DEBUG 2026-06-09 16:58:59 t_client.py:477 Control loop (ms): 1.38
DEBUG 2026-06-09 16:59:00 follower.py:184 follower_right SOFollower read state: 1.9ms
DEBUG 2026-06-09 16:59:00 follower.py:191 follower_right SOFollower read wrist: 0.0ms
DEBUG 2026-06-09 16:59:00 follower.py:184 follower_left SOFollower read state: 2.1ms
DEBUG 2026-06-09 16:59:00 follower.py:191 follower_left SOFollower read wrist: 0.0ms
DEBUG 2026-06-09 16:59:00 t_client.py:198 Observation serialization time: 0.010659s
DEBUG 2026-06-09 16:59:00 ort/utils.py:54 [CLIENT] Observation Buffer size 4.395459175109863 MB with
DEBUG 2026-06-09 16:59:00 ort/utils.py:69 [CLIENT] Observation Sent 2097152/4608973 bytes with state 1
DEBUG 2026-06-09 16:59:00 ort/utils.py:69 [CLIENT] Observation Sent 4194304/4608973 bytes with state 2
DEBUG 2026-06-09 16:59:00 ort/utils.py:69 [CLIENT] Observation Sent 4608973/4608973 bytes with state 3
DEBUG 2026-06-09 16:59:00 ort/utils.py:71 [CLIENT] Observation Published 4.395459175109863 MB
DEBUG 2026-06-09 16:59:00 t_client.py:209 Sent observation #102 | 
DEBUG 2026-06-09 16:59:00 t_client.py:434 QUEUE SIZE: 8 (Must go: False)
DEBUG 2026-06-09 16:59:00 t_client.py:477 Control loop (ms): 138.94
DEBUG 2026-06-09 16:59:00 follower.py:184 follower_right SOFollower read state: 1.7ms
DEBUG 2026-06-09 16:59:00 follower.py:191 follower_right SOFollower read wrist: 0.0ms
DEBUG 2026-06-09 16:59:00 follower.py:184 follower_left SOFollower read state: 1.7ms
DEBUG 2026-06-09 16:59:00 follower.py:191 follower_left SOFollower read wrist: 0.0ms
DEBUG 2026-06-09 16:59:00 t_client.py:198 Observation serialization time: 0.008236s
DEBUG 2026-06-09 16:59:00 ort/utils.py:54 [CLIENT] Observation Buffer size 4.395459175109863 MB with
DEBUG 2026-06-09 16:59:00 ort/utils.py:69 [CLIENT] Observation Sent 2097152/4608973 bytes with state 1
DEBUG 2026-06-09 16:59:00 ort/utils.py:69 [CLIENT] Observation Sent 4194304/4608973 bytes with state 2
DEBUG 2026-06-09 16:59:00 ort/utils.py:69 [CLIENT] Observation Sent 4608973/4608973 bytes with state 3
DEBUG 2026-06-09 16:59:00 ort/utils.py:71 [CLIENT] Observation Published 4.395459175109863 MB
DEBUG 2026-06-09 16:59:00 t_client.py:292 Received actions on device: cpu
DEBUG 2026-06-09 16:59:00 t_client.py:302 Actions kept on device: cpu
DEBUG 2026-06-09 16:59:00 t_client.py:209 Sent observation #103 | 
DEBUG 2026-06-09 16:59:00 t_client.py:434 QUEUE SIZE: 7 (Must go: False)
DEBUG 2026-06-09 16:59:00 t_client.py:477 Control loop (ms): 138.96
DEBUG 2026-06-09 16:59:00 t_client.py:477 Control loop (ms): 0.93
DEBUG 2026-06-09 16:59:00 t_client.py:477 Control loop (ms): 1.78
DEBUG 2026-06-09 16:59:00 t_client.py:477 Control loop (ms): 2.13
DEBUG 2026-06-09 16:59:00 t_client.py:292 Received actions on device: cpu
DEBUG 2026-06-09 16:59:00 t_client.py:302 Actions kept on device: cpu
DEBUG 2026-06-09 16:59:00 t_client.py:477 Control loop (ms): 1.75
DEBUG 2026-06-09 16:59:00 t_client.py:477 Control loop (ms): 1.68
DEBUG 2026-06-09 16:59:00 t_client.py:477 Control loop (ms): 1.98
DEBUG 2026-06-09 16:59:00 follower.py:184 follower_right SOFollower read state: 2.1ms
DEBUG 2026-06-09 16:59:00 follower.py:191 follower_right SOFollower read wrist: 0.1ms
DEBUG 2026-06-09 16:59:00 follower.py:184 follower_left SOFollower read state: 1.9ms
DEBUG 2026-06-09 16:59:00 follower.py:191 follower_left SOFollower read wrist: 0.0ms
DEBUG 2026-06-09 16:59:00 t_client.py:198 Observation serialization time: 0.008483s
DEBUG 2026-06-09 16:59:00 ort/utils.py:54 [CLIENT] Observation Buffer size 4.395459175109863 MB with
DEBUG 2026-06-09 16:59:00 ort/utils.py:69 [CLIENT] Observation Sent 2097152/4608973 bytes with state 1
DEBUG 2026-06-09 16:59:00 ort/utils.py:69 [CLIENT] Observation Sent 4194304/4608973 bytes with state 2
DEBUG 2026-06-09 16:59:00 ort/utils.py:69 [CLIENT] Observation Sent 4608973/4608973 bytes with state 3
DEBUG 2026-06-09 16:59:00 ort/utils.py:71 [CLIENT] Observation Published 4.395459175109863 MB
DEBUG 2026-06-09 16:59:00 t_client.py:209 Sent observation #110 | 
DEBUG 2026-06-09 16:59:00 t_client.py:434 QUEUE SIZE: 8 (Must go: False)
DEBUG 2026-06-09 16:59:00 t_client.py:477 Control loop (ms): 114.16
DEBUG 2026-06-09 16:59:00 follower.py:184 follower_right SOFollower read state: 2.0ms
DEBUG 2026-06-09 16:59:00 follower.py:191 follower_right SOFollower read wrist: 0.0ms
DEBUG 2026-06-09 16:59:00 follower.py:184 follower_left SOFollower read state: 2.8ms
DEBUG 2026-06-09 16:59:00 follower.py:191 follower_left SOFollower read wrist: 0.0ms
DEBUG 2026-06-09 16:59:00 t_client.py:198 Observation serialization time: 0.010439s
DEBUG 2026-06-09 16:59:00 ort/utils.py:54 [CLIENT] Observation Buffer size 4.395459175109863 MB with
DEBUG 2026-06-09 16:59:00 ort/utils.py:69 [CLIENT] Observation Sent 2097152/4608973 bytes with state 1
DEBUG 2026-06-09 16:59:00 ort/utils.py:69 [CLIENT] Observation Sent 4194304/4608973 bytes with state 2
DEBUG 2026-06-09 16:59:00 ort/utils.py:69 [CLIENT] Observation Sent 4608973/4608973 bytes with state 3
DEBUG 2026-06-09 16:59:00 ort/utils.py:71 [CLIENT] Observation Published 4.395459175109863 MB
DEBUG 2026-06-09 16:59:00 t_client.py:292 Received actions on device: cpu
DEBUG 2026-06-09 16:59:00 t_client.py:302 Actions kept on device: cpu
DEBUG 2026-06-09 16:59:00 t_client.py:209 Sent observation #111 | 
DEBUG 2026-06-09 16:59:00 t_client.py:434 QUEUE SIZE: 7 (Must go: False)
DEBUG 2026-06-09 16:59:00 t_client.py:477 Control loop (ms): 120.54
DEBUG 2026-06-09 16:59:00 t_client.py:477 Control loop (ms): 0.80
DEBUG 2026-06-09 16:59:00 t_client.py:477 Control loop (ms): 1.56
DEBUG 2026-06-09 16:59:00 t_client.py:477 Control loop (ms): 1.47
DEBUG 2026-06-09 16:59:00 t_client.py:477 Control loop (ms): 2.57
DEBUG 2026-06-09 16:59:00 t_client.py:477 Control loop (ms): 1.80
DEBUG 2026-06-09 16:59:00 follower.py:184 follower_right SOFollower read state: 2.2ms
DEBUG 2026-06-09 16:59:00 follower.py:191 follower_right SOFollower read wrist: 0.0ms
DEBUG 2026-06-09 16:59:00 follower.py:184 follower_left SOFollower read state: 2.4ms
DEBUG 2026-06-09 16:59:00 follower.py:191 follower_left SOFollower read wrist: 0.0ms
DEBUG 2026-06-09 16:59:00 t_client.py:198 Observation serialization time: 0.010747s
DEBUG 2026-06-09 16:59:00 ort/utils.py:54 [CLIENT] Observation Buffer size 4.395459175109863 MB with
DEBUG 2026-06-09 16:59:00 ort/utils.py:69 [CLIENT] Observation Sent 2097152/4608973 bytes with state 1
DEBUG 2026-06-09 16:59:00 t_client.py:292 Received actions on device: cpu
DEBUG 2026-06-09 16:59:00 t_client.py:302 Actions kept on device: cpu
DEBUG 2026-06-09 16:59:00 ort/utils.py:69 [CLIENT] Observation Sent 4194304/4608973 bytes with state 2
DEBUG 2026-06-09 16:59:00 ort/utils.py:69 [CLIENT] Observation Sent 4608973/4608973 bytes with state 3
DEBUG 2026-06-09 16:59:00 ort/utils.py:71 [CLIENT] Observation Published 4.395459175109863 MB
DEBUG 2026-06-09 16:59:01 t_client.py:209 Sent observation #117 | 
DEBUG 2026-06-09 16:59:01 t_client.py:434 QUEUE SIZE: 8 (Must go: False)
DEBUG 2026-06-09 16:59:01 t_client.py:477 Control loop (ms): 145.82
DEBUG 2026-06-09 16:59:01 follower.py:184 follower_right SOFollower read state: 2.4ms
DEBUG 2026-06-09 16:59:01 follower.py:191 follower_right SOFollower read wrist: 0.0ms
DEBUG 2026-06-09 16:59:01 follower.py:184 follower_left SOFollower read state: 2.0ms
DEBUG 2026-06-09 16:59:01 follower.py:191 follower_left SOFollower read wrist: 0.0ms
DEBUG 2026-06-09 16:59:01 t_client.py:198 Observation serialization time: 0.008349s
DEBUG 2026-06-09 16:59:01 ort/utils.py:54 [CLIENT] Observation Buffer size 4.395459175109863 MB with
DEBUG 2026-06-09 16:59:01 ort/utils.py:69 [CLIENT] Observation Sent 2097152/4608973 bytes with state 1
DEBUG 2026-06-09 16:59:01 ort/utils.py:69 [CLIENT] Observation Sent 4194304/4608973 bytes with state 2
DEBUG 2026-06-09 16:59:01 ort/utils.py:69 [CLIENT] Observation Sent 4608973/4608973 bytes with state 3
DEBUG 2026-06-09 16:59:01 ort/utils.py:71 [CLIENT] Observation Published 4.395459175109863 MB
DEBUG 2026-06-09 16:59:01 t_client.py:292 Received actions on device: cpu
DEBUG 2026-06-09 16:59:01 t_client.py:302 Actions kept on device: cpu
DEBUG 2026-06-09 16:59:01 t_client.py:209 Sent observation #118 | 
DEBUG 2026-06-09 16:59:01 t_client.py:434 QUEUE SIZE: 8 (Must go: False)
DEBUG 2026-06-09 16:59:01 t_client.py:477 Control loop (ms): 224.67
DEBUG 2026-06-09 16:59:01 t_client.py:477 Control loop (ms): 0.41
DEBUG 2026-06-09 16:59:01 t_client.py:477 Control loop (ms): 1.71
DEBUG 2026-06-09 16:59:01 t_client.py:477 Control loop (ms): 1.63
DEBUG 2026-06-09 16:59:01 t_client.py:477 Control loop (ms): 1.21
DEBUG 2026-06-09 16:59:01 t_client.py:292 Received actions on device: cpu
DEBUG 2026-06-09 16:59:01 t_client.py:302 Actions kept on device: cpu
DEBUG 2026-06-09 16:59:01 t_client.py:477 Control loop (ms): 2.40
DEBUG 2026-06-09 16:59:01 t_client.py:477 Control loop (ms): 2.08
DEBUG 2026-06-09 16:59:01 t_client.py:477 Control loop (ms): 1.76
DEBUG 2026-06-09 16:59:01 follower.py:184 follower_right SOFollower read state: 1.8ms
DEBUG 2026-06-09 16:59:01 follower.py:191 follower_right SOFollower read wrist: 0.0ms
DEBUG 2026-06-09 16:59:01 follower.py:184 follower_left SOFollower read state: 1.9ms
DEBUG 2026-06-09 16:59:01 follower.py:191 follower_left SOFollower read wrist: 0.0ms
DEBUG 2026-06-09 16:59:01 t_client.py:198 Observation serialization time: 0.009023s
DEBUG 2026-06-09 16:59:01 ort/utils.py:54 [CLIENT] Observation Buffer size 4.395459175109863 MB with
DEBUG 2026-06-09 16:59:01 ort/utils.py:69 [CLIENT] Observation Sent 2097152/4608973 bytes with state 1
DEBUG 2026-06-09 16:59:01 ort/utils.py:69 [CLIENT] Observation Sent 4194304/4608973 bytes with state 2
DEBUG 2026-06-09 16:59:01 ort/utils.py:69 [CLIENT] Observation Sent 4608973/4608973 bytes with state 3
DEBUG 2026-06-09 16:59:01 ort/utils.py:71 [CLIENT] Observation Published 4.395459175109863 MB
DEBUG 2026-06-09 16:59:01 t_client.py:209 Sent observation #125 | 
DEBUG 2026-06-09 16:59:01 t_client.py:434 QUEUE SIZE: 8 (Must go: False)
DEBUG 2026-06-09 16:59:01 t_client.py:477 Control loop (ms): 136.48
DEBUG 2026-06-09 16:59:01 follower.py:184 follower_right SOFollower read state: 2.0ms
DEBUG 2026-06-09 16:59:01 follower.py:191 follower_right SOFollower read wrist: 0.0ms
DEBUG 2026-06-09 16:59:01 follower.py:184 follower_left SOFollower read state: 1.8ms
DEBUG 2026-06-09 16:59:01 follower.py:191 follower_left SOFollower read wrist: 0.0ms
DEBUG 2026-06-09 16:59:01 t_client.py:198 Observation serialization time: 0.007450s
DEBUG 2026-06-09 16:59:01 ort/utils.py:54 [CLIENT] Observation Buffer size 4.395459175109863 MB with
DEBUG 2026-06-09 16:59:01 ort/utils.py:69 [CLIENT] Observation Sent 2097152/4608973 bytes with state 1
DEBUG 2026-06-09 16:59:01 ort/utils.py:69 [CLIENT] Observation Sent 4194304/4608973 bytes with state 2
DEBUG 2026-06-09 16:59:01 ort/utils.py:69 [CLIENT] Observation Sent 4608973/4608973 bytes with state 3
DEBUG 2026-06-09 16:59:01 ort/utils.py:71 [CLIENT] Observation Published 4.395459175109863 MB
DEBUG 2026-06-09 16:59:01 t_client.py:292 Received actions on device: cpu
DEBUG 2026-06-09 16:59:01 t_client.py:302 Actions kept on device: cpu
DEBUG 2026-06-09 16:59:01 t_client.py:209 Sent observation #126 | 
DEBUG 2026-06-09 16:59:01 t_client.py:434 QUEUE SIZE: 7 (Must go: False)
DEBUG 2026-06-09 16:59:01 t_client.py:477 Control loop (ms): 154.62
DEBUG 2026-06-09 16:59:01 t_client.py:477 Control loop (ms): 2.20
DEBUG 2026-06-09 16:59:01 t_client.py:477 Control loop (ms): 1.50
DEBUG 2026-06-09 16:59:01 t_client.py:477 Control loop (ms): 1.60
DEBUG 2026-06-09 16:59:01 t_client.py:477 Control loop (ms): 1.34
DEBUG 2026-06-09 16:59:01 t_client.py:292 Received actions on device: cpu
DEBUG 2026-06-09 16:59:01 t_client.py:302 Actions kept on device: cpu
DEBUG 2026-06-09 16:59:01 t_client.py:477 Control loop (ms): 1.20
DEBUG 2026-06-09 16:59:01 t_client.py:477 Control loop (ms): 2.54
DEBUG 2026-06-09 16:59:02 follower.py:184 follower_right SOFollower read state: 3.0ms
DEBUG 2026-06-09 16:59:02 follower.py:191 follower_right SOFollower read wrist: 0.0ms
DEBUG 2026-06-09 16:59:02 follower.py:184 follower_left SOFollower read state: 2.3ms
DEBUG 2026-06-09 16:59:02 follower.py:191 follower_left SOFollower read wrist: 0.0ms
DEBUG 2026-06-09 16:59:02 t_client.py:198 Observation serialization time: 0.006014s
DEBUG 2026-06-09 16:59:02 ort/utils.py:54 [CLIENT] Observation Buffer size 4.395459175109863 MB with
DEBUG 2026-06-09 16:59:02 ort/utils.py:69 [CLIENT] Observation Sent 2097152/4608973 bytes with state 1
DEBUG 2026-06-09 16:59:02 ort/utils.py:69 [CLIENT] Observation Sent 4194304/4608973 bytes with state 2
DEBUG 2026-06-09 16:59:02 ort/utils.py:69 [CLIENT] Observation Sent 4608973/4608973 bytes with state 3
DEBUG 2026-06-09 16:59:02 ort/utils.py:71 [CLIENT] Observation Published 4.395459175109863 MB
DEBUG 2026-06-09 16:59:02 t_client.py:209 Sent observation #133 | 
DEBUG 2026-06-09 16:59:02 t_client.py:434 QUEUE SIZE: 8 (Must go: False)
DEBUG 2026-06-09 16:59:02 t_client.py:477 Control loop (ms): 172.56
DEBUG 2026-06-09 16:59:02 follower.py:184 follower_right SOFollower read state: 1.9ms
DEBUG 2026-06-09 16:59:02 follower.py:191 follower_right SOFollower read wrist: 0.0ms
DEBUG 2026-06-09 16:59:02 follower.py:184 follower_left SOFollower read state: 2.1ms
DEBUG 2026-06-09 16:59:02 follower.py:191 follower_left SOFollower read wrist: 0.0ms
DEBUG 2026-06-09 16:59:02 t_client.py:198 Observation serialization time: 0.008706s
DEBUG 2026-06-09 16:59:02 ort/utils.py:54 [CLIENT] Observation Buffer size 4.395459175109863 MB with
DEBUG 2026-06-09 16:59:02 ort/utils.py:69 [CLIENT] Observation Sent 2097152/4608973 bytes with state 1
DEBUG 2026-06-09 16:59:02 ort/utils.py:69 [CLIENT] Observation Sent 4194304/4608973 bytes with state 2
DEBUG 2026-06-09 16:59:02 ort/utils.py:69 [CLIENT] Observation Sent 4608973/4608973 bytes with state 3
DEBUG 2026-06-09 16:59:02 ort/utils.py:71 [CLIENT] Observation Published 4.395459175109863 MB
DEBUG 2026-06-09 16:59:02 t_client.py:292 Received actions on device: cpu
DEBUG 2026-06-09 16:59:02 t_client.py:302 Actions kept on device: cpu
DEBUG 2026-06-09 16:59:02 t_client.py:209 Sent observation #134 | 
DEBUG 2026-06-09 16:59:02 t_client.py:434 QUEUE SIZE: 7 (Must go: False)
DEBUG 2026-06-09 16:59:02 t_client.py:477 Control loop (ms): 146.46
DEBUG 2026-06-09 16:59:02 t_client.py:477 Control loop (ms): 1.48
DEBUG 2026-06-09 16:59:02 t_client.py:477 Control loop (ms): 2.20
DEBUG 2026-06-09 16:59:02 t_client.py:477 Control loop (ms): 1.54
DEBUG 2026-06-09 16:59:02 t_client.py:477 Control loop (ms): 1.76
DEBUG 2026-06-09 16:59:02 t_client.py:292 Received actions on device: cpu
DEBUG 2026-06-09 16:59:02 t_client.py:302 Actions kept on device: cpu
DEBUG 2026-06-09 16:59:02 t_client.py:477 Control loop (ms): 1.24
DEBUG 2026-06-09 16:59:02 t_client.py:477 Control loop (ms): 2.14
DEBUG 2026-06-09 16:59:02 follower.py:184 follower_right SOFollower read state: 2.3ms
DEBUG 2026-06-09 16:59:02 follower.py:191 follower_right SOFollower read wrist: 0.0ms
DEBUG 2026-06-09 16:59:02 follower.py:184 follower_left SOFollower read state: 2.3ms
DEBUG 2026-06-09 16:59:02 follower.py:191 follower_left SOFollower read wrist: 0.0ms
DEBUG 2026-06-09 16:59:02 t_client.py:198 Observation serialization time: 0.010333s
DEBUG 2026-06-09 16:59:02 ort/utils.py:54 [CLIENT] Observation Buffer size 4.395459175109863 MB with
DEBUG 2026-06-09 16:59:02 ort/utils.py:69 [CLIENT] Observation Sent 2097152/4608973 bytes with state 1
DEBUG 2026-06-09 16:59:02 ort/utils.py:69 [CLIENT] Observation Sent 4194304/4608973 bytes with state 2
DEBUG 2026-06-09 16:59:02 ort/utils.py:69 [CLIENT] Observation Sent 4608973/4608973 bytes with state 3
DEBUG 2026-06-09 16:59:02 ort/utils.py:71 [CLIENT] Observation Published 4.395459175109863 MB
DEBUG 2026-06-09 16:59:02 t_client.py:209 Sent observation #141 | 
DEBUG 2026-06-09 16:59:02 t_client.py:434 QUEUE SIZE: 8 (Must go: False)
DEBUG 2026-06-09 16:59:02 t_client.py:477 Control loop (ms): 259.83
DEBUG 2026-06-09 16:59:02 follower.py:184 follower_right SOFollower read state: 2.1ms
DEBUG 2026-06-09 16:59:02 follower.py:191 follower_right SOFollower read wrist: 0.0ms
DEBUG 2026-06-09 16:59:02 follower.py:184 follower_left SOFollower read state: 1.9ms
DEBUG 2026-06-09 16:59:02 follower.py:191 follower_left SOFollower read wrist: 0.0ms
DEBUG 2026-06-09 16:59:02 t_client.py:198 Observation serialization time: 0.003001s
DEBUG 2026-06-09 16:59:02 ort/utils.py:54 [CLIENT] Observation Buffer size 4.395459175109863 MB with
DEBUG 2026-06-09 16:59:02 ort/utils.py:69 [CLIENT] Observation Sent 2097152/4608973 bytes with state 1
DEBUG 2026-06-09 16:59:02 ort/utils.py:69 [CLIENT] Observation Sent 4194304/4608973 bytes with state 2
DEBUG 2026-06-09 16:59:02 ort/utils.py:69 [CLIENT] Observation Sent 4608973/4608973 bytes with state 3
DEBUG 2026-06-09 16:59:02 ort/utils.py:71 [CLIENT] Observation Published 4.395459175109863 MB
DEBUG 2026-06-09 16:59:02 t_client.py:209 Sent observation #142 | 
DEBUG 2026-06-09 16:59:02 t_client.py:434 QUEUE SIZE: 7 (Must go: False)
DEBUG 2026-06-09 16:59:02 t_client.py:477 Control loop (ms): 113.44
DEBUG 2026-06-09 16:59:02 t_client.py:292 Received actions on device: cpu
DEBUG 2026-06-09 16:59:02 t_client.py:302 Actions kept on device: cpu
DEBUG 2026-06-09 16:59:02 follower.py:184 follower_right SOFollower read state: 2.2ms
DEBUG 2026-06-09 16:59:02 follower.py:191 follower_right SOFollower read wrist: 0.0ms
DEBUG 2026-06-09 16:59:02 follower.py:184 follower_left SOFollower read state: 1.7ms
DEBUG 2026-06-09 16:59:02 follower.py:191 follower_left SOFollower read wrist: 0.0ms
DEBUG 2026-06-09 16:59:02 t_client.py:198 Observation serialization time: 0.007452s
DEBUG 2026-06-09 16:59:02 ort/utils.py:54 [CLIENT] Observation Buffer size 4.395459175109863 MB with
DEBUG 2026-06-09 16:59:02 ort/utils.py:69 [CLIENT] Observation Sent 2097152/4608973 bytes with state 1
DEBUG 2026-06-09 16:59:02 ort/utils.py:69 [CLIENT] Observation Sent 4194304/4608973 bytes with state 2
DEBUG 2026-06-09 16:59:02 ort/utils.py:69 [CLIENT] Observation Sent 4608973/4608973 bytes with state 3
DEBUG 2026-06-09 16:59:02 ort/utils.py:71 [CLIENT] Observation Published 4.395459175109863 MB
DEBUG 2026-06-09 16:59:03 t_client.py:292 Received actions on device: cpu
DEBUG 2026-06-09 16:59:03 t_client.py:302 Actions kept on device: cpu
DEBUG 2026-06-09 16:59:03 t_client.py:209 Sent observation #143 | 
DEBUG 2026-06-09 16:59:03 t_client.py:434 QUEUE SIZE: 13 (Must go: False)
DEBUG 2026-06-09 16:59:03 t_client.py:477 Control loop (ms): 232.78
DEBUG 2026-06-09 16:59:03 t_client.py:477 Control loop (ms): 1.76
DEBUG 2026-06-09 16:59:03 t_client.py:477 Control loop (ms): 1.41
DEBUG 2026-06-09 16:59:03 t_client.py:477 Control loop (ms): 1.30
DEBUG 2026-06-09 16:59:03 t_client.py:292 Received actions on device: cpu
DEBUG 2026-06-09 16:59:03 t_client.py:302 Actions kept on device: cpu
DEBUG 2026-06-09 16:59:03 t_client.py:477 Control loop (ms): 1.95
DEBUG 2026-06-09 16:59:03 t_client.py:477 Control loop (ms): 1.15
DEBUG 2026-06-09 16:59:03 t_client.py:477 Control loop (ms): 1.27
DEBUG 2026-06-09 16:59:03 follower.py:184 follower_right SOFollower read state: 2.1ms
DEBUG 2026-06-09 16:59:03 follower.py:191 follower_right SOFollower read wrist: 0.0ms
DEBUG 2026-06-09 16:59:03 follower.py:184 follower_left SOFollower read state: 1.9ms
DEBUG 2026-06-09 16:59:03 follower.py:191 follower_left SOFollower read wrist: 0.0ms
DEBUG 2026-06-09 16:59:03 t_client.py:198 Observation serialization time: 0.011616s
DEBUG 2026-06-09 16:59:03 ort/utils.py:54 [CLIENT] Observation Buffer size 4.395459175109863 MB with
DEBUG 2026-06-09 16:59:03 ort/utils.py:69 [CLIENT] Observation Sent 2097152/4608973 bytes with state 1
DEBUG 2026-06-09 16:59:03 ort/utils.py:69 [CLIENT] Observation Sent 4194304/4608973 bytes with state 2
DEBUG 2026-06-09 16:59:03 ort/utils.py:69 [CLIENT] Observation Sent 4608973/4608973 bytes with state 3
DEBUG 2026-06-09 16:59:03 ort/utils.py:71 [CLIENT] Observation Published 4.395459175109863 MB
DEBUG 2026-06-09 16:59:03 t_client.py:209 Sent observation #150 | 
DEBUG 2026-06-09 16:59:03 t_client.py:434 QUEUE SIZE: 8 (Must go: False)
DEBUG 2026-06-09 16:59:03 t_client.py:477 Control loop (ms): 128.37
DEBUG 2026-06-09 16:59:03 follower.py:184 follower_right SOFollower read state: 2.2ms
DEBUG 2026-06-09 16:59:03 follower.py:191 follower_right SOFollower read wrist: 0.0ms
DEBUG 2026-06-09 16:59:03 follower.py:184 follower_left SOFollower read state: 2.3ms
DEBUG 2026-06-09 16:59:03 follower.py:191 follower_left SOFollower read wrist: 0.0ms
DEBUG 2026-06-09 16:59:03 t_client.py:198 Observation serialization time: 0.008550s
DEBUG 2026-06-09 16:59:03 ort/utils.py:54 [CLIENT] Observation Buffer size 4.395459175109863 MB with
DEBUG 2026-06-09 16:59:03 ort/utils.py:69 [CLIENT] Observation Sent 2097152/4608973 bytes with state 1
DEBUG 2026-06-09 16:59:03 ort/utils.py:69 [CLIENT] Observation Sent 4194304/4608973 bytes with state 2
DEBUG 2026-06-09 16:59:03 ort/utils.py:69 [CLIENT] Observation Sent 4608973/4608973 bytes with state 3
DEBUG 2026-06-09 16:59:03 ort/utils.py:71 [CLIENT] Observation Published 4.395459175109863 MB
DEBUG 2026-06-09 16:59:03 t_client.py:292 Received actions on device: cpu
DEBUG 2026-06-09 16:59:03 t_client.py:302 Actions kept on device: cpu
DEBUG 2026-06-09 16:59:03 t_client.py:209 Sent observation #151 | 
DEBUG 2026-06-09 16:59:03 t_client.py:434 QUEUE SIZE: 7 (Must go: False)
DEBUG 2026-06-09 16:59:03 t_client.py:477 Control loop (ms): 249.12
DEBUG 2026-06-09 16:59:03 t_client.py:477 Control loop (ms): 1.66
DEBUG 2026-06-09 16:59:03 t_client.py:477 Control loop (ms): 1.62
DEBUG 2026-06-09 16:59:03 t_client.py:477 Control loop (ms): 2.39
DEBUG 2026-06-09 16:59:03 t_client.py:292 Received actions on device: cpu
DEBUG 2026-06-09 16:59:03 t_client.py:302 Actions kept on device: cpu
DEBUG 2026-06-09 16:59:03 t_client.py:477 Control loop (ms): 1.45
DEBUG 2026-06-09 16:59:03 t_client.py:477 Control loop (ms): 2.24
DEBUG 2026-06-09 16:59:03 t_client.py:477 Control loop (ms): 1.77
DEBUG 2026-06-09 16:59:03 follower.py:184 follower_right SOFollower read state: 2.3ms
DEBUG 2026-06-09 16:59:03 follower.py:191 follower_right SOFollower read wrist: 0.0ms
DEBUG 2026-06-09 16:59:03 follower.py:184 follower_left SOFollower read state: 2.0ms
DEBUG 2026-06-09 16:59:03 follower.py:191 follower_left SOFollower read wrist: 0.0ms
DEBUG 2026-06-09 16:59:03 t_client.py:198 Observation serialization time: 0.010454s
DEBUG 2026-06-09 16:59:03 ort/utils.py:54 [CLIENT] Observation Buffer size 4.395459175109863 MB with
DEBUG 2026-06-09 16:59:03 ort/utils.py:69 [CLIENT] Observation Sent 2097152/4608973 bytes with state 1
DEBUG 2026-06-09 16:59:04 ort/utils.py:69 [CLIENT] Observation Sent 4194304/4608973 bytes with state 2
DEBUG 2026-06-09 16:59:04 ort/utils.py:69 [CLIENT] Observation Sent 4608973/4608973 bytes with state 3
DEBUG 2026-06-09 16:59:04 ort/utils.py:71 [CLIENT] Observation Published 4.395459175109863 MB
DEBUG 2026-06-09 16:59:04 t_client.py:209 Sent observation #158 | 
DEBUG 2026-06-09 16:59:04 t_client.py:434 QUEUE SIZE: 8 (Must go: False)
DEBUG 2026-06-09 16:59:04 t_client.py:477 Control loop (ms): 174.64
DEBUG 2026-06-09 16:59:04 follower.py:184 follower_right SOFollower read state: 2.2ms
DEBUG 2026-06-09 16:59:04 follower.py:191 follower_right SOFollower read wrist: 0.1ms
DEBUG 2026-06-09 16:59:04 follower.py:184 follower_left SOFollower read state: 2.3ms
DEBUG 2026-06-09 16:59:04 follower.py:191 follower_left SOFollower read wrist: 0.0ms
DEBUG 2026-06-09 16:59:04 t_client.py:198 Observation serialization time: 0.007339s
DEBUG 2026-06-09 16:59:04 ort/utils.py:54 [CLIENT] Observation Buffer size 4.395459175109863 MB with
DEBUG 2026-06-09 16:59:04 ort/utils.py:69 [CLIENT] Observation Sent 2097152/4608973 bytes with state 1
DEBUG 2026-06-09 16:59:04 ort/utils.py:69 [CLIENT] Observation Sent 4194304/4608973 bytes with state 2
DEBUG 2026-06-09 16:59:04 ort/utils.py:69 [CLIENT] Observation Sent 4608973/4608973 bytes with state 3
DEBUG 2026-06-09 16:59:04 ort/utils.py:71 [CLIENT] Observation Published 4.395459175109863 MB
DEBUG 2026-06-09 16:59:04 t_client.py:292 Received actions on device: cpu
DEBUG 2026-06-09 16:59:04 t_client.py:302 Actions kept on device: cpu
DEBUG 2026-06-09 16:59:04 t_client.py:209 Sent observation #159 | 
DEBUG 2026-06-09 16:59:04 t_client.py:434 QUEUE SIZE: 7 (Must go: False)
DEBUG 2026-06-09 16:59:04 t_client.py:477 Control loop (ms): 248.48
DEBUG 2026-06-09 16:59:04 t_client.py:477 Control loop (ms): 1.33
DEBUG 2026-06-09 16:59:04 t_client.py:477 Control loop (ms): 2.22
DEBUG 2026-06-09 16:59:04 t_client.py:477 Control loop (ms): 2.14
DEBUG 2026-06-09 16:59:04 t_client.py:292 Received actions on device: cpu
DEBUG 2026-06-09 16:59:04 t_client.py:302 Actions kept on device: cpu
DEBUG 2026-06-09 16:59:04 t_client.py:477 Control loop (ms): 1.63
DEBUG 2026-06-09 16:59:04 t_client.py:477 Control loop (ms): 2.21
DEBUG 2026-06-09 16:59:04 t_client.py:477 Control loop (ms): 2.09
DEBUG 2026-06-09 16:59:04 follower.py:184 follower_right SOFollower read state: 2.0ms
DEBUG 2026-06-09 16:59:04 follower.py:191 follower_right SOFollower read wrist: 0.0ms
DEBUG 2026-06-09 16:59:04 follower.py:184 follower_left SOFollower read state: 2.0ms
DEBUG 2026-06-09 16:59:04 follower.py:191 follower_left SOFollower read wrist: 0.0ms
DEBUG 2026-06-09 16:59:04 t_client.py:198 Observation serialization time: 0.009480s
DEBUG 2026-06-09 16:59:04 ort/utils.py:54 [CLIENT] Observation Buffer size 4.395459175109863 MB with
DEBUG 2026-06-09 16:59:04 ort/utils.py:69 [CLIENT] Observation Sent 2097152/4608973 bytes with state 1
DEBUG 2026-06-09 16:59:04 ort/utils.py:69 [CLIENT] Observation Sent 4194304/4608973 bytes with state 2
DEBUG 2026-06-09 16:59:04 ort/utils.py:69 [CLIENT] Observation Sent 4608973/4608973 bytes with state 3
DEBUG 2026-06-09 16:59:04 ort/utils.py:71 [CLIENT] Observation Published 4.395459175109863 MB
DEBUG 2026-06-09 16:59:04 t_client.py:209 Sent observation #166 | 
DEBUG 2026-06-09 16:59:04 t_client.py:434 QUEUE SIZE: 8 (Must go: False)
DEBUG 2026-06-09 16:59:04 t_client.py:477 Control loop (ms): 187.75
DEBUG 2026-06-09 16:59:04 follower.py:184 follower_right SOFollower read state: 1.7ms
DEBUG 2026-06-09 16:59:04 follower.py:191 follower_right SOFollower read wrist: 0.0ms
DEBUG 2026-06-09 16:59:04 follower.py:184 follower_left SOFollower read state: 1.6ms
DEBUG 2026-06-09 16:59:04 follower.py:191 follower_left SOFollower read wrist: 0.0ms
DEBUG 2026-06-09 16:59:04 t_client.py:198 Observation serialization time: 0.004270s
DEBUG 2026-06-09 16:59:04 ort/utils.py:54 [CLIENT] Observation Buffer size 4.395459175109863 MB with
DEBUG 2026-06-09 16:59:04 ort/utils.py:69 [CLIENT] Observation Sent 2097152/4608973 bytes with state 1
DEBUG 2026-06-09 16:59:04 ort/utils.py:69 [CLIENT] Observation Sent 4194304/4608973 bytes with state 2
DEBUG 2026-06-09 16:59:04 ort/utils.py:69 [CLIENT] Observation Sent 4608973/4608973 bytes with state 3
DEBUG 2026-06-09 16:59:04 ort/utils.py:71 [CLIENT] Observation Published 4.395459175109863 MB
DEBUG 2026-06-09 16:59:04 t_client.py:292 Received actions on device: cpu
DEBUG 2026-06-09 16:59:04 t_client.py:302 Actions kept on device: cpu
DEBUG 2026-06-09 16:59:04 t_client.py:209 Sent observation #167 | 
DEBUG 2026-06-09 16:59:04 t_client.py:434 QUEUE SIZE: 7 (Must go: False)
DEBUG 2026-06-09 16:59:04 t_client.py:477 Control loop (ms): 232.62
DEBUG 2026-06-09 16:59:04 t_client.py:477 Control loop (ms): 1.55
DEBUG 2026-06-09 16:59:04 t_client.py:477 Control loop (ms): 2.55
DEBUG 2026-06-09 16:59:05 t_client.py:477 Control loop (ms): 2.05
DEBUG 2026-06-09 16:59:05 t_client.py:292 Received actions on device: cpu
DEBUG 2026-06-09 16:59:05 t_client.py:302 Actions kept on device: cpu
DEBUG 2026-06-09 16:59:05 t_client.py:477 Control loop (ms): 3.59
DEBUG 2026-06-09 16:59:05 t_client.py:477 Control loop (ms): 2.75
DEBUG 2026-06-09 16:59:05 t_client.py:477 Control loop (ms): 2.40
DEBUG 2026-06-09 16:59:05 follower.py:184 follower_right SOFollower read state: 2.5ms
DEBUG 2026-06-09 16:59:05 follower.py:191 follower_right SOFollower read wrist: 0.1ms
DEBUG 2026-06-09 16:59:05 follower.py:184 follower_left SOFollower read state: 2.0ms
DEBUG 2026-06-09 16:59:05 follower.py:191 follower_left SOFollower read wrist: 0.0ms
DEBUG 2026-06-09 16:59:05 t_client.py:198 Observation serialization time: 0.009218s
DEBUG 2026-06-09 16:59:05 ort/utils.py:54 [CLIENT] Observation Buffer size 4.395459175109863 MB with
DEBUG 2026-06-09 16:59:05 ort/utils.py:69 [CLIENT] Observation Sent 2097152/4608973 bytes with state 1
DEBUG 2026-06-09 16:59:05 ort/utils.py:69 [CLIENT] Observation Sent 4194304/4608973 bytes with state 2
DEBUG 2026-06-09 16:59:05 ort/utils.py:69 [CLIENT] Observation Sent 4608973/4608973 bytes with state 3
DEBUG 2026-06-09 16:59:05 ort/utils.py:71 [CLIENT] Observation Published 4.395459175109863 MB
DEBUG 2026-06-09 16:59:05 t_client.py:209 Sent observation #174 | 
DEBUG 2026-06-09 16:59:05 t_client.py:434 QUEUE SIZE: 8 (Must go: False)
DEBUG 2026-06-09 16:59:05 t_client.py:477 Control loop (ms): 159.86
DEBUG 2026-06-09 16:59:05 follower.py:184 follower_right SOFollower read state: 2.1ms
DEBUG 2026-06-09 16:59:05 follower.py:191 follower_right SOFollower read wrist: 0.0ms
DEBUG 2026-06-09 16:59:05 follower.py:184 follower_left SOFollower read state: 2.1ms
DEBUG 2026-06-09 16:59:05 follower.py:191 follower_left SOFollower read wrist: 0.0ms
DEBUG 2026-06-09 16:59:05 t_client.py:198 Observation serialization time: 0.009082s
DEBUG 2026-06-09 16:59:05 ort/utils.py:54 [CLIENT] Observation Buffer size 4.395459175109863 MB with
DEBUG 2026-06-09 16:59:05 ort/utils.py:69 [CLIENT] Observation Sent 2097152/4608973 bytes with state 1
DEBUG 2026-06-09 16:59:05 ort/utils.py:69 [CLIENT] Observation Sent 4194304/4608973 bytes with state 2
DEBUG 2026-06-09 16:59:05 ort/utils.py:69 [CLIENT] Observation Sent 4608973/4608973 bytes with state 3
DEBUG 2026-06-09 16:59:05 ort/utils.py:71 [CLIENT] Observation Published 4.395459175109863 MB
DEBUG 2026-06-09 16:59:05 t_client.py:292 Received actions on device: cpu
DEBUG 2026-06-09 16:59:05 t_client.py:302 Actions kept on device: cpu
DEBUG 2026-06-09 16:59:05 t_client.py:209 Sent observation #175 | 
DEBUG 2026-06-09 16:59:05 t_client.py:434 QUEUE SIZE: 7 (Must go: False)
DEBUG 2026-06-09 16:59:05 t_client.py:477 Control loop (ms): 291.82
DEBUG 2026-06-09 16:59:05 t_client.py:477 Control loop (ms): 1.42
DEBUG 2026-06-09 16:59:05 t_client.py:477 Control loop (ms): 1.67
DEBUG 2026-06-09 16:59:05 t_client.py:477 Control loop (ms): 1.62
DEBUG 2026-06-09 16:59:05 t_client.py:477 Control loop (ms): 4.13
DEBUG 2026-06-09 16:59:05 t_client.py:292 Received actions on device: cpu
DEBUG 2026-06-09 16:59:05 t_client.py:302 Actions kept on device: cpu
DEBUG 2026-06-09 16:59:05 t_client.py:477 Control loop (ms): 1.31
DEBUG 2026-06-09 16:59:05 t_client.py:477 Control loop (ms): 1.20
DEBUG 2026-06-09 16:59:05 follower.py:184 follower_right SOFollower read state: 1.9ms
DEBUG 2026-06-09 16:59:05 follower.py:191 follower_right SOFollower read wrist: 0.1ms
DEBUG 2026-06-09 16:59:05 follower.py:184 follower_left SOFollower read state: 2.0ms
DEBUG 2026-06-09 16:59:05 follower.py:191 follower_left SOFollower read wrist: 0.0ms
DEBUG 2026-06-09 16:59:05 t_client.py:198 Observation serialization time: 0.011181s
DEBUG 2026-06-09 16:59:05 ort/utils.py:54 [CLIENT] Observation Buffer size 4.395459175109863 MB with
DEBUG 2026-06-09 16:59:05 ort/utils.py:69 [CLIENT] Observation Sent 2097152/4608973 bytes with state 1
DEBUG 2026-06-09 16:59:05 ort/utils.py:69 [CLIENT] Observation Sent 4194304/4608973 bytes with state 2
DEBUG 2026-06-09 16:59:05 ort/utils.py:69 [CLIENT] Observation Sent 4608973/4608973 bytes with state 3
DEBUG 2026-06-09 16:59:05 ort/utils.py:71 [CLIENT] Observation Published 4.395459175109863 MB
DEBUG 2026-06-09 16:59:05 t_client.py:209 Sent observation #182 | 
DEBUG 2026-06-09 16:59:05 t_client.py:434 QUEUE SIZE: 8 (Must go: False)
DEBUG 2026-06-09 16:59:05 t_client.py:477 Control loop (ms): 131.71
DEBUG 2026-06-09 16:59:05 follower.py:184 follower_right SOFollower read state: 1.9ms
DEBUG 2026-06-09 16:59:05 follower.py:191 follower_right SOFollower read wrist: 0.1ms
DEBUG 2026-06-09 16:59:05 follower.py:184 follower_left SOFollower read state: 1.8ms
DEBUG 2026-06-09 16:59:05 follower.py:191 follower_left SOFollower read wrist: 0.0ms
DEBUG 2026-06-09 16:59:05 t_client.py:198 Observation serialization time: 0.007240s
DEBUG 2026-06-09 16:59:05 ort/utils.py:54 [CLIENT] Observation Buffer size 4.395459175109863 MB with
DEBUG 2026-06-09 16:59:05 ort/utils.py:69 [CLIENT] Observation Sent 2097152/4608973 bytes with state 1
DEBUG 2026-06-09 16:59:06 ort/utils.py:69 [CLIENT] Observation Sent 4194304/4608973 bytes with state 2
DEBUG 2026-06-09 16:59:06 ort/utils.py:69 [CLIENT] Observation Sent 4608973/4608973 bytes with state 3
DEBUG 2026-06-09 16:59:06 ort/utils.py:71 [CLIENT] Observation Published 4.395459175109863 MB
DEBUG 2026-06-09 16:59:06 t_client.py:292 Received actions on device: cpu
DEBUG 2026-06-09 16:59:06 t_client.py:302 Actions kept on device: cpu
DEBUG 2026-06-09 16:59:06 t_client.py:209 Sent observation #183 | 
DEBUG 2026-06-09 16:59:06 t_client.py:434 QUEUE SIZE: 7 (Must go: False)
DEBUG 2026-06-09 16:59:06 t_client.py:477 Control loop (ms): 230.54
DEBUG 2026-06-09 16:59:06 t_client.py:477 Control loop (ms): 1.33
DEBUG 2026-06-09 16:59:06 t_client.py:477 Control loop (ms): 1.23
DEBUG 2026-06-09 16:59:06 t_client.py:477 Control loop (ms): 1.38
DEBUG 2026-06-09 16:59:06 t_client.py:292 Received actions on device: cpu
DEBUG 2026-06-09 16:59:06 t_client.py:302 Actions kept on device: cpu
DEBUG 2026-06-09 16:59:06 t_client.py:477 Control loop (ms): 0.83
DEBUG 2026-06-09 16:59:06 t_client.py:477 Control loop (ms): 1.36
DEBUG 2026-06-09 16:59:06 t_client.py:477 Control loop (ms): 1.12
DEBUG 2026-06-09 16:59:06 follower.py:184 follower_right SOFollower read state: 2.1ms
DEBUG 2026-06-09 16:59:06 follower.py:191 follower_right SOFollower read wrist: 0.0ms
DEBUG 2026-06-09 16:59:06 follower.py:184 follower_left SOFollower read state: 2.1ms
DEBUG 2026-06-09 16:59:06 follower.py:191 follower_left SOFollower read wrist: 0.0ms
DEBUG 2026-06-09 16:59:06 t_client.py:198 Observation serialization time: 0.009913s
DEBUG 2026-06-09 16:59:06 ort/utils.py:54 [CLIENT] Observation Buffer size 4.395459175109863 MB with
DEBUG 2026-06-09 16:59:06 ort/utils.py:69 [CLIENT] Observation Sent 2097152/4608973 bytes with state 1
DEBUG 2026-06-09 16:59:06 ort/utils.py:69 [CLIENT] Observation Sent 4194304/4608973 bytes with state 2
DEBUG 2026-06-09 16:59:06 ort/utils.py:69 [CLIENT] Observation Sent 4608973/4608973 bytes with state 3
DEBUG 2026-06-09 16:59:06 ort/utils.py:71 [CLIENT] Observation Published 4.395459175109863 MB
DEBUG 2026-06-09 16:59:06 t_client.py:209 Sent observation #190 | 
DEBUG 2026-06-09 16:59:06 t_client.py:434 QUEUE SIZE: 8 (Must go: False)
DEBUG 2026-06-09 16:59:06 t_client.py:477 Control loop (ms): 173.78
DEBUG 2026-06-09 16:59:06 follower.py:184 follower_right SOFollower read state: 2.4ms
DEBUG 2026-06-09 16:59:06 follower.py:191 follower_right SOFollower read wrist: 0.0ms
DEBUG 2026-06-09 16:59:06 follower.py:184 follower_left SOFollower read state: 2.4ms
DEBUG 2026-06-09 16:59:06 follower.py:191 follower_left SOFollower read wrist: 0.0ms
DEBUG 2026-06-09 16:59:06 t_client.py:198 Observation serialization time: 0.007965s
DEBUG 2026-06-09 16:59:06 ort/utils.py:54 [CLIENT] Observation Buffer size 4.395459175109863 MB with
DEBUG 2026-06-09 16:59:06 ort/utils.py:69 [CLIENT] Observation Sent 2097152/4608973 bytes with state 1
DEBUG 2026-06-09 16:59:06 ort/utils.py:69 [CLIENT] Observation Sent 4194304/4608973 bytes with state 2
DEBUG 2026-06-09 16:59:06 ort/utils.py:69 [CLIENT] Observation Sent 4608973/4608973 bytes with state 3
DEBUG 2026-06-09 16:59:06 ort/utils.py:71 [CLIENT] Observation Published 4.395459175109863 MB
DEBUG 2026-06-09 16:59:06 t_client.py:292 Received actions on device: cpu
DEBUG 2026-06-09 16:59:06 t_client.py:302 Actions kept on device: cpu
DEBUG 2026-06-09 16:59:06 t_client.py:209 Sent observation #191 | 
DEBUG 2026-06-09 16:59:06 t_client.py:434 QUEUE SIZE: 7 (Must go: False)
DEBUG 2026-06-09 16:59:06 t_client.py:477 Control loop (ms): 186.81
DEBUG 2026-06-09 16:59:06 t_client.py:477 Control loop (ms): 2.14
DEBUG 2026-06-09 16:59:06 t_client.py:477 Control loop (ms): 2.02
DEBUG 2026-06-09 16:59:06 t_client.py:477 Control loop (ms): 2.47
DEBUG 2026-06-09 16:59:06 t_client.py:477 Control loop (ms): 5.34
DEBUG 2026-06-09 16:59:06 t_client.py:292 Received actions on device: cpu
DEBUG 2026-06-09 16:59:06 t_client.py:302 Actions kept on device: cpu
DEBUG 2026-06-09 16:59:06 t_client.py:477 Control loop (ms): 3.03
DEBUG 2026-06-09 16:59:06 t_client.py:477 Control loop (ms): 2.57
DEBUG 2026-06-09 16:59:06 t_client.py:477 Control loop (ms): 3.02
DEBUG 2026-06-09 16:59:06 follower.py:184 follower_right SOFollower read state: 2.7ms
DEBUG 2026-06-09 16:59:06 follower.py:191 follower_right SOFollower read wrist: 0.1ms
DEBUG 2026-06-09 16:59:06 follower.py:184 follower_left SOFollower read state: 2.5ms
DEBUG 2026-06-09 16:59:06 follower.py:191 follower_left SOFollower read wrist: 0.0ms
DEBUG 2026-06-09 16:59:07 t_client.py:198 Observation serialization time: 0.013232s
DEBUG 2026-06-09 16:59:07 ort/utils.py:54 [CLIENT] Observation Buffer size 4.395459175109863 MB with
DEBUG 2026-06-09 16:59:07 ort/utils.py:69 [CLIENT] Observation Sent 2097152/4608973 bytes with state 1
DEBUG 2026-06-09 16:59:07 ort/utils.py:69 [CLIENT] Observation Sent 4194304/4608973 bytes with state 2
DEBUG 2026-06-09 16:59:07 ort/utils.py:69 [CLIENT] Observation Sent 4608973/4608973 bytes with state 3
DEBUG 2026-06-09 16:59:07 ort/utils.py:71 [CLIENT] Observation Published 4.395459175109863 MB
DEBUG 2026-06-09 16:59:07 t_client.py:209 Sent observation #198 | 
DEBUG 2026-06-09 16:59:07 t_client.py:434 QUEUE SIZE: 8 (Must go: False)
DEBUG 2026-06-09 16:59:07 t_client.py:477 Control loop (ms): 120.61
DEBUG 2026-06-09 16:59:07 follower.py:184 follower_right SOFollower read state: 2.5ms
DEBUG 2026-06-09 16:59:07 follower.py:191 follower_right SOFollower read wrist: 0.0ms
DEBUG 2026-06-09 16:59:07 follower.py:184 follower_left SOFollower read state: 2.0ms
DEBUG 2026-06-09 16:59:07 follower.py:191 follower_left SOFollower read wrist: 0.0ms
DEBUG 2026-06-09 16:59:07 t_client.py:198 Observation serialization time: 0.008005s
DEBUG 2026-06-09 16:59:07 ort/utils.py:54 [CLIENT] Observation Buffer size 4.395459175109863 MB with
DEBUG 2026-06-09 16:59:07 ort/utils.py:69 [CLIENT] Observation Sent 2097152/4608973 bytes with state 1
DEBUG 2026-06-09 16:59:07 ort/utils.py:69 [CLIENT] Observation Sent 4194304/4608973 bytes with state 2
DEBUG 2026-06-09 16:59:07 ort/utils.py:69 [CLIENT] Observation Sent 4608973/4608973 bytes with state 3
DEBUG 2026-06-09 16:59:07 ort/utils.py:71 [CLIENT] Observation Published 4.395459175109863 MB
DEBUG 2026-06-09 16:59:07 t_client.py:292 Received actions on device: cpu
DEBUG 2026-06-09 16:59:07 t_client.py:302 Actions kept on device: cpu
DEBUG 2026-06-09 16:59:07 t_client.py:209 Sent observation #199 | 
DEBUG 2026-06-09 16:59:07 t_client.py:434 QUEUE SIZE: 7 (Must go: False)
DEBUG 2026-06-09 16:59:07 t_client.py:477 Control loop (ms): 136.05
DEBUG 2026-06-09 16:59:07 t_client.py:477 Control loop (ms): 3.28
DEBUG 2026-06-09 16:59:07 t_client.py:477 Control loop (ms): 1.15
DEBUG 2026-06-09 16:59:07 t_client.py:477 Control loop (ms): 1.89
DEBUG 2026-06-09 16:59:07 t_client.py:477 Control loop (ms): 7.33
DEBUG 2026-06-09 16:59:07 t_client.py:292 Received actions on device: cpu
DEBUG 2026-06-09 16:59:07 t_client.py:302 Actions kept on device: cpu
DEBUG 2026-06-09 16:59:07 t_client.py:477 Control loop (ms): 1.94
DEBUG 2026-06-09 16:59:07 t_client.py:477 Control loop (ms): 2.44
DEBUG 2026-06-09 16:59:07 t_client.py:477 Control loop (ms): 2.56
DEBUG 2026-06-09 16:59:07 follower.py:184 follower_right SOFollower read state: 2.0ms
DEBUG 2026-06-09 16:59:07 follower.py:191 follower_right SOFollower read wrist: 0.0ms
DEBUG 2026-06-09 16:59:07 follower.py:184 follower_left SOFollower read state: 1.8ms
DEBUG 2026-06-09 16:59:07 follower.py:191 follower_left SOFollower read wrist: 0.0ms
DEBUG 2026-06-09 16:59:07 t_client.py:198 Observation serialization time: 0.006881s
DEBUG 2026-06-09 16:59:07 ort/utils.py:54 [CLIENT] Observation Buffer size 4.395459175109863 MB with
DEBUG 2026-06-09 16:59:07 ort/utils.py:69 [CLIENT] Observation Sent 2097152/4608973 bytes with state 1
DEBUG 2026-06-09 16:59:07 ort/utils.py:69 [CLIENT] Observation Sent 4194304/4608973 bytes with state 2
DEBUG 2026-06-09 16:59:07 ort/utils.py:69 [CLIENT] Observation Sent 4608973/4608973 bytes with state 3
DEBUG 2026-06-09 16:59:07 ort/utils.py:71 [CLIENT] Observation Published 4.395459175109863 MB
DEBUG 2026-06-09 16:59:07 t_client.py:209 Sent observation #206 | 
DEBUG 2026-06-09 16:59:07 t_client.py:434 QUEUE SIZE: 8 (Must go: False)
DEBUG 2026-06-09 16:59:07 t_client.py:477 Control loop (ms): 181.55
DEBUG 2026-06-09 16:59:07 follower.py:184 follower_right SOFollower read state: 2.1ms
DEBUG 2026-06-09 16:59:07 follower.py:191 follower_right SOFollower read wrist: 0.0ms
DEBUG 2026-06-09 16:59:07 follower.py:184 follower_left SOFollower read state: 2.1ms
DEBUG 2026-06-09 16:59:07 follower.py:191 follower_left SOFollower read wrist: 0.0ms
DEBUG 2026-06-09 16:59:07 t_client.py:198 Observation serialization time: 0.006803s
DEBUG 2026-06-09 16:59:07 ort/utils.py:54 [CLIENT] Observation Buffer size 4.395459175109863 MB with
DEBUG 2026-06-09 16:59:07 ort/utils.py:69 [CLIENT] Observation Sent 2097152/4608973 bytes with state 1
DEBUG 2026-06-09 16:59:07 ort/utils.py:69 [CLIENT] Observation Sent 4194304/4608973 bytes with state 2
DEBUG 2026-06-09 16:59:07 ort/utils.py:69 [CLIENT] Observation Sent 4608973/4608973 bytes with state 3
DEBUG 2026-06-09 16:59:07 ort/utils.py:71 [CLIENT] Observation Published 4.395459175109863 MB
DEBUG 2026-06-09 16:59:07 t_client.py:292 Received actions on device: cpu
DEBUG 2026-06-09 16:59:07 t_client.py:302 Actions kept on device: cpu
DEBUG 2026-06-09 16:59:07 t_client.py:209 Sent observation #207 | 
DEBUG 2026-06-09 16:59:07 t_client.py:434 QUEUE SIZE: 7 (Must go: False)
DEBUG 2026-06-09 16:59:07 t_client.py:477 Control loop (ms): 188.24
DEBUG 2026-06-09 16:59:07 t_client.py:477 Control loop (ms): 1.68
DEBUG 2026-06-09 16:59:07 t_client.py:477 Control loop (ms): 1.83
DEBUG 2026-06-09 16:59:07 t_client.py:477 Control loop (ms): 1.98
DEBUG 2026-06-09 16:59:07 t_client.py:292 Received actions on device: cpu
DEBUG 2026-06-09 16:59:07 t_client.py:302 Actions kept on device: cpu
DEBUG 2026-06-09 16:59:07 t_client.py:477 Control loop (ms): 3.39
DEBUG 2026-06-09 16:59:07 t_client.py:477 Control loop (ms): 1.63
DEBUG 2026-06-09 16:59:08 t_client.py:477 Control loop (ms): 1.90
DEBUG 2026-06-09 16:59:08 t_client.py:477 Control loop (ms): 1.77
DEBUG 2026-06-09 16:59:08 follower.py:184 follower_right SOFollower read state: 2.3ms
DEBUG 2026-06-09 16:59:08 follower.py:191 follower_right SOFollower read wrist: 0.0ms
DEBUG 2026-06-09 16:59:08 follower.py:184 follower_left SOFollower read state: 1.9ms
DEBUG 2026-06-09 16:59:08 follower.py:191 follower_left SOFollower read wrist: 0.0ms
DEBUG 2026-06-09 16:59:08 t_client.py:198 Observation serialization time: 0.004815s
DEBUG 2026-06-09 16:59:08 ort/utils.py:54 [CLIENT] Observation Buffer size 4.395459175109863 MB with
DEBUG 2026-06-09 16:59:08 ort/utils.py:69 [CLIENT] Observation Sent 2097152/4608973 bytes with state 1
DEBUG 2026-06-09 16:59:08 ort/utils.py:69 [CLIENT] Observation Sent 4194304/4608973 bytes with state 2
DEBUG 2026-06-09 16:59:08 ort/utils.py:69 [CLIENT] Observation Sent 4608973/4608973 bytes with state 3
DEBUG 2026-06-09 16:59:08 ort/utils.py:71 [CLIENT] Observation Published 4.395459175109863 MB
DEBUG 2026-06-09 16:59:08 t_client.py:209 Sent observation #214 | 
DEBUG 2026-06-09 16:59:08 t_client.py:434 QUEUE SIZE: 8 (Must go: False)
DEBUG 2026-06-09 16:59:08 t_client.py:477 Control loop (ms): 112.55
DEBUG 2026-06-09 16:59:08 follower.py:184 follower_right SOFollower read state: 2.0ms
DEBUG 2026-06-09 16:59:08 follower.py:191 follower_right SOFollower read wrist: 0.0ms
DEBUG 2026-06-09 16:59:08 follower.py:184 follower_left SOFollower read state: 1.8ms
DEBUG 2026-06-09 16:59:08 follower.py:191 follower_left SOFollower read wrist: 0.0ms
DEBUG 2026-06-09 16:59:08 t_client.py:198 Observation serialization time: 0.004959s
DEBUG 2026-06-09 16:59:08 ort/utils.py:54 [CLIENT] Observation Buffer size 4.395459175109863 MB with
DEBUG 2026-06-09 16:59:08 ort/utils.py:69 [CLIENT] Observation Sent 2097152/4608973 bytes with state 1
DEBUG 2026-06-09 16:59:08 ort/utils.py:69 [CLIENT] Observation Sent 4194304/4608973 bytes with state 2
DEBUG 2026-06-09 16:59:08 ort/utils.py:69 [CLIENT] Observation Sent 4608973/4608973 bytes with state 3
DEBUG 2026-06-09 16:59:08 ort/utils.py:71 [CLIENT] Observation Published 4.395459175109863 MB
DEBUG 2026-06-09 16:59:08 t_client.py:292 Received actions on device: cpu
DEBUG 2026-06-09 16:59:08 t_client.py:302 Actions kept on device: cpu
DEBUG 2026-06-09 16:59:08 t_client.py:209 Sent observation #215 | 
DEBUG 2026-06-09 16:59:08 t_client.py:434 QUEUE SIZE: 7 (Must go: False)
DEBUG 2026-06-09 16:59:08 t_client.py:477 Control loop (ms): 134.37
DEBUG 2026-06-09 16:59:08 t_client.py:477 Control loop (ms): 2.03
DEBUG 2026-06-09 16:59:08 t_client.py:477 Control loop (ms): 2.45
DEBUG 2026-06-09 16:59:08 t_client.py:477 Control loop (ms): 1.71
DEBUG 2026-06-09 16:59:08 t_client.py:292 Received actions on device: cpu
DEBUG 2026-06-09 16:59:08 t_client.py:302 Actions kept on device: cpu
DEBUG 2026-06-09 16:59:08 t_client.py:477 Control loop (ms): 2.16
DEBUG 2026-06-09 16:59:08 t_client.py:477 Control loop (ms): 1.91
DEBUG 2026-06-09 16:59:08 t_client.py:477 Control loop (ms): 2.02
DEBUG 2026-06-09 16:59:08 follower.py:184 follower_right SOFollower read state: 2.1ms
DEBUG 2026-06-09 16:59:08 follower.py:191 follower_right SOFollower read wrist: 0.0ms
DEBUG 2026-06-09 16:59:08 follower.py:184 follower_left SOFollower read state: 1.9ms
DEBUG 2026-06-09 16:59:08 follower.py:191 follower_left SOFollower read wrist: 0.0ms
DEBUG 2026-06-09 16:59:08 t_client.py:198 Observation serialization time: 0.004978s
DEBUG 2026-06-09 16:59:08 ort/utils.py:54 [CLIENT] Observation Buffer size 4.395459175109863 MB with
DEBUG 2026-06-09 16:59:08 ort/utils.py:69 [CLIENT] Observation Sent 2097152/4608973 bytes with state 1
DEBUG 2026-06-09 16:59:08 ort/utils.py:69 [CLIENT] Observation Sent 4194304/4608973 bytes with state 2
DEBUG 2026-06-09 16:59:08 ort/utils.py:69 [CLIENT] Observation Sent 4608973/4608973 bytes with state 3
DEBUG 2026-06-09 16:59:08 ort/utils.py:71 [CLIENT] Observation Published 4.395459175109863 MB
DEBUG 2026-06-09 16:59:08 t_client.py:209 Sent observation #222 | 
DEBUG 2026-06-09 16:59:08 t_client.py:434 QUEUE SIZE: 8 (Must go: False)
DEBUG 2026-06-09 16:59:08 t_client.py:477 Control loop (ms): 104.41
DEBUG 2026-06-09 16:59:08 follower.py:184 follower_right SOFollower read state: 2.1ms
DEBUG 2026-06-09 16:59:08 follower.py:191 follower_right SOFollower read wrist: 0.0ms
DEBUG 2026-06-09 16:59:08 follower.py:184 follower_left SOFollower read state: 1.6ms
DEBUG 2026-06-09 16:59:08 follower.py:191 follower_left SOFollower read wrist: 0.0ms
DEBUG 2026-06-09 16:59:08 t_client.py:198 Observation serialization time: 0.004469s
DEBUG 2026-06-09 16:59:08 ort/utils.py:54 [CLIENT] Observation Buffer size 4.395459175109863 MB with
DEBUG 2026-06-09 16:59:08 ort/utils.py:69 [CLIENT] Observation Sent 2097152/4608973 bytes with state 1
DEBUG 2026-06-09 16:59:08 ort/utils.py:69 [CLIENT] Observation Sent 4194304/4608973 bytes with state 2
DEBUG 2026-06-09 16:59:08 ort/utils.py:69 [CLIENT] Observation Sent 4608973/4608973 bytes with state 3
DEBUG 2026-06-09 16:59:08 ort/utils.py:71 [CLIENT] Observation Published 4.395459175109863 MB
DEBUG 2026-06-09 16:59:08 t_client.py:292 Received actions on device: cpu
DEBUG 2026-06-09 16:59:08 t_client.py:302 Actions kept on device: cpu
DEBUG 2026-06-09 16:59:08 t_client.py:209 Sent observation #223 | 
DEBUG 2026-06-09 16:59:08 t_client.py:434 QUEUE SIZE: 7 (Must go: False)
DEBUG 2026-06-09 16:59:08 t_client.py:477 Control loop (ms): 156.13
DEBUG 2026-06-09 16:59:08 t_client.py:477 Control loop (ms): 1.64
DEBUG 2026-06-09 16:59:08 t_client.py:477 Control loop (ms): 2.14
DEBUG 2026-06-09 16:59:08 t_client.py:477 Control loop (ms): 1.86
DEBUG 2026-06-09 16:59:08 t_client.py:292 Received actions on device: cpu
DEBUG 2026-06-09 16:59:08 t_client.py:302 Actions kept on device: cpu
DEBUG 2026-06-09 16:59:08 t_client.py:477 Control loop (ms): 5.74
DEBUG 2026-06-09 16:59:08 t_client.py:477 Control loop (ms): 2.02
DEBUG 2026-06-09 16:59:08 t_client.py:477 Control loop (ms): 2.14
DEBUG 2026-06-09 16:59:08 t_client.py:477 Control loop (ms): 2.66
DEBUG 2026-06-09 16:59:09 follower.py:184 follower_right SOFollower read state: 2.4ms
DEBUG 2026-06-09 16:59:09 follower.py:191 follower_right SOFollower read wrist: 0.0ms
DEBUG 2026-06-09 16:59:09 follower.py:184 follower_left SOFollower read state: 2.1ms
DEBUG 2026-06-09 16:59:09 follower.py:191 follower_left SOFollower read wrist: 0.0ms
DEBUG 2026-06-09 16:59:09 t_client.py:198 Observation serialization time: 0.006702s
DEBUG 2026-06-09 16:59:09 ort/utils.py:54 [CLIENT] Observation Buffer size 4.395459175109863 MB with
DEBUG 2026-06-09 16:59:09 ort/utils.py:69 [CLIENT] Observation Sent 2097152/4608973 bytes with state 1
DEBUG 2026-06-09 16:59:09 ort/utils.py:69 [CLIENT] Observation Sent 4194304/4608973 bytes with state 2
DEBUG 2026-06-09 16:59:09 ort/utils.py:69 [CLIENT] Observation Sent 4608973/4608973 bytes with state 3
DEBUG 2026-06-09 16:59:09 ort/utils.py:71 [CLIENT] Observation Published 4.395459175109863 MB
DEBUG 2026-06-09 16:59:09 t_client.py:209 Sent observation #230 | 
DEBUG 2026-06-09 16:59:09 t_client.py:434 QUEUE SIZE: 8 (Must go: False)
DEBUG 2026-06-09 16:59:09 t_client.py:477 Control loop (ms): 117.79
DEBUG 2026-06-09 16:59:09 follower.py:184 follower_right SOFollower read state: 2.7ms
DEBUG 2026-06-09 16:59:09 follower.py:191 follower_right SOFollower read wrist: 0.0ms
DEBUG 2026-06-09 16:59:09 follower.py:184 follower_left SOFollower read state: 2.2ms
DEBUG 2026-06-09 16:59:09 follower.py:191 follower_left SOFollower read wrist: 0.0ms
DEBUG 2026-06-09 16:59:09 t_client.py:198 Observation serialization time: 0.012253s
DEBUG 2026-06-09 16:59:09 ort/utils.py:54 [CLIENT] Observation Buffer size 4.395459175109863 MB with
DEBUG 2026-06-09 16:59:09 ort/utils.py:69 [CLIENT] Observation Sent 2097152/4608973 bytes with state 1
DEBUG 2026-06-09 16:59:09 ort/utils.py:69 [CLIENT] Observation Sent 4194304/4608973 bytes with state 2
DEBUG 2026-06-09 16:59:09 ort/utils.py:69 [CLIENT] Observation Sent 4608973/4608973 bytes with state 3
DEBUG 2026-06-09 16:59:09 ort/utils.py:71 [CLIENT] Observation Published 4.395459175109863 MB
DEBUG 2026-06-09 16:59:09 t_client.py:292 Received actions on device: cpu
DEBUG 2026-06-09 16:59:09 t_client.py:302 Actions kept on device: cpu
DEBUG 2026-06-09 16:59:09 t_client.py:209 Sent observation #231 | 
DEBUG 2026-06-09 16:59:09 t_client.py:434 QUEUE SIZE: 7 (Must go: False)
DEBUG 2026-06-09 16:59:09 t_client.py:477 Control loop (ms): 178.37
DEBUG 2026-06-09 16:59:09 t_client.py:477 Control loop (ms): 3.26
DEBUG 2026-06-09 16:59:09 t_client.py:477 Control loop (ms): 2.68
DEBUG 2026-06-09 16:59:09 t_client.py:477 Control loop (ms): 1.92
DEBUG 2026-06-09 16:59:09 t_client.py:292 Received actions on device: cpu
DEBUG 2026-06-09 16:59:09 t_client.py:302 Actions kept on device: cpu
DEBUG 2026-06-09 16:59:09 t_client.py:477 Control loop (ms): 1.08
DEBUG 2026-06-09 16:59:09 t_client.py:477 Control loop (ms): 2.52
DEBUG 2026-06-09 16:59:09 t_client.py:477 Control loop (ms): 2.36
DEBUG 2026-06-09 16:59:09 follower.py:184 follower_right SOFollower read state: 2.0ms
DEBUG 2026-06-09 16:59:09 follower.py:191 follower_right SOFollower read wrist: 0.0ms
DEBUG 2026-06-09 16:59:09 follower.py:184 follower_left SOFollower read state: 1.8ms
DEBUG 2026-06-09 16:59:09 follower.py:191 follower_left SOFollower read wrist: 0.0ms
DEBUG 2026-06-09 16:59:09 t_client.py:198 Observation serialization time: 0.005050s
DEBUG 2026-06-09 16:59:09 ort/utils.py:54 [CLIENT] Observation Buffer size 4.395459175109863 MB with
DEBUG 2026-06-09 16:59:09 ort/utils.py:69 [CLIENT] Observation Sent 2097152/4608973 bytes with state 1
DEBUG 2026-06-09 16:59:09 ort/utils.py:69 [CLIENT] Observation Sent 4194304/4608973 bytes with state 2
DEBUG 2026-06-09 16:59:09 ort/utils.py:69 [CLIENT] Observation Sent 4608973/4608973 bytes with state 3
DEBUG 2026-06-09 16:59:09 ort/utils.py:71 [CLIENT] Observation Published 4.395459175109863 MB
DEBUG 2026-06-09 16:59:09 t_client.py:209 Sent observation #238 | 
DEBUG 2026-06-09 16:59:09 t_client.py:434 QUEUE SIZE: 8 (Must go: False)
DEBUG 2026-06-09 16:59:09 t_client.py:477 Control loop (ms): 130.19
DEBUG 2026-06-09 16:59:09 follower.py:184 follower_right SOFollower read state: 2.2ms
DEBUG 2026-06-09 16:59:09 follower.py:191 follower_right SOFollower read wrist: 0.0ms
DEBUG 2026-06-09 16:59:09 follower.py:184 follower_left SOFollower read state: 2.7ms
DEBUG 2026-06-09 16:59:09 follower.py:191 follower_left SOFollower read wrist: 0.1ms
DEBUG 2026-06-09 16:59:09 t_client.py:198 Observation serialization time: 0.005650s
DEBUG 2026-06-09 16:59:09 ort/utils.py:54 [CLIENT] Observation Buffer size 4.395459175109863 MB with
DEBUG 2026-06-09 16:59:09 ort/utils.py:69 [CLIENT] Observation Sent 2097152/4608973 bytes with state 1
DEBUG 2026-06-09 16:59:09 ort/utils.py:69 [CLIENT] Observation Sent 4194304/4608973 bytes with state 2
DEBUG 2026-06-09 16:59:09 ort/utils.py:69 [CLIENT] Observation Sent 4608973/4608973 bytes with state 3
DEBUG 2026-06-09 16:59:09 ort/utils.py:71 [CLIENT] Observation Published 4.395459175109863 MB
DEBUG 2026-06-09 16:59:09 t_client.py:292 Received actions on device: cpu
DEBUG 2026-06-09 16:59:09 t_client.py:302 Actions kept on device: cpu
DEBUG 2026-06-09 16:59:09 t_client.py:209 Sent observation #239 | 
DEBUG 2026-06-09 16:59:09 t_client.py:434 QUEUE SIZE: 7 (Must go: False)
DEBUG 2026-06-09 16:59:09 t_client.py:477 Control loop (ms): 163.52
DEBUG 2026-06-09 16:59:09 t_client.py:477 Control loop (ms): 1.35
DEBUG 2026-06-09 16:59:09 t_client.py:477 Control loop (ms): 2.39
DEBUG 2026-06-09 16:59:09 t_client.py:477 Control loop (ms): 2.06
DEBUG 2026-06-09 16:59:09 t_client.py:292 Received actions on device: cpu
DEBUG 2026-06-09 16:59:09 t_client.py:302 Actions kept on device: cpu
DEBUG 2026-06-09 16:59:09 t_client.py:477 Control loop (ms): 1.16
DEBUG 2026-06-09 16:59:09 t_client.py:477 Control loop (ms): 1.96
DEBUG 2026-06-09 16:59:09 t_client.py:477 Control loop (ms): 2.33
DEBUG 2026-06-09 16:59:10 follower.py:184 follower_right SOFollower read state: 2.0ms
DEBUG 2026-06-09 16:59:10 follower.py:191 follower_right SOFollower read wrist: 0.0ms
DEBUG 2026-06-09 16:59:10 follower.py:184 follower_left SOFollower read state: 2.4ms
DEBUG 2026-06-09 16:59:10 follower.py:191 follower_left SOFollower read wrist: 0.0ms
DEBUG 2026-06-09 16:59:10 t_client.py:198 Observation serialization time: 0.008413s
DEBUG 2026-06-09 16:59:10 ort/utils.py:54 [CLIENT] Observation Buffer size 4.395459175109863 MB with
DEBUG 2026-06-09 16:59:10 ort/utils.py:69 [CLIENT] Observation Sent 2097152/4608973 bytes with state 1
DEBUG 2026-06-09 16:59:10 ort/utils.py:69 [CLIENT] Observation Sent 4194304/4608973 bytes with state 2
DEBUG 2026-06-09 16:59:10 ort/utils.py:69 [CLIENT] Observation Sent 4608973/4608973 bytes with state 3
DEBUG 2026-06-09 16:59:10 ort/utils.py:71 [CLIENT] Observation Published 4.395459175109863 MB
DEBUG 2026-06-09 16:59:10 t_client.py:209 Sent observation #246 | 
DEBUG 2026-06-09 16:59:10 t_client.py:434 QUEUE SIZE: 8 (Must go: False)
DEBUG 2026-06-09 16:59:10 t_client.py:477 Control loop (ms): 181.85
DEBUG 2026-06-09 16:59:10 follower.py:184 follower_right SOFollower read state: 2.0ms
DEBUG 2026-06-09 16:59:10 follower.py:191 follower_right SOFollower read wrist: 0.0ms
DEBUG 2026-06-09 16:59:10 follower.py:184 follower_left SOFollower read state: 1.9ms
DEBUG 2026-06-09 16:59:10 follower.py:191 follower_left SOFollower read wrist: 0.0ms
DEBUG 2026-06-09 16:59:10 t_client.py:198 Observation serialization time: 0.006031s
DEBUG 2026-06-09 16:59:10 ort/utils.py:54 [CLIENT] Observation Buffer size 4.395459175109863 MB with
DEBUG 2026-06-09 16:59:10 ort/utils.py:69 [CLIENT] Observation Sent 2097152/4608973 bytes with state 1
DEBUG 2026-06-09 16:59:10 ort/utils.py:69 [CLIENT] Observation Sent 4194304/4608973 bytes with state 2
DEBUG 2026-06-09 16:59:10 ort/utils.py:69 [CLIENT] Observation Sent 4608973/4608973 bytes with state 3
DEBUG 2026-06-09 16:59:10 ort/utils.py:71 [CLIENT] Observation Published 4.395459175109863 MB
DEBUG 2026-06-09 16:59:10 t_client.py:292 Received actions on device: cpu
DEBUG 2026-06-09 16:59:10 t_client.py:302 Actions kept on device: cpu
DEBUG 2026-06-09 16:59:10 t_client.py:209 Sent observation #247 | 
DEBUG 2026-06-09 16:59:10 t_client.py:434 QUEUE SIZE: 7 (Must go: False)
DEBUG 2026-06-09 16:59:10 t_client.py:477 Control loop (ms): 169.41
DEBUG 2026-06-09 16:59:10 t_client.py:477 Control loop (ms): 1.85
DEBUG 2026-06-09 16:59:10 t_client.py:477 Control loop (ms): 2.02
DEBUG 2026-06-09 16:59:10 t_client.py:477 Control loop (ms): 2.36
DEBUG 2026-06-09 16:59:10 t_client.py:292 Received actions on device: cpu
DEBUG 2026-06-09 16:59:10 t_client.py:302 Actions kept on device: cpu
DEBUG 2026-06-09 16:59:10 t_client.py:477 Control loop (ms): 2.08
DEBUG 2026-06-09 16:59:10 t_client.py:477 Control loop (ms): 2.55
DEBUG 2026-06-09 16:59:10 t_client.py:477 Control loop (ms): 1.78
DEBUG 2026-06-09 16:59:10 follower.py:184 follower_right SOFollower read state: 2.4ms
DEBUG 2026-06-09 16:59:10 follower.py:191 follower_right SOFollower read wrist: 0.1ms
DEBUG 2026-06-09 16:59:10 follower.py:184 follower_left SOFollower read state: 2.1ms
DEBUG 2026-06-09 16:59:10 follower.py:191 follower_left SOFollower read wrist: 0.0ms
DEBUG 2026-06-09 16:59:10 t_client.py:198 Observation serialization time: 0.003268s
DEBUG 2026-06-09 16:59:10 ort/utils.py:54 [CLIENT] Observation Buffer size 4.395459175109863 MB with
DEBUG 2026-06-09 16:59:10 ort/utils.py:69 [CLIENT] Observation Sent 2097152/4608973 bytes with state 1
DEBUG 2026-06-09 16:59:10 ort/utils.py:69 [CLIENT] Observation Sent 4194304/4608973 bytes with state 2
DEBUG 2026-06-09 16:59:10 ort/utils.py:69 [CLIENT] Observation Sent 4608973/4608973 bytes with state 3
DEBUG 2026-06-09 16:59:10 ort/utils.py:71 [CLIENT] Observation Published 4.395459175109863 MB
DEBUG 2026-06-09 16:59:10 t_client.py:209 Sent observation #254 | 
DEBUG 2026-06-09 16:59:10 t_client.py:434 QUEUE SIZE: 8 (Must go: False)
DEBUG 2026-06-09 16:59:10 t_client.py:477 Control loop (ms): 169.29
DEBUG 2026-06-09 16:59:10 follower.py:184 follower_right SOFollower read state: 1.9ms
DEBUG 2026-06-09 16:59:10 follower.py:191 follower_right SOFollower read wrist: 0.0ms
DEBUG 2026-06-09 16:59:10 follower.py:184 follower_left SOFollower read state: 1.7ms
DEBUG 2026-06-09 16:59:10 follower.py:191 follower_left SOFollower read wrist: 0.0ms
DEBUG 2026-06-09 16:59:10 t_client.py:198 Observation serialization time: 0.008716s
DEBUG 2026-06-09 16:59:10 ort/utils.py:54 [CLIENT] Observation Buffer size 4.395459175109863 MB with
DEBUG 2026-06-09 16:59:10 ort/utils.py:69 [CLIENT] Observation Sent 2097152/4608973 bytes with state 1
DEBUG 2026-06-09 16:59:10 t_client.py:292 Received actions on device: cpu
DEBUG 2026-06-09 16:59:10 t_client.py:302 Actions kept on device: cpu
DEBUG 2026-06-09 16:59:10 ort/utils.py:69 [CLIENT] Observation Sent 4194304/4608973 bytes with state 2
DEBUG 2026-06-09 16:59:10 ort/utils.py:69 [CLIENT] Observation Sent 4608973/4608973 bytes with state 3
DEBUG 2026-06-09 16:59:10 ort/utils.py:71 [CLIENT] Observation Published 4.395459175109863 MB
DEBUG 2026-06-09 16:59:10 t_client.py:209 Sent observation #255 | 
DEBUG 2026-06-09 16:59:10 t_client.py:434 QUEUE SIZE: 7 (Must go: False)
DEBUG 2026-06-09 16:59:10 t_client.py:477 Control loop (ms): 212.48
DEBUG 2026-06-09 16:59:10 t_client.py:477 Control loop (ms): 1.52
DEBUG 2026-06-09 16:59:10 t_client.py:477 Control loop (ms): 1.50
DEBUG 2026-06-09 16:59:11 t_client.py:477 Control loop (ms): 1.51
DEBUG 2026-06-09 16:59:11 t_client.py:292 Received actions on device: cpu
DEBUG 2026-06-09 16:59:11 t_client.py:302 Actions kept on device: cpu
DEBUG 2026-06-09 16:59:11 t_client.py:477 Control loop (ms): 1.40
DEBUG 2026-06-09 16:59:11 t_client.py:477 Control loop (ms): 1.89
DEBUG 2026-06-09 16:59:11 t_client.py:477 Control loop (ms): 1.57
DEBUG 2026-06-09 16:59:11 follower.py:184 follower_right SOFollower read state: 1.8ms
DEBUG 2026-06-09 16:59:11 follower.py:191 follower_right SOFollower read wrist: 0.0ms
DEBUG 2026-06-09 16:59:11 follower.py:184 follower_left SOFollower read state: 2.1ms
DEBUG 2026-06-09 16:59:11 follower.py:191 follower_left SOFollower read wrist: 0.0ms
DEBUG 2026-06-09 16:59:11 t_client.py:198 Observation serialization time: 0.009802s
DEBUG 2026-06-09 16:59:11 ort/utils.py:54 [CLIENT] Observation Buffer size 4.39546012878418 MB with
DEBUG 2026-06-09 16:59:11 ort/utils.py:69 [CLIENT] Observation Sent 2097152/4608974 bytes with state 1
DEBUG 2026-06-09 16:59:11 ort/utils.py:69 [CLIENT] Observation Sent 4194304/4608974 bytes with state 2
DEBUG 2026-06-09 16:59:11 ort/utils.py:69 [CLIENT] Observation Sent 4608974/4608974 bytes with state 3
DEBUG 2026-06-09 16:59:11 ort/utils.py:71 [CLIENT] Observation Published 4.39546012878418 MB
DEBUG 2026-06-09 16:59:11 t_client.py:209 Sent observation #262 | 
DEBUG 2026-06-09 16:59:11 t_client.py:434 QUEUE SIZE: 8 (Must go: False)
DEBUG 2026-06-09 16:59:11 t_client.py:477 Control loop (ms): 137.59
DEBUG 2026-06-09 16:59:11 follower.py:184 follower_right SOFollower read state: 1.9ms
DEBUG 2026-06-09 16:59:11 follower.py:191 follower_right SOFollower read wrist: 0.0ms
DEBUG 2026-06-09 16:59:11 follower.py:184 follower_left SOFollower read state: 2.4ms
DEBUG 2026-06-09 16:59:11 follower.py:191 follower_left SOFollower read wrist: 0.0ms
DEBUG 2026-06-09 16:59:11 t_client.py:198 Observation serialization time: 0.005280s
DEBUG 2026-06-09 16:59:11 ort/utils.py:54 [CLIENT] Observation Buffer size 4.39546012878418 MB with
DEBUG 2026-06-09 16:59:11 ort/utils.py:69 [CLIENT] Observation Sent 2097152/4608974 bytes with state 1
DEBUG 2026-06-09 16:59:11 ort/utils.py:69 [CLIENT] Observation Sent 4194304/4608974 bytes with state 2
DEBUG 2026-06-09 16:59:11 ort/utils.py:69 [CLIENT] Observation Sent 4608974/4608974 bytes with state 3
DEBUG 2026-06-09 16:59:11 ort/utils.py:71 [CLIENT] Observation Published 4.39546012878418 MB
DEBUG 2026-06-09 16:59:11 t_client.py:292 Received actions on device: cpu
DEBUG 2026-06-09 16:59:11 t_client.py:302 Actions kept on device: cpu
DEBUG 2026-06-09 16:59:11 t_client.py:209 Sent observation #263 | 
DEBUG 2026-06-09 16:59:11 t_client.py:434 QUEUE SIZE: 7 (Must go: False)
DEBUG 2026-06-09 16:59:11 t_client.py:477 Control loop (ms): 175.54
DEBUG 2026-06-09 16:59:11 t_client.py:477 Control loop (ms): 2.17
DEBUG 2026-06-09 16:59:11 t_client.py:477 Control loop (ms): 2.09
DEBUG 2026-06-09 16:59:11 t_client.py:477 Control loop (ms): 1.79
DEBUG 2026-06-09 16:59:11 t_client.py:292 Received actions on device: cpu
DEBUG 2026-06-09 16:59:11 t_client.py:302 Actions kept on device: cpu
DEBUG 2026-06-09 16:59:11 t_client.py:477 Control loop (ms): 0.84
DEBUG 2026-06-09 16:59:11 t_client.py:477 Control loop (ms): 2.15
DEBUG 2026-06-09 16:59:11 t_client.py:477 Control loop (ms): 2.07
DEBUG 2026-06-09 16:59:11 follower.py:184 follower_right SOFollower read state: 2.3ms
DEBUG 2026-06-09 16:59:11 follower.py:191 follower_right SOFollower read wrist: 0.0ms
DEBUG 2026-06-09 16:59:11 follower.py:184 follower_left SOFollower read state: 2.0ms
DEBUG 2026-06-09 16:59:11 follower.py:191 follower_left SOFollower read wrist: 0.0ms
DEBUG 2026-06-09 16:59:11 t_client.py:198 Observation serialization time: 0.008527s
DEBUG 2026-06-09 16:59:11 ort/utils.py:54 [CLIENT] Observation Buffer size 4.39546012878418 MB with
DEBUG 2026-06-09 16:59:11 ort/utils.py:69 [CLIENT] Observation Sent 2097152/4608974 bytes with state 1
DEBUG 2026-06-09 16:59:11 ort/utils.py:69 [CLIENT] Observation Sent 4194304/4608974 bytes with state 2
DEBUG 2026-06-09 16:59:11 ort/utils.py:69 [CLIENT] Observation Sent 4608974/4608974 bytes with state 3
DEBUG 2026-06-09 16:59:11 ort/utils.py:71 [CLIENT] Observation Published 4.39546012878418 MB
DEBUG 2026-06-09 16:59:11 t_client.py:209 Sent observation #270 | 
DEBUG 2026-06-09 16:59:11 t_client.py:434 QUEUE SIZE: 8 (Must go: False)
DEBUG 2026-06-09 16:59:11 t_client.py:477 Control loop (ms): 139.13
DEBUG 2026-06-09 16:59:11 follower.py:184 follower_right SOFollower read state: 2.3ms
DEBUG 2026-06-09 16:59:11 follower.py:191 follower_right SOFollower read wrist: 0.1ms
DEBUG 2026-06-09 16:59:11 follower.py:184 follower_left SOFollower read state: 2.0ms
DEBUG 2026-06-09 16:59:11 follower.py:191 follower_left SOFollower read wrist: 0.0ms
DEBUG 2026-06-09 16:59:11 t_client.py:198 Observation serialization time: 0.008298s
DEBUG 2026-06-09 16:59:11 ort/utils.py:54 [CLIENT] Observation Buffer size 4.39546012878418 MB with
DEBUG 2026-06-09 16:59:11 ort/utils.py:69 [CLIENT] Observation Sent 2097152/4608974 bytes with state 1
DEBUG 2026-06-09 16:59:11 ort/utils.py:69 [CLIENT] Observation Sent 4194304/4608974 bytes with state 2
DEBUG 2026-06-09 16:59:11 ort/utils.py:69 [CLIENT] Observation Sent 4608974/4608974 bytes with state 3
DEBUG 2026-06-09 16:59:11 ort/utils.py:71 [CLIENT] Observation Published 4.39546012878418 MB
DEBUG 2026-06-09 16:59:11 t_client.py:209 Sent observation #271 | 
DEBUG 2026-06-09 16:59:11 t_client.py:434 QUEUE SIZE: 7 (Must go: False)
DEBUG 2026-06-09 16:59:11 t_client.py:477 Control loop (ms): 125.69
DEBUG 2026-06-09 16:59:11 t_client.py:292 Received actions on device: cpu
DEBUG 2026-06-09 16:59:11 t_client.py:302 Actions kept on device: cpu
DEBUG 2026-06-09 16:59:11 follower.py:184 follower_right SOFollower read state: 1.8ms
DEBUG 2026-06-09 16:59:11 follower.py:191 follower_right SOFollower read wrist: 0.0ms
DEBUG 2026-06-09 16:59:11 follower.py:184 follower_left SOFollower read state: 1.7ms
DEBUG 2026-06-09 16:59:11 follower.py:191 follower_left SOFollower read wrist: 0.0ms
DEBUG 2026-06-09 16:59:11 t_client.py:198 Observation serialization time: 0.005688s
DEBUG 2026-06-09 16:59:11 ort/utils.py:54 [CLIENT] Observation Buffer size 4.39546012878418 MB with
DEBUG 2026-06-09 16:59:11 ort/utils.py:69 [CLIENT] Observation Sent 2097152/4608974 bytes with state 1
DEBUG 2026-06-09 16:59:12 ort/utils.py:69 [CLIENT] Observation Sent 4194304/4608974 bytes with state 2
DEBUG 2026-06-09 16:59:12 ort/utils.py:69 [CLIENT] Observation Sent 4608974/4608974 bytes with state 3
DEBUG 2026-06-09 16:59:12 ort/utils.py:71 [CLIENT] Observation Published 4.39546012878418 MB
DEBUG 2026-06-09 16:59:12 t_client.py:292 Received actions on device: cpu
DEBUG 2026-06-09 16:59:12 t_client.py:302 Actions kept on device: cpu
DEBUG 2026-06-09 16:59:12 t_client.py:209 Sent observation #272 | 
DEBUG 2026-06-09 16:59:12 t_client.py:434 QUEUE SIZE: 13 (Must go: False)
DEBUG 2026-06-09 16:59:12 t_client.py:477 Control loop (ms): 151.23
DEBUG 2026-06-09 16:59:12 t_client.py:477 Control loop (ms): 1.51
DEBUG 2026-06-09 16:59:12 t_client.py:477 Control loop (ms): 1.84
DEBUG 2026-06-09 16:59:12 t_client.py:477 Control loop (ms): 2.00
DEBUG 2026-06-09 16:59:12 t_client.py:292 Received actions on device: cpu
DEBUG 2026-06-09 16:59:12 t_client.py:302 Actions kept on device: cpu
DEBUG 2026-06-09 16:59:12 t_client.py:477 Control loop (ms): 1.11
DEBUG 2026-06-09 16:59:12 t_client.py:477 Control loop (ms): 1.23
DEBUG 2026-06-09 16:59:12 t_client.py:477 Control loop (ms): 1.70
DEBUG 2026-06-09 16:59:12 follower.py:184 follower_right SOFollower read state: 2.0ms
DEBUG 2026-06-09 16:59:12 follower.py:191 follower_right SOFollower read wrist: 0.0ms
DEBUG 2026-06-09 16:59:12 follower.py:184 follower_left SOFollower read state: 1.8ms
DEBUG 2026-06-09 16:59:12 follower.py:191 follower_left SOFollower read wrist: 0.0ms
DEBUG 2026-06-09 16:59:12 t_client.py:198 Observation serialization time: 0.007143s
DEBUG 2026-06-09 16:59:12 ort/utils.py:54 [CLIENT] Observation Buffer size 4.39546012878418 MB with
DEBUG 2026-06-09 16:59:12 ort/utils.py:69 [CLIENT] Observation Sent 2097152/4608974 bytes with state 1
DEBUG 2026-06-09 16:59:12 ort/utils.py:69 [CLIENT] Observation Sent 4194304/4608974 bytes with state 2
DEBUG 2026-06-09 16:59:12 ort/utils.py:69 [CLIENT] Observation Sent 4608974/4608974 bytes with state 3
DEBUG 2026-06-09 16:59:12 ort/utils.py:71 [CLIENT] Observation Published 4.39546012878418 MB
DEBUG 2026-06-09 16:59:12 t_client.py:209 Sent observation #279 | 
DEBUG 2026-06-09 16:59:12 t_client.py:434 QUEUE SIZE: 8 (Must go: False)
DEBUG 2026-06-09 16:59:12 t_client.py:477 Control loop (ms): 116.77
DEBUG 2026-06-09 16:59:12 follower.py:184 follower_right SOFollower read state: 2.0ms
DEBUG 2026-06-09 16:59:12 follower.py:191 follower_right SOFollower read wrist: 0.0ms
DEBUG 2026-06-09 16:59:12 follower.py:184 follower_left SOFollower read state: 2.1ms
DEBUG 2026-06-09 16:59:12 follower.py:191 follower_left SOFollower read wrist: 0.0ms
DEBUG 2026-06-09 16:59:12 t_client.py:198 Observation serialization time: 0.008942s
DEBUG 2026-06-09 16:59:12 ort/utils.py:54 [CLIENT] Observation Buffer size 4.39546012878418 MB with
DEBUG 2026-06-09 16:59:12 ort/utils.py:69 [CLIENT] Observation Sent 2097152/4608974 bytes with state 1
DEBUG 2026-06-09 16:59:12 ort/utils.py:69 [CLIENT] Observation Sent 4194304/4608974 bytes with state 2
DEBUG 2026-06-09 16:59:12 ort/utils.py:69 [CLIENT] Observation Sent 4608974/4608974 bytes with state 3
DEBUG 2026-06-09 16:59:12 ort/utils.py:71 [CLIENT] Observation Published 4.39546012878418 MB
DEBUG 2026-06-09 16:59:12 t_client.py:292 Received actions on device: cpu
DEBUG 2026-06-09 16:59:12 t_client.py:302 Actions kept on device: cpu
DEBUG 2026-06-09 16:59:12 t_client.py:209 Sent observation #280 | 
DEBUG 2026-06-09 16:59:12 t_client.py:434 QUEUE SIZE: 7 (Must go: False)
DEBUG 2026-06-09 16:59:12 t_client.py:477 Control loop (ms): 115.95
DEBUG 2026-06-09 16:59:12 t_client.py:477 Control loop (ms): 1.67
DEBUG 2026-06-09 16:59:12 t_client.py:477 Control loop (ms): 1.50
DEBUG 2026-06-09 16:59:12 t_client.py:477 Control loop (ms): 1.36
DEBUG 2026-06-09 16:59:12 t_client.py:292 Received actions on device: cpu
DEBUG 2026-06-09 16:59:12 t_client.py:302 Actions kept on device: cpu
DEBUG 2026-06-09 16:59:12 t_client.py:477 Control loop (ms): 1.33
DEBUG 2026-06-09 16:59:12 t_client.py:477 Control loop (ms): 1.26
DEBUG 2026-06-09 16:59:12 t_client.py:477 Control loop (ms): 1.37
DEBUG 2026-06-09 16:59:12 follower.py:184 follower_right SOFollower read state: 2.1ms
DEBUG 2026-06-09 16:59:12 follower.py:191 follower_right SOFollower read wrist: 0.1ms
DEBUG 2026-06-09 16:59:12 follower.py:184 follower_left SOFollower read state: 2.1ms
DEBUG 2026-06-09 16:59:12 follower.py:191 follower_left SOFollower read wrist: 0.0ms
DEBUG 2026-06-09 16:59:12 t_client.py:198 Observation serialization time: 0.009574s
DEBUG 2026-06-09 16:59:12 ort/utils.py:54 [CLIENT] Observation Buffer size 4.39546012878418 MB with
DEBUG 2026-06-09 16:59:12 ort/utils.py:69 [CLIENT] Observation Sent 2097152/4608974 bytes with state 1
DEBUG 2026-06-09 16:59:12 ort/utils.py:69 [CLIENT] Observation Sent 4194304/4608974 bytes with state 2
DEBUG 2026-06-09 16:59:12 ort/utils.py:69 [CLIENT] Observation Sent 4608974/4608974 bytes with state 3
DEBUG 2026-06-09 16:59:12 ort/utils.py:71 [CLIENT] Observation Published 4.39546012878418 MB
DEBUG 2026-06-09 16:59:12 t_client.py:209 Sent observation #287 | 
DEBUG 2026-06-09 16:59:12 t_client.py:434 QUEUE SIZE: 8 (Must go: False)
DEBUG 2026-06-09 16:59:12 t_client.py:477 Control loop (ms): 108.50
DEBUG 2026-06-09 16:59:12 follower.py:184 follower_right SOFollower read state: 1.8ms
DEBUG 2026-06-09 16:59:12 follower.py:191 follower_right SOFollower read wrist: 0.0ms
DEBUG 2026-06-09 16:59:12 follower.py:184 follower_left SOFollower read state: 1.9ms
DEBUG 2026-06-09 16:59:12 follower.py:191 follower_left SOFollower read wrist: 0.0ms
DEBUG 2026-06-09 16:59:12 t_client.py:198 Observation serialization time: 0.006541s
DEBUG 2026-06-09 16:59:12 ort/utils.py:54 [CLIENT] Observation Buffer size 4.39546012878418 MB with
DEBUG 2026-06-09 16:59:12 ort/utils.py:69 [CLIENT] Observation Sent 2097152/4608974 bytes with state 1
DEBUG 2026-06-09 16:59:12 ort/utils.py:69 [CLIENT] Observation Sent 4194304/4608974 bytes with state 2
DEBUG 2026-06-09 16:59:12 ort/utils.py:69 [CLIENT] Observation Sent 4608974/4608974 bytes with state 3
DEBUG 2026-06-09 16:59:12 ort/utils.py:71 [CLIENT] Observation Published 4.39546012878418 MB
DEBUG 2026-06-09 16:59:12 t_client.py:292 Received actions on device: cpu
DEBUG 2026-06-09 16:59:12 t_client.py:302 Actions kept on device: cpu
DEBUG 2026-06-09 16:59:12 t_client.py:209 Sent observation #288 | 
DEBUG 2026-06-09 16:59:12 t_client.py:434 QUEUE SIZE: 7 (Must go: False)
DEBUG 2026-06-09 16:59:12 t_client.py:477 Control loop (ms): 102.64
DEBUG 2026-06-09 16:59:12 follower.py:184 follower_right SOFollower read state: 3.4ms
DEBUG 2026-06-09 16:59:12 follower.py:191 follower_right SOFollower read wrist: 0.0ms
DEBUG 2026-06-09 16:59:12 follower.py:184 follower_left SOFollower read state: 2.4ms
DEBUG 2026-06-09 16:59:12 follower.py:191 follower_left SOFollower read wrist: 0.0ms
DEBUG 2026-06-09 16:59:12 t_client.py:198 Observation serialization time: 0.009226s
DEBUG 2026-06-09 16:59:12 ort/utils.py:54 [CLIENT] Observation Buffer size 4.39546012878418 MB with
DEBUG 2026-06-09 16:59:12 ort/utils.py:69 [CLIENT] Observation Sent 2097152/4608974 bytes with state 1
DEBUG 2026-06-09 16:59:13 ort/utils.py:69 [CLIENT] Observation Sent 4194304/4608974 bytes with state 2
DEBUG 2026-06-09 16:59:13 ort/utils.py:69 [CLIENT] Observation Sent 4608974/4608974 bytes with state 3
DEBUG 2026-06-09 16:59:13 ort/utils.py:71 [CLIENT] Observation Published 4.39546012878418 MB
DEBUG 2026-06-09 16:59:13 t_client.py:209 Sent observation #289 | 
DEBUG 2026-06-09 16:59:13 t_client.py:434 QUEUE SIZE: 14 (Must go: False)
DEBUG 2026-06-09 16:59:13 t_client.py:477 Control loop (ms): 177.94
DEBUG 2026-06-09 16:59:13 t_client.py:292 Received actions on device: cpu
DEBUG 2026-06-09 16:59:13 t_client.py:302 Actions kept on device: cpu
DEBUG 2026-06-09 16:59:13 t_client.py:477 Control loop (ms): 3.84
DEBUG 2026-06-09 16:59:13 t_client.py:477 Control loop (ms): 1.91
DEBUG 2026-06-09 16:59:13 t_client.py:477 Control loop (ms): 2.29
DEBUG 2026-06-09 16:59:13 t_client.py:292 Received actions on device: cpu
DEBUG 2026-06-09 16:59:13 t_client.py:302 Actions kept on device: cpu
DEBUG 2026-06-09 16:59:13 t_client.py:477 Control loop (ms): 6.44
DEBUG 2026-06-09 16:59:13 t_client.py:477 Control loop (ms): 3.33
DEBUG 2026-06-09 16:59:13 t_client.py:477 Control loop (ms): 1.39
DEBUG 2026-06-09 16:59:13 t_client.py:477 Control loop (ms): 1.48
DEBUG 2026-06-09 16:59:13 t_client.py:477 Control loop (ms): 1.12
DEBUG 2026-06-09 16:59:13 follower.py:184 follower_right SOFollower read state: 1.9ms
DEBUG 2026-06-09 16:59:13 follower.py:191 follower_right SOFollower read wrist: 0.0ms
DEBUG 2026-06-09 16:59:13 follower.py:184 follower_left SOFollower read state: 1.7ms
DEBUG 2026-06-09 16:59:13 follower.py:191 follower_left SOFollower read wrist: 0.0ms
DEBUG 2026-06-09 16:59:13 t_client.py:198 Observation serialization time: 0.006339s
DEBUG 2026-06-09 16:59:13 ort/utils.py:54 [CLIENT] Observation Buffer size 4.39546012878418 MB with
DEBUG 2026-06-09 16:59:13 ort/utils.py:69 [CLIENT] Observation Sent 2097152/4608974 bytes with state 1
DEBUG 2026-06-09 16:59:13 ort/utils.py:69 [CLIENT] Observation Sent 4194304/4608974 bytes with state 2
DEBUG 2026-06-09 16:59:13 ort/utils.py:69 [CLIENT] Observation Sent 4608974/4608974 bytes with state 3
DEBUG 2026-06-09 16:59:13 ort/utils.py:71 [CLIENT] Observation Published 4.39546012878418 MB
DEBUG 2026-06-09 16:59:13 t_client.py:209 Sent observation #296 | 
DEBUG 2026-06-09 16:59:13 t_client.py:434 QUEUE SIZE: 8 (Must go: False)
DEBUG 2026-06-09 16:59:13 t_client.py:477 Control loop (ms): 122.70
DEBUG 2026-06-09 16:59:13 follower.py:184 follower_right SOFollower read state: 2.3ms
DEBUG 2026-06-09 16:59:13 follower.py:191 follower_right SOFollower read wrist: 0.0ms
DEBUG 2026-06-09 16:59:13 follower.py:184 follower_left SOFollower read state: 1.9ms
DEBUG 2026-06-09 16:59:13 follower.py:191 follower_left SOFollower read wrist: 0.0ms
DEBUG 2026-06-09 16:59:13 t_client.py:198 Observation serialization time: 0.009787s
DEBUG 2026-06-09 16:59:13 ort/utils.py:54 [CLIENT] Observation Buffer size 4.39546012878418 MB with
DEBUG 2026-06-09 16:59:13 ort/utils.py:69 [CLIENT] Observation Sent 2097152/4608974 bytes with state 1
DEBUG 2026-06-09 16:59:13 ort/utils.py:69 [CLIENT] Observation Sent 4194304/4608974 bytes with state 2
DEBUG 2026-06-09 16:59:13 ort/utils.py:69 [CLIENT] Observation Sent 4608974/4608974 bytes with state 3
DEBUG 2026-06-09 16:59:13 ort/utils.py:71 [CLIENT] Observation Published 4.39546012878418 MB
DEBUG 2026-06-09 16:59:13 t_client.py:209 Sent observation #297 | 
DEBUG 2026-06-09 16:59:13 t_client.py:434 QUEUE SIZE: 7 (Must go: False)
DEBUG 2026-06-09 16:59:13 t_client.py:477 Control loop (ms): 123.52
DEBUG 2026-06-09 16:59:13 follower.py:184 follower_right SOFollower read state: 1.8ms
DEBUG 2026-06-09 16:59:13 follower.py:191 follower_right SOFollower read wrist: 0.0ms
DEBUG 2026-06-09 16:59:13 t_client.py:292 Received actions on device: cpu
DEBUG 2026-06-09 16:59:13 t_client.py:302 Actions kept on device: cpu
DEBUG 2026-06-09 16:59:13 follower.py:184 follower_left SOFollower read state: 1.7ms
DEBUG 2026-06-09 16:59:13 follower.py:191 follower_left SOFollower read wrist: 0.0ms
DEBUG 2026-06-09 16:59:13 t_client.py:198 Observation serialization time: 0.005007s
DEBUG 2026-06-09 16:59:13 ort/utils.py:54 [CLIENT] Observation Buffer size 4.39546012878418 MB with
DEBUG 2026-06-09 16:59:13 ort/utils.py:69 [CLIENT] Observation Sent 2097152/4608974 bytes with state 1
DEBUG 2026-06-09 16:59:13 ort/utils.py:69 [CLIENT] Observation Sent 4194304/4608974 bytes with state 2
DEBUG 2026-06-09 16:59:13 ort/utils.py:69 [CLIENT] Observation Sent 4608974/4608974 bytes with state 3
DEBUG 2026-06-09 16:59:13 ort/utils.py:71 [CLIENT] Observation Published 4.39546012878418 MB
DEBUG 2026-06-09 16:59:13 t_client.py:209 Sent observation #298 | 
DEBUG 2026-06-09 16:59:13 t_client.py:434 QUEUE SIZE: 13 (Must go: False)
DEBUG 2026-06-09 16:59:13 t_client.py:477 Control loop (ms): 124.63
DEBUG 2026-06-09 16:59:13 t_client.py:477 Control loop (ms): 3.39
DEBUG 2026-06-09 16:59:13 t_client.py:292 Received actions on device: cpu
DEBUG 2026-06-09 16:59:13 t_client.py:302 Actions kept on device: cpu
DEBUG 2026-06-09 16:59:13 t_client.py:477 Control loop (ms): 2.33
DEBUG 2026-06-09 16:59:13 t_client.py:477 Control loop (ms): 2.91
DEBUG 2026-06-09 16:59:13 t_client.py:292 Received actions on device: cpu
DEBUG 2026-06-09 16:59:13 t_client.py:302 Actions kept on device: cpu
DEBUG 2026-06-09 16:59:13 t_client.py:477 Control loop (ms): 3.71
DEBUG 2026-06-09 16:59:13 t_client.py:477 Control loop (ms): 2.10
DEBUG 2026-06-09 16:59:13 t_client.py:477 Control loop (ms): 2.14
DEBUG 2026-06-09 16:59:13 t_client.py:477 Control loop (ms): 2.07
DEBUG 2026-06-09 16:59:13 follower.py:184 follower_right SOFollower read state: 2.0ms
DEBUG 2026-06-09 16:59:13 follower.py:191 follower_right SOFollower read wrist: 0.0ms
DEBUG 2026-06-09 16:59:13 follower.py:184 follower_left SOFollower read state: 1.8ms
DEBUG 2026-06-09 16:59:13 follower.py:191 follower_left SOFollower read wrist: 0.0ms
DEBUG 2026-06-09 16:59:14 t_client.py:198 Observation serialization time: 0.010129s
DEBUG 2026-06-09 16:59:14 ort/utils.py:54 [CLIENT] Observation Buffer size 4.39546012878418 MB with
DEBUG 2026-06-09 16:59:14 ort/utils.py:69 [CLIENT] Observation Sent 2097152/4608974 bytes with state 1
DEBUG 2026-06-09 16:59:14 ort/utils.py:69 [CLIENT] Observation Sent 4194304/4608974 bytes with state 2
DEBUG 2026-06-09 16:59:14 ort/utils.py:69 [CLIENT] Observation Sent 4608974/4608974 bytes with state 3
DEBUG 2026-06-09 16:59:14 ort/utils.py:71 [CLIENT] Observation Published 4.39546012878418 MB
DEBUG 2026-06-09 16:59:14 t_client.py:209 Sent observation #305 | 
DEBUG 2026-06-09 16:59:14 t_client.py:434 QUEUE SIZE: 8 (Must go: False)
DEBUG 2026-06-09 16:59:14 t_client.py:477 Control loop (ms): 107.47
DEBUG 2026-06-09 16:59:14 follower.py:184 follower_right SOFollower read state: 2.1ms
DEBUG 2026-06-09 16:59:14 follower.py:191 follower_right SOFollower read wrist: 0.0ms
DEBUG 2026-06-09 16:59:14 follower.py:184 follower_left SOFollower read state: 2.2ms
DEBUG 2026-06-09 16:59:14 follower.py:191 follower_left SOFollower read wrist: 0.0ms
DEBUG 2026-06-09 16:59:14 t_client.py:198 Observation serialization time: 0.007199s
DEBUG 2026-06-09 16:59:14 ort/utils.py:54 [CLIENT] Observation Buffer size 4.39546012878418 MB with
DEBUG 2026-06-09 16:59:14 ort/utils.py:69 [CLIENT] Observation Sent 2097152/4608974 bytes with state 1
DEBUG 2026-06-09 16:59:14 ort/utils.py:69 [CLIENT] Observation Sent 4194304/4608974 bytes with state 2
DEBUG 2026-06-09 16:59:14 ort/utils.py:69 [CLIENT] Observation Sent 4608974/4608974 bytes with state 3
DEBUG 2026-06-09 16:59:14 ort/utils.py:71 [CLIENT] Observation Published 4.39546012878418 MB
DEBUG 2026-06-09 16:59:14 t_client.py:292 Received actions on device: cpu
DEBUG 2026-06-09 16:59:14 t_client.py:302 Actions kept on device: cpu
DEBUG 2026-06-09 16:59:14 t_client.py:209 Sent observation #306 | 
DEBUG 2026-06-09 16:59:14 t_client.py:434 QUEUE SIZE: 7 (Must go: False)
DEBUG 2026-06-09 16:59:14 t_client.py:477 Control loop (ms): 119.81
DEBUG 2026-06-09 16:59:14 t_client.py:477 Control loop (ms): 2.16
DEBUG 2026-06-09 16:59:14 t_client.py:477 Control loop (ms): 1.45
DEBUG 2026-06-09 16:59:14 t_client.py:477 Control loop (ms): 2.08
DEBUG 2026-06-09 16:59:14 t_client.py:292 Received actions on device: cpu
DEBUG 2026-06-09 16:59:14 t_client.py:302 Actions kept on device: cpu
DEBUG 2026-06-09 16:59:14 t_client.py:477 Control loop (ms): 1.52
DEBUG 2026-06-09 16:59:14 t_client.py:477 Control loop (ms): 2.43
DEBUG 2026-06-09 16:59:14 t_client.py:477 Control loop (ms): 2.25
DEBUG 2026-06-09 16:59:14 follower.py:184 follower_right SOFollower read state: 2.6ms
DEBUG 2026-06-09 16:59:14 follower.py:191 follower_right SOFollower read wrist: 0.0ms
DEBUG 2026-06-09 16:59:14 follower.py:184 follower_left SOFollower read state: 1.8ms
DEBUG 2026-06-09 16:59:14 follower.py:191 follower_left SOFollower read wrist: 0.0ms
DEBUG 2026-06-09 16:59:14 t_client.py:198 Observation serialization time: 0.005030s
DEBUG 2026-06-09 16:59:14 ort/utils.py:54 [CLIENT] Observation Buffer size 4.39546012878418 MB with
DEBUG 2026-06-09 16:59:14 ort/utils.py:69 [CLIENT] Observation Sent 2097152/4608974 bytes with state 1
DEBUG 2026-06-09 16:59:14 ort/utils.py:69 [CLIENT] Observation Sent 4194304/4608974 bytes with state 2
DEBUG 2026-06-09 16:59:14 ort/utils.py:69 [CLIENT] Observation Sent 4608974/4608974 bytes with state 3
DEBUG 2026-06-09 16:59:14 ort/utils.py:71 [CLIENT] Observation Published 4.39546012878418 MB
DEBUG 2026-06-09 16:59:14 t_client.py:209 Sent observation #313 | 
DEBUG 2026-06-09 16:59:14 t_client.py:434 QUEUE SIZE: 8 (Must go: False)
DEBUG 2026-06-09 16:59:14 t_client.py:477 Control loop (ms): 117.58
DEBUG 2026-06-09 16:59:14 follower.py:184 follower_right SOFollower read state: 2.1ms
DEBUG 2026-06-09 16:59:14 follower.py:191 follower_right SOFollower read wrist: 0.0ms
DEBUG 2026-06-09 16:59:14 follower.py:184 follower_left SOFollower read state: 1.8ms
DEBUG 2026-06-09 16:59:14 follower.py:191 follower_left SOFollower read wrist: 0.0ms
DEBUG 2026-06-09 16:59:14 t_client.py:198 Observation serialization time: 0.006846s
DEBUG 2026-06-09 16:59:14 ort/utils.py:54 [CLIENT] Observation Buffer size 4.39546012878418 MB with
DEBUG 2026-06-09 16:59:14 ort/utils.py:69 [CLIENT] Observation Sent 2097152/4608974 bytes with state 1
DEBUG 2026-06-09 16:59:14 ort/utils.py:69 [CLIENT] Observation Sent 4194304/4608974 bytes with state 2
DEBUG 2026-06-09 16:59:14 ort/utils.py:69 [CLIENT] Observation Sent 4608974/4608974 bytes with state 3
DEBUG 2026-06-09 16:59:14 ort/utils.py:71 [CLIENT] Observation Published 4.39546012878418 MB
DEBUG 2026-06-09 16:59:14 t_client.py:209 Sent observation #314 | 
DEBUG 2026-06-09 16:59:14 t_client.py:434 QUEUE SIZE: 7 (Must go: False)
DEBUG 2026-06-09 16:59:14 t_client.py:477 Control loop (ms): 112.46
DEBUG 2026-06-09 16:59:14 t_client.py:292 Received actions on device: cpu
DEBUG 2026-06-09 16:59:14 t_client.py:302 Actions kept on device: cpu
DEBUG 2026-06-09 16:59:14 follower.py:184 follower_right SOFollower read state: 2.8ms
DEBUG 2026-06-09 16:59:14 follower.py:191 follower_right SOFollower read wrist: 0.1ms
DEBUG 2026-06-09 16:59:14 follower.py:184 follower_left SOFollower read state: 2.4ms
DEBUG 2026-06-09 16:59:14 follower.py:191 follower_left SOFollower read wrist: 0.0ms
DEBUG 2026-06-09 16:59:14 t_client.py:198 Observation serialization time: 0.008934s
DEBUG 2026-06-09 16:59:14 ort/utils.py:54 [CLIENT] Observation Buffer size 4.39546012878418 MB with
DEBUG 2026-06-09 16:59:14 ort/utils.py:69 [CLIENT] Observation Sent 2097152/4608974 bytes with state 1
DEBUG 2026-06-09 16:59:14 ort/utils.py:69 [CLIENT] Observation Sent 4194304/4608974 bytes with state 2
DEBUG 2026-06-09 16:59:14 ort/utils.py:69 [CLIENT] Observation Sent 4608974/4608974 bytes with state 3
DEBUG 2026-06-09 16:59:14 ort/utils.py:71 [CLIENT] Observation Published 4.39546012878418 MB
DEBUG 2026-06-09 16:59:14 t_client.py:292 Received actions on device: cpu
DEBUG 2026-06-09 16:59:14 t_client.py:302 Actions kept on device: cpu
DEBUG 2026-06-09 16:59:14 t_client.py:209 Sent observation #315 | 
DEBUG 2026-06-09 16:59:14 t_client.py:434 QUEUE SIZE: 13 (Must go: False)
DEBUG 2026-06-09 16:59:14 t_client.py:477 Control loop (ms): 211.62
DEBUG 2026-06-09 16:59:14 t_client.py:477 Control loop (ms): 1.77
DEBUG 2026-06-09 16:59:14 t_client.py:477 Control loop (ms): 2.19
DEBUG 2026-06-09 16:59:14 t_client.py:292 Received actions on device: cpu
DEBUG 2026-06-09 16:59:14 t_client.py:302 Actions kept on device: cpu
DEBUG 2026-06-09 16:59:14 t_client.py:477 Control loop (ms): 1.50
DEBUG 2026-06-09 16:59:14 t_client.py:477 Control loop (ms): 1.34
DEBUG 2026-06-09 16:59:14 t_client.py:477 Control loop (ms): 1.31
DEBUG 2026-06-09 16:59:15 t_client.py:477 Control loop (ms): 1.29
DEBUG 2026-06-09 16:59:15 follower.py:184 follower_right SOFollower read state: 2.2ms
DEBUG 2026-06-09 16:59:15 follower.py:191 follower_right SOFollower read wrist: 0.0ms
DEBUG 2026-06-09 16:59:15 follower.py:184 follower_left SOFollower read state: 2.2ms
DEBUG 2026-06-09 16:59:15 follower.py:191 follower_left SOFollower read wrist: 0.0ms
DEBUG 2026-06-09 16:59:15 t_client.py:198 Observation serialization time: 0.009087s
DEBUG 2026-06-09 16:59:15 ort/utils.py:54 [CLIENT] Observation Buffer size 4.39546012878418 MB with
DEBUG 2026-06-09 16:59:15 ort/utils.py:69 [CLIENT] Observation Sent 2097152/4608974 bytes with state 1
DEBUG 2026-06-09 16:59:15 ort/utils.py:69 [CLIENT] Observation Sent 4194304/4608974 bytes with state 2
DEBUG 2026-06-09 16:59:15 ort/utils.py:69 [CLIENT] Observation Sent 4608974/4608974 bytes with state 3
DEBUG 2026-06-09 16:59:15 ort/utils.py:71 [CLIENT] Observation Published 4.39546012878418 MB
DEBUG 2026-06-09 16:59:15 t_client.py:209 Sent observation #322 | 
DEBUG 2026-06-09 16:59:15 t_client.py:434 QUEUE SIZE: 8 (Must go: False)
DEBUG 2026-06-09 16:59:15 t_client.py:477 Control loop (ms): 119.82
DEBUG 2026-06-09 16:59:15 follower.py:184 follower_right SOFollower read state: 2.8ms
DEBUG 2026-06-09 16:59:15 follower.py:191 follower_right SOFollower read wrist: 0.1ms
DEBUG 2026-06-09 16:59:15 follower.py:184 follower_left SOFollower read state: 2.6ms
DEBUG 2026-06-09 16:59:15 follower.py:191 follower_left SOFollower read wrist: 0.1ms
DEBUG 2026-06-09 16:59:15 t_client.py:198 Observation serialization time: 0.012541s
DEBUG 2026-06-09 16:59:15 ort/utils.py:54 [CLIENT] Observation Buffer size 4.39546012878418 MB with
DEBUG 2026-06-09 16:59:15 ort/utils.py:69 [CLIENT] Observation Sent 2097152/4608974 bytes with state 1
DEBUG 2026-06-09 16:59:15 ort/utils.py:69 [CLIENT] Observation Sent 4194304/4608974 bytes with state 2
DEBUG 2026-06-09 16:59:15 ort/utils.py:69 [CLIENT] Observation Sent 4608974/4608974 bytes with state 3
DEBUG 2026-06-09 16:59:15 ort/utils.py:71 [CLIENT] Observation Published 4.39546012878418 MB
DEBUG 2026-06-09 16:59:15 t_client.py:292 Received actions on device: cpu
DEBUG 2026-06-09 16:59:15 t_client.py:302 Actions kept on device: cpu
DEBUG 2026-06-09 16:59:15 t_client.py:209 Sent observation #323 | 
DEBUG 2026-06-09 16:59:15 t_client.py:434 QUEUE SIZE: 7 (Must go: False)
DEBUG 2026-06-09 16:59:15 t_client.py:477 Control loop (ms): 138.66
DEBUG 2026-06-09 16:59:15 t_client.py:477 Control loop (ms): 1.31
DEBUG 2026-06-09 16:59:15 t_client.py:477 Control loop (ms): 1.43
DEBUG 2026-06-09 16:59:15 t_client.py:477 Control loop (ms): 1.86
DEBUG 2026-06-09 16:59:15 t_client.py:292 Received actions on device: cpu
DEBUG 2026-06-09 16:59:15 t_client.py:302 Actions kept on device: cpu
DEBUG 2026-06-09 16:59:15 t_client.py:477 Control loop (ms): 2.11
DEBUG 2026-06-09 16:59:15 t_client.py:477 Control loop (ms): 2.16
DEBUG 2026-06-09 16:59:15 t_client.py:477 Control loop (ms): 1.76
DEBUG 2026-06-09 16:59:15 follower.py:184 follower_right SOFollower read state: 2.0ms
DEBUG 2026-06-09 16:59:15 follower.py:191 follower_right SOFollower read wrist: 0.0ms
DEBUG 2026-06-09 16:59:15 follower.py:184 follower_left SOFollower read state: 1.7ms
DEBUG 2026-06-09 16:59:15 follower.py:191 follower_left SOFollower read wrist: 0.0ms
DEBUG 2026-06-09 16:59:15 t_client.py:198 Observation serialization time: 0.004934s
DEBUG 2026-06-09 16:59:15 ort/utils.py:54 [CLIENT] Observation Buffer size 4.39546012878418 MB with
DEBUG 2026-06-09 16:59:15 ort/utils.py:69 [CLIENT] Observation Sent 2097152/4608974 bytes with state 1
DEBUG 2026-06-09 16:59:15 ort/utils.py:69 [CLIENT] Observation Sent 4194304/4608974 bytes with state 2
DEBUG 2026-06-09 16:59:15 ort/utils.py:69 [CLIENT] Observation Sent 4608974/4608974 bytes with state 3
DEBUG 2026-06-09 16:59:15 ort/utils.py:71 [CLIENT] Observation Published 4.39546012878418 MB
DEBUG 2026-06-09 16:59:15 t_client.py:209 Sent observation #330 | 
DEBUG 2026-06-09 16:59:15 t_client.py:434 QUEUE SIZE: 8 (Must go: False)
DEBUG 2026-06-09 16:59:15 t_client.py:477 Control loop (ms): 115.51
DEBUG 2026-06-09 16:59:15 follower.py:184 follower_right SOFollower read state: 2.0ms
DEBUG 2026-06-09 16:59:15 follower.py:191 follower_right SOFollower read wrist: 0.0ms
DEBUG 2026-06-09 16:59:15 follower.py:184 follower_left SOFollower read state: 1.8ms
DEBUG 2026-06-09 16:59:15 follower.py:191 follower_left SOFollower read wrist: 0.0ms
DEBUG 2026-06-09 16:59:15 t_client.py:198 Observation serialization time: 0.008284s
DEBUG 2026-06-09 16:59:15 ort/utils.py:54 [CLIENT] Observation Buffer size 4.39546012878418 MB with
DEBUG 2026-06-09 16:59:15 ort/utils.py:69 [CLIENT] Observation Sent 2097152/4608974 bytes with state 1
DEBUG 2026-06-09 16:59:15 ort/utils.py:69 [CLIENT] Observation Sent 4194304/4608974 bytes with state 2
DEBUG 2026-06-09 16:59:15 ort/utils.py:69 [CLIENT] Observation Sent 4608974/4608974 bytes with state 3
DEBUG 2026-06-09 16:59:15 ort/utils.py:71 [CLIENT] Observation Published 4.39546012878418 MB
DEBUG 2026-06-09 16:59:15 t_client.py:292 Received actions on device: cpu
DEBUG 2026-06-09 16:59:15 t_client.py:302 Actions kept on device: cpu
DEBUG 2026-06-09 16:59:15 t_client.py:209 Sent observation #331 | 
DEBUG 2026-06-09 16:59:15 t_client.py:434 QUEUE SIZE: 7 (Must go: False)
DEBUG 2026-06-09 16:59:15 t_client.py:477 Control loop (ms): 111.98
DEBUG 2026-06-09 16:59:15 t_client.py:477 Control loop (ms): 1.43
DEBUG 2026-06-09 16:59:15 t_client.py:477 Control loop (ms): 1.52
DEBUG 2026-06-09 16:59:15 t_client.py:477 Control loop (ms): 1.79
DEBUG 2026-06-09 16:59:15 t_client.py:292 Received actions on device: cpu
DEBUG 2026-06-09 16:59:15 t_client.py:302 Actions kept on device: cpu
DEBUG 2026-06-09 16:59:15 t_client.py:477 Control loop (ms): 1.36
DEBUG 2026-06-09 16:59:15 t_client.py:477 Control loop (ms): 1.83
DEBUG 2026-06-09 16:59:15 t_client.py:477 Control loop (ms): 1.81
DEBUG 2026-06-09 16:59:15 follower.py:184 follower_right SOFollower read state: 1.6ms
DEBUG 2026-06-09 16:59:15 follower.py:191 follower_right SOFollower read wrist: 0.0ms
DEBUG 2026-06-09 16:59:15 follower.py:184 follower_left SOFollower read state: 1.5ms
DEBUG 2026-06-09 16:59:15 follower.py:191 follower_left SOFollower read wrist: 0.0ms
DEBUG 2026-06-09 16:59:15 t_client.py:198 Observation serialization time: 0.002964s
DEBUG 2026-06-09 16:59:15 ort/utils.py:54 [CLIENT] Observation Buffer size 4.39546012878418 MB with
DEBUG 2026-06-09 16:59:15 ort/utils.py:69 [CLIENT] Observation Sent 2097152/4608974 bytes with state 1
DEBUG 2026-06-09 16:59:16 ort/utils.py:69 [CLIENT] Observation Sent 4194304/4608974 bytes with state 2
DEBUG 2026-06-09 16:59:16 ort/utils.py:69 [CLIENT] Observation Sent 4608974/4608974 bytes with state 3
DEBUG 2026-06-09 16:59:16 ort/utils.py:71 [CLIENT] Observation Published 4.39546012878418 MB
DEBUG 2026-06-09 16:59:16 t_client.py:209 Sent observation #338 | 
DEBUG 2026-06-09 16:59:16 t_client.py:434 QUEUE SIZE: 8 (Must go: False)
DEBUG 2026-06-09 16:59:16 t_client.py:477 Control loop (ms): 176.30
DEBUG 2026-06-09 16:59:16 follower.py:184 follower_right SOFollower read state: 1.6ms
DEBUG 2026-06-09 16:59:16 follower.py:191 follower_right SOFollower read wrist: 0.0ms
DEBUG 2026-06-09 16:59:16 follower.py:184 follower_left SOFollower read state: 1.7ms
DEBUG 2026-06-09 16:59:16 follower.py:191 follower_left SOFollower read wrist: 0.0ms
DEBUG 2026-06-09 16:59:16 t_client.py:198 Observation serialization time: 0.007430s
DEBUG 2026-06-09 16:59:16 ort/utils.py:54 [CLIENT] Observation Buffer size 4.39546012878418 MB with
DEBUG 2026-06-09 16:59:16 ort/utils.py:69 [CLIENT] Observation Sent 2097152/4608974 bytes with state 1
DEBUG 2026-06-09 16:59:16 ort/utils.py:69 [CLIENT] Observation Sent 4194304/4608974 bytes with state 2
DEBUG 2026-06-09 16:59:16 t_client.py:292 Received actions on device: cpu
DEBUG 2026-06-09 16:59:16 t_client.py:302 Actions kept on device: cpu
DEBUG 2026-06-09 16:59:16 ort/utils.py:69 [CLIENT] Observation Sent 4608974/4608974 bytes with state 3
DEBUG 2026-06-09 16:59:16 ort/utils.py:71 [CLIENT] Observation Published 4.39546012878418 MB
DEBUG 2026-06-09 16:59:16 t_client.py:209 Sent observation #339 | 
DEBUG 2026-06-09 16:59:16 t_client.py:434 QUEUE SIZE: 7 (Must go: False)
DEBUG 2026-06-09 16:59:16 t_client.py:477 Control loop (ms): 177.23
DEBUG 2026-06-09 16:59:16 t_client.py:477 Control loop (ms): 1.31
DEBUG 2026-06-09 16:59:16 t_client.py:477 Control loop (ms): 1.79
DEBUG 2026-06-09 16:59:16 t_client.py:477 Control loop (ms): 2.15
DEBUG 2026-06-09 16:59:16 t_client.py:292 Received actions on device: cpu
DEBUG 2026-06-09 16:59:16 t_client.py:302 Actions kept on device: cpu
DEBUG 2026-06-09 16:59:16 t_client.py:477 Control loop (ms): 1.70
DEBUG 2026-06-09 16:59:16 t_client.py:477 Control loop (ms): 1.85
DEBUG 2026-06-09 16:59:16 t_client.py:477 Control loop (ms): 1.68
DEBUG 2026-06-09 16:59:16 follower.py:184 follower_right SOFollower read state: 2.0ms
DEBUG 2026-06-09 16:59:16 follower.py:191 follower_right SOFollower read wrist: 0.0ms
DEBUG 2026-06-09 16:59:16 follower.py:184 follower_left SOFollower read state: 2.0ms
DEBUG 2026-06-09 16:59:16 follower.py:191 follower_left SOFollower read wrist: 0.0ms
DEBUG 2026-06-09 16:59:16 t_client.py:198 Observation serialization time: 0.006019s
DEBUG 2026-06-09 16:59:16 ort/utils.py:54 [CLIENT] Observation Buffer size 4.39546012878418 MB with
DEBUG 2026-06-09 16:59:16 ort/utils.py:69 [CLIENT] Observation Sent 2097152/4608974 bytes with state 1
DEBUG 2026-06-09 16:59:16 ort/utils.py:69 [CLIENT] Observation Sent 4194304/4608974 bytes with state 2
DEBUG 2026-06-09 16:59:16 ort/utils.py:69 [CLIENT] Observation Sent 4608974/4608974 bytes with state 3
DEBUG 2026-06-09 16:59:16 ort/utils.py:71 [CLIENT] Observation Published 4.39546012878418 MB
DEBUG 2026-06-09 16:59:16 t_client.py:209 Sent observation #346 | 
DEBUG 2026-06-09 16:59:16 t_client.py:434 QUEUE SIZE: 8 (Must go: False)
DEBUG 2026-06-09 16:59:16 t_client.py:477 Control loop (ms): 125.69
DEBUG 2026-06-09 16:59:16 follower.py:184 follower_right SOFollower read state: 1.8ms
DEBUG 2026-06-09 16:59:16 follower.py:191 follower_right SOFollower read wrist: 0.0ms
DEBUG 2026-06-09 16:59:16 follower.py:184 follower_left SOFollower read state: 1.9ms
DEBUG 2026-06-09 16:59:16 follower.py:191 follower_left SOFollower read wrist: 0.0ms
DEBUG 2026-06-09 16:59:16 t_client.py:198 Observation serialization time: 0.008429s
DEBUG 2026-06-09 16:59:16 ort/utils.py:54 [CLIENT] Observation Buffer size 4.39546012878418 MB with
DEBUG 2026-06-09 16:59:16 ort/utils.py:69 [CLIENT] Observation Sent 2097152/4608974 bytes with state 1
DEBUG 2026-06-09 16:59:16 ort/utils.py:69 [CLIENT] Observation Sent 4194304/4608974 bytes with state 2
DEBUG 2026-06-09 16:59:16 ort/utils.py:69 [CLIENT] Observation Sent 4608974/4608974 bytes with state 3
DEBUG 2026-06-09 16:59:16 ort/utils.py:71 [CLIENT] Observation Published 4.39546012878418 MB
DEBUG 2026-06-09 16:59:16 t_client.py:209 Sent observation #347 | 
DEBUG 2026-06-09 16:59:16 t_client.py:434 QUEUE SIZE: 7 (Must go: False)
DEBUG 2026-06-09 16:59:16 t_client.py:477 Control loop (ms): 129.53
DEBUG 2026-06-09 16:59:16 follower.py:184 follower_right SOFollower read state: 2.5ms
DEBUG 2026-06-09 16:59:16 follower.py:191 follower_right SOFollower read wrist: 0.0ms
DEBUG 2026-06-09 16:59:16 follower.py:184 follower_left SOFollower read state: 2.0ms
DEBUG 2026-06-09 16:59:16 follower.py:191 follower_left SOFollower read wrist: 0.0ms
DEBUG 2026-06-09 16:59:16 t_client.py:198 Observation serialization time: 0.004194s
DEBUG 2026-06-09 16:59:16 t_client.py:292 Received actions on device: cpu
DEBUG 2026-06-09 16:59:16 t_client.py:302 Actions kept on device: cpu
DEBUG 2026-06-09 16:59:16 ort/utils.py:54 [CLIENT] Observation Buffer size 4.39546012878418 MB with
DEBUG 2026-06-09 16:59:16 ort/utils.py:69 [CLIENT] Observation Sent 2097152/4608974 bytes with state 1
DEBUG 2026-06-09 16:59:16 ort/utils.py:69 [CLIENT] Observation Sent 4194304/4608974 bytes with state 2
DEBUG 2026-06-09 16:59:16 ort/utils.py:69 [CLIENT] Observation Sent 4608974/4608974 bytes with state 3
DEBUG 2026-06-09 16:59:16 ort/utils.py:71 [CLIENT] Observation Published 4.39546012878418 MB
DEBUG 2026-06-09 16:59:16 t_client.py:209 Sent observation #348 | 
DEBUG 2026-06-09 16:59:16 t_client.py:434 QUEUE SIZE: 6 (Must go: False)
DEBUG 2026-06-09 16:59:16 t_client.py:477 Control loop (ms): 172.10
DEBUG 2026-06-09 16:59:16 t_client.py:477 Control loop (ms): 1.24
DEBUG 2026-06-09 16:59:16 t_client.py:292 Received actions on device: cpu
DEBUG 2026-06-09 16:59:16 t_client.py:302 Actions kept on device: cpu
DEBUG 2026-06-09 16:59:16 t_client.py:477 Control loop (ms): 1.57
DEBUG 2026-06-09 16:59:17 t_client.py:477 Control loop (ms): 1.21
DEBUG 2026-06-09 16:59:17 t_client.py:477 Control loop (ms): 1.25
DEBUG 2026-06-09 16:59:17 t_client.py:292 Received actions on device: cpu
DEBUG 2026-06-09 16:59:17 t_client.py:302 Actions kept on device: cpu
DEBUG 2026-06-09 16:59:17 t_client.py:477 Control loop (ms): 1.58
DEBUG 2026-06-09 16:59:17 t_client.py:477 Control loop (ms): 1.26
DEBUG 2026-06-09 16:59:17 follower.py:184 follower_right SOFollower read state: 2.2ms
DEBUG 2026-06-09 16:59:17 follower.py:191 follower_right SOFollower read wrist: 0.1ms
DEBUG 2026-06-09 16:59:17 follower.py:184 follower_left SOFollower read state: 2.0ms
DEBUG 2026-06-09 16:59:17 follower.py:191 follower_left SOFollower read wrist: 0.0ms
DEBUG 2026-06-09 16:59:17 t_client.py:198 Observation serialization time: 0.009196s
DEBUG 2026-06-09 16:59:17 ort/utils.py:54 [CLIENT] Observation Buffer size 4.39546012878418 MB with
DEBUG 2026-06-09 16:59:17 ort/utils.py:69 [CLIENT] Observation Sent 2097152/4608974 bytes with state 1
DEBUG 2026-06-09 16:59:17 ort/utils.py:69 [CLIENT] Observation Sent 4194304/4608974 bytes with state 2
DEBUG 2026-06-09 16:59:17 ort/utils.py:69 [CLIENT] Observation Sent 4608974/4608974 bytes with state 3
DEBUG 2026-06-09 16:59:17 ort/utils.py:71 [CLIENT] Observation Published 4.39546012878418 MB
DEBUG 2026-06-09 16:59:17 t_client.py:209 Sent observation #355 | 
DEBUG 2026-06-09 16:59:17 t_client.py:434 QUEUE SIZE: 8 (Must go: False)
DEBUG 2026-06-09 16:59:17 t_client.py:477 Control loop (ms): 151.37
DEBUG 2026-06-09 16:59:17 follower.py:184 follower_right SOFollower read state: 1.8ms
DEBUG 2026-06-09 16:59:17 follower.py:191 follower_right SOFollower read wrist: 0.0ms
DEBUG 2026-06-09 16:59:17 follower.py:184 follower_left SOFollower read state: 2.0ms
DEBUG 2026-06-09 16:59:17 follower.py:191 follower_left SOFollower read wrist: 0.0ms
DEBUG 2026-06-09 16:59:17 t_client.py:198 Observation serialization time: 0.005312s
DEBUG 2026-06-09 16:59:17 ort/utils.py:54 [CLIENT] Observation Buffer size 4.39546012878418 MB with
DEBUG 2026-06-09 16:59:17 ort/utils.py:69 [CLIENT] Observation Sent 2097152/4608974 bytes with state 1
DEBUG 2026-06-09 16:59:17 ort/utils.py:69 [CLIENT] Observation Sent 4194304/4608974 bytes with state 2
DEBUG 2026-06-09 16:59:17 ort/utils.py:69 [CLIENT] Observation Sent 4608974/4608974 bytes with state 3
DEBUG 2026-06-09 16:59:17 ort/utils.py:71 [CLIENT] Observation Published 4.39546012878418 MB
DEBUG 2026-06-09 16:59:17 t_client.py:292 Received actions on device: cpu
DEBUG 2026-06-09 16:59:17 t_client.py:302 Actions kept on device: cpu
DEBUG 2026-06-09 16:59:17 t_client.py:209 Sent observation #356 | 
DEBUG 2026-06-09 16:59:17 t_client.py:434 QUEUE SIZE: 7 (Must go: False)
DEBUG 2026-06-09 16:59:17 t_client.py:477 Control loop (ms): 142.23
DEBUG 2026-06-09 16:59:17 t_client.py:477 Control loop (ms): 1.57
DEBUG 2026-06-09 16:59:17 t_client.py:477 Control loop (ms): 2.09
DEBUG 2026-06-09 16:59:17 t_client.py:477 Control loop (ms): 2.20
DEBUG 2026-06-09 16:59:17 t_client.py:292 Received actions on device: cpu
DEBUG 2026-06-09 16:59:17 t_client.py:302 Actions kept on device: cpu
DEBUG 2026-06-09 16:59:17 t_client.py:477 Control loop (ms): 1.52
DEBUG 2026-06-09 16:59:17 t_client.py:477 Control loop (ms): 2.08
DEBUG 2026-06-09 16:59:17 t_client.py:477 Control loop (ms): 1.63
DEBUG 2026-06-09 16:59:17 follower.py:184 follower_right SOFollower read state: 2.3ms
DEBUG 2026-06-09 16:59:17 follower.py:191 follower_right SOFollower read wrist: 0.0ms
DEBUG 2026-06-09 16:59:17 follower.py:184 follower_left SOFollower read state: 2.1ms
DEBUG 2026-06-09 16:59:17 follower.py:191 follower_left SOFollower read wrist: 0.0ms
DEBUG 2026-06-09 16:59:17 t_client.py:198 Observation serialization time: 0.006819s
DEBUG 2026-06-09 16:59:17 ort/utils.py:54 [CLIENT] Observation Buffer size 4.39546012878418 MB with
DEBUG 2026-06-09 16:59:17 ort/utils.py:69 [CLIENT] Observation Sent 2097152/4608974 bytes with state 1
DEBUG 2026-06-09 16:59:17 ort/utils.py:69 [CLIENT] Observation Sent 4194304/4608974 bytes with state 2
DEBUG 2026-06-09 16:59:17 ort/utils.py:69 [CLIENT] Observation Sent 4608974/4608974 bytes with state 3
DEBUG 2026-06-09 16:59:17 ort/utils.py:71 [CLIENT] Observation Published 4.39546012878418 MB
DEBUG 2026-06-09 16:59:17 t_client.py:209 Sent observation #363 | 
DEBUG 2026-06-09 16:59:17 t_client.py:434 QUEUE SIZE: 8 (Must go: False)
DEBUG 2026-06-09 16:59:17 t_client.py:477 Control loop (ms): 120.30
DEBUG 2026-06-09 16:59:17 follower.py:184 follower_right SOFollower read state: 1.9ms
DEBUG 2026-06-09 16:59:17 follower.py:191 follower_right SOFollower read wrist: 0.0ms
DEBUG 2026-06-09 16:59:17 follower.py:184 follower_left SOFollower read state: 2.1ms
DEBUG 2026-06-09 16:59:17 follower.py:191 follower_left SOFollower read wrist: 0.0ms
DEBUG 2026-06-09 16:59:17 t_client.py:198 Observation serialization time: 0.011399s
DEBUG 2026-06-09 16:59:17 ort/utils.py:54 [CLIENT] Observation Buffer size 4.39546012878418 MB with
DEBUG 2026-06-09 16:59:17 ort/utils.py:69 [CLIENT] Observation Sent 2097152/4608974 bytes with state 1
DEBUG 2026-06-09 16:59:17 ort/utils.py:69 [CLIENT] Observation Sent 4194304/4608974 bytes with state 2
DEBUG 2026-06-09 16:59:17 ort/utils.py:69 [CLIENT] Observation Sent 4608974/4608974 bytes with state 3
DEBUG 2026-06-09 16:59:17 ort/utils.py:71 [CLIENT] Observation Published 4.39546012878418 MB
DEBUG 2026-06-09 16:59:17 t_client.py:292 Received actions on device: cpu
DEBUG 2026-06-09 16:59:17 t_client.py:302 Actions kept on device: cpu
DEBUG 2026-06-09 16:59:17 t_client.py:209 Sent observation #364 | 
DEBUG 2026-06-09 16:59:17 t_client.py:434 QUEUE SIZE: 7 (Must go: False)
DEBUG 2026-06-09 16:59:17 t_client.py:477 Control loop (ms): 150.96
DEBUG 2026-06-09 16:59:17 t_client.py:477 Control loop (ms): 1.29
DEBUG 2026-06-09 16:59:17 t_client.py:477 Control loop (ms): 1.84
DEBUG 2026-06-09 16:59:17 t_client.py:477 Control loop (ms): 1.79
DEBUG 2026-06-09 16:59:17 t_client.py:292 Received actions on device: cpu
DEBUG 2026-06-09 16:59:17 t_client.py:302 Actions kept on device: cpu
DEBUG 2026-06-09 16:59:18 t_client.py:477 Control loop (ms): 2.02
DEBUG 2026-06-09 16:59:18 t_client.py:477 Control loop (ms): 1.85
DEBUG 2026-06-09 16:59:18 t_client.py:477 Control loop (ms): 2.09
DEBUG 2026-06-09 16:59:18 follower.py:184 follower_right SOFollower read state: 2.4ms
DEBUG 2026-06-09 16:59:18 follower.py:191 follower_right SOFollower read wrist: 0.0ms
DEBUG 2026-06-09 16:59:18 follower.py:184 follower_left SOFollower read state: 2.3ms
DEBUG 2026-06-09 16:59:18 follower.py:191 follower_left SOFollower read wrist: 0.0ms
DEBUG 2026-06-09 16:59:18 t_client.py:198 Observation serialization time: 0.010444s
DEBUG 2026-06-09 16:59:18 ort/utils.py:54 [CLIENT] Observation Buffer size 4.39546012878418 MB with
DEBUG 2026-06-09 16:59:18 ort/utils.py:69 [CLIENT] Observation Sent 2097152/4608974 bytes with state 1
DEBUG 2026-06-09 16:59:18 ort/utils.py:69 [CLIENT] Observation Sent 4194304/4608974 bytes with state 2
DEBUG 2026-06-09 16:59:18 ort/utils.py:69 [CLIENT] Observation Sent 4608974/4608974 bytes with state 3
DEBUG 2026-06-09 16:59:18 ort/utils.py:71 [CLIENT] Observation Published 4.39546012878418 MB
DEBUG 2026-06-09 16:59:18 t_client.py:209 Sent observation #371 | 
DEBUG 2026-06-09 16:59:18 t_client.py:434 QUEUE SIZE: 8 (Must go: False)
DEBUG 2026-06-09 16:59:18 t_client.py:477 Control loop (ms): 147.09
DEBUG 2026-06-09 16:59:18 follower.py:184 follower_right SOFollower read state: 1.7ms
DEBUG 2026-06-09 16:59:18 follower.py:191 follower_right SOFollower read wrist: 0.0ms
DEBUG 2026-06-09 16:59:18 follower.py:184 follower_left SOFollower read state: 1.8ms
DEBUG 2026-06-09 16:59:18 follower.py:191 follower_left SOFollower read wrist: 0.0ms
DEBUG 2026-06-09 16:59:18 t_client.py:198 Observation serialization time: 0.006853s
DEBUG 2026-06-09 16:59:18 ort/utils.py:54 [CLIENT] Observation Buffer size 4.39546012878418 MB with
DEBUG 2026-06-09 16:59:18 ort/utils.py:69 [CLIENT] Observation Sent 2097152/4608974 bytes with state 1
DEBUG 2026-06-09 16:59:18 ort/utils.py:69 [CLIENT] Observation Sent 4194304/4608974 bytes with state 2
DEBUG 2026-06-09 16:59:18 ort/utils.py:69 [CLIENT] Observation Sent 4608974/4608974 bytes with state 3
DEBUG 2026-06-09 16:59:18 ort/utils.py:71 [CLIENT] Observation Published 4.39546012878418 MB
DEBUG 2026-06-09 16:59:18 t_client.py:292 Received actions on device: cpu
DEBUG 2026-06-09 16:59:18 t_client.py:302 Actions kept on device: cpu
DEBUG 2026-06-09 16:59:18 t_client.py:209 Sent observation #372 | 
DEBUG 2026-06-09 16:59:18 t_client.py:434 QUEUE SIZE: 7 (Must go: False)
DEBUG 2026-06-09 16:59:18 t_client.py:477 Control loop (ms): 158.61
DEBUG 2026-06-09 16:59:18 t_client.py:477 Control loop (ms): 1.43
DEBUG 2026-06-09 16:59:18 t_client.py:477 Control loop (ms): 1.71
DEBUG 2026-06-09 16:59:18 t_client.py:477 Control loop (ms): 1.60
DEBUG 2026-06-09 16:59:18 t_client.py:292 Received actions on device: cpu
DEBUG 2026-06-09 16:59:18 t_client.py:302 Actions kept on device: cpu
DEBUG 2026-06-09 16:59:18 t_client.py:477 Control loop (ms): 1.70
DEBUG 2026-06-09 16:59:18 t_client.py:477 Control loop (ms): 1.86
DEBUG 2026-06-09 16:59:18 t_client.py:477 Control loop (ms): 2.08
DEBUG 2026-06-09 16:59:18 follower.py:184 follower_right SOFollower read state: 2.1ms
DEBUG 2026-06-09 16:59:18 follower.py:191 follower_right SOFollower read wrist: 0.0ms
DEBUG 2026-06-09 16:59:18 follower.py:184 follower_left SOFollower read state: 2.0ms
DEBUG 2026-06-09 16:59:18 follower.py:191 follower_left SOFollower read wrist: 0.0ms
DEBUG 2026-06-09 16:59:18 t_client.py:198 Observation serialization time: 0.007226s
DEBUG 2026-06-09 16:59:18 ort/utils.py:54 [CLIENT] Observation Buffer size 4.39546012878418 MB with
DEBUG 2026-06-09 16:59:18 ort/utils.py:69 [CLIENT] Observation Sent 2097152/4608974 bytes with state 1
DEBUG 2026-06-09 16:59:18 ort/utils.py:69 [CLIENT] Observation Sent 4194304/4608974 bytes with state 2
DEBUG 2026-06-09 16:59:18 ort/utils.py:69 [CLIENT] Observation Sent 4608974/4608974 bytes with state 3
DEBUG 2026-06-09 16:59:18 ort/utils.py:71 [CLIENT] Observation Published 4.39546012878418 MB
DEBUG 2026-06-09 16:59:18 t_client.py:209 Sent observation #379 | 
DEBUG 2026-06-09 16:59:18 t_client.py:434 QUEUE SIZE: 8 (Must go: False)
DEBUG 2026-06-09 16:59:18 t_client.py:477 Control loop (ms): 131.70
DEBUG 2026-06-09 16:59:18 follower.py:184 follower_right SOFollower read state: 3.2ms
DEBUG 2026-06-09 16:59:18 follower.py:191 follower_right SOFollower read wrist: 0.1ms
DEBUG 2026-06-09 16:59:18 follower.py:184 follower_left SOFollower read state: 2.6ms
DEBUG 2026-06-09 16:59:18 follower.py:191 follower_left SOFollower read wrist: 0.0ms
DEBUG 2026-06-09 16:59:18 t_client.py:198 Observation serialization time: 0.012799s
DEBUG 2026-06-09 16:59:18 ort/utils.py:54 [CLIENT] Observation Buffer size 4.39546012878418 MB with
DEBUG 2026-06-09 16:59:18 ort/utils.py:69 [CLIENT] Observation Sent 2097152/4608974 bytes with state 1
DEBUG 2026-06-09 16:59:18 ort/utils.py:69 [CLIENT] Observation Sent 4194304/4608974 bytes with state 2
DEBUG 2026-06-09 16:59:18 ort/utils.py:69 [CLIENT] Observation Sent 4608974/4608974 bytes with state 3
DEBUG 2026-06-09 16:59:18 ort/utils.py:71 [CLIENT] Observation Published 4.39546012878418 MB
DEBUG 2026-06-09 16:59:18 t_client.py:292 Received actions on device: cpu
DEBUG 2026-06-09 16:59:18 t_client.py:302 Actions kept on device: cpu
DEBUG 2026-06-09 16:59:18 t_client.py:209 Sent observation #380 | 
DEBUG 2026-06-09 16:59:18 t_client.py:434 QUEUE SIZE: 7 (Must go: False)
DEBUG 2026-06-09 16:59:18 t_client.py:477 Control loop (ms): 118.87
DEBUG 2026-06-09 16:59:18 t_client.py:477 Control loop (ms): 1.57
DEBUG 2026-06-09 16:59:18 t_client.py:477 Control loop (ms): 1.52
DEBUG 2026-06-09 16:59:18 t_client.py:477 Control loop (ms): 1.59
DEBUG 2026-06-09 16:59:18 t_client.py:292 Received actions on device: cpu
DEBUG 2026-06-09 16:59:18 t_client.py:302 Actions kept on device: cpu
DEBUG 2026-06-09 16:59:18 t_client.py:477 Control loop (ms): 1.35
DEBUG 2026-06-09 16:59:18 t_client.py:477 Control loop (ms): 1.53
DEBUG 2026-06-09 16:59:19 t_client.py:477 Control loop (ms): 1.45
DEBUG 2026-06-09 16:59:19 follower.py:184 follower_right SOFollower read state: 2.0ms
DEBUG 2026-06-09 16:59:19 follower.py:191 follower_right SOFollower read wrist: 0.1ms
DEBUG 2026-06-09 16:59:19 follower.py:184 follower_left SOFollower read state: 2.1ms
DEBUG 2026-06-09 16:59:19 follower.py:191 follower_left SOFollower read wrist: 0.0ms
DEBUG 2026-06-09 16:59:19 t_client.py:198 Observation serialization time: 0.010560s
DEBUG 2026-06-09 16:59:19 ort/utils.py:54 [CLIENT] Observation Buffer size 4.39546012878418 MB with
DEBUG 2026-06-09 16:59:19 ort/utils.py:69 [CLIENT] Observation Sent 2097152/4608974 bytes with state 1
DEBUG 2026-06-09 16:59:19 ort/utils.py:69 [CLIENT] Observation Sent 4194304/4608974 bytes with state 2
DEBUG 2026-06-09 16:59:19 ort/utils.py:69 [CLIENT] Observation Sent 4608974/4608974 bytes with state 3
DEBUG 2026-06-09 16:59:19 ort/utils.py:71 [CLIENT] Observation Published 4.39546012878418 MB
DEBUG 2026-06-09 16:59:19 t_client.py:209 Sent observation #387 | 
DEBUG 2026-06-09 16:59:19 t_client.py:434 QUEUE SIZE: 8 (Must go: False)
DEBUG 2026-06-09 16:59:19 t_client.py:477 Control loop (ms): 112.05
DEBUG 2026-06-09 16:59:19 follower.py:184 follower_right SOFollower read state: 2.1ms
DEBUG 2026-06-09 16:59:19 follower.py:191 follower_right SOFollower read wrist: 0.0ms
DEBUG 2026-06-09 16:59:19 follower.py:184 follower_left SOFollower read state: 2.0ms
DEBUG 2026-06-09 16:59:19 follower.py:191 follower_left SOFollower read wrist: 0.0ms
DEBUG 2026-06-09 16:59:19 t_client.py:198 Observation serialization time: 0.007852s
DEBUG 2026-06-09 16:59:19 ort/utils.py:54 [CLIENT] Observation Buffer size 4.39546012878418 MB with
DEBUG 2026-06-09 16:59:19 ort/utils.py:69 [CLIENT] Observation Sent 2097152/4608974 bytes with state 1
DEBUG 2026-06-09 16:59:19 ort/utils.py:69 [CLIENT] Observation Sent 4194304/4608974 bytes with state 2
DEBUG 2026-06-09 16:59:19 ort/utils.py:69 [CLIENT] Observation Sent 4608974/4608974 bytes with state 3
DEBUG 2026-06-09 16:59:19 ort/utils.py:71 [CLIENT] Observation Published 4.39546012878418 MB
DEBUG 2026-06-09 16:59:19 t_client.py:292 Received actions on device: cpu
DEBUG 2026-06-09 16:59:19 t_client.py:302 Actions kept on device: cpu
DEBUG 2026-06-09 16:59:19 t_client.py:209 Sent observation #388 | 
DEBUG 2026-06-09 16:59:19 t_client.py:434 QUEUE SIZE: 7 (Must go: False)
DEBUG 2026-06-09 16:59:19 t_client.py:477 Control loop (ms): 102.08
DEBUG 2026-06-09 16:59:19 t_client.py:477 Control loop (ms): 0.90
DEBUG 2026-06-09 16:59:19 t_client.py:477 Control loop (ms): 1.78
DEBUG 2026-06-09 16:59:19 t_client.py:477 Control loop (ms): 2.44
DEBUG 2026-06-09 16:59:19 t_client.py:292 Received actions on device: cpu
DEBUG 2026-06-09 16:59:19 t_client.py:302 Actions kept on device: cpu
DEBUG 2026-06-09 16:59:19 t_client.py:477 Control loop (ms): 2.17
DEBUG 2026-06-09 16:59:19 t_client.py:477 Control loop (ms): 1.62
DEBUG 2026-06-09 16:59:19 t_client.py:477 Control loop (ms): 1.65
DEBUG 2026-06-09 16:59:19 follower.py:184 follower_right SOFollower read state: 2.1ms
DEBUG 2026-06-09 16:59:19 follower.py:191 follower_right SOFollower read wrist: 0.0ms
DEBUG 2026-06-09 16:59:19 follower.py:184 follower_left SOFollower read state: 1.9ms
DEBUG 2026-06-09 16:59:19 follower.py:191 follower_left SOFollower read wrist: 0.0ms
DEBUG 2026-06-09 16:59:19 t_client.py:198 Observation serialization time: 0.008926s
DEBUG 2026-06-09 16:59:19 ort/utils.py:54 [CLIENT] Observation Buffer size 4.39546012878418 MB with
DEBUG 2026-06-09 16:59:19 ort/utils.py:69 [CLIENT] Observation Sent 2097152/4608974 bytes with state 1
DEBUG 2026-06-09 16:59:19 ort/utils.py:69 [CLIENT] Observation Sent 4194304/4608974 bytes with state 2
DEBUG 2026-06-09 16:59:19 ort/utils.py:69 [CLIENT] Observation Sent 4608974/4608974 bytes with state 3
DEBUG 2026-06-09 16:59:19 ort/utils.py:71 [CLIENT] Observation Published 4.39546012878418 MB
DEBUG 2026-06-09 16:59:19 t_client.py:209 Sent observation #395 | 
DEBUG 2026-06-09 16:59:19 t_client.py:434 QUEUE SIZE: 8 (Must go: False)
DEBUG 2026-06-09 16:59:19 t_client.py:477 Control loop (ms): 105.28
DEBUG 2026-06-09 16:59:19 follower.py:184 follower_right SOFollower read state: 2.0ms
DEBUG 2026-06-09 16:59:19 follower.py:191 follower_right SOFollower read wrist: 0.0ms
DEBUG 2026-06-09 16:59:19 follower.py:184 follower_left SOFollower read state: 2.3ms
DEBUG 2026-06-09 16:59:19 follower.py:191 follower_left SOFollower read wrist: 0.0ms
DEBUG 2026-06-09 16:59:19 t_client.py:198 Observation serialization time: 0.010244s
DEBUG 2026-06-09 16:59:19 ort/utils.py:54 [CLIENT] Observation Buffer size 4.39546012878418 MB with
DEBUG 2026-06-09 16:59:19 ort/utils.py:69 [CLIENT] Observation Sent 2097152/4608974 bytes with state 1
DEBUG 2026-06-09 16:59:19 ort/utils.py:69 [CLIENT] Observation Sent 4194304/4608974 bytes with state 2
DEBUG 2026-06-09 16:59:19 ort/utils.py:69 [CLIENT] Observation Sent 4608974/4608974 bytes with state 3
DEBUG 2026-06-09 16:59:19 ort/utils.py:71 [CLIENT] Observation Published 4.39546012878418 MB
DEBUG 2026-06-09 16:59:19 t_client.py:292 Received actions on device: cpu
DEBUG 2026-06-09 16:59:19 t_client.py:302 Actions kept on device: cpu
DEBUG 2026-06-09 16:59:19 t_client.py:209 Sent observation #396 | 
DEBUG 2026-06-09 16:59:19 t_client.py:434 QUEUE SIZE: 7 (Must go: False)
DEBUG 2026-06-09 16:59:19 t_client.py:477 Control loop (ms): 126.37
DEBUG 2026-06-09 16:59:19 t_client.py:477 Control loop (ms): 1.54
DEBUG 2026-06-09 16:59:19 t_client.py:477 Control loop (ms): 1.98
DEBUG 2026-06-09 16:59:19 t_client.py:477 Control loop (ms): 1.94
DEBUG 2026-06-09 16:59:19 t_client.py:292 Received actions on device: cpu
DEBUG 2026-06-09 16:59:19 t_client.py:302 Actions kept on device: cpu
DEBUG 2026-06-09 16:59:19 t_client.py:477 Control loop (ms): 2.14
DEBUG 2026-06-09 16:59:19 t_client.py:477 Control loop (ms): 1.88
DEBUG 2026-06-09 16:59:19 t_client.py:477 Control loop (ms): 1.89
DEBUG 2026-06-09 16:59:19 follower.py:184 follower_right SOFollower read state: 2.3ms
DEBUG 2026-06-09 16:59:19 follower.py:191 follower_right SOFollower read wrist: 0.1ms
DEBUG 2026-06-09 16:59:19 follower.py:184 follower_left SOFollower read state: 2.3ms
DEBUG 2026-06-09 16:59:19 follower.py:191 follower_left SOFollower read wrist: 0.0ms
DEBUG 2026-06-09 16:59:19 t_client.py:198 Observation serialization time: 0.008028s
DEBUG 2026-06-09 16:59:19 ort/utils.py:54 [CLIENT] Observation Buffer size 4.39546012878418 MB with
DEBUG 2026-06-09 16:59:19 ort/utils.py:69 [CLIENT] Observation Sent 2097152/4608974 bytes with state 1
DEBUG 2026-06-09 16:59:19 ort/utils.py:69 [CLIENT] Observation Sent 4194304/4608974 bytes with state 2
DEBUG 2026-06-09 16:59:19 ort/utils.py:69 [CLIENT] Observation Sent 4608974/4608974 bytes with state 3
DEBUG 2026-06-09 16:59:19 ort/utils.py:71 [CLIENT] Observation Published 4.39546012878418 MB
DEBUG 2026-06-09 16:59:20 t_client.py:209 Sent observation #403 | 
DEBUG 2026-06-09 16:59:20 t_client.py:434 QUEUE SIZE: 8 (Must go: False)
DEBUG 2026-06-09 16:59:20 t_client.py:477 Control loop (ms): 112.61
DEBUG 2026-06-09 16:59:20 follower.py:184 follower_right SOFollower read state: 2.0ms
DEBUG 2026-06-09 16:59:20 follower.py:191 follower_right SOFollower read wrist: 0.0ms
DEBUG 2026-06-09 16:59:20 follower.py:184 follower_left SOFollower read state: 1.7ms
DEBUG 2026-06-09 16:59:20 follower.py:191 follower_left SOFollower read wrist: 0.0ms
DEBUG 2026-06-09 16:59:20 t_client.py:198 Observation serialization time: 0.004826s
DEBUG 2026-06-09 16:59:20 ort/utils.py:54 [CLIENT] Observation Buffer size 4.39546012878418 MB with
DEBUG 2026-06-09 16:59:20 ort/utils.py:69 [CLIENT] Observation Sent 2097152/4608974 bytes with state 1
DEBUG 2026-06-09 16:59:20 ort/utils.py:69 [CLIENT] Observation Sent 4194304/4608974 bytes with state 2
DEBUG 2026-06-09 16:59:20 ort/utils.py:69 [CLIENT] Observation Sent 4608974/4608974 bytes with state 3
DEBUG 2026-06-09 16:59:20 ort/utils.py:71 [CLIENT] Observation Published 4.39546012878418 MB
DEBUG 2026-06-09 16:59:20 t_client.py:292 Received actions on device: cpu
DEBUG 2026-06-09 16:59:20 t_client.py:302 Actions kept on device: cpu
DEBUG 2026-06-09 16:59:20 t_client.py:209 Sent observation #404 | 
DEBUG 2026-06-09 16:59:20 t_client.py:434 QUEUE SIZE: 7 (Must go: False)
DEBUG 2026-06-09 16:59:20 t_client.py:477 Control loop (ms): 101.35
DEBUG 2026-06-09 16:59:20 t_client.py:477 Control loop (ms): 1.42
DEBUG 2026-06-09 16:59:20 t_client.py:477 Control loop (ms): 1.83
DEBUG 2026-06-09 16:59:20 t_client.py:477 Control loop (ms): 1.98
DEBUG 2026-06-09 16:59:20 t_client.py:292 Received actions on device: cpu
DEBUG 2026-06-09 16:59:20 t_client.py:302 Actions kept on device: cpu
DEBUG 2026-06-09 16:59:20 t_client.py:477 Control loop (ms): 1.86
DEBUG 2026-06-09 16:59:20 t_client.py:477 Control loop (ms): 2.19
DEBUG 2026-06-09 16:59:20 t_client.py:477 Control loop (ms): 1.05
DEBUG 2026-06-09 16:59:20 follower.py:184 follower_right SOFollower read state: 2.1ms
DEBUG 2026-06-09 16:59:20 follower.py:191 follower_right SOFollower read wrist: 0.0ms
DEBUG 2026-06-09 16:59:20 follower.py:184 follower_left SOFollower read state: 1.9ms
DEBUG 2026-06-09 16:59:20 follower.py:191 follower_left SOFollower read wrist: 0.0ms
DEBUG 2026-06-09 16:59:20 t_client.py:198 Observation serialization time: 0.009643s
DEBUG 2026-06-09 16:59:20 ort/utils.py:54 [CLIENT] Observation Buffer size 4.39546012878418 MB with
DEBUG 2026-06-09 16:59:20 ort/utils.py:69 [CLIENT] Observation Sent 2097152/4608974 bytes with state 1
DEBUG 2026-06-09 16:59:20 ort/utils.py:69 [CLIENT] Observation Sent 4194304/4608974 bytes with state 2
DEBUG 2026-06-09 16:59:20 ort/utils.py:69 [CLIENT] Observation Sent 4608974/4608974 bytes with state 3
DEBUG 2026-06-09 16:59:20 ort/utils.py:71 [CLIENT] Observation Published 4.39546012878418 MB
DEBUG 2026-06-09 16:59:20 t_client.py:209 Sent observation #411 | 
DEBUG 2026-06-09 16:59:20 t_client.py:434 QUEUE SIZE: 8 (Must go: False)
DEBUG 2026-06-09 16:59:20 t_client.py:477 Control loop (ms): 120.47
DEBUG 2026-06-09 16:59:20 follower.py:184 follower_right SOFollower read state: 1.8ms
DEBUG 2026-06-09 16:59:20 follower.py:191 follower_right SOFollower read wrist: 0.0ms
DEBUG 2026-06-09 16:59:20 follower.py:184 follower_left SOFollower read state: 2.2ms
DEBUG 2026-06-09 16:59:20 follower.py:191 follower_left SOFollower read wrist: 0.0ms
DEBUG 2026-06-09 16:59:20 t_client.py:198 Observation serialization time: 0.010927s
DEBUG 2026-06-09 16:59:20 ort/utils.py:54 [CLIENT] Observation Buffer size 4.39546012878418 MB with
DEBUG 2026-06-09 16:59:20 ort/utils.py:69 [CLIENT] Observation Sent 2097152/4608974 bytes with state 1
DEBUG 2026-06-09 16:59:20 ort/utils.py:69 [CLIENT] Observation Sent 4194304/4608974 bytes with state 2
DEBUG 2026-06-09 16:59:20 ort/utils.py:69 [CLIENT] Observation Sent 4608974/4608974 bytes with state 3
DEBUG 2026-06-09 16:59:20 ort/utils.py:71 [CLIENT] Observation Published 4.39546012878418 MB
DEBUG 2026-06-09 16:59:20 t_client.py:209 Sent observation #412 | 
DEBUG 2026-06-09 16:59:20 t_client.py:434 QUEUE SIZE: 7 (Must go: False)
DEBUG 2026-06-09 16:59:20 t_client.py:477 Control loop (ms): 110.77
DEBUG 2026-06-09 16:59:20 follower.py:184 follower_right SOFollower read state: 3.1ms
DEBUG 2026-06-09 16:59:20 follower.py:191 follower_right SOFollower read wrist: 0.0ms
DEBUG 2026-06-09 16:59:20 t_client.py:292 Received actions on device: cpu
DEBUG 2026-06-09 16:59:20 t_client.py:302 Actions kept on device: cpu
DEBUG 2026-06-09 16:59:20 follower.py:184 follower_left SOFollower read state: 1.9ms
DEBUG 2026-06-09 16:59:20 follower.py:191 follower_left SOFollower read wrist: 0.0ms
DEBUG 2026-06-09 16:59:20 t_client.py:198 Observation serialization time: 0.003876s
DEBUG 2026-06-09 16:59:20 ort/utils.py:54 [CLIENT] Observation Buffer size 4.39546012878418 MB with
DEBUG 2026-06-09 16:59:20 ort/utils.py:69 [CLIENT] Observation Sent 2097152/4608974 bytes with state 1
DEBUG 2026-06-09 16:59:20 ort/utils.py:69 [CLIENT] Observation Sent 4194304/4608974 bytes with state 2
DEBUG 2026-06-09 16:59:20 ort/utils.py:69 [CLIENT] Observation Sent 4608974/4608974 bytes with state 3
DEBUG 2026-06-09 16:59:20 ort/utils.py:71 [CLIENT] Observation Published 4.39546012878418 MB
DEBUG 2026-06-09 16:59:20 t_client.py:209 Sent observation #413 | 
DEBUG 2026-06-09 16:59:20 t_client.py:434 QUEUE SIZE: 13 (Must go: False)
DEBUG 2026-06-09 16:59:20 t_client.py:477 Control loop (ms): 124.89
DEBUG 2026-06-09 16:59:20 t_client.py:292 Received actions on device: cpu
DEBUG 2026-06-09 16:59:20 t_client.py:477 Control loop (ms): 2.45
DEBUG 2026-06-09 16:59:20 t_client.py:302 Actions kept on device: cpu
DEBUG 2026-06-09 16:59:20 t_client.py:477 Control loop (ms): 2.13
DEBUG 2026-06-09 16:59:20 t_client.py:477 Control loop (ms): 1.89
DEBUG 2026-06-09 16:59:20 t_client.py:292 Received actions on device: cpu
DEBUG 2026-06-09 16:59:20 t_client.py:302 Actions kept on device: cpu
DEBUG 2026-06-09 16:59:20 t_client.py:477 Control loop (ms): 3.34
DEBUG 2026-06-09 16:59:20 t_client.py:477 Control loop (ms): 1.60
DEBUG 2026-06-09 16:59:20 t_client.py:477 Control loop (ms): 1.90
DEBUG 2026-06-09 16:59:20 follower.py:184 follower_right SOFollower read state: 2.1ms
DEBUG 2026-06-09 16:59:20 follower.py:191 follower_right SOFollower read wrist: 0.1ms
DEBUG 2026-06-09 16:59:20 follower.py:184 follower_left SOFollower read state: 1.9ms
DEBUG 2026-06-09 16:59:20 follower.py:191 follower_left SOFollower read wrist: 0.0ms
DEBUG 2026-06-09 16:59:20 t_client.py:198 Observation serialization time: 0.011634s
DEBUG 2026-06-09 16:59:20 ort/utils.py:54 [CLIENT] Observation Buffer size 4.39546012878418 MB with
DEBUG 2026-06-09 16:59:20 ort/utils.py:69 [CLIENT] Observation Sent 2097152/4608974 bytes with state 1
DEBUG 2026-06-09 16:59:20 ort/utils.py:69 [CLIENT] Observation Sent 4194304/4608974 bytes with state 2
DEBUG 2026-06-09 16:59:20 ort/utils.py:69 [CLIENT] Observation Sent 4608974/4608974 bytes with state 3
DEBUG 2026-06-09 16:59:20 ort/utils.py:71 [CLIENT] Observation Published 4.39546012878418 MB
DEBUG 2026-06-09 16:59:20 t_client.py:209 Sent observation #420 | 
DEBUG 2026-06-09 16:59:20 t_client.py:434 QUEUE SIZE: 8 (Must go: False)
DEBUG 2026-06-09 16:59:20 t_client.py:477 Control loop (ms): 112.24
DEBUG 2026-06-09 16:59:21 follower.py:184 follower_right SOFollower read state: 1.7ms
DEBUG 2026-06-09 16:59:21 follower.py:191 follower_right SOFollower read wrist: 0.0ms
DEBUG 2026-06-09 16:59:21 follower.py:184 follower_left SOFollower read state: 1.6ms
DEBUG 2026-06-09 16:59:21 follower.py:191 follower_left SOFollower read wrist: 0.1ms
DEBUG 2026-06-09 16:59:21 t_client.py:198 Observation serialization time: 0.007537s
DEBUG 2026-06-09 16:59:21 ort/utils.py:54 [CLIENT] Observation Buffer size 4.39546012878418 MB with
DEBUG 2026-06-09 16:59:21 ort/utils.py:69 [CLIENT] Observation Sent 2097152/4608974 bytes with state 1
DEBUG 2026-06-09 16:59:21 ort/utils.py:69 [CLIENT] Observation Sent 4194304/4608974 bytes with state 2
DEBUG 2026-06-09 16:59:21 ort/utils.py:69 [CLIENT] Observation Sent 4608974/4608974 bytes with state 3
DEBUG 2026-06-09 16:59:21 ort/utils.py:71 [CLIENT] Observation Published 4.39546012878418 MB
DEBUG 2026-06-09 16:59:21 t_client.py:292 Received actions on device: cpu
DEBUG 2026-06-09 16:59:21 t_client.py:302 Actions kept on device: cpu
DEBUG 2026-06-09 16:59:21 t_client.py:209 Sent observation #421 | 
DEBUG 2026-06-09 16:59:21 t_client.py:434 QUEUE SIZE: 7 (Must go: False)
DEBUG 2026-06-09 16:59:21 t_client.py:477 Control loop (ms): 110.67
DEBUG 2026-06-09 16:59:21 t_client.py:477 Control loop (ms): 0.79
DEBUG 2026-06-09 16:59:21 t_client.py:477 Control loop (ms): 1.62
DEBUG 2026-06-09 16:59:21 t_client.py:477 Control loop (ms): 1.41
DEBUG 2026-06-09 16:59:21 t_client.py:292 Received actions on device: cpu
DEBUG 2026-06-09 16:59:21 t_client.py:302 Actions kept on device: cpu
DEBUG 2026-06-09 16:59:21 t_client.py:477 Control loop (ms): 1.68
DEBUG 2026-06-09 16:59:21 t_client.py:477 Control loop (ms): 2.23
DEBUG 2026-06-09 16:59:21 t_client.py:477 Control loop (ms): 2.09
DEBUG 2026-06-09 16:59:21 follower.py:184 follower_right SOFollower read state: 2.0ms
DEBUG 2026-06-09 16:59:21 follower.py:191 follower_right SOFollower read wrist: 0.0ms
DEBUG 2026-06-09 16:59:21 follower.py:184 follower_left SOFollower read state: 1.6ms
DEBUG 2026-06-09 16:59:21 follower.py:191 follower_left SOFollower read wrist: 0.0ms
DEBUG 2026-06-09 16:59:21 t_client.py:198 Observation serialization time: 0.008477s
DEBUG 2026-06-09 16:59:21 ort/utils.py:54 [CLIENT] Observation Buffer size 4.39546012878418 MB with
DEBUG 2026-06-09 16:59:21 ort/utils.py:69 [CLIENT] Observation Sent 2097152/4608974 bytes with state 1
DEBUG 2026-06-09 16:59:21 ort/utils.py:69 [CLIENT] Observation Sent 4194304/4608974 bytes with state 2
DEBUG 2026-06-09 16:59:21 ort/utils.py:69 [CLIENT] Observation Sent 4608974/4608974 bytes with state 3
DEBUG 2026-06-09 16:59:21 ort/utils.py:71 [CLIENT] Observation Published 4.39546012878418 MB
DEBUG 2026-06-09 16:59:21 t_client.py:209 Sent observation #428 | 
DEBUG 2026-06-09 16:59:21 t_client.py:434 QUEUE SIZE: 8 (Must go: False)
DEBUG 2026-06-09 16:59:21 t_client.py:477 Control loop (ms): 107.64
DEBUG 2026-06-09 16:59:21 follower.py:184 follower_right SOFollower read state: 2.2ms
DEBUG 2026-06-09 16:59:21 follower.py:191 follower_right SOFollower read wrist: 0.0ms
DEBUG 2026-06-09 16:59:21 follower.py:184 follower_left SOFollower read state: 1.5ms
DEBUG 2026-06-09 16:59:21 follower.py:191 follower_left SOFollower read wrist: 0.0ms
DEBUG 2026-06-09 16:59:21 t_client.py:198 Observation serialization time: 0.003736s
DEBUG 2026-06-09 16:59:21 ort/utils.py:54 [CLIENT] Observation Buffer size 4.39546012878418 MB with
DEBUG 2026-06-09 16:59:21 ort/utils.py:69 [CLIENT] Observation Sent 2097152/4608974 bytes with state 1
DEBUG 2026-06-09 16:59:21 ort/utils.py:69 [CLIENT] Observation Sent 4194304/4608974 bytes with state 2
DEBUG 2026-06-09 16:59:21 ort/utils.py:69 [CLIENT] Observation Sent 4608974/4608974 bytes with state 3
DEBUG 2026-06-09 16:59:21 ort/utils.py:71 [CLIENT] Observation Published 4.39546012878418 MB
DEBUG 2026-06-09 16:59:21 t_client.py:292 Received actions on device: cpu
DEBUG 2026-06-09 16:59:21 t_client.py:302 Actions kept on device: cpu
DEBUG 2026-06-09 16:59:21 t_client.py:209 Sent observation #429 | 
DEBUG 2026-06-09 16:59:21 t_client.py:434 QUEUE SIZE: 7 (Must go: False)
DEBUG 2026-06-09 16:59:21 t_client.py:477 Control loop (ms): 104.69
DEBUG 2026-06-09 16:59:21 t_client.py:477 Control loop (ms): 1.18
DEBUG 2026-06-09 16:59:21 t_client.py:477 Control loop (ms): 1.99
DEBUG 2026-06-09 16:59:21 t_client.py:477 Control loop (ms): 1.50
DEBUG 2026-06-09 16:59:21 t_client.py:292 Received actions on device: cpu
DEBUG 2026-06-09 16:59:21 t_client.py:302 Actions kept on device: cpu
DEBUG 2026-06-09 16:59:21 t_client.py:477 Control loop (ms): 1.20
DEBUG 2026-06-09 16:59:21 t_client.py:477 Control loop (ms): 2.47
DEBUG 2026-06-09 16:59:21 t_client.py:477 Control loop (ms): 1.68
DEBUG 2026-06-09 16:59:21 follower.py:184 follower_right SOFollower read state: 2.1ms
DEBUG 2026-06-09 16:59:21 follower.py:191 follower_right SOFollower read wrist: 0.0ms
DEBUG 2026-06-09 16:59:21 follower.py:184 follower_left SOFollower read state: 2.1ms
DEBUG 2026-06-09 16:59:21 follower.py:191 follower_left SOFollower read wrist: 0.0ms
DEBUG 2026-06-09 16:59:21 t_client.py:198 Observation serialization time: 0.010770s
DEBUG 2026-06-09 16:59:21 ort/utils.py:54 [CLIENT] Observation Buffer size 4.39546012878418 MB with
DEBUG 2026-06-09 16:59:21 ort/utils.py:69 [CLIENT] Observation Sent 2097152/4608974 bytes with state 1
DEBUG 2026-06-09 16:59:21 ort/utils.py:69 [CLIENT] Observation Sent 4194304/4608974 bytes with state 2
DEBUG 2026-06-09 16:59:21 ort/utils.py:69 [CLIENT] Observation Sent 4608974/4608974 bytes with state 3
DEBUG 2026-06-09 16:59:21 ort/utils.py:71 [CLIENT] Observation Published 4.39546012878418 MB
DEBUG 2026-06-09 16:59:21 t_client.py:209 Sent observation #436 | 
DEBUG 2026-06-09 16:59:21 t_client.py:434 QUEUE SIZE: 8 (Must go: False)
DEBUG 2026-06-09 16:59:21 t_client.py:477 Control loop (ms): 127.66
DEBUG 2026-06-09 16:59:21 follower.py:184 follower_right SOFollower read state: 1.8ms
DEBUG 2026-06-09 16:59:21 follower.py:191 follower_right SOFollower read wrist: 0.0ms
DEBUG 2026-06-09 16:59:21 follower.py:184 follower_left SOFollower read state: 1.7ms
DEBUG 2026-06-09 16:59:21 follower.py:191 follower_left SOFollower read wrist: 0.0ms
DEBUG 2026-06-09 16:59:21 t_client.py:198 Observation serialization time: 0.004686s
DEBUG 2026-06-09 16:59:21 ort/utils.py:54 [CLIENT] Observation Buffer size 4.39546012878418 MB with
DEBUG 2026-06-09 16:59:21 ort/utils.py:69 [CLIENT] Observation Sent 2097152/4608974 bytes with state 1
DEBUG 2026-06-09 16:59:21 ort/utils.py:69 [CLIENT] Observation Sent 4194304/4608974 bytes with state 2
DEBUG 2026-06-09 16:59:21 ort/utils.py:69 [CLIENT] Observation Sent 4608974/4608974 bytes with state 3
DEBUG 2026-06-09 16:59:21 ort/utils.py:71 [CLIENT] Observation Published 4.39546012878418 MB
DEBUG 2026-06-09 16:59:21 t_client.py:209 Sent observation #437 | 
DEBUG 2026-06-09 16:59:21 t_client.py:434 QUEUE SIZE: 7 (Must go: False)
DEBUG 2026-06-09 16:59:21 t_client.py:477 Control loop (ms): 123.18
DEBUG 2026-06-09 16:59:21 follower.py:184 follower_right SOFollower read state: 5.0ms
DEBUG 2026-06-09 16:59:21 follower.py:191 follower_right SOFollower read wrist: 0.0ms
DEBUG 2026-06-09 16:59:21 follower.py:184 follower_left SOFollower read state: 4.5ms
DEBUG 2026-06-09 16:59:21 follower.py:191 follower_left SOFollower read wrist: 0.0ms
DEBUG 2026-06-09 16:59:22 t_client.py:198 Observation serialization time: 0.008709s
DEBUG 2026-06-09 16:59:22 ort/utils.py:54 [CLIENT] Observation Buffer size 4.39546012878418 MB with
DEBUG 2026-06-09 16:59:22 t_client.py:292 Received actions on device: cpu
DEBUG 2026-06-09 16:59:22 t_client.py:302 Actions kept on device: cpu
DEBUG 2026-06-09 16:59:22 ort/utils.py:69 [CLIENT] Observation Sent 2097152/4608974 bytes with state 1
DEBUG 2026-06-09 16:59:22 ort/utils.py:69 [CLIENT] Observation Sent 4194304/4608974 bytes with state 2
DEBUG 2026-06-09 16:59:22 ort/utils.py:69 [CLIENT] Observation Sent 4608974/4608974 bytes with state 3
DEBUG 2026-06-09 16:59:22 ort/utils.py:71 [CLIENT] Observation Published 4.39546012878418 MB
DEBUG 2026-06-09 16:59:22 t_client.py:209 Sent observation #438 | 
DEBUG 2026-06-09 16:59:22 t_client.py:434 QUEUE SIZE: 6 (Must go: False)
DEBUG 2026-06-09 16:59:22 t_client.py:477 Control loop (ms): 149.40
DEBUG 2026-06-09 16:59:22 t_client.py:477 Control loop (ms): 2.40
DEBUG 2026-06-09 16:59:22 t_client.py:477 Control loop (ms): 1.71
DEBUG 2026-06-09 16:59:22 t_client.py:477 Control loop (ms): 1.91
DEBUG 2026-06-09 16:59:22 t_client.py:292 Received actions on device: cpu
DEBUG 2026-06-09 16:59:22 t_client.py:302 Actions kept on device: cpu
DEBUG 2026-06-09 16:59:22 t_client.py:477 Control loop (ms): 1.04
DEBUG 2026-06-09 16:59:22 t_client.py:477 Control loop (ms): 1.93
DEBUG 2026-06-09 16:59:22 follower.py:184 follower_right SOFollower read state: 1.9ms
DEBUG 2026-06-09 16:59:22 follower.py:191 follower_right SOFollower read wrist: 0.0ms
DEBUG 2026-06-09 16:59:22 follower.py:184 follower_left SOFollower read state: 1.7ms
DEBUG 2026-06-09 16:59:22 follower.py:191 follower_left SOFollower read wrist: 0.0ms
DEBUG 2026-06-09 16:59:22 t_client.py:198 Observation serialization time: 0.009639s
DEBUG 2026-06-09 16:59:22 ort/utils.py:54 [CLIENT] Observation Buffer size 4.39546012878418 MB with
DEBUG 2026-06-09 16:59:22 t_client.py:292 Received actions on device: cpu
DEBUG 2026-06-09 16:59:22 t_client.py:302 Actions kept on device: cpu
DEBUG 2026-06-09 16:59:22 ort/utils.py:69 [CLIENT] Observation Sent 2097152/4608974 bytes with state 1
DEBUG 2026-06-09 16:59:22 ort/utils.py:69 [CLIENT] Observation Sent 4194304/4608974 bytes with state 2
DEBUG 2026-06-09 16:59:22 ort/utils.py:69 [CLIENT] Observation Sent 4608974/4608974 bytes with state 3
DEBUG 2026-06-09 16:59:22 ort/utils.py:71 [CLIENT] Observation Published 4.39546012878418 MB
DEBUG 2026-06-09 16:59:22 t_client.py:209 Sent observation #444 | 
DEBUG 2026-06-09 16:59:22 t_client.py:434 QUEUE SIZE: 8 (Must go: False)
DEBUG 2026-06-09 16:59:22 t_client.py:477 Control loop (ms): 114.82
DEBUG 2026-06-09 16:59:22 follower.py:184 follower_right SOFollower read state: 2.2ms
DEBUG 2026-06-09 16:59:22 follower.py:191 follower_right SOFollower read wrist: 0.0ms
DEBUG 2026-06-09 16:59:22 follower.py:184 follower_left SOFollower read state: 1.9ms
DEBUG 2026-06-09 16:59:22 follower.py:191 follower_left SOFollower read wrist: 0.0ms
DEBUG 2026-06-09 16:59:22 t_client.py:198 Observation serialization time: 0.010620s
DEBUG 2026-06-09 16:59:22 ort/utils.py:54 [CLIENT] Observation Buffer size 4.39546012878418 MB with
DEBUG 2026-06-09 16:59:22 ort/utils.py:69 [CLIENT] Observation Sent 2097152/4608974 bytes with state 1
DEBUG 2026-06-09 16:59:22 ort/utils.py:69 [CLIENT] Observation Sent 4194304/4608974 bytes with state 2
DEBUG 2026-06-09 16:59:22 ort/utils.py:69 [CLIENT] Observation Sent 4608974/4608974 bytes with state 3
DEBUG 2026-06-09 16:59:22 ort/utils.py:71 [CLIENT] Observation Published 4.39546012878418 MB
DEBUG 2026-06-09 16:59:22 t_client.py:292 Received actions on device: cpu
DEBUG 2026-06-09 16:59:22 t_client.py:302 Actions kept on device: cpu
DEBUG 2026-06-09 16:59:22 t_client.py:209 Sent observation #445 | 
DEBUG 2026-06-09 16:59:22 t_client.py:434 QUEUE SIZE: 8 (Must go: False)
DEBUG 2026-06-09 16:59:22 t_client.py:477 Control loop (ms): 118.27
DEBUG 2026-06-09 16:59:22 t_client.py:477 Control loop (ms): 2.37
DEBUG 2026-06-09 16:59:22 t_client.py:477 Control loop (ms): 1.79
DEBUG 2026-06-09 16:59:22 t_client.py:477 Control loop (ms): 1.30
DEBUG 2026-06-09 16:59:22 t_client.py:292 Received actions on device: cpu
DEBUG 2026-06-09 16:59:22 t_client.py:302 Actions kept on device: cpu
DEBUG 2026-06-09 16:59:22 t_client.py:477 Control loop (ms): 1.70
DEBUG 2026-06-09 16:59:22 t_client.py:477 Control loop (ms): 1.70
DEBUG 2026-06-09 16:59:22 t_client.py:477 Control loop (ms): 1.92
DEBUG 2026-06-09 16:59:22 follower.py:184 follower_right SOFollower read state: 1.9ms
DEBUG 2026-06-09 16:59:22 follower.py:191 follower_right SOFollower read wrist: 0.0ms
DEBUG 2026-06-09 16:59:22 follower.py:184 follower_left SOFollower read state: 1.7ms
DEBUG 2026-06-09 16:59:22 follower.py:191 follower_left SOFollower read wrist: 0.0ms
DEBUG 2026-06-09 16:59:22 t_client.py:198 Observation serialization time: 0.007882s
DEBUG 2026-06-09 16:59:22 ort/utils.py:54 [CLIENT] Observation Buffer size 4.39546012878418 MB with
DEBUG 2026-06-09 16:59:22 ort/utils.py:69 [CLIENT] Observation Sent 2097152/4608974 bytes with state 1
DEBUG 2026-06-09 16:59:22 ort/utils.py:69 [CLIENT] Observation Sent 4194304/4608974 bytes with state 2
DEBUG 2026-06-09 16:59:22 ort/utils.py:69 [CLIENT] Observation Sent 4608974/4608974 bytes with state 3
DEBUG 2026-06-09 16:59:22 ort/utils.py:71 [CLIENT] Observation Published 4.39546012878418 MB
DEBUG 2026-06-09 16:59:22 t_client.py:209 Sent observation #452 | 
DEBUG 2026-06-09 16:59:22 t_client.py:434 QUEUE SIZE: 8 (Must go: False)
DEBUG 2026-06-09 16:59:22 t_client.py:477 Control loop (ms): 103.18
DEBUG 2026-06-09 16:59:22 follower.py:184 follower_right SOFollower read state: 2.3ms
DEBUG 2026-06-09 16:59:22 follower.py:191 follower_right SOFollower read wrist: 0.0ms
DEBUG 2026-06-09 16:59:22 follower.py:184 follower_left SOFollower read state: 2.2ms
DEBUG 2026-06-09 16:59:22 follower.py:191 follower_left SOFollower read wrist: 0.0ms
DEBUG 2026-06-09 16:59:22 t_client.py:198 Observation serialization time: 0.009848s
DEBUG 2026-06-09 16:59:22 ort/utils.py:54 [CLIENT] Observation Buffer size 4.39546012878418 MB with
DEBUG 2026-06-09 16:59:22 ort/utils.py:69 [CLIENT] Observation Sent 2097152/4608974 bytes with state 1
DEBUG 2026-06-09 16:59:22 ort/utils.py:69 [CLIENT] Observation Sent 4194304/4608974 bytes with state 2
DEBUG 2026-06-09 16:59:22 ort/utils.py:69 [CLIENT] Observation Sent 4608974/4608974 bytes with state 3
DEBUG 2026-06-09 16:59:22 ort/utils.py:71 [CLIENT] Observation Published 4.39546012878418 MB
DEBUG 2026-06-09 16:59:22 t_client.py:292 Received actions on device: cpu
DEBUG 2026-06-09 16:59:22 t_client.py:302 Actions kept on device: cpu
DEBUG 2026-06-09 16:59:22 t_client.py:209 Sent observation #453 | 
DEBUG 2026-06-09 16:59:22 t_client.py:434 QUEUE SIZE: 7 (Must go: False)
DEBUG 2026-06-09 16:59:22 t_client.py:477 Control loop (ms): 103.37
DEBUG 2026-06-09 16:59:22 t_client.py:477 Control loop (ms): 1.11
DEBUG 2026-06-09 16:59:22 t_client.py:477 Control loop (ms): 1.94
DEBUG 2026-06-09 16:59:23 t_client.py:477 Control loop (ms): 1.65
DEBUG 2026-06-09 16:59:23 t_client.py:292 Received actions on device: cpu
DEBUG 2026-06-09 16:59:23 t_client.py:302 Actions kept on device: cpu
DEBUG 2026-06-09 16:59:23 t_client.py:477 Control loop (ms): 2.64
DEBUG 2026-06-09 16:59:23 t_client.py:477 Control loop (ms): 1.87
DEBUG 2026-06-09 16:59:23 t_client.py:477 Control loop (ms): 1.86
DEBUG 2026-06-09 16:59:23 t_client.py:477 Control loop (ms): 1.82
DEBUG 2026-06-09 16:59:23 follower.py:184 follower_right SOFollower read state: 2.2ms
DEBUG 2026-06-09 16:59:23 follower.py:191 follower_right SOFollower read wrist: 0.0ms
DEBUG 2026-06-09 16:59:23 follower.py:184 follower_left SOFollower read state: 1.8ms
DEBUG 2026-06-09 16:59:23 follower.py:191 follower_left SOFollower read wrist: 0.0ms
DEBUG 2026-06-09 16:59:23 t_client.py:198 Observation serialization time: 0.008201s
DEBUG 2026-06-09 16:59:23 ort/utils.py:54 [CLIENT] Observation Buffer size 4.39546012878418 MB with
DEBUG 2026-06-09 16:59:23 ort/utils.py:69 [CLIENT] Observation Sent 2097152/4608974 bytes with state 1
DEBUG 2026-06-09 16:59:23 ort/utils.py:69 [CLIENT] Observation Sent 4194304/4608974 bytes with state 2
DEBUG 2026-06-09 16:59:23 ort/utils.py:69 [CLIENT] Observation Sent 4608974/4608974 bytes with state 3
DEBUG 2026-06-09 16:59:23 ort/utils.py:71 [CLIENT] Observation Published 4.39546012878418 MB
DEBUG 2026-06-09 16:59:23 t_client.py:209 Sent observation #460 | 
DEBUG 2026-06-09 16:59:23 t_client.py:434 QUEUE SIZE: 8 (Must go: False)
DEBUG 2026-06-09 16:59:23 t_client.py:477 Control loop (ms): 101.00
DEBUG 2026-06-09 16:59:23 follower.py:184 follower_right SOFollower read state: 2.3ms
DEBUG 2026-06-09 16:59:23 follower.py:191 follower_right SOFollower read wrist: 0.0ms
DEBUG 2026-06-09 16:59:23 follower.py:184 follower_left SOFollower read state: 2.1ms
DEBUG 2026-06-09 16:59:23 follower.py:191 follower_left SOFollower read wrist: 0.0ms
DEBUG 2026-06-09 16:59:23 t_client.py:198 Observation serialization time: 0.007397s
DEBUG 2026-06-09 16:59:23 ort/utils.py:54 [CLIENT] Observation Buffer size 4.39546012878418 MB with
DEBUG 2026-06-09 16:59:23 ort/utils.py:69 [CLIENT] Observation Sent 2097152/4608974 bytes with state 1
DEBUG 2026-06-09 16:59:23 ort/utils.py:69 [CLIENT] Observation Sent 4194304/4608974 bytes with state 2
DEBUG 2026-06-09 16:59:23 ort/utils.py:69 [CLIENT] Observation Sent 4608974/4608974 bytes with state 3
DEBUG 2026-06-09 16:59:23 ort/utils.py:71 [CLIENT] Observation Published 4.39546012878418 MB
DEBUG 2026-06-09 16:59:23 t_client.py:292 Received actions on device: cpu
DEBUG 2026-06-09 16:59:23 t_client.py:302 Actions kept on device: cpu
DEBUG 2026-06-09 16:59:23 t_client.py:209 Sent observation #461 | 
DEBUG 2026-06-09 16:59:23 t_client.py:434 QUEUE SIZE: 7 (Must go: False)
DEBUG 2026-06-09 16:59:23 t_client.py:477 Control loop (ms): 137.73
DEBUG 2026-06-09 16:59:23 t_client.py:477 Control loop (ms): 1.55
DEBUG 2026-06-09 16:59:23 t_client.py:477 Control loop (ms): 2.19
DEBUG 2026-06-09 16:59:23 t_client.py:477 Control loop (ms): 1.86
DEBUG 2026-06-09 16:59:23 t_client.py:292 Received actions on device: cpu
DEBUG 2026-06-09 16:59:23 t_client.py:302 Actions kept on device: cpu
DEBUG 2026-06-09 16:59:23 t_client.py:477 Control loop (ms): 0.87
DEBUG 2026-06-09 16:59:23 t_client.py:477 Control loop (ms): 2.03
DEBUG 2026-06-09 16:59:23 t_client.py:477 Control loop (ms): 1.45
DEBUG 2026-06-09 16:59:23 follower.py:184 follower_right SOFollower read state: 2.2ms
DEBUG 2026-06-09 16:59:23 follower.py:191 follower_right SOFollower read wrist: 0.0ms
DEBUG 2026-06-09 16:59:23 follower.py:184 follower_left SOFollower read state: 2.0ms
DEBUG 2026-06-09 16:59:23 follower.py:191 follower_left SOFollower read wrist: 0.0ms
DEBUG 2026-06-09 16:59:23 t_client.py:198 Observation serialization time: 0.006412s
DEBUG 2026-06-09 16:59:23 ort/utils.py:54 [CLIENT] Observation Buffer size 4.39546012878418 MB with
DEBUG 2026-06-09 16:59:23 ort/utils.py:69 [CLIENT] Observation Sent 2097152/4608974 bytes with state 1
DEBUG 2026-06-09 16:59:23 ort/utils.py:69 [CLIENT] Observation Sent 4194304/4608974 bytes with state 2
DEBUG 2026-06-09 16:59:23 ort/utils.py:69 [CLIENT] Observation Sent 4608974/4608974 bytes with state 3
DEBUG 2026-06-09 16:59:23 ort/utils.py:71 [CLIENT] Observation Published 4.39546012878418 MB
DEBUG 2026-06-09 16:59:23 t_client.py:209 Sent observation #468 | 
DEBUG 2026-06-09 16:59:23 t_client.py:434 QUEUE SIZE: 8 (Must go: False)
DEBUG 2026-06-09 16:59:23 t_client.py:477 Control loop (ms): 145.20
DEBUG 2026-06-09 16:59:23 follower.py:184 follower_right SOFollower read state: 1.8ms
DEBUG 2026-06-09 16:59:23 follower.py:191 follower_right SOFollower read wrist: 0.0ms
DEBUG 2026-06-09 16:59:23 follower.py:184 follower_left SOFollower read state: 1.9ms
DEBUG 2026-06-09 16:59:23 follower.py:191 follower_left SOFollower read wrist: 0.0ms
DEBUG 2026-06-09 16:59:23 t_client.py:198 Observation serialization time: 0.007224s
DEBUG 2026-06-09 16:59:23 ort/utils.py:54 [CLIENT] Observation Buffer size 4.39546012878418 MB with
DEBUG 2026-06-09 16:59:23 ort/utils.py:69 [CLIENT] Observation Sent 2097152/4608974 bytes with state 1
DEBUG 2026-06-09 16:59:23 ort/utils.py:69 [CLIENT] Observation Sent 4194304/4608974 bytes with state 2
DEBUG 2026-06-09 16:59:23 ort/utils.py:69 [CLIENT] Observation Sent 4608974/4608974 bytes with state 3
DEBUG 2026-06-09 16:59:23 ort/utils.py:71 [CLIENT] Observation Published 4.39546012878418 MB
DEBUG 2026-06-09 16:59:23 t_client.py:292 Received actions on device: cpu
DEBUG 2026-06-09 16:59:23 t_client.py:302 Actions kept on device: cpu
DEBUG 2026-06-09 16:59:23 t_client.py:209 Sent observation #469 | 
DEBUG 2026-06-09 16:59:23 t_client.py:434 QUEUE SIZE: 7 (Must go: False)
DEBUG 2026-06-09 16:59:23 t_client.py:477 Control loop (ms): 162.27
DEBUG 2026-06-09 16:59:23 t_client.py:477 Control loop (ms): 1.73
DEBUG 2026-06-09 16:59:23 t_client.py:477 Control loop (ms): 2.44
DEBUG 2026-06-09 16:59:23 t_client.py:477 Control loop (ms): 2.14
DEBUG 2026-06-09 16:59:24 t_client.py:292 Received actions on device: cpu
DEBUG 2026-06-09 16:59:24 t_client.py:302 Actions kept on device: cpu
DEBUG 2026-06-09 16:59:24 t_client.py:477 Control loop (ms): 1.56
DEBUG 2026-06-09 16:59:24 t_client.py:477 Control loop (ms): 1.63
DEBUG 2026-06-09 16:59:24 t_client.py:477 Control loop (ms): 1.92
DEBUG 2026-06-09 16:59:24 follower.py:184 follower_right SOFollower read state: 2.3ms
DEBUG 2026-06-09 16:59:24 follower.py:191 follower_right SOFollower read wrist: 0.0ms
DEBUG 2026-06-09 16:59:24 follower.py:184 follower_left SOFollower read state: 2.5ms
DEBUG 2026-06-09 16:59:24 follower.py:191 follower_left SOFollower read wrist: 0.1ms
DEBUG 2026-06-09 16:59:24 t_client.py:198 Observation serialization time: 0.008476s
DEBUG 2026-06-09 16:59:24 ort/utils.py:54 [CLIENT] Observation Buffer size 4.39546012878418 MB with
DEBUG 2026-06-09 16:59:24 ort/utils.py:69 [CLIENT] Observation Sent 2097152/4608974 bytes with state 1
DEBUG 2026-06-09 16:59:24 ort/utils.py:69 [CLIENT] Observation Sent 4194304/4608974 bytes with state 2
DEBUG 2026-06-09 16:59:24 ort/utils.py:69 [CLIENT] Observation Sent 4608974/4608974 bytes with state 3
DEBUG 2026-06-09 16:59:24 ort/utils.py:71 [CLIENT] Observation Published 4.39546012878418 MB
DEBUG 2026-06-09 16:59:24 t_client.py:209 Sent observation #476 | 
DEBUG 2026-06-09 16:59:24 t_client.py:434 QUEUE SIZE: 8 (Must go: False)
DEBUG 2026-06-09 16:59:24 t_client.py:477 Control loop (ms): 135.27
DEBUG 2026-06-09 16:59:24 follower.py:184 follower_right SOFollower read state: 1.9ms
DEBUG 2026-06-09 16:59:24 follower.py:191 follower_right SOFollower read wrist: 0.0ms
DEBUG 2026-06-09 16:59:24 follower.py:184 follower_left SOFollower read state: 1.7ms
DEBUG 2026-06-09 16:59:24 follower.py:191 follower_left SOFollower read wrist: 0.0ms
DEBUG 2026-06-09 16:59:24 t_client.py:198 Observation serialization time: 0.007400s
DEBUG 2026-06-09 16:59:24 ort/utils.py:54 [CLIENT] Observation Buffer size 4.39546012878418 MB with
DEBUG 2026-06-09 16:59:24 ort/utils.py:69 [CLIENT] Observation Sent 2097152/4608974 bytes with state 1
DEBUG 2026-06-09 16:59:24 ort/utils.py:69 [CLIENT] Observation Sent 4194304/4608974 bytes with state 2
DEBUG 2026-06-09 16:59:24 ort/utils.py:69 [CLIENT] Observation Sent 4608974/4608974 bytes with state 3
DEBUG 2026-06-09 16:59:24 ort/utils.py:71 [CLIENT] Observation Published 4.39546012878418 MB
DEBUG 2026-06-09 16:59:24 t_client.py:292 Received actions on device: cpu
DEBUG 2026-06-09 16:59:24 t_client.py:302 Actions kept on device: cpu
DEBUG 2026-06-09 16:59:24 t_client.py:209 Sent observation #477 | 
DEBUG 2026-06-09 16:59:24 t_client.py:434 QUEUE SIZE: 7 (Must go: False)
DEBUG 2026-06-09 16:59:24 t_client.py:477 Control loop (ms): 145.05
DEBUG 2026-06-09 16:59:24 t_client.py:477 Control loop (ms): 1.00
DEBUG 2026-06-09 16:59:24 t_client.py:477 Control loop (ms): 1.60
DEBUG 2026-06-09 16:59:24 t_client.py:477 Control loop (ms): 1.84
DEBUG 2026-06-09 16:59:24 t_client.py:292 Received actions on device: cpu
DEBUG 2026-06-09 16:59:24 t_client.py:302 Actions kept on device: cpu
DEBUG 2026-06-09 16:59:24 t_client.py:477 Control loop (ms): 1.61
DEBUG 2026-06-09 16:59:24 t_client.py:477 Control loop (ms): 2.00
DEBUG 2026-06-09 16:59:24 t_client.py:477 Control loop (ms): 1.80
DEBUG 2026-06-09 16:59:24 follower.py:184 follower_right SOFollower read state: 2.3ms
DEBUG 2026-06-09 16:59:24 follower.py:191 follower_right SOFollower read wrist: 0.1ms
DEBUG 2026-06-09 16:59:24 follower.py:184 follower_left SOFollower read state: 2.3ms
DEBUG 2026-06-09 16:59:24 follower.py:191 follower_left SOFollower read wrist: 0.0ms
DEBUG 2026-06-09 16:59:24 t_client.py:198 Observation serialization time: 0.010485s
DEBUG 2026-06-09 16:59:24 ort/utils.py:54 [CLIENT] Observation Buffer size 4.39546012878418 MB with
DEBUG 2026-06-09 16:59:24 ort/utils.py:69 [CLIENT] Observation Sent 2097152/4608974 bytes with state 1
DEBUG 2026-06-09 16:59:24 ort/utils.py:69 [CLIENT] Observation Sent 4194304/4608974 bytes with state 2
DEBUG 2026-06-09 16:59:24 ort/utils.py:69 [CLIENT] Observation Sent 4608974/4608974 bytes with state 3
DEBUG 2026-06-09 16:59:24 ort/utils.py:71 [CLIENT] Observation Published 4.39546012878418 MB
DEBUG 2026-06-09 16:59:24 t_client.py:209 Sent observation #484 | 
DEBUG 2026-06-09 16:59:24 t_client.py:434 QUEUE SIZE: 8 (Must go: False)
DEBUG 2026-06-09 16:59:24 t_client.py:477 Control loop (ms): 135.84
DEBUG 2026-06-09 16:59:24 follower.py:184 follower_right SOFollower read state: 1.9ms
DEBUG 2026-06-09 16:59:24 follower.py:191 follower_right SOFollower read wrist: 0.0ms
DEBUG 2026-06-09 16:59:24 follower.py:184 follower_left SOFollower read state: 1.7ms
DEBUG 2026-06-09 16:59:24 follower.py:191 follower_left SOFollower read wrist: 0.0ms
DEBUG 2026-06-09 16:59:24 t_client.py:198 Observation serialization time: 0.008326s
DEBUG 2026-06-09 16:59:24 ort/utils.py:54 [CLIENT] Observation Buffer size 4.39546012878418 MB with
DEBUG 2026-06-09 16:59:24 ort/utils.py:69 [CLIENT] Observation Sent 2097152/4608974 bytes with state 1
DEBUG 2026-06-09 16:59:24 ort/utils.py:69 [CLIENT] Observation Sent 4194304/4608974 bytes with state 2
DEBUG 2026-06-09 16:59:24 ort/utils.py:69 [CLIENT] Observation Sent 4608974/4608974 bytes with state 3
DEBUG 2026-06-09 16:59:24 ort/utils.py:71 [CLIENT] Observation Published 4.39546012878418 MB
DEBUG 2026-06-09 16:59:24 t_client.py:292 Received actions on device: cpu
DEBUG 2026-06-09 16:59:24 t_client.py:302 Actions kept on device: cpu
DEBUG 2026-06-09 16:59:24 t_client.py:209 Sent observation #485 | 
DEBUG 2026-06-09 16:59:24 t_client.py:434 QUEUE SIZE: 7 (Must go: False)
DEBUG 2026-06-09 16:59:24 t_client.py:477 Control loop (ms): 119.91
DEBUG 2026-06-09 16:59:24 t_client.py:477 Control loop (ms): 1.43
DEBUG 2026-06-09 16:59:24 t_client.py:477 Control loop (ms): 1.69
DEBUG 2026-06-09 16:59:24 t_client.py:477 Control loop (ms): 2.10
DEBUG 2026-06-09 16:59:24 t_client.py:292 Received actions on device: cpu
DEBUG 2026-06-09 16:59:24 t_client.py:302 Actions kept on device: cpu
DEBUG 2026-06-09 16:59:24 t_client.py:477 Control loop (ms): 1.17
DEBUG 2026-06-09 16:59:24 t_client.py:477 Control loop (ms): 1.96
DEBUG 2026-06-09 16:59:25 t_client.py:477 Control loop (ms): 1.52
DEBUG 2026-06-09 16:59:25 follower.py:184 follower_right SOFollower read state: 2.0ms
DEBUG 2026-06-09 16:59:25 follower.py:191 follower_right SOFollower read wrist: 0.0ms
DEBUG 2026-06-09 16:59:25 follower.py:184 follower_left SOFollower read state: 1.8ms
DEBUG 2026-06-09 16:59:25 follower.py:191 follower_left SOFollower read wrist: 0.0ms
DEBUG 2026-06-09 16:59:25 t_client.py:198 Observation serialization time: 0.009806s
DEBUG 2026-06-09 16:59:25 ort/utils.py:54 [CLIENT] Observation Buffer size 4.39546012878418 MB with
DEBUG 2026-06-09 16:59:25 ort/utils.py:69 [CLIENT] Observation Sent 2097152/4608974 bytes with state 1
DEBUG 2026-06-09 16:59:25 ort/utils.py:69 [CLIENT] Observation Sent 4194304/4608974 bytes with state 2
DEBUG 2026-06-09 16:59:25 ort/utils.py:69 [CLIENT] Observation Sent 4608974/4608974 bytes with state 3
DEBUG 2026-06-09 16:59:25 ort/utils.py:71 [CLIENT] Observation Published 4.39546012878418 MB
DEBUG 2026-06-09 16:59:25 t_client.py:209 Sent observation #492 | 
DEBUG 2026-06-09 16:59:25 t_client.py:434 QUEUE SIZE: 8 (Must go: False)
DEBUG 2026-06-09 16:59:25 t_client.py:477 Control loop (ms): 108.98
DEBUG 2026-06-09 16:59:25 follower.py:184 follower_right SOFollower read state: 1.7ms
DEBUG 2026-06-09 16:59:25 follower.py:191 follower_right SOFollower read wrist: 0.0ms
DEBUG 2026-06-09 16:59:25 follower.py:184 follower_left SOFollower read state: 1.7ms
DEBUG 2026-06-09 16:59:25 follower.py:191 follower_left SOFollower read wrist: 0.1ms
DEBUG 2026-06-09 16:59:25 t_client.py:198 Observation serialization time: 0.007404s
DEBUG 2026-06-09 16:59:25 ort/utils.py:54 [CLIENT] Observation Buffer size 4.39546012878418 MB with
DEBUG 2026-06-09 16:59:25 ort/utils.py:69 [CLIENT] Observation Sent 2097152/4608974 bytes with state 1
DEBUG 2026-06-09 16:59:25 ort/utils.py:69 [CLIENT] Observation Sent 4194304/4608974 bytes with state 2
DEBUG 2026-06-09 16:59:25 ort/utils.py:69 [CLIENT] Observation Sent 4608974/4608974 bytes with state 3
DEBUG 2026-06-09 16:59:25 ort/utils.py:71 [CLIENT] Observation Published 4.39546012878418 MB
DEBUG 2026-06-09 16:59:25 t_client.py:292 Received actions on device: cpu
DEBUG 2026-06-09 16:59:25 t_client.py:302 Actions kept on device: cpu
DEBUG 2026-06-09 16:59:25 t_client.py:209 Sent observation #493 | 
DEBUG 2026-06-09 16:59:25 t_client.py:434 QUEUE SIZE: 7 (Must go: False)
DEBUG 2026-06-09 16:59:25 t_client.py:477 Control loop (ms): 127.84
DEBUG 2026-06-09 16:59:25 t_client.py:477 Control loop (ms): 1.82
DEBUG 2026-06-09 16:59:25 t_client.py:477 Control loop (ms): 2.14
DEBUG 2026-06-09 16:59:25 t_client.py:477 Control loop (ms): 2.11
DEBUG 2026-06-09 16:59:25 t_client.py:292 Received actions on device: cpu
DEBUG 2026-06-09 16:59:25 t_client.py:302 Actions kept on device: cpu
DEBUG 2026-06-09 16:59:25 t_client.py:477 Control loop (ms): 2.25
DEBUG 2026-06-09 16:59:25 t_client.py:477 Control loop (ms): 2.08
DEBUG 2026-06-09 16:59:25 t_client.py:477 Control loop (ms): 2.46
DEBUG 2026-06-09 16:59:25 follower.py:184 follower_right SOFollower read state: 2.2ms
DEBUG 2026-06-09 16:59:25 follower.py:191 follower_right SOFollower read wrist: 0.0ms
DEBUG 2026-06-09 16:59:25 follower.py:184 follower_left SOFollower read state: 2.3ms
DEBUG 2026-06-09 16:59:25 follower.py:191 follower_left SOFollower read wrist: 0.0ms
DEBUG 2026-06-09 16:59:25 t_client.py:198 Observation serialization time: 0.011742s
DEBUG 2026-06-09 16:59:25 ort/utils.py:54 [CLIENT] Observation Buffer size 4.39546012878418 MB with
DEBUG 2026-06-09 16:59:25 ort/utils.py:69 [CLIENT] Observation Sent 2097152/4608974 bytes with state 1
DEBUG 2026-06-09 16:59:25 ort/utils.py:69 [CLIENT] Observation Sent 4194304/4608974 bytes with state 2
DEBUG 2026-06-09 16:59:25 ort/utils.py:69 [CLIENT] Observation Sent 4608974/4608974 bytes with state 3
DEBUG 2026-06-09 16:59:25 ort/utils.py:71 [CLIENT] Observation Published 4.39546012878418 MB
DEBUG 2026-06-09 16:59:25 t_client.py:209 Sent observation #500 | 
DEBUG 2026-06-09 16:59:25 t_client.py:434 QUEUE SIZE: 8 (Must go: False)
DEBUG 2026-06-09 16:59:25 t_client.py:477 Control loop (ms): 122.71
DEBUG 2026-06-09 16:59:25 follower.py:184 follower_right SOFollower read state: 1.6ms
DEBUG 2026-06-09 16:59:25 follower.py:191 follower_right SOFollower read wrist: 0.0ms
DEBUG 2026-06-09 16:59:25 follower.py:184 follower_left SOFollower read state: 1.8ms
DEBUG 2026-06-09 16:59:25 follower.py:191 follower_left SOFollower read wrist: 0.0ms
DEBUG 2026-06-09 16:59:25 t_client.py:198 Observation serialization time: 0.008290s
DEBUG 2026-06-09 16:59:25 ort/utils.py:54 [CLIENT] Observation Buffer size 4.39546012878418 MB with
DEBUG 2026-06-09 16:59:25 ort/utils.py:69 [CLIENT] Observation Sent 2097152/4608974 bytes with state 1
DEBUG 2026-06-09 16:59:25 ort/utils.py:69 [CLIENT] Observation Sent 4194304/4608974 bytes with state 2
DEBUG 2026-06-09 16:59:25 ort/utils.py:69 [CLIENT] Observation Sent 4608974/4608974 bytes with state 3
DEBUG 2026-06-09 16:59:25 ort/utils.py:71 [CLIENT] Observation Published 4.39546012878418 MB
DEBUG 2026-06-09 16:59:25 t_client.py:209 Sent observation #501 | 
DEBUG 2026-06-09 16:59:25 t_client.py:434 QUEUE SIZE: 7 (Must go: False)
DEBUG 2026-06-09 16:59:25 t_client.py:477 Control loop (ms): 100.67
DEBUG 2026-06-09 16:59:25 follower.py:184 follower_right SOFollower read state: 3.7ms
DEBUG 2026-06-09 16:59:25 follower.py:191 follower_right SOFollower read wrist: 0.0ms
DEBUG 2026-06-09 16:59:25 follower.py:184 follower_left SOFollower read state: 3.5ms
DEBUG 2026-06-09 16:59:25 follower.py:191 follower_left SOFollower read wrist: 0.0ms
DEBUG 2026-06-09 16:59:25 t_client.py:198 Observation serialization time: 0.010931s
DEBUG 2026-06-09 16:59:25 ort/utils.py:54 [CLIENT] Observation Buffer size 4.39546012878418 MB with
DEBUG 2026-06-09 16:59:25 t_client.py:292 Received actions on device: cpu
DEBUG 2026-06-09 16:59:25 t_client.py:302 Actions kept on device: cpu
DEBUG 2026-06-09 16:59:25 ort/utils.py:69 [CLIENT] Observation Sent 2097152/4608974 bytes with state 1
DEBUG 2026-06-09 16:59:25 ort/utils.py:69 [CLIENT] Observation Sent 4194304/4608974 bytes with state 2
DEBUG 2026-06-09 16:59:25 ort/utils.py:69 [CLIENT] Observation Sent 4608974/4608974 bytes with state 3
DEBUG 2026-06-09 16:59:25 ort/utils.py:71 [CLIENT] Observation Published 4.39546012878418 MB
DEBUG 2026-06-09 16:59:25 t_client.py:209 Sent observation #502 | 
DEBUG 2026-06-09 16:59:25 t_client.py:434 QUEUE SIZE: 6 (Must go: False)
DEBUG 2026-06-09 16:59:25 t_client.py:477 Control loop (ms): 120.37
DEBUG 2026-06-09 16:59:25 t_client.py:477 Control loop (ms): 2.57
DEBUG 2026-06-09 16:59:25 t_client.py:477 Control loop (ms): 2.76
DEBUG 2026-06-09 16:59:25 t_client.py:477 Control loop (ms): 1.87
DEBUG 2026-06-09 16:59:25 t_client.py:292 Received actions on device: cpu
DEBUG 2026-06-09 16:59:25 t_client.py:302 Actions kept on device: cpu
DEBUG 2026-06-09 16:59:25 t_client.py:477 Control loop (ms): 1.90
DEBUG 2026-06-09 16:59:25 t_client.py:477 Control loop (ms): 2.11
DEBUG 2026-06-09 16:59:26 follower.py:184 follower_right SOFollower read state: 4.1ms
DEBUG 2026-06-09 16:59:26 follower.py:191 follower_right SOFollower read wrist: 0.0ms
DEBUG 2026-06-09 16:59:26 t_client.py:292 Received actions on device: cpu
DEBUG 2026-06-09 16:59:26 t_client.py:302 Actions kept on device: cpu
DEBUG 2026-06-09 16:59:26 follower.py:184 follower_left SOFollower read state: 1.4ms
DEBUG 2026-06-09 16:59:26 follower.py:191 follower_left SOFollower read wrist: 0.0ms
DEBUG 2026-06-09 16:59:26 t_client.py:198 Observation serialization time: 0.002312s
DEBUG 2026-06-09 16:59:26 ort/utils.py:54 [CLIENT] Observation Buffer size 4.39546012878418 MB with
DEBUG 2026-06-09 16:59:26 ort/utils.py:69 [CLIENT] Observation Sent 2097152/4608974 bytes with state 1
DEBUG 2026-06-09 16:59:26 ort/utils.py:69 [CLIENT] Observation Sent 4194304/4608974 bytes with state 2
DEBUG 2026-06-09 16:59:26 ort/utils.py:69 [CLIENT] Observation Sent 4608974/4608974 bytes with state 3
DEBUG 2026-06-09 16:59:26 ort/utils.py:71 [CLIENT] Observation Published 4.39546012878418 MB
DEBUG 2026-06-09 16:59:26 t_client.py:209 Sent observation #508 | 
DEBUG 2026-06-09 16:59:26 t_client.py:434 QUEUE SIZE: 9 (Must go: False)
DEBUG 2026-06-09 16:59:26 t_client.py:477 Control loop (ms): 104.88
DEBUG 2026-06-09 16:59:26 follower.py:184 follower_right SOFollower read state: 2.5ms
DEBUG 2026-06-09 16:59:26 follower.py:191 follower_right SOFollower read wrist: 0.0ms
DEBUG 2026-06-09 16:59:26 follower.py:184 follower_left SOFollower read state: 1.8ms
DEBUG 2026-06-09 16:59:26 follower.py:191 follower_left SOFollower read wrist: 0.0ms
DEBUG 2026-06-09 16:59:26 t_client.py:198 Observation serialization time: 0.003448s
DEBUG 2026-06-09 16:59:26 ort/utils.py:54 [CLIENT] Observation Buffer size 4.39546012878418 MB with
DEBUG 2026-06-09 16:59:26 ort/utils.py:69 [CLIENT] Observation Sent 2097152/4608974 bytes with state 1
DEBUG 2026-06-09 16:59:26 ort/utils.py:69 [CLIENT] Observation Sent 4194304/4608974 bytes with state 2
DEBUG 2026-06-09 16:59:26 ort/utils.py:69 [CLIENT] Observation Sent 4608974/4608974 bytes with state 3
DEBUG 2026-06-09 16:59:26 ort/utils.py:71 [CLIENT] Observation Published 4.39546012878418 MB
DEBUG 2026-06-09 16:59:26 t_client.py:209 Sent observation #509 | 
DEBUG 2026-06-09 16:59:26 t_client.py:434 QUEUE SIZE: 8 (Must go: False)
DEBUG 2026-06-09 16:59:26 t_client.py:477 Control loop (ms): 108.11
DEBUG 2026-06-09 16:59:26 t_client.py:292 Received actions on device: cpu
DEBUG 2026-06-09 16:59:26 t_client.py:302 Actions kept on device: cpu
DEBUG 2026-06-09 16:59:26 follower.py:184 follower_right SOFollower read state: 2.9ms
DEBUG 2026-06-09 16:59:26 follower.py:191 follower_right SOFollower read wrist: 0.0ms
DEBUG 2026-06-09 16:59:26 follower.py:184 follower_left SOFollower read state: 1.8ms
DEBUG 2026-06-09 16:59:26 follower.py:191 follower_left SOFollower read wrist: 0.0ms
DEBUG 2026-06-09 16:59:26 t_client.py:198 Observation serialization time: 0.006886s
DEBUG 2026-06-09 16:59:26 ort/utils.py:54 [CLIENT] Observation Buffer size 4.39546012878418 MB with
DEBUG 2026-06-09 16:59:26 ort/utils.py:69 [CLIENT] Observation Sent 2097152/4608974 bytes with state 1
DEBUG 2026-06-09 16:59:26 ort/utils.py:69 [CLIENT] Observation Sent 4194304/4608974 bytes with state 2
DEBUG 2026-06-09 16:59:26 ort/utils.py:69 [CLIENT] Observation Sent 4608974/4608974 bytes with state 3
DEBUG 2026-06-09 16:59:26 ort/utils.py:71 [CLIENT] Observation Published 4.39546012878418 MB
DEBUG 2026-06-09 16:59:26 t_client.py:209 Sent observation #510 | 
DEBUG 2026-06-09 16:59:26 t_client.py:434 QUEUE SIZE: 13 (Must go: False)
DEBUG 2026-06-09 16:59:26 t_client.py:477 Control loop (ms): 128.42
DEBUG 2026-06-09 16:59:26 t_client.py:477 Control loop (ms): 6.12
DEBUG 2026-06-09 16:59:26 t_client.py:292 Received actions on device: cpu
DEBUG 2026-06-09 16:59:26 t_client.py:302 Actions kept on device: cpu
DEBUG 2026-06-09 16:59:26 t_client.py:477 Control loop (ms): 2.06
DEBUG 2026-06-09 16:59:26 t_client.py:477 Control loop (ms): 2.48
DEBUG 2026-06-09 16:59:26 t_client.py:477 Control loop (ms): 3.06
DEBUG 2026-06-09 16:59:26 t_client.py:292 Received actions on device: cpu
DEBUG 2026-06-09 16:59:26 t_client.py:302 Actions kept on device: cpu
DEBUG 2026-06-09 16:59:26 t_client.py:477 Control loop (ms): 1.65
DEBUG 2026-06-09 16:59:26 t_client.py:477 Control loop (ms): 1.18
DEBUG 2026-06-09 16:59:26 follower.py:184 follower_right SOFollower read state: 2.0ms
DEBUG 2026-06-09 16:59:26 follower.py:191 follower_right SOFollower read wrist: 0.0ms
DEBUG 2026-06-09 16:59:26 follower.py:184 follower_left SOFollower read state: 1.8ms
DEBUG 2026-06-09 16:59:26 follower.py:191 follower_left SOFollower read wrist: 0.0ms
DEBUG 2026-06-09 16:59:26 t_client.py:198 Observation serialization time: 0.007478s
DEBUG 2026-06-09 16:59:26 ort/utils.py:54 [CLIENT] Observation Buffer size 4.39546012878418 MB with
DEBUG 2026-06-09 16:59:26 ort/utils.py:69 [CLIENT] Observation Sent 2097152/4608974 bytes with state 1
DEBUG 2026-06-09 16:59:26 ort/utils.py:69 [CLIENT] Observation Sent 4194304/4608974 bytes with state 2
DEBUG 2026-06-09 16:59:26 ort/utils.py:69 [CLIENT] Observation Sent 4608974/4608974 bytes with state 3
DEBUG 2026-06-09 16:59:26 ort/utils.py:71 [CLIENT] Observation Published 4.39546012878418 MB
DEBUG 2026-06-09 16:59:26 t_client.py:209 Sent observation #517 | 
DEBUG 2026-06-09 16:59:26 t_client.py:434 QUEUE SIZE: 8 (Must go: False)
DEBUG 2026-06-09 16:59:26 t_client.py:477 Control loop (ms): 118.47
DEBUG 2026-06-09 16:59:26 follower.py:184 follower_right SOFollower read state: 2.0ms
DEBUG 2026-06-09 16:59:26 follower.py:191 follower_right SOFollower read wrist: 0.0ms
DEBUG 2026-06-09 16:59:26 follower.py:184 follower_left SOFollower read state: 1.7ms
DEBUG 2026-06-09 16:59:26 follower.py:191 follower_left SOFollower read wrist: 0.0ms
DEBUG 2026-06-09 16:59:26 t_client.py:198 Observation serialization time: 0.007300s
DEBUG 2026-06-09 16:59:26 ort/utils.py:54 [CLIENT] Observation Buffer size 4.39546012878418 MB with
DEBUG 2026-06-09 16:59:26 ort/utils.py:69 [CLIENT] Observation Sent 2097152/4608974 bytes with state 1
DEBUG 2026-06-09 16:59:26 ort/utils.py:69 [CLIENT] Observation Sent 4194304/4608974 bytes with state 2
DEBUG 2026-06-09 16:59:26 ort/utils.py:69 [CLIENT] Observation Sent 4608974/4608974 bytes with state 3
DEBUG 2026-06-09 16:59:26 ort/utils.py:71 [CLIENT] Observation Published 4.39546012878418 MB
DEBUG 2026-06-09 16:59:26 t_client.py:292 Received actions on device: cpu
DEBUG 2026-06-09 16:59:26 t_client.py:302 Actions kept on device: cpu
DEBUG 2026-06-09 16:59:26 t_client.py:209 Sent observation #518 | 
DEBUG 2026-06-09 16:59:26 t_client.py:434 QUEUE SIZE: 7 (Must go: False)
DEBUG 2026-06-09 16:59:26 t_client.py:477 Control loop (ms): 154.07
DEBUG 2026-06-09 16:59:26 t_client.py:477 Control loop (ms): 1.79
DEBUG 2026-06-09 16:59:26 t_client.py:477 Control loop (ms): 2.03
DEBUG 2026-06-09 16:59:26 t_client.py:477 Control loop (ms): 1.93
DEBUG 2026-06-09 16:59:26 t_client.py:292 Received actions on device: cpu
DEBUG 2026-06-09 16:59:26 t_client.py:302 Actions kept on device: cpu
DEBUG 2026-06-09 16:59:26 t_client.py:477 Control loop (ms): 2.12
DEBUG 2026-06-09 16:59:26 t_client.py:477 Control loop (ms): 2.03
DEBUG 2026-06-09 16:59:26 t_client.py:477 Control loop (ms): 2.08
DEBUG 2026-06-09 16:59:27 follower.py:184 follower_right SOFollower read state: 2.0ms
DEBUG 2026-06-09 16:59:27 follower.py:191 follower_right SOFollower read wrist: 0.0ms
DEBUG 2026-06-09 16:59:27 follower.py:184 follower_left SOFollower read state: 2.0ms
DEBUG 2026-06-09 16:59:27 follower.py:191 follower_left SOFollower read wrist: 0.0ms
DEBUG 2026-06-09 16:59:27 t_client.py:198 Observation serialization time: 0.011170s
DEBUG 2026-06-09 16:59:27 ort/utils.py:54 [CLIENT] Observation Buffer size 4.39546012878418 MB with
DEBUG 2026-06-09 16:59:27 ort/utils.py:69 [CLIENT] Observation Sent 2097152/4608974 bytes with state 1
DEBUG 2026-06-09 16:59:27 ort/utils.py:69 [CLIENT] Observation Sent 4194304/4608974 bytes with state 2
DEBUG 2026-06-09 16:59:27 ort/utils.py:69 [CLIENT] Observation Sent 4608974/4608974 bytes with state 3
DEBUG 2026-06-09 16:59:27 ort/utils.py:71 [CLIENT] Observation Published 4.39546012878418 MB
DEBUG 2026-06-09 16:59:27 t_client.py:209 Sent observation #525 | 
DEBUG 2026-06-09 16:59:27 t_client.py:434 QUEUE SIZE: 8 (Must go: False)
DEBUG 2026-06-09 16:59:27 t_client.py:477 Control loop (ms): 141.46
DEBUG 2026-06-09 16:59:27 follower.py:184 follower_right SOFollower read state: 1.8ms
DEBUG 2026-06-09 16:59:27 follower.py:191 follower_right SOFollower read wrist: 0.0ms
DEBUG 2026-06-09 16:59:27 follower.py:184 follower_left SOFollower read state: 1.8ms
DEBUG 2026-06-09 16:59:27 follower.py:191 follower_left SOFollower read wrist: 0.0ms
DEBUG 2026-06-09 16:59:27 t_client.py:198 Observation serialization time: 0.005682s
DEBUG 2026-06-09 16:59:27 ort/utils.py:54 [CLIENT] Observation Buffer size 4.39546012878418 MB with
DEBUG 2026-06-09 16:59:27 ort/utils.py:69 [CLIENT] Observation Sent 2097152/4608974 bytes with state 1
DEBUG 2026-06-09 16:59:27 ort/utils.py:69 [CLIENT] Observation Sent 4194304/4608974 bytes with state 2
DEBUG 2026-06-09 16:59:27 ort/utils.py:69 [CLIENT] Observation Sent 4608974/4608974 bytes with state 3
DEBUG 2026-06-09 16:59:27 ort/utils.py:71 [CLIENT] Observation Published 4.39546012878418 MB
DEBUG 2026-06-09 16:59:27 t_client.py:209 Sent observation #526 | 
DEBUG 2026-06-09 16:59:27 t_client.py:434 QUEUE SIZE: 7 (Must go: False)
DEBUG 2026-06-09 16:59:27 t_client.py:477 Control loop (ms): 128.30
DEBUG 2026-06-09 16:59:27 t_client.py:292 Received actions on device: cpu
DEBUG 2026-06-09 16:59:27 t_client.py:302 Actions kept on device: cpu
DEBUG 2026-06-09 16:59:27 follower.py:184 follower_right SOFollower read state: 2.1ms
DEBUG 2026-06-09 16:59:27 follower.py:191 follower_right SOFollower read wrist: 0.0ms
DEBUG 2026-06-09 16:59:27 follower.py:184 follower_left SOFollower read state: 1.8ms
DEBUG 2026-06-09 16:59:27 follower.py:191 follower_left SOFollower read wrist: 0.0ms
DEBUG 2026-06-09 16:59:27 t_client.py:198 Observation serialization time: 0.009120s
DEBUG 2026-06-09 16:59:27 ort/utils.py:54 [CLIENT] Observation Buffer size 4.39546012878418 MB with
DEBUG 2026-06-09 16:59:27 ort/utils.py:69 [CLIENT] Observation Sent 2097152/4608974 bytes with state 1
DEBUG 2026-06-09 16:59:27 ort/utils.py:69 [CLIENT] Observation Sent 4194304/4608974 bytes with state 2
DEBUG 2026-06-09 16:59:27 ort/utils.py:69 [CLIENT] Observation Sent 4608974/4608974 bytes with state 3
DEBUG 2026-06-09 16:59:27 ort/utils.py:71 [CLIENT] Observation Published 4.39546012878418 MB
DEBUG 2026-06-09 16:59:27 t_client.py:292 Received actions on device: cpu
DEBUG 2026-06-09 16:59:27 t_client.py:302 Actions kept on device: cpu
DEBUG 2026-06-09 16:59:27 t_client.py:209 Sent observation #527 | 
DEBUG 2026-06-09 16:59:27 t_client.py:434 QUEUE SIZE: 14 (Must go: False)
DEBUG 2026-06-09 16:59:27 t_client.py:477 Control loop (ms): 140.82
DEBUG 2026-06-09 16:59:27 t_client.py:477 Control loop (ms): 1.44
DEBUG 2026-06-09 16:59:27 t_client.py:477 Control loop (ms): 1.90
DEBUG 2026-06-09 16:59:27 t_client.py:477 Control loop (ms): 1.39
DEBUG 2026-06-09 16:59:27 t_client.py:292 Received actions on device: cpu
DEBUG 2026-06-09 16:59:27 t_client.py:302 Actions kept on device: cpu
DEBUG 2026-06-09 16:59:27 t_client.py:477 Control loop (ms): 1.74
DEBUG 2026-06-09 16:59:27 t_client.py:477 Control loop (ms): 1.56
DEBUG 2026-06-09 16:59:27 t_client.py:477 Control loop (ms): 2.04
DEBUG 2026-06-09 16:59:27 follower.py:184 follower_right SOFollower read state: 1.9ms
DEBUG 2026-06-09 16:59:27 follower.py:191 follower_right SOFollower read wrist: 0.0ms
DEBUG 2026-06-09 16:59:27 follower.py:184 follower_left SOFollower read state: 1.7ms
DEBUG 2026-06-09 16:59:27 follower.py:191 follower_left SOFollower read wrist: 0.0ms
DEBUG 2026-06-09 16:59:27 t_client.py:198 Observation serialization time: 0.006409s
DEBUG 2026-06-09 16:59:27 ort/utils.py:54 [CLIENT] Observation Buffer size 4.39546012878418 MB with
DEBUG 2026-06-09 16:59:27 ort/utils.py:69 [CLIENT] Observation Sent 2097152/4608974 bytes with state 1
DEBUG 2026-06-09 16:59:27 ort/utils.py:69 [CLIENT] Observation Sent 4194304/4608974 bytes with state 2
DEBUG 2026-06-09 16:59:27 ort/utils.py:69 [CLIENT] Observation Sent 4608974/4608974 bytes with state 3
DEBUG 2026-06-09 16:59:27 ort/utils.py:71 [CLIENT] Observation Published 4.39546012878418 MB
DEBUG 2026-06-09 16:59:27 t_client.py:209 Sent observation #534 | 
DEBUG 2026-06-09 16:59:27 t_client.py:434 QUEUE SIZE: 8 (Must go: False)
DEBUG 2026-06-09 16:59:27 t_client.py:477 Control loop (ms): 135.34
DEBUG 2026-06-09 16:59:27 follower.py:184 follower_right SOFollower read state: 1.7ms
DEBUG 2026-06-09 16:59:27 follower.py:191 follower_right SOFollower read wrist: 0.0ms
DEBUG 2026-06-09 16:59:27 follower.py:184 follower_left SOFollower read state: 1.6ms
DEBUG 2026-06-09 16:59:27 follower.py:191 follower_left SOFollower read wrist: 0.0ms
DEBUG 2026-06-09 16:59:27 t_client.py:198 Observation serialization time: 0.004762s
DEBUG 2026-06-09 16:59:27 ort/utils.py:54 [CLIENT] Observation Buffer size 4.39546012878418 MB with
DEBUG 2026-06-09 16:59:27 ort/utils.py:69 [CLIENT] Observation Sent 2097152/4608974 bytes with state 1
DEBUG 2026-06-09 16:59:27 ort/utils.py:69 [CLIENT] Observation Sent 4194304/4608974 bytes with state 2
DEBUG 2026-06-09 16:59:27 ort/utils.py:69 [CLIENT] Observation Sent 4608974/4608974 bytes with state 3
DEBUG 2026-06-09 16:59:27 ort/utils.py:71 [CLIENT] Observation Published 4.39546012878418 MB
DEBUG 2026-06-09 16:59:27 t_client.py:209 Sent observation #535 | 
DEBUG 2026-06-09 16:59:27 t_client.py:434 QUEUE SIZE: 7 (Must go: False)
DEBUG 2026-06-09 16:59:27 t_client.py:477 Control loop (ms): 115.71
DEBUG 2026-06-09 16:59:27 t_client.py:292 Received actions on device: cpu
DEBUG 2026-06-09 16:59:27 t_client.py:302 Actions kept on device: cpu
DEBUG 2026-06-09 16:59:27 follower.py:184 follower_right SOFollower read state: 1.7ms
DEBUG 2026-06-09 16:59:27 follower.py:191 follower_right SOFollower read wrist: 0.0ms
DEBUG 2026-06-09 16:59:27 follower.py:184 follower_left SOFollower read state: 1.6ms
DEBUG 2026-06-09 16:59:27 follower.py:191 follower_left SOFollower read wrist: 0.0ms
DEBUG 2026-06-09 16:59:27 t_client.py:198 Observation serialization time: 0.005020s
DEBUG 2026-06-09 16:59:27 ort/utils.py:54 [CLIENT] Observation Buffer size 4.39546012878418 MB with
DEBUG 2026-06-09 16:59:27 ort/utils.py:69 [CLIENT] Observation Sent 2097152/4608974 bytes with state 1
DEBUG 2026-06-09 16:59:27 ort/utils.py:69 [CLIENT] Observation Sent 4194304/4608974 bytes with state 2
DEBUG 2026-06-09 16:59:27 ort/utils.py:69 [CLIENT] Observation Sent 4608974/4608974 bytes with state 3
DEBUG 2026-06-09 16:59:27 ort/utils.py:71 [CLIENT] Observation Published 4.39546012878418 MB
DEBUG 2026-06-09 16:59:28 t_client.py:292 Received actions on device: cpu
DEBUG 2026-06-09 16:59:28 t_client.py:302 Actions kept on device: cpu
DEBUG 2026-06-09 16:59:28 t_client.py:209 Sent observation #536 | 
DEBUG 2026-06-09 16:59:28 t_client.py:434 QUEUE SIZE: 14 (Must go: False)
DEBUG 2026-06-09 16:59:28 t_client.py:477 Control loop (ms): 117.66
DEBUG 2026-06-09 16:59:28 t_client.py:477 Control loop (ms): 0.89
DEBUG 2026-06-09 16:59:28 t_client.py:477 Control loop (ms): 2.05
DEBUG 2026-06-09 16:59:28 t_client.py:477 Control loop (ms): 2.01
DEBUG 2026-06-09 16:59:28 t_client.py:292 Received actions on device: cpu
DEBUG 2026-06-09 16:59:28 t_client.py:302 Actions kept on device: cpu
DEBUG 2026-06-09 16:59:28 t_client.py:477 Control loop (ms): 2.58
DEBUG 2026-06-09 16:59:28 t_client.py:477 Control loop (ms): 1.89
DEBUG 2026-06-09 16:59:28 t_client.py:477 Control loop (ms): 2.08
DEBUG 2026-06-09 16:59:28 follower.py:184 follower_right SOFollower read state: 2.5ms
DEBUG 2026-06-09 16:59:28 follower.py:191 follower_right SOFollower read wrist: 0.1ms
DEBUG 2026-06-09 16:59:28 follower.py:184 follower_left SOFollower read state: 2.2ms
DEBUG 2026-06-09 16:59:28 follower.py:191 follower_left SOFollower read wrist: 0.1ms
DEBUG 2026-06-09 16:59:28 t_client.py:198 Observation serialization time: 0.013010s
DEBUG 2026-06-09 16:59:28 ort/utils.py:54 [CLIENT] Observation Buffer size 4.39546012878418 MB with
DEBUG 2026-06-09 16:59:28 ort/utils.py:69 [CLIENT] Observation Sent 2097152/4608974 bytes with state 1
DEBUG 2026-06-09 16:59:28 ort/utils.py:69 [CLIENT] Observation Sent 4194304/4608974 bytes with state 2
DEBUG 2026-06-09 16:59:28 ort/utils.py:69 [CLIENT] Observation Sent 4608974/4608974 bytes with state 3
DEBUG 2026-06-09 16:59:28 ort/utils.py:71 [CLIENT] Observation Published 4.39546012878418 MB
DEBUG 2026-06-09 16:59:28 t_client.py:209 Sent observation #543 | 
DEBUG 2026-06-09 16:59:28 t_client.py:434 QUEUE SIZE: 8 (Must go: False)
DEBUG 2026-06-09 16:59:28 t_client.py:477 Control loop (ms): 105.19
DEBUG 2026-06-09 16:59:28 follower.py:184 follower_right SOFollower read state: 2.1ms
DEBUG 2026-06-09 16:59:28 follower.py:191 follower_right SOFollower read wrist: 0.1ms
DEBUG 2026-06-09 16:59:28 follower.py:184 follower_left SOFollower read state: 1.9ms
DEBUG 2026-06-09 16:59:28 follower.py:191 follower_left SOFollower read wrist: 0.0ms
DEBUG 2026-06-09 16:59:28 t_client.py:198 Observation serialization time: 0.009606s
DEBUG 2026-06-09 16:59:28 ort/utils.py:54 [CLIENT] Observation Buffer size 4.39546012878418 MB with
DEBUG 2026-06-09 16:59:28 ort/utils.py:69 [CLIENT] Observation Sent 2097152/4608974 bytes with state 1
DEBUG 2026-06-09 16:59:28 ort/utils.py:69 [CLIENT] Observation Sent 4194304/4608974 bytes with state 2
DEBUG 2026-06-09 16:59:28 ort/utils.py:69 [CLIENT] Observation Sent 4608974/4608974 bytes with state 3
DEBUG 2026-06-09 16:59:28 ort/utils.py:71 [CLIENT] Observation Published 4.39546012878418 MB
DEBUG 2026-06-09 16:59:28 t_client.py:292 Received actions on device: cpu
DEBUG 2026-06-09 16:59:28 t_client.py:302 Actions kept on device: cpu
DEBUG 2026-06-09 16:59:28 t_client.py:209 Sent observation #544 | 
DEBUG 2026-06-09 16:59:28 t_client.py:434 QUEUE SIZE: 7 (Must go: False)
DEBUG 2026-06-09 16:59:28 t_client.py:477 Control loop (ms): 114.08
DEBUG 2026-06-09 16:59:28 t_client.py:477 Control loop (ms): 1.63
DEBUG 2026-06-09 16:59:28 t_client.py:477 Control loop (ms): 2.09
DEBUG 2026-06-09 16:59:28 t_client.py:477 Control loop (ms): 1.99
DEBUG 2026-06-09 16:59:28 t_client.py:292 Received actions on device: cpu
DEBUG 2026-06-09 16:59:28 t_client.py:302 Actions kept on device: cpu
DEBUG 2026-06-09 16:59:28 t_client.py:477 Control loop (ms): 1.65
DEBUG 2026-06-09 16:59:28 t_client.py:477 Control loop (ms): 1.57
DEBUG 2026-06-09 16:59:28 t_client.py:477 Control loop (ms): 2.25
DEBUG 2026-06-09 16:59:28 follower.py:184 follower_right SOFollower read state: 1.8ms
DEBUG 2026-06-09 16:59:28 follower.py:191 follower_right SOFollower read wrist: 0.0ms
DEBUG 2026-06-09 16:59:28 follower.py:184 follower_left SOFollower read state: 1.8ms
DEBUG 2026-06-09 16:59:28 follower.py:191 follower_left SOFollower read wrist: 0.0ms
DEBUG 2026-06-09 16:59:28 t_client.py:198 Observation serialization time: 0.005691s
DEBUG 2026-06-09 16:59:28 ort/utils.py:54 [CLIENT] Observation Buffer size 4.39546012878418 MB with
DEBUG 2026-06-09 16:59:28 ort/utils.py:69 [CLIENT] Observation Sent 2097152/4608974 bytes with state 1
DEBUG 2026-06-09 16:59:28 ort/utils.py:69 [CLIENT] Observation Sent 4194304/4608974 bytes with state 2
DEBUG 2026-06-09 16:59:28 ort/utils.py:69 [CLIENT] Observation Sent 4608974/4608974 bytes with state 3
DEBUG 2026-06-09 16:59:28 ort/utils.py:71 [CLIENT] Observation Published 4.39546012878418 MB
DEBUG 2026-06-09 16:59:28 t_client.py:209 Sent observation #551 | 
DEBUG 2026-06-09 16:59:28 t_client.py:434 QUEUE SIZE: 8 (Must go: False)
DEBUG 2026-06-09 16:59:28 t_client.py:477 Control loop (ms): 116.64
DEBUG 2026-06-09 16:59:28 follower.py:184 follower_right SOFollower read state: 1.9ms
DEBUG 2026-06-09 16:59:28 follower.py:191 follower_right SOFollower read wrist: 0.0ms
DEBUG 2026-06-09 16:59:28 follower.py:184 follower_left SOFollower read state: 2.8ms
DEBUG 2026-06-09 16:59:28 follower.py:191 follower_left SOFollower read wrist: 0.1ms
DEBUG 2026-06-09 16:59:28 t_client.py:198 Observation serialization time: 0.009751s
DEBUG 2026-06-09 16:59:28 ort/utils.py:54 [CLIENT] Observation Buffer size 4.39546012878418 MB with
DEBUG 2026-06-09 16:59:28 ort/utils.py:69 [CLIENT] Observation Sent 2097152/4608974 bytes with state 1
DEBUG 2026-06-09 16:59:28 ort/utils.py:69 [CLIENT] Observation Sent 4194304/4608974 bytes with state 2
DEBUG 2026-06-09 16:59:28 ort/utils.py:69 [CLIENT] Observation Sent 4608974/4608974 bytes with state 3
DEBUG 2026-06-09 16:59:28 ort/utils.py:71 [CLIENT] Observation Published 4.39546012878418 MB
DEBUG 2026-06-09 16:59:28 t_client.py:292 Received actions on device: cpu
DEBUG 2026-06-09 16:59:28 t_client.py:302 Actions kept on device: cpu
DEBUG 2026-06-09 16:59:28 t_client.py:209 Sent observation #552 | 
DEBUG 2026-06-09 16:59:28 t_client.py:434 QUEUE SIZE: 7 (Must go: False)
DEBUG 2026-06-09 16:59:28 t_client.py:477 Control loop (ms): 130.08
DEBUG 2026-06-09 16:59:28 t_client.py:477 Control loop (ms): 1.53
DEBUG 2026-06-09 16:59:28 t_client.py:477 Control loop (ms): 1.79
DEBUG 2026-06-09 16:59:28 t_client.py:477 Control loop (ms): 1.79
DEBUG 2026-06-09 16:59:28 t_client.py:292 Received actions on device: cpu
DEBUG 2026-06-09 16:59:28 t_client.py:302 Actions kept on device: cpu
DEBUG 2026-06-09 16:59:28 t_client.py:477 Control loop (ms): 1.81
DEBUG 2026-06-09 16:59:29 t_client.py:477 Control loop (ms): 1.88
DEBUG 2026-06-09 16:59:29 t_client.py:477 Control loop (ms): 1.94
DEBUG 2026-06-09 16:59:29 follower.py:184 follower_right SOFollower read state: 1.9ms
DEBUG 2026-06-09 16:59:29 follower.py:191 follower_right SOFollower read wrist: 0.0ms
DEBUG 2026-06-09 16:59:29 follower.py:184 follower_left SOFollower read state: 2.0ms
DEBUG 2026-06-09 16:59:29 follower.py:191 follower_left SOFollower read wrist: 0.0ms
DEBUG 2026-06-09 16:59:29 t_client.py:198 Observation serialization time: 0.010721s
DEBUG 2026-06-09 16:59:29 ort/utils.py:54 [CLIENT] Observation Buffer size 4.39546012878418 MB with
DEBUG 2026-06-09 16:59:29 ort/utils.py:69 [CLIENT] Observation Sent 2097152/4608974 bytes with state 1
DEBUG 2026-06-09 16:59:29 ort/utils.py:69 [CLIENT] Observation Sent 4194304/4608974 bytes with state 2
DEBUG 2026-06-09 16:59:29 ort/utils.py:69 [CLIENT] Observation Sent 4608974/4608974 bytes with state 3
DEBUG 2026-06-09 16:59:29 ort/utils.py:71 [CLIENT] Observation Published 4.39546012878418 MB
DEBUG 2026-06-09 16:59:29 t_client.py:209 Sent observation #559 | 
DEBUG 2026-06-09 16:59:29 t_client.py:434 QUEUE SIZE: 8 (Must go: False)
DEBUG 2026-06-09 16:59:29 t_client.py:477 Control loop (ms): 133.13
DEBUG 2026-06-09 16:59:29 follower.py:184 follower_right SOFollower read state: 2.0ms
DEBUG 2026-06-09 16:59:29 follower.py:191 follower_right SOFollower read wrist: 0.0ms
DEBUG 2026-06-09 16:59:29 follower.py:184 follower_left SOFollower read state: 1.9ms
DEBUG 2026-06-09 16:59:29 follower.py:191 follower_left SOFollower read wrist: 0.0ms
DEBUG 2026-06-09 16:59:29 t_client.py:198 Observation serialization time: 0.007457s
DEBUG 2026-06-09 16:59:29 ort/utils.py:54 [CLIENT] Observation Buffer size 4.39546012878418 MB with
DEBUG 2026-06-09 16:59:29 ort/utils.py:69 [CLIENT] Observation Sent 2097152/4608974 bytes with state 1
DEBUG 2026-06-09 16:59:29 ort/utils.py:69 [CLIENT] Observation Sent 4194304/4608974 bytes with state 2
DEBUG 2026-06-09 16:59:29 ort/utils.py:69 [CLIENT] Observation Sent 4608974/4608974 bytes with state 3
DEBUG 2026-06-09 16:59:29 ort/utils.py:71 [CLIENT] Observation Published 4.39546012878418 MB
DEBUG 2026-06-09 16:59:29 t_client.py:292 Received actions on device: cpu
DEBUG 2026-06-09 16:59:29 t_client.py:302 Actions kept on device: cpu
DEBUG 2026-06-09 16:59:29 t_client.py:209 Sent observation #560 | 
DEBUG 2026-06-09 16:59:29 t_client.py:434 QUEUE SIZE: 7 (Must go: False)
DEBUG 2026-06-09 16:59:29 t_client.py:477 Control loop (ms): 125.37
DEBUG 2026-06-09 16:59:29 t_client.py:477 Control loop (ms): 1.24
DEBUG 2026-06-09 16:59:29 t_client.py:477 Control loop (ms): 1.78
DEBUG 2026-06-09 16:59:29 t_client.py:477 Control loop (ms): 1.96
DEBUG 2026-06-09 16:59:29 t_client.py:292 Received actions on device: cpu
DEBUG 2026-06-09 16:59:29 t_client.py:302 Actions kept on device: cpu
DEBUG 2026-06-09 16:59:29 t_client.py:477 Control loop (ms): 2.19
DEBUG 2026-06-09 16:59:29 t_client.py:477 Control loop (ms): 2.17
DEBUG 2026-06-09 16:59:29 t_client.py:477 Control loop (ms): 1.60
DEBUG 2026-06-09 16:59:29 follower.py:184 follower_right SOFollower read state: 2.2ms
DEBUG 2026-06-09 16:59:29 follower.py:191 follower_right SOFollower read wrist: 0.0ms
DEBUG 2026-06-09 16:59:29 follower.py:184 follower_left SOFollower read state: 1.7ms
DEBUG 2026-06-09 16:59:29 follower.py:191 follower_left SOFollower read wrist: 0.0ms
DEBUG 2026-06-09 16:59:29 t_client.py:198 Observation serialization time: 0.008718s
DEBUG 2026-06-09 16:59:29 ort/utils.py:54 [CLIENT] Observation Buffer size 4.39546012878418 MB with
DEBUG 2026-06-09 16:59:29 ort/utils.py:69 [CLIENT] Observation Sent 2097152/4608974 bytes with state 1
DEBUG 2026-06-09 16:59:29 ort/utils.py:69 [CLIENT] Observation Sent 4194304/4608974 bytes with state 2
DEBUG 2026-06-09 16:59:29 ort/utils.py:69 [CLIENT] Observation Sent 4608974/4608974 bytes with state 3
DEBUG 2026-06-09 16:59:29 ort/utils.py:71 [CLIENT] Observation Published 4.39546012878418 MB
DEBUG 2026-06-09 16:59:29 t_client.py:209 Sent observation #567 | 
DEBUG 2026-06-09 16:59:29 t_client.py:434 QUEUE SIZE: 8 (Must go: False)
DEBUG 2026-06-09 16:59:29 t_client.py:477 Control loop (ms): 120.27
DEBUG 2026-06-09 16:59:29 follower.py:184 follower_right SOFollower read state: 1.9ms
DEBUG 2026-06-09 16:59:29 follower.py:191 follower_right SOFollower read wrist: 0.0ms
DEBUG 2026-06-09 16:59:29 follower.py:184 follower_left SOFollower read state: 1.7ms
DEBUG 2026-06-09 16:59:29 follower.py:191 follower_left SOFollower read wrist: 0.0ms
DEBUG 2026-06-09 16:59:29 t_client.py:198 Observation serialization time: 0.005613s
DEBUG 2026-06-09 16:59:29 ort/utils.py:54 [CLIENT] Observation Buffer size 4.39546012878418 MB with
DEBUG 2026-06-09 16:59:29 ort/utils.py:69 [CLIENT] Observation Sent 2097152/4608974 bytes with state 1
DEBUG 2026-06-09 16:59:29 ort/utils.py:69 [CLIENT] Observation Sent 4194304/4608974 bytes with state 2
DEBUG 2026-06-09 16:59:29 ort/utils.py:69 [CLIENT] Observation Sent 4608974/4608974 bytes with state 3
DEBUG 2026-06-09 16:59:29 ort/utils.py:71 [CLIENT] Observation Published 4.39546012878418 MB
DEBUG 2026-06-09 16:59:29 t_client.py:292 Received actions on device: cpu
DEBUG 2026-06-09 16:59:29 t_client.py:302 Actions kept on device: cpu
DEBUG 2026-06-09 16:59:29 t_client.py:209 Sent observation #568 | 
DEBUG 2026-06-09 16:59:29 t_client.py:434 QUEUE SIZE: 7 (Must go: False)
DEBUG 2026-06-09 16:59:29 t_client.py:477 Control loop (ms): 107.62
DEBUG 2026-06-09 16:59:29 t_client.py:477 Control loop (ms): 0.48
DEBUG 2026-06-09 16:59:29 t_client.py:477 Control loop (ms): 1.97
DEBUG 2026-06-09 16:59:29 t_client.py:477 Control loop (ms): 2.22
DEBUG 2026-06-09 16:59:29 t_client.py:292 Received actions on device: cpu
DEBUG 2026-06-09 16:59:29 t_client.py:302 Actions kept on device: cpu
DEBUG 2026-06-09 16:59:29 t_client.py:477 Control loop (ms): 0.82
DEBUG 2026-06-09 16:59:29 t_client.py:477 Control loop (ms): 2.07
DEBUG 2026-06-09 16:59:29 t_client.py:477 Control loop (ms): 1.84
DEBUG 2026-06-09 16:59:29 follower.py:184 follower_right SOFollower read state: 2.1ms
DEBUG 2026-06-09 16:59:29 follower.py:191 follower_right SOFollower read wrist: 0.0ms
DEBUG 2026-06-09 16:59:29 follower.py:184 follower_left SOFollower read state: 1.7ms
DEBUG 2026-06-09 16:59:29 follower.py:191 follower_left SOFollower read wrist: 0.0ms
DEBUG 2026-06-09 16:59:29 t_client.py:198 Observation serialization time: 0.011764s
DEBUG 2026-06-09 16:59:29 ort/utils.py:54 [CLIENT] Observation Buffer size 4.39546012878418 MB with
DEBUG 2026-06-09 16:59:30 ort/utils.py:69 [CLIENT] Observation Sent 2097152/4608974 bytes with state 1
DEBUG 2026-06-09 16:59:30 ort/utils.py:69 [CLIENT] Observation Sent 4194304/4608974 bytes with state 2
DEBUG 2026-06-09 16:59:30 ort/utils.py:69 [CLIENT] Observation Sent 4608974/4608974 bytes with state 3
DEBUG 2026-06-09 16:59:30 ort/utils.py:71 [CLIENT] Observation Published 4.39546012878418 MB
DEBUG 2026-06-09 16:59:30 t_client.py:209 Sent observation #575 | 
DEBUG 2026-06-09 16:59:30 t_client.py:434 QUEUE SIZE: 8 (Must go: False)
DEBUG 2026-06-09 16:59:30 t_client.py:477 Control loop (ms): 141.87
DEBUG 2026-06-09 16:59:30 follower.py:184 follower_right SOFollower read state: 1.8ms
DEBUG 2026-06-09 16:59:30 follower.py:191 follower_right SOFollower read wrist: 0.0ms
DEBUG 2026-06-09 16:59:30 follower.py:184 follower_left SOFollower read state: 2.4ms
DEBUG 2026-06-09 16:59:30 follower.py:191 follower_left SOFollower read wrist: 0.0ms
DEBUG 2026-06-09 16:59:30 t_client.py:198 Observation serialization time: 0.005895s
DEBUG 2026-06-09 16:59:30 ort/utils.py:54 [CLIENT] Observation Buffer size 4.39546012878418 MB with
DEBUG 2026-06-09 16:59:30 ort/utils.py:69 [CLIENT] Observation Sent 2097152/4608974 bytes with state 1
DEBUG 2026-06-09 16:59:30 ort/utils.py:69 [CLIENT] Observation Sent 4194304/4608974 bytes with state 2
DEBUG 2026-06-09 16:59:30 ort/utils.py:69 [CLIENT] Observation Sent 4608974/4608974 bytes with state 3
DEBUG 2026-06-09 16:59:30 ort/utils.py:71 [CLIENT] Observation Published 4.39546012878418 MB
DEBUG 2026-06-09 16:59:30 t_client.py:292 Received actions on device: cpu
DEBUG 2026-06-09 16:59:30 t_client.py:302 Actions kept on device: cpu
DEBUG 2026-06-09 16:59:30 t_client.py:209 Sent observation #576 | 
DEBUG 2026-06-09 16:59:30 t_client.py:434 QUEUE SIZE: 7 (Must go: False)
DEBUG 2026-06-09 16:59:30 t_client.py:477 Control loop (ms): 130.88
DEBUG 2026-06-09 16:59:30 t_client.py:477 Control loop (ms): 1.11
DEBUG 2026-06-09 16:59:30 t_client.py:477 Control loop (ms): 2.07
DEBUG 2026-06-09 16:59:30 t_client.py:477 Control loop (ms): 1.97
DEBUG 2026-06-09 16:59:30 t_client.py:292 Received actions on device: cpu
DEBUG 2026-06-09 16:59:30 t_client.py:302 Actions kept on device: cpu
DEBUG 2026-06-09 16:59:30 t_client.py:477 Control loop (ms): 1.98
DEBUG 2026-06-09 16:59:30 t_client.py:477 Control loop (ms): 1.90
DEBUG 2026-06-09 16:59:30 t_client.py:477 Control loop (ms): 2.21
DEBUG 2026-06-09 16:59:30 follower.py:184 follower_right SOFollower read state: 2.6ms
DEBUG 2026-06-09 16:59:30 follower.py:191 follower_right SOFollower read wrist: 0.0ms
DEBUG 2026-06-09 16:59:30 follower.py:184 follower_left SOFollower read state: 1.9ms
DEBUG 2026-06-09 16:59:30 follower.py:191 follower_left SOFollower read wrist: 0.0ms
DEBUG 2026-06-09 16:59:30 t_client.py:198 Observation serialization time: 0.007753s
DEBUG 2026-06-09 16:59:30 ort/utils.py:54 [CLIENT] Observation Buffer size 4.39546012878418 MB with
DEBUG 2026-06-09 16:59:30 ort/utils.py:69 [CLIENT] Observation Sent 2097152/4608974 bytes with state 1
DEBUG 2026-06-09 16:59:30 ort/utils.py:69 [CLIENT] Observation Sent 4194304/4608974 bytes with state 2
DEBUG 2026-06-09 16:59:30 ort/utils.py:69 [CLIENT] Observation Sent 4608974/4608974 bytes with state 3
DEBUG 2026-06-09 16:59:30 ort/utils.py:71 [CLIENT] Observation Published 4.39546012878418 MB
DEBUG 2026-06-09 16:59:30 t_client.py:209 Sent observation #583 | 
DEBUG 2026-06-09 16:59:30 t_client.py:434 QUEUE SIZE: 8 (Must go: False)
DEBUG 2026-06-09 16:59:30 t_client.py:477 Control loop (ms): 126.64
DEBUG 2026-06-09 16:59:30 follower.py:184 follower_right SOFollower read state: 2.2ms
DEBUG 2026-06-09 16:59:30 follower.py:191 follower_right SOFollower read wrist: 0.0ms
DEBUG 2026-06-09 16:59:30 follower.py:184 follower_left SOFollower read state: 1.9ms
DEBUG 2026-06-09 16:59:30 follower.py:191 follower_left SOFollower read wrist: 0.0ms
DEBUG 2026-06-09 16:59:30 t_client.py:198 Observation serialization time: 0.006958s
DEBUG 2026-06-09 16:59:30 ort/utils.py:54 [CLIENT] Observation Buffer size 4.39546012878418 MB with
DEBUG 2026-06-09 16:59:30 ort/utils.py:69 [CLIENT] Observation Sent 2097152/4608974 bytes with state 1
DEBUG 2026-06-09 16:59:30 ort/utils.py:69 [CLIENT] Observation Sent 4194304/4608974 bytes with state 2
DEBUG 2026-06-09 16:59:30 ort/utils.py:69 [CLIENT] Observation Sent 4608974/4608974 bytes with state 3
DEBUG 2026-06-09 16:59:30 ort/utils.py:71 [CLIENT] Observation Published 4.39546012878418 MB
DEBUG 2026-06-09 16:59:30 t_client.py:209 Sent observation #584 | 
DEBUG 2026-06-09 16:59:30 t_client.py:434 QUEUE SIZE: 7 (Must go: False)
DEBUG 2026-06-09 16:59:30 t_client.py:477 Control loop (ms): 105.62
DEBUG 2026-06-09 16:59:30 follower.py:184 follower_right SOFollower read state: 3.1ms
DEBUG 2026-06-09 16:59:30 follower.py:191 follower_right SOFollower read wrist: 0.0ms
DEBUG 2026-06-09 16:59:30 follower.py:184 follower_left SOFollower read state: 3.0ms
DEBUG 2026-06-09 16:59:30 follower.py:191 follower_left SOFollower read wrist: 0.0ms
DEBUG 2026-06-09 16:59:30 t_client.py:198 Observation serialization time: 0.007402s
DEBUG 2026-06-09 16:59:30 ort/utils.py:54 [CLIENT] Observation Buffer size 4.39546012878418 MB with
DEBUG 2026-06-09 16:59:30 t_client.py:292 Received actions on device: cpu
DEBUG 2026-06-09 16:59:30 t_client.py:302 Actions kept on device: cpu
DEBUG 2026-06-09 16:59:30 ort/utils.py:69 [CLIENT] Observation Sent 2097152/4608974 bytes with state 1
DEBUG 2026-06-09 16:59:30 ort/utils.py:69 [CLIENT] Observation Sent 4194304/4608974 bytes with state 2
DEBUG 2026-06-09 16:59:30 ort/utils.py:69 [CLIENT] Observation Sent 4608974/4608974 bytes with state 3
DEBUG 2026-06-09 16:59:30 ort/utils.py:71 [CLIENT] Observation Published 4.39546012878418 MB
DEBUG 2026-06-09 16:59:30 t_client.py:209 Sent observation #585 | 
DEBUG 2026-06-09 16:59:30 t_client.py:434 QUEUE SIZE: 6 (Must go: False)
DEBUG 2026-06-09 16:59:30 t_client.py:477 Control loop (ms): 129.88
DEBUG 2026-06-09 16:59:30 t_client.py:477 Control loop (ms): 1.48
DEBUG 2026-06-09 16:59:30 t_client.py:477 Control loop (ms): 1.15
DEBUG 2026-06-09 16:59:30 t_client.py:292 Received actions on device: cpu
DEBUG 2026-06-09 16:59:30 t_client.py:302 Actions kept on device: cpu
DEBUG 2026-06-09 16:59:30 t_client.py:477 Control loop (ms): 1.27
DEBUG 2026-06-09 16:59:30 t_client.py:477 Control loop (ms): 0.97
DEBUG 2026-06-09 16:59:30 t_client.py:477 Control loop (ms): 1.12
DEBUG 2026-06-09 16:59:30 t_client.py:292 Received actions on device: cpu
DEBUG 2026-06-09 16:59:30 t_client.py:302 Actions kept on device: cpu
DEBUG 2026-06-09 16:59:30 t_client.py:477 Control loop (ms): 1.38
DEBUG 2026-06-09 16:59:31 follower.py:184 follower_right SOFollower read state: 1.9ms
DEBUG 2026-06-09 16:59:31 follower.py:191 follower_right SOFollower read wrist: 0.0ms
DEBUG 2026-06-09 16:59:31 follower.py:184 follower_left SOFollower read state: 2.1ms
DEBUG 2026-06-09 16:59:31 follower.py:191 follower_left SOFollower read wrist: 0.0ms
DEBUG 2026-06-09 16:59:31 t_client.py:198 Observation serialization time: 0.011474s
DEBUG 2026-06-09 16:59:31 ort/utils.py:54 [CLIENT] Observation Buffer size 4.39546012878418 MB with
DEBUG 2026-06-09 16:59:31 ort/utils.py:69 [CLIENT] Observation Sent 2097152/4608974 bytes with state 1
DEBUG 2026-06-09 16:59:31 ort/utils.py:69 [CLIENT] Observation Sent 4194304/4608974 bytes with state 2
DEBUG 2026-06-09 16:59:31 ort/utils.py:69 [CLIENT] Observation Sent 4608974/4608974 bytes with state 3
DEBUG 2026-06-09 16:59:31 ort/utils.py:71 [CLIENT] Observation Published 4.39546012878418 MB
DEBUG 2026-06-09 16:59:31 t_client.py:209 Sent observation #592 | 
DEBUG 2026-06-09 16:59:31 t_client.py:434 QUEUE SIZE: 8 (Must go: False)
DEBUG 2026-06-09 16:59:31 t_client.py:477 Control loop (ms): 130.91
DEBUG 2026-06-09 16:59:31 follower.py:184 follower_right SOFollower read state: 1.6ms
DEBUG 2026-06-09 16:59:31 follower.py:191 follower_right SOFollower read wrist: 0.0ms
DEBUG 2026-06-09 16:59:31 follower.py:184 follower_left SOFollower read state: 1.7ms
DEBUG 2026-06-09 16:59:31 follower.py:191 follower_left SOFollower read wrist: 0.0ms
DEBUG 2026-06-09 16:59:31 t_client.py:198 Observation serialization time: 0.008312s
DEBUG 2026-06-09 16:59:31 ort/utils.py:54 [CLIENT] Observation Buffer size 4.39546012878418 MB with
DEBUG 2026-06-09 16:59:31 ort/utils.py:69 [CLIENT] Observation Sent 2097152/4608974 bytes with state 1
DEBUG 2026-06-09 16:59:31 ort/utils.py:69 [CLIENT] Observation Sent 4194304/4608974 bytes with state 2
DEBUG 2026-06-09 16:59:31 ort/utils.py:69 [CLIENT] Observation Sent 4608974/4608974 bytes with state 3
DEBUG 2026-06-09 16:59:31 ort/utils.py:71 [CLIENT] Observation Published 4.39546012878418 MB
DEBUG 2026-06-09 16:59:31 t_client.py:292 Received actions on device: cpu
DEBUG 2026-06-09 16:59:31 t_client.py:302 Actions kept on device: cpu
DEBUG 2026-06-09 16:59:31 t_client.py:209 Sent observation #593 | 
DEBUG 2026-06-09 16:59:31 t_client.py:434 QUEUE SIZE: 7 (Must go: False)
DEBUG 2026-06-09 16:59:31 t_client.py:477 Control loop (ms): 120.07
DEBUG 2026-06-09 16:59:31 t_client.py:477 Control loop (ms): 1.69
DEBUG 2026-06-09 16:59:31 t_client.py:477 Control loop (ms): 2.11
DEBUG 2026-06-09 16:59:31 t_client.py:477 Control loop (ms): 2.06
DEBUG 2026-06-09 16:59:31 t_client.py:292 Received actions on device: cpu
DEBUG 2026-06-09 16:59:31 t_client.py:302 Actions kept on device: cpu
DEBUG 2026-06-09 16:59:31 t_client.py:477 Control loop (ms): 1.46
DEBUG 2026-06-09 16:59:31 t_client.py:477 Control loop (ms): 1.98
DEBUG 2026-06-09 16:59:31 t_client.py:477 Control loop (ms): 2.08
DEBUG 2026-06-09 16:59:31 follower.py:184 follower_right SOFollower read state: 2.4ms
DEBUG 2026-06-09 16:59:31 follower.py:191 follower_right SOFollower read wrist: 0.0ms
DEBUG 2026-06-09 16:59:31 follower.py:184 follower_left SOFollower read state: 2.6ms
DEBUG 2026-06-09 16:59:31 follower.py:191 follower_left SOFollower read wrist: 0.0ms
DEBUG 2026-06-09 16:59:31 t_client.py:198 Observation serialization time: 0.009749s
DEBUG 2026-06-09 16:59:31 ort/utils.py:54 [CLIENT] Observation Buffer size 4.39546012878418 MB with
DEBUG 2026-06-09 16:59:31 ort/utils.py:69 [CLIENT] Observation Sent 2097152/4608974 bytes with state 1
DEBUG 2026-06-09 16:59:31 ort/utils.py:69 [CLIENT] Observation Sent 4194304/4608974 bytes with state 2
DEBUG 2026-06-09 16:59:31 ort/utils.py:69 [CLIENT] Observation Sent 4608974/4608974 bytes with state 3
DEBUG 2026-06-09 16:59:31 ort/utils.py:71 [CLIENT] Observation Published 4.39546012878418 MB
DEBUG 2026-06-09 16:59:31 t_client.py:209 Sent observation #600 | 
DEBUG 2026-06-09 16:59:31 t_client.py:434 QUEUE SIZE: 8 (Must go: False)
DEBUG 2026-06-09 16:59:31 t_client.py:477 Control loop (ms): 115.74
DEBUG 2026-06-09 16:59:31 follower.py:184 follower_right SOFollower read state: 2.4ms
DEBUG 2026-06-09 16:59:31 follower.py:191 follower_right SOFollower read wrist: 0.0ms
DEBUG 2026-06-09 16:59:31 follower.py:184 follower_left SOFollower read state: 2.0ms
DEBUG 2026-06-09 16:59:31 follower.py:191 follower_left SOFollower read wrist: 0.0ms
DEBUG 2026-06-09 16:59:31 t_client.py:198 Observation serialization time: 0.010275s
DEBUG 2026-06-09 16:59:31 ort/utils.py:54 [CLIENT] Observation Buffer size 4.39546012878418 MB with
DEBUG 2026-06-09 16:59:31 ort/utils.py:69 [CLIENT] Observation Sent 2097152/4608974 bytes with state 1
DEBUG 2026-06-09 16:59:31 ort/utils.py:69 [CLIENT] Observation Sent 4194304/4608974 bytes with state 2
DEBUG 2026-06-09 16:59:31 ort/utils.py:69 [CLIENT] Observation Sent 4608974/4608974 bytes with state 3
DEBUG 2026-06-09 16:59:31 ort/utils.py:71 [CLIENT] Observation Published 4.39546012878418 MB
DEBUG 2026-06-09 16:59:31 t_client.py:292 Received actions on device: cpu
DEBUG 2026-06-09 16:59:31 t_client.py:302 Actions kept on device: cpu
DEBUG 2026-06-09 16:59:31 t_client.py:209 Sent observation #601 | 
DEBUG 2026-06-09 16:59:31 t_client.py:434 QUEUE SIZE: 7 (Must go: False)
DEBUG 2026-06-09 16:59:31 t_client.py:477 Control loop (ms): 117.68
DEBUG 2026-06-09 16:59:31 t_client.py:477 Control loop (ms): 1.37
DEBUG 2026-06-09 16:59:31 t_client.py:477 Control loop (ms): 2.72
DEBUG 2026-06-09 16:59:31 t_client.py:477 Control loop (ms): 2.13
DEBUG 2026-06-09 16:59:31 t_client.py:292 Received actions on device: cpu
DEBUG 2026-06-09 16:59:31 t_client.py:302 Actions kept on device: cpu
DEBUG 2026-06-09 16:59:31 t_client.py:477 Control loop (ms): 1.12
DEBUG 2026-06-09 16:59:31 t_client.py:477 Control loop (ms): 1.65
DEBUG 2026-06-09 16:59:31 t_client.py:477 Control loop (ms): 2.16
DEBUG 2026-06-09 16:59:31 follower.py:184 follower_right SOFollower read state: 1.9ms
DEBUG 2026-06-09 16:59:31 follower.py:191 follower_right SOFollower read wrist: 0.0ms
DEBUG 2026-06-09 16:59:31 follower.py:184 follower_left SOFollower read state: 1.8ms
DEBUG 2026-06-09 16:59:31 follower.py:191 follower_left SOFollower read wrist: 0.0ms
DEBUG 2026-06-09 16:59:31 t_client.py:198 Observation serialization time: 0.005008s
DEBUG 2026-06-09 16:59:31 ort/utils.py:54 [CLIENT] Observation Buffer size 4.39546012878418 MB with
DEBUG 2026-06-09 16:59:31 ort/utils.py:69 [CLIENT] Observation Sent 2097152/4608974 bytes with state 1
DEBUG 2026-06-09 16:59:31 ort/utils.py:69 [CLIENT] Observation Sent 4194304/4608974 bytes with state 2
DEBUG 2026-06-09 16:59:31 ort/utils.py:69 [CLIENT] Observation Sent 4608974/4608974 bytes with state 3
DEBUG 2026-06-09 16:59:31 ort/utils.py:71 [CLIENT] Observation Published 4.39546012878418 MB
DEBUG 2026-06-09 16:59:32 t_client.py:209 Sent observation #608 | 
DEBUG 2026-06-09 16:59:32 t_client.py:434 QUEUE SIZE: 8 (Must go: False)
DEBUG 2026-06-09 16:59:32 t_client.py:477 Control loop (ms): 136.37
DEBUG 2026-06-09 16:59:32 follower.py:184 follower_right SOFollower read state: 2.6ms
DEBUG 2026-06-09 16:59:32 follower.py:191 follower_right SOFollower read wrist: 0.1ms
DEBUG 2026-06-09 16:59:32 follower.py:184 follower_left SOFollower read state: 2.5ms
DEBUG 2026-06-09 16:59:32 follower.py:191 follower_left SOFollower read wrist: 0.0ms
DEBUG 2026-06-09 16:59:32 t_client.py:198 Observation serialization time: 0.009431s
DEBUG 2026-06-09 16:59:32 ort/utils.py:54 [CLIENT] Observation Buffer size 4.39546012878418 MB with
DEBUG 2026-06-09 16:59:32 ort/utils.py:69 [CLIENT] Observation Sent 2097152/4608974 bytes with state 1
DEBUG 2026-06-09 16:59:32 ort/utils.py:69 [CLIENT] Observation Sent 4194304/4608974 bytes with state 2
DEBUG 2026-06-09 16:59:32 ort/utils.py:69 [CLIENT] Observation Sent 4608974/4608974 bytes with state 3
DEBUG 2026-06-09 16:59:32 ort/utils.py:71 [CLIENT] Observation Published 4.39546012878418 MB
DEBUG 2026-06-09 16:59:32 t_client.py:292 Received actions on device: cpu
DEBUG 2026-06-09 16:59:32 t_client.py:302 Actions kept on device: cpu
DEBUG 2026-06-09 16:59:32 t_client.py:209 Sent observation #609 | 
DEBUG 2026-06-09 16:59:32 t_client.py:434 QUEUE SIZE: 7 (Must go: False)
DEBUG 2026-06-09 16:59:32 t_client.py:477 Control loop (ms): 140.08
DEBUG 2026-06-09 16:59:32 t_client.py:477 Control loop (ms): 1.60
DEBUG 2026-06-09 16:59:32 t_client.py:477 Control loop (ms): 2.09
DEBUG 2026-06-09 16:59:32 t_client.py:477 Control loop (ms): 2.12
DEBUG 2026-06-09 16:59:32 t_client.py:292 Received actions on device: cpu
DEBUG 2026-06-09 16:59:32 t_client.py:302 Actions kept on device: cpu
DEBUG 2026-06-09 16:59:32 t_client.py:477 Control loop (ms): 1.23
DEBUG 2026-06-09 16:59:32 t_client.py:477 Control loop (ms): 1.98
DEBUG 2026-06-09 16:59:32 t_client.py:477 Control loop (ms): 2.19
DEBUG 2026-06-09 16:59:32 follower.py:184 follower_right SOFollower read state: 2.5ms
DEBUG 2026-06-09 16:59:32 follower.py:191 follower_right SOFollower read wrist: 0.0ms
DEBUG 2026-06-09 16:59:32 follower.py:184 follower_left SOFollower read state: 2.4ms
DEBUG 2026-06-09 16:59:32 follower.py:191 follower_left SOFollower read wrist: 0.0ms
DEBUG 2026-06-09 16:59:32 t_client.py:198 Observation serialization time: 0.010957s
DEBUG 2026-06-09 16:59:32 ort/utils.py:54 [CLIENT] Observation Buffer size 4.39546012878418 MB with
DEBUG 2026-06-09 16:59:32 ort/utils.py:69 [CLIENT] Observation Sent 2097152/4608974 bytes with state 1
DEBUG 2026-06-09 16:59:32 ort/utils.py:69 [CLIENT] Observation Sent 4194304/4608974 bytes with state 2
DEBUG 2026-06-09 16:59:32 ort/utils.py:69 [CLIENT] Observation Sent 4608974/4608974 bytes with state 3
DEBUG 2026-06-09 16:59:32 ort/utils.py:71 [CLIENT] Observation Published 4.39546012878418 MB
DEBUG 2026-06-09 16:59:32 t_client.py:209 Sent observation #616 | 
DEBUG 2026-06-09 16:59:32 t_client.py:434 QUEUE SIZE: 8 (Must go: False)
DEBUG 2026-06-09 16:59:32 t_client.py:477 Control loop (ms): 110.57
DEBUG 2026-06-09 16:59:32 follower.py:184 follower_right SOFollower read state: 2.0ms
DEBUG 2026-06-09 16:59:32 follower.py:191 follower_right SOFollower read wrist: 0.0ms
DEBUG 2026-06-09 16:59:32 follower.py:184 follower_left SOFollower read state: 1.9ms
DEBUG 2026-06-09 16:59:32 follower.py:191 follower_left SOFollower read wrist: 0.0ms
DEBUG 2026-06-09 16:59:32 t_client.py:198 Observation serialization time: 0.006273s
DEBUG 2026-06-09 16:59:32 ort/utils.py:54 [CLIENT] Observation Buffer size 4.39546012878418 MB with
DEBUG 2026-06-09 16:59:32 ort/utils.py:69 [CLIENT] Observation Sent 2097152/4608974 bytes with state 1
DEBUG 2026-06-09 16:59:32 ort/utils.py:69 [CLIENT] Observation Sent 4194304/4608974 bytes with state 2
DEBUG 2026-06-09 16:59:32 ort/utils.py:69 [CLIENT] Observation Sent 4608974/4608974 bytes with state 3
DEBUG 2026-06-09 16:59:32 ort/utils.py:71 [CLIENT] Observation Published 4.39546012878418 MB
DEBUG 2026-06-09 16:59:32 t_client.py:292 Received actions on device: cpu
DEBUG 2026-06-09 16:59:32 t_client.py:302 Actions kept on device: cpu
DEBUG 2026-06-09 16:59:32 t_client.py:209 Sent observation #617 | 
DEBUG 2026-06-09 16:59:32 t_client.py:434 QUEUE SIZE: 7 (Must go: False)
DEBUG 2026-06-09 16:59:32 t_client.py:477 Control loop (ms): 142.68
DEBUG 2026-06-09 16:59:32 t_client.py:477 Control loop (ms): 0.78
DEBUG 2026-06-09 16:59:32 t_client.py:477 Control loop (ms): 1.90
DEBUG 2026-06-09 16:59:32 t_client.py:477 Control loop (ms): 1.41
DEBUG 2026-06-09 16:59:32 t_client.py:292 Received actions on device: cpu
DEBUG 2026-06-09 16:59:32 t_client.py:302 Actions kept on device: cpu
DEBUG 2026-06-09 16:59:32 t_client.py:477 Control loop (ms): 1.49
DEBUG 2026-06-09 16:59:32 t_client.py:477 Control loop (ms): 1.76
DEBUG 2026-06-09 16:59:32 t_client.py:477 Control loop (ms): 2.49
DEBUG 2026-06-09 16:59:32 follower.py:184 follower_right SOFollower read state: 2.3ms
DEBUG 2026-06-09 16:59:32 follower.py:191 follower_right SOFollower read wrist: 0.0ms
DEBUG 2026-06-09 16:59:32 follower.py:184 follower_left SOFollower read state: 2.1ms
DEBUG 2026-06-09 16:59:32 follower.py:191 follower_left SOFollower read wrist: 0.0ms
DEBUG 2026-06-09 16:59:32 t_client.py:198 Observation serialization time: 0.008230s
DEBUG 2026-06-09 16:59:32 ort/utils.py:54 [CLIENT] Observation Buffer size 4.39546012878418 MB with
DEBUG 2026-06-09 16:59:32 ort/utils.py:69 [CLIENT] Observation Sent 2097152/4608974 bytes with state 1
DEBUG 2026-06-09 16:59:32 ort/utils.py:69 [CLIENT] Observation Sent 4194304/4608974 bytes with state 2
DEBUG 2026-06-09 16:59:32 ort/utils.py:69 [CLIENT] Observation Sent 4608974/4608974 bytes with state 3
DEBUG 2026-06-09 16:59:32 ort/utils.py:71 [CLIENT] Observation Published 4.39546012878418 MB
DEBUG 2026-06-09 16:59:32 t_client.py:209 Sent observation #624 | 
DEBUG 2026-06-09 16:59:32 t_client.py:434 QUEUE SIZE: 8 (Must go: False)
DEBUG 2026-06-09 16:59:32 t_client.py:477 Control loop (ms): 129.83
DEBUG 2026-06-09 16:59:32 follower.py:184 follower_right SOFollower read state: 2.4ms
DEBUG 2026-06-09 16:59:32 follower.py:191 follower_right SOFollower read wrist: 0.0ms
DEBUG 2026-06-09 16:59:32 follower.py:184 follower_left SOFollower read state: 2.3ms
DEBUG 2026-06-09 16:59:32 follower.py:191 follower_left SOFollower read wrist: 0.0ms
DEBUG 2026-06-09 16:59:32 t_client.py:198 Observation serialization time: 0.006485s
DEBUG 2026-06-09 16:59:32 ort/utils.py:54 [CLIENT] Observation Buffer size 4.39546012878418 MB with
DEBUG 2026-06-09 16:59:32 ort/utils.py:69 [CLIENT] Observation Sent 2097152/4608974 bytes with state 1
DEBUG 2026-06-09 16:59:33 ort/utils.py:69 [CLIENT] Observation Sent 4194304/4608974 bytes with state 2
DEBUG 2026-06-09 16:59:33 ort/utils.py:69 [CLIENT] Observation Sent 4608974/4608974 bytes with state 3
DEBUG 2026-06-09 16:59:33 ort/utils.py:71 [CLIENT] Observation Published 4.39546012878418 MB
DEBUG 2026-06-09 16:59:33 t_client.py:209 Sent observation #625 | 
DEBUG 2026-06-09 16:59:33 t_client.py:434 QUEUE SIZE: 7 (Must go: False)
DEBUG 2026-06-09 16:59:33 t_client.py:477 Control loop (ms): 138.51
DEBUG 2026-06-09 16:59:33 t_client.py:292 Received actions on device: cpu
DEBUG 2026-06-09 16:59:33 t_client.py:302 Actions kept on device: cpu
DEBUG 2026-06-09 16:59:33 follower.py:184 follower_right SOFollower read state: 1.8ms
DEBUG 2026-06-09 16:59:33 follower.py:191 follower_right SOFollower read wrist: 0.0ms
DEBUG 2026-06-09 16:59:33 follower.py:184 follower_left SOFollower read state: 1.6ms
DEBUG 2026-06-09 16:59:33 follower.py:191 follower_left SOFollower read wrist: 0.0ms
DEBUG 2026-06-09 16:59:33 t_client.py:198 Observation serialization time: 0.006393s
DEBUG 2026-06-09 16:59:33 ort/utils.py:54 [CLIENT] Observation Buffer size 4.39546012878418 MB with
DEBUG 2026-06-09 16:59:33 ort/utils.py:69 [CLIENT] Observation Sent 2097152/4608974 bytes with state 1
DEBUG 2026-06-09 16:59:33 ort/utils.py:69 [CLIENT] Observation Sent 4194304/4608974 bytes with state 2
DEBUG 2026-06-09 16:59:33 ort/utils.py:69 [CLIENT] Observation Sent 4608974/4608974 bytes with state 3
DEBUG 2026-06-09 16:59:33 ort/utils.py:71 [CLIENT] Observation Published 4.39546012878418 MB
DEBUG 2026-06-09 16:59:33 t_client.py:292 Received actions on device: cpu
DEBUG 2026-06-09 16:59:33 t_client.py:302 Actions kept on device: cpu
DEBUG 2026-06-09 16:59:33 t_client.py:209 Sent observation #626 | 
DEBUG 2026-06-09 16:59:33 t_client.py:434 QUEUE SIZE: 14 (Must go: False)
DEBUG 2026-06-09 16:59:33 t_client.py:477 Control loop (ms): 125.40
DEBUG 2026-06-09 16:59:33 t_client.py:477 Control loop (ms): 1.71
DEBUG 2026-06-09 16:59:33 t_client.py:477 Control loop (ms): 2.21
DEBUG 2026-06-09 16:59:33 t_client.py:477 Control loop (ms): 2.02
DEBUG 2026-06-09 16:59:33 t_client.py:292 Received actions on device: cpu
DEBUG 2026-06-09 16:59:33 t_client.py:302 Actions kept on device: cpu
DEBUG 2026-06-09 16:59:33 t_client.py:477 Control loop (ms): 1.48
DEBUG 2026-06-09 16:59:33 t_client.py:477 Control loop (ms): 1.75
DEBUG 2026-06-09 16:59:33 t_client.py:477 Control loop (ms): 1.92
DEBUG 2026-06-09 16:59:33 follower.py:184 follower_right SOFollower read state: 1.6ms
DEBUG 2026-06-09 16:59:33 follower.py:191 follower_right SOFollower read wrist: 0.0ms
DEBUG 2026-06-09 16:59:33 follower.py:184 follower_left SOFollower read state: 1.5ms
DEBUG 2026-06-09 16:59:33 follower.py:191 follower_left SOFollower read wrist: 0.0ms
DEBUG 2026-06-09 16:59:33 t_client.py:198 Observation serialization time: 0.002980s
DEBUG 2026-06-09 16:59:33 ort/utils.py:54 [CLIENT] Observation Buffer size 4.39546012878418 MB with
DEBUG 2026-06-09 16:59:33 ort/utils.py:69 [CLIENT] Observation Sent 2097152/4608974 bytes with state 1
DEBUG 2026-06-09 16:59:33 ort/utils.py:69 [CLIENT] Observation Sent 4194304/4608974 bytes with state 2
DEBUG 2026-06-09 16:59:33 ort/utils.py:69 [CLIENT] Observation Sent 4608974/4608974 bytes with state 3
DEBUG 2026-06-09 16:59:33 ort/utils.py:71 [CLIENT] Observation Published 4.39546012878418 MB
DEBUG 2026-06-09 16:59:33 t_client.py:209 Sent observation #633 | 
DEBUG 2026-06-09 16:59:33 t_client.py:434 QUEUE SIZE: 8 (Must go: False)
DEBUG 2026-06-09 16:59:33 t_client.py:477 Control loop (ms): 94.01
DEBUG 2026-06-09 16:59:33 follower.py:184 follower_right SOFollower read state: 2.1ms
DEBUG 2026-06-09 16:59:33 follower.py:191 follower_right SOFollower read wrist: 0.0ms
DEBUG 2026-06-09 16:59:33 follower.py:184 follower_left SOFollower read state: 2.0ms
DEBUG 2026-06-09 16:59:33 follower.py:191 follower_left SOFollower read wrist: 0.0ms
DEBUG 2026-06-09 16:59:33 t_client.py:198 Observation serialization time: 0.008089s
DEBUG 2026-06-09 16:59:33 ort/utils.py:54 [CLIENT] Observation Buffer size 4.39546012878418 MB with
DEBUG 2026-06-09 16:59:33 ort/utils.py:69 [CLIENT] Observation Sent 2097152/4608974 bytes with state 1
DEBUG 2026-06-09 16:59:33 ort/utils.py:69 [CLIENT] Observation Sent 4194304/4608974 bytes with state 2
DEBUG 2026-06-09 16:59:33 ort/utils.py:69 [CLIENT] Observation Sent 4608974/4608974 bytes with state 3
DEBUG 2026-06-09 16:59:33 ort/utils.py:71 [CLIENT] Observation Published 4.39546012878418 MB
DEBUG 2026-06-09 16:59:33 t_client.py:292 Received actions on device: cpu
DEBUG 2026-06-09 16:59:33 t_client.py:302 Actions kept on device: cpu
DEBUG 2026-06-09 16:59:33 t_client.py:209 Sent observation #634 | 
DEBUG 2026-06-09 16:59:33 t_client.py:434 QUEUE SIZE: 7 (Must go: False)
DEBUG 2026-06-09 16:59:33 t_client.py:477 Control loop (ms): 148.36
DEBUG 2026-06-09 16:59:33 t_client.py:477 Control loop (ms): 2.18
DEBUG 2026-06-09 16:59:33 t_client.py:477 Control loop (ms): 2.32
DEBUG 2026-06-09 16:59:33 t_client.py:477 Control loop (ms): 2.16
DEBUG 2026-06-09 16:59:33 t_client.py:292 Received actions on device: cpu
DEBUG 2026-06-09 16:59:33 t_client.py:302 Actions kept on device: cpu
DEBUG 2026-06-09 16:59:33 t_client.py:477 Control loop (ms): 2.05
DEBUG 2026-06-09 16:59:33 t_client.py:477 Control loop (ms): 2.11
DEBUG 2026-06-09 16:59:33 t_client.py:477 Control loop (ms): 1.99
DEBUG 2026-06-09 16:59:33 follower.py:184 follower_right SOFollower read state: 2.4ms
DEBUG 2026-06-09 16:59:33 follower.py:191 follower_right SOFollower read wrist: 0.1ms
DEBUG 2026-06-09 16:59:33 follower.py:184 follower_left SOFollower read state: 2.3ms
DEBUG 2026-06-09 16:59:33 follower.py:191 follower_left SOFollower read wrist: 0.1ms
DEBUG 2026-06-09 16:59:33 t_client.py:198 Observation serialization time: 0.009593s
DEBUG 2026-06-09 16:59:33 ort/utils.py:54 [CLIENT] Observation Buffer size 4.39546012878418 MB with
DEBUG 2026-06-09 16:59:33 ort/utils.py:69 [CLIENT] Observation Sent 2097152/4608974 bytes with state 1
DEBUG 2026-06-09 16:59:33 ort/utils.py:69 [CLIENT] Observation Sent 4194304/4608974 bytes with state 2
DEBUG 2026-06-09 16:59:33 ort/utils.py:69 [CLIENT] Observation Sent 4608974/4608974 bytes with state 3
DEBUG 2026-06-09 16:59:33 ort/utils.py:71 [CLIENT] Observation Published 4.39546012878418 MB
DEBUG 2026-06-09 16:59:33 t_client.py:209 Sent observation #641 | 
DEBUG 2026-06-09 16:59:33 t_client.py:434 QUEUE SIZE: 8 (Must go: False)
DEBUG 2026-06-09 16:59:33 t_client.py:477 Control loop (ms): 105.22
DEBUG 2026-06-09 16:59:33 follower.py:184 follower_right SOFollower read state: 1.5ms
DEBUG 2026-06-09 16:59:33 follower.py:191 follower_right SOFollower read wrist: 0.0ms
DEBUG 2026-06-09 16:59:33 follower.py:184 follower_left SOFollower read state: 1.4ms
DEBUG 2026-06-09 16:59:33 follower.py:191 follower_left SOFollower read wrist: 0.0ms
DEBUG 2026-06-09 16:59:33 t_client.py:198 Observation serialization time: 0.004812s
DEBUG 2026-06-09 16:59:33 ort/utils.py:54 [CLIENT] Observation Buffer size 4.39546012878418 MB with
DEBUG 2026-06-09 16:59:33 ort/utils.py:69 [CLIENT] Observation Sent 2097152/4608974 bytes with state 1
DEBUG 2026-06-09 16:59:34 ort/utils.py:69 [CLIENT] Observation Sent 4194304/4608974 bytes with state 2
DEBUG 2026-06-09 16:59:34 ort/utils.py:69 [CLIENT] Observation Sent 4608974/4608974 bytes with state 3
DEBUG 2026-06-09 16:59:34 ort/utils.py:71 [CLIENT] Observation Published 4.39546012878418 MB
DEBUG 2026-06-09 16:59:34 t_client.py:209 Sent observation #642 | 
DEBUG 2026-06-09 16:59:34 t_client.py:434 QUEUE SIZE: 7 (Must go: False)
DEBUG 2026-06-09 16:59:34 t_client.py:477 Control loop (ms): 105.69
DEBUG 2026-06-09 16:59:34 t_client.py:292 Received actions on device: cpu
DEBUG 2026-06-09 16:59:34 t_client.py:302 Actions kept on device: cpu
DEBUG 2026-06-09 16:59:34 t_client.py:477 Control loop (ms): 3.74
DEBUG 2026-06-09 16:59:34 t_client.py:477 Control loop (ms): 3.30
DEBUG 2026-06-09 16:59:34 t_client.py:477 Control loop (ms): 1.98
DEBUG 2026-06-09 16:59:34 t_client.py:292 Received actions on device: cpu
DEBUG 2026-06-09 16:59:34 t_client.py:302 Actions kept on device: cpu
DEBUG 2026-06-09 16:59:34 t_client.py:477 Control loop (ms): 3.10
DEBUG 2026-06-09 16:59:34 t_client.py:477 Control loop (ms): 2.68
DEBUG 2026-06-09 16:59:34 t_client.py:477 Control loop (ms): 2.63
DEBUG 2026-06-09 16:59:34 t_client.py:477 Control loop (ms): 2.66
DEBUG 2026-06-09 16:59:34 follower.py:184 follower_right SOFollower read state: 1.9ms
DEBUG 2026-06-09 16:59:34 follower.py:191 follower_right SOFollower read wrist: 0.0ms
DEBUG 2026-06-09 16:59:34 follower.py:184 follower_left SOFollower read state: 2.1ms
DEBUG 2026-06-09 16:59:34 follower.py:191 follower_left SOFollower read wrist: 0.0ms
DEBUG 2026-06-09 16:59:34 t_client.py:198 Observation serialization time: 0.007202s
DEBUG 2026-06-09 16:59:34 ort/utils.py:54 [CLIENT] Observation Buffer size 4.39546012878418 MB with
DEBUG 2026-06-09 16:59:34 ort/utils.py:69 [CLIENT] Observation Sent 2097152/4608974 bytes with state 1
DEBUG 2026-06-09 16:59:34 ort/utils.py:69 [CLIENT] Observation Sent 4194304/4608974 bytes with state 2
DEBUG 2026-06-09 16:59:34 ort/utils.py:69 [CLIENT] Observation Sent 4608974/4608974 bytes with state 3
DEBUG 2026-06-09 16:59:34 ort/utils.py:71 [CLIENT] Observation Published 4.39546012878418 MB
DEBUG 2026-06-09 16:59:34 t_client.py:209 Sent observation #649 | 
DEBUG 2026-06-09 16:59:34 t_client.py:434 QUEUE SIZE: 8 (Must go: False)
DEBUG 2026-06-09 16:59:34 t_client.py:477 Control loop (ms): 105.67
DEBUG 2026-06-09 16:59:34 follower.py:184 follower_right SOFollower read state: 2.3ms
DEBUG 2026-06-09 16:59:34 follower.py:191 follower_right SOFollower read wrist: 0.0ms
DEBUG 2026-06-09 16:59:34 follower.py:184 follower_left SOFollower read state: 1.9ms
DEBUG 2026-06-09 16:59:34 follower.py:191 follower_left SOFollower read wrist: 0.0ms
DEBUG 2026-06-09 16:59:34 t_client.py:198 Observation serialization time: 0.008645s
DEBUG 2026-06-09 16:59:34 ort/utils.py:54 [CLIENT] Observation Buffer size 4.39546012878418 MB with
DEBUG 2026-06-09 16:59:34 ort/utils.py:69 [CLIENT] Observation Sent 2097152/4608974 bytes with state 1
DEBUG 2026-06-09 16:59:34 ort/utils.py:69 [CLIENT] Observation Sent 4194304/4608974 bytes with state 2
DEBUG 2026-06-09 16:59:34 ort/utils.py:69 [CLIENT] Observation Sent 4608974/4608974 bytes with state 3
DEBUG 2026-06-09 16:59:34 ort/utils.py:71 [CLIENT] Observation Published 4.39546012878418 MB
DEBUG 2026-06-09 16:59:34 t_client.py:209 Sent observation #650 | 
DEBUG 2026-06-09 16:59:34 t_client.py:434 QUEUE SIZE: 7 (Must go: False)
DEBUG 2026-06-09 16:59:34 t_client.py:477 Control loop (ms): 116.94
DEBUG 2026-06-09 16:59:34 t_client.py:292 Received actions on device: cpu
DEBUG 2026-06-09 16:59:34 t_client.py:302 Actions kept on device: cpu
DEBUG 2026-06-09 16:59:34 follower.py:184 follower_right SOFollower read state: 1.9ms
DEBUG 2026-06-09 16:59:34 follower.py:191 follower_right SOFollower read wrist: 0.0ms
DEBUG 2026-06-09 16:59:34 follower.py:184 follower_left SOFollower read state: 2.2ms
DEBUG 2026-06-09 16:59:34 follower.py:191 follower_left SOFollower read wrist: 0.0ms
DEBUG 2026-06-09 16:59:34 t_client.py:198 Observation serialization time: 0.005375s
DEBUG 2026-06-09 16:59:34 ort/utils.py:54 [CLIENT] Observation Buffer size 4.39546012878418 MB with
DEBUG 2026-06-09 16:59:34 ort/utils.py:69 [CLIENT] Observation Sent 2097152/4608974 bytes with state 1
DEBUG 2026-06-09 16:59:34 ort/utils.py:69 [CLIENT] Observation Sent 4194304/4608974 bytes with state 2
DEBUG 2026-06-09 16:59:34 ort/utils.py:69 [CLIENT] Observation Sent 4608974/4608974 bytes with state 3
DEBUG 2026-06-09 16:59:34 ort/utils.py:71 [CLIENT] Observation Published 4.39546012878418 MB
DEBUG 2026-06-09 16:59:34 t_client.py:209 Sent observation #651 | 
DEBUG 2026-06-09 16:59:34 t_client.py:434 QUEUE SIZE: 13 (Must go: False)
DEBUG 2026-06-09 16:59:34 t_client.py:477 Control loop (ms): 106.31
DEBUG 2026-06-09 16:59:34 t_client.py:477 Control loop (ms): 1.36
DEBUG 2026-06-09 16:59:34 t_client.py:477 Control loop (ms): 2.24
DEBUG 2026-06-09 16:59:34 t_client.py:477 Control loop (ms): 1.41
DEBUG 2026-06-09 16:59:34 t_client.py:292 Received actions on device: cpu
DEBUG 2026-06-09 16:59:34 t_client.py:302 Actions kept on device: cpu
DEBUG 2026-06-09 16:59:34 t_client.py:477 Control loop (ms): 1.49
DEBUG 2026-06-09 16:59:34 t_client.py:477 Control loop (ms): 1.93
DEBUG 2026-06-09 16:59:34 t_client.py:477 Control loop (ms): 2.43
DEBUG 2026-06-09 16:59:34 follower.py:184 follower_right SOFollower read state: 2.0ms
DEBUG 2026-06-09 16:59:34 follower.py:191 follower_right SOFollower read wrist: 0.0ms
DEBUG 2026-06-09 16:59:34 follower.py:184 follower_left SOFollower read state: 2.3ms
DEBUG 2026-06-09 16:59:34 follower.py:191 follower_left SOFollower read wrist: 0.0ms
DEBUG 2026-06-09 16:59:34 t_client.py:198 Observation serialization time: 0.003127s
DEBUG 2026-06-09 16:59:34 ort/utils.py:54 [CLIENT] Observation Buffer size 4.39546012878418 MB with
DEBUG 2026-06-09 16:59:34 ort/utils.py:69 [CLIENT] Observation Sent 2097152/4608974 bytes with state 1
DEBUG 2026-06-09 16:59:34 ort/utils.py:69 [CLIENT] Observation Sent 4194304/4608974 bytes with state 2
DEBUG 2026-06-09 16:59:34 ort/utils.py:69 [CLIENT] Observation Sent 4608974/4608974 bytes with state 3
DEBUG 2026-06-09 16:59:34 ort/utils.py:71 [CLIENT] Observation Published 4.39546012878418 MB
DEBUG 2026-06-09 16:59:35 t_client.py:209 Sent observation #658 | 
DEBUG 2026-06-09 16:59:35 t_client.py:434 QUEUE SIZE: 8 (Must go: False)
DEBUG 2026-06-09 16:59:35 t_client.py:477 Control loop (ms): 173.12
DEBUG 2026-06-09 16:59:35 follower.py:184 follower_right SOFollower read state: 2.2ms
DEBUG 2026-06-09 16:59:35 follower.py:191 follower_right SOFollower read wrist: 0.0ms
DEBUG 2026-06-09 16:59:35 follower.py:184 follower_left SOFollower read state: 2.2ms
DEBUG 2026-06-09 16:59:35 follower.py:191 follower_left SOFollower read wrist: 0.1ms
DEBUG 2026-06-09 16:59:35 t_client.py:198 Observation serialization time: 0.008486s
DEBUG 2026-06-09 16:59:35 ort/utils.py:54 [CLIENT] Observation Buffer size 4.39546012878418 MB with
DEBUG 2026-06-09 16:59:35 ort/utils.py:69 [CLIENT] Observation Sent 2097152/4608974 bytes with state 1
DEBUG 2026-06-09 16:59:35 ort/utils.py:69 [CLIENT] Observation Sent 4194304/4608974 bytes with state 2
DEBUG 2026-06-09 16:59:35 ort/utils.py:69 [CLIENT] Observation Sent 4608974/4608974 bytes with state 3
DEBUG 2026-06-09 16:59:35 ort/utils.py:71 [CLIENT] Observation Published 4.39546012878418 MB
DEBUG 2026-06-09 16:59:35 t_client.py:292 Received actions on device: cpu
DEBUG 2026-06-09 16:59:35 t_client.py:302 Actions kept on device: cpu
DEBUG 2026-06-09 16:59:35 t_client.py:209 Sent observation #659 | 
DEBUG 2026-06-09 16:59:35 t_client.py:434 QUEUE SIZE: 7 (Must go: False)
DEBUG 2026-06-09 16:59:35 t_client.py:477 Control loop (ms): 150.42
DEBUG 2026-06-09 16:59:35 t_client.py:477 Control loop (ms): 2.39
DEBUG 2026-06-09 16:59:35 t_client.py:477 Control loop (ms): 2.31
DEBUG 2026-06-09 16:59:35 t_client.py:477 Control loop (ms): 2.04
DEBUG 2026-06-09 16:59:35 t_client.py:292 Received actions on device: cpu
DEBUG 2026-06-09 16:59:35 t_client.py:302 Actions kept on device: cpu
DEBUG 2026-06-09 16:59:35 t_client.py:477 Control loop (ms): 1.27
DEBUG 2026-06-09 16:59:35 t_client.py:477 Control loop (ms): 1.75
DEBUG 2026-06-09 16:59:35 t_client.py:477 Control loop (ms): 1.54
DEBUG 2026-06-09 16:59:35 follower.py:184 follower_right SOFollower read state: 2.1ms
DEBUG 2026-06-09 16:59:35 follower.py:191 follower_right SOFollower read wrist: 0.0ms
DEBUG 2026-06-09 16:59:35 follower.py:184 follower_left SOFollower read state: 2.2ms
DEBUG 2026-06-09 16:59:35 follower.py:191 follower_left SOFollower read wrist: 0.0ms
DEBUG 2026-06-09 16:59:35 t_client.py:198 Observation serialization time: 0.005032s
DEBUG 2026-06-09 16:59:35 ort/utils.py:54 [CLIENT] Observation Buffer size 4.39546012878418 MB with
DEBUG 2026-06-09 16:59:35 ort/utils.py:69 [CLIENT] Observation Sent 2097152/4608974 bytes with state 1
DEBUG 2026-06-09 16:59:35 ort/utils.py:69 [CLIENT] Observation Sent 4194304/4608974 bytes with state 2
DEBUG 2026-06-09 16:59:35 ort/utils.py:69 [CLIENT] Observation Sent 4608974/4608974 bytes with state 3
DEBUG 2026-06-09 16:59:35 ort/utils.py:71 [CLIENT] Observation Published 4.39546012878418 MB
DEBUG 2026-06-09 16:59:35 t_client.py:209 Sent observation #666 | 
DEBUG 2026-06-09 16:59:35 t_client.py:434 QUEUE SIZE: 8 (Must go: False)
DEBUG 2026-06-09 16:59:35 t_client.py:477 Control loop (ms): 101.88
DEBUG 2026-06-09 16:59:35 follower.py:184 follower_right SOFollower read state: 2.1ms
DEBUG 2026-06-09 16:59:35 follower.py:191 follower_right SOFollower read wrist: 0.0ms
DEBUG 2026-06-09 16:59:35 follower.py:184 follower_left SOFollower read state: 1.8ms
DEBUG 2026-06-09 16:59:35 follower.py:191 follower_left SOFollower read wrist: 0.0ms
DEBUG 2026-06-09 16:59:35 t_client.py:198 Observation serialization time: 0.004396s
DEBUG 2026-06-09 16:59:35 ort/utils.py:54 [CLIENT] Observation Buffer size 4.39546012878418 MB with
DEBUG 2026-06-09 16:59:35 ort/utils.py:69 [CLIENT] Observation Sent 2097152/4608974 bytes with state 1
DEBUG 2026-06-09 16:59:35 ort/utils.py:69 [CLIENT] Observation Sent 4194304/4608974 bytes with state 2
DEBUG 2026-06-09 16:59:35 ort/utils.py:69 [CLIENT] Observation Sent 4608974/4608974 bytes with state 3
DEBUG 2026-06-09 16:59:35 ort/utils.py:71 [CLIENT] Observation Published 4.39546012878418 MB
DEBUG 2026-06-09 16:59:35 t_client.py:209 Sent observation #667 | 
DEBUG 2026-06-09 16:59:35 t_client.py:434 QUEUE SIZE: 7 (Must go: False)
DEBUG 2026-06-09 16:59:35 t_client.py:477 Control loop (ms): 92.06
DEBUG 2026-06-09 16:59:35 t_client.py:292 Received actions on device: cpu
DEBUG 2026-06-09 16:59:35 t_client.py:302 Actions kept on device: cpu
DEBUG 2026-06-09 16:59:35 follower.py:184 follower_right SOFollower read state: 2.9ms
DEBUG 2026-06-09 16:59:35 follower.py:191 follower_right SOFollower read wrist: 0.0ms
DEBUG 2026-06-09 16:59:35 follower.py:184 follower_left SOFollower read state: 1.8ms
DEBUG 2026-06-09 16:59:35 follower.py:191 follower_left SOFollower read wrist: 0.0ms
DEBUG 2026-06-09 16:59:35 t_client.py:198 Observation serialization time: 0.005375s
DEBUG 2026-06-09 16:59:35 ort/utils.py:54 [CLIENT] Observation Buffer size 4.39546012878418 MB with
DEBUG 2026-06-09 16:59:35 ort/utils.py:69 [CLIENT] Observation Sent 2097152/4608974 bytes with state 1
DEBUG 2026-06-09 16:59:35 ort/utils.py:69 [CLIENT] Observation Sent 4194304/4608974 bytes with state 2
DEBUG 2026-06-09 16:59:35 ort/utils.py:69 [CLIENT] Observation Sent 4608974/4608974 bytes with state 3
DEBUG 2026-06-09 16:59:35 ort/utils.py:71 [CLIENT] Observation Published 4.39546012878418 MB
DEBUG 2026-06-09 16:59:35 t_client.py:209 Sent observation #668 | 
DEBUG 2026-06-09 16:59:35 t_client.py:434 QUEUE SIZE: 13 (Must go: False)
DEBUG 2026-06-09 16:59:35 t_client.py:477 Control loop (ms): 100.46
DEBUG 2026-06-09 16:59:35 t_client.py:477 Control loop (ms): 1.69
DEBUG 2026-06-09 16:59:35 t_client.py:292 Received actions on device: cpu
DEBUG 2026-06-09 16:59:35 t_client.py:302 Actions kept on device: cpu
DEBUG 2026-06-09 16:59:35 t_client.py:477 Control loop (ms): 2.07
DEBUG 2026-06-09 16:59:35 t_client.py:477 Control loop (ms): 2.30
DEBUG 2026-06-09 16:59:35 t_client.py:477 Control loop (ms): 2.16
DEBUG 2026-06-09 16:59:35 t_client.py:292 Received actions on device: cpu
DEBUG 2026-06-09 16:59:35 t_client.py:302 Actions kept on device: cpu
DEBUG 2026-06-09 16:59:35 t_client.py:477 Control loop (ms): 1.19
DEBUG 2026-06-09 16:59:35 t_client.py:477 Control loop (ms): 1.77
DEBUG 2026-06-09 16:59:35 follower.py:184 follower_right SOFollower read state: 2.3ms
DEBUG 2026-06-09 16:59:35 follower.py:191 follower_right SOFollower read wrist: 0.0ms
DEBUG 2026-06-09 16:59:35 follower.py:184 follower_left SOFollower read state: 2.0ms
DEBUG 2026-06-09 16:59:35 follower.py:191 follower_left SOFollower read wrist: 0.0ms
DEBUG 2026-06-09 16:59:35 t_client.py:198 Observation serialization time: 0.008670s
DEBUG 2026-06-09 16:59:35 ort/utils.py:54 [CLIENT] Observation Buffer size 4.39546012878418 MB with
DEBUG 2026-06-09 16:59:35 ort/utils.py:69 [CLIENT] Observation Sent 2097152/4608974 bytes with state 1
DEBUG 2026-06-09 16:59:35 ort/utils.py:69 [CLIENT] Observation Sent 4194304/4608974 bytes with state 2
DEBUG 2026-06-09 16:59:35 ort/utils.py:69 [CLIENT] Observation Sent 4608974/4608974 bytes with state 3
DEBUG 2026-06-09 16:59:35 ort/utils.py:71 [CLIENT] Observation Published 4.39546012878418 MB
DEBUG 2026-06-09 16:59:35 t_client.py:209 Sent observation #675 | 
DEBUG 2026-06-09 16:59:35 t_client.py:434 QUEUE SIZE: 8 (Must go: False)
DEBUG 2026-06-09 16:59:35 t_client.py:477 Control loop (ms): 103.60
DEBUG 2026-06-09 16:59:35 follower.py:184 follower_right SOFollower read state: 1.9ms
DEBUG 2026-06-09 16:59:35 follower.py:191 follower_right SOFollower read wrist: 0.0ms
DEBUG 2026-06-09 16:59:35 follower.py:184 follower_left SOFollower read state: 1.8ms
DEBUG 2026-06-09 16:59:35 follower.py:191 follower_left SOFollower read wrist: 0.0ms
DEBUG 2026-06-09 16:59:35 t_client.py:198 Observation serialization time: 0.009235s
DEBUG 2026-06-09 16:59:35 ort/utils.py:54 [CLIENT] Observation Buffer size 4.39546012878418 MB with
DEBUG 2026-06-09 16:59:36 ort/utils.py:69 [CLIENT] Observation Sent 2097152/4608974 bytes with state 1
DEBUG 2026-06-09 16:59:36 ort/utils.py:69 [CLIENT] Observation Sent 4194304/4608974 bytes with state 2
DEBUG 2026-06-09 16:59:36 ort/utils.py:69 [CLIENT] Observation Sent 4608974/4608974 bytes with state 3
DEBUG 2026-06-09 16:59:36 ort/utils.py:71 [CLIENT] Observation Published 4.39546012878418 MB
DEBUG 2026-06-09 16:59:36 t_client.py:292 Received actions on device: cpu
DEBUG 2026-06-09 16:59:36 t_client.py:302 Actions kept on device: cpu
DEBUG 2026-06-09 16:59:36 t_client.py:209 Sent observation #676 | 
DEBUG 2026-06-09 16:59:36 t_client.py:434 QUEUE SIZE: 7 (Must go: False)
DEBUG 2026-06-09 16:59:36 t_client.py:477 Control loop (ms): 116.47
DEBUG 2026-06-09 16:59:36 t_client.py:477 Control loop (ms): 1.02
DEBUG 2026-06-09 16:59:36 t_client.py:477 Control loop (ms): 1.95
DEBUG 2026-06-09 16:59:36 t_client.py:477 Control loop (ms): 1.87
DEBUG 2026-06-09 16:59:36 t_client.py:292 Received actions on device: cpu
DEBUG 2026-06-09 16:59:36 t_client.py:302 Actions kept on device: cpu
DEBUG 2026-06-09 16:59:36 t_client.py:477 Control loop (ms): 1.37
DEBUG 2026-06-09 16:59:36 t_client.py:477 Control loop (ms): 2.36
DEBUG 2026-06-09 16:59:36 t_client.py:477 Control loop (ms): 2.31
DEBUG 2026-06-09 16:59:36 follower.py:184 follower_right SOFollower read state: 2.3ms
DEBUG 2026-06-09 16:59:36 follower.py:191 follower_right SOFollower read wrist: 0.0ms
DEBUG 2026-06-09 16:59:36 follower.py:184 follower_left SOFollower read state: 2.5ms
DEBUG 2026-06-09 16:59:36 follower.py:191 follower_left SOFollower read wrist: 0.0ms
DEBUG 2026-06-09 16:59:36 t_client.py:198 Observation serialization time: 0.007280s
DEBUG 2026-06-09 16:59:36 ort/utils.py:54 [CLIENT] Observation Buffer size 4.39546012878418 MB with
DEBUG 2026-06-09 16:59:36 ort/utils.py:69 [CLIENT] Observation Sent 2097152/4608974 bytes with state 1
DEBUG 2026-06-09 16:59:36 ort/utils.py:69 [CLIENT] Observation Sent 4194304/4608974 bytes with state 2
DEBUG 2026-06-09 16:59:36 ort/utils.py:69 [CLIENT] Observation Sent 4608974/4608974 bytes with state 3
DEBUG 2026-06-09 16:59:36 ort/utils.py:71 [CLIENT] Observation Published 4.39546012878418 MB
DEBUG 2026-06-09 16:59:36 t_client.py:209 Sent observation #683 | 
DEBUG 2026-06-09 16:59:36 t_client.py:434 QUEUE SIZE: 8 (Must go: False)
DEBUG 2026-06-09 16:59:36 t_client.py:477 Control loop (ms): 141.14
DEBUG 2026-06-09 16:59:36 follower.py:184 follower_right SOFollower read state: 2.0ms
DEBUG 2026-06-09 16:59:36 follower.py:191 follower_right SOFollower read wrist: 0.0ms
DEBUG 2026-06-09 16:59:36 follower.py:184 follower_left SOFollower read state: 1.9ms
DEBUG 2026-06-09 16:59:36 follower.py:191 follower_left SOFollower read wrist: 0.0ms
DEBUG 2026-06-09 16:59:36 t_client.py:198 Observation serialization time: 0.009521s
DEBUG 2026-06-09 16:59:36 ort/utils.py:54 [CLIENT] Observation Buffer size 4.39546012878418 MB with
DEBUG 2026-06-09 16:59:36 ort/utils.py:69 [CLIENT] Observation Sent 2097152/4608974 bytes with state 1
DEBUG 2026-06-09 16:59:36 ort/utils.py:69 [CLIENT] Observation Sent 4194304/4608974 bytes with state 2
DEBUG 2026-06-09 16:59:36 ort/utils.py:69 [CLIENT] Observation Sent 4608974/4608974 bytes with state 3
DEBUG 2026-06-09 16:59:36 ort/utils.py:71 [CLIENT] Observation Published 4.39546012878418 MB
DEBUG 2026-06-09 16:59:36 t_client.py:209 Sent observation #684 | 
DEBUG 2026-06-09 16:59:36 t_client.py:434 QUEUE SIZE: 7 (Must go: False)
DEBUG 2026-06-09 16:59:36 t_client.py:477 Control loop (ms): 141.76
DEBUG 2026-06-09 16:59:36 follower.py:184 follower_right SOFollower read state: 4.9ms
DEBUG 2026-06-09 16:59:36 follower.py:191 follower_right SOFollower read wrist: 0.0ms
DEBUG 2026-06-09 16:59:36 t_client.py:292 Received actions on device: cpu
DEBUG 2026-06-09 16:59:36 t_client.py:302 Actions kept on device: cpu
DEBUG 2026-06-09 16:59:36 follower.py:184 follower_left SOFollower read state: 4.5ms
DEBUG 2026-06-09 16:59:36 follower.py:191 follower_left SOFollower read wrist: 0.1ms
DEBUG 2026-06-09 16:59:36 t_client.py:198 Observation serialization time: 0.015115s
DEBUG 2026-06-09 16:59:36 ort/utils.py:54 [CLIENT] Observation Buffer size 4.39546012878418 MB with
DEBUG 2026-06-09 16:59:36 ort/utils.py:69 [CLIENT] Observation Sent 2097152/4608974 bytes with state 1
DEBUG 2026-06-09 16:59:36 ort/utils.py:69 [CLIENT] Observation Sent 4194304/4608974 bytes with state 2
DEBUG 2026-06-09 16:59:36 ort/utils.py:69 [CLIENT] Observation Sent 4608974/4608974 bytes with state 3
DEBUG 2026-06-09 16:59:36 ort/utils.py:71 [CLIENT] Observation Published 4.39546012878418 MB
DEBUG 2026-06-09 16:59:36 t_client.py:292 Received actions on device: cpu
DEBUG 2026-06-09 16:59:36 t_client.py:302 Actions kept on device: cpu
DEBUG 2026-06-09 16:59:36 t_client.py:209 Sent observation #685 | 
DEBUG 2026-06-09 16:59:36 t_client.py:434 QUEUE SIZE: 13 (Must go: False)
DEBUG 2026-06-09 16:59:36 t_client.py:477 Control loop (ms): 150.15
DEBUG 2026-06-09 16:59:36 t_client.py:477 Control loop (ms): 1.93
DEBUG 2026-06-09 16:59:36 t_client.py:477 Control loop (ms): 2.34
DEBUG 2026-06-09 16:59:36 t_client.py:477 Control loop (ms): 2.08
DEBUG 2026-06-09 16:59:36 t_client.py:292 Received actions on device: cpu
DEBUG 2026-06-09 16:59:36 t_client.py:302 Actions kept on device: cpu
DEBUG 2026-06-09 16:59:36 t_client.py:477 Control loop (ms): 1.73
DEBUG 2026-06-09 16:59:36 t_client.py:477 Control loop (ms): 2.46
DEBUG 2026-06-09 16:59:36 t_client.py:477 Control loop (ms): 2.13
DEBUG 2026-06-09 16:59:36 follower.py:184 follower_right SOFollower read state: 2.1ms
DEBUG 2026-06-09 16:59:36 follower.py:191 follower_right SOFollower read wrist: 0.0ms
DEBUG 2026-06-09 16:59:36 follower.py:184 follower_left SOFollower read state: 1.8ms
DEBUG 2026-06-09 16:59:36 follower.py:191 follower_left SOFollower read wrist: 0.0ms
DEBUG 2026-06-09 16:59:36 t_client.py:198 Observation serialization time: 0.006620s
DEBUG 2026-06-09 16:59:36 ort/utils.py:54 [CLIENT] Observation Buffer size 4.39546012878418 MB with
DEBUG 2026-06-09 16:59:36 ort/utils.py:69 [CLIENT] Observation Sent 2097152/4608974 bytes with state 1
DEBUG 2026-06-09 16:59:37 ort/utils.py:69 [CLIENT] Observation Sent 4194304/4608974 bytes with state 2
DEBUG 2026-06-09 16:59:37 ort/utils.py:69 [CLIENT] Observation Sent 4608974/4608974 bytes with state 3
DEBUG 2026-06-09 16:59:37 ort/utils.py:71 [CLIENT] Observation Published 4.39546012878418 MB
DEBUG 2026-06-09 16:59:37 t_client.py:209 Sent observation #692 | 
DEBUG 2026-06-09 16:59:37 t_client.py:434 QUEUE SIZE: 8 (Must go: False)
DEBUG 2026-06-09 16:59:37 t_client.py:477 Control loop (ms): 117.42
DEBUG 2026-06-09 16:59:37 follower.py:184 follower_right SOFollower read state: 2.0ms
DEBUG 2026-06-09 16:59:37 follower.py:191 follower_right SOFollower read wrist: 0.1ms
DEBUG 2026-06-09 16:59:37 follower.py:184 follower_left SOFollower read state: 2.1ms
DEBUG 2026-06-09 16:59:37 follower.py:191 follower_left SOFollower read wrist: 0.0ms
DEBUG 2026-06-09 16:59:37 t_client.py:198 Observation serialization time: 0.010486s
DEBUG 2026-06-09 16:59:37 ort/utils.py:54 [CLIENT] Observation Buffer size 4.39546012878418 MB with
DEBUG 2026-06-09 16:59:37 ort/utils.py:69 [CLIENT] Observation Sent 2097152/4608974 bytes with state 1
DEBUG 2026-06-09 16:59:37 ort/utils.py:69 [CLIENT] Observation Sent 4194304/4608974 bytes with state 2
DEBUG 2026-06-09 16:59:37 ort/utils.py:69 [CLIENT] Observation Sent 4608974/4608974 bytes with state 3
DEBUG 2026-06-09 16:59:37 ort/utils.py:71 [CLIENT] Observation Published 4.39546012878418 MB
DEBUG 2026-06-09 16:59:37 t_client.py:209 Sent observation #693 | 
DEBUG 2026-06-09 16:59:37 t_client.py:434 QUEUE SIZE: 7 (Must go: False)
DEBUG 2026-06-09 16:59:37 t_client.py:477 Control loop (ms): 107.52
DEBUG 2026-06-09 16:59:37 t_client.py:292 Received actions on device: cpu
DEBUG 2026-06-09 16:59:37 t_client.py:302 Actions kept on device: cpu
DEBUG 2026-06-09 16:59:37 follower.py:184 follower_right SOFollower read state: 2.1ms
DEBUG 2026-06-09 16:59:37 follower.py:191 follower_right SOFollower read wrist: 0.0ms
DEBUG 2026-06-09 16:59:37 follower.py:184 follower_left SOFollower read state: 1.9ms
DEBUG 2026-06-09 16:59:37 follower.py:191 follower_left SOFollower read wrist: 0.0ms
DEBUG 2026-06-09 16:59:37 t_client.py:198 Observation serialization time: 0.008006s
DEBUG 2026-06-09 16:59:37 ort/utils.py:54 [CLIENT] Observation Buffer size 4.39546012878418 MB with
DEBUG 2026-06-09 16:59:37 ort/utils.py:69 [CLIENT] Observation Sent 2097152/4608974 bytes with state 1
DEBUG 2026-06-09 16:59:37 ort/utils.py:69 [CLIENT] Observation Sent 4194304/4608974 bytes with state 2
DEBUG 2026-06-09 16:59:37 ort/utils.py:69 [CLIENT] Observation Sent 4608974/4608974 bytes with state 3
DEBUG 2026-06-09 16:59:37 ort/utils.py:71 [CLIENT] Observation Published 4.39546012878418 MB
DEBUG 2026-06-09 16:59:37 t_client.py:209 Sent observation #694 | 
DEBUG 2026-06-09 16:59:37 t_client.py:434 QUEUE SIZE: 14 (Must go: False)
DEBUG 2026-06-09 16:59:37 t_client.py:477 Control loop (ms): 114.16
DEBUG 2026-06-09 16:59:37 t_client.py:477 Control loop (ms): 8.41
DEBUG 2026-06-09 16:59:37 t_client.py:292 Received actions on device: cpu
DEBUG 2026-06-09 16:59:37 t_client.py:302 Actions kept on device: cpu
DEBUG 2026-06-09 16:59:37 t_client.py:477 Control loop (ms): 2.85
DEBUG 2026-06-09 16:59:37 t_client.py:477 Control loop (ms): 2.69
DEBUG 2026-06-09 16:59:37 t_client.py:477 Control loop (ms): 1.69
DEBUG 2026-06-09 16:59:37 t_client.py:292 Received actions on device: cpu
DEBUG 2026-06-09 16:59:37 t_client.py:302 Actions kept on device: cpu
DEBUG 2026-06-09 16:59:37 t_client.py:477 Control loop (ms): 1.61
DEBUG 2026-06-09 16:59:37 t_client.py:477 Control loop (ms): 1.65
DEBUG 2026-06-09 16:59:37 t_client.py:477 Control loop (ms): 1.40
DEBUG 2026-06-09 16:59:37 follower.py:184 follower_right SOFollower read state: 3.0ms
DEBUG 2026-06-09 16:59:37 follower.py:191 follower_right SOFollower read wrist: 0.1ms
DEBUG 2026-06-09 16:59:37 follower.py:184 follower_left SOFollower read state: 2.1ms
DEBUG 2026-06-09 16:59:37 follower.py:191 follower_left SOFollower read wrist: 0.0ms
DEBUG 2026-06-09 16:59:37 t_client.py:198 Observation serialization time: 0.003642s
DEBUG 2026-06-09 16:59:37 ort/utils.py:54 [CLIENT] Observation Buffer size 4.39546012878418 MB with
DEBUG 2026-06-09 16:59:37 ort/utils.py:69 [CLIENT] Observation Sent 2097152/4608974 bytes with state 1
DEBUG 2026-06-09 16:59:37 ort/utils.py:69 [CLIENT] Observation Sent 4194304/4608974 bytes with state 2
DEBUG 2026-06-09 16:59:37 ort/utils.py:69 [CLIENT] Observation Sent 4608974/4608974 bytes with state 3
DEBUG 2026-06-09 16:59:37 ort/utils.py:71 [CLIENT] Observation Published 4.39546012878418 MB
DEBUG 2026-06-09 16:59:37 t_client.py:209 Sent observation #701 | 
DEBUG 2026-06-09 16:59:37 t_client.py:434 QUEUE SIZE: 8 (Must go: False)
DEBUG 2026-06-09 16:59:37 t_client.py:477 Control loop (ms): 110.03
DEBUG 2026-06-09 16:59:37 follower.py:184 follower_right SOFollower read state: 2.4ms
DEBUG 2026-06-09 16:59:37 follower.py:191 follower_right SOFollower read wrist: 0.1ms
DEBUG 2026-06-09 16:59:37 follower.py:184 follower_left SOFollower read state: 2.2ms
DEBUG 2026-06-09 16:59:37 follower.py:191 follower_left SOFollower read wrist: 0.0ms
DEBUG 2026-06-09 16:59:37 t_client.py:198 Observation serialization time: 0.010992s
DEBUG 2026-06-09 16:59:37 ort/utils.py:54 [CLIENT] Observation Buffer size 4.39546012878418 MB with
DEBUG 2026-06-09 16:59:37 ort/utils.py:69 [CLIENT] Observation Sent 2097152/4608974 bytes with state 1
DEBUG 2026-06-09 16:59:37 ort/utils.py:69 [CLIENT] Observation Sent 4194304/4608974 bytes with state 2
DEBUG 2026-06-09 16:59:37 ort/utils.py:69 [CLIENT] Observation Sent 4608974/4608974 bytes with state 3
DEBUG 2026-06-09 16:59:37 ort/utils.py:71 [CLIENT] Observation Published 4.39546012878418 MB
DEBUG 2026-06-09 16:59:37 t_client.py:292 Received actions on device: cpu
DEBUG 2026-06-09 16:59:37 t_client.py:302 Actions kept on device: cpu
DEBUG 2026-06-09 16:59:37 t_client.py:209 Sent observation #702 | 
DEBUG 2026-06-09 16:59:37 t_client.py:434 QUEUE SIZE: 7 (Must go: False)
DEBUG 2026-06-09 16:59:37 t_client.py:477 Control loop (ms): 110.54
DEBUG 2026-06-09 16:59:37 t_client.py:477 Control loop (ms): 1.30
DEBUG 2026-06-09 16:59:37 t_client.py:477 Control loop (ms): 1.75
DEBUG 2026-06-09 16:59:37 t_client.py:477 Control loop (ms): 1.62
DEBUG 2026-06-09 16:59:37 t_client.py:292 Received actions on device: cpu
DEBUG 2026-06-09 16:59:37 t_client.py:302 Actions kept on device: cpu
DEBUG 2026-06-09 16:59:37 t_client.py:477 Control loop (ms): 1.78
DEBUG 2026-06-09 16:59:37 t_client.py:477 Control loop (ms): 1.89
DEBUG 2026-06-09 16:59:37 t_client.py:477 Control loop (ms): 1.75
DEBUG 2026-06-09 16:59:37 follower.py:184 follower_right SOFollower read state: 1.8ms
DEBUG 2026-06-09 16:59:37 follower.py:191 follower_right SOFollower read wrist: 0.0ms
DEBUG 2026-06-09 16:59:37 follower.py:184 follower_left SOFollower read state: 2.2ms
DEBUG 2026-06-09 16:59:37 follower.py:191 follower_left SOFollower read wrist: 0.0ms
DEBUG 2026-06-09 16:59:37 t_client.py:198 Observation serialization time: 0.008604s
DEBUG 2026-06-09 16:59:37 ort/utils.py:54 [CLIENT] Observation Buffer size 4.39546012878418 MB with
DEBUG 2026-06-09 16:59:37 ort/utils.py:69 [CLIENT] Observation Sent 2097152/4608974 bytes with state 1
DEBUG 2026-06-09 16:59:37 ort/utils.py:69 [CLIENT] Observation Sent 4194304/4608974 bytes with state 2
DEBUG 2026-06-09 16:59:37 ort/utils.py:69 [CLIENT] Observation Sent 4608974/4608974 bytes with state 3
DEBUG 2026-06-09 16:59:38 ort/utils.py:71 [CLIENT] Observation Published 4.39546012878418 MB
DEBUG 2026-06-09 16:59:38 t_client.py:209 Sent observation #709 | 
DEBUG 2026-06-09 16:59:38 t_client.py:434 QUEUE SIZE: 8 (Must go: False)
DEBUG 2026-06-09 16:59:38 t_client.py:477 Control loop (ms): 270.46
DEBUG 2026-06-09 16:59:38 follower.py:184 follower_right SOFollower read state: 2.3ms
DEBUG 2026-06-09 16:59:38 follower.py:191 follower_right SOFollower read wrist: 0.0ms
DEBUG 2026-06-09 16:59:38 follower.py:184 follower_left SOFollower read state: 2.2ms
DEBUG 2026-06-09 16:59:38 follower.py:191 follower_left SOFollower read wrist: 0.0ms
DEBUG 2026-06-09 16:59:38 t_client.py:198 Observation serialization time: 0.006277s
DEBUG 2026-06-09 16:59:38 ort/utils.py:54 [CLIENT] Observation Buffer size 4.39546012878418 MB with
DEBUG 2026-06-09 16:59:38 t_client.py:292 Received actions on device: cpu
DEBUG 2026-06-09 16:59:38 t_client.py:302 Actions kept on device: cpu
DEBUG 2026-06-09 16:59:38 ort/utils.py:69 [CLIENT] Observation Sent 2097152/4608974 bytes with state 1
DEBUG 2026-06-09 16:59:38 ort/utils.py:69 [CLIENT] Observation Sent 4194304/4608974 bytes with state 2
DEBUG 2026-06-09 16:59:38 ort/utils.py:69 [CLIENT] Observation Sent 4608974/4608974 bytes with state 3
DEBUG 2026-06-09 16:59:38 ort/utils.py:71 [CLIENT] Observation Published 4.39546012878418 MB
DEBUG 2026-06-09 16:59:38 t_client.py:209 Sent observation #710 | 
DEBUG 2026-06-09 16:59:38 t_client.py:434 QUEUE SIZE: 7 (Must go: False)
DEBUG 2026-06-09 16:59:38 t_client.py:477 Control loop (ms): 246.02
DEBUG 2026-06-09 16:59:38 t_client.py:477 Control loop (ms): 1.78
DEBUG 2026-06-09 16:59:38 t_client.py:477 Control loop (ms): 1.65
DEBUG 2026-06-09 16:59:38 t_client.py:477 Control loop (ms): 2.10
DEBUG 2026-06-09 16:59:38 t_client.py:292 Received actions on device: cpu
DEBUG 2026-06-09 16:59:38 t_client.py:302 Actions kept on device: cpu
DEBUG 2026-06-09 16:59:38 t_client.py:477 Control loop (ms): 1.52
DEBUG 2026-06-09 16:59:38 t_client.py:477 Control loop (ms): 1.87
DEBUG 2026-06-09 16:59:38 t_client.py:477 Control loop (ms): 1.85
DEBUG 2026-06-09 16:59:38 follower.py:184 follower_right SOFollower read state: 2.0ms
DEBUG 2026-06-09 16:59:38 follower.py:191 follower_right SOFollower read wrist: 0.0ms
DEBUG 2026-06-09 16:59:38 follower.py:184 follower_left SOFollower read state: 1.8ms
DEBUG 2026-06-09 16:59:38 follower.py:191 follower_left SOFollower read wrist: 0.0ms
DEBUG 2026-06-09 16:59:38 t_client.py:198 Observation serialization time: 0.007420s
DEBUG 2026-06-09 16:59:38 ort/utils.py:54 [CLIENT] Observation Buffer size 4.39546012878418 MB with
DEBUG 2026-06-09 16:59:38 ort/utils.py:69 [CLIENT] Observation Sent 2097152/4608974 bytes with state 1
DEBUG 2026-06-09 16:59:38 ort/utils.py:69 [CLIENT] Observation Sent 4194304/4608974 bytes with state 2
DEBUG 2026-06-09 16:59:38 ort/utils.py:69 [CLIENT] Observation Sent 4608974/4608974 bytes with state 3
DEBUG 2026-06-09 16:59:38 ort/utils.py:71 [CLIENT] Observation Published 4.39546012878418 MB
DEBUG 2026-06-09 16:59:38 t_client.py:209 Sent observation #717 | 
DEBUG 2026-06-09 16:59:38 t_client.py:434 QUEUE SIZE: 8 (Must go: False)
DEBUG 2026-06-09 16:59:38 t_client.py:477 Control loop (ms): 161.59
DEBUG 2026-06-09 16:59:38 follower.py:184 follower_right SOFollower read state: 1.5ms
DEBUG 2026-06-09 16:59:38 follower.py:191 follower_right SOFollower read wrist: 0.0ms
DEBUG 2026-06-09 16:59:38 follower.py:184 follower_left SOFollower read state: 1.4ms
DEBUG 2026-06-09 16:59:38 follower.py:191 follower_left SOFollower read wrist: 0.0ms
DEBUG 2026-06-09 16:59:38 t_client.py:198 Observation serialization time: 0.003202s
DEBUG 2026-06-09 16:59:38 ort/utils.py:54 [CLIENT] Observation Buffer size 4.39546012878418 MB with
DEBUG 2026-06-09 16:59:38 ort/utils.py:69 [CLIENT] Observation Sent 2097152/4608974 bytes with state 1
DEBUG 2026-06-09 16:59:38 ort/utils.py:69 [CLIENT] Observation Sent 4194304/4608974 bytes with state 2
DEBUG 2026-06-09 16:59:38 ort/utils.py:69 [CLIENT] Observation Sent 4608974/4608974 bytes with state 3
DEBUG 2026-06-09 16:59:38 ort/utils.py:71 [CLIENT] Observation Published 4.39546012878418 MB
DEBUG 2026-06-09 16:59:38 t_client.py:292 Received actions on device: cpu
DEBUG 2026-06-09 16:59:38 t_client.py:302 Actions kept on device: cpu
DEBUG 2026-06-09 16:59:38 t_client.py:209 Sent observation #718 | 
DEBUG 2026-06-09 16:59:38 t_client.py:434 QUEUE SIZE: 7 (Must go: False)
DEBUG 2026-06-09 16:59:38 t_client.py:477 Control loop (ms): 161.10
DEBUG 2026-06-09 16:59:38 t_client.py:477 Control loop (ms): 1.23
DEBUG 2026-06-09 16:59:39 t_client.py:477 Control loop (ms): 0.66
DEBUG 2026-06-09 16:59:39 t_client.py:477 Control loop (ms): 1.16
DEBUG 2026-06-09 16:59:39 t_client.py:292 Received actions on device: cpu
DEBUG 2026-06-09 16:59:39 t_client.py:302 Actions kept on device: cpu
DEBUG 2026-06-09 16:59:39 t_client.py:477 Control loop (ms): 1.43
DEBUG 2026-06-09 16:59:39 t_client.py:477 Control loop (ms): 1.35
DEBUG 2026-06-09 16:59:39 t_client.py:477 Control loop (ms): 1.88
DEBUG 2026-06-09 16:59:39 follower.py:184 follower_right SOFollower read state: 1.7ms
DEBUG 2026-06-09 16:59:39 follower.py:191 follower_right SOFollower read wrist: 0.0ms
DEBUG 2026-06-09 16:59:39 follower.py:184 follower_left SOFollower read state: 1.5ms
DEBUG 2026-06-09 16:59:39 follower.py:191 follower_left SOFollower read wrist: 0.0ms
DEBUG 2026-06-09 16:59:39 t_client.py:198 Observation serialization time: 0.007166s
DEBUG 2026-06-09 16:59:39 ort/utils.py:54 [CLIENT] Observation Buffer size 4.39546012878418 MB with
DEBUG 2026-06-09 16:59:39 ort/utils.py:69 [CLIENT] Observation Sent 2097152/4608974 bytes with state 1
DEBUG 2026-06-09 16:59:39 ort/utils.py:69 [CLIENT] Observation Sent 4194304/4608974 bytes with state 2
DEBUG 2026-06-09 16:59:39 ort/utils.py:69 [CLIENT] Observation Sent 4608974/4608974 bytes with state 3
DEBUG 2026-06-09 16:59:39 ort/utils.py:71 [CLIENT] Observation Published 4.39546012878418 MB
DEBUG 2026-06-09 16:59:39 t_client.py:209 Sent observation #725 | 
DEBUG 2026-06-09 16:59:39 t_client.py:434 QUEUE SIZE: 8 (Must go: False)
DEBUG 2026-06-09 16:59:39 t_client.py:477 Control loop (ms): 158.65
DEBUG 2026-06-09 16:59:39 follower.py:184 follower_right SOFollower read state: 2.0ms
DEBUG 2026-06-09 16:59:39 follower.py:191 follower_right SOFollower read wrist: 0.0ms
DEBUG 2026-06-09 16:59:39 follower.py:184 follower_left SOFollower read state: 1.7ms
DEBUG 2026-06-09 16:59:39 follower.py:191 follower_left SOFollower read wrist: 0.0ms
DEBUG 2026-06-09 16:59:39 t_client.py:198 Observation serialization time: 0.008485s
DEBUG 2026-06-09 16:59:39 ort/utils.py:54 [CLIENT] Observation Buffer size 4.39546012878418 MB with
DEBUG 2026-06-09 16:59:39 ort/utils.py:69 [CLIENT] Observation Sent 2097152/4608974 bytes with state 1
DEBUG 2026-06-09 16:59:39 ort/utils.py:69 [CLIENT] Observation Sent 4194304/4608974 bytes with state 2
DEBUG 2026-06-09 16:59:39 ort/utils.py:69 [CLIENT] Observation Sent 4608974/4608974 bytes with state 3
DEBUG 2026-06-09 16:59:39 ort/utils.py:71 [CLIENT] Observation Published 4.39546012878418 MB
DEBUG 2026-06-09 16:59:39 t_client.py:292 Received actions on device: cpu
DEBUG 2026-06-09 16:59:39 t_client.py:302 Actions kept on device: cpu
DEBUG 2026-06-09 16:59:39 t_client.py:209 Sent observation #726 | 
DEBUG 2026-06-09 16:59:39 t_client.py:434 QUEUE SIZE: 7 (Must go: False)
DEBUG 2026-06-09 16:59:39 t_client.py:477 Control loop (ms): 171.76
DEBUG 2026-06-09 16:59:39 t_client.py:477 Control loop (ms): 1.66
DEBUG 2026-06-09 16:59:39 t_client.py:477 Control loop (ms): 2.34
DEBUG 2026-06-09 16:59:39 t_client.py:477 Control loop (ms): 1.59
DEBUG 2026-06-09 16:59:39 t_client.py:477 Control loop (ms): 1.90
DEBUG 2026-06-09 16:59:39 t_client.py:292 Received actions on device: cpu
DEBUG 2026-06-09 16:59:39 t_client.py:302 Actions kept on device: cpu
DEBUG 2026-06-09 16:59:39 t_client.py:477 Control loop (ms): 1.89
DEBUG 2026-06-09 16:59:39 t_client.py:477 Control loop (ms): 2.08
DEBUG 2026-06-09 16:59:39 follower.py:184 follower_right SOFollower read state: 2.4ms
DEBUG 2026-06-09 16:59:39 follower.py:191 follower_right SOFollower read wrist: 0.0ms
DEBUG 2026-06-09 16:59:39 follower.py:184 follower_left SOFollower read state: 2.1ms
DEBUG 2026-06-09 16:59:39 follower.py:191 follower_left SOFollower read wrist: 0.0ms
DEBUG 2026-06-09 16:59:39 t_client.py:198 Observation serialization time: 0.005285s
DEBUG 2026-06-09 16:59:39 ort/utils.py:54 [CLIENT] Observation Buffer size 4.39546012878418 MB with
DEBUG 2026-06-09 16:59:39 ort/utils.py:69 [CLIENT] Observation Sent 2097152/4608974 bytes with state 1
DEBUG 2026-06-09 16:59:39 ort/utils.py:69 [CLIENT] Observation Sent 4194304/4608974 bytes with state 2
DEBUG 2026-06-09 16:59:39 ort/utils.py:69 [CLIENT] Observation Sent 4608974/4608974 bytes with state 3
DEBUG 2026-06-09 16:59:39 ort/utils.py:71 [CLIENT] Observation Published 4.39546012878418 MB
DEBUG 2026-06-09 16:59:39 t_client.py:209 Sent observation #733 | 
DEBUG 2026-06-09 16:59:39 t_client.py:434 QUEUE SIZE: 8 (Must go: False)
DEBUG 2026-06-09 16:59:39 t_client.py:477 Control loop (ms): 254.94
DEBUG 2026-06-09 16:59:39 follower.py:184 follower_right SOFollower read state: 2.4ms
DEBUG 2026-06-09 16:59:39 follower.py:191 follower_right SOFollower read wrist: 0.0ms
DEBUG 2026-06-09 16:59:39 follower.py:184 follower_left SOFollower read state: 2.0ms
DEBUG 2026-06-09 16:59:39 follower.py:191 follower_left SOFollower read wrist: 0.0ms
DEBUG 2026-06-09 16:59:39 t_client.py:198 Observation serialization time: 0.012481s
DEBUG 2026-06-09 16:59:39 ort/utils.py:54 [CLIENT] Observation Buffer size 4.39546012878418 MB with
DEBUG 2026-06-09 16:59:39 ort/utils.py:69 [CLIENT] Observation Sent 2097152/4608974 bytes with state 1
DEBUG 2026-06-09 16:59:40 ort/utils.py:69 [CLIENT] Observation Sent 4194304/4608974 bytes with state 2
DEBUG 2026-06-09 16:59:40 ort/utils.py:69 [CLIENT] Observation Sent 4608974/4608974 bytes with state 3
DEBUG 2026-06-09 16:59:40 ort/utils.py:71 [CLIENT] Observation Published 4.39546012878418 MB
DEBUG 2026-06-09 16:59:40 t_client.py:292 Received actions on device: cpu
DEBUG 2026-06-09 16:59:40 t_client.py:302 Actions kept on device: cpu
DEBUG 2026-06-09 16:59:40 t_client.py:209 Sent observation #734 | 
DEBUG 2026-06-09 16:59:40 t_client.py:434 QUEUE SIZE: 7 (Must go: False)
DEBUG 2026-06-09 16:59:40 t_client.py:477 Control loop (ms): 160.54
DEBUG 2026-06-09 16:59:40 t_client.py:477 Control loop (ms): 1.68
DEBUG 2026-06-09 16:59:40 t_client.py:477 Control loop (ms): 1.47
DEBUG 2026-06-09 16:59:40 t_client.py:477 Control loop (ms): 1.36
DEBUG 2026-06-09 16:59:40 t_client.py:477 Control loop (ms): 0.97
DEBUG 2026-06-09 16:59:40 t_client.py:477 Control loop (ms): 1.60
DEBUG 2026-06-09 16:59:40 t_client.py:292 Received actions on device: cpu
DEBUG 2026-06-09 16:59:40 t_client.py:302 Actions kept on device: cpu
DEBUG 2026-06-09 16:59:40 t_client.py:477 Control loop (ms): 1.05
DEBUG 2026-06-09 16:59:40 follower.py:184 follower_right SOFollower read state: 1.8ms
DEBUG 2026-06-09 16:59:40 follower.py:191 follower_right SOFollower read wrist: 0.0ms
DEBUG 2026-06-09 16:59:40 follower.py:184 follower_left SOFollower read state: 1.7ms
DEBUG 2026-06-09 16:59:40 follower.py:191 follower_left SOFollower read wrist: 0.0ms
DEBUG 2026-06-09 16:59:40 t_client.py:198 Observation serialization time: 0.007164s
DEBUG 2026-06-09 16:59:40 ort/utils.py:54 [CLIENT] Observation Buffer size 4.39546012878418 MB with
DEBUG 2026-06-09 16:59:40 ort/utils.py:69 [CLIENT] Observation Sent 2097152/4608974 bytes with state 1
DEBUG 2026-06-09 16:59:40 ort/utils.py:69 [CLIENT] Observation Sent 4194304/4608974 bytes with state 2
DEBUG 2026-06-09 16:59:40 ort/utils.py:69 [CLIENT] Observation Sent 4608974/4608974 bytes with state 3
DEBUG 2026-06-09 16:59:40 ort/utils.py:71 [CLIENT] Observation Published 4.39546012878418 MB
DEBUG 2026-06-09 16:59:40 t_client.py:209 Sent observation #741 | 
DEBUG 2026-06-09 16:59:40 t_client.py:434 QUEUE SIZE: 8 (Must go: False)
DEBUG 2026-06-09 16:59:40 t_client.py:477 Control loop (ms): 116.61
DEBUG 2026-06-09 16:59:40 follower.py:184 follower_right SOFollower read state: 2.0ms
DEBUG 2026-06-09 16:59:40 follower.py:191 follower_right SOFollower read wrist: 0.0ms
DEBUG 2026-06-09 16:59:40 follower.py:184 follower_left SOFollower read state: 1.8ms
DEBUG 2026-06-09 16:59:40 follower.py:191 follower_left SOFollower read wrist: 0.0ms
DEBUG 2026-06-09 16:59:40 t_client.py:198 Observation serialization time: 0.006895s
DEBUG 2026-06-09 16:59:40 ort/utils.py:54 [CLIENT] Observation Buffer size 4.39546012878418 MB with
DEBUG 2026-06-09 16:59:40 ort/utils.py:69 [CLIENT] Observation Sent 2097152/4608974 bytes with state 1
DEBUG 2026-06-09 16:59:40 ort/utils.py:69 [CLIENT] Observation Sent 4194304/4608974 bytes with state 2
DEBUG 2026-06-09 16:59:40 ort/utils.py:69 [CLIENT] Observation Sent 4608974/4608974 bytes with state 3
DEBUG 2026-06-09 16:59:40 ort/utils.py:71 [CLIENT] Observation Published 4.39546012878418 MB
DEBUG 2026-06-09 16:59:40 t_client.py:292 Received actions on device: cpu
DEBUG 2026-06-09 16:59:40 t_client.py:302 Actions kept on device: cpu
DEBUG 2026-06-09 16:59:40 t_client.py:209 Sent observation #742 | 
DEBUG 2026-06-09 16:59:40 t_client.py:434 QUEUE SIZE: 7 (Must go: False)
DEBUG 2026-06-09 16:59:40 t_client.py:477 Control loop (ms): 170.41
DEBUG 2026-06-09 16:59:40 t_client.py:477 Control loop (ms): 1.34
DEBUG 2026-06-09 16:59:40 t_client.py:477 Control loop (ms): 1.12
DEBUG 2026-06-09 16:59:40 t_client.py:477 Control loop (ms): 1.73
DEBUG 2026-06-09 16:59:40 t_client.py:477 Control loop (ms): 1.75
DEBUG 2026-06-09 16:59:40 t_client.py:477 Control loop (ms): 2.59
DEBUG 2026-06-09 16:59:40 t_client.py:292 Received actions on device: cpu
DEBUG 2026-06-09 16:59:40 t_client.py:302 Actions kept on device: cpu
DEBUG 2026-06-09 16:59:40 t_client.py:477 Control loop (ms): 1.69
DEBUG 2026-06-09 16:59:40 follower.py:184 follower_right SOFollower read state: 2.1ms
DEBUG 2026-06-09 16:59:40 follower.py:191 follower_right SOFollower read wrist: 0.0ms
DEBUG 2026-06-09 16:59:40 follower.py:184 follower_left SOFollower read state: 1.9ms
DEBUG 2026-06-09 16:59:40 follower.py:191 follower_left SOFollower read wrist: 0.0ms
DEBUG 2026-06-09 16:59:40 t_client.py:198 Observation serialization time: 0.007240s
DEBUG 2026-06-09 16:59:40 ort/utils.py:54 [CLIENT] Observation Buffer size 4.39546012878418 MB with
DEBUG 2026-06-09 16:59:40 ort/utils.py:69 [CLIENT] Observation Sent 2097152/4608974 bytes with state 1
DEBUG 2026-06-09 16:59:40 ort/utils.py:69 [CLIENT] Observation Sent 4194304/4608974 bytes with state 2
DEBUG 2026-06-09 16:59:40 ort/utils.py:69 [CLIENT] Observation Sent 4608974/4608974 bytes with state 3
DEBUG 2026-06-09 16:59:40 ort/utils.py:71 [CLIENT] Observation Published 4.39546012878418 MB
DEBUG 2026-06-09 16:59:41 t_client.py:209 Sent observation #749 | 
DEBUG 2026-06-09 16:59:41 t_client.py:434 QUEUE SIZE: 8 (Must go: False)
DEBUG 2026-06-09 16:59:41 t_client.py:477 Control loop (ms): 257.98
DEBUG 2026-06-09 16:59:41 follower.py:184 follower_right SOFollower read state: 2.6ms
DEBUG 2026-06-09 16:59:41 follower.py:191 follower_right SOFollower read wrist: 0.1ms
DEBUG 2026-06-09 16:59:41 follower.py:184 follower_left SOFollower read state: 2.7ms
DEBUG 2026-06-09 16:59:41 follower.py:191 follower_left SOFollower read wrist: 0.0ms
DEBUG 2026-06-09 16:59:41 t_client.py:198 Observation serialization time: 0.012550s
DEBUG 2026-06-09 16:59:41 ort/utils.py:54 [CLIENT] Observation Buffer size 4.39546012878418 MB with
DEBUG 2026-06-09 16:59:41 ort/utils.py:69 [CLIENT] Observation Sent 2097152/4608974 bytes with state 1
DEBUG 2026-06-09 16:59:41 t_client.py:292 Received actions on device: cpu
DEBUG 2026-06-09 16:59:41 t_client.py:302 Actions kept on device: cpu
DEBUG 2026-06-09 16:59:41 ort/utils.py:69 [CLIENT] Observation Sent 4194304/4608974 bytes with state 2
DEBUG 2026-06-09 16:59:41 ort/utils.py:69 [CLIENT] Observation Sent 4608974/4608974 bytes with state 3
DEBUG 2026-06-09 16:59:41 ort/utils.py:71 [CLIENT] Observation Published 4.39546012878418 MB
DEBUG 2026-06-09 16:59:41 t_client.py:209 Sent observation #750 | 
DEBUG 2026-06-09 16:59:41 t_client.py:434 QUEUE SIZE: 7 (Must go: False)
DEBUG 2026-06-09 16:59:41 t_client.py:477 Control loop (ms): 245.84
DEBUG 2026-06-09 16:59:41 t_client.py:477 Control loop (ms): 2.08
DEBUG 2026-06-09 16:59:41 t_client.py:477 Control loop (ms): 1.60
DEBUG 2026-06-09 16:59:41 t_client.py:477 Control loop (ms): 0.74
DEBUG 2026-06-09 16:59:41 t_client.py:477 Control loop (ms): 1.53
DEBUG 2026-06-09 16:59:41 t_client.py:477 Control loop (ms): 0.92
DEBUG 2026-06-09 16:59:41 follower.py:184 follower_right SOFollower read state: 4.5ms
DEBUG 2026-06-09 16:59:41 follower.py:191 follower_right SOFollower read wrist: 0.0ms
DEBUG 2026-06-09 16:59:41 follower.py:184 follower_left SOFollower read state: 2.1ms
DEBUG 2026-06-09 16:59:41 follower.py:191 follower_left SOFollower read wrist: 0.0ms
DEBUG 2026-06-09 16:59:41 t_client.py:198 Observation serialization time: 0.010813s
DEBUG 2026-06-09 16:59:41 ort/utils.py:54 [CLIENT] Observation Buffer size 4.39546012878418 MB with
DEBUG 2026-06-09 16:59:41 t_client.py:292 Received actions on device: cpu
DEBUG 2026-06-09 16:59:41 t_client.py:302 Actions kept on device: cpu
DEBUG 2026-06-09 16:59:41 ort/utils.py:69 [CLIENT] Observation Sent 2097152/4608974 bytes with state 1
DEBUG 2026-06-09 16:59:41 ort/utils.py:69 [CLIENT] Observation Sent 4194304/4608974 bytes with state 2
DEBUG 2026-06-09 16:59:41 ort/utils.py:69 [CLIENT] Observation Sent 4608974/4608974 bytes with state 3
DEBUG 2026-06-09 16:59:41 ort/utils.py:71 [CLIENT] Observation Published 4.39546012878418 MB
DEBUG 2026-06-09 16:59:41 t_client.py:209 Sent observation #756 | 
DEBUG 2026-06-09 16:59:41 t_client.py:434 QUEUE SIZE: 8 (Must go: False)
DEBUG 2026-06-09 16:59:41 t_client.py:477 Control loop (ms): 121.10
DEBUG 2026-06-09 16:59:41 follower.py:184 follower_right SOFollower read state: 2.1ms
DEBUG 2026-06-09 16:59:41 follower.py:191 follower_right SOFollower read wrist: 0.0ms
DEBUG 2026-06-09 16:59:41 follower.py:184 follower_left SOFollower read state: 2.3ms
DEBUG 2026-06-09 16:59:41 follower.py:191 follower_left SOFollower read wrist: 0.0ms
DEBUG 2026-06-09 16:59:41 t_client.py:198 Observation serialization time: 0.007118s
DEBUG 2026-06-09 16:59:41 ort/utils.py:54 [CLIENT] Observation Buffer size 4.39546012878418 MB with
DEBUG 2026-06-09 16:59:41 ort/utils.py:69 [CLIENT] Observation Sent 2097152/4608974 bytes with state 1
DEBUG 2026-06-09 16:59:41 ort/utils.py:69 [CLIENT] Observation Sent 4194304/4608974 bytes with state 2
DEBUG 2026-06-09 16:59:41 ort/utils.py:69 [CLIENT] Observation Sent 4608974/4608974 bytes with state 3
DEBUG 2026-06-09 16:59:41 ort/utils.py:71 [CLIENT] Observation Published 4.39546012878418 MB
DEBUG 2026-06-09 16:59:41 t_client.py:292 Received actions on device: cpu
DEBUG 2026-06-09 16:59:41 t_client.py:302 Actions kept on device: cpu
DEBUG 2026-06-09 16:59:41 t_client.py:209 Sent observation #757 | 
DEBUG 2026-06-09 16:59:41 t_client.py:434 QUEUE SIZE: 8 (Must go: False)
DEBUG 2026-06-09 16:59:41 t_client.py:477 Control loop (ms): 231.02
DEBUG 2026-06-09 16:59:41 t_client.py:477 Control loop (ms): 2.20
DEBUG 2026-06-09 16:59:41 t_client.py:477 Control loop (ms): 1.63
DEBUG 2026-06-09 16:59:41 t_client.py:477 Control loop (ms): 1.43
DEBUG 2026-06-09 16:59:41 t_client.py:292 Received actions on device: cpu
DEBUG 2026-06-09 16:59:41 t_client.py:302 Actions kept on device: cpu
DEBUG 2026-06-09 16:59:41 t_client.py:477 Control loop (ms): 0.96
DEBUG 2026-06-09 16:59:41 t_client.py:477 Control loop (ms): 2.05
DEBUG 2026-06-09 16:59:41 t_client.py:477 Control loop (ms): 0.92
DEBUG 2026-06-09 16:59:42 follower.py:184 follower_right SOFollower read state: 2.2ms
DEBUG 2026-06-09 16:59:42 follower.py:191 follower_right SOFollower read wrist: 0.0ms
DEBUG 2026-06-09 16:59:42 follower.py:184 follower_left SOFollower read state: 2.0ms
DEBUG 2026-06-09 16:59:42 follower.py:191 follower_left SOFollower read wrist: 0.0ms
DEBUG 2026-06-09 16:59:42 t_client.py:198 Observation serialization time: 0.010976s
DEBUG 2026-06-09 16:59:42 ort/utils.py:54 [CLIENT] Observation Buffer size 4.39546012878418 MB with
DEBUG 2026-06-09 16:59:42 ort/utils.py:69 [CLIENT] Observation Sent 2097152/4608974 bytes with state 1
DEBUG 2026-06-09 16:59:42 ort/utils.py:69 [CLIENT] Observation Sent 4194304/4608974 bytes with state 2
DEBUG 2026-06-09 16:59:42 ort/utils.py:69 [CLIENT] Observation Sent 4608974/4608974 bytes with state 3
DEBUG 2026-06-09 16:59:42 ort/utils.py:71 [CLIENT] Observation Published 4.39546012878418 MB
DEBUG 2026-06-09 16:59:42 t_client.py:209 Sent observation #764 | 
DEBUG 2026-06-09 16:59:42 t_client.py:434 QUEUE SIZE: 8 (Must go: False)
DEBUG 2026-06-09 16:59:42 t_client.py:477 Control loop (ms): 143.81
DEBUG 2026-06-09 16:59:42 follower.py:184 follower_right SOFollower read state: 2.0ms
DEBUG 2026-06-09 16:59:42 follower.py:191 follower_right SOFollower read wrist: 0.0ms
DEBUG 2026-06-09 16:59:42 follower.py:184 follower_left SOFollower read state: 2.1ms
DEBUG 2026-06-09 16:59:42 follower.py:191 follower_left SOFollower read wrist: 0.0ms
DEBUG 2026-06-09 16:59:42 t_client.py:198 Observation serialization time: 0.009389s
DEBUG 2026-06-09 16:59:42 ort/utils.py:54 [CLIENT] Observation Buffer size 4.39546012878418 MB with
DEBUG 2026-06-09 16:59:42 ort/utils.py:69 [CLIENT] Observation Sent 2097152/4608974 bytes with state 1
DEBUG 2026-06-09 16:59:42 ort/utils.py:69 [CLIENT] Observation Sent 4194304/4608974 bytes with state 2
DEBUG 2026-06-09 16:59:42 ort/utils.py:69 [CLIENT] Observation Sent 4608974/4608974 bytes with state 3
DEBUG 2026-06-09 16:59:42 ort/utils.py:71 [CLIENT] Observation Published 4.39546012878418 MB
DEBUG 2026-06-09 16:59:42 t_client.py:292 Received actions on device: cpu
DEBUG 2026-06-09 16:59:42 t_client.py:302 Actions kept on device: cpu
DEBUG 2026-06-09 16:59:42 t_client.py:209 Sent observation #765 | 
DEBUG 2026-06-09 16:59:42 t_client.py:434 QUEUE SIZE: 7 (Must go: False)
DEBUG 2026-06-09 16:59:42 t_client.py:477 Control loop (ms): 242.88
DEBUG 2026-06-09 16:59:42 t_client.py:477 Control loop (ms): 2.30
DEBUG 2026-06-09 16:59:42 t_client.py:477 Control loop (ms): 1.64
DEBUG 2026-06-09 16:59:42 t_client.py:477 Control loop (ms): 1.91
DEBUG 2026-06-09 16:59:42 t_client.py:292 Received actions on device: cpu
DEBUG 2026-06-09 16:59:42 t_client.py:302 Actions kept on device: cpu
DEBUG 2026-06-09 16:59:42 t_client.py:477 Control loop (ms): 1.85
DEBUG 2026-06-09 16:59:42 t_client.py:477 Control loop (ms): 1.57
DEBUG 2026-06-09 16:59:42 t_client.py:477 Control loop (ms): 1.06
DEBUG 2026-06-09 16:59:42 t_client.py:477 Control loop (ms): 1.31
DEBUG 2026-06-09 16:59:42 follower.py:184 follower_right SOFollower read state: 1.9ms
DEBUG 2026-06-09 16:59:42 follower.py:191 follower_right SOFollower read wrist: 0.0ms
DEBUG 2026-06-09 16:59:42 follower.py:184 follower_left SOFollower read state: 1.9ms
DEBUG 2026-06-09 16:59:42 follower.py:191 follower_left SOFollower read wrist: 0.0ms
DEBUG 2026-06-09 16:59:42 t_client.py:198 Observation serialization time: 0.008948s
DEBUG 2026-06-09 16:59:42 ort/utils.py:54 [CLIENT] Observation Buffer size 4.39546012878418 MB with
DEBUG 2026-06-09 16:59:42 ort/utils.py:69 [CLIENT] Observation Sent 2097152/4608974 bytes with state 1
DEBUG 2026-06-09 16:59:42 ort/utils.py:69 [CLIENT] Observation Sent 4194304/4608974 bytes with state 2
DEBUG 2026-06-09 16:59:42 ort/utils.py:69 [CLIENT] Observation Sent 4608974/4608974 bytes with state 3
DEBUG 2026-06-09 16:59:42 ort/utils.py:71 [CLIENT] Observation Published 4.39546012878418 MB
DEBUG 2026-06-09 16:59:42 t_client.py:209 Sent observation #772 | 
DEBUG 2026-06-09 16:59:42 t_client.py:434 QUEUE SIZE: 8 (Must go: False)
DEBUG 2026-06-09 16:59:42 t_client.py:477 Control loop (ms): 117.55
DEBUG 2026-06-09 16:59:42 follower.py:184 follower_right SOFollower read state: 2.1ms
DEBUG 2026-06-09 16:59:42 follower.py:191 follower_right SOFollower read wrist: 0.0ms
DEBUG 2026-06-09 16:59:42 follower.py:184 follower_left SOFollower read state: 1.8ms
DEBUG 2026-06-09 16:59:42 follower.py:191 follower_left SOFollower read wrist: 0.0ms
DEBUG 2026-06-09 16:59:42 t_client.py:198 Observation serialization time: 0.007439s
DEBUG 2026-06-09 16:59:42 ort/utils.py:54 [CLIENT] Observation Buffer size 4.39546012878418 MB with
DEBUG 2026-06-09 16:59:42 ort/utils.py:69 [CLIENT] Observation Sent 2097152/4608974 bytes with state 1
DEBUG 2026-06-09 16:59:42 ort/utils.py:69 [CLIENT] Observation Sent 4194304/4608974 bytes with state 2
DEBUG 2026-06-09 16:59:42 ort/utils.py:69 [CLIENT] Observation Sent 4608974/4608974 bytes with state 3
DEBUG 2026-06-09 16:59:42 ort/utils.py:71 [CLIENT] Observation Published 4.39546012878418 MB
DEBUG 2026-06-09 16:59:42 t_client.py:292 Received actions on device: cpu
DEBUG 2026-06-09 16:59:42 t_client.py:302 Actions kept on device: cpu
DEBUG 2026-06-09 16:59:42 t_client.py:209 Sent observation #773 | 
DEBUG 2026-06-09 16:59:42 t_client.py:434 QUEUE SIZE: 7 (Must go: False)
DEBUG 2026-06-09 16:59:42 t_client.py:477 Control loop (ms): 113.30
DEBUG 2026-06-09 16:59:42 t_client.py:477 Control loop (ms): 1.97
DEBUG 2026-06-09 16:59:42 t_client.py:477 Control loop (ms): 2.09
DEBUG 2026-06-09 16:59:42 t_client.py:477 Control loop (ms): 1.86
DEBUG 2026-06-09 16:59:42 t_client.py:477 Control loop (ms): 2.14
DEBUG 2026-06-09 16:59:43 t_client.py:477 Control loop (ms): 6.49
DEBUG 2026-06-09 16:59:43 t_client.py:292 Received actions on device: cpu
DEBUG 2026-06-09 16:59:43 t_client.py:302 Actions kept on device: cpu
DEBUG 2026-06-09 16:59:43 t_client.py:477 Control loop (ms): 1.78
DEBUG 2026-06-09 16:59:43 follower.py:184 follower_right SOFollower read state: 2.2ms
DEBUG 2026-06-09 16:59:43 follower.py:191 follower_right SOFollower read wrist: 0.0ms
DEBUG 2026-06-09 16:59:43 follower.py:184 follower_left SOFollower read state: 1.7ms
DEBUG 2026-06-09 16:59:43 follower.py:191 follower_left SOFollower read wrist: 0.0ms
DEBUG 2026-06-09 16:59:43 t_client.py:198 Observation serialization time: 0.004984s
DEBUG 2026-06-09 16:59:43 ort/utils.py:54 [CLIENT] Observation Buffer size 4.39546012878418 MB with
DEBUG 2026-06-09 16:59:43 ort/utils.py:69 [CLIENT] Observation Sent 2097152/4608974 bytes with state 1
DEBUG 2026-06-09 16:59:43 ort/utils.py:69 [CLIENT] Observation Sent 4194304/4608974 bytes with state 2
DEBUG 2026-06-09 16:59:43 ort/utils.py:69 [CLIENT] Observation Sent 4608974/4608974 bytes with state 3
DEBUG 2026-06-09 16:59:43 ort/utils.py:71 [CLIENT] Observation Published 4.39546012878418 MB
DEBUG 2026-06-09 16:59:43 t_client.py:209 Sent observation #780 | 
DEBUG 2026-06-09 16:59:43 t_client.py:434 QUEUE SIZE: 8 (Must go: False)
DEBUG 2026-06-09 16:59:43 t_client.py:477 Control loop (ms): 112.65
DEBUG 2026-06-09 16:59:43 follower.py:184 follower_right SOFollower read state: 2.1ms
DEBUG 2026-06-09 16:59:43 follower.py:191 follower_right SOFollower read wrist: 0.0ms
DEBUG 2026-06-09 16:59:43 follower.py:184 follower_left SOFollower read state: 2.1ms
DEBUG 2026-06-09 16:59:43 follower.py:191 follower_left SOFollower read wrist: 0.0ms
DEBUG 2026-06-09 16:59:43 t_client.py:198 Observation serialization time: 0.007875s
DEBUG 2026-06-09 16:59:43 ort/utils.py:54 [CLIENT] Observation Buffer size 4.39546012878418 MB with
DEBUG 2026-06-09 16:59:43 ort/utils.py:69 [CLIENT] Observation Sent 2097152/4608974 bytes with state 1
DEBUG 2026-06-09 16:59:43 ort/utils.py:69 [CLIENT] Observation Sent 4194304/4608974 bytes with state 2
DEBUG 2026-06-09 16:59:43 ort/utils.py:69 [CLIENT] Observation Sent 4608974/4608974 bytes with state 3
DEBUG 2026-06-09 16:59:43 ort/utils.py:71 [CLIENT] Observation Published 4.39546012878418 MB
DEBUG 2026-06-09 16:59:43 t_client.py:292 Received actions on device: cpu
DEBUG 2026-06-09 16:59:43 t_client.py:302 Actions kept on device: cpu
DEBUG 2026-06-09 16:59:43 t_client.py:209 Sent observation #781 | 
DEBUG 2026-06-09 16:59:43 t_client.py:434 QUEUE SIZE: 7 (Must go: False)
DEBUG 2026-06-09 16:59:43 t_client.py:477 Control loop (ms): 224.10
DEBUG 2026-06-09 16:59:43 t_client.py:477 Control loop (ms): 1.77
DEBUG 2026-06-09 16:59:43 t_client.py:477 Control loop (ms): 1.64
DEBUG 2026-06-09 16:59:43 t_client.py:477 Control loop (ms): 2.04
DEBUG 2026-06-09 16:59:43 t_client.py:477 Control loop (ms): 1.84
DEBUG 2026-06-09 16:59:43 t_client.py:477 Control loop (ms): 1.72
DEBUG 2026-06-09 16:59:43 t_client.py:292 Received actions on device: cpu
DEBUG 2026-06-09 16:59:43 t_client.py:302 Actions kept on device: cpu
DEBUG 2026-06-09 16:59:43 t_client.py:477 Control loop (ms): 1.65
DEBUG 2026-06-09 16:59:43 follower.py:184 follower_right SOFollower read state: 2.1ms
DEBUG 2026-06-09 16:59:43 follower.py:191 follower_right SOFollower read wrist: 0.1ms
DEBUG 2026-06-09 16:59:43 follower.py:184 follower_left SOFollower read state: 1.9ms
DEBUG 2026-06-09 16:59:43 follower.py:191 follower_left SOFollower read wrist: 0.0ms
DEBUG 2026-06-09 16:59:43 t_client.py:198 Observation serialization time: 0.010361s
DEBUG 2026-06-09 16:59:43 ort/utils.py:54 [CLIENT] Observation Buffer size 4.39546012878418 MB with
DEBUG 2026-06-09 16:59:43 ort/utils.py:69 [CLIENT] Observation Sent 2097152/4608974 bytes with state 1
DEBUG 2026-06-09 16:59:43 ort/utils.py:69 [CLIENT] Observation Sent 4194304/4608974 bytes with state 2
DEBUG 2026-06-09 16:59:43 ort/utils.py:69 [CLIENT] Observation Sent 4608974/4608974 bytes with state 3
DEBUG 2026-06-09 16:59:43 ort/utils.py:71 [CLIENT] Observation Published 4.39546012878418 MB
DEBUG 2026-06-09 16:59:43 t_client.py:209 Sent observation #788 | 
DEBUG 2026-06-09 16:59:43 t_client.py:434 QUEUE SIZE: 8 (Must go: False)
DEBUG 2026-06-09 16:59:43 t_client.py:477 Control loop (ms): 226.25
DEBUG 2026-06-09 16:59:43 follower.py:184 follower_right SOFollower read state: 1.9ms
DEBUG 2026-06-09 16:59:43 follower.py:191 follower_right SOFollower read wrist: 0.0ms
DEBUG 2026-06-09 16:59:43 follower.py:184 follower_left SOFollower read state: 1.7ms
DEBUG 2026-06-09 16:59:43 follower.py:191 follower_left SOFollower read wrist: 0.0ms
DEBUG 2026-06-09 16:59:43 t_client.py:198 Observation serialization time: 0.007823s
DEBUG 2026-06-09 16:59:43 ort/utils.py:54 [CLIENT] Observation Buffer size 4.39546012878418 MB with
DEBUG 2026-06-09 16:59:43 ort/utils.py:69 [CLIENT] Observation Sent 2097152/4608974 bytes with state 1
DEBUG 2026-06-09 16:59:43 ort/utils.py:69 [CLIENT] Observation Sent 4194304/4608974 bytes with state 2
DEBUG 2026-06-09 16:59:43 ort/utils.py:69 [CLIENT] Observation Sent 4608974/4608974 bytes with state 3
DEBUG 2026-06-09 16:59:43 ort/utils.py:71 [CLIENT] Observation Published 4.39546012878418 MB
DEBUG 2026-06-09 16:59:43 t_client.py:292 Received actions on device: cpu
DEBUG 2026-06-09 16:59:43 t_client.py:302 Actions kept on device: cpu
DEBUG 2026-06-09 16:59:43 t_client.py:209 Sent observation #789 | 
DEBUG 2026-06-09 16:59:43 t_client.py:434 QUEUE SIZE: 7 (Must go: False)
DEBUG 2026-06-09 16:59:43 t_client.py:477 Control loop (ms): 141.16
DEBUG 2026-06-09 16:59:43 t_client.py:477 Control loop (ms): 1.48
DEBUG 2026-06-09 16:59:44 t_client.py:477 Control loop (ms): 1.52
DEBUG 2026-06-09 16:59:44 t_client.py:477 Control loop (ms): 1.54
DEBUG 2026-06-09 16:59:44 t_client.py:292 Received actions on device: cpu
DEBUG 2026-06-09 16:59:44 t_client.py:302 Actions kept on device: cpu
DEBUG 2026-06-09 16:59:44 t_client.py:477 Control loop (ms): 1.56
DEBUG 2026-06-09 16:59:44 t_client.py:477 Control loop (ms): 2.35
DEBUG 2026-06-09 16:59:44 t_client.py:477 Control loop (ms): 1.90
DEBUG 2026-06-09 16:59:44 follower.py:184 follower_right SOFollower read state: 2.0ms
DEBUG 2026-06-09 16:59:44 follower.py:191 follower_right SOFollower read wrist: 0.0ms
DEBUG 2026-06-09 16:59:44 follower.py:184 follower_left SOFollower read state: 2.4ms
DEBUG 2026-06-09 16:59:44 follower.py:191 follower_left SOFollower read wrist: 0.0ms
DEBUG 2026-06-09 16:59:44 t_client.py:198 Observation serialization time: 0.009895s
DEBUG 2026-06-09 16:59:44 ort/utils.py:54 [CLIENT] Observation Buffer size 4.39546012878418 MB with
DEBUG 2026-06-09 16:59:44 ort/utils.py:69 [CLIENT] Observation Sent 2097152/4608974 bytes with state 1
DEBUG 2026-06-09 16:59:44 ort/utils.py:69 [CLIENT] Observation Sent 4194304/4608974 bytes with state 2
DEBUG 2026-06-09 16:59:44 ort/utils.py:69 [CLIENT] Observation Sent 4608974/4608974 bytes with state 3
DEBUG 2026-06-09 16:59:44 ort/utils.py:71 [CLIENT] Observation Published 4.39546012878418 MB
DEBUG 2026-06-09 16:59:44 t_client.py:209 Sent observation #796 | 
DEBUG 2026-06-09 16:59:44 t_client.py:434 QUEUE SIZE: 8 (Must go: False)
DEBUG 2026-06-09 16:59:44 t_client.py:477 Control loop (ms): 181.23
DEBUG 2026-06-09 16:59:44 follower.py:184 follower_right SOFollower read state: 2.1ms
DEBUG 2026-06-09 16:59:44 follower.py:191 follower_right SOFollower read wrist: 0.0ms
DEBUG 2026-06-09 16:59:44 follower.py:184 follower_left SOFollower read state: 1.8ms
DEBUG 2026-06-09 16:59:44 follower.py:191 follower_left SOFollower read wrist: 0.0ms
DEBUG 2026-06-09 16:59:44 t_client.py:198 Observation serialization time: 0.003683s
DEBUG 2026-06-09 16:59:44 ort/utils.py:54 [CLIENT] Observation Buffer size 4.39546012878418 MB with
DEBUG 2026-06-09 16:59:44 ort/utils.py:69 [CLIENT] Observation Sent 2097152/4608974 bytes with state 1
DEBUG 2026-06-09 16:59:44 ort/utils.py:69 [CLIENT] Observation Sent 4194304/4608974 bytes with state 2
DEBUG 2026-06-09 16:59:44 ort/utils.py:69 [CLIENT] Observation Sent 4608974/4608974 bytes with state 3
DEBUG 2026-06-09 16:59:44 ort/utils.py:71 [CLIENT] Observation Published 4.39546012878418 MB
DEBUG 2026-06-09 16:59:44 t_client.py:292 Received actions on device: cpu
DEBUG 2026-06-09 16:59:44 t_client.py:302 Actions kept on device: cpu
DEBUG 2026-06-09 16:59:44 t_client.py:209 Sent observation #797 | 
DEBUG 2026-06-09 16:59:44 t_client.py:434 QUEUE SIZE: 7 (Must go: False)
DEBUG 2026-06-09 16:59:44 t_client.py:477 Control loop (ms): 172.25
DEBUG 2026-06-09 16:59:44 t_client.py:477 Control loop (ms): 1.76
DEBUG 2026-06-09 16:59:44 t_client.py:477 Control loop (ms): 2.79
DEBUG 2026-06-09 16:59:44 t_client.py:477 Control loop (ms): 2.13
DEBUG 2026-06-09 16:59:44 t_client.py:292 Received actions on device: cpu
DEBUG 2026-06-09 16:59:44 t_client.py:302 Actions kept on device: cpu
DEBUG 2026-06-09 16:59:44 t_client.py:477 Control loop (ms): 1.30
DEBUG 2026-06-09 16:59:44 t_client.py:477 Control loop (ms): 1.65
DEBUG 2026-06-09 16:59:44 t_client.py:477 Control loop (ms): 1.93
DEBUG 2026-06-09 16:59:44 follower.py:184 follower_right SOFollower read state: 2.1ms
DEBUG 2026-06-09 16:59:44 follower.py:191 follower_right SOFollower read wrist: 0.0ms
DEBUG 2026-06-09 16:59:44 follower.py:184 follower_left SOFollower read state: 1.7ms
DEBUG 2026-06-09 16:59:44 follower.py:191 follower_left SOFollower read wrist: 0.0ms
DEBUG 2026-06-09 16:59:44 t_client.py:198 Observation serialization time: 0.008288s
DEBUG 2026-06-09 16:59:44 ort/utils.py:54 [CLIENT] Observation Buffer size 4.39546012878418 MB with
DEBUG 2026-06-09 16:59:44 ort/utils.py:69 [CLIENT] Observation Sent 2097152/4608974 bytes with state 1
DEBUG 2026-06-09 16:59:44 ort/utils.py:69 [CLIENT] Observation Sent 4194304/4608974 bytes with state 2
DEBUG 2026-06-09 16:59:44 ort/utils.py:69 [CLIENT] Observation Sent 4608974/4608974 bytes with state 3
DEBUG 2026-06-09 16:59:44 ort/utils.py:71 [CLIENT] Observation Published 4.39546012878418 MB
DEBUG 2026-06-09 16:59:44 t_client.py:209 Sent observation #804 | 
DEBUG 2026-06-09 16:59:44 t_client.py:434 QUEUE SIZE: 8 (Must go: False)
DEBUG 2026-06-09 16:59:44 t_client.py:477 Control loop (ms): 133.07
DEBUG 2026-06-09 16:59:44 follower.py:184 follower_right SOFollower read state: 2.4ms
DEBUG 2026-06-09 16:59:44 follower.py:191 follower_right SOFollower read wrist: 0.0ms
DEBUG 2026-06-09 16:59:44 follower.py:184 follower_left SOFollower read state: 1.8ms
DEBUG 2026-06-09 16:59:44 follower.py:191 follower_left SOFollower read wrist: 0.0ms
DEBUG 2026-06-09 16:59:44 t_client.py:198 Observation serialization time: 0.007672s
DEBUG 2026-06-09 16:59:44 ort/utils.py:54 [CLIENT] Observation Buffer size 4.39546012878418 MB with
DEBUG 2026-06-09 16:59:44 ort/utils.py:69 [CLIENT] Observation Sent 2097152/4608974 bytes with state 1
DEBUG 2026-06-09 16:59:44 ort/utils.py:69 [CLIENT] Observation Sent 4194304/4608974 bytes with state 2
DEBUG 2026-06-09 16:59:44 ort/utils.py:69 [CLIENT] Observation Sent 4608974/4608974 bytes with state 3
DEBUG 2026-06-09 16:59:44 ort/utils.py:71 [CLIENT] Observation Published 4.39546012878418 MB
DEBUG 2026-06-09 16:59:44 t_client.py:292 Received actions on device: cpu
DEBUG 2026-06-09 16:59:44 t_client.py:302 Actions kept on device: cpu
DEBUG 2026-06-09 16:59:45 t_client.py:209 Sent observation #805 | 
DEBUG 2026-06-09 16:59:45 t_client.py:434 QUEUE SIZE: 7 (Must go: False)
DEBUG 2026-06-09 16:59:45 t_client.py:477 Control loop (ms): 173.42
DEBUG 2026-06-09 16:59:45 t_client.py:477 Control loop (ms): 1.74
DEBUG 2026-06-09 16:59:45 t_client.py:477 Control loop (ms): 1.83
DEBUG 2026-06-09 16:59:45 t_client.py:477 Control loop (ms): 1.37
DEBUG 2026-06-09 16:59:45 t_client.py:292 Received actions on device: cpu
DEBUG 2026-06-09 16:59:45 t_client.py:302 Actions kept on device: cpu
DEBUG 2026-06-09 16:59:45 t_client.py:477 Control loop (ms): 1.59
DEBUG 2026-06-09 16:59:45 t_client.py:477 Control loop (ms): 2.73
DEBUG 2026-06-09 16:59:45 t_client.py:477 Control loop (ms): 2.04
DEBUG 2026-06-09 16:59:45 follower.py:184 follower_right SOFollower read state: 2.3ms
DEBUG 2026-06-09 16:59:45 follower.py:191 follower_right SOFollower read wrist: 0.1ms
DEBUG 2026-06-09 16:59:45 follower.py:184 follower_left SOFollower read state: 2.0ms
DEBUG 2026-06-09 16:59:45 follower.py:191 follower_left SOFollower read wrist: 0.0ms
DEBUG 2026-06-09 16:59:45 t_client.py:198 Observation serialization time: 0.008252s
DEBUG 2026-06-09 16:59:45 ort/utils.py:54 [CLIENT] Observation Buffer size 4.39546012878418 MB with
DEBUG 2026-06-09 16:59:45 ort/utils.py:69 [CLIENT] Observation Sent 2097152/4608974 bytes with state 1
DEBUG 2026-06-09 16:59:45 ort/utils.py:69 [CLIENT] Observation Sent 4194304/4608974 bytes with state 2
DEBUG 2026-06-09 16:59:45 ort/utils.py:69 [CLIENT] Observation Sent 4608974/4608974 bytes with state 3
DEBUG 2026-06-09 16:59:45 ort/utils.py:71 [CLIENT] Observation Published 4.39546012878418 MB
DEBUG 2026-06-09 16:59:45 t_client.py:209 Sent observation #812 | 
DEBUG 2026-06-09 16:59:45 t_client.py:434 QUEUE SIZE: 8 (Must go: False)
DEBUG 2026-06-09 16:59:45 t_client.py:477 Control loop (ms): 120.99
DEBUG 2026-06-09 16:59:45 follower.py:184 follower_right SOFollower read state: 1.7ms
DEBUG 2026-06-09 16:59:45 follower.py:191 follower_right SOFollower read wrist: 0.0ms
DEBUG 2026-06-09 16:59:45 follower.py:184 follower_left SOFollower read state: 1.6ms
DEBUG 2026-06-09 16:59:45 follower.py:191 follower_left SOFollower read wrist: 0.0ms
DEBUG 2026-06-09 16:59:45 t_client.py:198 Observation serialization time: 0.003718s
DEBUG 2026-06-09 16:59:45 ort/utils.py:54 [CLIENT] Observation Buffer size 4.39546012878418 MB with
DEBUG 2026-06-09 16:59:45 ort/utils.py:69 [CLIENT] Observation Sent 2097152/4608974 bytes with state 1
DEBUG 2026-06-09 16:59:45 ort/utils.py:69 [CLIENT] Observation Sent 4194304/4608974 bytes with state 2
DEBUG 2026-06-09 16:59:45 ort/utils.py:69 [CLIENT] Observation Sent 4608974/4608974 bytes with state 3
DEBUG 2026-06-09 16:59:45 ort/utils.py:71 [CLIENT] Observation Published 4.39546012878418 MB
DEBUG 2026-06-09 16:59:45 t_client.py:292 Received actions on device: cpu
DEBUG 2026-06-09 16:59:45 t_client.py:302 Actions kept on device: cpu
DEBUG 2026-06-09 16:59:45 t_client.py:209 Sent observation #813 | 
DEBUG 2026-06-09 16:59:45 t_client.py:434 QUEUE SIZE: 7 (Must go: False)
DEBUG 2026-06-09 16:59:45 t_client.py:477 Control loop (ms): 106.53
DEBUG 2026-06-09 16:59:45 t_client.py:477 Control loop (ms): 1.27
DEBUG 2026-06-09 16:59:45 t_client.py:477 Control loop (ms): 1.71
DEBUG 2026-06-09 16:59:45 t_client.py:477 Control loop (ms): 2.04
DEBUG 2026-06-09 16:59:45 t_client.py:292 Received actions on device: cpu
DEBUG 2026-06-09 16:59:45 t_client.py:302 Actions kept on device: cpu
DEBUG 2026-06-09 16:59:45 t_client.py:477 Control loop (ms): 1.82
DEBUG 2026-06-09 16:59:45 t_client.py:477 Control loop (ms): 1.90
DEBUG 2026-06-09 16:59:45 t_client.py:477 Control loop (ms): 2.64
DEBUG 2026-06-09 16:59:45 follower.py:184 follower_right SOFollower read state: 2.0ms
DEBUG 2026-06-09 16:59:45 follower.py:191 follower_right SOFollower read wrist: 0.1ms
DEBUG 2026-06-09 16:59:45 follower.py:184 follower_left SOFollower read state: 1.8ms
DEBUG 2026-06-09 16:59:45 follower.py:191 follower_left SOFollower read wrist: 0.0ms
DEBUG 2026-06-09 16:59:45 t_client.py:198 Observation serialization time: 0.005366s
DEBUG 2026-06-09 16:59:45 ort/utils.py:54 [CLIENT] Observation Buffer size 4.39546012878418 MB with
DEBUG 2026-06-09 16:59:45 ort/utils.py:69 [CLIENT] Observation Sent 2097152/4608974 bytes with state 1
DEBUG 2026-06-09 16:59:45 ort/utils.py:69 [CLIENT] Observation Sent 4194304/4608974 bytes with state 2
DEBUG 2026-06-09 16:59:45 ort/utils.py:69 [CLIENT] Observation Sent 4608974/4608974 bytes with state 3
DEBUG 2026-06-09 16:59:45 ort/utils.py:71 [CLIENT] Observation Published 4.39546012878418 MB
DEBUG 2026-06-09 16:59:45 t_client.py:209 Sent observation #820 | 
DEBUG 2026-06-09 16:59:45 t_client.py:434 QUEUE SIZE: 8 (Must go: False)
DEBUG 2026-06-09 16:59:45 t_client.py:477 Control loop (ms): 109.92
DEBUG 2026-06-09 16:59:45 follower.py:184 follower_right SOFollower read state: 2.1ms
DEBUG 2026-06-09 16:59:45 follower.py:191 follower_right SOFollower read wrist: 0.0ms
DEBUG 2026-06-09 16:59:45 follower.py:184 follower_left SOFollower read state: 2.2ms
DEBUG 2026-06-09 16:59:45 follower.py:191 follower_left SOFollower read wrist: 0.1ms
DEBUG 2026-06-09 16:59:45 t_client.py:198 Observation serialization time: 0.011317s
DEBUG 2026-06-09 16:59:45 ort/utils.py:54 [CLIENT] Observation Buffer size 4.39546012878418 MB with
DEBUG 2026-06-09 16:59:45 ort/utils.py:69 [CLIENT] Observation Sent 2097152/4608974 bytes with state 1
DEBUG 2026-06-09 16:59:45 ort/utils.py:69 [CLIENT] Observation Sent 4194304/4608974 bytes with state 2
DEBUG 2026-06-09 16:59:45 ort/utils.py:69 [CLIENT] Observation Sent 4608974/4608974 bytes with state 3
DEBUG 2026-06-09 16:59:45 ort/utils.py:71 [CLIENT] Observation Published 4.39546012878418 MB
DEBUG 2026-06-09 16:59:45 t_client.py:209 Sent observation #821 | 
DEBUG 2026-06-09 16:59:45 t_client.py:434 QUEUE SIZE: 7 (Must go: False)
DEBUG 2026-06-09 16:59:45 t_client.py:477 Control loop (ms): 116.40
DEBUG 2026-06-09 16:59:45 follower.py:184 follower_right SOFollower read state: 2.9ms
DEBUG 2026-06-09 16:59:45 follower.py:191 follower_right SOFollower read wrist: 0.0ms
DEBUG 2026-06-09 16:59:45 follower.py:184 follower_left SOFollower read state: 2.8ms
DEBUG 2026-06-09 16:59:45 follower.py:191 follower_left SOFollower read wrist: 0.0ms
DEBUG 2026-06-09 16:59:45 t_client.py:198 Observation serialization time: 0.007482s
DEBUG 2026-06-09 16:59:45 t_client.py:292 Received actions on device: cpu
DEBUG 2026-06-09 16:59:45 t_client.py:302 Actions kept on device: cpu
DEBUG 2026-06-09 16:59:45 ort/utils.py:54 [CLIENT] Observation Buffer size 4.39546012878418 MB with
DEBUG 2026-06-09 16:59:45 ort/utils.py:69 [CLIENT] Observation Sent 2097152/4608974 bytes with state 1
DEBUG 2026-06-09 16:59:46 ort/utils.py:69 [CLIENT] Observation Sent 4194304/4608974 bytes with state 2
DEBUG 2026-06-09 16:59:46 ort/utils.py:69 [CLIENT] Observation Sent 4608974/4608974 bytes with state 3
DEBUG 2026-06-09 16:59:46 ort/utils.py:71 [CLIENT] Observation Published 4.39546012878418 MB
DEBUG 2026-06-09 16:59:46 t_client.py:209 Sent observation #822 | 
DEBUG 2026-06-09 16:59:46 t_client.py:434 QUEUE SIZE: 6 (Must go: False)
DEBUG 2026-06-09 16:59:46 t_client.py:477 Control loop (ms): 156.04
DEBUG 2026-06-09 16:59:46 t_client.py:477 Control loop (ms): 1.22
DEBUG 2026-06-09 16:59:46 t_client.py:292 Received actions on device: cpu
DEBUG 2026-06-09 16:59:46 t_client.py:302 Actions kept on device: cpu
DEBUG 2026-06-09 16:59:46 t_client.py:477 Control loop (ms): 1.45
DEBUG 2026-06-09 16:59:46 t_client.py:477 Control loop (ms): 1.50
DEBUG 2026-06-09 16:59:46 t_client.py:477 Control loop (ms): 1.43
DEBUG 2026-06-09 16:59:46 t_client.py:292 Received actions on device: cpu
DEBUG 2026-06-09 16:59:46 t_client.py:302 Actions kept on device: cpu
DEBUG 2026-06-09 16:59:46 t_client.py:477 Control loop (ms): 1.06
DEBUG 2026-06-09 16:59:46 t_client.py:477 Control loop (ms): 0.94
DEBUG 2026-06-09 16:59:46 follower.py:184 follower_right SOFollower read state: 2.5ms
DEBUG 2026-06-09 16:59:46 follower.py:191 follower_right SOFollower read wrist: 0.0ms
DEBUG 2026-06-09 16:59:46 follower.py:184 follower_left SOFollower read state: 2.0ms
DEBUG 2026-06-09 16:59:46 follower.py:191 follower_left SOFollower read wrist: 0.0ms
DEBUG 2026-06-09 16:59:46 t_client.py:198 Observation serialization time: 0.010875s
DEBUG 2026-06-09 16:59:46 ort/utils.py:54 [CLIENT] Observation Buffer size 4.39546012878418 MB with
DEBUG 2026-06-09 16:59:46 ort/utils.py:69 [CLIENT] Observation Sent 2097152/4608974 bytes with state 1
DEBUG 2026-06-09 16:59:46 ort/utils.py:69 [CLIENT] Observation Sent 4194304/4608974 bytes with state 2
DEBUG 2026-06-09 16:59:46 ort/utils.py:69 [CLIENT] Observation Sent 4608974/4608974 bytes with state 3
DEBUG 2026-06-09 16:59:46 ort/utils.py:71 [CLIENT] Observation Published 4.39546012878418 MB
DEBUG 2026-06-09 16:59:46 t_client.py:209 Sent observation #829 | 
DEBUG 2026-06-09 16:59:46 t_client.py:434 QUEUE SIZE: 8 (Must go: False)
DEBUG 2026-06-09 16:59:46 t_client.py:477 Control loop (ms): 156.96
DEBUG 2026-06-09 16:59:46 follower.py:184 follower_right SOFollower read state: 1.9ms
DEBUG 2026-06-09 16:59:46 follower.py:191 follower_right SOFollower read wrist: 0.0ms
DEBUG 2026-06-09 16:59:46 follower.py:184 follower_left SOFollower read state: 1.8ms
DEBUG 2026-06-09 16:59:46 follower.py:191 follower_left SOFollower read wrist: 0.0ms
DEBUG 2026-06-09 16:59:46 t_client.py:198 Observation serialization time: 0.008759s
DEBUG 2026-06-09 16:59:46 ort/utils.py:54 [CLIENT] Observation Buffer size 4.39546012878418 MB with
DEBUG 2026-06-09 16:59:46 ort/utils.py:69 [CLIENT] Observation Sent 2097152/4608974 bytes with state 1
DEBUG 2026-06-09 16:59:46 ort/utils.py:69 [CLIENT] Observation Sent 4194304/4608974 bytes with state 2
DEBUG 2026-06-09 16:59:46 ort/utils.py:69 [CLIENT] Observation Sent 4608974/4608974 bytes with state 3
DEBUG 2026-06-09 16:59:46 ort/utils.py:71 [CLIENT] Observation Published 4.39546012878418 MB
DEBUG 2026-06-09 16:59:46 t_client.py:292 Received actions on device: cpu
DEBUG 2026-06-09 16:59:46 t_client.py:302 Actions kept on device: cpu
DEBUG 2026-06-09 16:59:46 t_client.py:209 Sent observation #830 | 
DEBUG 2026-06-09 16:59:46 t_client.py:434 QUEUE SIZE: 7 (Must go: False)
DEBUG 2026-06-09 16:59:46 t_client.py:477 Control loop (ms): 128.23
DEBUG 2026-06-09 16:59:46 t_client.py:477 Control loop (ms): 3.86
DEBUG 2026-06-09 16:59:46 t_client.py:477 Control loop (ms): 2.57
DEBUG 2026-06-09 16:59:46 t_client.py:477 Control loop (ms): 3.11
DEBUG 2026-06-09 16:59:46 t_client.py:292 Received actions on device: cpu
DEBUG 2026-06-09 16:59:46 t_client.py:302 Actions kept on device: cpu
DEBUG 2026-06-09 16:59:46 t_client.py:477 Control loop (ms): 3.48
DEBUG 2026-06-09 16:59:46 t_client.py:477 Control loop (ms): 3.15
DEBUG 2026-06-09 16:59:46 t_client.py:477 Control loop (ms): 3.74
DEBUG 2026-06-09 16:59:46 follower.py:184 follower_right SOFollower read state: 2.7ms
DEBUG 2026-06-09 16:59:46 follower.py:191 follower_right SOFollower read wrist: 0.1ms
DEBUG 2026-06-09 16:59:46 follower.py:184 follower_left SOFollower read state: 2.6ms
DEBUG 2026-06-09 16:59:46 follower.py:191 follower_left SOFollower read wrist: 0.0ms
DEBUG 2026-06-09 16:59:46 t_client.py:198 Observation serialization time: 0.007927s
DEBUG 2026-06-09 16:59:46 ort/utils.py:54 [CLIENT] Observation Buffer size 4.39546012878418 MB with
DEBUG 2026-06-09 16:59:46 ort/utils.py:69 [CLIENT] Observation Sent 2097152/4608974 bytes with state 1
DEBUG 2026-06-09 16:59:46 ort/utils.py:69 [CLIENT] Observation Sent 4194304/4608974 bytes with state 2
DEBUG 2026-06-09 16:59:46 ort/utils.py:69 [CLIENT] Observation Sent 4608974/4608974 bytes with state 3
DEBUG 2026-06-09 16:59:46 ort/utils.py:71 [CLIENT] Observation Published 4.39546012878418 MB
DEBUG 2026-06-09 16:59:46 t_client.py:209 Sent observation #837 | 
DEBUG 2026-06-09 16:59:46 t_client.py:434 QUEUE SIZE: 8 (Must go: False)
DEBUG 2026-06-09 16:59:46 t_client.py:477 Control loop (ms): 118.37
DEBUG 2026-06-09 16:59:46 follower.py:184 follower_right SOFollower read state: 1.8ms
DEBUG 2026-06-09 16:59:46 follower.py:191 follower_right SOFollower read wrist: 0.0ms
DEBUG 2026-06-09 16:59:46 follower.py:184 follower_left SOFollower read state: 1.8ms
DEBUG 2026-06-09 16:59:46 follower.py:191 follower_left SOFollower read wrist: 0.0ms
DEBUG 2026-06-09 16:59:46 t_client.py:198 Observation serialization time: 0.005874s
DEBUG 2026-06-09 16:59:46 ort/utils.py:54 [CLIENT] Observation Buffer size 4.39546012878418 MB with
DEBUG 2026-06-09 16:59:46 ort/utils.py:69 [CLIENT] Observation Sent 2097152/4608974 bytes with state 1
DEBUG 2026-06-09 16:59:46 ort/utils.py:69 [CLIENT] Observation Sent 4194304/4608974 bytes with state 2
DEBUG 2026-06-09 16:59:46 ort/utils.py:69 [CLIENT] Observation Sent 4608974/4608974 bytes with state 3
DEBUG 2026-06-09 16:59:46 ort/utils.py:71 [CLIENT] Observation Published 4.39546012878418 MB
DEBUG 2026-06-09 16:59:46 t_client.py:209 Sent observation #838 | 
DEBUG 2026-06-09 16:59:46 t_client.py:434 QUEUE SIZE: 7 (Must go: False)
DEBUG 2026-06-09 16:59:46 t_client.py:477 Control loop (ms): 102.39
DEBUG 2026-06-09 16:59:46 follower.py:184 follower_right SOFollower read state: 9.5ms
DEBUG 2026-06-09 16:59:46 follower.py:191 follower_right SOFollower read wrist: 0.0ms
DEBUG 2026-06-09 16:59:46 t_client.py:292 Received actions on device: cpu
DEBUG 2026-06-09 16:59:46 follower.py:184 follower_left SOFollower read state: 2.8ms
DEBUG 2026-06-09 16:59:46 t_client.py:302 Actions kept on device: cpu
DEBUG 2026-06-09 16:59:46 follower.py:191 follower_left SOFollower read wrist: 0.0ms
DEBUG 2026-06-09 16:59:47 t_client.py:198 Observation serialization time: 0.008798s
DEBUG 2026-06-09 16:59:47 ort/utils.py:54 [CLIENT] Observation Buffer size 4.39546012878418 MB with
DEBUG 2026-06-09 16:59:47 ort/utils.py:69 [CLIENT] Observation Sent 2097152/4608974 bytes with state 1
DEBUG 2026-06-09 16:59:47 ort/utils.py:69 [CLIENT] Observation Sent 4194304/4608974 bytes with state 2
DEBUG 2026-06-09 16:59:47 ort/utils.py:69 [CLIENT] Observation Sent 4608974/4608974 bytes with state 3
DEBUG 2026-06-09 16:59:47 ort/utils.py:71 [CLIENT] Observation Published 4.39546012878418 MB
DEBUG 2026-06-09 16:59:47 t_client.py:209 Sent observation #839 | 
DEBUG 2026-06-09 16:59:47 t_client.py:434 QUEUE SIZE: 6 (Must go: False)
DEBUG 2026-06-09 16:59:47 t_client.py:477 Control loop (ms): 132.07
DEBUG 2026-06-09 16:59:47 t_client.py:477 Control loop (ms): 3.39
DEBUG 2026-06-09 16:59:47 t_client.py:477 Control loop (ms): 1.87
DEBUG 2026-06-09 16:59:47 t_client.py:292 Received actions on device: cpu
DEBUG 2026-06-09 16:59:47 t_client.py:302 Actions kept on device: cpu
DEBUG 2026-06-09 16:59:47 t_client.py:477 Control loop (ms): 1.72
DEBUG 2026-06-09 16:59:47 t_client.py:477 Control loop (ms): 2.20
DEBUG 2026-06-09 16:59:47 t_client.py:477 Control loop (ms): 1.42
DEBUG 2026-06-09 16:59:47 follower.py:184 follower_right SOFollower read state: 2.4ms
DEBUG 2026-06-09 16:59:47 follower.py:191 follower_right SOFollower read wrist: 0.0ms
DEBUG 2026-06-09 16:59:47 follower.py:184 follower_left SOFollower read state: 1.8ms
DEBUG 2026-06-09 16:59:47 follower.py:191 follower_left SOFollower read wrist: 0.0ms
DEBUG 2026-06-09 16:59:47 t_client.py:198 Observation serialization time: 0.010146s
DEBUG 2026-06-09 16:59:47 ort/utils.py:54 [CLIENT] Observation Buffer size 4.39546012878418 MB with
DEBUG 2026-06-09 16:59:47 ort/utils.py:69 [CLIENT] Observation Sent 2097152/4608974 bytes with state 1
DEBUG 2026-06-09 16:59:47 ort/utils.py:69 [CLIENT] Observation Sent 4194304/4608974 bytes with state 2
DEBUG 2026-06-09 16:59:47 ort/utils.py:69 [CLIENT] Observation Sent 4608974/4608974 bytes with state 3
DEBUG 2026-06-09 16:59:47 ort/utils.py:71 [CLIENT] Observation Published 4.39546012878418 MB
DEBUG 2026-06-09 16:59:47 t_client.py:209 Sent observation #845 | 
DEBUG 2026-06-09 16:59:47 t_client.py:434 QUEUE SIZE: 8 (Must go: False)
DEBUG 2026-06-09 16:59:47 t_client.py:477 Control loop (ms): 130.64
DEBUG 2026-06-09 16:59:47 follower.py:184 follower_right SOFollower read state: 2.8ms
DEBUG 2026-06-09 16:59:47 follower.py:191 follower_right SOFollower read wrist: 0.1ms
DEBUG 2026-06-09 16:59:47 follower.py:184 follower_left SOFollower read state: 2.4ms
DEBUG 2026-06-09 16:59:47 follower.py:191 follower_left SOFollower read wrist: 0.0ms
DEBUG 2026-06-09 16:59:47 t_client.py:198 Observation serialization time: 0.013568s
DEBUG 2026-06-09 16:59:47 ort/utils.py:54 [CLIENT] Observation Buffer size 4.39546012878418 MB with
DEBUG 2026-06-09 16:59:47 ort/utils.py:69 [CLIENT] Observation Sent 2097152/4608974 bytes with state 1
DEBUG 2026-06-09 16:59:47 ort/utils.py:69 [CLIENT] Observation Sent 4194304/4608974 bytes with state 2
DEBUG 2026-06-09 16:59:47 ort/utils.py:69 [CLIENT] Observation Sent 4608974/4608974 bytes with state 3
DEBUG 2026-06-09 16:59:47 ort/utils.py:71 [CLIENT] Observation Published 4.39546012878418 MB
DEBUG 2026-06-09 16:59:47 t_client.py:292 Received actions on device: cpu
DEBUG 2026-06-09 16:59:47 t_client.py:302 Actions kept on device: cpu
DEBUG 2026-06-09 16:59:47 t_client.py:209 Sent observation #846 | 
DEBUG 2026-06-09 16:59:47 t_client.py:434 QUEUE SIZE: 7 (Must go: False)
DEBUG 2026-06-09 16:59:47 t_client.py:477 Control loop (ms): 137.08
DEBUG 2026-06-09 16:59:47 t_client.py:477 Control loop (ms): 1.73
DEBUG 2026-06-09 16:59:47 t_client.py:477 Control loop (ms): 1.69
DEBUG 2026-06-09 16:59:47 t_client.py:477 Control loop (ms): 2.05
DEBUG 2026-06-09 16:59:47 t_client.py:292 Received actions on device: cpu
DEBUG 2026-06-09 16:59:47 t_client.py:302 Actions kept on device: cpu
DEBUG 2026-06-09 16:59:47 t_client.py:477 Control loop (ms): 2.11
DEBUG 2026-06-09 16:59:47 t_client.py:477 Control loop (ms): 2.11
DEBUG 2026-06-09 16:59:47 t_client.py:477 Control loop (ms): 1.98
DEBUG 2026-06-09 16:59:47 follower.py:184 follower_right SOFollower read state: 1.7ms
DEBUG 2026-06-09 16:59:47 follower.py:191 follower_right SOFollower read wrist: 0.0ms
DEBUG 2026-06-09 16:59:47 follower.py:184 follower_left SOFollower read state: 1.5ms
DEBUG 2026-06-09 16:59:47 follower.py:191 follower_left SOFollower read wrist: 0.0ms
DEBUG 2026-06-09 16:59:47 t_client.py:198 Observation serialization time: 0.008702s
DEBUG 2026-06-09 16:59:47 ort/utils.py:54 [CLIENT] Observation Buffer size 4.39546012878418 MB with
DEBUG 2026-06-09 16:59:47 ort/utils.py:69 [CLIENT] Observation Sent 2097152/4608974 bytes with state 1
DEBUG 2026-06-09 16:59:47 ort/utils.py:69 [CLIENT] Observation Sent 4194304/4608974 bytes with state 2
DEBUG 2026-06-09 16:59:47 ort/utils.py:69 [CLIENT] Observation Sent 4608974/4608974 bytes with state 3
DEBUG 2026-06-09 16:59:47 ort/utils.py:71 [CLIENT] Observation Published 4.39546012878418 MB
DEBUG 2026-06-09 16:59:47 t_client.py:209 Sent observation #853 | 
DEBUG 2026-06-09 16:59:47 t_client.py:434 QUEUE SIZE: 8 (Must go: False)
DEBUG 2026-06-09 16:59:47 t_client.py:477 Control loop (ms): 115.90
DEBUG 2026-06-09 16:59:47 follower.py:184 follower_right SOFollower read state: 2.1ms
DEBUG 2026-06-09 16:59:47 follower.py:191 follower_right SOFollower read wrist: 0.0ms
DEBUG 2026-06-09 16:59:47 follower.py:184 follower_left SOFollower read state: 1.9ms
DEBUG 2026-06-09 16:59:47 follower.py:191 follower_left SOFollower read wrist: 0.0ms
DEBUG 2026-06-09 16:59:47 t_client.py:198 Observation serialization time: 0.008374s
DEBUG 2026-06-09 16:59:47 ort/utils.py:54 [CLIENT] Observation Buffer size 4.39546012878418 MB with
DEBUG 2026-06-09 16:59:47 ort/utils.py:69 [CLIENT] Observation Sent 2097152/4608974 bytes with state 1
DEBUG 2026-06-09 16:59:47 ort/utils.py:69 [CLIENT] Observation Sent 4194304/4608974 bytes with state 2
DEBUG 2026-06-09 16:59:47 ort/utils.py:69 [CLIENT] Observation Sent 4608974/4608974 bytes with state 3
DEBUG 2026-06-09 16:59:47 ort/utils.py:71 [CLIENT] Observation Published 4.39546012878418 MB
DEBUG 2026-06-09 16:59:47 t_client.py:292 Received actions on device: cpu
DEBUG 2026-06-09 16:59:47 t_client.py:302 Actions kept on device: cpu
DEBUG 2026-06-09 16:59:47 t_client.py:209 Sent observation #854 | 
DEBUG 2026-06-09 16:59:47 t_client.py:434 QUEUE SIZE: 7 (Must go: False)
DEBUG 2026-06-09 16:59:47 t_client.py:477 Control loop (ms): 117.26
DEBUG 2026-06-09 16:59:47 t_client.py:477 Control loop (ms): 0.81
DEBUG 2026-06-09 16:59:48 t_client.py:477 Control loop (ms): 2.12
DEBUG 2026-06-09 16:59:48 t_client.py:477 Control loop (ms): 1.72
DEBUG 2026-06-09 16:59:48 t_client.py:292 Received actions on device: cpu
DEBUG 2026-06-09 16:59:48 t_client.py:302 Actions kept on device: cpu
DEBUG 2026-06-09 16:59:48 t_client.py:477 Control loop (ms): 1.13
DEBUG 2026-06-09 16:59:48 t_client.py:477 Control loop (ms): 1.56
DEBUG 2026-06-09 16:59:48 t_client.py:477 Control loop (ms): 2.08
DEBUG 2026-06-09 16:59:48 follower.py:184 follower_right SOFollower read state: 2.1ms
DEBUG 2026-06-09 16:59:48 follower.py:191 follower_right SOFollower read wrist: 0.0ms
DEBUG 2026-06-09 16:59:48 follower.py:184 follower_left SOFollower read state: 1.8ms
DEBUG 2026-06-09 16:59:48 follower.py:191 follower_left SOFollower read wrist: 0.0ms
DEBUG 2026-06-09 16:59:48 t_client.py:198 Observation serialization time: 0.009452s
DEBUG 2026-06-09 16:59:48 ort/utils.py:54 [CLIENT] Observation Buffer size 4.39546012878418 MB with
DEBUG 2026-06-09 16:59:48 ort/utils.py:69 [CLIENT] Observation Sent 2097152/4608974 bytes with state 1
DEBUG 2026-06-09 16:59:48 ort/utils.py:69 [CLIENT] Observation Sent 4194304/4608974 bytes with state 2
DEBUG 2026-06-09 16:59:48 ort/utils.py:69 [CLIENT] Observation Sent 4608974/4608974 bytes with state 3
DEBUG 2026-06-09 16:59:48 ort/utils.py:71 [CLIENT] Observation Published 4.39546012878418 MB
DEBUG 2026-06-09 16:59:48 t_client.py:209 Sent observation #861 | 
DEBUG 2026-06-09 16:59:48 t_client.py:434 QUEUE SIZE: 8 (Must go: False)
DEBUG 2026-06-09 16:59:48 t_client.py:477 Control loop (ms): 116.62
DEBUG 2026-06-09 16:59:48 follower.py:184 follower_right SOFollower read state: 2.4ms
DEBUG 2026-06-09 16:59:48 follower.py:191 follower_right SOFollower read wrist: 0.0ms
DEBUG 2026-06-09 16:59:48 follower.py:184 follower_left SOFollower read state: 2.0ms
DEBUG 2026-06-09 16:59:48 follower.py:191 follower_left SOFollower read wrist: 0.0ms
DEBUG 2026-06-09 16:59:48 t_client.py:198 Observation serialization time: 0.009196s
DEBUG 2026-06-09 16:59:48 ort/utils.py:54 [CLIENT] Observation Buffer size 4.39546012878418 MB with
DEBUG 2026-06-09 16:59:48 ort/utils.py:69 [CLIENT] Observation Sent 2097152/4608974 bytes with state 1
DEBUG 2026-06-09 16:59:48 ort/utils.py:69 [CLIENT] Observation Sent 4194304/4608974 bytes with state 2
DEBUG 2026-06-09 16:59:48 ort/utils.py:69 [CLIENT] Observation Sent 4608974/4608974 bytes with state 3
DEBUG 2026-06-09 16:59:48 ort/utils.py:71 [CLIENT] Observation Published 4.39546012878418 MB
DEBUG 2026-06-09 16:59:48 t_client.py:292 Received actions on device: cpu
DEBUG 2026-06-09 16:59:48 t_client.py:302 Actions kept on device: cpu
DEBUG 2026-06-09 16:59:48 t_client.py:209 Sent observation #862 | 
DEBUG 2026-06-09 16:59:48 t_client.py:434 QUEUE SIZE: 7 (Must go: False)
DEBUG 2026-06-09 16:59:48 t_client.py:477 Control loop (ms): 110.81
DEBUG 2026-06-09 16:59:48 t_client.py:477 Control loop (ms): 1.25
DEBUG 2026-06-09 16:59:48 t_client.py:477 Control loop (ms): 2.84
DEBUG 2026-06-09 16:59:48 t_client.py:477 Control loop (ms): 2.64
DEBUG 2026-06-09 16:59:48 t_client.py:292 Received actions on device: cpu
DEBUG 2026-06-09 16:59:48 t_client.py:302 Actions kept on device: cpu
DEBUG 2026-06-09 16:59:48 t_client.py:477 Control loop (ms): 3.71
DEBUG 2026-06-09 16:59:48 t_client.py:477 Control loop (ms): 2.05
DEBUG 2026-06-09 16:59:48 t_client.py:477 Control loop (ms): 2.10
DEBUG 2026-06-09 16:59:48 t_client.py:477 Control loop (ms): 1.46
DEBUG 2026-06-09 16:59:48 follower.py:184 follower_right SOFollower read state: 1.8ms
DEBUG 2026-06-09 16:59:48 follower.py:191 follower_right SOFollower read wrist: 0.0ms
DEBUG 2026-06-09 16:59:48 follower.py:184 follower_left SOFollower read state: 1.6ms
DEBUG 2026-06-09 16:59:48 follower.py:191 follower_left SOFollower read wrist: 0.0ms
DEBUG 2026-06-09 16:59:48 t_client.py:198 Observation serialization time: 0.004675s
DEBUG 2026-06-09 16:59:48 ort/utils.py:54 [CLIENT] Observation Buffer size 4.39546012878418 MB with
DEBUG 2026-06-09 16:59:48 ort/utils.py:69 [CLIENT] Observation Sent 2097152/4608974 bytes with state 1
DEBUG 2026-06-09 16:59:48 ort/utils.py:69 [CLIENT] Observation Sent 4194304/4608974 bytes with state 2
DEBUG 2026-06-09 16:59:48 ort/utils.py:69 [CLIENT] Observation Sent 4608974/4608974 bytes with state 3
DEBUG 2026-06-09 16:59:48 ort/utils.py:71 [CLIENT] Observation Published 4.39546012878418 MB
DEBUG 2026-06-09 16:59:48 t_client.py:209 Sent observation #869 | 
DEBUG 2026-06-09 16:59:48 t_client.py:434 QUEUE SIZE: 8 (Must go: False)
DEBUG 2026-06-09 16:59:48 t_client.py:477 Control loop (ms): 124.24
DEBUG 2026-06-09 16:59:48 follower.py:184 follower_right SOFollower read state: 1.7ms
DEBUG 2026-06-09 16:59:48 follower.py:191 follower_right SOFollower read wrist: 0.0ms
DEBUG 2026-06-09 16:59:48 follower.py:184 follower_left SOFollower read state: 1.6ms
DEBUG 2026-06-09 16:59:48 follower.py:191 follower_left SOFollower read wrist: 0.0ms
DEBUG 2026-06-09 16:59:48 t_client.py:198 Observation serialization time: 0.004558s
DEBUG 2026-06-09 16:59:48 ort/utils.py:54 [CLIENT] Observation Buffer size 4.39546012878418 MB with
DEBUG 2026-06-09 16:59:48 ort/utils.py:69 [CLIENT] Observation Sent 2097152/4608974 bytes with state 1
DEBUG 2026-06-09 16:59:48 ort/utils.py:69 [CLIENT] Observation Sent 4194304/4608974 bytes with state 2
DEBUG 2026-06-09 16:59:48 ort/utils.py:69 [CLIENT] Observation Sent 4608974/4608974 bytes with state 3
DEBUG 2026-06-09 16:59:48 ort/utils.py:71 [CLIENT] Observation Published 4.39546012878418 MB
DEBUG 2026-06-09 16:59:48 t_client.py:292 Received actions on device: cpu
DEBUG 2026-06-09 16:59:48 t_client.py:302 Actions kept on device: cpu
DEBUG 2026-06-09 16:59:48 t_client.py:209 Sent observation #870 | 
DEBUG 2026-06-09 16:59:48 t_client.py:434 QUEUE SIZE: 7 (Must go: False)
DEBUG 2026-06-09 16:59:48 t_client.py:477 Control loop (ms): 125.87
DEBUG 2026-06-09 16:59:48 t_client.py:477 Control loop (ms): 1.36
DEBUG 2026-06-09 16:59:48 t_client.py:477 Control loop (ms): 2.21
DEBUG 2026-06-09 16:59:48 t_client.py:477 Control loop (ms): 1.63
DEBUG 2026-06-09 16:59:48 t_client.py:292 Received actions on device: cpu
DEBUG 2026-06-09 16:59:48 t_client.py:302 Actions kept on device: cpu
DEBUG 2026-06-09 16:59:48 t_client.py:477 Control loop (ms): 1.28
DEBUG 2026-06-09 16:59:49 t_client.py:477 Control loop (ms): 1.83
DEBUG 2026-06-09 16:59:49 t_client.py:477 Control loop (ms): 0.83
DEBUG 2026-06-09 16:59:49 follower.py:184 follower_right SOFollower read state: 2.1ms
DEBUG 2026-06-09 16:59:49 follower.py:191 follower_right SOFollower read wrist: 0.0ms
DEBUG 2026-06-09 16:59:49 follower.py:184 follower_left SOFollower read state: 2.0ms
DEBUG 2026-06-09 16:59:49 follower.py:191 follower_left SOFollower read wrist: 0.0ms
DEBUG 2026-06-09 16:59:49 t_client.py:198 Observation serialization time: 0.009779s
DEBUG 2026-06-09 16:59:49 ort/utils.py:54 [CLIENT] Observation Buffer size 4.39546012878418 MB with
DEBUG 2026-06-09 16:59:49 ort/utils.py:69 [CLIENT] Observation Sent 2097152/4608974 bytes with state 1
DEBUG 2026-06-09 16:59:49 ort/utils.py:69 [CLIENT] Observation Sent 4194304/4608974 bytes with state 2
DEBUG 2026-06-09 16:59:49 ort/utils.py:69 [CLIENT] Observation Sent 4608974/4608974 bytes with state 3
DEBUG 2026-06-09 16:59:49 ort/utils.py:71 [CLIENT] Observation Published 4.39546012878418 MB
DEBUG 2026-06-09 16:59:49 t_client.py:209 Sent observation #877 | 
DEBUG 2026-06-09 16:59:49 t_client.py:434 QUEUE SIZE: 8 (Must go: False)
DEBUG 2026-06-09 16:59:49 t_client.py:477 Control loop (ms): 186.14
DEBUG 2026-06-09 16:59:49 follower.py:184 follower_right SOFollower read state: 2.0ms
DEBUG 2026-06-09 16:59:49 follower.py:191 follower_right SOFollower read wrist: 0.0ms
DEBUG 2026-06-09 16:59:49 follower.py:184 follower_left SOFollower read state: 2.0ms
DEBUG 2026-06-09 16:59:49 follower.py:191 follower_left SOFollower read wrist: 0.0ms
DEBUG 2026-06-09 16:59:49 t_client.py:198 Observation serialization time: 0.009108s
DEBUG 2026-06-09 16:59:49 ort/utils.py:54 [CLIENT] Observation Buffer size 4.39546012878418 MB with
DEBUG 2026-06-09 16:59:49 ort/utils.py:69 [CLIENT] Observation Sent 2097152/4608974 bytes with state 1
DEBUG 2026-06-09 16:59:49 ort/utils.py:69 [CLIENT] Observation Sent 4194304/4608974 bytes with state 2
DEBUG 2026-06-09 16:59:49 ort/utils.py:69 [CLIENT] Observation Sent 4608974/4608974 bytes with state 3
DEBUG 2026-06-09 16:59:49 ort/utils.py:71 [CLIENT] Observation Published 4.39546012878418 MB
DEBUG 2026-06-09 16:59:49 t_client.py:292 Received actions on device: cpu
DEBUG 2026-06-09 16:59:49 t_client.py:302 Actions kept on device: cpu
DEBUG 2026-06-09 16:59:49 t_client.py:209 Sent observation #878 | 
DEBUG 2026-06-09 16:59:49 t_client.py:434 QUEUE SIZE: 7 (Must go: False)
DEBUG 2026-06-09 16:59:49 t_client.py:477 Control loop (ms): 119.03
DEBUG 2026-06-09 16:59:49 t_client.py:477 Control loop (ms): 1.79
DEBUG 2026-06-09 16:59:49 t_client.py:477 Control loop (ms): 1.33
DEBUG 2026-06-09 16:59:49 t_client.py:477 Control loop (ms): 1.48
DEBUG 2026-06-09 16:59:49 t_client.py:292 Received actions on device: cpu
DEBUG 2026-06-09 16:59:49 t_client.py:302 Actions kept on device: cpu
DEBUG 2026-06-09 16:59:49 t_client.py:477 Control loop (ms): 1.55
DEBUG 2026-06-09 16:59:49 t_client.py:477 Control loop (ms): 1.75
DEBUG 2026-06-09 16:59:49 t_client.py:477 Control loop (ms): 1.58
DEBUG 2026-06-09 16:59:49 follower.py:184 follower_right SOFollower read state: 2.5ms
DEBUG 2026-06-09 16:59:49 follower.py:191 follower_right SOFollower read wrist: 0.1ms
DEBUG 2026-06-09 16:59:49 follower.py:184 follower_left SOFollower read state: 2.0ms
DEBUG 2026-06-09 16:59:49 follower.py:191 follower_left SOFollower read wrist: 0.0ms
DEBUG 2026-06-09 16:59:49 t_client.py:198 Observation serialization time: 0.010142s
DEBUG 2026-06-09 16:59:49 ort/utils.py:54 [CLIENT] Observation Buffer size 4.39546012878418 MB with
DEBUG 2026-06-09 16:59:49 ort/utils.py:69 [CLIENT] Observation Sent 2097152/4608974 bytes with state 1
DEBUG 2026-06-09 16:59:49 ort/utils.py:69 [CLIENT] Observation Sent 4194304/4608974 bytes with state 2
DEBUG 2026-06-09 16:59:49 ort/utils.py:69 [CLIENT] Observation Sent 4608974/4608974 bytes with state 3
DEBUG 2026-06-09 16:59:49 ort/utils.py:71 [CLIENT] Observation Published 4.39546012878418 MB
DEBUG 2026-06-09 16:59:49 t_client.py:209 Sent observation #885 | 
DEBUG 2026-06-09 16:59:49 t_client.py:434 QUEUE SIZE: 8 (Must go: False)
DEBUG 2026-06-09 16:59:49 t_client.py:477 Control loop (ms): 121.80
DEBUG 2026-06-09 16:59:49 follower.py:184 follower_right SOFollower read state: 1.8ms
DEBUG 2026-06-09 16:59:49 follower.py:191 follower_right SOFollower read wrist: 0.0ms
DEBUG 2026-06-09 16:59:49 follower.py:184 follower_left SOFollower read state: 1.8ms
DEBUG 2026-06-09 16:59:49 follower.py:191 follower_left SOFollower read wrist: 0.0ms
DEBUG 2026-06-09 16:59:49 t_client.py:198 Observation serialization time: 0.009273s
DEBUG 2026-06-09 16:59:49 ort/utils.py:54 [CLIENT] Observation Buffer size 4.39546012878418 MB with
DEBUG 2026-06-09 16:59:49 ort/utils.py:69 [CLIENT] Observation Sent 2097152/4608974 bytes with state 1
DEBUG 2026-06-09 16:59:49 ort/utils.py:69 [CLIENT] Observation Sent 4194304/4608974 bytes with state 2
DEBUG 2026-06-09 16:59:49 ort/utils.py:69 [CLIENT] Observation Sent 4608974/4608974 bytes with state 3
DEBUG 2026-06-09 16:59:49 ort/utils.py:71 [CLIENT] Observation Published 4.39546012878418 MB
DEBUG 2026-06-09 16:59:49 t_client.py:292 Received actions on device: cpu
DEBUG 2026-06-09 16:59:49 t_client.py:302 Actions kept on device: cpu
DEBUG 2026-06-09 16:59:49 t_client.py:209 Sent observation #886 | 
DEBUG 2026-06-09 16:59:49 t_client.py:434 QUEUE SIZE: 7 (Must go: False)
DEBUG 2026-06-09 16:59:49 t_client.py:477 Control loop (ms): 167.01
DEBUG 2026-06-09 16:59:49 t_client.py:477 Control loop (ms): 1.40
DEBUG 2026-06-09 16:59:49 t_client.py:477 Control loop (ms): 1.28
DEBUG 2026-06-09 16:59:49 t_client.py:477 Control loop (ms): 1.24
DEBUG 2026-06-09 16:59:49 t_client.py:292 Received actions on device: cpu
DEBUG 2026-06-09 16:59:49 t_client.py:302 Actions kept on device: cpu
DEBUG 2026-06-09 16:59:49 t_client.py:477 Control loop (ms): 1.39
DEBUG 2026-06-09 16:59:50 t_client.py:477 Control loop (ms): 1.01
DEBUG 2026-06-09 16:59:50 t_client.py:477 Control loop (ms): 1.30
DEBUG 2026-06-09 16:59:50 follower.py:184 follower_right SOFollower read state: 1.7ms
DEBUG 2026-06-09 16:59:50 follower.py:191 follower_right SOFollower read wrist: 0.0ms
DEBUG 2026-06-09 16:59:50 follower.py:184 follower_left SOFollower read state: 1.8ms
DEBUG 2026-06-09 16:59:50 follower.py:191 follower_left SOFollower read wrist: 0.0ms
DEBUG 2026-06-09 16:59:50 t_client.py:198 Observation serialization time: 0.010639s
DEBUG 2026-06-09 16:59:50 ort/utils.py:54 [CLIENT] Observation Buffer size 4.39546012878418 MB with
DEBUG 2026-06-09 16:59:50 ort/utils.py:69 [CLIENT] Observation Sent 2097152/4608974 bytes with state 1
DEBUG 2026-06-09 16:59:50 ort/utils.py:69 [CLIENT] Observation Sent 4194304/4608974 bytes with state 2
DEBUG 2026-06-09 16:59:50 ort/utils.py:69 [CLIENT] Observation Sent 4608974/4608974 bytes with state 3
DEBUG 2026-06-09 16:59:50 ort/utils.py:71 [CLIENT] Observation Published 4.39546012878418 MB
DEBUG 2026-06-09 16:59:50 t_client.py:209 Sent observation #893 | 
DEBUG 2026-06-09 16:59:50 t_client.py:434 QUEUE SIZE: 8 (Must go: False)
DEBUG 2026-06-09 16:59:50 t_client.py:477 Control loop (ms): 166.95
DEBUG 2026-06-09 16:59:50 follower.py:184 follower_right SOFollower read state: 1.7ms
DEBUG 2026-06-09 16:59:50 follower.py:191 follower_right SOFollower read wrist: 0.0ms
DEBUG 2026-06-09 16:59:50 follower.py:184 follower_left SOFollower read state: 1.6ms
DEBUG 2026-06-09 16:59:50 follower.py:191 follower_left SOFollower read wrist: 0.0ms
DEBUG 2026-06-09 16:59:50 t_client.py:198 Observation serialization time: 0.006771s
DEBUG 2026-06-09 16:59:50 ort/utils.py:54 [CLIENT] Observation Buffer size 4.39546012878418 MB with
DEBUG 2026-06-09 16:59:50 ort/utils.py:69 [CLIENT] Observation Sent 2097152/4608974 bytes with state 1
DEBUG 2026-06-09 16:59:50 ort/utils.py:69 [CLIENT] Observation Sent 4194304/4608974 bytes with state 2
DEBUG 2026-06-09 16:59:50 ort/utils.py:69 [CLIENT] Observation Sent 4608974/4608974 bytes with state 3
DEBUG 2026-06-09 16:59:50 ort/utils.py:71 [CLIENT] Observation Published 4.39546012878418 MB
DEBUG 2026-06-09 16:59:50 t_client.py:209 Sent observation #894 | 
DEBUG 2026-06-09 16:59:50 t_client.py:434 QUEUE SIZE: 7 (Must go: False)
DEBUG 2026-06-09 16:59:50 t_client.py:477 Control loop (ms): 134.14
DEBUG 2026-06-09 16:59:50 t_client.py:292 Received actions on device: cpu
DEBUG 2026-06-09 16:59:50 t_client.py:302 Actions kept on device: cpu
DEBUG 2026-06-09 16:59:50 follower.py:184 follower_right SOFollower read state: 2.9ms
DEBUG 2026-06-09 16:59:50 follower.py:191 follower_right SOFollower read wrist: 0.1ms
DEBUG 2026-06-09 16:59:50 follower.py:184 follower_left SOFollower read state: 2.5ms
DEBUG 2026-06-09 16:59:50 follower.py:191 follower_left SOFollower read wrist: 0.0ms
DEBUG 2026-06-09 16:59:50 t_client.py:198 Observation serialization time: 0.009460s
DEBUG 2026-06-09 16:59:50 ort/utils.py:54 [CLIENT] Observation Buffer size 4.39546012878418 MB with
DEBUG 2026-06-09 16:59:50 ort/utils.py:69 [CLIENT] Observation Sent 2097152/4608974 bytes with state 1
DEBUG 2026-06-09 16:59:50 ort/utils.py:69 [CLIENT] Observation Sent 4194304/4608974 bytes with state 2
DEBUG 2026-06-09 16:59:50 ort/utils.py:69 [CLIENT] Observation Sent 4608974/4608974 bytes with state 3
DEBUG 2026-06-09 16:59:50 ort/utils.py:71 [CLIENT] Observation Published 4.39546012878418 MB
DEBUG 2026-06-09 16:59:50 t_client.py:209 Sent observation #895 | 
DEBUG 2026-06-09 16:59:50 t_client.py:434 QUEUE SIZE: 13 (Must go: False)
DEBUG 2026-06-09 16:59:50 t_client.py:477 Control loop (ms): 120.36
DEBUG 2026-06-09 16:59:50 t_client.py:477 Control loop (ms): 2.07
DEBUG 2026-06-09 16:59:50 t_client.py:292 Received actions on device: cpu
DEBUG 2026-06-09 16:59:50 t_client.py:302 Actions kept on device: cpu
DEBUG 2026-06-09 16:59:50 t_client.py:477 Control loop (ms): 2.67
DEBUG 2026-06-09 16:59:50 t_client.py:477 Control loop (ms): 2.92
DEBUG 2026-06-09 16:59:50 t_client.py:477 Control loop (ms): 1.69
DEBUG 2026-06-09 16:59:50 t_client.py:477 Control loop (ms): 1.96
DEBUG 2026-06-09 16:59:50 follower.py:184 follower_right SOFollower read state: 2.0ms
DEBUG 2026-06-09 16:59:50 follower.py:191 follower_right SOFollower read wrist: 0.0ms
DEBUG 2026-06-09 16:59:50 follower.py:184 follower_left SOFollower read state: 1.9ms
DEBUG 2026-06-09 16:59:50 follower.py:191 follower_left SOFollower read wrist: 0.0ms
DEBUG 2026-06-09 16:59:50 t_client.py:198 Observation serialization time: 0.009337s
DEBUG 2026-06-09 16:59:50 ort/utils.py:54 [CLIENT] Observation Buffer size 4.39546012878418 MB with
DEBUG 2026-06-09 16:59:50 ort/utils.py:69 [CLIENT] Observation Sent 2097152/4608974 bytes with state 1
DEBUG 2026-06-09 16:59:50 ort/utils.py:69 [CLIENT] Observation Sent 4194304/4608974 bytes with state 2
DEBUG 2026-06-09 16:59:50 ort/utils.py:69 [CLIENT] Observation Sent 4608974/4608974 bytes with state 3
DEBUG 2026-06-09 16:59:50 ort/utils.py:71 [CLIENT] Observation Published 4.39546012878418 MB
DEBUG 2026-06-09 16:59:50 t_client.py:209 Sent observation #901 | 
DEBUG 2026-06-09 16:59:50 t_client.py:434 QUEUE SIZE: 8 (Must go: False)
DEBUG 2026-06-09 16:59:50 t_client.py:477 Control loop (ms): 132.49
DEBUG 2026-06-09 16:59:50 follower.py:184 follower_right SOFollower read state: 2.3ms
DEBUG 2026-06-09 16:59:50 follower.py:191 follower_right SOFollower read wrist: 0.0ms
DEBUG 2026-06-09 16:59:50 follower.py:184 follower_left SOFollower read state: 2.3ms
DEBUG 2026-06-09 16:59:50 follower.py:191 follower_left SOFollower read wrist: 0.0ms
DEBUG 2026-06-09 16:59:50 t_client.py:198 Observation serialization time: 0.008553s
DEBUG 2026-06-09 16:59:50 ort/utils.py:54 [CLIENT] Observation Buffer size 4.39546012878418 MB with
DEBUG 2026-06-09 16:59:50 ort/utils.py:69 [CLIENT] Observation Sent 2097152/4608974 bytes with state 1
DEBUG 2026-06-09 16:59:50 ort/utils.py:69 [CLIENT] Observation Sent 4194304/4608974 bytes with state 2
DEBUG 2026-06-09 16:59:50 ort/utils.py:69 [CLIENT] Observation Sent 4608974/4608974 bytes with state 3
DEBUG 2026-06-09 16:59:50 ort/utils.py:71 [CLIENT] Observation Published 4.39546012878418 MB
DEBUG 2026-06-09 16:59:50 t_client.py:292 Received actions on device: cpu
DEBUG 2026-06-09 16:59:50 t_client.py:302 Actions kept on device: cpu
DEBUG 2026-06-09 16:59:50 t_client.py:209 Sent observation #902 | 
DEBUG 2026-06-09 16:59:50 t_client.py:434 QUEUE SIZE: 7 (Must go: False)
DEBUG 2026-06-09 16:59:50 t_client.py:477 Control loop (ms): 136.11
DEBUG 2026-06-09 16:59:50 t_client.py:477 Control loop (ms): 1.35
DEBUG 2026-06-09 16:59:50 t_client.py:477 Control loop (ms): 1.59
DEBUG 2026-06-09 16:59:51 t_client.py:477 Control loop (ms): 1.55
DEBUG 2026-06-09 16:59:51 t_client.py:292 Received actions on device: cpu
DEBUG 2026-06-09 16:59:51 t_client.py:302 Actions kept on device: cpu
DEBUG 2026-06-09 16:59:51 t_client.py:477 Control loop (ms): 1.99
DEBUG 2026-06-09 16:59:51 t_client.py:477 Control loop (ms): 1.99
DEBUG 2026-06-09 16:59:51 t_client.py:477 Control loop (ms): 2.09
DEBUG 2026-06-09 16:59:51 follower.py:184 follower_right SOFollower read state: 2.3ms
DEBUG 2026-06-09 16:59:51 follower.py:191 follower_right SOFollower read wrist: 0.0ms
DEBUG 2026-06-09 16:59:51 follower.py:184 follower_left SOFollower read state: 2.3ms
DEBUG 2026-06-09 16:59:51 follower.py:191 follower_left SOFollower read wrist: 0.0ms
DEBUG 2026-06-09 16:59:51 t_client.py:198 Observation serialization time: 0.010686s
DEBUG 2026-06-09 16:59:51 ort/utils.py:54 [CLIENT] Observation Buffer size 4.39546012878418 MB with
DEBUG 2026-06-09 16:59:51 ort/utils.py:69 [CLIENT] Observation Sent 2097152/4608974 bytes with state 1
DEBUG 2026-06-09 16:59:51 ort/utils.py:69 [CLIENT] Observation Sent 4194304/4608974 bytes with state 2
DEBUG 2026-06-09 16:59:51 ort/utils.py:69 [CLIENT] Observation Sent 4608974/4608974 bytes with state 3
DEBUG 2026-06-09 16:59:51 ort/utils.py:71 [CLIENT] Observation Published 4.39546012878418 MB
DEBUG 2026-06-09 16:59:51 t_client.py:209 Sent observation #909 | 
DEBUG 2026-06-09 16:59:51 t_client.py:434 QUEUE SIZE: 8 (Must go: False)
DEBUG 2026-06-09 16:59:51 t_client.py:477 Control loop (ms): 127.24
DEBUG 2026-06-09 16:59:51 follower.py:184 follower_right SOFollower read state: 2.5ms
DEBUG 2026-06-09 16:59:51 follower.py:191 follower_right SOFollower read wrist: 0.0ms
DEBUG 2026-06-09 16:59:51 follower.py:184 follower_left SOFollower read state: 1.9ms
DEBUG 2026-06-09 16:59:51 follower.py:191 follower_left SOFollower read wrist: 0.0ms
DEBUG 2026-06-09 16:59:51 t_client.py:198 Observation serialization time: 0.008152s
DEBUG 2026-06-09 16:59:51 ort/utils.py:54 [CLIENT] Observation Buffer size 4.39546012878418 MB with
DEBUG 2026-06-09 16:59:51 ort/utils.py:69 [CLIENT] Observation Sent 2097152/4608974 bytes with state 1
DEBUG 2026-06-09 16:59:51 ort/utils.py:69 [CLIENT] Observation Sent 4194304/4608974 bytes with state 2
DEBUG 2026-06-09 16:59:51 ort/utils.py:69 [CLIENT] Observation Sent 4608974/4608974 bytes with state 3
DEBUG 2026-06-09 16:59:51 ort/utils.py:71 [CLIENT] Observation Published 4.39546012878418 MB
DEBUG 2026-06-09 16:59:51 t_client.py:209 Sent observation #910 | 
DEBUG 2026-06-09 16:59:51 t_client.py:434 QUEUE SIZE: 7 (Must go: False)
DEBUG 2026-06-09 16:59:51 t_client.py:477 Control loop (ms): 248.10
DEBUG 2026-06-09 16:59:51 t_client.py:292 Received actions on device: cpu
DEBUG 2026-06-09 16:59:51 t_client.py:302 Actions kept on device: cpu
DEBUG 2026-06-09 16:59:51 follower.py:184 follower_right SOFollower read state: 2.7ms
DEBUG 2026-06-09 16:59:51 follower.py:191 follower_right SOFollower read wrist: 0.1ms
DEBUG 2026-06-09 16:59:51 follower.py:184 follower_left SOFollower read state: 2.5ms
DEBUG 2026-06-09 16:59:51 follower.py:191 follower_left SOFollower read wrist: 0.0ms
DEBUG 2026-06-09 16:59:51 t_client.py:198 Observation serialization time: 0.008189s
DEBUG 2026-06-09 16:59:51 ort/utils.py:54 [CLIENT] Observation Buffer size 4.39546012878418 MB with
DEBUG 2026-06-09 16:59:51 ort/utils.py:69 [CLIENT] Observation Sent 2097152/4608974 bytes with state 1
DEBUG 2026-06-09 16:59:51 ort/utils.py:69 [CLIENT] Observation Sent 4194304/4608974 bytes with state 2
DEBUG 2026-06-09 16:59:51 ort/utils.py:69 [CLIENT] Observation Sent 4608974/4608974 bytes with state 3
DEBUG 2026-06-09 16:59:51 ort/utils.py:71 [CLIENT] Observation Published 4.39546012878418 MB
DEBUG 2026-06-09 16:59:51 t_client.py:292 Received actions on device: cpu
DEBUG 2026-06-09 16:59:51 t_client.py:302 Actions kept on device: cpu
DEBUG 2026-06-09 16:59:51 t_client.py:209 Sent observation #911 | 
DEBUG 2026-06-09 16:59:51 t_client.py:434 QUEUE SIZE: 13 (Must go: False)
DEBUG 2026-06-09 16:59:51 t_client.py:477 Control loop (ms): 139.78
DEBUG 2026-06-09 16:59:51 t_client.py:477 Control loop (ms): 2.66
DEBUG 2026-06-09 16:59:51 t_client.py:477 Control loop (ms): 2.63
DEBUG 2026-06-09 16:59:51 t_client.py:477 Control loop (ms): 2.60
DEBUG 2026-06-09 16:59:51 t_client.py:292 Received actions on device: cpu
DEBUG 2026-06-09 16:59:51 t_client.py:302 Actions kept on device: cpu
DEBUG 2026-06-09 16:59:51 t_client.py:477 Control loop (ms): 5.02
DEBUG 2026-06-09 16:59:51 t_client.py:477 Control loop (ms): 3.13
DEBUG 2026-06-09 16:59:51 t_client.py:477 Control loop (ms): 3.18
DEBUG 2026-06-09 16:59:51 t_client.py:477 Control loop (ms): 3.06
DEBUG 2026-06-09 16:59:51 t_client.py:477 Control loop (ms): 1.96
DEBUG 2026-06-09 16:59:51 follower.py:184 follower_right SOFollower read state: 2.2ms
DEBUG 2026-06-09 16:59:51 follower.py:191 follower_right SOFollower read wrist: 0.1ms
DEBUG 2026-06-09 16:59:51 follower.py:184 follower_left SOFollower read state: 1.6ms
DEBUG 2026-06-09 16:59:51 follower.py:191 follower_left SOFollower read wrist: 0.0ms
DEBUG 2026-06-09 16:59:51 t_client.py:198 Observation serialization time: 0.008921s
DEBUG 2026-06-09 16:59:51 ort/utils.py:54 [CLIENT] Observation Buffer size 4.39546012878418 MB with
DEBUG 2026-06-09 16:59:51 ort/utils.py:69 [CLIENT] Observation Sent 2097152/4608974 bytes with state 1
DEBUG 2026-06-09 16:59:51 ort/utils.py:69 [CLIENT] Observation Sent 4194304/4608974 bytes with state 2
DEBUG 2026-06-09 16:59:52 ort/utils.py:69 [CLIENT] Observation Sent 4608974/4608974 bytes with state 3
DEBUG 2026-06-09 16:59:52 ort/utils.py:71 [CLIENT] Observation Published 4.39546012878418 MB
DEBUG 2026-06-09 16:59:52 t_client.py:209 Sent observation #918 | 
DEBUG 2026-06-09 16:59:52 t_client.py:434 QUEUE SIZE: 8 (Must go: False)
DEBUG 2026-06-09 16:59:52 t_client.py:477 Control loop (ms): 117.38
DEBUG 2026-06-09 16:59:52 follower.py:184 follower_right SOFollower read state: 2.0ms
DEBUG 2026-06-09 16:59:52 follower.py:191 follower_right SOFollower read wrist: 0.0ms
DEBUG 2026-06-09 16:59:52 follower.py:184 follower_left SOFollower read state: 1.9ms
DEBUG 2026-06-09 16:59:52 follower.py:191 follower_left SOFollower read wrist: 0.0ms
DEBUG 2026-06-09 16:59:52 t_client.py:198 Observation serialization time: 0.006431s
DEBUG 2026-06-09 16:59:52 ort/utils.py:54 [CLIENT] Observation Buffer size 4.39546012878418 MB with
DEBUG 2026-06-09 16:59:52 ort/utils.py:69 [CLIENT] Observation Sent 2097152/4608974 bytes with state 1
DEBUG 2026-06-09 16:59:52 ort/utils.py:69 [CLIENT] Observation Sent 4194304/4608974 bytes with state 2
DEBUG 2026-06-09 16:59:52 ort/utils.py:69 [CLIENT] Observation Sent 4608974/4608974 bytes with state 3
DEBUG 2026-06-09 16:59:52 ort/utils.py:71 [CLIENT] Observation Published 4.39546012878418 MB
DEBUG 2026-06-09 16:59:52 t_client.py:292 Received actions on device: cpu
DEBUG 2026-06-09 16:59:52 t_client.py:302 Actions kept on device: cpu
DEBUG 2026-06-09 16:59:52 t_client.py:209 Sent observation #919 | 
DEBUG 2026-06-09 16:59:52 t_client.py:434 QUEUE SIZE: 7 (Must go: False)
DEBUG 2026-06-09 16:59:52 t_client.py:477 Control loop (ms): 139.48
DEBUG 2026-06-09 16:59:52 t_client.py:477 Control loop (ms): 1.12
DEBUG 2026-06-09 16:59:52 t_client.py:477 Control loop (ms): 1.73
DEBUG 2026-06-09 16:59:52 t_client.py:477 Control loop (ms): 1.72
DEBUG 2026-06-09 16:59:52 t_client.py:477 Control loop (ms): 1.92
DEBUG 2026-06-09 16:59:52 t_client.py:292 Received actions on device: cpu
DEBUG 2026-06-09 16:59:52 t_client.py:302 Actions kept on device: cpu
DEBUG 2026-06-09 16:59:52 t_client.py:477 Control loop (ms): 1.60
DEBUG 2026-06-09 16:59:52 t_client.py:477 Control loop (ms): 1.48
DEBUG 2026-06-09 16:59:52 follower.py:184 follower_right SOFollower read state: 2.0ms
DEBUG 2026-06-09 16:59:52 follower.py:191 follower_right SOFollower read wrist: 0.1ms
DEBUG 2026-06-09 16:59:52 follower.py:184 follower_left SOFollower read state: 2.2ms
DEBUG 2026-06-09 16:59:52 follower.py:191 follower_left SOFollower read wrist: 0.0ms
DEBUG 2026-06-09 16:59:52 t_client.py:198 Observation serialization time: 0.007276s
DEBUG 2026-06-09 16:59:52 ort/utils.py:54 [CLIENT] Observation Buffer size 4.39546012878418 MB with
DEBUG 2026-06-09 16:59:52 ort/utils.py:69 [CLIENT] Observation Sent 2097152/4608974 bytes with state 1
DEBUG 2026-06-09 16:59:52 ort/utils.py:69 [CLIENT] Observation Sent 4194304/4608974 bytes with state 2
DEBUG 2026-06-09 16:59:52 ort/utils.py:69 [CLIENT] Observation Sent 4608974/4608974 bytes with state 3
DEBUG 2026-06-09 16:59:52 ort/utils.py:71 [CLIENT] Observation Published 4.39546012878418 MB
DEBUG 2026-06-09 16:59:52 t_client.py:209 Sent observation #926 | 
DEBUG 2026-06-09 16:59:52 t_client.py:434 QUEUE SIZE: 8 (Must go: False)
DEBUG 2026-06-09 16:59:52 t_client.py:477 Control loop (ms): 100.79
DEBUG 2026-06-09 16:59:52 follower.py:184 follower_right SOFollower read state: 2.1ms
DEBUG 2026-06-09 16:59:52 follower.py:191 follower_right SOFollower read wrist: 0.1ms
DEBUG 2026-06-09 16:59:52 follower.py:184 follower_left SOFollower read state: 2.0ms
DEBUG 2026-06-09 16:59:52 follower.py:191 follower_left SOFollower read wrist: 0.0ms
DEBUG 2026-06-09 16:59:52 t_client.py:198 Observation serialization time: 0.008919s
DEBUG 2026-06-09 16:59:52 ort/utils.py:54 [CLIENT] Observation Buffer size 4.39546012878418 MB with
DEBUG 2026-06-09 16:59:52 ort/utils.py:69 [CLIENT] Observation Sent 2097152/4608974 bytes with state 1
DEBUG 2026-06-09 16:59:52 ort/utils.py:69 [CLIENT] Observation Sent 4194304/4608974 bytes with state 2
DEBUG 2026-06-09 16:59:52 ort/utils.py:69 [CLIENT] Observation Sent 4608974/4608974 bytes with state 3
DEBUG 2026-06-09 16:59:52 ort/utils.py:71 [CLIENT] Observation Published 4.39546012878418 MB
DEBUG 2026-06-09 16:59:52 t_client.py:209 Sent observation #927 | 
DEBUG 2026-06-09 16:59:52 t_client.py:434 QUEUE SIZE: 7 (Must go: False)
DEBUG 2026-06-09 16:59:52 t_client.py:477 Control loop (ms): 126.75
DEBUG 2026-06-09 16:59:52 t_client.py:292 Received actions on device: cpu
DEBUG 2026-06-09 16:59:52 t_client.py:302 Actions kept on device: cpu
DEBUG 2026-06-09 16:59:52 follower.py:184 follower_right SOFollower read state: 1.6ms
DEBUG 2026-06-09 16:59:52 follower.py:191 follower_right SOFollower read wrist: 0.0ms
DEBUG 2026-06-09 16:59:52 follower.py:184 follower_left SOFollower read state: 2.0ms
DEBUG 2026-06-09 16:59:52 follower.py:191 follower_left SOFollower read wrist: 0.0ms
DEBUG 2026-06-09 16:59:52 t_client.py:198 Observation serialization time: 0.004302s
DEBUG 2026-06-09 16:59:52 ort/utils.py:54 [CLIENT] Observation Buffer size 4.39546012878418 MB with
DEBUG 2026-06-09 16:59:52 ort/utils.py:69 [CLIENT] Observation Sent 2097152/4608974 bytes with state 1
DEBUG 2026-06-09 16:59:52 ort/utils.py:69 [CLIENT] Observation Sent 4194304/4608974 bytes with state 2
DEBUG 2026-06-09 16:59:52 ort/utils.py:69 [CLIENT] Observation Sent 4608974/4608974 bytes with state 3
DEBUG 2026-06-09 16:59:52 ort/utils.py:71 [CLIENT] Observation Published 4.39546012878418 MB
DEBUG 2026-06-09 16:59:52 t_client.py:292 Received actions on device: cpu
DEBUG 2026-06-09 16:59:52 t_client.py:302 Actions kept on device: cpu
DEBUG 2026-06-09 16:59:52 t_client.py:209 Sent observation #928 | 
DEBUG 2026-06-09 16:59:52 t_client.py:434 QUEUE SIZE: 14 (Must go: False)
DEBUG 2026-06-09 16:59:52 t_client.py:477 Control loop (ms): 129.37
DEBUG 2026-06-09 16:59:52 t_client.py:477 Control loop (ms): 1.44
DEBUG 2026-06-09 16:59:52 t_client.py:477 Control loop (ms): 2.02
DEBUG 2026-06-09 16:59:52 t_client.py:477 Control loop (ms): 1.57
DEBUG 2026-06-09 16:59:52 t_client.py:292 Received actions on device: cpu
DEBUG 2026-06-09 16:59:52 t_client.py:302 Actions kept on device: cpu
DEBUG 2026-06-09 16:59:52 t_client.py:477 Control loop (ms): 1.35
DEBUG 2026-06-09 16:59:52 t_client.py:477 Control loop (ms): 1.91
DEBUG 2026-06-09 16:59:52 t_client.py:477 Control loop (ms): 2.08
DEBUG 2026-06-09 16:59:52 follower.py:184 follower_right SOFollower read state: 2.1ms
DEBUG 2026-06-09 16:59:52 follower.py:191 follower_right SOFollower read wrist: 0.0ms
DEBUG 2026-06-09 16:59:52 follower.py:184 follower_left SOFollower read state: 2.0ms
DEBUG 2026-06-09 16:59:52 follower.py:191 follower_left SOFollower read wrist: 0.0ms
DEBUG 2026-06-09 16:59:52 t_client.py:198 Observation serialization time: 0.009140s
DEBUG 2026-06-09 16:59:52 ort/utils.py:54 [CLIENT] Observation Buffer size 4.39546012878418 MB with
DEBUG 2026-06-09 16:59:52 ort/utils.py:69 [CLIENT] Observation Sent 2097152/4608974 bytes with state 1
DEBUG 2026-06-09 16:59:53 ort/utils.py:69 [CLIENT] Observation Sent 4194304/4608974 bytes with state 2
DEBUG 2026-06-09 16:59:53 ort/utils.py:69 [CLIENT] Observation Sent 4608974/4608974 bytes with state 3
DEBUG 2026-06-09 16:59:53 ort/utils.py:71 [CLIENT] Observation Published 4.39546012878418 MB
DEBUG 2026-06-09 16:59:53 t_client.py:209 Sent observation #935 | 
DEBUG 2026-06-09 16:59:53 t_client.py:434 QUEUE SIZE: 8 (Must go: False)
DEBUG 2026-06-09 16:59:53 t_client.py:477 Control loop (ms): 132.18
DEBUG 2026-06-09 16:59:53 follower.py:184 follower_right SOFollower read state: 1.9ms
DEBUG 2026-06-09 16:59:53 follower.py:191 follower_right SOFollower read wrist: 0.0ms
DEBUG 2026-06-09 16:59:53 follower.py:184 follower_left SOFollower read state: 1.9ms
DEBUG 2026-06-09 16:59:53 follower.py:191 follower_left SOFollower read wrist: 0.0ms
DEBUG 2026-06-09 16:59:53 t_client.py:198 Observation serialization time: 0.009888s
DEBUG 2026-06-09 16:59:53 ort/utils.py:54 [CLIENT] Observation Buffer size 4.39546012878418 MB with
DEBUG 2026-06-09 16:59:53 ort/utils.py:69 [CLIENT] Observation Sent 2097152/4608974 bytes with state 1
DEBUG 2026-06-09 16:59:53 ort/utils.py:69 [CLIENT] Observation Sent 4194304/4608974 bytes with state 2
DEBUG 2026-06-09 16:59:53 ort/utils.py:69 [CLIENT] Observation Sent 4608974/4608974 bytes with state 3
DEBUG 2026-06-09 16:59:53 ort/utils.py:71 [CLIENT] Observation Published 4.39546012878418 MB
DEBUG 2026-06-09 16:59:53 t_client.py:292 Received actions on device: cpu
DEBUG 2026-06-09 16:59:53 t_client.py:302 Actions kept on device: cpu
DEBUG 2026-06-09 16:59:53 t_client.py:209 Sent observation #936 | 
DEBUG 2026-06-09 16:59:53 t_client.py:434 QUEUE SIZE: 7 (Must go: False)
DEBUG 2026-06-09 16:59:53 t_client.py:477 Control loop (ms): 121.26
DEBUG 2026-06-09 16:59:53 t_client.py:477 Control loop (ms): 1.57
DEBUG 2026-06-09 16:59:53 t_client.py:477 Control loop (ms): 2.82
DEBUG 2026-06-09 16:59:53 t_client.py:477 Control loop (ms): 1.68
DEBUG 2026-06-09 16:59:53 t_client.py:292 Received actions on device: cpu
DEBUG 2026-06-09 16:59:53 t_client.py:302 Actions kept on device: cpu
DEBUG 2026-06-09 16:59:53 t_client.py:477 Control loop (ms): 1.08
DEBUG 2026-06-09 16:59:53 t_client.py:477 Control loop (ms): 2.10
DEBUG 2026-06-09 16:59:53 t_client.py:477 Control loop (ms): 1.46
DEBUG 2026-06-09 16:59:53 follower.py:184 follower_right SOFollower read state: 2.0ms
DEBUG 2026-06-09 16:59:53 follower.py:191 follower_right SOFollower read wrist: 0.0ms
DEBUG 2026-06-09 16:59:53 follower.py:184 follower_left SOFollower read state: 1.9ms
DEBUG 2026-06-09 16:59:53 follower.py:191 follower_left SOFollower read wrist: 0.0ms
DEBUG 2026-06-09 16:59:53 t_client.py:198 Observation serialization time: 0.007988s
DEBUG 2026-06-09 16:59:53 ort/utils.py:54 [CLIENT] Observation Buffer size 4.39546012878418 MB with
DEBUG 2026-06-09 16:59:53 ort/utils.py:69 [CLIENT] Observation Sent 2097152/4608974 bytes with state 1
DEBUG 2026-06-09 16:59:53 ort/utils.py:69 [CLIENT] Observation Sent 4194304/4608974 bytes with state 2
DEBUG 2026-06-09 16:59:53 ort/utils.py:69 [CLIENT] Observation Sent 4608974/4608974 bytes with state 3
DEBUG 2026-06-09 16:59:53 ort/utils.py:71 [CLIENT] Observation Published 4.39546012878418 MB
DEBUG 2026-06-09 16:59:53 t_client.py:209 Sent observation #943 | 
DEBUG 2026-06-09 16:59:53 t_client.py:434 QUEUE SIZE: 8 (Must go: False)
DEBUG 2026-06-09 16:59:53 t_client.py:477 Control loop (ms): 116.04
DEBUG 2026-06-09 16:59:53 follower.py:184 follower_right SOFollower read state: 1.8ms
DEBUG 2026-06-09 16:59:53 follower.py:191 follower_right SOFollower read wrist: 0.0ms
DEBUG 2026-06-09 16:59:53 follower.py:184 follower_left SOFollower read state: 1.9ms
DEBUG 2026-06-09 16:59:53 follower.py:191 follower_left SOFollower read wrist: 0.0ms
DEBUG 2026-06-09 16:59:53 t_client.py:198 Observation serialization time: 0.006628s
DEBUG 2026-06-09 16:59:53 ort/utils.py:54 [CLIENT] Observation Buffer size 4.39546012878418 MB with
DEBUG 2026-06-09 16:59:53 ort/utils.py:69 [CLIENT] Observation Sent 2097152/4608974 bytes with state 1
DEBUG 2026-06-09 16:59:53 ort/utils.py:69 [CLIENT] Observation Sent 4194304/4608974 bytes with state 2
DEBUG 2026-06-09 16:59:53 ort/utils.py:69 [CLIENT] Observation Sent 4608974/4608974 bytes with state 3
DEBUG 2026-06-09 16:59:53 ort/utils.py:71 [CLIENT] Observation Published 4.39546012878418 MB
DEBUG 2026-06-09 16:59:53 t_client.py:292 Received actions on device: cpu
DEBUG 2026-06-09 16:59:53 t_client.py:302 Actions kept on device: cpu
DEBUG 2026-06-09 16:59:53 t_client.py:209 Sent observation #944 | 
DEBUG 2026-06-09 16:59:53 t_client.py:434 QUEUE SIZE: 7 (Must go: False)
DEBUG 2026-06-09 16:59:53 t_client.py:477 Control loop (ms): 112.83
DEBUG 2026-06-09 16:59:53 t_client.py:477 Control loop (ms): 1.35
DEBUG 2026-06-09 16:59:53 t_client.py:477 Control loop (ms): 1.92
DEBUG 2026-06-09 16:59:53 t_client.py:477 Control loop (ms): 2.78
DEBUG 2026-06-09 16:59:53 t_client.py:292 Received actions on device: cpu
DEBUG 2026-06-09 16:59:53 t_client.py:302 Actions kept on device: cpu
DEBUG 2026-06-09 16:59:53 t_client.py:477 Control loop (ms): 2.74
DEBUG 2026-06-09 16:59:53 t_client.py:477 Control loop (ms): 3.22
DEBUG 2026-06-09 16:59:53 t_client.py:477 Control loop (ms): 1.98
DEBUG 2026-06-09 16:59:53 follower.py:184 follower_right SOFollower read state: 2.3ms
DEBUG 2026-06-09 16:59:53 follower.py:191 follower_right SOFollower read wrist: 0.0ms
DEBUG 2026-06-09 16:59:53 follower.py:184 follower_left SOFollower read state: 2.3ms
DEBUG 2026-06-09 16:59:53 follower.py:191 follower_left SOFollower read wrist: 0.0ms
DEBUG 2026-06-09 16:59:53 t_client.py:198 Observation serialization time: 0.009622s
DEBUG 2026-06-09 16:59:53 ort/utils.py:54 [CLIENT] Observation Buffer size 4.39546012878418 MB with
DEBUG 2026-06-09 16:59:53 ort/utils.py:69 [CLIENT] Observation Sent 2097152/4608974 bytes with state 1
DEBUG 2026-06-09 16:59:53 ort/utils.py:69 [CLIENT] Observation Sent 4194304/4608974 bytes with state 2
DEBUG 2026-06-09 16:59:53 ort/utils.py:69 [CLIENT] Observation Sent 4608974/4608974 bytes with state 3
DEBUG 2026-06-09 16:59:53 ort/utils.py:71 [CLIENT] Observation Published 4.39546012878418 MB
DEBUG 2026-06-09 16:59:53 t_client.py:209 Sent observation #951 | 
DEBUG 2026-06-09 16:59:53 t_client.py:434 QUEUE SIZE: 8 (Must go: False)
DEBUG 2026-06-09 16:59:53 t_client.py:477 Control loop (ms): 101.78
DEBUG 2026-06-09 16:59:53 follower.py:184 follower_right SOFollower read state: 2.0ms
DEBUG 2026-06-09 16:59:53 follower.py:191 follower_right SOFollower read wrist: 0.0ms
DEBUG 2026-06-09 16:59:53 follower.py:184 follower_left SOFollower read state: 2.2ms
DEBUG 2026-06-09 16:59:53 follower.py:191 follower_left SOFollower read wrist: 0.0ms
DEBUG 2026-06-09 16:59:53 t_client.py:198 Observation serialization time: 0.007751s
DEBUG 2026-06-09 16:59:53 ort/utils.py:54 [CLIENT] Observation Buffer size 4.39546012878418 MB with
DEBUG 2026-06-09 16:59:53 ort/utils.py:69 [CLIENT] Observation Sent 2097152/4608974 bytes with state 1
DEBUG 2026-06-09 16:59:53 ort/utils.py:69 [CLIENT] Observation Sent 4194304/4608974 bytes with state 2
DEBUG 2026-06-09 16:59:54 ort/utils.py:69 [CLIENT] Observation Sent 4608974/4608974 bytes with state 3
DEBUG 2026-06-09 16:59:54 ort/utils.py:71 [CLIENT] Observation Published 4.39546012878418 MB
DEBUG 2026-06-09 16:59:54 t_client.py:292 Received actions on device: cpu
DEBUG 2026-06-09 16:59:54 t_client.py:302 Actions kept on device: cpu
DEBUG 2026-06-09 16:59:54 t_client.py:209 Sent observation #952 | 
DEBUG 2026-06-09 16:59:54 t_client.py:434 QUEUE SIZE: 7 (Must go: False)
DEBUG 2026-06-09 16:59:54 t_client.py:477 Control loop (ms): 141.91
DEBUG 2026-06-09 16:59:54 t_client.py:477 Control loop (ms): 1.81
DEBUG 2026-06-09 16:59:54 t_client.py:477 Control loop (ms): 1.94
DEBUG 2026-06-09 16:59:54 t_client.py:477 Control loop (ms): 3.31
DEBUG 2026-06-09 16:59:54 t_client.py:292 Received actions on device: cpu
DEBUG 2026-06-09 16:59:54 t_client.py:302 Actions kept on device: cpu
DEBUG 2026-06-09 16:59:54 t_client.py:477 Control loop (ms): 1.88
DEBUG 2026-06-09 16:59:54 t_client.py:477 Control loop (ms): 2.82
DEBUG 2026-06-09 16:59:54 t_client.py:477 Control loop (ms): 2.09
DEBUG 2026-06-09 16:59:54 follower.py:184 follower_right SOFollower read state: 2.6ms
DEBUG 2026-06-09 16:59:54 follower.py:191 follower_right SOFollower read wrist: 0.0ms
DEBUG 2026-06-09 16:59:54 follower.py:184 follower_left SOFollower read state: 1.5ms
DEBUG 2026-06-09 16:59:54 follower.py:191 follower_left SOFollower read wrist: 0.0ms
DEBUG 2026-06-09 16:59:54 t_client.py:198 Observation serialization time: 0.003161s
DEBUG 2026-06-09 16:59:54 ort/utils.py:54 [CLIENT] Observation Buffer size 4.39546012878418 MB with
DEBUG 2026-06-09 16:59:54 ort/utils.py:69 [CLIENT] Observation Sent 2097152/4608974 bytes with state 1
DEBUG 2026-06-09 16:59:54 ort/utils.py:69 [CLIENT] Observation Sent 4194304/4608974 bytes with state 2
DEBUG 2026-06-09 16:59:54 ort/utils.py:69 [CLIENT] Observation Sent 4608974/4608974 bytes with state 3
DEBUG 2026-06-09 16:59:54 ort/utils.py:71 [CLIENT] Observation Published 4.39546012878418 MB
DEBUG 2026-06-09 16:59:54 t_client.py:209 Sent observation #959 | 
DEBUG 2026-06-09 16:59:54 t_client.py:434 QUEUE SIZE: 8 (Must go: False)
DEBUG 2026-06-09 16:59:54 t_client.py:477 Control loop (ms): 106.60
DEBUG 2026-06-09 16:59:54 follower.py:184 follower_right SOFollower read state: 1.7ms
DEBUG 2026-06-09 16:59:54 follower.py:191 follower_right SOFollower read wrist: 0.0ms
DEBUG 2026-06-09 16:59:54 follower.py:184 follower_left SOFollower read state: 1.7ms
DEBUG 2026-06-09 16:59:54 follower.py:191 follower_left SOFollower read wrist: 0.0ms
DEBUG 2026-06-09 16:59:54 t_client.py:198 Observation serialization time: 0.009755s
DEBUG 2026-06-09 16:59:54 ort/utils.py:54 [CLIENT] Observation Buffer size 4.39546012878418 MB with
DEBUG 2026-06-09 16:59:54 ort/utils.py:69 [CLIENT] Observation Sent 2097152/4608974 bytes with state 1
DEBUG 2026-06-09 16:59:54 ort/utils.py:69 [CLIENT] Observation Sent 4194304/4608974 bytes with state 2
DEBUG 2026-06-09 16:59:54 ort/utils.py:69 [CLIENT] Observation Sent 4608974/4608974 bytes with state 3
DEBUG 2026-06-09 16:59:54 ort/utils.py:71 [CLIENT] Observation Published 4.39546012878418 MB
DEBUG 2026-06-09 16:59:54 t_client.py:292 Received actions on device: cpu
DEBUG 2026-06-09 16:59:54 t_client.py:302 Actions kept on device: cpu
DEBUG 2026-06-09 16:59:54 t_client.py:209 Sent observation #960 | 
DEBUG 2026-06-09 16:59:54 t_client.py:434 QUEUE SIZE: 7 (Must go: False)
DEBUG 2026-06-09 16:59:54 t_client.py:477 Control loop (ms): 130.80
DEBUG 2026-06-09 16:59:54 t_client.py:477 Control loop (ms): 1.51
DEBUG 2026-06-09 16:59:54 t_client.py:477 Control loop (ms): 1.85
DEBUG 2026-06-09 16:59:54 t_client.py:477 Control loop (ms): 2.51
DEBUG 2026-06-09 16:59:54 t_client.py:292 Received actions on device: cpu
DEBUG 2026-06-09 16:59:54 t_client.py:302 Actions kept on device: cpu
DEBUG 2026-06-09 16:59:54 t_client.py:477 Control loop (ms): 1.82
DEBUG 2026-06-09 16:59:54 t_client.py:477 Control loop (ms): 1.50
DEBUG 2026-06-09 16:59:54 t_client.py:477 Control loop (ms): 1.70
DEBUG 2026-06-09 16:59:54 follower.py:184 follower_right SOFollower read state: 2.3ms
DEBUG 2026-06-09 16:59:54 follower.py:191 follower_right SOFollower read wrist: 0.0ms
DEBUG 2026-06-09 16:59:54 follower.py:184 follower_left SOFollower read state: 1.9ms
DEBUG 2026-06-09 16:59:54 follower.py:191 follower_left SOFollower read wrist: 0.0ms
DEBUG 2026-06-09 16:59:54 t_client.py:198 Observation serialization time: 0.004854s
DEBUG 2026-06-09 16:59:54 ort/utils.py:54 [CLIENT] Observation Buffer size 4.39546012878418 MB with
DEBUG 2026-06-09 16:59:54 ort/utils.py:69 [CLIENT] Observation Sent 2097152/4608974 bytes with state 1
DEBUG 2026-06-09 16:59:54 ort/utils.py:69 [CLIENT] Observation Sent 4194304/4608974 bytes with state 2
DEBUG 2026-06-09 16:59:54 ort/utils.py:69 [CLIENT] Observation Sent 4608974/4608974 bytes with state 3
DEBUG 2026-06-09 16:59:54 ort/utils.py:71 [CLIENT] Observation Published 4.39546012878418 MB
DEBUG 2026-06-09 16:59:54 t_client.py:209 Sent observation #967 | 
DEBUG 2026-06-09 16:59:54 t_client.py:434 QUEUE SIZE: 8 (Must go: False)
DEBUG 2026-06-09 16:59:54 t_client.py:477 Control loop (ms): 109.03
DEBUG 2026-06-09 16:59:54 follower.py:184 follower_right SOFollower read state: 2.2ms
DEBUG 2026-06-09 16:59:54 follower.py:191 follower_right SOFollower read wrist: 0.0ms
DEBUG 2026-06-09 16:59:54 follower.py:184 follower_left SOFollower read state: 2.0ms
DEBUG 2026-06-09 16:59:54 follower.py:191 follower_left SOFollower read wrist: 0.0ms
DEBUG 2026-06-09 16:59:54 t_client.py:198 Observation serialization time: 0.011660s
DEBUG 2026-06-09 16:59:54 ort/utils.py:54 [CLIENT] Observation Buffer size 4.39546012878418 MB with
DEBUG 2026-06-09 16:59:54 ort/utils.py:69 [CLIENT] Observation Sent 2097152/4608974 bytes with state 1
DEBUG 2026-06-09 16:59:54 ort/utils.py:69 [CLIENT] Observation Sent 4194304/4608974 bytes with state 2
DEBUG 2026-06-09 16:59:54 ort/utils.py:69 [CLIENT] Observation Sent 4608974/4608974 bytes with state 3
DEBUG 2026-06-09 16:59:54 ort/utils.py:71 [CLIENT] Observation Published 4.39546012878418 MB
DEBUG 2026-06-09 16:59:54 t_client.py:292 Received actions on device: cpu
DEBUG 2026-06-09 16:59:54 t_client.py:302 Actions kept on device: cpu
DEBUG 2026-06-09 16:59:54 t_client.py:209 Sent observation #968 | 
DEBUG 2026-06-09 16:59:54 t_client.py:434 QUEUE SIZE: 7 (Must go: False)
DEBUG 2026-06-09 16:59:54 t_client.py:477 Control loop (ms): 120.69
DEBUG 2026-06-09 16:59:54 t_client.py:477 Control loop (ms): 1.35
DEBUG 2026-06-09 16:59:54 t_client.py:477 Control loop (ms): 2.77
DEBUG 2026-06-09 16:59:55 t_client.py:477 Control loop (ms): 2.79
DEBUG 2026-06-09 16:59:55 t_client.py:477 Control loop (ms): 2.88
DEBUG 2026-06-09 16:59:55 t_client.py:477 Control loop (ms): 2.57
DEBUG 2026-06-09 16:59:55 t_client.py:292 Received actions on device: cpu
DEBUG 2026-06-09 16:59:55 t_client.py:302 Actions kept on device: cpu
DEBUG 2026-06-09 16:59:55 t_client.py:477 Control loop (ms): 2.77
DEBUG 2026-06-09 16:59:55 follower.py:184 follower_right SOFollower read state: 2.9ms
DEBUG 2026-06-09 16:59:55 follower.py:191 follower_right SOFollower read wrist: 0.1ms
DEBUG 2026-06-09 16:59:55 follower.py:184 follower_left SOFollower read state: 3.4ms
DEBUG 2026-06-09 16:59:55 follower.py:191 follower_left SOFollower read wrist: 0.1ms
DEBUG 2026-06-09 16:59:55 t_client.py:198 Observation serialization time: 0.010612s
DEBUG 2026-06-09 16:59:55 ort/utils.py:54 [CLIENT] Observation Buffer size 4.39546012878418 MB with
DEBUG 2026-06-09 16:59:55 ort/utils.py:69 [CLIENT] Observation Sent 2097152/4608974 bytes with state 1
DEBUG 2026-06-09 16:59:55 ort/utils.py:69 [CLIENT] Observation Sent 4194304/4608974 bytes with state 2
DEBUG 2026-06-09 16:59:55 ort/utils.py:69 [CLIENT] Observation Sent 4608974/4608974 bytes with state 3
DEBUG 2026-06-09 16:59:55 ort/utils.py:71 [CLIENT] Observation Published 4.39546012878418 MB
DEBUG 2026-06-09 16:59:55 t_client.py:209 Sent observation #975 | 
DEBUG 2026-06-09 16:59:55 t_client.py:434 QUEUE SIZE: 8 (Must go: False)
DEBUG 2026-06-09 16:59:55 t_client.py:477 Control loop (ms): 134.69
DEBUG 2026-06-09 16:59:55 follower.py:184 follower_right SOFollower read state: 2.3ms
DEBUG 2026-06-09 16:59:55 follower.py:191 follower_right SOFollower read wrist: 0.1ms
DEBUG 2026-06-09 16:59:55 follower.py:184 follower_left SOFollower read state: 1.9ms
DEBUG 2026-06-09 16:59:55 follower.py:191 follower_left SOFollower read wrist: 0.0ms
DEBUG 2026-06-09 16:59:55 t_client.py:198 Observation serialization time: 0.008429s
DEBUG 2026-06-09 16:59:55 ort/utils.py:54 [CLIENT] Observation Buffer size 4.39546012878418 MB with
DEBUG 2026-06-09 16:59:55 ort/utils.py:69 [CLIENT] Observation Sent 2097152/4608974 bytes with state 1
DEBUG 2026-06-09 16:59:55 ort/utils.py:69 [CLIENT] Observation Sent 4194304/4608974 bytes with state 2
DEBUG 2026-06-09 16:59:55 ort/utils.py:69 [CLIENT] Observation Sent 4608974/4608974 bytes with state 3
DEBUG 2026-06-09 16:59:55 ort/utils.py:71 [CLIENT] Observation Published 4.39546012878418 MB
DEBUG 2026-06-09 16:59:55 t_client.py:292 Received actions on device: cpu
DEBUG 2026-06-09 16:59:55 t_client.py:302 Actions kept on device: cpu
DEBUG 2026-06-09 16:59:55 t_client.py:209 Sent observation #976 | 
DEBUG 2026-06-09 16:59:55 t_client.py:434 QUEUE SIZE: 7 (Must go: False)
DEBUG 2026-06-09 16:59:55 t_client.py:477 Control loop (ms): 121.18
DEBUG 2026-06-09 16:59:55 t_client.py:477 Control loop (ms): 1.02
DEBUG 2026-06-09 16:59:55 t_client.py:477 Control loop (ms): 1.29
DEBUG 2026-06-09 16:59:55 t_client.py:477 Control loop (ms): 1.46
DEBUG 2026-06-09 16:59:55 t_client.py:292 Received actions on device: cpu
DEBUG 2026-06-09 16:59:55 t_client.py:302 Actions kept on device: cpu
DEBUG 2026-06-09 16:59:55 t_client.py:477 Control loop (ms): 1.17
DEBUG 2026-06-09 16:59:55 t_client.py:477 Control loop (ms): 1.33
DEBUG 2026-06-09 16:59:55 t_client.py:477 Control loop (ms): 1.38
DEBUG 2026-06-09 16:59:55 follower.py:184 follower_right SOFollower read state: 1.7ms
DEBUG 2026-06-09 16:59:55 follower.py:191 follower_right SOFollower read wrist: 0.0ms
DEBUG 2026-06-09 16:59:55 follower.py:184 follower_left SOFollower read state: 1.6ms
DEBUG 2026-06-09 16:59:55 follower.py:191 follower_left SOFollower read wrist: 0.0ms
DEBUG 2026-06-09 16:59:55 t_client.py:198 Observation serialization time: 0.003972s
DEBUG 2026-06-09 16:59:55 ort/utils.py:54 [CLIENT] Observation Buffer size 4.39546012878418 MB with
DEBUG 2026-06-09 16:59:55 ort/utils.py:69 [CLIENT] Observation Sent 2097152/4608974 bytes with state 1
DEBUG 2026-06-09 16:59:55 ort/utils.py:69 [CLIENT] Observation Sent 4194304/4608974 bytes with state 2
DEBUG 2026-06-09 16:59:55 ort/utils.py:69 [CLIENT] Observation Sent 4608974/4608974 bytes with state 3
DEBUG 2026-06-09 16:59:55 ort/utils.py:71 [CLIENT] Observation Published 4.39546012878418 MB
DEBUG 2026-06-09 16:59:55 t_client.py:209 Sent observation #983 | 
DEBUG 2026-06-09 16:59:55 t_client.py:434 QUEUE SIZE: 8 (Must go: False)
DEBUG 2026-06-09 16:59:55 t_client.py:477 Control loop (ms): 111.61
DEBUG 2026-06-09 16:59:55 follower.py:184 follower_right SOFollower read state: 1.5ms
DEBUG 2026-06-09 16:59:55 follower.py:191 follower_right SOFollower read wrist: 0.0ms
DEBUG 2026-06-09 16:59:55 follower.py:184 follower_left SOFollower read state: 1.7ms
DEBUG 2026-06-09 16:59:55 follower.py:191 follower_left SOFollower read wrist: 0.0ms
DEBUG 2026-06-09 16:59:55 t_client.py:198 Observation serialization time: 0.004528s
DEBUG 2026-06-09 16:59:55 ort/utils.py:54 [CLIENT] Observation Buffer size 4.39546012878418 MB with
DEBUG 2026-06-09 16:59:55 ort/utils.py:69 [CLIENT] Observation Sent 2097152/4608974 bytes with state 1
DEBUG 2026-06-09 16:59:55 ort/utils.py:69 [CLIENT] Observation Sent 4194304/4608974 bytes with state 2
DEBUG 2026-06-09 16:59:55 ort/utils.py:69 [CLIENT] Observation Sent 4608974/4608974 bytes with state 3
DEBUG 2026-06-09 16:59:55 ort/utils.py:71 [CLIENT] Observation Published 4.39546012878418 MB
DEBUG 2026-06-09 16:59:55 t_client.py:292 Received actions on device: cpu
DEBUG 2026-06-09 16:59:55 t_client.py:302 Actions kept on device: cpu
DEBUG 2026-06-09 16:59:55 t_client.py:209 Sent observation #984 | 
DEBUG 2026-06-09 16:59:55 t_client.py:434 QUEUE SIZE: 7 (Must go: False)
DEBUG 2026-06-09 16:59:55 t_client.py:477 Control loop (ms): 108.61
DEBUG 2026-06-09 16:59:55 follower.py:184 follower_right SOFollower read state: 1.9ms
DEBUG 2026-06-09 16:59:55 follower.py:191 follower_right SOFollower read wrist: 0.0ms
DEBUG 2026-06-09 16:59:55 follower.py:184 follower_left SOFollower read state: 2.2ms
DEBUG 2026-06-09 16:59:55 follower.py:191 follower_left SOFollower read wrist: 0.0ms
DEBUG 2026-06-09 16:59:55 t_client.py:198 Observation serialization time: 0.008327s
DEBUG 2026-06-09 16:59:55 ort/utils.py:54 [CLIENT] Observation Buffer size 4.39546012878418 MB with
DEBUG 2026-06-09 16:59:55 ort/utils.py:69 [CLIENT] Observation Sent 2097152/4608974 bytes with state 1
DEBUG 2026-06-09 16:59:55 ort/utils.py:69 [CLIENT] Observation Sent 4194304/4608974 bytes with state 2
DEBUG 2026-06-09 16:59:55 ort/utils.py:69 [CLIENT] Observation Sent 4608974/4608974 bytes with state 3
DEBUG 2026-06-09 16:59:55 ort/utils.py:71 [CLIENT] Observation Published 4.39546012878418 MB
DEBUG 2026-06-09 16:59:55 t_client.py:292 Received actions on device: cpu
DEBUG 2026-06-09 16:59:55 t_client.py:302 Actions kept on device: cpu
DEBUG 2026-06-09 16:59:55 t_client.py:209 Sent observation #985 | 
DEBUG 2026-06-09 16:59:55 t_client.py:434 QUEUE SIZE: 14 (Must go: False)
DEBUG 2026-06-09 16:59:55 t_client.py:477 Control loop (ms): 110.04
DEBUG 2026-06-09 16:59:55 t_client.py:477 Control loop (ms): 1.09
DEBUG 2026-06-09 16:59:55 t_client.py:477 Control loop (ms): 1.07
DEBUG 2026-06-09 16:59:56 t_client.py:477 Control loop (ms): 0.71
DEBUG 2026-06-09 16:59:56 t_client.py:292 Received actions on device: cpu
DEBUG 2026-06-09 16:59:56 t_client.py:302 Actions kept on device: cpu
DEBUG 2026-06-09 16:59:56 t_client.py:477 Control loop (ms): 0.47
DEBUG 2026-06-09 16:59:56 t_client.py:477 Control loop (ms): 1.66
DEBUG 2026-06-09 16:59:56 t_client.py:477 Control loop (ms): 1.37
DEBUG 2026-06-09 16:59:56 follower.py:184 follower_right SOFollower read state: 2.1ms
DEBUG 2026-06-09 16:59:56 follower.py:191 follower_right SOFollower read wrist: 0.0ms
DEBUG 2026-06-09 16:59:56 follower.py:184 follower_left SOFollower read state: 1.9ms
DEBUG 2026-06-09 16:59:56 follower.py:191 follower_left SOFollower read wrist: 0.0ms
DEBUG 2026-06-09 16:59:56 t_client.py:198 Observation serialization time: 0.009721s
DEBUG 2026-06-09 16:59:56 ort/utils.py:54 [CLIENT] Observation Buffer size 4.39546012878418 MB with
DEBUG 2026-06-09 16:59:56 ort/utils.py:69 [CLIENT] Observation Sent 2097152/4608974 bytes with state 1
DEBUG 2026-06-09 16:59:56 ort/utils.py:69 [CLIENT] Observation Sent 4194304/4608974 bytes with state 2
DEBUG 2026-06-09 16:59:56 ort/utils.py:69 [CLIENT] Observation Sent 4608974/4608974 bytes with state 3
DEBUG 2026-06-09 16:59:56 ort/utils.py:71 [CLIENT] Observation Published 4.39546012878418 MB
DEBUG 2026-06-09 16:59:56 t_client.py:209 Sent observation #992 | 
DEBUG 2026-06-09 16:59:56 t_client.py:434 QUEUE SIZE: 8 (Must go: False)
DEBUG 2026-06-09 16:59:56 t_client.py:477 Control loop (ms): 124.72
DEBUG 2026-06-09 16:59:56 follower.py:184 follower_right SOFollower read state: 2.0ms
DEBUG 2026-06-09 16:59:56 follower.py:191 follower_right SOFollower read wrist: 0.1ms
DEBUG 2026-06-09 16:59:56 follower.py:184 follower_left SOFollower read state: 1.8ms
DEBUG 2026-06-09 16:59:56 follower.py:191 follower_left SOFollower read wrist: 0.0ms
DEBUG 2026-06-09 16:59:56 t_client.py:198 Observation serialization time: 0.007860s
DEBUG 2026-06-09 16:59:56 ort/utils.py:54 [CLIENT] Observation Buffer size 4.39546012878418 MB with
DEBUG 2026-06-09 16:59:56 ort/utils.py:69 [CLIENT] Observation Sent 2097152/4608974 bytes with state 1
DEBUG 2026-06-09 16:59:56 ort/utils.py:69 [CLIENT] Observation Sent 4194304/4608974 bytes with state 2
DEBUG 2026-06-09 16:59:56 ort/utils.py:69 [CLIENT] Observation Sent 4608974/4608974 bytes with state 3
DEBUG 2026-06-09 16:59:56 ort/utils.py:71 [CLIENT] Observation Published 4.39546012878418 MB
DEBUG 2026-06-09 16:59:56 t_client.py:209 Sent observation #993 | 
DEBUG 2026-06-09 16:59:56 t_client.py:434 QUEUE SIZE: 7 (Must go: False)
DEBUG 2026-06-09 16:59:56 t_client.py:477 Control loop (ms): 99.18
DEBUG 2026-06-09 16:59:56 t_client.py:292 Received actions on device: cpu
DEBUG 2026-06-09 16:59:56 t_client.py:302 Actions kept on device: cpu
DEBUG 2026-06-09 16:59:56 follower.py:184 follower_right SOFollower read state: 1.5ms
DEBUG 2026-06-09 16:59:56 follower.py:191 follower_right SOFollower read wrist: 0.0ms
DEBUG 2026-06-09 16:59:56 follower.py:184 follower_left SOFollower read state: 1.5ms
DEBUG 2026-06-09 16:59:56 follower.py:191 follower_left SOFollower read wrist: 0.0ms
DEBUG 2026-06-09 16:59:56 t_client.py:198 Observation serialization time: 0.006163s
DEBUG 2026-06-09 16:59:56 ort/utils.py:54 [CLIENT] Observation Buffer size 4.39546012878418 MB with
DEBUG 2026-06-09 16:59:56 ort/utils.py:69 [CLIENT] Observation Sent 2097152/4608974 bytes with state 1
DEBUG 2026-06-09 16:59:56 ort/utils.py:69 [CLIENT] Observation Sent 4194304/4608974 bytes with state 2
DEBUG 2026-06-09 16:59:56 ort/utils.py:69 [CLIENT] Observation Sent 4608974/4608974 bytes with state 3
DEBUG 2026-06-09 16:59:56 ort/utils.py:71 [CLIENT] Observation Published 4.39546012878418 MB
DEBUG 2026-06-09 16:59:56 t_client.py:292 Received actions on device: cpu
DEBUG 2026-06-09 16:59:56 t_client.py:302 Actions kept on device: cpu
DEBUG 2026-06-09 16:59:56 t_client.py:209 Sent observation #994 | 
DEBUG 2026-06-09 16:59:56 t_client.py:434 QUEUE SIZE: 13 (Must go: False)
DEBUG 2026-06-09 16:59:56 t_client.py:477 Control loop (ms): 124.25
DEBUG 2026-06-09 16:59:56 t_client.py:477 Control loop (ms): 0.97
DEBUG 2026-06-09 16:59:56 t_client.py:477 Control loop (ms): 2.38
DEBUG 2026-06-09 16:59:56 t_client.py:477 Control loop (ms): 2.45
DEBUG 2026-06-09 16:59:56 t_client.py:292 Received actions on device: cpu
DEBUG 2026-06-09 16:59:56 t_client.py:302 Actions kept on device: cpu
DEBUG 2026-06-09 16:59:56 t_client.py:477 Control loop (ms): 2.05
DEBUG 2026-06-09 16:59:56 t_client.py:477 Control loop (ms): 1.83
DEBUG 2026-06-09 16:59:56 t_client.py:477 Control loop (ms): 2.02
DEBUG 2026-06-09 16:59:56 follower.py:184 follower_right SOFollower read state: 2.2ms
DEBUG 2026-06-09 16:59:56 follower.py:191 follower_right SOFollower read wrist: 0.0ms
DEBUG 2026-06-09 16:59:56 follower.py:184 follower_left SOFollower read state: 1.9ms
DEBUG 2026-06-09 16:59:56 follower.py:191 follower_left SOFollower read wrist: 0.0ms
DEBUG 2026-06-09 16:59:56 t_client.py:198 Observation serialization time: 0.008622s
DEBUG 2026-06-09 16:59:56 ort/utils.py:54 [CLIENT] Observation Buffer size 4.39546012878418 MB with
DEBUG 2026-06-09 16:59:56 ort/utils.py:69 [CLIENT] Observation Sent 2097152/4608974 bytes with state 1
DEBUG 2026-06-09 16:59:56 ort/utils.py:69 [CLIENT] Observation Sent 4194304/4608974 bytes with state 2
DEBUG 2026-06-09 16:59:56 ort/utils.py:69 [CLIENT] Observation Sent 4608974/4608974 bytes with state 3
DEBUG 2026-06-09 16:59:56 ort/utils.py:71 [CLIENT] Observation Published 4.39546012878418 MB
DEBUG 2026-06-09 16:59:56 t_client.py:209 Sent observation #1001 | 
DEBUG 2026-06-09 16:59:56 t_client.py:434 QUEUE SIZE: 8 (Must go: False)
DEBUG 2026-06-09 16:59:56 t_client.py:477 Control loop (ms): 123.47
DEBUG 2026-06-09 16:59:56 follower.py:184 follower_right SOFollower read state: 1.7ms
DEBUG 2026-06-09 16:59:56 follower.py:191 follower_right SOFollower read wrist: 0.0ms
DEBUG 2026-06-09 16:59:56 follower.py:184 follower_left SOFollower read state: 1.8ms
DEBUG 2026-06-09 16:59:56 follower.py:191 follower_left SOFollower read wrist: 0.0ms
DEBUG 2026-06-09 16:59:56 t_client.py:198 Observation serialization time: 0.007663s
DEBUG 2026-06-09 16:59:56 ort/utils.py:54 [CLIENT] Observation Buffer size 4.39546012878418 MB with
DEBUG 2026-06-09 16:59:56 ort/utils.py:69 [CLIENT] Observation Sent 2097152/4608974 bytes with state 1
DEBUG 2026-06-09 16:59:56 ort/utils.py:69 [CLIENT] Observation Sent 4194304/4608974 bytes with state 2
DEBUG 2026-06-09 16:59:56 ort/utils.py:69 [CLIENT] Observation Sent 4608974/4608974 bytes with state 3
DEBUG 2026-06-09 16:59:56 ort/utils.py:71 [CLIENT] Observation Published 4.39546012878418 MB
DEBUG 2026-06-09 16:59:56 t_client.py:292 Received actions on device: cpu
DEBUG 2026-06-09 16:59:56 t_client.py:302 Actions kept on device: cpu
DEBUG 2026-06-09 16:59:56 t_client.py:209 Sent observation #1002 | 
DEBUG 2026-06-09 16:59:56 t_client.py:434 QUEUE SIZE: 7 (Must go: False)
DEBUG 2026-06-09 16:59:56 t_client.py:477 Control loop (ms): 119.69
DEBUG 2026-06-09 16:59:56 t_client.py:477 Control loop (ms): 1.12
DEBUG 2026-06-09 16:59:56 t_client.py:477 Control loop (ms): 1.48
DEBUG 2026-06-09 16:59:57 t_client.py:477 Control loop (ms): 1.21
DEBUG 2026-06-09 16:59:57 t_client.py:292 Received actions on device: cpu
DEBUG 2026-06-09 16:59:57 t_client.py:302 Actions kept on device: cpu
DEBUG 2026-06-09 16:59:57 t_client.py:477 Control loop (ms): 2.13
DEBUG 2026-06-09 16:59:57 t_client.py:477 Control loop (ms): 1.46
DEBUG 2026-06-09 16:59:57 t_client.py:477 Control loop (ms): 1.31
DEBUG 2026-06-09 16:59:57 follower.py:184 follower_right SOFollower read state: 2.1ms
DEBUG 2026-06-09 16:59:57 follower.py:191 follower_right SOFollower read wrist: 0.0ms
DEBUG 2026-06-09 16:59:57 follower.py:184 follower_left SOFollower read state: 2.1ms
DEBUG 2026-06-09 16:59:57 follower.py:191 follower_left SOFollower read wrist: 0.0ms
DEBUG 2026-06-09 16:59:57 t_client.py:198 Observation serialization time: 0.011030s
DEBUG 2026-06-09 16:59:57 ort/utils.py:54 [CLIENT] Observation Buffer size 4.39546012878418 MB with
DEBUG 2026-06-09 16:59:57 ort/utils.py:69 [CLIENT] Observation Sent 2097152/4608974 bytes with state 1
DEBUG 2026-06-09 16:59:57 ort/utils.py:69 [CLIENT] Observation Sent 4194304/4608974 bytes with state 2
DEBUG 2026-06-09 16:59:57 ort/utils.py:69 [CLIENT] Observation Sent 4608974/4608974 bytes with state 3
DEBUG 2026-06-09 16:59:57 ort/utils.py:71 [CLIENT] Observation Published 4.39546012878418 MB
DEBUG 2026-06-09 16:59:57 t_client.py:209 Sent observation #1009 | 
DEBUG 2026-06-09 16:59:57 t_client.py:434 QUEUE SIZE: 8 (Must go: False)
DEBUG 2026-06-09 16:59:57 t_client.py:477 Control loop (ms): 129.17
DEBUG 2026-06-09 16:59:57 follower.py:184 follower_right SOFollower read state: 1.6ms
DEBUG 2026-06-09 16:59:57 follower.py:191 follower_right SOFollower read wrist: 0.0ms
DEBUG 2026-06-09 16:59:57 follower.py:184 follower_left SOFollower read state: 1.6ms
DEBUG 2026-06-09 16:59:57 follower.py:191 follower_left SOFollower read wrist: 0.0ms
DEBUG 2026-06-09 16:59:57 t_client.py:198 Observation serialization time: 0.007148s
DEBUG 2026-06-09 16:59:57 ort/utils.py:54 [CLIENT] Observation Buffer size 4.39546012878418 MB with
DEBUG 2026-06-09 16:59:57 ort/utils.py:69 [CLIENT] Observation Sent 2097152/4608974 bytes with state 1
DEBUG 2026-06-09 16:59:57 ort/utils.py:69 [CLIENT] Observation Sent 4194304/4608974 bytes with state 2
DEBUG 2026-06-09 16:59:57 ort/utils.py:69 [CLIENT] Observation Sent 4608974/4608974 bytes with state 3
DEBUG 2026-06-09 16:59:57 ort/utils.py:71 [CLIENT] Observation Published 4.39546012878418 MB
DEBUG 2026-06-09 16:59:57 t_client.py:292 Received actions on device: cpu
DEBUG 2026-06-09 16:59:57 t_client.py:302 Actions kept on device: cpu
DEBUG 2026-06-09 16:59:57 t_client.py:209 Sent observation #1010 | 
DEBUG 2026-06-09 16:59:57 t_client.py:434 QUEUE SIZE: 7 (Must go: False)
DEBUG 2026-06-09 16:59:57 t_client.py:477 Control loop (ms): 122.63
DEBUG 2026-06-09 16:59:57 t_client.py:477 Control loop (ms): 1.85
DEBUG 2026-06-09 16:59:57 t_client.py:477 Control loop (ms): 0.86
DEBUG 2026-06-09 16:59:57 t_client.py:477 Control loop (ms): 2.41
DEBUG 2026-06-09 16:59:57 t_client.py:292 Received actions on device: cpu
DEBUG 2026-06-09 16:59:57 t_client.py:302 Actions kept on device: cpu
DEBUG 2026-06-09 16:59:57 t_client.py:477 Control loop (ms): 2.05
DEBUG 2026-06-09 16:59:57 t_client.py:477 Control loop (ms): 2.14
DEBUG 2026-06-09 16:59:57 t_client.py:477 Control loop (ms): 1.95
DEBUG 2026-06-09 16:59:57 follower.py:184 follower_right SOFollower read state: 2.4ms
DEBUG 2026-06-09 16:59:57 follower.py:191 follower_right SOFollower read wrist: 0.1ms
DEBUG 2026-06-09 16:59:57 follower.py:184 follower_left SOFollower read state: 2.2ms
DEBUG 2026-06-09 16:59:57 follower.py:191 follower_left SOFollower read wrist: 0.0ms
DEBUG 2026-06-09 16:59:57 t_client.py:198 Observation serialization time: 0.007186s
DEBUG 2026-06-09 16:59:57 ort/utils.py:54 [CLIENT] Observation Buffer size 4.39546012878418 MB with
DEBUG 2026-06-09 16:59:57 ort/utils.py:69 [CLIENT] Observation Sent 2097152/4608974 bytes with state 1
DEBUG 2026-06-09 16:59:57 ort/utils.py:69 [CLIENT] Observation Sent 4194304/4608974 bytes with state 2
DEBUG 2026-06-09 16:59:57 ort/utils.py:69 [CLIENT] Observation Sent 4608974/4608974 bytes with state 3
DEBUG 2026-06-09 16:59:57 ort/utils.py:71 [CLIENT] Observation Published 4.39546012878418 MB
DEBUG 2026-06-09 16:59:57 t_client.py:209 Sent observation #1017 | 
DEBUG 2026-06-09 16:59:57 t_client.py:434 QUEUE SIZE: 8 (Must go: False)
DEBUG 2026-06-09 16:59:57 t_client.py:477 Control loop (ms): 111.60
DEBUG 2026-06-09 16:59:57 follower.py:184 follower_right SOFollower read state: 2.3ms
DEBUG 2026-06-09 16:59:57 follower.py:191 follower_right SOFollower read wrist: 0.0ms
DEBUG 2026-06-09 16:59:57 follower.py:184 follower_left SOFollower read state: 2.3ms
DEBUG 2026-06-09 16:59:57 follower.py:191 follower_left SOFollower read wrist: 0.0ms
DEBUG 2026-06-09 16:59:57 t_client.py:198 Observation serialization time: 0.008844s
DEBUG 2026-06-09 16:59:57 ort/utils.py:54 [CLIENT] Observation Buffer size 4.39546012878418 MB with
DEBUG 2026-06-09 16:59:57 ort/utils.py:69 [CLIENT] Observation Sent 2097152/4608974 bytes with state 1
DEBUG 2026-06-09 16:59:57 ort/utils.py:69 [CLIENT] Observation Sent 4194304/4608974 bytes with state 2
DEBUG 2026-06-09 16:59:57 ort/utils.py:69 [CLIENT] Observation Sent 4608974/4608974 bytes with state 3
DEBUG 2026-06-09 16:59:57 ort/utils.py:71 [CLIENT] Observation Published 4.39546012878418 MB
DEBUG 2026-06-09 16:59:57 t_client.py:292 Received actions on device: cpu
DEBUG 2026-06-09 16:59:57 t_client.py:209 Sent observation #1018 | 
DEBUG 2026-06-09 16:59:57 t_client.py:302 Actions kept on device: cpu
DEBUG 2026-06-09 16:59:57 t_client.py:434 QUEUE SIZE: 7 (Must go: False)
DEBUG 2026-06-09 16:59:57 t_client.py:477 Control loop (ms): 124.39
DEBUG 2026-06-09 16:59:57 t_client.py:477 Control loop (ms): 2.59
DEBUG 2026-06-09 16:59:57 t_client.py:477 Control loop (ms): 2.05
DEBUG 2026-06-09 16:59:57 t_client.py:477 Control loop (ms): 2.03
DEBUG 2026-06-09 16:59:57 t_client.py:292 Received actions on device: cpu
DEBUG 2026-06-09 16:59:57 t_client.py:302 Actions kept on device: cpu
DEBUG 2026-06-09 16:59:57 t_client.py:477 Control loop (ms): 2.22
DEBUG 2026-06-09 16:59:57 t_client.py:477 Control loop (ms): 1.95
DEBUG 2026-06-09 16:59:58 t_client.py:477 Control loop (ms): 2.75
DEBUG 2026-06-09 16:59:58 t_client.py:477 Control loop (ms): 2.04
DEBUG 2026-06-09 16:59:58 follower.py:184 follower_right SOFollower read state: 2.2ms
DEBUG 2026-06-09 16:59:58 follower.py:191 follower_right SOFollower read wrist: 0.0ms
DEBUG 2026-06-09 16:59:58 follower.py:184 follower_left SOFollower read state: 2.3ms
DEBUG 2026-06-09 16:59:58 follower.py:191 follower_left SOFollower read wrist: 0.0ms
DEBUG 2026-06-09 16:59:58 t_client.py:198 Observation serialization time: 0.010416s
DEBUG 2026-06-09 16:59:58 ort/utils.py:54 [CLIENT] Observation Buffer size 4.39546012878418 MB with
DEBUG 2026-06-09 16:59:58 ort/utils.py:69 [CLIENT] Observation Sent 2097152/4608974 bytes with state 1
DEBUG 2026-06-09 16:59:58 ort/utils.py:69 [CLIENT] Observation Sent 4194304/4608974 bytes with state 2
DEBUG 2026-06-09 16:59:58 ort/utils.py:69 [CLIENT] Observation Sent 4608974/4608974 bytes with state 3
DEBUG 2026-06-09 16:59:58 ort/utils.py:71 [CLIENT] Observation Published 4.39546012878418 MB
DEBUG 2026-06-09 16:59:58 t_client.py:209 Sent observation #1025 | 
DEBUG 2026-06-09 16:59:58 t_client.py:434 QUEUE SIZE: 8 (Must go: False)
DEBUG 2026-06-09 16:59:58 t_client.py:477 Control loop (ms): 108.78
DEBUG 2026-06-09 16:59:58 follower.py:184 follower_right SOFollower read state: 1.9ms
DEBUG 2026-06-09 16:59:58 follower.py:191 follower_right SOFollower read wrist: 0.0ms
DEBUG 2026-06-09 16:59:58 follower.py:184 follower_left SOFollower read state: 1.6ms
DEBUG 2026-06-09 16:59:58 follower.py:191 follower_left SOFollower read wrist: 0.0ms
DEBUG 2026-06-09 16:59:58 t_client.py:198 Observation serialization time: 0.003851s
DEBUG 2026-06-09 16:59:58 ort/utils.py:54 [CLIENT] Observation Buffer size 4.39546012878418 MB with
DEBUG 2026-06-09 16:59:58 ort/utils.py:69 [CLIENT] Observation Sent 2097152/4608974 bytes with state 1
DEBUG 2026-06-09 16:59:58 ort/utils.py:69 [CLIENT] Observation Sent 4194304/4608974 bytes with state 2
DEBUG 2026-06-09 16:59:58 ort/utils.py:69 [CLIENT] Observation Sent 4608974/4608974 bytes with state 3
DEBUG 2026-06-09 16:59:58 ort/utils.py:71 [CLIENT] Observation Published 4.39546012878418 MB
DEBUG 2026-06-09 16:59:58 t_client.py:292 Received actions on device: cpu
DEBUG 2026-06-09 16:59:58 t_client.py:302 Actions kept on device: cpu
DEBUG 2026-06-09 16:59:58 t_client.py:209 Sent observation #1026 | 
DEBUG 2026-06-09 16:59:58 t_client.py:434 QUEUE SIZE: 7 (Must go: False)
DEBUG 2026-06-09 16:59:58 t_client.py:477 Control loop (ms): 115.78
DEBUG 2026-06-09 16:59:58 t_client.py:477 Control loop (ms): 0.63
DEBUG 2026-06-09 16:59:58 t_client.py:477 Control loop (ms): 1.09
DEBUG 2026-06-09 16:59:58 t_client.py:477 Control loop (ms): 0.80
DEBUG 2026-06-09 16:59:58 t_client.py:477 Control loop (ms): 2.60
DEBUG 2026-06-09 16:59:58 t_client.py:292 Received actions on device: cpu
DEBUG 2026-06-09 16:59:58 t_client.py:302 Actions kept on device: cpu
DEBUG 2026-06-09 16:59:58 t_client.py:477 Control loop (ms): 0.71
DEBUG 2026-06-09 16:59:58 t_client.py:477 Control loop (ms): 1.07
DEBUG 2026-06-09 16:59:58 follower.py:184 follower_right SOFollower read state: 2.0ms
DEBUG 2026-06-09 16:59:58 follower.py:191 follower_right SOFollower read wrist: 0.0ms
DEBUG 2026-06-09 16:59:58 follower.py:184 follower_left SOFollower read state: 2.0ms
DEBUG 2026-06-09 16:59:58 follower.py:191 follower_left SOFollower read wrist: 0.0ms
DEBUG 2026-06-09 16:59:58 t_client.py:198 Observation serialization time: 0.009253s
DEBUG 2026-06-09 16:59:58 ort/utils.py:54 [CLIENT] Observation Buffer size 4.39546012878418 MB with
DEBUG 2026-06-09 16:59:58 ort/utils.py:69 [CLIENT] Observation Sent 2097152/4608974 bytes with state 1
DEBUG 2026-06-09 16:59:58 ort/utils.py:69 [CLIENT] Observation Sent 4194304/4608974 bytes with state 2
DEBUG 2026-06-09 16:59:58 ort/utils.py:69 [CLIENT] Observation Sent 4608974/4608974 bytes with state 3
DEBUG 2026-06-09 16:59:58 ort/utils.py:71 [CLIENT] Observation Published 4.39546012878418 MB
DEBUG 2026-06-09 16:59:58 t_client.py:209 Sent observation #1033 | 
DEBUG 2026-06-09 16:59:58 t_client.py:434 QUEUE SIZE: 8 (Must go: False)
DEBUG 2026-06-09 16:59:58 t_client.py:477 Control loop (ms): 110.93
DEBUG 2026-06-09 16:59:58 follower.py:184 follower_right SOFollower read state: 2.2ms
DEBUG 2026-06-09 16:59:58 follower.py:191 follower_right SOFollower read wrist: 0.0ms
DEBUG 2026-06-09 16:59:58 follower.py:184 follower_left SOFollower read state: 1.8ms
DEBUG 2026-06-09 16:59:58 follower.py:191 follower_left SOFollower read wrist: 0.0ms
DEBUG 2026-06-09 16:59:58 t_client.py:198 Observation serialization time: 0.005193s
DEBUG 2026-06-09 16:59:58 ort/utils.py:54 [CLIENT] Observation Buffer size 4.39546012878418 MB with
DEBUG 2026-06-09 16:59:58 ort/utils.py:69 [CLIENT] Observation Sent 2097152/4608974 bytes with state 1
DEBUG 2026-06-09 16:59:58 ort/utils.py:69 [CLIENT] Observation Sent 4194304/4608974 bytes with state 2
DEBUG 2026-06-09 16:59:58 ort/utils.py:69 [CLIENT] Observation Sent 4608974/4608974 bytes with state 3
DEBUG 2026-06-09 16:59:58 ort/utils.py:71 [CLIENT] Observation Published 4.39546012878418 MB
DEBUG 2026-06-09 16:59:58 t_client.py:209 Sent observation #1034 | 
DEBUG 2026-06-09 16:59:58 t_client.py:434 QUEUE SIZE: 7 (Must go: False)
DEBUG 2026-06-09 16:59:58 t_client.py:477 Control loop (ms): 114.39
DEBUG 2026-06-09 16:59:58 t_client.py:292 Received actions on device: cpu
DEBUG 2026-06-09 16:59:58 t_client.py:302 Actions kept on device: cpu
DEBUG 2026-06-09 16:59:58 follower.py:184 follower_right SOFollower read state: 2.0ms
DEBUG 2026-06-09 16:59:58 follower.py:191 follower_right SOFollower read wrist: 0.0ms
DEBUG 2026-06-09 16:59:58 follower.py:184 follower_left SOFollower read state: 1.6ms
DEBUG 2026-06-09 16:59:58 follower.py:191 follower_left SOFollower read wrist: 0.0ms
DEBUG 2026-06-09 16:59:58 t_client.py:198 Observation serialization time: 0.003481s
DEBUG 2026-06-09 16:59:58 ort/utils.py:54 [CLIENT] Observation Buffer size 4.39546012878418 MB with
DEBUG 2026-06-09 16:59:58 ort/utils.py:69 [CLIENT] Observation Sent 2097152/4608974 bytes with state 1
DEBUG 2026-06-09 16:59:58 ort/utils.py:69 [CLIENT] Observation Sent 4194304/4608974 bytes with state 2
DEBUG 2026-06-09 16:59:58 ort/utils.py:69 [CLIENT] Observation Sent 4608974/4608974 bytes with state 3
DEBUG 2026-06-09 16:59:58 ort/utils.py:71 [CLIENT] Observation Published 4.39546012878418 MB
DEBUG 2026-06-09 16:59:58 t_client.py:209 Sent observation #1035 | 
DEBUG 2026-06-09 16:59:58 t_client.py:434 QUEUE SIZE: 13 (Must go: False)
DEBUG 2026-06-09 16:59:58 t_client.py:477 Control loop (ms): 115.22
DEBUG 2026-06-09 16:59:58 t_client.py:477 Control loop (ms): 3.85
DEBUG 2026-06-09 16:59:58 t_client.py:292 Received actions on device: cpu
DEBUG 2026-06-09 16:59:58 t_client.py:302 Actions kept on device: cpu
DEBUG 2026-06-09 16:59:58 t_client.py:477 Control loop (ms): 1.14
DEBUG 2026-06-09 16:59:58 t_client.py:477 Control loop (ms): 0.91
DEBUG 2026-06-09 16:59:58 t_client.py:477 Control loop (ms): 6.63
DEBUG 2026-06-09 16:59:58 t_client.py:292 Received actions on device: cpu
DEBUG 2026-06-09 16:59:58 t_client.py:302 Actions kept on device: cpu
DEBUG 2026-06-09 16:59:58 t_client.py:477 Control loop (ms): 1.68
DEBUG 2026-06-09 16:59:59 t_client.py:477 Control loop (ms): 1.28
DEBUG 2026-06-09 16:59:59 follower.py:184 follower_right SOFollower read state: 1.8ms
DEBUG 2026-06-09 16:59:59 follower.py:191 follower_right SOFollower read wrist: 0.0ms
DEBUG 2026-06-09 16:59:59 follower.py:184 follower_left SOFollower read state: 2.1ms
DEBUG 2026-06-09 16:59:59 follower.py:191 follower_left SOFollower read wrist: 0.0ms
DEBUG 2026-06-09 16:59:59 t_client.py:198 Observation serialization time: 0.012558s
DEBUG 2026-06-09 16:59:59 ort/utils.py:54 [CLIENT] Observation Buffer size 4.39546012878418 MB with
DEBUG 2026-06-09 16:59:59 ort/utils.py:69 [CLIENT] Observation Sent 2097152/4608974 bytes with state 1
DEBUG 2026-06-09 16:59:59 ort/utils.py:69 [CLIENT] Observation Sent 4194304/4608974 bytes with state 2
DEBUG 2026-06-09 16:59:59 ort/utils.py:69 [CLIENT] Observation Sent 4608974/4608974 bytes with state 3
DEBUG 2026-06-09 16:59:59 ort/utils.py:71 [CLIENT] Observation Published 4.39546012878418 MB
DEBUG 2026-06-09 16:59:59 t_client.py:209 Sent observation #1042 | 
DEBUG 2026-06-09 16:59:59 t_client.py:434 QUEUE SIZE: 8 (Must go: False)
DEBUG 2026-06-09 16:59:59 t_client.py:477 Control loop (ms): 142.30
DEBUG 2026-06-09 16:59:59 follower.py:184 follower_right SOFollower read state: 1.6ms
DEBUG 2026-06-09 16:59:59 follower.py:191 follower_right SOFollower read wrist: 0.0ms
DEBUG 2026-06-09 16:59:59 follower.py:184 follower_left SOFollower read state: 1.6ms
DEBUG 2026-06-09 16:59:59 follower.py:191 follower_left SOFollower read wrist: 0.0ms
DEBUG 2026-06-09 16:59:59 t_client.py:198 Observation serialization time: 0.004762s
DEBUG 2026-06-09 16:59:59 ort/utils.py:54 [CLIENT] Observation Buffer size 4.39546012878418 MB with
DEBUG 2026-06-09 16:59:59 ort/utils.py:69 [CLIENT] Observation Sent 2097152/4608974 bytes with state 1
DEBUG 2026-06-09 16:59:59 ort/utils.py:69 [CLIENT] Observation Sent 4194304/4608974 bytes with state 2
DEBUG 2026-06-09 16:59:59 ort/utils.py:69 [CLIENT] Observation Sent 4608974/4608974 bytes with state 3
DEBUG 2026-06-09 16:59:59 ort/utils.py:71 [CLIENT] Observation Published 4.39546012878418 MB
DEBUG 2026-06-09 16:59:59 t_client.py:209 Sent observation #1043 | 
DEBUG 2026-06-09 16:59:59 t_client.py:434 QUEUE SIZE: 7 (Must go: False)
DEBUG 2026-06-09 16:59:59 t_client.py:477 Control loop (ms): 109.42
DEBUG 2026-06-09 16:59:59 t_client.py:292 Received actions on device: cpu
DEBUG 2026-06-09 16:59:59 t_client.py:302 Actions kept on device: cpu
DEBUG 2026-06-09 16:59:59 follower.py:184 follower_right SOFollower read state: 4.3ms
DEBUG 2026-06-09 16:59:59 follower.py:191 follower_right SOFollower read wrist: 0.1ms
DEBUG 2026-06-09 16:59:59 follower.py:184 follower_left SOFollower read state: 2.0ms
DEBUG 2026-06-09 16:59:59 follower.py:191 follower_left SOFollower read wrist: 0.0ms
DEBUG 2026-06-09 16:59:59 t_client.py:198 Observation serialization time: 0.009155s
DEBUG 2026-06-09 16:59:59 ort/utils.py:54 [CLIENT] Observation Buffer size 4.39546012878418 MB with
DEBUG 2026-06-09 16:59:59 ort/utils.py:69 [CLIENT] Observation Sent 2097152/4608974 bytes with state 1
DEBUG 2026-06-09 16:59:59 ort/utils.py:69 [CLIENT] Observation Sent 4194304/4608974 bytes with state 2
DEBUG 2026-06-09 16:59:59 ort/utils.py:69 [CLIENT] Observation Sent 4608974/4608974 bytes with state 3
DEBUG 2026-06-09 16:59:59 ort/utils.py:71 [CLIENT] Observation Published 4.39546012878418 MB
DEBUG 2026-06-09 16:59:59 t_client.py:292 Received actions on device: cpu
DEBUG 2026-06-09 16:59:59 t_client.py:302 Actions kept on device: cpu
DEBUG 2026-06-09 16:59:59 t_client.py:209 Sent observation #1044 | 
DEBUG 2026-06-09 16:59:59 t_client.py:434 QUEUE SIZE: 13 (Must go: False)
DEBUG 2026-06-09 16:59:59 t_client.py:477 Control loop (ms): 150.43
DEBUG 2026-06-09 16:59:59 t_client.py:477 Control loop (ms): 1.43
DEBUG 2026-06-09 16:59:59 t_client.py:477 Control loop (ms): 1.76
DEBUG 2026-06-09 16:59:59 t_client.py:477 Control loop (ms): 2.02
DEBUG 2026-06-09 16:59:59 t_client.py:292 Received actions on device: cpu
DEBUG 2026-06-09 16:59:59 t_client.py:302 Actions kept on device: cpu
DEBUG 2026-06-09 16:59:59 t_client.py:477 Control loop (ms): 1.70
DEBUG 2026-06-09 16:59:59 t_client.py:477 Control loop (ms): 1.74
DEBUG 2026-06-09 16:59:59 t_client.py:477 Control loop (ms): 1.63
DEBUG 2026-06-09 16:59:59 follower.py:184 follower_right SOFollower read state: 1.9ms
DEBUG 2026-06-09 16:59:59 follower.py:191 follower_right SOFollower read wrist: 0.0ms
DEBUG 2026-06-09 16:59:59 follower.py:184 follower_left SOFollower read state: 2.4ms
DEBUG 2026-06-09 16:59:59 follower.py:191 follower_left SOFollower read wrist: 0.0ms
DEBUG 2026-06-09 16:59:59 t_client.py:198 Observation serialization time: 0.009108s
DEBUG 2026-06-09 16:59:59 ort/utils.py:54 [CLIENT] Observation Buffer size 4.39546012878418 MB with
DEBUG 2026-06-09 16:59:59 ort/utils.py:69 [CLIENT] Observation Sent 2097152/4608974 bytes with state 1
DEBUG 2026-06-09 16:59:59 ort/utils.py:69 [CLIENT] Observation Sent 4194304/4608974 bytes with state 2
DEBUG 2026-06-09 16:59:59 ort/utils.py:69 [CLIENT] Observation Sent 4608974/4608974 bytes with state 3
DEBUG 2026-06-09 16:59:59 ort/utils.py:71 [CLIENT] Observation Published 4.39546012878418 MB
DEBUG 2026-06-09 16:59:59 t_client.py:209 Sent observation #1051 | 
DEBUG 2026-06-09 16:59:59 t_client.py:434 QUEUE SIZE: 8 (Must go: False)
DEBUG 2026-06-09 16:59:59 t_client.py:477 Control loop (ms): 130.22
DEBUG 2026-06-09 16:59:59 follower.py:184 follower_right SOFollower read state: 3.0ms
DEBUG 2026-06-09 16:59:59 follower.py:191 follower_right SOFollower read wrist: 0.1ms
DEBUG 2026-06-09 16:59:59 follower.py:184 follower_left SOFollower read state: 2.8ms
DEBUG 2026-06-09 16:59:59 follower.py:191 follower_left SOFollower read wrist: 0.1ms
DEBUG 2026-06-09 16:59:59 t_client.py:198 Observation serialization time: 0.008885s
DEBUG 2026-06-09 16:59:59 ort/utils.py:54 [CLIENT] Observation Buffer size 4.39546012878418 MB with
DEBUG 2026-06-09 16:59:59 ort/utils.py:69 [CLIENT] Observation Sent 2097152/4608974 bytes with state 1
DEBUG 2026-06-09 16:59:59 ort/utils.py:69 [CLIENT] Observation Sent 4194304/4608974 bytes with state 2
DEBUG 2026-06-09 16:59:59 ort/utils.py:69 [CLIENT] Observation Sent 4608974/4608974 bytes with state 3
DEBUG 2026-06-09 16:59:59 ort/utils.py:71 [CLIENT] Observation Published 4.39546012878418 MB
DEBUG 2026-06-09 16:59:59 t_client.py:292 Received actions on device: cpu
DEBUG 2026-06-09 16:59:59 t_client.py:302 Actions kept on device: cpu
DEBUG 2026-06-09 16:59:59 t_client.py:209 Sent observation #1052 | 
DEBUG 2026-06-09 16:59:59 t_client.py:434 QUEUE SIZE: 7 (Must go: False)
DEBUG 2026-06-09 16:59:59 t_client.py:477 Control loop (ms): 112.61
DEBUG 2026-06-09 16:59:59 t_client.py:477 Control loop (ms): 1.21
DEBUG 2026-06-09 16:59:59 t_client.py:477 Control loop (ms): 1.65
DEBUG 2026-06-09 16:59:59 t_client.py:477 Control loop (ms): 2.50
DEBUG 2026-06-09 16:59:59 t_client.py:292 Received actions on device: cpu
DEBUG 2026-06-09 16:59:59 t_client.py:302 Actions kept on device: cpu
DEBUG 2026-06-09 16:59:59 t_client.py:477 Control loop (ms): 1.08
DEBUG 2026-06-09 17:00:00 t_client.py:477 Control loop (ms): 1.92
DEBUG 2026-06-09 17:00:00 t_client.py:477 Control loop (ms): 1.60
DEBUG 2026-06-09 17:00:00 follower.py:184 follower_right SOFollower read state: 2.6ms
DEBUG 2026-06-09 17:00:00 follower.py:191 follower_right SOFollower read wrist: 0.0ms
DEBUG 2026-06-09 17:00:00 follower.py:184 follower_left SOFollower read state: 2.8ms
DEBUG 2026-06-09 17:00:00 follower.py:191 follower_left SOFollower read wrist: 0.1ms
DEBUG 2026-06-09 17:00:00 t_client.py:198 Observation serialization time: 0.009894s
DEBUG 2026-06-09 17:00:00 ort/utils.py:54 [CLIENT] Observation Buffer size 4.39546012878418 MB with
DEBUG 2026-06-09 17:00:00 ort/utils.py:69 [CLIENT] Observation Sent 2097152/4608974 bytes with state 1
DEBUG 2026-06-09 17:00:00 ort/utils.py:69 [CLIENT] Observation Sent 4194304/4608974 bytes with state 2
DEBUG 2026-06-09 17:00:00 ort/utils.py:69 [CLIENT] Observation Sent 4608974/4608974 bytes with state 3
DEBUG 2026-06-09 17:00:00 ort/utils.py:71 [CLIENT] Observation Published 4.39546012878418 MB
DEBUG 2026-06-09 17:00:00 t_client.py:209 Sent observation #1059 | 
DEBUG 2026-06-09 17:00:00 t_client.py:434 QUEUE SIZE: 8 (Must go: False)
DEBUG 2026-06-09 17:00:00 t_client.py:477 Control loop (ms): 167.82
DEBUG 2026-06-09 17:00:00 follower.py:184 follower_right SOFollower read state: 1.7ms
DEBUG 2026-06-09 17:00:00 follower.py:191 follower_right SOFollower read wrist: 0.0ms
DEBUG 2026-06-09 17:00:00 follower.py:184 follower_left SOFollower read state: 1.7ms
DEBUG 2026-06-09 17:00:00 follower.py:191 follower_left SOFollower read wrist: 0.0ms
DEBUG 2026-06-09 17:00:00 t_client.py:198 Observation serialization time: 0.003965s
DEBUG 2026-06-09 17:00:00 ort/utils.py:54 [CLIENT] Observation Buffer size 4.39546012878418 MB with
DEBUG 2026-06-09 17:00:00 ort/utils.py:69 [CLIENT] Observation Sent 2097152/4608974 bytes with state 1
DEBUG 2026-06-09 17:00:00 ort/utils.py:69 [CLIENT] Observation Sent 4194304/4608974 bytes with state 2
DEBUG 2026-06-09 17:00:00 ort/utils.py:69 [CLIENT] Observation Sent 4608974/4608974 bytes with state 3
DEBUG 2026-06-09 17:00:00 ort/utils.py:71 [CLIENT] Observation Published 4.39546012878418 MB
DEBUG 2026-06-09 17:00:00 t_client.py:209 Sent observation #1060 | 
DEBUG 2026-06-09 17:00:00 t_client.py:434 QUEUE SIZE: 7 (Must go: False)
DEBUG 2026-06-09 17:00:00 t_client.py:477 Control loop (ms): 110.20
DEBUG 2026-06-09 17:00:00 t_client.py:292 Received actions on device: cpu
DEBUG 2026-06-09 17:00:00 t_client.py:302 Actions kept on device: cpu
DEBUG 2026-06-09 17:00:00 t_client.py:477 Control loop (ms): 2.37
DEBUG 2026-06-09 17:00:00 t_client.py:477 Control loop (ms): 2.03
DEBUG 2026-06-09 17:00:00 t_client.py:477 Control loop (ms): 2.46
DEBUG 2026-06-09 17:00:00 t_client.py:292 Received actions on device: cpu
DEBUG 2026-06-09 17:00:00 t_client.py:302 Actions kept on device: cpu
DEBUG 2026-06-09 17:00:00 t_client.py:477 Control loop (ms): 1.66
DEBUG 2026-06-09 17:00:00 t_client.py:477 Control loop (ms): 1.41
DEBUG 2026-06-09 17:00:00 t_client.py:477 Control loop (ms): 1.58
DEBUG 2026-06-09 17:00:00 t_client.py:477 Control loop (ms): 1.56
DEBUG 2026-06-09 17:00:00 t_client.py:477 Control loop (ms): 1.31
DEBUG 2026-06-09 17:00:00 follower.py:184 follower_right SOFollower read state: 1.9ms
DEBUG 2026-06-09 17:00:00 follower.py:191 follower_right SOFollower read wrist: 0.0ms
DEBUG 2026-06-09 17:00:00 follower.py:184 follower_left SOFollower read state: 1.9ms
DEBUG 2026-06-09 17:00:00 follower.py:191 follower_left SOFollower read wrist: 0.1ms
DEBUG 2026-06-09 17:00:00 t_client.py:198 Observation serialization time: 0.008859s
DEBUG 2026-06-09 17:00:00 ort/utils.py:54 [CLIENT] Observation Buffer size 4.39546012878418 MB with
DEBUG 2026-06-09 17:00:00 ort/utils.py:69 [CLIENT] Observation Sent 2097152/4608974 bytes with state 1
DEBUG 2026-06-09 17:00:00 ort/utils.py:69 [CLIENT] Observation Sent 4194304/4608974 bytes with state 2
DEBUG 2026-06-09 17:00:00 ort/utils.py:69 [CLIENT] Observation Sent 4608974/4608974 bytes with state 3
DEBUG 2026-06-09 17:00:00 ort/utils.py:71 [CLIENT] Observation Published 4.39546012878418 MB
DEBUG 2026-06-09 17:00:00 t_client.py:209 Sent observation #1067 | 
DEBUG 2026-06-09 17:00:00 t_client.py:434 QUEUE SIZE: 8 (Must go: False)
DEBUG 2026-06-09 17:00:00 t_client.py:477 Control loop (ms): 112.20
DEBUG 2026-06-09 17:00:00 follower.py:184 follower_right SOFollower read state: 1.9ms
DEBUG 2026-06-09 17:00:00 follower.py:191 follower_right SOFollower read wrist: 0.0ms
DEBUG 2026-06-09 17:00:00 follower.py:184 follower_left SOFollower read state: 1.8ms
DEBUG 2026-06-09 17:00:00 follower.py:191 follower_left SOFollower read wrist: 0.0ms
DEBUG 2026-06-09 17:00:00 t_client.py:198 Observation serialization time: 0.005301s
DEBUG 2026-06-09 17:00:00 ort/utils.py:54 [CLIENT] Observation Buffer size 4.39546012878418 MB with
DEBUG 2026-06-09 17:00:00 ort/utils.py:69 [CLIENT] Observation Sent 2097152/4608974 bytes with state 1
DEBUG 2026-06-09 17:00:00 ort/utils.py:69 [CLIENT] Observation Sent 4194304/4608974 bytes with state 2
DEBUG 2026-06-09 17:00:00 ort/utils.py:69 [CLIENT] Observation Sent 4608974/4608974 bytes with state 3
DEBUG 2026-06-09 17:00:00 ort/utils.py:71 [CLIENT] Observation Published 4.39546012878418 MB
DEBUG 2026-06-09 17:00:00 t_client.py:292 Received actions on device: cpu
DEBUG 2026-06-09 17:00:00 t_client.py:302 Actions kept on device: cpu
DEBUG 2026-06-09 17:00:00 t_client.py:209 Sent observation #1068 | 
DEBUG 2026-06-09 17:00:00 t_client.py:434 QUEUE SIZE: 7 (Must go: False)
DEBUG 2026-06-09 17:00:00 t_client.py:477 Control loop (ms): 127.68
DEBUG 2026-06-09 17:00:00 t_client.py:477 Control loop (ms): 1.64
DEBUG 2026-06-09 17:00:00 t_client.py:477 Control loop (ms): 1.35
DEBUG 2026-06-09 17:00:00 t_client.py:477 Control loop (ms): 2.12
DEBUG 2026-06-09 17:00:00 t_client.py:292 Received actions on device: cpu
DEBUG 2026-06-09 17:00:00 t_client.py:302 Actions kept on device: cpu
DEBUG 2026-06-09 17:00:00 t_client.py:477 Control loop (ms): 2.14
DEBUG 2026-06-09 17:00:01 t_client.py:477 Control loop (ms): 1.83
DEBUG 2026-06-09 17:00:01 t_client.py:477 Control loop (ms): 2.39
DEBUG 2026-06-09 17:00:01 follower.py:184 follower_right SOFollower read state: 2.1ms
DEBUG 2026-06-09 17:00:01 follower.py:191 follower_right SOFollower read wrist: 0.0ms
DEBUG 2026-06-09 17:00:01 follower.py:184 follower_left SOFollower read state: 1.9ms
DEBUG 2026-06-09 17:00:01 follower.py:191 follower_left SOFollower read wrist: 0.0ms
DEBUG 2026-06-09 17:00:01 t_client.py:198 Observation serialization time: 0.011795s
DEBUG 2026-06-09 17:00:01 ort/utils.py:54 [CLIENT] Observation Buffer size 4.39546012878418 MB with
DEBUG 2026-06-09 17:00:01 ort/utils.py:69 [CLIENT] Observation Sent 2097152/4608974 bytes with state 1
DEBUG 2026-06-09 17:00:01 ort/utils.py:69 [CLIENT] Observation Sent 4194304/4608974 bytes with state 2
DEBUG 2026-06-09 17:00:01 ort/utils.py:69 [CLIENT] Observation Sent 4608974/4608974 bytes with state 3
DEBUG 2026-06-09 17:00:01 ort/utils.py:71 [CLIENT] Observation Published 4.39546012878418 MB
DEBUG 2026-06-09 17:00:01 t_client.py:209 Sent observation #1075 | 
DEBUG 2026-06-09 17:00:01 t_client.py:434 QUEUE SIZE: 8 (Must go: False)
DEBUG 2026-06-09 17:00:01 t_client.py:477 Control loop (ms): 143.95
DEBUG 2026-06-09 17:00:01 follower.py:184 follower_right SOFollower read state: 2.0ms
DEBUG 2026-06-09 17:00:01 follower.py:191 follower_right SOFollower read wrist: 0.0ms
DEBUG 2026-06-09 17:00:01 follower.py:184 follower_left SOFollower read state: 2.1ms
DEBUG 2026-06-09 17:00:01 follower.py:191 follower_left SOFollower read wrist: 0.0ms
DEBUG 2026-06-09 17:00:01 t_client.py:198 Observation serialization time: 0.005214s
DEBUG 2026-06-09 17:00:01 ort/utils.py:54 [CLIENT] Observation Buffer size 4.39546012878418 MB with
DEBUG 2026-06-09 17:00:01 ort/utils.py:69 [CLIENT] Observation Sent 2097152/4608974 bytes with state 1
DEBUG 2026-06-09 17:00:01 ort/utils.py:69 [CLIENT] Observation Sent 4194304/4608974 bytes with state 2
DEBUG 2026-06-09 17:00:01 ort/utils.py:69 [CLIENT] Observation Sent 4608974/4608974 bytes with state 3
DEBUG 2026-06-09 17:00:01 ort/utils.py:71 [CLIENT] Observation Published 4.39546012878418 MB
DEBUG 2026-06-09 17:00:01 t_client.py:292 Received actions on device: cpu
DEBUG 2026-06-09 17:00:01 t_client.py:302 Actions kept on device: cpu
DEBUG 2026-06-09 17:00:01 t_client.py:209 Sent observation #1076 | 
DEBUG 2026-06-09 17:00:01 t_client.py:434 QUEUE SIZE: 7 (Must go: False)
DEBUG 2026-06-09 17:00:01 t_client.py:477 Control loop (ms): 149.41
DEBUG 2026-06-09 17:00:01 t_client.py:477 Control loop (ms): 0.80
DEBUG 2026-06-09 17:00:01 t_client.py:477 Control loop (ms): 2.03
DEBUG 2026-06-09 17:00:01 t_client.py:477 Control loop (ms): 2.21
DEBUG 2026-06-09 17:00:01 t_client.py:292 Received actions on device: cpu
DEBUG 2026-06-09 17:00:01 t_client.py:302 Actions kept on device: cpu
DEBUG 2026-06-09 17:00:01 t_client.py:477 Control loop (ms): 1.26
DEBUG 2026-06-09 17:00:01 t_client.py:477 Control loop (ms): 2.01
DEBUG 2026-06-09 17:00:01 t_client.py:477 Control loop (ms): 2.23
DEBUG 2026-06-09 17:00:01 follower.py:184 follower_right SOFollower read state: 2.4ms
DEBUG 2026-06-09 17:00:01 follower.py:191 follower_right SOFollower read wrist: 0.0ms
DEBUG 2026-06-09 17:00:01 follower.py:184 follower_left SOFollower read state: 2.3ms
DEBUG 2026-06-09 17:00:01 follower.py:191 follower_left SOFollower read wrist: 0.0ms
DEBUG 2026-06-09 17:00:01 t_client.py:198 Observation serialization time: 0.008731s
DEBUG 2026-06-09 17:00:01 ort/utils.py:54 [CLIENT] Observation Buffer size 4.39546012878418 MB with
DEBUG 2026-06-09 17:00:01 ort/utils.py:69 [CLIENT] Observation Sent 2097152/4608974 bytes with state 1
DEBUG 2026-06-09 17:00:01 ort/utils.py:69 [CLIENT] Observation Sent 4194304/4608974 bytes with state 2
DEBUG 2026-06-09 17:00:01 ort/utils.py:69 [CLIENT] Observation Sent 4608974/4608974 bytes with state 3
DEBUG 2026-06-09 17:00:01 ort/utils.py:71 [CLIENT] Observation Published 4.39546012878418 MB
DEBUG 2026-06-09 17:00:01 t_client.py:209 Sent observation #1083 | 
DEBUG 2026-06-09 17:00:01 t_client.py:434 QUEUE SIZE: 8 (Must go: False)
DEBUG 2026-06-09 17:00:01 t_client.py:477 Control loop (ms): 113.12
DEBUG 2026-06-09 17:00:01 follower.py:184 follower_right SOFollower read state: 1.6ms
DEBUG 2026-06-09 17:00:01 follower.py:191 follower_right SOFollower read wrist: 0.0ms
DEBUG 2026-06-09 17:00:01 follower.py:184 follower_left SOFollower read state: 1.6ms
DEBUG 2026-06-09 17:00:01 follower.py:191 follower_left SOFollower read wrist: 0.0ms
DEBUG 2026-06-09 17:00:01 t_client.py:198 Observation serialization time: 0.007796s
DEBUG 2026-06-09 17:00:01 ort/utils.py:54 [CLIENT] Observation Buffer size 4.39546012878418 MB with
DEBUG 2026-06-09 17:00:01 ort/utils.py:69 [CLIENT] Observation Sent 2097152/4608974 bytes with state 1
DEBUG 2026-06-09 17:00:01 ort/utils.py:69 [CLIENT] Observation Sent 4194304/4608974 bytes with state 2
DEBUG 2026-06-09 17:00:01 ort/utils.py:69 [CLIENT] Observation Sent 4608974/4608974 bytes with state 3
DEBUG 2026-06-09 17:00:01 ort/utils.py:71 [CLIENT] Observation Published 4.39546012878418 MB
DEBUG 2026-06-09 17:00:01 t_client.py:292 Received actions on device: cpu
DEBUG 2026-06-09 17:00:01 t_client.py:302 Actions kept on device: cpu
DEBUG 2026-06-09 17:00:01 t_client.py:209 Sent observation #1084 | 
DEBUG 2026-06-09 17:00:01 t_client.py:434 QUEUE SIZE: 7 (Must go: False)
DEBUG 2026-06-09 17:00:01 t_client.py:477 Control loop (ms): 118.42
DEBUG 2026-06-09 17:00:01 t_client.py:477 Control loop (ms): 1.37
DEBUG 2026-06-09 17:00:01 t_client.py:477 Control loop (ms): 3.60
DEBUG 2026-06-09 17:00:01 t_client.py:477 Control loop (ms): 2.42
DEBUG 2026-06-09 17:00:01 t_client.py:292 Received actions on device: cpu
DEBUG 2026-06-09 17:00:01 t_client.py:302 Actions kept on device: cpu
DEBUG 2026-06-09 17:00:01 t_client.py:477 Control loop (ms): 1.05
DEBUG 2026-06-09 17:00:01 t_client.py:477 Control loop (ms): 2.91
DEBUG 2026-06-09 17:00:01 t_client.py:477 Control loop (ms): 2.27
DEBUG 2026-06-09 17:00:02 follower.py:184 follower_right SOFollower read state: 2.8ms
DEBUG 2026-06-09 17:00:02 follower.py:191 follower_right SOFollower read wrist: 0.2ms
DEBUG 2026-06-09 17:00:02 follower.py:184 follower_left SOFollower read state: 2.7ms
DEBUG 2026-06-09 17:00:02 follower.py:191 follower_left SOFollower read wrist: 0.0ms
DEBUG 2026-06-09 17:00:02 t_client.py:198 Observation serialization time: 0.005894s
DEBUG 2026-06-09 17:00:02 ort/utils.py:54 [CLIENT] Observation Buffer size 4.39546012878418 MB with
DEBUG 2026-06-09 17:00:02 ort/utils.py:69 [CLIENT] Observation Sent 2097152/4608974 bytes with state 1
DEBUG 2026-06-09 17:00:02 ort/utils.py:69 [CLIENT] Observation Sent 4194304/4608974 bytes with state 2
DEBUG 2026-06-09 17:00:02 ort/utils.py:69 [CLIENT] Observation Sent 4608974/4608974 bytes with state 3
DEBUG 2026-06-09 17:00:02 ort/utils.py:71 [CLIENT] Observation Published 4.39546012878418 MB
DEBUG 2026-06-09 17:00:02 t_client.py:209 Sent observation #1091 | 
DEBUG 2026-06-09 17:00:02 t_client.py:434 QUEUE SIZE: 8 (Must go: False)
DEBUG 2026-06-09 17:00:02 t_client.py:477 Control loop (ms): 112.35
DEBUG 2026-06-09 17:00:02 follower.py:184 follower_right SOFollower read state: 1.7ms
DEBUG 2026-06-09 17:00:02 follower.py:191 follower_right SOFollower read wrist: 0.0ms
DEBUG 2026-06-09 17:00:02 follower.py:184 follower_left SOFollower read state: 1.7ms
DEBUG 2026-06-09 17:00:02 follower.py:191 follower_left SOFollower read wrist: 0.0ms
DEBUG 2026-06-09 17:00:02 t_client.py:198 Observation serialization time: 0.005178s
DEBUG 2026-06-09 17:00:02 ort/utils.py:54 [CLIENT] Observation Buffer size 4.39546012878418 MB with
DEBUG 2026-06-09 17:00:02 ort/utils.py:69 [CLIENT] Observation Sent 2097152/4608974 bytes with state 1
DEBUG 2026-06-09 17:00:02 ort/utils.py:69 [CLIENT] Observation Sent 4194304/4608974 bytes with state 2
DEBUG 2026-06-09 17:00:02 ort/utils.py:69 [CLIENT] Observation Sent 4608974/4608974 bytes with state 3
DEBUG 2026-06-09 17:00:02 ort/utils.py:71 [CLIENT] Observation Published 4.39546012878418 MB
DEBUG 2026-06-09 17:00:02 t_client.py:292 Received actions on device: cpu
DEBUG 2026-06-09 17:00:02 t_client.py:302 Actions kept on device: cpu
DEBUG 2026-06-09 17:00:02 t_client.py:209 Sent observation #1092 | 
DEBUG 2026-06-09 17:00:02 t_client.py:434 QUEUE SIZE: 7 (Must go: False)
DEBUG 2026-06-09 17:00:02 t_client.py:477 Control loop (ms): 125.76
DEBUG 2026-06-09 17:00:02 t_client.py:477 Control loop (ms): 1.58
DEBUG 2026-06-09 17:00:02 t_client.py:477 Control loop (ms): 2.04
DEBUG 2026-06-09 17:00:02 t_client.py:477 Control loop (ms): 1.70
DEBUG 2026-06-09 17:00:02 t_client.py:477 Control loop (ms): 2.02
DEBUG 2026-06-09 17:00:02 t_client.py:477 Control loop (ms): 2.05
DEBUG 2026-06-09 17:00:02 follower.py:184 follower_right SOFollower read state: 2.0ms
DEBUG 2026-06-09 17:00:02 follower.py:191 follower_right SOFollower read wrist: 0.0ms
DEBUG 2026-06-09 17:00:02 follower.py:184 follower_left SOFollower read state: 2.9ms
DEBUG 2026-06-09 17:00:02 follower.py:191 follower_left SOFollower read wrist: 0.1ms
DEBUG 2026-06-09 17:00:02 t_client.py:198 Observation serialization time: 0.014274s
DEBUG 2026-06-09 17:00:02 ort/utils.py:54 [CLIENT] Observation Buffer size 4.39546012878418 MB with
DEBUG 2026-06-09 17:00:02 ort/utils.py:69 [CLIENT] Observation Sent 2097152/4608974 bytes with state 1
DEBUG 2026-06-09 17:00:02 ort/utils.py:69 [CLIENT] Observation Sent 4194304/4608974 bytes with state 2
DEBUG 2026-06-09 17:00:02 ort/utils.py:69 [CLIENT] Observation Sent 4608974/4608974 bytes with state 3
DEBUG 2026-06-09 17:00:02 ort/utils.py:71 [CLIENT] Observation Published 4.39546012878418 MB
DEBUG 2026-06-09 17:00:02 t_client.py:209 Sent observation #1098 | 
DEBUG 2026-06-09 17:00:02 t_client.py:434 QUEUE SIZE: 8 (Must go: False)
DEBUG 2026-06-09 17:00:02 t_client.py:477 Control loop (ms): 155.87
DEBUG 2026-06-09 17:00:02 follower.py:184 follower_right SOFollower read state: 1.9ms
DEBUG 2026-06-09 17:00:02 follower.py:191 follower_right SOFollower read wrist: 0.0ms
DEBUG 2026-06-09 17:00:02 follower.py:184 follower_left SOFollower read state: 2.1ms
DEBUG 2026-06-09 17:00:02 follower.py:191 follower_left SOFollower read wrist: 0.0ms
DEBUG 2026-06-09 17:00:02 t_client.py:198 Observation serialization time: 0.008893s
DEBUG 2026-06-09 17:00:02 ort/utils.py:54 [CLIENT] Observation Buffer size 4.39546012878418 MB with
DEBUG 2026-06-09 17:00:02 ort/utils.py:69 [CLIENT] Observation Sent 2097152/4608974 bytes with state 1
DEBUG 2026-06-09 17:00:02 ort/utils.py:69 [CLIENT] Observation Sent 4194304/4608974 bytes with state 2
DEBUG 2026-06-09 17:00:02 ort/utils.py:69 [CLIENT] Observation Sent 4608974/4608974 bytes with state 3
DEBUG 2026-06-09 17:00:02 ort/utils.py:71 [CLIENT] Observation Published 4.39546012878418 MB
DEBUG 2026-06-09 17:00:02 t_client.py:209 Sent observation #1099 | 
DEBUG 2026-06-09 17:00:02 t_client.py:434 QUEUE SIZE: 7 (Must go: False)
DEBUG 2026-06-09 17:00:02 t_client.py:477 Control loop (ms): 119.80
DEBUG 2026-06-09 17:00:02 follower.py:184 follower_right SOFollower read state: 1.8ms
DEBUG 2026-06-09 17:00:02 t_client.py:292 Received actions on device: cpu
DEBUG 2026-06-09 17:00:02 follower.py:191 follower_right SOFollower read wrist: 0.0ms
DEBUG 2026-06-09 17:00:02 t_client.py:302 Actions kept on device: cpu
DEBUG 2026-06-09 17:00:02 follower.py:184 follower_left SOFollower read state: 1.5ms
DEBUG 2026-06-09 17:00:02 follower.py:191 follower_left SOFollower read wrist: 0.0ms
DEBUG 2026-06-09 17:00:02 t_client.py:198 Observation serialization time: 0.004279s
DEBUG 2026-06-09 17:00:02 ort/utils.py:54 [CLIENT] Observation Buffer size 4.39546012878418 MB with
DEBUG 2026-06-09 17:00:02 ort/utils.py:69 [CLIENT] Observation Sent 2097152/4608974 bytes with state 1
DEBUG 2026-06-09 17:00:02 ort/utils.py:69 [CLIENT] Observation Sent 4194304/4608974 bytes with state 2
DEBUG 2026-06-09 17:00:02 ort/utils.py:69 [CLIENT] Observation Sent 4608974/4608974 bytes with state 3
DEBUG 2026-06-09 17:00:02 ort/utils.py:71 [CLIENT] Observation Published 4.39546012878418 MB
DEBUG 2026-06-09 17:00:02 t_client.py:292 Received actions on device: cpu
DEBUG 2026-06-09 17:00:02 t_client.py:302 Actions kept on device: cpu
DEBUG 2026-06-09 17:00:02 t_client.py:209 Sent observation #1100 | 
DEBUG 2026-06-09 17:00:02 t_client.py:434 QUEUE SIZE: 13 (Must go: False)
DEBUG 2026-06-09 17:00:02 t_client.py:477 Control loop (ms): 138.12
DEBUG 2026-06-09 17:00:02 t_client.py:477 Control loop (ms): 1.65
DEBUG 2026-06-09 17:00:02 t_client.py:477 Control loop (ms): 1.85
DEBUG 2026-06-09 17:00:02 t_client.py:477 Control loop (ms): 1.63
DEBUG 2026-06-09 17:00:02 t_client.py:477 Control loop (ms): 2.03
DEBUG 2026-06-09 17:00:02 t_client.py:477 Control loop (ms): 1.76
DEBUG 2026-06-09 17:00:02 follower.py:184 follower_right SOFollower read state: 3.0ms
DEBUG 2026-06-09 17:00:02 follower.py:191 follower_right SOFollower read wrist: 0.1ms
DEBUG 2026-06-09 17:00:02 follower.py:184 follower_left SOFollower read state: 2.7ms
DEBUG 2026-06-09 17:00:02 follower.py:191 follower_left SOFollower read wrist: 0.1ms
DEBUG 2026-06-09 17:00:03 t_client.py:198 Observation serialization time: 0.012222s
DEBUG 2026-06-09 17:00:03 ort/utils.py:54 [CLIENT] Observation Buffer size 4.39546012878418 MB with
DEBUG 2026-06-09 17:00:03 ort/utils.py:69 [CLIENT] Observation Sent 2097152/4608974 bytes with state 1
DEBUG 2026-06-09 17:00:03 ort/utils.py:69 [CLIENT] Observation Sent 4194304/4608974 bytes with state 2
DEBUG 2026-06-09 17:00:03 ort/utils.py:69 [CLIENT] Observation Sent 4608974/4608974 bytes with state 3
DEBUG 2026-06-09 17:00:03 ort/utils.py:71 [CLIENT] Observation Published 4.39546012878418 MB
DEBUG 2026-06-09 17:00:03 t_client.py:209 Sent observation #1106 | 
DEBUG 2026-06-09 17:00:03 t_client.py:434 QUEUE SIZE: 8 (Must go: False)
DEBUG 2026-06-09 17:00:03 t_client.py:477 Control loop (ms): 113.77
DEBUG 2026-06-09 17:00:03 follower.py:184 follower_right SOFollower read state: 1.6ms
DEBUG 2026-06-09 17:00:03 follower.py:191 follower_right SOFollower read wrist: 0.0ms
DEBUG 2026-06-09 17:00:03 follower.py:184 follower_left SOFollower read state: 1.9ms
DEBUG 2026-06-09 17:00:03 follower.py:191 follower_left SOFollower read wrist: 0.0ms
DEBUG 2026-06-09 17:00:03 t_client.py:198 Observation serialization time: 0.008099s
DEBUG 2026-06-09 17:00:03 ort/utils.py:54 [CLIENT] Observation Buffer size 4.39546012878418 MB with
DEBUG 2026-06-09 17:00:03 ort/utils.py:69 [CLIENT] Observation Sent 2097152/4608974 bytes with state 1
DEBUG 2026-06-09 17:00:03 ort/utils.py:69 [CLIENT] Observation Sent 4194304/4608974 bytes with state 2
DEBUG 2026-06-09 17:00:03 ort/utils.py:69 [CLIENT] Observation Sent 4608974/4608974 bytes with state 3
DEBUG 2026-06-09 17:00:03 ort/utils.py:71 [CLIENT] Observation Published 4.39546012878418 MB
DEBUG 2026-06-09 17:00:03 t_client.py:209 Sent observation #1107 | 
DEBUG 2026-06-09 17:00:03 t_client.py:434 QUEUE SIZE: 7 (Must go: False)
DEBUG 2026-06-09 17:00:03 t_client.py:477 Control loop (ms): 115.06
DEBUG 2026-06-09 17:00:03 t_client.py:292 Received actions on device: cpu
DEBUG 2026-06-09 17:00:03 t_client.py:302 Actions kept on device: cpu
DEBUG 2026-06-09 17:00:03 follower.py:184 follower_right SOFollower read state: 2.3ms
DEBUG 2026-06-09 17:00:03 follower.py:191 follower_right SOFollower read wrist: 0.0ms
DEBUG 2026-06-09 17:00:03 follower.py:184 follower_left SOFollower read state: 2.0ms
DEBUG 2026-06-09 17:00:03 follower.py:191 follower_left SOFollower read wrist: 0.0ms
DEBUG 2026-06-09 17:00:03 t_client.py:198 Observation serialization time: 0.007523s
DEBUG 2026-06-09 17:00:03 ort/utils.py:54 [CLIENT] Observation Buffer size 4.39546012878418 MB with
DEBUG 2026-06-09 17:00:03 ort/utils.py:69 [CLIENT] Observation Sent 2097152/4608974 bytes with state 1
DEBUG 2026-06-09 17:00:03 ort/utils.py:69 [CLIENT] Observation Sent 4194304/4608974 bytes with state 2
DEBUG 2026-06-09 17:00:03 ort/utils.py:69 [CLIENT] Observation Sent 4608974/4608974 bytes with state 3
DEBUG 2026-06-09 17:00:03 ort/utils.py:71 [CLIENT] Observation Published 4.39546012878418 MB
DEBUG 2026-06-09 17:00:03 t_client.py:292 Received actions on device: cpu
DEBUG 2026-06-09 17:00:03 t_client.py:302 Actions kept on device: cpu
DEBUG 2026-06-09 17:00:03 t_client.py:209 Sent observation #1108 | 
DEBUG 2026-06-09 17:00:03 t_client.py:434 QUEUE SIZE: 14 (Must go: False)
DEBUG 2026-06-09 17:00:03 t_client.py:477 Control loop (ms): 124.36
DEBUG 2026-06-09 17:00:03 t_client.py:477 Control loop (ms): 1.36
DEBUG 2026-06-09 17:00:03 t_client.py:477 Control loop (ms): 1.59
DEBUG 2026-06-09 17:00:03 t_client.py:477 Control loop (ms): 2.74
DEBUG 2026-06-09 17:00:03 t_client.py:292 Received actions on device: cpu
DEBUG 2026-06-09 17:00:03 t_client.py:302 Actions kept on device: cpu
DEBUG 2026-06-09 17:00:03 t_client.py:477 Control loop (ms): 3.13
DEBUG 2026-06-09 17:00:03 t_client.py:477 Control loop (ms): 3.08
DEBUG 2026-06-09 17:00:03 t_client.py:477 Control loop (ms): 2.67
DEBUG 2026-06-09 17:00:03 follower.py:184 follower_right SOFollower read state: 2.9ms
DEBUG 2026-06-09 17:00:03 follower.py:191 follower_right SOFollower read wrist: 0.1ms
DEBUG 2026-06-09 17:00:03 follower.py:184 follower_left SOFollower read state: 3.1ms
DEBUG 2026-06-09 17:00:03 follower.py:191 follower_left SOFollower read wrist: 0.1ms
DEBUG 2026-06-09 17:00:03 t_client.py:198 Observation serialization time: 0.014952s
DEBUG 2026-06-09 17:00:03 ort/utils.py:54 [CLIENT] Observation Buffer size 4.39546012878418 MB with
DEBUG 2026-06-09 17:00:03 ort/utils.py:69 [CLIENT] Observation Sent 2097152/4608974 bytes with state 1
DEBUG 2026-06-09 17:00:03 ort/utils.py:69 [CLIENT] Observation Sent 4194304/4608974 bytes with state 2
DEBUG 2026-06-09 17:00:03 ort/utils.py:69 [CLIENT] Observation Sent 4608974/4608974 bytes with state 3
DEBUG 2026-06-09 17:00:03 ort/utils.py:71 [CLIENT] Observation Published 4.39546012878418 MB
DEBUG 2026-06-09 17:00:03 t_client.py:209 Sent observation #1115 | 
DEBUG 2026-06-09 17:00:03 t_client.py:434 QUEUE SIZE: 8 (Must go: False)
DEBUG 2026-06-09 17:00:03 t_client.py:477 Control loop (ms): 122.65
DEBUG 2026-06-09 17:00:03 follower.py:184 follower_right SOFollower read state: 2.0ms
DEBUG 2026-06-09 17:00:03 follower.py:191 follower_right SOFollower read wrist: 0.0ms
DEBUG 2026-06-09 17:00:03 follower.py:184 follower_left SOFollower read state: 1.9ms
DEBUG 2026-06-09 17:00:03 follower.py:191 follower_left SOFollower read wrist: 0.0ms
DEBUG 2026-06-09 17:00:03 t_client.py:198 Observation serialization time: 0.008821s
DEBUG 2026-06-09 17:00:03 ort/utils.py:54 [CLIENT] Observation Buffer size 4.39546012878418 MB with
DEBUG 2026-06-09 17:00:03 ort/utils.py:69 [CLIENT] Observation Sent 2097152/4608974 bytes with state 1
DEBUG 2026-06-09 17:00:03 ort/utils.py:69 [CLIENT] Observation Sent 4194304/4608974 bytes with state 2
DEBUG 2026-06-09 17:00:03 ort/utils.py:69 [CLIENT] Observation Sent 4608974/4608974 bytes with state 3
DEBUG 2026-06-09 17:00:03 ort/utils.py:71 [CLIENT] Observation Published 4.39546012878418 MB
DEBUG 2026-06-09 17:00:03 t_client.py:209 Sent observation #1116 | 
DEBUG 2026-06-09 17:00:03 t_client.py:434 QUEUE SIZE: 7 (Must go: False)
DEBUG 2026-06-09 17:00:03 t_client.py:477 Control loop (ms): 136.08
DEBUG 2026-06-09 17:00:03 follower.py:184 follower_right SOFollower read state: 2.2ms
DEBUG 2026-06-09 17:00:03 follower.py:191 follower_right SOFollower read wrist: 0.0ms
DEBUG 2026-06-09 17:00:03 follower.py:184 follower_left SOFollower read state: 2.3ms
DEBUG 2026-06-09 17:00:03 follower.py:191 follower_left SOFollower read wrist: 0.0ms
DEBUG 2026-06-09 17:00:03 t_client.py:198 Observation serialization time: 0.010991s
DEBUG 2026-06-09 17:00:03 ort/utils.py:54 [CLIENT] Observation Buffer size 4.39546012878418 MB with
DEBUG 2026-06-09 17:00:03 t_client.py:292 Received actions on device: cpu
DEBUG 2026-06-09 17:00:03 t_client.py:302 Actions kept on device: cpu
DEBUG 2026-06-09 17:00:03 ort/utils.py:69 [CLIENT] Observation Sent 2097152/4608974 bytes with state 1
DEBUG 2026-06-09 17:00:03 ort/utils.py:69 [CLIENT] Observation Sent 4194304/4608974 bytes with state 2
DEBUG 2026-06-09 17:00:03 ort/utils.py:69 [CLIENT] Observation Sent 4608974/4608974 bytes with state 3
DEBUG 2026-06-09 17:00:03 ort/utils.py:71 [CLIENT] Observation Published 4.39546012878418 MB
DEBUG 2026-06-09 17:00:03 t_client.py:209 Sent observation #1117 | 
DEBUG 2026-06-09 17:00:03 t_client.py:434 QUEUE SIZE: 6 (Must go: False)
DEBUG 2026-06-09 17:00:03 t_client.py:477 Control loop (ms): 154.18
DEBUG 2026-06-09 17:00:03 t_client.py:477 Control loop (ms): 1.34
DEBUG 2026-06-09 17:00:03 t_client.py:292 Received actions on device: cpu
DEBUG 2026-06-09 17:00:03 t_client.py:302 Actions kept on device: cpu
DEBUG 2026-06-09 17:00:03 t_client.py:477 Control loop (ms): 1.30
DEBUG 2026-06-09 17:00:04 t_client.py:477 Control loop (ms): 1.23
DEBUG 2026-06-09 17:00:04 t_client.py:477 Control loop (ms): 2.10
DEBUG 2026-06-09 17:00:04 t_client.py:292 Received actions on device: cpu
DEBUG 2026-06-09 17:00:04 t_client.py:302 Actions kept on device: cpu
DEBUG 2026-06-09 17:00:04 t_client.py:477 Control loop (ms): 1.06
DEBUG 2026-06-09 17:00:04 t_client.py:477 Control loop (ms): 1.43
DEBUG 2026-06-09 17:00:04 follower.py:184 follower_right SOFollower read state: 2.0ms
DEBUG 2026-06-09 17:00:04 follower.py:191 follower_right SOFollower read wrist: 0.0ms
DEBUG 2026-06-09 17:00:04 follower.py:184 follower_left SOFollower read state: 1.7ms
DEBUG 2026-06-09 17:00:04 follower.py:191 follower_left SOFollower read wrist: 0.0ms
DEBUG 2026-06-09 17:00:04 t_client.py:198 Observation serialization time: 0.006574s
DEBUG 2026-06-09 17:00:04 ort/utils.py:54 [CLIENT] Observation Buffer size 4.39546012878418 MB with
DEBUG 2026-06-09 17:00:04 ort/utils.py:69 [CLIENT] Observation Sent 2097152/4608974 bytes with state 1
DEBUG 2026-06-09 17:00:04 ort/utils.py:69 [CLIENT] Observation Sent 4194304/4608974 bytes with state 2
DEBUG 2026-06-09 17:00:04 ort/utils.py:69 [CLIENT] Observation Sent 4608974/4608974 bytes with state 3
DEBUG 2026-06-09 17:00:04 ort/utils.py:71 [CLIENT] Observation Published 4.39546012878418 MB
DEBUG 2026-06-09 17:00:04 t_client.py:209 Sent observation #1124 | 
DEBUG 2026-06-09 17:00:04 t_client.py:434 QUEUE SIZE: 8 (Must go: False)
DEBUG 2026-06-09 17:00:04 t_client.py:477 Control loop (ms): 142.37
DEBUG 2026-06-09 17:00:04 follower.py:184 follower_right SOFollower read state: 2.0ms
DEBUG 2026-06-09 17:00:04 follower.py:191 follower_right SOFollower read wrist: 0.0ms
DEBUG 2026-06-09 17:00:04 follower.py:184 follower_left SOFollower read state: 1.9ms
DEBUG 2026-06-09 17:00:04 follower.py:191 follower_left SOFollower read wrist: 0.0ms
DEBUG 2026-06-09 17:00:04 t_client.py:198 Observation serialization time: 0.009082s
DEBUG 2026-06-09 17:00:04 ort/utils.py:54 [CLIENT] Observation Buffer size 4.39546012878418 MB with
DEBUG 2026-06-09 17:00:04 ort/utils.py:69 [CLIENT] Observation Sent 2097152/4608974 bytes with state 1
DEBUG 2026-06-09 17:00:04 ort/utils.py:69 [CLIENT] Observation Sent 4194304/4608974 bytes with state 2
DEBUG 2026-06-09 17:00:04 ort/utils.py:69 [CLIENT] Observation Sent 4608974/4608974 bytes with state 3
DEBUG 2026-06-09 17:00:04 ort/utils.py:71 [CLIENT] Observation Published 4.39546012878418 MB
DEBUG 2026-06-09 17:00:04 t_client.py:209 Sent observation #1125 | 
DEBUG 2026-06-09 17:00:04 t_client.py:434 QUEUE SIZE: 7 (Must go: False)
DEBUG 2026-06-09 17:00:04 t_client.py:477 Control loop (ms): 131.85
DEBUG 2026-06-09 17:00:04 t_client.py:292 Received actions on device: cpu
DEBUG 2026-06-09 17:00:04 t_client.py:302 Actions kept on device: cpu
DEBUG 2026-06-09 17:00:04 t_client.py:477 Control loop (ms): 1.98
DEBUG 2026-06-09 17:00:04 t_client.py:477 Control loop (ms): 1.78
DEBUG 2026-06-09 17:00:04 t_client.py:477 Control loop (ms): 2.09
DEBUG 2026-06-09 17:00:04 t_client.py:292 Received actions on device: cpu
DEBUG 2026-06-09 17:00:04 t_client.py:302 Actions kept on device: cpu
DEBUG 2026-06-09 17:00:04 t_client.py:477 Control loop (ms): 2.04
DEBUG 2026-06-09 17:00:04 t_client.py:477 Control loop (ms): 2.33
DEBUG 2026-06-09 17:00:04 t_client.py:477 Control loop (ms): 1.86
DEBUG 2026-06-09 17:00:04 t_client.py:477 Control loop (ms): 1.75
DEBUG 2026-06-09 17:00:04 follower.py:184 follower_right SOFollower read state: 1.7ms
DEBUG 2026-06-09 17:00:04 follower.py:191 follower_right SOFollower read wrist: 0.0ms
DEBUG 2026-06-09 17:00:04 follower.py:184 follower_left SOFollower read state: 1.9ms
DEBUG 2026-06-09 17:00:04 follower.py:191 follower_left SOFollower read wrist: 0.0ms
DEBUG 2026-06-09 17:00:04 t_client.py:198 Observation serialization time: 0.003810s
DEBUG 2026-06-09 17:00:04 ort/utils.py:54 [CLIENT] Observation Buffer size 4.39546012878418 MB with
DEBUG 2026-06-09 17:00:04 ort/utils.py:69 [CLIENT] Observation Sent 2097152/4608974 bytes with state 1
DEBUG 2026-06-09 17:00:04 ort/utils.py:69 [CLIENT] Observation Sent 4194304/4608974 bytes with state 2
DEBUG 2026-06-09 17:00:04 ort/utils.py:69 [CLIENT] Observation Sent 4608974/4608974 bytes with state 3
DEBUG 2026-06-09 17:00:04 ort/utils.py:71 [CLIENT] Observation Published 4.39546012878418 MB
DEBUG 2026-06-09 17:00:04 t_client.py:209 Sent observation #1132 | 
DEBUG 2026-06-09 17:00:04 t_client.py:434 QUEUE SIZE: 8 (Must go: False)
DEBUG 2026-06-09 17:00:04 t_client.py:477 Control loop (ms): 147.95
DEBUG 2026-06-09 17:00:04 follower.py:184 follower_right SOFollower read state: 2.4ms
DEBUG 2026-06-09 17:00:04 follower.py:191 follower_right SOFollower read wrist: 0.1ms
DEBUG 2026-06-09 17:00:04 follower.py:184 follower_left SOFollower read state: 2.0ms
DEBUG 2026-06-09 17:00:04 follower.py:191 follower_left SOFollower read wrist: 0.3ms
DEBUG 2026-06-09 17:00:04 t_client.py:198 Observation serialization time: 0.008568s
DEBUG 2026-06-09 17:00:04 ort/utils.py:54 [CLIENT] Observation Buffer size 4.39546012878418 MB with
DEBUG 2026-06-09 17:00:04 ort/utils.py:69 [CLIENT] Observation Sent 2097152/4608974 bytes with state 1
DEBUG 2026-06-09 17:00:04 ort/utils.py:69 [CLIENT] Observation Sent 4194304/4608974 bytes with state 2
DEBUG 2026-06-09 17:00:04 t_client.py:292 Received actions on device: cpu
DEBUG 2026-06-09 17:00:04 ort/utils.py:69 [CLIENT] Observation Sent 4608974/4608974 bytes with state 3
DEBUG 2026-06-09 17:00:04 t_client.py:302 Actions kept on device: cpu
DEBUG 2026-06-09 17:00:04 ort/utils.py:71 [CLIENT] Observation Published 4.39546012878418 MB
DEBUG 2026-06-09 17:00:04 t_client.py:209 Sent observation #1133 | 
DEBUG 2026-06-09 17:00:04 t_client.py:434 QUEUE SIZE: 7 (Must go: False)
DEBUG 2026-06-09 17:00:04 t_client.py:477 Control loop (ms): 131.77
DEBUG 2026-06-09 17:00:04 t_client.py:477 Control loop (ms): 1.55
DEBUG 2026-06-09 17:00:04 t_client.py:477 Control loop (ms): 2.12
DEBUG 2026-06-09 17:00:05 t_client.py:477 Control loop (ms): 1.54
DEBUG 2026-06-09 17:00:05 t_client.py:292 Received actions on device: cpu
DEBUG 2026-06-09 17:00:05 t_client.py:302 Actions kept on device: cpu
DEBUG 2026-06-09 17:00:05 t_client.py:477 Control loop (ms): 1.72
DEBUG 2026-06-09 17:00:05 t_client.py:477 Control loop (ms): 2.21
DEBUG 2026-06-09 17:00:05 t_client.py:477 Control loop (ms): 1.03
DEBUG 2026-06-09 17:00:05 follower.py:184 follower_right SOFollower read state: 2.0ms
DEBUG 2026-06-09 17:00:05 follower.py:191 follower_right SOFollower read wrist: 0.0ms
DEBUG 2026-06-09 17:00:05 follower.py:184 follower_left SOFollower read state: 1.9ms
DEBUG 2026-06-09 17:00:05 follower.py:191 follower_left SOFollower read wrist: 0.0ms
DEBUG 2026-06-09 17:00:05 t_client.py:198 Observation serialization time: 0.009369s
DEBUG 2026-06-09 17:00:05 ort/utils.py:54 [CLIENT] Observation Buffer size 4.39546012878418 MB with
DEBUG 2026-06-09 17:00:05 ort/utils.py:69 [CLIENT] Observation Sent 2097152/4608974 bytes with state 1
DEBUG 2026-06-09 17:00:05 ort/utils.py:69 [CLIENT] Observation Sent 4194304/4608974 bytes with state 2
DEBUG 2026-06-09 17:00:05 ort/utils.py:69 [CLIENT] Observation Sent 4608974/4608974 bytes with state 3
DEBUG 2026-06-09 17:00:05 ort/utils.py:71 [CLIENT] Observation Published 4.39546012878418 MB
DEBUG 2026-06-09 17:00:05 t_client.py:209 Sent observation #1140 | 
DEBUG 2026-06-09 17:00:05 t_client.py:434 QUEUE SIZE: 8 (Must go: False)
DEBUG 2026-06-09 17:00:05 t_client.py:477 Control loop (ms): 112.72
DEBUG 2026-06-09 17:00:05 follower.py:184 follower_right SOFollower read state: 2.0ms
DEBUG 2026-06-09 17:00:05 follower.py:191 follower_right SOFollower read wrist: 0.0ms
DEBUG 2026-06-09 17:00:05 follower.py:184 follower_left SOFollower read state: 2.0ms
DEBUG 2026-06-09 17:00:05 follower.py:191 follower_left SOFollower read wrist: 0.0ms
DEBUG 2026-06-09 17:00:05 t_client.py:198 Observation serialization time: 0.006017s
DEBUG 2026-06-09 17:00:05 ort/utils.py:54 [CLIENT] Observation Buffer size 4.39546012878418 MB with
DEBUG 2026-06-09 17:00:05 ort/utils.py:69 [CLIENT] Observation Sent 2097152/4608974 bytes with state 1
DEBUG 2026-06-09 17:00:05 ort/utils.py:69 [CLIENT] Observation Sent 4194304/4608974 bytes with state 2
DEBUG 2026-06-09 17:00:05 ort/utils.py:69 [CLIENT] Observation Sent 4608974/4608974 bytes with state 3
DEBUG 2026-06-09 17:00:05 ort/utils.py:71 [CLIENT] Observation Published 4.39546012878418 MB
DEBUG 2026-06-09 17:00:05 t_client.py:209 Sent observation #1141 | 
DEBUG 2026-06-09 17:00:05 t_client.py:434 QUEUE SIZE: 7 (Must go: False)
DEBUG 2026-06-09 17:00:05 t_client.py:477 Control loop (ms): 111.24
DEBUG 2026-06-09 17:00:05 follower.py:184 follower_right SOFollower read state: 2.0ms
DEBUG 2026-06-09 17:00:05 t_client.py:292 Received actions on device: cpu
DEBUG 2026-06-09 17:00:05 t_client.py:302 Actions kept on device: cpu
DEBUG 2026-06-09 17:00:05 follower.py:191 follower_right SOFollower read wrist: 0.1ms
DEBUG 2026-06-09 17:00:05 follower.py:184 follower_left SOFollower read state: 1.7ms
DEBUG 2026-06-09 17:00:05 follower.py:191 follower_left SOFollower read wrist: 0.0ms
DEBUG 2026-06-09 17:00:05 t_client.py:198 Observation serialization time: 0.007404s
DEBUG 2026-06-09 17:00:05 ort/utils.py:54 [CLIENT] Observation Buffer size 4.39546012878418 MB with
DEBUG 2026-06-09 17:00:05 ort/utils.py:69 [CLIENT] Observation Sent 2097152/4608974 bytes with state 1
DEBUG 2026-06-09 17:00:05 ort/utils.py:69 [CLIENT] Observation Sent 4194304/4608974 bytes with state 2
DEBUG 2026-06-09 17:00:05 ort/utils.py:69 [CLIENT] Observation Sent 4608974/4608974 bytes with state 3
DEBUG 2026-06-09 17:00:05 ort/utils.py:71 [CLIENT] Observation Published 4.39546012878418 MB
DEBUG 2026-06-09 17:00:05 t_client.py:292 Received actions on device: cpu
DEBUG 2026-06-09 17:00:05 t_client.py:302 Actions kept on device: cpu
DEBUG 2026-06-09 17:00:05 t_client.py:209 Sent observation #1142 | 
DEBUG 2026-06-09 17:00:05 t_client.py:434 QUEUE SIZE: 13 (Must go: False)
DEBUG 2026-06-09 17:00:05 t_client.py:477 Control loop (ms): 106.49
DEBUG 2026-06-09 17:00:05 t_client.py:477 Control loop (ms): 1.85
DEBUG 2026-06-09 17:00:05 t_client.py:477 Control loop (ms): 1.88
DEBUG 2026-06-09 17:00:05 t_client.py:477 Control loop (ms): 2.13
DEBUG 2026-06-09 17:00:05 t_client.py:477 Control loop (ms): 1.66
DEBUG 2026-06-09 17:00:05 t_client.py:292 Received actions on device: cpu
DEBUG 2026-06-09 17:00:05 t_client.py:302 Actions kept on device: cpu
DEBUG 2026-06-09 17:00:05 t_client.py:477 Control loop (ms): 1.74
DEBUG 2026-06-09 17:00:05 t_client.py:477 Control loop (ms): 1.90
DEBUG 2026-06-09 17:00:05 follower.py:184 follower_right SOFollower read state: 2.2ms
DEBUG 2026-06-09 17:00:05 follower.py:191 follower_right SOFollower read wrist: 0.0ms
DEBUG 2026-06-09 17:00:05 follower.py:184 follower_left SOFollower read state: 2.4ms
DEBUG 2026-06-09 17:00:05 follower.py:191 follower_left SOFollower read wrist: 0.0ms
DEBUG 2026-06-09 17:00:05 t_client.py:198 Observation serialization time: 0.005082s
DEBUG 2026-06-09 17:00:05 ort/utils.py:54 [CLIENT] Observation Buffer size 4.39546012878418 MB with
DEBUG 2026-06-09 17:00:05 ort/utils.py:69 [CLIENT] Observation Sent 2097152/4608974 bytes with state 1
DEBUG 2026-06-09 17:00:05 ort/utils.py:69 [CLIENT] Observation Sent 4194304/4608974 bytes with state 2
DEBUG 2026-06-09 17:00:05 ort/utils.py:69 [CLIENT] Observation Sent 4608974/4608974 bytes with state 3
DEBUG 2026-06-09 17:00:05 ort/utils.py:71 [CLIENT] Observation Published 4.39546012878418 MB
DEBUG 2026-06-09 17:00:05 t_client.py:209 Sent observation #1149 | 
DEBUG 2026-06-09 17:00:05 t_client.py:434 QUEUE SIZE: 8 (Must go: False)
DEBUG 2026-06-09 17:00:05 t_client.py:477 Control loop (ms): 119.69
DEBUG 2026-06-09 17:00:05 follower.py:184 follower_right SOFollower read state: 2.2ms
DEBUG 2026-06-09 17:00:05 follower.py:191 follower_right SOFollower read wrist: 0.0ms
DEBUG 2026-06-09 17:00:05 follower.py:184 follower_left SOFollower read state: 1.9ms
DEBUG 2026-06-09 17:00:05 follower.py:191 follower_left SOFollower read wrist: 0.0ms
DEBUG 2026-06-09 17:00:05 t_client.py:198 Observation serialization time: 0.008107s
DEBUG 2026-06-09 17:00:05 ort/utils.py:54 [CLIENT] Observation Buffer size 4.39546012878418 MB with
DEBUG 2026-06-09 17:00:05 ort/utils.py:69 [CLIENT] Observation Sent 2097152/4608974 bytes with state 1
DEBUG 2026-06-09 17:00:05 ort/utils.py:69 [CLIENT] Observation Sent 4194304/4608974 bytes with state 2
DEBUG 2026-06-09 17:00:05 ort/utils.py:69 [CLIENT] Observation Sent 4608974/4608974 bytes with state 3
DEBUG 2026-06-09 17:00:05 ort/utils.py:71 [CLIENT] Observation Published 4.39546012878418 MB
DEBUG 2026-06-09 17:00:05 t_client.py:209 Sent observation #1150 | 
DEBUG 2026-06-09 17:00:05 t_client.py:434 QUEUE SIZE: 7 (Must go: False)
DEBUG 2026-06-09 17:00:05 t_client.py:477 Control loop (ms): 126.70
DEBUG 2026-06-09 17:00:05 t_client.py:292 Received actions on device: cpu
DEBUG 2026-06-09 17:00:05 t_client.py:302 Actions kept on device: cpu
DEBUG 2026-06-09 17:00:05 follower.py:184 follower_right SOFollower read state: 2.6ms
DEBUG 2026-06-09 17:00:05 follower.py:191 follower_right SOFollower read wrist: 0.0ms
DEBUG 2026-06-09 17:00:05 follower.py:184 follower_left SOFollower read state: 2.4ms
DEBUG 2026-06-09 17:00:05 follower.py:191 follower_left SOFollower read wrist: 0.0ms
DEBUG 2026-06-09 17:00:05 t_client.py:198 Observation serialization time: 0.006437s
DEBUG 2026-06-09 17:00:05 ort/utils.py:54 [CLIENT] Observation Buffer size 4.39546012878418 MB with
DEBUG 2026-06-09 17:00:05 ort/utils.py:69 [CLIENT] Observation Sent 2097152/4608974 bytes with state 1
DEBUG 2026-06-09 17:00:06 ort/utils.py:69 [CLIENT] Observation Sent 4194304/4608974 bytes with state 2
DEBUG 2026-06-09 17:00:06 ort/utils.py:69 [CLIENT] Observation Sent 4608974/4608974 bytes with state 3
DEBUG 2026-06-09 17:00:06 ort/utils.py:71 [CLIENT] Observation Published 4.39546012878418 MB
DEBUG 2026-06-09 17:00:06 t_client.py:292 Received actions on device: cpu
DEBUG 2026-06-09 17:00:06 t_client.py:302 Actions kept on device: cpu
DEBUG 2026-06-09 17:00:06 t_client.py:209 Sent observation #1151 | 
DEBUG 2026-06-09 17:00:06 t_client.py:434 QUEUE SIZE: 14 (Must go: False)
DEBUG 2026-06-09 17:00:06 t_client.py:477 Control loop (ms): 178.31
DEBUG 2026-06-09 17:00:06 t_client.py:477 Control loop (ms): 1.57
DEBUG 2026-06-09 17:00:06 t_client.py:477 Control loop (ms): 3.27
DEBUG 2026-06-09 17:00:06 t_client.py:477 Control loop (ms): 1.77
DEBUG 2026-06-09 17:00:06 t_client.py:477 Control loop (ms): 2.57
DEBUG 2026-06-09 17:00:06 t_client.py:477 Control loop (ms): 1.76
DEBUG 2026-06-09 17:00:06 follower.py:184 follower_right SOFollower read state: 1.9ms
DEBUG 2026-06-09 17:00:06 follower.py:191 follower_right SOFollower read wrist: 0.0ms
DEBUG 2026-06-09 17:00:06 follower.py:184 follower_left SOFollower read state: 1.8ms
DEBUG 2026-06-09 17:00:06 follower.py:191 follower_left SOFollower read wrist: 0.0ms
DEBUG 2026-06-09 17:00:06 t_client.py:198 Observation serialization time: 0.011224s
DEBUG 2026-06-09 17:00:06 ort/utils.py:54 [CLIENT] Observation Buffer size 4.39546012878418 MB with
DEBUG 2026-06-09 17:00:06 ort/utils.py:69 [CLIENT] Observation Sent 2097152/4608974 bytes with state 1
DEBUG 2026-06-09 17:00:06 ort/utils.py:69 [CLIENT] Observation Sent 4194304/4608974 bytes with state 2
DEBUG 2026-06-09 17:00:06 ort/utils.py:69 [CLIENT] Observation Sent 4608974/4608974 bytes with state 3
DEBUG 2026-06-09 17:00:06 ort/utils.py:71 [CLIENT] Observation Published 4.39546012878418 MB
DEBUG 2026-06-09 17:00:06 t_client.py:209 Sent observation #1157 | 
DEBUG 2026-06-09 17:00:06 t_client.py:434 QUEUE SIZE: 8 (Must go: False)
DEBUG 2026-06-09 17:00:06 t_client.py:477 Control loop (ms): 119.80
DEBUG 2026-06-09 17:00:06 follower.py:184 follower_right SOFollower read state: 1.9ms
DEBUG 2026-06-09 17:00:06 follower.py:191 follower_right SOFollower read wrist: 0.1ms
DEBUG 2026-06-09 17:00:06 follower.py:184 follower_left SOFollower read state: 1.9ms
DEBUG 2026-06-09 17:00:06 follower.py:191 follower_left SOFollower read wrist: 0.0ms
DEBUG 2026-06-09 17:00:06 t_client.py:198 Observation serialization time: 0.008888s
DEBUG 2026-06-09 17:00:06 ort/utils.py:54 [CLIENT] Observation Buffer size 4.39546012878418 MB with
DEBUG 2026-06-09 17:00:06 ort/utils.py:69 [CLIENT] Observation Sent 2097152/4608974 bytes with state 1
DEBUG 2026-06-09 17:00:06 ort/utils.py:69 [CLIENT] Observation Sent 4194304/4608974 bytes with state 2
DEBUG 2026-06-09 17:00:06 ort/utils.py:69 [CLIENT] Observation Sent 4608974/4608974 bytes with state 3
DEBUG 2026-06-09 17:00:06 ort/utils.py:71 [CLIENT] Observation Published 4.39546012878418 MB
DEBUG 2026-06-09 17:00:06 t_client.py:209 Sent observation #1158 | 
DEBUG 2026-06-09 17:00:06 t_client.py:434 QUEUE SIZE: 7 (Must go: False)
DEBUG 2026-06-09 17:00:06 t_client.py:477 Control loop (ms): 129.22
DEBUG 2026-06-09 17:00:06 follower.py:184 follower_right SOFollower read state: 3.4ms
DEBUG 2026-06-09 17:00:06 follower.py:191 follower_right SOFollower read wrist: 0.0ms
DEBUG 2026-06-09 17:00:06 t_client.py:292 Received actions on device: cpu
DEBUG 2026-06-09 17:00:06 t_client.py:302 Actions kept on device: cpu
DEBUG 2026-06-09 17:00:06 follower.py:184 follower_left SOFollower read state: 2.8ms
DEBUG 2026-06-09 17:00:06 follower.py:191 follower_left SOFollower read wrist: 0.0ms
DEBUG 2026-06-09 17:00:06 t_client.py:198 Observation serialization time: 0.007900s
DEBUG 2026-06-09 17:00:06 ort/utils.py:54 [CLIENT] Observation Buffer size 4.39546012878418 MB with
DEBUG 2026-06-09 17:00:06 ort/utils.py:69 [CLIENT] Observation Sent 2097152/4608974 bytes with state 1
DEBUG 2026-06-09 17:00:06 ort/utils.py:69 [CLIENT] Observation Sent 4194304/4608974 bytes with state 2
DEBUG 2026-06-09 17:00:06 ort/utils.py:69 [CLIENT] Observation Sent 4608974/4608974 bytes with state 3
DEBUG 2026-06-09 17:00:06 ort/utils.py:71 [CLIENT] Observation Published 4.39546012878418 MB
DEBUG 2026-06-09 17:00:06 t_client.py:292 Received actions on device: cpu
DEBUG 2026-06-09 17:00:06 t_client.py:302 Actions kept on device: cpu
DEBUG 2026-06-09 17:00:06 t_client.py:209 Sent observation #1159 | 
DEBUG 2026-06-09 17:00:06 t_client.py:434 QUEUE SIZE: 6 (Must go: False)
DEBUG 2026-06-09 17:00:06 t_client.py:477 Control loop (ms): 128.82
DEBUG 2026-06-09 17:00:06 t_client.py:477 Control loop (ms): 1.60
DEBUG 2026-06-09 17:00:06 t_client.py:477 Control loop (ms): 1.77
DEBUG 2026-06-09 17:00:06 t_client.py:477 Control loop (ms): 1.49
DEBUG 2026-06-09 17:00:06 t_client.py:292 Received actions on device: cpu
DEBUG 2026-06-09 17:00:06 t_client.py:302 Actions kept on device: cpu
DEBUG 2026-06-09 17:00:06 t_client.py:477 Control loop (ms): 1.31
DEBUG 2026-06-09 17:00:06 t_client.py:477 Control loop (ms): 2.41
DEBUG 2026-06-09 17:00:06 t_client.py:477 Control loop (ms): 1.40
DEBUG 2026-06-09 17:00:06 follower.py:184 follower_right SOFollower read state: 2.2ms
DEBUG 2026-06-09 17:00:06 follower.py:191 follower_right SOFollower read wrist: 0.0ms
DEBUG 2026-06-09 17:00:06 follower.py:184 follower_left SOFollower read state: 2.0ms
DEBUG 2026-06-09 17:00:06 follower.py:191 follower_left SOFollower read wrist: 0.0ms
DEBUG 2026-06-09 17:00:06 t_client.py:198 Observation serialization time: 0.008951s
DEBUG 2026-06-09 17:00:06 ort/utils.py:54 [CLIENT] Observation Buffer size 4.39546012878418 MB with
DEBUG 2026-06-09 17:00:06 ort/utils.py:69 [CLIENT] Observation Sent 2097152/4608974 bytes with state 1
DEBUG 2026-06-09 17:00:06 ort/utils.py:69 [CLIENT] Observation Sent 4194304/4608974 bytes with state 2
DEBUG 2026-06-09 17:00:06 ort/utils.py:69 [CLIENT] Observation Sent 4608974/4608974 bytes with state 3
DEBUG 2026-06-09 17:00:06 ort/utils.py:71 [CLIENT] Observation Published 4.39546012878418 MB
DEBUG 2026-06-09 17:00:06 t_client.py:209 Sent observation #1166 | 
DEBUG 2026-06-09 17:00:06 t_client.py:434 QUEUE SIZE: 8 (Must go: False)
DEBUG 2026-06-09 17:00:06 t_client.py:477 Control loop (ms): 109.81
DEBUG 2026-06-09 17:00:06 follower.py:184 follower_right SOFollower read state: 1.9ms
DEBUG 2026-06-09 17:00:06 follower.py:191 follower_right SOFollower read wrist: 0.0ms
DEBUG 2026-06-09 17:00:06 follower.py:184 follower_left SOFollower read state: 2.2ms
DEBUG 2026-06-09 17:00:06 follower.py:191 follower_left SOFollower read wrist: 0.0ms
DEBUG 2026-06-09 17:00:06 t_client.py:198 Observation serialization time: 0.007766s
DEBUG 2026-06-09 17:00:06 ort/utils.py:54 [CLIENT] Observation Buffer size 4.39546012878418 MB with
DEBUG 2026-06-09 17:00:06 ort/utils.py:69 [CLIENT] Observation Sent 2097152/4608974 bytes with state 1
DEBUG 2026-06-09 17:00:07 ort/utils.py:69 [CLIENT] Observation Sent 4194304/4608974 bytes with state 2
DEBUG 2026-06-09 17:00:07 ort/utils.py:69 [CLIENT] Observation Sent 4608974/4608974 bytes with state 3
DEBUG 2026-06-09 17:00:07 ort/utils.py:71 [CLIENT] Observation Published 4.39546012878418 MB
DEBUG 2026-06-09 17:00:07 t_client.py:292 Received actions on device: cpu
DEBUG 2026-06-09 17:00:07 t_client.py:302 Actions kept on device: cpu
DEBUG 2026-06-09 17:00:07 t_client.py:209 Sent observation #1167 | 
DEBUG 2026-06-09 17:00:07 t_client.py:434 QUEUE SIZE: 7 (Must go: False)
DEBUG 2026-06-09 17:00:07 t_client.py:477 Control loop (ms): 121.16
DEBUG 2026-06-09 17:00:07 t_client.py:477 Control loop (ms): 1.57
DEBUG 2026-06-09 17:00:07 t_client.py:477 Control loop (ms): 1.43
DEBUG 2026-06-09 17:00:07 t_client.py:477 Control loop (ms): 1.65
DEBUG 2026-06-09 17:00:07 t_client.py:292 Received actions on device: cpu
DEBUG 2026-06-09 17:00:07 t_client.py:302 Actions kept on device: cpu
DEBUG 2026-06-09 17:00:07 t_client.py:477 Control loop (ms): 1.74
DEBUG 2026-06-09 17:00:07 t_client.py:477 Control loop (ms): 2.00
DEBUG 2026-06-09 17:00:07 t_client.py:477 Control loop (ms): 1.38
DEBUG 2026-06-09 17:00:07 follower.py:184 follower_right SOFollower read state: 1.9ms
DEBUG 2026-06-09 17:00:07 follower.py:191 follower_right SOFollower read wrist: 0.0ms
DEBUG 2026-06-09 17:00:07 follower.py:184 follower_left SOFollower read state: 1.8ms
DEBUG 2026-06-09 17:00:07 follower.py:191 follower_left SOFollower read wrist: 0.0ms
DEBUG 2026-06-09 17:00:07 t_client.py:198 Observation serialization time: 0.011318s
DEBUG 2026-06-09 17:00:07 ort/utils.py:54 [CLIENT] Observation Buffer size 4.39546012878418 MB with
DEBUG 2026-06-09 17:00:07 ort/utils.py:69 [CLIENT] Observation Sent 2097152/4608974 bytes with state 1
DEBUG 2026-06-09 17:00:07 ort/utils.py:69 [CLIENT] Observation Sent 4194304/4608974 bytes with state 2
DEBUG 2026-06-09 17:00:07 ort/utils.py:69 [CLIENT] Observation Sent 4608974/4608974 bytes with state 3
DEBUG 2026-06-09 17:00:07 ort/utils.py:71 [CLIENT] Observation Published 4.39546012878418 MB
DEBUG 2026-06-09 17:00:07 t_client.py:209 Sent observation #1174 | 
DEBUG 2026-06-09 17:00:07 t_client.py:434 QUEUE SIZE: 8 (Must go: False)
DEBUG 2026-06-09 17:00:07 t_client.py:477 Control loop (ms): 135.85
DEBUG 2026-06-09 17:00:07 follower.py:184 follower_right SOFollower read state: 2.4ms
DEBUG 2026-06-09 17:00:07 follower.py:191 follower_right SOFollower read wrist: 0.0ms
DEBUG 2026-06-09 17:00:07 follower.py:184 follower_left SOFollower read state: 2.3ms
DEBUG 2026-06-09 17:00:07 follower.py:191 follower_left SOFollower read wrist: 0.0ms
DEBUG 2026-06-09 17:00:07 t_client.py:198 Observation serialization time: 0.008909s
DEBUG 2026-06-09 17:00:07 ort/utils.py:54 [CLIENT] Observation Buffer size 4.39546012878418 MB with
DEBUG 2026-06-09 17:00:07 ort/utils.py:69 [CLIENT] Observation Sent 2097152/4608974 bytes with state 1
DEBUG 2026-06-09 17:00:07 ort/utils.py:69 [CLIENT] Observation Sent 4194304/4608974 bytes with state 2
DEBUG 2026-06-09 17:00:07 ort/utils.py:69 [CLIENT] Observation Sent 4608974/4608974 bytes with state 3
DEBUG 2026-06-09 17:00:07 ort/utils.py:71 [CLIENT] Observation Published 4.39546012878418 MB
DEBUG 2026-06-09 17:00:07 t_client.py:209 Sent observation #1175 | 
DEBUG 2026-06-09 17:00:07 t_client.py:434 QUEUE SIZE: 7 (Must go: False)
DEBUG 2026-06-09 17:00:07 t_client.py:477 Control loop (ms): 134.95
DEBUG 2026-06-09 17:00:07 follower.py:184 follower_right SOFollower read state: 5.1ms
DEBUG 2026-06-09 17:00:07 follower.py:191 follower_right SOFollower read wrist: 0.3ms
DEBUG 2026-06-09 17:00:07 follower.py:184 follower_left SOFollower read state: 3.4ms
DEBUG 2026-06-09 17:00:07 follower.py:191 follower_left SOFollower read wrist: 0.0ms
DEBUG 2026-06-09 17:00:07 t_client.py:198 Observation serialization time: 0.010043s
DEBUG 2026-06-09 17:00:07 ort/utils.py:54 [CLIENT] Observation Buffer size 4.39546012878418 MB with
DEBUG 2026-06-09 17:00:07 t_client.py:292 Received actions on device: cpu
DEBUG 2026-06-09 17:00:07 t_client.py:302 Actions kept on device: cpu
DEBUG 2026-06-09 17:00:07 ort/utils.py:69 [CLIENT] Observation Sent 2097152/4608974 bytes with state 1
DEBUG 2026-06-09 17:00:07 ort/utils.py:69 [CLIENT] Observation Sent 4194304/4608974 bytes with state 2
DEBUG 2026-06-09 17:00:07 ort/utils.py:69 [CLIENT] Observation Sent 4608974/4608974 bytes with state 3
DEBUG 2026-06-09 17:00:07 ort/utils.py:71 [CLIENT] Observation Published 4.39546012878418 MB
DEBUG 2026-06-09 17:00:07 t_client.py:209 Sent observation #1176 | 
DEBUG 2026-06-09 17:00:07 t_client.py:434 QUEUE SIZE: 6 (Must go: False)
DEBUG 2026-06-09 17:00:07 t_client.py:477 Control loop (ms): 161.44
DEBUG 2026-06-09 17:00:07 t_client.py:477 Control loop (ms): 1.73
DEBUG 2026-06-09 17:00:07 t_client.py:292 Received actions on device: cpu
DEBUG 2026-06-09 17:00:07 t_client.py:302 Actions kept on device: cpu
DEBUG 2026-06-09 17:00:07 t_client.py:477 Control loop (ms): 1.00
DEBUG 2026-06-09 17:00:07 t_client.py:477 Control loop (ms): 1.90
DEBUG 2026-06-09 17:00:07 t_client.py:477 Control loop (ms): 1.25
DEBUG 2026-06-09 17:00:07 t_client.py:477 Control loop (ms): 2.73
DEBUG 2026-06-09 17:00:07 t_client.py:292 Received actions on device: cpu
DEBUG 2026-06-09 17:00:07 t_client.py:302 Actions kept on device: cpu
DEBUG 2026-06-09 17:00:07 t_client.py:477 Control loop (ms): 1.28
DEBUG 2026-06-09 17:00:07 t_client.py:477 Control loop (ms): 1.42
DEBUG 2026-06-09 17:00:07 follower.py:184 follower_right SOFollower read state: 2.1ms
DEBUG 2026-06-09 17:00:07 follower.py:191 follower_right SOFollower read wrist: 0.0ms
DEBUG 2026-06-09 17:00:07 follower.py:184 follower_left SOFollower read state: 2.0ms
DEBUG 2026-06-09 17:00:07 follower.py:191 follower_left SOFollower read wrist: 0.0ms
DEBUG 2026-06-09 17:00:07 t_client.py:198 Observation serialization time: 0.011845s
DEBUG 2026-06-09 17:00:07 ort/utils.py:54 [CLIENT] Observation Buffer size 4.39546012878418 MB with
DEBUG 2026-06-09 17:00:07 ort/utils.py:69 [CLIENT] Observation Sent 2097152/4608974 bytes with state 1
DEBUG 2026-06-09 17:00:08 ort/utils.py:69 [CLIENT] Observation Sent 4194304/4608974 bytes with state 2
DEBUG 2026-06-09 17:00:08 ort/utils.py:69 [CLIENT] Observation Sent 4608974/4608974 bytes with state 3
DEBUG 2026-06-09 17:00:08 ort/utils.py:71 [CLIENT] Observation Published 4.39546012878418 MB
DEBUG 2026-06-09 17:00:08 t_client.py:209 Sent observation #1183 | 
DEBUG 2026-06-09 17:00:08 t_client.py:434 QUEUE SIZE: 8 (Must go: False)
DEBUG 2026-06-09 17:00:08 t_client.py:477 Control loop (ms): 119.31
DEBUG 2026-06-09 17:00:08 follower.py:184 follower_right SOFollower read state: 1.7ms
DEBUG 2026-06-09 17:00:08 follower.py:191 follower_right SOFollower read wrist: 0.0ms
DEBUG 2026-06-09 17:00:08 follower.py:184 follower_left SOFollower read state: 1.8ms
DEBUG 2026-06-09 17:00:08 follower.py:191 follower_left SOFollower read wrist: 0.0ms
DEBUG 2026-06-09 17:00:08 t_client.py:198 Observation serialization time: 0.005530s
DEBUG 2026-06-09 17:00:08 ort/utils.py:54 [CLIENT] Observation Buffer size 4.39546012878418 MB with
DEBUG 2026-06-09 17:00:08 ort/utils.py:69 [CLIENT] Observation Sent 2097152/4608974 bytes with state 1
DEBUG 2026-06-09 17:00:08 ort/utils.py:69 [CLIENT] Observation Sent 4194304/4608974 bytes with state 2
DEBUG 2026-06-09 17:00:08 ort/utils.py:69 [CLIENT] Observation Sent 4608974/4608974 bytes with state 3
DEBUG 2026-06-09 17:00:08 ort/utils.py:71 [CLIENT] Observation Published 4.39546012878418 MB
DEBUG 2026-06-09 17:00:08 t_client.py:209 Sent observation #1184 | 
DEBUG 2026-06-09 17:00:08 t_client.py:434 QUEUE SIZE: 7 (Must go: False)
DEBUG 2026-06-09 17:00:08 t_client.py:292 Received actions on device: cpu
DEBUG 2026-06-09 17:00:08 t_client.py:477 Control loop (ms): 126.78
DEBUG 2026-06-09 17:00:08 t_client.py:302 Actions kept on device: cpu
DEBUG 2026-06-09 17:00:08 follower.py:184 follower_right SOFollower read state: 3.2ms
DEBUG 2026-06-09 17:00:08 follower.py:191 follower_right SOFollower read wrist: 0.1ms
DEBUG 2026-06-09 17:00:08 follower.py:184 follower_left SOFollower read state: 2.7ms
DEBUG 2026-06-09 17:00:08 follower.py:191 follower_left SOFollower read wrist: 0.1ms
DEBUG 2026-06-09 17:00:08 t_client.py:198 Observation serialization time: 0.009445s
DEBUG 2026-06-09 17:00:08 ort/utils.py:54 [CLIENT] Observation Buffer size 4.39546012878418 MB with
DEBUG 2026-06-09 17:00:08 ort/utils.py:69 [CLIENT] Observation Sent 2097152/4608974 bytes with state 1
DEBUG 2026-06-09 17:00:08 ort/utils.py:69 [CLIENT] Observation Sent 4194304/4608974 bytes with state 2
DEBUG 2026-06-09 17:00:08 ort/utils.py:69 [CLIENT] Observation Sent 4608974/4608974 bytes with state 3
DEBUG 2026-06-09 17:00:08 ort/utils.py:71 [CLIENT] Observation Published 4.39546012878418 MB
DEBUG 2026-06-09 17:00:08 t_client.py:292 Received actions on device: cpu
DEBUG 2026-06-09 17:00:08 t_client.py:302 Actions kept on device: cpu
DEBUG 2026-06-09 17:00:08 t_client.py:209 Sent observation #1185 | 
DEBUG 2026-06-09 17:00:08 t_client.py:434 QUEUE SIZE: 14 (Must go: False)
DEBUG 2026-06-09 17:00:08 t_client.py:477 Control loop (ms): 116.05
DEBUG 2026-06-09 17:00:08 t_client.py:477 Control loop (ms): 1.29
DEBUG 2026-06-09 17:00:08 t_client.py:477 Control loop (ms): 1.04
DEBUG 2026-06-09 17:00:08 t_client.py:477 Control loop (ms): 1.47
DEBUG 2026-06-09 17:00:08 t_client.py:292 Received actions on device: cpu
DEBUG 2026-06-09 17:00:08 t_client.py:302 Actions kept on device: cpu
DEBUG 2026-06-09 17:00:08 t_client.py:477 Control loop (ms): 1.19
DEBUG 2026-06-09 17:00:08 t_client.py:477 Control loop (ms): 1.46
DEBUG 2026-06-09 17:00:08 t_client.py:477 Control loop (ms): 1.24
DEBUG 2026-06-09 17:00:08 follower.py:184 follower_right SOFollower read state: 1.8ms
DEBUG 2026-06-09 17:00:08 follower.py:191 follower_right SOFollower read wrist: 0.0ms
DEBUG 2026-06-09 17:00:08 follower.py:184 follower_left SOFollower read state: 1.9ms
DEBUG 2026-06-09 17:00:08 follower.py:191 follower_left SOFollower read wrist: 0.0ms
DEBUG 2026-06-09 17:00:08 t_client.py:198 Observation serialization time: 0.008669s
DEBUG 2026-06-09 17:00:08 ort/utils.py:54 [CLIENT] Observation Buffer size 4.39546012878418 MB with
DEBUG 2026-06-09 17:00:08 ort/utils.py:69 [CLIENT] Observation Sent 2097152/4608974 bytes with state 1
DEBUG 2026-06-09 17:00:08 ort/utils.py:69 [CLIENT] Observation Sent 4194304/4608974 bytes with state 2
DEBUG 2026-06-09 17:00:08 ort/utils.py:69 [CLIENT] Observation Sent 4608974/4608974 bytes with state 3
DEBUG 2026-06-09 17:00:08 ort/utils.py:71 [CLIENT] Observation Published 4.39546012878418 MB
DEBUG 2026-06-09 17:00:08 t_client.py:209 Sent observation #1192 | 
DEBUG 2026-06-09 17:00:08 t_client.py:434 QUEUE SIZE: 8 (Must go: False)
DEBUG 2026-06-09 17:00:08 t_client.py:477 Control loop (ms): 124.90
DEBUG 2026-06-09 17:00:08 follower.py:184 follower_right SOFollower read state: 2.1ms
DEBUG 2026-06-09 17:00:08 follower.py:191 follower_right SOFollower read wrist: 0.0ms
DEBUG 2026-06-09 17:00:08 follower.py:184 follower_left SOFollower read state: 1.7ms
DEBUG 2026-06-09 17:00:08 follower.py:191 follower_left SOFollower read wrist: 0.1ms
DEBUG 2026-06-09 17:00:08 t_client.py:198 Observation serialization time: 0.007831s
DEBUG 2026-06-09 17:00:08 ort/utils.py:54 [CLIENT] Observation Buffer size 4.39546012878418 MB with
DEBUG 2026-06-09 17:00:08 ort/utils.py:69 [CLIENT] Observation Sent 2097152/4608974 bytes with state 1
DEBUG 2026-06-09 17:00:08 ort/utils.py:69 [CLIENT] Observation Sent 4194304/4608974 bytes with state 2
DEBUG 2026-06-09 17:00:08 ort/utils.py:69 [CLIENT] Observation Sent 4608974/4608974 bytes with state 3
DEBUG 2026-06-09 17:00:08 ort/utils.py:71 [CLIENT] Observation Published 4.39546012878418 MB
DEBUG 2026-06-09 17:00:08 t_client.py:209 Sent observation #1193 | 
DEBUG 2026-06-09 17:00:08 t_client.py:434 QUEUE SIZE: 7 (Must go: False)
DEBUG 2026-06-09 17:00:08 t_client.py:477 Control loop (ms): 141.47
DEBUG 2026-06-09 17:00:08 t_client.py:292 Received actions on device: cpu
DEBUG 2026-06-09 17:00:08 t_client.py:302 Actions kept on device: cpu
DEBUG 2026-06-09 17:00:08 follower.py:184 follower_right SOFollower read state: 1.6ms
DEBUG 2026-06-09 17:00:08 follower.py:191 follower_right SOFollower read wrist: 0.0ms
DEBUG 2026-06-09 17:00:08 follower.py:184 follower_left SOFollower read state: 1.5ms
DEBUG 2026-06-09 17:00:08 follower.py:191 follower_left SOFollower read wrist: 0.0ms
DEBUG 2026-06-09 17:00:08 t_client.py:198 Observation serialization time: 0.004265s
DEBUG 2026-06-09 17:00:08 ort/utils.py:54 [CLIENT] Observation Buffer size 4.39546012878418 MB with
DEBUG 2026-06-09 17:00:08 ort/utils.py:69 [CLIENT] Observation Sent 2097152/4608974 bytes with state 1
DEBUG 2026-06-09 17:00:08 ort/utils.py:69 [CLIENT] Observation Sent 4194304/4608974 bytes with state 2
DEBUG 2026-06-09 17:00:08 ort/utils.py:69 [CLIENT] Observation Sent 4608974/4608974 bytes with state 3
DEBUG 2026-06-09 17:00:08 ort/utils.py:71 [CLIENT] Observation Published 4.39546012878418 MB
DEBUG 2026-06-09 17:00:08 t_client.py:292 Received actions on device: cpu
DEBUG 2026-06-09 17:00:08 t_client.py:302 Actions kept on device: cpu
DEBUG 2026-06-09 17:00:08 t_client.py:209 Sent observation #1194 | 
DEBUG 2026-06-09 17:00:08 t_client.py:434 QUEUE SIZE: 14 (Must go: False)
DEBUG 2026-06-09 17:00:08 t_client.py:477 Control loop (ms): 146.26
DEBUG 2026-06-09 17:00:08 t_client.py:477 Control loop (ms): 1.85
DEBUG 2026-06-09 17:00:08 t_client.py:477 Control loop (ms): 1.47
DEBUG 2026-06-09 17:00:09 t_client.py:477 Control loop (ms): 1.89
DEBUG 2026-06-09 17:00:09 t_client.py:292 Received actions on device: cpu
DEBUG 2026-06-09 17:00:09 t_client.py:302 Actions kept on device: cpu
DEBUG 2026-06-09 17:00:09 t_client.py:477 Control loop (ms): 2.37
DEBUG 2026-06-09 17:00:09 t_client.py:477 Control loop (ms): 1.45
DEBUG 2026-06-09 17:00:09 t_client.py:477 Control loop (ms): 1.40
DEBUG 2026-06-09 17:00:09 t_client.py:477 Control loop (ms): 1.93
DEBUG 2026-06-09 17:00:09 follower.py:184 follower_right SOFollower read state: 1.8ms
DEBUG 2026-06-09 17:00:09 follower.py:191 follower_right SOFollower read wrist: 0.0ms
DEBUG 2026-06-09 17:00:09 follower.py:184 follower_left SOFollower read state: 1.9ms
DEBUG 2026-06-09 17:00:09 follower.py:191 follower_left SOFollower read wrist: 0.0ms
DEBUG 2026-06-09 17:00:09 t_client.py:198 Observation serialization time: 0.009251s
DEBUG 2026-06-09 17:00:09 ort/utils.py:54 [CLIENT] Observation Buffer size 4.39546012878418 MB with
DEBUG 2026-06-09 17:00:09 ort/utils.py:69 [CLIENT] Observation Sent 2097152/4608974 bytes with state 1
DEBUG 2026-06-09 17:00:09 ort/utils.py:69 [CLIENT] Observation Sent 4194304/4608974 bytes with state 2
DEBUG 2026-06-09 17:00:09 ort/utils.py:69 [CLIENT] Observation Sent 4608974/4608974 bytes with state 3
DEBUG 2026-06-09 17:00:09 ort/utils.py:71 [CLIENT] Observation Published 4.39546012878418 MB
DEBUG 2026-06-09 17:00:09 t_client.py:209 Sent observation #1201 | 
DEBUG 2026-06-09 17:00:09 t_client.py:434 QUEUE SIZE: 8 (Must go: False)
DEBUG 2026-06-09 17:00:09 t_client.py:477 Control loop (ms): 148.30
DEBUG 2026-06-09 17:00:09 follower.py:184 follower_right SOFollower read state: 2.0ms
DEBUG 2026-06-09 17:00:09 follower.py:191 follower_right SOFollower read wrist: 0.0ms
DEBUG 2026-06-09 17:00:09 follower.py:184 follower_left SOFollower read state: 1.8ms
DEBUG 2026-06-09 17:00:09 follower.py:191 follower_left SOFollower read wrist: 0.0ms
DEBUG 2026-06-09 17:00:09 t_client.py:198 Observation serialization time: 0.008156s
DEBUG 2026-06-09 17:00:09 ort/utils.py:54 [CLIENT] Observation Buffer size 4.39546012878418 MB with
DEBUG 2026-06-09 17:00:09 ort/utils.py:69 [CLIENT] Observation Sent 2097152/4608974 bytes with state 1
DEBUG 2026-06-09 17:00:09 ort/utils.py:69 [CLIENT] Observation Sent 4194304/4608974 bytes with state 2
DEBUG 2026-06-09 17:00:09 ort/utils.py:69 [CLIENT] Observation Sent 4608974/4608974 bytes with state 3
DEBUG 2026-06-09 17:00:09 ort/utils.py:71 [CLIENT] Observation Published 4.39546012878418 MB
DEBUG 2026-06-09 17:00:09 t_client.py:292 Received actions on device: cpu
DEBUG 2026-06-09 17:00:09 t_client.py:302 Actions kept on device: cpu
DEBUG 2026-06-09 17:00:09 t_client.py:209 Sent observation #1202 | 
DEBUG 2026-06-09 17:00:09 t_client.py:434 QUEUE SIZE: 7 (Must go: False)
DEBUG 2026-06-09 17:00:09 t_client.py:477 Control loop (ms): 183.31
DEBUG 2026-06-09 17:00:09 t_client.py:477 Control loop (ms): 1.58
DEBUG 2026-06-09 17:00:09 t_client.py:477 Control loop (ms): 1.57
DEBUG 2026-06-09 17:00:09 t_client.py:477 Control loop (ms): 2.06
DEBUG 2026-06-09 17:00:09 t_client.py:292 Received actions on device: cpu
DEBUG 2026-06-09 17:00:09 t_client.py:302 Actions kept on device: cpu
DEBUG 2026-06-09 17:00:09 t_client.py:477 Control loop (ms): 1.84
DEBUG 2026-06-09 17:00:09 t_client.py:477 Control loop (ms): 2.84
DEBUG 2026-06-09 17:00:09 t_client.py:477 Control loop (ms): 1.79
DEBUG 2026-06-09 17:00:09 follower.py:184 follower_right SOFollower read state: 2.0ms
DEBUG 2026-06-09 17:00:09 follower.py:191 follower_right SOFollower read wrist: 0.0ms
DEBUG 2026-06-09 17:00:09 follower.py:184 follower_left SOFollower read state: 2.2ms
DEBUG 2026-06-09 17:00:09 follower.py:191 follower_left SOFollower read wrist: 0.0ms
DEBUG 2026-06-09 17:00:09 t_client.py:198 Observation serialization time: 0.006898s
DEBUG 2026-06-09 17:00:09 ort/utils.py:54 [CLIENT] Observation Buffer size 4.39546012878418 MB with
DEBUG 2026-06-09 17:00:09 ort/utils.py:69 [CLIENT] Observation Sent 2097152/4608974 bytes with state 1
DEBUG 2026-06-09 17:00:09 ort/utils.py:69 [CLIENT] Observation Sent 4194304/4608974 bytes with state 2
DEBUG 2026-06-09 17:00:09 ort/utils.py:69 [CLIENT] Observation Sent 4608974/4608974 bytes with state 3
DEBUG 2026-06-09 17:00:09 ort/utils.py:71 [CLIENT] Observation Published 4.39546012878418 MB
DEBUG 2026-06-09 17:00:09 t_client.py:209 Sent observation #1209 | 
DEBUG 2026-06-09 17:00:09 t_client.py:434 QUEUE SIZE: 8 (Must go: False)
DEBUG 2026-06-09 17:00:09 t_client.py:477 Control loop (ms): 165.90
DEBUG 2026-06-09 17:00:09 follower.py:184 follower_right SOFollower read state: 1.8ms
DEBUG 2026-06-09 17:00:09 follower.py:191 follower_right SOFollower read wrist: 0.0ms
DEBUG 2026-06-09 17:00:09 follower.py:184 follower_left SOFollower read state: 1.8ms
DEBUG 2026-06-09 17:00:09 follower.py:191 follower_left SOFollower read wrist: 0.0ms
DEBUG 2026-06-09 17:00:09 t_client.py:198 Observation serialization time: 0.006376s
DEBUG 2026-06-09 17:00:09 ort/utils.py:54 [CLIENT] Observation Buffer size 4.39546012878418 MB with
DEBUG 2026-06-09 17:00:09 ort/utils.py:69 [CLIENT] Observation Sent 2097152/4608974 bytes with state 1
DEBUG 2026-06-09 17:00:09 ort/utils.py:69 [CLIENT] Observation Sent 4194304/4608974 bytes with state 2
DEBUG 2026-06-09 17:00:09 ort/utils.py:69 [CLIENT] Observation Sent 4608974/4608974 bytes with state 3
DEBUG 2026-06-09 17:00:09 ort/utils.py:71 [CLIENT] Observation Published 4.39546012878418 MB
DEBUG 2026-06-09 17:00:09 t_client.py:292 Received actions on device: cpu
DEBUG 2026-06-09 17:00:09 t_client.py:302 Actions kept on device: cpu
DEBUG 2026-06-09 17:00:10 t_client.py:209 Sent observation #1210 | 
DEBUG 2026-06-09 17:00:10 t_client.py:434 QUEUE SIZE: 7 (Must go: False)
DEBUG 2026-06-09 17:00:10 t_client.py:477 Control loop (ms): 148.78
DEBUG 2026-06-09 17:00:10 t_client.py:477 Control loop (ms): 1.31
DEBUG 2026-06-09 17:00:10 t_client.py:477 Control loop (ms): 1.93
DEBUG 2026-06-09 17:00:10 t_client.py:477 Control loop (ms): 1.55
DEBUG 2026-06-09 17:00:10 t_client.py:292 Received actions on device: cpu
DEBUG 2026-06-09 17:00:10 t_client.py:302 Actions kept on device: cpu
DEBUG 2026-06-09 17:00:10 t_client.py:477 Control loop (ms): 0.87
DEBUG 2026-06-09 17:00:10 t_client.py:477 Control loop (ms): 1.42
DEBUG 2026-06-09 17:00:10 t_client.py:477 Control loop (ms): 1.66
DEBUG 2026-06-09 17:00:10 follower.py:184 follower_right SOFollower read state: 1.7ms
DEBUG 2026-06-09 17:00:10 follower.py:191 follower_right SOFollower read wrist: 0.0ms
DEBUG 2026-06-09 17:00:10 follower.py:184 follower_left SOFollower read state: 1.6ms
DEBUG 2026-06-09 17:00:10 follower.py:191 follower_left SOFollower read wrist: 0.0ms
DEBUG 2026-06-09 17:00:10 t_client.py:198 Observation serialization time: 0.004461s
DEBUG 2026-06-09 17:00:10 ort/utils.py:54 [CLIENT] Observation Buffer size 4.39546012878418 MB with
DEBUG 2026-06-09 17:00:10 ort/utils.py:69 [CLIENT] Observation Sent 2097152/4608974 bytes with state 1
DEBUG 2026-06-09 17:00:10 ort/utils.py:69 [CLIENT] Observation Sent 4194304/4608974 bytes with state 2
DEBUG 2026-06-09 17:00:10 ort/utils.py:69 [CLIENT] Observation Sent 4608974/4608974 bytes with state 3
DEBUG 2026-06-09 17:00:10 ort/utils.py:71 [CLIENT] Observation Published 4.39546012878418 MB
DEBUG 2026-06-09 17:00:10 t_client.py:209 Sent observation #1217 | 
DEBUG 2026-06-09 17:00:10 t_client.py:434 QUEUE SIZE: 8 (Must go: False)
DEBUG 2026-06-09 17:00:10 t_client.py:477 Control loop (ms): 131.30
DEBUG 2026-06-09 17:00:10 follower.py:184 follower_right SOFollower read state: 3.0ms
DEBUG 2026-06-09 17:00:10 follower.py:191 follower_right SOFollower read wrist: 0.0ms
DEBUG 2026-06-09 17:00:10 follower.py:184 follower_left SOFollower read state: 2.0ms
DEBUG 2026-06-09 17:00:10 follower.py:191 follower_left SOFollower read wrist: 0.0ms
DEBUG 2026-06-09 17:00:10 t_client.py:198 Observation serialization time: 0.006821s
DEBUG 2026-06-09 17:00:10 ort/utils.py:54 [CLIENT] Observation Buffer size 4.39546012878418 MB with
DEBUG 2026-06-09 17:00:10 ort/utils.py:69 [CLIENT] Observation Sent 2097152/4608974 bytes with state 1
DEBUG 2026-06-09 17:00:10 ort/utils.py:69 [CLIENT] Observation Sent 4194304/4608974 bytes with state 2
DEBUG 2026-06-09 17:00:10 ort/utils.py:69 [CLIENT] Observation Sent 4608974/4608974 bytes with state 3
DEBUG 2026-06-09 17:00:10 ort/utils.py:71 [CLIENT] Observation Published 4.39546012878418 MB
DEBUG 2026-06-09 17:00:10 t_client.py:209 Sent observation #1218 | 
DEBUG 2026-06-09 17:00:10 t_client.py:434 QUEUE SIZE: 7 (Must go: False)
DEBUG 2026-06-09 17:00:10 t_client.py:477 Control loop (ms): 143.10
DEBUG 2026-06-09 17:00:10 t_client.py:292 Received actions on device: cpu
DEBUG 2026-06-09 17:00:10 t_client.py:302 Actions kept on device: cpu
DEBUG 2026-06-09 17:00:10 t_client.py:477 Control loop (ms): 1.22
DEBUG 2026-06-09 17:00:10 t_client.py:477 Control loop (ms): 2.01
DEBUG 2026-06-09 17:00:10 t_client.py:477 Control loop (ms): 1.83
DEBUG 2026-06-09 17:00:10 t_client.py:292 Received actions on device: cpu
DEBUG 2026-06-09 17:00:10 t_client.py:302 Actions kept on device: cpu
DEBUG 2026-06-09 17:00:10 t_client.py:477 Control loop (ms): 1.74
DEBUG 2026-06-09 17:00:10 t_client.py:477 Control loop (ms): 1.88
DEBUG 2026-06-09 17:00:10 t_client.py:477 Control loop (ms): 1.79
DEBUG 2026-06-09 17:00:10 t_client.py:477 Control loop (ms): 1.71
DEBUG 2026-06-09 17:00:10 t_client.py:477 Control loop (ms): 2.05
DEBUG 2026-06-09 17:00:10 follower.py:184 follower_right SOFollower read state: 1.8ms
DEBUG 2026-06-09 17:00:10 follower.py:191 follower_right SOFollower read wrist: 0.0ms
DEBUG 2026-06-09 17:00:10 follower.py:184 follower_left SOFollower read state: 1.8ms
DEBUG 2026-06-09 17:00:10 follower.py:191 follower_left SOFollower read wrist: 0.0ms
DEBUG 2026-06-09 17:00:10 t_client.py:198 Observation serialization time: 0.005761s
DEBUG 2026-06-09 17:00:10 ort/utils.py:54 [CLIENT] Observation Buffer size 4.39546012878418 MB with
DEBUG 2026-06-09 17:00:10 ort/utils.py:69 [CLIENT] Observation Sent 2097152/4608974 bytes with state 1
DEBUG 2026-06-09 17:00:10 ort/utils.py:69 [CLIENT] Observation Sent 4194304/4608974 bytes with state 2
DEBUG 2026-06-09 17:00:10 ort/utils.py:69 [CLIENT] Observation Sent 4608974/4608974 bytes with state 3
DEBUG 2026-06-09 17:00:10 ort/utils.py:71 [CLIENT] Observation Published 4.39546012878418 MB
DEBUG 2026-06-09 17:00:10 t_client.py:209 Sent observation #1225 | 
DEBUG 2026-06-09 17:00:10 t_client.py:434 QUEUE SIZE: 8 (Must go: False)
DEBUG 2026-06-09 17:00:10 t_client.py:477 Control loop (ms): 136.15
DEBUG 2026-06-09 17:00:10 follower.py:184 follower_right SOFollower read state: 1.5ms
DEBUG 2026-06-09 17:00:10 follower.py:191 follower_right SOFollower read wrist: 0.0ms
DEBUG 2026-06-09 17:00:10 follower.py:184 follower_left SOFollower read state: 1.7ms
DEBUG 2026-06-09 17:00:10 follower.py:191 follower_left SOFollower read wrist: 0.0ms
DEBUG 2026-06-09 17:00:10 t_client.py:198 Observation serialization time: 0.002744s
DEBUG 2026-06-09 17:00:10 ort/utils.py:54 [CLIENT] Observation Buffer size 4.39546012878418 MB with
DEBUG 2026-06-09 17:00:10 ort/utils.py:69 [CLIENT] Observation Sent 2097152/4608974 bytes with state 1
DEBUG 2026-06-09 17:00:10 ort/utils.py:69 [CLIENT] Observation Sent 4194304/4608974 bytes with state 2
DEBUG 2026-06-09 17:00:10 ort/utils.py:69 [CLIENT] Observation Sent 4608974/4608974 bytes with state 3
DEBUG 2026-06-09 17:00:10 ort/utils.py:71 [CLIENT] Observation Published 4.39546012878418 MB
DEBUG 2026-06-09 17:00:11 t_client.py:292 Received actions on device: cpu
DEBUG 2026-06-09 17:00:11 t_client.py:302 Actions kept on device: cpu
DEBUG 2026-06-09 17:00:11 t_client.py:209 Sent observation #1226 | 
DEBUG 2026-06-09 17:00:11 t_client.py:434 QUEUE SIZE: 7 (Must go: False)
DEBUG 2026-06-09 17:00:11 t_client.py:477 Control loop (ms): 136.67
DEBUG 2026-06-09 17:00:11 t_client.py:477 Control loop (ms): 0.82
DEBUG 2026-06-09 17:00:11 t_client.py:477 Control loop (ms): 1.51
DEBUG 2026-06-09 17:00:11 t_client.py:477 Control loop (ms): 1.61
DEBUG 2026-06-09 17:00:11 t_client.py:292 Received actions on device: cpu
DEBUG 2026-06-09 17:00:11 t_client.py:302 Actions kept on device: cpu
DEBUG 2026-06-09 17:00:11 t_client.py:477 Control loop (ms): 1.81
DEBUG 2026-06-09 17:00:11 t_client.py:477 Control loop (ms): 1.94
DEBUG 2026-06-09 17:00:11 t_client.py:477 Control loop (ms): 1.98
DEBUG 2026-06-09 17:00:11 follower.py:184 follower_right SOFollower read state: 1.9ms
DEBUG 2026-06-09 17:00:11 follower.py:191 follower_right SOFollower read wrist: 0.0ms
DEBUG 2026-06-09 17:00:11 follower.py:184 follower_left SOFollower read state: 1.9ms
DEBUG 2026-06-09 17:00:11 follower.py:191 follower_left SOFollower read wrist: 0.0ms
DEBUG 2026-06-09 17:00:11 t_client.py:198 Observation serialization time: 0.009274s
DEBUG 2026-06-09 17:00:11 ort/utils.py:54 [CLIENT] Observation Buffer size 4.39546012878418 MB with
DEBUG 2026-06-09 17:00:11 ort/utils.py:69 [CLIENT] Observation Sent 2097152/4608974 bytes with state 1
DEBUG 2026-06-09 17:00:11 ort/utils.py:69 [CLIENT] Observation Sent 4194304/4608974 bytes with state 2
DEBUG 2026-06-09 17:00:11 ort/utils.py:69 [CLIENT] Observation Sent 4608974/4608974 bytes with state 3
DEBUG 2026-06-09 17:00:11 ort/utils.py:71 [CLIENT] Observation Published 4.39546012878418 MB
DEBUG 2026-06-09 17:00:11 t_client.py:209 Sent observation #1233 | 
DEBUG 2026-06-09 17:00:11 t_client.py:434 QUEUE SIZE: 8 (Must go: False)
DEBUG 2026-06-09 17:00:11 t_client.py:477 Control loop (ms): 144.21
DEBUG 2026-06-09 17:00:11 follower.py:184 follower_right SOFollower read state: 1.9ms
DEBUG 2026-06-09 17:00:11 follower.py:191 follower_right SOFollower read wrist: 0.0ms
DEBUG 2026-06-09 17:00:11 follower.py:184 follower_left SOFollower read state: 2.0ms
DEBUG 2026-06-09 17:00:11 follower.py:191 follower_left SOFollower read wrist: 0.0ms
DEBUG 2026-06-09 17:00:11 t_client.py:198 Observation serialization time: 0.010271s
DEBUG 2026-06-09 17:00:11 ort/utils.py:54 [CLIENT] Observation Buffer size 4.39546012878418 MB with
DEBUG 2026-06-09 17:00:11 ort/utils.py:69 [CLIENT] Observation Sent 2097152/4608974 bytes with state 1
DEBUG 2026-06-09 17:00:11 ort/utils.py:69 [CLIENT] Observation Sent 4194304/4608974 bytes with state 2
DEBUG 2026-06-09 17:00:11 ort/utils.py:69 [CLIENT] Observation Sent 4608974/4608974 bytes with state 3
DEBUG 2026-06-09 17:00:11 ort/utils.py:71 [CLIENT] Observation Published 4.39546012878418 MB
DEBUG 2026-06-09 17:00:11 t_client.py:209 Sent observation #1234 | 
DEBUG 2026-06-09 17:00:11 t_client.py:434 QUEUE SIZE: 7 (Must go: False)
DEBUG 2026-06-09 17:00:11 t_client.py:477 Control loop (ms): 136.10
DEBUG 2026-06-09 17:00:11 follower.py:184 follower_right SOFollower read state: 4.9ms
DEBUG 2026-06-09 17:00:11 follower.py:191 follower_right SOFollower read wrist: 0.0ms
DEBUG 2026-06-09 17:00:11 t_client.py:292 Received actions on device: cpu
DEBUG 2026-06-09 17:00:11 t_client.py:302 Actions kept on device: cpu
DEBUG 2026-06-09 17:00:11 follower.py:184 follower_left SOFollower read state: 1.8ms
DEBUG 2026-06-09 17:00:11 follower.py:191 follower_left SOFollower read wrist: 0.0ms
DEBUG 2026-06-09 17:00:11 t_client.py:198 Observation serialization time: 0.009453s
DEBUG 2026-06-09 17:00:11 ort/utils.py:54 [CLIENT] Observation Buffer size 4.39546012878418 MB with
DEBUG 2026-06-09 17:00:11 ort/utils.py:69 [CLIENT] Observation Sent 2097152/4608974 bytes with state 1
DEBUG 2026-06-09 17:00:11 ort/utils.py:69 [CLIENT] Observation Sent 4194304/4608974 bytes with state 2
DEBUG 2026-06-09 17:00:11 ort/utils.py:69 [CLIENT] Observation Sent 4608974/4608974 bytes with state 3
DEBUG 2026-06-09 17:00:11 ort/utils.py:71 [CLIENT] Observation Published 4.39546012878418 MB
DEBUG 2026-06-09 17:00:11 t_client.py:292 Received actions on device: cpu
DEBUG 2026-06-09 17:00:11 t_client.py:302 Actions kept on device: cpu
DEBUG 2026-06-09 17:00:11 t_client.py:209 Sent observation #1235 | 
DEBUG 2026-06-09 17:00:11 t_client.py:434 QUEUE SIZE: 6 (Must go: False)
DEBUG 2026-06-09 17:00:11 t_client.py:477 Control loop (ms): 154.21
DEBUG 2026-06-09 17:00:11 t_client.py:477 Control loop (ms): 1.46
DEBUG 2026-06-09 17:00:11 t_client.py:477 Control loop (ms): 1.62
DEBUG 2026-06-09 17:00:11 t_client.py:477 Control loop (ms): 2.24
DEBUG 2026-06-09 17:00:11 t_client.py:292 Received actions on device: cpu
DEBUG 2026-06-09 17:00:11 t_client.py:302 Actions kept on device: cpu
DEBUG 2026-06-09 17:00:11 t_client.py:477 Control loop (ms): 2.07
DEBUG 2026-06-09 17:00:11 t_client.py:477 Control loop (ms): 2.05
DEBUG 2026-06-09 17:00:11 t_client.py:477 Control loop (ms): 1.48
DEBUG 2026-06-09 17:00:11 follower.py:184 follower_right SOFollower read state: 2.4ms
DEBUG 2026-06-09 17:00:11 follower.py:191 follower_right SOFollower read wrist: 0.0ms
DEBUG 2026-06-09 17:00:11 follower.py:184 follower_left SOFollower read state: 1.8ms
DEBUG 2026-06-09 17:00:11 follower.py:191 follower_left SOFollower read wrist: 0.0ms
DEBUG 2026-06-09 17:00:11 t_client.py:198 Observation serialization time: 0.010584s
DEBUG 2026-06-09 17:00:11 ort/utils.py:54 [CLIENT] Observation Buffer size 4.39546012878418 MB with
DEBUG 2026-06-09 17:00:11 ort/utils.py:69 [CLIENT] Observation Sent 2097152/4608974 bytes with state 1
DEBUG 2026-06-09 17:00:11 ort/utils.py:69 [CLIENT] Observation Sent 4194304/4608974 bytes with state 2
DEBUG 2026-06-09 17:00:11 ort/utils.py:69 [CLIENT] Observation Sent 4608974/4608974 bytes with state 3
DEBUG 2026-06-09 17:00:11 ort/utils.py:71 [CLIENT] Observation Published 4.39546012878418 MB
DEBUG 2026-06-09 17:00:12 t_client.py:209 Sent observation #1242 | 
DEBUG 2026-06-09 17:00:12 t_client.py:434 QUEUE SIZE: 8 (Must go: False)
DEBUG 2026-06-09 17:00:12 t_client.py:477 Control loop (ms): 134.61
DEBUG 2026-06-09 17:00:12 follower.py:184 follower_right SOFollower read state: 1.8ms
DEBUG 2026-06-09 17:00:12 follower.py:191 follower_right SOFollower read wrist: 0.0ms
DEBUG 2026-06-09 17:00:12 follower.py:184 follower_left SOFollower read state: 1.8ms
DEBUG 2026-06-09 17:00:12 follower.py:191 follower_left SOFollower read wrist: 0.0ms
DEBUG 2026-06-09 17:00:12 t_client.py:198 Observation serialization time: 0.009363s
DEBUG 2026-06-09 17:00:12 ort/utils.py:54 [CLIENT] Observation Buffer size 4.39546012878418 MB with
DEBUG 2026-06-09 17:00:12 ort/utils.py:69 [CLIENT] Observation Sent 2097152/4608974 bytes with state 1
DEBUG 2026-06-09 17:00:12 ort/utils.py:69 [CLIENT] Observation Sent 4194304/4608974 bytes with state 2
DEBUG 2026-06-09 17:00:12 ort/utils.py:69 [CLIENT] Observation Sent 4608974/4608974 bytes with state 3
DEBUG 2026-06-09 17:00:12 ort/utils.py:71 [CLIENT] Observation Published 4.39546012878418 MB
DEBUG 2026-06-09 17:00:12 t_client.py:209 Sent observation #1243 | 
DEBUG 2026-06-09 17:00:12 t_client.py:434 QUEUE SIZE: 7 (Must go: False)
DEBUG 2026-06-09 17:00:12 t_client.py:477 Control loop (ms): 115.56
DEBUG 2026-06-09 17:00:12 t_client.py:292 Received actions on device: cpu
DEBUG 2026-06-09 17:00:12 t_client.py:302 Actions kept on device: cpu
DEBUG 2026-06-09 17:00:12 follower.py:184 follower_right SOFollower read state: 1.8ms
DEBUG 2026-06-09 17:00:12 follower.py:191 follower_right SOFollower read wrist: 0.0ms
DEBUG 2026-06-09 17:00:12 follower.py:184 follower_left SOFollower read state: 1.6ms
DEBUG 2026-06-09 17:00:12 follower.py:191 follower_left SOFollower read wrist: 0.0ms
DEBUG 2026-06-09 17:00:12 t_client.py:198 Observation serialization time: 0.008924s
DEBUG 2026-06-09 17:00:12 ort/utils.py:54 [CLIENT] Observation Buffer size 4.39546012878418 MB with
DEBUG 2026-06-09 17:00:12 ort/utils.py:69 [CLIENT] Observation Sent 2097152/4608974 bytes with state 1
DEBUG 2026-06-09 17:00:12 ort/utils.py:69 [CLIENT] Observation Sent 4194304/4608974 bytes with state 2
DEBUG 2026-06-09 17:00:12 ort/utils.py:69 [CLIENT] Observation Sent 4608974/4608974 bytes with state 3
DEBUG 2026-06-09 17:00:12 ort/utils.py:71 [CLIENT] Observation Published 4.39546012878418 MB
DEBUG 2026-06-09 17:00:12 t_client.py:209 Sent observation #1244 | 
DEBUG 2026-06-09 17:00:12 t_client.py:434 QUEUE SIZE: 14 (Must go: False)
DEBUG 2026-06-09 17:00:12 t_client.py:477 Control loop (ms): 122.64
DEBUG 2026-06-09 17:00:12 t_client.py:477 Control loop (ms): 3.56
DEBUG 2026-06-09 17:00:12 t_client.py:292 Received actions on device: cpu
DEBUG 2026-06-09 17:00:12 t_client.py:302 Actions kept on device: cpu
DEBUG 2026-06-09 17:00:12 t_client.py:477 Control loop (ms): 1.45
DEBUG 2026-06-09 17:00:12 t_client.py:477 Control loop (ms): 1.34
DEBUG 2026-06-09 17:00:12 t_client.py:292 Received actions on device: cpu
DEBUG 2026-06-09 17:00:12 t_client.py:302 Actions kept on device: cpu
DEBUG 2026-06-09 17:00:12 t_client.py:477 Control loop (ms): 2.54
DEBUG 2026-06-09 17:00:12 t_client.py:477 Control loop (ms): 1.25
DEBUG 2026-06-09 17:00:12 t_client.py:477 Control loop (ms): 1.38
DEBUG 2026-06-09 17:00:12 t_client.py:477 Control loop (ms): 1.35
DEBUG 2026-06-09 17:00:12 t_client.py:477 Control loop (ms): 1.18
DEBUG 2026-06-09 17:00:12 follower.py:184 follower_right SOFollower read state: 1.6ms
DEBUG 2026-06-09 17:00:12 follower.py:191 follower_right SOFollower read wrist: 0.0ms
DEBUG 2026-06-09 17:00:12 follower.py:184 follower_left SOFollower read state: 1.5ms
DEBUG 2026-06-09 17:00:12 follower.py:191 follower_left SOFollower read wrist: 0.0ms
DEBUG 2026-06-09 17:00:12 t_client.py:198 Observation serialization time: 0.006796s
DEBUG 2026-06-09 17:00:12 ort/utils.py:54 [CLIENT] Observation Buffer size 4.39546012878418 MB with
DEBUG 2026-06-09 17:00:12 ort/utils.py:69 [CLIENT] Observation Sent 2097152/4608974 bytes with state 1
DEBUG 2026-06-09 17:00:12 ort/utils.py:69 [CLIENT] Observation Sent 4194304/4608974 bytes with state 2
DEBUG 2026-06-09 17:00:12 ort/utils.py:69 [CLIENT] Observation Sent 4608974/4608974 bytes with state 3
DEBUG 2026-06-09 17:00:12 ort/utils.py:71 [CLIENT] Observation Published 4.39546012878418 MB
DEBUG 2026-06-09 17:00:12 t_client.py:209 Sent observation #1251 | 
DEBUG 2026-06-09 17:00:12 t_client.py:434 QUEUE SIZE: 8 (Must go: False)
DEBUG 2026-06-09 17:00:12 t_client.py:477 Control loop (ms): 142.22
DEBUG 2026-06-09 17:00:12 follower.py:184 follower_right SOFollower read state: 2.7ms
DEBUG 2026-06-09 17:00:12 follower.py:191 follower_right SOFollower read wrist: 0.1ms
DEBUG 2026-06-09 17:00:12 follower.py:184 follower_left SOFollower read state: 2.5ms
DEBUG 2026-06-09 17:00:12 follower.py:191 follower_left SOFollower read wrist: 0.0ms
DEBUG 2026-06-09 17:00:12 t_client.py:198 Observation serialization time: 0.011121s
DEBUG 2026-06-09 17:00:12 ort/utils.py:54 [CLIENT] Observation Buffer size 4.39546012878418 MB with
DEBUG 2026-06-09 17:00:12 ort/utils.py:69 [CLIENT] Observation Sent 2097152/4608974 bytes with state 1
DEBUG 2026-06-09 17:00:12 ort/utils.py:69 [CLIENT] Observation Sent 4194304/4608974 bytes with state 2
DEBUG 2026-06-09 17:00:12 ort/utils.py:69 [CLIENT] Observation Sent 4608974/4608974 bytes with state 3
DEBUG 2026-06-09 17:00:12 ort/utils.py:71 [CLIENT] Observation Published 4.39546012878418 MB
DEBUG 2026-06-09 17:00:12 t_client.py:209 Sent observation #1252 | 
DEBUG 2026-06-09 17:00:12 t_client.py:434 QUEUE SIZE: 7 (Must go: False)
DEBUG 2026-06-09 17:00:12 t_client.py:477 Control loop (ms): 132.92
DEBUG 2026-06-09 17:00:12 t_client.py:292 Received actions on device: cpu
DEBUG 2026-06-09 17:00:12 t_client.py:302 Actions kept on device: cpu
DEBUG 2026-06-09 17:00:12 follower.py:184 follower_right SOFollower read state: 1.9ms
DEBUG 2026-06-09 17:00:12 follower.py:191 follower_right SOFollower read wrist: 0.0ms
DEBUG 2026-06-09 17:00:12 follower.py:184 follower_left SOFollower read state: 1.6ms
DEBUG 2026-06-09 17:00:12 follower.py:191 follower_left SOFollower read wrist: 0.0ms
DEBUG 2026-06-09 17:00:12 t_client.py:198 Observation serialization time: 0.006562s
DEBUG 2026-06-09 17:00:12 ort/utils.py:54 [CLIENT] Observation Buffer size 4.39546012878418 MB with
DEBUG 2026-06-09 17:00:12 ort/utils.py:69 [CLIENT] Observation Sent 2097152/4608974 bytes with state 1
DEBUG 2026-06-09 17:00:12 ort/utils.py:69 [CLIENT] Observation Sent 4194304/4608974 bytes with state 2
DEBUG 2026-06-09 17:00:12 ort/utils.py:69 [CLIENT] Observation Sent 4608974/4608974 bytes with state 3
DEBUG 2026-06-09 17:00:12 ort/utils.py:71 [CLIENT] Observation Published 4.39546012878418 MB
DEBUG 2026-06-09 17:00:12 t_client.py:292 Received actions on device: cpu
DEBUG 2026-06-09 17:00:12 t_client.py:302 Actions kept on device: cpu
DEBUG 2026-06-09 17:00:12 t_client.py:209 Sent observation #1253 | 
DEBUG 2026-06-09 17:00:12 t_client.py:434 QUEUE SIZE: 13 (Must go: False)
DEBUG 2026-06-09 17:00:12 t_client.py:477 Control loop (ms): 119.71
DEBUG 2026-06-09 17:00:12 t_client.py:477 Control loop (ms): 1.42
DEBUG 2026-06-09 17:00:12 t_client.py:477 Control loop (ms): 2.05
DEBUG 2026-06-09 17:00:12 t_client.py:477 Control loop (ms): 2.21
DEBUG 2026-06-09 17:00:13 t_client.py:292 Received actions on device: cpu
DEBUG 2026-06-09 17:00:13 t_client.py:302 Actions kept on device: cpu
DEBUG 2026-06-09 17:00:13 t_client.py:477 Control loop (ms): 0.92
DEBUG 2026-06-09 17:00:13 t_client.py:477 Control loop (ms): 1.81
DEBUG 2026-06-09 17:00:13 t_client.py:477 Control loop (ms): 1.87
DEBUG 2026-06-09 17:00:13 follower.py:184 follower_right SOFollower read state: 2.3ms
DEBUG 2026-06-09 17:00:13 follower.py:191 follower_right SOFollower read wrist: 0.0ms
DEBUG 2026-06-09 17:00:13 follower.py:184 follower_left SOFollower read state: 1.9ms
DEBUG 2026-06-09 17:00:13 follower.py:191 follower_left SOFollower read wrist: 0.0ms
DEBUG 2026-06-09 17:00:13 t_client.py:198 Observation serialization time: 0.006678s
DEBUG 2026-06-09 17:00:13 ort/utils.py:54 [CLIENT] Observation Buffer size 4.39546012878418 MB with
DEBUG 2026-06-09 17:00:13 ort/utils.py:69 [CLIENT] Observation Sent 2097152/4608974 bytes with state 1
DEBUG 2026-06-09 17:00:13 ort/utils.py:69 [CLIENT] Observation Sent 4194304/4608974 bytes with state 2
DEBUG 2026-06-09 17:00:13 ort/utils.py:69 [CLIENT] Observation Sent 4608974/4608974 bytes with state 3
DEBUG 2026-06-09 17:00:13 ort/utils.py:71 [CLIENT] Observation Published 4.39546012878418 MB
DEBUG 2026-06-09 17:00:13 t_client.py:209 Sent observation #1260 | 
DEBUG 2026-06-09 17:00:13 t_client.py:434 QUEUE SIZE: 8 (Must go: False)
DEBUG 2026-06-09 17:00:13 t_client.py:477 Control loop (ms): 129.05
DEBUG 2026-06-09 17:00:13 follower.py:184 follower_right SOFollower read state: 1.9ms
DEBUG 2026-06-09 17:00:13 follower.py:191 follower_right SOFollower read wrist: 0.0ms
DEBUG 2026-06-09 17:00:13 follower.py:184 follower_left SOFollower read state: 2.0ms
DEBUG 2026-06-09 17:00:13 follower.py:191 follower_left SOFollower read wrist: 0.0ms
DEBUG 2026-06-09 17:00:13 t_client.py:198 Observation serialization time: 0.010100s
DEBUG 2026-06-09 17:00:13 ort/utils.py:54 [CLIENT] Observation Buffer size 4.39546012878418 MB with
DEBUG 2026-06-09 17:00:13 ort/utils.py:69 [CLIENT] Observation Sent 2097152/4608974 bytes with state 1
DEBUG 2026-06-09 17:00:13 ort/utils.py:69 [CLIENT] Observation Sent 4194304/4608974 bytes with state 2
DEBUG 2026-06-09 17:00:13 ort/utils.py:69 [CLIENT] Observation Sent 4608974/4608974 bytes with state 3
DEBUG 2026-06-09 17:00:13 ort/utils.py:71 [CLIENT] Observation Published 4.39546012878418 MB
DEBUG 2026-06-09 17:00:13 t_client.py:209 Sent observation #1261 | 
DEBUG 2026-06-09 17:00:13 t_client.py:434 QUEUE SIZE: 7 (Must go: False)
DEBUG 2026-06-09 17:00:13 t_client.py:477 Control loop (ms): 138.43
DEBUG 2026-06-09 17:00:13 follower.py:184 follower_right SOFollower read state: 10.6ms
DEBUG 2026-06-09 17:00:13 follower.py:191 follower_right SOFollower read wrist: 0.3ms
DEBUG 2026-06-09 17:00:13 t_client.py:292 Received actions on device: cpu
DEBUG 2026-06-09 17:00:13 t_client.py:302 Actions kept on device: cpu
DEBUG 2026-06-09 17:00:13 follower.py:184 follower_left SOFollower read state: 2.1ms
DEBUG 2026-06-09 17:00:13 follower.py:191 follower_left SOFollower read wrist: 0.0ms
DEBUG 2026-06-09 17:00:13 t_client.py:198 Observation serialization time: 0.010748s
DEBUG 2026-06-09 17:00:13 ort/utils.py:54 [CLIENT] Observation Buffer size 4.39546012878418 MB with
DEBUG 2026-06-09 17:00:13 ort/utils.py:69 [CLIENT] Observation Sent 2097152/4608974 bytes with state 1
DEBUG 2026-06-09 17:00:13 ort/utils.py:69 [CLIENT] Observation Sent 4194304/4608974 bytes with state 2
DEBUG 2026-06-09 17:00:13 ort/utils.py:69 [CLIENT] Observation Sent 4608974/4608974 bytes with state 3
DEBUG 2026-06-09 17:00:13 ort/utils.py:71 [CLIENT] Observation Published 4.39546012878418 MB
DEBUG 2026-06-09 17:00:13 t_client.py:209 Sent observation #1262 | 
DEBUG 2026-06-09 17:00:13 t_client.py:434 QUEUE SIZE: 6 (Must go: False)
DEBUG 2026-06-09 17:00:13 t_client.py:477 Control loop (ms): 190.95
DEBUG 2026-06-09 17:00:13 t_client.py:477 Control loop (ms): 1.67
DEBUG 2026-06-09 17:00:13 t_client.py:292 Received actions on device: cpu
DEBUG 2026-06-09 17:00:13 t_client.py:302 Actions kept on device: cpu
DEBUG 2026-06-09 17:00:13 t_client.py:477 Control loop (ms): 1.61
DEBUG 2026-06-09 17:00:13 t_client.py:477 Control loop (ms): 1.10
DEBUG 2026-06-09 17:00:13 t_client.py:477 Control loop (ms): 1.32
DEBUG 2026-06-09 17:00:13 t_client.py:292 Received actions on device: cpu
DEBUG 2026-06-09 17:00:13 t_client.py:302 Actions kept on device: cpu
DEBUG 2026-06-09 17:00:13 t_client.py:477 Control loop (ms): 1.26
DEBUG 2026-06-09 17:00:13 t_client.py:477 Control loop (ms): 1.43
DEBUG 2026-06-09 17:00:13 follower.py:184 follower_right SOFollower read state: 1.8ms
DEBUG 2026-06-09 17:00:13 follower.py:191 follower_right SOFollower read wrist: 0.0ms
DEBUG 2026-06-09 17:00:13 follower.py:184 follower_left SOFollower read state: 1.7ms
DEBUG 2026-06-09 17:00:13 follower.py:191 follower_left SOFollower read wrist: 0.0ms
DEBUG 2026-06-09 17:00:13 t_client.py:198 Observation serialization time: 0.007389s
DEBUG 2026-06-09 17:00:13 ort/utils.py:54 [CLIENT] Observation Buffer size 4.39546012878418 MB with
DEBUG 2026-06-09 17:00:13 ort/utils.py:69 [CLIENT] Observation Sent 2097152/4608974 bytes with state 1
DEBUG 2026-06-09 17:00:13 ort/utils.py:69 [CLIENT] Observation Sent 4194304/4608974 bytes with state 2
DEBUG 2026-06-09 17:00:13 ort/utils.py:69 [CLIENT] Observation Sent 4608974/4608974 bytes with state 3
DEBUG 2026-06-09 17:00:13 ort/utils.py:71 [CLIENT] Observation Published 4.39546012878418 MB
DEBUG 2026-06-09 17:00:13 t_client.py:209 Sent observation #1269 | 
DEBUG 2026-06-09 17:00:13 t_client.py:434 QUEUE SIZE: 8 (Must go: False)
DEBUG 2026-06-09 17:00:13 t_client.py:477 Control loop (ms): 125.92
DEBUG 2026-06-09 17:00:13 follower.py:184 follower_right SOFollower read state: 1.6ms
DEBUG 2026-06-09 17:00:13 follower.py:191 follower_right SOFollower read wrist: 0.0ms
DEBUG 2026-06-09 17:00:13 follower.py:184 follower_left SOFollower read state: 1.7ms
DEBUG 2026-06-09 17:00:13 follower.py:191 follower_left SOFollower read wrist: 0.0ms
DEBUG 2026-06-09 17:00:13 t_client.py:198 Observation serialization time: 0.006157s
DEBUG 2026-06-09 17:00:13 ort/utils.py:54 [CLIENT] Observation Buffer size 4.39546012878418 MB with
DEBUG 2026-06-09 17:00:13 ort/utils.py:69 [CLIENT] Observation Sent 2097152/4608974 bytes with state 1
DEBUG 2026-06-09 17:00:13 ort/utils.py:69 [CLIENT] Observation Sent 4194304/4608974 bytes with state 2
DEBUG 2026-06-09 17:00:13 ort/utils.py:69 [CLIENT] Observation Sent 4608974/4608974 bytes with state 3
DEBUG 2026-06-09 17:00:13 ort/utils.py:71 [CLIENT] Observation Published 4.39546012878418 MB
DEBUG 2026-06-09 17:00:14 t_client.py:209 Sent observation #1270 | 
DEBUG 2026-06-09 17:00:14 t_client.py:434 QUEUE SIZE: 7 (Must go: False)
DEBUG 2026-06-09 17:00:14 t_client.py:477 Control loop (ms): 124.04
DEBUG 2026-06-09 17:00:14 follower.py:184 follower_right SOFollower read state: 2.0ms
DEBUG 2026-06-09 17:00:14 follower.py:191 follower_right SOFollower read wrist: 0.0ms
DEBUG 2026-06-09 17:00:14 follower.py:184 follower_left SOFollower read state: 1.8ms
DEBUG 2026-06-09 17:00:14 follower.py:191 follower_left SOFollower read wrist: 0.0ms
DEBUG 2026-06-09 17:00:14 t_client.py:198 Observation serialization time: 0.011928s
DEBUG 2026-06-09 17:00:14 ort/utils.py:54 [CLIENT] Observation Buffer size 4.39546012878418 MB with
DEBUG 2026-06-09 17:00:14 t_client.py:292 Received actions on device: cpu
DEBUG 2026-06-09 17:00:14 t_client.py:302 Actions kept on device: cpu
DEBUG 2026-06-09 17:00:14 ort/utils.py:69 [CLIENT] Observation Sent 2097152/4608974 bytes with state 1
DEBUG 2026-06-09 17:00:14 ort/utils.py:69 [CLIENT] Observation Sent 4194304/4608974 bytes with state 2
DEBUG 2026-06-09 17:00:14 ort/utils.py:69 [CLIENT] Observation Sent 4608974/4608974 bytes with state 3
DEBUG 2026-06-09 17:00:14 ort/utils.py:71 [CLIENT] Observation Published 4.39546012878418 MB
DEBUG 2026-06-09 17:00:14 t_client.py:209 Sent observation #1271 | 
DEBUG 2026-06-09 17:00:14 t_client.py:434 QUEUE SIZE: 6 (Must go: False)
DEBUG 2026-06-09 17:00:14 t_client.py:477 Control loop (ms): 147.85
DEBUG 2026-06-09 17:00:14 t_client.py:477 Control loop (ms): 2.26
DEBUG 2026-06-09 17:00:14 t_client.py:477 Control loop (ms): 1.79
DEBUG 2026-06-09 17:00:14 t_client.py:477 Control loop (ms): 2.17
DEBUG 2026-06-09 17:00:14 t_client.py:292 Received actions on device: cpu
DEBUG 2026-06-09 17:00:14 t_client.py:302 Actions kept on device: cpu
DEBUG 2026-06-09 17:00:14 t_client.py:477 Control loop (ms): 2.69
DEBUG 2026-06-09 17:00:14 t_client.py:477 Control loop (ms): 2.55
DEBUG 2026-06-09 17:00:14 follower.py:184 follower_right SOFollower read state: 9.5ms
DEBUG 2026-06-09 17:00:14 follower.py:191 follower_right SOFollower read wrist: 0.0ms
DEBUG 2026-06-09 17:00:14 follower.py:184 follower_left SOFollower read state: 5.7ms
DEBUG 2026-06-09 17:00:14 follower.py:191 follower_left SOFollower read wrist: 0.0ms
DEBUG 2026-06-09 17:00:14 t_client.py:198 Observation serialization time: 0.009286s
DEBUG 2026-06-09 17:00:14 ort/utils.py:54 [CLIENT] Observation Buffer size 4.39546012878418 MB with
DEBUG 2026-06-09 17:00:14 ort/utils.py:69 [CLIENT] Observation Sent 2097152/4608974 bytes with state 1
DEBUG 2026-06-09 17:00:14 t_client.py:292 Received actions on device: cpu
DEBUG 2026-06-09 17:00:14 t_client.py:302 Actions kept on device: cpu
DEBUG 2026-06-09 17:00:14 ort/utils.py:69 [CLIENT] Observation Sent 4194304/4608974 bytes with state 2
DEBUG 2026-06-09 17:00:14 ort/utils.py:69 [CLIENT] Observation Sent 4608974/4608974 bytes with state 3
DEBUG 2026-06-09 17:00:14 ort/utils.py:71 [CLIENT] Observation Published 4.39546012878418 MB
DEBUG 2026-06-09 17:00:14 t_client.py:209 Sent observation #1277 | 
DEBUG 2026-06-09 17:00:14 t_client.py:434 QUEUE SIZE: 8 (Must go: False)
DEBUG 2026-06-09 17:00:14 t_client.py:477 Control loop (ms): 160.89
DEBUG 2026-06-09 17:00:14 follower.py:184 follower_right SOFollower read state: 1.7ms
DEBUG 2026-06-09 17:00:14 follower.py:191 follower_right SOFollower read wrist: 0.0ms
DEBUG 2026-06-09 17:00:14 follower.py:184 follower_left SOFollower read state: 1.8ms
DEBUG 2026-06-09 17:00:14 follower.py:191 follower_left SOFollower read wrist: 0.0ms
DEBUG 2026-06-09 17:00:14 t_client.py:198 Observation serialization time: 0.006656s
DEBUG 2026-06-09 17:00:14 ort/utils.py:54 [CLIENT] Observation Buffer size 4.39546012878418 MB with
DEBUG 2026-06-09 17:00:14 ort/utils.py:69 [CLIENT] Observation Sent 2097152/4608974 bytes with state 1
DEBUG 2026-06-09 17:00:14 ort/utils.py:69 [CLIENT] Observation Sent 4194304/4608974 bytes with state 2
DEBUG 2026-06-09 17:00:14 ort/utils.py:69 [CLIENT] Observation Sent 4608974/4608974 bytes with state 3
DEBUG 2026-06-09 17:00:14 ort/utils.py:71 [CLIENT] Observation Published 4.39546012878418 MB
DEBUG 2026-06-09 17:00:14 t_client.py:292 Received actions on device: cpu
DEBUG 2026-06-09 17:00:14 t_client.py:302 Actions kept on device: cpu
DEBUG 2026-06-09 17:00:14 t_client.py:209 Sent observation #1278 | 
DEBUG 2026-06-09 17:00:14 t_client.py:434 QUEUE SIZE: 8 (Must go: False)
DEBUG 2026-06-09 17:00:14 t_client.py:477 Control loop (ms): 106.57
DEBUG 2026-06-09 17:00:14 t_client.py:477 Control loop (ms): 1.22
DEBUG 2026-06-09 17:00:14 t_client.py:477 Control loop (ms): 2.53
DEBUG 2026-06-09 17:00:14 t_client.py:477 Control loop (ms): 1.72
DEBUG 2026-06-09 17:00:14 t_client.py:292 Received actions on device: cpu
DEBUG 2026-06-09 17:00:14 t_client.py:302 Actions kept on device: cpu
DEBUG 2026-06-09 17:00:14 t_client.py:477 Control loop (ms): 2.14
DEBUG 2026-06-09 17:00:14 t_client.py:477 Control loop (ms): 2.04
DEBUG 2026-06-09 17:00:14 t_client.py:477 Control loop (ms): 1.86
DEBUG 2026-06-09 17:00:14 follower.py:184 follower_right SOFollower read state: 2.2ms
DEBUG 2026-06-09 17:00:14 follower.py:191 follower_right SOFollower read wrist: 0.1ms
DEBUG 2026-06-09 17:00:14 follower.py:184 follower_left SOFollower read state: 2.0ms
DEBUG 2026-06-09 17:00:14 follower.py:191 follower_left SOFollower read wrist: 0.0ms
DEBUG 2026-06-09 17:00:14 t_client.py:198 Observation serialization time: 0.008388s
DEBUG 2026-06-09 17:00:14 ort/utils.py:54 [CLIENT] Observation Buffer size 4.39546012878418 MB with
DEBUG 2026-06-09 17:00:14 ort/utils.py:69 [CLIENT] Observation Sent 2097152/4608974 bytes with state 1
DEBUG 2026-06-09 17:00:14 ort/utils.py:69 [CLIENT] Observation Sent 4194304/4608974 bytes with state 2
DEBUG 2026-06-09 17:00:14 ort/utils.py:69 [CLIENT] Observation Sent 4608974/4608974 bytes with state 3
DEBUG 2026-06-09 17:00:14 ort/utils.py:71 [CLIENT] Observation Published 4.39546012878418 MB
DEBUG 2026-06-09 17:00:15 t_client.py:209 Sent observation #1285 | 
DEBUG 2026-06-09 17:00:15 t_client.py:434 QUEUE SIZE: 8 (Must go: False)
DEBUG 2026-06-09 17:00:15 t_client.py:477 Control loop (ms): 253.43
DEBUG 2026-06-09 17:00:15 follower.py:184 follower_right SOFollower read state: 1.5ms
DEBUG 2026-06-09 17:00:15 follower.py:191 follower_right SOFollower read wrist: 0.0ms
DEBUG 2026-06-09 17:00:15 follower.py:184 follower_left SOFollower read state: 1.6ms
DEBUG 2026-06-09 17:00:15 follower.py:191 follower_left SOFollower read wrist: 0.0ms
DEBUG 2026-06-09 17:00:15 t_client.py:198 Observation serialization time: 0.007351s
DEBUG 2026-06-09 17:00:15 ort/utils.py:54 [CLIENT] Observation Buffer size 4.39546012878418 MB with
DEBUG 2026-06-09 17:00:15 ort/utils.py:69 [CLIENT] Observation Sent 2097152/4608974 bytes with state 1
DEBUG 2026-06-09 17:00:15 ort/utils.py:69 [CLIENT] Observation Sent 4194304/4608974 bytes with state 2
DEBUG 2026-06-09 17:00:15 ort/utils.py:69 [CLIENT] Observation Sent 4608974/4608974 bytes with state 3
DEBUG 2026-06-09 17:00:15 ort/utils.py:71 [CLIENT] Observation Published 4.39546012878418 MB
DEBUG 2026-06-09 17:00:15 t_client.py:209 Sent observation #1286 | 
DEBUG 2026-06-09 17:00:15 t_client.py:434 QUEUE SIZE: 7 (Must go: False)
DEBUG 2026-06-09 17:00:15 t_client.py:477 Control loop (ms): 286.38
DEBUG 2026-06-09 17:00:15 t_client.py:292 Received actions on device: cpu
DEBUG 2026-06-09 17:00:15 t_client.py:302 Actions kept on device: cpu
DEBUG 2026-06-09 17:00:15 follower.py:184 follower_right SOFollower read state: 1.8ms
DEBUG 2026-06-09 17:00:15 follower.py:191 follower_right SOFollower read wrist: 0.0ms
DEBUG 2026-06-09 17:00:15 follower.py:184 follower_left SOFollower read state: 2.8ms
DEBUG 2026-06-09 17:00:15 follower.py:191 follower_left SOFollower read wrist: 0.0ms
DEBUG 2026-06-09 17:00:15 t_client.py:198 Observation serialization time: 0.004808s
DEBUG 2026-06-09 17:00:15 ort/utils.py:54 [CLIENT] Observation Buffer size 4.39546012878418 MB with
DEBUG 2026-06-09 17:00:15 ort/utils.py:69 [CLIENT] Observation Sent 2097152/4608974 bytes with state 1
DEBUG 2026-06-09 17:00:15 t_client.py:292 Received actions on device: cpu
DEBUG 2026-06-09 17:00:15 t_client.py:302 Actions kept on device: cpu
DEBUG 2026-06-09 17:00:15 ort/utils.py:69 [CLIENT] Observation Sent 4194304/4608974 bytes with state 2
DEBUG 2026-06-09 17:00:15 ort/utils.py:69 [CLIENT] Observation Sent 4608974/4608974 bytes with state 3
DEBUG 2026-06-09 17:00:15 ort/utils.py:71 [CLIENT] Observation Published 4.39546012878418 MB
DEBUG 2026-06-09 17:00:15 t_client.py:209 Sent observation #1287 | 
DEBUG 2026-06-09 17:00:15 t_client.py:434 QUEUE SIZE: 13 (Must go: False)
DEBUG 2026-06-09 17:00:15 t_client.py:477 Control loop (ms): 190.73
DEBUG 2026-06-09 17:00:15 t_client.py:477 Control loop (ms): 1.39
DEBUG 2026-06-09 17:00:15 t_client.py:477 Control loop (ms): 1.65
DEBUG 2026-06-09 17:00:15 t_client.py:477 Control loop (ms): 1.59
DEBUG 2026-06-09 17:00:15 t_client.py:292 Received actions on device: cpu
DEBUG 2026-06-09 17:00:15 t_client.py:302 Actions kept on device: cpu
DEBUG 2026-06-09 17:00:15 t_client.py:477 Control loop (ms): 1.69
DEBUG 2026-06-09 17:00:15 t_client.py:477 Control loop (ms): 1.63
DEBUG 2026-06-09 17:00:15 t_client.py:477 Control loop (ms): 1.29
DEBUG 2026-06-09 17:00:15 follower.py:184 follower_right SOFollower read state: 1.8ms
DEBUG 2026-06-09 17:00:15 follower.py:191 follower_right SOFollower read wrist: 0.0ms
DEBUG 2026-06-09 17:00:15 follower.py:184 follower_left SOFollower read state: 1.7ms
DEBUG 2026-06-09 17:00:15 follower.py:191 follower_left SOFollower read wrist: 0.0ms
DEBUG 2026-06-09 17:00:15 t_client.py:198 Observation serialization time: 0.006005s
DEBUG 2026-06-09 17:00:15 ort/utils.py:54 [CLIENT] Observation Buffer size 4.39546012878418 MB with
DEBUG 2026-06-09 17:00:15 ort/utils.py:69 [CLIENT] Observation Sent 2097152/4608974 bytes with state 1
DEBUG 2026-06-09 17:00:15 ort/utils.py:69 [CLIENT] Observation Sent 4194304/4608974 bytes with state 2
DEBUG 2026-06-09 17:00:15 ort/utils.py:69 [CLIENT] Observation Sent 4608974/4608974 bytes with state 3
DEBUG 2026-06-09 17:00:15 ort/utils.py:71 [CLIENT] Observation Published 4.39546012878418 MB
DEBUG 2026-06-09 17:00:15 t_client.py:209 Sent observation #1294 | 
DEBUG 2026-06-09 17:00:15 t_client.py:434 QUEUE SIZE: 8 (Must go: False)
DEBUG 2026-06-09 17:00:15 t_client.py:477 Control loop (ms): 147.63
DEBUG 2026-06-09 17:00:15 follower.py:184 follower_right SOFollower read state: 2.0ms
DEBUG 2026-06-09 17:00:15 follower.py:191 follower_right SOFollower read wrist: 0.0ms
DEBUG 2026-06-09 17:00:15 follower.py:184 follower_left SOFollower read state: 1.7ms
DEBUG 2026-06-09 17:00:15 follower.py:191 follower_left SOFollower read wrist: 0.0ms
DEBUG 2026-06-09 17:00:15 t_client.py:198 Observation serialization time: 0.007586s
DEBUG 2026-06-09 17:00:15 ort/utils.py:54 [CLIENT] Observation Buffer size 4.39546012878418 MB with
DEBUG 2026-06-09 17:00:15 ort/utils.py:69 [CLIENT] Observation Sent 2097152/4608974 bytes with state 1
DEBUG 2026-06-09 17:00:16 ort/utils.py:69 [CLIENT] Observation Sent 4194304/4608974 bytes with state 2
DEBUG 2026-06-09 17:00:16 ort/utils.py:69 [CLIENT] Observation Sent 4608974/4608974 bytes with state 3
DEBUG 2026-06-09 17:00:16 ort/utils.py:71 [CLIENT] Observation Published 4.39546012878418 MB
DEBUG 2026-06-09 17:00:16 t_client.py:292 Received actions on device: cpu
DEBUG 2026-06-09 17:00:16 t_client.py:302 Actions kept on device: cpu
DEBUG 2026-06-09 17:00:16 t_client.py:209 Sent observation #1295 | 
DEBUG 2026-06-09 17:00:16 t_client.py:434 QUEUE SIZE: 7 (Must go: False)
DEBUG 2026-06-09 17:00:16 t_client.py:477 Control loop (ms): 174.12
DEBUG 2026-06-09 17:00:16 t_client.py:477 Control loop (ms): 1.57
DEBUG 2026-06-09 17:00:16 t_client.py:477 Control loop (ms): 2.04
DEBUG 2026-06-09 17:00:16 t_client.py:477 Control loop (ms): 2.20
DEBUG 2026-06-09 17:00:16 t_client.py:292 Received actions on device: cpu
DEBUG 2026-06-09 17:00:16 t_client.py:302 Actions kept on device: cpu
DEBUG 2026-06-09 17:00:16 t_client.py:477 Control loop (ms): 2.43
DEBUG 2026-06-09 17:00:16 t_client.py:477 Control loop (ms): 1.93
DEBUG 2026-06-09 17:00:16 t_client.py:477 Control loop (ms): 2.06
DEBUG 2026-06-09 17:00:16 follower.py:184 follower_right SOFollower read state: 2.1ms
DEBUG 2026-06-09 17:00:16 follower.py:191 follower_right SOFollower read wrist: 0.0ms
DEBUG 2026-06-09 17:00:16 follower.py:184 follower_left SOFollower read state: 2.0ms
DEBUG 2026-06-09 17:00:16 follower.py:191 follower_left SOFollower read wrist: 0.0ms
DEBUG 2026-06-09 17:00:16 t_client.py:198 Observation serialization time: 0.011108s
DEBUG 2026-06-09 17:00:16 ort/utils.py:54 [CLIENT] Observation Buffer size 4.39546012878418 MB with
DEBUG 2026-06-09 17:00:16 ort/utils.py:69 [CLIENT] Observation Sent 2097152/4608974 bytes with state 1
DEBUG 2026-06-09 17:00:16 ort/utils.py:69 [CLIENT] Observation Sent 4194304/4608974 bytes with state 2
DEBUG 2026-06-09 17:00:16 ort/utils.py:69 [CLIENT] Observation Sent 4608974/4608974 bytes with state 3
DEBUG 2026-06-09 17:00:16 ort/utils.py:71 [CLIENT] Observation Published 4.39546012878418 MB
DEBUG 2026-06-09 17:00:16 t_client.py:209 Sent observation #1302 | 
DEBUG 2026-06-09 17:00:16 t_client.py:434 QUEUE SIZE: 8 (Must go: False)
DEBUG 2026-06-09 17:00:16 t_client.py:477 Control loop (ms): 218.93
DEBUG 2026-06-09 17:00:16 follower.py:184 follower_right SOFollower read state: 2.2ms
DEBUG 2026-06-09 17:00:16 follower.py:191 follower_right SOFollower read wrist: 0.0ms
DEBUG 2026-06-09 17:00:16 follower.py:184 follower_left SOFollower read state: 1.8ms
DEBUG 2026-06-09 17:00:16 follower.py:191 follower_left SOFollower read wrist: 0.0ms
DEBUG 2026-06-09 17:00:16 t_client.py:198 Observation serialization time: 0.004362s
DEBUG 2026-06-09 17:00:16 ort/utils.py:54 [CLIENT] Observation Buffer size 4.39546012878418 MB with
DEBUG 2026-06-09 17:00:16 ort/utils.py:69 [CLIENT] Observation Sent 2097152/4608974 bytes with state 1
DEBUG 2026-06-09 17:00:16 ort/utils.py:69 [CLIENT] Observation Sent 4194304/4608974 bytes with state 2
DEBUG 2026-06-09 17:00:16 ort/utils.py:69 [CLIENT] Observation Sent 4608974/4608974 bytes with state 3
DEBUG 2026-06-09 17:00:16 ort/utils.py:71 [CLIENT] Observation Published 4.39546012878418 MB
DEBUG 2026-06-09 17:00:16 t_client.py:292 Received actions on device: cpu
DEBUG 2026-06-09 17:00:16 t_client.py:302 Actions kept on device: cpu
DEBUG 2026-06-09 17:00:16 t_client.py:209 Sent observation #1303 | 
DEBUG 2026-06-09 17:00:16 t_client.py:434 QUEUE SIZE: 7 (Must go: False)
DEBUG 2026-06-09 17:00:16 t_client.py:477 Control loop (ms): 151.75
DEBUG 2026-06-09 17:00:16 t_client.py:477 Control loop (ms): 1.71
DEBUG 2026-06-09 17:00:16 t_client.py:477 Control loop (ms): 2.12
DEBUG 2026-06-09 17:00:16 t_client.py:477 Control loop (ms): 1.78
DEBUG 2026-06-09 17:00:16 t_client.py:477 Control loop (ms): 2.11
DEBUG 2026-06-09 17:00:16 t_client.py:477 Control loop (ms): 1.90
DEBUG 2026-06-09 17:00:16 t_client.py:292 Received actions on device: cpu
DEBUG 2026-06-09 17:00:16 t_client.py:302 Actions kept on device: cpu
DEBUG 2026-06-09 17:00:16 follower.py:184 follower_right SOFollower read state: 2.0ms
DEBUG 2026-06-09 17:00:16 follower.py:191 follower_right SOFollower read wrist: 0.0ms
DEBUG 2026-06-09 17:00:16 follower.py:184 follower_left SOFollower read state: 1.6ms
DEBUG 2026-06-09 17:00:16 follower.py:191 follower_left SOFollower read wrist: 0.0ms
DEBUG 2026-06-09 17:00:16 t_client.py:198 Observation serialization time: 0.007389s
DEBUG 2026-06-09 17:00:16 ort/utils.py:54 [CLIENT] Observation Buffer size 4.39546012878418 MB with
DEBUG 2026-06-09 17:00:16 ort/utils.py:69 [CLIENT] Observation Sent 2097152/4608974 bytes with state 1
DEBUG 2026-06-09 17:00:16 ort/utils.py:69 [CLIENT] Observation Sent 4194304/4608974 bytes with state 2
DEBUG 2026-06-09 17:00:16 ort/utils.py:69 [CLIENT] Observation Sent 4608974/4608974 bytes with state 3
DEBUG 2026-06-09 17:00:16 ort/utils.py:71 [CLIENT] Observation Published 4.39546012878418 MB
DEBUG 2026-06-09 17:00:16 t_client.py:209 Sent observation #1309 | 
DEBUG 2026-06-09 17:00:16 t_client.py:434 QUEUE SIZE: 9 (Must go: False)
DEBUG 2026-06-09 17:00:16 t_client.py:477 Control loop (ms): 145.18
DEBUG 2026-06-09 17:00:16 follower.py:184 follower_right SOFollower read state: 1.9ms
DEBUG 2026-06-09 17:00:16 follower.py:191 follower_right SOFollower read wrist: 0.0ms
DEBUG 2026-06-09 17:00:16 follower.py:184 follower_left SOFollower read state: 2.3ms
DEBUG 2026-06-09 17:00:16 follower.py:191 follower_left SOFollower read wrist: 0.0ms
DEBUG 2026-06-09 17:00:16 t_client.py:198 Observation serialization time: 0.008172s
DEBUG 2026-06-09 17:00:16 ort/utils.py:54 [CLIENT] Observation Buffer size 4.39546012878418 MB with
DEBUG 2026-06-09 17:00:16 ort/utils.py:69 [CLIENT] Observation Sent 2097152/4608974 bytes with state 1
DEBUG 2026-06-09 17:00:17 t_client.py:292 Received actions on device: cpu
DEBUG 2026-06-09 17:00:17 t_client.py:302 Actions kept on device: cpu
DEBUG 2026-06-09 17:00:17 ort/utils.py:69 [CLIENT] Observation Sent 4194304/4608974 bytes with state 2
DEBUG 2026-06-09 17:00:17 ort/utils.py:69 [CLIENT] Observation Sent 4608974/4608974 bytes with state 3
DEBUG 2026-06-09 17:00:17 ort/utils.py:71 [CLIENT] Observation Published 4.39546012878418 MB
DEBUG 2026-06-09 17:00:17 t_client.py:209 Sent observation #1310 | 
DEBUG 2026-06-09 17:00:17 t_client.py:434 QUEUE SIZE: 8 (Must go: False)
DEBUG 2026-06-09 17:00:17 t_client.py:477 Control loop (ms): 278.35
DEBUG 2026-06-09 17:00:17 t_client.py:477 Control loop (ms): 2.80
DEBUG 2026-06-09 17:00:17 t_client.py:477 Control loop (ms): 3.27
DEBUG 2026-06-09 17:00:17 t_client.py:477 Control loop (ms): 2.11
DEBUG 2026-06-09 17:00:17 t_client.py:477 Control loop (ms): 1.74
DEBUG 2026-06-09 17:00:17 t_client.py:477 Control loop (ms): 1.21
DEBUG 2026-06-09 17:00:17 t_client.py:292 Received actions on device: cpu
DEBUG 2026-06-09 17:00:17 t_client.py:302 Actions kept on device: cpu
DEBUG 2026-06-09 17:00:17 follower.py:184 follower_right SOFollower read state: 1.9ms
DEBUG 2026-06-09 17:00:17 follower.py:191 follower_right SOFollower read wrist: 0.0ms
DEBUG 2026-06-09 17:00:17 follower.py:184 follower_left SOFollower read state: 1.6ms
DEBUG 2026-06-09 17:00:17 follower.py:191 follower_left SOFollower read wrist: 0.0ms
DEBUG 2026-06-09 17:00:17 t_client.py:198 Observation serialization time: 0.006756s
DEBUG 2026-06-09 17:00:17 ort/utils.py:54 [CLIENT] Observation Buffer size 4.39546012878418 MB with
DEBUG 2026-06-09 17:00:17 ort/utils.py:69 [CLIENT] Observation Sent 2097152/4608974 bytes with state 1
DEBUG 2026-06-09 17:00:17 ort/utils.py:69 [CLIENT] Observation Sent 4194304/4608974 bytes with state 2
DEBUG 2026-06-09 17:00:17 ort/utils.py:69 [CLIENT] Observation Sent 4608974/4608974 bytes with state 3
DEBUG 2026-06-09 17:00:17 ort/utils.py:71 [CLIENT] Observation Published 4.39546012878418 MB
DEBUG 2026-06-09 17:00:17 t_client.py:209 Sent observation #1316 | 
DEBUG 2026-06-09 17:00:17 t_client.py:434 QUEUE SIZE: 10 (Must go: False)
DEBUG 2026-06-09 17:00:17 t_client.py:477 Control loop (ms): 131.87
DEBUG 2026-06-09 17:00:17 t_client.py:477 Control loop (ms): 2.67
DEBUG 2026-06-09 17:00:17 follower.py:184 follower_right SOFollower read state: 2.0ms
DEBUG 2026-06-09 17:00:17 follower.py:191 follower_right SOFollower read wrist: 0.0ms
DEBUG 2026-06-09 17:00:17 follower.py:184 follower_left SOFollower read state: 1.9ms
DEBUG 2026-06-09 17:00:17 follower.py:191 follower_left SOFollower read wrist: 0.0ms
DEBUG 2026-06-09 17:00:17 t_client.py:198 Observation serialization time: 0.007961s
DEBUG 2026-06-09 17:00:17 ort/utils.py:54 [CLIENT] Observation Buffer size 4.39546012878418 MB with
DEBUG 2026-06-09 17:00:17 ort/utils.py:69 [CLIENT] Observation Sent 2097152/4608974 bytes with state 1
DEBUG 2026-06-09 17:00:17 t_client.py:292 Received actions on device: cpu
DEBUG 2026-06-09 17:00:17 t_client.py:302 Actions kept on device: cpu
DEBUG 2026-06-09 17:00:17 ort/utils.py:69 [CLIENT] Observation Sent 4194304/4608974 bytes with state 2
DEBUG 2026-06-09 17:00:17 ort/utils.py:69 [CLIENT] Observation Sent 4608974/4608974 bytes with state 3
DEBUG 2026-06-09 17:00:17 ort/utils.py:71 [CLIENT] Observation Published 4.39546012878418 MB
DEBUG 2026-06-09 17:00:17 t_client.py:209 Sent observation #1317 | 
DEBUG 2026-06-09 17:00:17 t_client.py:434 QUEUE SIZE: 8 (Must go: False)
DEBUG 2026-06-09 17:00:17 t_client.py:477 Control loop (ms): 278.03
DEBUG 2026-06-09 17:00:17 t_client.py:477 Control loop (ms): 0.96
DEBUG 2026-06-09 17:00:17 t_client.py:477 Control loop (ms): 1.59
DEBUG 2026-06-09 17:00:17 t_client.py:477 Control loop (ms): 1.64
DEBUG 2026-06-09 17:00:17 t_client.py:477 Control loop (ms): 2.11
DEBUG 2026-06-09 17:00:17 t_client.py:477 Control loop (ms): 2.11
DEBUG 2026-06-09 17:00:18 follower.py:184 follower_right SOFollower read state: 1.8ms
DEBUG 2026-06-09 17:00:18 follower.py:191 follower_right SOFollower read wrist: 0.0ms
DEBUG 2026-06-09 17:00:18 follower.py:184 follower_left SOFollower read state: 2.0ms
DEBUG 2026-06-09 17:00:18 follower.py:191 follower_left SOFollower read wrist: 0.0ms
DEBUG 2026-06-09 17:00:18 t_client.py:198 Observation serialization time: 0.007268s
DEBUG 2026-06-09 17:00:18 ort/utils.py:54 [CLIENT] Observation Buffer size 4.39546012878418 MB with
DEBUG 2026-06-09 17:00:18 ort/utils.py:69 [CLIENT] Observation Sent 2097152/4608974 bytes with state 1
DEBUG 2026-06-09 17:00:18 t_client.py:292 Received actions on device: cpu
DEBUG 2026-06-09 17:00:18 t_client.py:302 Actions kept on device: cpu
DEBUG 2026-06-09 17:00:18 ort/utils.py:69 [CLIENT] Observation Sent 4194304/4608974 bytes with state 2
DEBUG 2026-06-09 17:00:18 ort/utils.py:69 [CLIENT] Observation Sent 4608974/4608974 bytes with state 3
DEBUG 2026-06-09 17:00:18 ort/utils.py:71 [CLIENT] Observation Published 4.39546012878418 MB
DEBUG 2026-06-09 17:00:18 t_client.py:209 Sent observation #1323 | 
DEBUG 2026-06-09 17:00:18 t_client.py:434 QUEUE SIZE: 8 (Must go: False)
DEBUG 2026-06-09 17:00:18 t_client.py:477 Control loop (ms): 130.22
DEBUG 2026-06-09 17:00:18 follower.py:184 follower_right SOFollower read state: 1.9ms
DEBUG 2026-06-09 17:00:18 follower.py:191 follower_right SOFollower read wrist: 0.0ms
DEBUG 2026-06-09 17:00:18 follower.py:184 follower_left SOFollower read state: 1.8ms
DEBUG 2026-06-09 17:00:18 follower.py:191 follower_left SOFollower read wrist: 0.0ms
DEBUG 2026-06-09 17:00:18 t_client.py:198 Observation serialization time: 0.008930s
DEBUG 2026-06-09 17:00:18 ort/utils.py:54 [CLIENT] Observation Buffer size 4.39546012878418 MB with
DEBUG 2026-06-09 17:00:18 ort/utils.py:69 [CLIENT] Observation Sent 2097152/4608974 bytes with state 1
DEBUG 2026-06-09 17:00:18 ort/utils.py:69 [CLIENT] Observation Sent 4194304/4608974 bytes with state 2
DEBUG 2026-06-09 17:00:18 ort/utils.py:69 [CLIENT] Observation Sent 4608974/4608974 bytes with state 3
DEBUG 2026-06-09 17:00:18 ort/utils.py:71 [CLIENT] Observation Published 4.39546012878418 MB
DEBUG 2026-06-09 17:00:18 t_client.py:292 Received actions on device: cpu
DEBUG 2026-06-09 17:00:18 t_client.py:302 Actions kept on device: cpu
DEBUG 2026-06-09 17:00:18 t_client.py:209 Sent observation #1324 | 
DEBUG 2026-06-09 17:00:18 t_client.py:434 QUEUE SIZE: 8 (Must go: False)
DEBUG 2026-06-09 17:00:18 t_client.py:477 Control loop (ms): 237.45
DEBUG 2026-06-09 17:00:18 t_client.py:477 Control loop (ms): 1.37
DEBUG 2026-06-09 17:00:18 t_client.py:477 Control loop (ms): 2.15
DEBUG 2026-06-09 17:00:18 t_client.py:477 Control loop (ms): 2.06
DEBUG 2026-06-09 17:00:18 t_client.py:292 Received actions on device: cpu
DEBUG 2026-06-09 17:00:18 t_client.py:302 Actions kept on device: cpu
DEBUG 2026-06-09 17:00:18 t_client.py:477 Control loop (ms): 3.85
DEBUG 2026-06-09 17:00:18 t_client.py:477 Control loop (ms): 3.23
DEBUG 2026-06-09 17:00:18 t_client.py:477 Control loop (ms): 2.44
DEBUG 2026-06-09 17:00:18 t_client.py:477 Control loop (ms): 2.44
DEBUG 2026-06-09 17:00:18 follower.py:184 follower_right SOFollower read state: 2.2ms
DEBUG 2026-06-09 17:00:18 follower.py:191 follower_right SOFollower read wrist: 0.1ms
DEBUG 2026-06-09 17:00:18 follower.py:184 follower_left SOFollower read state: 2.0ms
DEBUG 2026-06-09 17:00:18 follower.py:191 follower_left SOFollower read wrist: 0.0ms
DEBUG 2026-06-09 17:00:18 t_client.py:198 Observation serialization time: 0.012805s
DEBUG 2026-06-09 17:00:18 ort/utils.py:54 [CLIENT] Observation Buffer size 4.39546012878418 MB with
DEBUG 2026-06-09 17:00:18 ort/utils.py:69 [CLIENT] Observation Sent 2097152/4608974 bytes with state 1
DEBUG 2026-06-09 17:00:18 ort/utils.py:69 [CLIENT] Observation Sent 4194304/4608974 bytes with state 2
DEBUG 2026-06-09 17:00:18 ort/utils.py:69 [CLIENT] Observation Sent 4608974/4608974 bytes with state 3
DEBUG 2026-06-09 17:00:18 ort/utils.py:71 [CLIENT] Observation Published 4.39546012878418 MB
DEBUG 2026-06-09 17:00:18 t_client.py:209 Sent observation #1331 | 
DEBUG 2026-06-09 17:00:18 t_client.py:434 QUEUE SIZE: 8 (Must go: False)
DEBUG 2026-06-09 17:00:18 t_client.py:477 Control loop (ms): 135.15
DEBUG 2026-06-09 17:00:18 follower.py:184 follower_right SOFollower read state: 2.1ms
DEBUG 2026-06-09 17:00:18 follower.py:191 follower_right SOFollower read wrist: 0.0ms
DEBUG 2026-06-09 17:00:18 follower.py:184 follower_left SOFollower read state: 2.0ms
DEBUG 2026-06-09 17:00:18 follower.py:191 follower_left SOFollower read wrist: 0.0ms
DEBUG 2026-06-09 17:00:18 t_client.py:198 Observation serialization time: 0.008486s
DEBUG 2026-06-09 17:00:18 ort/utils.py:54 [CLIENT] Observation Buffer size 4.39546012878418 MB with
DEBUG 2026-06-09 17:00:18 ort/utils.py:69 [CLIENT] Observation Sent 2097152/4608974 bytes with state 1
DEBUG 2026-06-09 17:00:18 ort/utils.py:69 [CLIENT] Observation Sent 4194304/4608974 bytes with state 2
DEBUG 2026-06-09 17:00:18 ort/utils.py:69 [CLIENT] Observation Sent 4608974/4608974 bytes with state 3
DEBUG 2026-06-09 17:00:18 ort/utils.py:71 [CLIENT] Observation Published 4.39546012878418 MB
DEBUG 2026-06-09 17:00:18 t_client.py:292 Received actions on device: cpu
DEBUG 2026-06-09 17:00:18 t_client.py:302 Actions kept on device: cpu
DEBUG 2026-06-09 17:00:18 t_client.py:209 Sent observation #1332 | 
DEBUG 2026-06-09 17:00:18 t_client.py:434 QUEUE SIZE: 7 (Must go: False)
DEBUG 2026-06-09 17:00:18 t_client.py:477 Control loop (ms): 235.00
DEBUG 2026-06-09 17:00:18 t_client.py:477 Control loop (ms): 1.95
DEBUG 2026-06-09 17:00:19 t_client.py:477 Control loop (ms): 1.41
DEBUG 2026-06-09 17:00:19 t_client.py:477 Control loop (ms): 1.42
DEBUG 2026-06-09 17:00:19 t_client.py:292 Received actions on device: cpu
DEBUG 2026-06-09 17:00:19 t_client.py:302 Actions kept on device: cpu
DEBUG 2026-06-09 17:00:19 t_client.py:477 Control loop (ms): 1.43
DEBUG 2026-06-09 17:00:19 t_client.py:477 Control loop (ms): 1.56
DEBUG 2026-06-09 17:00:19 t_client.py:477 Control loop (ms): 1.46
DEBUG 2026-06-09 17:00:19 follower.py:184 follower_right SOFollower read state: 2.1ms
DEBUG 2026-06-09 17:00:19 follower.py:191 follower_right SOFollower read wrist: 0.0ms
DEBUG 2026-06-09 17:00:19 follower.py:184 follower_left SOFollower read state: 2.0ms
DEBUG 2026-06-09 17:00:19 follower.py:191 follower_left SOFollower read wrist: 0.0ms
DEBUG 2026-06-09 17:00:19 t_client.py:198 Observation serialization time: 0.011603s
DEBUG 2026-06-09 17:00:19 ort/utils.py:54 [CLIENT] Observation Buffer size 4.39546012878418 MB with
DEBUG 2026-06-09 17:00:19 ort/utils.py:69 [CLIENT] Observation Sent 2097152/4608974 bytes with state 1
DEBUG 2026-06-09 17:00:19 ort/utils.py:69 [CLIENT] Observation Sent 4194304/4608974 bytes with state 2
DEBUG 2026-06-09 17:00:19 ort/utils.py:69 [CLIENT] Observation Sent 4608974/4608974 bytes with state 3
DEBUG 2026-06-09 17:00:19 ort/utils.py:71 [CLIENT] Observation Published 4.39546012878418 MB
DEBUG 2026-06-09 17:00:19 t_client.py:209 Sent observation #1339 | 
DEBUG 2026-06-09 17:00:19 t_client.py:434 QUEUE SIZE: 8 (Must go: False)
DEBUG 2026-06-09 17:00:19 t_client.py:477 Control loop (ms): 174.08
DEBUG 2026-06-09 17:00:19 follower.py:184 follower_right SOFollower read state: 1.6ms
DEBUG 2026-06-09 17:00:19 follower.py:191 follower_right SOFollower read wrist: 0.0ms
DEBUG 2026-06-09 17:00:19 follower.py:184 follower_left SOFollower read state: 1.5ms
DEBUG 2026-06-09 17:00:19 follower.py:191 follower_left SOFollower read wrist: 0.0ms
DEBUG 2026-06-09 17:00:19 t_client.py:198 Observation serialization time: 0.003962s
DEBUG 2026-06-09 17:00:19 ort/utils.py:54 [CLIENT] Observation Buffer size 4.39546012878418 MB with
DEBUG 2026-06-09 17:00:19 ort/utils.py:69 [CLIENT] Observation Sent 2097152/4608974 bytes with state 1
DEBUG 2026-06-09 17:00:19 ort/utils.py:69 [CLIENT] Observation Sent 4194304/4608974 bytes with state 2
DEBUG 2026-06-09 17:00:19 ort/utils.py:69 [CLIENT] Observation Sent 4608974/4608974 bytes with state 3
DEBUG 2026-06-09 17:00:19 ort/utils.py:71 [CLIENT] Observation Published 4.39546012878418 MB
DEBUG 2026-06-09 17:00:19 t_client.py:292 Received actions on device: cpu
DEBUG 2026-06-09 17:00:19 t_client.py:302 Actions kept on device: cpu
DEBUG 2026-06-09 17:00:19 t_client.py:209 Sent observation #1340 | 
DEBUG 2026-06-09 17:00:19 t_client.py:434 QUEUE SIZE: 7 (Must go: False)
DEBUG 2026-06-09 17:00:19 t_client.py:477 Control loop (ms): 270.38
DEBUG 2026-06-09 17:00:19 t_client.py:477 Control loop (ms): 1.07
DEBUG 2026-06-09 17:00:19 t_client.py:477 Control loop (ms): 1.73
DEBUG 2026-06-09 17:00:19 t_client.py:477 Control loop (ms): 1.97
DEBUG 2026-06-09 17:00:19 t_client.py:477 Control loop (ms): 3.35
DEBUG 2026-06-09 17:00:19 t_client.py:292 Received actions on device: cpu
DEBUG 2026-06-09 17:00:19 t_client.py:302 Actions kept on device: cpu
DEBUG 2026-06-09 17:00:19 t_client.py:477 Control loop (ms): 1.91
DEBUG 2026-06-09 17:00:19 t_client.py:477 Control loop (ms): 3.23
DEBUG 2026-06-09 17:00:19 follower.py:184 follower_right SOFollower read state: 3.2ms
DEBUG 2026-06-09 17:00:19 follower.py:191 follower_right SOFollower read wrist: 0.1ms
DEBUG 2026-06-09 17:00:19 follower.py:184 follower_left SOFollower read state: 2.3ms
DEBUG 2026-06-09 17:00:19 follower.py:191 follower_left SOFollower read wrist: 0.0ms
DEBUG 2026-06-09 17:00:19 t_client.py:198 Observation serialization time: 0.009445s
DEBUG 2026-06-09 17:00:19 ort/utils.py:54 [CLIENT] Observation Buffer size 4.39546012878418 MB with
DEBUG 2026-06-09 17:00:19 ort/utils.py:69 [CLIENT] Observation Sent 2097152/4608974 bytes with state 1
DEBUG 2026-06-09 17:00:19 ort/utils.py:69 [CLIENT] Observation Sent 4194304/4608974 bytes with state 2
DEBUG 2026-06-09 17:00:19 ort/utils.py:69 [CLIENT] Observation Sent 4608974/4608974 bytes with state 3
DEBUG 2026-06-09 17:00:19 ort/utils.py:71 [CLIENT] Observation Published 4.39546012878418 MB
DEBUG 2026-06-09 17:00:19 t_client.py:209 Sent observation #1347 | 
DEBUG 2026-06-09 17:00:19 t_client.py:434 QUEUE SIZE: 8 (Must go: False)
DEBUG 2026-06-09 17:00:19 t_client.py:477 Control loop (ms): 147.62
DEBUG 2026-06-09 17:00:19 follower.py:184 follower_right SOFollower read state: 1.7ms
DEBUG 2026-06-09 17:00:19 follower.py:191 follower_right SOFollower read wrist: 0.0ms
DEBUG 2026-06-09 17:00:19 follower.py:184 follower_left SOFollower read state: 1.6ms
DEBUG 2026-06-09 17:00:19 follower.py:191 follower_left SOFollower read wrist: 0.0ms
DEBUG 2026-06-09 17:00:19 t_client.py:198 Observation serialization time: 0.006456s
DEBUG 2026-06-09 17:00:19 ort/utils.py:54 [CLIENT] Observation Buffer size 4.39546012878418 MB with
DEBUG 2026-06-09 17:00:20 ort/utils.py:69 [CLIENT] Observation Sent 2097152/4608974 bytes with state 1
DEBUG 2026-06-09 17:00:20 ort/utils.py:69 [CLIENT] Observation Sent 4194304/4608974 bytes with state 2
DEBUG 2026-06-09 17:00:20 ort/utils.py:69 [CLIENT] Observation Sent 4608974/4608974 bytes with state 3
DEBUG 2026-06-09 17:00:20 ort/utils.py:71 [CLIENT] Observation Published 4.39546012878418 MB
DEBUG 2026-06-09 17:00:20 t_client.py:292 Received actions on device: cpu
DEBUG 2026-06-09 17:00:20 t_client.py:302 Actions kept on device: cpu
DEBUG 2026-06-09 17:00:20 t_client.py:209 Sent observation #1348 | 
DEBUG 2026-06-09 17:00:20 t_client.py:434 QUEUE SIZE: 7 (Must go: False)
DEBUG 2026-06-09 17:00:20 t_client.py:477 Control loop (ms): 245.57
DEBUG 2026-06-09 17:00:20 t_client.py:477 Control loop (ms): 1.30
DEBUG 2026-06-09 17:00:20 t_client.py:477 Control loop (ms): 1.29
DEBUG 2026-06-09 17:00:20 t_client.py:477 Control loop (ms): 1.85
DEBUG 2026-06-09 17:00:20 t_client.py:477 Control loop (ms): 4.08
DEBUG 2026-06-09 17:00:20 t_client.py:292 Received actions on device: cpu
DEBUG 2026-06-09 17:00:20 t_client.py:302 Actions kept on device: cpu
DEBUG 2026-06-09 17:00:20 t_client.py:477 Control loop (ms): 1.85
DEBUG 2026-06-09 17:00:20 t_client.py:477 Control loop (ms): 1.60
DEBUG 2026-06-09 17:00:20 follower.py:184 follower_right SOFollower read state: 2.1ms
DEBUG 2026-06-09 17:00:20 follower.py:191 follower_right SOFollower read wrist: 0.0ms
DEBUG 2026-06-09 17:00:20 follower.py:184 follower_left SOFollower read state: 2.3ms
DEBUG 2026-06-09 17:00:20 follower.py:191 follower_left SOFollower read wrist: 0.0ms
DEBUG 2026-06-09 17:00:20 t_client.py:198 Observation serialization time: 0.009783s
DEBUG 2026-06-09 17:00:20 ort/utils.py:54 [CLIENT] Observation Buffer size 4.39546012878418 MB with
DEBUG 2026-06-09 17:00:20 ort/utils.py:69 [CLIENT] Observation Sent 2097152/4608974 bytes with state 1
DEBUG 2026-06-09 17:00:20 ort/utils.py:69 [CLIENT] Observation Sent 4194304/4608974 bytes with state 2
DEBUG 2026-06-09 17:00:20 ort/utils.py:69 [CLIENT] Observation Sent 4608974/4608974 bytes with state 3
DEBUG 2026-06-09 17:00:20 ort/utils.py:71 [CLIENT] Observation Published 4.39546012878418 MB
DEBUG 2026-06-09 17:00:20 t_client.py:209 Sent observation #1355 | 
DEBUG 2026-06-09 17:00:20 t_client.py:434 QUEUE SIZE: 8 (Must go: False)
DEBUG 2026-06-09 17:00:20 t_client.py:477 Control loop (ms): 156.18
DEBUG 2026-06-09 17:00:20 follower.py:184 follower_right SOFollower read state: 2.2ms
DEBUG 2026-06-09 17:00:20 follower.py:191 follower_right SOFollower read wrist: 0.0ms
DEBUG 2026-06-09 17:00:20 follower.py:184 follower_left SOFollower read state: 2.1ms
DEBUG 2026-06-09 17:00:20 follower.py:191 follower_left SOFollower read wrist: 0.0ms
DEBUG 2026-06-09 17:00:20 t_client.py:198 Observation serialization time: 0.010056s
DEBUG 2026-06-09 17:00:20 ort/utils.py:54 [CLIENT] Observation Buffer size 4.39546012878418 MB with
DEBUG 2026-06-09 17:00:20 ort/utils.py:69 [CLIENT] Observation Sent 2097152/4608974 bytes with state 1
DEBUG 2026-06-09 17:00:20 ort/utils.py:69 [CLIENT] Observation Sent 4194304/4608974 bytes with state 2
DEBUG 2026-06-09 17:00:20 ort/utils.py:69 [CLIENT] Observation Sent 4608974/4608974 bytes with state 3
DEBUG 2026-06-09 17:00:20 ort/utils.py:71 [CLIENT] Observation Published 4.39546012878418 MB
DEBUG 2026-06-09 17:00:20 t_client.py:209 Sent observation #1356 | 
DEBUG 2026-06-09 17:00:20 t_client.py:434 QUEUE SIZE: 7 (Must go: False)
DEBUG 2026-06-09 17:00:20 t_client.py:477 Control loop (ms): 140.86
DEBUG 2026-06-09 17:00:20 t_client.py:292 Received actions on device: cpu
DEBUG 2026-06-09 17:00:20 t_client.py:302 Actions kept on device: cpu
DEBUG 2026-06-09 17:00:20 follower.py:184 follower_right SOFollower read state: 2.0ms
DEBUG 2026-06-09 17:00:20 follower.py:191 follower_right SOFollower read wrist: 0.0ms
DEBUG 2026-06-09 17:00:20 follower.py:184 follower_left SOFollower read state: 1.5ms
DEBUG 2026-06-09 17:00:20 follower.py:191 follower_left SOFollower read wrist: 0.0ms
DEBUG 2026-06-09 17:00:20 t_client.py:198 Observation serialization time: 0.006286s
DEBUG 2026-06-09 17:00:20 ort/utils.py:54 [CLIENT] Observation Buffer size 4.39546012878418 MB with
DEBUG 2026-06-09 17:00:20 ort/utils.py:69 [CLIENT] Observation Sent 2097152/4608974 bytes with state 1
DEBUG 2026-06-09 17:00:20 ort/utils.py:69 [CLIENT] Observation Sent 4194304/4608974 bytes with state 2
DEBUG 2026-06-09 17:00:20 ort/utils.py:69 [CLIENT] Observation Sent 4608974/4608974 bytes with state 3
DEBUG 2026-06-09 17:00:20 ort/utils.py:71 [CLIENT] Observation Published 4.39546012878418 MB
DEBUG 2026-06-09 17:00:20 t_client.py:292 Received actions on device: cpu
DEBUG 2026-06-09 17:00:20 t_client.py:302 Actions kept on device: cpu
DEBUG 2026-06-09 17:00:20 t_client.py:209 Sent observation #1357 | 
DEBUG 2026-06-09 17:00:20 t_client.py:434 QUEUE SIZE: 13 (Must go: False)
DEBUG 2026-06-09 17:00:20 t_client.py:477 Control loop (ms): 258.61
DEBUG 2026-06-09 17:00:20 t_client.py:477 Control loop (ms): 1.66
DEBUG 2026-06-09 17:00:21 t_client.py:477 Control loop (ms): 2.09
DEBUG 2026-06-09 17:00:21 t_client.py:477 Control loop (ms): 2.10
DEBUG 2026-06-09 17:00:21 t_client.py:292 Received actions on device: cpu
DEBUG 2026-06-09 17:00:21 t_client.py:302 Actions kept on device: cpu
DEBUG 2026-06-09 17:00:21 t_client.py:477 Control loop (ms): 1.72
DEBUG 2026-06-09 17:00:21 t_client.py:477 Control loop (ms): 2.42
DEBUG 2026-06-09 17:00:21 t_client.py:477 Control loop (ms): 2.94
DEBUG 2026-06-09 17:00:21 follower.py:184 follower_right SOFollower read state: 2.2ms
DEBUG 2026-06-09 17:00:21 follower.py:191 follower_right SOFollower read wrist: 0.0ms
DEBUG 2026-06-09 17:00:21 follower.py:184 follower_left SOFollower read state: 2.5ms
DEBUG 2026-06-09 17:00:21 follower.py:191 follower_left SOFollower read wrist: 0.0ms
DEBUG 2026-06-09 17:00:21 t_client.py:198 Observation serialization time: 0.010533s
DEBUG 2026-06-09 17:00:21 ort/utils.py:54 [CLIENT] Observation Buffer size 4.39546012878418 MB with
DEBUG 2026-06-09 17:00:21 ort/utils.py:69 [CLIENT] Observation Sent 2097152/4608974 bytes with state 1
DEBUG 2026-06-09 17:00:21 ort/utils.py:69 [CLIENT] Observation Sent 4194304/4608974 bytes with state 2
DEBUG 2026-06-09 17:00:21 ort/utils.py:69 [CLIENT] Observation Sent 4608974/4608974 bytes with state 3
DEBUG 2026-06-09 17:00:21 ort/utils.py:71 [CLIENT] Observation Published 4.39546012878418 MB
DEBUG 2026-06-09 17:00:21 t_client.py:209 Sent observation #1364 | 
DEBUG 2026-06-09 17:00:21 t_client.py:434 QUEUE SIZE: 8 (Must go: False)
DEBUG 2026-06-09 17:00:21 t_client.py:477 Control loop (ms): 177.56
DEBUG 2026-06-09 17:00:21 follower.py:184 follower_right SOFollower read state: 1.8ms
DEBUG 2026-06-09 17:00:21 follower.py:191 follower_right SOFollower read wrist: 0.0ms
DEBUG 2026-06-09 17:00:21 follower.py:184 follower_left SOFollower read state: 1.7ms
DEBUG 2026-06-09 17:00:21 follower.py:191 follower_left SOFollower read wrist: 0.0ms
DEBUG 2026-06-09 17:00:21 t_client.py:198 Observation serialization time: 0.006758s
DEBUG 2026-06-09 17:00:21 ort/utils.py:54 [CLIENT] Observation Buffer size 4.39546012878418 MB with
DEBUG 2026-06-09 17:00:21 ort/utils.py:69 [CLIENT] Observation Sent 2097152/4608974 bytes with state 1
DEBUG 2026-06-09 17:00:21 ort/utils.py:69 [CLIENT] Observation Sent 4194304/4608974 bytes with state 2
DEBUG 2026-06-09 17:00:21 ort/utils.py:69 [CLIENT] Observation Sent 4608974/4608974 bytes with state 3
DEBUG 2026-06-09 17:00:21 ort/utils.py:71 [CLIENT] Observation Published 4.39546012878418 MB
DEBUG 2026-06-09 17:00:21 t_client.py:292 Received actions on device: cpu
DEBUG 2026-06-09 17:00:21 t_client.py:302 Actions kept on device: cpu
DEBUG 2026-06-09 17:00:21 t_client.py:209 Sent observation #1365 | 
DEBUG 2026-06-09 17:00:21 t_client.py:434 QUEUE SIZE: 7 (Must go: False)
DEBUG 2026-06-09 17:00:21 t_client.py:477 Control loop (ms): 170.01
DEBUG 2026-06-09 17:00:21 t_client.py:477 Control loop (ms): 1.63
DEBUG 2026-06-09 17:00:21 t_client.py:477 Control loop (ms): 1.15
DEBUG 2026-06-09 17:00:21 t_client.py:477 Control loop (ms): 2.01
DEBUG 2026-06-09 17:00:21 t_client.py:477 Control loop (ms): 1.94
DEBUG 2026-06-09 17:00:21 t_client.py:292 Received actions on device: cpu
DEBUG 2026-06-09 17:00:21 t_client.py:302 Actions kept on device: cpu
DEBUG 2026-06-09 17:00:21 t_client.py:477 Control loop (ms): 1.12
DEBUG 2026-06-09 17:00:21 t_client.py:477 Control loop (ms): 1.74
DEBUG 2026-06-09 17:00:21 follower.py:184 follower_right SOFollower read state: 1.9ms
DEBUG 2026-06-09 17:00:21 follower.py:191 follower_right SOFollower read wrist: 0.0ms
DEBUG 2026-06-09 17:00:21 follower.py:184 follower_left SOFollower read state: 1.7ms
DEBUG 2026-06-09 17:00:21 follower.py:191 follower_left SOFollower read wrist: 0.0ms
DEBUG 2026-06-09 17:00:21 t_client.py:198 Observation serialization time: 0.006623s
DEBUG 2026-06-09 17:00:21 ort/utils.py:54 [CLIENT] Observation Buffer size 4.39546012878418 MB with
DEBUG 2026-06-09 17:00:21 ort/utils.py:69 [CLIENT] Observation Sent 2097152/4608974 bytes with state 1
DEBUG 2026-06-09 17:00:21 ort/utils.py:69 [CLIENT] Observation Sent 4194304/4608974 bytes with state 2
DEBUG 2026-06-09 17:00:21 ort/utils.py:69 [CLIENT] Observation Sent 4608974/4608974 bytes with state 3
DEBUG 2026-06-09 17:00:21 ort/utils.py:71 [CLIENT] Observation Published 4.39546012878418 MB
DEBUG 2026-06-09 17:00:21 t_client.py:209 Sent observation #1372 | 
DEBUG 2026-06-09 17:00:21 t_client.py:434 QUEUE SIZE: 8 (Must go: False)
DEBUG 2026-06-09 17:00:21 t_client.py:477 Control loop (ms): 146.84
DEBUG 2026-06-09 17:00:21 follower.py:184 follower_right SOFollower read state: 1.7ms
DEBUG 2026-06-09 17:00:21 follower.py:191 follower_right SOFollower read wrist: 0.0ms
DEBUG 2026-06-09 17:00:21 follower.py:184 follower_left SOFollower read state: 1.8ms
DEBUG 2026-06-09 17:00:21 follower.py:191 follower_left SOFollower read wrist: 0.0ms
DEBUG 2026-06-09 17:00:21 t_client.py:198 Observation serialization time: 0.008982s
DEBUG 2026-06-09 17:00:21 ort/utils.py:54 [CLIENT] Observation Buffer size 4.39546012878418 MB with
DEBUG 2026-06-09 17:00:21 ort/utils.py:69 [CLIENT] Observation Sent 2097152/4608974 bytes with state 1
DEBUG 2026-06-09 17:00:21 ort/utils.py:69 [CLIENT] Observation Sent 4194304/4608974 bytes with state 2
DEBUG 2026-06-09 17:00:21 ort/utils.py:69 [CLIENT] Observation Sent 4608974/4608974 bytes with state 3
DEBUG 2026-06-09 17:00:21 ort/utils.py:71 [CLIENT] Observation Published 4.39546012878418 MB
DEBUG 2026-06-09 17:00:21 t_client.py:292 Received actions on device: cpu
DEBUG 2026-06-09 17:00:21 t_client.py:302 Actions kept on device: cpu
DEBUG 2026-06-09 17:00:22 t_client.py:209 Sent observation #1373 | 
DEBUG 2026-06-09 17:00:22 t_client.py:434 QUEUE SIZE: 7 (Must go: False)
DEBUG 2026-06-09 17:00:22 t_client.py:477 Control loop (ms): 148.91
DEBUG 2026-06-09 17:00:22 t_client.py:477 Control loop (ms): 1.53
DEBUG 2026-06-09 17:00:22 t_client.py:477 Control loop (ms): 1.92
DEBUG 2026-06-09 17:00:22 t_client.py:477 Control loop (ms): 2.27
DEBUG 2026-06-09 17:00:22 t_client.py:292 Received actions on device: cpu
DEBUG 2026-06-09 17:00:22 t_client.py:302 Actions kept on device: cpu
DEBUG 2026-06-09 17:00:22 t_client.py:477 Control loop (ms): 1.53
DEBUG 2026-06-09 17:00:22 t_client.py:477 Control loop (ms): 2.48
DEBUG 2026-06-09 17:00:22 t_client.py:477 Control loop (ms): 2.00
DEBUG 2026-06-09 17:00:22 follower.py:184 follower_right SOFollower read state: 2.1ms
DEBUG 2026-06-09 17:00:22 follower.py:191 follower_right SOFollower read wrist: 0.0ms
DEBUG 2026-06-09 17:00:22 follower.py:184 follower_left SOFollower read state: 1.9ms
DEBUG 2026-06-09 17:00:22 follower.py:191 follower_left SOFollower read wrist: 0.1ms
DEBUG 2026-06-09 17:00:22 t_client.py:198 Observation serialization time: 0.011542s
DEBUG 2026-06-09 17:00:22 ort/utils.py:54 [CLIENT] Observation Buffer size 4.39546012878418 MB with
DEBUG 2026-06-09 17:00:22 ort/utils.py:69 [CLIENT] Observation Sent 2097152/4608974 bytes with state 1
DEBUG 2026-06-09 17:00:22 ort/utils.py:69 [CLIENT] Observation Sent 4194304/4608974 bytes with state 2
DEBUG 2026-06-09 17:00:22 ort/utils.py:69 [CLIENT] Observation Sent 4608974/4608974 bytes with state 3
DEBUG 2026-06-09 17:00:22 ort/utils.py:71 [CLIENT] Observation Published 4.39546012878418 MB
DEBUG 2026-06-09 17:00:22 t_client.py:209 Sent observation #1380 | 
DEBUG 2026-06-09 17:00:22 t_client.py:434 QUEUE SIZE: 8 (Must go: False)
DEBUG 2026-06-09 17:00:22 t_client.py:477 Control loop (ms): 119.20
DEBUG 2026-06-09 17:00:22 follower.py:184 follower_right SOFollower read state: 1.6ms
DEBUG 2026-06-09 17:00:22 follower.py:191 follower_right SOFollower read wrist: 0.0ms
DEBUG 2026-06-09 17:00:22 follower.py:184 follower_left SOFollower read state: 1.7ms
DEBUG 2026-06-09 17:00:22 follower.py:191 follower_left SOFollower read wrist: 0.0ms
DEBUG 2026-06-09 17:00:22 t_client.py:198 Observation serialization time: 0.004626s
DEBUG 2026-06-09 17:00:22 ort/utils.py:54 [CLIENT] Observation Buffer size 4.39546012878418 MB with
DEBUG 2026-06-09 17:00:22 ort/utils.py:69 [CLIENT] Observation Sent 2097152/4608974 bytes with state 1
DEBUG 2026-06-09 17:00:22 ort/utils.py:69 [CLIENT] Observation Sent 4194304/4608974 bytes with state 2
DEBUG 2026-06-09 17:00:22 ort/utils.py:69 [CLIENT] Observation Sent 4608974/4608974 bytes with state 3
DEBUG 2026-06-09 17:00:22 ort/utils.py:71 [CLIENT] Observation Published 4.39546012878418 MB
DEBUG 2026-06-09 17:00:22 t_client.py:292 Received actions on device: cpu
DEBUG 2026-06-09 17:00:22 t_client.py:302 Actions kept on device: cpu
DEBUG 2026-06-09 17:00:22 t_client.py:209 Sent observation #1381 | 
DEBUG 2026-06-09 17:00:22 t_client.py:434 QUEUE SIZE: 7 (Must go: False)
DEBUG 2026-06-09 17:00:22 t_client.py:477 Control loop (ms): 103.09
DEBUG 2026-06-09 17:00:22 t_client.py:477 Control loop (ms): 1.15
DEBUG 2026-06-09 17:00:22 t_client.py:477 Control loop (ms): 1.93
DEBUG 2026-06-09 17:00:22 t_client.py:477 Control loop (ms): 1.54
DEBUG 2026-06-09 17:00:22 t_client.py:292 Received actions on device: cpu
DEBUG 2026-06-09 17:00:22 t_client.py:302 Actions kept on device: cpu
DEBUG 2026-06-09 17:00:22 t_client.py:477 Control loop (ms): 1.36
DEBUG 2026-06-09 17:00:22 t_client.py:477 Control loop (ms): 3.49
DEBUG 2026-06-09 17:00:22 t_client.py:477 Control loop (ms): 3.86
DEBUG 2026-06-09 17:00:22 follower.py:184 follower_right SOFollower read state: 2.3ms
DEBUG 2026-06-09 17:00:22 follower.py:191 follower_right SOFollower read wrist: 0.0ms
DEBUG 2026-06-09 17:00:22 follower.py:184 follower_left SOFollower read state: 1.8ms
DEBUG 2026-06-09 17:00:22 follower.py:191 follower_left SOFollower read wrist: 0.0ms
DEBUG 2026-06-09 17:00:22 t_client.py:198 Observation serialization time: 0.005080s
DEBUG 2026-06-09 17:00:22 ort/utils.py:54 [CLIENT] Observation Buffer size 4.39546012878418 MB with
DEBUG 2026-06-09 17:00:22 ort/utils.py:69 [CLIENT] Observation Sent 2097152/4608974 bytes with state 1
DEBUG 2026-06-09 17:00:22 ort/utils.py:69 [CLIENT] Observation Sent 4194304/4608974 bytes with state 2
DEBUG 2026-06-09 17:00:22 ort/utils.py:69 [CLIENT] Observation Sent 4608974/4608974 bytes with state 3
DEBUG 2026-06-09 17:00:22 ort/utils.py:71 [CLIENT] Observation Published 4.39546012878418 MB
DEBUG 2026-06-09 17:00:22 t_client.py:209 Sent observation #1388 | 
DEBUG 2026-06-09 17:00:22 t_client.py:434 QUEUE SIZE: 8 (Must go: False)
DEBUG 2026-06-09 17:00:22 t_client.py:477 Control loop (ms): 109.28
DEBUG 2026-06-09 17:00:22 follower.py:184 follower_right SOFollower read state: 1.8ms
DEBUG 2026-06-09 17:00:22 follower.py:191 follower_right SOFollower read wrist: 0.0ms
DEBUG 2026-06-09 17:00:22 follower.py:184 follower_left SOFollower read state: 1.6ms
DEBUG 2026-06-09 17:00:22 follower.py:191 follower_left SOFollower read wrist: 0.0ms
DEBUG 2026-06-09 17:00:22 t_client.py:198 Observation serialization time: 0.003525s
DEBUG 2026-06-09 17:00:22 ort/utils.py:54 [CLIENT] Observation Buffer size 4.39546012878418 MB with
DEBUG 2026-06-09 17:00:22 ort/utils.py:69 [CLIENT] Observation Sent 2097152/4608974 bytes with state 1
DEBUG 2026-06-09 17:00:22 ort/utils.py:69 [CLIENT] Observation Sent 4194304/4608974 bytes with state 2
DEBUG 2026-06-09 17:00:22 ort/utils.py:69 [CLIENT] Observation Sent 4608974/4608974 bytes with state 3
DEBUG 2026-06-09 17:00:22 ort/utils.py:71 [CLIENT] Observation Published 4.39546012878418 MB
DEBUG 2026-06-09 17:00:22 t_client.py:292 Received actions on device: cpu
DEBUG 2026-06-09 17:00:22 t_client.py:302 Actions kept on device: cpu
DEBUG 2026-06-09 17:00:22 t_client.py:209 Sent observation #1389 | 
DEBUG 2026-06-09 17:00:22 t_client.py:434 QUEUE SIZE: 7 (Must go: False)
DEBUG 2026-06-09 17:00:22 t_client.py:477 Control loop (ms): 111.89
DEBUG 2026-06-09 17:00:22 t_client.py:477 Control loop (ms): 1.70
DEBUG 2026-06-09 17:00:22 t_client.py:477 Control loop (ms): 1.66
DEBUG 2026-06-09 17:00:22 t_client.py:477 Control loop (ms): 2.93
DEBUG 2026-06-09 17:00:22 t_client.py:292 Received actions on device: cpu
DEBUG 2026-06-09 17:00:22 t_client.py:302 Actions kept on device: cpu
DEBUG 2026-06-09 17:00:22 t_client.py:477 Control loop (ms): 1.29
DEBUG 2026-06-09 17:00:23 t_client.py:477 Control loop (ms): 1.94
DEBUG 2026-06-09 17:00:23 t_client.py:477 Control loop (ms): 1.58
DEBUG 2026-06-09 17:00:23 follower.py:184 follower_right SOFollower read state: 2.0ms
DEBUG 2026-06-09 17:00:23 follower.py:191 follower_right SOFollower read wrist: 0.0ms
DEBUG 2026-06-09 17:00:23 follower.py:184 follower_left SOFollower read state: 2.1ms
DEBUG 2026-06-09 17:00:23 follower.py:191 follower_left SOFollower read wrist: 0.0ms
DEBUG 2026-06-09 17:00:23 t_client.py:198 Observation serialization time: 0.008623s
DEBUG 2026-06-09 17:00:23 ort/utils.py:54 [CLIENT] Observation Buffer size 4.39546012878418 MB with
DEBUG 2026-06-09 17:00:23 ort/utils.py:69 [CLIENT] Observation Sent 2097152/4608974 bytes with state 1
DEBUG 2026-06-09 17:00:23 ort/utils.py:69 [CLIENT] Observation Sent 4194304/4608974 bytes with state 2
DEBUG 2026-06-09 17:00:23 ort/utils.py:69 [CLIENT] Observation Sent 4608974/4608974 bytes with state 3
DEBUG 2026-06-09 17:00:23 ort/utils.py:71 [CLIENT] Observation Published 4.39546012878418 MB
DEBUG 2026-06-09 17:00:23 t_client.py:209 Sent observation #1396 | 
DEBUG 2026-06-09 17:00:23 t_client.py:434 QUEUE SIZE: 8 (Must go: False)
DEBUG 2026-06-09 17:00:23 t_client.py:477 Control loop (ms): 115.62
DEBUG 2026-06-09 17:00:23 follower.py:184 follower_right SOFollower read state: 1.5ms
DEBUG 2026-06-09 17:00:23 follower.py:191 follower_right SOFollower read wrist: 0.0ms
DEBUG 2026-06-09 17:00:23 follower.py:184 follower_left SOFollower read state: 1.4ms
DEBUG 2026-06-09 17:00:23 follower.py:191 follower_left SOFollower read wrist: 0.0ms
DEBUG 2026-06-09 17:00:23 t_client.py:198 Observation serialization time: 0.003671s
DEBUG 2026-06-09 17:00:23 ort/utils.py:54 [CLIENT] Observation Buffer size 4.39546012878418 MB with
DEBUG 2026-06-09 17:00:23 ort/utils.py:69 [CLIENT] Observation Sent 2097152/4608974 bytes with state 1
DEBUG 2026-06-09 17:00:23 ort/utils.py:69 [CLIENT] Observation Sent 4194304/4608974 bytes with state 2
DEBUG 2026-06-09 17:00:23 ort/utils.py:69 [CLIENT] Observation Sent 4608974/4608974 bytes with state 3
DEBUG 2026-06-09 17:00:23 ort/utils.py:71 [CLIENT] Observation Published 4.39546012878418 MB
DEBUG 2026-06-09 17:00:23 t_client.py:292 Received actions on device: cpu
DEBUG 2026-06-09 17:00:23 t_client.py:302 Actions kept on device: cpu
DEBUG 2026-06-09 17:00:23 t_client.py:209 Sent observation #1397 | 
DEBUG 2026-06-09 17:00:23 t_client.py:434 QUEUE SIZE: 7 (Must go: False)
DEBUG 2026-06-09 17:00:23 t_client.py:477 Control loop (ms): 117.26
DEBUG 2026-06-09 17:00:23 t_client.py:477 Control loop (ms): 1.47
DEBUG 2026-06-09 17:00:23 t_client.py:477 Control loop (ms): 1.50
DEBUG 2026-06-09 17:00:23 t_client.py:477 Control loop (ms): 1.98
DEBUG 2026-06-09 17:00:23 t_client.py:292 Received actions on device: cpu
DEBUG 2026-06-09 17:00:23 t_client.py:302 Actions kept on device: cpu
DEBUG 2026-06-09 17:00:23 t_client.py:477 Control loop (ms): 1.65
DEBUG 2026-06-09 17:00:23 t_client.py:477 Control loop (ms): 1.76
DEBUG 2026-06-09 17:00:23 t_client.py:477 Control loop (ms): 1.22
DEBUG 2026-06-09 17:00:23 follower.py:184 follower_right SOFollower read state: 2.1ms
DEBUG 2026-06-09 17:00:23 follower.py:191 follower_right SOFollower read wrist: 0.0ms
DEBUG 2026-06-09 17:00:23 follower.py:184 follower_left SOFollower read state: 1.9ms
DEBUG 2026-06-09 17:00:23 follower.py:191 follower_left SOFollower read wrist: 0.0ms
DEBUG 2026-06-09 17:00:23 t_client.py:198 Observation serialization time: 0.008789s
DEBUG 2026-06-09 17:00:23 ort/utils.py:54 [CLIENT] Observation Buffer size 4.39546012878418 MB with
DEBUG 2026-06-09 17:00:23 ort/utils.py:69 [CLIENT] Observation Sent 2097152/4608974 bytes with state 1
DEBUG 2026-06-09 17:00:23 ort/utils.py:69 [CLIENT] Observation Sent 4194304/4608974 bytes with state 2
DEBUG 2026-06-09 17:00:23 ort/utils.py:69 [CLIENT] Observation Sent 4608974/4608974 bytes with state 3
DEBUG 2026-06-09 17:00:23 ort/utils.py:71 [CLIENT] Observation Published 4.39546012878418 MB
DEBUG 2026-06-09 17:00:23 t_client.py:209 Sent observation #1404 | 
DEBUG 2026-06-09 17:00:23 t_client.py:434 QUEUE SIZE: 8 (Must go: False)
DEBUG 2026-06-09 17:00:23 t_client.py:477 Control loop (ms): 119.92
DEBUG 2026-06-09 17:00:23 follower.py:184 follower_right SOFollower read state: 2.5ms
DEBUG 2026-06-09 17:00:23 follower.py:191 follower_right SOFollower read wrist: 0.1ms
DEBUG 2026-06-09 17:00:23 follower.py:184 follower_left SOFollower read state: 2.6ms
DEBUG 2026-06-09 17:00:23 follower.py:191 follower_left SOFollower read wrist: 0.0ms
DEBUG 2026-06-09 17:00:23 t_client.py:198 Observation serialization time: 0.011451s
DEBUG 2026-06-09 17:00:23 ort/utils.py:54 [CLIENT] Observation Buffer size 4.39546012878418 MB with
DEBUG 2026-06-09 17:00:23 ort/utils.py:69 [CLIENT] Observation Sent 2097152/4608974 bytes with state 1
DEBUG 2026-06-09 17:00:23 ort/utils.py:69 [CLIENT] Observation Sent 4194304/4608974 bytes with state 2
DEBUG 2026-06-09 17:00:23 ort/utils.py:69 [CLIENT] Observation Sent 4608974/4608974 bytes with state 3
DEBUG 2026-06-09 17:00:23 ort/utils.py:71 [CLIENT] Observation Published 4.39546012878418 MB
DEBUG 2026-06-09 17:00:23 t_client.py:292 Received actions on device: cpu
DEBUG 2026-06-09 17:00:23 t_client.py:302 Actions kept on device: cpu
DEBUG 2026-06-09 17:00:23 t_client.py:209 Sent observation #1405 | 
DEBUG 2026-06-09 17:00:23 t_client.py:434 QUEUE SIZE: 7 (Must go: False)
DEBUG 2026-06-09 17:00:23 t_client.py:477 Control loop (ms): 139.43
DEBUG 2026-06-09 17:00:23 t_client.py:477 Control loop (ms): 1.13
DEBUG 2026-06-09 17:00:23 t_client.py:477 Control loop (ms): 1.93
DEBUG 2026-06-09 17:00:23 t_client.py:477 Control loop (ms): 2.03
DEBUG 2026-06-09 17:00:23 t_client.py:292 Received actions on device: cpu
DEBUG 2026-06-09 17:00:23 t_client.py:302 Actions kept on device: cpu
DEBUG 2026-06-09 17:00:23 t_client.py:477 Control loop (ms): 1.44
DEBUG 2026-06-09 17:00:23 t_client.py:477 Control loop (ms): 1.82
DEBUG 2026-06-09 17:00:23 t_client.py:477 Control loop (ms): 2.93
DEBUG 2026-06-09 17:00:23 follower.py:184 follower_right SOFollower read state: 2.0ms
DEBUG 2026-06-09 17:00:23 follower.py:191 follower_right SOFollower read wrist: 0.0ms
DEBUG 2026-06-09 17:00:23 follower.py:184 follower_left SOFollower read state: 2.0ms
DEBUG 2026-06-09 17:00:23 follower.py:191 follower_left SOFollower read wrist: 0.0ms
DEBUG 2026-06-09 17:00:23 t_client.py:198 Observation serialization time: 0.009850s
DEBUG 2026-06-09 17:00:23 ort/utils.py:54 [CLIENT] Observation Buffer size 4.39546012878418 MB with
DEBUG 2026-06-09 17:00:24 ort/utils.py:69 [CLIENT] Observation Sent 2097152/4608974 bytes with state 1
DEBUG 2026-06-09 17:00:24 ort/utils.py:69 [CLIENT] Observation Sent 4194304/4608974 bytes with state 2
DEBUG 2026-06-09 17:00:24 ort/utils.py:69 [CLIENT] Observation Sent 4608974/4608974 bytes with state 3
DEBUG 2026-06-09 17:00:24 ort/utils.py:71 [CLIENT] Observation Published 4.39546012878418 MB
DEBUG 2026-06-09 17:00:24 t_client.py:209 Sent observation #1412 | 
DEBUG 2026-06-09 17:00:24 t_client.py:434 QUEUE SIZE: 8 (Must go: False)
DEBUG 2026-06-09 17:00:24 t_client.py:477 Control loop (ms): 145.22
DEBUG 2026-06-09 17:00:24 follower.py:184 follower_right SOFollower read state: 1.8ms
DEBUG 2026-06-09 17:00:24 follower.py:191 follower_right SOFollower read wrist: 0.0ms
DEBUG 2026-06-09 17:00:24 follower.py:184 follower_left SOFollower read state: 1.7ms
DEBUG 2026-06-09 17:00:24 follower.py:191 follower_left SOFollower read wrist: 0.0ms
DEBUG 2026-06-09 17:00:24 t_client.py:198 Observation serialization time: 0.008173s
DEBUG 2026-06-09 17:00:24 ort/utils.py:54 [CLIENT] Observation Buffer size 4.39546012878418 MB with
DEBUG 2026-06-09 17:00:24 ort/utils.py:69 [CLIENT] Observation Sent 2097152/4608974 bytes with state 1
DEBUG 2026-06-09 17:00:24 ort/utils.py:69 [CLIENT] Observation Sent 4194304/4608974 bytes with state 2
DEBUG 2026-06-09 17:00:24 ort/utils.py:69 [CLIENT] Observation Sent 4608974/4608974 bytes with state 3
DEBUG 2026-06-09 17:00:24 ort/utils.py:71 [CLIENT] Observation Published 4.39546012878418 MB
DEBUG 2026-06-09 17:00:24 t_client.py:292 Received actions on device: cpu
DEBUG 2026-06-09 17:00:24 t_client.py:302 Actions kept on device: cpu
DEBUG 2026-06-09 17:00:24 t_client.py:209 Sent observation #1413 | 
DEBUG 2026-06-09 17:00:24 t_client.py:434 QUEUE SIZE: 7 (Must go: False)
DEBUG 2026-06-09 17:00:24 t_client.py:477 Control loop (ms): 124.06
DEBUG 2026-06-09 17:00:24 t_client.py:477 Control loop (ms): 1.38
DEBUG 2026-06-09 17:00:24 t_client.py:477 Control loop (ms): 1.63
DEBUG 2026-06-09 17:00:24 t_client.py:477 Control loop (ms): 2.34
DEBUG 2026-06-09 17:00:24 t_client.py:292 Received actions on device: cpu
DEBUG 2026-06-09 17:00:24 t_client.py:302 Actions kept on device: cpu
DEBUG 2026-06-09 17:00:24 t_client.py:477 Control loop (ms): 2.13
DEBUG 2026-06-09 17:00:24 t_client.py:477 Control loop (ms): 1.68
DEBUG 2026-06-09 17:00:24 t_client.py:477 Control loop (ms): 1.42
DEBUG 2026-06-09 17:00:24 follower.py:184 follower_right SOFollower read state: 1.8ms
DEBUG 2026-06-09 17:00:24 follower.py:191 follower_right SOFollower read wrist: 0.0ms
DEBUG 2026-06-09 17:00:24 follower.py:184 follower_left SOFollower read state: 1.7ms
DEBUG 2026-06-09 17:00:24 follower.py:191 follower_left SOFollower read wrist: 0.0ms
DEBUG 2026-06-09 17:00:24 t_client.py:198 Observation serialization time: 0.006484s
DEBUG 2026-06-09 17:00:24 ort/utils.py:54 [CLIENT] Observation Buffer size 4.39546012878418 MB with
DEBUG 2026-06-09 17:00:24 ort/utils.py:69 [CLIENT] Observation Sent 2097152/4608974 bytes with state 1
DEBUG 2026-06-09 17:00:24 ort/utils.py:69 [CLIENT] Observation Sent 4194304/4608974 bytes with state 2
DEBUG 2026-06-09 17:00:24 ort/utils.py:69 [CLIENT] Observation Sent 4608974/4608974 bytes with state 3
DEBUG 2026-06-09 17:00:24 ort/utils.py:71 [CLIENT] Observation Published 4.39546012878418 MB
DEBUG 2026-06-09 17:00:24 t_client.py:209 Sent observation #1420 | 
DEBUG 2026-06-09 17:00:24 t_client.py:434 QUEUE SIZE: 8 (Must go: False)
DEBUG 2026-06-09 17:00:24 t_client.py:477 Control loop (ms): 110.67
DEBUG 2026-06-09 17:00:24 follower.py:184 follower_right SOFollower read state: 1.8ms
DEBUG 2026-06-09 17:00:24 follower.py:191 follower_right SOFollower read wrist: 0.0ms
DEBUG 2026-06-09 17:00:24 follower.py:184 follower_left SOFollower read state: 1.6ms
DEBUG 2026-06-09 17:00:24 follower.py:191 follower_left SOFollower read wrist: 0.0ms
DEBUG 2026-06-09 17:00:24 t_client.py:198 Observation serialization time: 0.004399s
DEBUG 2026-06-09 17:00:24 ort/utils.py:54 [CLIENT] Observation Buffer size 4.39546012878418 MB with
DEBUG 2026-06-09 17:00:24 ort/utils.py:69 [CLIENT] Observation Sent 2097152/4608974 bytes with state 1
DEBUG 2026-06-09 17:00:24 ort/utils.py:69 [CLIENT] Observation Sent 4194304/4608974 bytes with state 2
DEBUG 2026-06-09 17:00:24 ort/utils.py:69 [CLIENT] Observation Sent 4608974/4608974 bytes with state 3
DEBUG 2026-06-09 17:00:24 ort/utils.py:71 [CLIENT] Observation Published 4.39546012878418 MB
DEBUG 2026-06-09 17:00:24 t_client.py:209 Sent observation #1421 | 
DEBUG 2026-06-09 17:00:24 t_client.py:292 Received actions on device: cpu
DEBUG 2026-06-09 17:00:24 t_client.py:434 QUEUE SIZE: 7 (Must go: False)
DEBUG 2026-06-09 17:00:24 t_client.py:477 Control loop (ms): 133.85
DEBUG 2026-06-09 17:00:24 t_client.py:302 Actions kept on device: cpu
DEBUG 2026-06-09 17:00:24 t_client.py:477 Control loop (ms): 0.67
DEBUG 2026-06-09 17:00:24 t_client.py:477 Control loop (ms): 1.67
DEBUG 2026-06-09 17:00:24 t_client.py:477 Control loop (ms): 1.96
DEBUG 2026-06-09 17:00:24 t_client.py:292 Received actions on device: cpu
DEBUG 2026-06-09 17:00:24 t_client.py:302 Actions kept on device: cpu
DEBUG 2026-06-09 17:00:24 t_client.py:477 Control loop (ms): 3.25
DEBUG 2026-06-09 17:00:24 t_client.py:477 Control loop (ms): 2.66
DEBUG 2026-06-09 17:00:24 t_client.py:477 Control loop (ms): 2.51
DEBUG 2026-06-09 17:00:24 t_client.py:477 Control loop (ms): 2.62
DEBUG 2026-06-09 17:00:24 t_client.py:477 Control loop (ms): 2.70
DEBUG 2026-06-09 17:00:24 follower.py:184 follower_right SOFollower read state: 1.9ms
DEBUG 2026-06-09 17:00:24 follower.py:191 follower_right SOFollower read wrist: 0.0ms
DEBUG 2026-06-09 17:00:24 follower.py:184 follower_left SOFollower read state: 1.7ms
DEBUG 2026-06-09 17:00:24 follower.py:191 follower_left SOFollower read wrist: 0.0ms
DEBUG 2026-06-09 17:00:24 t_client.py:198 Observation serialization time: 0.003431s
DEBUG 2026-06-09 17:00:24 ort/utils.py:54 [CLIENT] Observation Buffer size 4.39546012878418 MB with
DEBUG 2026-06-09 17:00:24 ort/utils.py:69 [CLIENT] Observation Sent 2097152/4608974 bytes with state 1
DEBUG 2026-06-09 17:00:24 ort/utils.py:69 [CLIENT] Observation Sent 4194304/4608974 bytes with state 2
DEBUG 2026-06-09 17:00:25 ort/utils.py:69 [CLIENT] Observation Sent 4608974/4608974 bytes with state 3
DEBUG 2026-06-09 17:00:25 ort/utils.py:71 [CLIENT] Observation Published 4.39546012878418 MB
DEBUG 2026-06-09 17:00:25 t_client.py:209 Sent observation #1428 | 
DEBUG 2026-06-09 17:00:25 t_client.py:434 QUEUE SIZE: 8 (Must go: False)
DEBUG 2026-06-09 17:00:25 t_client.py:477 Control loop (ms): 128.69
DEBUG 2026-06-09 17:00:25 follower.py:184 follower_right SOFollower read state: 2.1ms
DEBUG 2026-06-09 17:00:25 follower.py:191 follower_right SOFollower read wrist: 0.0ms
DEBUG 2026-06-09 17:00:25 follower.py:184 follower_left SOFollower read state: 2.0ms
DEBUG 2026-06-09 17:00:25 follower.py:191 follower_left SOFollower read wrist: 0.0ms
DEBUG 2026-06-09 17:00:25 t_client.py:198 Observation serialization time: 0.008138s
DEBUG 2026-06-09 17:00:25 ort/utils.py:54 [CLIENT] Observation Buffer size 4.39546012878418 MB with
DEBUG 2026-06-09 17:00:25 ort/utils.py:69 [CLIENT] Observation Sent 2097152/4608974 bytes with state 1
DEBUG 2026-06-09 17:00:25 ort/utils.py:69 [CLIENT] Observation Sent 4194304/4608974 bytes with state 2
DEBUG 2026-06-09 17:00:25 ort/utils.py:69 [CLIENT] Observation Sent 4608974/4608974 bytes with state 3
DEBUG 2026-06-09 17:00:25 ort/utils.py:71 [CLIENT] Observation Published 4.39546012878418 MB
DEBUG 2026-06-09 17:00:25 t_client.py:292 Received actions on device: cpu
DEBUG 2026-06-09 17:00:25 t_client.py:302 Actions kept on device: cpu
DEBUG 2026-06-09 17:00:25 t_client.py:209 Sent observation #1429 | 
DEBUG 2026-06-09 17:00:25 t_client.py:434 QUEUE SIZE: 7 (Must go: False)
DEBUG 2026-06-09 17:00:25 t_client.py:477 Control loop (ms): 152.60
DEBUG 2026-06-09 17:00:25 t_client.py:477 Control loop (ms): 1.41
DEBUG 2026-06-09 17:00:25 t_client.py:477 Control loop (ms): 1.36
DEBUG 2026-06-09 17:00:25 t_client.py:477 Control loop (ms): 1.51
DEBUG 2026-06-09 17:00:25 t_client.py:292 Received actions on device: cpu
DEBUG 2026-06-09 17:00:25 t_client.py:302 Actions kept on device: cpu
DEBUG 2026-06-09 17:00:25 t_client.py:477 Control loop (ms): 1.14
DEBUG 2026-06-09 17:00:25 t_client.py:477 Control loop (ms): 1.28
DEBUG 2026-06-09 17:00:25 t_client.py:477 Control loop (ms): 1.36
DEBUG 2026-06-09 17:00:25 follower.py:184 follower_right SOFollower read state: 2.1ms
DEBUG 2026-06-09 17:00:25 follower.py:191 follower_right SOFollower read wrist: 0.0ms
DEBUG 2026-06-09 17:00:25 follower.py:184 follower_left SOFollower read state: 2.2ms
DEBUG 2026-06-09 17:00:25 follower.py:191 follower_left SOFollower read wrist: 0.0ms
DEBUG 2026-06-09 17:00:25 t_client.py:198 Observation serialization time: 0.008499s
DEBUG 2026-06-09 17:00:25 ort/utils.py:54 [CLIENT] Observation Buffer size 4.39546012878418 MB with
DEBUG 2026-06-09 17:00:25 ort/utils.py:69 [CLIENT] Observation Sent 2097152/4608974 bytes with state 1
DEBUG 2026-06-09 17:00:25 ort/utils.py:69 [CLIENT] Observation Sent 4194304/4608974 bytes with state 2
DEBUG 2026-06-09 17:00:25 ort/utils.py:69 [CLIENT] Observation Sent 4608974/4608974 bytes with state 3
DEBUG 2026-06-09 17:00:25 ort/utils.py:71 [CLIENT] Observation Published 4.39546012878418 MB
DEBUG 2026-06-09 17:00:25 t_client.py:209 Sent observation #1436 | 
DEBUG 2026-06-09 17:00:25 t_client.py:434 QUEUE SIZE: 8 (Must go: False)
DEBUG 2026-06-09 17:00:25 t_client.py:477 Control loop (ms): 137.21
DEBUG 2026-06-09 17:00:25 follower.py:184 follower_right SOFollower read state: 1.8ms
DEBUG 2026-06-09 17:00:25 follower.py:191 follower_right SOFollower read wrist: 0.0ms
DEBUG 2026-06-09 17:00:25 follower.py:184 follower_left SOFollower read state: 2.0ms
DEBUG 2026-06-09 17:00:25 follower.py:191 follower_left SOFollower read wrist: 0.0ms
DEBUG 2026-06-09 17:00:25 t_client.py:198 Observation serialization time: 0.010130s
DEBUG 2026-06-09 17:00:25 ort/utils.py:54 [CLIENT] Observation Buffer size 4.39546012878418 MB with
DEBUG 2026-06-09 17:00:25 ort/utils.py:69 [CLIENT] Observation Sent 2097152/4608974 bytes with state 1
DEBUG 2026-06-09 17:00:25 ort/utils.py:69 [CLIENT] Observation Sent 4194304/4608974 bytes with state 2
DEBUG 2026-06-09 17:00:25 ort/utils.py:69 [CLIENT] Observation Sent 4608974/4608974 bytes with state 3
DEBUG 2026-06-09 17:00:25 ort/utils.py:71 [CLIENT] Observation Published 4.39546012878418 MB
DEBUG 2026-06-09 17:00:25 t_client.py:209 Sent observation #1437 | 
DEBUG 2026-06-09 17:00:25 t_client.py:434 QUEUE SIZE: 7 (Must go: False)
DEBUG 2026-06-09 17:00:25 t_client.py:477 Control loop (ms): 121.13
DEBUG 2026-06-09 17:00:25 t_client.py:292 Received actions on device: cpu
DEBUG 2026-06-09 17:00:25 t_client.py:302 Actions kept on device: cpu
DEBUG 2026-06-09 17:00:25 follower.py:184 follower_right SOFollower read state: 2.5ms
DEBUG 2026-06-09 17:00:25 follower.py:191 follower_right SOFollower read wrist: 0.0ms
DEBUG 2026-06-09 17:00:25 follower.py:184 follower_left SOFollower read state: 2.2ms
DEBUG 2026-06-09 17:00:25 follower.py:191 follower_left SOFollower read wrist: 0.0ms
DEBUG 2026-06-09 17:00:25 t_client.py:198 Observation serialization time: 0.010926s
DEBUG 2026-06-09 17:00:25 ort/utils.py:54 [CLIENT] Observation Buffer size 4.39546012878418 MB with
DEBUG 2026-06-09 17:00:25 ort/utils.py:69 [CLIENT] Observation Sent 2097152/4608974 bytes with state 1
DEBUG 2026-06-09 17:00:25 ort/utils.py:69 [CLIENT] Observation Sent 4194304/4608974 bytes with state 2
DEBUG 2026-06-09 17:00:25 ort/utils.py:69 [CLIENT] Observation Sent 4608974/4608974 bytes with state 3
DEBUG 2026-06-09 17:00:25 ort/utils.py:71 [CLIENT] Observation Published 4.39546012878418 MB
DEBUG 2026-06-09 17:00:25 t_client.py:292 Received actions on device: cpu
DEBUG 2026-06-09 17:00:25 t_client.py:302 Actions kept on device: cpu
DEBUG 2026-06-09 17:00:25 t_client.py:209 Sent observation #1438 | 
DEBUG 2026-06-09 17:00:25 t_client.py:434 QUEUE SIZE: 14 (Must go: False)
DEBUG 2026-06-09 17:00:25 t_client.py:477 Control loop (ms): 142.96
DEBUG 2026-06-09 17:00:25 t_client.py:477 Control loop (ms): 1.60
DEBUG 2026-06-09 17:00:25 t_client.py:477 Control loop (ms): 3.17
DEBUG 2026-06-09 17:00:25 t_client.py:477 Control loop (ms): 2.71
DEBUG 2026-06-09 17:00:25 t_client.py:477 Control loop (ms): 2.63
DEBUG 2026-06-09 17:00:25 t_client.py:477 Control loop (ms): 2.01
DEBUG 2026-06-09 17:00:26 follower.py:184 follower_right SOFollower read state: 3.0ms
DEBUG 2026-06-09 17:00:26 follower.py:191 follower_right SOFollower read wrist: 0.1ms
DEBUG 2026-06-09 17:00:26 follower.py:184 follower_left SOFollower read state: 2.6ms
DEBUG 2026-06-09 17:00:26 follower.py:191 follower_left SOFollower read wrist: 0.0ms
DEBUG 2026-06-09 17:00:26 t_client.py:198 Observation serialization time: 0.013026s
DEBUG 2026-06-09 17:00:26 ort/utils.py:54 [CLIENT] Observation Buffer size 4.39546012878418 MB with
DEBUG 2026-06-09 17:00:26 ort/utils.py:69 [CLIENT] Observation Sent 2097152/4608974 bytes with state 1
DEBUG 2026-06-09 17:00:26 ort/utils.py:69 [CLIENT] Observation Sent 4194304/4608974 bytes with state 2
DEBUG 2026-06-09 17:00:26 ort/utils.py:69 [CLIENT] Observation Sent 4608974/4608974 bytes with state 3
DEBUG 2026-06-09 17:00:26 ort/utils.py:71 [CLIENT] Observation Published 4.39546012878418 MB
DEBUG 2026-06-09 17:00:26 t_client.py:209 Sent observation #1444 | 
DEBUG 2026-06-09 17:00:26 t_client.py:434 QUEUE SIZE: 8 (Must go: False)
DEBUG 2026-06-09 17:00:26 t_client.py:477 Control loop (ms): 136.69
DEBUG 2026-06-09 17:00:26 follower.py:184 follower_right SOFollower read state: 2.0ms
DEBUG 2026-06-09 17:00:26 follower.py:191 follower_right SOFollower read wrist: 0.0ms
DEBUG 2026-06-09 17:00:26 follower.py:184 follower_left SOFollower read state: 1.8ms
DEBUG 2026-06-09 17:00:26 follower.py:191 follower_left SOFollower read wrist: 0.0ms
DEBUG 2026-06-09 17:00:26 t_client.py:198 Observation serialization time: 0.006108s
DEBUG 2026-06-09 17:00:26 ort/utils.py:54 [CLIENT] Observation Buffer size 4.39546012878418 MB with
DEBUG 2026-06-09 17:00:26 ort/utils.py:69 [CLIENT] Observation Sent 2097152/4608974 bytes with state 1
DEBUG 2026-06-09 17:00:26 ort/utils.py:69 [CLIENT] Observation Sent 4194304/4608974 bytes with state 2
DEBUG 2026-06-09 17:00:26 ort/utils.py:69 [CLIENT] Observation Sent 4608974/4608974 bytes with state 3
DEBUG 2026-06-09 17:00:26 ort/utils.py:71 [CLIENT] Observation Published 4.39546012878418 MB
DEBUG 2026-06-09 17:00:26 t_client.py:209 Sent observation #1445 | 
DEBUG 2026-06-09 17:00:26 t_client.py:434 QUEUE SIZE: 7 (Must go: False)
DEBUG 2026-06-09 17:00:26 t_client.py:477 Control loop (ms): 117.04
DEBUG 2026-06-09 17:00:26 t_client.py:292 Received actions on device: cpu
DEBUG 2026-06-09 17:00:26 t_client.py:302 Actions kept on device: cpu
DEBUG 2026-06-09 17:00:26 t_client.py:477 Control loop (ms): 2.67
DEBUG 2026-06-09 17:00:26 t_client.py:477 Control loop (ms): 2.94
DEBUG 2026-06-09 17:00:26 t_client.py:477 Control loop (ms): 2.14
DEBUG 2026-06-09 17:00:26 t_client.py:292 Received actions on device: cpu
DEBUG 2026-06-09 17:00:26 t_client.py:302 Actions kept on device: cpu
DEBUG 2026-06-09 17:00:26 t_client.py:477 Control loop (ms): 1.32
DEBUG 2026-06-09 17:00:26 t_client.py:477 Control loop (ms): 1.67
DEBUG 2026-06-09 17:00:26 t_client.py:477 Control loop (ms): 1.94
DEBUG 2026-06-09 17:00:26 t_client.py:477 Control loop (ms): 2.10
DEBUG 2026-06-09 17:00:26 follower.py:184 follower_right SOFollower read state: 2.7ms
DEBUG 2026-06-09 17:00:26 follower.py:191 follower_right SOFollower read wrist: 0.0ms
DEBUG 2026-06-09 17:00:26 follower.py:184 follower_left SOFollower read state: 1.9ms
DEBUG 2026-06-09 17:00:26 follower.py:191 follower_left SOFollower read wrist: 0.0ms
DEBUG 2026-06-09 17:00:26 t_client.py:198 Observation serialization time: 0.008763s
DEBUG 2026-06-09 17:00:26 ort/utils.py:54 [CLIENT] Observation Buffer size 4.39546012878418 MB with
DEBUG 2026-06-09 17:00:26 ort/utils.py:69 [CLIENT] Observation Sent 2097152/4608974 bytes with state 1
DEBUG 2026-06-09 17:00:26 ort/utils.py:69 [CLIENT] Observation Sent 4194304/4608974 bytes with state 2
DEBUG 2026-06-09 17:00:26 ort/utils.py:69 [CLIENT] Observation Sent 4608974/4608974 bytes with state 3
DEBUG 2026-06-09 17:00:26 ort/utils.py:71 [CLIENT] Observation Published 4.39546012878418 MB
DEBUG 2026-06-09 17:00:26 t_client.py:209 Sent observation #1452 | 
DEBUG 2026-06-09 17:00:26 t_client.py:434 QUEUE SIZE: 8 (Must go: False)
DEBUG 2026-06-09 17:00:26 t_client.py:477 Control loop (ms): 115.83
DEBUG 2026-06-09 17:00:26 follower.py:184 follower_right SOFollower read state: 1.6ms
DEBUG 2026-06-09 17:00:26 follower.py:191 follower_right SOFollower read wrist: 0.0ms
DEBUG 2026-06-09 17:00:26 follower.py:184 follower_left SOFollower read state: 1.8ms
DEBUG 2026-06-09 17:00:26 follower.py:191 follower_left SOFollower read wrist: 0.0ms
DEBUG 2026-06-09 17:00:26 t_client.py:198 Observation serialization time: 0.009272s
DEBUG 2026-06-09 17:00:26 ort/utils.py:54 [CLIENT] Observation Buffer size 4.39546012878418 MB with
DEBUG 2026-06-09 17:00:26 ort/utils.py:69 [CLIENT] Observation Sent 2097152/4608974 bytes with state 1
DEBUG 2026-06-09 17:00:26 ort/utils.py:69 [CLIENT] Observation Sent 4194304/4608974 bytes with state 2
DEBUG 2026-06-09 17:00:26 ort/utils.py:69 [CLIENT] Observation Sent 4608974/4608974 bytes with state 3
DEBUG 2026-06-09 17:00:26 ort/utils.py:71 [CLIENT] Observation Published 4.39546012878418 MB
DEBUG 2026-06-09 17:00:26 t_client.py:209 Sent observation #1453 | 
DEBUG 2026-06-09 17:00:26 t_client.py:434 QUEUE SIZE: 7 (Must go: False)
DEBUG 2026-06-09 17:00:26 t_client.py:477 Control loop (ms): 119.11
DEBUG 2026-06-09 17:00:26 follower.py:184 follower_right SOFollower read state: 3.2ms
DEBUG 2026-06-09 17:00:26 follower.py:191 follower_right SOFollower read wrist: 0.0ms
DEBUG 2026-06-09 17:00:26 t_client.py:292 Received actions on device: cpu
DEBUG 2026-06-09 17:00:26 t_client.py:302 Actions kept on device: cpu
DEBUG 2026-06-09 17:00:26 follower.py:184 follower_left SOFollower read state: 2.7ms
DEBUG 2026-06-09 17:00:26 follower.py:191 follower_left SOFollower read wrist: 0.1ms
DEBUG 2026-06-09 17:00:26 t_client.py:198 Observation serialization time: 0.007628s
DEBUG 2026-06-09 17:00:26 ort/utils.py:54 [CLIENT] Observation Buffer size 4.39546012878418 MB with
DEBUG 2026-06-09 17:00:26 ort/utils.py:69 [CLIENT] Observation Sent 2097152/4608974 bytes with state 1
DEBUG 2026-06-09 17:00:26 ort/utils.py:69 [CLIENT] Observation Sent 4194304/4608974 bytes with state 2
DEBUG 2026-06-09 17:00:26 ort/utils.py:69 [CLIENT] Observation Sent 4608974/4608974 bytes with state 3
DEBUG 2026-06-09 17:00:26 ort/utils.py:71 [CLIENT] Observation Published 4.39546012878418 MB
DEBUG 2026-06-09 17:00:26 t_client.py:209 Sent observation #1454 | 
DEBUG 2026-06-09 17:00:26 t_client.py:434 QUEUE SIZE: 6 (Must go: False)
DEBUG 2026-06-09 17:00:26 t_client.py:477 Control loop (ms): 131.79
DEBUG 2026-06-09 17:00:26 t_client.py:292 Received actions on device: cpu
DEBUG 2026-06-09 17:00:26 t_client.py:302 Actions kept on device: cpu
DEBUG 2026-06-09 17:00:26 t_client.py:477 Control loop (ms): 6.62
DEBUG 2026-06-09 17:00:26 t_client.py:477 Control loop (ms): 1.79
DEBUG 2026-06-09 17:00:26 t_client.py:477 Control loop (ms): 1.90
DEBUG 2026-06-09 17:00:26 t_client.py:477 Control loop (ms): 1.87
DEBUG 2026-06-09 17:00:26 t_client.py:292 Received actions on device: cpu
DEBUG 2026-06-09 17:00:26 t_client.py:302 Actions kept on device: cpu
DEBUG 2026-06-09 17:00:27 t_client.py:477 Control loop (ms): 2.03
DEBUG 2026-06-09 17:00:27 t_client.py:477 Control loop (ms): 2.17
DEBUG 2026-06-09 17:00:27 follower.py:184 follower_right SOFollower read state: 2.0ms
DEBUG 2026-06-09 17:00:27 follower.py:191 follower_right SOFollower read wrist: 0.0ms
DEBUG 2026-06-09 17:00:27 follower.py:184 follower_left SOFollower read state: 2.2ms
DEBUG 2026-06-09 17:00:27 follower.py:191 follower_left SOFollower read wrist: 0.0ms
DEBUG 2026-06-09 17:00:27 t_client.py:198 Observation serialization time: 0.007655s
DEBUG 2026-06-09 17:00:27 ort/utils.py:54 [CLIENT] Observation Buffer size 4.39546012878418 MB with
DEBUG 2026-06-09 17:00:27 ort/utils.py:69 [CLIENT] Observation Sent 2097152/4608974 bytes with state 1
DEBUG 2026-06-09 17:00:27 ort/utils.py:69 [CLIENT] Observation Sent 4194304/4608974 bytes with state 2
DEBUG 2026-06-09 17:00:27 ort/utils.py:69 [CLIENT] Observation Sent 4608974/4608974 bytes with state 3
DEBUG 2026-06-09 17:00:27 ort/utils.py:71 [CLIENT] Observation Published 4.39546012878418 MB
DEBUG 2026-06-09 17:00:27 t_client.py:209 Sent observation #1461 | 
DEBUG 2026-06-09 17:00:27 t_client.py:434 QUEUE SIZE: 8 (Must go: False)
DEBUG 2026-06-09 17:00:27 t_client.py:477 Control loop (ms): 133.73
DEBUG 2026-06-09 17:00:27 follower.py:184 follower_right SOFollower read state: 1.8ms
DEBUG 2026-06-09 17:00:27 follower.py:191 follower_right SOFollower read wrist: 0.0ms
DEBUG 2026-06-09 17:00:27 follower.py:184 follower_left SOFollower read state: 1.6ms
DEBUG 2026-06-09 17:00:27 follower.py:191 follower_left SOFollower read wrist: 0.0ms
DEBUG 2026-06-09 17:00:27 t_client.py:198 Observation serialization time: 0.006755s
DEBUG 2026-06-09 17:00:27 ort/utils.py:54 [CLIENT] Observation Buffer size 4.39546012878418 MB with
DEBUG 2026-06-09 17:00:27 ort/utils.py:69 [CLIENT] Observation Sent 2097152/4608974 bytes with state 1
DEBUG 2026-06-09 17:00:27 ort/utils.py:69 [CLIENT] Observation Sent 4194304/4608974 bytes with state 2
DEBUG 2026-06-09 17:00:27 ort/utils.py:69 [CLIENT] Observation Sent 4608974/4608974 bytes with state 3
DEBUG 2026-06-09 17:00:27 ort/utils.py:71 [CLIENT] Observation Published 4.39546012878418 MB
DEBUG 2026-06-09 17:00:27 t_client.py:292 Received actions on device: cpu
DEBUG 2026-06-09 17:00:27 t_client.py:302 Actions kept on device: cpu
DEBUG 2026-06-09 17:00:27 t_client.py:209 Sent observation #1462 | 
DEBUG 2026-06-09 17:00:27 t_client.py:434 QUEUE SIZE: 7 (Must go: False)
DEBUG 2026-06-09 17:00:27 t_client.py:477 Control loop (ms): 126.63
DEBUG 2026-06-09 17:00:27 t_client.py:477 Control loop (ms): 1.67
DEBUG 2026-06-09 17:00:27 t_client.py:477 Control loop (ms): 1.52
DEBUG 2026-06-09 17:00:27 t_client.py:477 Control loop (ms): 2.18
DEBUG 2026-06-09 17:00:27 t_client.py:292 Received actions on device: cpu
DEBUG 2026-06-09 17:00:27 t_client.py:302 Actions kept on device: cpu
DEBUG 2026-06-09 17:00:27 t_client.py:477 Control loop (ms): 1.69
DEBUG 2026-06-09 17:00:27 tors_bus.py:561 FeetechMotorsBus disconnected.
INFO 2026-06-09 17:00:27 a_opencv.py:606 OpenCVCamera(/dev/wrist_right) disconnected.
INFO 2026-06-09 17:00:27 follower.py:229 follower_right SOFollower disconnected.
DEBUG 2026-06-09 17:00:27 tors_bus.py:561 FeetechMotorsBus disconnected.
INFO 2026-06-09 17:00:27 a_opencv.py:606 OpenCVCamera(/dev/wrist_left) disconnected.
INFO 2026-06-09 17:00:27 follower.py:229 follower_left SOFollower disconnected.
INFO 2026-06-09 17:00:27 a_opencv.py:606 OpenCVCamera(/dev/video4) disconnected.
INFO 2026-06-09 17:00:27 follower.py:206 Top camera 'top_realsense_color' disconnected.
INFO 2026-06-09 17:00:27 a_opencv.py:606 OpenCVCamera(/dev/video2) disconnected.
INFO 2026-06-09 17:00:27 follower.py:206 Top camera 'top_realsense_depth' disconnected.
INFO 2026-06-09 17:00:28 a_opencv.py:606 OpenCVCamera(/dev/video6) disconnected.
INFO 2026-06-09 17:00:28 follower.py:206 Top camera 'top_webcam' disconnected.
DEBUG 2026-06-09 17:00:28 t_client.py:178 Robot disconnected
DEBUG 2026-06-09 17:00:28 t_client.py:181 Client stopped, channel closed
ERROR 2026-06-09 17:00:28 t_client.py:359 Error receiving actions: <_InactiveRpcError of RPC that terminated with:
	status = StatusCode.CANCELLED
	details = "Channel closed!"
	debug_error_string = "UNKNOWN:Error received from peer  {grpc_message:"Channel closed!", grpc_status:1}"
>
DEBUG 2026-06-09 17:00:28 __init__.py:342 matplotlib data path: /home/kibub/miniforge3/envs/lerobot/lib/python3.12/site-packages/matplotlib/mpl-data
DEBUG 2026-06-09 17:00:28 __init__.py:342 CONFIGDIR=/home/kibub/.config/matplotlib
DEBUG 2026-06-09 17:00:28 _init__.py:1560 interactive is False
DEBUG 2026-06-09 17:00:28 _init__.py:1561 platform is linux
DEBUG 2026-06-09 17:00:28 __init__.py:342 CACHEDIR=/home/kibub/.cache/matplotlib
DEBUG 2026-06-09 17:00:28 manager.py:1635 Using fontManager instance from /home/kibub/.cache/matplotlib/fontlist-v390.json
DEBUG 2026-06-09 17:00:28 b/pyplot.py:496 Loaded backend agg version v2.2.
DEBUG 2026-06-09 17:00:28 manager.py:1471 findfont: Matching sans\-serif:style=normal:variant=normal:weight=normal:stretch=normal:size=10.0.
DEBUG 2026-06-09 17:00:28 manager.py:1483 findfont: score(FontEntry(fname='/home/kibub/miniforge3/envs/lerobot/lib/python3.12/site-packages/matplotlib/mpl-data/fonts/ttf/STIXSizOneSymReg.ttf', name='STIXSizeOneSym', style='normal', variant='normal', weight=400, stretch='normal', size='scalable')) = 10.05
DEBUG 2026-06-09 17:00:28 manager.py:1483 findfont: score(FontEntry(fname='/home/kibub/miniforge3/envs/lerobot/lib/python3.12/site-packages/matplotlib/mpl-data/fonts/ttf/STIXSizFourSymBol.ttf', name='STIXSizeFourSym', style='normal', variant='normal', weight=700, stretch='normal', size='scalable')) = 10.335
DEBUG 2026-06-09 17:00:28 manager.py:1483 findfont: score(FontEntry(fname='/home/kibub/miniforge3/envs/lerobot/lib/python3.12/site-packages/matplotlib/mpl-data/fonts/ttf/STIXSizTwoSymReg.ttf', name='STIXSizeTwoSym', style='normal', variant='normal', weight=400, stretch='normal', size='scalable')) = 10.05
DEBUG 2026-06-09 17:00:28 manager.py:1483 findfont: score(FontEntry(fname='/home/kibub/miniforge3/envs/lerobot/lib/python3.12/site-packages/matplotlib/mpl-data/fonts/ttf/DejaVuSans-Bold.ttf', name='DejaVu Sans', style='normal', variant='normal', weight=700, stretch='normal', size='scalable')) = 0.33499999999999996
DEBUG 2026-06-09 17:00:28 manager.py:1483 findfont: score(FontEntry(fname='/home/kibub/miniforge3/envs/lerobot/lib/python3.12/site-packages/matplotlib/mpl-data/fonts/ttf/DejaVuSerif-Bold.ttf', name='DejaVu Serif', style='normal', variant='normal', weight=700, stretch='normal', size='scalable')) = 10.335
DEBUG 2026-06-09 17:00:28 manager.py:1483 findfont: score(FontEntry(fname='/home/kibub/miniforge3/envs/lerobot/lib/python3.12/site-packages/matplotlib/mpl-data/fonts/ttf/DejaVuSansMono-Oblique.ttf', name='DejaVu Sans Mono', style='oblique', variant='normal', weight=400, stretch='normal', size='scalable')) = 11.05
DEBUG 2026-06-09 17:00:28 manager.py:1483 findfont: score(FontEntry(fname='/home/kibub/miniforge3/envs/lerobot/lib/python3.12/site-packages/matplotlib/mpl-data/fonts/ttf/STIXSizTwoSymBol.ttf', name='STIXSizeTwoSym', style='normal', variant='normal', weight=700, stretch='normal', size='scalable')) = 10.335
DEBUG 2026-06-09 17:00:28 manager.py:1483 findfont: score(FontEntry(fname='/home/kibub/miniforge3/envs/lerobot/lib/python3.12/site-packages/matplotlib/mpl-data/fonts/ttf/STIXGeneralBol.ttf', name='STIXGeneral', style='normal', variant='normal', weight=700, stretch='normal', size='scalable')) = 10.335
DEBUG 2026-06-09 17:00:28 manager.py:1483 findfont: score(FontEntry(fname='/home/kibub/miniforge3/envs/lerobot/lib/python3.12/site-packages/matplotlib/mpl-data/fonts/ttf/STIXSizFiveSymReg.ttf', name='STIXSizeFiveSym', style='normal', variant='normal', weight=400, stretch='normal', size='scalable')) = 10.05
DEBUG 2026-06-09 17:00:28 manager.py:1483 findfont: score(FontEntry(fname='/home/kibub/miniforge3/envs/lerobot/lib/python3.12/site-packages/matplotlib/mpl-data/fonts/ttf/DejaVuSansMono-BoldOblique.ttf', name='DejaVu Sans Mono', style='oblique', variant='normal', weight=700, stretch='normal', size='scalable')) = 11.335
DEBUG 2026-06-09 17:00:28 manager.py:1483 findfont: score(FontEntry(fname='/home/kibub/miniforge3/envs/lerobot/lib/python3.12/site-packages/matplotlib/mpl-data/fonts/ttf/DejaVuSans-Oblique.ttf', name='DejaVu Sans', style='oblique', variant='normal', weight=400, stretch='normal', size='scalable')) = 1.05
DEBUG 2026-06-09 17:00:28 manager.py:1483 findfont: score(FontEntry(fname='/home/kibub/miniforge3/envs/lerobot/lib/python3.12/site-packages/matplotlib/mpl-data/fonts/ttf/DejaVuSansMono-Bold.ttf', name='DejaVu Sans Mono', style='normal', variant='normal', weight=700, stretch='normal', size='scalable')) = 10.335
DEBUG 2026-06-09 17:00:28 manager.py:1483 findfont: score(FontEntry(fname='/home/kibub/miniforge3/envs/lerobot/lib/python3.12/site-packages/matplotlib/mpl-data/fonts/ttf/DejaVuSerif.ttf', name='DejaVu Serif', style='normal', variant='normal', weight=400, stretch='normal', size='scalable')) = 10.05
DEBUG 2026-06-09 17:00:28 manager.py:1483 findfont: score(FontEntry(fname='/home/kibub/miniforge3/envs/lerobot/lib/python3.12/site-packages/matplotlib/mpl-data/fonts/ttf/cmtt10.ttf', name='cmtt10', style='normal', variant='normal', weight=400, stretch='normal', size='scalable')) = 10.05
DEBUG 2026-06-09 17:00:28 manager.py:1483 findfont: score(FontEntry(fname='/home/kibub/miniforge3/envs/lerobot/lib/python3.12/site-packages/matplotlib/mpl-data/fonts/ttf/DejaVuSerifDisplay.ttf', name='DejaVu Serif Display', style='normal', variant='normal', weight=400, stretch='normal', size='scalable')) = 10.05
DEBUG 2026-06-09 17:00:28 manager.py:1483 findfont: score(FontEntry(fname='/home/kibub/miniforge3/envs/lerobot/lib/python3.12/site-packages/matplotlib/mpl-data/fonts/ttf/STIXSizOneSymBol.ttf', name='STIXSizeOneSym', style='normal', variant='normal', weight=700, stretch='normal', size='scalable')) = 10.335
DEBUG 2026-06-09 17:00:28 manager.py:1483 findfont: score(FontEntry(fname='/home/kibub/miniforge3/envs/lerobot/lib/python3.12/site-packages/matplotlib/mpl-data/fonts/ttf/STIXGeneral.ttf', name='STIXGeneral', style='normal', variant='normal', weight=400, stretch='normal', size='scalable')) = 10.05
DEBUG 2026-06-09 17:00:28 manager.py:1483 findfont: score(FontEntry(fname='/home/kibub/miniforge3/envs/lerobot/lib/python3.12/site-packages/matplotlib/mpl-data/fonts/ttf/cmb10.ttf', name='cmb10', style='normal', variant='normal', weight=400, stretch='normal', size='scalable')) = 10.05
DEBUG 2026-06-09 17:00:28 manager.py:1483 findfont: score(FontEntry(fname='/home/kibub/miniforge3/envs/lerobot/lib/python3.12/site-packages/matplotlib/mpl-data/fonts/ttf/DejaVuSerif-Italic.ttf', name='DejaVu Serif', style='italic', variant='normal', weight=400, stretch='normal', size='scalable')) = 11.05
DEBUG 2026-06-09 17:00:28 manager.py:1483 findfont: score(FontEntry(fname='/home/kibub/miniforge3/envs/lerobot/lib/python3.12/site-packages/matplotlib/mpl-data/fonts/ttf/STIXSizFourSymReg.ttf', name='STIXSizeFourSym', style='normal', variant='normal', weight=400, stretch='normal', size='scalable')) = 10.05
DEBUG 2026-06-09 17:00:28 manager.py:1483 findfont: score(FontEntry(fname='/home/kibub/miniforge3/envs/lerobot/lib/python3.12/site-packages/matplotlib/mpl-data/fonts/ttf/cmr10.ttf', name='cmr10', style='normal', variant='normal', weight=400, stretch='normal', size='scalable')) = 10.05
DEBUG 2026-06-09 17:00:28 manager.py:1483 findfont: score(FontEntry(fname='/home/kibub/miniforge3/envs/lerobot/lib/python3.12/site-packages/matplotlib/mpl-data/fonts/ttf/STIXSizThreeSymBol.ttf', name='STIXSizeThreeSym', style='normal', variant='normal', weight=700, stretch='normal', size='scalable')) = 10.335
DEBUG 2026-06-09 17:00:28 manager.py:1483 findfont: score(FontEntry(fname='/home/kibub/miniforge3/envs/lerobot/lib/python3.12/site-packages/matplotlib/mpl-data/fonts/ttf/DejaVuSansDisplay.ttf', name='DejaVu Sans Display', style='normal', variant='normal', weight=400, stretch='normal', size='scalable')) = 10.05
DEBUG 2026-06-09 17:00:28 manager.py:1483 findfont: score(FontEntry(fname='/home/kibub/miniforge3/envs/lerobot/lib/python3.12/site-packages/matplotlib/mpl-data/fonts/ttf/STIXGeneralItalic.ttf', name='STIXGeneral', style='italic', variant='normal', weight=400, stretch='normal', size='scalable')) = 11.05
DEBUG 2026-06-09 17:00:28 manager.py:1483 findfont: score(FontEntry(fname='/home/kibub/miniforge3/envs/lerobot/lib/python3.12/site-packages/matplotlib/mpl-data/fonts/ttf/STIXSizThreeSymReg.ttf', name='STIXSizeThreeSym', style='normal', variant='normal', weight=400, stretch='normal', size='scalable')) = 10.05
DEBUG 2026-06-09 17:00:28 manager.py:1483 findfont: score(FontEntry(fname='/home/kibub/miniforge3/envs/lerobot/lib/python3.12/site-packages/matplotlib/mpl-data/fonts/ttf/STIXNonUniBolIta.ttf', name='STIXNonUnicode', style='italic', variant='normal', weight=700, stretch='normal', size='scalable')) = 11.335
DEBUG 2026-06-09 17:00:28 manager.py:1483 findfont: score(FontEntry(fname='/home/kibub/miniforge3/envs/lerobot/lib/python3.12/site-packages/matplotlib/mpl-data/fonts/ttf/cmmi10.ttf', name='cmmi10', style='normal', variant='normal', weight=400, stretch='normal', size='scalable')) = 10.05
DEBUG 2026-06-09 17:00:28 manager.py:1483 findfont: score(FontEntry(fname='/home/kibub/miniforge3/envs/lerobot/lib/python3.12/site-packages/matplotlib/mpl-data/fonts/ttf/DejaVuSerif-BoldItalic.ttf', name='DejaVu Serif', style='italic', variant='normal', weight=700, stretch='normal', size='scalable')) = 11.335
DEBUG 2026-06-09 17:00:28 manager.py:1483 findfont: score(FontEntry(fname='/home/kibub/miniforge3/envs/lerobot/lib/python3.12/site-packages/matplotlib/mpl-data/fonts/ttf/STIXNonUniIta.ttf', name='STIXNonUnicode', style='italic', variant='normal', weight=400, stretch='normal', size='scalable')) = 11.05
DEBUG 2026-06-09 17:00:28 manager.py:1483 findfont: score(FontEntry(fname='/home/kibub/miniforge3/envs/lerobot/lib/python3.12/site-packages/matplotlib/mpl-data/fonts/ttf/DejaVuSans.ttf', name='DejaVu Sans', style='normal', variant='normal', weight=400, stretch='normal', size='scalable')) = 0.05
DEBUG 2026-06-09 17:00:28 manager.py:1483 findfont: score(FontEntry(fname='/home/kibub/miniforge3/envs/lerobot/lib/python3.12/site-packages/matplotlib/mpl-data/fonts/ttf/STIXNonUniBol.ttf', name='STIXNonUnicode', style='normal', variant='normal', weight=700, stretch='normal', size='scalable')) = 10.335
DEBUG 2026-06-09 17:00:28 manager.py:1483 findfont: score(FontEntry(fname='/home/kibub/miniforge3/envs/lerobot/lib/python3.12/site-packages/matplotlib/mpl-data/fonts/ttf/cmex10.ttf', name='cmex10', style='normal', variant='normal', weight=400, stretch='normal', size='scalable')) = 10.05
DEBUG 2026-06-09 17:00:28 manager.py:1483 findfont: score(FontEntry(fname='/home/kibub/miniforge3/envs/lerobot/lib/python3.12/site-packages/matplotlib/mpl-data/fonts/ttf/DejaVuSans-BoldOblique.ttf', name='DejaVu Sans', style='oblique', variant='normal', weight=700, stretch='normal', size='scalable')) = 1.335
DEBUG 2026-06-09 17:00:28 manager.py:1483 findfont: score(FontEntry(fname='/home/kibub/miniforge3/envs/lerobot/lib/python3.12/site-packages/matplotlib/mpl-data/fonts/ttf/STIXGeneralBolIta.ttf', name='STIXGeneral', style='italic', variant='normal', weight=700, stretch='normal', size='scalable')) = 11.335
DEBUG 2026-06-09 17:00:28 manager.py:1483 findfont: score(FontEntry(fname='/home/kibub/miniforge3/envs/lerobot/lib/python3.12/site-packages/matplotlib/mpl-data/fonts/ttf/STIXNonUni.ttf', name='STIXNonUnicode', style='normal', variant='normal', weight=400, stretch='normal', size='scalable')) = 10.05
DEBUG 2026-06-09 17:00:28 manager.py:1483 findfont: score(FontEntry(fname='/home/kibub/miniforge3/envs/lerobot/lib/python3.12/site-packages/matplotlib/mpl-data/fonts/ttf/cmsy10.ttf', name='cmsy10', style='normal', variant='normal', weight=400, stretch='normal', size='scalable')) = 10.05
DEBUG 2026-06-09 17:00:28 manager.py:1483 findfont: score(FontEntry(fname='/home/kibub/miniforge3/envs/lerobot/lib/python3.12/site-packages/matplotlib/mpl-data/fonts/ttf/cmss10.ttf', name='cmss10', style='normal', variant='normal', weight=400, stretch='normal', size='scalable')) = 10.05
DEBUG 2026-06-09 17:00:28 manager.py:1483 findfont: score(FontEntry(fname='/home/kibub/miniforge3/envs/lerobot/lib/python3.12/site-packages/matplotlib/mpl-data/fonts/ttf/DejaVuSansMono.ttf', name='DejaVu Sans Mono', style='normal', variant='normal', weight=400, stretch='normal', size='scalable')) = 10.05
DEBUG 2026-06-09 17:00:28 manager.py:1483 findfont: score(FontEntry(fname='/usr/share/fonts/truetype/noto/NotoSansNKo-Regular.ttf', name='Noto Sans NKo', style='normal', variant='normal', weight=400, stretch='normal', size='scalable')) = 10.05
DEBUG 2026-06-09 17:00:28 manager.py:1483 findfont: score(FontEntry(fname='/usr/share/fonts/truetype/lato/Lato-Bold.ttf', name='Lato', style='normal', variant='normal', weight=700, stretch='normal', size='scalable')) = 10.335
DEBUG 2026-06-09 17:00:28 manager.py:1483 findfont: score(FontEntry(fname='/usr/share/fonts/truetype/ubuntu/UbuntuMono-Italic[wght].ttf', name='Ubuntu Mono', style='italic', variant='normal', weight=400, stretch='normal', size='scalable')) = 11.05
DEBUG 2026-06-09 17:00:28 manager.py:1483 findfont: score(FontEntry(fname='/usr/share/fonts/truetype/noto/NotoSansLydian-Regular.ttf', name='Noto Sans Lydian', style='normal', variant='normal', weight=400, stretch='normal', size='scalable')) = 10.05
DEBUG 2026-06-09 17:00:28 manager.py:1483 findfont: score(FontEntry(fname='/usr/share/fonts/truetype/noto/NotoSansHebrew-Regular.ttf', name='Noto Sans Hebrew', style='normal', variant='normal', weight=400, stretch='normal', size='scalable')) = 10.05
DEBUG 2026-06-09 17:00:28 manager.py:1483 findfont: score(FontEntry(fname='/usr/share/fonts/truetype/noto/NotoSansTagbanwa-Regular.ttf', name='Noto Sans Tagbanwa', style='normal', variant='normal', weight=400, stretch='normal', size='scalable')) = 10.05
DEBUG 2026-06-09 17:00:28 manager.py:1483 findfont: score(FontEntry(fname='/usr/share/fonts/truetype/noto/NotoSerifKhojki-Regular.ttf', name='Noto Serif Khojki', style='normal', variant='normal', weight=400, stretch='normal', size='scalable')) = 10.05
DEBUG 2026-06-09 17:00:28 manager.py:1483 findfont: score(FontEntry(fname='/usr/share/fonts/truetype/noto/NotoSansSoraSompeng-Bold.ttf', name='Noto Sans Sora Sompeng', style='normal', variant='normal', weight=700, stretch='normal', size='scalable')) = 10.335
DEBUG 2026-06-09 17:00:28 manager.py:1483 findfont: score(FontEntry(fname='/usr/share/fonts/truetype/noto/NotoSerifTelugu-Regular.ttf', name='Noto Serif Telugu', style='normal', variant='normal', weight=400, stretch='normal', size='scalable')) = 10.05
DEBUG 2026-06-09 17:00:28 manager.py:1483 findfont: score(FontEntry(fname='/usr/share/fonts/truetype/noto/NotoSansNewTaiLue-Regular.ttf', name='Noto Sans New Tai Lue', style='normal', variant='normal', weight=400, stretch='normal', size='scalable')) = 10.05
DEBUG 2026-06-09 17:00:28 manager.py:1483 findfont: score(FontEntry(fname='/usr/share/fonts/opentype/urw-base35/P052-BoldItalic.otf', name='P052', style='italic', variant='normal', weight=700, stretch='normal', size='scalable')) = 11.335
DEBUG 2026-06-09 17:00:28 manager.py:1483 findfont: score(FontEntry(fname='/usr/share/fonts/truetype/noto/NotoMono-Regular.ttf', name='Noto Mono', style='normal', variant='normal', weight=400, stretch='normal', size='scalable')) = 10.05
DEBUG 2026-06-09 17:00:28 manager.py:1483 findfont: score(FontEntry(fname='/usr/share/fonts/truetype/noto/NotoSansKannada-Bold.ttf', name='Noto Sans Kannada', style='normal', variant='normal', weight=700, stretch='normal', size='scalable')) = 10.335
DEBUG 2026-06-09 17:00:28 manager.py:1483 findfont: score(FontEntry(fname='/usr/share/fonts/truetype/noto/NotoSansTamil-Bold.ttf', name='Noto Sans Tamil', style='normal', variant='normal', weight=700, stretch='normal', size='scalable')) = 10.335
DEBUG 2026-06-09 17:00:28 manager.py:1483 findfont: score(FontEntry(fname='/usr/share/fonts/truetype/noto/NotoSansBengali-Regular.ttf', name='Noto Sans Bengali', style='normal', variant='normal', weight=400, stretch='normal', size='scalable')) = 10.05
DEBUG 2026-06-09 17:00:28 manager.py:1483 findfont: score(FontEntry(fname='/usr/share/fonts/truetype/noto/NotoSansTifinagh-Regular.ttf', name='Noto Sans Tifinagh', style='normal', variant='normal', weight=400, stretch='normal', size='scalable')) = 10.05
DEBUG 2026-06-09 17:00:28 manager.py:1483 findfont: score(FontEntry(fname='/usr/share/fonts/truetype/noto/NotoSansTifinaghRhissaIxa-Regular.ttf', name='Noto Sans Tifinagh Rhissa Ixa', style='normal', variant='normal', weight=400, stretch='normal', size='scalable')) = 10.05
DEBUG 2026-06-09 17:00:28 manager.py:1483 findfont: score(FontEntry(fname='/usr/share/fonts/truetype/noto/NotoSansMalayalam-Regular.ttf', name='Noto Sans Malayalam', style='normal', variant='normal', weight=400, stretch='normal', size='scalable')) = 10.05
DEBUG 2026-06-09 17:00:28 manager.py:1483 findfont: score(FontEntry(fname='/usr/share/fonts/truetype/open-sans/OpenSans-ExtraBoldItalic.ttf', name='Open Sans', style='italic', variant='normal', weight=800, stretch='normal', size='scalable')) = 11.43
DEBUG 2026-06-09 17:00:28 manager.py:1483 findfont: score(FontEntry(fname='/usr/share/fonts/truetype/noto/NotoSansKhojki-Regular.ttf', name='Noto Sans Khojki', style='normal', variant='normal', weight=400, stretch='normal', size='scalable')) = 10.05
DEBUG 2026-06-09 17:00:28 manager.py:1483 findfont: score(FontEntry(fname='/usr/share/fonts/truetype/noto/NotoSansPhagsPa-Regular.ttf', name='Noto Sans PhagsPa', style='normal', variant='normal', weight=400, stretch='normal', size='scalable')) = 10.05
DEBUG 2026-06-09 17:00:28 manager.py:1483 findfont: score(FontEntry(fname='/home/kibub/miniforge3/envs/lerobot/fonts/SourceCodePro-Medium.ttf', name='Source Code Pro', style='normal', variant='normal', weight=500, stretch='normal', size='scalable')) = 10.145
DEBUG 2026-06-09 17:00:28 manager.py:1483 findfont: score(FontEntry(fname='/usr/share/fonts/truetype/noto/NotoSans-Bold.ttf', name='Noto Sans', style='normal', variant='normal', weight=700, stretch='normal', size='scalable')) = 10.335
DEBUG 2026-06-09 17:00:28 manager.py:1483 findfont: score(FontEntry(fname='/usr/share/fonts/truetype/noto/NotoKufiArabic-Bold.ttf', name='Noto Kufi Arabic', style='normal', variant='normal', weight=700, stretch='normal', size='scalable')) = 10.335
DEBUG 2026-06-09 17:00:28 manager.py:1483 findfont: score(FontEntry(fname='/usr/share/fonts/truetype/noto/NotoSansBengali-Bold.ttf', name='Noto Sans Bengali', style='normal', variant='normal', weight=700, stretch='normal', size='scalable')) = 10.335
DEBUG 2026-06-09 17:00:28 manager.py:1483 findfont: score(FontEntry(fname='/usr/share/fonts/truetype/noto/NotoSansPalmyrene-Regular.ttf', name='Noto Sans Palmyrene', style='normal', variant='normal', weight=400, stretch='normal', size='scalable')) = 10.05
DEBUG 2026-06-09 17:00:28 manager.py:1483 findfont: score(FontEntry(fname='/usr/share/fonts/opentype/urw-base35/C059-Bold.otf', name='C059', style='normal', variant='normal', weight=700, stretch='normal', size='scalable')) = 10.335
DEBUG 2026-06-09 17:00:28 manager.py:1483 findfont: score(FontEntry(fname='/usr/share/fonts/truetype/open-sans/OpenSans-Semibold.ttf', name='Open Sans', style='normal', variant='normal', weight=600, stretch='normal', size='scalable')) = 10.24
DEBUG 2026-06-09 17:00:28 manager.py:1483 findfont: score(FontEntry(fname='/home/kibub/miniforge3/envs/lerobot/fonts/SourceCodePro-Bold.ttf', name='Source Code Pro', style='normal', variant='normal', weight=700, stretch='normal', size='scalable')) = 10.335
DEBUG 2026-06-09 17:00:28 manager.py:1483 findfont: score(FontEntry(fname='/usr/share/fonts/truetype/liberation/LiberationSans-Bold.ttf', name='Liberation Sans', style='normal', variant='normal', weight=700, stretch='normal', size='scalable')) = 10.335
DEBUG 2026-06-09 17:00:28 manager.py:1483 findfont: score(FontEntry(fname='/usr/share/fonts/truetype/noto/NotoSerif-Bold.ttf', name='Noto Serif', style='normal', variant='normal', weight=700, stretch='normal', size='scalable')) = 10.335
DEBUG 2026-06-09 17:00:28 manager.py:1483 findfont: score(FontEntry(fname='/usr/share/fonts/truetype/noto/NotoSansGlagolitic-Regular.ttf', name='Noto Sans Glagolitic', style='normal', variant='normal', weight=400, stretch='normal', size='scalable')) = 10.05
DEBUG 2026-06-09 17:00:28 manager.py:1483 findfont: score(FontEntry(fname='/home/kibub/miniforge3/envs/lerobot/fonts/SourceCodePro-Light.ttf', name='Source Code Pro', style='normal', variant='normal', weight=300, stretch='normal', size='scalable')) = 10.145
DEBUG 2026-06-09 17:00:28 manager.py:1483 findfont: score(FontEntry(fname='/usr/share/fonts/opentype/urw-base35/P052-Italic.otf', name='P052', style='italic', variant='normal', weight=400, stretch='normal', size='scalable')) = 11.05
DEBUG 2026-06-09 17:00:28 manager.py:1483 findfont: score(FontEntry(fname='/usr/share/fonts/truetype/noto/NotoSerifMalayalam-Regular.ttf', name='Noto Serif Malayalam', style='normal', variant='normal', weight=400, stretch='normal', size='scalable')) = 10.05
DEBUG 2026-06-09 17:00:28 manager.py:1483 findfont: score(FontEntry(fname='/usr/share/fonts/opentype/noto/NotoSansCJK-Regular.ttc', name='Noto Sans CJK JP', style='normal', variant='normal', weight=400, stretch='normal', size='scalable')) = 10.05
DEBUG 2026-06-09 17:00:28 manager.py:1483 findfont: score(FontEntry(fname='/usr/share/fonts/opentype/urw-base35/C059-Italic.otf', name='C059', style='italic', variant='normal', weight=400, stretch='normal', size='scalable')) = 11.05
DEBUG 2026-06-09 17:00:28 manager.py:1483 findfont: score(FontEntry(fname='/usr/share/fonts/truetype/noto/NotoSansPahawhHmong-Regular.ttf', name='Noto Sans Pahawh Hmong', style='normal', variant='normal', weight=400, stretch='normal', size='scalable')) = 10.05
DEBUG 2026-06-09 17:00:28 manager.py:1483 findfont: score(FontEntry(fname='/usr/share/fonts/truetype/noto/NotoSansPhoenician-Regular.ttf', name='Noto Sans Phoenician', style='normal', variant='normal', weight=400, stretch='normal', size='scalable')) = 10.05
DEBUG 2026-06-09 17:00:28 manager.py:1483 findfont: score(FontEntry(fname='/usr/share/fonts/truetype/noto/NotoSansLinearA-Regular.ttf', name='Noto Sans Linear A', style='normal', variant='normal', weight=400, stretch='normal', size='scalable')) = 10.05
DEBUG 2026-06-09 17:00:28 manager.py:1483 findfont: score(FontEntry(fname='/usr/share/fonts/truetype/noto/NotoSansAvestan-Regular.ttf', name='Noto Sans Avestan', style='normal', variant='normal', weight=400, stretch='normal', size='scalable')) = 10.05
DEBUG 2026-06-09 17:00:28 manager.py:1483 findfont: score(FontEntry(fname='/usr/share/fonts/truetype/noto/NotoNaskhArabic-Regular.ttf', name='Noto Naskh Arabic', style='normal', variant='normal', weight=400, stretch='normal', size='scalable')) = 10.05
DEBUG 2026-06-09 17:00:28 manager.py:1483 findfont: score(FontEntry(fname='/usr/share/fonts/truetype/noto/NotoSansPauCinHau-Regular.ttf', name='Noto Sans Pau Cin Hau', style='normal', variant='normal', weight=400, stretch='normal', size='scalable')) = 10.05
DEBUG 2026-06-09 17:00:28 manager.py:1483 findfont: score(FontEntry(fname='/usr/share/fonts/truetype/noto/NotoSansKhmer-Regular.ttf', name='Noto Sans Khmer', style='normal', variant='normal', weight=400, stretch='normal', size='scalable')) = 10.05
DEBUG 2026-06-09 17:00:28 manager.py:1483 findfont: score(FontEntry(fname='/usr/share/fonts/truetype/noto/NotoSansTelugu-Regular.ttf', name='Noto Sans Telugu', style='normal', variant='normal', weight=400, stretch='normal', size='scalable')) = 10.05
DEBUG 2026-06-09 17:00:28 manager.py:1483 findfont: score(FontEntry(fname='/usr/share/fonts/truetype/noto/NotoSansLisu-Bold.ttf', name='Noto Sans Lisu', style='normal', variant='normal', weight=700, stretch='normal', size='scalable')) = 10.335
DEBUG 2026-06-09 17:00:28 manager.py:1483 findfont: score(FontEntry(fname='/usr/share/fonts/truetype/noto/NotoSansLao-Bold.ttf', name='Noto Sans Lao', style='normal', variant='normal', weight=700, stretch='normal', size='scalable')) = 10.335
DEBUG 2026-06-09 17:00:28 manager.py:1483 findfont: score(FontEntry(fname='/usr/share/fonts/truetype/liberation/LiberationSansNarrow-BoldItalic.ttf', name='Liberation Sans Narrow', style='italic', variant='normal', weight=700, stretch='condensed', size='scalable')) = 11.535
DEBUG 2026-06-09 17:00:28 manager.py:1483 findfont: score(FontEntry(fname='/usr/share/fonts/truetype/noto/NotoSansOgham-Regular.ttf', name='Noto Sans Ogham', style='normal', variant='normal', weight=400, stretch='normal', size='scalable')) = 10.05
DEBUG 2026-06-09 17:00:28 manager.py:1483 findfont: score(FontEntry(fname='/usr/share/fonts/opentype/urw-base35/NimbusSans-Italic.otf', name='Nimbus Sans', style='italic', variant='normal', weight=400, stretch='normal', size='scalable')) = 11.05
DEBUG 2026-06-09 17:00:28 manager.py:1483 findfont: score(FontEntry(fname='/usr/share/fonts/truetype/noto/NotoSansKayahLi-Regular.ttf', name='Noto Sans Kayah Li', style='normal', variant='normal', weight=400, stretch='normal', size='scalable')) = 10.05
DEBUG 2026-06-09 17:00:28 manager.py:1483 findfont: score(FontEntry(fname='/usr/share/fonts/truetype/noto/NotoSansGeorgian-Regular.ttf', name='Noto Sans Georgian', style='normal', variant='normal', weight=400, stretch='normal', size='scalable')) = 10.05
DEBUG 2026-06-09 17:00:28 manager.py:1483 findfont: score(FontEntry(fname='/usr/share/fonts/truetype/noto/NotoSerifTangut-Regular.ttf', name='Noto Serif Tangut', style='normal', variant='normal', weight=400, stretch='normal', size='scalable')) = 10.05
DEBUG 2026-06-09 17:00:28 manager.py:1483 findfont: score(FontEntry(fname='/usr/share/fonts/truetype/open-sans/OpenSans-ExtraBold.ttf', name='Open Sans', style='normal', variant='normal', weight=800, stretch='normal', size='scalable')) = 10.43
DEBUG 2026-06-09 17:00:28 manager.py:1483 findfont: score(FontEntry(fname='/usr/share/fonts/truetype/noto/NotoSansMono-Regular.ttf', name='Noto Sans Mono', style='normal', variant='normal', weight=400, stretch='normal', size='scalable')) = 10.05
DEBUG 2026-06-09 17:00:28 manager.py:1483 findfont: score(FontEntry(fname='/usr/share/fonts/truetype/noto/NotoSerifEthiopic-Regular.ttf', name='Noto Serif Ethiopic', style='normal', variant='normal', weight=400, stretch='normal', size='scalable')) = 10.05
DEBUG 2026-06-09 17:00:28 manager.py:1483 findfont: score(FontEntry(fname='/usr/share/fonts/truetype/noto/NotoNastaliqUrdu-Bold.ttf', name='Noto Nastaliq Urdu', style='normal', variant='normal', weight=400, stretch='normal', size='scalable')) = 10.05
DEBUG 2026-06-09 17:00:28 manager.py:1483 findfont: score(FontEntry(fname='/usr/share/fonts/truetype/lato/Lato-HeavyItalic.ttf', name='Lato', style='italic', variant='normal', weight=800, stretch='normal', size='scalable')) = 11.43
DEBUG 2026-06-09 17:00:28 manager.py:1483 findfont: score(FontEntry(fname='/usr/share/fonts/truetype/open-sans/OpenSans-LightItalic.ttf', name='Open Sans', style='italic', variant='normal', weight=300, stretch='normal', size='scalable')) = 11.145
DEBUG 2026-06-09 17:00:28 manager.py:1483 findfont: score(FontEntry(fname='/usr/share/fonts/truetype/noto/NotoSansTirhuta-Regular.ttf', name='Noto Sans Tirhuta', style='normal', variant='normal', weight=400, stretch='normal', size='scalable')) = 10.05
DEBUG 2026-06-09 17:00:28 manager.py:1483 findfont: score(FontEntry(fname='/home/kibub/miniforge3/envs/lerobot/fonts/Ubuntu-M.ttf', name='Ubuntu', style='normal', variant='normal', weight=500, stretch='normal', size='scalable')) = 10.145
DEBUG 2026-06-09 17:00:28 manager.py:1483 findfont: score(FontEntry(fname='/usr/share/fonts/opentype/urw-base35/NimbusSansNarrow-Bold.otf', name='Nimbus Sans Narrow', style='normal', variant='normal', weight=700, stretch='condensed', size='scalable')) = 10.535
DEBUG 2026-06-09 17:00:28 manager.py:1483 findfont: score(FontEntry(fname='/usr/share/fonts/truetype/ubuntu/Ubuntu-Italic[wdth,wght].ttf', name='Ubuntu', style='italic', variant='normal', weight=400, stretch='normal', size='scalable')) = 11.05
DEBUG 2026-06-09 17:00:28 manager.py:1483 findfont: score(FontEntry(fname='/usr/share/fonts/truetype/noto/NotoSansSinhala-Bold.ttf', name='Noto Sans Sinhala', style='normal', variant='normal', weight=700, stretch='normal', size='scalable')) = 10.335
DEBUG 2026-06-09 17:00:28 manager.py:1483 findfont: score(FontEntry(fname='/usr/share/fonts/truetype/ubuntu/Ubuntu-L.ttf', name='Ubuntu', style='normal', variant='normal', weight=400, stretch='normal', size='scalable')) = 10.05
DEBUG 2026-06-09 17:00:28 manager.py:1483 findfont: score(FontEntry(fname='/usr/share/fonts/truetype/ubuntu/UbuntuMono-BI.ttf', name='Ubuntu Mono', style='italic', variant='normal', weight=400, stretch='normal', size='scalable')) = 11.05
DEBUG 2026-06-09 17:00:28 manager.py:1483 findfont: score(FontEntry(fname='/usr/share/fonts/truetype/ubuntu/UbuntuSans-Italic[wdth,wght].ttf', name='Ubuntu Sans', style='italic', variant='normal', weight=400, stretch='normal', size='scalable')) = 11.05
DEBUG 2026-06-09 17:00:28 manager.py:1483 findfont: score(FontEntry(fname='/usr/share/fonts/truetype/noto/NotoSansHanifiRohingya-Bold.ttf', name='Noto Sans Hanifi Rohingya', style='normal', variant='normal', weight=700, stretch='normal', size='scalable')) = 10.335
DEBUG 2026-06-09 17:00:28 manager.py:1483 findfont: score(FontEntry(fname='/usr/share/fonts/opentype/urw-base35/StandardSymbolsPS.otf', name='Standard Symbols PS', style='normal', variant='normal', weight=400, stretch='normal', size='scalable')) = 10.05
DEBUG 2026-06-09 17:00:28 manager.py:1483 findfont: score(FontEntry(fname='/usr/share/fonts/truetype/noto/NotoSansIndicSiyaqNumbers-Regular.ttf', name='Noto Sans Indic Siyaq Numbers', style='normal', variant='normal', weight=400, stretch='normal', size='scalable')) = 10.05
DEBUG 2026-06-09 17:00:28 manager.py:1483 findfont: score(FontEntry(fname='/usr/share/fonts/truetype/noto/NotoSansSiddham-Regular.ttf', name='Noto Sans Siddham', style='normal', variant='normal', weight=400, stretch='normal', size='scalable')) = 10.05
DEBUG 2026-06-09 17:00:28 manager.py:1483 findfont: score(FontEntry(fname='/usr/share/fonts/truetype/liberation/LiberationSerif-Italic.ttf', name='Liberation Serif', style='italic', variant='normal', weight=400, stretch='normal', size='scalable')) = 11.05
DEBUG 2026-06-09 17:00:28 manager.py:1483 findfont: score(FontEntry(fname='/usr/share/fonts/truetype/noto/NotoSansMedefaidrin-Bold.ttf', name='Noto Sans Medefaidrin', style='normal', variant='normal', weight=700, stretch='normal', size='scalable')) = 10.335
DEBUG 2026-06-09 17:00:28 manager.py:1483 findfont: score(FontEntry(fname='/usr/share/fonts/opentype/urw-base35/P052-Roman.otf', name='P052', style='normal', variant='normal', weight=400, stretch='normal', size='scalable')) = 10.05
DEBUG 2026-06-09 17:00:28 manager.py:1483 findfont: score(FontEntry(fname='/home/kibub/miniforge3/envs/lerobot/fonts/Inconsolata-Bold.ttf', name='Inconsolata', style='normal', variant='normal', weight=700, stretch='normal', size='scalable')) = 10.335
DEBUG 2026-06-09 17:00:28 manager.py:1483 findfont: score(FontEntry(fname='/usr/share/fonts/truetype/noto/NotoTraditionalNushu-Regular.ttf', name='Noto Traditional Nushu', style='normal', variant='normal', weight=400, stretch='normal', size='scalable')) = 10.05
DEBUG 2026-06-09 17:00:28 manager.py:1483 findfont: score(FontEntry(fname='/usr/share/fonts/truetype/noto/NotoSansOldSogdian-Regular.ttf', name='Noto Sans Old Sogdian', style='normal', variant='normal', weight=400, stretch='normal', size='scalable')) = 10.05
DEBUG 2026-06-09 17:00:28 manager.py:1483 findfont: score(FontEntry(fname='/usr/share/fonts/truetype/noto/NotoSansDisplay-Bold.ttf', name='Noto Sans Display', style='normal', variant='normal', weight=700, stretch='normal', size='scalable')) = 10.335
DEBUG 2026-06-09 17:00:28 manager.py:1483 findfont: score(FontEntry(fname='/usr/share/fonts/opentype/urw-base35/NimbusSans-BoldItalic.otf', name='Nimbus Sans', style='italic', variant='normal', weight=700, stretch='normal', size='scalable')) = 11.335
DEBUG 2026-06-09 17:00:28 manager.py:1483 findfont: score(FontEntry(fname='/usr/share/fonts/truetype/noto/NotoSansLycian-Regular.ttf', name='Noto Sans Lycian', style='normal', variant='normal', weight=400, stretch='normal', size='scalable')) = 10.05
DEBUG 2026-06-09 17:00:28 manager.py:1483 findfont: score(FontEntry(fname='/usr/share/fonts/truetype/noto/NotoSansShavian-Regular.ttf', name='Noto Sans Shavian', style='normal', variant='normal', weight=400, stretch='normal', size='scalable')) = 10.05
DEBUG 2026-06-09 17:00:28 manager.py:1483 findfont: score(FontEntry(fname='/usr/share/fonts/truetype/noto/NotoSansBalinese-Regular.ttf', name='Noto Sans Balinese', style='normal', variant='normal', weight=400, stretch='normal', size='scalable')) = 10.05
DEBUG 2026-06-09 17:00:28 manager.py:1483 findfont: score(FontEntry(fname='/usr/share/fonts/truetype/lato/Lato-Medium.ttf', name='Lato', style='normal', variant='normal', weight=500, stretch='normal', size='scalable')) = 10.145
DEBUG 2026-06-09 17:00:28 manager.py:1483 findfont: score(FontEntry(fname='/usr/share/fonts/opentype/urw-base35/C059-Roman.otf', name='C059', style='normal', variant='normal', weight=400, stretch='normal', size='scalable')) = 10.05
DEBUG 2026-06-09 17:00:28 manager.py:1483 findfont: score(FontEntry(fname='/usr/share/fonts/truetype/noto/NotoSerifEthiopic-Bold.ttf', name='Noto Serif Ethiopic', style='normal', variant='normal', weight=700, stretch='normal', size='scalable')) = 10.335
DEBUG 2026-06-09 17:00:28 manager.py:1483 findfont: score(FontEntry(fname='/usr/share/fonts/opentype/urw-base35/NimbusSans-Bold.otf', name='Nimbus Sans', style='normal', variant='normal', weight=700, stretch='normal', size='scalable')) = 10.335
DEBUG 2026-06-09 17:00:28 manager.py:1483 findfont: score(FontEntry(fname='/usr/share/fonts/truetype/noto/NotoSansOldItalic-Regular.ttf', name='Noto Sans Old Italic', style='italic', variant='normal', weight=400, stretch='normal', size='scalable')) = 11.05
DEBUG 2026-06-09 17:00:28 manager.py:1483 findfont: score(FontEntry(fname='/usr/share/fonts/truetype/noto/NotoSansTifinaghAhaggar-Regular.ttf', name='Noto Sans Tifinagh Ahaggar', style='normal', variant='normal', weight=400, stretch='normal', size='scalable')) = 10.05
DEBUG 2026-06-09 17:00:28 manager.py:1483 findfont: score(FontEntry(fname='/usr/share/fonts/truetype/noto/NotoSansArabic-Bold.ttf', name='Noto Sans Arabic', style='normal', variant='normal', weight=700, stretch='normal', size='scalable')) = 10.335
DEBUG 2026-06-09 17:00:28 manager.py:1483 findfont: score(FontEntry(fname='/usr/share/fonts/truetype/noto/NotoSansDuployan-Regular.ttf', name='Noto Sans Duployan', style='normal', variant='normal', weight=400, stretch='normal', size='scalable')) = 10.05
DEBUG 2026-06-09 17:00:28 manager.py:1483 findfont: score(FontEntry(fname='/usr/share/fonts/truetype/noto/NotoSansWarangCiti-Regular.ttf', name='Noto Sans Warang Citi', style='normal', variant='normal', weight=400, stretch='normal', size='scalable')) = 10.05
DEBUG 2026-06-09 17:00:28 manager.py:1483 findfont: score(FontEntry(fname='/usr/share/fonts/truetype/noto/NotoSansSundanese-Regular.ttf', name='Noto Sans Sundanese', style='normal', variant='normal', weight=400, stretch='normal', size='scalable')) = 10.05
DEBUG 2026-06-09 17:00:28 manager.py:1483 findfont: score(FontEntry(fname='/usr/share/fonts/truetype/noto/NotoSansSoyombo-Regular.ttf', name='Noto Sans Soyombo', style='normal', variant='normal', weight=400, stretch='normal', size='scalable')) = 10.05
DEBUG 2026-06-09 17:00:28 manager.py:1483 findfont: score(FontEntry(fname='/usr/share/fonts/truetype/noto/NotoSansCarian-Regular.ttf', name='Noto Sans Carian', style='normal', variant='normal', weight=400, stretch='normal', size='scalable')) = 10.05
DEBUG 2026-06-09 17:00:28 manager.py:1483 findfont: score(FontEntry(fname='/usr/share/fonts/truetype/noto/NotoSerifHebrew-Regular.ttf', name='Noto Serif Hebrew', style='normal', variant='normal', weight=400, stretch='normal', size='scalable')) = 10.05
DEBUG 2026-06-09 17:00:28 manager.py:1483 findfont: score(FontEntry(fname='/usr/share/fonts/truetype/noto/NotoSansCanadianAboriginal-Regular.ttf', name='Noto Sans Canadian Aboriginal', style='normal', variant='normal', weight=400, stretch='normal', size='scalable')) = 10.05
DEBUG 2026-06-09 17:00:28 manager.py:1483 findfont: score(FontEntry(fname='/usr/share/fonts/truetype/noto/NotoSans-Italic.ttf', name='Noto Sans', style='italic', variant='normal', weight=400, stretch='normal', size='scalable')) = 11.05
DEBUG 2026-06-09 17:00:28 manager.py:1483 findfont: score(FontEntry(fname='/usr/share/fonts/truetype/noto/NotoSansKharoshthi-Regular.ttf', name='Noto Sans Kharoshthi', style='normal', variant='normal', weight=400, stretch='normal', size='scalable')) = 10.05
DEBUG 2026-06-09 17:00:28 manager.py:1483 findfont: score(FontEntry(fname='/usr/share/fonts/truetype/noto/NotoSerif-Italic.ttf', name='Noto Serif', style='italic', variant='normal', weight=400, stretch='normal', size='scalable')) = 11.05
DEBUG 2026-06-09 17:00:28 manager.py:1483 findfont: score(FontEntry(fname='/usr/share/fonts/truetype/noto/NotoSerifMyanmar-Regular.ttf', name='Noto Serif Myanmar', style='normal', variant='normal', weight=400, stretch='normal', size='scalable')) = 10.05
DEBUG 2026-06-09 17:00:28 manager.py:1483 findfont: score(FontEntry(fname='/usr/share/fonts/truetype/noto/NotoSerifNyiakengPuachueHmong-Regular.ttf', name='Noto Serif Hmong Nyiakeng', style='normal', variant='normal', weight=400, stretch='normal', size='scalable')) = 10.05
DEBUG 2026-06-09 17:00:28 manager.py:1483 findfont: score(FontEntry(fname='/usr/share/fonts/truetype/ubuntu/Ubuntu-B.ttf', name='Ubuntu', style='normal', variant='normal', weight=400, stretch='normal', size='scalable')) = 10.05
DEBUG 2026-06-09 17:00:28 manager.py:1483 findfont: score(FontEntry(fname='/usr/share/fonts/truetype/noto/NotoSerifGeorgian-Regular.ttf', name='Noto Serif Georgian', style='normal', variant='normal', weight=400, stretch='normal', size='scalable')) = 10.05
DEBUG 2026-06-09 17:00:28 manager.py:1483 findfont: score(FontEntry(fname='/usr/share/fonts/truetype/noto/NotoSansTaiTham-Regular.ttf', name='Noto Sans Tai Tham', style='normal', variant='normal', weight=400, stretch='normal', size='scalable')) = 10.05
DEBUG 2026-06-09 17:00:28 manager.py:1483 findfont: score(FontEntry(fname='/usr/share/fonts/truetype/droid/DroidSansFallbackFull.ttf', name='Droid Sans Fallback', style='normal', variant='normal', weight=400, stretch='normal', size='scalable')) = 10.05
DEBUG 2026-06-09 17:00:28 manager.py:1483 findfont: score(FontEntry(fname='/home/kibub/miniforge3/envs/lerobot/fonts/SourceCodePro-ExtraLight.ttf', name='Source Code Pro', style='normal', variant='normal', weight=200, stretch='normal', size='scalable')) = 10.24
DEBUG 2026-06-09 17:00:28 manager.py:1483 findfont: score(FontEntry(fname='/usr/share/fonts/truetype/noto/NotoSansCoptic-Regular.ttf', name='Noto Sans Coptic', style='normal', variant='normal', weight=400, stretch='normal', size='scalable')) = 10.05
DEBUG 2026-06-09 17:00:28 manager.py:1483 findfont: score(FontEntry(fname='/usr/share/fonts/truetype/noto/NotoSansYi-Regular.ttf', name='Noto Sans Yi', style='normal', variant='normal', weight=400, stretch='normal', size='scalable')) = 10.05
DEBUG 2026-06-09 17:00:28 manager.py:1483 findfont: score(FontEntry(fname='/usr/share/fonts/truetype/noto/NotoSansCherokee-Regular.ttf', name='Noto Sans Cherokee', style='normal', variant='normal', weight=400, stretch='normal', size='scalable')) = 10.05
DEBUG 2026-06-09 17:00:28 manager.py:1483 findfont: score(FontEntry(fname='/usr/share/fonts/truetype/lato/Lato-BlackItalic.ttf', name='Lato', style='italic', variant='normal', weight=900, stretch='normal', size='scalable')) = 11.525
DEBUG 2026-06-09 17:00:28 manager.py:1483 findfont: score(FontEntry(fname='/usr/share/fonts/truetype/noto/NotoSansMalayalam-Bold.ttf', name='Noto Sans Malayalam', style='normal', variant='normal', weight=700, stretch='normal', size='scalable')) = 10.335
DEBUG 2026-06-09 17:00:28 manager.py:1483 findfont: score(FontEntry(fname='/home/kibub/miniforge3/envs/lerobot/fonts/Inconsolata-Regular.ttf', name='Inconsolata', style='normal', variant='normal', weight=400, stretch='normal', size='scalable')) = 10.05
DEBUG 2026-06-09 17:00:28 manager.py:1483 findfont: score(FontEntry(fname='/usr/share/fonts/opentype/urw-base35/NimbusSansNarrow-Regular.otf', name='Nimbus Sans Narrow', style='normal', variant='normal', weight=400, stretch='condensed', size='scalable')) = 10.25
DEBUG 2026-06-09 17:00:28 manager.py:1483 findfont: score(FontEntry(fname='/usr/share/fonts/truetype/noto/NotoSansGurmukhi-Regular.ttf', name='Noto Sans Gurmukhi', style='normal', variant='normal', weight=400, stretch='normal', size='scalable')) = 10.05
DEBUG 2026-06-09 17:00:28 manager.py:1483 findfont: score(FontEntry(fname='/home/kibub/miniforge3/envs/lerobot/fonts/Ubuntu-L.ttf', name='Ubuntu', style='normal', variant='normal', weight=300, stretch='normal', size='scalable')) = 10.145
DEBUG 2026-06-09 17:00:28 manager.py:1483 findfont: score(FontEntry(fname='/usr/share/fonts/truetype/noto/NotoSansBamum-Regular.ttf', name='Noto Sans Bamum', style='normal', variant='normal', weight=400, stretch='normal', size='scalable')) = 10.05
DEBUG 2026-06-09 17:00:28 manager.py:1483 findfont: score(FontEntry(fname='/usr/share/fonts/truetype/noto/NotoSerifTamil-Bold.ttf', name='Noto Serif Tamil', style='normal', variant='normal', weight=700, stretch='normal', size='scalable')) = 10.335
DEBUG 2026-06-09 17:00:28 manager.py:1483 findfont: score(FontEntry(fname='/usr/share/fonts/truetype/noto/NotoSansTifinaghGhat-Regular.ttf', name='Noto Sans Tifinagh Ghat', style='normal', variant='normal', weight=400, stretch='normal', size='scalable')) = 10.05
DEBUG 2026-06-09 17:00:28 manager.py:1483 findfont: score(FontEntry(fname='/usr/share/fonts/truetype/liberation/LiberationSansNarrow-Italic.ttf', name='Liberation Sans Narrow', style='italic', variant='normal', weight=400, stretch='condensed', size='scalable')) = 11.25
DEBUG 2026-06-09 17:00:28 manager.py:1483 findfont: score(FontEntry(fname='/usr/share/fonts/truetype/noto/NotoSerifGeorgian-Bold.ttf', name='Noto Serif Georgian', style='normal', variant='normal', weight=700, stretch='normal', size='scalable')) = 10.335
DEBUG 2026-06-09 17:00:28 manager.py:1483 findfont: score(FontEntry(fname='/usr/share/fonts/truetype/noto/NotoSansSyriac-Regular.ttf', name='Noto Sans Syriac', style='normal', variant='normal', weight=400, stretch='normal', size='scalable')) = 10.05
DEBUG 2026-06-09 17:00:28 manager.py:1483 findfont: score(FontEntry(fname='/usr/share/fonts/truetype/noto/NotoSerifGurmukhi-Bold.ttf', name='Noto Serif Gurmukhi', style='normal', variant='normal', weight=700, stretch='normal', size='scalable')) = 10.335
DEBUG 2026-06-09 17:00:28 manager.py:1483 findfont: score(FontEntry(fname='/usr/share/fonts/opentype/urw-base35/URWGothic-Demi.otf', name='URW Gothic', style='normal', variant='normal', weight=600, stretch='normal', size='scalable')) = 10.24
DEBUG 2026-06-09 17:00:28 manager.py:1483 findfont: score(FontEntry(fname='/usr/share/fonts/truetype/open-sans/OpenSans-Bold.ttf', name='Open Sans', style='normal', variant='normal', weight=700, stretch='normal', size='scalable')) = 10.335
DEBUG 2026-06-09 17:00:28 manager.py:1483 findfont: score(FontEntry(fname='/usr/share/fonts/truetype/noto/NotoSansOlChiki-Regular.ttf', name='Noto Sans Ol Chiki', style='normal', variant='normal', weight=400, stretch='normal', size='scalable')) = 10.05
DEBUG 2026-06-09 17:00:28 manager.py:1483 findfont: score(FontEntry(fname='/usr/share/fonts/truetype/noto/NotoSansJavanese-Regular.ttf', name='Noto Sans Javanese', style='normal', variant='normal', weight=400, stretch='normal', size='scalable')) = 10.05
DEBUG 2026-06-09 17:00:28 manager.py:1483 findfont: score(FontEntry(fname='/usr/share/fonts/truetype/noto/NotoSansMeeteiMayek-Bold.ttf', name='Noto Sans Meetei Mayek', style='normal', variant='normal', weight=700, stretch='normal', size='scalable')) = 10.335
DEBUG 2026-06-09 17:00:28 manager.py:1483 findfont: score(FontEntry(fname='/usr/share/fonts/truetype/noto/NotoSansBatak-Regular.ttf', name='Noto Sans Batak', style='normal', variant='normal', weight=400, stretch='normal', size='scalable')) = 10.05
DEBUG 2026-06-09 17:00:28 manager.py:1483 findfont: score(FontEntry(fname='/usr/share/fonts/truetype/noto/NotoMusic-Regular.ttf', name='Noto Music', style='normal', variant='normal', weight=400, stretch='normal', size='scalable')) = 10.05
DEBUG 2026-06-09 17:00:28 manager.py:1483 findfont: score(FontEntry(fname='/usr/share/fonts/truetype/noto/NotoRashiHebrew-Regular.ttf', name='Noto Rashi Hebrew', style='normal', variant='normal', weight=400, stretch='normal', size='scalable')) = 10.05
DEBUG 2026-06-09 17:00:28 manager.py:1483 findfont: score(FontEntry(fname='/usr/share/fonts/truetype/lato/Lato-Heavy.ttf', name='Lato', style='normal', variant='normal', weight=800, stretch='normal', size='scalable')) = 10.43
DEBUG 2026-06-09 17:00:28 manager.py:1483 findfont: score(FontEntry(fname='/usr/share/fonts/truetype/ubuntu/Ubuntu-C.ttf', name='Ubuntu', style='normal', variant='normal', weight=400, stretch='normal', size='scalable')) = 10.05
DEBUG 2026-06-09 17:00:28 manager.py:1483 findfont: score(FontEntry(fname='/home/kibub/miniforge3/envs/lerobot/fonts/UbuntuMono-RI.ttf', name='Ubuntu Mono', style='italic', variant='normal', weight=400, stretch='normal', size='scalable')) = 11.05
DEBUG 2026-06-09 17:00:28 manager.py:1483 findfont: score(FontEntry(fname='/usr/share/fonts/truetype/noto/NotoSansMro-Regular.ttf', name='Noto Sans Mro', style='normal', variant='normal', weight=400, stretch='normal', size='scalable')) = 10.05
DEBUG 2026-06-09 17:00:28 manager.py:1483 findfont: score(FontEntry(fname='/usr/share/fonts/truetype/noto/NotoSerifDisplay-BoldItalic.ttf', name='Noto Serif Display', style='italic', variant='normal', weight=700, stretch='normal', size='scalable')) = 11.335
DEBUG 2026-06-09 17:00:28 manager.py:1483 findfont: score(FontEntry(fname='/usr/share/fonts/truetype/noto/NotoSansMayanNumerals-Regular.ttf', name='Noto Sans Mayan Numerals', style='normal', variant='normal', weight=400, stretch='normal', size='scalable')) = 10.05
DEBUG 2026-06-09 17:00:28 manager.py:1483 findfont: score(FontEntry(fname='/usr/share/fonts/opentype/urw-base35/URWBookman-Light.otf', name='URW Bookman', style='normal', variant='normal', weight=300, stretch='normal', size='scalable')) = 10.145
DEBUG 2026-06-09 17:00:28 manager.py:1483 findfont: score(FontEntry(fname='/usr/share/fonts/truetype/noto/NotoSansSharada-Regular.ttf', name='Noto Sans Sharada', style='normal', variant='normal', weight=400, stretch='normal', size='scalable')) = 10.05
DEBUG 2026-06-09 17:00:28 manager.py:1483 findfont: score(FontEntry(fname='/usr/share/fonts/truetype/lato/Lato-HairlineItalic.ttf', name='Lato', style='italic', variant='normal', weight=250, stretch='normal', size='scalable')) = 11.1925
DEBUG 2026-06-09 17:00:28 manager.py:1483 findfont: score(FontEntry(fname='/usr/share/fonts/opentype/urw-base35/C059-BdIta.otf', name='C059', style='italic', variant='normal', weight=700, stretch='normal', size='scalable')) = 11.335
DEBUG 2026-06-09 17:00:28 manager.py:1483 findfont: score(FontEntry(fname='/usr/share/fonts/truetype/noto/NotoSansOldSouthArabian-Regular.ttf', name='Noto Sans Old South Arabian', style='normal', variant='normal', weight=400, stretch='normal', size='scalable')) = 10.05
DEBUG 2026-06-09 17:00:28 manager.py:1483 findfont: score(FontEntry(fname='/usr/share/fonts/truetype/noto/NotoSerifTamilSlanted-Bold.ttf', name='Noto Serif Tamil Slanted', style='normal', variant='normal', weight=700, stretch='normal', size='scalable')) = 10.335
DEBUG 2026-06-09 17:00:28 manager.py:1483 findfont: score(FontEntry(fname='/home/kibub/miniforge3/envs/lerobot/fonts/Ubuntu-MI.ttf', name='Ubuntu', style='italic', variant='normal', weight=500, stretch='normal', size='scalable')) = 11.145
DEBUG 2026-06-09 17:00:28 manager.py:1483 findfont: score(FontEntry(fname='/usr/share/fonts/truetype/noto/NotoSansNewa-Regular.ttf', name='Noto Sans Newa', style='normal', variant='normal', weight=400, stretch='normal', size='scalable')) = 10.05
DEBUG 2026-06-09 17:00:28 manager.py:1483 findfont: score(FontEntry(fname='/usr/share/fonts/opentype/urw-base35/NimbusRoman-Bold.otf', name='Nimbus Roman', style='normal', variant='normal', weight=700, stretch='normal', size='scalable')) = 10.335
DEBUG 2026-06-09 17:00:28 manager.py:1483 findfont: score(FontEntry(fname='/usr/share/fonts/truetype/noto/NotoSansBamum-Bold.ttf', name='Noto Sans Bamum', style='normal', variant='normal', weight=700, stretch='normal', size='scalable')) = 10.335
DEBUG 2026-06-09 17:00:28 manager.py:1483 findfont: score(FontEntry(fname='/usr/share/fonts/truetype/noto/NotoLoopedLao-Bold.ttf', name='Noto Looped Lao', style='normal', variant='normal', weight=700, stretch='normal', size='scalable')) = 10.335
DEBUG 2026-06-09 17:00:28 manager.py:1483 findfont: score(FontEntry(fname='/usr/share/fonts/truetype/noto/NotoSansDevanagari-Regular.ttf', name='Noto Sans Devanagari', style='normal', variant='normal', weight=400, stretch='normal', size='scalable')) = 10.05
DEBUG 2026-06-09 17:00:28 manager.py:1483 findfont: score(FontEntry(fname='/usr/share/fonts/truetype/ubuntu/UbuntuSansMono[wght].ttf', name='Ubuntu Sans Mono', style='normal', variant='normal', weight=400, stretch='normal', size='scalable')) = 10.05
DEBUG 2026-06-09 17:00:28 manager.py:1483 findfont: score(FontEntry(fname='/usr/share/fonts/truetype/noto/NotoSansMyanmar-Bold.ttf', name='Noto Sans Myanmar', style='normal', variant='normal', weight=700, stretch='normal', size='scalable')) = 10.335
DEBUG 2026-06-09 17:00:28 manager.py:1483 findfont: score(FontEntry(fname='/usr/share/fonts/opentype/urw-base35/NimbusSans-Regular.otf', name='Nimbus Sans', style='normal', variant='normal', weight=400, stretch='normal', size='scalable')) = 10.05
DEBUG 2026-06-09 17:00:28 manager.py:1483 findfont: score(FontEntry(fname='/usr/share/fonts/truetype/noto/NotoSansTifinaghAPT-Regular.ttf', name='Noto Sans Tifinagh APT', style='normal', variant='normal', weight=400, stretch='normal', size='scalable')) = 10.05
DEBUG 2026-06-09 17:00:28 manager.py:1483 findfont: score(FontEntry(fname='/usr/share/fonts/truetype/noto/NotoSansVai-Regular.ttf', name='Noto Sans Vai', style='normal', variant='normal', weight=400, stretch='normal', size='scalable')) = 10.05
DEBUG 2026-06-09 17:00:28 manager.py:1483 findfont: score(FontEntry(fname='/usr/share/fonts/truetype/noto/NotoSansAnatolianHieroglyphs-Regular.ttf', name='Noto Sans Anatolian Hieroglyphs', style='normal', variant='normal', weight=400, stretch='normal', size='scalable')) = 10.05
DEBUG 2026-06-09 17:00:28 manager.py:1483 findfont: score(FontEntry(fname='/usr/share/fonts/truetype/noto/NotoSansCaucasianAlbanian-Regular.ttf', name='Noto Sans Caucasian Albanian', style='normal', variant='normal', weight=400, stretch='normal', size='scalable')) = 10.05
DEBUG 2026-06-09 17:00:28 manager.py:1483 findfont: score(FontEntry(fname='/usr/share/fonts/truetype/noto/NotoSansTifinaghHawad-Regular.ttf', name='Noto Sans Tifinagh Hawad', style='normal', variant='normal', weight=400, stretch='normal', size='scalable')) = 10.05
DEBUG 2026-06-09 17:00:28 manager.py:1483 findfont: score(FontEntry(fname='/usr/share/fonts/truetype/noto/NotoSansBrahmi-Regular.ttf', name='Noto Sans Brahmi', style='normal', variant='normal', weight=400, stretch='normal', size='scalable')) = 10.05
DEBUG 2026-06-09 17:00:28 manager.py:1483 findfont: score(FontEntry(fname='/usr/share/fonts/truetype/noto/NotoSerif-BoldItalic.ttf', name='Noto Serif', style='italic', variant='normal', weight=700, stretch='normal', size='scalable')) = 11.335
DEBUG 2026-06-09 17:00:28 manager.py:1483 findfont: score(FontEntry(fname='/usr/share/fonts/truetype/noto/NotoSansMasaramGondi-Regular.ttf', name='Noto Sans Masaram Gondi', style='normal', variant='normal', weight=400, stretch='normal', size='scalable')) = 10.05
DEBUG 2026-06-09 17:00:28 manager.py:1483 findfont: score(FontEntry(fname='/usr/share/fonts/truetype/noto/NotoSansSoraSompeng-Regular.ttf', name='Noto Sans Sora Sompeng', style='normal', variant='normal', weight=400, stretch='normal', size='scalable')) = 10.05
DEBUG 2026-06-09 17:00:28 manager.py:1483 findfont: score(FontEntry(fname='/usr/share/fonts/truetype/ubuntu/UbuntuMono[wght].ttf', name='Ubuntu Mono', style='normal', variant='normal', weight=400, stretch='normal', size='scalable')) = 10.05
DEBUG 2026-06-09 17:00:28 manager.py:1483 findfont: score(FontEntry(fname='/usr/share/fonts/truetype/noto/NotoSerifKhmer-Bold.ttf', name='Noto Serif Khmer', style='normal', variant='normal', weight=700, stretch='normal', size='scalable')) = 10.335
DEBUG 2026-06-09 17:00:28 manager.py:1483 findfont: score(FontEntry(fname='/usr/share/fonts/truetype/noto/NotoSerifDevanagari-Bold.ttf', name='Noto Serif Devanagari', style='normal', variant='normal', weight=700, stretch='normal', size='scalable')) = 10.335
DEBUG 2026-06-09 17:00:28 manager.py:1483 findfont: score(FontEntry(fname='/usr/share/fonts/opentype/urw-base35/URWGothic-DemiOblique.otf', name='URW Gothic', style='oblique', variant='normal', weight=600, stretch='normal', size='scalable')) = 11.24
DEBUG 2026-06-09 17:00:28 manager.py:1483 findfont: score(FontEntry(fname='/usr/share/fonts/truetype/noto/NotoSansRejang-Regular.ttf', name='Noto Sans Rejang', style='normal', variant='normal', weight=400, stretch='normal', size='scalable')) = 10.05
DEBUG 2026-06-09 17:00:28 manager.py:1483 findfont: score(FontEntry(fname='/usr/share/fonts/opentype/urw-base35/Z003-MediumItalic.otf', name='Z003', style='italic', variant='normal', weight=500, stretch='normal', size='scalable')) = 11.145
DEBUG 2026-06-09 17:00:28 manager.py:1483 findfont: score(FontEntry(fname='/usr/share/fonts/truetype/noto/NotoSerifTamilSlanted-Regular.ttf', name='Noto Serif Tamil Slanted', style='normal', variant='normal', weight=400, stretch='normal', size='scalable')) = 10.05
DEBUG 2026-06-09 17:00:28 manager.py:1483 findfont: score(FontEntry(fname='/usr/share/fonts/truetype/noto/NotoSerifKhojki-Bold.ttf', name='Noto Serif Khojki', style='normal', variant='normal', weight=700, stretch='normal', size='scalable')) = 10.335
DEBUG 2026-06-09 17:00:28 manager.py:1483 findfont: score(FontEntry(fname='/usr/share/fonts/truetype/lato/Lato-LightItalic.ttf', name='Lato', style='italic', variant='normal', weight=300, stretch='normal', size='scalable')) = 11.145
DEBUG 2026-06-09 17:00:28 manager.py:1483 findfont: score(FontEntry(fname='/usr/share/fonts/truetype/noto/NotoNastaliqUrdu-Regular.ttf', name='Noto Nastaliq Urdu', style='normal', variant='normal', weight=400, stretch='normal', size='scalable')) = 10.05
DEBUG 2026-06-09 17:00:28 manager.py:1483 findfont: score(FontEntry(fname='/usr/share/fonts/opentype/urw-base35/NimbusMonoPS-Bold.otf', name='Nimbus Mono PS', style='normal', variant='normal', weight=700, stretch='normal', size='scalable')) = 10.335
DEBUG 2026-06-09 17:00:28 manager.py:1483 findfont: score(FontEntry(fname='/usr/share/fonts/truetype/noto/NotoSansElymaic-Regular.ttf', name='Noto Sans Elymaic', style='normal', variant='normal', weight=400, stretch='normal', size='scalable')) = 10.05
DEBUG 2026-06-09 17:00:28 manager.py:1483 findfont: score(FontEntry(fname='/home/kibub/miniforge3/envs/lerobot/fonts/SourceCodePro-It.ttf', name='Source Code Pro', style='italic', variant='normal', weight=400, stretch='normal', size='scalable')) = 11.05
DEBUG 2026-06-09 17:00:28 manager.py:1483 findfont: score(FontEntry(fname='/usr/share/fonts/truetype/noto/NotoSansSaurashtra-Regular.ttf', name='Noto Sans Saurashtra', style='normal', variant='normal', weight=400, stretch='normal', size='scalable')) = 10.05
DEBUG 2026-06-09 17:00:28 manager.py:1483 findfont: score(FontEntry(fname='/usr/share/fonts/truetype/noto/NotoSansTaiViet-Regular.ttf', name='Noto Sans Tai Viet', style='normal', variant='normal', weight=400, stretch='normal', size='scalable')) = 10.05
DEBUG 2026-06-09 17:00:28 manager.py:1483 findfont: score(FontEntry(fname='/usr/share/fonts/truetype/ubuntu/Ubuntu-M.ttf', name='Ubuntu', style='normal', variant='normal', weight=400, stretch='normal', size='scalable')) = 10.05
DEBUG 2026-06-09 17:00:28 manager.py:1483 findfont: score(FontEntry(fname='/usr/share/fonts/opentype/urw-base35/URWBookman-Demi.otf', name='URW Bookman', style='normal', variant='normal', weight=600, stretch='normal', size='scalable')) = 10.24
DEBUG 2026-06-09 17:00:28 manager.py:1483 findfont: score(FontEntry(fname='/usr/share/fonts/truetype/open-sans/OpenSans-CondBold.ttf', name='Open Sans Condensed', style='normal', variant='normal', weight=700, stretch='condensed', size='scalable')) = 10.535
DEBUG 2026-06-09 17:00:28 manager.py:1483 findfont: score(FontEntry(fname='/usr/share/fonts/truetype/noto/NotoSansSymbols-Bold.ttf', name='Noto Sans Symbols', style='normal', variant='normal', weight=700, stretch='normal', size='scalable')) = 10.335
DEBUG 2026-06-09 17:00:28 manager.py:1483 findfont: score(FontEntry(fname='/usr/share/fonts/truetype/noto/NotoSansKannada-Regular.ttf', name='Noto Sans Kannada', style='normal', variant='normal', weight=400, stretch='normal', size='scalable')) = 10.05
DEBUG 2026-06-09 17:00:28 manager.py:1483 findfont: score(FontEntry(fname='/usr/share/fonts/truetype/noto/NotoSansModi-Regular.ttf', name='Noto Sans Modi', style='normal', variant='normal', weight=400, stretch='normal', size='scalable')) = 10.05
DEBUG 2026-06-09 17:00:28 manager.py:1483 findfont: score(FontEntry(fname='/usr/share/fonts/truetype/noto/NotoSansMiao-Regular.ttf', name='Noto Sans Miao', style='normal', variant='normal', weight=400, stretch='normal', size='scalable')) = 10.05
DEBUG 2026-06-09 17:00:28 manager.py:1483 findfont: score(FontEntry(fname='/usr/share/fonts/truetype/noto/NotoNaskhArabic-Bold.ttf', name='Noto Naskh Arabic', style='normal', variant='normal', weight=700, stretch='normal', size='scalable')) = 10.335
DEBUG 2026-06-09 17:00:28 manager.py:1483 findfont: score(FontEntry(fname='/usr/share/fonts/truetype/noto/NotoSerifNyiakengPuachueHmong-Bold.ttf', name='Noto Serif Hmong Nyiakeng', style='normal', variant='normal', weight=700, stretch='normal', size='scalable')) = 10.335
DEBUG 2026-06-09 17:00:28 manager.py:1483 findfont: score(FontEntry(fname='/usr/share/fonts/truetype/noto/NotoSansArmenian-Bold.ttf', name='Noto Sans Armenian', style='normal', variant='normal', weight=700, stretch='normal', size='scalable')) = 10.335
DEBUG 2026-06-09 17:00:28 manager.py:1483 findfont: score(FontEntry(fname='/usr/share/fonts/truetype/noto/NotoSansBassaVah-Regular.ttf', name='Noto Sans Bassa Vah', style='normal', variant='normal', weight=400, stretch='normal', size='scalable')) = 10.05
DEBUG 2026-06-09 17:00:28 manager.py:1483 findfont: score(FontEntry(fname='/usr/share/fonts/truetype/noto/NotoSansMyanmar-Regular.ttf', name='Noto Sans Myanmar', style='normal', variant='normal', weight=400, stretch='normal', size='scalable')) = 10.05
DEBUG 2026-06-09 17:00:28 manager.py:1483 findfont: score(FontEntry(fname='/usr/share/fonts/opentype/urw-base35/NimbusSansNarrow-BoldOblique.otf', name='Nimbus Sans Narrow', style='oblique', variant='normal', weight=700, stretch='condensed', size='scalable')) = 11.535
DEBUG 2026-06-09 17:00:28 manager.py:1483 findfont: score(FontEntry(fname='/usr/share/fonts/truetype/liberation/LiberationSansNarrow-Bold.ttf', name='Liberation Sans Narrow', style='normal', variant='normal', weight=700, stretch='condensed', size='scalable')) = 10.535
DEBUG 2026-06-09 17:00:28 manager.py:1483 findfont: score(FontEntry(fname='/usr/share/fonts/truetype/noto/NotoSansMeeteiMayek-Regular.ttf', name='Noto Sans Meetei Mayek', style='normal', variant='normal', weight=400, stretch='normal', size='scalable')) = 10.05
DEBUG 2026-06-09 17:00:28 manager.py:1483 findfont: score(FontEntry(fname='/usr/share/fonts/truetype/noto/NotoSansKaithi-Regular.ttf', name='Noto Sans Kaithi', style='normal', variant='normal', weight=400, stretch='normal', size='scalable')) = 10.05
DEBUG 2026-06-09 17:00:28 manager.py:1483 findfont: score(FontEntry(fname='/usr/share/fonts/truetype/noto/NotoSerifGurmukhi-Regular.ttf', name='Noto Serif Gurmukhi', style='normal', variant='normal', weight=400, stretch='normal', size='scalable')) = 10.05
DEBUG 2026-06-09 17:00:28 manager.py:1483 findfont: score(FontEntry(fname='/usr/share/fonts/truetype/liberation/LiberationMono-Bold.ttf', name='Liberation Mono', style='normal', variant='normal', weight=700, stretch='normal', size='scalable')) = 10.335
DEBUG 2026-06-09 17:00:28 manager.py:1483 findfont: score(FontEntry(fname='/home/kibub/miniforge3/envs/lerobot/fonts/SourceCodePro-Black.ttf', name='Source Code Pro', style='normal', variant='normal', weight=900, stretch='normal', size='scalable')) = 10.525
DEBUG 2026-06-09 17:00:28 manager.py:1483 findfont: score(FontEntry(fname='/usr/share/fonts/truetype/noto/NotoSerifBalinese-Regular.ttf', name='Noto Serif Balinese', style='normal', variant='normal', weight=400, stretch='normal', size='scalable')) = 10.05
DEBUG 2026-06-09 17:00:28 manager.py:1483 findfont: score(FontEntry(fname='/usr/share/fonts/truetype/noto/NotoRashiHebrew-Bold.ttf', name='Noto Rashi Hebrew', style='normal', variant='normal', weight=700, stretch='normal', size='scalable')) = 10.335
DEBUG 2026-06-09 17:00:28 manager.py:1483 findfont: score(FontEntry(fname='/usr/share/fonts/truetype/noto/NotoSerif-Regular.ttf', name='Noto Serif', style='normal', variant='normal', weight=400, stretch='normal', size='scalable')) = 10.05
DEBUG 2026-06-09 17:00:28 manager.py:1483 findfont: score(FontEntry(fname='/usr/share/fonts/truetype/noto/NotoSansTamilSupplement-Regular.ttf', name='Noto Sans Tamil Supplement', style='normal', variant='normal', weight=400, stretch='normal', size='scalable')) = 10.05
DEBUG 2026-06-09 17:00:28 manager.py:1483 findfont: score(FontEntry(fname='/usr/share/fonts/truetype/lato/Lato-Italic.ttf', name='Lato', style='italic', variant='normal', weight=400, stretch='normal', size='scalable')) = 11.05
DEBUG 2026-06-09 17:00:28 manager.py:1483 findfont: score(FontEntry(fname='/home/kibub/miniforge3/envs/lerobot/fonts/SourceCodePro-SemiboldIt.ttf', name='Source Code Pro', style='italic', variant='normal', weight=600, stretch='normal', size='scalable')) = 11.24
DEBUG 2026-06-09 17:00:28 manager.py:1483 findfont: score(FontEntry(fname='/usr/share/fonts/truetype/lato/Lato-MediumItalic.ttf', name='Lato', style='italic', variant='normal', weight=500, stretch='normal', size='scalable')) = 11.145
DEBUG 2026-06-09 17:00:28 manager.py:1483 findfont: score(FontEntry(fname='/home/kibub/miniforge3/envs/lerobot/fonts/Ubuntu-LI.ttf', name='Ubuntu', style='italic', variant='normal', weight=300, stretch='normal', size='scalable')) = 11.145
DEBUG 2026-06-09 17:00:28 manager.py:1483 findfont: score(FontEntry(fname='/usr/share/fonts/truetype/noto/NotoSansGothic-Regular.ttf', name='Noto Sans Gothic', style='normal', variant='normal', weight=400, stretch='normal', size='scalable')) = 10.05
DEBUG 2026-06-09 17:00:28 manager.py:1483 findfont: score(FontEntry(fname='/usr/share/fonts/truetype/noto/NotoSansMongolian-Regular.ttf', name='Noto Sans Mongolian', style='normal', variant='normal', weight=400, stretch='normal', size='scalable')) = 10.05
DEBUG 2026-06-09 17:00:28 manager.py:1483 findfont: score(FontEntry(fname='/usr/share/fonts/opentype/urw-base35/URWGothic-BookOblique.otf', name='URW Gothic', style='oblique', variant='normal', weight=400, stretch='normal', size='scalable')) = 11.05
DEBUG 2026-06-09 17:00:28 manager.py:1483 findfont: score(FontEntry(fname='/home/kibub/miniforge3/envs/lerobot/fonts/UbuntuMono-BI.ttf', name='Ubuntu Mono', style='italic', variant='normal', weight=700, stretch='normal', size='scalable')) = 11.335
DEBUG 2026-06-09 17:00:28 manager.py:1483 findfont: score(FontEntry(fname='/usr/share/fonts/truetype/noto/NotoSansGrantha-Regular.ttf', name='Noto Sans Grantha', style='normal', variant='normal', weight=400, stretch='normal', size='scalable')) = 10.05
DEBUG 2026-06-09 17:00:28 manager.py:1483 findfont: score(FontEntry(fname='/usr/share/fonts/truetype/noto/NotoSansHanunoo-Regular.ttf', name='Noto Sans Hanunoo', style='normal', variant='normal', weight=400, stretch='normal', size='scalable')) = 10.05
DEBUG 2026-06-09 17:00:28 manager.py:1483 findfont: score(FontEntry(fname='/usr/share/fonts/truetype/noto/NotoSansDisplay-BoldItalic.ttf', name='Noto Sans Display', style='italic', variant='normal', weight=700, stretch='normal', size='scalable')) = 11.335
DEBUG 2026-06-09 17:00:28 manager.py:1483 findfont: score(FontEntry(fname='/usr/share/fonts/truetype/noto/NotoSerifThai-Bold.ttf', name='Noto Serif Thai', style='normal', variant='normal', weight=700, stretch='normal', size='scalable')) = 10.335
DEBUG 2026-06-09 17:00:28 manager.py:1483 findfont: score(FontEntry(fname='/usr/share/fonts/truetype/dejavu/DejaVuSans-Bold.ttf', name='DejaVu Sans', style='normal', variant='normal', weight=700, stretch='normal', size='scalable')) = 0.33499999999999996
DEBUG 2026-06-09 17:00:28 manager.py:1483 findfont: score(FontEntry(fname='/usr/share/fonts/truetype/noto/NotoSansUgaritic-Regular.ttf', name='Noto Sans Ugaritic', style='normal', variant='normal', weight=400, stretch='normal', size='scalable')) = 10.05
DEBUG 2026-06-09 17:00:28 manager.py:1483 findfont: score(FontEntry(fname='/usr/share/fonts/truetype/noto/NotoSerifTibetan-Regular.ttf', name='Noto Serif Tibetan', style='normal', variant='normal', weight=400, stretch='normal', size='scalable')) = 10.05
DEBUG 2026-06-09 17:00:28 manager.py:1483 findfont: score(FontEntry(fname='/usr/share/fonts/truetype/noto/NotoSansOldHungarian-Regular.ttf', name='Noto Sans Old Hungarian', style='normal', variant='normal', weight=400, stretch='normal', size='scalable')) = 10.05
DEBUG 2026-06-09 17:00:28 manager.py:1483 findfont: score(FontEntry(fname='/usr/share/fonts/truetype/noto/NotoSansOldNorthArabian-Regular.ttf', name='Noto Sans Old North Arabian', style='normal', variant='normal', weight=400, stretch='normal', size='scalable')) = 10.05
DEBUG 2026-06-09 17:00:28 manager.py:1483 findfont: score(FontEntry(fname='/usr/share/fonts/truetype/liberation/LiberationSans-BoldItalic.ttf', name='Liberation Sans', style='italic', variant='normal', weight=700, stretch='normal', size='scalable')) = 11.335
DEBUG 2026-06-09 17:00:28 manager.py:1483 findfont: score(FontEntry(fname='/usr/share/fonts/truetype/noto/NotoSansArabic-Regular.ttf', name='Noto Sans Arabic', style='normal', variant='normal', weight=400, stretch='normal', size='scalable')) = 10.05
DEBUG 2026-06-09 17:00:28 manager.py:1483 findfont: score(FontEntry(fname='/usr/share/fonts/truetype/noto/NotoSansSymbols2-Regular.ttf', name='Noto Sans Symbols2', style='normal', variant='normal', weight=400, stretch='normal', size='scalable')) = 10.05
DEBUG 2026-06-09 17:00:28 manager.py:1483 findfont: score(FontEntry(fname='/usr/share/fonts/truetype/open-sans/OpenSans-Regular.ttf', name='Open Sans', style='normal', variant='normal', weight=400, stretch='normal', size='scalable')) = 10.05
DEBUG 2026-06-09 17:00:28 manager.py:1483 findfont: score(FontEntry(fname='/usr/share/fonts/truetype/noto/NotoSansEthiopic-Bold.ttf', name='Noto Sans Ethiopic', style='normal', variant='normal', weight=700, stretch='normal', size='scalable')) = 10.335
DEBUG 2026-06-09 17:00:28 manager.py:1483 findfont: score(FontEntry(fname='/usr/share/fonts/truetype/liberation/LiberationMono-Regular.ttf', name='Liberation Mono', style='normal', variant='normal', weight=400, stretch='normal', size='scalable')) = 10.05
DEBUG 2026-06-09 17:00:28 manager.py:1483 findfont: score(FontEntry(fname='/usr/share/fonts/truetype/noto/NotoSansElbasan-Regular.ttf', name='Noto Sans Elbasan', style='normal', variant='normal', weight=400, stretch='normal', size='scalable')) = 10.05
DEBUG 2026-06-09 17:00:28 manager.py:1483 findfont: score(FontEntry(fname='/usr/share/fonts/truetype/noto/NotoSansMeroitic-Regular.ttf', name='Noto Sans Meroitic', style='normal', variant='normal', weight=400, stretch='normal', size='scalable')) = 10.05
DEBUG 2026-06-09 17:00:28 manager.py:1483 findfont: score(FontEntry(fname='/usr/share/fonts/truetype/noto/NotoSerifBengali-Regular.ttf', name='Noto Serif Bengali', style='normal', variant='normal', weight=400, stretch='normal', size='scalable')) = 10.05
DEBUG 2026-06-09 17:00:28 manager.py:1483 findfont: score(FontEntry(fname='/usr/share/fonts/truetype/noto/NotoSerifSinhala-Regular.ttf', name='Noto Serif Sinhala', style='normal', variant='normal', weight=400, stretch='normal', size='scalable')) = 10.05
DEBUG 2026-06-09 17:00:28 manager.py:1483 findfont: score(FontEntry(fname='/usr/share/fonts/opentype/urw-base35/NimbusMonoPS-Regular.otf', name='Nimbus Mono PS', style='normal', variant='normal', weight=400, stretch='normal', size='scalable')) = 10.05
DEBUG 2026-06-09 17:00:28 manager.py:1483 findfont: score(FontEntry(fname='/usr/share/fonts/truetype/noto/NotoSerifKhmer-Regular.ttf', name='Noto Serif Khmer', style='normal', variant='normal', weight=400, stretch='normal', size='scalable')) = 10.05
DEBUG 2026-06-09 17:00:28 manager.py:1483 findfont: score(FontEntry(fname='/usr/share/fonts/truetype/ubuntu/Ubuntu-BI.ttf', name='Ubuntu', style='italic', variant='normal', weight=400, stretch='normal', size='scalable')) = 11.05
DEBUG 2026-06-09 17:00:28 manager.py:1483 findfont: score(FontEntry(fname='/usr/share/fonts/truetype/noto/NotoSerifDogra-Regular.ttf', name='Noto Serif Dogra', style='normal', variant='normal', weight=400, stretch='normal', size='scalable')) = 10.05
DEBUG 2026-06-09 17:00:28 manager.py:1483 findfont: score(FontEntry(fname='/usr/share/fonts/truetype/noto/NotoSansLinearB-Regular.ttf', name='Noto Sans Linear B', style='normal', variant='normal', weight=400, stretch='normal', size='scalable')) = 10.05
DEBUG 2026-06-09 17:00:28 manager.py:1483 findfont: score(FontEntry(fname='/usr/share/fonts/truetype/noto/NotoSansChakma-Regular.ttf', name='Noto Sans Chakma', style='normal', variant='normal', weight=400, stretch='normal', size='scalable')) = 10.05
DEBUG 2026-06-09 17:00:28 manager.py:1483 findfont: score(FontEntry(fname='/usr/share/fonts/truetype/noto/NotoSansOriya-Bold.ttf', name='Noto Sans Oriya', style='normal', variant='normal', weight=700, stretch='normal', size='scalable')) = 10.335
DEBUG 2026-06-09 17:00:28 manager.py:1483 findfont: score(FontEntry(fname='/usr/share/fonts/truetype/noto/NotoSansThai-Regular.ttf', name='Noto Sans Thai', style='normal', variant='normal', weight=400, stretch='normal', size='scalable')) = 10.05
DEBUG 2026-06-09 17:00:28 manager.py:1483 findfont: score(FontEntry(fname='/usr/share/fonts/truetype/noto/NotoSansArmenian-Regular.ttf', name='Noto Sans Armenian', style='normal', variant='normal', weight=400, stretch='normal', size='scalable')) = 10.05
DEBUG 2026-06-09 17:00:28 manager.py:1483 findfont: score(FontEntry(fname='/usr/share/fonts/truetype/liberation/LiberationSerif-Bold.ttf', name='Liberation Serif', style='normal', variant='normal', weight=700, stretch='normal', size='scalable')) = 10.335
DEBUG 2026-06-09 17:00:28 manager.py:1483 findfont: score(FontEntry(fname='/usr/share/fonts/opentype/urw-base35/NimbusMonoPS-Italic.otf', name='Nimbus Mono PS', style='italic', variant='normal', weight=400, stretch='normal', size='scalable')) = 11.05
DEBUG 2026-06-09 17:00:28 manager.py:1483 findfont: score(FontEntry(fname='/usr/share/fonts/truetype/noto/NotoSansThaana-Bold.ttf', name='Noto Sans Thaana', style='normal', variant='normal', weight=700, stretch='normal', size='scalable')) = 10.335
DEBUG 2026-06-09 17:00:28 manager.py:1483 findfont: score(FontEntry(fname='/usr/share/fonts/truetype/noto/NotoSerifAhom-Regular.ttf', name='Noto Serif Ahom', style='normal', variant='normal', weight=400, stretch='normal', size='scalable')) = 10.05
DEBUG 2026-06-09 17:00:28 manager.py:1483 findfont: score(FontEntry(fname='/home/kibub/miniforge3/envs/lerobot/fonts/Ubuntu-B.ttf', name='Ubuntu', style='normal', variant='normal', weight=700, stretch='normal', size='scalable')) = 10.335
DEBUG 2026-06-09 17:00:28 manager.py:1483 findfont: score(FontEntry(fname='/usr/share/fonts/truetype/noto/NotoSansMendeKikakui-Regular.ttf', name='Noto Sans Mende Kikakui', style='normal', variant='normal', weight=400, stretch='normal', size='scalable')) = 10.05
DEBUG 2026-06-09 17:00:28 manager.py:1483 findfont: score(FontEntry(fname='/usr/share/fonts/truetype/noto/NotoSerifMalayalam-Bold.ttf', name='Noto Serif Malayalam', style='normal', variant='normal', weight=700, stretch='normal', size='scalable')) = 10.335
DEBUG 2026-06-09 17:00:28 manager.py:1483 findfont: score(FontEntry(fname='/usr/share/fonts/truetype/noto/NotoSansMath-Regular.ttf', name='Noto Sans Math', style='normal', variant='normal', weight=400, stretch='normal', size='scalable')) = 10.05
DEBUG 2026-06-09 17:00:28 manager.py:1483 findfont: score(FontEntry(fname='/usr/share/fonts/truetype/noto/NotoSansCypriot-Regular.ttf', name='Noto Sans Cypriot', style='normal', variant='normal', weight=400, stretch='normal', size='scalable')) = 10.05
DEBUG 2026-06-09 17:00:28 manager.py:1483 findfont: score(FontEntry(fname='/usr/share/fonts/truetype/ubuntu/UbuntuMono-R.ttf', name='Ubuntu Mono', style='normal', variant='normal', weight=400, stretch='normal', size='scalable')) = 10.05
DEBUG 2026-06-09 17:00:28 manager.py:1483 findfont: score(FontEntry(fname='/usr/share/fonts/truetype/noto/NotoSansMono-Bold.ttf', name='Noto Sans Mono', style='normal', variant='normal', weight=700, stretch='normal', size='scalable')) = 10.335
DEBUG 2026-06-09 17:00:28 manager.py:1483 findfont: score(FontEntry(fname='/usr/share/fonts/truetype/noto/NotoSansSinhala-Regular.ttf', name='Noto Sans Sinhala', style='normal', variant='normal', weight=400, stretch='normal', size='scalable')) = 10.05
DEBUG 2026-06-09 17:00:28 manager.py:1483 findfont: score(FontEntry(fname='/usr/share/fonts/truetype/lato/Lato-Thin.ttf', name='Lato', style='normal', variant='normal', weight=275, stretch='normal', size='scalable')) = 10.16875
DEBUG 2026-06-09 17:00:28 manager.py:1483 findfont: score(FontEntry(fname='/usr/share/fonts/truetype/noto/NotoSansMandaic-Regular.ttf', name='Noto Sans Mandaic', style='normal', variant='normal', weight=400, stretch='normal', size='scalable')) = 10.05
DEBUG 2026-06-09 17:00:28 manager.py:1483 findfont: score(FontEntry(fname='/home/kibub/miniforge3/envs/lerobot/fonts/Ubuntu-R.ttf', name='Ubuntu', style='normal', variant='normal', weight=400, stretch='normal', size='scalable')) = 10.05
DEBUG 2026-06-09 17:00:28 manager.py:1483 findfont: score(FontEntry(fname='/usr/share/fonts/truetype/noto/NotoSansOlChiki-Bold.ttf', name='Noto Sans Ol Chiki', style='normal', variant='normal', weight=700, stretch='normal', size='scalable')) = 10.335
DEBUG 2026-06-09 17:00:28 manager.py:1483 findfont: score(FontEntry(fname='/usr/share/fonts/truetype/noto/NotoSansOsage-Regular.ttf', name='Noto Sans Osage', style='normal', variant='normal', weight=400, stretch='normal', size='scalable')) = 10.05
DEBUG 2026-06-09 17:00:28 manager.py:1483 findfont: score(FontEntry(fname='/usr/share/fonts/truetype/noto/NotoSansKayahLi-Bold.ttf', name='Noto Sans Kayah Li', style='normal', variant='normal', weight=700, stretch='normal', size='scalable')) = 10.335
DEBUG 2026-06-09 17:00:28 manager.py:1483 findfont: score(FontEntry(fname='/usr/share/fonts/truetype/dejavu/DejaVuSansMono-Bold.ttf', name='DejaVu Sans Mono', style='normal', variant='normal', weight=700, stretch='normal', size='scalable')) = 10.335
DEBUG 2026-06-09 17:00:28 manager.py:1483 findfont: score(FontEntry(fname='/usr/share/fonts/truetype/noto/NotoSansTagalog-Regular.ttf', name='Noto Sans Tagalog', style='normal', variant='normal', weight=400, stretch='normal', size='scalable')) = 10.05
DEBUG 2026-06-09 17:00:28 manager.py:1483 findfont: score(FontEntry(fname='/usr/share/fonts/truetype/noto/NotoSerifDisplay-Regular.ttf', name='Noto Serif Display', style='normal', variant='normal', weight=400, stretch='normal', size='scalable')) = 10.05
DEBUG 2026-06-09 17:00:28 manager.py:1483 findfont: score(FontEntry(fname='/usr/share/fonts/truetype/noto/NotoSansTifinaghAdrar-Regular.ttf', name='Noto Sans Tifinagh Adrar', style='normal', variant='normal', weight=400, stretch='normal', size='scalable')) = 10.05
DEBUG 2026-06-09 17:00:28 manager.py:1483 findfont: score(FontEntry(fname='/usr/share/fonts/opentype/urw-base35/NimbusRoman-Regular.otf', name='Nimbus Roman', style='normal', variant='normal', weight=400, stretch='normal', size='scalable')) = 10.05
DEBUG 2026-06-09 17:00:28 manager.py:1483 findfont: score(FontEntry(fname='/usr/share/fonts/truetype/noto/NotoSerifHebrew-Bold.ttf', name='Noto Serif Hebrew', style='normal', variant='normal', weight=700, stretch='normal', size='scalable')) = 10.335
DEBUG 2026-06-09 17:00:28 manager.py:1483 findfont: score(FontEntry(fname='/usr/share/fonts/truetype/noto/NotoSansOldPersian-Regular.ttf', name='Noto Sans Old Persian', style='normal', variant='normal', weight=400, stretch='normal', size='scalable')) = 10.05
DEBUG 2026-06-09 17:00:28 manager.py:1483 findfont: score(FontEntry(fname='/usr/share/fonts/truetype/open-sans/OpenSans-CondLightItalic.ttf', name='Open Sans', style='italic', variant='normal', weight=300, stretch='condensed', size='scalable')) = 11.344999999999999
DEBUG 2026-06-09 17:00:28 manager.py:1483 findfont: score(FontEntry(fname='/usr/share/fonts/truetype/open-sans/OpenSans-Italic.ttf', name='Open Sans', style='italic', variant='normal', weight=400, stretch='normal', size='scalable')) = 11.05
DEBUG 2026-06-09 17:00:28 manager.py:1483 findfont: score(FontEntry(fname='/home/kibub/miniforge3/envs/lerobot/fonts/Ubuntu-RI.ttf', name='Ubuntu', style='italic', variant='normal', weight=400, stretch='normal', size='scalable')) = 11.05
DEBUG 2026-06-09 17:00:28 manager.py:1483 findfont: score(FontEntry(fname='/usr/share/fonts/truetype/noto/NotoSansSignWriting-Regular.ttf', name='Noto Sans SignWriting', style='normal', variant='normal', weight=400, stretch='normal', size='scalable')) = 10.05
DEBUG 2026-06-09 17:00:28 manager.py:1483 findfont: score(FontEntry(fname='/usr/share/fonts/truetype/noto/NotoSansNushu-Regular.ttf', name='Noto Sans Nushu', style='normal', variant='normal', weight=400, stretch='normal', size='scalable')) = 10.05
DEBUG 2026-06-09 17:00:28 manager.py:1483 findfont: score(FontEntry(fname='/usr/share/fonts/truetype/noto/NotoSansGeorgian-Bold.ttf', name='Noto Sans Georgian', style='normal', variant='normal', weight=700, stretch='normal', size='scalable')) = 10.335
DEBUG 2026-06-09 17:00:28 manager.py:1483 findfont: score(FontEntry(fname='/usr/share/fonts/truetype/liberation/LiberationMono-Italic.ttf', name='Liberation Mono', style='italic', variant='normal', weight=400, stretch='normal', size='scalable')) = 11.05
DEBUG 2026-06-09 17:00:28 manager.py:1483 findfont: score(FontEntry(fname='/usr/share/fonts/opentype/urw-base35/URWBookman-DemiItalic.otf', name='URW Bookman', style='italic', variant='normal', weight=600, stretch='normal', size='scalable')) = 11.24
DEBUG 2026-06-09 17:00:28 manager.py:1483 findfont: score(FontEntry(fname='/usr/share/fonts/truetype/noto/NotoSerifKannada-Bold.ttf', name='Noto Serif Kannada', style='normal', variant='normal', weight=700, stretch='normal', size='scalable')) = 10.335
DEBUG 2026-06-09 17:00:28 manager.py:1483 findfont: score(FontEntry(fname='/home/kibub/miniforge3/envs/lerobot/fonts/SourceCodePro-MediumIt.ttf', name='Source Code Pro', style='italic', variant='normal', weight=500, stretch='normal', size='scalable')) = 11.145
DEBUG 2026-06-09 17:00:28 manager.py:1483 findfont: score(FontEntry(fname='/usr/share/fonts/truetype/noto/NotoSansHebrew-Bold.ttf', name='Noto Sans Hebrew', style='normal', variant='normal', weight=700, stretch='normal', size='scalable')) = 10.335
DEBUG 2026-06-09 17:00:28 manager.py:1483 findfont: score(FontEntry(fname='/usr/share/fonts/truetype/noto/NotoSans-BoldItalic.ttf', name='Noto Sans', style='italic', variant='normal', weight=700, stretch='normal', size='scalable')) = 11.335
DEBUG 2026-06-09 17:00:28 manager.py:1483 findfont: score(FontEntry(fname='/usr/share/fonts/truetype/noto/NotoSerifTamil-Regular.ttf', name='Noto Serif Tamil', style='normal', variant='normal', weight=400, stretch='normal', size='scalable')) = 10.05
DEBUG 2026-06-09 17:00:28 manager.py:1483 findfont: score(FontEntry(fname='/home/kibub/miniforge3/envs/lerobot/fonts/Ubuntu-C.ttf', name='Ubuntu Condensed', style='normal', variant='normal', weight=400, stretch='condensed', size='scalable')) = 10.25
DEBUG 2026-06-09 17:00:28 manager.py:1483 findfont: score(FontEntry(fname='/usr/share/fonts/truetype/noto/NotoSansGujarati-Regular.ttf', name='Noto Sans Gujarati', style='normal', variant='normal', weight=400, stretch='normal', size='scalable')) = 10.05
DEBUG 2026-06-09 17:00:28 manager.py:1483 findfont: score(FontEntry(fname='/usr/share/fonts/truetype/lato/Lato-Black.ttf', name='Lato', style='normal', variant='normal', weight=900, stretch='normal', size='scalable')) = 10.525
DEBUG 2026-06-09 17:00:28 manager.py:1483 findfont: score(FontEntry(fname='/usr/share/fonts/truetype/noto/NotoSerifGujarati-Regular.ttf', name='Noto Serif Gujarati', style='normal', variant='normal', weight=400, stretch='normal', size='scalable')) = 10.05
DEBUG 2026-06-09 17:00:28 manager.py:1483 findfont: score(FontEntry(fname='/usr/share/fonts/opentype/urw-base35/URWGothic-Book.otf', name='URW Gothic', style='normal', variant='normal', weight=400, stretch='normal', size='scalable')) = 10.05
DEBUG 2026-06-09 17:00:28 manager.py:1483 findfont: score(FontEntry(fname='/usr/share/fonts/truetype/noto/NotoSansKhmer-Bold.ttf', name='Noto Sans Khmer', style='normal', variant='normal', weight=700, stretch='normal', size='scalable')) = 10.335
DEBUG 2026-06-09 17:00:28 manager.py:1483 findfont: score(FontEntry(fname='/usr/share/fonts/truetype/dejavu/DejaVuSansMono.ttf', name='DejaVu Sans Mono', style='normal', variant='normal', weight=400, stretch='normal', size='scalable')) = 10.05
DEBUG 2026-06-09 17:00:28 manager.py:1483 findfont: score(FontEntry(fname='/usr/share/fonts/truetype/noto/NotoSansGujarati-Bold.ttf', name='Noto Sans Gujarati', style='normal', variant='normal', weight=700, stretch='normal', size='scalable')) = 10.335
DEBUG 2026-06-09 17:00:28 manager.py:1483 findfont: score(FontEntry(fname='/usr/share/fonts/truetype/noto/NotoLoopedThai-Bold.ttf', name='Noto Looped Thai', style='normal', variant='normal', weight=700, stretch='normal', size='scalable')) = 10.335
DEBUG 2026-06-09 17:00:28 manager.py:1483 findfont: score(FontEntry(fname='/usr/share/fonts/truetype/noto/NotoSansLisu-Regular.ttf', name='Noto Sans Lisu', style='normal', variant='normal', weight=400, stretch='normal', size='scalable')) = 10.05
DEBUG 2026-06-09 17:00:28 manager.py:1483 findfont: score(FontEntry(fname='/usr/share/fonts/truetype/noto/NotoSansThai-Bold.ttf', name='Noto Sans Thai', style='normal', variant='normal', weight=700, stretch='normal', size='scalable')) = 10.335
DEBUG 2026-06-09 17:00:28 manager.py:1483 findfont: score(FontEntry(fname='/usr/share/fonts/truetype/noto/NotoSerifArmenian-Regular.ttf', name='Noto Serif Armenian', style='normal', variant='normal', weight=400, stretch='normal', size='scalable')) = 10.05
DEBUG 2026-06-09 17:00:28 manager.py:1483 findfont: score(FontEntry(fname='/usr/share/fonts/truetype/noto/NotoSansSogdian-Regular.ttf', name='Noto Sans Sogdian', style='normal', variant='normal', weight=400, stretch='normal', size='scalable')) = 10.05
DEBUG 2026-06-09 17:00:28 manager.py:1483 findfont: score(FontEntry(fname='/usr/share/fonts/truetype/noto/NotoSansTifinaghSIL-Regular.ttf', name='Noto Sans Tifinagh SIL', style='normal', variant='normal', weight=400, stretch='normal', size='scalable')) = 10.05
DEBUG 2026-06-09 17:00:28 manager.py:1483 findfont: score(FontEntry(fname='/usr/share/fonts/truetype/ubuntu/UbuntuMono-RI.ttf', name='Ubuntu Mono', style='italic', variant='normal', weight=400, stretch='normal', size='scalable')) = 11.05
DEBUG 2026-06-09 17:00:28 manager.py:1483 findfont: score(FontEntry(fname='/home/kibub/miniforge3/envs/lerobot/fonts/SourceCodePro-BlackIt.ttf', name='Source Code Pro', style='italic', variant='normal', weight=900, stretch='normal', size='scalable')) = 11.525
DEBUG 2026-06-09 17:00:28 manager.py:1483 findfont: score(FontEntry(fname='/usr/share/fonts/truetype/noto/NotoLoopedLao-Regular.ttf', name='Noto Looped Lao', style='normal', variant='normal', weight=400, stretch='normal', size='scalable')) = 10.05
DEBUG 2026-06-09 17:00:28 manager.py:1483 findfont: score(FontEntry(fname='/usr/share/fonts/truetype/noto/NotoSansHanifiRohingya-Regular.ttf', name='Noto Sans Hanifi Rohingya', style='normal', variant='normal', weight=400, stretch='normal', size='scalable')) = 10.05
DEBUG 2026-06-09 17:00:28 manager.py:1483 findfont: score(FontEntry(fname='/usr/share/fonts/opentype/urw-base35/NimbusMonoPS-BoldItalic.otf', name='Nimbus Mono PS', style='italic', variant='normal', weight=700, stretch='normal', size='scalable')) = 11.335
DEBUG 2026-06-09 17:00:28 manager.py:1483 findfont: score(FontEntry(fname='/usr/share/fonts/truetype/ubuntu/UbuntuSans[wdth,wght].ttf', name='Ubuntu Sans', style='normal', variant='normal', weight=400, stretch='normal', size='scalable')) = 10.05
DEBUG 2026-06-09 17:00:28 manager.py:1483 findfont: score(FontEntry(fname='/usr/share/fonts/truetype/noto/NotoSansThaana-Regular.ttf', name='Noto Sans Thaana', style='normal', variant='normal', weight=400, stretch='normal', size='scalable')) = 10.05
DEBUG 2026-06-09 17:00:28 manager.py:1483 findfont: score(FontEntry(fname='/usr/share/fonts/truetype/noto/NotoSansZanabazarSquare-Regular.ttf', name='Noto Sans Zanabazar Square', style='normal', variant='normal', weight=400, stretch='normal', size='scalable')) = 10.05
DEBUG 2026-06-09 17:00:28 manager.py:1483 findfont: score(FontEntry(fname='/usr/share/fonts/truetype/ubuntu/UbuntuMono-B.ttf', name='Ubuntu Mono', style='normal', variant='normal', weight=400, stretch='normal', size='scalable')) = 10.05
DEBUG 2026-06-09 17:00:28 manager.py:1483 findfont: score(FontEntry(fname='/usr/share/fonts/truetype/ubuntu/Ubuntu-Th.ttf', name='Ubuntu', style='normal', variant='normal', weight=400, stretch='normal', size='scalable')) = 10.05
DEBUG 2026-06-09 17:00:28 manager.py:1483 findfont: score(FontEntry(fname='/usr/share/fonts/truetype/noto/NotoSansBhaiksuki-Regular.ttf', name='Noto Sans Bhaiksuki', style='normal', variant='normal', weight=400, stretch='normal', size='scalable')) = 10.05
DEBUG 2026-06-09 17:00:28 manager.py:1483 findfont: score(FontEntry(fname='/usr/share/fonts/truetype/dejavu/DejaVuSansMono-BoldOblique.ttf', name='DejaVu Sans Mono', style='oblique', variant='normal', weight=700, stretch='normal', size='scalable')) = 11.335
DEBUG 2026-06-09 17:00:28 manager.py:1483 findfont: score(FontEntry(fname='/usr/share/fonts/truetype/noto/NotoSansRunic-Regular.ttf', name='Noto Sans Runic', style='normal', variant='normal', weight=400, stretch='normal', size='scalable')) = 10.05
DEBUG 2026-06-09 17:00:28 manager.py:1483 findfont: score(FontEntry(fname='/usr/share/fonts/truetype/noto/NotoSansCham-Regular.ttf', name='Noto Sans Cham', style='normal', variant='normal', weight=400, stretch='normal', size='scalable')) = 10.05
DEBUG 2026-06-09 17:00:28 manager.py:1483 findfont: score(FontEntry(fname='/usr/share/fonts/opentype/urw-base35/P052-Bold.otf', name='P052', style='normal', variant='normal', weight=700, stretch='normal', size='scalable')) = 10.335
DEBUG 2026-06-09 17:00:28 manager.py:1483 findfont: score(FontEntry(fname='/home/kibub/miniforge3/envs/lerobot/fonts/SourceCodePro-Regular.ttf', name='Source Code Pro', style='normal', variant='normal', weight=400, stretch='normal', size='scalable')) = 10.05
DEBUG 2026-06-09 17:00:28 manager.py:1483 findfont: score(FontEntry(fname='/usr/share/fonts/truetype/noto/NotoSansOldTurkic-Regular.ttf', name='Noto Sans Old Turkic', style='normal', variant='normal', weight=400, stretch='normal', size='scalable')) = 10.05
DEBUG 2026-06-09 17:00:28 manager.py:1483 findfont: score(FontEntry(fname='/usr/share/fonts/truetype/noto/NotoSerifThai-Regular.ttf', name='Noto Serif Thai', style='normal', variant='normal', weight=400, stretch='normal', size='scalable')) = 10.05
DEBUG 2026-06-09 17:00:28 manager.py:1483 findfont: score(FontEntry(fname='/usr/share/fonts/truetype/noto/NotoSerifLao-Bold.ttf', name='Noto Serif Lao', style='normal', variant='normal', weight=700, stretch='normal', size='scalable')) = 10.335
DEBUG 2026-06-09 17:00:28 manager.py:1483 findfont: score(FontEntry(fname='/usr/share/fonts/truetype/noto/NotoSansTaiTham-Bold.ttf', name='Noto Sans Tai Tham', style='normal', variant='normal', weight=700, stretch='normal', size='scalable')) = 10.335
DEBUG 2026-06-09 17:00:28 manager.py:1483 findfont: score(FontEntry(fname='/usr/share/fonts/truetype/noto/NotoSansHatran-Regular.ttf', name='Noto Sans Hatran', style='normal', variant='normal', weight=400, stretch='normal', size='scalable')) = 10.05
DEBUG 2026-06-09 17:00:28 manager.py:1483 findfont: score(FontEntry(fname='/usr/share/fonts/truetype/open-sans/OpenSans-CondLight.ttf', name='Open Sans', style='normal', variant='normal', weight=300, stretch='condensed', size='scalable')) = 10.344999999999999
DEBUG 2026-06-09 17:00:28 manager.py:1483 findfont: score(FontEntry(fname='/usr/share/fonts/truetype/lato/Lato-Light.ttf', name='Lato', style='normal', variant='normal', weight=300, stretch='normal', size='scalable')) = 10.145
DEBUG 2026-06-09 17:00:28 manager.py:1483 findfont: score(FontEntry(fname='/usr/share/fonts/truetype/noto/NotoSansImperialAramaic-Regular.ttf', name='Noto Sans Imperial Aramaic', style='normal', variant='normal', weight=400, stretch='normal', size='scalable')) = 10.05
DEBUG 2026-06-09 17:00:28 manager.py:1483 findfont: score(FontEntry(fname='/usr/share/fonts/truetype/noto/NotoSansCherokee-Bold.ttf', name='Noto Sans Cherokee', style='normal', variant='normal', weight=700, stretch='normal', size='scalable')) = 10.335
DEBUG 2026-06-09 17:00:28 manager.py:1483 findfont: score(FontEntry(fname='/usr/share/fonts/truetype/noto/NotoSerifMyanmar-Bold.ttf', name='Noto Serif Myanmar', style='normal', variant='normal', weight=400, stretch='normal', size='scalable')) = 10.05
DEBUG 2026-06-09 17:00:28 manager.py:1483 findfont: score(FontEntry(fname='/usr/share/fonts/truetype/noto/NotoSansNabataean-Regular.ttf', name='Noto Sans Nabataean', style='normal', variant='normal', weight=400, stretch='normal', size='scalable')) = 10.05
DEBUG 2026-06-09 17:00:28 manager.py:1483 findfont: score(FontEntry(fname='/usr/share/fonts/truetype/noto/NotoSansMarchen-Regular.ttf', name='Noto Sans Marchen', style='normal', variant='normal', weight=400, stretch='normal', size='scalable')) = 10.05
DEBUG 2026-06-09 17:00:28 manager.py:1483 findfont: score(FontEntry(fname='/usr/share/fonts/truetype/noto/NotoSerifKannada-Regular.ttf', name='Noto Serif Kannada', style='normal', variant='normal', weight=400, stretch='normal', size='scalable')) = 10.05
DEBUG 2026-06-09 17:00:28 manager.py:1483 findfont: score(FontEntry(fname='/usr/share/fonts/truetype/noto/NotoSansBalinese-Bold.ttf', name='Noto Sans Balinese', style='normal', variant='normal', weight=700, stretch='normal', size='scalable')) = 10.335
DEBUG 2026-06-09 17:00:28 manager.py:1483 findfont: score(FontEntry(fname='/usr/share/fonts/truetype/liberation/LiberationSans-Italic.ttf', name='Liberation Sans', style='italic', variant='normal', weight=400, stretch='normal', size='scalable')) = 11.05
DEBUG 2026-06-09 17:00:28 manager.py:1483 findfont: score(FontEntry(fname='/usr/share/fonts/opentype/urw-base35/NimbusRoman-Italic.otf', name='Nimbus Roman', style='italic', variant='normal', weight=400, stretch='normal', size='scalable')) = 11.05
DEBUG 2026-06-09 17:00:28 manager.py:1483 findfont: score(FontEntry(fname='/usr/share/fonts/truetype/lato/Lato-Hairline.ttf', name='Lato', style='normal', variant='normal', weight=250, stretch='normal', size='scalable')) = 10.1925
DEBUG 2026-06-09 17:00:28 manager.py:1483 findfont: score(FontEntry(fname='/usr/share/fonts/truetype/noto/NotoSerifDevanagari-Regular.ttf', name='Noto Serif Devanagari', style='normal', variant='normal', weight=400, stretch='normal', size='scalable')) = 10.05
DEBUG 2026-06-09 17:00:28 manager.py:1483 findfont: score(FontEntry(fname='/home/kibub/miniforge3/envs/lerobot/fonts/SourceCodePro-Semibold.ttf', name='Source Code Pro', style='normal', variant='normal', weight=600, stretch='normal', size='scalable')) = 10.24
DEBUG 2026-06-09 17:00:28 manager.py:1483 findfont: score(FontEntry(fname='/usr/share/fonts/truetype/noto/NotoSansEgyptianHieroglyphs-Regular.ttf', name='Noto Sans Egyptian Hieroglyphs', style='normal', variant='normal', weight=400, stretch='normal', size='scalable')) = 10.05
DEBUG 2026-06-09 17:00:28 manager.py:1483 findfont: score(FontEntry(fname='/usr/share/fonts/truetype/noto/NotoSerifDisplay-Italic.ttf', name='Noto Serif Display', style='italic', variant='normal', weight=400, stretch='normal', size='scalable')) = 11.05
DEBUG 2026-06-09 17:00:28 manager.py:1483 findfont: score(FontEntry(fname='/usr/share/fonts/truetype/noto/NotoSansSylotiNagri-Regular.ttf', name='Noto Sans Syloti Nagri', style='normal', variant='normal', weight=400, stretch='normal', size='scalable')) = 10.05
DEBUG 2026-06-09 17:00:28 manager.py:1483 findfont: score(FontEntry(fname='/usr/share/fonts/truetype/noto/NotoSansGunjalaGondi-Regular.ttf', name='Noto Sans Gunjala Gondi', style='normal', variant='normal', weight=400, stretch='normal', size='scalable')) = 10.05
DEBUG 2026-06-09 17:00:28 manager.py:1483 findfont: score(FontEntry(fname='/usr/share/fonts/truetype/noto/NotoSerifLao-Regular.ttf', name='Noto Serif Lao', style='normal', variant='normal', weight=400, stretch='normal', size='scalable')) = 10.05
DEBUG 2026-06-09 17:00:28 manager.py:1483 findfont: score(FontEntry(fname='/home/kibub/miniforge3/envs/lerobot/fonts/SourceCodePro-LightIt.ttf', name='Source Code Pro', style='italic', variant='normal', weight=300, stretch='normal', size='scalable')) = 11.145
DEBUG 2026-06-09 17:00:28 manager.py:1483 findfont: score(FontEntry(fname='/usr/share/fonts/opentype/urw-base35/NimbusSansNarrow-Oblique.otf', name='Nimbus Sans Narrow', style='oblique', variant='normal', weight=400, stretch='condensed', size='scalable')) = 11.25
DEBUG 2026-06-09 17:00:28 manager.py:1483 findfont: score(FontEntry(fname='/usr/share/fonts/truetype/noto/NotoSerifGujarati-Bold.ttf', name='Noto Serif Gujarati', style='normal', variant='normal', weight=700, stretch='normal', size='scalable')) = 10.335
DEBUG 2026-06-09 17:00:28 manager.py:1483 findfont: score(FontEntry(fname='/home/kibub/miniforge3/envs/lerobot/fonts/UbuntuMono-R.ttf', name='Ubuntu Mono', style='normal', variant='normal', weight=400, stretch='normal', size='scalable')) = 10.05
DEBUG 2026-06-09 17:00:28 manager.py:1483 findfont: score(FontEntry(fname='/usr/share/fonts/truetype/noto/NotoLoopedThai-Regular.ttf', name='Noto Looped Thai', style='normal', variant='normal', weight=400, stretch='normal', size='scalable')) = 10.05
DEBUG 2026-06-09 17:00:28 manager.py:1483 findfont: score(FontEntry(fname='/usr/share/fonts/truetype/noto/NotoSansMahajani-Regular.ttf', name='Noto Sans Mahajani', style='normal', variant='normal', weight=400, stretch='normal', size='scalable')) = 10.05
DEBUG 2026-06-09 17:00:28 manager.py:1483 findfont: score(FontEntry(fname='/usr/share/fonts/truetype/lato/Lato-ThinItalic.ttf', name='Lato', style='italic', variant='normal', weight=275, stretch='normal', size='scalable')) = 11.16875
DEBUG 2026-06-09 17:00:28 manager.py:1483 findfont: score(FontEntry(fname='/usr/share/fonts/truetype/dejavu/DejaVuSerif-Bold.ttf', name='DejaVu Serif', style='normal', variant='normal', weight=700, stretch='normal', size='scalable')) = 10.335
DEBUG 2026-06-09 17:00:28 manager.py:1483 findfont: score(FontEntry(fname='/usr/share/fonts/truetype/liberation/LiberationSans-Regular.ttf', name='Liberation Sans', style='normal', variant='normal', weight=400, stretch='normal', size='scalable')) = 10.05
DEBUG 2026-06-09 17:00:28 manager.py:1483 findfont: score(FontEntry(fname='/usr/share/fonts/truetype/noto/NotoSansEthiopic-Regular.ttf', name='Noto Sans Ethiopic', style='normal', variant='normal', weight=400, stretch='normal', size='scalable')) = 10.05
DEBUG 2026-06-09 17:00:28 manager.py:1483 findfont: score(FontEntry(fname='/usr/share/fonts/truetype/noto/NotoSerifTelugu-Bold.ttf', name='Noto Serif Telugu', style='normal', variant='normal', weight=700, stretch='normal', size='scalable')) = 10.335
DEBUG 2026-06-09 17:00:28 manager.py:1483 findfont: score(FontEntry(fname='/usr/share/fonts/truetype/noto/NotoSans-Regular.ttf', name='Noto Sans', style='normal', variant='normal', weight=400, stretch='normal', size='scalable')) = 10.05
DEBUG 2026-06-09 17:00:28 manager.py:1483 findfont: score(FontEntry(fname='/usr/share/fonts/truetype/liberation/LiberationSansNarrow-Regular.ttf', name='Liberation Sans Narrow', style='normal', variant='normal', weight=400, stretch='condensed', size='scalable')) = 10.25
DEBUG 2026-06-09 17:00:28 manager.py:1483 findfont: score(FontEntry(fname='/usr/share/fonts/truetype/noto/NotoSansLimbu-Regular.ttf', name='Noto Sans Limbu', style='normal', variant='normal', weight=400, stretch='normal', size='scalable')) = 10.05
DEBUG 2026-06-09 17:00:28 manager.py:1483 findfont: score(FontEntry(fname='/usr/share/fonts/truetype/noto/NotoSansPsalterPahlavi-Regular.ttf', name='Noto Sans Psalter Pahlavi', style='normal', variant='normal', weight=400, stretch='normal', size='scalable')) = 10.05
DEBUG 2026-06-09 17:00:28 manager.py:1483 findfont: score(FontEntry(fname='/usr/share/fonts/truetype/noto/NotoSansJavanese-Bold.ttf', name='Noto Sans Javanese', style='normal', variant='normal', weight=700, stretch='normal', size='scalable')) = 10.335
DEBUG 2026-06-09 17:00:28 manager.py:1483 findfont: score(FontEntry(fname='/usr/share/fonts/truetype/noto/NotoSerifDisplay-Bold.ttf', name='Noto Serif Display', style='normal', variant='normal', weight=700, stretch='normal', size='scalable')) = 10.335
DEBUG 2026-06-09 17:00:28 manager.py:1483 findfont: score(FontEntry(fname='/usr/share/fonts/truetype/dejavu/DejaVuSerif.ttf', name='DejaVu Serif', style='normal', variant='normal', weight=400, stretch='normal', size='scalable')) = 10.05
DEBUG 2026-06-09 17:00:28 manager.py:1483 findfont: score(FontEntry(fname='/usr/share/fonts/truetype/noto/NotoSansDeseret-Regular.ttf', name='Noto Sans Deseret', style='normal', variant='normal', weight=400, stretch='normal', size='scalable')) = 10.05
DEBUG 2026-06-09 17:00:28 manager.py:1483 findfont: score(FontEntry(fname='/usr/share/fonts/truetype/lato/Lato-BoldItalic.ttf', name='Lato', style='italic', variant='normal', weight=700, stretch='normal', size='scalable')) = 11.335
DEBUG 2026-06-09 17:00:28 manager.py:1483 findfont: score(FontEntry(fname='/home/kibub/miniforge3/envs/lerobot/fonts/Ubuntu-BI.ttf', name='Ubuntu', style='italic', variant='normal', weight=700, stretch='normal', size='scalable')) = 11.335
DEBUG 2026-06-09 17:00:28 manager.py:1483 findfont: score(FontEntry(fname='/usr/share/fonts/truetype/noto/NotoSansLao-Regular.ttf', name='Noto Sans Lao', style='normal', variant='normal', weight=400, stretch='normal', size='scalable')) = 10.05
DEBUG 2026-06-09 17:00:28 manager.py:1483 findfont: score(FontEntry(fname='/usr/share/fonts/truetype/lato/Lato-Semibold.ttf', name='Lato', style='normal', variant='normal', weight=600, stretch='normal', size='scalable')) = 10.24
DEBUG 2026-06-09 17:00:28 manager.py:1483 findfont: score(FontEntry(fname='/usr/share/fonts/truetype/noto/NotoSansOldPermic-Regular.ttf', name='Noto Sans Old Permic', style='normal', variant='normal', weight=400, stretch='normal', size='scalable')) = 10.05
DEBUG 2026-06-09 17:00:28 manager.py:1483 findfont: score(FontEntry(fname='/usr/share/fonts/truetype/noto/NotoSerifYezidi-Bold.ttf', name='Noto Serif Yezidi', style='normal', variant='normal', weight=700, stretch='normal', size='scalable')) = 10.335
DEBUG 2026-06-09 17:00:28 manager.py:1483 findfont: score(FontEntry(fname='/usr/share/fonts/opentype/noto/NotoSansCJK-Bold.ttc', name='Noto Sans CJK JP', style='normal', variant='normal', weight=700, stretch='normal', size='scalable')) = 10.335
DEBUG 2026-06-09 17:00:28 manager.py:1483 findfont: score(FontEntry(fname='/usr/share/fonts/opentype/noto/NotoSerifCJK-Bold.ttc', name='Noto Serif CJK JP', style='normal', variant='normal', weight=700, stretch='normal', size='scalable')) = 10.335
DEBUG 2026-06-09 17:00:28 manager.py:1483 findfont: score(FontEntry(fname='/usr/share/fonts/truetype/ubuntu/UbuntuSansMono-Italic[wght].ttf', name='Ubuntu Sans Mono', style='italic', variant='normal', weight=400, stretch='normal', size='scalable')) = 11.05
DEBUG 2026-06-09 17:00:28 manager.py:1483 findfont: score(FontEntry(fname='/usr/share/fonts/truetype/ubuntu/Ubuntu-RI.ttf', name='Ubuntu', style='italic', variant='normal', weight=400, stretch='normal', size='scalable')) = 11.05
DEBUG 2026-06-09 17:00:28 manager.py:1483 findfont: score(FontEntry(fname='/usr/share/fonts/truetype/noto/NotoSansDisplay-Regular.ttf', name='Noto Sans Display', style='normal', variant='normal', weight=400, stretch='normal', size='scalable')) = 10.05
DEBUG 2026-06-09 17:00:28 manager.py:1483 findfont: score(FontEntry(fname='/home/kibub/miniforge3/envs/lerobot/fonts/SourceCodePro-ExtraLightIt.ttf', name='Source Code Pro', style='italic', variant='normal', weight=200, stretch='normal', size='scalable')) = 11.24
DEBUG 2026-06-09 17:00:28 manager.py:1483 findfont: score(FontEntry(fname='/usr/share/fonts/truetype/liberation/LiberationMono-BoldItalic.ttf', name='Liberation Mono', style='italic', variant='normal', weight=700, stretch='normal', size='scalable')) = 11.335
DEBUG 2026-06-09 17:00:28 manager.py:1483 findfont: score(FontEntry(fname='/usr/share/fonts/truetype/noto/NotoSansCham-Bold.ttf', name='Noto Sans Cham', style='normal', variant='normal', weight=700, stretch='normal', size='scalable')) = 10.335
DEBUG 2026-06-09 17:00:28 manager.py:1483 findfont: score(FontEntry(fname='/usr/share/fonts/truetype/open-sans/OpenSans-BoldItalic.ttf', name='Open Sans', style='italic', variant='normal', weight=700, stretch='normal', size='scalable')) = 11.335
DEBUG 2026-06-09 17:00:28 manager.py:1483 findfont: score(FontEntry(fname='/usr/share/fonts/truetype/noto/NotoSansDisplay-Italic.ttf', name='Noto Sans Display', style='italic', variant='normal', weight=400, stretch='normal', size='scalable')) = 11.05
DEBUG 2026-06-09 17:00:28 manager.py:1483 findfont: score(FontEntry(fname='/usr/share/fonts/truetype/noto/NotoSansWancho-Regular.ttf', name='Noto Sans Wancho', style='normal', variant='normal', weight=400, stretch='normal', size='scalable')) = 10.05
DEBUG 2026-06-09 17:00:28 manager.py:1483 findfont: score(FontEntry(fname='/usr/share/fonts/truetype/dejavu/DejaVuSansMono-Oblique.ttf', name='DejaVu Sans Mono', style='oblique', variant='normal', weight=400, stretch='normal', size='scalable')) = 11.05
DEBUG 2026-06-09 17:00:28 manager.py:1483 findfont: score(FontEntry(fname='/usr/share/fonts/opentype/urw-base35/D050000L.otf', name='D050000L', style='normal', variant='normal', weight=400, stretch='normal', size='scalable')) = 10.05
DEBUG 2026-06-09 17:00:28 manager.py:1483 findfont: score(FontEntry(fname='/usr/share/fonts/truetype/noto/NotoSansMedefaidrin-Regular.ttf', name='Noto Sans Medefaidrin', style='normal', variant='normal', weight=400, stretch='normal', size='scalable')) = 10.05
DEBUG 2026-06-09 17:00:28 manager.py:1483 findfont: score(FontEntry(fname='/usr/share/fonts/truetype/noto/NotoSansTifinaghTawellemmet-Regular.ttf', name='Noto Sans Tifinagh Tawellemmet', style='normal', variant='normal', weight=400, stretch='normal', size='scalable')) = 10.05
DEBUG 2026-06-09 17:00:28 manager.py:1483 findfont: score(FontEntry(fname='/usr/share/fonts/truetype/noto/NotoSansTifinaghAzawagh-Regular.ttf', name='Noto Sans Tifinagh Azawagh', style='normal', variant='normal', weight=400, stretch='normal', size='scalable')) = 10.05
DEBUG 2026-06-09 17:00:28 manager.py:1483 findfont: score(FontEntry(fname='/usr/share/fonts/truetype/noto/NotoSerifArmenian-Bold.ttf', name='Noto Serif Armenian', style='normal', variant='normal', weight=700, stretch='normal', size='scalable')) = 10.335
DEBUG 2026-06-09 17:00:28 manager.py:1483 findfont: score(FontEntry(fname='/usr/share/fonts/truetype/noto/NotoSansSundanese-Bold.ttf', name='Noto Sans Sundanese', style='normal', variant='normal', weight=700, stretch='normal', size='scalable')) = 10.335
DEBUG 2026-06-09 17:00:28 manager.py:1483 findfont: score(FontEntry(fname='/usr/share/fonts/truetype/noto/NotoSansAdlamUnjoined-Regular.ttf', name='Noto Sans Adlam Unjoined', style='normal', variant='normal', weight=400, stretch='normal', size='scalable')) = 10.05
DEBUG 2026-06-09 17:00:28 manager.py:1483 findfont: score(FontEntry(fname='/usr/share/fonts/truetype/noto/NotoSansMultani-Regular.ttf', name='Noto Sans Multani', style='normal', variant='normal', weight=400, stretch='normal', size='scalable')) = 10.05
DEBUG 2026-06-09 17:00:28 manager.py:1483 findfont: score(FontEntry(fname='/usr/share/fonts/truetype/liberation/LiberationSerif-BoldItalic.ttf', name='Liberation Serif', style='italic', variant='normal', weight=700, stretch='normal', size='scalable')) = 11.335
DEBUG 2026-06-09 17:00:28 manager.py:1483 findfont: score(FontEntry(fname='/usr/share/fonts/truetype/noto/NotoKufiArabic-Regular.ttf', name='Noto Kufi Arabic', style='normal', variant='normal', weight=400, stretch='normal', size='scalable')) = 10.05
DEBUG 2026-06-09 17:00:28 manager.py:1483 findfont: score(FontEntry(fname='/usr/share/fonts/truetype/noto/NotoSansSymbols-Regular.ttf', name='Noto Sans Symbols', style='normal', variant='normal', weight=400, stretch='normal', size='scalable')) = 10.05
DEBUG 2026-06-09 17:00:28 manager.py:1483 findfont: score(FontEntry(fname='/usr/share/fonts/truetype/noto/NotoSansGurmukhi-Bold.ttf', name='Noto Sans Gurmukhi', style='normal', variant='normal', weight=700, stretch='normal', size='scalable')) = 10.335
DEBUG 2026-06-09 17:00:28 manager.py:1483 findfont: score(FontEntry(fname='/usr/share/fonts/truetype/noto/NotoSerifSinhala-Bold.ttf', name='Noto Serif Sinhala', style='normal', variant='normal', weight=700, stretch='normal', size='scalable')) = 10.335
DEBUG 2026-06-09 17:00:28 manager.py:1483 findfont: score(FontEntry(fname='/usr/share/fonts/truetype/noto/NotoSansTifinaghAir-Regular.ttf', name='Noto Sans Tifinagh Air', style='normal', variant='normal', weight=400, stretch='normal', size='scalable')) = 10.05
DEBUG 2026-06-09 17:00:28 manager.py:1483 findfont: score(FontEntry(fname='/usr/share/fonts/truetype/noto/NotoSansOsmanya-Regular.ttf', name='Noto Sans Osmanya', style='normal', variant='normal', weight=400, stretch='normal', size='scalable')) = 10.05
DEBUG 2026-06-09 17:00:28 manager.py:1483 findfont: score(FontEntry(fname='/usr/share/fonts/truetype/noto/NotoSansTakri-Regular.ttf', name='Noto Sans Takri', style='normal', variant='normal', weight=400, stretch='normal', size='scalable')) = 10.05
DEBUG 2026-06-09 17:00:28 manager.py:1483 findfont: score(FontEntry(fname='/usr/share/fonts/truetype/noto/NotoSansAdlam-Bold.ttf', name='Noto Sans Adlam', style='normal', variant='normal', weight=700, stretch='normal', size='scalable')) = 10.335
DEBUG 2026-06-09 17:00:28 manager.py:1483 findfont: score(FontEntry(fname='/usr/share/fonts/truetype/noto/NotoSansDevanagari-Bold.ttf', name='Noto Sans Devanagari', style='normal', variant='normal', weight=700, stretch='normal', size='scalable')) = 10.335
DEBUG 2026-06-09 17:00:28 manager.py:1483 findfont: score(FontEntry(fname='/usr/share/fonts/truetype/ubuntu/Ubuntu-LI.ttf', name='Ubuntu', style='italic', variant='normal', weight=400, stretch='normal', size='scalable')) = 11.05
DEBUG 2026-06-09 17:00:28 manager.py:1483 findfont: score(FontEntry(fname='/usr/share/fonts/truetype/noto/NotoSansAdlamUnjoined-Bold.ttf', name='Noto Sans Adlam Unjoined', style='normal', variant='normal', weight=700, stretch='normal', size='scalable')) = 10.335
DEBUG 2026-06-09 17:00:28 manager.py:1483 findfont: score(FontEntry(fname='/usr/share/fonts/truetype/lato/Lato-Regular.ttf', name='Lato', style='normal', variant='normal', weight=400, stretch='normal', size='scalable')) = 10.05
DEBUG 2026-06-09 17:00:28 manager.py:1483 findfont: score(FontEntry(fname='/home/kibub/miniforge3/envs/lerobot/fonts/DejaVuSans.ttf', name='DejaVu Sans', style='normal', variant='normal', weight=400, stretch='normal', size='scalable')) = 0.05
DEBUG 2026-06-09 17:00:28 manager.py:1483 findfont: score(FontEntry(fname='/usr/share/fonts/truetype/noto/NotoSansSamaritan-Regular.ttf', name='Noto Sans Samaritan', style='normal', variant='normal', weight=400, stretch='normal', size='scalable')) = 10.05
DEBUG 2026-06-09 17:00:28 manager.py:1483 findfont: score(FontEntry(fname='/usr/share/fonts/truetype/noto/NotoSansTamil-Regular.ttf', name='Noto Sans Tamil', style='normal', variant='normal', weight=400, stretch='normal', size='scalable')) = 10.05
DEBUG 2026-06-09 17:00:28 manager.py:1483 findfont: score(FontEntry(fname='/usr/share/fonts/truetype/noto/NotoSansKhudawadi-Regular.ttf', name='Noto Sans Khudawadi', style='normal', variant='normal', weight=400, stretch='normal', size='scalable')) = 10.05
DEBUG 2026-06-09 17:00:28 manager.py:1483 findfont: score(FontEntry(fname='/usr/share/fonts/truetype/noto/NotoSansCanadianAboriginal-Bold.ttf', name='Noto Sans Canadian Aboriginal', style='normal', variant='normal', weight=700, stretch='normal', size='scalable')) = 10.335
DEBUG 2026-06-09 17:00:28 manager.py:1483 findfont: score(FontEntry(fname='/usr/share/fonts/truetype/noto/NotoSansTifinaghAgrawImazighen-Regular.ttf', name='Noto Sans Tifinagh Agraw Imazighen', style='normal', variant='normal', weight=400, stretch='normal', size='scalable')) = 10.05
DEBUG 2026-06-09 17:00:28 manager.py:1483 findfont: score(FontEntry(fname='/usr/share/fonts/truetype/noto/NotoSansTaiLe-Regular.ttf', name='Noto Sans Tai Le', style='normal', variant='normal', weight=400, stretch='normal', size='scalable')) = 10.05
DEBUG 2026-06-09 17:00:28 manager.py:1483 findfont: score(FontEntry(fname='/home/kibub/miniforge3/envs/lerobot/fonts/UbuntuMono-B.ttf', name='Ubuntu Mono', style='normal', variant='normal', weight=700, stretch='normal', size='scalable')) = 10.335
DEBUG 2026-06-09 17:00:28 manager.py:1483 findfont: score(FontEntry(fname='/usr/share/fonts/truetype/noto/NotoSansAdlam-Regular.ttf', name='Noto Sans Adlam', style='normal', variant='normal', weight=400, stretch='normal', size='scalable')) = 10.05
DEBUG 2026-06-09 17:00:28 manager.py:1483 findfont: score(FontEntry(fname='/usr/share/fonts/truetype/noto/NotoSansBuhid-Regular.ttf', name='Noto Sans Buhid', style='normal', variant='normal', weight=400, stretch='normal', size='scalable')) = 10.05
DEBUG 2026-06-09 17:00:28 manager.py:1483 findfont: score(FontEntry(fname='/usr/share/fonts/truetype/ubuntu/Ubuntu-R.ttf', name='Ubuntu', style='normal', variant='normal', weight=400, stretch='normal', size='scalable')) = 10.05
DEBUG 2026-06-09 17:00:28 manager.py:1483 findfont: score(FontEntry(fname='/usr/share/fonts/opentype/urw-base35/URWBookman-LightItalic.otf', name='URW Bookman', style='italic', variant='normal', weight=300, stretch='normal', size='scalable')) = 11.145
DEBUG 2026-06-09 17:00:28 manager.py:1483 findfont: score(FontEntry(fname='/home/kibub/miniforge3/envs/lerobot/fonts/Ubuntu-Th.ttf', name='Ubuntu', style='normal', variant='normal', weight=250, stretch='normal', size='scalable')) = 10.1925
DEBUG 2026-06-09 17:00:28 manager.py:1483 findfont: score(FontEntry(fname='/usr/share/fonts/truetype/noto/NotoSansInscriptionalPahlavi-Regular.ttf', name='Noto Sans Inscriptional Pahlavi', style='normal', variant='normal', weight=400, stretch='normal', size='scalable')) = 10.05
DEBUG 2026-06-09 17:00:28 manager.py:1483 findfont: score(FontEntry(fname='/home/kibub/miniforge3/envs/lerobot/fonts/SourceCodePro-BoldIt.ttf', name='Source Code Pro', style='italic', variant='normal', weight=700, stretch='normal', size='scalable')) = 11.335
DEBUG 2026-06-09 17:00:28 manager.py:1483 findfont: score(FontEntry(fname='/usr/share/fonts/truetype/noto/NotoSansCuneiform-Regular.ttf', name='Noto Sans Cuneiform', style='normal', variant='normal', weight=400, stretch='normal', size='scalable')) = 10.05
DEBUG 2026-06-09 17:00:28 manager.py:1483 findfont: score(FontEntry(fname='/usr/share/fonts/truetype/noto/NotoSansManichaean-Regular.ttf', name='Noto Sans Manichaean', style='normal', variant='normal', weight=400, stretch='normal', size='scalable')) = 10.05
DEBUG 2026-06-09 17:00:28 manager.py:1483 findfont: score(FontEntry(fname='/usr/share/fonts/truetype/noto/NotoSansInscriptionalParthian-Regular.ttf', name='Noto Sans Inscriptional Parthian', style='normal', variant='normal', weight=400, stretch='normal', size='scalable')) = 10.05
DEBUG 2026-06-09 17:00:28 manager.py:1483 findfont: score(FontEntry(fname='/usr/share/fonts/truetype/noto/NotoSerifGrantha-Regular.ttf', name='Noto Serif Grantha', style='normal', variant='normal', weight=400, stretch='normal', size='scalable')) = 10.05
DEBUG 2026-06-09 17:00:28 manager.py:1483 findfont: score(FontEntry(fname='/usr/share/fonts/truetype/noto/NotoSansLepcha-Regular.ttf', name='Noto Sans Lepcha', style='normal', variant='normal', weight=400, stretch='normal', size='scalable')) = 10.05
DEBUG 2026-06-09 17:00:28 manager.py:1483 findfont: score(FontEntry(fname='/usr/share/fonts/truetype/noto/NotoSansBuginese-Regular.ttf', name='Noto Sans Buginese', style='normal', variant='normal', weight=400, stretch='normal', size='scalable')) = 10.05
DEBUG 2026-06-09 17:00:28 manager.py:1483 findfont: score(FontEntry(fname='/usr/share/fonts/truetype/ubuntu/Ubuntu[wdth,wght].ttf', name='Ubuntu', style='normal', variant='normal', weight=400, stretch='normal', size='scalable')) = 10.05
DEBUG 2026-06-09 17:00:28 manager.py:1483 findfont: score(FontEntry(fname='/usr/share/fonts/truetype/dejavu/DejaVuSans.ttf', name='DejaVu Sans', style='normal', variant='normal', weight=400, stretch='normal', size='scalable')) = 0.05
DEBUG 2026-06-09 17:00:28 manager.py:1483 findfont: score(FontEntry(fname='/usr/share/fonts/truetype/ubuntu/Ubuntu-MI.ttf', name='Ubuntu', style='italic', variant='normal', weight=400, stretch='normal', size='scalable')) = 11.05
DEBUG 2026-06-09 17:00:28 manager.py:1483 findfont: score(FontEntry(fname='/usr/share/fonts/truetype/noto/NotoSerifYezidi-Regular.ttf', name='Noto Serif Yezidi', style='normal', variant='normal', weight=400, stretch='normal', size='scalable')) = 10.05
DEBUG 2026-06-09 17:00:28 manager.py:1483 findfont: score(FontEntry(fname='/usr/share/fonts/truetype/noto/NotoSerifBengali-Bold.ttf', name='Noto Serif Bengali', style='normal', variant='normal', weight=700, stretch='normal', size='scalable')) = 10.335
DEBUG 2026-06-09 17:00:28 manager.py:1483 findfont: score(FontEntry(fname='/usr/share/fonts/truetype/noto/NotoSerifTibetan-Bold.ttf', name='Noto Serif Tibetan', style='normal', variant='normal', weight=700, stretch='normal', size='scalable')) = 10.335
DEBUG 2026-06-09 17:00:28 manager.py:1483 findfont: score(FontEntry(fname='/usr/share/fonts/truetype/open-sans/OpenSans-Light.ttf', name='Open Sans', style='normal', variant='normal', weight=300, stretch='normal', size='scalable')) = 10.145
DEBUG 2026-06-09 17:00:28 manager.py:1483 findfont: score(FontEntry(fname='/usr/share/fonts/opentype/noto/NotoSerifCJK-Regular.ttc', name='Noto Serif CJK JP', style='normal', variant='normal', weight=400, stretch='normal', size='scalable')) = 10.05
DEBUG 2026-06-09 17:00:28 manager.py:1483 findfont: score(FontEntry(fname='/usr/share/fonts/opentype/urw-base35/NimbusRoman-BoldItalic.otf', name='Nimbus Roman', style='italic', variant='normal', weight=700, stretch='normal', size='scalable')) = 11.335
DEBUG 2026-06-09 17:00:28 manager.py:1483 findfont: score(FontEntry(fname='/usr/share/fonts/truetype/noto/NotoSansTelugu-Bold.ttf', name='Noto Sans Telugu', style='normal', variant='normal', weight=700, stretch='normal', size='scalable')) = 10.335
DEBUG 2026-06-09 17:00:28 manager.py:1483 findfont: score(FontEntry(fname='/usr/share/fonts/truetype/lato/Lato-SemiboldItalic.ttf', name='Lato', style='italic', variant='normal', weight=600, stretch='normal', size='scalable')) = 11.24
DEBUG 2026-06-09 17:00:28 manager.py:1483 findfont: score(FontEntry(fname='/usr/share/fonts/truetype/noto/NotoSansOriya-Regular.ttf', name='Noto Sans Oriya', style='normal', variant='normal', weight=400, stretch='normal', size='scalable')) = 10.05
DEBUG 2026-06-09 17:00:28 manager.py:1483 findfont: score(FontEntry(fname='/usr/share/fonts/truetype/liberation/LiberationSerif-Regular.ttf', name='Liberation Serif', style='normal', variant='normal', weight=400, stretch='normal', size='scalable')) = 10.05
DEBUG 2026-06-09 17:00:28 manager.py:1483 findfont: score(FontEntry(fname='/usr/share/fonts/truetype/open-sans/OpenSans-SemiboldItalic.ttf', name='Open Sans', style='italic', variant='normal', weight=600, stretch='normal', size='scalable')) = 11.24
DEBUG 2026-06-09 17:00:28 manager.py:1515 findfont: Matching sans\-serif:style=normal:variant=normal:weight=normal:stretch=normal:size=10.0 to DejaVu Sans ('/home/kibub/miniforge3/envs/lerobot/lib/python3.12/site-packages/matplotlib/mpl-data/fonts/ttf/DejaVuSans.ttf') with score of 0.050000.
INFO 2026-06-09 17:00:28 t_client.py:512 Client stopped
