DEBUG 2026-06-09 15:34:36 rt_utils.py:241 Third-party plugin import summary: imported=[] failed=[]
DEBUG 2026-06-09 15:34:36 d_metavar.py:22 Metavar for type None: None
DEBUG 2026-06-09 15:34:36 formatter.py:52 action type: None, Result: , nargs: 0, default metavar: None
DEBUG 2026-06-09 15:34:36 d_metavar.py:22 Metavar for type <class 'str'>: str
DEBUG 2026-06-09 15:34:36 formatter.py:52 action type: <class 'str'>, Result: str, nargs: None, default metavar: None
DEBUG 2026-06-09 15:34:36 _wrapper.py:168 wrapped field at policy_type has a default value of None
DEBUG 2026-06-09 15:34:36 _wrapper.py:168 wrapped field at pretrained_name_or_path has a default value of None
DEBUG 2026-06-09 15:34:36 _wrapper.py:168 wrapped field at actions_per_chunk has a default value of None
DEBUG 2026-06-09 15:34:36 _wrapper.py:168 wrapped field at task has a default value of 
DEBUG 2026-06-09 15:34:36 _wrapper.py:168 wrapped field at server_address has a default value of localhost:8080
DEBUG 2026-06-09 15:34:36 _wrapper.py:168 wrapped field at policy_device has a default value of cpu
DEBUG 2026-06-09 15:34:36 _wrapper.py:168 wrapped field at client_device has a default value of cpu
DEBUG 2026-06-09 15:34:36 _wrapper.py:168 wrapped field at chunk_size_threshold has a default value of 0.5
DEBUG 2026-06-09 15:34:36 _wrapper.py:168 wrapped field at fps has a default value of 30
DEBUG 2026-06-09 15:34:36 _wrapper.py:168 wrapped field at aggregate_fn_name has a default value of weighted_average
DEBUG 2026-06-09 15:34:36 _wrapper.py:168 wrapped field at debug_visualize_queue_size has a default value of False
DEBUG 2026-06-09 15:34:36 _wrapper.py:309 Arg options for field 'policy_type': {'required': False, 'dest': 'policy_type', 'default': None, 'help': 'Policy configuration', 'type': <class 'str'>}
DEBUG 2026-06-09 15:34:36 _wrapper.py:309 Arg options for field 'pretrained_name_or_path': {'required': False, 'dest': 'pretrained_name_or_path', 'default': None, 'type': <class 'str'>}
DEBUG 2026-06-09 15:34:36 d_metavar.py:22 Metavar for type <class 'str'>: str
DEBUG 2026-06-09 15:34:36 formatter.py:52 action type: <class 'str'>, Result: str, nargs: None, default metavar: None
DEBUG 2026-06-09 15:34:36 _wrapper.py:168 wrapped field at robot.port has a default value of None
DEBUG 2026-06-09 15:34:36 _wrapper.py:168 wrapped field at robot.disable_torque_on_disconnect has a default value of True
DEBUG 2026-06-09 15:34:36 _wrapper.py:201 wrapped field at robot.max_relative_target has a default value of None
DEBUG 2026-06-09 15:34:36 _wrapper.py:201 wrapped field at robot.cameras has a default value of {}
DEBUG 2026-06-09 15:34:36 _wrapper.py:168 wrapped field at robot.use_degrees has a default value of True
DEBUG 2026-06-09 15:34:36 _wrapper.py:201 wrapped field at robot.id has a default value of None
DEBUG 2026-06-09 15:34:36 _wrapper.py:201 wrapped field at robot.calibration_dir has a default value of None
DEBUG 2026-06-09 15:34:36 _wrapper.py:168 wrapped field at robot.port has a default value of None
DEBUG 2026-06-09 15:34:36 _wrapper.py:168 wrapped field at robot.disable_torque_on_disconnect has a default value of True
DEBUG 2026-06-09 15:34:36 _wrapper.py:201 wrapped field at robot.max_relative_target has a default value of None
DEBUG 2026-06-09 15:34:36 _wrapper.py:201 wrapped field at robot.cameras has a default value of {}
DEBUG 2026-06-09 15:34:36 _wrapper.py:168 wrapped field at robot.use_degrees has a default value of True
DEBUG 2026-06-09 15:34:36 _wrapper.py:201 wrapped field at robot.id has a default value of None
DEBUG 2026-06-09 15:34:36 _wrapper.py:201 wrapped field at robot.calibration_dir has a default value of None
DEBUG 2026-06-09 15:34:36 _wrapper.py:201 wrapped field at robot.id has a default value of None
DEBUG 2026-06-09 15:34:36 _wrapper.py:201 wrapped field at robot.calibration_dir has a default value of None
DEBUG 2026-06-09 15:34:36 _wrapper.py:168 wrapped field at robot.left_arm_config.port has a default value of None
DEBUG 2026-06-09 15:34:36 _wrapper.py:168 wrapped field at robot.left_arm_config.disable_torque_on_disconnect has a default value of True
DEBUG 2026-06-09 15:34:36 _wrapper.py:201 wrapped field at robot.left_arm_config.max_relative_target has a default value of None
DEBUG 2026-06-09 15:34:36 _wrapper.py:201 wrapped field at robot.left_arm_config.cameras has a default value of {}
DEBUG 2026-06-09 15:34:36 _wrapper.py:168 wrapped field at robot.left_arm_config.use_degrees has a default value of True
DEBUG 2026-06-09 15:34:36 _wrapper.py:168 wrapped field at robot.right_arm_config.port has a default value of None
DEBUG 2026-06-09 15:34:36 _wrapper.py:168 wrapped field at robot.right_arm_config.disable_torque_on_disconnect has a default value of True
DEBUG 2026-06-09 15:34:36 _wrapper.py:201 wrapped field at robot.right_arm_config.max_relative_target has a default value of None
DEBUG 2026-06-09 15:34:36 _wrapper.py:201 wrapped field at robot.right_arm_config.cameras has a default value of {}
DEBUG 2026-06-09 15:34:36 _wrapper.py:168 wrapped field at robot.right_arm_config.use_degrees has a default value of True
DEBUG 2026-06-09 15:34:36 _wrapper.py:201 wrapped field at robot.top_cameras has a default value of {}
DEBUG 2026-06-09 15:34:36 _wrapper.py:201 wrapped field at robot.id has a default value of None
DEBUG 2026-06-09 15:34:36 _wrapper.py:201 wrapped field at robot.calibration_dir has a default value of None
DEBUG 2026-06-09 15:34:36 _wrapper.py:168 wrapped field at robot.port has a default value of None
DEBUG 2026-06-09 15:34:36 _wrapper.py:168 wrapped field at robot.disable_torque_on_disconnect has a default value of True
DEBUG 2026-06-09 15:34:36 _wrapper.py:201 wrapped field at robot.max_relative_target has a default value of None
DEBUG 2026-06-09 15:34:36 _wrapper.py:201 wrapped field at robot.cameras has a default value of {}
DEBUG 2026-06-09 15:34:36 _wrapper.py:168 wrapped field at robot.use_degrees has a default value of False
DEBUG 2026-06-09 15:34:36 _wrapper.py:201 wrapped field at robot.id has a default value of None
DEBUG 2026-06-09 15:34:36 _wrapper.py:201 wrapped field at robot.calibration_dir has a default value of None
DEBUG 2026-06-09 15:34:36 _wrapper.py:168 wrapped field at robot.port has a default value of None
DEBUG 2026-06-09 15:34:36 _wrapper.py:168 wrapped field at robot.disable_torque_on_disconnect has a default value of True
DEBUG 2026-06-09 15:34:36 _wrapper.py:201 wrapped field at robot.max_relative_target has a default value of None
DEBUG 2026-06-09 15:34:36 _wrapper.py:201 wrapped field at robot.cameras has a default value of {}
DEBUG 2026-06-09 15:34:36 _wrapper.py:168 wrapped field at robot.use_degrees has a default value of False
DEBUG 2026-06-09 15:34:36 docstring.py:65 Couldn't find the attribute docstring: could not find class definition
DEBUG 2026-06-09 15:34:36 _wrapper.py:309 Arg options for field 'port': {'required': False, 'dest': 'robot.port', 'default': None, 'type': <class 'str'>}
DEBUG 2026-06-09 15:34:36 docstring.py:65 Couldn't find the attribute docstring: could not find class definition
DEBUG 2026-06-09 15:34:36 _wrapper.py:309 Arg options for field 'disable_torque_on_disconnect': {'required': False, 'dest': 'robot.disable_torque_on_disconnect', 'default': True, 'help': ' ', 'type': <class 'bool'>}
DEBUG 2026-06-09 15:34:36 docstring.py:65 Couldn't find the attribute docstring: could not find class definition
DEBUG 2026-06-09 15:34:36 _wrapper.py:309 Arg options for field 'max_relative_target': {'required': False, 'dest': 'robot.max_relative_target', 'default': None, 'type': typing.Union[float, typing.Dict[str, float], NoneType]}
DEBUG 2026-06-09 15:34:36 docstring.py:65 Couldn't find the attribute docstring: could not find class definition
DEBUG 2026-06-09 15:34:36 _wrapper.py:309 Arg options for field 'cameras': {'required': False, 'dest': 'robot.cameras', 'default': {}, 'help': ' ', 'type': typing.Dict[str, lerobot.cameras.configs.CameraConfig]}
DEBUG 2026-06-09 15:34:36 docstring.py:65 Couldn't find the attribute docstring: could not find class definition
DEBUG 2026-06-09 15:34:36 _wrapper.py:309 Arg options for field 'use_degrees': {'required': False, 'dest': 'robot.use_degrees', 'default': True, 'help': ' ', 'type': <class 'bool'>}
DEBUG 2026-06-09 15:34:36 _wrapper.py:309 Arg options for field 'id': {'required': False, 'dest': 'robot.id', 'default': None, 'help': 'Allows to distinguish between different robots of the same type', 'type': typing.Optional[str]}
DEBUG 2026-06-09 15:34:36 _wrapper.py:309 Arg options for field 'calibration_dir': {'required': False, 'dest': 'robot.calibration_dir', 'default': None, 'help': 'Directory to store calibration file', 'type': typing.Optional[pathlib.Path]}
DEBUG 2026-06-09 15:34:36 docstring.py:65 Couldn't find the attribute docstring: could not find class definition
DEBUG 2026-06-09 15:34:36 _wrapper.py:309 Arg options for field 'port': {'required': False, 'dest': 'robot.port', 'default': None, 'type': <class 'str'>}
DEBUG 2026-06-09 15:34:36 docstring.py:65 Couldn't find the attribute docstring: could not find class definition
DEBUG 2026-06-09 15:34:36 _wrapper.py:309 Arg options for field 'disable_torque_on_disconnect': {'required': False, 'dest': 'robot.disable_torque_on_disconnect', 'default': True, 'help': ' ', 'type': <class 'bool'>}
DEBUG 2026-06-09 15:34:36 docstring.py:65 Couldn't find the attribute docstring: could not find class definition
DEBUG 2026-06-09 15:34:36 _wrapper.py:309 Arg options for field 'max_relative_target': {'required': False, 'dest': 'robot.max_relative_target', 'default': None, 'type': typing.Union[float, typing.Dict[str, float], NoneType]}
DEBUG 2026-06-09 15:34:36 docstring.py:65 Couldn't find the attribute docstring: could not find class definition
DEBUG 2026-06-09 15:34:36 _wrapper.py:309 Arg options for field 'cameras': {'required': False, 'dest': 'robot.cameras', 'default': {}, 'help': ' ', 'type': typing.Dict[str, lerobot.cameras.configs.CameraConfig]}
DEBUG 2026-06-09 15:34:37 docstring.py:65 Couldn't find the attribute docstring: could not find class definition
DEBUG 2026-06-09 15:34:37 _wrapper.py:309 Arg options for field 'use_degrees': {'required': False, 'dest': 'robot.use_degrees', 'default': True, 'help': ' ', 'type': <class 'bool'>}
DEBUG 2026-06-09 15:34:37 _wrapper.py:309 Arg options for field 'id': {'required': False, 'dest': 'robot.id', 'default': None, 'help': 'Allows to distinguish between different robots of the same type', 'type': typing.Optional[str]}
DEBUG 2026-06-09 15:34:37 _wrapper.py:309 Arg options for field 'calibration_dir': {'required': False, 'dest': 'robot.calibration_dir', 'default': None, 'help': 'Directory to store calibration file', 'type': typing.Optional[pathlib.Path]}
DEBUG 2026-06-09 15:34:37 _wrapper.py:309 Arg options for field 'id': {'required': False, 'dest': 'robot.id', 'default': None, 'help': 'Allows to distinguish between different robots of the same type', 'type': typing.Optional[str]}
DEBUG 2026-06-09 15:34:37 _wrapper.py:309 Arg options for field 'calibration_dir': {'required': False, 'dest': 'robot.calibration_dir', 'default': None, 'help': 'Directory to store calibration file', 'type': typing.Optional[pathlib.Path]}
DEBUG 2026-06-09 15:34:37 d_metavar.py:22 Metavar for type <class 'str'>: str
DEBUG 2026-06-09 15:34:37 formatter.py:52 action type: <class 'str'>, Result: str, nargs: None, default metavar: None
DEBUG 2026-06-09 15:34:37 _wrapper.py:309 Arg options for field 'port': {'required': False, 'dest': 'robot.left_arm_config.port', 'default': None, 'help': 'Port to connect to the arm', 'type': <class 'str'>}
DEBUG 2026-06-09 15:34:37 _wrapper.py:309 Arg options for field 'disable_torque_on_disconnect': {'required': False, 'dest': 'robot.left_arm_config.disable_torque_on_disconnect', 'default': True, 'help': ' ', 'type': <class 'bool'>}
DEBUG 2026-06-09 15:34:37 _wrapper.py:309 Arg options for field 'max_relative_target': {'required': False, 'dest': 'robot.left_arm_config.max_relative_target', 'default': None, 'help': '`max_relative_target` limits the magnitude of the relative positional target vector for safety purposes.\nSet this to a positive scalar to have the same value for all motors, or a dictionary that maps motor\nnames to the max_relative_target value for that motor.', 'type': typing.Union[float, typing.Dict[str, float], NoneType]}
DEBUG 2026-06-09 15:34:37 _wrapper.py:309 Arg options for field 'cameras': {'required': False, 'dest': 'robot.left_arm_config.cameras', 'default': {}, 'help': 'cameras', 'type': typing.Dict[str, lerobot.cameras.configs.CameraConfig]}
DEBUG 2026-06-09 15:34:37 _wrapper.py:309 Arg options for field 'use_degrees': {'required': False, 'dest': 'robot.left_arm_config.use_degrees', 'default': True, 'help': 'Set to `True` for backward compatibility with previous policies/dataset', 'type': <class 'bool'>}
DEBUG 2026-06-09 15:34:37 d_metavar.py:22 Metavar for type <class 'str'>: str
DEBUG 2026-06-09 15:34:37 formatter.py:52 action type: <class 'str'>, Result: str, nargs: None, default metavar: None
DEBUG 2026-06-09 15:34:37 _wrapper.py:309 Arg options for field 'port': {'required': False, 'dest': 'robot.right_arm_config.port', 'default': None, 'help': 'Port to connect to the arm', 'type': <class 'str'>}
DEBUG 2026-06-09 15:34:37 _wrapper.py:309 Arg options for field 'disable_torque_on_disconnect': {'required': False, 'dest': 'robot.right_arm_config.disable_torque_on_disconnect', 'default': True, 'help': ' ', 'type': <class 'bool'>}
DEBUG 2026-06-09 15:34:37 _wrapper.py:309 Arg options for field 'max_relative_target': {'required': False, 'dest': 'robot.right_arm_config.max_relative_target', 'default': None, 'help': '`max_relative_target` limits the magnitude of the relative positional target vector for safety purposes.\nSet this to a positive scalar to have the same value for all motors, or a dictionary that maps motor\nnames to the max_relative_target value for that motor.', 'type': typing.Union[float, typing.Dict[str, float], NoneType]}
DEBUG 2026-06-09 15:34:37 _wrapper.py:309 Arg options for field 'cameras': {'required': False, 'dest': 'robot.right_arm_config.cameras', 'default': {}, 'help': 'cameras', 'type': typing.Dict[str, lerobot.cameras.configs.CameraConfig]}
DEBUG 2026-06-09 15:34:37 _wrapper.py:309 Arg options for field 'use_degrees': {'required': False, 'dest': 'robot.right_arm_config.use_degrees', 'default': True, 'help': 'Set to `True` for backward compatibility with previous policies/dataset', 'type': <class 'bool'>}
DEBUG 2026-06-09 15:34:37 _wrapper.py:309 Arg options for field 'top_cameras': {'required': False, 'dest': 'robot.top_cameras', 'default': {}, 'help': ' ', 'type': typing.Dict[str, lerobot.cameras.configs.CameraConfig]}
DEBUG 2026-06-09 15:34:37 _wrapper.py:309 Arg options for field 'id': {'required': False, 'dest': 'robot.id', 'default': None, 'help': 'Allows to distinguish between different robots of the same type', 'type': typing.Optional[str]}
DEBUG 2026-06-09 15:34:37 _wrapper.py:309 Arg options for field 'calibration_dir': {'required': False, 'dest': 'robot.calibration_dir', 'default': None, 'help': 'Directory to store calibration file', 'type': typing.Optional[pathlib.Path]}
DEBUG 2026-06-09 15:34:37 _wrapper.py:309 Arg options for field 'port': {'required': False, 'dest': 'robot.port', 'default': None, 'help': 'Port to connect to the arm', 'type': <class 'str'>}
DEBUG 2026-06-09 15:34:37 _wrapper.py:309 Arg options for field 'disable_torque_on_disconnect': {'required': False, 'dest': 'robot.disable_torque_on_disconnect', 'default': True, 'help': ' ', 'type': <class 'bool'>}
DEBUG 2026-06-09 15:34:37 _wrapper.py:309 Arg options for field 'max_relative_target': {'required': False, 'dest': 'robot.max_relative_target', 'default': None, 'help': '`max_relative_target` limits the magnitude of the relative positional target vector for safety purposes.\nSet this to a positive scalar to have the same value for all motors, or a dictionary that maps motor\nnames to the max_relative_target value for that motor.', 'type': typing.Union[float, typing.Dict[str, float], NoneType]}
DEBUG 2026-06-09 15:34:37 _wrapper.py:309 Arg options for field 'cameras': {'required': False, 'dest': 'robot.cameras', 'default': {}, 'help': 'cameras', 'type': typing.Dict[str, lerobot.cameras.configs.CameraConfig]}
DEBUG 2026-06-09 15:34:37 _wrapper.py:309 Arg options for field 'use_degrees': {'required': False, 'dest': 'robot.use_degrees', 'default': False, 'help': 'Set to `True` for backward compatibility with previous policies/dataset', 'type': <class 'bool'>}
DEBUG 2026-06-09 15:34:37 _wrapper.py:309 Arg options for field 'id': {'required': False, 'dest': 'robot.id', 'default': None, 'help': 'Allows to distinguish between different robots of the same type', 'type': typing.Optional[str]}
DEBUG 2026-06-09 15:34:37 _wrapper.py:309 Arg options for field 'calibration_dir': {'required': False, 'dest': 'robot.calibration_dir', 'default': None, 'help': 'Directory to store calibration file', 'type': typing.Optional[pathlib.Path]}
DEBUG 2026-06-09 15:34:37 _wrapper.py:309 Arg options for field 'port': {'required': False, 'dest': 'robot.port', 'default': None, 'help': 'Port to connect to the arm', 'type': <class 'str'>}
DEBUG 2026-06-09 15:34:37 _wrapper.py:309 Arg options for field 'disable_torque_on_disconnect': {'required': False, 'dest': 'robot.disable_torque_on_disconnect', 'default': True, 'help': ' ', 'type': <class 'bool'>}
DEBUG 2026-06-09 15:34:37 _wrapper.py:309 Arg options for field 'max_relative_target': {'required': False, 'dest': 'robot.max_relative_target', 'default': None, 'help': '`max_relative_target` limits the magnitude of the relative positional target vector for safety purposes.\nSet this to a positive scalar to have the same value for all motors, or a dictionary that maps motor\nnames to the max_relative_target value for that motor.', 'type': typing.Union[float, typing.Dict[str, float], NoneType]}
DEBUG 2026-06-09 15:34:37 _wrapper.py:309 Arg options for field 'cameras': {'required': False, 'dest': 'robot.cameras', 'default': {}, 'help': 'cameras', 'type': typing.Dict[str, lerobot.cameras.configs.CameraConfig]}
DEBUG 2026-06-09 15:34:37 _wrapper.py:309 Arg options for field 'use_degrees': {'required': False, 'dest': 'robot.use_degrees', 'default': False, 'help': 'Set to `True` for backward compatibility with previous policies/dataset', 'type': <class 'bool'>}
DEBUG 2026-06-09 15:34:37 _wrapper.py:309 Arg options for field 'actions_per_chunk': {'required': False, 'dest': 'actions_per_chunk', 'default': None, 'help': 'Policies typically output K actions at max, but we can use less to avoid wasting bandwidth (as actions\nwould be aggregated on the client side anyway, depending on the value of `chunk_size_threshold`)', 'type': <class 'int'>}
DEBUG 2026-06-09 15:34:37 _wrapper.py:309 Arg options for field 'task': {'required': False, 'dest': 'task', 'default': '', 'help': "Task instruction for the robot to execute (e.g., 'fold my tshirt')", 'type': <class 'str'>}
DEBUG 2026-06-09 15:34:37 _wrapper.py:309 Arg options for field 'server_address': {'required': False, 'dest': 'server_address', 'default': 'localhost:8080', 'help': 'Network configuration', 'type': <class 'str'>}
DEBUG 2026-06-09 15:34:37 _wrapper.py:309 Arg options for field 'policy_device': {'required': False, 'dest': 'policy_device', 'default': 'cpu', 'help': 'Device configuration', 'type': <class 'str'>}
DEBUG 2026-06-09 15:34:37 ocstring.py:253 Warning: Unable to parse attribute docstring:         default="cpu",
DEBUG 2026-06-09 15:34:37 _wrapper.py:309 Arg options for field 'client_device': {'required': False, 'dest': 'client_device', 'default': 'cpu', 'help': ' ', 'type': <class 'str'>}
DEBUG 2026-06-09 15:34:37 _wrapper.py:309 Arg options for field 'chunk_size_threshold': {'required': False, 'dest': 'chunk_size_threshold', 'default': 0.5, 'help': '\n\nControl behavior configuration', 'type': <class 'float'>}
DEBUG 2026-06-09 15:34:37 _wrapper.py:309 Arg options for field 'fps': {'required': False, 'dest': 'fps', 'default': 30, 'help': ' ', 'type': <class 'int'>}
DEBUG 2026-06-09 15:34:37 ocstring.py:253 Warning: Unable to parse attribute docstring:         default="weighted_average",
DEBUG 2026-06-09 15:34:37 _wrapper.py:309 Arg options for field 'aggregate_fn_name': {'required': False, 'dest': 'aggregate_fn_name', 'default': 'weighted_average', 'help': 'Aggregate function configuration (CLI-compatible)', 'type': <class 'str'>}
DEBUG 2026-06-09 15:34:37 ocstring.py:253 Warning: Unable to parse attribute docstring:         default=False, metadata={"help": "Visualize the action queue size"}
DEBUG 2026-06-09 15:34:37 _wrapper.py:309 Arg options for field 'debug_visualize_queue_size': {'required': False, 'dest': 'debug_visualize_queue_size', 'default': False, 'help': '\n\n\nDebug configuration', 'type': <class 'bool'>}
DEBUG 2026-06-09 15:34:37 gparsing.py:143 
POST PROCESSING

DEBUG 2026-06-09 15:34:37 gparsing.py:144 (raw) parsed args: Namespace(task='Pick up the cup by the cup handle using the left arm', server_address='10.145.8.86:8080', policy_type='groot', pretrained_name_or_path='oliveoil8888/groot-pick-up-cup-left-recoveries', policy_device='cuda', actions_per_chunk='16', debug_visualize_queue_size='true', **{'robot.type': 'bi_so_follower', 'robot.left_arm_config.port': '/dev/follower_left', 'robot.right_arm_config.port': '/dev/follower_right', 'robot.id': 'follower', 'robot.top_cameras': '{ top_realsense_color: {type: opencv, index_or_path: /dev/video4, width: 640, height: 480, fps: 30}, top_realsense_depth: {type: opencv, index_or_path: /dev/video2, width: 640, height: 480, fps: 30}, top_webcam: {type: opencv, index_or_path: /dev/video6, width: 640, height: 480, fps: 30}}', 'robot.right_arm_config.cameras': '{ wrist: {type: opencv, index_or_path: /dev/wrist_right, width: 640, height: 480, fps: 30}}', 'robot.left_arm_config.cameras': '{ wrist:  {type: opencv, index_or_path: /dev/wrist_left,  width: 640, height: 480, fps: 30}}'})
DEBUG 2026-06-09 15:34:37 decoding.py:112 from_dict for <class 'lerobot.async_inference.configs.RobotClientConfig'>
DEBUG 2026-06-09 15:34:37 decoding.py:132 Decode name = policy_type, type = <class 'str'>
DEBUG 2026-06-09 15:34:37 decoding.py:132 Decode name = pretrained_name_or_path, type = <class 'str'>
DEBUG 2026-06-09 15:34:37 decoding.py:132 Decode name = robot, type = <class 'lerobot.robots.config.RobotConfig'>
DEBUG 2026-06-09 15:34:37 decoding.py:112 from_dict for <class 'lerobot.robots.bi_so_follower.config_bi_so_follower.BiSOFollowerConfig'>
DEBUG 2026-06-09 15:34:37 decoding.py:132 Decode name = id, type = typing.Optional[str]
DEBUG 2026-06-09 15:34:37 decoding.py:293 Decoding a Union field: typing.Optional[str]
DEBUG 2026-06-09 15:34:37 decoding.py:132 Decode name = left_arm_config, type = <class 'lerobot.robots.so_follower.config_so_follower.SOFollowerConfig'>
DEBUG 2026-06-09 15:34:37 decoding.py:112 from_dict for <class 'lerobot.robots.so_follower.config_so_follower.SOFollowerConfig'>
DEBUG 2026-06-09 15:34:37 decoding.py:132 Decode name = port, type = <class 'str'>
DEBUG 2026-06-09 15:34:37 decoding.py:132 Decode name = cameras, type = dict[str, lerobot.cameras.configs.CameraConfig]
DEBUG 2026-06-09 15:34:37 decoding.py:261 Decoding a Dict field: dict[str, lerobot.cameras.configs.CameraConfig]
DEBUG 2026-06-09 15:34:37 decoding.py:112 from_dict for <class 'lerobot.cameras.opencv.configuration_opencv.OpenCVCameraConfig'>
DEBUG 2026-06-09 15:34:37 decoding.py:132 Decode name = fps, type = typing.Optional[int]
DEBUG 2026-06-09 15:34:37 decoding.py:293 Decoding a Union field: typing.Optional[int]
DEBUG 2026-06-09 15:34:37 decoding.py:132 Decode name = width, type = typing.Optional[int]
DEBUG 2026-06-09 15:34:37 decoding.py:132 Decode name = height, type = typing.Optional[int]
DEBUG 2026-06-09 15:34:37 decoding.py:132 Decode name = index_or_path, type = typing.Union[int, pathlib.Path]
DEBUG 2026-06-09 15:34:37 decoding.py:293 Decoding a Union field: typing.Union[int, pathlib.Path]
DEBUG 2026-06-09 15:34:37 decoding.py:132 Decode name = right_arm_config, type = <class 'lerobot.robots.so_follower.config_so_follower.SOFollowerConfig'>
DEBUG 2026-06-09 15:34:37 decoding.py:112 from_dict for <class 'lerobot.robots.so_follower.config_so_follower.SOFollowerConfig'>
DEBUG 2026-06-09 15:34:37 decoding.py:132 Decode name = port, type = <class 'str'>
DEBUG 2026-06-09 15:34:37 decoding.py:132 Decode name = cameras, type = dict[str, lerobot.cameras.configs.CameraConfig]
DEBUG 2026-06-09 15:34:37 decoding.py:112 from_dict for <class 'lerobot.cameras.opencv.configuration_opencv.OpenCVCameraConfig'>
DEBUG 2026-06-09 15:34:37 decoding.py:132 Decode name = fps, type = typing.Optional[int]
DEBUG 2026-06-09 15:34:37 decoding.py:132 Decode name = width, type = typing.Optional[int]
DEBUG 2026-06-09 15:34:37 decoding.py:132 Decode name = height, type = typing.Optional[int]
DEBUG 2026-06-09 15:34:37 decoding.py:132 Decode name = index_or_path, type = typing.Union[int, pathlib.Path]
DEBUG 2026-06-09 15:34:37 decoding.py:132 Decode name = top_cameras, type = dict[str, lerobot.cameras.configs.CameraConfig]
DEBUG 2026-06-09 15:34:37 decoding.py:112 from_dict for <class 'lerobot.cameras.opencv.configuration_opencv.OpenCVCameraConfig'>
DEBUG 2026-06-09 15:34:37 decoding.py:132 Decode name = fps, type = typing.Optional[int]
DEBUG 2026-06-09 15:34:37 decoding.py:132 Decode name = width, type = typing.Optional[int]
DEBUG 2026-06-09 15:34:37 decoding.py:132 Decode name = height, type = typing.Optional[int]
DEBUG 2026-06-09 15:34:37 decoding.py:132 Decode name = index_or_path, type = typing.Union[int, pathlib.Path]
DEBUG 2026-06-09 15:34:37 decoding.py:112 from_dict for <class 'lerobot.cameras.opencv.configuration_opencv.OpenCVCameraConfig'>
DEBUG 2026-06-09 15:34:37 decoding.py:132 Decode name = fps, type = typing.Optional[int]
DEBUG 2026-06-09 15:34:37 decoding.py:132 Decode name = width, type = typing.Optional[int]
DEBUG 2026-06-09 15:34:37 decoding.py:132 Decode name = height, type = typing.Optional[int]
DEBUG 2026-06-09 15:34:37 decoding.py:132 Decode name = index_or_path, type = typing.Union[int, pathlib.Path]
DEBUG 2026-06-09 15:34:37 decoding.py:112 from_dict for <class 'lerobot.cameras.opencv.configuration_opencv.OpenCVCameraConfig'>
DEBUG 2026-06-09 15:34:37 decoding.py:132 Decode name = fps, type = typing.Optional[int]
DEBUG 2026-06-09 15:34:37 decoding.py:132 Decode name = width, type = typing.Optional[int]
DEBUG 2026-06-09 15:34:37 decoding.py:132 Decode name = height, type = typing.Optional[int]
DEBUG 2026-06-09 15:34:37 decoding.py:132 Decode name = index_or_path, type = typing.Union[int, pathlib.Path]
DEBUG 2026-06-09 15:34:37 decoding.py:132 Decode name = actions_per_chunk, type = <class 'int'>
DEBUG 2026-06-09 15:34:37 decoding.py:132 Decode name = task, type = <class 'str'>
DEBUG 2026-06-09 15:34:37 decoding.py:132 Decode name = server_address, type = <class 'str'>
DEBUG 2026-06-09 15:34:37 decoding.py:132 Decode name = policy_device, type = <class 'str'>
DEBUG 2026-06-09 15:34:37 decoding.py:132 Decode name = debug_visualize_queue_size, type = <class 'bool'>
INFO 2026-06-09 15:34:37 t_client.py:486 {'actions_per_chunk': 16,
 'aggregate_fn_name': 'weighted_average',
 'chunk_size_threshold': 0.5,
 'client_device': 'cpu',
 'debug_visualize_queue_size': True,
 'fps': 30,
 'policy_device': 'cuda',
 'policy_type': 'groot',
 'pretrained_name_or_path': 'oliveoil8888/groot-pick-up-cup-left-recoveries',
 'robot': {'calibration_dir': None,
           'id': 'follower',
           'left_arm_config': {'cameras': {'wrist': {'backend': <Cv2Backends.ANY: 0>,
                                                     'color_mode': <ColorMode.RGB: 'rgb'>,
                                                     'fourcc': 'MJPG',
                                                     'fps': 30,
                                                     'height': 480,
                                                     'index_or_path': PosixPath('/dev/wrist_left'),
                                                     'rotation': <Cv2Rotation.NO_ROTATION: 0>,
                                                     'warmup_s': 1,
                                                     'width': 640}},
                               'disable_torque_on_disconnect': True,
                               'max_relative_target': None,
                               'port': '/dev/follower_left',
                               'use_degrees': True},
           'right_arm_config': {'cameras': {'wrist': {'backend': <Cv2Backends.ANY: 0>,
                                                      'color_mode': <ColorMode.RGB: 'rgb'>,
                                                      'fourcc': 'MJPG',
                                                      'fps': 30,
                                                      'height': 480,
                                                      'index_or_path': PosixPath('/dev/wrist_right'),
                                                      'rotation': <Cv2Rotation.NO_ROTATION: 0>,
                                                      'warmup_s': 1,
                                                      'width': 640}},
                                'disable_torque_on_disconnect': True,
                                'max_relative_target': None,
                                'port': '/dev/follower_right',
                                'use_degrees': True},
           'top_cameras': {'top_realsense_color': {'backend': <Cv2Backends.ANY: 0>,
                                                   'color_mode': <ColorMode.RGB: 'rgb'>,
                                                   'fourcc': 'MJPG',
                                                   'fps': 30,
                                                   'height': 480,
                                                   'index_or_path': PosixPath('/dev/video4'),
                                                   'rotation': <Cv2Rotation.NO_ROTATION: 0>,
                                                   'warmup_s': 1,
                                                   'width': 640},
                           'top_realsense_depth': {'backend': <Cv2Backends.ANY: 0>,
                                                   'color_mode': <ColorMode.RGB: 'rgb'>,
                                                   'fourcc': 'MJPG',
                                                   'fps': 30,
                                                   'height': 480,
                                                   'index_or_path': PosixPath('/dev/video2'),
                                                   'rotation': <Cv2Rotation.NO_ROTATION: 0>,
                                                   'warmup_s': 1,
                                                   'width': 640},
                           'top_webcam': {'backend': <Cv2Backends.ANY: 0>,
                                          'color_mode': <ColorMode.RGB: 'rgb'>,
                                          'fourcc': 'MJPG',
                                          'fps': 30,
                                          'height': 480,
                                          'index_or_path': PosixPath('/dev/video6'),
                                          'rotation': <Cv2Rotation.NO_ROTATION: 0>,
                                          'warmup_s': 1,
                                          'width': 640}}},
 'server_address': '10.145.8.86:8080',
 'task': 'Pick up the cup by the cup handle using the left arm'}
DEBUG 2026-06-09 15:34:37 decoding.py:261 Decoding a Dict field: typing.Dict[str, lerobot.motors.motors_bus.MotorCalibration]
DEBUG 2026-06-09 15:34:37 decoding.py:112 from_dict for <class 'lerobot.motors.motors_bus.MotorCalibration'>
DEBUG 2026-06-09 15:34:37 decoding.py:132 Decode name = id, type = <class 'int'>
DEBUG 2026-06-09 15:34:37 decoding.py:132 Decode name = drive_mode, type = <class 'int'>
DEBUG 2026-06-09 15:34:37 decoding.py:132 Decode name = homing_offset, type = <class 'int'>
DEBUG 2026-06-09 15:34:37 decoding.py:132 Decode name = range_min, type = <class 'int'>
DEBUG 2026-06-09 15:34:37 decoding.py:132 Decode name = range_max, type = <class 'int'>
DEBUG 2026-06-09 15:34:37 decoding.py:112 from_dict for <class 'lerobot.motors.motors_bus.MotorCalibration'>
DEBUG 2026-06-09 15:34:37 decoding.py:132 Decode name = id, type = <class 'int'>
DEBUG 2026-06-09 15:34:37 decoding.py:132 Decode name = drive_mode, type = <class 'int'>
DEBUG 2026-06-09 15:34:37 decoding.py:132 Decode name = homing_offset, type = <class 'int'>
DEBUG 2026-06-09 15:34:37 decoding.py:132 Decode name = range_min, type = <class 'int'>
DEBUG 2026-06-09 15:34:37 decoding.py:132 Decode name = range_max, type = <class 'int'>
DEBUG 2026-06-09 15:34:37 decoding.py:112 from_dict for <class 'lerobot.motors.motors_bus.MotorCalibration'>
DEBUG 2026-06-09 15:34:37 decoding.py:132 Decode name = id, type = <class 'int'>
DEBUG 2026-06-09 15:34:37 decoding.py:132 Decode name = drive_mode, type = <class 'int'>
DEBUG 2026-06-09 15:34:37 decoding.py:132 Decode name = homing_offset, type = <class 'int'>
DEBUG 2026-06-09 15:34:37 decoding.py:132 Decode name = range_min, type = <class 'int'>
DEBUG 2026-06-09 15:34:37 decoding.py:132 Decode name = range_max, type = <class 'int'>
DEBUG 2026-06-09 15:34:37 decoding.py:112 from_dict for <class 'lerobot.motors.motors_bus.MotorCalibration'>
DEBUG 2026-06-09 15:34:37 decoding.py:132 Decode name = id, type = <class 'int'>
DEBUG 2026-06-09 15:34:37 decoding.py:132 Decode name = drive_mode, type = <class 'int'>
DEBUG 2026-06-09 15:34:37 decoding.py:132 Decode name = homing_offset, type = <class 'int'>
DEBUG 2026-06-09 15:34:37 decoding.py:132 Decode name = range_min, type = <class 'int'>
DEBUG 2026-06-09 15:34:37 decoding.py:132 Decode name = range_max, type = <class 'int'>
DEBUG 2026-06-09 15:34:37 decoding.py:112 from_dict for <class 'lerobot.motors.motors_bus.MotorCalibration'>
DEBUG 2026-06-09 15:34:37 decoding.py:132 Decode name = id, type = <class 'int'>
DEBUG 2026-06-09 15:34:37 decoding.py:132 Decode name = drive_mode, type = <class 'int'>
DEBUG 2026-06-09 15:34:37 decoding.py:132 Decode name = homing_offset, type = <class 'int'>
DEBUG 2026-06-09 15:34:37 decoding.py:132 Decode name = range_min, type = <class 'int'>
DEBUG 2026-06-09 15:34:37 decoding.py:132 Decode name = range_max, type = <class 'int'>
DEBUG 2026-06-09 15:34:37 decoding.py:112 from_dict for <class 'lerobot.motors.motors_bus.MotorCalibration'>
DEBUG 2026-06-09 15:34:37 decoding.py:132 Decode name = id, type = <class 'int'>
DEBUG 2026-06-09 15:34:37 decoding.py:132 Decode name = drive_mode, type = <class 'int'>
DEBUG 2026-06-09 15:34:37 decoding.py:132 Decode name = homing_offset, type = <class 'int'>
DEBUG 2026-06-09 15:34:37 decoding.py:132 Decode name = range_min, type = <class 'int'>
DEBUG 2026-06-09 15:34:37 decoding.py:132 Decode name = range_max, type = <class 'int'>
DEBUG 2026-06-09 15:34:37 ort_utils.py:65 Detected feetech-servo-sdk version: 1.0.0
DEBUG 2026-06-09 15:34:37 ort_utils.py:65 Detected pyserial version: 3.5
DEBUG 2026-06-09 15:34:37 ort_utils.py:65 Detected deepdiff version: 8.6.2
DEBUG 2026-06-09 15:34:37 decoding.py:112 from_dict for <class 'lerobot.motors.motors_bus.MotorCalibration'>
DEBUG 2026-06-09 15:34:37 decoding.py:132 Decode name = id, type = <class 'int'>
DEBUG 2026-06-09 15:34:37 decoding.py:132 Decode name = drive_mode, type = <class 'int'>
DEBUG 2026-06-09 15:34:37 decoding.py:132 Decode name = homing_offset, type = <class 'int'>
DEBUG 2026-06-09 15:34:37 decoding.py:132 Decode name = range_min, type = <class 'int'>
DEBUG 2026-06-09 15:34:37 decoding.py:132 Decode name = range_max, type = <class 'int'>
DEBUG 2026-06-09 15:34:37 decoding.py:112 from_dict for <class 'lerobot.motors.motors_bus.MotorCalibration'>
DEBUG 2026-06-09 15:34:37 decoding.py:132 Decode name = id, type = <class 'int'>
DEBUG 2026-06-09 15:34:37 decoding.py:132 Decode name = drive_mode, type = <class 'int'>
DEBUG 2026-06-09 15:34:37 decoding.py:132 Decode name = homing_offset, type = <class 'int'>
DEBUG 2026-06-09 15:34:37 decoding.py:132 Decode name = range_min, type = <class 'int'>
DEBUG 2026-06-09 15:34:37 decoding.py:132 Decode name = range_max, type = <class 'int'>
DEBUG 2026-06-09 15:34:37 decoding.py:112 from_dict for <class 'lerobot.motors.motors_bus.MotorCalibration'>
DEBUG 2026-06-09 15:34:37 decoding.py:132 Decode name = id, type = <class 'int'>
DEBUG 2026-06-09 15:34:37 decoding.py:132 Decode name = drive_mode, type = <class 'int'>
DEBUG 2026-06-09 15:34:37 decoding.py:132 Decode name = homing_offset, type = <class 'int'>
DEBUG 2026-06-09 15:34:37 decoding.py:132 Decode name = range_min, type = <class 'int'>
DEBUG 2026-06-09 15:34:37 decoding.py:132 Decode name = range_max, type = <class 'int'>
DEBUG 2026-06-09 15:34:37 decoding.py:112 from_dict for <class 'lerobot.motors.motors_bus.MotorCalibration'>
DEBUG 2026-06-09 15:34:37 decoding.py:132 Decode name = id, type = <class 'int'>
DEBUG 2026-06-09 15:34:37 decoding.py:132 Decode name = drive_mode, type = <class 'int'>
DEBUG 2026-06-09 15:34:37 decoding.py:132 Decode name = homing_offset, type = <class 'int'>
DEBUG 2026-06-09 15:34:37 decoding.py:132 Decode name = range_min, type = <class 'int'>
DEBUG 2026-06-09 15:34:37 decoding.py:132 Decode name = range_max, type = <class 'int'>
DEBUG 2026-06-09 15:34:37 decoding.py:112 from_dict for <class 'lerobot.motors.motors_bus.MotorCalibration'>
DEBUG 2026-06-09 15:34:37 decoding.py:132 Decode name = id, type = <class 'int'>
DEBUG 2026-06-09 15:34:37 decoding.py:132 Decode name = drive_mode, type = <class 'int'>
DEBUG 2026-06-09 15:34:37 decoding.py:132 Decode name = homing_offset, type = <class 'int'>
DEBUG 2026-06-09 15:34:37 decoding.py:132 Decode name = range_min, type = <class 'int'>
DEBUG 2026-06-09 15:34:37 decoding.py:132 Decode name = range_max, type = <class 'int'>
DEBUG 2026-06-09 15:34:37 decoding.py:112 from_dict for <class 'lerobot.motors.motors_bus.MotorCalibration'>
DEBUG 2026-06-09 15:34:37 decoding.py:132 Decode name = id, type = <class 'int'>
DEBUG 2026-06-09 15:34:37 decoding.py:132 Decode name = drive_mode, type = <class 'int'>
DEBUG 2026-06-09 15:34:37 decoding.py:132 Decode name = homing_offset, type = <class 'int'>
DEBUG 2026-06-09 15:34:37 decoding.py:132 Decode name = range_min, type = <class 'int'>
DEBUG 2026-06-09 15:34:37 decoding.py:132 Decode name = range_max, type = <class 'int'>
DEBUG 2026-06-09 15:34:37 tors_bus.py:527 FeetechMotorsBus connected.
INFO 2026-06-09 15:34:38 a_opencv.py:183 OpenCVCamera(/dev/wrist_left) connected.
INFO 2026-06-09 15:34:38 follower.py:105 follower_left SOFollower connected.
DEBUG 2026-06-09 15:34:38 tors_bus.py:527 FeetechMotorsBus connected.
INFO 2026-06-09 15:34:39 a_opencv.py:183 OpenCVCamera(/dev/wrist_right) connected.
INFO 2026-06-09 15:34:39 follower.py:105 follower_right SOFollower connected.
WARNING 2026-06-09 15:34:39 a_opencv.py:266 OpenCVCamera(/dev/video4) failed to set fourcc=MJPG (actual=YUYV, success=True). Continuing with default format.
INFO 2026-06-09 15:34:41 a_opencv.py:183 OpenCVCamera(/dev/video4) connected.
INFO 2026-06-09 15:34:41 follower.py:134 Top camera 'top_realsense_color' connected.
WARNING 2026-06-09 15:34:41 a_opencv.py:266 OpenCVCamera(/dev/video2) failed to set fourcc=MJPG (actual=UYVY, success=True). Continuing with default format.
INFO 2026-06-09 15:34:42 a_opencv.py:183 OpenCVCamera(/dev/video2) connected.
INFO 2026-06-09 15:34:42 follower.py:134 Top camera 'top_realsense_depth' connected.
INFO 2026-06-09 15:34:43 a_opencv.py:183 OpenCVCamera(/dev/video6) connected.
INFO 2026-06-09 15:34:43 follower.py:134 Top camera 'top_webcam' connected.
INFO 2026-06-09 15:34:43 t_client.py:114 Initializing client to connect to server at 10.145.8.86:8080
INFO 2026-06-09 15:34:43 t_client.py:133 Robot connected and ready
DEBUG 2026-06-09 15:34:43 t_client.py:150 Connected to policy server in 0.0194s
INFO 2026-06-09 15:34:43 t_client.py:156 Sending policy instructions to policy server
DEBUG 2026-06-09 15:34:43 t_client.py:157 Policy type: groot | Pretrained name or path: oliveoil8888/groot-pick-up-cup-left-recoveries | Device: cuda
INFO 2026-06-09 15:35:42 t_client.py:495 Starting action receiver thread...
INFO 2026-06-09 15:35:42 t_client.py:462 Control loop thread starting
INFO 2026-06-09 15:35:42 t_client.py:273 Action receiving thread starting
DEBUG 2026-06-09 15:35:42 follower.py:184 follower_right SOFollower read state: 2.6ms
DEBUG 2026-06-09 15:35:42 follower.py:191 follower_right SOFollower read wrist: 0.0ms
DEBUG 2026-06-09 15:35:42 follower.py:184 follower_left SOFollower read state: 2.1ms
DEBUG 2026-06-09 15:35:42 follower.py:191 follower_left SOFollower read wrist: 0.0ms
DEBUG 2026-06-09 15:35:42 t_client.py:198 Observation serialization time: 0.010500s
DEBUG 2026-06-09 15:35:42 ort/utils.py:54 [CLIENT] Observation Buffer size 4.395496368408203 MB with
DEBUG 2026-06-09 15:35:42 ort/utils.py:69 [CLIENT] Observation Sent 2097152/4609012 bytes with state 1
DEBUG 2026-06-09 15:35:42 ort/utils.py:69 [CLIENT] Observation Sent 4194304/4609012 bytes with state 2
DEBUG 2026-06-09 15:35:42 ort/utils.py:69 [CLIENT] Observation Sent 4609012/4609012 bytes with state 3
DEBUG 2026-06-09 15:35:42 ort/utils.py:71 [CLIENT] Observation Published 4.395496368408203 MB
DEBUG 2026-06-09 15:35:42 t_client.py:209 Sent observation #0 | 
DEBUG 2026-06-09 15:35:42 t_client.py:434 QUEUE SIZE: 0 (Must go: True)
DEBUG 2026-06-09 15:35:42 t_client.py:477 Control loop (ms): 508.97
DEBUG 2026-06-09 15:35:42 follower.py:184 follower_right SOFollower read state: 2.0ms
DEBUG 2026-06-09 15:35:42 follower.py:191 follower_right SOFollower read wrist: 0.0ms
DEBUG 2026-06-09 15:35:42 follower.py:184 follower_left SOFollower read state: 2.2ms
DEBUG 2026-06-09 15:35:42 follower.py:191 follower_left SOFollower read wrist: 0.0ms
DEBUG 2026-06-09 15:35:42 t_client.py:198 Observation serialization time: 0.018203s
DEBUG 2026-06-09 15:35:42 ort/utils.py:54 [CLIENT] Observation Buffer size 4.395496368408203 MB with
DEBUG 2026-06-09 15:35:42 ort/utils.py:69 [CLIENT] Observation Sent 2097152/4609012 bytes with state 1
DEBUG 2026-06-09 15:35:42 ort/utils.py:69 [CLIENT] Observation Sent 4194304/4609012 bytes with state 2
DEBUG 2026-06-09 15:35:42 ort/utils.py:69 [CLIENT] Observation Sent 4609012/4609012 bytes with state 3
DEBUG 2026-06-09 15:35:42 ort/utils.py:71 [CLIENT] Observation Published 4.395496368408203 MB
DEBUG 2026-06-09 15:35:42 t_client.py:209 Sent observation #0 | 
DEBUG 2026-06-09 15:35:42 t_client.py:434 QUEUE SIZE: 0 (Must go: False)
DEBUG 2026-06-09 15:35:42 t_client.py:477 Control loop (ms): 351.79
DEBUG 2026-06-09 15:35:42 follower.py:184 follower_right SOFollower read state: 2.1ms
DEBUG 2026-06-09 15:35:42 follower.py:191 follower_right SOFollower read wrist: 0.0ms
DEBUG 2026-06-09 15:35:42 follower.py:184 follower_left SOFollower read state: 2.4ms
DEBUG 2026-06-09 15:35:42 follower.py:191 follower_left SOFollower read wrist: 0.0ms
DEBUG 2026-06-09 15:35:42 t_client.py:198 Observation serialization time: 0.009809s
DEBUG 2026-06-09 15:35:42 ort/utils.py:54 [CLIENT] Observation Buffer size 4.395496368408203 MB with
DEBUG 2026-06-09 15:35:42 ort/utils.py:69 [CLIENT] Observation Sent 2097152/4609012 bytes with state 1
DEBUG 2026-06-09 15:35:43 ort/utils.py:69 [CLIENT] Observation Sent 4194304/4609012 bytes with state 2
DEBUG 2026-06-09 15:35:43 ort/utils.py:69 [CLIENT] Observation Sent 4609012/4609012 bytes with state 3
DEBUG 2026-06-09 15:35:43 ort/utils.py:71 [CLIENT] Observation Published 4.395496368408203 MB
DEBUG 2026-06-09 15:35:43 t_client.py:209 Sent observation #0 | 
DEBUG 2026-06-09 15:35:43 t_client.py:434 QUEUE SIZE: 0 (Must go: False)
DEBUG 2026-06-09 15:35:43 t_client.py:477 Control loop (ms): 167.23
DEBUG 2026-06-09 15:35:43 follower.py:184 follower_right SOFollower read state: 1.9ms
DEBUG 2026-06-09 15:35:43 follower.py:191 follower_right SOFollower read wrist: 0.0ms
DEBUG 2026-06-09 15:35:43 follower.py:184 follower_left SOFollower read state: 1.8ms
DEBUG 2026-06-09 15:35:43 follower.py:191 follower_left SOFollower read wrist: 0.0ms
DEBUG 2026-06-09 15:35:43 t_client.py:198 Observation serialization time: 0.005532s
DEBUG 2026-06-09 15:35:43 ort/utils.py:54 [CLIENT] Observation Buffer size 4.395496368408203 MB with
DEBUG 2026-06-09 15:35:43 ort/utils.py:69 [CLIENT] Observation Sent 2097152/4609012 bytes with state 1
DEBUG 2026-06-09 15:35:43 ort/utils.py:69 [CLIENT] Observation Sent 4194304/4609012 bytes with state 2
DEBUG 2026-06-09 15:35:43 ort/utils.py:69 [CLIENT] Observation Sent 4609012/4609012 bytes with state 3
DEBUG 2026-06-09 15:35:43 ort/utils.py:71 [CLIENT] Observation Published 4.395496368408203 MB
DEBUG 2026-06-09 15:35:43 t_client.py:209 Sent observation #0 | 
DEBUG 2026-06-09 15:35:43 t_client.py:434 QUEUE SIZE: 0 (Must go: False)
DEBUG 2026-06-09 15:35:43 t_client.py:477 Control loop (ms): 105.98
DEBUG 2026-06-09 15:35:43 follower.py:184 follower_right SOFollower read state: 3.3ms
DEBUG 2026-06-09 15:35:43 follower.py:191 follower_right SOFollower read wrist: 0.1ms
DEBUG 2026-06-09 15:35:43 follower.py:184 follower_left SOFollower read state: 2.3ms
DEBUG 2026-06-09 15:35:43 follower.py:191 follower_left SOFollower read wrist: 0.0ms
DEBUG 2026-06-09 15:35:43 t_client.py:198 Observation serialization time: 0.010188s
DEBUG 2026-06-09 15:35:43 ort/utils.py:54 [CLIENT] Observation Buffer size 4.395496368408203 MB with
DEBUG 2026-06-09 15:35:43 ort/utils.py:69 [CLIENT] Observation Sent 2097152/4609012 bytes with state 1
DEBUG 2026-06-09 15:35:43 ort/utils.py:69 [CLIENT] Observation Sent 4194304/4609012 bytes with state 2
DEBUG 2026-06-09 15:35:43 ort/utils.py:69 [CLIENT] Observation Sent 4609012/4609012 bytes with state 3
DEBUG 2026-06-09 15:35:43 ort/utils.py:71 [CLIENT] Observation Published 4.395496368408203 MB
DEBUG 2026-06-09 15:35:43 t_client.py:209 Sent observation #0 | 
DEBUG 2026-06-09 15:35:43 t_client.py:434 QUEUE SIZE: 0 (Must go: False)
DEBUG 2026-06-09 15:35:43 t_client.py:477 Control loop (ms): 100.46
DEBUG 2026-06-09 15:35:43 follower.py:184 follower_right SOFollower read state: 2.3ms
DEBUG 2026-06-09 15:35:43 follower.py:191 follower_right SOFollower read wrist: 0.1ms
DEBUG 2026-06-09 15:35:43 follower.py:184 follower_left SOFollower read state: 2.1ms
DEBUG 2026-06-09 15:35:43 follower.py:191 follower_left SOFollower read wrist: 0.0ms
DEBUG 2026-06-09 15:35:43 t_client.py:198 Observation serialization time: 0.011405s
DEBUG 2026-06-09 15:35:43 ort/utils.py:54 [CLIENT] Observation Buffer size 4.395496368408203 MB with
DEBUG 2026-06-09 15:35:43 ort/utils.py:69 [CLIENT] Observation Sent 2097152/4609012 bytes with state 1
DEBUG 2026-06-09 15:35:43 ort/utils.py:69 [CLIENT] Observation Sent 4194304/4609012 bytes with state 2
DEBUG 2026-06-09 15:35:43 ort/utils.py:69 [CLIENT] Observation Sent 4609012/4609012 bytes with state 3
DEBUG 2026-06-09 15:35:43 ort/utils.py:71 [CLIENT] Observation Published 4.395496368408203 MB
DEBUG 2026-06-09 15:35:43 t_client.py:209 Sent observation #0 | 
DEBUG 2026-06-09 15:35:43 t_client.py:434 QUEUE SIZE: 0 (Must go: False)
DEBUG 2026-06-09 15:35:43 t_client.py:477 Control loop (ms): 113.93
DEBUG 2026-06-09 15:35:43 follower.py:184 follower_right SOFollower read state: 1.9ms
DEBUG 2026-06-09 15:35:43 follower.py:191 follower_right SOFollower read wrist: 0.0ms
DEBUG 2026-06-09 15:35:43 follower.py:184 follower_left SOFollower read state: 1.7ms
DEBUG 2026-06-09 15:35:43 follower.py:191 follower_left SOFollower read wrist: 0.0ms
DEBUG 2026-06-09 15:35:43 t_client.py:198 Observation serialization time: 0.007105s
DEBUG 2026-06-09 15:35:43 ort/utils.py:54 [CLIENT] Observation Buffer size 4.395496368408203 MB with
DEBUG 2026-06-09 15:35:43 ort/utils.py:69 [CLIENT] Observation Sent 2097152/4609012 bytes with state 1
DEBUG 2026-06-09 15:35:43 ort/utils.py:69 [CLIENT] Observation Sent 4194304/4609012 bytes with state 2
DEBUG 2026-06-09 15:35:43 ort/utils.py:69 [CLIENT] Observation Sent 4609012/4609012 bytes with state 3
DEBUG 2026-06-09 15:35:43 ort/utils.py:71 [CLIENT] Observation Published 4.395496368408203 MB
DEBUG 2026-06-09 15:35:43 t_client.py:292 Received actions on device: cpu
DEBUG 2026-06-09 15:35:43 t_client.py:302 Actions kept on device: cpu
DEBUG 2026-06-09 15:35:43 t_client.py:209 Sent observation #0 | 
DEBUG 2026-06-09 15:35:43 t_client.py:434 QUEUE SIZE: 0 (Must go: False)
DEBUG 2026-06-09 15:35:43 t_client.py:477 Control loop (ms): 123.51
DEBUG 2026-06-09 15:35:43 t_client.py:477 Control loop (ms): 10.08
DEBUG 2026-06-09 15:35:43 t_client.py:477 Control loop (ms): 2.11
DEBUG 2026-06-09 15:35:43 t_client.py:477 Control loop (ms): 2.05
DEBUG 2026-06-09 15:35:43 t_client.py:477 Control loop (ms): 7.46
DEBUG 2026-06-09 15:35:43 t_client.py:292 Received actions on device: cpu
DEBUG 2026-06-09 15:35:43 t_client.py:302 Actions kept on device: cpu
DEBUG 2026-06-09 15:35:43 t_client.py:477 Control loop (ms): 1.63
DEBUG 2026-06-09 15:35:43 t_client.py:477 Control loop (ms): 2.05
DEBUG 2026-06-09 15:35:43 t_client.py:477 Control loop (ms): 2.03
DEBUG 2026-06-09 15:35:43 follower.py:184 follower_right SOFollower read state: 2.4ms
DEBUG 2026-06-09 15:35:43 follower.py:191 follower_right SOFollower read wrist: 0.0ms
DEBUG 2026-06-09 15:35:43 follower.py:184 follower_left SOFollower read state: 2.2ms
DEBUG 2026-06-09 15:35:43 follower.py:191 follower_left SOFollower read wrist: 0.0ms
DEBUG 2026-06-09 15:35:43 t_client.py:198 Observation serialization time: 0.012486s
DEBUG 2026-06-09 15:35:43 ort/utils.py:54 [CLIENT] Observation Buffer size 4.395496368408203 MB with
DEBUG 2026-06-09 15:35:43 ort/utils.py:69 [CLIENT] Observation Sent 2097152/4609012 bytes with state 1
DEBUG 2026-06-09 15:35:43 ort/utils.py:69 [CLIENT] Observation Sent 4194304/4609012 bytes with state 2
DEBUG 2026-06-09 15:35:43 ort/utils.py:69 [CLIENT] Observation Sent 4609012/4609012 bytes with state 3
DEBUG 2026-06-09 15:35:43 ort/utils.py:71 [CLIENT] Observation Published 4.395496368408203 MB
DEBUG 2026-06-09 15:35:43 t_client.py:209 Sent observation #7 | 
DEBUG 2026-06-09 15:35:43 t_client.py:434 QUEUE SIZE: 8 (Must go: False)
DEBUG 2026-06-09 15:35:43 t_client.py:477 Control loop (ms): 113.53
DEBUG 2026-06-09 15:35:43 follower.py:184 follower_right SOFollower read state: 2.0ms
DEBUG 2026-06-09 15:35:43 follower.py:191 follower_right SOFollower read wrist: 0.0ms
DEBUG 2026-06-09 15:35:43 follower.py:184 follower_left SOFollower read state: 2.0ms
DEBUG 2026-06-09 15:35:43 follower.py:191 follower_left SOFollower read wrist: 0.0ms
DEBUG 2026-06-09 15:35:43 t_client.py:198 Observation serialization time: 0.008358s
DEBUG 2026-06-09 15:35:43 ort/utils.py:54 [CLIENT] Observation Buffer size 4.395496368408203 MB with
DEBUG 2026-06-09 15:35:43 ort/utils.py:69 [CLIENT] Observation Sent 2097152/4609012 bytes with state 1
DEBUG 2026-06-09 15:35:43 ort/utils.py:69 [CLIENT] Observation Sent 4194304/4609012 bytes with state 2
DEBUG 2026-06-09 15:35:43 ort/utils.py:69 [CLIENT] Observation Sent 4609012/4609012 bytes with state 3
DEBUG 2026-06-09 15:35:43 ort/utils.py:71 [CLIENT] Observation Published 4.395496368408203 MB
DEBUG 2026-06-09 15:35:44 t_client.py:292 Received actions on device: cpu
DEBUG 2026-06-09 15:35:44 t_client.py:302 Actions kept on device: cpu
DEBUG 2026-06-09 15:35:44 t_client.py:209 Sent observation #8 | 
DEBUG 2026-06-09 15:35:44 t_client.py:434 QUEUE SIZE: 7 (Must go: False)
DEBUG 2026-06-09 15:35:44 t_client.py:477 Control loop (ms): 106.65
DEBUG 2026-06-09 15:35:44 t_client.py:477 Control loop (ms): 1.26
DEBUG 2026-06-09 15:35:44 t_client.py:477 Control loop (ms): 1.44
DEBUG 2026-06-09 15:35:44 t_client.py:477 Control loop (ms): 2.45
DEBUG 2026-06-09 15:35:44 t_client.py:292 Received actions on device: cpu
DEBUG 2026-06-09 15:35:44 t_client.py:302 Actions kept on device: cpu
DEBUG 2026-06-09 15:35:44 t_client.py:477 Control loop (ms): 1.27
DEBUG 2026-06-09 15:35:44 t_client.py:477 Control loop (ms): 1.65
DEBUG 2026-06-09 15:35:44 t_client.py:477 Control loop (ms): 1.37
DEBUG 2026-06-09 15:35:44 follower.py:184 follower_right SOFollower read state: 2.1ms
DEBUG 2026-06-09 15:35:44 follower.py:191 follower_right SOFollower read wrist: 0.0ms
DEBUG 2026-06-09 15:35:44 follower.py:184 follower_left SOFollower read state: 2.2ms
DEBUG 2026-06-09 15:35:44 follower.py:191 follower_left SOFollower read wrist: 0.0ms
DEBUG 2026-06-09 15:35:44 t_client.py:198 Observation serialization time: 0.011615s
DEBUG 2026-06-09 15:35:44 ort/utils.py:54 [CLIENT] Observation Buffer size 4.395496368408203 MB with
DEBUG 2026-06-09 15:35:44 ort/utils.py:69 [CLIENT] Observation Sent 2097152/4609012 bytes with state 1
DEBUG 2026-06-09 15:35:44 ort/utils.py:69 [CLIENT] Observation Sent 4194304/4609012 bytes with state 2
DEBUG 2026-06-09 15:35:44 ort/utils.py:69 [CLIENT] Observation Sent 4609012/4609012 bytes with state 3
DEBUG 2026-06-09 15:35:44 ort/utils.py:71 [CLIENT] Observation Published 4.395496368408203 MB
DEBUG 2026-06-09 15:35:44 t_client.py:209 Sent observation #15 | 
DEBUG 2026-06-09 15:35:44 t_client.py:434 QUEUE SIZE: 8 (Must go: False)
DEBUG 2026-06-09 15:35:44 t_client.py:477 Control loop (ms): 128.92
DEBUG 2026-06-09 15:35:44 follower.py:184 follower_right SOFollower read state: 1.8ms
DEBUG 2026-06-09 15:35:44 follower.py:191 follower_right SOFollower read wrist: 0.0ms
DEBUG 2026-06-09 15:35:44 follower.py:184 follower_left SOFollower read state: 1.8ms
DEBUG 2026-06-09 15:35:44 follower.py:191 follower_left SOFollower read wrist: 0.0ms
DEBUG 2026-06-09 15:35:44 t_client.py:198 Observation serialization time: 0.007645s
DEBUG 2026-06-09 15:35:44 ort/utils.py:54 [CLIENT] Observation Buffer size 4.395496368408203 MB with
DEBUG 2026-06-09 15:35:44 ort/utils.py:69 [CLIENT] Observation Sent 2097152/4609012 bytes with state 1
DEBUG 2026-06-09 15:35:44 ort/utils.py:69 [CLIENT] Observation Sent 4194304/4609012 bytes with state 2
DEBUG 2026-06-09 15:35:44 ort/utils.py:69 [CLIENT] Observation Sent 4609012/4609012 bytes with state 3
DEBUG 2026-06-09 15:35:44 ort/utils.py:71 [CLIENT] Observation Published 4.395496368408203 MB
DEBUG 2026-06-09 15:35:44 t_client.py:292 Received actions on device: cpu
DEBUG 2026-06-09 15:35:44 t_client.py:302 Actions kept on device: cpu
DEBUG 2026-06-09 15:35:44 t_client.py:209 Sent observation #16 | 
DEBUG 2026-06-09 15:35:44 t_client.py:434 QUEUE SIZE: 7 (Must go: False)
DEBUG 2026-06-09 15:35:44 t_client.py:477 Control loop (ms): 110.17
DEBUG 2026-06-09 15:35:44 t_client.py:477 Control loop (ms): 1.84
DEBUG 2026-06-09 15:35:44 t_client.py:477 Control loop (ms): 1.98
DEBUG 2026-06-09 15:35:44 t_client.py:477 Control loop (ms): 2.34
DEBUG 2026-06-09 15:35:44 t_client.py:292 Received actions on device: cpu
DEBUG 2026-06-09 15:35:44 t_client.py:302 Actions kept on device: cpu
DEBUG 2026-06-09 15:35:44 t_client.py:477 Control loop (ms): 2.64
DEBUG 2026-06-09 15:35:44 t_client.py:477 Control loop (ms): 3.01
DEBUG 2026-06-09 15:35:44 t_client.py:477 Control loop (ms): 2.82
DEBUG 2026-06-09 15:35:44 follower.py:184 follower_right SOFollower read state: 2.8ms
DEBUG 2026-06-09 15:35:44 follower.py:191 follower_right SOFollower read wrist: 0.1ms
DEBUG 2026-06-09 15:35:44 follower.py:184 follower_left SOFollower read state: 2.9ms
DEBUG 2026-06-09 15:35:44 follower.py:191 follower_left SOFollower read wrist: 0.1ms
DEBUG 2026-06-09 15:35:44 t_client.py:198 Observation serialization time: 0.012530s
DEBUG 2026-06-09 15:35:44 ort/utils.py:54 [CLIENT] Observation Buffer size 4.395496368408203 MB with
DEBUG 2026-06-09 15:35:44 ort/utils.py:69 [CLIENT] Observation Sent 2097152/4609012 bytes with state 1
DEBUG 2026-06-09 15:35:44 ort/utils.py:69 [CLIENT] Observation Sent 4194304/4609012 bytes with state 2
DEBUG 2026-06-09 15:35:44 ort/utils.py:69 [CLIENT] Observation Sent 4609012/4609012 bytes with state 3
DEBUG 2026-06-09 15:35:44 ort/utils.py:71 [CLIENT] Observation Published 4.395496368408203 MB
DEBUG 2026-06-09 15:35:44 t_client.py:209 Sent observation #23 | 
DEBUG 2026-06-09 15:35:44 t_client.py:434 QUEUE SIZE: 8 (Must go: False)
DEBUG 2026-06-09 15:35:44 t_client.py:477 Control loop (ms): 132.76
DEBUG 2026-06-09 15:35:44 follower.py:184 follower_right SOFollower read state: 2.4ms
DEBUG 2026-06-09 15:35:44 follower.py:191 follower_right SOFollower read wrist: 0.0ms
DEBUG 2026-06-09 15:35:44 follower.py:184 follower_left SOFollower read state: 1.8ms
DEBUG 2026-06-09 15:35:44 follower.py:191 follower_left SOFollower read wrist: 0.0ms
DEBUG 2026-06-09 15:35:44 t_client.py:198 Observation serialization time: 0.005915s
DEBUG 2026-06-09 15:35:44 ort/utils.py:54 [CLIENT] Observation Buffer size 4.395496368408203 MB with
DEBUG 2026-06-09 15:35:44 ort/utils.py:69 [CLIENT] Observation Sent 2097152/4609012 bytes with state 1
DEBUG 2026-06-09 15:35:44 ort/utils.py:69 [CLIENT] Observation Sent 4194304/4609012 bytes with state 2
DEBUG 2026-06-09 15:35:44 ort/utils.py:69 [CLIENT] Observation Sent 4609012/4609012 bytes with state 3
DEBUG 2026-06-09 15:35:44 ort/utils.py:71 [CLIENT] Observation Published 4.395496368408203 MB
DEBUG 2026-06-09 15:35:44 t_client.py:292 Received actions on device: cpu
DEBUG 2026-06-09 15:35:44 t_client.py:302 Actions kept on device: cpu
DEBUG 2026-06-09 15:35:44 t_client.py:209 Sent observation #24 | 
DEBUG 2026-06-09 15:35:44 t_client.py:434 QUEUE SIZE: 7 (Must go: False)
DEBUG 2026-06-09 15:35:44 t_client.py:477 Control loop (ms): 131.00
DEBUG 2026-06-09 15:35:44 t_client.py:477 Control loop (ms): 1.73
DEBUG 2026-06-09 15:35:44 t_client.py:477 Control loop (ms): 2.10
DEBUG 2026-06-09 15:35:45 t_client.py:477 Control loop (ms): 2.35
DEBUG 2026-06-09 15:35:45 t_client.py:292 Received actions on device: cpu
DEBUG 2026-06-09 15:35:45 t_client.py:302 Actions kept on device: cpu
DEBUG 2026-06-09 15:35:45 t_client.py:477 Control loop (ms): 1.86
DEBUG 2026-06-09 15:35:45 t_client.py:477 Control loop (ms): 1.46
DEBUG 2026-06-09 15:35:45 t_client.py:477 Control loop (ms): 1.22
DEBUG 2026-06-09 15:35:45 follower.py:184 follower_right SOFollower read state: 2.5ms
DEBUG 2026-06-09 15:35:45 follower.py:191 follower_right SOFollower read wrist: 0.1ms
DEBUG 2026-06-09 15:35:45 follower.py:184 follower_left SOFollower read state: 2.0ms
DEBUG 2026-06-09 15:35:45 follower.py:191 follower_left SOFollower read wrist: 0.0ms
DEBUG 2026-06-09 15:35:45 t_client.py:198 Observation serialization time: 0.009722s
DEBUG 2026-06-09 15:35:45 ort/utils.py:54 [CLIENT] Observation Buffer size 4.395496368408203 MB with
DEBUG 2026-06-09 15:35:45 ort/utils.py:69 [CLIENT] Observation Sent 2097152/4609012 bytes with state 1
DEBUG 2026-06-09 15:35:45 ort/utils.py:69 [CLIENT] Observation Sent 4194304/4609012 bytes with state 2
DEBUG 2026-06-09 15:35:45 ort/utils.py:69 [CLIENT] Observation Sent 4609012/4609012 bytes with state 3
DEBUG 2026-06-09 15:35:45 ort/utils.py:71 [CLIENT] Observation Published 4.395496368408203 MB
DEBUG 2026-06-09 15:35:45 t_client.py:209 Sent observation #31 | 
DEBUG 2026-06-09 15:35:45 t_client.py:434 QUEUE SIZE: 8 (Must go: False)
DEBUG 2026-06-09 15:35:45 t_client.py:477 Control loop (ms): 146.32
DEBUG 2026-06-09 15:35:45 follower.py:184 follower_right SOFollower read state: 2.3ms
DEBUG 2026-06-09 15:35:45 follower.py:191 follower_right SOFollower read wrist: 0.0ms
DEBUG 2026-06-09 15:35:45 follower.py:184 follower_left SOFollower read state: 2.2ms
DEBUG 2026-06-09 15:35:45 follower.py:191 follower_left SOFollower read wrist: 0.0ms
DEBUG 2026-06-09 15:35:45 t_client.py:198 Observation serialization time: 0.008574s
DEBUG 2026-06-09 15:35:45 ort/utils.py:54 [CLIENT] Observation Buffer size 4.395496368408203 MB with
DEBUG 2026-06-09 15:35:45 ort/utils.py:69 [CLIENT] Observation Sent 2097152/4609012 bytes with state 1
DEBUG 2026-06-09 15:35:45 ort/utils.py:69 [CLIENT] Observation Sent 4194304/4609012 bytes with state 2
DEBUG 2026-06-09 15:35:45 ort/utils.py:69 [CLIENT] Observation Sent 4609012/4609012 bytes with state 3
DEBUG 2026-06-09 15:35:45 ort/utils.py:71 [CLIENT] Observation Published 4.395496368408203 MB
DEBUG 2026-06-09 15:35:45 t_client.py:292 Received actions on device: cpu
DEBUG 2026-06-09 15:35:45 t_client.py:302 Actions kept on device: cpu
DEBUG 2026-06-09 15:35:45 t_client.py:209 Sent observation #32 | 
DEBUG 2026-06-09 15:35:45 t_client.py:434 QUEUE SIZE: 7 (Must go: False)
DEBUG 2026-06-09 15:35:45 t_client.py:477 Control loop (ms): 130.86
DEBUG 2026-06-09 15:35:45 t_client.py:477 Control loop (ms): 1.58
DEBUG 2026-06-09 15:35:45 t_client.py:477 Control loop (ms): 1.72
DEBUG 2026-06-09 15:35:45 t_client.py:477 Control loop (ms): 1.80
DEBUG 2026-06-09 15:35:45 t_client.py:292 Received actions on device: cpu
DEBUG 2026-06-09 15:35:45 t_client.py:302 Actions kept on device: cpu
DEBUG 2026-06-09 15:35:45 t_client.py:477 Control loop (ms): 1.64
DEBUG 2026-06-09 15:35:45 t_client.py:477 Control loop (ms): 2.25
DEBUG 2026-06-09 15:35:45 t_client.py:477 Control loop (ms): 1.85
DEBUG 2026-06-09 15:35:45 follower.py:184 follower_right SOFollower read state: 2.3ms
DEBUG 2026-06-09 15:35:45 follower.py:191 follower_right SOFollower read wrist: 0.1ms
DEBUG 2026-06-09 15:35:45 follower.py:184 follower_left SOFollower read state: 2.3ms
DEBUG 2026-06-09 15:35:45 follower.py:191 follower_left SOFollower read wrist: 0.0ms
DEBUG 2026-06-09 15:35:45 t_client.py:198 Observation serialization time: 0.007788s
DEBUG 2026-06-09 15:35:45 ort/utils.py:54 [CLIENT] Observation Buffer size 4.395496368408203 MB with
DEBUG 2026-06-09 15:35:45 ort/utils.py:69 [CLIENT] Observation Sent 2097152/4609012 bytes with state 1
DEBUG 2026-06-09 15:35:45 ort/utils.py:69 [CLIENT] Observation Sent 4194304/4609012 bytes with state 2
DEBUG 2026-06-09 15:35:45 ort/utils.py:69 [CLIENT] Observation Sent 4609012/4609012 bytes with state 3
DEBUG 2026-06-09 15:35:45 ort/utils.py:71 [CLIENT] Observation Published 4.395496368408203 MB
DEBUG 2026-06-09 15:35:45 t_client.py:209 Sent observation #39 | 
DEBUG 2026-06-09 15:35:45 t_client.py:434 QUEUE SIZE: 8 (Must go: False)
DEBUG 2026-06-09 15:35:45 t_client.py:477 Control loop (ms): 176.79
DEBUG 2026-06-09 15:35:45 follower.py:184 follower_right SOFollower read state: 1.9ms
DEBUG 2026-06-09 15:35:45 follower.py:191 follower_right SOFollower read wrist: 0.0ms
DEBUG 2026-06-09 15:35:45 follower.py:184 follower_left SOFollower read state: 2.0ms
DEBUG 2026-06-09 15:35:45 follower.py:191 follower_left SOFollower read wrist: 0.0ms
DEBUG 2026-06-09 15:35:45 t_client.py:198 Observation serialization time: 0.002881s
DEBUG 2026-06-09 15:35:45 ort/utils.py:54 [CLIENT] Observation Buffer size 4.395496368408203 MB with
DEBUG 2026-06-09 15:35:45 ort/utils.py:69 [CLIENT] Observation Sent 2097152/4609012 bytes with state 1
DEBUG 2026-06-09 15:35:45 ort/utils.py:69 [CLIENT] Observation Sent 4194304/4609012 bytes with state 2
DEBUG 2026-06-09 15:35:45 ort/utils.py:69 [CLIENT] Observation Sent 4609012/4609012 bytes with state 3
DEBUG 2026-06-09 15:35:45 ort/utils.py:71 [CLIENT] Observation Published 4.395496368408203 MB
DEBUG 2026-06-09 15:35:45 t_client.py:209 Sent observation #40 | 
DEBUG 2026-06-09 15:35:45 t_client.py:434 QUEUE SIZE: 7 (Must go: False)
DEBUG 2026-06-09 15:35:45 t_client.py:292 Received actions on device: cpu
DEBUG 2026-06-09 15:35:45 t_client.py:477 Control loop (ms): 158.47
DEBUG 2026-06-09 15:35:45 t_client.py:302 Actions kept on device: cpu
DEBUG 2026-06-09 15:35:45 follower.py:184 follower_right SOFollower read state: 1.7ms
DEBUG 2026-06-09 15:35:45 follower.py:191 follower_right SOFollower read wrist: 0.0ms
DEBUG 2026-06-09 15:35:45 follower.py:184 follower_left SOFollower read state: 1.6ms
DEBUG 2026-06-09 15:35:45 follower.py:191 follower_left SOFollower read wrist: 0.0ms
DEBUG 2026-06-09 15:35:45 t_client.py:198 Observation serialization time: 0.005241s
DEBUG 2026-06-09 15:35:45 ort/utils.py:54 [CLIENT] Observation Buffer size 4.395496368408203 MB with
DEBUG 2026-06-09 15:35:45 ort/utils.py:69 [CLIENT] Observation Sent 2097152/4609012 bytes with state 1
DEBUG 2026-06-09 15:35:46 ort/utils.py:69 [CLIENT] Observation Sent 4194304/4609012 bytes with state 2
DEBUG 2026-06-09 15:35:46 ort/utils.py:69 [CLIENT] Observation Sent 4609012/4609012 bytes with state 3
DEBUG 2026-06-09 15:35:46 ort/utils.py:71 [CLIENT] Observation Published 4.395496368408203 MB
DEBUG 2026-06-09 15:35:46 t_client.py:292 Received actions on device: cpu
DEBUG 2026-06-09 15:35:46 t_client.py:302 Actions kept on device: cpu
DEBUG 2026-06-09 15:35:46 t_client.py:209 Sent observation #41 | 
DEBUG 2026-06-09 15:35:46 t_client.py:434 QUEUE SIZE: 14 (Must go: False)
DEBUG 2026-06-09 15:35:46 t_client.py:477 Control loop (ms): 149.93
DEBUG 2026-06-09 15:35:46 t_client.py:477 Control loop (ms): 1.12
DEBUG 2026-06-09 15:35:46 t_client.py:477 Control loop (ms): 1.55
DEBUG 2026-06-09 15:35:46 t_client.py:477 Control loop (ms): 1.86
DEBUG 2026-06-09 15:35:46 t_client.py:292 Received actions on device: cpu
DEBUG 2026-06-09 15:35:46 t_client.py:302 Actions kept on device: cpu
DEBUG 2026-06-09 15:35:46 t_client.py:477 Control loop (ms): 1.28
DEBUG 2026-06-09 15:35:46 t_client.py:477 Control loop (ms): 1.22
DEBUG 2026-06-09 15:35:46 t_client.py:477 Control loop (ms): 1.82
DEBUG 2026-06-09 15:35:46 follower.py:184 follower_right SOFollower read state: 2.3ms
DEBUG 2026-06-09 15:35:46 follower.py:191 follower_right SOFollower read wrist: 0.0ms
DEBUG 2026-06-09 15:35:46 follower.py:184 follower_left SOFollower read state: 2.3ms
DEBUG 2026-06-09 15:35:46 follower.py:191 follower_left SOFollower read wrist: 0.0ms
DEBUG 2026-06-09 15:35:46 t_client.py:198 Observation serialization time: 0.007195s
DEBUG 2026-06-09 15:35:46 ort/utils.py:54 [CLIENT] Observation Buffer size 4.395496368408203 MB with
DEBUG 2026-06-09 15:35:46 ort/utils.py:69 [CLIENT] Observation Sent 2097152/4609012 bytes with state 1
DEBUG 2026-06-09 15:35:46 ort/utils.py:69 [CLIENT] Observation Sent 4194304/4609012 bytes with state 2
DEBUG 2026-06-09 15:35:46 ort/utils.py:69 [CLIENT] Observation Sent 4609012/4609012 bytes with state 3
DEBUG 2026-06-09 15:35:46 ort/utils.py:71 [CLIENT] Observation Published 4.395496368408203 MB
DEBUG 2026-06-09 15:35:46 t_client.py:209 Sent observation #48 | 
DEBUG 2026-06-09 15:35:46 t_client.py:434 QUEUE SIZE: 8 (Must go: False)
DEBUG 2026-06-09 15:35:46 t_client.py:477 Control loop (ms): 126.42
DEBUG 2026-06-09 15:35:46 follower.py:184 follower_right SOFollower read state: 1.9ms
DEBUG 2026-06-09 15:35:46 follower.py:191 follower_right SOFollower read wrist: 0.0ms
DEBUG 2026-06-09 15:35:46 follower.py:184 follower_left SOFollower read state: 1.9ms
DEBUG 2026-06-09 15:35:46 follower.py:191 follower_left SOFollower read wrist: 0.0ms
DEBUG 2026-06-09 15:35:46 t_client.py:198 Observation serialization time: 0.008919s
DEBUG 2026-06-09 15:35:46 ort/utils.py:54 [CLIENT] Observation Buffer size 4.395496368408203 MB with
DEBUG 2026-06-09 15:35:46 ort/utils.py:69 [CLIENT] Observation Sent 2097152/4609012 bytes with state 1
DEBUG 2026-06-09 15:35:46 ort/utils.py:69 [CLIENT] Observation Sent 4194304/4609012 bytes with state 2
DEBUG 2026-06-09 15:35:46 ort/utils.py:69 [CLIENT] Observation Sent 4609012/4609012 bytes with state 3
DEBUG 2026-06-09 15:35:46 ort/utils.py:71 [CLIENT] Observation Published 4.395496368408203 MB
DEBUG 2026-06-09 15:35:46 t_client.py:292 Received actions on device: cpu
DEBUG 2026-06-09 15:35:46 t_client.py:302 Actions kept on device: cpu
DEBUG 2026-06-09 15:35:46 t_client.py:209 Sent observation #49 | 
DEBUG 2026-06-09 15:35:46 t_client.py:434 QUEUE SIZE: 7 (Must go: False)
DEBUG 2026-06-09 15:35:46 t_client.py:477 Control loop (ms): 175.41
DEBUG 2026-06-09 15:35:46 t_client.py:477 Control loop (ms): 1.74
DEBUG 2026-06-09 15:35:46 t_client.py:477 Control loop (ms): 2.01
DEBUG 2026-06-09 15:35:46 t_client.py:477 Control loop (ms): 3.22
DEBUG 2026-06-09 15:35:46 t_client.py:292 Received actions on device: cpu
DEBUG 2026-06-09 15:35:46 t_client.py:302 Actions kept on device: cpu
DEBUG 2026-06-09 15:35:46 t_client.py:477 Control loop (ms): 2.65
DEBUG 2026-06-09 15:35:46 t_client.py:477 Control loop (ms): 2.77
DEBUG 2026-06-09 15:35:46 t_client.py:477 Control loop (ms): 2.76
DEBUG 2026-06-09 15:35:46 follower.py:184 follower_right SOFollower read state: 2.5ms
DEBUG 2026-06-09 15:35:46 follower.py:191 follower_right SOFollower read wrist: 0.1ms
DEBUG 2026-06-09 15:35:46 follower.py:184 follower_left SOFollower read state: 2.9ms
DEBUG 2026-06-09 15:35:46 follower.py:191 follower_left SOFollower read wrist: 0.0ms
DEBUG 2026-06-09 15:35:46 t_client.py:198 Observation serialization time: 0.011023s
DEBUG 2026-06-09 15:35:46 ort/utils.py:54 [CLIENT] Observation Buffer size 4.395496368408203 MB with
DEBUG 2026-06-09 15:35:46 ort/utils.py:69 [CLIENT] Observation Sent 2097152/4609012 bytes with state 1
DEBUG 2026-06-09 15:35:46 ort/utils.py:69 [CLIENT] Observation Sent 4194304/4609012 bytes with state 2
DEBUG 2026-06-09 15:35:46 ort/utils.py:69 [CLIENT] Observation Sent 4609012/4609012 bytes with state 3
DEBUG 2026-06-09 15:35:46 ort/utils.py:71 [CLIENT] Observation Published 4.395496368408203 MB
DEBUG 2026-06-09 15:35:46 t_client.py:209 Sent observation #56 | 
DEBUG 2026-06-09 15:35:46 t_client.py:434 QUEUE SIZE: 8 (Must go: False)
DEBUG 2026-06-09 15:35:46 t_client.py:477 Control loop (ms): 185.20
DEBUG 2026-06-09 15:35:46 follower.py:184 follower_right SOFollower read state: 1.6ms
DEBUG 2026-06-09 15:35:46 follower.py:191 follower_right SOFollower read wrist: 0.0ms
DEBUG 2026-06-09 15:35:46 follower.py:184 follower_left SOFollower read state: 1.5ms
DEBUG 2026-06-09 15:35:46 follower.py:191 follower_left SOFollower read wrist: 0.0ms
DEBUG 2026-06-09 15:35:47 t_client.py:198 Observation serialization time: 0.004965s
DEBUG 2026-06-09 15:35:47 ort/utils.py:54 [CLIENT] Observation Buffer size 4.395496368408203 MB with
DEBUG 2026-06-09 15:35:47 ort/utils.py:69 [CLIENT] Observation Sent 2097152/4609012 bytes with state 1
DEBUG 2026-06-09 15:35:47 ort/utils.py:69 [CLIENT] Observation Sent 4194304/4609012 bytes with state 2
DEBUG 2026-06-09 15:35:47 ort/utils.py:69 [CLIENT] Observation Sent 4609012/4609012 bytes with state 3
DEBUG 2026-06-09 15:35:47 ort/utils.py:71 [CLIENT] Observation Published 4.395496368408203 MB
DEBUG 2026-06-09 15:35:47 t_client.py:292 Received actions on device: cpu
DEBUG 2026-06-09 15:35:47 t_client.py:302 Actions kept on device: cpu
DEBUG 2026-06-09 15:35:47 t_client.py:209 Sent observation #57 | 
DEBUG 2026-06-09 15:35:47 t_client.py:434 QUEUE SIZE: 7 (Must go: False)
DEBUG 2026-06-09 15:35:47 t_client.py:477 Control loop (ms): 159.03
DEBUG 2026-06-09 15:35:47 t_client.py:477 Control loop (ms): 1.94
DEBUG 2026-06-09 15:35:47 t_client.py:477 Control loop (ms): 1.63
DEBUG 2026-06-09 15:35:47 t_client.py:477 Control loop (ms): 2.00
DEBUG 2026-06-09 15:35:47 t_client.py:292 Received actions on device: cpu
DEBUG 2026-06-09 15:35:47 t_client.py:302 Actions kept on device: cpu
DEBUG 2026-06-09 15:35:47 t_client.py:477 Control loop (ms): 1.22
DEBUG 2026-06-09 15:35:47 t_client.py:477 Control loop (ms): 2.58
DEBUG 2026-06-09 15:35:47 t_client.py:477 Control loop (ms): 1.81
DEBUG 2026-06-09 15:35:47 follower.py:184 follower_right SOFollower read state: 2.2ms
DEBUG 2026-06-09 15:35:47 follower.py:191 follower_right SOFollower read wrist: 0.0ms
DEBUG 2026-06-09 15:35:47 follower.py:184 follower_left SOFollower read state: 2.0ms
DEBUG 2026-06-09 15:35:47 follower.py:191 follower_left SOFollower read wrist: 0.0ms
DEBUG 2026-06-09 15:35:47 t_client.py:198 Observation serialization time: 0.007746s
DEBUG 2026-06-09 15:35:47 ort/utils.py:54 [CLIENT] Observation Buffer size 4.395496368408203 MB with
DEBUG 2026-06-09 15:35:47 ort/utils.py:69 [CLIENT] Observation Sent 2097152/4609012 bytes with state 1
DEBUG 2026-06-09 15:35:47 ort/utils.py:69 [CLIENT] Observation Sent 4194304/4609012 bytes with state 2
DEBUG 2026-06-09 15:35:47 ort/utils.py:69 [CLIENT] Observation Sent 4609012/4609012 bytes with state 3
DEBUG 2026-06-09 15:35:47 ort/utils.py:71 [CLIENT] Observation Published 4.395496368408203 MB
DEBUG 2026-06-09 15:35:47 t_client.py:209 Sent observation #64 | 
DEBUG 2026-06-09 15:35:47 t_client.py:434 QUEUE SIZE: 8 (Must go: False)
DEBUG 2026-06-09 15:35:47 t_client.py:477 Control loop (ms): 166.53
DEBUG 2026-06-09 15:35:47 follower.py:184 follower_right SOFollower read state: 1.8ms
DEBUG 2026-06-09 15:35:47 follower.py:191 follower_right SOFollower read wrist: 0.0ms
DEBUG 2026-06-09 15:35:47 follower.py:184 follower_left SOFollower read state: 1.7ms
DEBUG 2026-06-09 15:35:47 follower.py:191 follower_left SOFollower read wrist: 0.0ms
DEBUG 2026-06-09 15:35:47 t_client.py:198 Observation serialization time: 0.008762s
DEBUG 2026-06-09 15:35:47 ort/utils.py:54 [CLIENT] Observation Buffer size 4.395496368408203 MB with
DEBUG 2026-06-09 15:35:47 ort/utils.py:69 [CLIENT] Observation Sent 2097152/4609012 bytes with state 1
DEBUG 2026-06-09 15:35:47 ort/utils.py:69 [CLIENT] Observation Sent 4194304/4609012 bytes with state 2
DEBUG 2026-06-09 15:35:47 ort/utils.py:69 [CLIENT] Observation Sent 4609012/4609012 bytes with state 3
DEBUG 2026-06-09 15:35:47 ort/utils.py:71 [CLIENT] Observation Published 4.395496368408203 MB
DEBUG 2026-06-09 15:35:47 t_client.py:292 Received actions on device: cpu
DEBUG 2026-06-09 15:35:47 t_client.py:302 Actions kept on device: cpu
DEBUG 2026-06-09 15:35:47 t_client.py:209 Sent observation #65 | 
DEBUG 2026-06-09 15:35:47 t_client.py:434 QUEUE SIZE: 7 (Must go: False)
DEBUG 2026-06-09 15:35:47 t_client.py:477 Control loop (ms): 198.33
DEBUG 2026-06-09 15:35:47 t_client.py:477 Control loop (ms): 1.54
DEBUG 2026-06-09 15:35:47 t_client.py:477 Control loop (ms): 2.15
DEBUG 2026-06-09 15:35:47 t_client.py:477 Control loop (ms): 2.07
DEBUG 2026-06-09 15:35:47 t_client.py:292 Received actions on device: cpu
DEBUG 2026-06-09 15:35:47 t_client.py:302 Actions kept on device: cpu
DEBUG 2026-06-09 15:35:47 t_client.py:477 Control loop (ms): 1.57
DEBUG 2026-06-09 15:35:47 t_client.py:477 Control loop (ms): 1.80
DEBUG 2026-06-09 15:35:47 t_client.py:477 Control loop (ms): 1.80
DEBUG 2026-06-09 15:35:47 follower.py:184 follower_right SOFollower read state: 1.8ms
DEBUG 2026-06-09 15:35:47 follower.py:191 follower_right SOFollower read wrist: 0.0ms
DEBUG 2026-06-09 15:35:47 follower.py:184 follower_left SOFollower read state: 1.6ms
DEBUG 2026-06-09 15:35:47 follower.py:191 follower_left SOFollower read wrist: 0.0ms
DEBUG 2026-06-09 15:35:47 t_client.py:198 Observation serialization time: 0.005523s
DEBUG 2026-06-09 15:35:47 ort/utils.py:54 [CLIENT] Observation Buffer size 4.395496368408203 MB with
DEBUG 2026-06-09 15:35:47 ort/utils.py:69 [CLIENT] Observation Sent 2097152/4609012 bytes with state 1
DEBUG 2026-06-09 15:35:48 ort/utils.py:69 [CLIENT] Observation Sent 4194304/4609012 bytes with state 2
DEBUG 2026-06-09 15:35:48 ort/utils.py:69 [CLIENT] Observation Sent 4609012/4609012 bytes with state 3
DEBUG 2026-06-09 15:35:48 ort/utils.py:71 [CLIENT] Observation Published 4.395496368408203 MB
DEBUG 2026-06-09 15:35:48 t_client.py:209 Sent observation #72 | 
DEBUG 2026-06-09 15:35:48 t_client.py:434 QUEUE SIZE: 8 (Must go: False)
DEBUG 2026-06-09 15:35:48 t_client.py:477 Control loop (ms): 164.30
DEBUG 2026-06-09 15:35:48 follower.py:184 follower_right SOFollower read state: 1.7ms
DEBUG 2026-06-09 15:35:48 follower.py:191 follower_right SOFollower read wrist: 0.0ms
DEBUG 2026-06-09 15:35:48 follower.py:184 follower_left SOFollower read state: 1.9ms
DEBUG 2026-06-09 15:35:48 follower.py:191 follower_left SOFollower read wrist: 0.0ms
DEBUG 2026-06-09 15:35:48 t_client.py:198 Observation serialization time: 0.008001s
DEBUG 2026-06-09 15:35:48 ort/utils.py:54 [CLIENT] Observation Buffer size 4.395496368408203 MB with
DEBUG 2026-06-09 15:35:48 ort/utils.py:69 [CLIENT] Observation Sent 2097152/4609012 bytes with state 1
DEBUG 2026-06-09 15:35:48 ort/utils.py:69 [CLIENT] Observation Sent 4194304/4609012 bytes with state 2
DEBUG 2026-06-09 15:35:48 ort/utils.py:69 [CLIENT] Observation Sent 4609012/4609012 bytes with state 3
DEBUG 2026-06-09 15:35:48 ort/utils.py:71 [CLIENT] Observation Published 4.395496368408203 MB
DEBUG 2026-06-09 15:35:48 t_client.py:292 Received actions on device: cpu
DEBUG 2026-06-09 15:35:48 t_client.py:302 Actions kept on device: cpu
DEBUG 2026-06-09 15:35:48 t_client.py:209 Sent observation #73 | 
DEBUG 2026-06-09 15:35:48 t_client.py:434 QUEUE SIZE: 7 (Must go: False)
DEBUG 2026-06-09 15:35:48 t_client.py:477 Control loop (ms): 128.25
DEBUG 2026-06-09 15:35:48 t_client.py:477 Control loop (ms): 1.22
DEBUG 2026-06-09 15:35:48 t_client.py:477 Control loop (ms): 1.34
DEBUG 2026-06-09 15:35:48 t_client.py:477 Control loop (ms): 1.21
DEBUG 2026-06-09 15:35:48 t_client.py:292 Received actions on device: cpu
DEBUG 2026-06-09 15:35:48 t_client.py:302 Actions kept on device: cpu
DEBUG 2026-06-09 15:35:48 t_client.py:477 Control loop (ms): 1.33
DEBUG 2026-06-09 15:35:48 t_client.py:477 Control loop (ms): 1.36
DEBUG 2026-06-09 15:35:48 t_client.py:477 Control loop (ms): 1.17
DEBUG 2026-06-09 15:35:48 follower.py:184 follower_right SOFollower read state: 1.7ms
DEBUG 2026-06-09 15:35:48 follower.py:191 follower_right SOFollower read wrist: 0.0ms
DEBUG 2026-06-09 15:35:48 follower.py:184 follower_left SOFollower read state: 1.9ms
DEBUG 2026-06-09 15:35:48 follower.py:191 follower_left SOFollower read wrist: 0.0ms
DEBUG 2026-06-09 15:35:48 t_client.py:198 Observation serialization time: 0.009568s
DEBUG 2026-06-09 15:35:48 ort/utils.py:54 [CLIENT] Observation Buffer size 4.395496368408203 MB with
DEBUG 2026-06-09 15:35:48 ort/utils.py:69 [CLIENT] Observation Sent 2097152/4609012 bytes with state 1
DEBUG 2026-06-09 15:35:48 ort/utils.py:69 [CLIENT] Observation Sent 4194304/4609012 bytes with state 2
DEBUG 2026-06-09 15:35:48 ort/utils.py:69 [CLIENT] Observation Sent 4609012/4609012 bytes with state 3
DEBUG 2026-06-09 15:35:48 ort/utils.py:71 [CLIENT] Observation Published 4.395496368408203 MB
DEBUG 2026-06-09 15:35:48 t_client.py:209 Sent observation #80 | 
DEBUG 2026-06-09 15:35:48 t_client.py:434 QUEUE SIZE: 8 (Must go: False)
DEBUG 2026-06-09 15:35:48 t_client.py:477 Control loop (ms): 157.81
DEBUG 2026-06-09 15:35:48 follower.py:184 follower_right SOFollower read state: 1.7ms
DEBUG 2026-06-09 15:35:48 follower.py:191 follower_right SOFollower read wrist: 0.0ms
DEBUG 2026-06-09 15:35:48 follower.py:184 follower_left SOFollower read state: 1.7ms
DEBUG 2026-06-09 15:35:48 follower.py:191 follower_left SOFollower read wrist: 0.0ms
DEBUG 2026-06-09 15:35:48 t_client.py:198 Observation serialization time: 0.008233s
DEBUG 2026-06-09 15:35:48 ort/utils.py:54 [CLIENT] Observation Buffer size 4.395496368408203 MB with
DEBUG 2026-06-09 15:35:48 ort/utils.py:69 [CLIENT] Observation Sent 2097152/4609012 bytes with state 1
DEBUG 2026-06-09 15:35:48 ort/utils.py:69 [CLIENT] Observation Sent 4194304/4609012 bytes with state 2
DEBUG 2026-06-09 15:35:48 ort/utils.py:69 [CLIENT] Observation Sent 4609012/4609012 bytes with state 3
DEBUG 2026-06-09 15:35:48 ort/utils.py:71 [CLIENT] Observation Published 4.395496368408203 MB
DEBUG 2026-06-09 15:35:48 t_client.py:292 Received actions on device: cpu
DEBUG 2026-06-09 15:35:48 t_client.py:302 Actions kept on device: cpu
DEBUG 2026-06-09 15:35:48 t_client.py:209 Sent observation #81 | 
DEBUG 2026-06-09 15:35:48 t_client.py:434 QUEUE SIZE: 7 (Must go: False)
DEBUG 2026-06-09 15:35:48 t_client.py:477 Control loop (ms): 160.31
DEBUG 2026-06-09 15:35:48 t_client.py:477 Control loop (ms): 1.53
DEBUG 2026-06-09 15:35:48 t_client.py:477 Control loop (ms): 1.44
DEBUG 2026-06-09 15:35:48 t_client.py:477 Control loop (ms): 1.24
DEBUG 2026-06-09 15:35:48 t_client.py:292 Received actions on device: cpu
DEBUG 2026-06-09 15:35:48 t_client.py:302 Actions kept on device: cpu
DEBUG 2026-06-09 15:35:48 t_client.py:477 Control loop (ms): 2.67
DEBUG 2026-06-09 15:35:48 t_client.py:477 Control loop (ms): 2.07
DEBUG 2026-06-09 15:35:48 t_client.py:477 Control loop (ms): 2.47
DEBUG 2026-06-09 15:35:48 follower.py:184 follower_right SOFollower read state: 2.4ms
DEBUG 2026-06-09 15:35:48 follower.py:191 follower_right SOFollower read wrist: 0.0ms
DEBUG 2026-06-09 15:35:48 follower.py:184 follower_left SOFollower read state: 1.9ms
DEBUG 2026-06-09 15:35:48 follower.py:191 follower_left SOFollower read wrist: 0.0ms
DEBUG 2026-06-09 15:35:48 t_client.py:198 Observation serialization time: 0.011219s
DEBUG 2026-06-09 15:35:48 ort/utils.py:54 [CLIENT] Observation Buffer size 4.395496368408203 MB with
DEBUG 2026-06-09 15:35:48 ort/utils.py:69 [CLIENT] Observation Sent 2097152/4609012 bytes with state 1
DEBUG 2026-06-09 15:35:49 ort/utils.py:69 [CLIENT] Observation Sent 4194304/4609012 bytes with state 2
DEBUG 2026-06-09 15:35:49 ort/utils.py:69 [CLIENT] Observation Sent 4609012/4609012 bytes with state 3
DEBUG 2026-06-09 15:35:49 ort/utils.py:71 [CLIENT] Observation Published 4.395496368408203 MB
DEBUG 2026-06-09 15:35:49 t_client.py:209 Sent observation #88 | 
DEBUG 2026-06-09 15:35:49 t_client.py:434 QUEUE SIZE: 8 (Must go: False)
DEBUG 2026-06-09 15:35:49 t_client.py:477 Control loop (ms): 153.99
DEBUG 2026-06-09 15:35:49 follower.py:184 follower_right SOFollower read state: 1.9ms
DEBUG 2026-06-09 15:35:49 follower.py:191 follower_right SOFollower read wrist: 0.0ms
DEBUG 2026-06-09 15:35:49 follower.py:184 follower_left SOFollower read state: 1.9ms
DEBUG 2026-06-09 15:35:49 follower.py:191 follower_left SOFollower read wrist: 0.0ms
DEBUG 2026-06-09 15:35:49 t_client.py:198 Observation serialization time: 0.006582s
DEBUG 2026-06-09 15:35:49 ort/utils.py:54 [CLIENT] Observation Buffer size 4.395496368408203 MB with
DEBUG 2026-06-09 15:35:49 ort/utils.py:69 [CLIENT] Observation Sent 2097152/4609012 bytes with state 1
DEBUG 2026-06-09 15:35:49 ort/utils.py:69 [CLIENT] Observation Sent 4194304/4609012 bytes with state 2
DEBUG 2026-06-09 15:35:49 ort/utils.py:69 [CLIENT] Observation Sent 4609012/4609012 bytes with state 3
DEBUG 2026-06-09 15:35:49 ort/utils.py:71 [CLIENT] Observation Published 4.395496368408203 MB
DEBUG 2026-06-09 15:35:49 t_client.py:292 Received actions on device: cpu
DEBUG 2026-06-09 15:35:49 t_client.py:302 Actions kept on device: cpu
DEBUG 2026-06-09 15:35:49 t_client.py:209 Sent observation #89 | 
DEBUG 2026-06-09 15:35:49 t_client.py:434 QUEUE SIZE: 7 (Must go: False)
DEBUG 2026-06-09 15:35:49 t_client.py:477 Control loop (ms): 129.53
DEBUG 2026-06-09 15:35:49 t_client.py:477 Control loop (ms): 1.23
DEBUG 2026-06-09 15:35:49 t_client.py:477 Control loop (ms): 1.93
DEBUG 2026-06-09 15:35:49 t_client.py:477 Control loop (ms): 1.79
DEBUG 2026-06-09 15:35:49 t_client.py:292 Received actions on device: cpu
DEBUG 2026-06-09 15:35:49 t_client.py:302 Actions kept on device: cpu
DEBUG 2026-06-09 15:35:49 t_client.py:477 Control loop (ms): 1.88
DEBUG 2026-06-09 15:35:49 t_client.py:477 Control loop (ms): 2.65
DEBUG 2026-06-09 15:35:49 t_client.py:477 Control loop (ms): 1.75
DEBUG 2026-06-09 15:35:49 follower.py:184 follower_right SOFollower read state: 2.3ms
DEBUG 2026-06-09 15:35:49 follower.py:191 follower_right SOFollower read wrist: 0.0ms
DEBUG 2026-06-09 15:35:49 follower.py:184 follower_left SOFollower read state: 1.7ms
DEBUG 2026-06-09 15:35:49 follower.py:191 follower_left SOFollower read wrist: 0.0ms
DEBUG 2026-06-09 15:35:49 t_client.py:198 Observation serialization time: 0.005938s
DEBUG 2026-06-09 15:35:49 ort/utils.py:54 [CLIENT] Observation Buffer size 4.395496368408203 MB with
DEBUG 2026-06-09 15:35:49 ort/utils.py:69 [CLIENT] Observation Sent 2097152/4609012 bytes with state 1
DEBUG 2026-06-09 15:35:49 ort/utils.py:69 [CLIENT] Observation Sent 4194304/4609012 bytes with state 2
DEBUG 2026-06-09 15:35:49 ort/utils.py:69 [CLIENT] Observation Sent 4609012/4609012 bytes with state 3
DEBUG 2026-06-09 15:35:49 ort/utils.py:71 [CLIENT] Observation Published 4.395496368408203 MB
DEBUG 2026-06-09 15:35:49 t_client.py:209 Sent observation #96 | 
DEBUG 2026-06-09 15:35:49 t_client.py:434 QUEUE SIZE: 8 (Must go: False)
DEBUG 2026-06-09 15:35:49 t_client.py:477 Control loop (ms): 113.35
DEBUG 2026-06-09 15:35:49 follower.py:184 follower_right SOFollower read state: 1.7ms
DEBUG 2026-06-09 15:35:49 follower.py:191 follower_right SOFollower read wrist: 0.0ms
DEBUG 2026-06-09 15:35:49 follower.py:184 follower_left SOFollower read state: 2.0ms
DEBUG 2026-06-09 15:35:49 follower.py:191 follower_left SOFollower read wrist: 0.0ms
DEBUG 2026-06-09 15:35:49 t_client.py:198 Observation serialization time: 0.005037s
DEBUG 2026-06-09 15:35:49 ort/utils.py:54 [CLIENT] Observation Buffer size 4.395496368408203 MB with
DEBUG 2026-06-09 15:35:49 ort/utils.py:69 [CLIENT] Observation Sent 2097152/4609012 bytes with state 1
DEBUG 2026-06-09 15:35:49 ort/utils.py:69 [CLIENT] Observation Sent 4194304/4609012 bytes with state 2
DEBUG 2026-06-09 15:35:49 ort/utils.py:69 [CLIENT] Observation Sent 4609012/4609012 bytes with state 3
DEBUG 2026-06-09 15:35:49 ort/utils.py:71 [CLIENT] Observation Published 4.395496368408203 MB
DEBUG 2026-06-09 15:35:49 t_client.py:292 Received actions on device: cpu
DEBUG 2026-06-09 15:35:49 t_client.py:302 Actions kept on device: cpu
DEBUG 2026-06-09 15:35:49 t_client.py:209 Sent observation #97 | 
DEBUG 2026-06-09 15:35:49 t_client.py:434 QUEUE SIZE: 7 (Must go: False)
DEBUG 2026-06-09 15:35:49 t_client.py:477 Control loop (ms): 152.72
DEBUG 2026-06-09 15:35:49 t_client.py:477 Control loop (ms): 1.93
DEBUG 2026-06-09 15:35:49 t_client.py:477 Control loop (ms): 2.32
DEBUG 2026-06-09 15:35:49 t_client.py:477 Control loop (ms): 1.95
DEBUG 2026-06-09 15:35:49 t_client.py:292 Received actions on device: cpu
DEBUG 2026-06-09 15:35:49 t_client.py:302 Actions kept on device: cpu
DEBUG 2026-06-09 15:35:49 t_client.py:477 Control loop (ms): 2.38
DEBUG 2026-06-09 15:35:49 t_client.py:477 Control loop (ms): 2.05
DEBUG 2026-06-09 15:35:49 t_client.py:477 Control loop (ms): 1.76
DEBUG 2026-06-09 15:35:49 follower.py:184 follower_right SOFollower read state: 2.0ms
DEBUG 2026-06-09 15:35:49 follower.py:191 follower_right SOFollower read wrist: 0.0ms
DEBUG 2026-06-09 15:35:49 follower.py:184 follower_left SOFollower read state: 1.9ms
DEBUG 2026-06-09 15:35:49 follower.py:191 follower_left SOFollower read wrist: 0.0ms
DEBUG 2026-06-09 15:35:49 t_client.py:198 Observation serialization time: 0.007570s
DEBUG 2026-06-09 15:35:49 ort/utils.py:54 [CLIENT] Observation Buffer size 4.395496368408203 MB with
DEBUG 2026-06-09 15:35:49 ort/utils.py:69 [CLIENT] Observation Sent 2097152/4609012 bytes with state 1
DEBUG 2026-06-09 15:35:49 ort/utils.py:69 [CLIENT] Observation Sent 4194304/4609012 bytes with state 2
DEBUG 2026-06-09 15:35:49 ort/utils.py:69 [CLIENT] Observation Sent 4609012/4609012 bytes with state 3
DEBUG 2026-06-09 15:35:49 ort/utils.py:71 [CLIENT] Observation Published 4.395496368408203 MB
DEBUG 2026-06-09 15:35:50 t_client.py:209 Sent observation #104 | 
DEBUG 2026-06-09 15:35:50 t_client.py:434 QUEUE SIZE: 8 (Must go: False)
DEBUG 2026-06-09 15:35:50 t_client.py:477 Control loop (ms): 133.15
DEBUG 2026-06-09 15:35:50 follower.py:184 follower_right SOFollower read state: 1.7ms
DEBUG 2026-06-09 15:35:50 follower.py:191 follower_right SOFollower read wrist: 0.1ms
DEBUG 2026-06-09 15:35:50 follower.py:184 follower_left SOFollower read state: 1.8ms
DEBUG 2026-06-09 15:35:50 follower.py:191 follower_left SOFollower read wrist: 0.0ms
DEBUG 2026-06-09 15:35:50 t_client.py:198 Observation serialization time: 0.009847s
DEBUG 2026-06-09 15:35:50 ort/utils.py:54 [CLIENT] Observation Buffer size 4.395496368408203 MB with
DEBUG 2026-06-09 15:35:50 ort/utils.py:69 [CLIENT] Observation Sent 2097152/4609012 bytes with state 1
DEBUG 2026-06-09 15:35:50 ort/utils.py:69 [CLIENT] Observation Sent 4194304/4609012 bytes with state 2
DEBUG 2026-06-09 15:35:50 ort/utils.py:69 [CLIENT] Observation Sent 4609012/4609012 bytes with state 3
DEBUG 2026-06-09 15:35:50 ort/utils.py:71 [CLIENT] Observation Published 4.395496368408203 MB
DEBUG 2026-06-09 15:35:50 t_client.py:292 Received actions on device: cpu
DEBUG 2026-06-09 15:35:50 t_client.py:302 Actions kept on device: cpu
DEBUG 2026-06-09 15:35:50 t_client.py:209 Sent observation #105 | 
DEBUG 2026-06-09 15:35:50 t_client.py:434 QUEUE SIZE: 7 (Must go: False)
DEBUG 2026-06-09 15:35:50 t_client.py:477 Control loop (ms): 130.32
DEBUG 2026-06-09 15:35:50 t_client.py:477 Control loop (ms): 1.31
DEBUG 2026-06-09 15:35:50 t_client.py:477 Control loop (ms): 1.64
DEBUG 2026-06-09 15:35:50 t_client.py:477 Control loop (ms): 2.03
DEBUG 2026-06-09 15:35:50 t_client.py:292 Received actions on device: cpu
DEBUG 2026-06-09 15:35:50 t_client.py:302 Actions kept on device: cpu
DEBUG 2026-06-09 15:35:50 t_client.py:477 Control loop (ms): 1.98
DEBUG 2026-06-09 15:35:50 t_client.py:477 Control loop (ms): 2.59
DEBUG 2026-06-09 15:35:50 t_client.py:477 Control loop (ms): 1.67
DEBUG 2026-06-09 15:35:50 follower.py:184 follower_right SOFollower read state: 2.1ms
DEBUG 2026-06-09 15:35:50 follower.py:191 follower_right SOFollower read wrist: 0.1ms
DEBUG 2026-06-09 15:35:50 follower.py:184 follower_left SOFollower read state: 2.5ms
DEBUG 2026-06-09 15:35:50 follower.py:191 follower_left SOFollower read wrist: 0.0ms
DEBUG 2026-06-09 15:35:50 t_client.py:198 Observation serialization time: 0.007793s
DEBUG 2026-06-09 15:35:50 ort/utils.py:54 [CLIENT] Observation Buffer size 4.395496368408203 MB with
DEBUG 2026-06-09 15:35:50 ort/utils.py:69 [CLIENT] Observation Sent 2097152/4609012 bytes with state 1
DEBUG 2026-06-09 15:35:50 ort/utils.py:69 [CLIENT] Observation Sent 4194304/4609012 bytes with state 2
DEBUG 2026-06-09 15:35:50 ort/utils.py:69 [CLIENT] Observation Sent 4609012/4609012 bytes with state 3
DEBUG 2026-06-09 15:35:50 ort/utils.py:71 [CLIENT] Observation Published 4.395496368408203 MB
DEBUG 2026-06-09 15:35:50 t_client.py:209 Sent observation #112 | 
DEBUG 2026-06-09 15:35:50 t_client.py:434 QUEUE SIZE: 8 (Must go: False)
DEBUG 2026-06-09 15:35:50 t_client.py:477 Control loop (ms): 145.98
DEBUG 2026-06-09 15:35:50 follower.py:184 follower_right SOFollower read state: 2.0ms
DEBUG 2026-06-09 15:35:50 follower.py:191 follower_right SOFollower read wrist: 0.0ms
DEBUG 2026-06-09 15:35:50 follower.py:184 follower_left SOFollower read state: 2.0ms
DEBUG 2026-06-09 15:35:50 follower.py:191 follower_left SOFollower read wrist: 0.0ms
DEBUG 2026-06-09 15:35:50 t_client.py:198 Observation serialization time: 0.006548s
DEBUG 2026-06-09 15:35:50 ort/utils.py:54 [CLIENT] Observation Buffer size 4.395496368408203 MB with
DEBUG 2026-06-09 15:35:50 ort/utils.py:69 [CLIENT] Observation Sent 2097152/4609012 bytes with state 1
DEBUG 2026-06-09 15:35:50 ort/utils.py:69 [CLIENT] Observation Sent 4194304/4609012 bytes with state 2
DEBUG 2026-06-09 15:35:50 ort/utils.py:69 [CLIENT] Observation Sent 4609012/4609012 bytes with state 3
DEBUG 2026-06-09 15:35:50 ort/utils.py:71 [CLIENT] Observation Published 4.395496368408203 MB
DEBUG 2026-06-09 15:35:50 t_client.py:209 Sent observation #113 | 
DEBUG 2026-06-09 15:35:50 t_client.py:434 QUEUE SIZE: 7 (Must go: False)
DEBUG 2026-06-09 15:35:50 t_client.py:477 Control loop (ms): 107.43
DEBUG 2026-06-09 15:35:50 follower.py:184 follower_right SOFollower read state: 2.6ms
DEBUG 2026-06-09 15:35:50 follower.py:191 follower_right SOFollower read wrist: 0.0ms
DEBUG 2026-06-09 15:35:50 t_client.py:292 Received actions on device: cpu
DEBUG 2026-06-09 15:35:50 t_client.py:302 Actions kept on device: cpu
DEBUG 2026-06-09 15:35:50 follower.py:184 follower_left SOFollower read state: 1.8ms
DEBUG 2026-06-09 15:35:50 follower.py:191 follower_left SOFollower read wrist: 0.0ms
DEBUG 2026-06-09 15:35:50 t_client.py:198 Observation serialization time: 0.008891s
DEBUG 2026-06-09 15:35:50 ort/utils.py:54 [CLIENT] Observation Buffer size 4.395496368408203 MB with
DEBUG 2026-06-09 15:35:50 ort/utils.py:69 [CLIENT] Observation Sent 2097152/4609012 bytes with state 1
DEBUG 2026-06-09 15:35:50 ort/utils.py:69 [CLIENT] Observation Sent 4194304/4609012 bytes with state 2
DEBUG 2026-06-09 15:35:50 ort/utils.py:69 [CLIENT] Observation Sent 4609012/4609012 bytes with state 3
DEBUG 2026-06-09 15:35:50 ort/utils.py:71 [CLIENT] Observation Published 4.395496368408203 MB
DEBUG 2026-06-09 15:35:50 t_client.py:209 Sent observation #114 | 
DEBUG 2026-06-09 15:35:50 t_client.py:434 QUEUE SIZE: 6 (Must go: False)
DEBUG 2026-06-09 15:35:50 t_client.py:477 Control loop (ms): 143.96
DEBUG 2026-06-09 15:35:50 t_client.py:477 Control loop (ms): 0.82
DEBUG 2026-06-09 15:35:50 t_client.py:477 Control loop (ms): 2.25
DEBUG 2026-06-09 15:35:50 t_client.py:292 Received actions on device: cpu
DEBUG 2026-06-09 15:35:50 t_client.py:302 Actions kept on device: cpu
DEBUG 2026-06-09 15:35:50 t_client.py:477 Control loop (ms): 2.01
DEBUG 2026-06-09 15:35:50 t_client.py:477 Control loop (ms): 2.12
DEBUG 2026-06-09 15:35:50 t_client.py:292 Received actions on device: cpu
DEBUG 2026-06-09 15:35:50 t_client.py:302 Actions kept on device: cpu
DEBUG 2026-06-09 15:35:50 t_client.py:477 Control loop (ms): 10.20
DEBUG 2026-06-09 15:35:50 t_client.py:477 Control loop (ms): 2.45
DEBUG 2026-06-09 15:35:50 t_client.py:477 Control loop (ms): 2.26
DEBUG 2026-06-09 15:35:50 follower.py:184 follower_right SOFollower read state: 1.9ms
DEBUG 2026-06-09 15:35:50 follower.py:191 follower_right SOFollower read wrist: 0.0ms
DEBUG 2026-06-09 15:35:50 follower.py:184 follower_left SOFollower read state: 1.7ms
DEBUG 2026-06-09 15:35:50 follower.py:191 follower_left SOFollower read wrist: 0.0ms
DEBUG 2026-06-09 15:35:50 t_client.py:198 Observation serialization time: 0.007771s
DEBUG 2026-06-09 15:35:50 ort/utils.py:54 [CLIENT] Observation Buffer size 4.395496368408203 MB with
DEBUG 2026-06-09 15:35:51 ort/utils.py:69 [CLIENT] Observation Sent 2097152/4609012 bytes with state 1
DEBUG 2026-06-09 15:35:51 ort/utils.py:69 [CLIENT] Observation Sent 4194304/4609012 bytes with state 2
DEBUG 2026-06-09 15:35:51 ort/utils.py:69 [CLIENT] Observation Sent 4609012/4609012 bytes with state 3
DEBUG 2026-06-09 15:35:51 ort/utils.py:71 [CLIENT] Observation Published 4.395496368408203 MB
DEBUG 2026-06-09 15:35:51 t_client.py:209 Sent observation #121 | 
DEBUG 2026-06-09 15:35:51 t_client.py:434 QUEUE SIZE: 8 (Must go: False)
DEBUG 2026-06-09 15:35:51 t_client.py:477 Control loop (ms): 108.67
DEBUG 2026-06-09 15:35:51 follower.py:184 follower_right SOFollower read state: 2.1ms
DEBUG 2026-06-09 15:35:51 follower.py:191 follower_right SOFollower read wrist: 0.0ms
DEBUG 2026-06-09 15:35:51 follower.py:184 follower_left SOFollower read state: 1.7ms
DEBUG 2026-06-09 15:35:51 follower.py:191 follower_left SOFollower read wrist: 0.0ms
DEBUG 2026-06-09 15:35:51 t_client.py:198 Observation serialization time: 0.004930s
DEBUG 2026-06-09 15:35:51 ort/utils.py:54 [CLIENT] Observation Buffer size 4.395496368408203 MB with
DEBUG 2026-06-09 15:35:51 ort/utils.py:69 [CLIENT] Observation Sent 2097152/4609012 bytes with state 1
DEBUG 2026-06-09 15:35:51 ort/utils.py:69 [CLIENT] Observation Sent 4194304/4609012 bytes with state 2
DEBUG 2026-06-09 15:35:51 ort/utils.py:69 [CLIENT] Observation Sent 4609012/4609012 bytes with state 3
DEBUG 2026-06-09 15:35:51 ort/utils.py:71 [CLIENT] Observation Published 4.395496368408203 MB
DEBUG 2026-06-09 15:35:51 t_client.py:292 Received actions on device: cpu
DEBUG 2026-06-09 15:35:51 t_client.py:302 Actions kept on device: cpu
DEBUG 2026-06-09 15:35:51 t_client.py:209 Sent observation #122 | 
DEBUG 2026-06-09 15:35:51 t_client.py:434 QUEUE SIZE: 7 (Must go: False)
DEBUG 2026-06-09 15:35:51 t_client.py:477 Control loop (ms): 119.11
DEBUG 2026-06-09 15:35:51 t_client.py:477 Control loop (ms): 1.56
DEBUG 2026-06-09 15:35:51 t_client.py:477 Control loop (ms): 1.85
DEBUG 2026-06-09 15:35:51 t_client.py:477 Control loop (ms): 2.10
DEBUG 2026-06-09 15:35:51 t_client.py:292 Received actions on device: cpu
DEBUG 2026-06-09 15:35:51 t_client.py:302 Actions kept on device: cpu
DEBUG 2026-06-09 15:35:51 t_client.py:477 Control loop (ms): 1.84
DEBUG 2026-06-09 15:35:51 t_client.py:477 Control loop (ms): 2.16
DEBUG 2026-06-09 15:35:51 t_client.py:477 Control loop (ms): 1.73
DEBUG 2026-06-09 15:35:51 follower.py:184 follower_right SOFollower read state: 2.0ms
DEBUG 2026-06-09 15:35:51 follower.py:191 follower_right SOFollower read wrist: 0.0ms
DEBUG 2026-06-09 15:35:51 follower.py:184 follower_left SOFollower read state: 2.2ms
DEBUG 2026-06-09 15:35:51 follower.py:191 follower_left SOFollower read wrist: 0.0ms
DEBUG 2026-06-09 15:35:51 t_client.py:198 Observation serialization time: 0.010161s
DEBUG 2026-06-09 15:35:51 ort/utils.py:54 [CLIENT] Observation Buffer size 4.395496368408203 MB with
DEBUG 2026-06-09 15:35:51 ort/utils.py:69 [CLIENT] Observation Sent 2097152/4609012 bytes with state 1
DEBUG 2026-06-09 15:35:51 ort/utils.py:69 [CLIENT] Observation Sent 4194304/4609012 bytes with state 2
DEBUG 2026-06-09 15:35:51 ort/utils.py:69 [CLIENT] Observation Sent 4609012/4609012 bytes with state 3
DEBUG 2026-06-09 15:35:51 ort/utils.py:71 [CLIENT] Observation Published 4.395496368408203 MB
DEBUG 2026-06-09 15:35:51 t_client.py:209 Sent observation #129 | 
DEBUG 2026-06-09 15:35:51 t_client.py:434 QUEUE SIZE: 8 (Must go: False)
DEBUG 2026-06-09 15:35:51 t_client.py:477 Control loop (ms): 163.42
DEBUG 2026-06-09 15:35:51 follower.py:184 follower_right SOFollower read state: 1.6ms
DEBUG 2026-06-09 15:35:51 follower.py:191 follower_right SOFollower read wrist: 0.0ms
DEBUG 2026-06-09 15:35:51 follower.py:184 follower_left SOFollower read state: 1.5ms
DEBUG 2026-06-09 15:35:51 follower.py:191 follower_left SOFollower read wrist: 0.0ms
DEBUG 2026-06-09 15:35:51 t_client.py:198 Observation serialization time: 0.004748s
DEBUG 2026-06-09 15:35:51 ort/utils.py:54 [CLIENT] Observation Buffer size 4.395496368408203 MB with
DEBUG 2026-06-09 15:35:51 ort/utils.py:69 [CLIENT] Observation Sent 2097152/4609012 bytes with state 1
DEBUG 2026-06-09 15:35:51 ort/utils.py:69 [CLIENT] Observation Sent 4194304/4609012 bytes with state 2
DEBUG 2026-06-09 15:35:51 ort/utils.py:69 [CLIENT] Observation Sent 4609012/4609012 bytes with state 3
DEBUG 2026-06-09 15:35:51 ort/utils.py:71 [CLIENT] Observation Published 4.395496368408203 MB
DEBUG 2026-06-09 15:35:51 t_client.py:292 Received actions on device: cpu
DEBUG 2026-06-09 15:35:51 t_client.py:302 Actions kept on device: cpu
DEBUG 2026-06-09 15:35:51 t_client.py:209 Sent observation #130 | 
DEBUG 2026-06-09 15:35:51 t_client.py:434 QUEUE SIZE: 7 (Must go: False)
DEBUG 2026-06-09 15:35:51 t_client.py:477 Control loop (ms): 139.18
DEBUG 2026-06-09 15:35:51 t_client.py:477 Control loop (ms): 1.30
DEBUG 2026-06-09 15:35:51 t_client.py:477 Control loop (ms): 1.70
DEBUG 2026-06-09 15:35:51 t_client.py:477 Control loop (ms): 1.93
DEBUG 2026-06-09 15:35:51 t_client.py:292 Received actions on device: cpu
DEBUG 2026-06-09 15:35:51 t_client.py:302 Actions kept on device: cpu
DEBUG 2026-06-09 15:35:51 t_client.py:477 Control loop (ms): 2.04
DEBUG 2026-06-09 15:35:51 t_client.py:477 Control loop (ms): 1.87
DEBUG 2026-06-09 15:35:51 t_client.py:477 Control loop (ms): 2.82
DEBUG 2026-06-09 15:35:51 follower.py:184 follower_right SOFollower read state: 2.7ms
DEBUG 2026-06-09 15:35:51 follower.py:191 follower_right SOFollower read wrist: 0.1ms
DEBUG 2026-06-09 15:35:51 follower.py:184 follower_left SOFollower read state: 1.6ms
DEBUG 2026-06-09 15:35:51 follower.py:191 follower_left SOFollower read wrist: 0.0ms
DEBUG 2026-06-09 15:35:51 t_client.py:198 Observation serialization time: 0.003193s
DEBUG 2026-06-09 15:35:51 ort/utils.py:54 [CLIENT] Observation Buffer size 4.395496368408203 MB with
DEBUG 2026-06-09 15:35:51 ort/utils.py:69 [CLIENT] Observation Sent 2097152/4609012 bytes with state 1
DEBUG 2026-06-09 15:35:51 ort/utils.py:69 [CLIENT] Observation Sent 4194304/4609012 bytes with state 2
DEBUG 2026-06-09 15:35:51 ort/utils.py:69 [CLIENT] Observation Sent 4609012/4609012 bytes with state 3
DEBUG 2026-06-09 15:35:51 ort/utils.py:71 [CLIENT] Observation Published 4.395496368408203 MB
DEBUG 2026-06-09 15:35:52 t_client.py:209 Sent observation #137 | 
DEBUG 2026-06-09 15:35:52 t_client.py:434 QUEUE SIZE: 8 (Must go: False)
DEBUG 2026-06-09 15:35:52 t_client.py:477 Control loop (ms): 125.35
DEBUG 2026-06-09 15:35:52 follower.py:184 follower_right SOFollower read state: 2.0ms
DEBUG 2026-06-09 15:35:52 follower.py:191 follower_right SOFollower read wrist: 0.0ms
DEBUG 2026-06-09 15:35:52 follower.py:184 follower_left SOFollower read state: 1.9ms
DEBUG 2026-06-09 15:35:52 follower.py:191 follower_left SOFollower read wrist: 0.0ms
DEBUG 2026-06-09 15:35:52 t_client.py:198 Observation serialization time: 0.009736s
DEBUG 2026-06-09 15:35:52 ort/utils.py:54 [CLIENT] Observation Buffer size 4.395496368408203 MB with
DEBUG 2026-06-09 15:35:52 ort/utils.py:69 [CLIENT] Observation Sent 2097152/4609012 bytes with state 1
DEBUG 2026-06-09 15:35:52 ort/utils.py:69 [CLIENT] Observation Sent 4194304/4609012 bytes with state 2
DEBUG 2026-06-09 15:35:52 ort/utils.py:69 [CLIENT] Observation Sent 4609012/4609012 bytes with state 3
DEBUG 2026-06-09 15:35:52 ort/utils.py:71 [CLIENT] Observation Published 4.395496368408203 MB
DEBUG 2026-06-09 15:35:52 t_client.py:209 Sent observation #138 | 
DEBUG 2026-06-09 15:35:52 t_client.py:434 QUEUE SIZE: 7 (Must go: False)
DEBUG 2026-06-09 15:35:52 t_client.py:477 Control loop (ms): 130.44
DEBUG 2026-06-09 15:35:52 t_client.py:292 Received actions on device: cpu
DEBUG 2026-06-09 15:35:52 t_client.py:302 Actions kept on device: cpu
DEBUG 2026-06-09 15:35:52 follower.py:184 follower_right SOFollower read state: 2.0ms
DEBUG 2026-06-09 15:35:52 follower.py:191 follower_right SOFollower read wrist: 0.0ms
DEBUG 2026-06-09 15:35:52 follower.py:184 follower_left SOFollower read state: 1.9ms
DEBUG 2026-06-09 15:35:52 follower.py:191 follower_left SOFollower read wrist: 0.0ms
DEBUG 2026-06-09 15:35:52 t_client.py:198 Observation serialization time: 0.008076s
DEBUG 2026-06-09 15:35:52 ort/utils.py:54 [CLIENT] Observation Buffer size 4.395496368408203 MB with
DEBUG 2026-06-09 15:35:52 ort/utils.py:69 [CLIENT] Observation Sent 2097152/4609012 bytes with state 1
DEBUG 2026-06-09 15:35:52 ort/utils.py:69 [CLIENT] Observation Sent 4194304/4609012 bytes with state 2
DEBUG 2026-06-09 15:35:52 ort/utils.py:69 [CLIENT] Observation Sent 4609012/4609012 bytes with state 3
DEBUG 2026-06-09 15:35:52 ort/utils.py:71 [CLIENT] Observation Published 4.395496368408203 MB
DEBUG 2026-06-09 15:35:52 t_client.py:209 Sent observation #139 | 
DEBUG 2026-06-09 15:35:52 t_client.py:434 QUEUE SIZE: 6 (Must go: False)
DEBUG 2026-06-09 15:35:52 t_client.py:477 Control loop (ms): 178.57
DEBUG 2026-06-09 15:35:52 t_client.py:477 Control loop (ms): 7.65
DEBUG 2026-06-09 15:35:52 t_client.py:292 Received actions on device: cpu
DEBUG 2026-06-09 15:35:52 t_client.py:302 Actions kept on device: cpu
DEBUG 2026-06-09 15:35:52 t_client.py:477 Control loop (ms): 1.71
DEBUG 2026-06-09 15:35:52 t_client.py:477 Control loop (ms): 2.24
DEBUG 2026-06-09 15:35:52 t_client.py:477 Control loop (ms): 2.13
DEBUG 2026-06-09 15:35:52 t_client.py:292 Received actions on device: cpu
DEBUG 2026-06-09 15:35:52 t_client.py:302 Actions kept on device: cpu
DEBUG 2026-06-09 15:35:52 t_client.py:477 Control loop (ms): 1.81
DEBUG 2026-06-09 15:35:52 t_client.py:477 Control loop (ms): 1.64
DEBUG 2026-06-09 15:35:52 follower.py:184 follower_right SOFollower read state: 2.2ms
DEBUG 2026-06-09 15:35:52 follower.py:191 follower_right SOFollower read wrist: 0.0ms
DEBUG 2026-06-09 15:35:52 follower.py:184 follower_left SOFollower read state: 1.9ms
DEBUG 2026-06-09 15:35:52 follower.py:191 follower_left SOFollower read wrist: 0.0ms
DEBUG 2026-06-09 15:35:52 t_client.py:198 Observation serialization time: 0.007410s
DEBUG 2026-06-09 15:35:52 ort/utils.py:54 [CLIENT] Observation Buffer size 4.395496368408203 MB with
DEBUG 2026-06-09 15:35:52 ort/utils.py:69 [CLIENT] Observation Sent 2097152/4609012 bytes with state 1
DEBUG 2026-06-09 15:35:52 ort/utils.py:69 [CLIENT] Observation Sent 4194304/4609012 bytes with state 2
DEBUG 2026-06-09 15:35:52 ort/utils.py:69 [CLIENT] Observation Sent 4609012/4609012 bytes with state 3
DEBUG 2026-06-09 15:35:52 ort/utils.py:71 [CLIENT] Observation Published 4.395496368408203 MB
DEBUG 2026-06-09 15:35:52 t_client.py:209 Sent observation #146 | 
DEBUG 2026-06-09 15:35:52 t_client.py:434 QUEUE SIZE: 8 (Must go: False)
DEBUG 2026-06-09 15:35:52 t_client.py:477 Control loop (ms): 118.96
DEBUG 2026-06-09 15:35:52 follower.py:184 follower_right SOFollower read state: 1.9ms
DEBUG 2026-06-09 15:35:52 follower.py:191 follower_right SOFollower read wrist: 0.0ms
DEBUG 2026-06-09 15:35:52 follower.py:184 follower_left SOFollower read state: 2.7ms
DEBUG 2026-06-09 15:35:52 follower.py:191 follower_left SOFollower read wrist: 0.0ms
DEBUG 2026-06-09 15:35:52 t_client.py:198 Observation serialization time: 0.006014s
DEBUG 2026-06-09 15:35:52 ort/utils.py:54 [CLIENT] Observation Buffer size 4.395496368408203 MB with
DEBUG 2026-06-09 15:35:52 ort/utils.py:69 [CLIENT] Observation Sent 2097152/4609012 bytes with state 1
DEBUG 2026-06-09 15:35:52 ort/utils.py:69 [CLIENT] Observation Sent 4194304/4609012 bytes with state 2
DEBUG 2026-06-09 15:35:52 ort/utils.py:69 [CLIENT] Observation Sent 4609012/4609012 bytes with state 3
DEBUG 2026-06-09 15:35:52 ort/utils.py:71 [CLIENT] Observation Published 4.395496368408203 MB
DEBUG 2026-06-09 15:35:52 t_client.py:292 Received actions on device: cpu
DEBUG 2026-06-09 15:35:52 t_client.py:302 Actions kept on device: cpu
DEBUG 2026-06-09 15:35:52 t_client.py:209 Sent observation #147 | 
DEBUG 2026-06-09 15:35:52 t_client.py:434 QUEUE SIZE: 7 (Must go: False)
DEBUG 2026-06-09 15:35:52 t_client.py:477 Control loop (ms): 130.65
DEBUG 2026-06-09 15:35:52 t_client.py:477 Control loop (ms): 2.07
DEBUG 2026-06-09 15:35:52 t_client.py:477 Control loop (ms): 2.35
DEBUG 2026-06-09 15:35:52 t_client.py:477 Control loop (ms): 2.20
DEBUG 2026-06-09 15:35:52 t_client.py:292 Received actions on device: cpu
DEBUG 2026-06-09 15:35:52 t_client.py:302 Actions kept on device: cpu
DEBUG 2026-06-09 15:35:52 t_client.py:477 Control loop (ms): 1.58
DEBUG 2026-06-09 15:35:52 t_client.py:477 Control loop (ms): 2.19
DEBUG 2026-06-09 15:35:52 t_client.py:477 Control loop (ms): 2.00
DEBUG 2026-06-09 15:35:53 follower.py:184 follower_right SOFollower read state: 2.1ms
DEBUG 2026-06-09 15:35:53 follower.py:191 follower_right SOFollower read wrist: 0.0ms
DEBUG 2026-06-09 15:35:53 follower.py:184 follower_left SOFollower read state: 2.1ms
DEBUG 2026-06-09 15:35:53 follower.py:191 follower_left SOFollower read wrist: 0.0ms
DEBUG 2026-06-09 15:35:53 t_client.py:198 Observation serialization time: 0.008502s
DEBUG 2026-06-09 15:35:53 ort/utils.py:54 [CLIENT] Observation Buffer size 4.395496368408203 MB with
DEBUG 2026-06-09 15:35:53 ort/utils.py:69 [CLIENT] Observation Sent 2097152/4609012 bytes with state 1
DEBUG 2026-06-09 15:35:53 ort/utils.py:69 [CLIENT] Observation Sent 4194304/4609012 bytes with state 2
DEBUG 2026-06-09 15:35:53 ort/utils.py:69 [CLIENT] Observation Sent 4609012/4609012 bytes with state 3
DEBUG 2026-06-09 15:35:53 ort/utils.py:71 [CLIENT] Observation Published 4.395496368408203 MB
DEBUG 2026-06-09 15:35:53 t_client.py:209 Sent observation #154 | 
DEBUG 2026-06-09 15:35:53 t_client.py:434 QUEUE SIZE: 8 (Must go: False)
DEBUG 2026-06-09 15:35:53 t_client.py:477 Control loop (ms): 132.25
DEBUG 2026-06-09 15:35:53 follower.py:184 follower_right SOFollower read state: 1.9ms
DEBUG 2026-06-09 15:35:53 follower.py:191 follower_right SOFollower read wrist: 0.0ms
DEBUG 2026-06-09 15:35:53 follower.py:184 follower_left SOFollower read state: 1.7ms
DEBUG 2026-06-09 15:35:53 follower.py:191 follower_left SOFollower read wrist: 0.0ms
DEBUG 2026-06-09 15:35:53 t_client.py:198 Observation serialization time: 0.003724s
DEBUG 2026-06-09 15:35:53 ort/utils.py:54 [CLIENT] Observation Buffer size 4.395496368408203 MB with
DEBUG 2026-06-09 15:35:53 ort/utils.py:69 [CLIENT] Observation Sent 2097152/4609012 bytes with state 1
DEBUG 2026-06-09 15:35:53 ort/utils.py:69 [CLIENT] Observation Sent 4194304/4609012 bytes with state 2
DEBUG 2026-06-09 15:35:53 ort/utils.py:69 [CLIENT] Observation Sent 4609012/4609012 bytes with state 3
DEBUG 2026-06-09 15:35:53 ort/utils.py:71 [CLIENT] Observation Published 4.395496368408203 MB
DEBUG 2026-06-09 15:35:53 t_client.py:209 Sent observation #155 | 
DEBUG 2026-06-09 15:35:53 t_client.py:434 QUEUE SIZE: 7 (Must go: False)
DEBUG 2026-06-09 15:35:53 t_client.py:477 Control loop (ms): 115.74
DEBUG 2026-06-09 15:35:53 t_client.py:292 Received actions on device: cpu
DEBUG 2026-06-09 15:35:53 t_client.py:302 Actions kept on device: cpu
DEBUG 2026-06-09 15:35:53 follower.py:184 follower_right SOFollower read state: 1.5ms
DEBUG 2026-06-09 15:35:53 follower.py:191 follower_right SOFollower read wrist: 0.0ms
DEBUG 2026-06-09 15:35:53 follower.py:184 follower_left SOFollower read state: 1.9ms
DEBUG 2026-06-09 15:35:53 follower.py:191 follower_left SOFollower read wrist: 0.0ms
DEBUG 2026-06-09 15:35:53 t_client.py:198 Observation serialization time: 0.003946s
DEBUG 2026-06-09 15:35:53 ort/utils.py:54 [CLIENT] Observation Buffer size 4.395496368408203 MB with
DEBUG 2026-06-09 15:35:53 ort/utils.py:69 [CLIENT] Observation Sent 2097152/4609012 bytes with state 1
DEBUG 2026-06-09 15:35:53 ort/utils.py:69 [CLIENT] Observation Sent 4194304/4609012 bytes with state 2
DEBUG 2026-06-09 15:35:53 ort/utils.py:69 [CLIENT] Observation Sent 4609012/4609012 bytes with state 3
DEBUG 2026-06-09 15:35:53 ort/utils.py:71 [CLIENT] Observation Published 4.395496368408203 MB
DEBUG 2026-06-09 15:35:53 t_client.py:292 Received actions on device: cpu
DEBUG 2026-06-09 15:35:53 t_client.py:302 Actions kept on device: cpu
DEBUG 2026-06-09 15:35:53 t_client.py:209 Sent observation #156 | 
DEBUG 2026-06-09 15:35:53 t_client.py:434 QUEUE SIZE: 13 (Must go: False)
DEBUG 2026-06-09 15:35:53 t_client.py:477 Control loop (ms): 154.78
DEBUG 2026-06-09 15:35:53 t_client.py:477 Control loop (ms): 0.83
DEBUG 2026-06-09 15:35:53 t_client.py:477 Control loop (ms): 1.56
DEBUG 2026-06-09 15:35:53 t_client.py:477 Control loop (ms): 1.42
DEBUG 2026-06-09 15:35:53 t_client.py:292 Received actions on device: cpu
DEBUG 2026-06-09 15:35:53 t_client.py:302 Actions kept on device: cpu
DEBUG 2026-06-09 15:35:53 t_client.py:477 Control loop (ms): 1.19
DEBUG 2026-06-09 15:35:53 t_client.py:477 Control loop (ms): 1.65
DEBUG 2026-06-09 15:35:53 t_client.py:477 Control loop (ms): 1.43
DEBUG 2026-06-09 15:35:53 follower.py:184 follower_right SOFollower read state: 1.8ms
DEBUG 2026-06-09 15:35:53 follower.py:191 follower_right SOFollower read wrist: 0.0ms
DEBUG 2026-06-09 15:35:53 follower.py:184 follower_left SOFollower read state: 1.9ms
DEBUG 2026-06-09 15:35:53 follower.py:191 follower_left SOFollower read wrist: 0.0ms
DEBUG 2026-06-09 15:35:53 t_client.py:198 Observation serialization time: 0.004565s
DEBUG 2026-06-09 15:35:53 ort/utils.py:54 [CLIENT] Observation Buffer size 4.395496368408203 MB with
DEBUG 2026-06-09 15:35:53 ort/utils.py:69 [CLIENT] Observation Sent 2097152/4609012 bytes with state 1
DEBUG 2026-06-09 15:35:53 ort/utils.py:69 [CLIENT] Observation Sent 4194304/4609012 bytes with state 2
DEBUG 2026-06-09 15:35:53 ort/utils.py:69 [CLIENT] Observation Sent 4609012/4609012 bytes with state 3
DEBUG 2026-06-09 15:35:53 ort/utils.py:71 [CLIENT] Observation Published 4.395496368408203 MB
DEBUG 2026-06-09 15:35:53 t_client.py:209 Sent observation #163 | 
DEBUG 2026-06-09 15:35:53 t_client.py:434 QUEUE SIZE: 8 (Must go: False)
DEBUG 2026-06-09 15:35:53 t_client.py:477 Control loop (ms): 119.17
DEBUG 2026-06-09 15:35:53 follower.py:184 follower_right SOFollower read state: 1.8ms
DEBUG 2026-06-09 15:35:53 follower.py:191 follower_right SOFollower read wrist: 0.0ms
DEBUG 2026-06-09 15:35:53 follower.py:184 follower_left SOFollower read state: 1.6ms
DEBUG 2026-06-09 15:35:53 follower.py:191 follower_left SOFollower read wrist: 0.0ms
DEBUG 2026-06-09 15:35:53 t_client.py:198 Observation serialization time: 0.006752s
DEBUG 2026-06-09 15:35:53 ort/utils.py:54 [CLIENT] Observation Buffer size 4.395496368408203 MB with
DEBUG 2026-06-09 15:35:53 ort/utils.py:69 [CLIENT] Observation Sent 2097152/4609012 bytes with state 1
DEBUG 2026-06-09 15:35:53 ort/utils.py:69 [CLIENT] Observation Sent 4194304/4609012 bytes with state 2
DEBUG 2026-06-09 15:35:53 ort/utils.py:69 [CLIENT] Observation Sent 4609012/4609012 bytes with state 3
DEBUG 2026-06-09 15:35:53 ort/utils.py:71 [CLIENT] Observation Published 4.395496368408203 MB
DEBUG 2026-06-09 15:35:53 t_client.py:292 Received actions on device: cpu
DEBUG 2026-06-09 15:35:53 t_client.py:302 Actions kept on device: cpu
DEBUG 2026-06-09 15:35:53 t_client.py:209 Sent observation #164 | 
DEBUG 2026-06-09 15:35:53 t_client.py:434 QUEUE SIZE: 7 (Must go: False)
DEBUG 2026-06-09 15:35:53 t_client.py:477 Control loop (ms): 137.75
DEBUG 2026-06-09 15:35:53 t_client.py:477 Control loop (ms): 1.13
DEBUG 2026-06-09 15:35:53 t_client.py:477 Control loop (ms): 1.32
DEBUG 2026-06-09 15:35:53 t_client.py:477 Control loop (ms): 1.44
DEBUG 2026-06-09 15:35:53 t_client.py:292 Received actions on device: cpu
DEBUG 2026-06-09 15:35:53 t_client.py:302 Actions kept on device: cpu
DEBUG 2026-06-09 15:35:53 t_client.py:477 Control loop (ms): 1.18
DEBUG 2026-06-09 15:35:54 t_client.py:477 Control loop (ms): 1.73
DEBUG 2026-06-09 15:35:54 t_client.py:477 Control loop (ms): 1.27
DEBUG 2026-06-09 15:35:54 follower.py:184 follower_right SOFollower read state: 1.9ms
DEBUG 2026-06-09 15:35:54 follower.py:191 follower_right SOFollower read wrist: 0.0ms
DEBUG 2026-06-09 15:35:54 follower.py:184 follower_left SOFollower read state: 1.6ms
DEBUG 2026-06-09 15:35:54 follower.py:191 follower_left SOFollower read wrist: 0.0ms
DEBUG 2026-06-09 15:35:54 t_client.py:198 Observation serialization time: 0.009307s
DEBUG 2026-06-09 15:35:54 ort/utils.py:54 [CLIENT] Observation Buffer size 4.395496368408203 MB with
DEBUG 2026-06-09 15:35:54 ort/utils.py:69 [CLIENT] Observation Sent 2097152/4609012 bytes with state 1
DEBUG 2026-06-09 15:35:54 ort/utils.py:69 [CLIENT] Observation Sent 4194304/4609012 bytes with state 2
DEBUG 2026-06-09 15:35:54 ort/utils.py:69 [CLIENT] Observation Sent 4609012/4609012 bytes with state 3
DEBUG 2026-06-09 15:35:54 ort/utils.py:71 [CLIENT] Observation Published 4.395496368408203 MB
DEBUG 2026-06-09 15:35:54 t_client.py:209 Sent observation #171 | 
DEBUG 2026-06-09 15:35:54 t_client.py:434 QUEUE SIZE: 8 (Must go: False)
DEBUG 2026-06-09 15:35:54 t_client.py:477 Control loop (ms): 136.65
DEBUG 2026-06-09 15:35:54 follower.py:184 follower_right SOFollower read state: 2.1ms
DEBUG 2026-06-09 15:35:54 follower.py:191 follower_right SOFollower read wrist: 0.0ms
DEBUG 2026-06-09 15:35:54 follower.py:184 follower_left SOFollower read state: 2.1ms
DEBUG 2026-06-09 15:35:54 follower.py:191 follower_left SOFollower read wrist: 0.0ms
DEBUG 2026-06-09 15:35:54 t_client.py:198 Observation serialization time: 0.010247s
DEBUG 2026-06-09 15:35:54 ort/utils.py:54 [CLIENT] Observation Buffer size 4.395496368408203 MB with
DEBUG 2026-06-09 15:35:54 ort/utils.py:69 [CLIENT] Observation Sent 2097152/4609012 bytes with state 1
DEBUG 2026-06-09 15:35:54 ort/utils.py:69 [CLIENT] Observation Sent 4194304/4609012 bytes with state 2
DEBUG 2026-06-09 15:35:54 ort/utils.py:69 [CLIENT] Observation Sent 4609012/4609012 bytes with state 3
DEBUG 2026-06-09 15:35:54 ort/utils.py:71 [CLIENT] Observation Published 4.395496368408203 MB
DEBUG 2026-06-09 15:35:54 t_client.py:292 Received actions on device: cpu
DEBUG 2026-06-09 15:35:54 t_client.py:302 Actions kept on device: cpu
DEBUG 2026-06-09 15:35:54 t_client.py:209 Sent observation #172 | 
DEBUG 2026-06-09 15:35:54 t_client.py:434 QUEUE SIZE: 7 (Must go: False)
DEBUG 2026-06-09 15:35:54 t_client.py:477 Control loop (ms): 142.23
DEBUG 2026-06-09 15:35:54 t_client.py:477 Control loop (ms): 1.73
DEBUG 2026-06-09 15:35:54 t_client.py:477 Control loop (ms): 1.52
DEBUG 2026-06-09 15:35:54 t_client.py:477 Control loop (ms): 0.95
DEBUG 2026-06-09 15:35:54 t_client.py:292 Received actions on device: cpu
DEBUG 2026-06-09 15:35:54 t_client.py:302 Actions kept on device: cpu
DEBUG 2026-06-09 15:35:54 t_client.py:477 Control loop (ms): 1.16
DEBUG 2026-06-09 15:35:54 t_client.py:477 Control loop (ms): 1.73
DEBUG 2026-06-09 15:35:54 t_client.py:477 Control loop (ms): 1.43
DEBUG 2026-06-09 15:35:54 follower.py:184 follower_right SOFollower read state: 1.7ms
DEBUG 2026-06-09 15:35:54 follower.py:191 follower_right SOFollower read wrist: 0.0ms
DEBUG 2026-06-09 15:35:54 follower.py:184 follower_left SOFollower read state: 1.7ms
DEBUG 2026-06-09 15:35:54 follower.py:191 follower_left SOFollower read wrist: 0.0ms
DEBUG 2026-06-09 15:35:54 t_client.py:198 Observation serialization time: 0.004975s
DEBUG 2026-06-09 15:35:54 ort/utils.py:54 [CLIENT] Observation Buffer size 4.395496368408203 MB with
DEBUG 2026-06-09 15:35:54 ort/utils.py:69 [CLIENT] Observation Sent 2097152/4609012 bytes with state 1
DEBUG 2026-06-09 15:35:54 ort/utils.py:69 [CLIENT] Observation Sent 4194304/4609012 bytes with state 2
DEBUG 2026-06-09 15:35:54 ort/utils.py:69 [CLIENT] Observation Sent 4609012/4609012 bytes with state 3
DEBUG 2026-06-09 15:35:54 ort/utils.py:71 [CLIENT] Observation Published 4.395496368408203 MB
DEBUG 2026-06-09 15:35:54 t_client.py:209 Sent observation #179 | 
DEBUG 2026-06-09 15:35:54 t_client.py:434 QUEUE SIZE: 8 (Must go: False)
DEBUG 2026-06-09 15:35:54 t_client.py:477 Control loop (ms): 113.70
DEBUG 2026-06-09 15:35:54 follower.py:184 follower_right SOFollower read state: 1.8ms
DEBUG 2026-06-09 15:35:54 follower.py:191 follower_right SOFollower read wrist: 0.0ms
DEBUG 2026-06-09 15:35:54 follower.py:184 follower_left SOFollower read state: 1.6ms
DEBUG 2026-06-09 15:35:54 follower.py:191 follower_left SOFollower read wrist: 0.0ms
DEBUG 2026-06-09 15:35:54 t_client.py:198 Observation serialization time: 0.010270s
DEBUG 2026-06-09 15:35:54 ort/utils.py:54 [CLIENT] Observation Buffer size 4.395496368408203 MB with
DEBUG 2026-06-09 15:35:54 ort/utils.py:69 [CLIENT] Observation Sent 2097152/4609012 bytes with state 1
DEBUG 2026-06-09 15:35:54 ort/utils.py:69 [CLIENT] Observation Sent 4194304/4609012 bytes with state 2
DEBUG 2026-06-09 15:35:54 ort/utils.py:69 [CLIENT] Observation Sent 4609012/4609012 bytes with state 3
DEBUG 2026-06-09 15:35:54 ort/utils.py:71 [CLIENT] Observation Published 4.395496368408203 MB
DEBUG 2026-06-09 15:35:54 t_client.py:292 Received actions on device: cpu
DEBUG 2026-06-09 15:35:54 t_client.py:302 Actions kept on device: cpu
DEBUG 2026-06-09 15:35:54 t_client.py:209 Sent observation #180 | 
DEBUG 2026-06-09 15:35:54 t_client.py:434 QUEUE SIZE: 7 (Must go: False)
DEBUG 2026-06-09 15:35:54 t_client.py:477 Control loop (ms): 132.49
DEBUG 2026-06-09 15:35:54 t_client.py:477 Control loop (ms): 3.02
DEBUG 2026-06-09 15:35:54 t_client.py:477 Control loop (ms): 2.35
DEBUG 2026-06-09 15:35:54 t_client.py:477 Control loop (ms): 1.46
DEBUG 2026-06-09 15:35:54 t_client.py:292 Received actions on device: cpu
DEBUG 2026-06-09 15:35:54 t_client.py:302 Actions kept on device: cpu
DEBUG 2026-06-09 15:35:54 t_client.py:477 Control loop (ms): 1.50
DEBUG 2026-06-09 15:35:54 t_client.py:477 Control loop (ms): 2.15
DEBUG 2026-06-09 15:35:54 t_client.py:477 Control loop (ms): 1.75
DEBUG 2026-06-09 15:35:54 follower.py:184 follower_right SOFollower read state: 2.4ms
DEBUG 2026-06-09 15:35:54 follower.py:191 follower_right SOFollower read wrist: 0.0ms
DEBUG 2026-06-09 15:35:55 follower.py:184 follower_left SOFollower read state: 2.1ms
DEBUG 2026-06-09 15:35:55 follower.py:191 follower_left SOFollower read wrist: 0.0ms
DEBUG 2026-06-09 15:35:55 t_client.py:198 Observation serialization time: 0.011055s
DEBUG 2026-06-09 15:35:55 ort/utils.py:54 [CLIENT] Observation Buffer size 4.395496368408203 MB with
DEBUG 2026-06-09 15:35:55 ort/utils.py:69 [CLIENT] Observation Sent 2097152/4609012 bytes with state 1
DEBUG 2026-06-09 15:35:55 ort/utils.py:69 [CLIENT] Observation Sent 4194304/4609012 bytes with state 2
DEBUG 2026-06-09 15:35:55 ort/utils.py:69 [CLIENT] Observation Sent 4609012/4609012 bytes with state 3
DEBUG 2026-06-09 15:35:55 ort/utils.py:71 [CLIENT] Observation Published 4.395496368408203 MB
DEBUG 2026-06-09 15:35:55 t_client.py:209 Sent observation #187 | 
DEBUG 2026-06-09 15:35:55 t_client.py:434 QUEUE SIZE: 8 (Must go: False)
DEBUG 2026-06-09 15:35:55 t_client.py:477 Control loop (ms): 158.34
DEBUG 2026-06-09 15:35:55 follower.py:184 follower_right SOFollower read state: 1.7ms
DEBUG 2026-06-09 15:35:55 follower.py:191 follower_right SOFollower read wrist: 0.0ms
DEBUG 2026-06-09 15:35:55 follower.py:184 follower_left SOFollower read state: 1.9ms
DEBUG 2026-06-09 15:35:55 follower.py:191 follower_left SOFollower read wrist: 0.0ms
DEBUG 2026-06-09 15:35:55 t_client.py:198 Observation serialization time: 0.007921s
DEBUG 2026-06-09 15:35:55 ort/utils.py:54 [CLIENT] Observation Buffer size 4.395496368408203 MB with
DEBUG 2026-06-09 15:35:55 ort/utils.py:69 [CLIENT] Observation Sent 2097152/4609012 bytes with state 1
DEBUG 2026-06-09 15:35:55 ort/utils.py:69 [CLIENT] Observation Sent 4194304/4609012 bytes with state 2
DEBUG 2026-06-09 15:35:55 ort/utils.py:69 [CLIENT] Observation Sent 4609012/4609012 bytes with state 3
DEBUG 2026-06-09 15:35:55 ort/utils.py:71 [CLIENT] Observation Published 4.395496368408203 MB
DEBUG 2026-06-09 15:35:55 t_client.py:292 Received actions on device: cpu
DEBUG 2026-06-09 15:35:55 t_client.py:302 Actions kept on device: cpu
DEBUG 2026-06-09 15:35:55 t_client.py:209 Sent observation #188 | 
DEBUG 2026-06-09 15:35:55 t_client.py:434 QUEUE SIZE: 7 (Must go: False)
DEBUG 2026-06-09 15:35:55 t_client.py:477 Control loop (ms): 126.73
DEBUG 2026-06-09 15:35:55 t_client.py:477 Control loop (ms): 1.50
DEBUG 2026-06-09 15:35:55 t_client.py:477 Control loop (ms): 1.97
DEBUG 2026-06-09 15:35:55 t_client.py:477 Control loop (ms): 1.50
DEBUG 2026-06-09 15:35:55 t_client.py:292 Received actions on device: cpu
DEBUG 2026-06-09 15:35:55 t_client.py:302 Actions kept on device: cpu
DEBUG 2026-06-09 15:35:55 t_client.py:477 Control loop (ms): 1.72
DEBUG 2026-06-09 15:35:55 t_client.py:477 Control loop (ms): 1.44
DEBUG 2026-06-09 15:35:55 t_client.py:477 Control loop (ms): 2.14
DEBUG 2026-06-09 15:35:55 follower.py:184 follower_right SOFollower read state: 1.6ms
DEBUG 2026-06-09 15:35:55 follower.py:191 follower_right SOFollower read wrist: 0.0ms
DEBUG 2026-06-09 15:35:55 follower.py:184 follower_left SOFollower read state: 1.7ms
DEBUG 2026-06-09 15:35:55 follower.py:191 follower_left SOFollower read wrist: 0.0ms
DEBUG 2026-06-09 15:35:55 t_client.py:198 Observation serialization time: 0.006669s
DEBUG 2026-06-09 15:35:55 ort/utils.py:54 [CLIENT] Observation Buffer size 4.395496368408203 MB with
DEBUG 2026-06-09 15:35:55 ort/utils.py:69 [CLIENT] Observation Sent 2097152/4609012 bytes with state 1
DEBUG 2026-06-09 15:35:55 ort/utils.py:69 [CLIENT] Observation Sent 4194304/4609012 bytes with state 2
DEBUG 2026-06-09 15:35:55 ort/utils.py:69 [CLIENT] Observation Sent 4609012/4609012 bytes with state 3
DEBUG 2026-06-09 15:35:55 ort/utils.py:71 [CLIENT] Observation Published 4.395496368408203 MB
DEBUG 2026-06-09 15:35:55 t_client.py:209 Sent observation #195 | 
DEBUG 2026-06-09 15:35:55 t_client.py:434 QUEUE SIZE: 8 (Must go: False)
DEBUG 2026-06-09 15:35:55 t_client.py:477 Control loop (ms): 121.42
DEBUG 2026-06-09 15:35:55 follower.py:184 follower_right SOFollower read state: 2.1ms
DEBUG 2026-06-09 15:35:55 follower.py:191 follower_right SOFollower read wrist: 0.0ms
DEBUG 2026-06-09 15:35:55 follower.py:184 follower_left SOFollower read state: 1.8ms
DEBUG 2026-06-09 15:35:55 follower.py:191 follower_left SOFollower read wrist: 0.0ms
DEBUG 2026-06-09 15:35:55 t_client.py:198 Observation serialization time: 0.008906s
DEBUG 2026-06-09 15:35:55 ort/utils.py:54 [CLIENT] Observation Buffer size 4.395496368408203 MB with
DEBUG 2026-06-09 15:35:55 ort/utils.py:69 [CLIENT] Observation Sent 2097152/4609012 bytes with state 1
DEBUG 2026-06-09 15:35:55 ort/utils.py:69 [CLIENT] Observation Sent 4194304/4609012 bytes with state 2
DEBUG 2026-06-09 15:35:55 ort/utils.py:69 [CLIENT] Observation Sent 4609012/4609012 bytes with state 3
DEBUG 2026-06-09 15:35:55 ort/utils.py:71 [CLIENT] Observation Published 4.395496368408203 MB
DEBUG 2026-06-09 15:35:55 t_client.py:292 Received actions on device: cpu
DEBUG 2026-06-09 15:35:55 t_client.py:302 Actions kept on device: cpu
DEBUG 2026-06-09 15:35:55 t_client.py:209 Sent observation #196 | 
DEBUG 2026-06-09 15:35:55 t_client.py:434 QUEUE SIZE: 7 (Must go: False)
DEBUG 2026-06-09 15:35:55 t_client.py:477 Control loop (ms): 138.96
DEBUG 2026-06-09 15:35:55 t_client.py:477 Control loop (ms): 1.77
DEBUG 2026-06-09 15:35:55 t_client.py:477 Control loop (ms): 2.18
DEBUG 2026-06-09 15:35:55 t_client.py:477 Control loop (ms): 1.76
DEBUG 2026-06-09 15:35:55 t_client.py:292 Received actions on device: cpu
DEBUG 2026-06-09 15:35:55 t_client.py:302 Actions kept on device: cpu
DEBUG 2026-06-09 15:35:55 t_client.py:477 Control loop (ms): 1.35
DEBUG 2026-06-09 15:35:55 t_client.py:477 Control loop (ms): 1.58
DEBUG 2026-06-09 15:35:55 t_client.py:477 Control loop (ms): 1.26
DEBUG 2026-06-09 15:35:55 follower.py:184 follower_right SOFollower read state: 2.1ms
DEBUG 2026-06-09 15:35:55 follower.py:191 follower_right SOFollower read wrist: 0.0ms
DEBUG 2026-06-09 15:35:55 follower.py:184 follower_left SOFollower read state: 2.0ms
DEBUG 2026-06-09 15:35:55 follower.py:191 follower_left SOFollower read wrist: 0.0ms
DEBUG 2026-06-09 15:35:55 t_client.py:198 Observation serialization time: 0.006531s
DEBUG 2026-06-09 15:35:55 ort/utils.py:54 [CLIENT] Observation Buffer size 4.395496368408203 MB with
DEBUG 2026-06-09 15:35:55 ort/utils.py:69 [CLIENT] Observation Sent 2097152/4609012 bytes with state 1
DEBUG 2026-06-09 15:35:56 ort/utils.py:69 [CLIENT] Observation Sent 4194304/4609012 bytes with state 2
DEBUG 2026-06-09 15:35:56 ort/utils.py:69 [CLIENT] Observation Sent 4609012/4609012 bytes with state 3
DEBUG 2026-06-09 15:35:56 ort/utils.py:71 [CLIENT] Observation Published 4.395496368408203 MB
DEBUG 2026-06-09 15:35:56 t_client.py:209 Sent observation #203 | 
DEBUG 2026-06-09 15:35:56 t_client.py:434 QUEUE SIZE: 8 (Must go: False)
DEBUG 2026-06-09 15:35:56 t_client.py:477 Control loop (ms): 120.70
DEBUG 2026-06-09 15:35:56 follower.py:184 follower_right SOFollower read state: 2.0ms
DEBUG 2026-06-09 15:35:56 follower.py:191 follower_right SOFollower read wrist: 0.0ms
DEBUG 2026-06-09 15:35:56 follower.py:184 follower_left SOFollower read state: 1.9ms
DEBUG 2026-06-09 15:35:56 follower.py:191 follower_left SOFollower read wrist: 0.0ms
DEBUG 2026-06-09 15:35:56 t_client.py:198 Observation serialization time: 0.009398s
DEBUG 2026-06-09 15:35:56 ort/utils.py:54 [CLIENT] Observation Buffer size 4.395496368408203 MB with
DEBUG 2026-06-09 15:35:56 ort/utils.py:69 [CLIENT] Observation Sent 2097152/4609012 bytes with state 1
DEBUG 2026-06-09 15:35:56 ort/utils.py:69 [CLIENT] Observation Sent 4194304/4609012 bytes with state 2
DEBUG 2026-06-09 15:35:56 ort/utils.py:69 [CLIENT] Observation Sent 4609012/4609012 bytes with state 3
DEBUG 2026-06-09 15:35:56 ort/utils.py:71 [CLIENT] Observation Published 4.395496368408203 MB
DEBUG 2026-06-09 15:35:56 t_client.py:292 Received actions on device: cpu
DEBUG 2026-06-09 15:35:56 t_client.py:302 Actions kept on device: cpu
DEBUG 2026-06-09 15:35:56 t_client.py:209 Sent observation #204 | 
DEBUG 2026-06-09 15:35:56 t_client.py:434 QUEUE SIZE: 7 (Must go: False)
DEBUG 2026-06-09 15:35:56 t_client.py:477 Control loop (ms): 144.95
DEBUG 2026-06-09 15:35:56 t_client.py:477 Control loop (ms): 1.50
DEBUG 2026-06-09 15:35:56 t_client.py:477 Control loop (ms): 1.47
DEBUG 2026-06-09 15:35:56 t_client.py:477 Control loop (ms): 1.76
DEBUG 2026-06-09 15:35:56 t_client.py:292 Received actions on device: cpu
DEBUG 2026-06-09 15:35:56 t_client.py:302 Actions kept on device: cpu
DEBUG 2026-06-09 15:35:56 t_client.py:477 Control loop (ms): 1.80
DEBUG 2026-06-09 15:35:56 t_client.py:477 Control loop (ms): 1.62
DEBUG 2026-06-09 15:35:56 t_client.py:477 Control loop (ms): 1.76
DEBUG 2026-06-09 15:35:56 follower.py:184 follower_right SOFollower read state: 2.5ms
DEBUG 2026-06-09 15:35:56 follower.py:191 follower_right SOFollower read wrist: 0.0ms
DEBUG 2026-06-09 15:35:56 follower.py:184 follower_left SOFollower read state: 2.3ms
DEBUG 2026-06-09 15:35:56 follower.py:191 follower_left SOFollower read wrist: 0.0ms
DEBUG 2026-06-09 15:35:56 t_client.py:198 Observation serialization time: 0.009711s
DEBUG 2026-06-09 15:35:56 ort/utils.py:54 [CLIENT] Observation Buffer size 4.395496368408203 MB with
DEBUG 2026-06-09 15:35:56 ort/utils.py:69 [CLIENT] Observation Sent 2097152/4609012 bytes with state 1
DEBUG 2026-06-09 15:35:56 ort/utils.py:69 [CLIENT] Observation Sent 4194304/4609012 bytes with state 2
DEBUG 2026-06-09 15:35:56 ort/utils.py:69 [CLIENT] Observation Sent 4609012/4609012 bytes with state 3
DEBUG 2026-06-09 15:35:56 ort/utils.py:71 [CLIENT] Observation Published 4.395496368408203 MB
DEBUG 2026-06-09 15:35:56 t_client.py:209 Sent observation #211 | 
DEBUG 2026-06-09 15:35:56 t_client.py:434 QUEUE SIZE: 8 (Must go: False)
DEBUG 2026-06-09 15:35:56 t_client.py:477 Control loop (ms): 129.64
DEBUG 2026-06-09 15:35:56 follower.py:184 follower_right SOFollower read state: 1.8ms
DEBUG 2026-06-09 15:35:56 follower.py:191 follower_right SOFollower read wrist: 0.0ms
DEBUG 2026-06-09 15:35:56 follower.py:184 follower_left SOFollower read state: 1.6ms
DEBUG 2026-06-09 15:35:56 follower.py:191 follower_left SOFollower read wrist: 0.0ms
DEBUG 2026-06-09 15:35:56 t_client.py:198 Observation serialization time: 0.009487s
DEBUG 2026-06-09 15:35:56 ort/utils.py:54 [CLIENT] Observation Buffer size 4.395496368408203 MB with
DEBUG 2026-06-09 15:35:56 ort/utils.py:69 [CLIENT] Observation Sent 2097152/4609012 bytes with state 1
DEBUG 2026-06-09 15:35:56 ort/utils.py:69 [CLIENT] Observation Sent 4194304/4609012 bytes with state 2
DEBUG 2026-06-09 15:35:56 ort/utils.py:69 [CLIENT] Observation Sent 4609012/4609012 bytes with state 3
DEBUG 2026-06-09 15:35:56 ort/utils.py:71 [CLIENT] Observation Published 4.395496368408203 MB
DEBUG 2026-06-09 15:35:56 t_client.py:209 Sent observation #212 | 
DEBUG 2026-06-09 15:35:56 t_client.py:434 QUEUE SIZE: 7 (Must go: False)
DEBUG 2026-06-09 15:35:56 t_client.py:477 Control loop (ms): 128.51
DEBUG 2026-06-09 15:35:56 t_client.py:292 Received actions on device: cpu
DEBUG 2026-06-09 15:35:56 t_client.py:302 Actions kept on device: cpu
DEBUG 2026-06-09 15:35:56 follower.py:184 follower_right SOFollower read state: 2.5ms
DEBUG 2026-06-09 15:35:56 follower.py:191 follower_right SOFollower read wrist: 0.0ms
DEBUG 2026-06-09 15:35:56 follower.py:184 follower_left SOFollower read state: 2.5ms
DEBUG 2026-06-09 15:35:56 follower.py:191 follower_left SOFollower read wrist: 0.0ms
DEBUG 2026-06-09 15:35:56 t_client.py:198 Observation serialization time: 0.006544s
DEBUG 2026-06-09 15:35:56 ort/utils.py:54 [CLIENT] Observation Buffer size 4.395496368408203 MB with
DEBUG 2026-06-09 15:35:56 ort/utils.py:69 [CLIENT] Observation Sent 2097152/4609012 bytes with state 1
DEBUG 2026-06-09 15:35:56 ort/utils.py:69 [CLIENT] Observation Sent 4194304/4609012 bytes with state 2
DEBUG 2026-06-09 15:35:56 ort/utils.py:69 [CLIENT] Observation Sent 4609012/4609012 bytes with state 3
DEBUG 2026-06-09 15:35:56 ort/utils.py:71 [CLIENT] Observation Published 4.395496368408203 MB
DEBUG 2026-06-09 15:35:56 t_client.py:292 Received actions on device: cpu
DEBUG 2026-06-09 15:35:56 t_client.py:302 Actions kept on device: cpu
DEBUG 2026-06-09 15:35:56 t_client.py:209 Sent observation #213 | 
DEBUG 2026-06-09 15:35:56 t_client.py:434 QUEUE SIZE: 14 (Must go: False)
DEBUG 2026-06-09 15:35:56 t_client.py:477 Control loop (ms): 158.35
DEBUG 2026-06-09 15:35:56 t_client.py:477 Control loop (ms): 1.33
DEBUG 2026-06-09 15:35:56 t_client.py:477 Control loop (ms): 1.76
DEBUG 2026-06-09 15:35:56 t_client.py:477 Control loop (ms): 2.09
DEBUG 2026-06-09 15:35:56 t_client.py:292 Received actions on device: cpu
DEBUG 2026-06-09 15:35:56 t_client.py:302 Actions kept on device: cpu
DEBUG 2026-06-09 15:35:56 t_client.py:477 Control loop (ms): 2.18
DEBUG 2026-06-09 15:35:56 t_client.py:477 Control loop (ms): 1.81
DEBUG 2026-06-09 15:35:56 t_client.py:477 Control loop (ms): 2.08
DEBUG 2026-06-09 15:35:57 follower.py:184 follower_right SOFollower read state: 2.3ms
DEBUG 2026-06-09 15:35:57 follower.py:191 follower_right SOFollower read wrist: 0.1ms
DEBUG 2026-06-09 15:35:57 follower.py:184 follower_left SOFollower read state: 2.2ms
DEBUG 2026-06-09 15:35:57 follower.py:191 follower_left SOFollower read wrist: 0.0ms
DEBUG 2026-06-09 15:35:57 t_client.py:198 Observation serialization time: 0.007605s
DEBUG 2026-06-09 15:35:57 ort/utils.py:54 [CLIENT] Observation Buffer size 4.395496368408203 MB with
DEBUG 2026-06-09 15:35:57 ort/utils.py:69 [CLIENT] Observation Sent 2097152/4609012 bytes with state 1
DEBUG 2026-06-09 15:35:57 ort/utils.py:69 [CLIENT] Observation Sent 4194304/4609012 bytes with state 2
DEBUG 2026-06-09 15:35:57 ort/utils.py:69 [CLIENT] Observation Sent 4609012/4609012 bytes with state 3
DEBUG 2026-06-09 15:35:57 ort/utils.py:71 [CLIENT] Observation Published 4.395496368408203 MB
DEBUG 2026-06-09 15:35:57 t_client.py:209 Sent observation #220 | 
DEBUG 2026-06-09 15:35:57 t_client.py:434 QUEUE SIZE: 8 (Must go: False)
DEBUG 2026-06-09 15:35:57 t_client.py:477 Control loop (ms): 142.27
DEBUG 2026-06-09 15:35:57 follower.py:184 follower_right SOFollower read state: 1.9ms
DEBUG 2026-06-09 15:35:57 follower.py:191 follower_right SOFollower read wrist: 0.0ms
DEBUG 2026-06-09 15:35:57 follower.py:184 follower_left SOFollower read state: 2.2ms
DEBUG 2026-06-09 15:35:57 follower.py:191 follower_left SOFollower read wrist: 0.0ms
DEBUG 2026-06-09 15:35:57 t_client.py:198 Observation serialization time: 0.008515s
DEBUG 2026-06-09 15:35:57 ort/utils.py:54 [CLIENT] Observation Buffer size 4.395496368408203 MB with
DEBUG 2026-06-09 15:35:57 ort/utils.py:69 [CLIENT] Observation Sent 2097152/4609012 bytes with state 1
DEBUG 2026-06-09 15:35:57 ort/utils.py:69 [CLIENT] Observation Sent 4194304/4609012 bytes with state 2
DEBUG 2026-06-09 15:35:57 ort/utils.py:69 [CLIENT] Observation Sent 4609012/4609012 bytes with state 3
DEBUG 2026-06-09 15:35:57 ort/utils.py:71 [CLIENT] Observation Published 4.395496368408203 MB
DEBUG 2026-06-09 15:35:57 t_client.py:292 Received actions on device: cpu
DEBUG 2026-06-09 15:35:57 t_client.py:302 Actions kept on device: cpu
DEBUG 2026-06-09 15:35:57 t_client.py:209 Sent observation #221 | 
DEBUG 2026-06-09 15:35:57 t_client.py:434 QUEUE SIZE: 7 (Must go: False)
DEBUG 2026-06-09 15:35:57 t_client.py:477 Control loop (ms): 139.75
DEBUG 2026-06-09 15:35:57 t_client.py:477 Control loop (ms): 1.81
DEBUG 2026-06-09 15:35:57 t_client.py:477 Control loop (ms): 1.95
DEBUG 2026-06-09 15:35:57 t_client.py:477 Control loop (ms): 2.05
DEBUG 2026-06-09 15:35:57 t_client.py:292 Received actions on device: cpu
DEBUG 2026-06-09 15:35:57 t_client.py:302 Actions kept on device: cpu
DEBUG 2026-06-09 15:35:57 t_client.py:477 Control loop (ms): 1.19
DEBUG 2026-06-09 15:35:57 t_client.py:477 Control loop (ms): 1.91
DEBUG 2026-06-09 15:35:57 t_client.py:477 Control loop (ms): 1.53
DEBUG 2026-06-09 15:35:57 t_client.py:477 Control loop (ms): 2.47
DEBUG 2026-06-09 15:35:57 follower.py:184 follower_right SOFollower read state: 2.6ms
DEBUG 2026-06-09 15:35:57 follower.py:191 follower_right SOFollower read wrist: 0.0ms
DEBUG 2026-06-09 15:35:57 follower.py:184 follower_left SOFollower read state: 2.3ms
DEBUG 2026-06-09 15:35:57 follower.py:191 follower_left SOFollower read wrist: 0.0ms
DEBUG 2026-06-09 15:35:57 t_client.py:198 Observation serialization time: 0.008834s
DEBUG 2026-06-09 15:35:57 ort/utils.py:54 [CLIENT] Observation Buffer size 4.395496368408203 MB with
DEBUG 2026-06-09 15:35:57 ort/utils.py:69 [CLIENT] Observation Sent 2097152/4609012 bytes with state 1
DEBUG 2026-06-09 15:35:57 ort/utils.py:69 [CLIENT] Observation Sent 4194304/4609012 bytes with state 2
DEBUG 2026-06-09 15:35:57 ort/utils.py:69 [CLIENT] Observation Sent 4609012/4609012 bytes with state 3
DEBUG 2026-06-09 15:35:57 ort/utils.py:71 [CLIENT] Observation Published 4.395496368408203 MB
DEBUG 2026-06-09 15:35:57 t_client.py:209 Sent observation #228 | 
DEBUG 2026-06-09 15:35:57 t_client.py:434 QUEUE SIZE: 8 (Must go: False)
DEBUG 2026-06-09 15:35:57 t_client.py:477 Control loop (ms): 131.47
DEBUG 2026-06-09 15:35:57 follower.py:184 follower_right SOFollower read state: 1.8ms
DEBUG 2026-06-09 15:35:57 follower.py:191 follower_right SOFollower read wrist: 0.0ms
DEBUG 2026-06-09 15:35:57 follower.py:184 follower_left SOFollower read state: 1.8ms
DEBUG 2026-06-09 15:35:57 follower.py:191 follower_left SOFollower read wrist: 0.0ms
DEBUG 2026-06-09 15:35:57 t_client.py:198 Observation serialization time: 0.008032s
DEBUG 2026-06-09 15:35:57 ort/utils.py:54 [CLIENT] Observation Buffer size 4.395496368408203 MB with
DEBUG 2026-06-09 15:35:57 ort/utils.py:69 [CLIENT] Observation Sent 2097152/4609012 bytes with state 1
DEBUG 2026-06-09 15:35:57 ort/utils.py:69 [CLIENT] Observation Sent 4194304/4609012 bytes with state 2
DEBUG 2026-06-09 15:35:57 ort/utils.py:69 [CLIENT] Observation Sent 4609012/4609012 bytes with state 3
DEBUG 2026-06-09 15:35:57 ort/utils.py:71 [CLIENT] Observation Published 4.395496368408203 MB
DEBUG 2026-06-09 15:35:57 t_client.py:292 Received actions on device: cpu
DEBUG 2026-06-09 15:35:57 t_client.py:302 Actions kept on device: cpu
DEBUG 2026-06-09 15:35:57 t_client.py:209 Sent observation #229 | 
DEBUG 2026-06-09 15:35:57 t_client.py:434 QUEUE SIZE: 7 (Must go: False)
DEBUG 2026-06-09 15:35:57 t_client.py:477 Control loop (ms): 141.15
DEBUG 2026-06-09 15:35:57 t_client.py:477 Control loop (ms): 1.57
DEBUG 2026-06-09 15:35:57 t_client.py:477 Control loop (ms): 1.11
DEBUG 2026-06-09 15:35:57 t_client.py:477 Control loop (ms): 1.14
DEBUG 2026-06-09 15:35:57 t_client.py:292 Received actions on device: cpu
DEBUG 2026-06-09 15:35:57 t_client.py:302 Actions kept on device: cpu
DEBUG 2026-06-09 15:35:57 t_client.py:477 Control loop (ms): 0.91
DEBUG 2026-06-09 15:35:57 t_client.py:477 Control loop (ms): 0.95
DEBUG 2026-06-09 15:35:57 t_client.py:477 Control loop (ms): 1.01
DEBUG 2026-06-09 15:35:58 follower.py:184 follower_right SOFollower read state: 1.9ms
DEBUG 2026-06-09 15:35:58 follower.py:191 follower_right SOFollower read wrist: 0.0ms
DEBUG 2026-06-09 15:35:58 follower.py:184 follower_left SOFollower read state: 1.9ms
DEBUG 2026-06-09 15:35:58 follower.py:191 follower_left SOFollower read wrist: 0.0ms
DEBUG 2026-06-09 15:35:58 t_client.py:198 Observation serialization time: 0.011292s
DEBUG 2026-06-09 15:35:58 ort/utils.py:54 [CLIENT] Observation Buffer size 4.395496368408203 MB with
DEBUG 2026-06-09 15:35:58 ort/utils.py:69 [CLIENT] Observation Sent 2097152/4609012 bytes with state 1
DEBUG 2026-06-09 15:35:58 ort/utils.py:69 [CLIENT] Observation Sent 4194304/4609012 bytes with state 2
DEBUG 2026-06-09 15:35:58 ort/utils.py:69 [CLIENT] Observation Sent 4609012/4609012 bytes with state 3
DEBUG 2026-06-09 15:35:58 ort/utils.py:71 [CLIENT] Observation Published 4.395496368408203 MB
DEBUG 2026-06-09 15:35:58 t_client.py:209 Sent observation #236 | 
DEBUG 2026-06-09 15:35:58 t_client.py:434 QUEUE SIZE: 8 (Must go: False)
DEBUG 2026-06-09 15:35:58 t_client.py:477 Control loop (ms): 145.42
DEBUG 2026-06-09 15:35:58 follower.py:184 follower_right SOFollower read state: 2.6ms
DEBUG 2026-06-09 15:35:58 follower.py:191 follower_right SOFollower read wrist: 0.0ms
DEBUG 2026-06-09 15:35:58 follower.py:184 follower_left SOFollower read state: 2.2ms
DEBUG 2026-06-09 15:35:58 follower.py:191 follower_left SOFollower read wrist: 0.0ms
DEBUG 2026-06-09 15:35:58 t_client.py:198 Observation serialization time: 0.008973s
DEBUG 2026-06-09 15:35:58 ort/utils.py:54 [CLIENT] Observation Buffer size 4.395496368408203 MB with
DEBUG 2026-06-09 15:35:58 ort/utils.py:69 [CLIENT] Observation Sent 2097152/4609012 bytes with state 1
DEBUG 2026-06-09 15:35:58 ort/utils.py:69 [CLIENT] Observation Sent 4194304/4609012 bytes with state 2
DEBUG 2026-06-09 15:35:58 t_client.py:292 Received actions on device: cpu
DEBUG 2026-06-09 15:35:58 ort/utils.py:69 [CLIENT] Observation Sent 4609012/4609012 bytes with state 3
DEBUG 2026-06-09 15:35:58 t_client.py:302 Actions kept on device: cpu
DEBUG 2026-06-09 15:35:58 ort/utils.py:71 [CLIENT] Observation Published 4.395496368408203 MB
DEBUG 2026-06-09 15:35:58 t_client.py:209 Sent observation #237 | 
DEBUG 2026-06-09 15:35:58 t_client.py:434 QUEUE SIZE: 7 (Must go: False)
DEBUG 2026-06-09 15:35:58 t_client.py:477 Control loop (ms): 158.92
DEBUG 2026-06-09 15:35:58 t_client.py:477 Control loop (ms): 2.33
DEBUG 2026-06-09 15:35:58 t_client.py:477 Control loop (ms): 1.31
DEBUG 2026-06-09 15:35:58 t_client.py:477 Control loop (ms): 1.96
DEBUG 2026-06-09 15:35:58 t_client.py:292 Received actions on device: cpu
DEBUG 2026-06-09 15:35:58 t_client.py:302 Actions kept on device: cpu
DEBUG 2026-06-09 15:35:58 t_client.py:477 Control loop (ms): 1.81
DEBUG 2026-06-09 15:35:58 t_client.py:477 Control loop (ms): 2.19
DEBUG 2026-06-09 15:35:58 t_client.py:477 Control loop (ms): 1.89
DEBUG 2026-06-09 15:35:58 follower.py:184 follower_right SOFollower read state: 2.4ms
DEBUG 2026-06-09 15:35:58 follower.py:191 follower_right SOFollower read wrist: 0.0ms
DEBUG 2026-06-09 15:35:58 follower.py:184 follower_left SOFollower read state: 2.4ms
DEBUG 2026-06-09 15:35:58 follower.py:191 follower_left SOFollower read wrist: 0.0ms
DEBUG 2026-06-09 15:35:58 t_client.py:198 Observation serialization time: 0.010974s
DEBUG 2026-06-09 15:35:58 ort/utils.py:54 [CLIENT] Observation Buffer size 4.395496368408203 MB with
DEBUG 2026-06-09 15:35:58 ort/utils.py:69 [CLIENT] Observation Sent 2097152/4609012 bytes with state 1
DEBUG 2026-06-09 15:35:58 ort/utils.py:69 [CLIENT] Observation Sent 4194304/4609012 bytes with state 2
DEBUG 2026-06-09 15:35:58 ort/utils.py:69 [CLIENT] Observation Sent 4609012/4609012 bytes with state 3
DEBUG 2026-06-09 15:35:58 ort/utils.py:71 [CLIENT] Observation Published 4.395496368408203 MB
DEBUG 2026-06-09 15:35:58 t_client.py:209 Sent observation #244 | 
DEBUG 2026-06-09 15:35:58 t_client.py:434 QUEUE SIZE: 8 (Must go: False)
DEBUG 2026-06-09 15:35:58 t_client.py:477 Control loop (ms): 117.09
DEBUG 2026-06-09 15:35:58 follower.py:184 follower_right SOFollower read state: 2.0ms
DEBUG 2026-06-09 15:35:58 follower.py:191 follower_right SOFollower read wrist: 0.0ms
DEBUG 2026-06-09 15:35:58 follower.py:184 follower_left SOFollower read state: 1.8ms
DEBUG 2026-06-09 15:35:58 follower.py:191 follower_left SOFollower read wrist: 0.0ms
DEBUG 2026-06-09 15:35:58 t_client.py:198 Observation serialization time: 0.003754s
DEBUG 2026-06-09 15:35:58 ort/utils.py:54 [CLIENT] Observation Buffer size 4.395496368408203 MB with
DEBUG 2026-06-09 15:35:58 ort/utils.py:69 [CLIENT] Observation Sent 2097152/4609012 bytes with state 1
DEBUG 2026-06-09 15:35:58 ort/utils.py:69 [CLIENT] Observation Sent 4194304/4609012 bytes with state 2
DEBUG 2026-06-09 15:35:58 ort/utils.py:69 [CLIENT] Observation Sent 4609012/4609012 bytes with state 3
DEBUG 2026-06-09 15:35:58 ort/utils.py:71 [CLIENT] Observation Published 4.395496368408203 MB
DEBUG 2026-06-09 15:35:58 t_client.py:292 Received actions on device: cpu
DEBUG 2026-06-09 15:35:58 t_client.py:302 Actions kept on device: cpu
DEBUG 2026-06-09 15:35:58 t_client.py:209 Sent observation #245 | 
DEBUG 2026-06-09 15:35:58 t_client.py:434 QUEUE SIZE: 7 (Must go: False)
DEBUG 2026-06-09 15:35:58 t_client.py:477 Control loop (ms): 101.84
DEBUG 2026-06-09 15:35:58 t_client.py:477 Control loop (ms): 0.80
DEBUG 2026-06-09 15:35:58 t_client.py:477 Control loop (ms): 1.54
DEBUG 2026-06-09 15:35:58 t_client.py:477 Control loop (ms): 1.55
DEBUG 2026-06-09 15:35:58 t_client.py:292 Received actions on device: cpu
DEBUG 2026-06-09 15:35:58 t_client.py:302 Actions kept on device: cpu
DEBUG 2026-06-09 15:35:58 t_client.py:477 Control loop (ms): 1.94
DEBUG 2026-06-09 15:35:58 t_client.py:477 Control loop (ms): 1.93
DEBUG 2026-06-09 15:35:58 t_client.py:477 Control loop (ms): 2.05
DEBUG 2026-06-09 15:35:58 follower.py:184 follower_right SOFollower read state: 2.2ms
DEBUG 2026-06-09 15:35:58 follower.py:191 follower_right SOFollower read wrist: 0.0ms
DEBUG 2026-06-09 15:35:58 follower.py:184 follower_left SOFollower read state: 2.1ms
DEBUG 2026-06-09 15:35:58 follower.py:191 follower_left SOFollower read wrist: 0.0ms
DEBUG 2026-06-09 15:35:58 t_client.py:198 Observation serialization time: 0.009538s
DEBUG 2026-06-09 15:35:58 ort/utils.py:54 [CLIENT] Observation Buffer size 4.395496368408203 MB with
DEBUG 2026-06-09 15:35:58 ort/utils.py:69 [CLIENT] Observation Sent 2097152/4609012 bytes with state 1
DEBUG 2026-06-09 15:35:59 ort/utils.py:69 [CLIENT] Observation Sent 4194304/4609012 bytes with state 2
DEBUG 2026-06-09 15:35:59 ort/utils.py:69 [CLIENT] Observation Sent 4609012/4609012 bytes with state 3
DEBUG 2026-06-09 15:35:59 ort/utils.py:71 [CLIENT] Observation Published 4.395496368408203 MB
DEBUG 2026-06-09 15:35:59 t_client.py:209 Sent observation #252 | 
DEBUG 2026-06-09 15:35:59 t_client.py:434 QUEUE SIZE: 8 (Must go: False)
DEBUG 2026-06-09 15:35:59 t_client.py:477 Control loop (ms): 107.27
DEBUG 2026-06-09 15:35:59 follower.py:184 follower_right SOFollower read state: 1.9ms
DEBUG 2026-06-09 15:35:59 follower.py:191 follower_right SOFollower read wrist: 0.0ms
DEBUG 2026-06-09 15:35:59 follower.py:184 follower_left SOFollower read state: 1.7ms
DEBUG 2026-06-09 15:35:59 follower.py:191 follower_left SOFollower read wrist: 0.0ms
DEBUG 2026-06-09 15:35:59 t_client.py:198 Observation serialization time: 0.007778s
DEBUG 2026-06-09 15:35:59 ort/utils.py:54 [CLIENT] Observation Buffer size 4.395496368408203 MB with
DEBUG 2026-06-09 15:35:59 ort/utils.py:69 [CLIENT] Observation Sent 2097152/4609012 bytes with state 1
DEBUG 2026-06-09 15:35:59 ort/utils.py:69 [CLIENT] Observation Sent 4194304/4609012 bytes with state 2
DEBUG 2026-06-09 15:35:59 ort/utils.py:69 [CLIENT] Observation Sent 4609012/4609012 bytes with state 3
DEBUG 2026-06-09 15:35:59 ort/utils.py:71 [CLIENT] Observation Published 4.395496368408203 MB
DEBUG 2026-06-09 15:35:59 t_client.py:292 Received actions on device: cpu
DEBUG 2026-06-09 15:35:59 t_client.py:302 Actions kept on device: cpu
DEBUG 2026-06-09 15:35:59 t_client.py:209 Sent observation #253 | 
DEBUG 2026-06-09 15:35:59 t_client.py:434 QUEUE SIZE: 7 (Must go: False)
DEBUG 2026-06-09 15:35:59 t_client.py:477 Control loop (ms): 108.15
DEBUG 2026-06-09 15:35:59 t_client.py:477 Control loop (ms): 1.23
DEBUG 2026-06-09 15:35:59 t_client.py:477 Control loop (ms): 2.09
DEBUG 2026-06-09 15:35:59 t_client.py:477 Control loop (ms): 1.80
DEBUG 2026-06-09 15:35:59 t_client.py:292 Received actions on device: cpu
DEBUG 2026-06-09 15:35:59 t_client.py:302 Actions kept on device: cpu
DEBUG 2026-06-09 15:35:59 t_client.py:477 Control loop (ms): 1.88
DEBUG 2026-06-09 15:35:59 t_client.py:477 Control loop (ms): 1.71
DEBUG 2026-06-09 15:35:59 t_client.py:477 Control loop (ms): 1.77
DEBUG 2026-06-09 15:35:59 follower.py:184 follower_right SOFollower read state: 2.0ms
DEBUG 2026-06-09 15:35:59 follower.py:191 follower_right SOFollower read wrist: 0.0ms
DEBUG 2026-06-09 15:35:59 follower.py:184 follower_left SOFollower read state: 1.8ms
DEBUG 2026-06-09 15:35:59 follower.py:191 follower_left SOFollower read wrist: 0.0ms
DEBUG 2026-06-09 15:35:59 t_client.py:198 Observation serialization time: 0.003986s
DEBUG 2026-06-09 15:35:59 ort/utils.py:54 [CLIENT] Observation Buffer size 4.3954973220825195 MB with
DEBUG 2026-06-09 15:35:59 ort/utils.py:69 [CLIENT] Observation Sent 2097152/4609013 bytes with state 1
DEBUG 2026-06-09 15:35:59 ort/utils.py:69 [CLIENT] Observation Sent 4194304/4609013 bytes with state 2
DEBUG 2026-06-09 15:35:59 ort/utils.py:69 [CLIENT] Observation Sent 4609013/4609013 bytes with state 3
DEBUG 2026-06-09 15:35:59 ort/utils.py:71 [CLIENT] Observation Published 4.3954973220825195 MB
DEBUG 2026-06-09 15:35:59 t_client.py:209 Sent observation #260 | 
DEBUG 2026-06-09 15:35:59 t_client.py:434 QUEUE SIZE: 8 (Must go: False)
DEBUG 2026-06-09 15:35:59 t_client.py:477 Control loop (ms): 111.65
DEBUG 2026-06-09 15:35:59 follower.py:184 follower_right SOFollower read state: 2.4ms
DEBUG 2026-06-09 15:35:59 follower.py:191 follower_right SOFollower read wrist: 0.0ms
DEBUG 2026-06-09 15:35:59 follower.py:184 follower_left SOFollower read state: 2.7ms
DEBUG 2026-06-09 15:35:59 follower.py:191 follower_left SOFollower read wrist: 0.1ms
DEBUG 2026-06-09 15:35:59 t_client.py:198 Observation serialization time: 0.013135s
DEBUG 2026-06-09 15:35:59 ort/utils.py:54 [CLIENT] Observation Buffer size 4.3954973220825195 MB with
DEBUG 2026-06-09 15:35:59 ort/utils.py:69 [CLIENT] Observation Sent 2097152/4609013 bytes with state 1
DEBUG 2026-06-09 15:35:59 ort/utils.py:69 [CLIENT] Observation Sent 4194304/4609013 bytes with state 2
DEBUG 2026-06-09 15:35:59 ort/utils.py:69 [CLIENT] Observation Sent 4609013/4609013 bytes with state 3
DEBUG 2026-06-09 15:35:59 ort/utils.py:71 [CLIENT] Observation Published 4.3954973220825195 MB
DEBUG 2026-06-09 15:35:59 t_client.py:292 Received actions on device: cpu
DEBUG 2026-06-09 15:35:59 t_client.py:302 Actions kept on device: cpu
DEBUG 2026-06-09 15:35:59 t_client.py:209 Sent observation #261 | 
DEBUG 2026-06-09 15:35:59 t_client.py:434 QUEUE SIZE: 7 (Must go: False)
DEBUG 2026-06-09 15:35:59 t_client.py:477 Control loop (ms): 129.23
DEBUG 2026-06-09 15:35:59 t_client.py:477 Control loop (ms): 1.27
DEBUG 2026-06-09 15:35:59 t_client.py:477 Control loop (ms): 1.63
DEBUG 2026-06-09 15:35:59 t_client.py:477 Control loop (ms): 2.29
DEBUG 2026-06-09 15:35:59 t_client.py:292 Received actions on device: cpu
DEBUG 2026-06-09 15:35:59 t_client.py:302 Actions kept on device: cpu
DEBUG 2026-06-09 15:35:59 t_client.py:477 Control loop (ms): 1.98
DEBUG 2026-06-09 15:35:59 t_client.py:477 Control loop (ms): 1.86
DEBUG 2026-06-09 15:35:59 t_client.py:477 Control loop (ms): 1.84
DEBUG 2026-06-09 15:35:59 follower.py:184 follower_right SOFollower read state: 2.3ms
DEBUG 2026-06-09 15:35:59 follower.py:191 follower_right SOFollower read wrist: 0.1ms
DEBUG 2026-06-09 15:35:59 follower.py:184 follower_left SOFollower read state: 2.3ms
DEBUG 2026-06-09 15:35:59 follower.py:191 follower_left SOFollower read wrist: 0.0ms
DEBUG 2026-06-09 15:35:59 t_client.py:198 Observation serialization time: 0.010796s
DEBUG 2026-06-09 15:35:59 ort/utils.py:54 [CLIENT] Observation Buffer size 4.3954973220825195 MB with
DEBUG 2026-06-09 15:35:59 ort/utils.py:69 [CLIENT] Observation Sent 2097152/4609013 bytes with state 1
DEBUG 2026-06-09 15:35:59 ort/utils.py:69 [CLIENT] Observation Sent 4194304/4609013 bytes with state 2
DEBUG 2026-06-09 15:35:59 ort/utils.py:69 [CLIENT] Observation Sent 4609013/4609013 bytes with state 3
DEBUG 2026-06-09 15:35:59 ort/utils.py:71 [CLIENT] Observation Published 4.3954973220825195 MB
DEBUG 2026-06-09 15:35:59 t_client.py:209 Sent observation #268 | 
DEBUG 2026-06-09 15:35:59 t_client.py:434 QUEUE SIZE: 8 (Must go: False)
DEBUG 2026-06-09 15:35:59 t_client.py:477 Control loop (ms): 131.95
DEBUG 2026-06-09 15:35:59 follower.py:184 follower_right SOFollower read state: 1.6ms
DEBUG 2026-06-09 15:35:59 follower.py:191 follower_right SOFollower read wrist: 0.0ms
DEBUG 2026-06-09 15:35:59 follower.py:184 follower_left SOFollower read state: 1.6ms
DEBUG 2026-06-09 15:35:59 follower.py:191 follower_left SOFollower read wrist: 0.0ms
DEBUG 2026-06-09 15:35:59 t_client.py:198 Observation serialization time: 0.004705s
DEBUG 2026-06-09 15:35:59 ort/utils.py:54 [CLIENT] Observation Buffer size 4.3954973220825195 MB with
DEBUG 2026-06-09 15:35:59 ort/utils.py:69 [CLIENT] Observation Sent 2097152/4609013 bytes with state 1
DEBUG 2026-06-09 15:36:00 ort/utils.py:69 [CLIENT] Observation Sent 4194304/4609013 bytes with state 2
DEBUG 2026-06-09 15:36:00 ort/utils.py:69 [CLIENT] Observation Sent 4609013/4609013 bytes with state 3
DEBUG 2026-06-09 15:36:00 ort/utils.py:71 [CLIENT] Observation Published 4.3954973220825195 MB
DEBUG 2026-06-09 15:36:00 t_client.py:292 Received actions on device: cpu
DEBUG 2026-06-09 15:36:00 t_client.py:302 Actions kept on device: cpu
DEBUG 2026-06-09 15:36:00 t_client.py:209 Sent observation #269 | 
DEBUG 2026-06-09 15:36:00 t_client.py:434 QUEUE SIZE: 7 (Must go: False)
DEBUG 2026-06-09 15:36:00 t_client.py:477 Control loop (ms): 119.36
DEBUG 2026-06-09 15:36:00 t_client.py:477 Control loop (ms): 1.44
DEBUG 2026-06-09 15:36:00 t_client.py:477 Control loop (ms): 1.40
DEBUG 2026-06-09 15:36:00 t_client.py:477 Control loop (ms): 2.00
DEBUG 2026-06-09 15:36:00 t_client.py:292 Received actions on device: cpu
DEBUG 2026-06-09 15:36:00 t_client.py:302 Actions kept on device: cpu
DEBUG 2026-06-09 15:36:00 t_client.py:477 Control loop (ms): 1.47
DEBUG 2026-06-09 15:36:00 t_client.py:477 Control loop (ms): 1.86
DEBUG 2026-06-09 15:36:00 t_client.py:477 Control loop (ms): 2.11
DEBUG 2026-06-09 15:36:00 follower.py:184 follower_right SOFollower read state: 2.5ms
DEBUG 2026-06-09 15:36:00 follower.py:191 follower_right SOFollower read wrist: 0.0ms
DEBUG 2026-06-09 15:36:00 follower.py:184 follower_left SOFollower read state: 2.3ms
DEBUG 2026-06-09 15:36:00 follower.py:191 follower_left SOFollower read wrist: 0.0ms
DEBUG 2026-06-09 15:36:00 t_client.py:198 Observation serialization time: 0.009768s
DEBUG 2026-06-09 15:36:00 ort/utils.py:54 [CLIENT] Observation Buffer size 4.3954973220825195 MB with
DEBUG 2026-06-09 15:36:00 ort/utils.py:69 [CLIENT] Observation Sent 2097152/4609013 bytes with state 1
DEBUG 2026-06-09 15:36:00 ort/utils.py:69 [CLIENT] Observation Sent 4194304/4609013 bytes with state 2
DEBUG 2026-06-09 15:36:00 ort/utils.py:69 [CLIENT] Observation Sent 4609013/4609013 bytes with state 3
DEBUG 2026-06-09 15:36:00 ort/utils.py:71 [CLIENT] Observation Published 4.3954973220825195 MB
DEBUG 2026-06-09 15:36:00 t_client.py:209 Sent observation #276 | 
DEBUG 2026-06-09 15:36:00 t_client.py:434 QUEUE SIZE: 8 (Must go: False)
DEBUG 2026-06-09 15:36:00 t_client.py:477 Control loop (ms): 118.86
DEBUG 2026-06-09 15:36:00 follower.py:184 follower_right SOFollower read state: 1.7ms
DEBUG 2026-06-09 15:36:00 follower.py:191 follower_right SOFollower read wrist: 0.0ms
DEBUG 2026-06-09 15:36:00 follower.py:184 follower_left SOFollower read state: 1.8ms
DEBUG 2026-06-09 15:36:00 follower.py:191 follower_left SOFollower read wrist: 0.0ms
DEBUG 2026-06-09 15:36:00 t_client.py:198 Observation serialization time: 0.007845s
DEBUG 2026-06-09 15:36:00 ort/utils.py:54 [CLIENT] Observation Buffer size 4.3954973220825195 MB with
DEBUG 2026-06-09 15:36:00 ort/utils.py:69 [CLIENT] Observation Sent 2097152/4609013 bytes with state 1
DEBUG 2026-06-09 15:36:00 ort/utils.py:69 [CLIENT] Observation Sent 4194304/4609013 bytes with state 2
DEBUG 2026-06-09 15:36:00 ort/utils.py:69 [CLIENT] Observation Sent 4609013/4609013 bytes with state 3
DEBUG 2026-06-09 15:36:00 ort/utils.py:71 [CLIENT] Observation Published 4.3954973220825195 MB
DEBUG 2026-06-09 15:36:00 t_client.py:292 Received actions on device: cpu
DEBUG 2026-06-09 15:36:00 t_client.py:302 Actions kept on device: cpu
DEBUG 2026-06-09 15:36:00 t_client.py:209 Sent observation #277 | 
DEBUG 2026-06-09 15:36:00 t_client.py:434 QUEUE SIZE: 7 (Must go: False)
DEBUG 2026-06-09 15:36:00 t_client.py:477 Control loop (ms): 140.34
DEBUG 2026-06-09 15:36:00 t_client.py:477 Control loop (ms): 1.43
DEBUG 2026-06-09 15:36:00 t_client.py:477 Control loop (ms): 1.86
DEBUG 2026-06-09 15:36:00 t_client.py:477 Control loop (ms): 1.73
DEBUG 2026-06-09 15:36:00 t_client.py:292 Received actions on device: cpu
DEBUG 2026-06-09 15:36:00 t_client.py:302 Actions kept on device: cpu
DEBUG 2026-06-09 15:36:00 t_client.py:477 Control loop (ms): 2.24
DEBUG 2026-06-09 15:36:00 t_client.py:477 Control loop (ms): 1.49
DEBUG 2026-06-09 15:36:00 t_client.py:477 Control loop (ms): 1.43
DEBUG 2026-06-09 15:36:00 follower.py:184 follower_right SOFollower read state: 2.1ms
DEBUG 2026-06-09 15:36:00 follower.py:191 follower_right SOFollower read wrist: 0.0ms
DEBUG 2026-06-09 15:36:00 follower.py:184 follower_left SOFollower read state: 1.8ms
DEBUG 2026-06-09 15:36:00 follower.py:191 follower_left SOFollower read wrist: 0.0ms
DEBUG 2026-06-09 15:36:00 t_client.py:198 Observation serialization time: 0.007386s
DEBUG 2026-06-09 15:36:00 ort/utils.py:54 [CLIENT] Observation Buffer size 4.3954973220825195 MB with
DEBUG 2026-06-09 15:36:00 ort/utils.py:69 [CLIENT] Observation Sent 2097152/4609013 bytes with state 1
DEBUG 2026-06-09 15:36:00 ort/utils.py:69 [CLIENT] Observation Sent 4194304/4609013 bytes with state 2
DEBUG 2026-06-09 15:36:00 ort/utils.py:69 [CLIENT] Observation Sent 4609013/4609013 bytes with state 3
DEBUG 2026-06-09 15:36:00 ort/utils.py:71 [CLIENT] Observation Published 4.3954973220825195 MB
DEBUG 2026-06-09 15:36:00 t_client.py:209 Sent observation #284 | 
DEBUG 2026-06-09 15:36:00 t_client.py:434 QUEUE SIZE: 8 (Must go: False)
DEBUG 2026-06-09 15:36:00 t_client.py:477 Control loop (ms): 108.28
DEBUG 2026-06-09 15:36:00 follower.py:184 follower_right SOFollower read state: 1.7ms
DEBUG 2026-06-09 15:36:00 follower.py:191 follower_right SOFollower read wrist: 0.0ms
DEBUG 2026-06-09 15:36:00 follower.py:184 follower_left SOFollower read state: 1.6ms
DEBUG 2026-06-09 15:36:00 follower.py:191 follower_left SOFollower read wrist: 0.0ms
DEBUG 2026-06-09 15:36:00 t_client.py:198 Observation serialization time: 0.007079s
DEBUG 2026-06-09 15:36:00 ort/utils.py:54 [CLIENT] Observation Buffer size 4.3954973220825195 MB with
DEBUG 2026-06-09 15:36:00 ort/utils.py:69 [CLIENT] Observation Sent 2097152/4609013 bytes with state 1
DEBUG 2026-06-09 15:36:00 ort/utils.py:69 [CLIENT] Observation Sent 4194304/4609013 bytes with state 2
DEBUG 2026-06-09 15:36:00 ort/utils.py:69 [CLIENT] Observation Sent 4609013/4609013 bytes with state 3
DEBUG 2026-06-09 15:36:00 ort/utils.py:71 [CLIENT] Observation Published 4.3954973220825195 MB
DEBUG 2026-06-09 15:36:00 t_client.py:209 Sent observation #285 | 
DEBUG 2026-06-09 15:36:00 t_client.py:434 QUEUE SIZE: 7 (Must go: False)
DEBUG 2026-06-09 15:36:00 t_client.py:477 Control loop (ms): 103.69
DEBUG 2026-06-09 15:36:00 follower.py:184 follower_right SOFollower read state: 2.7ms
DEBUG 2026-06-09 15:36:00 follower.py:191 follower_right SOFollower read wrist: 0.0ms
DEBUG 2026-06-09 15:36:00 follower.py:184 follower_left SOFollower read state: 1.7ms
DEBUG 2026-06-09 15:36:00 follower.py:191 follower_left SOFollower read wrist: 0.0ms
DEBUG 2026-06-09 15:36:00 t_client.py:198 Observation serialization time: 0.008926s
DEBUG 2026-06-09 15:36:00 t_client.py:292 Received actions on device: cpu
DEBUG 2026-06-09 15:36:00 t_client.py:302 Actions kept on device: cpu
DEBUG 2026-06-09 15:36:00 ort/utils.py:54 [CLIENT] Observation Buffer size 4.3954973220825195 MB with
DEBUG 2026-06-09 15:36:00 ort/utils.py:69 [CLIENT] Observation Sent 2097152/4609013 bytes with state 1
DEBUG 2026-06-09 15:36:00 ort/utils.py:69 [CLIENT] Observation Sent 4194304/4609013 bytes with state 2
DEBUG 2026-06-09 15:36:01 ort/utils.py:69 [CLIENT] Observation Sent 4609013/4609013 bytes with state 3
DEBUG 2026-06-09 15:36:01 ort/utils.py:71 [CLIENT] Observation Published 4.3954973220825195 MB
DEBUG 2026-06-09 15:36:01 t_client.py:209 Sent observation #286 | 
DEBUG 2026-06-09 15:36:01 t_client.py:434 QUEUE SIZE: 6 (Must go: False)
DEBUG 2026-06-09 15:36:01 t_client.py:477 Control loop (ms): 137.74
DEBUG 2026-06-09 15:36:01 t_client.py:477 Control loop (ms): 1.31
DEBUG 2026-06-09 15:36:01 t_client.py:292 Received actions on device: cpu
DEBUG 2026-06-09 15:36:01 t_client.py:302 Actions kept on device: cpu
DEBUG 2026-06-09 15:36:01 t_client.py:477 Control loop (ms): 1.09
DEBUG 2026-06-09 15:36:01 t_client.py:477 Control loop (ms): 2.02
DEBUG 2026-06-09 15:36:01 t_client.py:477 Control loop (ms): 2.15
DEBUG 2026-06-09 15:36:01 t_client.py:292 Received actions on device: cpu
DEBUG 2026-06-09 15:36:01 t_client.py:302 Actions kept on device: cpu
DEBUG 2026-06-09 15:36:01 t_client.py:477 Control loop (ms): 1.43
DEBUG 2026-06-09 15:36:01 t_client.py:477 Control loop (ms): 3.02
DEBUG 2026-06-09 15:36:01 follower.py:184 follower_right SOFollower read state: 2.0ms
DEBUG 2026-06-09 15:36:01 follower.py:191 follower_right SOFollower read wrist: 0.0ms
DEBUG 2026-06-09 15:36:01 follower.py:184 follower_left SOFollower read state: 2.6ms
DEBUG 2026-06-09 15:36:01 follower.py:191 follower_left SOFollower read wrist: 0.0ms
DEBUG 2026-06-09 15:36:01 t_client.py:198 Observation serialization time: 0.010433s
DEBUG 2026-06-09 15:36:01 ort/utils.py:54 [CLIENT] Observation Buffer size 4.3954973220825195 MB with
DEBUG 2026-06-09 15:36:01 ort/utils.py:69 [CLIENT] Observation Sent 2097152/4609013 bytes with state 1
DEBUG 2026-06-09 15:36:01 ort/utils.py:69 [CLIENT] Observation Sent 4194304/4609013 bytes with state 2
DEBUG 2026-06-09 15:36:01 ort/utils.py:69 [CLIENT] Observation Sent 4609013/4609013 bytes with state 3
DEBUG 2026-06-09 15:36:01 ort/utils.py:71 [CLIENT] Observation Published 4.3954973220825195 MB
DEBUG 2026-06-09 15:36:01 t_client.py:209 Sent observation #293 | 
DEBUG 2026-06-09 15:36:01 t_client.py:434 QUEUE SIZE: 8 (Must go: False)
DEBUG 2026-06-09 15:36:01 t_client.py:477 Control loop (ms): 120.18
DEBUG 2026-06-09 15:36:01 follower.py:184 follower_right SOFollower read state: 2.1ms
DEBUG 2026-06-09 15:36:01 follower.py:191 follower_right SOFollower read wrist: 0.0ms
DEBUG 2026-06-09 15:36:01 follower.py:184 follower_left SOFollower read state: 2.0ms
DEBUG 2026-06-09 15:36:01 follower.py:191 follower_left SOFollower read wrist: 0.0ms
DEBUG 2026-06-09 15:36:01 t_client.py:198 Observation serialization time: 0.005938s
DEBUG 2026-06-09 15:36:01 ort/utils.py:54 [CLIENT] Observation Buffer size 4.3954973220825195 MB with
DEBUG 2026-06-09 15:36:01 ort/utils.py:69 [CLIENT] Observation Sent 2097152/4609013 bytes with state 1
DEBUG 2026-06-09 15:36:01 ort/utils.py:69 [CLIENT] Observation Sent 4194304/4609013 bytes with state 2
DEBUG 2026-06-09 15:36:01 ort/utils.py:69 [CLIENT] Observation Sent 4609013/4609013 bytes with state 3
DEBUG 2026-06-09 15:36:01 ort/utils.py:71 [CLIENT] Observation Published 4.3954973220825195 MB
DEBUG 2026-06-09 15:36:01 t_client.py:292 Received actions on device: cpu
DEBUG 2026-06-09 15:36:01 t_client.py:302 Actions kept on device: cpu
DEBUG 2026-06-09 15:36:01 t_client.py:209 Sent observation #294 | 
DEBUG 2026-06-09 15:36:01 t_client.py:434 QUEUE SIZE: 7 (Must go: False)
DEBUG 2026-06-09 15:36:01 t_client.py:477 Control loop (ms): 119.65
DEBUG 2026-06-09 15:36:01 t_client.py:477 Control loop (ms): 2.00
DEBUG 2026-06-09 15:36:01 t_client.py:477 Control loop (ms): 2.37
DEBUG 2026-06-09 15:36:01 t_client.py:477 Control loop (ms): 1.94
DEBUG 2026-06-09 15:36:01 t_client.py:292 Received actions on device: cpu
DEBUG 2026-06-09 15:36:01 t_client.py:302 Actions kept on device: cpu
DEBUG 2026-06-09 15:36:01 t_client.py:477 Control loop (ms): 1.46
DEBUG 2026-06-09 15:36:01 t_client.py:477 Control loop (ms): 1.39
DEBUG 2026-06-09 15:36:01 t_client.py:477 Control loop (ms): 1.44
DEBUG 2026-06-09 15:36:01 follower.py:184 follower_right SOFollower read state: 2.0ms
DEBUG 2026-06-09 15:36:01 follower.py:191 follower_right SOFollower read wrist: 0.0ms
DEBUG 2026-06-09 15:36:01 follower.py:184 follower_left SOFollower read state: 1.8ms
DEBUG 2026-06-09 15:36:01 follower.py:191 follower_left SOFollower read wrist: 0.0ms
DEBUG 2026-06-09 15:36:01 t_client.py:198 Observation serialization time: 0.006550s
DEBUG 2026-06-09 15:36:01 ort/utils.py:54 [CLIENT] Observation Buffer size 4.3954973220825195 MB with
DEBUG 2026-06-09 15:36:01 ort/utils.py:69 [CLIENT] Observation Sent 2097152/4609013 bytes with state 1
DEBUG 2026-06-09 15:36:01 ort/utils.py:69 [CLIENT] Observation Sent 4194304/4609013 bytes with state 2
DEBUG 2026-06-09 15:36:01 ort/utils.py:69 [CLIENT] Observation Sent 4609013/4609013 bytes with state 3
DEBUG 2026-06-09 15:36:01 ort/utils.py:71 [CLIENT] Observation Published 4.3954973220825195 MB
DEBUG 2026-06-09 15:36:01 t_client.py:209 Sent observation #301 | 
DEBUG 2026-06-09 15:36:01 t_client.py:434 QUEUE SIZE: 8 (Must go: False)
DEBUG 2026-06-09 15:36:01 t_client.py:477 Control loop (ms): 115.15
DEBUG 2026-06-09 15:36:01 follower.py:184 follower_right SOFollower read state: 1.6ms
DEBUG 2026-06-09 15:36:01 follower.py:191 follower_right SOFollower read wrist: 0.0ms
DEBUG 2026-06-09 15:36:01 follower.py:184 follower_left SOFollower read state: 1.6ms
DEBUG 2026-06-09 15:36:01 follower.py:191 follower_left SOFollower read wrist: 0.0ms
DEBUG 2026-06-09 15:36:01 t_client.py:198 Observation serialization time: 0.006313s
DEBUG 2026-06-09 15:36:01 ort/utils.py:54 [CLIENT] Observation Buffer size 4.3954973220825195 MB with
DEBUG 2026-06-09 15:36:01 ort/utils.py:69 [CLIENT] Observation Sent 2097152/4609013 bytes with state 1
DEBUG 2026-06-09 15:36:01 ort/utils.py:69 [CLIENT] Observation Sent 4194304/4609013 bytes with state 2
DEBUG 2026-06-09 15:36:01 ort/utils.py:69 [CLIENT] Observation Sent 4609013/4609013 bytes with state 3
DEBUG 2026-06-09 15:36:01 ort/utils.py:71 [CLIENT] Observation Published 4.3954973220825195 MB
DEBUG 2026-06-09 15:36:01 t_client.py:292 Received actions on device: cpu
DEBUG 2026-06-09 15:36:01 t_client.py:302 Actions kept on device: cpu
DEBUG 2026-06-09 15:36:01 t_client.py:209 Sent observation #302 | 
DEBUG 2026-06-09 15:36:01 t_client.py:434 QUEUE SIZE: 7 (Must go: False)
DEBUG 2026-06-09 15:36:01 t_client.py:477 Control loop (ms): 112.83
DEBUG 2026-06-09 15:36:01 t_client.py:477 Control loop (ms): 3.31
DEBUG 2026-06-09 15:36:01 t_client.py:477 Control loop (ms): 2.91
DEBUG 2026-06-09 15:36:02 t_client.py:477 Control loop (ms): 2.28
DEBUG 2026-06-09 15:36:02 t_client.py:292 Received actions on device: cpu
DEBUG 2026-06-09 15:36:02 t_client.py:302 Actions kept on device: cpu
DEBUG 2026-06-09 15:36:02 t_client.py:477 Control loop (ms): 2.92
DEBUG 2026-06-09 15:36:02 t_client.py:477 Control loop (ms): 1.90
DEBUG 2026-06-09 15:36:02 t_client.py:477 Control loop (ms): 1.83
DEBUG 2026-06-09 15:36:02 follower.py:184 follower_right SOFollower read state: 2.2ms
DEBUG 2026-06-09 15:36:02 follower.py:191 follower_right SOFollower read wrist: 0.0ms
DEBUG 2026-06-09 15:36:02 follower.py:184 follower_left SOFollower read state: 2.3ms
DEBUG 2026-06-09 15:36:02 follower.py:191 follower_left SOFollower read wrist: 0.0ms
DEBUG 2026-06-09 15:36:02 t_client.py:198 Observation serialization time: 0.006561s
DEBUG 2026-06-09 15:36:02 ort/utils.py:54 [CLIENT] Observation Buffer size 4.3954973220825195 MB with
DEBUG 2026-06-09 15:36:02 ort/utils.py:69 [CLIENT] Observation Sent 2097152/4609013 bytes with state 1
DEBUG 2026-06-09 15:36:02 ort/utils.py:69 [CLIENT] Observation Sent 4194304/4609013 bytes with state 2
DEBUG 2026-06-09 15:36:02 ort/utils.py:69 [CLIENT] Observation Sent 4609013/4609013 bytes with state 3
DEBUG 2026-06-09 15:36:02 ort/utils.py:71 [CLIENT] Observation Published 4.3954973220825195 MB
DEBUG 2026-06-09 15:36:02 t_client.py:209 Sent observation #309 | 
DEBUG 2026-06-09 15:36:02 t_client.py:434 QUEUE SIZE: 8 (Must go: False)
DEBUG 2026-06-09 15:36:02 t_client.py:477 Control loop (ms): 148.22
DEBUG 2026-06-09 15:36:02 follower.py:184 follower_right SOFollower read state: 2.3ms
DEBUG 2026-06-09 15:36:02 follower.py:191 follower_right SOFollower read wrist: 0.0ms
DEBUG 2026-06-09 15:36:02 follower.py:184 follower_left SOFollower read state: 2.2ms
DEBUG 2026-06-09 15:36:02 follower.py:191 follower_left SOFollower read wrist: 0.0ms
DEBUG 2026-06-09 15:36:02 t_client.py:198 Observation serialization time: 0.008527s
DEBUG 2026-06-09 15:36:02 ort/utils.py:54 [CLIENT] Observation Buffer size 4.3954973220825195 MB with
DEBUG 2026-06-09 15:36:02 ort/utils.py:69 [CLIENT] Observation Sent 2097152/4609013 bytes with state 1
DEBUG 2026-06-09 15:36:02 ort/utils.py:69 [CLIENT] Observation Sent 4194304/4609013 bytes with state 2
DEBUG 2026-06-09 15:36:02 ort/utils.py:69 [CLIENT] Observation Sent 4609013/4609013 bytes with state 3
DEBUG 2026-06-09 15:36:02 ort/utils.py:71 [CLIENT] Observation Published 4.3954973220825195 MB
DEBUG 2026-06-09 15:36:02 t_client.py:292 Received actions on device: cpu
DEBUG 2026-06-09 15:36:02 t_client.py:302 Actions kept on device: cpu
DEBUG 2026-06-09 15:36:02 t_client.py:209 Sent observation #310 | 
DEBUG 2026-06-09 15:36:02 t_client.py:434 QUEUE SIZE: 7 (Must go: False)
DEBUG 2026-06-09 15:36:02 t_client.py:477 Control loop (ms): 131.27
DEBUG 2026-06-09 15:36:02 t_client.py:477 Control loop (ms): 1.25
DEBUG 2026-06-09 15:36:02 t_client.py:477 Control loop (ms): 1.96
DEBUG 2026-06-09 15:36:02 t_client.py:477 Control loop (ms): 1.68
DEBUG 2026-06-09 15:36:02 t_client.py:292 Received actions on device: cpu
DEBUG 2026-06-09 15:36:02 t_client.py:302 Actions kept on device: cpu
DEBUG 2026-06-09 15:36:02 t_client.py:477 Control loop (ms): 1.64
DEBUG 2026-06-09 15:36:02 t_client.py:477 Control loop (ms): 1.70
DEBUG 2026-06-09 15:36:02 t_client.py:477 Control loop (ms): 1.43
DEBUG 2026-06-09 15:36:02 follower.py:184 follower_right SOFollower read state: 1.9ms
DEBUG 2026-06-09 15:36:02 follower.py:191 follower_right SOFollower read wrist: 0.0ms
DEBUG 2026-06-09 15:36:02 follower.py:184 follower_left SOFollower read state: 1.8ms
DEBUG 2026-06-09 15:36:02 follower.py:191 follower_left SOFollower read wrist: 0.0ms
DEBUG 2026-06-09 15:36:02 t_client.py:198 Observation serialization time: 0.010987s
DEBUG 2026-06-09 15:36:02 ort/utils.py:54 [CLIENT] Observation Buffer size 4.3954973220825195 MB with
DEBUG 2026-06-09 15:36:02 ort/utils.py:69 [CLIENT] Observation Sent 2097152/4609013 bytes with state 1
DEBUG 2026-06-09 15:36:02 ort/utils.py:69 [CLIENT] Observation Sent 4194304/4609013 bytes with state 2
DEBUG 2026-06-09 15:36:02 ort/utils.py:69 [CLIENT] Observation Sent 4609013/4609013 bytes with state 3
DEBUG 2026-06-09 15:36:02 ort/utils.py:71 [CLIENT] Observation Published 4.3954973220825195 MB
DEBUG 2026-06-09 15:36:02 t_client.py:209 Sent observation #317 | 
DEBUG 2026-06-09 15:36:02 t_client.py:434 QUEUE SIZE: 8 (Must go: False)
DEBUG 2026-06-09 15:36:02 t_client.py:477 Control loop (ms): 117.90
DEBUG 2026-06-09 15:36:02 follower.py:184 follower_right SOFollower read state: 2.2ms
DEBUG 2026-06-09 15:36:02 follower.py:191 follower_right SOFollower read wrist: 0.0ms
DEBUG 2026-06-09 15:36:02 follower.py:184 follower_left SOFollower read state: 1.5ms
DEBUG 2026-06-09 15:36:02 follower.py:191 follower_left SOFollower read wrist: 0.0ms
DEBUG 2026-06-09 15:36:02 t_client.py:198 Observation serialization time: 0.003294s
DEBUG 2026-06-09 15:36:02 ort/utils.py:54 [CLIENT] Observation Buffer size 4.3954973220825195 MB with
DEBUG 2026-06-09 15:36:02 ort/utils.py:69 [CLIENT] Observation Sent 2097152/4609013 bytes with state 1
DEBUG 2026-06-09 15:36:02 ort/utils.py:69 [CLIENT] Observation Sent 4194304/4609013 bytes with state 2
DEBUG 2026-06-09 15:36:02 ort/utils.py:69 [CLIENT] Observation Sent 4609013/4609013 bytes with state 3
DEBUG 2026-06-09 15:36:02 ort/utils.py:71 [CLIENT] Observation Published 4.3954973220825195 MB
DEBUG 2026-06-09 15:36:02 t_client.py:292 Received actions on device: cpu
DEBUG 2026-06-09 15:36:02 t_client.py:302 Actions kept on device: cpu
DEBUG 2026-06-09 15:36:02 t_client.py:209 Sent observation #318 | 
DEBUG 2026-06-09 15:36:02 t_client.py:434 QUEUE SIZE: 7 (Must go: False)
DEBUG 2026-06-09 15:36:02 t_client.py:477 Control loop (ms): 114.48
DEBUG 2026-06-09 15:36:02 t_client.py:477 Control loop (ms): 1.49
DEBUG 2026-06-09 15:36:02 t_client.py:477 Control loop (ms): 1.93
DEBUG 2026-06-09 15:36:02 t_client.py:477 Control loop (ms): 1.44
DEBUG 2026-06-09 15:36:02 t_client.py:292 Received actions on device: cpu
DEBUG 2026-06-09 15:36:02 t_client.py:302 Actions kept on device: cpu
DEBUG 2026-06-09 15:36:02 t_client.py:477 Control loop (ms): 1.38
DEBUG 2026-06-09 15:36:02 t_client.py:477 Control loop (ms): 1.94
DEBUG 2026-06-09 15:36:03 t_client.py:477 Control loop (ms): 1.85
DEBUG 2026-06-09 15:36:03 follower.py:184 follower_right SOFollower read state: 2.4ms
DEBUG 2026-06-09 15:36:03 follower.py:191 follower_right SOFollower read wrist: 0.0ms
DEBUG 2026-06-09 15:36:03 follower.py:184 follower_left SOFollower read state: 2.2ms
DEBUG 2026-06-09 15:36:03 follower.py:191 follower_left SOFollower read wrist: 0.0ms
DEBUG 2026-06-09 15:36:03 t_client.py:198 Observation serialization time: 0.009507s
DEBUG 2026-06-09 15:36:03 ort/utils.py:54 [CLIENT] Observation Buffer size 4.3954973220825195 MB with
DEBUG 2026-06-09 15:36:03 ort/utils.py:69 [CLIENT] Observation Sent 2097152/4609013 bytes with state 1
DEBUG 2026-06-09 15:36:03 ort/utils.py:69 [CLIENT] Observation Sent 4194304/4609013 bytes with state 2
DEBUG 2026-06-09 15:36:03 ort/utils.py:69 [CLIENT] Observation Sent 4609013/4609013 bytes with state 3
DEBUG 2026-06-09 15:36:03 ort/utils.py:71 [CLIENT] Observation Published 4.3954973220825195 MB
DEBUG 2026-06-09 15:36:03 t_client.py:209 Sent observation #325 | 
DEBUG 2026-06-09 15:36:03 t_client.py:434 QUEUE SIZE: 8 (Must go: False)
DEBUG 2026-06-09 15:36:03 t_client.py:477 Control loop (ms): 114.07
DEBUG 2026-06-09 15:36:03 follower.py:184 follower_right SOFollower read state: 2.1ms
DEBUG 2026-06-09 15:36:03 follower.py:191 follower_right SOFollower read wrist: 0.0ms
DEBUG 2026-06-09 15:36:03 follower.py:184 follower_left SOFollower read state: 1.7ms
DEBUG 2026-06-09 15:36:03 follower.py:191 follower_left SOFollower read wrist: 0.0ms
DEBUG 2026-06-09 15:36:03 t_client.py:198 Observation serialization time: 0.004799s
DEBUG 2026-06-09 15:36:03 ort/utils.py:54 [CLIENT] Observation Buffer size 4.3954973220825195 MB with
DEBUG 2026-06-09 15:36:03 ort/utils.py:69 [CLIENT] Observation Sent 2097152/4609013 bytes with state 1
DEBUG 2026-06-09 15:36:03 ort/utils.py:69 [CLIENT] Observation Sent 4194304/4609013 bytes with state 2
DEBUG 2026-06-09 15:36:03 ort/utils.py:69 [CLIENT] Observation Sent 4609013/4609013 bytes with state 3
DEBUG 2026-06-09 15:36:03 ort/utils.py:71 [CLIENT] Observation Published 4.3954973220825195 MB
DEBUG 2026-06-09 15:36:03 t_client.py:209 Sent observation #326 | 
DEBUG 2026-06-09 15:36:03 t_client.py:434 QUEUE SIZE: 7 (Must go: False)
DEBUG 2026-06-09 15:36:03 t_client.py:477 Control loop (ms): 112.08
DEBUG 2026-06-09 15:36:03 t_client.py:292 Received actions on device: cpu
DEBUG 2026-06-09 15:36:03 t_client.py:302 Actions kept on device: cpu
DEBUG 2026-06-09 15:36:03 follower.py:184 follower_right SOFollower read state: 1.7ms
DEBUG 2026-06-09 15:36:03 follower.py:191 follower_right SOFollower read wrist: 0.0ms
DEBUG 2026-06-09 15:36:03 follower.py:184 follower_left SOFollower read state: 1.6ms
DEBUG 2026-06-09 15:36:03 follower.py:191 follower_left SOFollower read wrist: 0.0ms
DEBUG 2026-06-09 15:36:03 t_client.py:198 Observation serialization time: 0.007647s
DEBUG 2026-06-09 15:36:03 ort/utils.py:54 [CLIENT] Observation Buffer size 4.3954973220825195 MB with
DEBUG 2026-06-09 15:36:03 ort/utils.py:69 [CLIENT] Observation Sent 2097152/4609013 bytes with state 1
DEBUG 2026-06-09 15:36:03 ort/utils.py:69 [CLIENT] Observation Sent 4194304/4609013 bytes with state 2
DEBUG 2026-06-09 15:36:03 ort/utils.py:69 [CLIENT] Observation Sent 4609013/4609013 bytes with state 3
DEBUG 2026-06-09 15:36:03 ort/utils.py:71 [CLIENT] Observation Published 4.3954973220825195 MB
DEBUG 2026-06-09 15:36:03 t_client.py:209 Sent observation #327 | 
DEBUG 2026-06-09 15:36:03 t_client.py:434 QUEUE SIZE: 14 (Must go: False)
DEBUG 2026-06-09 15:36:03 t_client.py:477 Control loop (ms): 115.21
DEBUG 2026-06-09 15:36:03 t_client.py:292 Received actions on device: cpu
DEBUG 2026-06-09 15:36:03 t_client.py:302 Actions kept on device: cpu
DEBUG 2026-06-09 15:36:03 t_client.py:477 Control loop (ms): 3.23
DEBUG 2026-06-09 15:36:03 t_client.py:477 Control loop (ms): 1.71
DEBUG 2026-06-09 15:36:03 t_client.py:477 Control loop (ms): 2.19
DEBUG 2026-06-09 15:36:03 t_client.py:292 Received actions on device: cpu
DEBUG 2026-06-09 15:36:03 t_client.py:302 Actions kept on device: cpu
DEBUG 2026-06-09 15:36:03 t_client.py:477 Control loop (ms): 2.83
DEBUG 2026-06-09 15:36:03 t_client.py:477 Control loop (ms): 2.13
DEBUG 2026-06-09 15:36:03 t_client.py:477 Control loop (ms): 2.32
DEBUG 2026-06-09 15:36:03 t_client.py:477 Control loop (ms): 2.12
DEBUG 2026-06-09 15:36:03 follower.py:184 follower_right SOFollower read state: 2.9ms
DEBUG 2026-06-09 15:36:03 follower.py:191 follower_right SOFollower read wrist: 0.0ms
DEBUG 2026-06-09 15:36:03 follower.py:184 follower_left SOFollower read state: 2.3ms
DEBUG 2026-06-09 15:36:03 follower.py:191 follower_left SOFollower read wrist: 0.0ms
DEBUG 2026-06-09 15:36:03 t_client.py:198 Observation serialization time: 0.008392s
DEBUG 2026-06-09 15:36:03 ort/utils.py:54 [CLIENT] Observation Buffer size 4.3954973220825195 MB with
DEBUG 2026-06-09 15:36:03 ort/utils.py:69 [CLIENT] Observation Sent 2097152/4609013 bytes with state 1
DEBUG 2026-06-09 15:36:03 ort/utils.py:69 [CLIENT] Observation Sent 4194304/4609013 bytes with state 2
DEBUG 2026-06-09 15:36:03 ort/utils.py:69 [CLIENT] Observation Sent 4609013/4609013 bytes with state 3
DEBUG 2026-06-09 15:36:03 ort/utils.py:71 [CLIENT] Observation Published 4.3954973220825195 MB
DEBUG 2026-06-09 15:36:03 t_client.py:209 Sent observation #334 | 
DEBUG 2026-06-09 15:36:03 t_client.py:434 QUEUE SIZE: 8 (Must go: False)
DEBUG 2026-06-09 15:36:03 t_client.py:477 Control loop (ms): 133.29
DEBUG 2026-06-09 15:36:03 follower.py:184 follower_right SOFollower read state: 2.3ms
DEBUG 2026-06-09 15:36:03 follower.py:191 follower_right SOFollower read wrist: 0.0ms
DEBUG 2026-06-09 15:36:03 follower.py:184 follower_left SOFollower read state: 2.4ms
DEBUG 2026-06-09 15:36:03 follower.py:191 follower_left SOFollower read wrist: 0.0ms
DEBUG 2026-06-09 15:36:03 t_client.py:198 Observation serialization time: 0.008827s
DEBUG 2026-06-09 15:36:03 ort/utils.py:54 [CLIENT] Observation Buffer size 4.3954973220825195 MB with
DEBUG 2026-06-09 15:36:03 ort/utils.py:69 [CLIENT] Observation Sent 2097152/4609013 bytes with state 1
DEBUG 2026-06-09 15:36:03 ort/utils.py:69 [CLIENT] Observation Sent 4194304/4609013 bytes with state 2
DEBUG 2026-06-09 15:36:03 ort/utils.py:69 [CLIENT] Observation Sent 4609013/4609013 bytes with state 3
DEBUG 2026-06-09 15:36:03 ort/utils.py:71 [CLIENT] Observation Published 4.3954973220825195 MB
DEBUG 2026-06-09 15:36:03 t_client.py:292 Received actions on device: cpu
DEBUG 2026-06-09 15:36:03 t_client.py:302 Actions kept on device: cpu
DEBUG 2026-06-09 15:36:03 t_client.py:209 Sent observation #335 | 
DEBUG 2026-06-09 15:36:03 t_client.py:434 QUEUE SIZE: 7 (Must go: False)
DEBUG 2026-06-09 15:36:03 t_client.py:477 Control loop (ms): 122.19
DEBUG 2026-06-09 15:36:03 t_client.py:477 Control loop (ms): 1.61
DEBUG 2026-06-09 15:36:03 t_client.py:477 Control loop (ms): 1.36
DEBUG 2026-06-09 15:36:03 t_client.py:477 Control loop (ms): 2.03
DEBUG 2026-06-09 15:36:03 t_client.py:292 Received actions on device: cpu
DEBUG 2026-06-09 15:36:03 t_client.py:302 Actions kept on device: cpu
DEBUG 2026-06-09 15:36:03 t_client.py:477 Control loop (ms): 2.11
DEBUG 2026-06-09 15:36:04 t_client.py:477 Control loop (ms): 1.42
DEBUG 2026-06-09 15:36:04 t_client.py:477 Control loop (ms): 2.16
DEBUG 2026-06-09 15:36:04 follower.py:184 follower_right SOFollower read state: 1.9ms
DEBUG 2026-06-09 15:36:04 follower.py:191 follower_right SOFollower read wrist: 0.0ms
DEBUG 2026-06-09 15:36:04 follower.py:184 follower_left SOFollower read state: 2.2ms
DEBUG 2026-06-09 15:36:04 follower.py:191 follower_left SOFollower read wrist: 0.0ms
DEBUG 2026-06-09 15:36:04 t_client.py:198 Observation serialization time: 0.011383s
DEBUG 2026-06-09 15:36:04 ort/utils.py:54 [CLIENT] Observation Buffer size 4.3954973220825195 MB with
DEBUG 2026-06-09 15:36:04 ort/utils.py:69 [CLIENT] Observation Sent 2097152/4609013 bytes with state 1
DEBUG 2026-06-09 15:36:04 ort/utils.py:69 [CLIENT] Observation Sent 4194304/4609013 bytes with state 2
DEBUG 2026-06-09 15:36:04 ort/utils.py:69 [CLIENT] Observation Sent 4609013/4609013 bytes with state 3
DEBUG 2026-06-09 15:36:04 ort/utils.py:71 [CLIENT] Observation Published 4.3954973220825195 MB
DEBUG 2026-06-09 15:36:04 t_client.py:209 Sent observation #342 | 
DEBUG 2026-06-09 15:36:04 t_client.py:434 QUEUE SIZE: 8 (Must go: False)
DEBUG 2026-06-09 15:36:04 t_client.py:477 Control loop (ms): 99.59
DEBUG 2026-06-09 15:36:04 follower.py:184 follower_right SOFollower read state: 2.0ms
DEBUG 2026-06-09 15:36:04 follower.py:191 follower_right SOFollower read wrist: 0.0ms
DEBUG 2026-06-09 15:36:04 follower.py:184 follower_left SOFollower read state: 1.9ms
DEBUG 2026-06-09 15:36:04 follower.py:191 follower_left SOFollower read wrist: 0.0ms
DEBUG 2026-06-09 15:36:04 t_client.py:198 Observation serialization time: 0.008509s
DEBUG 2026-06-09 15:36:04 ort/utils.py:54 [CLIENT] Observation Buffer size 4.3954973220825195 MB with
DEBUG 2026-06-09 15:36:04 ort/utils.py:69 [CLIENT] Observation Sent 2097152/4609013 bytes with state 1
DEBUG 2026-06-09 15:36:04 ort/utils.py:69 [CLIENT] Observation Sent 4194304/4609013 bytes with state 2
DEBUG 2026-06-09 15:36:04 ort/utils.py:69 [CLIENT] Observation Sent 4609013/4609013 bytes with state 3
DEBUG 2026-06-09 15:36:04 ort/utils.py:71 [CLIENT] Observation Published 4.3954973220825195 MB
DEBUG 2026-06-09 15:36:04 t_client.py:209 Sent observation #343 | 
DEBUG 2026-06-09 15:36:04 t_client.py:434 QUEUE SIZE: 7 (Must go: False)
DEBUG 2026-06-09 15:36:04 t_client.py:477 Control loop (ms): 107.04
DEBUG 2026-06-09 15:36:04 follower.py:184 follower_right SOFollower read state: 2.4ms
DEBUG 2026-06-09 15:36:04 follower.py:191 follower_right SOFollower read wrist: 0.1ms
DEBUG 2026-06-09 15:36:04 t_client.py:292 Received actions on device: cpu
DEBUG 2026-06-09 15:36:04 t_client.py:302 Actions kept on device: cpu
DEBUG 2026-06-09 15:36:04 follower.py:184 follower_left SOFollower read state: 2.0ms
DEBUG 2026-06-09 15:36:04 follower.py:191 follower_left SOFollower read wrist: 0.0ms
DEBUG 2026-06-09 15:36:04 t_client.py:198 Observation serialization time: 0.008373s
DEBUG 2026-06-09 15:36:04 ort/utils.py:54 [CLIENT] Observation Buffer size 4.3954973220825195 MB with
DEBUG 2026-06-09 15:36:04 ort/utils.py:69 [CLIENT] Observation Sent 2097152/4609013 bytes with state 1
DEBUG 2026-06-09 15:36:04 ort/utils.py:69 [CLIENT] Observation Sent 4194304/4609013 bytes with state 2
DEBUG 2026-06-09 15:36:04 ort/utils.py:69 [CLIENT] Observation Sent 4609013/4609013 bytes with state 3
DEBUG 2026-06-09 15:36:04 ort/utils.py:71 [CLIENT] Observation Published 4.3954973220825195 MB
DEBUG 2026-06-09 15:36:04 t_client.py:292 Received actions on device: cpu
DEBUG 2026-06-09 15:36:04 t_client.py:302 Actions kept on device: cpu
DEBUG 2026-06-09 15:36:04 t_client.py:209 Sent observation #344 | 
DEBUG 2026-06-09 15:36:04 t_client.py:434 QUEUE SIZE: 6 (Must go: False)
DEBUG 2026-06-09 15:36:04 t_client.py:477 Control loop (ms): 142.11
DEBUG 2026-06-09 15:36:04 t_client.py:477 Control loop (ms): 1.72
DEBUG 2026-06-09 15:36:04 t_client.py:477 Control loop (ms): 1.87
DEBUG 2026-06-09 15:36:04 t_client.py:477 Control loop (ms): 1.90
DEBUG 2026-06-09 15:36:04 t_client.py:292 Received actions on device: cpu
DEBUG 2026-06-09 15:36:04 t_client.py:302 Actions kept on device: cpu
DEBUG 2026-06-09 15:36:04 t_client.py:477 Control loop (ms): 1.52
DEBUG 2026-06-09 15:36:04 t_client.py:477 Control loop (ms): 2.19
DEBUG 2026-06-09 15:36:04 t_client.py:477 Control loop (ms): 1.52
DEBUG 2026-06-09 15:36:04 follower.py:184 follower_right SOFollower read state: 2.4ms
DEBUG 2026-06-09 15:36:04 follower.py:191 follower_right SOFollower read wrist: 0.0ms
DEBUG 2026-06-09 15:36:04 follower.py:184 follower_left SOFollower read state: 1.8ms
DEBUG 2026-06-09 15:36:04 follower.py:191 follower_left SOFollower read wrist: 0.0ms
DEBUG 2026-06-09 15:36:04 t_client.py:198 Observation serialization time: 0.004517s
DEBUG 2026-06-09 15:36:04 ort/utils.py:54 [CLIENT] Observation Buffer size 4.3954973220825195 MB with
DEBUG 2026-06-09 15:36:04 ort/utils.py:69 [CLIENT] Observation Sent 2097152/4609013 bytes with state 1
DEBUG 2026-06-09 15:36:04 ort/utils.py:69 [CLIENT] Observation Sent 4194304/4609013 bytes with state 2
DEBUG 2026-06-09 15:36:04 ort/utils.py:69 [CLIENT] Observation Sent 4609013/4609013 bytes with state 3
DEBUG 2026-06-09 15:36:04 ort/utils.py:71 [CLIENT] Observation Published 4.3954973220825195 MB
DEBUG 2026-06-09 15:36:04 t_client.py:209 Sent observation #351 | 
DEBUG 2026-06-09 15:36:04 t_client.py:434 QUEUE SIZE: 8 (Must go: False)
DEBUG 2026-06-09 15:36:04 t_client.py:477 Control loop (ms): 103.88
DEBUG 2026-06-09 15:36:04 follower.py:184 follower_right SOFollower read state: 2.3ms
DEBUG 2026-06-09 15:36:04 follower.py:191 follower_right SOFollower read wrist: 0.0ms
DEBUG 2026-06-09 15:36:04 follower.py:184 follower_left SOFollower read state: 2.1ms
DEBUG 2026-06-09 15:36:04 follower.py:191 follower_left SOFollower read wrist: 0.0ms
DEBUG 2026-06-09 15:36:04 t_client.py:198 Observation serialization time: 0.005801s
DEBUG 2026-06-09 15:36:04 ort/utils.py:54 [CLIENT] Observation Buffer size 4.3954973220825195 MB with
DEBUG 2026-06-09 15:36:04 ort/utils.py:69 [CLIENT] Observation Sent 2097152/4609013 bytes with state 1
DEBUG 2026-06-09 15:36:04 ort/utils.py:69 [CLIENT] Observation Sent 4194304/4609013 bytes with state 2
DEBUG 2026-06-09 15:36:04 ort/utils.py:69 [CLIENT] Observation Sent 4609013/4609013 bytes with state 3
DEBUG 2026-06-09 15:36:04 ort/utils.py:71 [CLIENT] Observation Published 4.3954973220825195 MB
DEBUG 2026-06-09 15:36:04 t_client.py:209 Sent observation #352 | 
DEBUG 2026-06-09 15:36:04 t_client.py:434 QUEUE SIZE: 7 (Must go: False)
DEBUG 2026-06-09 15:36:04 t_client.py:477 Control loop (ms): 131.49
DEBUG 2026-06-09 15:36:04 t_client.py:292 Received actions on device: cpu
DEBUG 2026-06-09 15:36:04 t_client.py:302 Actions kept on device: cpu
DEBUG 2026-06-09 15:36:04 t_client.py:477 Control loop (ms): 5.11
DEBUG 2026-06-09 15:36:04 t_client.py:477 Control loop (ms): 1.89
DEBUG 2026-06-09 15:36:04 t_client.py:477 Control loop (ms): 2.68
DEBUG 2026-06-09 15:36:04 t_client.py:292 Received actions on device: cpu
DEBUG 2026-06-09 15:36:04 t_client.py:302 Actions kept on device: cpu
DEBUG 2026-06-09 15:36:04 t_client.py:477 Control loop (ms): 2.31
DEBUG 2026-06-09 15:36:05 t_client.py:477 Control loop (ms): 2.08
DEBUG 2026-06-09 15:36:05 t_client.py:477 Control loop (ms): 2.03
DEBUG 2026-06-09 15:36:05 t_client.py:477 Control loop (ms): 1.99
DEBUG 2026-06-09 15:36:05 t_client.py:477 Control loop (ms): 2.10
DEBUG 2026-06-09 15:36:05 follower.py:184 follower_right SOFollower read state: 2.3ms
DEBUG 2026-06-09 15:36:05 follower.py:191 follower_right SOFollower read wrist: 0.0ms
DEBUG 2026-06-09 15:36:05 follower.py:184 follower_left SOFollower read state: 2.5ms
DEBUG 2026-06-09 15:36:05 follower.py:191 follower_left SOFollower read wrist: 0.0ms
DEBUG 2026-06-09 15:36:05 t_client.py:198 Observation serialization time: 0.008164s
DEBUG 2026-06-09 15:36:05 ort/utils.py:54 [CLIENT] Observation Buffer size 4.3954973220825195 MB with
DEBUG 2026-06-09 15:36:05 ort/utils.py:69 [CLIENT] Observation Sent 2097152/4609013 bytes with state 1
DEBUG 2026-06-09 15:36:05 ort/utils.py:69 [CLIENT] Observation Sent 4194304/4609013 bytes with state 2
DEBUG 2026-06-09 15:36:05 ort/utils.py:69 [CLIENT] Observation Sent 4609013/4609013 bytes with state 3
DEBUG 2026-06-09 15:36:05 ort/utils.py:71 [CLIENT] Observation Published 4.3954973220825195 MB
DEBUG 2026-06-09 15:36:05 t_client.py:209 Sent observation #359 | 
DEBUG 2026-06-09 15:36:05 t_client.py:434 QUEUE SIZE: 8 (Must go: False)
DEBUG 2026-06-09 15:36:05 t_client.py:477 Control loop (ms): 114.72
DEBUG 2026-06-09 15:36:05 follower.py:184 follower_right SOFollower read state: 1.9ms
DEBUG 2026-06-09 15:36:05 follower.py:191 follower_right SOFollower read wrist: 0.0ms
DEBUG 2026-06-09 15:36:05 follower.py:184 follower_left SOFollower read state: 1.8ms
DEBUG 2026-06-09 15:36:05 follower.py:191 follower_left SOFollower read wrist: 0.0ms
DEBUG 2026-06-09 15:36:05 t_client.py:198 Observation serialization time: 0.007310s
DEBUG 2026-06-09 15:36:05 ort/utils.py:54 [CLIENT] Observation Buffer size 4.3954973220825195 MB with
DEBUG 2026-06-09 15:36:05 ort/utils.py:69 [CLIENT] Observation Sent 2097152/4609013 bytes with state 1
DEBUG 2026-06-09 15:36:05 ort/utils.py:69 [CLIENT] Observation Sent 4194304/4609013 bytes with state 2
DEBUG 2026-06-09 15:36:05 ort/utils.py:69 [CLIENT] Observation Sent 4609013/4609013 bytes with state 3
DEBUG 2026-06-09 15:36:05 ort/utils.py:71 [CLIENT] Observation Published 4.3954973220825195 MB
DEBUG 2026-06-09 15:36:05 t_client.py:292 Received actions on device: cpu
DEBUG 2026-06-09 15:36:05 t_client.py:302 Actions kept on device: cpu
DEBUG 2026-06-09 15:36:05 t_client.py:209 Sent observation #360 | 
DEBUG 2026-06-09 15:36:05 t_client.py:434 QUEUE SIZE: 7 (Must go: False)
DEBUG 2026-06-09 15:36:05 t_client.py:477 Control loop (ms): 102.70
DEBUG 2026-06-09 15:36:05 t_client.py:477 Control loop (ms): 0.89
DEBUG 2026-06-09 15:36:05 t_client.py:477 Control loop (ms): 1.36
DEBUG 2026-06-09 15:36:05 t_client.py:477 Control loop (ms): 1.52
DEBUG 2026-06-09 15:36:05 t_client.py:292 Received actions on device: cpu
DEBUG 2026-06-09 15:36:05 t_client.py:302 Actions kept on device: cpu
DEBUG 2026-06-09 15:36:05 t_client.py:477 Control loop (ms): 2.56
DEBUG 2026-06-09 15:36:05 t_client.py:477 Control loop (ms): 2.81
DEBUG 2026-06-09 15:36:05 t_client.py:477 Control loop (ms): 1.83
DEBUG 2026-06-09 15:36:05 t_client.py:477 Control loop (ms): 2.89
DEBUG 2026-06-09 15:36:05 follower.py:184 follower_right SOFollower read state: 2.5ms
DEBUG 2026-06-09 15:36:05 follower.py:191 follower_right SOFollower read wrist: 0.1ms
DEBUG 2026-06-09 15:36:05 follower.py:184 follower_left SOFollower read state: 2.6ms
DEBUG 2026-06-09 15:36:05 follower.py:191 follower_left SOFollower read wrist: 0.0ms
DEBUG 2026-06-09 15:36:05 t_client.py:198 Observation serialization time: 0.006657s
DEBUG 2026-06-09 15:36:05 ort/utils.py:54 [CLIENT] Observation Buffer size 4.3954973220825195 MB with
DEBUG 2026-06-09 15:36:05 ort/utils.py:69 [CLIENT] Observation Sent 2097152/4609013 bytes with state 1
DEBUG 2026-06-09 15:36:05 ort/utils.py:69 [CLIENT] Observation Sent 4194304/4609013 bytes with state 2
DEBUG 2026-06-09 15:36:05 ort/utils.py:69 [CLIENT] Observation Sent 4609013/4609013 bytes with state 3
DEBUG 2026-06-09 15:36:05 ort/utils.py:71 [CLIENT] Observation Published 4.3954973220825195 MB
DEBUG 2026-06-09 15:36:05 t_client.py:209 Sent observation #367 | 
DEBUG 2026-06-09 15:36:05 t_client.py:434 QUEUE SIZE: 8 (Must go: False)
DEBUG 2026-06-09 15:36:05 t_client.py:477 Control loop (ms): 112.49
DEBUG 2026-06-09 15:36:05 follower.py:184 follower_right SOFollower read state: 2.4ms
DEBUG 2026-06-09 15:36:05 follower.py:191 follower_right SOFollower read wrist: 0.0ms
DEBUG 2026-06-09 15:36:05 follower.py:184 follower_left SOFollower read state: 1.9ms
DEBUG 2026-06-09 15:36:05 follower.py:191 follower_left SOFollower read wrist: 0.0ms
DEBUG 2026-06-09 15:36:05 t_client.py:198 Observation serialization time: 0.007975s
DEBUG 2026-06-09 15:36:05 ort/utils.py:54 [CLIENT] Observation Buffer size 4.3954973220825195 MB with
DEBUG 2026-06-09 15:36:05 ort/utils.py:69 [CLIENT] Observation Sent 2097152/4609013 bytes with state 1
DEBUG 2026-06-09 15:36:05 ort/utils.py:69 [CLIENT] Observation Sent 4194304/4609013 bytes with state 2
DEBUG 2026-06-09 15:36:05 ort/utils.py:69 [CLIENT] Observation Sent 4609013/4609013 bytes with state 3
DEBUG 2026-06-09 15:36:05 ort/utils.py:71 [CLIENT] Observation Published 4.3954973220825195 MB
DEBUG 2026-06-09 15:36:05 t_client.py:292 Received actions on device: cpu
DEBUG 2026-06-09 15:36:05 t_client.py:302 Actions kept on device: cpu
DEBUG 2026-06-09 15:36:05 t_client.py:209 Sent observation #368 | 
DEBUG 2026-06-09 15:36:05 t_client.py:434 QUEUE SIZE: 7 (Must go: False)
DEBUG 2026-06-09 15:36:05 t_client.py:477 Control loop (ms): 137.78
DEBUG 2026-06-09 15:36:05 t_client.py:477 Control loop (ms): 1.39
DEBUG 2026-06-09 15:36:05 t_client.py:477 Control loop (ms): 2.16
DEBUG 2026-06-09 15:36:05 t_client.py:477 Control loop (ms): 1.77
DEBUG 2026-06-09 15:36:05 t_client.py:292 Received actions on device: cpu
DEBUG 2026-06-09 15:36:05 t_client.py:302 Actions kept on device: cpu
DEBUG 2026-06-09 15:36:05 t_client.py:477 Control loop (ms): 1.61
DEBUG 2026-06-09 15:36:05 t_client.py:477 Control loop (ms): 1.75
DEBUG 2026-06-09 15:36:06 t_client.py:477 Control loop (ms): 1.83
DEBUG 2026-06-09 15:36:06 follower.py:184 follower_right SOFollower read state: 1.9ms
DEBUG 2026-06-09 15:36:06 follower.py:191 follower_right SOFollower read wrist: 0.0ms
DEBUG 2026-06-09 15:36:06 follower.py:184 follower_left SOFollower read state: 1.7ms
DEBUG 2026-06-09 15:36:06 follower.py:191 follower_left SOFollower read wrist: 0.0ms
DEBUG 2026-06-09 15:36:06 t_client.py:198 Observation serialization time: 0.007961s
DEBUG 2026-06-09 15:36:06 ort/utils.py:54 [CLIENT] Observation Buffer size 4.3954973220825195 MB with
DEBUG 2026-06-09 15:36:06 ort/utils.py:69 [CLIENT] Observation Sent 2097152/4609013 bytes with state 1
DEBUG 2026-06-09 15:36:06 ort/utils.py:69 [CLIENT] Observation Sent 4194304/4609013 bytes with state 2
DEBUG 2026-06-09 15:36:06 ort/utils.py:69 [CLIENT] Observation Sent 4609013/4609013 bytes with state 3
DEBUG 2026-06-09 15:36:06 ort/utils.py:71 [CLIENT] Observation Published 4.3954973220825195 MB
DEBUG 2026-06-09 15:36:06 t_client.py:209 Sent observation #375 | 
DEBUG 2026-06-09 15:36:06 t_client.py:434 QUEUE SIZE: 8 (Must go: False)
DEBUG 2026-06-09 15:36:06 t_client.py:477 Control loop (ms): 106.59
DEBUG 2026-06-09 15:36:06 follower.py:184 follower_right SOFollower read state: 1.8ms
DEBUG 2026-06-09 15:36:06 follower.py:191 follower_right SOFollower read wrist: 0.0ms
DEBUG 2026-06-09 15:36:06 follower.py:184 follower_left SOFollower read state: 1.7ms
DEBUG 2026-06-09 15:36:06 follower.py:191 follower_left SOFollower read wrist: 0.0ms
DEBUG 2026-06-09 15:36:06 t_client.py:198 Observation serialization time: 0.009680s
DEBUG 2026-06-09 15:36:06 ort/utils.py:54 [CLIENT] Observation Buffer size 4.3954973220825195 MB with
DEBUG 2026-06-09 15:36:06 ort/utils.py:69 [CLIENT] Observation Sent 2097152/4609013 bytes with state 1
DEBUG 2026-06-09 15:36:06 ort/utils.py:69 [CLIENT] Observation Sent 4194304/4609013 bytes with state 2
DEBUG 2026-06-09 15:36:06 ort/utils.py:69 [CLIENT] Observation Sent 4609013/4609013 bytes with state 3
DEBUG 2026-06-09 15:36:06 ort/utils.py:71 [CLIENT] Observation Published 4.3954973220825195 MB
DEBUG 2026-06-09 15:36:06 t_client.py:292 Received actions on device: cpu
DEBUG 2026-06-09 15:36:06 t_client.py:302 Actions kept on device: cpu
DEBUG 2026-06-09 15:36:06 t_client.py:209 Sent observation #376 | 
DEBUG 2026-06-09 15:36:06 t_client.py:434 QUEUE SIZE: 7 (Must go: False)
DEBUG 2026-06-09 15:36:06 t_client.py:477 Control loop (ms): 122.90
DEBUG 2026-06-09 15:36:06 t_client.py:477 Control loop (ms): 1.53
DEBUG 2026-06-09 15:36:06 t_client.py:477 Control loop (ms): 1.55
DEBUG 2026-06-09 15:36:06 t_client.py:477 Control loop (ms): 1.57
DEBUG 2026-06-09 15:36:06 t_client.py:292 Received actions on device: cpu
DEBUG 2026-06-09 15:36:06 t_client.py:302 Actions kept on device: cpu
DEBUG 2026-06-09 15:36:06 t_client.py:477 Control loop (ms): 1.37
DEBUG 2026-06-09 15:36:06 t_client.py:477 Control loop (ms): 5.04
DEBUG 2026-06-09 15:36:06 t_client.py:477 Control loop (ms): 2.75
DEBUG 2026-06-09 15:36:06 follower.py:184 follower_right SOFollower read state: 2.3ms
DEBUG 2026-06-09 15:36:06 follower.py:191 follower_right SOFollower read wrist: 0.1ms
DEBUG 2026-06-09 15:36:06 follower.py:184 follower_left SOFollower read state: 1.9ms
DEBUG 2026-06-09 15:36:06 follower.py:191 follower_left SOFollower read wrist: 0.0ms
DEBUG 2026-06-09 15:36:06 t_client.py:198 Observation serialization time: 0.007565s
DEBUG 2026-06-09 15:36:06 ort/utils.py:54 [CLIENT] Observation Buffer size 4.3954973220825195 MB with
DEBUG 2026-06-09 15:36:06 ort/utils.py:69 [CLIENT] Observation Sent 2097152/4609013 bytes with state 1
DEBUG 2026-06-09 15:36:06 ort/utils.py:69 [CLIENT] Observation Sent 4194304/4609013 bytes with state 2
DEBUG 2026-06-09 15:36:06 ort/utils.py:69 [CLIENT] Observation Sent 4609013/4609013 bytes with state 3
DEBUG 2026-06-09 15:36:06 ort/utils.py:71 [CLIENT] Observation Published 4.3954973220825195 MB
DEBUG 2026-06-09 15:36:06 t_client.py:209 Sent observation #383 | 
DEBUG 2026-06-09 15:36:06 t_client.py:434 QUEUE SIZE: 8 (Must go: False)
DEBUG 2026-06-09 15:36:06 t_client.py:477 Control loop (ms): 124.70
DEBUG 2026-06-09 15:36:06 follower.py:184 follower_right SOFollower read state: 1.7ms
DEBUG 2026-06-09 15:36:06 follower.py:191 follower_right SOFollower read wrist: 0.0ms
DEBUG 2026-06-09 15:36:06 follower.py:184 follower_left SOFollower read state: 1.7ms
DEBUG 2026-06-09 15:36:06 follower.py:191 follower_left SOFollower read wrist: 0.0ms
DEBUG 2026-06-09 15:36:06 t_client.py:198 Observation serialization time: 0.008370s
DEBUG 2026-06-09 15:36:06 ort/utils.py:54 [CLIENT] Observation Buffer size 4.3954973220825195 MB with
DEBUG 2026-06-09 15:36:06 ort/utils.py:69 [CLIENT] Observation Sent 2097152/4609013 bytes with state 1
DEBUG 2026-06-09 15:36:06 ort/utils.py:69 [CLIENT] Observation Sent 4194304/4609013 bytes with state 2
DEBUG 2026-06-09 15:36:06 ort/utils.py:69 [CLIENT] Observation Sent 4609013/4609013 bytes with state 3
DEBUG 2026-06-09 15:36:06 ort/utils.py:71 [CLIENT] Observation Published 4.3954973220825195 MB
DEBUG 2026-06-09 15:36:06 t_client.py:292 Received actions on device: cpu
DEBUG 2026-06-09 15:36:06 t_client.py:302 Actions kept on device: cpu
DEBUG 2026-06-09 15:36:06 t_client.py:209 Sent observation #384 | 
DEBUG 2026-06-09 15:36:06 t_client.py:434 QUEUE SIZE: 7 (Must go: False)
DEBUG 2026-06-09 15:36:06 t_client.py:477 Control loop (ms): 120.11
DEBUG 2026-06-09 15:36:06 t_client.py:477 Control loop (ms): 2.03
DEBUG 2026-06-09 15:36:06 t_client.py:477 Control loop (ms): 1.85
DEBUG 2026-06-09 15:36:06 t_client.py:477 Control loop (ms): 2.54
DEBUG 2026-06-09 15:36:06 t_client.py:292 Received actions on device: cpu
DEBUG 2026-06-09 15:36:06 t_client.py:302 Actions kept on device: cpu
DEBUG 2026-06-09 15:36:06 t_client.py:477 Control loop (ms): 3.08
DEBUG 2026-06-09 15:36:06 t_client.py:477 Control loop (ms): 2.05
DEBUG 2026-06-09 15:36:06 t_client.py:477 Control loop (ms): 1.62
DEBUG 2026-06-09 15:36:06 t_client.py:477 Control loop (ms): 1.93
DEBUG 2026-06-09 15:36:06 follower.py:184 follower_right SOFollower read state: 2.5ms
DEBUG 2026-06-09 15:36:06 follower.py:191 follower_right SOFollower read wrist: 0.0ms
DEBUG 2026-06-09 15:36:06 follower.py:184 follower_left SOFollower read state: 2.1ms
DEBUG 2026-06-09 15:36:06 follower.py:191 follower_left SOFollower read wrist: 0.0ms
DEBUG 2026-06-09 15:36:06 t_client.py:198 Observation serialization time: 0.009683s
DEBUG 2026-06-09 15:36:06 ort/utils.py:54 [CLIENT] Observation Buffer size 4.3954973220825195 MB with
DEBUG 2026-06-09 15:36:06 ort/utils.py:69 [CLIENT] Observation Sent 2097152/4609013 bytes with state 1
DEBUG 2026-06-09 15:36:07 ort/utils.py:69 [CLIENT] Observation Sent 4194304/4609013 bytes with state 2
DEBUG 2026-06-09 15:36:07 ort/utils.py:69 [CLIENT] Observation Sent 4609013/4609013 bytes with state 3
DEBUG 2026-06-09 15:36:07 ort/utils.py:71 [CLIENT] Observation Published 4.3954973220825195 MB
DEBUG 2026-06-09 15:36:07 t_client.py:209 Sent observation #391 | 
DEBUG 2026-06-09 15:36:07 t_client.py:434 QUEUE SIZE: 8 (Must go: False)
DEBUG 2026-06-09 15:36:07 t_client.py:477 Control loop (ms): 129.02
DEBUG 2026-06-09 15:36:07 follower.py:184 follower_right SOFollower read state: 1.6ms
DEBUG 2026-06-09 15:36:07 follower.py:191 follower_right SOFollower read wrist: 0.0ms
DEBUG 2026-06-09 15:36:07 follower.py:184 follower_left SOFollower read state: 1.6ms
DEBUG 2026-06-09 15:36:07 follower.py:191 follower_left SOFollower read wrist: 0.0ms
DEBUG 2026-06-09 15:36:07 t_client.py:198 Observation serialization time: 0.007993s
DEBUG 2026-06-09 15:36:07 ort/utils.py:54 [CLIENT] Observation Buffer size 4.3954973220825195 MB with
DEBUG 2026-06-09 15:36:07 ort/utils.py:69 [CLIENT] Observation Sent 2097152/4609013 bytes with state 1
DEBUG 2026-06-09 15:36:07 ort/utils.py:69 [CLIENT] Observation Sent 4194304/4609013 bytes with state 2
DEBUG 2026-06-09 15:36:07 ort/utils.py:69 [CLIENT] Observation Sent 4609013/4609013 bytes with state 3
DEBUG 2026-06-09 15:36:07 ort/utils.py:71 [CLIENT] Observation Published 4.3954973220825195 MB
DEBUG 2026-06-09 15:36:07 t_client.py:292 Received actions on device: cpu
DEBUG 2026-06-09 15:36:07 t_client.py:302 Actions kept on device: cpu
DEBUG 2026-06-09 15:36:07 t_client.py:209 Sent observation #392 | 
DEBUG 2026-06-09 15:36:07 t_client.py:434 QUEUE SIZE: 7 (Must go: False)
DEBUG 2026-06-09 15:36:07 t_client.py:477 Control loop (ms): 143.61
DEBUG 2026-06-09 15:36:07 t_client.py:477 Control loop (ms): 1.10
DEBUG 2026-06-09 15:36:07 t_client.py:477 Control loop (ms): 2.06
DEBUG 2026-06-09 15:36:07 t_client.py:477 Control loop (ms): 1.70
DEBUG 2026-06-09 15:36:07 t_client.py:292 Received actions on device: cpu
DEBUG 2026-06-09 15:36:07 t_client.py:302 Actions kept on device: cpu
DEBUG 2026-06-09 15:36:07 t_client.py:477 Control loop (ms): 2.44
DEBUG 2026-06-09 15:36:07 t_client.py:477 Control loop (ms): 2.09
DEBUG 2026-06-09 15:36:07 t_client.py:477 Control loop (ms): 1.45
DEBUG 2026-06-09 15:36:07 follower.py:184 follower_right SOFollower read state: 2.1ms
DEBUG 2026-06-09 15:36:07 follower.py:191 follower_right SOFollower read wrist: 0.0ms
DEBUG 2026-06-09 15:36:07 follower.py:184 follower_left SOFollower read state: 1.9ms
DEBUG 2026-06-09 15:36:07 follower.py:191 follower_left SOFollower read wrist: 0.0ms
DEBUG 2026-06-09 15:36:07 t_client.py:198 Observation serialization time: 0.010421s
DEBUG 2026-06-09 15:36:07 ort/utils.py:54 [CLIENT] Observation Buffer size 4.3954973220825195 MB with
DEBUG 2026-06-09 15:36:07 ort/utils.py:69 [CLIENT] Observation Sent 2097152/4609013 bytes with state 1
DEBUG 2026-06-09 15:36:07 ort/utils.py:69 [CLIENT] Observation Sent 4194304/4609013 bytes with state 2
DEBUG 2026-06-09 15:36:07 ort/utils.py:69 [CLIENT] Observation Sent 4609013/4609013 bytes with state 3
DEBUG 2026-06-09 15:36:07 ort/utils.py:71 [CLIENT] Observation Published 4.3954973220825195 MB
DEBUG 2026-06-09 15:36:07 t_client.py:209 Sent observation #399 | 
DEBUG 2026-06-09 15:36:07 t_client.py:434 QUEUE SIZE: 8 (Must go: False)
DEBUG 2026-06-09 15:36:07 t_client.py:477 Control loop (ms): 104.80
DEBUG 2026-06-09 15:36:07 follower.py:184 follower_right SOFollower read state: 1.9ms
DEBUG 2026-06-09 15:36:07 follower.py:191 follower_right SOFollower read wrist: 0.0ms
DEBUG 2026-06-09 15:36:07 follower.py:184 follower_left SOFollower read state: 1.7ms
DEBUG 2026-06-09 15:36:07 follower.py:191 follower_left SOFollower read wrist: 0.0ms
DEBUG 2026-06-09 15:36:07 t_client.py:198 Observation serialization time: 0.006448s
DEBUG 2026-06-09 15:36:07 ort/utils.py:54 [CLIENT] Observation Buffer size 4.3954973220825195 MB with
DEBUG 2026-06-09 15:36:07 ort/utils.py:69 [CLIENT] Observation Sent 2097152/4609013 bytes with state 1
DEBUG 2026-06-09 15:36:07 ort/utils.py:69 [CLIENT] Observation Sent 4194304/4609013 bytes with state 2
DEBUG 2026-06-09 15:36:07 ort/utils.py:69 [CLIENT] Observation Sent 4609013/4609013 bytes with state 3
DEBUG 2026-06-09 15:36:07 ort/utils.py:71 [CLIENT] Observation Published 4.3954973220825195 MB
DEBUG 2026-06-09 15:36:07 t_client.py:292 Received actions on device: cpu
DEBUG 2026-06-09 15:36:07 t_client.py:302 Actions kept on device: cpu
DEBUG 2026-06-09 15:36:07 t_client.py:209 Sent observation #400 | 
DEBUG 2026-06-09 15:36:07 t_client.py:434 QUEUE SIZE: 7 (Must go: False)
DEBUG 2026-06-09 15:36:07 t_client.py:477 Control loop (ms): 115.66
DEBUG 2026-06-09 15:36:07 t_client.py:477 Control loop (ms): 1.49
DEBUG 2026-06-09 15:36:07 t_client.py:477 Control loop (ms): 0.97
DEBUG 2026-06-09 15:36:07 t_client.py:477 Control loop (ms): 1.64
DEBUG 2026-06-09 15:36:07 t_client.py:477 Control loop (ms): 1.28
DEBUG 2026-06-09 15:36:07 t_client.py:477 Control loop (ms): 1.77
DEBUG 2026-06-09 15:36:07 t_client.py:292 Received actions on device: cpu
DEBUG 2026-06-09 15:36:07 t_client.py:302 Actions kept on device: cpu
DEBUG 2026-06-09 15:36:07 t_client.py:477 Control loop (ms): 1.61
DEBUG 2026-06-09 15:36:07 follower.py:184 follower_right SOFollower read state: 2.5ms
DEBUG 2026-06-09 15:36:07 follower.py:191 follower_right SOFollower read wrist: 0.0ms
DEBUG 2026-06-09 15:36:07 follower.py:184 follower_left SOFollower read state: 1.9ms
DEBUG 2026-06-09 15:36:07 follower.py:191 follower_left SOFollower read wrist: 0.0ms
DEBUG 2026-06-09 15:36:07 t_client.py:198 Observation serialization time: 0.009129s
DEBUG 2026-06-09 15:36:07 ort/utils.py:54 [CLIENT] Observation Buffer size 4.3954973220825195 MB with
DEBUG 2026-06-09 15:36:07 ort/utils.py:69 [CLIENT] Observation Sent 2097152/4609013 bytes with state 1
DEBUG 2026-06-09 15:36:07 ort/utils.py:69 [CLIENT] Observation Sent 4194304/4609013 bytes with state 2
DEBUG 2026-06-09 15:36:07 ort/utils.py:69 [CLIENT] Observation Sent 4609013/4609013 bytes with state 3
DEBUG 2026-06-09 15:36:07 ort/utils.py:71 [CLIENT] Observation Published 4.3954973220825195 MB
DEBUG 2026-06-09 15:36:07 t_client.py:209 Sent observation #407 | 
DEBUG 2026-06-09 15:36:07 t_client.py:434 QUEUE SIZE: 8 (Must go: False)
DEBUG 2026-06-09 15:36:07 t_client.py:477 Control loop (ms): 136.59
DEBUG 2026-06-09 15:36:08 follower.py:184 follower_right SOFollower read state: 2.0ms
DEBUG 2026-06-09 15:36:08 follower.py:191 follower_right SOFollower read wrist: 0.0ms
DEBUG 2026-06-09 15:36:08 follower.py:184 follower_left SOFollower read state: 1.6ms
DEBUG 2026-06-09 15:36:08 follower.py:191 follower_left SOFollower read wrist: 0.0ms
DEBUG 2026-06-09 15:36:08 t_client.py:198 Observation serialization time: 0.004400s
DEBUG 2026-06-09 15:36:08 ort/utils.py:54 [CLIENT] Observation Buffer size 4.3954973220825195 MB with
DEBUG 2026-06-09 15:36:08 ort/utils.py:69 [CLIENT] Observation Sent 2097152/4609013 bytes with state 1
DEBUG 2026-06-09 15:36:08 ort/utils.py:69 [CLIENT] Observation Sent 4194304/4609013 bytes with state 2
DEBUG 2026-06-09 15:36:08 ort/utils.py:69 [CLIENT] Observation Sent 4609013/4609013 bytes with state 3
DEBUG 2026-06-09 15:36:08 ort/utils.py:71 [CLIENT] Observation Published 4.3954973220825195 MB
DEBUG 2026-06-09 15:36:08 t_client.py:209 Sent observation #408 | 
DEBUG 2026-06-09 15:36:08 t_client.py:434 QUEUE SIZE: 7 (Must go: False)
DEBUG 2026-06-09 15:36:08 t_client.py:477 Control loop (ms): 108.01
DEBUG 2026-06-09 15:36:08 follower.py:184 follower_right SOFollower read state: 2.2ms
DEBUG 2026-06-09 15:36:08 t_client.py:292 Received actions on device: cpu
DEBUG 2026-06-09 15:36:08 follower.py:191 follower_right SOFollower read wrist: 0.0ms
DEBUG 2026-06-09 15:36:08 t_client.py:302 Actions kept on device: cpu
DEBUG 2026-06-09 15:36:08 follower.py:184 follower_left SOFollower read state: 2.4ms
DEBUG 2026-06-09 15:36:08 follower.py:191 follower_left SOFollower read wrist: 0.2ms
DEBUG 2026-06-09 15:36:08 t_client.py:198 Observation serialization time: 0.006126s
DEBUG 2026-06-09 15:36:08 ort/utils.py:54 [CLIENT] Observation Buffer size 4.3954973220825195 MB with
DEBUG 2026-06-09 15:36:08 ort/utils.py:69 [CLIENT] Observation Sent 2097152/4609013 bytes with state 1
DEBUG 2026-06-09 15:36:08 ort/utils.py:69 [CLIENT] Observation Sent 4194304/4609013 bytes with state 2
DEBUG 2026-06-09 15:36:08 ort/utils.py:69 [CLIENT] Observation Sent 4609013/4609013 bytes with state 3
DEBUG 2026-06-09 15:36:08 ort/utils.py:71 [CLIENT] Observation Published 4.3954973220825195 MB
DEBUG 2026-06-09 15:36:08 t_client.py:209 Sent observation #409 | 
DEBUG 2026-06-09 15:36:08 t_client.py:434 QUEUE SIZE: 6 (Must go: False)
DEBUG 2026-06-09 15:36:08 t_client.py:477 Control loop (ms): 111.31
DEBUG 2026-06-09 15:36:08 t_client.py:477 Control loop (ms): 1.54
DEBUG 2026-06-09 15:36:08 t_client.py:477 Control loop (ms): 1.54
DEBUG 2026-06-09 15:36:08 t_client.py:292 Received actions on device: cpu
DEBUG 2026-06-09 15:36:08 t_client.py:302 Actions kept on device: cpu
DEBUG 2026-06-09 15:36:08 t_client.py:477 Control loop (ms): 1.64
DEBUG 2026-06-09 15:36:08 t_client.py:477 Control loop (ms): 1.74
DEBUG 2026-06-09 15:36:08 t_client.py:477 Control loop (ms): 1.69
DEBUG 2026-06-09 15:36:08 t_client.py:292 Received actions on device: cpu
DEBUG 2026-06-09 15:36:08 t_client.py:302 Actions kept on device: cpu
DEBUG 2026-06-09 15:36:08 t_client.py:477 Control loop (ms): 1.32
DEBUG 2026-06-09 15:36:08 follower.py:184 follower_right SOFollower read state: 1.7ms
DEBUG 2026-06-09 15:36:08 follower.py:191 follower_right SOFollower read wrist: 0.0ms
DEBUG 2026-06-09 15:36:08 follower.py:184 follower_left SOFollower read state: 1.6ms
DEBUG 2026-06-09 15:36:08 follower.py:191 follower_left SOFollower read wrist: 0.0ms
DEBUG 2026-06-09 15:36:08 t_client.py:198 Observation serialization time: 0.004435s
DEBUG 2026-06-09 15:36:08 ort/utils.py:54 [CLIENT] Observation Buffer size 4.3954973220825195 MB with
DEBUG 2026-06-09 15:36:08 ort/utils.py:69 [CLIENT] Observation Sent 2097152/4609013 bytes with state 1
DEBUG 2026-06-09 15:36:08 ort/utils.py:69 [CLIENT] Observation Sent 4194304/4609013 bytes with state 2
DEBUG 2026-06-09 15:36:08 ort/utils.py:69 [CLIENT] Observation Sent 4609013/4609013 bytes with state 3
DEBUG 2026-06-09 15:36:08 ort/utils.py:71 [CLIENT] Observation Published 4.3954973220825195 MB
DEBUG 2026-06-09 15:36:08 t_client.py:209 Sent observation #416 | 
DEBUG 2026-06-09 15:36:08 t_client.py:434 QUEUE SIZE: 8 (Must go: False)
DEBUG 2026-06-09 15:36:08 t_client.py:477 Control loop (ms): 95.04
DEBUG 2026-06-09 15:36:08 follower.py:184 follower_right SOFollower read state: 1.5ms
DEBUG 2026-06-09 15:36:08 follower.py:191 follower_right SOFollower read wrist: 0.0ms
DEBUG 2026-06-09 15:36:08 follower.py:184 follower_left SOFollower read state: 1.6ms
DEBUG 2026-06-09 15:36:08 follower.py:191 follower_left SOFollower read wrist: 0.0ms
DEBUG 2026-06-09 15:36:08 t_client.py:198 Observation serialization time: 0.008532s
DEBUG 2026-06-09 15:36:08 ort/utils.py:54 [CLIENT] Observation Buffer size 4.3954973220825195 MB with
DEBUG 2026-06-09 15:36:08 ort/utils.py:69 [CLIENT] Observation Sent 2097152/4609013 bytes with state 1
DEBUG 2026-06-09 15:36:08 ort/utils.py:69 [CLIENT] Observation Sent 4194304/4609013 bytes with state 2
DEBUG 2026-06-09 15:36:08 ort/utils.py:69 [CLIENT] Observation Sent 4609013/4609013 bytes with state 3
DEBUG 2026-06-09 15:36:08 ort/utils.py:71 [CLIENT] Observation Published 4.3954973220825195 MB
DEBUG 2026-06-09 15:36:08 t_client.py:292 Received actions on device: cpu
DEBUG 2026-06-09 15:36:08 t_client.py:302 Actions kept on device: cpu
DEBUG 2026-06-09 15:36:08 t_client.py:209 Sent observation #417 | 
DEBUG 2026-06-09 15:36:08 t_client.py:434 QUEUE SIZE: 7 (Must go: False)
DEBUG 2026-06-09 15:36:08 t_client.py:477 Control loop (ms): 117.00
DEBUG 2026-06-09 15:36:08 t_client.py:477 Control loop (ms): 1.01
DEBUG 2026-06-09 15:36:08 t_client.py:477 Control loop (ms): 1.59
DEBUG 2026-06-09 15:36:08 t_client.py:477 Control loop (ms): 2.10
DEBUG 2026-06-09 15:36:08 t_client.py:292 Received actions on device: cpu
DEBUG 2026-06-09 15:36:08 t_client.py:302 Actions kept on device: cpu
DEBUG 2026-06-09 15:36:08 t_client.py:477 Control loop (ms): 2.04
DEBUG 2026-06-09 15:36:08 t_client.py:477 Control loop (ms): 2.04
DEBUG 2026-06-09 15:36:08 t_client.py:477 Control loop (ms): 1.91
DEBUG 2026-06-09 15:36:08 follower.py:184 follower_right SOFollower read state: 2.1ms
DEBUG 2026-06-09 15:36:08 follower.py:191 follower_right SOFollower read wrist: 0.0ms
DEBUG 2026-06-09 15:36:08 follower.py:184 follower_left SOFollower read state: 2.0ms
DEBUG 2026-06-09 15:36:08 follower.py:191 follower_left SOFollower read wrist: 0.0ms
DEBUG 2026-06-09 15:36:08 t_client.py:198 Observation serialization time: 0.007513s
DEBUG 2026-06-09 15:36:08 ort/utils.py:54 [CLIENT] Observation Buffer size 4.3954973220825195 MB with
DEBUG 2026-06-09 15:36:08 ort/utils.py:69 [CLIENT] Observation Sent 2097152/4609013 bytes with state 1
DEBUG 2026-06-09 15:36:08 ort/utils.py:69 [CLIENT] Observation Sent 4194304/4609013 bytes with state 2
DEBUG 2026-06-09 15:36:08 ort/utils.py:69 [CLIENT] Observation Sent 4609013/4609013 bytes with state 3
DEBUG 2026-06-09 15:36:08 ort/utils.py:71 [CLIENT] Observation Published 4.3954973220825195 MB
DEBUG 2026-06-09 15:36:08 t_client.py:209 Sent observation #424 | 
DEBUG 2026-06-09 15:36:08 t_client.py:434 QUEUE SIZE: 8 (Must go: False)
DEBUG 2026-06-09 15:36:08 t_client.py:477 Control loop (ms): 130.25
DEBUG 2026-06-09 15:36:08 follower.py:184 follower_right SOFollower read state: 1.6ms
DEBUG 2026-06-09 15:36:08 follower.py:191 follower_right SOFollower read wrist: 0.0ms
DEBUG 2026-06-09 15:36:08 follower.py:184 follower_left SOFollower read state: 1.6ms
DEBUG 2026-06-09 15:36:08 follower.py:191 follower_left SOFollower read wrist: 0.0ms
DEBUG 2026-06-09 15:36:08 t_client.py:198 Observation serialization time: 0.007359s
DEBUG 2026-06-09 15:36:08 ort/utils.py:54 [CLIENT] Observation Buffer size 4.3954973220825195 MB with
DEBUG 2026-06-09 15:36:08 ort/utils.py:69 [CLIENT] Observation Sent 2097152/4609013 bytes with state 1
DEBUG 2026-06-09 15:36:08 ort/utils.py:69 [CLIENT] Observation Sent 4194304/4609013 bytes with state 2
DEBUG 2026-06-09 15:36:09 ort/utils.py:69 [CLIENT] Observation Sent 4609013/4609013 bytes with state 3
DEBUG 2026-06-09 15:36:09 ort/utils.py:71 [CLIENT] Observation Published 4.3954973220825195 MB
DEBUG 2026-06-09 15:36:09 t_client.py:209 Sent observation #425 | 
DEBUG 2026-06-09 15:36:09 t_client.py:434 QUEUE SIZE: 7 (Must go: False)
DEBUG 2026-06-09 15:36:09 t_client.py:477 Control loop (ms): 117.27
DEBUG 2026-06-09 15:36:09 t_client.py:292 Received actions on device: cpu
DEBUG 2026-06-09 15:36:09 t_client.py:302 Actions kept on device: cpu
DEBUG 2026-06-09 15:36:09 follower.py:184 follower_right SOFollower read state: 2.6ms
DEBUG 2026-06-09 15:36:09 follower.py:191 follower_right SOFollower read wrist: 0.0ms
DEBUG 2026-06-09 15:36:09 follower.py:184 follower_left SOFollower read state: 1.7ms
DEBUG 2026-06-09 15:36:09 follower.py:191 follower_left SOFollower read wrist: 0.0ms
DEBUG 2026-06-09 15:36:09 t_client.py:198 Observation serialization time: 0.006653s
DEBUG 2026-06-09 15:36:09 ort/utils.py:54 [CLIENT] Observation Buffer size 4.3954973220825195 MB with
DEBUG 2026-06-09 15:36:09 ort/utils.py:69 [CLIENT] Observation Sent 2097152/4609013 bytes with state 1
DEBUG 2026-06-09 15:36:09 ort/utils.py:69 [CLIENT] Observation Sent 4194304/4609013 bytes with state 2
DEBUG 2026-06-09 15:36:09 ort/utils.py:69 [CLIENT] Observation Sent 4609013/4609013 bytes with state 3
DEBUG 2026-06-09 15:36:09 ort/utils.py:71 [CLIENT] Observation Published 4.3954973220825195 MB
DEBUG 2026-06-09 15:36:09 t_client.py:209 Sent observation #426 | 
DEBUG 2026-06-09 15:36:09 t_client.py:434 QUEUE SIZE: 13 (Must go: False)
DEBUG 2026-06-09 15:36:09 t_client.py:477 Control loop (ms): 102.44
DEBUG 2026-06-09 15:36:09 t_client.py:477 Control loop (ms): 3.89
DEBUG 2026-06-09 15:36:09 t_client.py:292 Received actions on device: cpu
DEBUG 2026-06-09 15:36:09 t_client.py:302 Actions kept on device: cpu
DEBUG 2026-06-09 15:36:09 t_client.py:477 Control loop (ms): 1.23
DEBUG 2026-06-09 15:36:09 t_client.py:477 Control loop (ms): 1.78
DEBUG 2026-06-09 15:36:09 t_client.py:477 Control loop (ms): 1.31
DEBUG 2026-06-09 15:36:09 t_client.py:292 Received actions on device: cpu
DEBUG 2026-06-09 15:36:09 t_client.py:302 Actions kept on device: cpu
DEBUG 2026-06-09 15:36:09 t_client.py:477 Control loop (ms): 1.73
DEBUG 2026-06-09 15:36:09 t_client.py:477 Control loop (ms): 1.57
DEBUG 2026-06-09 15:36:09 follower.py:184 follower_right SOFollower read state: 2.1ms
DEBUG 2026-06-09 15:36:09 follower.py:191 follower_right SOFollower read wrist: 0.0ms
DEBUG 2026-06-09 15:36:09 follower.py:184 follower_left SOFollower read state: 2.2ms
DEBUG 2026-06-09 15:36:09 follower.py:191 follower_left SOFollower read wrist: 0.0ms
DEBUG 2026-06-09 15:36:09 t_client.py:198 Observation serialization time: 0.010680s
DEBUG 2026-06-09 15:36:09 ort/utils.py:54 [CLIENT] Observation Buffer size 4.3954973220825195 MB with
DEBUG 2026-06-09 15:36:09 ort/utils.py:69 [CLIENT] Observation Sent 2097152/4609013 bytes with state 1
DEBUG 2026-06-09 15:36:09 ort/utils.py:69 [CLIENT] Observation Sent 4194304/4609013 bytes with state 2
DEBUG 2026-06-09 15:36:09 ort/utils.py:69 [CLIENT] Observation Sent 4609013/4609013 bytes with state 3
DEBUG 2026-06-09 15:36:09 ort/utils.py:71 [CLIENT] Observation Published 4.3954973220825195 MB
DEBUG 2026-06-09 15:36:09 t_client.py:209 Sent observation #433 | 
DEBUG 2026-06-09 15:36:09 t_client.py:434 QUEUE SIZE: 8 (Must go: False)
DEBUG 2026-06-09 15:36:09 t_client.py:477 Control loop (ms): 143.67
DEBUG 2026-06-09 15:36:09 follower.py:184 follower_right SOFollower read state: 2.1ms
DEBUG 2026-06-09 15:36:09 follower.py:191 follower_right SOFollower read wrist: 0.0ms
DEBUG 2026-06-09 15:36:09 follower.py:184 follower_left SOFollower read state: 2.0ms
DEBUG 2026-06-09 15:36:09 follower.py:191 follower_left SOFollower read wrist: 0.0ms
DEBUG 2026-06-09 15:36:09 t_client.py:198 Observation serialization time: 0.007774s
DEBUG 2026-06-09 15:36:09 ort/utils.py:54 [CLIENT] Observation Buffer size 4.3954973220825195 MB with
DEBUG 2026-06-09 15:36:09 ort/utils.py:69 [CLIENT] Observation Sent 2097152/4609013 bytes with state 1
DEBUG 2026-06-09 15:36:09 ort/utils.py:69 [CLIENT] Observation Sent 4194304/4609013 bytes with state 2
DEBUG 2026-06-09 15:36:09 ort/utils.py:69 [CLIENT] Observation Sent 4609013/4609013 bytes with state 3
DEBUG 2026-06-09 15:36:09 ort/utils.py:71 [CLIENT] Observation Published 4.3954973220825195 MB
DEBUG 2026-06-09 15:36:09 t_client.py:292 Received actions on device: cpu
DEBUG 2026-06-09 15:36:09 t_client.py:302 Actions kept on device: cpu
DEBUG 2026-06-09 15:36:09 t_client.py:209 Sent observation #434 | 
DEBUG 2026-06-09 15:36:09 t_client.py:434 QUEUE SIZE: 7 (Must go: False)
DEBUG 2026-06-09 15:36:09 t_client.py:477 Control loop (ms): 121.40
DEBUG 2026-06-09 15:36:09 t_client.py:477 Control loop (ms): 1.63
DEBUG 2026-06-09 15:36:09 t_client.py:477 Control loop (ms): 1.50
DEBUG 2026-06-09 15:36:09 t_client.py:477 Control loop (ms): 2.09
DEBUG 2026-06-09 15:36:09 t_client.py:292 Received actions on device: cpu
DEBUG 2026-06-09 15:36:09 t_client.py:302 Actions kept on device: cpu
DEBUG 2026-06-09 15:36:09 t_client.py:477 Control loop (ms): 1.94
DEBUG 2026-06-09 15:36:09 t_client.py:477 Control loop (ms): 1.93
DEBUG 2026-06-09 15:36:09 t_client.py:477 Control loop (ms): 2.05
DEBUG 2026-06-09 15:36:09 follower.py:184 follower_right SOFollower read state: 2.0ms
DEBUG 2026-06-09 15:36:09 follower.py:191 follower_right SOFollower read wrist: 0.0ms
DEBUG 2026-06-09 15:36:09 follower.py:184 follower_left SOFollower read state: 2.4ms
DEBUG 2026-06-09 15:36:09 follower.py:191 follower_left SOFollower read wrist: 0.0ms
DEBUG 2026-06-09 15:36:09 t_client.py:198 Observation serialization time: 0.011269s
DEBUG 2026-06-09 15:36:09 ort/utils.py:54 [CLIENT] Observation Buffer size 4.3954973220825195 MB with
DEBUG 2026-06-09 15:36:09 ort/utils.py:69 [CLIENT] Observation Sent 2097152/4609013 bytes with state 1
DEBUG 2026-06-09 15:36:09 ort/utils.py:69 [CLIENT] Observation Sent 4194304/4609013 bytes with state 2
DEBUG 2026-06-09 15:36:09 ort/utils.py:69 [CLIENT] Observation Sent 4609013/4609013 bytes with state 3
DEBUG 2026-06-09 15:36:09 ort/utils.py:71 [CLIENT] Observation Published 4.3954973220825195 MB
DEBUG 2026-06-09 15:36:10 t_client.py:209 Sent observation #441 | 
DEBUG 2026-06-09 15:36:10 t_client.py:434 QUEUE SIZE: 8 (Must go: False)
DEBUG 2026-06-09 15:36:10 t_client.py:477 Control loop (ms): 161.18
DEBUG 2026-06-09 15:36:10 follower.py:184 follower_right SOFollower read state: 1.4ms
DEBUG 2026-06-09 15:36:10 follower.py:191 follower_right SOFollower read wrist: 0.0ms
DEBUG 2026-06-09 15:36:10 follower.py:184 follower_left SOFollower read state: 1.4ms
DEBUG 2026-06-09 15:36:10 follower.py:191 follower_left SOFollower read wrist: 0.0ms
DEBUG 2026-06-09 15:36:10 t_client.py:198 Observation serialization time: 0.006765s
DEBUG 2026-06-09 15:36:10 ort/utils.py:54 [CLIENT] Observation Buffer size 4.3954973220825195 MB with
DEBUG 2026-06-09 15:36:10 ort/utils.py:69 [CLIENT] Observation Sent 2097152/4609013 bytes with state 1
DEBUG 2026-06-09 15:36:10 ort/utils.py:69 [CLIENT] Observation Sent 4194304/4609013 bytes with state 2
DEBUG 2026-06-09 15:36:10 ort/utils.py:69 [CLIENT] Observation Sent 4609013/4609013 bytes with state 3
DEBUG 2026-06-09 15:36:10 ort/utils.py:71 [CLIENT] Observation Published 4.3954973220825195 MB
DEBUG 2026-06-09 15:36:10 t_client.py:292 Received actions on device: cpu
DEBUG 2026-06-09 15:36:10 t_client.py:302 Actions kept on device: cpu
DEBUG 2026-06-09 15:36:10 t_client.py:209 Sent observation #442 | 
DEBUG 2026-06-09 15:36:10 t_client.py:434 QUEUE SIZE: 7 (Must go: False)
DEBUG 2026-06-09 15:36:10 t_client.py:477 Control loop (ms): 117.72
DEBUG 2026-06-09 15:36:10 t_client.py:477 Control loop (ms): 0.74
DEBUG 2026-06-09 15:36:10 t_client.py:477 Control loop (ms): 1.92
DEBUG 2026-06-09 15:36:10 t_client.py:477 Control loop (ms): 1.56
DEBUG 2026-06-09 15:36:10 t_client.py:292 Received actions on device: cpu
DEBUG 2026-06-09 15:36:10 t_client.py:302 Actions kept on device: cpu
DEBUG 2026-06-09 15:36:10 t_client.py:477 Control loop (ms): 2.32
DEBUG 2026-06-09 15:36:10 t_client.py:477 Control loop (ms): 1.72
DEBUG 2026-06-09 15:36:10 t_client.py:477 Control loop (ms): 2.20
DEBUG 2026-06-09 15:36:10 t_client.py:477 Control loop (ms): 2.84
DEBUG 2026-06-09 15:36:10 follower.py:184 follower_right SOFollower read state: 2.3ms
DEBUG 2026-06-09 15:36:10 follower.py:191 follower_right SOFollower read wrist: 0.0ms
DEBUG 2026-06-09 15:36:10 follower.py:184 follower_left SOFollower read state: 2.0ms
DEBUG 2026-06-09 15:36:10 follower.py:191 follower_left SOFollower read wrist: 0.0ms
DEBUG 2026-06-09 15:36:10 t_client.py:198 Observation serialization time: 0.005841s
DEBUG 2026-06-09 15:36:10 ort/utils.py:54 [CLIENT] Observation Buffer size 4.3954973220825195 MB with
DEBUG 2026-06-09 15:36:10 ort/utils.py:69 [CLIENT] Observation Sent 2097152/4609013 bytes with state 1
DEBUG 2026-06-09 15:36:10 ort/utils.py:69 [CLIENT] Observation Sent 4194304/4609013 bytes with state 2
DEBUG 2026-06-09 15:36:10 ort/utils.py:69 [CLIENT] Observation Sent 4609013/4609013 bytes with state 3
DEBUG 2026-06-09 15:36:10 ort/utils.py:71 [CLIENT] Observation Published 4.3954973220825195 MB
DEBUG 2026-06-09 15:36:10 t_client.py:209 Sent observation #449 | 
DEBUG 2026-06-09 15:36:10 t_client.py:434 QUEUE SIZE: 8 (Must go: False)
DEBUG 2026-06-09 15:36:10 t_client.py:477 Control loop (ms): 132.78
DEBUG 2026-06-09 15:36:10 follower.py:184 follower_right SOFollower read state: 1.8ms
DEBUG 2026-06-09 15:36:10 follower.py:191 follower_right SOFollower read wrist: 0.0ms
DEBUG 2026-06-09 15:36:10 follower.py:184 follower_left SOFollower read state: 1.6ms
DEBUG 2026-06-09 15:36:10 follower.py:191 follower_left SOFollower read wrist: 0.0ms
DEBUG 2026-06-09 15:36:10 t_client.py:198 Observation serialization time: 0.006269s
DEBUG 2026-06-09 15:36:10 ort/utils.py:54 [CLIENT] Observation Buffer size 4.3954973220825195 MB with
DEBUG 2026-06-09 15:36:10 ort/utils.py:69 [CLIENT] Observation Sent 2097152/4609013 bytes with state 1
DEBUG 2026-06-09 15:36:10 ort/utils.py:69 [CLIENT] Observation Sent 4194304/4609013 bytes with state 2
DEBUG 2026-06-09 15:36:10 ort/utils.py:69 [CLIENT] Observation Sent 4609013/4609013 bytes with state 3
DEBUG 2026-06-09 15:36:10 ort/utils.py:71 [CLIENT] Observation Published 4.3954973220825195 MB
DEBUG 2026-06-09 15:36:10 t_client.py:292 Received actions on device: cpu
DEBUG 2026-06-09 15:36:10 t_client.py:302 Actions kept on device: cpu
DEBUG 2026-06-09 15:36:10 t_client.py:209 Sent observation #450 | 
DEBUG 2026-06-09 15:36:10 t_client.py:434 QUEUE SIZE: 7 (Must go: False)
DEBUG 2026-06-09 15:36:10 t_client.py:477 Control loop (ms): 124.87
DEBUG 2026-06-09 15:36:10 t_client.py:477 Control loop (ms): 1.33
DEBUG 2026-06-09 15:36:10 t_client.py:477 Control loop (ms): 1.39
DEBUG 2026-06-09 15:36:10 t_client.py:477 Control loop (ms): 2.92
DEBUG 2026-06-09 15:36:10 t_client.py:292 Received actions on device: cpu
DEBUG 2026-06-09 15:36:10 t_client.py:302 Actions kept on device: cpu
DEBUG 2026-06-09 15:36:10 t_client.py:477 Control loop (ms): 1.74
DEBUG 2026-06-09 15:36:10 t_client.py:477 Control loop (ms): 2.23
DEBUG 2026-06-09 15:36:10 t_client.py:477 Control loop (ms): 1.83
DEBUG 2026-06-09 15:36:10 follower.py:184 follower_right SOFollower read state: 2.3ms
DEBUG 2026-06-09 15:36:10 follower.py:191 follower_right SOFollower read wrist: 0.0ms
DEBUG 2026-06-09 15:36:10 follower.py:184 follower_left SOFollower read state: 1.9ms
DEBUG 2026-06-09 15:36:10 follower.py:191 follower_left SOFollower read wrist: 0.0ms
DEBUG 2026-06-09 15:36:10 t_client.py:198 Observation serialization time: 0.005041s
DEBUG 2026-06-09 15:36:10 ort/utils.py:54 [CLIENT] Observation Buffer size 4.3954973220825195 MB with
DEBUG 2026-06-09 15:36:10 ort/utils.py:69 [CLIENT] Observation Sent 2097152/4609013 bytes with state 1
DEBUG 2026-06-09 15:36:10 ort/utils.py:69 [CLIENT] Observation Sent 4194304/4609013 bytes with state 2
DEBUG 2026-06-09 15:36:10 ort/utils.py:69 [CLIENT] Observation Sent 4609013/4609013 bytes with state 3
DEBUG 2026-06-09 15:36:10 ort/utils.py:71 [CLIENT] Observation Published 4.3954973220825195 MB
DEBUG 2026-06-09 15:36:10 t_client.py:209 Sent observation #457 | 
DEBUG 2026-06-09 15:36:10 t_client.py:434 QUEUE SIZE: 8 (Must go: False)
DEBUG 2026-06-09 15:36:10 t_client.py:477 Control loop (ms): 102.68
DEBUG 2026-06-09 15:36:10 follower.py:184 follower_right SOFollower read state: 2.0ms
DEBUG 2026-06-09 15:36:10 follower.py:191 follower_right SOFollower read wrist: 0.0ms
DEBUG 2026-06-09 15:36:10 follower.py:184 follower_left SOFollower read state: 1.9ms
DEBUG 2026-06-09 15:36:10 follower.py:191 follower_left SOFollower read wrist: 0.0ms
DEBUG 2026-06-09 15:36:10 t_client.py:198 Observation serialization time: 0.007764s
DEBUG 2026-06-09 15:36:10 ort/utils.py:54 [CLIENT] Observation Buffer size 4.3954973220825195 MB with
DEBUG 2026-06-09 15:36:10 ort/utils.py:69 [CLIENT] Observation Sent 2097152/4609013 bytes with state 1
DEBUG 2026-06-09 15:36:11 ort/utils.py:69 [CLIENT] Observation Sent 4194304/4609013 bytes with state 2
DEBUG 2026-06-09 15:36:11 ort/utils.py:69 [CLIENT] Observation Sent 4609013/4609013 bytes with state 3
DEBUG 2026-06-09 15:36:11 ort/utils.py:71 [CLIENT] Observation Published 4.3954973220825195 MB
DEBUG 2026-06-09 15:36:11 t_client.py:292 Received actions on device: cpu
DEBUG 2026-06-09 15:36:11 t_client.py:302 Actions kept on device: cpu
DEBUG 2026-06-09 15:36:11 t_client.py:209 Sent observation #458 | 
DEBUG 2026-06-09 15:36:11 t_client.py:434 QUEUE SIZE: 7 (Must go: False)
DEBUG 2026-06-09 15:36:11 t_client.py:477 Control loop (ms): 141.07
DEBUG 2026-06-09 15:36:11 t_client.py:477 Control loop (ms): 1.59
DEBUG 2026-06-09 15:36:11 t_client.py:477 Control loop (ms): 2.13
DEBUG 2026-06-09 15:36:11 t_client.py:477 Control loop (ms): 1.86
DEBUG 2026-06-09 15:36:11 t_client.py:292 Received actions on device: cpu
DEBUG 2026-06-09 15:36:11 t_client.py:302 Actions kept on device: cpu
DEBUG 2026-06-09 15:36:11 t_client.py:477 Control loop (ms): 1.99
DEBUG 2026-06-09 15:36:11 t_client.py:477 Control loop (ms): 1.64
DEBUG 2026-06-09 15:36:11 t_client.py:477 Control loop (ms): 2.09
DEBUG 2026-06-09 15:36:11 follower.py:184 follower_right SOFollower read state: 2.3ms
DEBUG 2026-06-09 15:36:11 follower.py:191 follower_right SOFollower read wrist: 0.0ms
DEBUG 2026-06-09 15:36:11 follower.py:184 follower_left SOFollower read state: 1.8ms
DEBUG 2026-06-09 15:36:11 follower.py:191 follower_left SOFollower read wrist: 0.0ms
DEBUG 2026-06-09 15:36:11 t_client.py:198 Observation serialization time: 0.006350s
DEBUG 2026-06-09 15:36:11 ort/utils.py:54 [CLIENT] Observation Buffer size 4.3954973220825195 MB with
DEBUG 2026-06-09 15:36:11 ort/utils.py:69 [CLIENT] Observation Sent 2097152/4609013 bytes with state 1
DEBUG 2026-06-09 15:36:11 ort/utils.py:69 [CLIENT] Observation Sent 4194304/4609013 bytes with state 2
DEBUG 2026-06-09 15:36:11 ort/utils.py:69 [CLIENT] Observation Sent 4609013/4609013 bytes with state 3
DEBUG 2026-06-09 15:36:11 ort/utils.py:71 [CLIENT] Observation Published 4.3954973220825195 MB
DEBUG 2026-06-09 15:36:11 t_client.py:209 Sent observation #465 | 
DEBUG 2026-06-09 15:36:11 t_client.py:434 QUEUE SIZE: 8 (Must go: False)
DEBUG 2026-06-09 15:36:11 t_client.py:477 Control loop (ms): 106.80
DEBUG 2026-06-09 15:36:11 follower.py:184 follower_right SOFollower read state: 2.1ms
DEBUG 2026-06-09 15:36:11 follower.py:191 follower_right SOFollower read wrist: 0.0ms
DEBUG 2026-06-09 15:36:11 follower.py:184 follower_left SOFollower read state: 1.7ms
DEBUG 2026-06-09 15:36:11 follower.py:191 follower_left SOFollower read wrist: 0.0ms
DEBUG 2026-06-09 15:36:11 t_client.py:198 Observation serialization time: 0.006840s
DEBUG 2026-06-09 15:36:11 ort/utils.py:54 [CLIENT] Observation Buffer size 4.3954973220825195 MB with
DEBUG 2026-06-09 15:36:11 ort/utils.py:69 [CLIENT] Observation Sent 2097152/4609013 bytes with state 1
DEBUG 2026-06-09 15:36:11 ort/utils.py:69 [CLIENT] Observation Sent 4194304/4609013 bytes with state 2
DEBUG 2026-06-09 15:36:11 ort/utils.py:69 [CLIENT] Observation Sent 4609013/4609013 bytes with state 3
DEBUG 2026-06-09 15:36:11 ort/utils.py:71 [CLIENT] Observation Published 4.3954973220825195 MB
DEBUG 2026-06-09 15:36:11 t_client.py:209 Sent observation #466 | 
DEBUG 2026-06-09 15:36:11 t_client.py:434 QUEUE SIZE: 7 (Must go: False)
DEBUG 2026-06-09 15:36:11 t_client.py:477 Control loop (ms): 106.87
DEBUG 2026-06-09 15:36:11 t_client.py:292 Received actions on device: cpu
DEBUG 2026-06-09 15:36:11 t_client.py:302 Actions kept on device: cpu
DEBUG 2026-06-09 15:36:11 follower.py:184 follower_right SOFollower read state: 2.7ms
DEBUG 2026-06-09 15:36:11 follower.py:191 follower_right SOFollower read wrist: 0.1ms
DEBUG 2026-06-09 15:36:11 follower.py:184 follower_left SOFollower read state: 1.9ms
DEBUG 2026-06-09 15:36:11 follower.py:191 follower_left SOFollower read wrist: 0.0ms
DEBUG 2026-06-09 15:36:11 t_client.py:198 Observation serialization time: 0.009867s
DEBUG 2026-06-09 15:36:11 ort/utils.py:54 [CLIENT] Observation Buffer size 4.3954973220825195 MB with
DEBUG 2026-06-09 15:36:11 ort/utils.py:69 [CLIENT] Observation Sent 2097152/4609013 bytes with state 1
DEBUG 2026-06-09 15:36:11 ort/utils.py:69 [CLIENT] Observation Sent 4194304/4609013 bytes with state 2
DEBUG 2026-06-09 15:36:11 ort/utils.py:69 [CLIENT] Observation Sent 4609013/4609013 bytes with state 3
DEBUG 2026-06-09 15:36:11 ort/utils.py:71 [CLIENT] Observation Published 4.3954973220825195 MB
DEBUG 2026-06-09 15:36:11 t_client.py:292 Received actions on device: cpu
DEBUG 2026-06-09 15:36:11 t_client.py:302 Actions kept on device: cpu
DEBUG 2026-06-09 15:36:11 t_client.py:209 Sent observation #467 | 
DEBUG 2026-06-09 15:36:11 t_client.py:434 QUEUE SIZE: 13 (Must go: False)
DEBUG 2026-06-09 15:36:11 t_client.py:477 Control loop (ms): 128.88
DEBUG 2026-06-09 15:36:11 t_client.py:477 Control loop (ms): 0.80
DEBUG 2026-06-09 15:36:11 t_client.py:477 Control loop (ms): 0.37
DEBUG 2026-06-09 15:36:11 t_client.py:477 Control loop (ms): 1.71
DEBUG 2026-06-09 15:36:11 t_client.py:292 Received actions on device: cpu
DEBUG 2026-06-09 15:36:11 t_client.py:302 Actions kept on device: cpu
DEBUG 2026-06-09 15:36:11 t_client.py:477 Control loop (ms): 2.55
DEBUG 2026-06-09 15:36:11 t_client.py:477 Control loop (ms): 1.73
DEBUG 2026-06-09 15:36:11 t_client.py:477 Control loop (ms): 2.09
DEBUG 2026-06-09 15:36:11 follower.py:184 follower_right SOFollower read state: 1.9ms
DEBUG 2026-06-09 15:36:11 follower.py:191 follower_right SOFollower read wrist: 0.0ms
DEBUG 2026-06-09 15:36:11 follower.py:184 follower_left SOFollower read state: 1.9ms
DEBUG 2026-06-09 15:36:11 follower.py:191 follower_left SOFollower read wrist: 0.0ms
DEBUG 2026-06-09 15:36:11 t_client.py:198 Observation serialization time: 0.010214s
DEBUG 2026-06-09 15:36:11 ort/utils.py:54 [CLIENT] Observation Buffer size 4.3954973220825195 MB with
DEBUG 2026-06-09 15:36:11 ort/utils.py:69 [CLIENT] Observation Sent 2097152/4609013 bytes with state 1
DEBUG 2026-06-09 15:36:11 ort/utils.py:69 [CLIENT] Observation Sent 4194304/4609013 bytes with state 2
DEBUG 2026-06-09 15:36:11 ort/utils.py:69 [CLIENT] Observation Sent 4609013/4609013 bytes with state 3
DEBUG 2026-06-09 15:36:11 ort/utils.py:71 [CLIENT] Observation Published 4.3954973220825195 MB
DEBUG 2026-06-09 15:36:11 t_client.py:209 Sent observation #474 | 
DEBUG 2026-06-09 15:36:11 t_client.py:434 QUEUE SIZE: 8 (Must go: False)
DEBUG 2026-06-09 15:36:11 t_client.py:477 Control loop (ms): 104.05
DEBUG 2026-06-09 15:36:11 follower.py:184 follower_right SOFollower read state: 2.1ms
DEBUG 2026-06-09 15:36:11 follower.py:191 follower_right SOFollower read wrist: 0.0ms
DEBUG 2026-06-09 15:36:11 follower.py:184 follower_left SOFollower read state: 2.0ms
DEBUG 2026-06-09 15:36:11 follower.py:191 follower_left SOFollower read wrist: 0.0ms
DEBUG 2026-06-09 15:36:11 t_client.py:198 Observation serialization time: 0.009688s
DEBUG 2026-06-09 15:36:11 ort/utils.py:54 [CLIENT] Observation Buffer size 4.3954973220825195 MB with
DEBUG 2026-06-09 15:36:11 ort/utils.py:69 [CLIENT] Observation Sent 2097152/4609013 bytes with state 1
DEBUG 2026-06-09 15:36:12 ort/utils.py:69 [CLIENT] Observation Sent 4194304/4609013 bytes with state 2
DEBUG 2026-06-09 15:36:12 ort/utils.py:69 [CLIENT] Observation Sent 4609013/4609013 bytes with state 3
DEBUG 2026-06-09 15:36:12 ort/utils.py:71 [CLIENT] Observation Published 4.3954973220825195 MB
DEBUG 2026-06-09 15:36:12 t_client.py:292 Received actions on device: cpu
DEBUG 2026-06-09 15:36:12 t_client.py:302 Actions kept on device: cpu
DEBUG 2026-06-09 15:36:12 t_client.py:209 Sent observation #475 | 
DEBUG 2026-06-09 15:36:12 t_client.py:434 QUEUE SIZE: 7 (Must go: False)
DEBUG 2026-06-09 15:36:12 t_client.py:477 Control loop (ms): 119.60
DEBUG 2026-06-09 15:36:12 t_client.py:477 Control loop (ms): 1.47
DEBUG 2026-06-09 15:36:12 t_client.py:477 Control loop (ms): 1.15
DEBUG 2026-06-09 15:36:12 t_client.py:477 Control loop (ms): 1.50
DEBUG 2026-06-09 15:36:12 t_client.py:292 Received actions on device: cpu
DEBUG 2026-06-09 15:36:12 t_client.py:302 Actions kept on device: cpu
DEBUG 2026-06-09 15:36:12 t_client.py:477 Control loop (ms): 2.01
DEBUG 2026-06-09 15:36:12 t_client.py:477 Control loop (ms): 1.69
DEBUG 2026-06-09 15:36:12 t_client.py:477 Control loop (ms): 2.00
DEBUG 2026-06-09 15:36:12 follower.py:184 follower_right SOFollower read state: 2.4ms
DEBUG 2026-06-09 15:36:12 follower.py:191 follower_right SOFollower read wrist: 0.0ms
DEBUG 2026-06-09 15:36:12 follower.py:184 follower_left SOFollower read state: 2.1ms
DEBUG 2026-06-09 15:36:12 follower.py:191 follower_left SOFollower read wrist: 0.0ms
DEBUG 2026-06-09 15:36:12 t_client.py:198 Observation serialization time: 0.011078s
DEBUG 2026-06-09 15:36:12 ort/utils.py:54 [CLIENT] Observation Buffer size 4.3954973220825195 MB with
DEBUG 2026-06-09 15:36:12 ort/utils.py:69 [CLIENT] Observation Sent 2097152/4609013 bytes with state 1
DEBUG 2026-06-09 15:36:12 ort/utils.py:69 [CLIENT] Observation Sent 4194304/4609013 bytes with state 2
DEBUG 2026-06-09 15:36:12 ort/utils.py:69 [CLIENT] Observation Sent 4609013/4609013 bytes with state 3
DEBUG 2026-06-09 15:36:12 ort/utils.py:71 [CLIENT] Observation Published 4.3954973220825195 MB
DEBUG 2026-06-09 15:36:12 t_client.py:209 Sent observation #482 | 
DEBUG 2026-06-09 15:36:12 t_client.py:434 QUEUE SIZE: 8 (Must go: False)
DEBUG 2026-06-09 15:36:12 t_client.py:477 Control loop (ms): 126.08
DEBUG 2026-06-09 15:36:12 follower.py:184 follower_right SOFollower read state: 2.1ms
DEBUG 2026-06-09 15:36:12 follower.py:191 follower_right SOFollower read wrist: 0.0ms
DEBUG 2026-06-09 15:36:12 follower.py:184 follower_left SOFollower read state: 1.5ms
DEBUG 2026-06-09 15:36:12 follower.py:191 follower_left SOFollower read wrist: 0.0ms
DEBUG 2026-06-09 15:36:12 t_client.py:198 Observation serialization time: 0.004219s
DEBUG 2026-06-09 15:36:12 ort/utils.py:54 [CLIENT] Observation Buffer size 4.3954973220825195 MB with
DEBUG 2026-06-09 15:36:12 ort/utils.py:69 [CLIENT] Observation Sent 2097152/4609013 bytes with state 1
DEBUG 2026-06-09 15:36:12 ort/utils.py:69 [CLIENT] Observation Sent 4194304/4609013 bytes with state 2
DEBUG 2026-06-09 15:36:12 ort/utils.py:69 [CLIENT] Observation Sent 4609013/4609013 bytes with state 3
DEBUG 2026-06-09 15:36:12 ort/utils.py:71 [CLIENT] Observation Published 4.3954973220825195 MB
DEBUG 2026-06-09 15:36:12 t_client.py:209 Sent observation #483 | 
DEBUG 2026-06-09 15:36:12 t_client.py:434 QUEUE SIZE: 7 (Must go: False)
DEBUG 2026-06-09 15:36:12 t_client.py:477 Control loop (ms): 94.91
DEBUG 2026-06-09 15:36:12 t_client.py:292 Received actions on device: cpu
DEBUG 2026-06-09 15:36:12 t_client.py:302 Actions kept on device: cpu
DEBUG 2026-06-09 15:36:12 follower.py:184 follower_right SOFollower read state: 2.2ms
DEBUG 2026-06-09 15:36:12 follower.py:191 follower_right SOFollower read wrist: 0.0ms
DEBUG 2026-06-09 15:36:12 follower.py:184 follower_left SOFollower read state: 1.8ms
DEBUG 2026-06-09 15:36:12 follower.py:191 follower_left SOFollower read wrist: 0.0ms
DEBUG 2026-06-09 15:36:12 t_client.py:198 Observation serialization time: 0.008269s
DEBUG 2026-06-09 15:36:12 ort/utils.py:54 [CLIENT] Observation Buffer size 4.3954973220825195 MB with
DEBUG 2026-06-09 15:36:12 ort/utils.py:69 [CLIENT] Observation Sent 2097152/4609013 bytes with state 1
DEBUG 2026-06-09 15:36:12 ort/utils.py:69 [CLIENT] Observation Sent 4194304/4609013 bytes with state 2
DEBUG 2026-06-09 15:36:12 ort/utils.py:69 [CLIENT] Observation Sent 4609013/4609013 bytes with state 3
DEBUG 2026-06-09 15:36:12 ort/utils.py:71 [CLIENT] Observation Published 4.3954973220825195 MB
DEBUG 2026-06-09 15:36:12 t_client.py:292 Received actions on device: cpu
DEBUG 2026-06-09 15:36:12 t_client.py:209 Sent observation #484 | 
DEBUG 2026-06-09 15:36:12 t_client.py:302 Actions kept on device: cpu
DEBUG 2026-06-09 15:36:12 t_client.py:434 QUEUE SIZE: 13 (Must go: False)
DEBUG 2026-06-09 15:36:12 t_client.py:477 Control loop (ms): 126.15
DEBUG 2026-06-09 15:36:12 t_client.py:477 Control loop (ms): 2.12
DEBUG 2026-06-09 15:36:12 t_client.py:477 Control loop (ms): 1.71
DEBUG 2026-06-09 15:36:12 t_client.py:477 Control loop (ms): 2.14
DEBUG 2026-06-09 15:36:12 t_client.py:477 Control loop (ms): 2.85
DEBUG 2026-06-09 15:36:12 t_client.py:292 Received actions on device: cpu
DEBUG 2026-06-09 15:36:12 t_client.py:302 Actions kept on device: cpu
DEBUG 2026-06-09 15:36:12 t_client.py:477 Control loop (ms): 1.09
DEBUG 2026-06-09 15:36:12 t_client.py:477 Control loop (ms): 1.37
DEBUG 2026-06-09 15:36:12 t_client.py:477 Control loop (ms): 1.60
DEBUG 2026-06-09 15:36:12 follower.py:184 follower_right SOFollower read state: 1.7ms
DEBUG 2026-06-09 15:36:12 follower.py:191 follower_right SOFollower read wrist: 0.0ms
DEBUG 2026-06-09 15:36:12 follower.py:184 follower_left SOFollower read state: 1.8ms
DEBUG 2026-06-09 15:36:12 follower.py:191 follower_left SOFollower read wrist: 0.0ms
DEBUG 2026-06-09 15:36:12 t_client.py:198 Observation serialization time: 0.010148s
DEBUG 2026-06-09 15:36:12 ort/utils.py:54 [CLIENT] Observation Buffer size 4.3954973220825195 MB with
DEBUG 2026-06-09 15:36:12 ort/utils.py:69 [CLIENT] Observation Sent 2097152/4609013 bytes with state 1
DEBUG 2026-06-09 15:36:12 ort/utils.py:69 [CLIENT] Observation Sent 4194304/4609013 bytes with state 2
DEBUG 2026-06-09 15:36:12 ort/utils.py:69 [CLIENT] Observation Sent 4609013/4609013 bytes with state 3
DEBUG 2026-06-09 15:36:12 ort/utils.py:71 [CLIENT] Observation Published 4.3954973220825195 MB
DEBUG 2026-06-09 15:36:12 t_client.py:209 Sent observation #491 | 
DEBUG 2026-06-09 15:36:12 t_client.py:434 QUEUE SIZE: 8 (Must go: False)
DEBUG 2026-06-09 15:36:12 t_client.py:477 Control loop (ms): 100.37
DEBUG 2026-06-09 15:36:12 follower.py:184 follower_right SOFollower read state: 1.6ms
DEBUG 2026-06-09 15:36:12 follower.py:191 follower_right SOFollower read wrist: 0.0ms
DEBUG 2026-06-09 15:36:12 follower.py:184 follower_left SOFollower read state: 1.6ms
DEBUG 2026-06-09 15:36:12 follower.py:191 follower_left SOFollower read wrist: 0.0ms
DEBUG 2026-06-09 15:36:12 t_client.py:198 Observation serialization time: 0.009084s
DEBUG 2026-06-09 15:36:12 ort/utils.py:54 [CLIENT] Observation Buffer size 4.3954973220825195 MB with
DEBUG 2026-06-09 15:36:12 ort/utils.py:69 [CLIENT] Observation Sent 2097152/4609013 bytes with state 1
DEBUG 2026-06-09 15:36:12 ort/utils.py:69 [CLIENT] Observation Sent 4194304/4609013 bytes with state 2
DEBUG 2026-06-09 15:36:12 ort/utils.py:69 [CLIENT] Observation Sent 4609013/4609013 bytes with state 3
DEBUG 2026-06-09 15:36:12 ort/utils.py:71 [CLIENT] Observation Published 4.3954973220825195 MB
DEBUG 2026-06-09 15:36:13 t_client.py:209 Sent observation #492 | 
DEBUG 2026-06-09 15:36:13 t_client.py:434 QUEUE SIZE: 7 (Must go: False)
DEBUG 2026-06-09 15:36:13 t_client.py:477 Control loop (ms): 95.64
DEBUG 2026-06-09 15:36:13 follower.py:184 follower_right SOFollower read state: 4.7ms
DEBUG 2026-06-09 15:36:13 follower.py:191 follower_right SOFollower read wrist: 0.1ms
DEBUG 2026-06-09 15:36:13 t_client.py:292 Received actions on device: cpu
DEBUG 2026-06-09 15:36:13 follower.py:184 follower_left SOFollower read state: 2.0ms
DEBUG 2026-06-09 15:36:13 t_client.py:302 Actions kept on device: cpu
DEBUG 2026-06-09 15:36:13 follower.py:191 follower_left SOFollower read wrist: 0.0ms
DEBUG 2026-06-09 15:36:13 t_client.py:198 Observation serialization time: 0.008234s
DEBUG 2026-06-09 15:36:13 ort/utils.py:54 [CLIENT] Observation Buffer size 4.3954973220825195 MB with
DEBUG 2026-06-09 15:36:13 ort/utils.py:69 [CLIENT] Observation Sent 2097152/4609013 bytes with state 1
DEBUG 2026-06-09 15:36:13 ort/utils.py:69 [CLIENT] Observation Sent 4194304/4609013 bytes with state 2
DEBUG 2026-06-09 15:36:13 ort/utils.py:69 [CLIENT] Observation Sent 4609013/4609013 bytes with state 3
DEBUG 2026-06-09 15:36:13 ort/utils.py:71 [CLIENT] Observation Published 4.3954973220825195 MB
DEBUG 2026-06-09 15:36:13 t_client.py:209 Sent observation #493 | 
DEBUG 2026-06-09 15:36:13 t_client.py:434 QUEUE SIZE: 6 (Must go: False)
DEBUG 2026-06-09 15:36:13 t_client.py:477 Control loop (ms): 131.13
DEBUG 2026-06-09 15:36:13 t_client.py:292 Received actions on device: cpu
DEBUG 2026-06-09 15:36:13 t_client.py:302 Actions kept on device: cpu
DEBUG 2026-06-09 15:36:13 t_client.py:477 Control loop (ms): 9.55
DEBUG 2026-06-09 15:36:13 t_client.py:477 Control loop (ms): 2.75
DEBUG 2026-06-09 15:36:13 t_client.py:477 Control loop (ms): 2.48
DEBUG 2026-06-09 15:36:13 t_client.py:477 Control loop (ms): 6.20
DEBUG 2026-06-09 15:36:13 t_client.py:292 Received actions on device: cpu
DEBUG 2026-06-09 15:36:13 t_client.py:302 Actions kept on device: cpu
DEBUG 2026-06-09 15:36:13 t_client.py:477 Control loop (ms): 1.00
DEBUG 2026-06-09 15:36:13 t_client.py:477 Control loop (ms): 2.23
DEBUG 2026-06-09 15:36:13 t_client.py:477 Control loop (ms): 2.31
DEBUG 2026-06-09 15:36:13 follower.py:184 follower_right SOFollower read state: 2.3ms
DEBUG 2026-06-09 15:36:13 follower.py:191 follower_right SOFollower read wrist: 0.0ms
DEBUG 2026-06-09 15:36:13 follower.py:184 follower_left SOFollower read state: 2.4ms
DEBUG 2026-06-09 15:36:13 follower.py:191 follower_left SOFollower read wrist: 0.0ms
DEBUG 2026-06-09 15:36:13 t_client.py:198 Observation serialization time: 0.011366s
DEBUG 2026-06-09 15:36:13 ort/utils.py:54 [CLIENT] Observation Buffer size 4.3954973220825195 MB with
DEBUG 2026-06-09 15:36:13 ort/utils.py:69 [CLIENT] Observation Sent 2097152/4609013 bytes with state 1
DEBUG 2026-06-09 15:36:13 ort/utils.py:69 [CLIENT] Observation Sent 4194304/4609013 bytes with state 2
DEBUG 2026-06-09 15:36:13 ort/utils.py:69 [CLIENT] Observation Sent 4609013/4609013 bytes with state 3
DEBUG 2026-06-09 15:36:13 ort/utils.py:71 [CLIENT] Observation Published 4.3954973220825195 MB
DEBUG 2026-06-09 15:36:13 t_client.py:209 Sent observation #500 | 
DEBUG 2026-06-09 15:36:13 t_client.py:434 QUEUE SIZE: 8 (Must go: False)
DEBUG 2026-06-09 15:36:13 t_client.py:477 Control loop (ms): 111.11
DEBUG 2026-06-09 15:36:13 follower.py:184 follower_right SOFollower read state: 1.8ms
DEBUG 2026-06-09 15:36:13 follower.py:191 follower_right SOFollower read wrist: 0.0ms
DEBUG 2026-06-09 15:36:13 follower.py:184 follower_left SOFollower read state: 2.1ms
DEBUG 2026-06-09 15:36:13 follower.py:191 follower_left SOFollower read wrist: 0.0ms
DEBUG 2026-06-09 15:36:13 t_client.py:198 Observation serialization time: 0.008826s
DEBUG 2026-06-09 15:36:13 ort/utils.py:54 [CLIENT] Observation Buffer size 4.3954973220825195 MB with
DEBUG 2026-06-09 15:36:13 ort/utils.py:69 [CLIENT] Observation Sent 2097152/4609013 bytes with state 1
DEBUG 2026-06-09 15:36:13 ort/utils.py:69 [CLIENT] Observation Sent 4194304/4609013 bytes with state 2
DEBUG 2026-06-09 15:36:13 ort/utils.py:69 [CLIENT] Observation Sent 4609013/4609013 bytes with state 3
DEBUG 2026-06-09 15:36:13 ort/utils.py:71 [CLIENT] Observation Published 4.3954973220825195 MB
DEBUG 2026-06-09 15:36:13 t_client.py:292 Received actions on device: cpu
DEBUG 2026-06-09 15:36:13 t_client.py:302 Actions kept on device: cpu
DEBUG 2026-06-09 15:36:13 t_client.py:209 Sent observation #501 | 
DEBUG 2026-06-09 15:36:13 t_client.py:434 QUEUE SIZE: 7 (Must go: False)
DEBUG 2026-06-09 15:36:13 t_client.py:477 Control loop (ms): 112.53
DEBUG 2026-06-09 15:36:13 t_client.py:477 Control loop (ms): 1.85
DEBUG 2026-06-09 15:36:13 t_client.py:477 Control loop (ms): 2.45
DEBUG 2026-06-09 15:36:13 t_client.py:477 Control loop (ms): 5.35
DEBUG 2026-06-09 15:36:13 t_client.py:292 Received actions on device: cpu
DEBUG 2026-06-09 15:36:13 t_client.py:302 Actions kept on device: cpu
DEBUG 2026-06-09 15:36:13 t_client.py:477 Control loop (ms): 2.01
DEBUG 2026-06-09 15:36:13 t_client.py:477 Control loop (ms): 2.12
DEBUG 2026-06-09 15:36:13 t_client.py:477 Control loop (ms): 1.92
DEBUG 2026-06-09 15:36:13 follower.py:184 follower_right SOFollower read state: 2.2ms
DEBUG 2026-06-09 15:36:13 follower.py:191 follower_right SOFollower read wrist: 0.0ms
DEBUG 2026-06-09 15:36:13 follower.py:184 follower_left SOFollower read state: 2.5ms
DEBUG 2026-06-09 15:36:13 follower.py:191 follower_left SOFollower read wrist: 0.0ms
DEBUG 2026-06-09 15:36:13 t_client.py:198 Observation serialization time: 0.006496s
DEBUG 2026-06-09 15:36:13 ort/utils.py:54 [CLIENT] Observation Buffer size 4.3954973220825195 MB with
DEBUG 2026-06-09 15:36:13 ort/utils.py:69 [CLIENT] Observation Sent 2097152/4609013 bytes with state 1
DEBUG 2026-06-09 15:36:13 ort/utils.py:69 [CLIENT] Observation Sent 4194304/4609013 bytes with state 2
DEBUG 2026-06-09 15:36:13 ort/utils.py:69 [CLIENT] Observation Sent 4609013/4609013 bytes with state 3
DEBUG 2026-06-09 15:36:13 ort/utils.py:71 [CLIENT] Observation Published 4.3954973220825195 MB
DEBUG 2026-06-09 15:36:13 t_client.py:209 Sent observation #508 | 
DEBUG 2026-06-09 15:36:13 t_client.py:434 QUEUE SIZE: 8 (Must go: False)
DEBUG 2026-06-09 15:36:13 t_client.py:477 Control loop (ms): 133.40
DEBUG 2026-06-09 15:36:13 follower.py:184 follower_right SOFollower read state: 2.2ms
DEBUG 2026-06-09 15:36:13 follower.py:191 follower_right SOFollower read wrist: 0.0ms
DEBUG 2026-06-09 15:36:13 follower.py:184 follower_left SOFollower read state: 1.9ms
DEBUG 2026-06-09 15:36:13 follower.py:191 follower_left SOFollower read wrist: 0.0ms
DEBUG 2026-06-09 15:36:13 t_client.py:198 Observation serialization time: 0.008780s
DEBUG 2026-06-09 15:36:13 ort/utils.py:54 [CLIENT] Observation Buffer size 4.3954973220825195 MB with
DEBUG 2026-06-09 15:36:13 ort/utils.py:69 [CLIENT] Observation Sent 2097152/4609013 bytes with state 1
DEBUG 2026-06-09 15:36:14 ort/utils.py:69 [CLIENT] Observation Sent 4194304/4609013 bytes with state 2
DEBUG 2026-06-09 15:36:14 ort/utils.py:69 [CLIENT] Observation Sent 4609013/4609013 bytes with state 3
DEBUG 2026-06-09 15:36:14 ort/utils.py:71 [CLIENT] Observation Published 4.3954973220825195 MB
DEBUG 2026-06-09 15:36:14 t_client.py:209 Sent observation #509 | 
DEBUG 2026-06-09 15:36:14 t_client.py:434 QUEUE SIZE: 7 (Must go: False)
DEBUG 2026-06-09 15:36:14 t_client.py:477 Control loop (ms): 122.22
DEBUG 2026-06-09 15:36:14 t_client.py:292 Received actions on device: cpu
DEBUG 2026-06-09 15:36:14 t_client.py:302 Actions kept on device: cpu
DEBUG 2026-06-09 15:36:14 follower.py:184 follower_right SOFollower read state: 2.2ms
DEBUG 2026-06-09 15:36:14 follower.py:191 follower_right SOFollower read wrist: 0.0ms
DEBUG 2026-06-09 15:36:14 follower.py:184 follower_left SOFollower read state: 1.8ms
DEBUG 2026-06-09 15:36:14 follower.py:191 follower_left SOFollower read wrist: 0.0ms
DEBUG 2026-06-09 15:36:14 t_client.py:198 Observation serialization time: 0.005748s
DEBUG 2026-06-09 15:36:14 ort/utils.py:54 [CLIENT] Observation Buffer size 4.3954973220825195 MB with
DEBUG 2026-06-09 15:36:14 ort/utils.py:69 [CLIENT] Observation Sent 2097152/4609013 bytes with state 1
DEBUG 2026-06-09 15:36:14 ort/utils.py:69 [CLIENT] Observation Sent 4194304/4609013 bytes with state 2
DEBUG 2026-06-09 15:36:14 ort/utils.py:69 [CLIENT] Observation Sent 4609013/4609013 bytes with state 3
DEBUG 2026-06-09 15:36:14 ort/utils.py:71 [CLIENT] Observation Published 4.3954973220825195 MB
DEBUG 2026-06-09 15:36:14 t_client.py:209 Sent observation #510 | 
DEBUG 2026-06-09 15:36:14 t_client.py:292 Received actions on device: cpu
DEBUG 2026-06-09 15:36:14 t_client.py:434 QUEUE SIZE: 14 (Must go: False)
DEBUG 2026-06-09 15:36:14 t_client.py:302 Actions kept on device: cpu
DEBUG 2026-06-09 15:36:14 t_client.py:477 Control loop (ms): 162.95
DEBUG 2026-06-09 15:36:14 t_client.py:477 Control loop (ms): 3.84
DEBUG 2026-06-09 15:36:14 t_client.py:477 Control loop (ms): 2.93
DEBUG 2026-06-09 15:36:14 t_client.py:477 Control loop (ms): 2.34
DEBUG 2026-06-09 15:36:14 t_client.py:292 Received actions on device: cpu
DEBUG 2026-06-09 15:36:14 t_client.py:302 Actions kept on device: cpu
DEBUG 2026-06-09 15:36:14 t_client.py:477 Control loop (ms): 4.13
DEBUG 2026-06-09 15:36:14 t_client.py:477 Control loop (ms): 1.37
DEBUG 2026-06-09 15:36:14 t_client.py:477 Control loop (ms): 1.75
DEBUG 2026-06-09 15:36:14 t_client.py:477 Control loop (ms): 2.06
DEBUG 2026-06-09 15:36:14 t_client.py:477 Control loop (ms): 2.11
DEBUG 2026-06-09 15:36:14 follower.py:184 follower_right SOFollower read state: 2.1ms
DEBUG 2026-06-09 15:36:14 follower.py:191 follower_right SOFollower read wrist: 0.0ms
DEBUG 2026-06-09 15:36:14 follower.py:184 follower_left SOFollower read state: 2.7ms
DEBUG 2026-06-09 15:36:14 follower.py:191 follower_left SOFollower read wrist: 0.1ms
DEBUG 2026-06-09 15:36:14 t_client.py:198 Observation serialization time: 0.007852s
DEBUG 2026-06-09 15:36:14 ort/utils.py:54 [CLIENT] Observation Buffer size 4.3954973220825195 MB with
DEBUG 2026-06-09 15:36:14 ort/utils.py:69 [CLIENT] Observation Sent 2097152/4609013 bytes with state 1
DEBUG 2026-06-09 15:36:14 ort/utils.py:69 [CLIENT] Observation Sent 4194304/4609013 bytes with state 2
DEBUG 2026-06-09 15:36:14 ort/utils.py:69 [CLIENT] Observation Sent 4609013/4609013 bytes with state 3
DEBUG 2026-06-09 15:36:14 ort/utils.py:71 [CLIENT] Observation Published 4.3954973220825195 MB
DEBUG 2026-06-09 15:36:14 t_client.py:209 Sent observation #517 | 
DEBUG 2026-06-09 15:36:14 t_client.py:434 QUEUE SIZE: 8 (Must go: False)
DEBUG 2026-06-09 15:36:14 t_client.py:477 Control loop (ms): 145.86
DEBUG 2026-06-09 15:36:14 follower.py:184 follower_right SOFollower read state: 2.9ms
DEBUG 2026-06-09 15:36:14 follower.py:191 follower_right SOFollower read wrist: 0.2ms
DEBUG 2026-06-09 15:36:14 follower.py:184 follower_left SOFollower read state: 2.5ms
DEBUG 2026-06-09 15:36:14 follower.py:191 follower_left SOFollower read wrist: 0.0ms
DEBUG 2026-06-09 15:36:14 t_client.py:198 Observation serialization time: 0.010380s
DEBUG 2026-06-09 15:36:14 ort/utils.py:54 [CLIENT] Observation Buffer size 4.3954973220825195 MB with
DEBUG 2026-06-09 15:36:14 ort/utils.py:69 [CLIENT] Observation Sent 2097152/4609013 bytes with state 1
DEBUG 2026-06-09 15:36:14 ort/utils.py:69 [CLIENT] Observation Sent 4194304/4609013 bytes with state 2
DEBUG 2026-06-09 15:36:14 ort/utils.py:69 [CLIENT] Observation Sent 4609013/4609013 bytes with state 3
DEBUG 2026-06-09 15:36:14 ort/utils.py:71 [CLIENT] Observation Published 4.3954973220825195 MB
DEBUG 2026-06-09 15:36:14 t_client.py:292 Received actions on device: cpu
DEBUG 2026-06-09 15:36:14 t_client.py:302 Actions kept on device: cpu
DEBUG 2026-06-09 15:36:14 t_client.py:209 Sent observation #518 | 
DEBUG 2026-06-09 15:36:14 t_client.py:434 QUEUE SIZE: 7 (Must go: False)
DEBUG 2026-06-09 15:36:14 t_client.py:477 Control loop (ms): 138.91
DEBUG 2026-06-09 15:36:14 t_client.py:477 Control loop (ms): 1.52
DEBUG 2026-06-09 15:36:14 t_client.py:477 Control loop (ms): 1.84
DEBUG 2026-06-09 15:36:14 t_client.py:477 Control loop (ms): 1.84
DEBUG 2026-06-09 15:36:14 t_client.py:292 Received actions on device: cpu
DEBUG 2026-06-09 15:36:14 t_client.py:302 Actions kept on device: cpu
DEBUG 2026-06-09 15:36:14 t_client.py:477 Control loop (ms): 2.23
DEBUG 2026-06-09 15:36:14 t_client.py:477 Control loop (ms): 2.66
DEBUG 2026-06-09 15:36:14 t_client.py:477 Control loop (ms): 1.50
DEBUG 2026-06-09 15:36:14 follower.py:184 follower_right SOFollower read state: 2.2ms
DEBUG 2026-06-09 15:36:14 follower.py:191 follower_right SOFollower read wrist: 0.0ms
DEBUG 2026-06-09 15:36:15 follower.py:184 follower_left SOFollower read state: 2.2ms
DEBUG 2026-06-09 15:36:15 follower.py:191 follower_left SOFollower read wrist: 0.0ms
DEBUG 2026-06-09 15:36:15 t_client.py:198 Observation serialization time: 0.007493s
DEBUG 2026-06-09 15:36:15 ort/utils.py:54 [CLIENT] Observation Buffer size 4.3954973220825195 MB with
DEBUG 2026-06-09 15:36:15 ort/utils.py:69 [CLIENT] Observation Sent 2097152/4609013 bytes with state 1
DEBUG 2026-06-09 15:36:15 ort/utils.py:69 [CLIENT] Observation Sent 4194304/4609013 bytes with state 2
DEBUG 2026-06-09 15:36:15 ort/utils.py:69 [CLIENT] Observation Sent 4609013/4609013 bytes with state 3
DEBUG 2026-06-09 15:36:15 ort/utils.py:71 [CLIENT] Observation Published 4.3954973220825195 MB
DEBUG 2026-06-09 15:36:15 t_client.py:209 Sent observation #525 | 
DEBUG 2026-06-09 15:36:15 t_client.py:434 QUEUE SIZE: 8 (Must go: False)
DEBUG 2026-06-09 15:36:15 t_client.py:477 Control loop (ms): 106.67
DEBUG 2026-06-09 15:36:15 follower.py:184 follower_right SOFollower read state: 2.2ms
DEBUG 2026-06-09 15:36:15 follower.py:191 follower_right SOFollower read wrist: 0.0ms
DEBUG 2026-06-09 15:36:15 follower.py:184 follower_left SOFollower read state: 1.8ms
DEBUG 2026-06-09 15:36:15 follower.py:191 follower_left SOFollower read wrist: 0.0ms
DEBUG 2026-06-09 15:36:15 t_client.py:198 Observation serialization time: 0.006071s
DEBUG 2026-06-09 15:36:15 ort/utils.py:54 [CLIENT] Observation Buffer size 4.3954973220825195 MB with
DEBUG 2026-06-09 15:36:15 ort/utils.py:69 [CLIENT] Observation Sent 2097152/4609013 bytes with state 1
DEBUG 2026-06-09 15:36:15 ort/utils.py:69 [CLIENT] Observation Sent 4194304/4609013 bytes with state 2
DEBUG 2026-06-09 15:36:15 ort/utils.py:69 [CLIENT] Observation Sent 4609013/4609013 bytes with state 3
DEBUG 2026-06-09 15:36:15 ort/utils.py:71 [CLIENT] Observation Published 4.3954973220825195 MB
DEBUG 2026-06-09 15:36:15 t_client.py:209 Sent observation #526 | 
DEBUG 2026-06-09 15:36:15 t_client.py:434 QUEUE SIZE: 7 (Must go: False)
DEBUG 2026-06-09 15:36:15 t_client.py:477 Control loop (ms): 111.10
DEBUG 2026-06-09 15:36:15 t_client.py:292 Received actions on device: cpu
DEBUG 2026-06-09 15:36:15 t_client.py:302 Actions kept on device: cpu
DEBUG 2026-06-09 15:36:15 follower.py:184 follower_right SOFollower read state: 2.2ms
DEBUG 2026-06-09 15:36:15 follower.py:191 follower_right SOFollower read wrist: 0.0ms
DEBUG 2026-06-09 15:36:15 follower.py:184 follower_left SOFollower read state: 1.7ms
DEBUG 2026-06-09 15:36:15 follower.py:191 follower_left SOFollower read wrist: 0.0ms
DEBUG 2026-06-09 15:36:15 t_client.py:198 Observation serialization time: 0.007703s
DEBUG 2026-06-09 15:36:15 ort/utils.py:54 [CLIENT] Observation Buffer size 4.3954973220825195 MB with
DEBUG 2026-06-09 15:36:15 ort/utils.py:69 [CLIENT] Observation Sent 2097152/4609013 bytes with state 1
DEBUG 2026-06-09 15:36:15 ort/utils.py:69 [CLIENT] Observation Sent 4194304/4609013 bytes with state 2
DEBUG 2026-06-09 15:36:15 ort/utils.py:69 [CLIENT] Observation Sent 4609013/4609013 bytes with state 3
DEBUG 2026-06-09 15:36:15 ort/utils.py:71 [CLIENT] Observation Published 4.3954973220825195 MB
DEBUG 2026-06-09 15:36:15 t_client.py:292 Received actions on device: cpu
DEBUG 2026-06-09 15:36:15 t_client.py:302 Actions kept on device: cpu
DEBUG 2026-06-09 15:36:15 t_client.py:209 Sent observation #527 | 
DEBUG 2026-06-09 15:36:15 t_client.py:434 QUEUE SIZE: 13 (Must go: False)
DEBUG 2026-06-09 15:36:15 t_client.py:477 Control loop (ms): 147.80
DEBUG 2026-06-09 15:36:15 t_client.py:477 Control loop (ms): 1.03
DEBUG 2026-06-09 15:36:15 t_client.py:477 Control loop (ms): 1.42
DEBUG 2026-06-09 15:36:15 t_client.py:477 Control loop (ms): 1.61
DEBUG 2026-06-09 15:36:15 t_client.py:292 Received actions on device: cpu
DEBUG 2026-06-09 15:36:15 t_client.py:302 Actions kept on device: cpu
DEBUG 2026-06-09 15:36:15 t_client.py:477 Control loop (ms): 1.40
DEBUG 2026-06-09 15:36:15 t_client.py:477 Control loop (ms): 1.77
DEBUG 2026-06-09 15:36:15 t_client.py:477 Control loop (ms): 2.06
DEBUG 2026-06-09 15:36:15 follower.py:184 follower_right SOFollower read state: 2.3ms
DEBUG 2026-06-09 15:36:15 follower.py:191 follower_right SOFollower read wrist: 0.0ms
DEBUG 2026-06-09 15:36:15 follower.py:184 follower_left SOFollower read state: 2.2ms
DEBUG 2026-06-09 15:36:15 follower.py:191 follower_left SOFollower read wrist: 0.0ms
DEBUG 2026-06-09 15:36:15 t_client.py:198 Observation serialization time: 0.007267s
DEBUG 2026-06-09 15:36:15 ort/utils.py:54 [CLIENT] Observation Buffer size 4.3954973220825195 MB with
DEBUG 2026-06-09 15:36:15 ort/utils.py:69 [CLIENT] Observation Sent 2097152/4609013 bytes with state 1
DEBUG 2026-06-09 15:36:15 ort/utils.py:69 [CLIENT] Observation Sent 4194304/4609013 bytes with state 2
DEBUG 2026-06-09 15:36:15 ort/utils.py:69 [CLIENT] Observation Sent 4609013/4609013 bytes with state 3
DEBUG 2026-06-09 15:36:15 ort/utils.py:71 [CLIENT] Observation Published 4.3954973220825195 MB
DEBUG 2026-06-09 15:36:15 t_client.py:209 Sent observation #534 | 
DEBUG 2026-06-09 15:36:15 t_client.py:434 QUEUE SIZE: 8 (Must go: False)
DEBUG 2026-06-09 15:36:15 t_client.py:477 Control loop (ms): 104.26
DEBUG 2026-06-09 15:36:15 follower.py:184 follower_right SOFollower read state: 1.7ms
DEBUG 2026-06-09 15:36:15 follower.py:191 follower_right SOFollower read wrist: 0.0ms
DEBUG 2026-06-09 15:36:15 follower.py:184 follower_left SOFollower read state: 1.7ms
DEBUG 2026-06-09 15:36:15 follower.py:191 follower_left SOFollower read wrist: 0.0ms
DEBUG 2026-06-09 15:36:15 t_client.py:198 Observation serialization time: 0.003663s
DEBUG 2026-06-09 15:36:15 ort/utils.py:54 [CLIENT] Observation Buffer size 4.3954973220825195 MB with
DEBUG 2026-06-09 15:36:15 ort/utils.py:69 [CLIENT] Observation Sent 2097152/4609013 bytes with state 1
DEBUG 2026-06-09 15:36:15 ort/utils.py:69 [CLIENT] Observation Sent 4194304/4609013 bytes with state 2
DEBUG 2026-06-09 15:36:15 ort/utils.py:69 [CLIENT] Observation Sent 4609013/4609013 bytes with state 3
DEBUG 2026-06-09 15:36:15 ort/utils.py:71 [CLIENT] Observation Published 4.3954973220825195 MB
DEBUG 2026-06-09 15:36:15 t_client.py:292 Received actions on device: cpu
DEBUG 2026-06-09 15:36:15 t_client.py:302 Actions kept on device: cpu
DEBUG 2026-06-09 15:36:15 t_client.py:209 Sent observation #535 | 
DEBUG 2026-06-09 15:36:15 t_client.py:434 QUEUE SIZE: 7 (Must go: False)
DEBUG 2026-06-09 15:36:15 t_client.py:477 Control loop (ms): 120.77
DEBUG 2026-06-09 15:36:15 t_client.py:477 Control loop (ms): 2.08
DEBUG 2026-06-09 15:36:15 t_client.py:477 Control loop (ms): 2.62
DEBUG 2026-06-09 15:36:15 t_client.py:477 Control loop (ms): 3.30
DEBUG 2026-06-09 15:36:15 t_client.py:292 Received actions on device: cpu
DEBUG 2026-06-09 15:36:15 t_client.py:302 Actions kept on device: cpu
DEBUG 2026-06-09 15:36:15 t_client.py:477 Control loop (ms): 2.77
DEBUG 2026-06-09 15:36:15 t_client.py:477 Control loop (ms): 3.02
DEBUG 2026-06-09 15:36:15 t_client.py:477 Control loop (ms): 3.09
DEBUG 2026-06-09 15:36:15 follower.py:184 follower_right SOFollower read state: 2.3ms
DEBUG 2026-06-09 15:36:15 follower.py:191 follower_right SOFollower read wrist: 0.0ms
DEBUG 2026-06-09 15:36:15 follower.py:184 follower_left SOFollower read state: 2.0ms
DEBUG 2026-06-09 15:36:15 follower.py:191 follower_left SOFollower read wrist: 0.0ms
DEBUG 2026-06-09 15:36:16 t_client.py:198 Observation serialization time: 0.009349s
DEBUG 2026-06-09 15:36:16 ort/utils.py:54 [CLIENT] Observation Buffer size 4.3954973220825195 MB with
DEBUG 2026-06-09 15:36:16 ort/utils.py:69 [CLIENT] Observation Sent 2097152/4609013 bytes with state 1
DEBUG 2026-06-09 15:36:16 ort/utils.py:69 [CLIENT] Observation Sent 4194304/4609013 bytes with state 2
DEBUG 2026-06-09 15:36:16 ort/utils.py:69 [CLIENT] Observation Sent 4609013/4609013 bytes with state 3
DEBUG 2026-06-09 15:36:16 ort/utils.py:71 [CLIENT] Observation Published 4.3954973220825195 MB
DEBUG 2026-06-09 15:36:16 t_client.py:209 Sent observation #542 | 
DEBUG 2026-06-09 15:36:16 t_client.py:434 QUEUE SIZE: 8 (Must go: False)
DEBUG 2026-06-09 15:36:16 t_client.py:477 Control loop (ms): 105.30
DEBUG 2026-06-09 15:36:16 follower.py:184 follower_right SOFollower read state: 2.0ms
DEBUG 2026-06-09 15:36:16 follower.py:191 follower_right SOFollower read wrist: 0.0ms
DEBUG 2026-06-09 15:36:16 follower.py:184 follower_left SOFollower read state: 1.9ms
DEBUG 2026-06-09 15:36:16 follower.py:191 follower_left SOFollower read wrist: 0.0ms
DEBUG 2026-06-09 15:36:16 t_client.py:198 Observation serialization time: 0.007915s
DEBUG 2026-06-09 15:36:16 ort/utils.py:54 [CLIENT] Observation Buffer size 4.3954973220825195 MB with
DEBUG 2026-06-09 15:36:16 ort/utils.py:69 [CLIENT] Observation Sent 2097152/4609013 bytes with state 1
DEBUG 2026-06-09 15:36:16 ort/utils.py:69 [CLIENT] Observation Sent 4194304/4609013 bytes with state 2
DEBUG 2026-06-09 15:36:16 ort/utils.py:69 [CLIENT] Observation Sent 4609013/4609013 bytes with state 3
DEBUG 2026-06-09 15:36:16 ort/utils.py:71 [CLIENT] Observation Published 4.3954973220825195 MB
DEBUG 2026-06-09 15:36:16 t_client.py:209 Sent observation #543 | 
DEBUG 2026-06-09 15:36:16 t_client.py:434 QUEUE SIZE: 7 (Must go: False)
DEBUG 2026-06-09 15:36:16 t_client.py:477 Control loop (ms): 115.11
DEBUG 2026-06-09 15:36:16 t_client.py:292 Received actions on device: cpu
DEBUG 2026-06-09 15:36:16 t_client.py:302 Actions kept on device: cpu
DEBUG 2026-06-09 15:36:16 follower.py:184 follower_right SOFollower read state: 2.9ms
DEBUG 2026-06-09 15:36:16 follower.py:191 follower_right SOFollower read wrist: 0.0ms
DEBUG 2026-06-09 15:36:16 follower.py:184 follower_left SOFollower read state: 2.2ms
DEBUG 2026-06-09 15:36:16 follower.py:191 follower_left SOFollower read wrist: 0.0ms
DEBUG 2026-06-09 15:36:16 t_client.py:198 Observation serialization time: 0.006964s
DEBUG 2026-06-09 15:36:16 ort/utils.py:54 [CLIENT] Observation Buffer size 4.3954973220825195 MB with
DEBUG 2026-06-09 15:36:16 ort/utils.py:69 [CLIENT] Observation Sent 2097152/4609013 bytes with state 1
DEBUG 2026-06-09 15:36:16 ort/utils.py:69 [CLIENT] Observation Sent 4194304/4609013 bytes with state 2
DEBUG 2026-06-09 15:36:16 ort/utils.py:69 [CLIENT] Observation Sent 4609013/4609013 bytes with state 3
DEBUG 2026-06-09 15:36:16 ort/utils.py:71 [CLIENT] Observation Published 4.3954973220825195 MB
DEBUG 2026-06-09 15:36:16 t_client.py:292 Received actions on device: cpu
DEBUG 2026-06-09 15:36:16 t_client.py:302 Actions kept on device: cpu
DEBUG 2026-06-09 15:36:16 t_client.py:209 Sent observation #544 | 
DEBUG 2026-06-09 15:36:16 t_client.py:434 QUEUE SIZE: 14 (Must go: False)
DEBUG 2026-06-09 15:36:16 t_client.py:477 Control loop (ms): 155.11
DEBUG 2026-06-09 15:36:16 t_client.py:477 Control loop (ms): 1.55
DEBUG 2026-06-09 15:36:16 t_client.py:477 Control loop (ms): 1.89
DEBUG 2026-06-09 15:36:16 t_client.py:477 Control loop (ms): 2.02
DEBUG 2026-06-09 15:36:16 t_client.py:292 Received actions on device: cpu
DEBUG 2026-06-09 15:36:16 t_client.py:302 Actions kept on device: cpu
DEBUG 2026-06-09 15:36:16 t_client.py:477 Control loop (ms): 1.44
DEBUG 2026-06-09 15:36:16 t_client.py:477 Control loop (ms): 1.18
DEBUG 2026-06-09 15:36:16 t_client.py:477 Control loop (ms): 1.93
DEBUG 2026-06-09 15:36:16 follower.py:184 follower_right SOFollower read state: 1.9ms
DEBUG 2026-06-09 15:36:16 follower.py:191 follower_right SOFollower read wrist: 0.0ms
DEBUG 2026-06-09 15:36:16 follower.py:184 follower_left SOFollower read state: 1.8ms
DEBUG 2026-06-09 15:36:16 follower.py:191 follower_left SOFollower read wrist: 0.0ms
DEBUG 2026-06-09 15:36:16 t_client.py:198 Observation serialization time: 0.007776s
DEBUG 2026-06-09 15:36:16 ort/utils.py:54 [CLIENT] Observation Buffer size 4.3954973220825195 MB with
DEBUG 2026-06-09 15:36:16 ort/utils.py:69 [CLIENT] Observation Sent 2097152/4609013 bytes with state 1
DEBUG 2026-06-09 15:36:16 ort/utils.py:69 [CLIENT] Observation Sent 4194304/4609013 bytes with state 2
DEBUG 2026-06-09 15:36:16 ort/utils.py:69 [CLIENT] Observation Sent 4609013/4609013 bytes with state 3
DEBUG 2026-06-09 15:36:16 ort/utils.py:71 [CLIENT] Observation Published 4.3954973220825195 MB
DEBUG 2026-06-09 15:36:16 t_client.py:209 Sent observation #551 | 
DEBUG 2026-06-09 15:36:16 t_client.py:434 QUEUE SIZE: 8 (Must go: False)
DEBUG 2026-06-09 15:36:16 t_client.py:477 Control loop (ms): 110.30
DEBUG 2026-06-09 15:36:16 follower.py:184 follower_right SOFollower read state: 1.5ms
DEBUG 2026-06-09 15:36:16 follower.py:191 follower_right SOFollower read wrist: 0.0ms
DEBUG 2026-06-09 15:36:16 follower.py:184 follower_left SOFollower read state: 1.5ms
DEBUG 2026-06-09 15:36:16 follower.py:191 follower_left SOFollower read wrist: 0.0ms
DEBUG 2026-06-09 15:36:16 t_client.py:198 Observation serialization time: 0.003203s
DEBUG 2026-06-09 15:36:16 ort/utils.py:54 [CLIENT] Observation Buffer size 4.3954973220825195 MB with
DEBUG 2026-06-09 15:36:16 ort/utils.py:69 [CLIENT] Observation Sent 2097152/4609013 bytes with state 1
DEBUG 2026-06-09 15:36:16 ort/utils.py:69 [CLIENT] Observation Sent 4194304/4609013 bytes with state 2
DEBUG 2026-06-09 15:36:16 ort/utils.py:69 [CLIENT] Observation Sent 4609013/4609013 bytes with state 3
DEBUG 2026-06-09 15:36:16 ort/utils.py:71 [CLIENT] Observation Published 4.3954973220825195 MB
DEBUG 2026-06-09 15:36:16 t_client.py:209 Sent observation #552 | 
DEBUG 2026-06-09 15:36:16 t_client.py:434 QUEUE SIZE: 7 (Must go: False)
DEBUG 2026-06-09 15:36:16 t_client.py:477 Control loop (ms): 91.71
DEBUG 2026-06-09 15:36:16 t_client.py:292 Received actions on device: cpu
DEBUG 2026-06-09 15:36:16 t_client.py:302 Actions kept on device: cpu
DEBUG 2026-06-09 15:36:16 follower.py:184 follower_right SOFollower read state: 1.7ms
DEBUG 2026-06-09 15:36:16 follower.py:191 follower_right SOFollower read wrist: 0.0ms
DEBUG 2026-06-09 15:36:16 follower.py:184 follower_left SOFollower read state: 1.5ms
DEBUG 2026-06-09 15:36:16 follower.py:191 follower_left SOFollower read wrist: 0.0ms
DEBUG 2026-06-09 15:36:16 t_client.py:198 Observation serialization time: 0.005645s
DEBUG 2026-06-09 15:36:16 ort/utils.py:54 [CLIENT] Observation Buffer size 4.3954973220825195 MB with
DEBUG 2026-06-09 15:36:16 ort/utils.py:69 [CLIENT] Observation Sent 2097152/4609013 bytes with state 1
DEBUG 2026-06-09 15:36:16 ort/utils.py:69 [CLIENT] Observation Sent 4194304/4609013 bytes with state 2
DEBUG 2026-06-09 15:36:16 ort/utils.py:69 [CLIENT] Observation Sent 4609013/4609013 bytes with state 3
DEBUG 2026-06-09 15:36:16 ort/utils.py:71 [CLIENT] Observation Published 4.3954973220825195 MB
DEBUG 2026-06-09 15:36:16 t_client.py:292 Received actions on device: cpu
DEBUG 2026-06-09 15:36:16 t_client.py:302 Actions kept on device: cpu
DEBUG 2026-06-09 15:36:16 t_client.py:209 Sent observation #553 | 
DEBUG 2026-06-09 15:36:16 t_client.py:434 QUEUE SIZE: 13 (Must go: False)
DEBUG 2026-06-09 15:36:16 t_client.py:477 Control loop (ms): 116.64
DEBUG 2026-06-09 15:36:16 t_client.py:477 Control loop (ms): 1.98
DEBUG 2026-06-09 15:36:16 t_client.py:477 Control loop (ms): 2.03
DEBUG 2026-06-09 15:36:16 t_client.py:477 Control loop (ms): 1.01
DEBUG 2026-06-09 15:36:16 t_client.py:292 Received actions on device: cpu
DEBUG 2026-06-09 15:36:16 t_client.py:302 Actions kept on device: cpu
DEBUG 2026-06-09 15:36:16 t_client.py:477 Control loop (ms): 1.78
DEBUG 2026-06-09 15:36:17 t_client.py:477 Control loop (ms): 3.05
DEBUG 2026-06-09 15:36:17 t_client.py:477 Control loop (ms): 1.60
DEBUG 2026-06-09 15:36:17 follower.py:184 follower_right SOFollower read state: 2.5ms
DEBUG 2026-06-09 15:36:17 follower.py:191 follower_right SOFollower read wrist: 0.0ms
DEBUG 2026-06-09 15:36:17 follower.py:184 follower_left SOFollower read state: 2.1ms
DEBUG 2026-06-09 15:36:17 follower.py:191 follower_left SOFollower read wrist: 0.0ms
DEBUG 2026-06-09 15:36:17 t_client.py:198 Observation serialization time: 0.012241s
DEBUG 2026-06-09 15:36:17 ort/utils.py:54 [CLIENT] Observation Buffer size 4.3954973220825195 MB with
DEBUG 2026-06-09 15:36:17 ort/utils.py:69 [CLIENT] Observation Sent 2097152/4609013 bytes with state 1
DEBUG 2026-06-09 15:36:17 ort/utils.py:69 [CLIENT] Observation Sent 4194304/4609013 bytes with state 2
DEBUG 2026-06-09 15:36:17 ort/utils.py:69 [CLIENT] Observation Sent 4609013/4609013 bytes with state 3
DEBUG 2026-06-09 15:36:17 ort/utils.py:71 [CLIENT] Observation Published 4.3954973220825195 MB
DEBUG 2026-06-09 15:36:17 t_client.py:209 Sent observation #560 | 
DEBUG 2026-06-09 15:36:17 t_client.py:434 QUEUE SIZE: 8 (Must go: False)
DEBUG 2026-06-09 15:36:17 t_client.py:477 Control loop (ms): 130.05
DEBUG 2026-06-09 15:36:17 follower.py:184 follower_right SOFollower read state: 2.0ms
DEBUG 2026-06-09 15:36:17 follower.py:191 follower_right SOFollower read wrist: 0.2ms
DEBUG 2026-06-09 15:36:17 follower.py:184 follower_left SOFollower read state: 2.6ms
DEBUG 2026-06-09 15:36:17 follower.py:191 follower_left SOFollower read wrist: 0.0ms
DEBUG 2026-06-09 15:36:17 t_client.py:198 Observation serialization time: 0.015021s
DEBUG 2026-06-09 15:36:17 ort/utils.py:54 [CLIENT] Observation Buffer size 4.3954973220825195 MB with
DEBUG 2026-06-09 15:36:17 ort/utils.py:69 [CLIENT] Observation Sent 2097152/4609013 bytes with state 1
DEBUG 2026-06-09 15:36:17 ort/utils.py:69 [CLIENT] Observation Sent 4194304/4609013 bytes with state 2
DEBUG 2026-06-09 15:36:17 ort/utils.py:69 [CLIENT] Observation Sent 4609013/4609013 bytes with state 3
DEBUG 2026-06-09 15:36:17 ort/utils.py:71 [CLIENT] Observation Published 4.3954973220825195 MB
DEBUG 2026-06-09 15:36:17 t_client.py:292 Received actions on device: cpu
DEBUG 2026-06-09 15:36:17 t_client.py:302 Actions kept on device: cpu
DEBUG 2026-06-09 15:36:17 t_client.py:209 Sent observation #561 | 
DEBUG 2026-06-09 15:36:17 t_client.py:434 QUEUE SIZE: 7 (Must go: False)
DEBUG 2026-06-09 15:36:17 t_client.py:477 Control loop (ms): 126.76
DEBUG 2026-06-09 15:36:17 t_client.py:477 Control loop (ms): 1.58
DEBUG 2026-06-09 15:36:17 t_client.py:477 Control loop (ms): 1.65
DEBUG 2026-06-09 15:36:17 t_client.py:477 Control loop (ms): 1.67
DEBUG 2026-06-09 15:36:17 t_client.py:292 Received actions on device: cpu
DEBUG 2026-06-09 15:36:17 t_client.py:302 Actions kept on device: cpu
DEBUG 2026-06-09 15:36:17 t_client.py:477 Control loop (ms): 2.12
DEBUG 2026-06-09 15:36:17 t_client.py:477 Control loop (ms): 2.06
DEBUG 2026-06-09 15:36:17 t_client.py:477 Control loop (ms): 2.73
DEBUG 2026-06-09 15:36:17 follower.py:184 follower_right SOFollower read state: 2.0ms
DEBUG 2026-06-09 15:36:17 follower.py:191 follower_right SOFollower read wrist: 0.0ms
DEBUG 2026-06-09 15:36:17 follower.py:184 follower_left SOFollower read state: 1.9ms
DEBUG 2026-06-09 15:36:17 follower.py:191 follower_left SOFollower read wrist: 0.0ms
DEBUG 2026-06-09 15:36:17 t_client.py:198 Observation serialization time: 0.006627s
DEBUG 2026-06-09 15:36:17 ort/utils.py:54 [CLIENT] Observation Buffer size 4.3954973220825195 MB with
DEBUG 2026-06-09 15:36:17 ort/utils.py:69 [CLIENT] Observation Sent 2097152/4609013 bytes with state 1
DEBUG 2026-06-09 15:36:17 ort/utils.py:69 [CLIENT] Observation Sent 4194304/4609013 bytes with state 2
DEBUG 2026-06-09 15:36:17 ort/utils.py:69 [CLIENT] Observation Sent 4609013/4609013 bytes with state 3
DEBUG 2026-06-09 15:36:17 ort/utils.py:71 [CLIENT] Observation Published 4.3954973220825195 MB
DEBUG 2026-06-09 15:36:17 t_client.py:209 Sent observation #568 | 
DEBUG 2026-06-09 15:36:17 t_client.py:434 QUEUE SIZE: 8 (Must go: False)
DEBUG 2026-06-09 15:36:17 t_client.py:477 Control loop (ms): 118.55
DEBUG 2026-06-09 15:36:17 follower.py:184 follower_right SOFollower read state: 2.3ms
DEBUG 2026-06-09 15:36:17 follower.py:191 follower_right SOFollower read wrist: 0.0ms
DEBUG 2026-06-09 15:36:17 follower.py:184 follower_left SOFollower read state: 2.0ms
DEBUG 2026-06-09 15:36:17 follower.py:191 follower_left SOFollower read wrist: 0.0ms
DEBUG 2026-06-09 15:36:17 t_client.py:198 Observation serialization time: 0.008047s
DEBUG 2026-06-09 15:36:17 ort/utils.py:54 [CLIENT] Observation Buffer size 4.3954973220825195 MB with
DEBUG 2026-06-09 15:36:17 ort/utils.py:69 [CLIENT] Observation Sent 2097152/4609013 bytes with state 1
DEBUG 2026-06-09 15:36:17 ort/utils.py:69 [CLIENT] Observation Sent 4194304/4609013 bytes with state 2
DEBUG 2026-06-09 15:36:17 ort/utils.py:69 [CLIENT] Observation Sent 4609013/4609013 bytes with state 3
DEBUG 2026-06-09 15:36:17 ort/utils.py:71 [CLIENT] Observation Published 4.3954973220825195 MB
DEBUG 2026-06-09 15:36:17 t_client.py:209 Sent observation #569 | 
DEBUG 2026-06-09 15:36:17 t_client.py:434 QUEUE SIZE: 7 (Must go: False)
DEBUG 2026-06-09 15:36:17 t_client.py:477 Control loop (ms): 111.61
DEBUG 2026-06-09 15:36:17 follower.py:184 follower_right SOFollower read state: 3.0ms
DEBUG 2026-06-09 15:36:17 follower.py:191 follower_right SOFollower read wrist: 0.0ms
DEBUG 2026-06-09 15:36:17 t_client.py:292 Received actions on device: cpu
DEBUG 2026-06-09 15:36:17 t_client.py:302 Actions kept on device: cpu
DEBUG 2026-06-09 15:36:17 follower.py:184 follower_left SOFollower read state: 1.6ms
DEBUG 2026-06-09 15:36:17 follower.py:191 follower_left SOFollower read wrist: 0.0ms
DEBUG 2026-06-09 15:36:17 t_client.py:198 Observation serialization time: 0.005023s
DEBUG 2026-06-09 15:36:17 ort/utils.py:54 [CLIENT] Observation Buffer size 4.3954973220825195 MB with
DEBUG 2026-06-09 15:36:17 ort/utils.py:69 [CLIENT] Observation Sent 2097152/4609013 bytes with state 1
DEBUG 2026-06-09 15:36:17 ort/utils.py:69 [CLIENT] Observation Sent 4194304/4609013 bytes with state 2
DEBUG 2026-06-09 15:36:17 ort/utils.py:69 [CLIENT] Observation Sent 4609013/4609013 bytes with state 3
DEBUG 2026-06-09 15:36:17 ort/utils.py:71 [CLIENT] Observation Published 4.3954973220825195 MB
DEBUG 2026-06-09 15:36:17 t_client.py:209 Sent observation #570 | 
DEBUG 2026-06-09 15:36:17 t_client.py:434 QUEUE SIZE: 13 (Must go: False)
DEBUG 2026-06-09 15:36:17 t_client.py:477 Control loop (ms): 95.84
DEBUG 2026-06-09 15:36:17 t_client.py:477 Control loop (ms): 1.41
DEBUG 2026-06-09 15:36:17 t_client.py:292 Received actions on device: cpu
DEBUG 2026-06-09 15:36:17 t_client.py:302 Actions kept on device: cpu
DEBUG 2026-06-09 15:36:17 t_client.py:477 Control loop (ms): 1.60
DEBUG 2026-06-09 15:36:17 t_client.py:477 Control loop (ms): 2.31
DEBUG 2026-06-09 15:36:17 t_client.py:477 Control loop (ms): 6.99
DEBUG 2026-06-09 15:36:17 t_client.py:292 Received actions on device: cpu
DEBUG 2026-06-09 15:36:17 t_client.py:302 Actions kept on device: cpu
DEBUG 2026-06-09 15:36:18 t_client.py:477 Control loop (ms): 1.52
DEBUG 2026-06-09 15:36:18 t_client.py:477 Control loop (ms): 2.13
DEBUG 2026-06-09 15:36:18 follower.py:184 follower_right SOFollower read state: 2.6ms
DEBUG 2026-06-09 15:36:18 follower.py:191 follower_right SOFollower read wrist: 0.0ms
DEBUG 2026-06-09 15:36:18 follower.py:184 follower_left SOFollower read state: 2.2ms
DEBUG 2026-06-09 15:36:18 follower.py:191 follower_left SOFollower read wrist: 0.0ms
DEBUG 2026-06-09 15:36:18 t_client.py:198 Observation serialization time: 0.010078s
DEBUG 2026-06-09 15:36:18 ort/utils.py:54 [CLIENT] Observation Buffer size 4.3954973220825195 MB with
DEBUG 2026-06-09 15:36:18 ort/utils.py:69 [CLIENT] Observation Sent 2097152/4609013 bytes with state 1
DEBUG 2026-06-09 15:36:18 ort/utils.py:69 [CLIENT] Observation Sent 4194304/4609013 bytes with state 2
DEBUG 2026-06-09 15:36:18 ort/utils.py:69 [CLIENT] Observation Sent 4609013/4609013 bytes with state 3
DEBUG 2026-06-09 15:36:18 ort/utils.py:71 [CLIENT] Observation Published 4.3954973220825195 MB
DEBUG 2026-06-09 15:36:18 t_client.py:209 Sent observation #577 | 
DEBUG 2026-06-09 15:36:18 t_client.py:434 QUEUE SIZE: 8 (Must go: False)
DEBUG 2026-06-09 15:36:18 t_client.py:477 Control loop (ms): 119.88
DEBUG 2026-06-09 15:36:18 follower.py:184 follower_right SOFollower read state: 2.3ms
DEBUG 2026-06-09 15:36:18 follower.py:191 follower_right SOFollower read wrist: 0.1ms
DEBUG 2026-06-09 15:36:18 follower.py:184 follower_left SOFollower read state: 2.0ms
DEBUG 2026-06-09 15:36:18 follower.py:191 follower_left SOFollower read wrist: 0.0ms
DEBUG 2026-06-09 15:36:18 t_client.py:198 Observation serialization time: 0.010049s
DEBUG 2026-06-09 15:36:18 ort/utils.py:54 [CLIENT] Observation Buffer size 4.3954973220825195 MB with
DEBUG 2026-06-09 15:36:18 ort/utils.py:69 [CLIENT] Observation Sent 2097152/4609013 bytes with state 1
DEBUG 2026-06-09 15:36:18 ort/utils.py:69 [CLIENT] Observation Sent 4194304/4609013 bytes with state 2
DEBUG 2026-06-09 15:36:18 ort/utils.py:69 [CLIENT] Observation Sent 4609013/4609013 bytes with state 3
DEBUG 2026-06-09 15:36:18 ort/utils.py:71 [CLIENT] Observation Published 4.3954973220825195 MB
DEBUG 2026-06-09 15:36:18 t_client.py:292 Received actions on device: cpu
DEBUG 2026-06-09 15:36:18 t_client.py:302 Actions kept on device: cpu
DEBUG 2026-06-09 15:36:18 t_client.py:209 Sent observation #578 | 
DEBUG 2026-06-09 15:36:18 t_client.py:434 QUEUE SIZE: 7 (Must go: False)
DEBUG 2026-06-09 15:36:18 t_client.py:477 Control loop (ms): 129.08
DEBUG 2026-06-09 15:36:18 t_client.py:477 Control loop (ms): 2.61
DEBUG 2026-06-09 15:36:18 t_client.py:477 Control loop (ms): 2.46
DEBUG 2026-06-09 15:36:18 t_client.py:477 Control loop (ms): 1.95
DEBUG 2026-06-09 15:36:18 t_client.py:292 Received actions on device: cpu
DEBUG 2026-06-09 15:36:18 t_client.py:302 Actions kept on device: cpu
DEBUG 2026-06-09 15:36:18 t_client.py:477 Control loop (ms): 1.10
DEBUG 2026-06-09 15:36:18 t_client.py:477 Control loop (ms): 3.14
DEBUG 2026-06-09 15:36:18 t_client.py:477 Control loop (ms): 1.14
DEBUG 2026-06-09 15:36:18 follower.py:184 follower_right SOFollower read state: 2.2ms
DEBUG 2026-06-09 15:36:18 follower.py:191 follower_right SOFollower read wrist: 0.0ms
DEBUG 2026-06-09 15:36:18 follower.py:184 follower_left SOFollower read state: 2.1ms
DEBUG 2026-06-09 15:36:18 follower.py:191 follower_left SOFollower read wrist: 0.0ms
DEBUG 2026-06-09 15:36:18 t_client.py:198 Observation serialization time: 0.010628s
DEBUG 2026-06-09 15:36:18 ort/utils.py:54 [CLIENT] Observation Buffer size 4.3954973220825195 MB with
DEBUG 2026-06-09 15:36:18 ort/utils.py:69 [CLIENT] Observation Sent 2097152/4609013 bytes with state 1
DEBUG 2026-06-09 15:36:18 ort/utils.py:69 [CLIENT] Observation Sent 4194304/4609013 bytes with state 2
DEBUG 2026-06-09 15:36:18 ort/utils.py:69 [CLIENT] Observation Sent 4609013/4609013 bytes with state 3
DEBUG 2026-06-09 15:36:18 ort/utils.py:71 [CLIENT] Observation Published 4.3954973220825195 MB
DEBUG 2026-06-09 15:36:18 t_client.py:209 Sent observation #585 | 
DEBUG 2026-06-09 15:36:18 t_client.py:434 QUEUE SIZE: 8 (Must go: False)
DEBUG 2026-06-09 15:36:18 t_client.py:477 Control loop (ms): 123.86
DEBUG 2026-06-09 15:36:18 follower.py:184 follower_right SOFollower read state: 2.4ms
DEBUG 2026-06-09 15:36:18 follower.py:191 follower_right SOFollower read wrist: 0.0ms
DEBUG 2026-06-09 15:36:18 follower.py:184 follower_left SOFollower read state: 2.0ms
DEBUG 2026-06-09 15:36:18 follower.py:191 follower_left SOFollower read wrist: 0.0ms
DEBUG 2026-06-09 15:36:18 t_client.py:198 Observation serialization time: 0.008831s
DEBUG 2026-06-09 15:36:18 ort/utils.py:54 [CLIENT] Observation Buffer size 4.3954973220825195 MB with
DEBUG 2026-06-09 15:36:18 ort/utils.py:69 [CLIENT] Observation Sent 2097152/4609013 bytes with state 1
DEBUG 2026-06-09 15:36:18 ort/utils.py:69 [CLIENT] Observation Sent 4194304/4609013 bytes with state 2
DEBUG 2026-06-09 15:36:18 ort/utils.py:69 [CLIENT] Observation Sent 4609013/4609013 bytes with state 3
DEBUG 2026-06-09 15:36:18 ort/utils.py:71 [CLIENT] Observation Published 4.3954973220825195 MB
DEBUG 2026-06-09 15:36:18 t_client.py:209 Sent observation #586 | 
DEBUG 2026-06-09 15:36:18 t_client.py:434 QUEUE SIZE: 7 (Must go: False)
DEBUG 2026-06-09 15:36:18 t_client.py:477 Control loop (ms): 124.23
DEBUG 2026-06-09 15:36:18 t_client.py:292 Received actions on device: cpu
DEBUG 2026-06-09 15:36:18 t_client.py:302 Actions kept on device: cpu
DEBUG 2026-06-09 15:36:18 follower.py:184 follower_right SOFollower read state: 2.2ms
DEBUG 2026-06-09 15:36:18 follower.py:191 follower_right SOFollower read wrist: 0.0ms
DEBUG 2026-06-09 15:36:18 follower.py:184 follower_left SOFollower read state: 1.9ms
DEBUG 2026-06-09 15:36:18 follower.py:191 follower_left SOFollower read wrist: 0.0ms
DEBUG 2026-06-09 15:36:18 t_client.py:198 Observation serialization time: 0.010259s
DEBUG 2026-06-09 15:36:18 ort/utils.py:54 [CLIENT] Observation Buffer size 4.3954973220825195 MB with
DEBUG 2026-06-09 15:36:18 ort/utils.py:69 [CLIENT] Observation Sent 2097152/4609013 bytes with state 1
DEBUG 2026-06-09 15:36:18 ort/utils.py:69 [CLIENT] Observation Sent 4194304/4609013 bytes with state 2
DEBUG 2026-06-09 15:36:18 ort/utils.py:69 [CLIENT] Observation Sent 4609013/4609013 bytes with state 3
DEBUG 2026-06-09 15:36:18 ort/utils.py:71 [CLIENT] Observation Published 4.3954973220825195 MB
DEBUG 2026-06-09 15:36:18 t_client.py:292 Received actions on device: cpu
DEBUG 2026-06-09 15:36:18 t_client.py:302 Actions kept on device: cpu
DEBUG 2026-06-09 15:36:18 t_client.py:209 Sent observation #587 | 
DEBUG 2026-06-09 15:36:18 t_client.py:434 QUEUE SIZE: 14 (Must go: False)
DEBUG 2026-06-09 15:36:18 t_client.py:477 Control loop (ms): 143.31
DEBUG 2026-06-09 15:36:18 t_client.py:477 Control loop (ms): 1.66
DEBUG 2026-06-09 15:36:18 t_client.py:477 Control loop (ms): 2.66
DEBUG 2026-06-09 15:36:18 t_client.py:477 Control loop (ms): 1.84
DEBUG 2026-06-09 15:36:19 t_client.py:292 Received actions on device: cpu
DEBUG 2026-06-09 15:36:19 t_client.py:302 Actions kept on device: cpu
DEBUG 2026-06-09 15:36:19 t_client.py:477 Control loop (ms): 1.24
DEBUG 2026-06-09 15:36:19 t_client.py:477 Control loop (ms): 2.06
DEBUG 2026-06-09 15:36:19 t_client.py:477 Control loop (ms): 2.09
DEBUG 2026-06-09 15:36:19 follower.py:184 follower_right SOFollower read state: 2.4ms
DEBUG 2026-06-09 15:36:19 follower.py:191 follower_right SOFollower read wrist: 0.0ms
DEBUG 2026-06-09 15:36:19 follower.py:184 follower_left SOFollower read state: 1.8ms
DEBUG 2026-06-09 15:36:19 follower.py:191 follower_left SOFollower read wrist: 0.0ms
DEBUG 2026-06-09 15:36:19 t_client.py:198 Observation serialization time: 0.006817s
DEBUG 2026-06-09 15:36:19 ort/utils.py:54 [CLIENT] Observation Buffer size 4.3954973220825195 MB with
DEBUG 2026-06-09 15:36:19 ort/utils.py:69 [CLIENT] Observation Sent 2097152/4609013 bytes with state 1
DEBUG 2026-06-09 15:36:19 ort/utils.py:69 [CLIENT] Observation Sent 4194304/4609013 bytes with state 2
DEBUG 2026-06-09 15:36:19 ort/utils.py:69 [CLIENT] Observation Sent 4609013/4609013 bytes with state 3
DEBUG 2026-06-09 15:36:19 ort/utils.py:71 [CLIENT] Observation Published 4.3954973220825195 MB
DEBUG 2026-06-09 15:36:19 t_client.py:209 Sent observation #594 | 
DEBUG 2026-06-09 15:36:19 t_client.py:434 QUEUE SIZE: 8 (Must go: False)
DEBUG 2026-06-09 15:36:19 t_client.py:477 Control loop (ms): 144.71
DEBUG 2026-06-09 15:36:19 follower.py:184 follower_right SOFollower read state: 2.3ms
DEBUG 2026-06-09 15:36:19 follower.py:191 follower_right SOFollower read wrist: 0.0ms
DEBUG 2026-06-09 15:36:19 follower.py:184 follower_left SOFollower read state: 2.3ms
DEBUG 2026-06-09 15:36:19 follower.py:191 follower_left SOFollower read wrist: 0.0ms
DEBUG 2026-06-09 15:36:19 t_client.py:198 Observation serialization time: 0.009270s
DEBUG 2026-06-09 15:36:19 ort/utils.py:54 [CLIENT] Observation Buffer size 4.3954973220825195 MB with
DEBUG 2026-06-09 15:36:19 ort/utils.py:69 [CLIENT] Observation Sent 2097152/4609013 bytes with state 1
DEBUG 2026-06-09 15:36:19 ort/utils.py:69 [CLIENT] Observation Sent 4194304/4609013 bytes with state 2
DEBUG 2026-06-09 15:36:19 ort/utils.py:69 [CLIENT] Observation Sent 4609013/4609013 bytes with state 3
DEBUG 2026-06-09 15:36:19 ort/utils.py:71 [CLIENT] Observation Published 4.3954973220825195 MB
DEBUG 2026-06-09 15:36:19 t_client.py:292 Received actions on device: cpu
DEBUG 2026-06-09 15:36:19 t_client.py:302 Actions kept on device: cpu
DEBUG 2026-06-09 15:36:19 t_client.py:209 Sent observation #595 | 
DEBUG 2026-06-09 15:36:19 t_client.py:434 QUEUE SIZE: 7 (Must go: False)
DEBUG 2026-06-09 15:36:19 t_client.py:477 Control loop (ms): 123.06
DEBUG 2026-06-09 15:36:19 t_client.py:477 Control loop (ms): 1.00
DEBUG 2026-06-09 15:36:19 t_client.py:477 Control loop (ms): 2.47
DEBUG 2026-06-09 15:36:19 t_client.py:477 Control loop (ms): 2.34
DEBUG 2026-06-09 15:36:19 t_client.py:292 Received actions on device: cpu
DEBUG 2026-06-09 15:36:19 t_client.py:302 Actions kept on device: cpu
DEBUG 2026-06-09 15:36:19 t_client.py:477 Control loop (ms): 3.06
DEBUG 2026-06-09 15:36:19 t_client.py:477 Control loop (ms): 2.76
DEBUG 2026-06-09 15:36:19 t_client.py:477 Control loop (ms): 1.76
DEBUG 2026-06-09 15:36:19 follower.py:184 follower_right SOFollower read state: 2.0ms
DEBUG 2026-06-09 15:36:19 follower.py:191 follower_right SOFollower read wrist: 0.0ms
DEBUG 2026-06-09 15:36:19 follower.py:184 follower_left SOFollower read state: 1.7ms
DEBUG 2026-06-09 15:36:19 follower.py:191 follower_left SOFollower read wrist: 0.0ms
DEBUG 2026-06-09 15:36:19 t_client.py:198 Observation serialization time: 0.004525s
DEBUG 2026-06-09 15:36:19 ort/utils.py:54 [CLIENT] Observation Buffer size 4.3954973220825195 MB with
DEBUG 2026-06-09 15:36:19 ort/utils.py:69 [CLIENT] Observation Sent 2097152/4609013 bytes with state 1
DEBUG 2026-06-09 15:36:19 ort/utils.py:69 [CLIENT] Observation Sent 4194304/4609013 bytes with state 2
DEBUG 2026-06-09 15:36:19 ort/utils.py:69 [CLIENT] Observation Sent 4609013/4609013 bytes with state 3
DEBUG 2026-06-09 15:36:19 ort/utils.py:71 [CLIENT] Observation Published 4.3954973220825195 MB
DEBUG 2026-06-09 15:36:19 t_client.py:209 Sent observation #602 | 
DEBUG 2026-06-09 15:36:19 t_client.py:434 QUEUE SIZE: 8 (Must go: False)
DEBUG 2026-06-09 15:36:19 t_client.py:477 Control loop (ms): 111.28
DEBUG 2026-06-09 15:36:19 follower.py:184 follower_right SOFollower read state: 2.7ms
DEBUG 2026-06-09 15:36:19 follower.py:191 follower_right SOFollower read wrist: 0.1ms
DEBUG 2026-06-09 15:36:19 follower.py:184 follower_left SOFollower read state: 2.8ms
DEBUG 2026-06-09 15:36:19 follower.py:191 follower_left SOFollower read wrist: 0.1ms
DEBUG 2026-06-09 15:36:19 t_client.py:198 Observation serialization time: 0.003249s
DEBUG 2026-06-09 15:36:19 ort/utils.py:54 [CLIENT] Observation Buffer size 4.3954973220825195 MB with
DEBUG 2026-06-09 15:36:19 ort/utils.py:69 [CLIENT] Observation Sent 2097152/4609013 bytes with state 1
DEBUG 2026-06-09 15:36:19 ort/utils.py:69 [CLIENT] Observation Sent 4194304/4609013 bytes with state 2
DEBUG 2026-06-09 15:36:19 ort/utils.py:69 [CLIENT] Observation Sent 4609013/4609013 bytes with state 3
DEBUG 2026-06-09 15:36:19 ort/utils.py:71 [CLIENT] Observation Published 4.3954973220825195 MB
DEBUG 2026-06-09 15:36:19 t_client.py:292 Received actions on device: cpu
DEBUG 2026-06-09 15:36:19 t_client.py:302 Actions kept on device: cpu
DEBUG 2026-06-09 15:36:19 t_client.py:209 Sent observation #603 | 
DEBUG 2026-06-09 15:36:19 t_client.py:434 QUEUE SIZE: 7 (Must go: False)
DEBUG 2026-06-09 15:36:19 t_client.py:477 Control loop (ms): 169.36
DEBUG 2026-06-09 15:36:19 t_client.py:477 Control loop (ms): 2.08
DEBUG 2026-06-09 15:36:19 t_client.py:477 Control loop (ms): 1.97
DEBUG 2026-06-09 15:36:19 t_client.py:477 Control loop (ms): 2.06
DEBUG 2026-06-09 15:36:19 t_client.py:292 Received actions on device: cpu
DEBUG 2026-06-09 15:36:19 t_client.py:302 Actions kept on device: cpu
DEBUG 2026-06-09 15:36:19 t_client.py:477 Control loop (ms): 0.87
DEBUG 2026-06-09 15:36:20 t_client.py:477 Control loop (ms): 2.58
DEBUG 2026-06-09 15:36:20 t_client.py:477 Control loop (ms): 1.49
DEBUG 2026-06-09 15:36:20 follower.py:184 follower_right SOFollower read state: 2.4ms
DEBUG 2026-06-09 15:36:20 follower.py:191 follower_right SOFollower read wrist: 0.0ms
DEBUG 2026-06-09 15:36:20 follower.py:184 follower_left SOFollower read state: 2.3ms
DEBUG 2026-06-09 15:36:20 follower.py:191 follower_left SOFollower read wrist: 0.0ms
DEBUG 2026-06-09 15:36:20 t_client.py:198 Observation serialization time: 0.008245s
DEBUG 2026-06-09 15:36:20 ort/utils.py:54 [CLIENT] Observation Buffer size 4.3954973220825195 MB with
DEBUG 2026-06-09 15:36:20 ort/utils.py:69 [CLIENT] Observation Sent 2097152/4609013 bytes with state 1
DEBUG 2026-06-09 15:36:20 ort/utils.py:69 [CLIENT] Observation Sent 4194304/4609013 bytes with state 2
DEBUG 2026-06-09 15:36:20 ort/utils.py:69 [CLIENT] Observation Sent 4609013/4609013 bytes with state 3
DEBUG 2026-06-09 15:36:20 ort/utils.py:71 [CLIENT] Observation Published 4.3954973220825195 MB
DEBUG 2026-06-09 15:36:20 t_client.py:209 Sent observation #610 | 
DEBUG 2026-06-09 15:36:20 t_client.py:434 QUEUE SIZE: 8 (Must go: False)
DEBUG 2026-06-09 15:36:20 t_client.py:477 Control loop (ms): 137.90
DEBUG 2026-06-09 15:36:20 follower.py:184 follower_right SOFollower read state: 2.0ms
DEBUG 2026-06-09 15:36:20 follower.py:191 follower_right SOFollower read wrist: 0.0ms
DEBUG 2026-06-09 15:36:20 follower.py:184 follower_left SOFollower read state: 2.1ms
DEBUG 2026-06-09 15:36:20 follower.py:191 follower_left SOFollower read wrist: 0.0ms
DEBUG 2026-06-09 15:36:20 t_client.py:198 Observation serialization time: 0.008359s
DEBUG 2026-06-09 15:36:20 ort/utils.py:54 [CLIENT] Observation Buffer size 4.3954973220825195 MB with
DEBUG 2026-06-09 15:36:20 ort/utils.py:69 [CLIENT] Observation Sent 2097152/4609013 bytes with state 1
DEBUG 2026-06-09 15:36:20 ort/utils.py:69 [CLIENT] Observation Sent 4194304/4609013 bytes with state 2
DEBUG 2026-06-09 15:36:20 ort/utils.py:69 [CLIENT] Observation Sent 4609013/4609013 bytes with state 3
DEBUG 2026-06-09 15:36:20 ort/utils.py:71 [CLIENT] Observation Published 4.3954973220825195 MB
DEBUG 2026-06-09 15:36:20 t_client.py:292 Received actions on device: cpu
DEBUG 2026-06-09 15:36:20 t_client.py:302 Actions kept on device: cpu
DEBUG 2026-06-09 15:36:20 t_client.py:209 Sent observation #611 | 
DEBUG 2026-06-09 15:36:20 t_client.py:434 QUEUE SIZE: 7 (Must go: False)
DEBUG 2026-06-09 15:36:20 t_client.py:477 Control loop (ms): 156.14
DEBUG 2026-06-09 15:36:20 t_client.py:477 Control loop (ms): 1.67
DEBUG 2026-06-09 15:36:20 t_client.py:477 Control loop (ms): 1.35
DEBUG 2026-06-09 15:36:20 t_client.py:477 Control loop (ms): 1.71
DEBUG 2026-06-09 15:36:20 t_client.py:292 Received actions on device: cpu
DEBUG 2026-06-09 15:36:20 t_client.py:302 Actions kept on device: cpu
DEBUG 2026-06-09 15:36:20 t_client.py:477 Control loop (ms): 1.73
DEBUG 2026-06-09 15:36:20 t_client.py:477 Control loop (ms): 1.49
DEBUG 2026-06-09 15:36:20 t_client.py:477 Control loop (ms): 1.99
DEBUG 2026-06-09 15:36:20 follower.py:184 follower_right SOFollower read state: 1.9ms
DEBUG 2026-06-09 15:36:20 follower.py:191 follower_right SOFollower read wrist: 0.0ms
DEBUG 2026-06-09 15:36:20 follower.py:184 follower_left SOFollower read state: 2.2ms
DEBUG 2026-06-09 15:36:20 follower.py:191 follower_left SOFollower read wrist: 0.0ms
DEBUG 2026-06-09 15:36:20 t_client.py:198 Observation serialization time: 0.008852s
DEBUG 2026-06-09 15:36:20 ort/utils.py:54 [CLIENT] Observation Buffer size 4.3954973220825195 MB with
DEBUG 2026-06-09 15:36:20 ort/utils.py:69 [CLIENT] Observation Sent 2097152/4609013 bytes with state 1
DEBUG 2026-06-09 15:36:20 ort/utils.py:69 [CLIENT] Observation Sent 4194304/4609013 bytes with state 2
DEBUG 2026-06-09 15:36:20 ort/utils.py:69 [CLIENT] Observation Sent 4609013/4609013 bytes with state 3
DEBUG 2026-06-09 15:36:20 ort/utils.py:71 [CLIENT] Observation Published 4.3954973220825195 MB
DEBUG 2026-06-09 15:36:20 t_client.py:209 Sent observation #618 | 
DEBUG 2026-06-09 15:36:20 t_client.py:434 QUEUE SIZE: 8 (Must go: False)
DEBUG 2026-06-09 15:36:20 t_client.py:477 Control loop (ms): 128.92
DEBUG 2026-06-09 15:36:20 follower.py:184 follower_right SOFollower read state: 2.2ms
DEBUG 2026-06-09 15:36:20 follower.py:191 follower_right SOFollower read wrist: 0.0ms
DEBUG 2026-06-09 15:36:20 follower.py:184 follower_left SOFollower read state: 2.4ms
DEBUG 2026-06-09 15:36:20 follower.py:191 follower_left SOFollower read wrist: 0.1ms
DEBUG 2026-06-09 15:36:20 t_client.py:198 Observation serialization time: 0.011943s
DEBUG 2026-06-09 15:36:20 ort/utils.py:54 [CLIENT] Observation Buffer size 4.3954973220825195 MB with
DEBUG 2026-06-09 15:36:20 ort/utils.py:69 [CLIENT] Observation Sent 2097152/4609013 bytes with state 1
DEBUG 2026-06-09 15:36:20 ort/utils.py:69 [CLIENT] Observation Sent 4194304/4609013 bytes with state 2
DEBUG 2026-06-09 15:36:20 ort/utils.py:69 [CLIENT] Observation Sent 4609013/4609013 bytes with state 3
DEBUG 2026-06-09 15:36:20 ort/utils.py:71 [CLIENT] Observation Published 4.3954973220825195 MB
DEBUG 2026-06-09 15:36:20 t_client.py:292 Received actions on device: cpu
DEBUG 2026-06-09 15:36:20 t_client.py:302 Actions kept on device: cpu
DEBUG 2026-06-09 15:36:20 t_client.py:209 Sent observation #619 | 
DEBUG 2026-06-09 15:36:20 t_client.py:434 QUEUE SIZE: 7 (Must go: False)
DEBUG 2026-06-09 15:36:20 t_client.py:477 Control loop (ms): 138.45
DEBUG 2026-06-09 15:36:20 t_client.py:477 Control loop (ms): 1.35
DEBUG 2026-06-09 15:36:20 t_client.py:477 Control loop (ms): 1.84
DEBUG 2026-06-09 15:36:20 t_client.py:477 Control loop (ms): 2.12
DEBUG 2026-06-09 15:36:20 t_client.py:292 Received actions on device: cpu
DEBUG 2026-06-09 15:36:20 t_client.py:302 Actions kept on device: cpu
DEBUG 2026-06-09 15:36:20 t_client.py:477 Control loop (ms): 2.26
DEBUG 2026-06-09 15:36:20 t_client.py:477 Control loop (ms): 2.39
DEBUG 2026-06-09 15:36:21 t_client.py:477 Control loop (ms): 1.69
DEBUG 2026-06-09 15:36:21 follower.py:184 follower_right SOFollower read state: 2.3ms
DEBUG 2026-06-09 15:36:21 follower.py:191 follower_right SOFollower read wrist: 0.0ms
DEBUG 2026-06-09 15:36:21 follower.py:184 follower_left SOFollower read state: 2.0ms
DEBUG 2026-06-09 15:36:21 follower.py:191 follower_left SOFollower read wrist: 0.0ms
DEBUG 2026-06-09 15:36:21 t_client.py:198 Observation serialization time: 0.005626s
DEBUG 2026-06-09 15:36:21 ort/utils.py:54 [CLIENT] Observation Buffer size 4.3954973220825195 MB with
DEBUG 2026-06-09 15:36:21 ort/utils.py:69 [CLIENT] Observation Sent 2097152/4609013 bytes with state 1
DEBUG 2026-06-09 15:36:21 ort/utils.py:69 [CLIENT] Observation Sent 4194304/4609013 bytes with state 2
DEBUG 2026-06-09 15:36:21 ort/utils.py:69 [CLIENT] Observation Sent 4609013/4609013 bytes with state 3
DEBUG 2026-06-09 15:36:21 ort/utils.py:71 [CLIENT] Observation Published 4.3954973220825195 MB
DEBUG 2026-06-09 15:36:21 t_client.py:209 Sent observation #626 | 
DEBUG 2026-06-09 15:36:21 t_client.py:434 QUEUE SIZE: 8 (Must go: False)
DEBUG 2026-06-09 15:36:21 t_client.py:477 Control loop (ms): 221.17
DEBUG 2026-06-09 15:36:21 follower.py:184 follower_right SOFollower read state: 2.0ms
DEBUG 2026-06-09 15:36:21 follower.py:191 follower_right SOFollower read wrist: 0.0ms
DEBUG 2026-06-09 15:36:21 follower.py:184 follower_left SOFollower read state: 1.8ms
DEBUG 2026-06-09 15:36:21 follower.py:191 follower_left SOFollower read wrist: 0.0ms
DEBUG 2026-06-09 15:36:21 t_client.py:198 Observation serialization time: 0.006720s
DEBUG 2026-06-09 15:36:21 ort/utils.py:54 [CLIENT] Observation Buffer size 4.3954973220825195 MB with
DEBUG 2026-06-09 15:36:21 ort/utils.py:69 [CLIENT] Observation Sent 2097152/4609013 bytes with state 1
DEBUG 2026-06-09 15:36:21 ort/utils.py:69 [CLIENT] Observation Sent 4194304/4609013 bytes with state 2
DEBUG 2026-06-09 15:36:21 ort/utils.py:69 [CLIENT] Observation Sent 4609013/4609013 bytes with state 3
DEBUG 2026-06-09 15:36:21 ort/utils.py:71 [CLIENT] Observation Published 4.3954973220825195 MB
DEBUG 2026-06-09 15:36:21 t_client.py:292 Received actions on device: cpu
DEBUG 2026-06-09 15:36:21 t_client.py:302 Actions kept on device: cpu
DEBUG 2026-06-09 15:36:21 t_client.py:209 Sent observation #627 | 
DEBUG 2026-06-09 15:36:21 t_client.py:434 QUEUE SIZE: 7 (Must go: False)
DEBUG 2026-06-09 15:36:21 t_client.py:477 Control loop (ms): 208.34
DEBUG 2026-06-09 15:36:21 t_client.py:477 Control loop (ms): 1.69
DEBUG 2026-06-09 15:36:21 t_client.py:477 Control loop (ms): 1.22
DEBUG 2026-06-09 15:36:21 t_client.py:477 Control loop (ms): 1.37
DEBUG 2026-06-09 15:36:21 t_client.py:292 Received actions on device: cpu
DEBUG 2026-06-09 15:36:21 t_client.py:302 Actions kept on device: cpu
DEBUG 2026-06-09 15:36:21 t_client.py:477 Control loop (ms): 1.99
DEBUG 2026-06-09 15:36:21 t_client.py:477 Control loop (ms): 1.96
DEBUG 2026-06-09 15:36:21 t_client.py:477 Control loop (ms): 1.67
DEBUG 2026-06-09 15:36:21 follower.py:184 follower_right SOFollower read state: 2.0ms
DEBUG 2026-06-09 15:36:21 follower.py:191 follower_right SOFollower read wrist: 0.0ms
DEBUG 2026-06-09 15:36:21 follower.py:184 follower_left SOFollower read state: 1.8ms
DEBUG 2026-06-09 15:36:21 follower.py:191 follower_left SOFollower read wrist: 0.0ms
DEBUG 2026-06-09 15:36:21 t_client.py:198 Observation serialization time: 0.004566s
DEBUG 2026-06-09 15:36:21 ort/utils.py:54 [CLIENT] Observation Buffer size 4.3954973220825195 MB with
DEBUG 2026-06-09 15:36:21 ort/utils.py:69 [CLIENT] Observation Sent 2097152/4609013 bytes with state 1
DEBUG 2026-06-09 15:36:21 ort/utils.py:69 [CLIENT] Observation Sent 4194304/4609013 bytes with state 2
DEBUG 2026-06-09 15:36:21 ort/utils.py:69 [CLIENT] Observation Sent 4609013/4609013 bytes with state 3
DEBUG 2026-06-09 15:36:21 ort/utils.py:71 [CLIENT] Observation Published 4.3954973220825195 MB
DEBUG 2026-06-09 15:36:21 t_client.py:209 Sent observation #634 | 
DEBUG 2026-06-09 15:36:21 t_client.py:434 QUEUE SIZE: 8 (Must go: False)
DEBUG 2026-06-09 15:36:21 t_client.py:477 Control loop (ms): 207.72
DEBUG 2026-06-09 15:36:21 follower.py:184 follower_right SOFollower read state: 1.9ms
DEBUG 2026-06-09 15:36:21 follower.py:191 follower_right SOFollower read wrist: 0.0ms
DEBUG 2026-06-09 15:36:21 follower.py:184 follower_left SOFollower read state: 3.2ms
DEBUG 2026-06-09 15:36:21 follower.py:191 follower_left SOFollower read wrist: 0.1ms
DEBUG 2026-06-09 15:36:21 t_client.py:198 Observation serialization time: 0.007463s
DEBUG 2026-06-09 15:36:21 ort/utils.py:54 [CLIENT] Observation Buffer size 4.3954973220825195 MB with
DEBUG 2026-06-09 15:36:21 ort/utils.py:69 [CLIENT] Observation Sent 2097152/4609013 bytes with state 1
DEBUG 2026-06-09 15:36:21 ort/utils.py:69 [CLIENT] Observation Sent 4194304/4609013 bytes with state 2
DEBUG 2026-06-09 15:36:21 ort/utils.py:69 [CLIENT] Observation Sent 4609013/4609013 bytes with state 3
DEBUG 2026-06-09 15:36:21 ort/utils.py:71 [CLIENT] Observation Published 4.3954973220825195 MB
DEBUG 2026-06-09 15:36:22 t_client.py:292 Received actions on device: cpu
DEBUG 2026-06-09 15:36:22 t_client.py:302 Actions kept on device: cpu
DEBUG 2026-06-09 15:36:22 t_client.py:209 Sent observation #635 | 
DEBUG 2026-06-09 15:36:22 t_client.py:434 QUEUE SIZE: 7 (Must go: False)
DEBUG 2026-06-09 15:36:22 t_client.py:477 Control loop (ms): 242.23
DEBUG 2026-06-09 15:36:22 t_client.py:477 Control loop (ms): 1.88
DEBUG 2026-06-09 15:36:22 t_client.py:477 Control loop (ms): 1.64
DEBUG 2026-06-09 15:36:22 t_client.py:477 Control loop (ms): 2.19
DEBUG 2026-06-09 15:36:22 t_client.py:292 Received actions on device: cpu
DEBUG 2026-06-09 15:36:22 t_client.py:302 Actions kept on device: cpu
DEBUG 2026-06-09 15:36:22 t_client.py:477 Control loop (ms): 1.54
DEBUG 2026-06-09 15:36:22 t_client.py:477 Control loop (ms): 2.08
DEBUG 2026-06-09 15:36:22 t_client.py:477 Control loop (ms): 1.92
DEBUG 2026-06-09 15:36:22 follower.py:184 follower_right SOFollower read state: 2.3ms
DEBUG 2026-06-09 15:36:22 follower.py:191 follower_right SOFollower read wrist: 0.0ms
DEBUG 2026-06-09 15:36:22 follower.py:184 follower_left SOFollower read state: 1.9ms
DEBUG 2026-06-09 15:36:22 follower.py:191 follower_left SOFollower read wrist: 0.0ms
DEBUG 2026-06-09 15:36:22 t_client.py:198 Observation serialization time: 0.003316s
DEBUG 2026-06-09 15:36:22 ort/utils.py:54 [CLIENT] Observation Buffer size 4.3954973220825195 MB with
DEBUG 2026-06-09 15:36:22 ort/utils.py:69 [CLIENT] Observation Sent 2097152/4609013 bytes with state 1
DEBUG 2026-06-09 15:36:22 ort/utils.py:69 [CLIENT] Observation Sent 4194304/4609013 bytes with state 2
DEBUG 2026-06-09 15:36:22 ort/utils.py:69 [CLIENT] Observation Sent 4609013/4609013 bytes with state 3
DEBUG 2026-06-09 15:36:22 ort/utils.py:71 [CLIENT] Observation Published 4.3954973220825195 MB
DEBUG 2026-06-09 15:36:22 t_client.py:209 Sent observation #642 | 
DEBUG 2026-06-09 15:36:22 t_client.py:434 QUEUE SIZE: 8 (Must go: False)
DEBUG 2026-06-09 15:36:22 t_client.py:477 Control loop (ms): 113.85
DEBUG 2026-06-09 15:36:22 follower.py:184 follower_right SOFollower read state: 2.1ms
DEBUG 2026-06-09 15:36:22 follower.py:191 follower_right SOFollower read wrist: 0.0ms
DEBUG 2026-06-09 15:36:22 follower.py:184 follower_left SOFollower read state: 1.9ms
DEBUG 2026-06-09 15:36:22 follower.py:191 follower_left SOFollower read wrist: 0.0ms
DEBUG 2026-06-09 15:36:22 t_client.py:198 Observation serialization time: 0.008848s
DEBUG 2026-06-09 15:36:22 ort/utils.py:54 [CLIENT] Observation Buffer size 4.3954973220825195 MB with
DEBUG 2026-06-09 15:36:22 ort/utils.py:69 [CLIENT] Observation Sent 2097152/4609013 bytes with state 1
DEBUG 2026-06-09 15:36:22 ort/utils.py:69 [CLIENT] Observation Sent 4194304/4609013 bytes with state 2
DEBUG 2026-06-09 15:36:22 ort/utils.py:69 [CLIENT] Observation Sent 4609013/4609013 bytes with state 3
DEBUG 2026-06-09 15:36:22 ort/utils.py:71 [CLIENT] Observation Published 4.3954973220825195 MB
DEBUG 2026-06-09 15:36:22 t_client.py:292 Received actions on device: cpu
DEBUG 2026-06-09 15:36:22 t_client.py:302 Actions kept on device: cpu
DEBUG 2026-06-09 15:36:22 t_client.py:209 Sent observation #643 | 
DEBUG 2026-06-09 15:36:22 t_client.py:434 QUEUE SIZE: 7 (Must go: False)
DEBUG 2026-06-09 15:36:22 t_client.py:477 Control loop (ms): 109.62
DEBUG 2026-06-09 15:36:22 t_client.py:477 Control loop (ms): 1.43
DEBUG 2026-06-09 15:36:22 t_client.py:477 Control loop (ms): 1.49
DEBUG 2026-06-09 15:36:22 t_client.py:477 Control loop (ms): 1.95
DEBUG 2026-06-09 15:36:22 t_client.py:292 Received actions on device: cpu
DEBUG 2026-06-09 15:36:22 t_client.py:302 Actions kept on device: cpu
DEBUG 2026-06-09 15:36:22 t_client.py:477 Control loop (ms): 1.70
DEBUG 2026-06-09 15:36:22 t_client.py:477 Control loop (ms): 1.44
DEBUG 2026-06-09 15:36:22 t_client.py:477 Control loop (ms): 1.86
DEBUG 2026-06-09 15:36:22 follower.py:184 follower_right SOFollower read state: 2.2ms
DEBUG 2026-06-09 15:36:22 follower.py:191 follower_right SOFollower read wrist: 0.0ms
DEBUG 2026-06-09 15:36:22 follower.py:184 follower_left SOFollower read state: 2.1ms
DEBUG 2026-06-09 15:36:22 follower.py:191 follower_left SOFollower read wrist: 0.0ms
DEBUG 2026-06-09 15:36:22 t_client.py:198 Observation serialization time: 0.009707s
DEBUG 2026-06-09 15:36:22 ort/utils.py:54 [CLIENT] Observation Buffer size 4.3954973220825195 MB with
DEBUG 2026-06-09 15:36:22 ort/utils.py:69 [CLIENT] Observation Sent 2097152/4609013 bytes with state 1
DEBUG 2026-06-09 15:36:22 ort/utils.py:69 [CLIENT] Observation Sent 4194304/4609013 bytes with state 2
DEBUG 2026-06-09 15:36:22 ort/utils.py:69 [CLIENT] Observation Sent 4609013/4609013 bytes with state 3
DEBUG 2026-06-09 15:36:22 ort/utils.py:71 [CLIENT] Observation Published 4.3954973220825195 MB
DEBUG 2026-06-09 15:36:22 t_client.py:209 Sent observation #650 | 
DEBUG 2026-06-09 15:36:22 t_client.py:434 QUEUE SIZE: 8 (Must go: False)
DEBUG 2026-06-09 15:36:22 t_client.py:477 Control loop (ms): 125.52
DEBUG 2026-06-09 15:36:22 follower.py:184 follower_right SOFollower read state: 2.2ms
DEBUG 2026-06-09 15:36:22 follower.py:191 follower_right SOFollower read wrist: 0.0ms
DEBUG 2026-06-09 15:36:22 follower.py:184 follower_left SOFollower read state: 2.2ms
DEBUG 2026-06-09 15:36:22 follower.py:191 follower_left SOFollower read wrist: 0.0ms
DEBUG 2026-06-09 15:36:22 t_client.py:198 Observation serialization time: 0.010206s
DEBUG 2026-06-09 15:36:22 ort/utils.py:54 [CLIENT] Observation Buffer size 4.3954973220825195 MB with
DEBUG 2026-06-09 15:36:22 ort/utils.py:69 [CLIENT] Observation Sent 2097152/4609013 bytes with state 1
DEBUG 2026-06-09 15:36:22 ort/utils.py:69 [CLIENT] Observation Sent 4194304/4609013 bytes with state 2
DEBUG 2026-06-09 15:36:22 ort/utils.py:69 [CLIENT] Observation Sent 4609013/4609013 bytes with state 3
DEBUG 2026-06-09 15:36:22 ort/utils.py:71 [CLIENT] Observation Published 4.3954973220825195 MB
DEBUG 2026-06-09 15:36:22 t_client.py:209 Sent observation #651 | 
DEBUG 2026-06-09 15:36:22 t_client.py:434 QUEUE SIZE: 7 (Must go: False)
DEBUG 2026-06-09 15:36:22 t_client.py:477 Control loop (ms): 104.99
DEBUG 2026-06-09 15:36:22 follower.py:184 follower_right SOFollower read state: 2.4ms
DEBUG 2026-06-09 15:36:22 follower.py:191 follower_right SOFollower read wrist: 0.0ms
DEBUG 2026-06-09 15:36:22 t_client.py:292 Received actions on device: cpu
DEBUG 2026-06-09 15:36:22 t_client.py:302 Actions kept on device: cpu
DEBUG 2026-06-09 15:36:22 follower.py:184 follower_left SOFollower read state: 1.9ms
DEBUG 2026-06-09 15:36:22 follower.py:191 follower_left SOFollower read wrist: 0.0ms
DEBUG 2026-06-09 15:36:22 t_client.py:198 Observation serialization time: 0.005404s
DEBUG 2026-06-09 15:36:22 ort/utils.py:54 [CLIENT] Observation Buffer size 4.3954973220825195 MB with
DEBUG 2026-06-09 15:36:23 ort/utils.py:69 [CLIENT] Observation Sent 2097152/4609013 bytes with state 1
DEBUG 2026-06-09 15:36:23 ort/utils.py:69 [CLIENT] Observation Sent 4194304/4609013 bytes with state 2
DEBUG 2026-06-09 15:36:23 ort/utils.py:69 [CLIENT] Observation Sent 4609013/4609013 bytes with state 3
DEBUG 2026-06-09 15:36:23 ort/utils.py:71 [CLIENT] Observation Published 4.3954973220825195 MB
DEBUG 2026-06-09 15:36:23 t_client.py:209 Sent observation #652 | 
DEBUG 2026-06-09 15:36:23 t_client.py:434 QUEUE SIZE: 6 (Must go: False)
DEBUG 2026-06-09 15:36:23 t_client.py:477 Control loop (ms): 253.12
DEBUG 2026-06-09 15:36:23 t_client.py:477 Control loop (ms): 3.29
DEBUG 2026-06-09 15:36:23 t_client.py:292 Received actions on device: cpu
DEBUG 2026-06-09 15:36:23 t_client.py:302 Actions kept on device: cpu
DEBUG 2026-06-09 15:36:23 t_client.py:477 Control loop (ms): 1.12
DEBUG 2026-06-09 15:36:23 t_client.py:477 Control loop (ms): 1.48
DEBUG 2026-06-09 15:36:23 t_client.py:477 Control loop (ms): 2.66
DEBUG 2026-06-09 15:36:23 t_client.py:292 Received actions on device: cpu
DEBUG 2026-06-09 15:36:23 t_client.py:302 Actions kept on device: cpu
DEBUG 2026-06-09 15:36:23 t_client.py:477 Control loop (ms): 2.03
DEBUG 2026-06-09 15:36:23 t_client.py:477 Control loop (ms): 1.59
DEBUG 2026-06-09 15:36:23 follower.py:184 follower_right SOFollower read state: 2.4ms
DEBUG 2026-06-09 15:36:23 follower.py:191 follower_right SOFollower read wrist: 0.1ms
DEBUG 2026-06-09 15:36:23 follower.py:184 follower_left SOFollower read state: 2.4ms
DEBUG 2026-06-09 15:36:23 follower.py:191 follower_left SOFollower read wrist: 0.0ms
DEBUG 2026-06-09 15:36:23 t_client.py:198 Observation serialization time: 0.011616s
DEBUG 2026-06-09 15:36:23 ort/utils.py:54 [CLIENT] Observation Buffer size 4.3954973220825195 MB with
DEBUG 2026-06-09 15:36:23 ort/utils.py:69 [CLIENT] Observation Sent 2097152/4609013 bytes with state 1
DEBUG 2026-06-09 15:36:23 ort/utils.py:69 [CLIENT] Observation Sent 4194304/4609013 bytes with state 2
DEBUG 2026-06-09 15:36:23 ort/utils.py:69 [CLIENT] Observation Sent 4609013/4609013 bytes with state 3
DEBUG 2026-06-09 15:36:23 ort/utils.py:71 [CLIENT] Observation Published 4.3954973220825195 MB
DEBUG 2026-06-09 15:36:23 t_client.py:209 Sent observation #659 | 
DEBUG 2026-06-09 15:36:23 t_client.py:434 QUEUE SIZE: 8 (Must go: False)
DEBUG 2026-06-09 15:36:23 t_client.py:477 Control loop (ms): 111.13
DEBUG 2026-06-09 15:36:23 follower.py:184 follower_right SOFollower read state: 2.0ms
DEBUG 2026-06-09 15:36:23 follower.py:191 follower_right SOFollower read wrist: 0.0ms
DEBUG 2026-06-09 15:36:23 follower.py:184 follower_left SOFollower read state: 2.0ms
DEBUG 2026-06-09 15:36:23 follower.py:191 follower_left SOFollower read wrist: 0.0ms
DEBUG 2026-06-09 15:36:23 t_client.py:198 Observation serialization time: 0.008260s
DEBUG 2026-06-09 15:36:23 ort/utils.py:54 [CLIENT] Observation Buffer size 4.3954973220825195 MB with
DEBUG 2026-06-09 15:36:23 ort/utils.py:69 [CLIENT] Observation Sent 2097152/4609013 bytes with state 1
DEBUG 2026-06-09 15:36:23 ort/utils.py:69 [CLIENT] Observation Sent 4194304/4609013 bytes with state 2
DEBUG 2026-06-09 15:36:23 ort/utils.py:69 [CLIENT] Observation Sent 4609013/4609013 bytes with state 3
DEBUG 2026-06-09 15:36:23 ort/utils.py:71 [CLIENT] Observation Published 4.3954973220825195 MB
DEBUG 2026-06-09 15:36:23 t_client.py:209 Sent observation #660 | 
DEBUG 2026-06-09 15:36:23 t_client.py:434 QUEUE SIZE: 7 (Must go: False)
DEBUG 2026-06-09 15:36:23 t_client.py:477 Control loop (ms): 115.51
DEBUG 2026-06-09 15:36:23 t_client.py:292 Received actions on device: cpu
DEBUG 2026-06-09 15:36:23 t_client.py:302 Actions kept on device: cpu
DEBUG 2026-06-09 15:36:23 follower.py:184 follower_right SOFollower read state: 2.0ms
DEBUG 2026-06-09 15:36:23 follower.py:191 follower_right SOFollower read wrist: 0.0ms
DEBUG 2026-06-09 15:36:23 follower.py:184 follower_left SOFollower read state: 1.9ms
DEBUG 2026-06-09 15:36:23 follower.py:191 follower_left SOFollower read wrist: 0.0ms
DEBUG 2026-06-09 15:36:23 t_client.py:198 Observation serialization time: 0.009029s
DEBUG 2026-06-09 15:36:23 ort/utils.py:54 [CLIENT] Observation Buffer size 4.3954973220825195 MB with
DEBUG 2026-06-09 15:36:23 ort/utils.py:69 [CLIENT] Observation Sent 2097152/4609013 bytes with state 1
DEBUG 2026-06-09 15:36:23 ort/utils.py:69 [CLIENT] Observation Sent 4194304/4609013 bytes with state 2
DEBUG 2026-06-09 15:36:23 ort/utils.py:69 [CLIENT] Observation Sent 4609013/4609013 bytes with state 3
DEBUG 2026-06-09 15:36:23 ort/utils.py:71 [CLIENT] Observation Published 4.3954973220825195 MB
DEBUG 2026-06-09 15:36:23 t_client.py:292 Received actions on device: cpu
DEBUG 2026-06-09 15:36:23 t_client.py:302 Actions kept on device: cpu
DEBUG 2026-06-09 15:36:23 t_client.py:209 Sent observation #661 | 
DEBUG 2026-06-09 15:36:23 t_client.py:434 QUEUE SIZE: 13 (Must go: False)
DEBUG 2026-06-09 15:36:23 t_client.py:477 Control loop (ms): 128.84
DEBUG 2026-06-09 15:36:23 t_client.py:477 Control loop (ms): 1.55
DEBUG 2026-06-09 15:36:23 t_client.py:477 Control loop (ms): 1.78
DEBUG 2026-06-09 15:36:23 t_client.py:477 Control loop (ms): 2.38
DEBUG 2026-06-09 15:36:23 t_client.py:292 Received actions on device: cpu
DEBUG 2026-06-09 15:36:23 t_client.py:302 Actions kept on device: cpu
DEBUG 2026-06-09 15:36:23 t_client.py:477 Control loop (ms): 1.84
DEBUG 2026-06-09 15:36:23 t_client.py:477 Control loop (ms): 2.07
DEBUG 2026-06-09 15:36:23 t_client.py:477 Control loop (ms): 2.26
DEBUG 2026-06-09 15:36:24 follower.py:184 follower_right SOFollower read state: 2.0ms
DEBUG 2026-06-09 15:36:24 follower.py:191 follower_right SOFollower read wrist: 0.0ms
DEBUG 2026-06-09 15:36:24 follower.py:184 follower_left SOFollower read state: 2.0ms
DEBUG 2026-06-09 15:36:24 follower.py:191 follower_left SOFollower read wrist: 0.0ms
DEBUG 2026-06-09 15:36:24 t_client.py:198 Observation serialization time: 0.011279s
DEBUG 2026-06-09 15:36:24 ort/utils.py:54 [CLIENT] Observation Buffer size 4.3954973220825195 MB with
DEBUG 2026-06-09 15:36:24 ort/utils.py:69 [CLIENT] Observation Sent 2097152/4609013 bytes with state 1
DEBUG 2026-06-09 15:36:24 ort/utils.py:69 [CLIENT] Observation Sent 4194304/4609013 bytes with state 2
DEBUG 2026-06-09 15:36:24 ort/utils.py:69 [CLIENT] Observation Sent 4609013/4609013 bytes with state 3
DEBUG 2026-06-09 15:36:24 ort/utils.py:71 [CLIENT] Observation Published 4.3954973220825195 MB
DEBUG 2026-06-09 15:36:24 t_client.py:209 Sent observation #668 | 
DEBUG 2026-06-09 15:36:24 t_client.py:434 QUEUE SIZE: 8 (Must go: False)
DEBUG 2026-06-09 15:36:24 t_client.py:477 Control loop (ms): 116.78
DEBUG 2026-06-09 15:36:24 follower.py:184 follower_right SOFollower read state: 1.8ms
DEBUG 2026-06-09 15:36:24 follower.py:191 follower_right SOFollower read wrist: 0.0ms
DEBUG 2026-06-09 15:36:24 follower.py:184 follower_left SOFollower read state: 2.1ms
DEBUG 2026-06-09 15:36:24 follower.py:191 follower_left SOFollower read wrist: 0.0ms
DEBUG 2026-06-09 15:36:24 t_client.py:198 Observation serialization time: 0.008461s
DEBUG 2026-06-09 15:36:24 ort/utils.py:54 [CLIENT] Observation Buffer size 4.3954973220825195 MB with
DEBUG 2026-06-09 15:36:24 ort/utils.py:69 [CLIENT] Observation Sent 2097152/4609013 bytes with state 1
DEBUG 2026-06-09 15:36:24 ort/utils.py:69 [CLIENT] Observation Sent 4194304/4609013 bytes with state 2
DEBUG 2026-06-09 15:36:24 ort/utils.py:69 [CLIENT] Observation Sent 4609013/4609013 bytes with state 3
DEBUG 2026-06-09 15:36:24 ort/utils.py:71 [CLIENT] Observation Published 4.3954973220825195 MB
DEBUG 2026-06-09 15:36:24 t_client.py:209 Sent observation #669 | 
DEBUG 2026-06-09 15:36:24 t_client.py:434 QUEUE SIZE: 7 (Must go: False)
DEBUG 2026-06-09 15:36:24 t_client.py:477 Control loop (ms): 114.60
DEBUG 2026-06-09 15:36:24 t_client.py:292 Received actions on device: cpu
DEBUG 2026-06-09 15:36:24 t_client.py:302 Actions kept on device: cpu
DEBUG 2026-06-09 15:36:24 follower.py:184 follower_right SOFollower read state: 2.1ms
DEBUG 2026-06-09 15:36:24 follower.py:191 follower_right SOFollower read wrist: 0.0ms
DEBUG 2026-06-09 15:36:24 follower.py:184 follower_left SOFollower read state: 2.0ms
DEBUG 2026-06-09 15:36:24 follower.py:191 follower_left SOFollower read wrist: 0.0ms
DEBUG 2026-06-09 15:36:24 t_client.py:198 Observation serialization time: 0.004545s
DEBUG 2026-06-09 15:36:24 ort/utils.py:54 [CLIENT] Observation Buffer size 4.3954973220825195 MB with
DEBUG 2026-06-09 15:36:24 ort/utils.py:69 [CLIENT] Observation Sent 2097152/4609013 bytes with state 1
DEBUG 2026-06-09 15:36:24 ort/utils.py:69 [CLIENT] Observation Sent 4194304/4609013 bytes with state 2
DEBUG 2026-06-09 15:36:24 ort/utils.py:69 [CLIENT] Observation Sent 4609013/4609013 bytes with state 3
DEBUG 2026-06-09 15:36:24 ort/utils.py:71 [CLIENT] Observation Published 4.3954973220825195 MB
DEBUG 2026-06-09 15:36:24 t_client.py:292 Received actions on device: cpu
DEBUG 2026-06-09 15:36:24 t_client.py:302 Actions kept on device: cpu
DEBUG 2026-06-09 15:36:24 t_client.py:209 Sent observation #670 | 
DEBUG 2026-06-09 15:36:24 t_client.py:434 QUEUE SIZE: 13 (Must go: False)
DEBUG 2026-06-09 15:36:24 t_client.py:477 Control loop (ms): 114.58
DEBUG 2026-06-09 15:36:24 t_client.py:477 Control loop (ms): 0.82
DEBUG 2026-06-09 15:36:24 t_client.py:477 Control loop (ms): 1.98
DEBUG 2026-06-09 15:36:24 t_client.py:477 Control loop (ms): 1.56
DEBUG 2026-06-09 15:36:24 t_client.py:292 Received actions on device: cpu
DEBUG 2026-06-09 15:36:24 t_client.py:302 Actions kept on device: cpu
DEBUG 2026-06-09 15:36:24 t_client.py:477 Control loop (ms): 1.82
DEBUG 2026-06-09 15:36:24 t_client.py:477 Control loop (ms): 1.92
DEBUG 2026-06-09 15:36:24 t_client.py:477 Control loop (ms): 1.96
DEBUG 2026-06-09 15:36:24 follower.py:184 follower_right SOFollower read state: 2.2ms
DEBUG 2026-06-09 15:36:24 follower.py:191 follower_right SOFollower read wrist: 0.0ms
DEBUG 2026-06-09 15:36:24 follower.py:184 follower_left SOFollower read state: 1.8ms
DEBUG 2026-06-09 15:36:24 follower.py:191 follower_left SOFollower read wrist: 0.0ms
DEBUG 2026-06-09 15:36:24 t_client.py:198 Observation serialization time: 0.010704s
DEBUG 2026-06-09 15:36:24 ort/utils.py:54 [CLIENT] Observation Buffer size 4.3954973220825195 MB with
DEBUG 2026-06-09 15:36:24 ort/utils.py:69 [CLIENT] Observation Sent 2097152/4609013 bytes with state 1
DEBUG 2026-06-09 15:36:24 ort/utils.py:69 [CLIENT] Observation Sent 4194304/4609013 bytes with state 2
DEBUG 2026-06-09 15:36:24 ort/utils.py:69 [CLIENT] Observation Sent 4609013/4609013 bytes with state 3
DEBUG 2026-06-09 15:36:24 ort/utils.py:71 [CLIENT] Observation Published 4.3954973220825195 MB
DEBUG 2026-06-09 15:36:24 t_client.py:209 Sent observation #677 | 
DEBUG 2026-06-09 15:36:24 t_client.py:434 QUEUE SIZE: 8 (Must go: False)
DEBUG 2026-06-09 15:36:24 t_client.py:477 Control loop (ms): 131.58
DEBUG 2026-06-09 15:36:24 follower.py:184 follower_right SOFollower read state: 1.8ms
DEBUG 2026-06-09 15:36:24 follower.py:191 follower_right SOFollower read wrist: 0.0ms
DEBUG 2026-06-09 15:36:24 follower.py:184 follower_left SOFollower read state: 2.2ms
DEBUG 2026-06-09 15:36:24 follower.py:191 follower_left SOFollower read wrist: 0.0ms
DEBUG 2026-06-09 15:36:24 t_client.py:198 Observation serialization time: 0.005996s
DEBUG 2026-06-09 15:36:24 ort/utils.py:54 [CLIENT] Observation Buffer size 4.3954973220825195 MB with
DEBUG 2026-06-09 15:36:24 ort/utils.py:69 [CLIENT] Observation Sent 2097152/4609013 bytes with state 1
DEBUG 2026-06-09 15:36:24 ort/utils.py:69 [CLIENT] Observation Sent 4194304/4609013 bytes with state 2
DEBUG 2026-06-09 15:36:24 ort/utils.py:69 [CLIENT] Observation Sent 4609013/4609013 bytes with state 3
DEBUG 2026-06-09 15:36:24 ort/utils.py:71 [CLIENT] Observation Published 4.3954973220825195 MB
DEBUG 2026-06-09 15:36:24 t_client.py:209 Sent observation #678 | 
DEBUG 2026-06-09 15:36:24 t_client.py:434 QUEUE SIZE: 7 (Must go: False)
DEBUG 2026-06-09 15:36:24 t_client.py:477 Control loop (ms): 124.50
DEBUG 2026-06-09 15:36:24 follower.py:184 follower_right SOFollower read state: 2.6ms
DEBUG 2026-06-09 15:36:24 follower.py:191 follower_right SOFollower read wrist: 0.0ms
DEBUG 2026-06-09 15:36:24 t_client.py:292 Received actions on device: cpu
DEBUG 2026-06-09 15:36:24 t_client.py:302 Actions kept on device: cpu
DEBUG 2026-06-09 15:36:24 follower.py:184 follower_left SOFollower read state: 1.4ms
DEBUG 2026-06-09 15:36:24 follower.py:191 follower_left SOFollower read wrist: 0.0ms
DEBUG 2026-06-09 15:36:24 t_client.py:198 Observation serialization time: 0.005908s
DEBUG 2026-06-09 15:36:24 ort/utils.py:54 [CLIENT] Observation Buffer size 4.3954973220825195 MB with
DEBUG 2026-06-09 15:36:24 ort/utils.py:69 [CLIENT] Observation Sent 2097152/4609013 bytes with state 1
DEBUG 2026-06-09 15:36:24 ort/utils.py:69 [CLIENT] Observation Sent 4194304/4609013 bytes with state 2
DEBUG 2026-06-09 15:36:24 ort/utils.py:69 [CLIENT] Observation Sent 4609013/4609013 bytes with state 3
DEBUG 2026-06-09 15:36:24 ort/utils.py:71 [CLIENT] Observation Published 4.3954973220825195 MB
DEBUG 2026-06-09 15:36:24 t_client.py:209 Sent observation #679 | 
DEBUG 2026-06-09 15:36:24 t_client.py:434 QUEUE SIZE: 13 (Must go: False)
DEBUG 2026-06-09 15:36:24 t_client.py:477 Control loop (ms): 171.85
DEBUG 2026-06-09 15:36:24 t_client.py:292 Received actions on device: cpu
DEBUG 2026-06-09 15:36:24 t_client.py:302 Actions kept on device: cpu
DEBUG 2026-06-09 15:36:24 t_client.py:477 Control loop (ms): 5.68
DEBUG 2026-06-09 15:36:25 t_client.py:477 Control loop (ms): 1.90
DEBUG 2026-06-09 15:36:25 t_client.py:477 Control loop (ms): 2.11
DEBUG 2026-06-09 15:36:25 t_client.py:292 Received actions on device: cpu
DEBUG 2026-06-09 15:36:25 t_client.py:302 Actions kept on device: cpu
DEBUG 2026-06-09 15:36:25 t_client.py:477 Control loop (ms): 1.86
DEBUG 2026-06-09 15:36:25 t_client.py:477 Control loop (ms): 2.34
DEBUG 2026-06-09 15:36:25 t_client.py:477 Control loop (ms): 2.46
DEBUG 2026-06-09 15:36:25 t_client.py:477 Control loop (ms): 1.56
DEBUG 2026-06-09 15:36:25 follower.py:184 follower_right SOFollower read state: 3.0ms
DEBUG 2026-06-09 15:36:25 follower.py:191 follower_right SOFollower read wrist: 0.1ms
DEBUG 2026-06-09 15:36:25 follower.py:184 follower_left SOFollower read state: 3.0ms
DEBUG 2026-06-09 15:36:25 follower.py:191 follower_left SOFollower read wrist: 0.1ms
DEBUG 2026-06-09 15:36:25 t_client.py:198 Observation serialization time: 0.011394s
DEBUG 2026-06-09 15:36:25 ort/utils.py:54 [CLIENT] Observation Buffer size 4.3954973220825195 MB with
DEBUG 2026-06-09 15:36:25 ort/utils.py:69 [CLIENT] Observation Sent 2097152/4609013 bytes with state 1
DEBUG 2026-06-09 15:36:25 ort/utils.py:69 [CLIENT] Observation Sent 4194304/4609013 bytes with state 2
DEBUG 2026-06-09 15:36:25 ort/utils.py:69 [CLIENT] Observation Sent 4609013/4609013 bytes with state 3
DEBUG 2026-06-09 15:36:25 ort/utils.py:71 [CLIENT] Observation Published 4.3954973220825195 MB
DEBUG 2026-06-09 15:36:25 t_client.py:209 Sent observation #686 | 
DEBUG 2026-06-09 15:36:25 t_client.py:434 QUEUE SIZE: 8 (Must go: False)
DEBUG 2026-06-09 15:36:25 t_client.py:477 Control loop (ms): 142.27
DEBUG 2026-06-09 15:36:25 follower.py:184 follower_right SOFollower read state: 2.2ms
DEBUG 2026-06-09 15:36:25 follower.py:191 follower_right SOFollower read wrist: 0.0ms
DEBUG 2026-06-09 15:36:25 follower.py:184 follower_left SOFollower read state: 2.0ms
DEBUG 2026-06-09 15:36:25 follower.py:191 follower_left SOFollower read wrist: 0.0ms
DEBUG 2026-06-09 15:36:25 t_client.py:198 Observation serialization time: 0.010945s
DEBUG 2026-06-09 15:36:25 ort/utils.py:54 [CLIENT] Observation Buffer size 4.3954973220825195 MB with
DEBUG 2026-06-09 15:36:25 ort/utils.py:69 [CLIENT] Observation Sent 2097152/4609013 bytes with state 1
DEBUG 2026-06-09 15:36:25 ort/utils.py:69 [CLIENT] Observation Sent 4194304/4609013 bytes with state 2
DEBUG 2026-06-09 15:36:25 ort/utils.py:69 [CLIENT] Observation Sent 4609013/4609013 bytes with state 3
DEBUG 2026-06-09 15:36:25 ort/utils.py:71 [CLIENT] Observation Published 4.3954973220825195 MB
DEBUG 2026-06-09 15:36:25 t_client.py:292 Received actions on device: cpu
DEBUG 2026-06-09 15:36:25 t_client.py:302 Actions kept on device: cpu
DEBUG 2026-06-09 15:36:25 t_client.py:209 Sent observation #687 | 
DEBUG 2026-06-09 15:36:25 t_client.py:434 QUEUE SIZE: 7 (Must go: False)
DEBUG 2026-06-09 15:36:25 t_client.py:477 Control loop (ms): 117.53
DEBUG 2026-06-09 15:36:25 t_client.py:477 Control loop (ms): 1.22
DEBUG 2026-06-09 15:36:25 t_client.py:477 Control loop (ms): 1.62
DEBUG 2026-06-09 15:36:25 t_client.py:477 Control loop (ms): 1.81
DEBUG 2026-06-09 15:36:25 t_client.py:292 Received actions on device: cpu
DEBUG 2026-06-09 15:36:25 t_client.py:302 Actions kept on device: cpu
DEBUG 2026-06-09 15:36:25 t_client.py:477 Control loop (ms): 1.62
DEBUG 2026-06-09 15:36:25 t_client.py:477 Control loop (ms): 1.66
DEBUG 2026-06-09 15:36:25 t_client.py:477 Control loop (ms): 1.60
DEBUG 2026-06-09 15:36:25 follower.py:184 follower_right SOFollower read state: 2.1ms
DEBUG 2026-06-09 15:36:25 follower.py:191 follower_right SOFollower read wrist: 0.0ms
DEBUG 2026-06-09 15:36:25 follower.py:184 follower_left SOFollower read state: 1.9ms
DEBUG 2026-06-09 15:36:25 follower.py:191 follower_left SOFollower read wrist: 0.0ms
DEBUG 2026-06-09 15:36:25 t_client.py:198 Observation serialization time: 0.008335s
DEBUG 2026-06-09 15:36:25 ort/utils.py:54 [CLIENT] Observation Buffer size 4.3954973220825195 MB with
DEBUG 2026-06-09 15:36:25 ort/utils.py:69 [CLIENT] Observation Sent 2097152/4609013 bytes with state 1
DEBUG 2026-06-09 15:36:25 ort/utils.py:69 [CLIENT] Observation Sent 4194304/4609013 bytes with state 2
DEBUG 2026-06-09 15:36:25 ort/utils.py:69 [CLIENT] Observation Sent 4609013/4609013 bytes with state 3
DEBUG 2026-06-09 15:36:25 ort/utils.py:71 [CLIENT] Observation Published 4.3954973220825195 MB
DEBUG 2026-06-09 15:36:25 t_client.py:209 Sent observation #694 | 
DEBUG 2026-06-09 15:36:25 t_client.py:434 QUEUE SIZE: 8 (Must go: False)
DEBUG 2026-06-09 15:36:25 t_client.py:477 Control loop (ms): 127.13
DEBUG 2026-06-09 15:36:25 follower.py:184 follower_right SOFollower read state: 1.7ms
DEBUG 2026-06-09 15:36:25 follower.py:191 follower_right SOFollower read wrist: 0.0ms
DEBUG 2026-06-09 15:36:25 follower.py:184 follower_left SOFollower read state: 1.6ms
DEBUG 2026-06-09 15:36:25 follower.py:191 follower_left SOFollower read wrist: 0.0ms
DEBUG 2026-06-09 15:36:25 t_client.py:198 Observation serialization time: 0.003618s
DEBUG 2026-06-09 15:36:25 ort/utils.py:54 [CLIENT] Observation Buffer size 4.3954973220825195 MB with
DEBUG 2026-06-09 15:36:25 ort/utils.py:69 [CLIENT] Observation Sent 2097152/4609013 bytes with state 1
DEBUG 2026-06-09 15:36:25 ort/utils.py:69 [CLIENT] Observation Sent 4194304/4609013 bytes with state 2
DEBUG 2026-06-09 15:36:25 ort/utils.py:69 [CLIENT] Observation Sent 4609013/4609013 bytes with state 3
DEBUG 2026-06-09 15:36:25 ort/utils.py:71 [CLIENT] Observation Published 4.3954973220825195 MB
DEBUG 2026-06-09 15:36:25 t_client.py:292 Received actions on device: cpu
DEBUG 2026-06-09 15:36:25 t_client.py:302 Actions kept on device: cpu
DEBUG 2026-06-09 15:36:25 t_client.py:209 Sent observation #695 | 
DEBUG 2026-06-09 15:36:25 t_client.py:434 QUEUE SIZE: 7 (Must go: False)
DEBUG 2026-06-09 15:36:25 t_client.py:477 Control loop (ms): 125.63
DEBUG 2026-06-09 15:36:25 t_client.py:477 Control loop (ms): 1.08
DEBUG 2026-06-09 15:36:25 t_client.py:477 Control loop (ms): 2.24
DEBUG 2026-06-09 15:36:25 t_client.py:477 Control loop (ms): 1.73
DEBUG 2026-06-09 15:36:26 t_client.py:292 Received actions on device: cpu
DEBUG 2026-06-09 15:36:26 t_client.py:302 Actions kept on device: cpu
DEBUG 2026-06-09 15:36:26 t_client.py:477 Control loop (ms): 1.43
DEBUG 2026-06-09 15:36:26 t_client.py:477 Control loop (ms): 3.02
DEBUG 2026-06-09 15:36:26 t_client.py:477 Control loop (ms): 1.76
DEBUG 2026-06-09 15:36:26 follower.py:184 follower_right SOFollower read state: 2.0ms
DEBUG 2026-06-09 15:36:26 follower.py:191 follower_right SOFollower read wrist: 0.0ms
DEBUG 2026-06-09 15:36:26 follower.py:184 follower_left SOFollower read state: 1.9ms
DEBUG 2026-06-09 15:36:26 follower.py:191 follower_left SOFollower read wrist: 0.0ms
DEBUG 2026-06-09 15:36:26 t_client.py:198 Observation serialization time: 0.010909s
DEBUG 2026-06-09 15:36:26 ort/utils.py:54 [CLIENT] Observation Buffer size 4.3954973220825195 MB with
DEBUG 2026-06-09 15:36:26 ort/utils.py:69 [CLIENT] Observation Sent 2097152/4609013 bytes with state 1
DEBUG 2026-06-09 15:36:26 ort/utils.py:69 [CLIENT] Observation Sent 4194304/4609013 bytes with state 2
DEBUG 2026-06-09 15:36:26 ort/utils.py:69 [CLIENT] Observation Sent 4609013/4609013 bytes with state 3
DEBUG 2026-06-09 15:36:26 ort/utils.py:71 [CLIENT] Observation Published 4.3954973220825195 MB
DEBUG 2026-06-09 15:36:26 t_client.py:209 Sent observation #702 | 
DEBUG 2026-06-09 15:36:26 t_client.py:434 QUEUE SIZE: 8 (Must go: False)
DEBUG 2026-06-09 15:36:26 t_client.py:477 Control loop (ms): 117.05
DEBUG 2026-06-09 15:36:26 follower.py:184 follower_right SOFollower read state: 2.3ms
DEBUG 2026-06-09 15:36:26 follower.py:191 follower_right SOFollower read wrist: 0.1ms
DEBUG 2026-06-09 15:36:26 follower.py:184 follower_left SOFollower read state: 2.5ms
DEBUG 2026-06-09 15:36:26 follower.py:191 follower_left SOFollower read wrist: 0.0ms
DEBUG 2026-06-09 15:36:26 t_client.py:198 Observation serialization time: 0.009019s
DEBUG 2026-06-09 15:36:26 ort/utils.py:54 [CLIENT] Observation Buffer size 4.3954973220825195 MB with
DEBUG 2026-06-09 15:36:26 ort/utils.py:69 [CLIENT] Observation Sent 2097152/4609013 bytes with state 1
DEBUG 2026-06-09 15:36:26 ort/utils.py:69 [CLIENT] Observation Sent 4194304/4609013 bytes with state 2
DEBUG 2026-06-09 15:36:26 ort/utils.py:69 [CLIENT] Observation Sent 4609013/4609013 bytes with state 3
DEBUG 2026-06-09 15:36:26 ort/utils.py:71 [CLIENT] Observation Published 4.3954973220825195 MB
DEBUG 2026-06-09 15:36:26 t_client.py:209 Sent observation #703 | 
DEBUG 2026-06-09 15:36:26 t_client.py:434 QUEUE SIZE: 7 (Must go: False)
DEBUG 2026-06-09 15:36:26 t_client.py:477 Control loop (ms): 111.65
DEBUG 2026-06-09 15:36:26 t_client.py:292 Received actions on device: cpu
DEBUG 2026-06-09 15:36:26 t_client.py:302 Actions kept on device: cpu
DEBUG 2026-06-09 15:36:26 follower.py:184 follower_right SOFollower read state: 2.0ms
DEBUG 2026-06-09 15:36:26 follower.py:191 follower_right SOFollower read wrist: 0.0ms
DEBUG 2026-06-09 15:36:26 follower.py:184 follower_left SOFollower read state: 1.9ms
DEBUG 2026-06-09 15:36:26 follower.py:191 follower_left SOFollower read wrist: 0.0ms
DEBUG 2026-06-09 15:36:26 t_client.py:198 Observation serialization time: 0.010583s
DEBUG 2026-06-09 15:36:26 ort/utils.py:54 [CLIENT] Observation Buffer size 4.3954973220825195 MB with
DEBUG 2026-06-09 15:36:26 ort/utils.py:69 [CLIENT] Observation Sent 2097152/4609013 bytes with state 1
DEBUG 2026-06-09 15:36:26 ort/utils.py:69 [CLIENT] Observation Sent 4194304/4609013 bytes with state 2
DEBUG 2026-06-09 15:36:26 ort/utils.py:69 [CLIENT] Observation Sent 4609013/4609013 bytes with state 3
DEBUG 2026-06-09 15:36:26 ort/utils.py:71 [CLIENT] Observation Published 4.3954973220825195 MB
DEBUG 2026-06-09 15:36:26 t_client.py:209 Sent observation #704 | 
DEBUG 2026-06-09 15:36:26 t_client.py:434 QUEUE SIZE: 14 (Must go: False)
DEBUG 2026-06-09 15:36:26 t_client.py:477 Control loop (ms): 117.30
DEBUG 2026-06-09 15:36:26 t_client.py:292 Received actions on device: cpu
DEBUG 2026-06-09 15:36:26 t_client.py:302 Actions kept on device: cpu
DEBUG 2026-06-09 15:36:26 t_client.py:477 Control loop (ms): 2.81
DEBUG 2026-06-09 15:36:26 t_client.py:477 Control loop (ms): 2.22
DEBUG 2026-06-09 15:36:26 t_client.py:477 Control loop (ms): 1.56
DEBUG 2026-06-09 15:36:26 t_client.py:477 Control loop (ms): 2.21
DEBUG 2026-06-09 15:36:26 t_client.py:292 Received actions on device: cpu
DEBUG 2026-06-09 15:36:26 t_client.py:302 Actions kept on device: cpu
DEBUG 2026-06-09 15:36:26 t_client.py:477 Control loop (ms): 1.40
DEBUG 2026-06-09 15:36:26 t_client.py:477 Control loop (ms): 1.32
DEBUG 2026-06-09 15:36:26 t_client.py:477 Control loop (ms): 2.39
DEBUG 2026-06-09 15:36:26 follower.py:184 follower_right SOFollower read state: 2.4ms
DEBUG 2026-06-09 15:36:26 follower.py:191 follower_right SOFollower read wrist: 0.0ms
DEBUG 2026-06-09 15:36:26 follower.py:184 follower_left SOFollower read state: 2.3ms
DEBUG 2026-06-09 15:36:26 follower.py:191 follower_left SOFollower read wrist: 0.0ms
DEBUG 2026-06-09 15:36:26 t_client.py:198 Observation serialization time: 0.008908s
DEBUG 2026-06-09 15:36:26 ort/utils.py:54 [CLIENT] Observation Buffer size 4.3954973220825195 MB with
DEBUG 2026-06-09 15:36:26 ort/utils.py:69 [CLIENT] Observation Sent 2097152/4609013 bytes with state 1
DEBUG 2026-06-09 15:36:26 ort/utils.py:69 [CLIENT] Observation Sent 4194304/4609013 bytes with state 2
DEBUG 2026-06-09 15:36:26 ort/utils.py:69 [CLIENT] Observation Sent 4609013/4609013 bytes with state 3
DEBUG 2026-06-09 15:36:26 ort/utils.py:71 [CLIENT] Observation Published 4.3954973220825195 MB
DEBUG 2026-06-09 15:36:26 t_client.py:209 Sent observation #711 | 
DEBUG 2026-06-09 15:36:26 t_client.py:434 QUEUE SIZE: 8 (Must go: False)
DEBUG 2026-06-09 15:36:26 t_client.py:477 Control loop (ms): 120.49
DEBUG 2026-06-09 15:36:26 follower.py:184 follower_right SOFollower read state: 2.2ms
DEBUG 2026-06-09 15:36:26 follower.py:191 follower_right SOFollower read wrist: 0.0ms
DEBUG 2026-06-09 15:36:26 follower.py:184 follower_left SOFollower read state: 1.9ms
DEBUG 2026-06-09 15:36:26 follower.py:191 follower_left SOFollower read wrist: 0.0ms
DEBUG 2026-06-09 15:36:26 t_client.py:198 Observation serialization time: 0.006920s
DEBUG 2026-06-09 15:36:26 ort/utils.py:54 [CLIENT] Observation Buffer size 4.3954973220825195 MB with
DEBUG 2026-06-09 15:36:26 ort/utils.py:69 [CLIENT] Observation Sent 2097152/4609013 bytes with state 1
DEBUG 2026-06-09 15:36:26 ort/utils.py:69 [CLIENT] Observation Sent 4194304/4609013 bytes with state 2
DEBUG 2026-06-09 15:36:26 ort/utils.py:69 [CLIENT] Observation Sent 4609013/4609013 bytes with state 3
DEBUG 2026-06-09 15:36:26 ort/utils.py:71 [CLIENT] Observation Published 4.3954973220825195 MB
DEBUG 2026-06-09 15:36:26 t_client.py:209 Sent observation #712 | 
DEBUG 2026-06-09 15:36:26 t_client.py:434 QUEUE SIZE: 7 (Must go: False)
DEBUG 2026-06-09 15:36:26 t_client.py:477 Control loop (ms): 111.94
DEBUG 2026-06-09 15:36:26 follower.py:184 follower_right SOFollower read state: 2.8ms
DEBUG 2026-06-09 15:36:26 follower.py:191 follower_right SOFollower read wrist: 0.0ms
DEBUG 2026-06-09 15:36:26 t_client.py:292 Received actions on device: cpu
DEBUG 2026-06-09 15:36:26 t_client.py:302 Actions kept on device: cpu
DEBUG 2026-06-09 15:36:26 follower.py:184 follower_left SOFollower read state: 1.7ms
DEBUG 2026-06-09 15:36:26 follower.py:191 follower_left SOFollower read wrist: 0.0ms
DEBUG 2026-06-09 15:36:26 t_client.py:198 Observation serialization time: 0.006352s
DEBUG 2026-06-09 15:36:26 ort/utils.py:54 [CLIENT] Observation Buffer size 4.3954973220825195 MB with
DEBUG 2026-06-09 15:36:26 ort/utils.py:69 [CLIENT] Observation Sent 2097152/4609013 bytes with state 1
DEBUG 2026-06-09 15:36:27 ort/utils.py:69 [CLIENT] Observation Sent 4194304/4609013 bytes with state 2
DEBUG 2026-06-09 15:36:27 ort/utils.py:69 [CLIENT] Observation Sent 4609013/4609013 bytes with state 3
DEBUG 2026-06-09 15:36:27 ort/utils.py:71 [CLIENT] Observation Published 4.3954973220825195 MB
DEBUG 2026-06-09 15:36:27 t_client.py:209 Sent observation #713 | 
DEBUG 2026-06-09 15:36:27 t_client.py:434 QUEUE SIZE: 6 (Must go: False)
DEBUG 2026-06-09 15:36:27 t_client.py:477 Control loop (ms): 119.92
DEBUG 2026-06-09 15:36:27 t_client.py:477 Control loop (ms): 5.94
DEBUG 2026-06-09 15:36:27 t_client.py:292 Received actions on device: cpu
DEBUG 2026-06-09 15:36:27 t_client.py:302 Actions kept on device: cpu
DEBUG 2026-06-09 15:36:27 t_client.py:477 Control loop (ms): 2.07
DEBUG 2026-06-09 15:36:27 t_client.py:477 Control loop (ms): 1.58
DEBUG 2026-06-09 15:36:27 t_client.py:477 Control loop (ms): 3.57
DEBUG 2026-06-09 15:36:27 t_client.py:292 Received actions on device: cpu
DEBUG 2026-06-09 15:36:27 t_client.py:302 Actions kept on device: cpu
DEBUG 2026-06-09 15:36:27 t_client.py:477 Control loop (ms): 1.87
DEBUG 2026-06-09 15:36:27 t_client.py:477 Control loop (ms): 1.96
DEBUG 2026-06-09 15:36:27 follower.py:184 follower_right SOFollower read state: 2.4ms
DEBUG 2026-06-09 15:36:27 follower.py:191 follower_right SOFollower read wrist: 0.1ms
DEBUG 2026-06-09 15:36:27 follower.py:184 follower_left SOFollower read state: 2.3ms
DEBUG 2026-06-09 15:36:27 follower.py:191 follower_left SOFollower read wrist: 0.1ms
DEBUG 2026-06-09 15:36:27 t_client.py:198 Observation serialization time: 0.012407s
DEBUG 2026-06-09 15:36:27 ort/utils.py:54 [CLIENT] Observation Buffer size 4.3954973220825195 MB with
DEBUG 2026-06-09 15:36:27 ort/utils.py:69 [CLIENT] Observation Sent 2097152/4609013 bytes with state 1
DEBUG 2026-06-09 15:36:27 ort/utils.py:69 [CLIENT] Observation Sent 4194304/4609013 bytes with state 2
DEBUG 2026-06-09 15:36:27 ort/utils.py:69 [CLIENT] Observation Sent 4609013/4609013 bytes with state 3
DEBUG 2026-06-09 15:36:27 ort/utils.py:71 [CLIENT] Observation Published 4.3954973220825195 MB
DEBUG 2026-06-09 15:36:27 t_client.py:209 Sent observation #720 | 
DEBUG 2026-06-09 15:36:27 t_client.py:434 QUEUE SIZE: 8 (Must go: False)
DEBUG 2026-06-09 15:36:27 t_client.py:477 Control loop (ms): 118.47
DEBUG 2026-06-09 15:36:27 follower.py:184 follower_right SOFollower read state: 1.8ms
DEBUG 2026-06-09 15:36:27 follower.py:191 follower_right SOFollower read wrist: 0.0ms
DEBUG 2026-06-09 15:36:27 follower.py:184 follower_left SOFollower read state: 1.7ms
DEBUG 2026-06-09 15:36:27 follower.py:191 follower_left SOFollower read wrist: 0.0ms
DEBUG 2026-06-09 15:36:27 t_client.py:198 Observation serialization time: 0.004507s
DEBUG 2026-06-09 15:36:27 ort/utils.py:54 [CLIENT] Observation Buffer size 4.3954973220825195 MB with
DEBUG 2026-06-09 15:36:27 ort/utils.py:69 [CLIENT] Observation Sent 2097152/4609013 bytes with state 1
DEBUG 2026-06-09 15:36:27 ort/utils.py:69 [CLIENT] Observation Sent 4194304/4609013 bytes with state 2
DEBUG 2026-06-09 15:36:27 ort/utils.py:69 [CLIENT] Observation Sent 4609013/4609013 bytes with state 3
DEBUG 2026-06-09 15:36:27 ort/utils.py:71 [CLIENT] Observation Published 4.3954973220825195 MB
DEBUG 2026-06-09 15:36:27 t_client.py:209 Sent observation #721 | 
DEBUG 2026-06-09 15:36:27 t_client.py:434 QUEUE SIZE: 7 (Must go: False)
DEBUG 2026-06-09 15:36:27 t_client.py:477 Control loop (ms): 110.18
DEBUG 2026-06-09 15:36:27 t_client.py:292 Received actions on device: cpu
DEBUG 2026-06-09 15:36:27 t_client.py:302 Actions kept on device: cpu
DEBUG 2026-06-09 15:36:27 follower.py:184 follower_right SOFollower read state: 2.6ms
DEBUG 2026-06-09 15:36:27 follower.py:191 follower_right SOFollower read wrist: 0.0ms
DEBUG 2026-06-09 15:36:27 follower.py:184 follower_left SOFollower read state: 1.8ms
DEBUG 2026-06-09 15:36:27 follower.py:191 follower_left SOFollower read wrist: 0.0ms
DEBUG 2026-06-09 15:36:27 t_client.py:198 Observation serialization time: 0.008527s
DEBUG 2026-06-09 15:36:27 ort/utils.py:54 [CLIENT] Observation Buffer size 4.3954973220825195 MB with
DEBUG 2026-06-09 15:36:27 ort/utils.py:69 [CLIENT] Observation Sent 2097152/4609013 bytes with state 1
DEBUG 2026-06-09 15:36:27 ort/utils.py:69 [CLIENT] Observation Sent 4194304/4609013 bytes with state 2
DEBUG 2026-06-09 15:36:27 ort/utils.py:69 [CLIENT] Observation Sent 4609013/4609013 bytes with state 3
DEBUG 2026-06-09 15:36:27 ort/utils.py:71 [CLIENT] Observation Published 4.3954973220825195 MB
DEBUG 2026-06-09 15:36:27 t_client.py:292 Received actions on device: cpu
DEBUG 2026-06-09 15:36:27 t_client.py:302 Actions kept on device: cpu
DEBUG 2026-06-09 15:36:27 t_client.py:209 Sent observation #722 | 
DEBUG 2026-06-09 15:36:27 t_client.py:434 QUEUE SIZE: 13 (Must go: False)
DEBUG 2026-06-09 15:36:27 t_client.py:477 Control loop (ms): 123.37
DEBUG 2026-06-09 15:36:27 t_client.py:477 Control loop (ms): 1.88
DEBUG 2026-06-09 15:36:27 t_client.py:477 Control loop (ms): 2.48
DEBUG 2026-06-09 15:36:27 t_client.py:477 Control loop (ms): 2.51
DEBUG 2026-06-09 15:36:27 t_client.py:292 Received actions on device: cpu
DEBUG 2026-06-09 15:36:27 t_client.py:302 Actions kept on device: cpu
DEBUG 2026-06-09 15:36:27 t_client.py:477 Control loop (ms): 1.60
DEBUG 2026-06-09 15:36:27 t_client.py:477 Control loop (ms): 1.71
DEBUG 2026-06-09 15:36:27 t_client.py:477 Control loop (ms): 1.89
DEBUG 2026-06-09 15:36:27 follower.py:184 follower_right SOFollower read state: 2.4ms
DEBUG 2026-06-09 15:36:27 follower.py:191 follower_right SOFollower read wrist: 0.0ms
DEBUG 2026-06-09 15:36:27 follower.py:184 follower_left SOFollower read state: 1.7ms
DEBUG 2026-06-09 15:36:27 follower.py:191 follower_left SOFollower read wrist: 0.0ms
DEBUG 2026-06-09 15:36:27 t_client.py:198 Observation serialization time: 0.002276s
DEBUG 2026-06-09 15:36:27 ort/utils.py:54 [CLIENT] Observation Buffer size 4.3954973220825195 MB with
DEBUG 2026-06-09 15:36:27 ort/utils.py:69 [CLIENT] Observation Sent 2097152/4609013 bytes with state 1
DEBUG 2026-06-09 15:36:27 ort/utils.py:69 [CLIENT] Observation Sent 4194304/4609013 bytes with state 2
DEBUG 2026-06-09 15:36:27 ort/utils.py:69 [CLIENT] Observation Sent 4609013/4609013 bytes with state 3
DEBUG 2026-06-09 15:36:27 ort/utils.py:71 [CLIENT] Observation Published 4.3954973220825195 MB
DEBUG 2026-06-09 15:36:27 t_client.py:209 Sent observation #729 | 
DEBUG 2026-06-09 15:36:27 t_client.py:434 QUEUE SIZE: 8 (Must go: False)
DEBUG 2026-06-09 15:36:27 t_client.py:477 Control loop (ms): 102.44
DEBUG 2026-06-09 15:36:27 follower.py:184 follower_right SOFollower read state: 2.0ms
DEBUG 2026-06-09 15:36:27 follower.py:191 follower_right SOFollower read wrist: 0.0ms
DEBUG 2026-06-09 15:36:27 follower.py:184 follower_left SOFollower read state: 2.0ms
DEBUG 2026-06-09 15:36:27 follower.py:191 follower_left SOFollower read wrist: 0.0ms
DEBUG 2026-06-09 15:36:27 t_client.py:198 Observation serialization time: 0.009751s
DEBUG 2026-06-09 15:36:27 ort/utils.py:54 [CLIENT] Observation Buffer size 4.3954973220825195 MB with
DEBUG 2026-06-09 15:36:27 ort/utils.py:69 [CLIENT] Observation Sent 2097152/4609013 bytes with state 1
DEBUG 2026-06-09 15:36:27 ort/utils.py:69 [CLIENT] Observation Sent 4194304/4609013 bytes with state 2
DEBUG 2026-06-09 15:36:27 ort/utils.py:69 [CLIENT] Observation Sent 4609013/4609013 bytes with state 3
DEBUG 2026-06-09 15:36:27 ort/utils.py:71 [CLIENT] Observation Published 4.3954973220825195 MB
DEBUG 2026-06-09 15:36:28 t_client.py:209 Sent observation #730 | 
DEBUG 2026-06-09 15:36:28 t_client.py:434 QUEUE SIZE: 7 (Must go: False)
DEBUG 2026-06-09 15:36:28 t_client.py:477 Control loop (ms): 109.90
DEBUG 2026-06-09 15:36:28 t_client.py:292 Received actions on device: cpu
DEBUG 2026-06-09 15:36:28 t_client.py:302 Actions kept on device: cpu
DEBUG 2026-06-09 15:36:28 follower.py:184 follower_right SOFollower read state: 1.8ms
DEBUG 2026-06-09 15:36:28 follower.py:191 follower_right SOFollower read wrist: 0.0ms
DEBUG 2026-06-09 15:36:28 follower.py:184 follower_left SOFollower read state: 1.6ms
DEBUG 2026-06-09 15:36:28 follower.py:191 follower_left SOFollower read wrist: 0.0ms
DEBUG 2026-06-09 15:36:28 t_client.py:198 Observation serialization time: 0.007077s
DEBUG 2026-06-09 15:36:28 ort/utils.py:54 [CLIENT] Observation Buffer size 4.3954973220825195 MB with
DEBUG 2026-06-09 15:36:28 ort/utils.py:69 [CLIENT] Observation Sent 2097152/4609013 bytes with state 1
DEBUG 2026-06-09 15:36:28 ort/utils.py:69 [CLIENT] Observation Sent 4194304/4609013 bytes with state 2
DEBUG 2026-06-09 15:36:28 ort/utils.py:69 [CLIENT] Observation Sent 4609013/4609013 bytes with state 3
DEBUG 2026-06-09 15:36:28 ort/utils.py:71 [CLIENT] Observation Published 4.3954973220825195 MB
DEBUG 2026-06-09 15:36:28 t_client.py:209 Sent observation #731 | 
DEBUG 2026-06-09 15:36:28 t_client.py:434 QUEUE SIZE: 13 (Must go: False)
DEBUG 2026-06-09 15:36:28 t_client.py:477 Control loop (ms): 111.87
DEBUG 2026-06-09 15:36:28 t_client.py:292 Received actions on device: cpu
DEBUG 2026-06-09 15:36:28 t_client.py:302 Actions kept on device: cpu
DEBUG 2026-06-09 15:36:28 t_client.py:477 Control loop (ms): 4.83
DEBUG 2026-06-09 15:36:28 t_client.py:477 Control loop (ms): 2.24
DEBUG 2026-06-09 15:36:28 t_client.py:477 Control loop (ms): 1.21
DEBUG 2026-06-09 15:36:28 t_client.py:292 Received actions on device: cpu
DEBUG 2026-06-09 15:36:28 t_client.py:302 Actions kept on device: cpu
DEBUG 2026-06-09 15:36:28 t_client.py:477 Control loop (ms): 0.30
DEBUG 2026-06-09 15:36:28 t_client.py:477 Control loop (ms): 1.49
DEBUG 2026-06-09 15:36:28 t_client.py:477 Control loop (ms): 1.49
DEBUG 2026-06-09 15:36:28 t_client.py:477 Control loop (ms): 1.61
DEBUG 2026-06-09 15:36:28 follower.py:184 follower_right SOFollower read state: 2.7ms
DEBUG 2026-06-09 15:36:28 follower.py:191 follower_right SOFollower read wrist: 0.0ms
DEBUG 2026-06-09 15:36:28 follower.py:184 follower_left SOFollower read state: 2.8ms
DEBUG 2026-06-09 15:36:28 follower.py:191 follower_left SOFollower read wrist: 0.0ms
DEBUG 2026-06-09 15:36:28 t_client.py:198 Observation serialization time: 0.009520s
DEBUG 2026-06-09 15:36:28 ort/utils.py:54 [CLIENT] Observation Buffer size 4.3954973220825195 MB with
DEBUG 2026-06-09 15:36:28 ort/utils.py:69 [CLIENT] Observation Sent 2097152/4609013 bytes with state 1
DEBUG 2026-06-09 15:36:28 ort/utils.py:69 [CLIENT] Observation Sent 4194304/4609013 bytes with state 2
DEBUG 2026-06-09 15:36:28 ort/utils.py:69 [CLIENT] Observation Sent 4609013/4609013 bytes with state 3
DEBUG 2026-06-09 15:36:28 ort/utils.py:71 [CLIENT] Observation Published 4.3954973220825195 MB
DEBUG 2026-06-09 15:36:28 t_client.py:209 Sent observation #738 | 
DEBUG 2026-06-09 15:36:28 t_client.py:434 QUEUE SIZE: 8 (Must go: False)
DEBUG 2026-06-09 15:36:28 t_client.py:477 Control loop (ms): 128.03
DEBUG 2026-06-09 15:36:28 follower.py:184 follower_right SOFollower read state: 2.0ms
DEBUG 2026-06-09 15:36:28 follower.py:191 follower_right SOFollower read wrist: 0.0ms
DEBUG 2026-06-09 15:36:28 follower.py:184 follower_left SOFollower read state: 2.0ms
DEBUG 2026-06-09 15:36:28 follower.py:191 follower_left SOFollower read wrist: 0.0ms
DEBUG 2026-06-09 15:36:28 t_client.py:198 Observation serialization time: 0.010948s
DEBUG 2026-06-09 15:36:28 ort/utils.py:54 [CLIENT] Observation Buffer size 4.3954973220825195 MB with
DEBUG 2026-06-09 15:36:28 ort/utils.py:69 [CLIENT] Observation Sent 2097152/4609013 bytes with state 1
DEBUG 2026-06-09 15:36:28 ort/utils.py:69 [CLIENT] Observation Sent 4194304/4609013 bytes with state 2
DEBUG 2026-06-09 15:36:28 ort/utils.py:69 [CLIENT] Observation Sent 4609013/4609013 bytes with state 3
DEBUG 2026-06-09 15:36:28 ort/utils.py:71 [CLIENT] Observation Published 4.3954973220825195 MB
DEBUG 2026-06-09 15:36:28 t_client.py:209 Sent observation #739 | 
DEBUG 2026-06-09 15:36:28 t_client.py:434 QUEUE SIZE: 7 (Must go: False)
DEBUG 2026-06-09 15:36:28 t_client.py:477 Control loop (ms): 119.05
DEBUG 2026-06-09 15:36:28 t_client.py:292 Received actions on device: cpu
DEBUG 2026-06-09 15:36:28 t_client.py:302 Actions kept on device: cpu
DEBUG 2026-06-09 15:36:28 follower.py:184 follower_right SOFollower read state: 2.0ms
DEBUG 2026-06-09 15:36:28 follower.py:191 follower_right SOFollower read wrist: 0.0ms
DEBUG 2026-06-09 15:36:28 follower.py:184 follower_left SOFollower read state: 1.7ms
DEBUG 2026-06-09 15:36:28 follower.py:191 follower_left SOFollower read wrist: 0.0ms
DEBUG 2026-06-09 15:36:28 t_client.py:198 Observation serialization time: 0.006448s
DEBUG 2026-06-09 15:36:28 ort/utils.py:54 [CLIENT] Observation Buffer size 4.3954973220825195 MB with
DEBUG 2026-06-09 15:36:28 ort/utils.py:69 [CLIENT] Observation Sent 2097152/4609013 bytes with state 1
DEBUG 2026-06-09 15:36:28 ort/utils.py:69 [CLIENT] Observation Sent 4194304/4609013 bytes with state 2
DEBUG 2026-06-09 15:36:28 ort/utils.py:69 [CLIENT] Observation Sent 4609013/4609013 bytes with state 3
DEBUG 2026-06-09 15:36:28 ort/utils.py:71 [CLIENT] Observation Published 4.3954973220825195 MB
DEBUG 2026-06-09 15:36:28 t_client.py:209 Sent observation #740 | 
DEBUG 2026-06-09 15:36:28 t_client.py:434 QUEUE SIZE: 13 (Must go: False)
DEBUG 2026-06-09 15:36:28 t_client.py:477 Control loop (ms): 110.20
DEBUG 2026-06-09 15:36:28 t_client.py:292 Received actions on device: cpu
DEBUG 2026-06-09 15:36:28 t_client.py:302 Actions kept on device: cpu
DEBUG 2026-06-09 15:36:28 t_client.py:477 Control loop (ms): 1.76
DEBUG 2026-06-09 15:36:28 t_client.py:477 Control loop (ms): 1.55
DEBUG 2026-06-09 15:36:28 t_client.py:477 Control loop (ms): 1.85
DEBUG 2026-06-09 15:36:28 t_client.py:292 Received actions on device: cpu
DEBUG 2026-06-09 15:36:28 t_client.py:302 Actions kept on device: cpu
DEBUG 2026-06-09 15:36:28 t_client.py:477 Control loop (ms): 2.04
DEBUG 2026-06-09 15:36:28 t_client.py:477 Control loop (ms): 2.04
DEBUG 2026-06-09 15:36:28 t_client.py:477 Control loop (ms): 1.72
DEBUG 2026-06-09 15:36:28 t_client.py:477 Control loop (ms): 2.05
DEBUG 2026-06-09 15:36:28 follower.py:184 follower_right SOFollower read state: 2.4ms
DEBUG 2026-06-09 15:36:28 follower.py:191 follower_right SOFollower read wrist: 0.0ms
DEBUG 2026-06-09 15:36:28 follower.py:184 follower_left SOFollower read state: 2.4ms
DEBUG 2026-06-09 15:36:28 follower.py:191 follower_left SOFollower read wrist: 0.0ms
DEBUG 2026-06-09 15:36:29 t_client.py:198 Observation serialization time: 0.011616s
DEBUG 2026-06-09 15:36:29 ort/utils.py:54 [CLIENT] Observation Buffer size 4.3954973220825195 MB with
DEBUG 2026-06-09 15:36:29 ort/utils.py:69 [CLIENT] Observation Sent 2097152/4609013 bytes with state 1
DEBUG 2026-06-09 15:36:29 ort/utils.py:69 [CLIENT] Observation Sent 4194304/4609013 bytes with state 2
DEBUG 2026-06-09 15:36:29 ort/utils.py:69 [CLIENT] Observation Sent 4609013/4609013 bytes with state 3
DEBUG 2026-06-09 15:36:29 ort/utils.py:71 [CLIENT] Observation Published 4.3954973220825195 MB
DEBUG 2026-06-09 15:36:29 t_client.py:209 Sent observation #747 | 
DEBUG 2026-06-09 15:36:29 t_client.py:434 QUEUE SIZE: 8 (Must go: False)
DEBUG 2026-06-09 15:36:29 t_client.py:477 Control loop (ms): 122.51
DEBUG 2026-06-09 15:36:29 follower.py:184 follower_right SOFollower read state: 1.8ms
DEBUG 2026-06-09 15:36:29 follower.py:191 follower_right SOFollower read wrist: 0.0ms
DEBUG 2026-06-09 15:36:29 follower.py:184 follower_left SOFollower read state: 1.8ms
DEBUG 2026-06-09 15:36:29 follower.py:191 follower_left SOFollower read wrist: 0.0ms
DEBUG 2026-06-09 15:36:29 t_client.py:198 Observation serialization time: 0.005029s
DEBUG 2026-06-09 15:36:29 ort/utils.py:54 [CLIENT] Observation Buffer size 4.3954973220825195 MB with
DEBUG 2026-06-09 15:36:29 ort/utils.py:69 [CLIENT] Observation Sent 2097152/4609013 bytes with state 1
DEBUG 2026-06-09 15:36:29 ort/utils.py:69 [CLIENT] Observation Sent 4194304/4609013 bytes with state 2
DEBUG 2026-06-09 15:36:29 ort/utils.py:69 [CLIENT] Observation Sent 4609013/4609013 bytes with state 3
DEBUG 2026-06-09 15:36:29 ort/utils.py:71 [CLIENT] Observation Published 4.3954973220825195 MB
DEBUG 2026-06-09 15:36:29 t_client.py:209 Sent observation #748 | 
DEBUG 2026-06-09 15:36:29 t_client.py:434 QUEUE SIZE: 7 (Must go: False)
DEBUG 2026-06-09 15:36:29 t_client.py:477 Control loop (ms): 109.42
DEBUG 2026-06-09 15:36:29 t_client.py:292 Received actions on device: cpu
DEBUG 2026-06-09 15:36:29 t_client.py:302 Actions kept on device: cpu
DEBUG 2026-06-09 15:36:29 t_client.py:477 Control loop (ms): 2.80
DEBUG 2026-06-09 15:36:29 t_client.py:477 Control loop (ms): 1.79
DEBUG 2026-06-09 15:36:29 t_client.py:477 Control loop (ms): 1.67
DEBUG 2026-06-09 15:36:29 t_client.py:292 Received actions on device: cpu
DEBUG 2026-06-09 15:36:29 t_client.py:302 Actions kept on device: cpu
DEBUG 2026-06-09 15:36:29 t_client.py:477 Control loop (ms): 3.17
DEBUG 2026-06-09 15:36:29 t_client.py:477 Control loop (ms): 1.38
DEBUG 2026-06-09 15:36:29 t_client.py:477 Control loop (ms): 1.75
DEBUG 2026-06-09 15:36:29 t_client.py:477 Control loop (ms): 1.45
DEBUG 2026-06-09 15:36:29 t_client.py:477 Control loop (ms): 1.58
DEBUG 2026-06-09 15:36:29 follower.py:184 follower_right SOFollower read state: 1.9ms
DEBUG 2026-06-09 15:36:29 follower.py:191 follower_right SOFollower read wrist: 0.0ms
DEBUG 2026-06-09 15:36:29 follower.py:184 follower_left SOFollower read state: 2.0ms
DEBUG 2026-06-09 15:36:29 follower.py:191 follower_left SOFollower read wrist: 0.0ms
DEBUG 2026-06-09 15:36:29 t_client.py:198 Observation serialization time: 0.009291s
DEBUG 2026-06-09 15:36:29 ort/utils.py:54 [CLIENT] Observation Buffer size 4.3954973220825195 MB with
DEBUG 2026-06-09 15:36:29 ort/utils.py:69 [CLIENT] Observation Sent 2097152/4609013 bytes with state 1
DEBUG 2026-06-09 15:36:29 ort/utils.py:69 [CLIENT] Observation Sent 4194304/4609013 bytes with state 2
DEBUG 2026-06-09 15:36:29 ort/utils.py:69 [CLIENT] Observation Sent 4609013/4609013 bytes with state 3
DEBUG 2026-06-09 15:36:29 ort/utils.py:71 [CLIENT] Observation Published 4.3954973220825195 MB
DEBUG 2026-06-09 15:36:29 t_client.py:209 Sent observation #755 | 
DEBUG 2026-06-09 15:36:29 t_client.py:434 QUEUE SIZE: 8 (Must go: False)
DEBUG 2026-06-09 15:36:29 t_client.py:477 Control loop (ms): 115.94
DEBUG 2026-06-09 15:36:29 follower.py:184 follower_right SOFollower read state: 2.2ms
DEBUG 2026-06-09 15:36:29 follower.py:191 follower_right SOFollower read wrist: 0.0ms
DEBUG 2026-06-09 15:36:29 follower.py:184 follower_left SOFollower read state: 1.8ms
DEBUG 2026-06-09 15:36:29 follower.py:191 follower_left SOFollower read wrist: 0.0ms
DEBUG 2026-06-09 15:36:29 t_client.py:198 Observation serialization time: 0.006137s
DEBUG 2026-06-09 15:36:29 ort/utils.py:54 [CLIENT] Observation Buffer size 4.3954973220825195 MB with
DEBUG 2026-06-09 15:36:29 ort/utils.py:69 [CLIENT] Observation Sent 2097152/4609013 bytes with state 1
DEBUG 2026-06-09 15:36:29 ort/utils.py:69 [CLIENT] Observation Sent 4194304/4609013 bytes with state 2
DEBUG 2026-06-09 15:36:29 ort/utils.py:69 [CLIENT] Observation Sent 4609013/4609013 bytes with state 3
DEBUG 2026-06-09 15:36:29 ort/utils.py:71 [CLIENT] Observation Published 4.3954973220825195 MB
DEBUG 2026-06-09 15:36:29 t_client.py:292 Received actions on device: cpu
DEBUG 2026-06-09 15:36:29 t_client.py:302 Actions kept on device: cpu
DEBUG 2026-06-09 15:36:29 t_client.py:209 Sent observation #756 | 
DEBUG 2026-06-09 15:36:29 t_client.py:434 QUEUE SIZE: 7 (Must go: False)
DEBUG 2026-06-09 15:36:29 t_client.py:477 Control loop (ms): 111.32
DEBUG 2026-06-09 15:36:29 t_client.py:477 Control loop (ms): 1.45
DEBUG 2026-06-09 15:36:29 t_client.py:477 Control loop (ms): 1.73
DEBUG 2026-06-09 15:36:29 t_client.py:477 Control loop (ms): 2.17
DEBUG 2026-06-09 15:36:29 t_client.py:292 Received actions on device: cpu
DEBUG 2026-06-09 15:36:29 t_client.py:302 Actions kept on device: cpu
DEBUG 2026-06-09 15:36:29 t_client.py:477 Control loop (ms): 1.76
DEBUG 2026-06-09 15:36:29 t_client.py:477 Control loop (ms): 2.04
DEBUG 2026-06-09 15:36:29 t_client.py:477 Control loop (ms): 1.84
DEBUG 2026-06-09 15:36:29 follower.py:184 follower_right SOFollower read state: 2.8ms
DEBUG 2026-06-09 15:36:29 follower.py:191 follower_right SOFollower read wrist: 0.1ms
DEBUG 2026-06-09 15:36:29 follower.py:184 follower_left SOFollower read state: 2.5ms
DEBUG 2026-06-09 15:36:29 follower.py:191 follower_left SOFollower read wrist: 0.1ms
DEBUG 2026-06-09 15:36:29 t_client.py:198 Observation serialization time: 0.014237s
DEBUG 2026-06-09 15:36:29 ort/utils.py:54 [CLIENT] Observation Buffer size 4.3954973220825195 MB with
DEBUG 2026-06-09 15:36:29 ort/utils.py:69 [CLIENT] Observation Sent 2097152/4609013 bytes with state 1
DEBUG 2026-06-09 15:36:30 ort/utils.py:69 [CLIENT] Observation Sent 4194304/4609013 bytes with state 2
DEBUG 2026-06-09 15:36:30 ort/utils.py:69 [CLIENT] Observation Sent 4609013/4609013 bytes with state 3
DEBUG 2026-06-09 15:36:30 ort/utils.py:71 [CLIENT] Observation Published 4.3954973220825195 MB
DEBUG 2026-06-09 15:36:30 t_client.py:209 Sent observation #763 | 
DEBUG 2026-06-09 15:36:30 t_client.py:434 QUEUE SIZE: 8 (Must go: False)
DEBUG 2026-06-09 15:36:30 t_client.py:477 Control loop (ms): 136.63
DEBUG 2026-06-09 15:36:30 follower.py:184 follower_right SOFollower read state: 2.1ms
DEBUG 2026-06-09 15:36:30 follower.py:191 follower_right SOFollower read wrist: 0.0ms
DEBUG 2026-06-09 15:36:30 follower.py:184 follower_left SOFollower read state: 2.1ms
DEBUG 2026-06-09 15:36:30 follower.py:191 follower_left SOFollower read wrist: 0.0ms
DEBUG 2026-06-09 15:36:30 t_client.py:198 Observation serialization time: 0.005558s
DEBUG 2026-06-09 15:36:30 ort/utils.py:54 [CLIENT] Observation Buffer size 4.3954973220825195 MB with
DEBUG 2026-06-09 15:36:30 ort/utils.py:69 [CLIENT] Observation Sent 2097152/4609013 bytes with state 1
DEBUG 2026-06-09 15:36:30 ort/utils.py:69 [CLIENT] Observation Sent 4194304/4609013 bytes with state 2
DEBUG 2026-06-09 15:36:30 ort/utils.py:69 [CLIENT] Observation Sent 4609013/4609013 bytes with state 3
DEBUG 2026-06-09 15:36:30 ort/utils.py:71 [CLIENT] Observation Published 4.3954973220825195 MB
DEBUG 2026-06-09 15:36:30 t_client.py:209 Sent observation #764 | 
DEBUG 2026-06-09 15:36:30 t_client.py:434 QUEUE SIZE: 7 (Must go: False)
DEBUG 2026-06-09 15:36:30 t_client.py:477 Control loop (ms): 106.83
DEBUG 2026-06-09 15:36:30 t_client.py:292 Received actions on device: cpu
DEBUG 2026-06-09 15:36:30 t_client.py:302 Actions kept on device: cpu
DEBUG 2026-06-09 15:36:30 follower.py:184 follower_right SOFollower read state: 1.7ms
DEBUG 2026-06-09 15:36:30 follower.py:191 follower_right SOFollower read wrist: 0.0ms
DEBUG 2026-06-09 15:36:30 follower.py:184 follower_left SOFollower read state: 1.6ms
DEBUG 2026-06-09 15:36:30 follower.py:191 follower_left SOFollower read wrist: 0.0ms
DEBUG 2026-06-09 15:36:30 t_client.py:198 Observation serialization time: 0.007457s
DEBUG 2026-06-09 15:36:30 ort/utils.py:54 [CLIENT] Observation Buffer size 4.3954973220825195 MB with
DEBUG 2026-06-09 15:36:30 ort/utils.py:69 [CLIENT] Observation Sent 2097152/4609013 bytes with state 1
DEBUG 2026-06-09 15:36:30 ort/utils.py:69 [CLIENT] Observation Sent 4194304/4609013 bytes with state 2
DEBUG 2026-06-09 15:36:30 ort/utils.py:69 [CLIENT] Observation Sent 4609013/4609013 bytes with state 3
DEBUG 2026-06-09 15:36:30 ort/utils.py:71 [CLIENT] Observation Published 4.3954973220825195 MB
DEBUG 2026-06-09 15:36:30 t_client.py:209 Sent observation #765 | 
DEBUG 2026-06-09 15:36:30 t_client.py:434 QUEUE SIZE: 13 (Must go: False)
DEBUG 2026-06-09 15:36:30 t_client.py:477 Control loop (ms): 112.72
DEBUG 2026-06-09 15:36:30 t_client.py:292 Received actions on device: cpu
DEBUG 2026-06-09 15:36:30 t_client.py:477 Control loop (ms): 3.17
DEBUG 2026-06-09 15:36:30 t_client.py:302 Actions kept on device: cpu
DEBUG 2026-06-09 15:36:30 t_client.py:477 Control loop (ms): 1.64
DEBUG 2026-06-09 15:36:30 t_client.py:477 Control loop (ms): 2.20
DEBUG 2026-06-09 15:36:30 t_client.py:477 Control loop (ms): 5.90
DEBUG 2026-06-09 15:36:30 t_client.py:292 Received actions on device: cpu
DEBUG 2026-06-09 15:36:30 t_client.py:302 Actions kept on device: cpu
DEBUG 2026-06-09 15:36:30 t_client.py:477 Control loop (ms): 2.16
DEBUG 2026-06-09 15:36:30 t_client.py:477 Control loop (ms): 2.10
DEBUG 2026-06-09 15:36:30 follower.py:184 follower_right SOFollower read state: 2.2ms
DEBUG 2026-06-09 15:36:30 follower.py:191 follower_right SOFollower read wrist: 0.1ms
DEBUG 2026-06-09 15:36:30 follower.py:184 follower_left SOFollower read state: 2.3ms
DEBUG 2026-06-09 15:36:30 follower.py:191 follower_left SOFollower read wrist: 0.0ms
DEBUG 2026-06-09 15:36:30 t_client.py:198 Observation serialization time: 0.009981s
DEBUG 2026-06-09 15:36:30 ort/utils.py:54 [CLIENT] Observation Buffer size 4.3954973220825195 MB with
DEBUG 2026-06-09 15:36:30 ort/utils.py:69 [CLIENT] Observation Sent 2097152/4609013 bytes with state 1
DEBUG 2026-06-09 15:36:30 ort/utils.py:69 [CLIENT] Observation Sent 4194304/4609013 bytes with state 2
DEBUG 2026-06-09 15:36:30 ort/utils.py:69 [CLIENT] Observation Sent 4609013/4609013 bytes with state 3
DEBUG 2026-06-09 15:36:30 ort/utils.py:71 [CLIENT] Observation Published 4.3954973220825195 MB
DEBUG 2026-06-09 15:36:30 t_client.py:209 Sent observation #772 | 
DEBUG 2026-06-09 15:36:30 t_client.py:434 QUEUE SIZE: 8 (Must go: False)
DEBUG 2026-06-09 15:36:30 t_client.py:477 Control loop (ms): 118.19
DEBUG 2026-06-09 15:36:30 follower.py:184 follower_right SOFollower read state: 2.1ms
DEBUG 2026-06-09 15:36:30 follower.py:191 follower_right SOFollower read wrist: 0.0ms
DEBUG 2026-06-09 15:36:30 follower.py:184 follower_left SOFollower read state: 2.1ms
DEBUG 2026-06-09 15:36:30 follower.py:191 follower_left SOFollower read wrist: 0.0ms
DEBUG 2026-06-09 15:36:30 t_client.py:198 Observation serialization time: 0.008398s
DEBUG 2026-06-09 15:36:30 ort/utils.py:54 [CLIENT] Observation Buffer size 4.3954973220825195 MB with
DEBUG 2026-06-09 15:36:30 ort/utils.py:69 [CLIENT] Observation Sent 2097152/4609013 bytes with state 1
DEBUG 2026-06-09 15:36:30 ort/utils.py:69 [CLIENT] Observation Sent 4194304/4609013 bytes with state 2
DEBUG 2026-06-09 15:36:30 ort/utils.py:69 [CLIENT] Observation Sent 4609013/4609013 bytes with state 3
DEBUG 2026-06-09 15:36:30 ort/utils.py:71 [CLIENT] Observation Published 4.3954973220825195 MB
DEBUG 2026-06-09 15:36:30 t_client.py:292 Received actions on device: cpu
DEBUG 2026-06-09 15:36:30 t_client.py:302 Actions kept on device: cpu
DEBUG 2026-06-09 15:36:30 t_client.py:209 Sent observation #773 | 
DEBUG 2026-06-09 15:36:30 t_client.py:434 QUEUE SIZE: 7 (Must go: False)
DEBUG 2026-06-09 15:36:30 t_client.py:477 Control loop (ms): 116.27
DEBUG 2026-06-09 15:36:30 t_client.py:477 Control loop (ms): 1.47
DEBUG 2026-06-09 15:36:30 t_client.py:477 Control loop (ms): 2.04
DEBUG 2026-06-09 15:36:30 t_client.py:477 Control loop (ms): 1.85
DEBUG 2026-06-09 15:36:30 t_client.py:292 Received actions on device: cpu
DEBUG 2026-06-09 15:36:30 t_client.py:302 Actions kept on device: cpu
DEBUG 2026-06-09 15:36:30 t_client.py:477 Control loop (ms): 1.44
DEBUG 2026-06-09 15:36:30 t_client.py:477 Control loop (ms): 2.10
DEBUG 2026-06-09 15:36:30 t_client.py:477 Control loop (ms): 1.85
DEBUG 2026-06-09 15:36:30 follower.py:184 follower_right SOFollower read state: 2.3ms
DEBUG 2026-06-09 15:36:30 follower.py:191 follower_right SOFollower read wrist: 0.0ms
DEBUG 2026-06-09 15:36:30 follower.py:184 follower_left SOFollower read state: 2.1ms
DEBUG 2026-06-09 15:36:30 follower.py:191 follower_left SOFollower read wrist: 0.0ms
DEBUG 2026-06-09 15:36:30 t_client.py:198 Observation serialization time: 0.013131s
DEBUG 2026-06-09 15:36:30 ort/utils.py:54 [CLIENT] Observation Buffer size 4.3954973220825195 MB with
DEBUG 2026-06-09 15:36:30 ort/utils.py:69 [CLIENT] Observation Sent 2097152/4609013 bytes with state 1
DEBUG 2026-06-09 15:36:30 ort/utils.py:69 [CLIENT] Observation Sent 4194304/4609013 bytes with state 2
DEBUG 2026-06-09 15:36:30 ort/utils.py:69 [CLIENT] Observation Sent 4609013/4609013 bytes with state 3
DEBUG 2026-06-09 15:36:30 ort/utils.py:71 [CLIENT] Observation Published 4.3954973220825195 MB
DEBUG 2026-06-09 15:36:31 t_client.py:209 Sent observation #780 | 
DEBUG 2026-06-09 15:36:31 t_client.py:434 QUEUE SIZE: 8 (Must go: False)
DEBUG 2026-06-09 15:36:31 t_client.py:477 Control loop (ms): 134.98
DEBUG 2026-06-09 15:36:31 follower.py:184 follower_right SOFollower read state: 1.5ms
DEBUG 2026-06-09 15:36:31 follower.py:191 follower_right SOFollower read wrist: 0.0ms
DEBUG 2026-06-09 15:36:31 follower.py:184 follower_left SOFollower read state: 1.5ms
DEBUG 2026-06-09 15:36:31 follower.py:191 follower_left SOFollower read wrist: 0.0ms
DEBUG 2026-06-09 15:36:31 t_client.py:198 Observation serialization time: 0.003592s
DEBUG 2026-06-09 15:36:31 ort/utils.py:54 [CLIENT] Observation Buffer size 4.3954973220825195 MB with
DEBUG 2026-06-09 15:36:31 ort/utils.py:69 [CLIENT] Observation Sent 2097152/4609013 bytes with state 1
DEBUG 2026-06-09 15:36:31 ort/utils.py:69 [CLIENT] Observation Sent 4194304/4609013 bytes with state 2
DEBUG 2026-06-09 15:36:31 ort/utils.py:69 [CLIENT] Observation Sent 4609013/4609013 bytes with state 3
DEBUG 2026-06-09 15:36:31 ort/utils.py:71 [CLIENT] Observation Published 4.3954973220825195 MB
DEBUG 2026-06-09 15:36:31 t_client.py:292 Received actions on device: cpu
DEBUG 2026-06-09 15:36:31 t_client.py:302 Actions kept on device: cpu
DEBUG 2026-06-09 15:36:31 t_client.py:209 Sent observation #781 | 
DEBUG 2026-06-09 15:36:31 t_client.py:434 QUEUE SIZE: 7 (Must go: False)
DEBUG 2026-06-09 15:36:31 t_client.py:477 Control loop (ms): 153.56
DEBUG 2026-06-09 15:36:31 t_client.py:477 Control loop (ms): 1.82
DEBUG 2026-06-09 15:36:31 t_client.py:477 Control loop (ms): 1.28
DEBUG 2026-06-09 15:36:31 t_client.py:477 Control loop (ms): 1.26
DEBUG 2026-06-09 15:36:31 t_client.py:292 Received actions on device: cpu
DEBUG 2026-06-09 15:36:31 t_client.py:302 Actions kept on device: cpu
DEBUG 2026-06-09 15:36:31 t_client.py:477 Control loop (ms): 1.27
DEBUG 2026-06-09 15:36:31 t_client.py:477 Control loop (ms): 2.15
DEBUG 2026-06-09 15:36:31 t_client.py:477 Control loop (ms): 1.66
DEBUG 2026-06-09 15:36:31 follower.py:184 follower_right SOFollower read state: 2.1ms
DEBUG 2026-06-09 15:36:31 follower.py:191 follower_right SOFollower read wrist: 0.0ms
DEBUG 2026-06-09 15:36:31 follower.py:184 follower_left SOFollower read state: 1.9ms
DEBUG 2026-06-09 15:36:31 follower.py:191 follower_left SOFollower read wrist: 0.1ms
DEBUG 2026-06-09 15:36:31 t_client.py:198 Observation serialization time: 0.011829s
DEBUG 2026-06-09 15:36:31 ort/utils.py:54 [CLIENT] Observation Buffer size 4.3954973220825195 MB with
DEBUG 2026-06-09 15:36:31 ort/utils.py:69 [CLIENT] Observation Sent 2097152/4609013 bytes with state 1
DEBUG 2026-06-09 15:36:31 ort/utils.py:69 [CLIENT] Observation Sent 4194304/4609013 bytes with state 2
DEBUG 2026-06-09 15:36:31 ort/utils.py:69 [CLIENT] Observation Sent 4609013/4609013 bytes with state 3
DEBUG 2026-06-09 15:36:31 ort/utils.py:71 [CLIENT] Observation Published 4.3954973220825195 MB
DEBUG 2026-06-09 15:36:31 t_client.py:209 Sent observation #788 | 
DEBUG 2026-06-09 15:36:31 t_client.py:434 QUEUE SIZE: 8 (Must go: False)
DEBUG 2026-06-09 15:36:31 t_client.py:477 Control loop (ms): 111.26
DEBUG 2026-06-09 15:36:31 follower.py:184 follower_right SOFollower read state: 2.4ms
DEBUG 2026-06-09 15:36:31 follower.py:191 follower_right SOFollower read wrist: 0.0ms
DEBUG 2026-06-09 15:36:31 follower.py:184 follower_left SOFollower read state: 1.8ms
DEBUG 2026-06-09 15:36:31 follower.py:191 follower_left SOFollower read wrist: 0.0ms
DEBUG 2026-06-09 15:36:31 t_client.py:198 Observation serialization time: 0.008297s
DEBUG 2026-06-09 15:36:31 ort/utils.py:54 [CLIENT] Observation Buffer size 4.3954973220825195 MB with
DEBUG 2026-06-09 15:36:31 ort/utils.py:69 [CLIENT] Observation Sent 2097152/4609013 bytes with state 1
DEBUG 2026-06-09 15:36:31 ort/utils.py:69 [CLIENT] Observation Sent 4194304/4609013 bytes with state 2
DEBUG 2026-06-09 15:36:31 ort/utils.py:69 [CLIENT] Observation Sent 4609013/4609013 bytes with state 3
DEBUG 2026-06-09 15:36:31 ort/utils.py:71 [CLIENT] Observation Published 4.3954973220825195 MB
DEBUG 2026-06-09 15:36:31 t_client.py:292 Received actions on device: cpu
DEBUG 2026-06-09 15:36:31 t_client.py:302 Actions kept on device: cpu
DEBUG 2026-06-09 15:36:31 t_client.py:209 Sent observation #789 | 
DEBUG 2026-06-09 15:36:31 t_client.py:434 QUEUE SIZE: 7 (Must go: False)
DEBUG 2026-06-09 15:36:31 t_client.py:477 Control loop (ms): 104.31
DEBUG 2026-06-09 15:36:31 t_client.py:477 Control loop (ms): 2.70
DEBUG 2026-06-09 15:36:31 t_client.py:477 Control loop (ms): 2.32
DEBUG 2026-06-09 15:36:31 t_client.py:477 Control loop (ms): 2.45
DEBUG 2026-06-09 15:36:31 t_client.py:292 Received actions on device: cpu
DEBUG 2026-06-09 15:36:31 t_client.py:302 Actions kept on device: cpu
DEBUG 2026-06-09 15:36:31 t_client.py:477 Control loop (ms): 0.73
DEBUG 2026-06-09 15:36:31 t_client.py:477 Control loop (ms): 2.56
DEBUG 2026-06-09 15:36:31 t_client.py:477 Control loop (ms): 2.03
DEBUG 2026-06-09 15:36:31 follower.py:184 follower_right SOFollower read state: 2.2ms
DEBUG 2026-06-09 15:36:31 follower.py:191 follower_right SOFollower read wrist: 0.0ms
DEBUG 2026-06-09 15:36:31 follower.py:184 follower_left SOFollower read state: 2.6ms
DEBUG 2026-06-09 15:36:31 follower.py:191 follower_left SOFollower read wrist: 0.0ms
DEBUG 2026-06-09 15:36:31 t_client.py:198 Observation serialization time: 0.009273s
DEBUG 2026-06-09 15:36:31 ort/utils.py:54 [CLIENT] Observation Buffer size 4.3954973220825195 MB with
DEBUG 2026-06-09 15:36:31 ort/utils.py:69 [CLIENT] Observation Sent 2097152/4609013 bytes with state 1
DEBUG 2026-06-09 15:36:31 ort/utils.py:69 [CLIENT] Observation Sent 4194304/4609013 bytes with state 2
DEBUG 2026-06-09 15:36:31 ort/utils.py:69 [CLIENT] Observation Sent 4609013/4609013 bytes with state 3
DEBUG 2026-06-09 15:36:31 ort/utils.py:71 [CLIENT] Observation Published 4.3954973220825195 MB
DEBUG 2026-06-09 15:36:31 t_client.py:209 Sent observation #796 | 
DEBUG 2026-06-09 15:36:31 t_client.py:434 QUEUE SIZE: 8 (Must go: False)
DEBUG 2026-06-09 15:36:31 t_client.py:477 Control loop (ms): 106.34
DEBUG 2026-06-09 15:36:31 follower.py:184 follower_right SOFollower read state: 1.7ms
DEBUG 2026-06-09 15:36:31 follower.py:191 follower_right SOFollower read wrist: 0.0ms
DEBUG 2026-06-09 15:36:31 follower.py:184 follower_left SOFollower read state: 1.6ms
DEBUG 2026-06-09 15:36:31 follower.py:191 follower_left SOFollower read wrist: 0.0ms
DEBUG 2026-06-09 15:36:31 t_client.py:198 Observation serialization time: 0.006168s
DEBUG 2026-06-09 15:36:31 ort/utils.py:54 [CLIENT] Observation Buffer size 4.3954973220825195 MB with
DEBUG 2026-06-09 15:36:31 ort/utils.py:69 [CLIENT] Observation Sent 2097152/4609013 bytes with state 1
DEBUG 2026-06-09 15:36:32 ort/utils.py:69 [CLIENT] Observation Sent 4194304/4609013 bytes with state 2
DEBUG 2026-06-09 15:36:32 ort/utils.py:69 [CLIENT] Observation Sent 4609013/4609013 bytes with state 3
DEBUG 2026-06-09 15:36:32 ort/utils.py:71 [CLIENT] Observation Published 4.3954973220825195 MB
DEBUG 2026-06-09 15:36:32 t_client.py:209 Sent observation #797 | 
DEBUG 2026-06-09 15:36:32 t_client.py:434 QUEUE SIZE: 7 (Must go: False)
DEBUG 2026-06-09 15:36:32 t_client.py:477 Control loop (ms): 94.84
DEBUG 2026-06-09 15:36:32 follower.py:184 follower_right SOFollower read state: 1.8ms
DEBUG 2026-06-09 15:36:32 follower.py:191 follower_right SOFollower read wrist: 0.0ms
DEBUG 2026-06-09 15:36:32 t_client.py:292 Received actions on device: cpu
DEBUG 2026-06-09 15:36:32 t_client.py:302 Actions kept on device: cpu
DEBUG 2026-06-09 15:36:32 follower.py:184 follower_left SOFollower read state: 1.8ms
DEBUG 2026-06-09 15:36:32 follower.py:191 follower_left SOFollower read wrist: 0.0ms
DEBUG 2026-06-09 15:36:32 t_client.py:198 Observation serialization time: 0.008244s
DEBUG 2026-06-09 15:36:32 ort/utils.py:54 [CLIENT] Observation Buffer size 4.3954973220825195 MB with
DEBUG 2026-06-09 15:36:32 ort/utils.py:69 [CLIENT] Observation Sent 2097152/4609013 bytes with state 1
DEBUG 2026-06-09 15:36:32 ort/utils.py:69 [CLIENT] Observation Sent 4194304/4609013 bytes with state 2
DEBUG 2026-06-09 15:36:32 ort/utils.py:69 [CLIENT] Observation Sent 4609013/4609013 bytes with state 3
DEBUG 2026-06-09 15:36:32 ort/utils.py:71 [CLIENT] Observation Published 4.3954973220825195 MB
DEBUG 2026-06-09 15:36:32 t_client.py:209 Sent observation #798 | 
DEBUG 2026-06-09 15:36:32 t_client.py:434 QUEUE SIZE: 6 (Must go: False)
DEBUG 2026-06-09 15:36:32 t_client.py:477 Control loop (ms): 112.94
DEBUG 2026-06-09 15:36:32 t_client.py:477 Control loop (ms): 1.72
DEBUG 2026-06-09 15:36:32 t_client.py:292 Received actions on device: cpu
DEBUG 2026-06-09 15:36:32 t_client.py:302 Actions kept on device: cpu
DEBUG 2026-06-09 15:36:32 t_client.py:477 Control loop (ms): 1.98
DEBUG 2026-06-09 15:36:32 t_client.py:477 Control loop (ms): 1.87
DEBUG 2026-06-09 15:36:32 t_client.py:292 Received actions on device: cpu
DEBUG 2026-06-09 15:36:32 t_client.py:302 Actions kept on device: cpu
DEBUG 2026-06-09 15:36:32 t_client.py:477 Control loop (ms): 1.50
DEBUG 2026-06-09 15:36:32 t_client.py:477 Control loop (ms): 2.06
DEBUG 2026-06-09 15:36:32 t_client.py:477 Control loop (ms): 1.91
DEBUG 2026-06-09 15:36:32 t_client.py:477 Control loop (ms): 2.88
DEBUG 2026-06-09 15:36:32 follower.py:184 follower_right SOFollower read state: 2.2ms
DEBUG 2026-06-09 15:36:32 follower.py:191 follower_right SOFollower read wrist: 0.0ms
DEBUG 2026-06-09 15:36:32 follower.py:184 follower_left SOFollower read state: 1.9ms
DEBUG 2026-06-09 15:36:32 follower.py:191 follower_left SOFollower read wrist: 0.0ms
DEBUG 2026-06-09 15:36:32 t_client.py:198 Observation serialization time: 0.009535s
DEBUG 2026-06-09 15:36:32 ort/utils.py:54 [CLIENT] Observation Buffer size 4.3954973220825195 MB with
DEBUG 2026-06-09 15:36:32 ort/utils.py:69 [CLIENT] Observation Sent 2097152/4609013 bytes with state 1
DEBUG 2026-06-09 15:36:32 ort/utils.py:69 [CLIENT] Observation Sent 4194304/4609013 bytes with state 2
DEBUG 2026-06-09 15:36:32 ort/utils.py:69 [CLIENT] Observation Sent 4609013/4609013 bytes with state 3
DEBUG 2026-06-09 15:36:32 ort/utils.py:71 [CLIENT] Observation Published 4.3954973220825195 MB
DEBUG 2026-06-09 15:36:32 t_client.py:209 Sent observation #805 | 
DEBUG 2026-06-09 15:36:32 t_client.py:434 QUEUE SIZE: 8 (Must go: False)
DEBUG 2026-06-09 15:36:32 t_client.py:477 Control loop (ms): 127.46
DEBUG 2026-06-09 15:36:32 follower.py:184 follower_right SOFollower read state: 1.6ms
DEBUG 2026-06-09 15:36:32 follower.py:191 follower_right SOFollower read wrist: 0.0ms
DEBUG 2026-06-09 15:36:32 follower.py:184 follower_left SOFollower read state: 1.4ms
DEBUG 2026-06-09 15:36:32 follower.py:191 follower_left SOFollower read wrist: 0.0ms
DEBUG 2026-06-09 15:36:32 t_client.py:198 Observation serialization time: 0.005525s
DEBUG 2026-06-09 15:36:32 ort/utils.py:54 [CLIENT] Observation Buffer size 4.3954973220825195 MB with
DEBUG 2026-06-09 15:36:32 ort/utils.py:69 [CLIENT] Observation Sent 2097152/4609013 bytes with state 1
DEBUG 2026-06-09 15:36:32 ort/utils.py:69 [CLIENT] Observation Sent 4194304/4609013 bytes with state 2
DEBUG 2026-06-09 15:36:32 ort/utils.py:69 [CLIENT] Observation Sent 4609013/4609013 bytes with state 3
DEBUG 2026-06-09 15:36:32 ort/utils.py:71 [CLIENT] Observation Published 4.3954973220825195 MB
DEBUG 2026-06-09 15:36:32 t_client.py:209 Sent observation #806 | 
DEBUG 2026-06-09 15:36:32 t_client.py:434 QUEUE SIZE: 7 (Must go: False)
DEBUG 2026-06-09 15:36:32 t_client.py:477 Control loop (ms): 108.50
DEBUG 2026-06-09 15:36:32 t_client.py:292 Received actions on device: cpu
DEBUG 2026-06-09 15:36:32 t_client.py:302 Actions kept on device: cpu
DEBUG 2026-06-09 15:36:32 follower.py:184 follower_right SOFollower read state: 1.8ms
DEBUG 2026-06-09 15:36:32 follower.py:191 follower_right SOFollower read wrist: 0.0ms
DEBUG 2026-06-09 15:36:32 follower.py:184 follower_left SOFollower read state: 1.4ms
DEBUG 2026-06-09 15:36:32 follower.py:191 follower_left SOFollower read wrist: 0.0ms
DEBUG 2026-06-09 15:36:32 t_client.py:198 Observation serialization time: 0.005196s
DEBUG 2026-06-09 15:36:32 ort/utils.py:54 [CLIENT] Observation Buffer size 4.3954973220825195 MB with
DEBUG 2026-06-09 15:36:32 ort/utils.py:69 [CLIENT] Observation Sent 2097152/4609013 bytes with state 1
DEBUG 2026-06-09 15:36:32 ort/utils.py:69 [CLIENT] Observation Sent 4194304/4609013 bytes with state 2
DEBUG 2026-06-09 15:36:32 ort/utils.py:69 [CLIENT] Observation Sent 4609013/4609013 bytes with state 3
DEBUG 2026-06-09 15:36:32 ort/utils.py:71 [CLIENT] Observation Published 4.3954973220825195 MB
DEBUG 2026-06-09 15:36:32 t_client.py:209 Sent observation #807 | 
DEBUG 2026-06-09 15:36:32 t_client.py:434 QUEUE SIZE: 13 (Must go: False)
DEBUG 2026-06-09 15:36:32 t_client.py:477 Control loop (ms): 133.80
DEBUG 2026-06-09 15:36:32 t_client.py:477 Control loop (ms): 2.17
DEBUG 2026-06-09 15:36:32 t_client.py:292 Received actions on device: cpu
DEBUG 2026-06-09 15:36:32 t_client.py:302 Actions kept on device: cpu
DEBUG 2026-06-09 15:36:32 t_client.py:477 Control loop (ms): 1.50
DEBUG 2026-06-09 15:36:32 t_client.py:477 Control loop (ms): 0.56
DEBUG 2026-06-09 15:36:32 t_client.py:292 Received actions on device: cpu
DEBUG 2026-06-09 15:36:32 t_client.py:302 Actions kept on device: cpu
DEBUG 2026-06-09 15:36:32 t_client.py:477 Control loop (ms): 0.81
DEBUG 2026-06-09 15:36:32 t_client.py:477 Control loop (ms): 2.05
DEBUG 2026-06-09 15:36:32 t_client.py:477 Control loop (ms): 2.48
DEBUG 2026-06-09 15:36:32 follower.py:184 follower_right SOFollower read state: 1.6ms
DEBUG 2026-06-09 15:36:32 follower.py:191 follower_right SOFollower read wrist: 0.0ms
DEBUG 2026-06-09 15:36:32 follower.py:184 follower_left SOFollower read state: 1.9ms
DEBUG 2026-06-09 15:36:32 follower.py:191 follower_left SOFollower read wrist: 0.0ms
DEBUG 2026-06-09 15:36:32 t_client.py:198 Observation serialization time: 0.008388s
DEBUG 2026-06-09 15:36:32 ort/utils.py:54 [CLIENT] Observation Buffer size 4.3954973220825195 MB with
DEBUG 2026-06-09 15:36:32 ort/utils.py:69 [CLIENT] Observation Sent 2097152/4609013 bytes with state 1
DEBUG 2026-06-09 15:36:33 ort/utils.py:69 [CLIENT] Observation Sent 4194304/4609013 bytes with state 2
DEBUG 2026-06-09 15:36:33 ort/utils.py:69 [CLIENT] Observation Sent 4609013/4609013 bytes with state 3
DEBUG 2026-06-09 15:36:33 ort/utils.py:71 [CLIENT] Observation Published 4.3954973220825195 MB
DEBUG 2026-06-09 15:36:33 t_client.py:209 Sent observation #814 | 
DEBUG 2026-06-09 15:36:33 t_client.py:434 QUEUE SIZE: 8 (Must go: False)
DEBUG 2026-06-09 15:36:33 t_client.py:477 Control loop (ms): 104.39
DEBUG 2026-06-09 15:36:33 follower.py:184 follower_right SOFollower read state: 1.7ms
DEBUG 2026-06-09 15:36:33 follower.py:191 follower_right SOFollower read wrist: 0.0ms
DEBUG 2026-06-09 15:36:33 follower.py:184 follower_left SOFollower read state: 1.7ms
DEBUG 2026-06-09 15:36:33 follower.py:191 follower_left SOFollower read wrist: 0.0ms
DEBUG 2026-06-09 15:36:33 t_client.py:198 Observation serialization time: 0.008372s
DEBUG 2026-06-09 15:36:33 ort/utils.py:54 [CLIENT] Observation Buffer size 4.3954973220825195 MB with
DEBUG 2026-06-09 15:36:33 ort/utils.py:69 [CLIENT] Observation Sent 2097152/4609013 bytes with state 1
DEBUG 2026-06-09 15:36:33 ort/utils.py:69 [CLIENT] Observation Sent 4194304/4609013 bytes with state 2
DEBUG 2026-06-09 15:36:33 ort/utils.py:69 [CLIENT] Observation Sent 4609013/4609013 bytes with state 3
DEBUG 2026-06-09 15:36:33 ort/utils.py:71 [CLIENT] Observation Published 4.3954973220825195 MB
DEBUG 2026-06-09 15:36:33 t_client.py:292 Received actions on device: cpu
DEBUG 2026-06-09 15:36:33 t_client.py:302 Actions kept on device: cpu
DEBUG 2026-06-09 15:36:33 t_client.py:209 Sent observation #815 | 
DEBUG 2026-06-09 15:36:33 t_client.py:434 QUEUE SIZE: 7 (Must go: False)
DEBUG 2026-06-09 15:36:33 t_client.py:477 Control loop (ms): 98.48
DEBUG 2026-06-09 15:36:33 t_client.py:477 Control loop (ms): 1.43
DEBUG 2026-06-09 15:36:33 t_client.py:477 Control loop (ms): 1.92
DEBUG 2026-06-09 15:36:33 t_client.py:477 Control loop (ms): 2.09
DEBUG 2026-06-09 15:36:33 t_client.py:292 Received actions on device: cpu
DEBUG 2026-06-09 15:36:33 t_client.py:302 Actions kept on device: cpu
DEBUG 2026-06-09 15:36:33 t_client.py:477 Control loop (ms): 1.98
DEBUG 2026-06-09 15:36:33 t_client.py:477 Control loop (ms): 1.98
DEBUG 2026-06-09 15:36:33 tors_bus.py:561 FeetechMotorsBus disconnected.
INFO 2026-06-09 15:36:33 a_opencv.py:606 OpenCVCamera(/dev/wrist_right) disconnected.
INFO 2026-06-09 15:36:33 follower.py:229 follower_right SOFollower disconnected.
DEBUG 2026-06-09 15:36:33 tors_bus.py:561 FeetechMotorsBus disconnected.
INFO 2026-06-09 15:36:33 a_opencv.py:606 OpenCVCamera(/dev/wrist_left) disconnected.
INFO 2026-06-09 15:36:33 follower.py:229 follower_left SOFollower disconnected.
INFO 2026-06-09 15:36:33 a_opencv.py:606 OpenCVCamera(/dev/video4) disconnected.
INFO 2026-06-09 15:36:33 follower.py:206 Top camera 'top_realsense_color' disconnected.
INFO 2026-06-09 15:36:33 a_opencv.py:606 OpenCVCamera(/dev/video2) disconnected.
INFO 2026-06-09 15:36:33 follower.py:206 Top camera 'top_realsense_depth' disconnected.
INFO 2026-06-09 15:36:34 a_opencv.py:606 OpenCVCamera(/dev/video6) disconnected.
INFO 2026-06-09 15:36:34 follower.py:206 Top camera 'top_webcam' disconnected.
DEBUG 2026-06-09 15:36:34 t_client.py:178 Robot disconnected
DEBUG 2026-06-09 15:36:34 t_client.py:181 Client stopped, channel closed
ERROR 2026-06-09 15:36:34 t_client.py:359 Error receiving actions: <_InactiveRpcError of RPC that terminated with:
	status = StatusCode.CANCELLED
	details = "Channel closed!"
	debug_error_string = "UNKNOWN:Error received from peer  {grpc_message:"Channel closed!", grpc_status:1}"
>
DEBUG 2026-06-09 15:36:34 __init__.py:342 matplotlib data path: /home/kibub/miniforge3/envs/lerobot/lib/python3.12/site-packages/matplotlib/mpl-data
DEBUG 2026-06-09 15:36:34 __init__.py:342 CONFIGDIR=/home/kibub/.config/matplotlib
DEBUG 2026-06-09 15:36:34 _init__.py:1560 interactive is False
DEBUG 2026-06-09 15:36:34 _init__.py:1561 platform is linux
DEBUG 2026-06-09 15:36:34 __init__.py:342 CACHEDIR=/home/kibub/.cache/matplotlib
DEBUG 2026-06-09 15:36:34 manager.py:1635 Using fontManager instance from /home/kibub/.cache/matplotlib/fontlist-v390.json
DEBUG 2026-06-09 15:36:34 b/pyplot.py:496 Loaded backend agg version v2.2.
DEBUG 2026-06-09 15:36:34 manager.py:1471 findfont: Matching sans\-serif:style=normal:variant=normal:weight=normal:stretch=normal:size=10.0.
DEBUG 2026-06-09 15:36:34 manager.py:1483 findfont: score(FontEntry(fname='/home/kibub/miniforge3/envs/lerobot/lib/python3.12/site-packages/matplotlib/mpl-data/fonts/ttf/STIXSizOneSymReg.ttf', name='STIXSizeOneSym', style='normal', variant='normal', weight=400, stretch='normal', size='scalable')) = 10.05
DEBUG 2026-06-09 15:36:34 manager.py:1483 findfont: score(FontEntry(fname='/home/kibub/miniforge3/envs/lerobot/lib/python3.12/site-packages/matplotlib/mpl-data/fonts/ttf/STIXSizFourSymBol.ttf', name='STIXSizeFourSym', style='normal', variant='normal', weight=700, stretch='normal', size='scalable')) = 10.335
DEBUG 2026-06-09 15:36:34 manager.py:1483 findfont: score(FontEntry(fname='/home/kibub/miniforge3/envs/lerobot/lib/python3.12/site-packages/matplotlib/mpl-data/fonts/ttf/STIXSizTwoSymReg.ttf', name='STIXSizeTwoSym', style='normal', variant='normal', weight=400, stretch='normal', size='scalable')) = 10.05
DEBUG 2026-06-09 15:36:34 manager.py:1483 findfont: score(FontEntry(fname='/home/kibub/miniforge3/envs/lerobot/lib/python3.12/site-packages/matplotlib/mpl-data/fonts/ttf/DejaVuSans-Bold.ttf', name='DejaVu Sans', style='normal', variant='normal', weight=700, stretch='normal', size='scalable')) = 0.33499999999999996
DEBUG 2026-06-09 15:36:34 manager.py:1483 findfont: score(FontEntry(fname='/home/kibub/miniforge3/envs/lerobot/lib/python3.12/site-packages/matplotlib/mpl-data/fonts/ttf/DejaVuSerif-Bold.ttf', name='DejaVu Serif', style='normal', variant='normal', weight=700, stretch='normal', size='scalable')) = 10.335
DEBUG 2026-06-09 15:36:34 manager.py:1483 findfont: score(FontEntry(fname='/home/kibub/miniforge3/envs/lerobot/lib/python3.12/site-packages/matplotlib/mpl-data/fonts/ttf/DejaVuSansMono-Oblique.ttf', name='DejaVu Sans Mono', style='oblique', variant='normal', weight=400, stretch='normal', size='scalable')) = 11.05
DEBUG 2026-06-09 15:36:34 manager.py:1483 findfont: score(FontEntry(fname='/home/kibub/miniforge3/envs/lerobot/lib/python3.12/site-packages/matplotlib/mpl-data/fonts/ttf/STIXSizTwoSymBol.ttf', name='STIXSizeTwoSym', style='normal', variant='normal', weight=700, stretch='normal', size='scalable')) = 10.335
DEBUG 2026-06-09 15:36:34 manager.py:1483 findfont: score(FontEntry(fname='/home/kibub/miniforge3/envs/lerobot/lib/python3.12/site-packages/matplotlib/mpl-data/fonts/ttf/STIXGeneralBol.ttf', name='STIXGeneral', style='normal', variant='normal', weight=700, stretch='normal', size='scalable')) = 10.335
DEBUG 2026-06-09 15:36:34 manager.py:1483 findfont: score(FontEntry(fname='/home/kibub/miniforge3/envs/lerobot/lib/python3.12/site-packages/matplotlib/mpl-data/fonts/ttf/STIXSizFiveSymReg.ttf', name='STIXSizeFiveSym', style='normal', variant='normal', weight=400, stretch='normal', size='scalable')) = 10.05
DEBUG 2026-06-09 15:36:34 manager.py:1483 findfont: score(FontEntry(fname='/home/kibub/miniforge3/envs/lerobot/lib/python3.12/site-packages/matplotlib/mpl-data/fonts/ttf/DejaVuSansMono-BoldOblique.ttf', name='DejaVu Sans Mono', style='oblique', variant='normal', weight=700, stretch='normal', size='scalable')) = 11.335
DEBUG 2026-06-09 15:36:34 manager.py:1483 findfont: score(FontEntry(fname='/home/kibub/miniforge3/envs/lerobot/lib/python3.12/site-packages/matplotlib/mpl-data/fonts/ttf/DejaVuSans-Oblique.ttf', name='DejaVu Sans', style='oblique', variant='normal', weight=400, stretch='normal', size='scalable')) = 1.05
DEBUG 2026-06-09 15:36:34 manager.py:1483 findfont: score(FontEntry(fname='/home/kibub/miniforge3/envs/lerobot/lib/python3.12/site-packages/matplotlib/mpl-data/fonts/ttf/DejaVuSansMono-Bold.ttf', name='DejaVu Sans Mono', style='normal', variant='normal', weight=700, stretch='normal', size='scalable')) = 10.335
DEBUG 2026-06-09 15:36:34 manager.py:1483 findfont: score(FontEntry(fname='/home/kibub/miniforge3/envs/lerobot/lib/python3.12/site-packages/matplotlib/mpl-data/fonts/ttf/DejaVuSerif.ttf', name='DejaVu Serif', style='normal', variant='normal', weight=400, stretch='normal', size='scalable')) = 10.05
DEBUG 2026-06-09 15:36:34 manager.py:1483 findfont: score(FontEntry(fname='/home/kibub/miniforge3/envs/lerobot/lib/python3.12/site-packages/matplotlib/mpl-data/fonts/ttf/cmtt10.ttf', name='cmtt10', style='normal', variant='normal', weight=400, stretch='normal', size='scalable')) = 10.05
DEBUG 2026-06-09 15:36:34 manager.py:1483 findfont: score(FontEntry(fname='/home/kibub/miniforge3/envs/lerobot/lib/python3.12/site-packages/matplotlib/mpl-data/fonts/ttf/DejaVuSerifDisplay.ttf', name='DejaVu Serif Display', style='normal', variant='normal', weight=400, stretch='normal', size='scalable')) = 10.05
DEBUG 2026-06-09 15:36:34 manager.py:1483 findfont: score(FontEntry(fname='/home/kibub/miniforge3/envs/lerobot/lib/python3.12/site-packages/matplotlib/mpl-data/fonts/ttf/STIXSizOneSymBol.ttf', name='STIXSizeOneSym', style='normal', variant='normal', weight=700, stretch='normal', size='scalable')) = 10.335
DEBUG 2026-06-09 15:36:34 manager.py:1483 findfont: score(FontEntry(fname='/home/kibub/miniforge3/envs/lerobot/lib/python3.12/site-packages/matplotlib/mpl-data/fonts/ttf/STIXGeneral.ttf', name='STIXGeneral', style='normal', variant='normal', weight=400, stretch='normal', size='scalable')) = 10.05
DEBUG 2026-06-09 15:36:34 manager.py:1483 findfont: score(FontEntry(fname='/home/kibub/miniforge3/envs/lerobot/lib/python3.12/site-packages/matplotlib/mpl-data/fonts/ttf/cmb10.ttf', name='cmb10', style='normal', variant='normal', weight=400, stretch='normal', size='scalable')) = 10.05
DEBUG 2026-06-09 15:36:34 manager.py:1483 findfont: score(FontEntry(fname='/home/kibub/miniforge3/envs/lerobot/lib/python3.12/site-packages/matplotlib/mpl-data/fonts/ttf/DejaVuSerif-Italic.ttf', name='DejaVu Serif', style='italic', variant='normal', weight=400, stretch='normal', size='scalable')) = 11.05
DEBUG 2026-06-09 15:36:34 manager.py:1483 findfont: score(FontEntry(fname='/home/kibub/miniforge3/envs/lerobot/lib/python3.12/site-packages/matplotlib/mpl-data/fonts/ttf/STIXSizFourSymReg.ttf', name='STIXSizeFourSym', style='normal', variant='normal', weight=400, stretch='normal', size='scalable')) = 10.05
DEBUG 2026-06-09 15:36:34 manager.py:1483 findfont: score(FontEntry(fname='/home/kibub/miniforge3/envs/lerobot/lib/python3.12/site-packages/matplotlib/mpl-data/fonts/ttf/cmr10.ttf', name='cmr10', style='normal', variant='normal', weight=400, stretch='normal', size='scalable')) = 10.05
DEBUG 2026-06-09 15:36:34 manager.py:1483 findfont: score(FontEntry(fname='/home/kibub/miniforge3/envs/lerobot/lib/python3.12/site-packages/matplotlib/mpl-data/fonts/ttf/STIXSizThreeSymBol.ttf', name='STIXSizeThreeSym', style='normal', variant='normal', weight=700, stretch='normal', size='scalable')) = 10.335
DEBUG 2026-06-09 15:36:34 manager.py:1483 findfont: score(FontEntry(fname='/home/kibub/miniforge3/envs/lerobot/lib/python3.12/site-packages/matplotlib/mpl-data/fonts/ttf/DejaVuSansDisplay.ttf', name='DejaVu Sans Display', style='normal', variant='normal', weight=400, stretch='normal', size='scalable')) = 10.05
DEBUG 2026-06-09 15:36:34 manager.py:1483 findfont: score(FontEntry(fname='/home/kibub/miniforge3/envs/lerobot/lib/python3.12/site-packages/matplotlib/mpl-data/fonts/ttf/STIXGeneralItalic.ttf', name='STIXGeneral', style='italic', variant='normal', weight=400, stretch='normal', size='scalable')) = 11.05
DEBUG 2026-06-09 15:36:34 manager.py:1483 findfont: score(FontEntry(fname='/home/kibub/miniforge3/envs/lerobot/lib/python3.12/site-packages/matplotlib/mpl-data/fonts/ttf/STIXSizThreeSymReg.ttf', name='STIXSizeThreeSym', style='normal', variant='normal', weight=400, stretch='normal', size='scalable')) = 10.05
DEBUG 2026-06-09 15:36:34 manager.py:1483 findfont: score(FontEntry(fname='/home/kibub/miniforge3/envs/lerobot/lib/python3.12/site-packages/matplotlib/mpl-data/fonts/ttf/STIXNonUniBolIta.ttf', name='STIXNonUnicode', style='italic', variant='normal', weight=700, stretch='normal', size='scalable')) = 11.335
DEBUG 2026-06-09 15:36:34 manager.py:1483 findfont: score(FontEntry(fname='/home/kibub/miniforge3/envs/lerobot/lib/python3.12/site-packages/matplotlib/mpl-data/fonts/ttf/cmmi10.ttf', name='cmmi10', style='normal', variant='normal', weight=400, stretch='normal', size='scalable')) = 10.05
DEBUG 2026-06-09 15:36:34 manager.py:1483 findfont: score(FontEntry(fname='/home/kibub/miniforge3/envs/lerobot/lib/python3.12/site-packages/matplotlib/mpl-data/fonts/ttf/DejaVuSerif-BoldItalic.ttf', name='DejaVu Serif', style='italic', variant='normal', weight=700, stretch='normal', size='scalable')) = 11.335
DEBUG 2026-06-09 15:36:34 manager.py:1483 findfont: score(FontEntry(fname='/home/kibub/miniforge3/envs/lerobot/lib/python3.12/site-packages/matplotlib/mpl-data/fonts/ttf/STIXNonUniIta.ttf', name='STIXNonUnicode', style='italic', variant='normal', weight=400, stretch='normal', size='scalable')) = 11.05
DEBUG 2026-06-09 15:36:34 manager.py:1483 findfont: score(FontEntry(fname='/home/kibub/miniforge3/envs/lerobot/lib/python3.12/site-packages/matplotlib/mpl-data/fonts/ttf/DejaVuSans.ttf', name='DejaVu Sans', style='normal', variant='normal', weight=400, stretch='normal', size='scalable')) = 0.05
DEBUG 2026-06-09 15:36:34 manager.py:1483 findfont: score(FontEntry(fname='/home/kibub/miniforge3/envs/lerobot/lib/python3.12/site-packages/matplotlib/mpl-data/fonts/ttf/STIXNonUniBol.ttf', name='STIXNonUnicode', style='normal', variant='normal', weight=700, stretch='normal', size='scalable')) = 10.335
DEBUG 2026-06-09 15:36:34 manager.py:1483 findfont: score(FontEntry(fname='/home/kibub/miniforge3/envs/lerobot/lib/python3.12/site-packages/matplotlib/mpl-data/fonts/ttf/cmex10.ttf', name='cmex10', style='normal', variant='normal', weight=400, stretch='normal', size='scalable')) = 10.05
DEBUG 2026-06-09 15:36:34 manager.py:1483 findfont: score(FontEntry(fname='/home/kibub/miniforge3/envs/lerobot/lib/python3.12/site-packages/matplotlib/mpl-data/fonts/ttf/DejaVuSans-BoldOblique.ttf', name='DejaVu Sans', style='oblique', variant='normal', weight=700, stretch='normal', size='scalable')) = 1.335
DEBUG 2026-06-09 15:36:34 manager.py:1483 findfont: score(FontEntry(fname='/home/kibub/miniforge3/envs/lerobot/lib/python3.12/site-packages/matplotlib/mpl-data/fonts/ttf/STIXGeneralBolIta.ttf', name='STIXGeneral', style='italic', variant='normal', weight=700, stretch='normal', size='scalable')) = 11.335
DEBUG 2026-06-09 15:36:34 manager.py:1483 findfont: score(FontEntry(fname='/home/kibub/miniforge3/envs/lerobot/lib/python3.12/site-packages/matplotlib/mpl-data/fonts/ttf/STIXNonUni.ttf', name='STIXNonUnicode', style='normal', variant='normal', weight=400, stretch='normal', size='scalable')) = 10.05
DEBUG 2026-06-09 15:36:34 manager.py:1483 findfont: score(FontEntry(fname='/home/kibub/miniforge3/envs/lerobot/lib/python3.12/site-packages/matplotlib/mpl-data/fonts/ttf/cmsy10.ttf', name='cmsy10', style='normal', variant='normal', weight=400, stretch='normal', size='scalable')) = 10.05
DEBUG 2026-06-09 15:36:34 manager.py:1483 findfont: score(FontEntry(fname='/home/kibub/miniforge3/envs/lerobot/lib/python3.12/site-packages/matplotlib/mpl-data/fonts/ttf/cmss10.ttf', name='cmss10', style='normal', variant='normal', weight=400, stretch='normal', size='scalable')) = 10.05
DEBUG 2026-06-09 15:36:34 manager.py:1483 findfont: score(FontEntry(fname='/home/kibub/miniforge3/envs/lerobot/lib/python3.12/site-packages/matplotlib/mpl-data/fonts/ttf/DejaVuSansMono.ttf', name='DejaVu Sans Mono', style='normal', variant='normal', weight=400, stretch='normal', size='scalable')) = 10.05
DEBUG 2026-06-09 15:36:34 manager.py:1483 findfont: score(FontEntry(fname='/usr/share/fonts/truetype/noto/NotoSansNKo-Regular.ttf', name='Noto Sans NKo', style='normal', variant='normal', weight=400, stretch='normal', size='scalable')) = 10.05
DEBUG 2026-06-09 15:36:34 manager.py:1483 findfont: score(FontEntry(fname='/usr/share/fonts/truetype/lato/Lato-Bold.ttf', name='Lato', style='normal', variant='normal', weight=700, stretch='normal', size='scalable')) = 10.335
DEBUG 2026-06-09 15:36:34 manager.py:1483 findfont: score(FontEntry(fname='/usr/share/fonts/truetype/ubuntu/UbuntuMono-Italic[wght].ttf', name='Ubuntu Mono', style='italic', variant='normal', weight=400, stretch='normal', size='scalable')) = 11.05
DEBUG 2026-06-09 15:36:34 manager.py:1483 findfont: score(FontEntry(fname='/usr/share/fonts/truetype/noto/NotoSansLydian-Regular.ttf', name='Noto Sans Lydian', style='normal', variant='normal', weight=400, stretch='normal', size='scalable')) = 10.05
DEBUG 2026-06-09 15:36:34 manager.py:1483 findfont: score(FontEntry(fname='/usr/share/fonts/truetype/noto/NotoSansHebrew-Regular.ttf', name='Noto Sans Hebrew', style='normal', variant='normal', weight=400, stretch='normal', size='scalable')) = 10.05
DEBUG 2026-06-09 15:36:34 manager.py:1483 findfont: score(FontEntry(fname='/usr/share/fonts/truetype/noto/NotoSansTagbanwa-Regular.ttf', name='Noto Sans Tagbanwa', style='normal', variant='normal', weight=400, stretch='normal', size='scalable')) = 10.05
DEBUG 2026-06-09 15:36:34 manager.py:1483 findfont: score(FontEntry(fname='/usr/share/fonts/truetype/noto/NotoSerifKhojki-Regular.ttf', name='Noto Serif Khojki', style='normal', variant='normal', weight=400, stretch='normal', size='scalable')) = 10.05
DEBUG 2026-06-09 15:36:34 manager.py:1483 findfont: score(FontEntry(fname='/usr/share/fonts/truetype/noto/NotoSansSoraSompeng-Bold.ttf', name='Noto Sans Sora Sompeng', style='normal', variant='normal', weight=700, stretch='normal', size='scalable')) = 10.335
DEBUG 2026-06-09 15:36:34 manager.py:1483 findfont: score(FontEntry(fname='/usr/share/fonts/truetype/noto/NotoSerifTelugu-Regular.ttf', name='Noto Serif Telugu', style='normal', variant='normal', weight=400, stretch='normal', size='scalable')) = 10.05
DEBUG 2026-06-09 15:36:34 manager.py:1483 findfont: score(FontEntry(fname='/usr/share/fonts/truetype/noto/NotoSansNewTaiLue-Regular.ttf', name='Noto Sans New Tai Lue', style='normal', variant='normal', weight=400, stretch='normal', size='scalable')) = 10.05
DEBUG 2026-06-09 15:36:34 manager.py:1483 findfont: score(FontEntry(fname='/usr/share/fonts/opentype/urw-base35/P052-BoldItalic.otf', name='P052', style='italic', variant='normal', weight=700, stretch='normal', size='scalable')) = 11.335
DEBUG 2026-06-09 15:36:34 manager.py:1483 findfont: score(FontEntry(fname='/usr/share/fonts/truetype/noto/NotoMono-Regular.ttf', name='Noto Mono', style='normal', variant='normal', weight=400, stretch='normal', size='scalable')) = 10.05
DEBUG 2026-06-09 15:36:34 manager.py:1483 findfont: score(FontEntry(fname='/usr/share/fonts/truetype/noto/NotoSansKannada-Bold.ttf', name='Noto Sans Kannada', style='normal', variant='normal', weight=700, stretch='normal', size='scalable')) = 10.335
DEBUG 2026-06-09 15:36:34 manager.py:1483 findfont: score(FontEntry(fname='/usr/share/fonts/truetype/noto/NotoSansTamil-Bold.ttf', name='Noto Sans Tamil', style='normal', variant='normal', weight=700, stretch='normal', size='scalable')) = 10.335
DEBUG 2026-06-09 15:36:34 manager.py:1483 findfont: score(FontEntry(fname='/usr/share/fonts/truetype/noto/NotoSansBengali-Regular.ttf', name='Noto Sans Bengali', style='normal', variant='normal', weight=400, stretch='normal', size='scalable')) = 10.05
DEBUG 2026-06-09 15:36:34 manager.py:1483 findfont: score(FontEntry(fname='/usr/share/fonts/truetype/noto/NotoSansTifinagh-Regular.ttf', name='Noto Sans Tifinagh', style='normal', variant='normal', weight=400, stretch='normal', size='scalable')) = 10.05
DEBUG 2026-06-09 15:36:34 manager.py:1483 findfont: score(FontEntry(fname='/usr/share/fonts/truetype/noto/NotoSansTifinaghRhissaIxa-Regular.ttf', name='Noto Sans Tifinagh Rhissa Ixa', style='normal', variant='normal', weight=400, stretch='normal', size='scalable')) = 10.05
DEBUG 2026-06-09 15:36:34 manager.py:1483 findfont: score(FontEntry(fname='/usr/share/fonts/truetype/noto/NotoSansMalayalam-Regular.ttf', name='Noto Sans Malayalam', style='normal', variant='normal', weight=400, stretch='normal', size='scalable')) = 10.05
DEBUG 2026-06-09 15:36:34 manager.py:1483 findfont: score(FontEntry(fname='/usr/share/fonts/truetype/open-sans/OpenSans-ExtraBoldItalic.ttf', name='Open Sans', style='italic', variant='normal', weight=800, stretch='normal', size='scalable')) = 11.43
DEBUG 2026-06-09 15:36:34 manager.py:1483 findfont: score(FontEntry(fname='/usr/share/fonts/truetype/noto/NotoSansKhojki-Regular.ttf', name='Noto Sans Khojki', style='normal', variant='normal', weight=400, stretch='normal', size='scalable')) = 10.05
DEBUG 2026-06-09 15:36:34 manager.py:1483 findfont: score(FontEntry(fname='/usr/share/fonts/truetype/noto/NotoSansPhagsPa-Regular.ttf', name='Noto Sans PhagsPa', style='normal', variant='normal', weight=400, stretch='normal', size='scalable')) = 10.05
DEBUG 2026-06-09 15:36:34 manager.py:1483 findfont: score(FontEntry(fname='/home/kibub/miniforge3/envs/lerobot/fonts/SourceCodePro-Medium.ttf', name='Source Code Pro', style='normal', variant='normal', weight=500, stretch='normal', size='scalable')) = 10.145
DEBUG 2026-06-09 15:36:34 manager.py:1483 findfont: score(FontEntry(fname='/usr/share/fonts/truetype/noto/NotoSans-Bold.ttf', name='Noto Sans', style='normal', variant='normal', weight=700, stretch='normal', size='scalable')) = 10.335
DEBUG 2026-06-09 15:36:34 manager.py:1483 findfont: score(FontEntry(fname='/usr/share/fonts/truetype/noto/NotoKufiArabic-Bold.ttf', name='Noto Kufi Arabic', style='normal', variant='normal', weight=700, stretch='normal', size='scalable')) = 10.335
DEBUG 2026-06-09 15:36:34 manager.py:1483 findfont: score(FontEntry(fname='/usr/share/fonts/truetype/noto/NotoSansBengali-Bold.ttf', name='Noto Sans Bengali', style='normal', variant='normal', weight=700, stretch='normal', size='scalable')) = 10.335
DEBUG 2026-06-09 15:36:34 manager.py:1483 findfont: score(FontEntry(fname='/usr/share/fonts/truetype/noto/NotoSansPalmyrene-Regular.ttf', name='Noto Sans Palmyrene', style='normal', variant='normal', weight=400, stretch='normal', size='scalable')) = 10.05
DEBUG 2026-06-09 15:36:34 manager.py:1483 findfont: score(FontEntry(fname='/usr/share/fonts/opentype/urw-base35/C059-Bold.otf', name='C059', style='normal', variant='normal', weight=700, stretch='normal', size='scalable')) = 10.335
DEBUG 2026-06-09 15:36:34 manager.py:1483 findfont: score(FontEntry(fname='/usr/share/fonts/truetype/open-sans/OpenSans-Semibold.ttf', name='Open Sans', style='normal', variant='normal', weight=600, stretch='normal', size='scalable')) = 10.24
DEBUG 2026-06-09 15:36:34 manager.py:1483 findfont: score(FontEntry(fname='/home/kibub/miniforge3/envs/lerobot/fonts/SourceCodePro-Bold.ttf', name='Source Code Pro', style='normal', variant='normal', weight=700, stretch='normal', size='scalable')) = 10.335
DEBUG 2026-06-09 15:36:34 manager.py:1483 findfont: score(FontEntry(fname='/usr/share/fonts/truetype/liberation/LiberationSans-Bold.ttf', name='Liberation Sans', style='normal', variant='normal', weight=700, stretch='normal', size='scalable')) = 10.335
DEBUG 2026-06-09 15:36:34 manager.py:1483 findfont: score(FontEntry(fname='/usr/share/fonts/truetype/noto/NotoSerif-Bold.ttf', name='Noto Serif', style='normal', variant='normal', weight=700, stretch='normal', size='scalable')) = 10.335
DEBUG 2026-06-09 15:36:34 manager.py:1483 findfont: score(FontEntry(fname='/usr/share/fonts/truetype/noto/NotoSansGlagolitic-Regular.ttf', name='Noto Sans Glagolitic', style='normal', variant='normal', weight=400, stretch='normal', size='scalable')) = 10.05
DEBUG 2026-06-09 15:36:34 manager.py:1483 findfont: score(FontEntry(fname='/home/kibub/miniforge3/envs/lerobot/fonts/SourceCodePro-Light.ttf', name='Source Code Pro', style='normal', variant='normal', weight=300, stretch='normal', size='scalable')) = 10.145
DEBUG 2026-06-09 15:36:34 manager.py:1483 findfont: score(FontEntry(fname='/usr/share/fonts/opentype/urw-base35/P052-Italic.otf', name='P052', style='italic', variant='normal', weight=400, stretch='normal', size='scalable')) = 11.05
DEBUG 2026-06-09 15:36:34 manager.py:1483 findfont: score(FontEntry(fname='/usr/share/fonts/truetype/noto/NotoSerifMalayalam-Regular.ttf', name='Noto Serif Malayalam', style='normal', variant='normal', weight=400, stretch='normal', size='scalable')) = 10.05
DEBUG 2026-06-09 15:36:34 manager.py:1483 findfont: score(FontEntry(fname='/usr/share/fonts/opentype/noto/NotoSansCJK-Regular.ttc', name='Noto Sans CJK JP', style='normal', variant='normal', weight=400, stretch='normal', size='scalable')) = 10.05
DEBUG 2026-06-09 15:36:34 manager.py:1483 findfont: score(FontEntry(fname='/usr/share/fonts/opentype/urw-base35/C059-Italic.otf', name='C059', style='italic', variant='normal', weight=400, stretch='normal', size='scalable')) = 11.05
DEBUG 2026-06-09 15:36:34 manager.py:1483 findfont: score(FontEntry(fname='/usr/share/fonts/truetype/noto/NotoSansPahawhHmong-Regular.ttf', name='Noto Sans Pahawh Hmong', style='normal', variant='normal', weight=400, stretch='normal', size='scalable')) = 10.05
DEBUG 2026-06-09 15:36:34 manager.py:1483 findfont: score(FontEntry(fname='/usr/share/fonts/truetype/noto/NotoSansPhoenician-Regular.ttf', name='Noto Sans Phoenician', style='normal', variant='normal', weight=400, stretch='normal', size='scalable')) = 10.05
DEBUG 2026-06-09 15:36:34 manager.py:1483 findfont: score(FontEntry(fname='/usr/share/fonts/truetype/noto/NotoSansLinearA-Regular.ttf', name='Noto Sans Linear A', style='normal', variant='normal', weight=400, stretch='normal', size='scalable')) = 10.05
DEBUG 2026-06-09 15:36:34 manager.py:1483 findfont: score(FontEntry(fname='/usr/share/fonts/truetype/noto/NotoSansAvestan-Regular.ttf', name='Noto Sans Avestan', style='normal', variant='normal', weight=400, stretch='normal', size='scalable')) = 10.05
DEBUG 2026-06-09 15:36:34 manager.py:1483 findfont: score(FontEntry(fname='/usr/share/fonts/truetype/noto/NotoNaskhArabic-Regular.ttf', name='Noto Naskh Arabic', style='normal', variant='normal', weight=400, stretch='normal', size='scalable')) = 10.05
DEBUG 2026-06-09 15:36:34 manager.py:1483 findfont: score(FontEntry(fname='/usr/share/fonts/truetype/noto/NotoSansPauCinHau-Regular.ttf', name='Noto Sans Pau Cin Hau', style='normal', variant='normal', weight=400, stretch='normal', size='scalable')) = 10.05
DEBUG 2026-06-09 15:36:34 manager.py:1483 findfont: score(FontEntry(fname='/usr/share/fonts/truetype/noto/NotoSansKhmer-Regular.ttf', name='Noto Sans Khmer', style='normal', variant='normal', weight=400, stretch='normal', size='scalable')) = 10.05
DEBUG 2026-06-09 15:36:34 manager.py:1483 findfont: score(FontEntry(fname='/usr/share/fonts/truetype/noto/NotoSansTelugu-Regular.ttf', name='Noto Sans Telugu', style='normal', variant='normal', weight=400, stretch='normal', size='scalable')) = 10.05
DEBUG 2026-06-09 15:36:34 manager.py:1483 findfont: score(FontEntry(fname='/usr/share/fonts/truetype/noto/NotoSansLisu-Bold.ttf', name='Noto Sans Lisu', style='normal', variant='normal', weight=700, stretch='normal', size='scalable')) = 10.335
DEBUG 2026-06-09 15:36:34 manager.py:1483 findfont: score(FontEntry(fname='/usr/share/fonts/truetype/noto/NotoSansLao-Bold.ttf', name='Noto Sans Lao', style='normal', variant='normal', weight=700, stretch='normal', size='scalable')) = 10.335
DEBUG 2026-06-09 15:36:34 manager.py:1483 findfont: score(FontEntry(fname='/usr/share/fonts/truetype/liberation/LiberationSansNarrow-BoldItalic.ttf', name='Liberation Sans Narrow', style='italic', variant='normal', weight=700, stretch='condensed', size='scalable')) = 11.535
DEBUG 2026-06-09 15:36:34 manager.py:1483 findfont: score(FontEntry(fname='/usr/share/fonts/truetype/noto/NotoSansOgham-Regular.ttf', name='Noto Sans Ogham', style='normal', variant='normal', weight=400, stretch='normal', size='scalable')) = 10.05
DEBUG 2026-06-09 15:36:34 manager.py:1483 findfont: score(FontEntry(fname='/usr/share/fonts/opentype/urw-base35/NimbusSans-Italic.otf', name='Nimbus Sans', style='italic', variant='normal', weight=400, stretch='normal', size='scalable')) = 11.05
DEBUG 2026-06-09 15:36:34 manager.py:1483 findfont: score(FontEntry(fname='/usr/share/fonts/truetype/noto/NotoSansKayahLi-Regular.ttf', name='Noto Sans Kayah Li', style='normal', variant='normal', weight=400, stretch='normal', size='scalable')) = 10.05
DEBUG 2026-06-09 15:36:34 manager.py:1483 findfont: score(FontEntry(fname='/usr/share/fonts/truetype/noto/NotoSansGeorgian-Regular.ttf', name='Noto Sans Georgian', style='normal', variant='normal', weight=400, stretch='normal', size='scalable')) = 10.05
DEBUG 2026-06-09 15:36:34 manager.py:1483 findfont: score(FontEntry(fname='/usr/share/fonts/truetype/noto/NotoSerifTangut-Regular.ttf', name='Noto Serif Tangut', style='normal', variant='normal', weight=400, stretch='normal', size='scalable')) = 10.05
DEBUG 2026-06-09 15:36:34 manager.py:1483 findfont: score(FontEntry(fname='/usr/share/fonts/truetype/open-sans/OpenSans-ExtraBold.ttf', name='Open Sans', style='normal', variant='normal', weight=800, stretch='normal', size='scalable')) = 10.43
DEBUG 2026-06-09 15:36:34 manager.py:1483 findfont: score(FontEntry(fname='/usr/share/fonts/truetype/noto/NotoSansMono-Regular.ttf', name='Noto Sans Mono', style='normal', variant='normal', weight=400, stretch='normal', size='scalable')) = 10.05
DEBUG 2026-06-09 15:36:34 manager.py:1483 findfont: score(FontEntry(fname='/usr/share/fonts/truetype/noto/NotoSerifEthiopic-Regular.ttf', name='Noto Serif Ethiopic', style='normal', variant='normal', weight=400, stretch='normal', size='scalable')) = 10.05
DEBUG 2026-06-09 15:36:34 manager.py:1483 findfont: score(FontEntry(fname='/usr/share/fonts/truetype/noto/NotoNastaliqUrdu-Bold.ttf', name='Noto Nastaliq Urdu', style='normal', variant='normal', weight=400, stretch='normal', size='scalable')) = 10.05
DEBUG 2026-06-09 15:36:34 manager.py:1483 findfont: score(FontEntry(fname='/usr/share/fonts/truetype/lato/Lato-HeavyItalic.ttf', name='Lato', style='italic', variant='normal', weight=800, stretch='normal', size='scalable')) = 11.43
DEBUG 2026-06-09 15:36:34 manager.py:1483 findfont: score(FontEntry(fname='/usr/share/fonts/truetype/open-sans/OpenSans-LightItalic.ttf', name='Open Sans', style='italic', variant='normal', weight=300, stretch='normal', size='scalable')) = 11.145
DEBUG 2026-06-09 15:36:34 manager.py:1483 findfont: score(FontEntry(fname='/usr/share/fonts/truetype/noto/NotoSansTirhuta-Regular.ttf', name='Noto Sans Tirhuta', style='normal', variant='normal', weight=400, stretch='normal', size='scalable')) = 10.05
DEBUG 2026-06-09 15:36:34 manager.py:1483 findfont: score(FontEntry(fname='/home/kibub/miniforge3/envs/lerobot/fonts/Ubuntu-M.ttf', name='Ubuntu', style='normal', variant='normal', weight=500, stretch='normal', size='scalable')) = 10.145
DEBUG 2026-06-09 15:36:34 manager.py:1483 findfont: score(FontEntry(fname='/usr/share/fonts/opentype/urw-base35/NimbusSansNarrow-Bold.otf', name='Nimbus Sans Narrow', style='normal', variant='normal', weight=700, stretch='condensed', size='scalable')) = 10.535
DEBUG 2026-06-09 15:36:34 manager.py:1483 findfont: score(FontEntry(fname='/usr/share/fonts/truetype/ubuntu/Ubuntu-Italic[wdth,wght].ttf', name='Ubuntu', style='italic', variant='normal', weight=400, stretch='normal', size='scalable')) = 11.05
DEBUG 2026-06-09 15:36:34 manager.py:1483 findfont: score(FontEntry(fname='/usr/share/fonts/truetype/noto/NotoSansSinhala-Bold.ttf', name='Noto Sans Sinhala', style='normal', variant='normal', weight=700, stretch='normal', size='scalable')) = 10.335
DEBUG 2026-06-09 15:36:34 manager.py:1483 findfont: score(FontEntry(fname='/usr/share/fonts/truetype/ubuntu/Ubuntu-L.ttf', name='Ubuntu', style='normal', variant='normal', weight=400, stretch='normal', size='scalable')) = 10.05
DEBUG 2026-06-09 15:36:34 manager.py:1483 findfont: score(FontEntry(fname='/usr/share/fonts/truetype/ubuntu/UbuntuMono-BI.ttf', name='Ubuntu Mono', style='italic', variant='normal', weight=400, stretch='normal', size='scalable')) = 11.05
DEBUG 2026-06-09 15:36:34 manager.py:1483 findfont: score(FontEntry(fname='/usr/share/fonts/truetype/ubuntu/UbuntuSans-Italic[wdth,wght].ttf', name='Ubuntu Sans', style='italic', variant='normal', weight=400, stretch='normal', size='scalable')) = 11.05
DEBUG 2026-06-09 15:36:34 manager.py:1483 findfont: score(FontEntry(fname='/usr/share/fonts/truetype/noto/NotoSansHanifiRohingya-Bold.ttf', name='Noto Sans Hanifi Rohingya', style='normal', variant='normal', weight=700, stretch='normal', size='scalable')) = 10.335
DEBUG 2026-06-09 15:36:34 manager.py:1483 findfont: score(FontEntry(fname='/usr/share/fonts/opentype/urw-base35/StandardSymbolsPS.otf', name='Standard Symbols PS', style='normal', variant='normal', weight=400, stretch='normal', size='scalable')) = 10.05
DEBUG 2026-06-09 15:36:34 manager.py:1483 findfont: score(FontEntry(fname='/usr/share/fonts/truetype/noto/NotoSansIndicSiyaqNumbers-Regular.ttf', name='Noto Sans Indic Siyaq Numbers', style='normal', variant='normal', weight=400, stretch='normal', size='scalable')) = 10.05
DEBUG 2026-06-09 15:36:34 manager.py:1483 findfont: score(FontEntry(fname='/usr/share/fonts/truetype/noto/NotoSansSiddham-Regular.ttf', name='Noto Sans Siddham', style='normal', variant='normal', weight=400, stretch='normal', size='scalable')) = 10.05
DEBUG 2026-06-09 15:36:34 manager.py:1483 findfont: score(FontEntry(fname='/usr/share/fonts/truetype/liberation/LiberationSerif-Italic.ttf', name='Liberation Serif', style='italic', variant='normal', weight=400, stretch='normal', size='scalable')) = 11.05
DEBUG 2026-06-09 15:36:34 manager.py:1483 findfont: score(FontEntry(fname='/usr/share/fonts/truetype/noto/NotoSansMedefaidrin-Bold.ttf', name='Noto Sans Medefaidrin', style='normal', variant='normal', weight=700, stretch='normal', size='scalable')) = 10.335
DEBUG 2026-06-09 15:36:34 manager.py:1483 findfont: score(FontEntry(fname='/usr/share/fonts/opentype/urw-base35/P052-Roman.otf', name='P052', style='normal', variant='normal', weight=400, stretch='normal', size='scalable')) = 10.05
DEBUG 2026-06-09 15:36:34 manager.py:1483 findfont: score(FontEntry(fname='/home/kibub/miniforge3/envs/lerobot/fonts/Inconsolata-Bold.ttf', name='Inconsolata', style='normal', variant='normal', weight=700, stretch='normal', size='scalable')) = 10.335
DEBUG 2026-06-09 15:36:34 manager.py:1483 findfont: score(FontEntry(fname='/usr/share/fonts/truetype/noto/NotoTraditionalNushu-Regular.ttf', name='Noto Traditional Nushu', style='normal', variant='normal', weight=400, stretch='normal', size='scalable')) = 10.05
DEBUG 2026-06-09 15:36:34 manager.py:1483 findfont: score(FontEntry(fname='/usr/share/fonts/truetype/noto/NotoSansOldSogdian-Regular.ttf', name='Noto Sans Old Sogdian', style='normal', variant='normal', weight=400, stretch='normal', size='scalable')) = 10.05
DEBUG 2026-06-09 15:36:34 manager.py:1483 findfont: score(FontEntry(fname='/usr/share/fonts/truetype/noto/NotoSansDisplay-Bold.ttf', name='Noto Sans Display', style='normal', variant='normal', weight=700, stretch='normal', size='scalable')) = 10.335
DEBUG 2026-06-09 15:36:34 manager.py:1483 findfont: score(FontEntry(fname='/usr/share/fonts/opentype/urw-base35/NimbusSans-BoldItalic.otf', name='Nimbus Sans', style='italic', variant='normal', weight=700, stretch='normal', size='scalable')) = 11.335
DEBUG 2026-06-09 15:36:34 manager.py:1483 findfont: score(FontEntry(fname='/usr/share/fonts/truetype/noto/NotoSansLycian-Regular.ttf', name='Noto Sans Lycian', style='normal', variant='normal', weight=400, stretch='normal', size='scalable')) = 10.05
DEBUG 2026-06-09 15:36:34 manager.py:1483 findfont: score(FontEntry(fname='/usr/share/fonts/truetype/noto/NotoSansShavian-Regular.ttf', name='Noto Sans Shavian', style='normal', variant='normal', weight=400, stretch='normal', size='scalable')) = 10.05
DEBUG 2026-06-09 15:36:34 manager.py:1483 findfont: score(FontEntry(fname='/usr/share/fonts/truetype/noto/NotoSansBalinese-Regular.ttf', name='Noto Sans Balinese', style='normal', variant='normal', weight=400, stretch='normal', size='scalable')) = 10.05
DEBUG 2026-06-09 15:36:34 manager.py:1483 findfont: score(FontEntry(fname='/usr/share/fonts/truetype/lato/Lato-Medium.ttf', name='Lato', style='normal', variant='normal', weight=500, stretch='normal', size='scalable')) = 10.145
DEBUG 2026-06-09 15:36:34 manager.py:1483 findfont: score(FontEntry(fname='/usr/share/fonts/opentype/urw-base35/C059-Roman.otf', name='C059', style='normal', variant='normal', weight=400, stretch='normal', size='scalable')) = 10.05
DEBUG 2026-06-09 15:36:34 manager.py:1483 findfont: score(FontEntry(fname='/usr/share/fonts/truetype/noto/NotoSerifEthiopic-Bold.ttf', name='Noto Serif Ethiopic', style='normal', variant='normal', weight=700, stretch='normal', size='scalable')) = 10.335
DEBUG 2026-06-09 15:36:34 manager.py:1483 findfont: score(FontEntry(fname='/usr/share/fonts/opentype/urw-base35/NimbusSans-Bold.otf', name='Nimbus Sans', style='normal', variant='normal', weight=700, stretch='normal', size='scalable')) = 10.335
DEBUG 2026-06-09 15:36:34 manager.py:1483 findfont: score(FontEntry(fname='/usr/share/fonts/truetype/noto/NotoSansOldItalic-Regular.ttf', name='Noto Sans Old Italic', style='italic', variant='normal', weight=400, stretch='normal', size='scalable')) = 11.05
DEBUG 2026-06-09 15:36:34 manager.py:1483 findfont: score(FontEntry(fname='/usr/share/fonts/truetype/noto/NotoSansTifinaghAhaggar-Regular.ttf', name='Noto Sans Tifinagh Ahaggar', style='normal', variant='normal', weight=400, stretch='normal', size='scalable')) = 10.05
DEBUG 2026-06-09 15:36:34 manager.py:1483 findfont: score(FontEntry(fname='/usr/share/fonts/truetype/noto/NotoSansArabic-Bold.ttf', name='Noto Sans Arabic', style='normal', variant='normal', weight=700, stretch='normal', size='scalable')) = 10.335
DEBUG 2026-06-09 15:36:34 manager.py:1483 findfont: score(FontEntry(fname='/usr/share/fonts/truetype/noto/NotoSansDuployan-Regular.ttf', name='Noto Sans Duployan', style='normal', variant='normal', weight=400, stretch='normal', size='scalable')) = 10.05
DEBUG 2026-06-09 15:36:34 manager.py:1483 findfont: score(FontEntry(fname='/usr/share/fonts/truetype/noto/NotoSansWarangCiti-Regular.ttf', name='Noto Sans Warang Citi', style='normal', variant='normal', weight=400, stretch='normal', size='scalable')) = 10.05
DEBUG 2026-06-09 15:36:34 manager.py:1483 findfont: score(FontEntry(fname='/usr/share/fonts/truetype/noto/NotoSansSundanese-Regular.ttf', name='Noto Sans Sundanese', style='normal', variant='normal', weight=400, stretch='normal', size='scalable')) = 10.05
DEBUG 2026-06-09 15:36:34 manager.py:1483 findfont: score(FontEntry(fname='/usr/share/fonts/truetype/noto/NotoSansSoyombo-Regular.ttf', name='Noto Sans Soyombo', style='normal', variant='normal', weight=400, stretch='normal', size='scalable')) = 10.05
DEBUG 2026-06-09 15:36:34 manager.py:1483 findfont: score(FontEntry(fname='/usr/share/fonts/truetype/noto/NotoSansCarian-Regular.ttf', name='Noto Sans Carian', style='normal', variant='normal', weight=400, stretch='normal', size='scalable')) = 10.05
DEBUG 2026-06-09 15:36:34 manager.py:1483 findfont: score(FontEntry(fname='/usr/share/fonts/truetype/noto/NotoSerifHebrew-Regular.ttf', name='Noto Serif Hebrew', style='normal', variant='normal', weight=400, stretch='normal', size='scalable')) = 10.05
DEBUG 2026-06-09 15:36:34 manager.py:1483 findfont: score(FontEntry(fname='/usr/share/fonts/truetype/noto/NotoSansCanadianAboriginal-Regular.ttf', name='Noto Sans Canadian Aboriginal', style='normal', variant='normal', weight=400, stretch='normal', size='scalable')) = 10.05
DEBUG 2026-06-09 15:36:34 manager.py:1483 findfont: score(FontEntry(fname='/usr/share/fonts/truetype/noto/NotoSans-Italic.ttf', name='Noto Sans', style='italic', variant='normal', weight=400, stretch='normal', size='scalable')) = 11.05
DEBUG 2026-06-09 15:36:34 manager.py:1483 findfont: score(FontEntry(fname='/usr/share/fonts/truetype/noto/NotoSansKharoshthi-Regular.ttf', name='Noto Sans Kharoshthi', style='normal', variant='normal', weight=400, stretch='normal', size='scalable')) = 10.05
DEBUG 2026-06-09 15:36:34 manager.py:1483 findfont: score(FontEntry(fname='/usr/share/fonts/truetype/noto/NotoSerif-Italic.ttf', name='Noto Serif', style='italic', variant='normal', weight=400, stretch='normal', size='scalable')) = 11.05
DEBUG 2026-06-09 15:36:34 manager.py:1483 findfont: score(FontEntry(fname='/usr/share/fonts/truetype/noto/NotoSerifMyanmar-Regular.ttf', name='Noto Serif Myanmar', style='normal', variant='normal', weight=400, stretch='normal', size='scalable')) = 10.05
DEBUG 2026-06-09 15:36:34 manager.py:1483 findfont: score(FontEntry(fname='/usr/share/fonts/truetype/noto/NotoSerifNyiakengPuachueHmong-Regular.ttf', name='Noto Serif Hmong Nyiakeng', style='normal', variant='normal', weight=400, stretch='normal', size='scalable')) = 10.05
DEBUG 2026-06-09 15:36:34 manager.py:1483 findfont: score(FontEntry(fname='/usr/share/fonts/truetype/ubuntu/Ubuntu-B.ttf', name='Ubuntu', style='normal', variant='normal', weight=400, stretch='normal', size='scalable')) = 10.05
DEBUG 2026-06-09 15:36:34 manager.py:1483 findfont: score(FontEntry(fname='/usr/share/fonts/truetype/noto/NotoSerifGeorgian-Regular.ttf', name='Noto Serif Georgian', style='normal', variant='normal', weight=400, stretch='normal', size='scalable')) = 10.05
DEBUG 2026-06-09 15:36:34 manager.py:1483 findfont: score(FontEntry(fname='/usr/share/fonts/truetype/noto/NotoSansTaiTham-Regular.ttf', name='Noto Sans Tai Tham', style='normal', variant='normal', weight=400, stretch='normal', size='scalable')) = 10.05
DEBUG 2026-06-09 15:36:34 manager.py:1483 findfont: score(FontEntry(fname='/usr/share/fonts/truetype/droid/DroidSansFallbackFull.ttf', name='Droid Sans Fallback', style='normal', variant='normal', weight=400, stretch='normal', size='scalable')) = 10.05
DEBUG 2026-06-09 15:36:34 manager.py:1483 findfont: score(FontEntry(fname='/home/kibub/miniforge3/envs/lerobot/fonts/SourceCodePro-ExtraLight.ttf', name='Source Code Pro', style='normal', variant='normal', weight=200, stretch='normal', size='scalable')) = 10.24
DEBUG 2026-06-09 15:36:34 manager.py:1483 findfont: score(FontEntry(fname='/usr/share/fonts/truetype/noto/NotoSansCoptic-Regular.ttf', name='Noto Sans Coptic', style='normal', variant='normal', weight=400, stretch='normal', size='scalable')) = 10.05
DEBUG 2026-06-09 15:36:34 manager.py:1483 findfont: score(FontEntry(fname='/usr/share/fonts/truetype/noto/NotoSansYi-Regular.ttf', name='Noto Sans Yi', style='normal', variant='normal', weight=400, stretch='normal', size='scalable')) = 10.05
DEBUG 2026-06-09 15:36:34 manager.py:1483 findfont: score(FontEntry(fname='/usr/share/fonts/truetype/noto/NotoSansCherokee-Regular.ttf', name='Noto Sans Cherokee', style='normal', variant='normal', weight=400, stretch='normal', size='scalable')) = 10.05
DEBUG 2026-06-09 15:36:34 manager.py:1483 findfont: score(FontEntry(fname='/usr/share/fonts/truetype/lato/Lato-BlackItalic.ttf', name='Lato', style='italic', variant='normal', weight=900, stretch='normal', size='scalable')) = 11.525
DEBUG 2026-06-09 15:36:34 manager.py:1483 findfont: score(FontEntry(fname='/usr/share/fonts/truetype/noto/NotoSansMalayalam-Bold.ttf', name='Noto Sans Malayalam', style='normal', variant='normal', weight=700, stretch='normal', size='scalable')) = 10.335
DEBUG 2026-06-09 15:36:34 manager.py:1483 findfont: score(FontEntry(fname='/home/kibub/miniforge3/envs/lerobot/fonts/Inconsolata-Regular.ttf', name='Inconsolata', style='normal', variant='normal', weight=400, stretch='normal', size='scalable')) = 10.05
DEBUG 2026-06-09 15:36:34 manager.py:1483 findfont: score(FontEntry(fname='/usr/share/fonts/opentype/urw-base35/NimbusSansNarrow-Regular.otf', name='Nimbus Sans Narrow', style='normal', variant='normal', weight=400, stretch='condensed', size='scalable')) = 10.25
DEBUG 2026-06-09 15:36:34 manager.py:1483 findfont: score(FontEntry(fname='/usr/share/fonts/truetype/noto/NotoSansGurmukhi-Regular.ttf', name='Noto Sans Gurmukhi', style='normal', variant='normal', weight=400, stretch='normal', size='scalable')) = 10.05
DEBUG 2026-06-09 15:36:34 manager.py:1483 findfont: score(FontEntry(fname='/home/kibub/miniforge3/envs/lerobot/fonts/Ubuntu-L.ttf', name='Ubuntu', style='normal', variant='normal', weight=300, stretch='normal', size='scalable')) = 10.145
DEBUG 2026-06-09 15:36:34 manager.py:1483 findfont: score(FontEntry(fname='/usr/share/fonts/truetype/noto/NotoSansBamum-Regular.ttf', name='Noto Sans Bamum', style='normal', variant='normal', weight=400, stretch='normal', size='scalable')) = 10.05
DEBUG 2026-06-09 15:36:34 manager.py:1483 findfont: score(FontEntry(fname='/usr/share/fonts/truetype/noto/NotoSerifTamil-Bold.ttf', name='Noto Serif Tamil', style='normal', variant='normal', weight=700, stretch='normal', size='scalable')) = 10.335
DEBUG 2026-06-09 15:36:34 manager.py:1483 findfont: score(FontEntry(fname='/usr/share/fonts/truetype/noto/NotoSansTifinaghGhat-Regular.ttf', name='Noto Sans Tifinagh Ghat', style='normal', variant='normal', weight=400, stretch='normal', size='scalable')) = 10.05
DEBUG 2026-06-09 15:36:34 manager.py:1483 findfont: score(FontEntry(fname='/usr/share/fonts/truetype/liberation/LiberationSansNarrow-Italic.ttf', name='Liberation Sans Narrow', style='italic', variant='normal', weight=400, stretch='condensed', size='scalable')) = 11.25
DEBUG 2026-06-09 15:36:34 manager.py:1483 findfont: score(FontEntry(fname='/usr/share/fonts/truetype/noto/NotoSerifGeorgian-Bold.ttf', name='Noto Serif Georgian', style='normal', variant='normal', weight=700, stretch='normal', size='scalable')) = 10.335
DEBUG 2026-06-09 15:36:34 manager.py:1483 findfont: score(FontEntry(fname='/usr/share/fonts/truetype/noto/NotoSansSyriac-Regular.ttf', name='Noto Sans Syriac', style='normal', variant='normal', weight=400, stretch='normal', size='scalable')) = 10.05
DEBUG 2026-06-09 15:36:34 manager.py:1483 findfont: score(FontEntry(fname='/usr/share/fonts/truetype/noto/NotoSerifGurmukhi-Bold.ttf', name='Noto Serif Gurmukhi', style='normal', variant='normal', weight=700, stretch='normal', size='scalable')) = 10.335
DEBUG 2026-06-09 15:36:34 manager.py:1483 findfont: score(FontEntry(fname='/usr/share/fonts/opentype/urw-base35/URWGothic-Demi.otf', name='URW Gothic', style='normal', variant='normal', weight=600, stretch='normal', size='scalable')) = 10.24
DEBUG 2026-06-09 15:36:34 manager.py:1483 findfont: score(FontEntry(fname='/usr/share/fonts/truetype/open-sans/OpenSans-Bold.ttf', name='Open Sans', style='normal', variant='normal', weight=700, stretch='normal', size='scalable')) = 10.335
DEBUG 2026-06-09 15:36:34 manager.py:1483 findfont: score(FontEntry(fname='/usr/share/fonts/truetype/noto/NotoSansOlChiki-Regular.ttf', name='Noto Sans Ol Chiki', style='normal', variant='normal', weight=400, stretch='normal', size='scalable')) = 10.05
DEBUG 2026-06-09 15:36:34 manager.py:1483 findfont: score(FontEntry(fname='/usr/share/fonts/truetype/noto/NotoSansJavanese-Regular.ttf', name='Noto Sans Javanese', style='normal', variant='normal', weight=400, stretch='normal', size='scalable')) = 10.05
DEBUG 2026-06-09 15:36:34 manager.py:1483 findfont: score(FontEntry(fname='/usr/share/fonts/truetype/noto/NotoSansMeeteiMayek-Bold.ttf', name='Noto Sans Meetei Mayek', style='normal', variant='normal', weight=700, stretch='normal', size='scalable')) = 10.335
DEBUG 2026-06-09 15:36:34 manager.py:1483 findfont: score(FontEntry(fname='/usr/share/fonts/truetype/noto/NotoSansBatak-Regular.ttf', name='Noto Sans Batak', style='normal', variant='normal', weight=400, stretch='normal', size='scalable')) = 10.05
DEBUG 2026-06-09 15:36:34 manager.py:1483 findfont: score(FontEntry(fname='/usr/share/fonts/truetype/noto/NotoMusic-Regular.ttf', name='Noto Music', style='normal', variant='normal', weight=400, stretch='normal', size='scalable')) = 10.05
DEBUG 2026-06-09 15:36:34 manager.py:1483 findfont: score(FontEntry(fname='/usr/share/fonts/truetype/noto/NotoRashiHebrew-Regular.ttf', name='Noto Rashi Hebrew', style='normal', variant='normal', weight=400, stretch='normal', size='scalable')) = 10.05
DEBUG 2026-06-09 15:36:34 manager.py:1483 findfont: score(FontEntry(fname='/usr/share/fonts/truetype/lato/Lato-Heavy.ttf', name='Lato', style='normal', variant='normal', weight=800, stretch='normal', size='scalable')) = 10.43
DEBUG 2026-06-09 15:36:34 manager.py:1483 findfont: score(FontEntry(fname='/usr/share/fonts/truetype/ubuntu/Ubuntu-C.ttf', name='Ubuntu', style='normal', variant='normal', weight=400, stretch='normal', size='scalable')) = 10.05
DEBUG 2026-06-09 15:36:34 manager.py:1483 findfont: score(FontEntry(fname='/home/kibub/miniforge3/envs/lerobot/fonts/UbuntuMono-RI.ttf', name='Ubuntu Mono', style='italic', variant='normal', weight=400, stretch='normal', size='scalable')) = 11.05
DEBUG 2026-06-09 15:36:34 manager.py:1483 findfont: score(FontEntry(fname='/usr/share/fonts/truetype/noto/NotoSansMro-Regular.ttf', name='Noto Sans Mro', style='normal', variant='normal', weight=400, stretch='normal', size='scalable')) = 10.05
DEBUG 2026-06-09 15:36:34 manager.py:1483 findfont: score(FontEntry(fname='/usr/share/fonts/truetype/noto/NotoSerifDisplay-BoldItalic.ttf', name='Noto Serif Display', style='italic', variant='normal', weight=700, stretch='normal', size='scalable')) = 11.335
DEBUG 2026-06-09 15:36:34 manager.py:1483 findfont: score(FontEntry(fname='/usr/share/fonts/truetype/noto/NotoSansMayanNumerals-Regular.ttf', name='Noto Sans Mayan Numerals', style='normal', variant='normal', weight=400, stretch='normal', size='scalable')) = 10.05
DEBUG 2026-06-09 15:36:34 manager.py:1483 findfont: score(FontEntry(fname='/usr/share/fonts/opentype/urw-base35/URWBookman-Light.otf', name='URW Bookman', style='normal', variant='normal', weight=300, stretch='normal', size='scalable')) = 10.145
DEBUG 2026-06-09 15:36:34 manager.py:1483 findfont: score(FontEntry(fname='/usr/share/fonts/truetype/noto/NotoSansSharada-Regular.ttf', name='Noto Sans Sharada', style='normal', variant='normal', weight=400, stretch='normal', size='scalable')) = 10.05
DEBUG 2026-06-09 15:36:34 manager.py:1483 findfont: score(FontEntry(fname='/usr/share/fonts/truetype/lato/Lato-HairlineItalic.ttf', name='Lato', style='italic', variant='normal', weight=250, stretch='normal', size='scalable')) = 11.1925
DEBUG 2026-06-09 15:36:34 manager.py:1483 findfont: score(FontEntry(fname='/usr/share/fonts/opentype/urw-base35/C059-BdIta.otf', name='C059', style='italic', variant='normal', weight=700, stretch='normal', size='scalable')) = 11.335
DEBUG 2026-06-09 15:36:34 manager.py:1483 findfont: score(FontEntry(fname='/usr/share/fonts/truetype/noto/NotoSansOldSouthArabian-Regular.ttf', name='Noto Sans Old South Arabian', style='normal', variant='normal', weight=400, stretch='normal', size='scalable')) = 10.05
DEBUG 2026-06-09 15:36:34 manager.py:1483 findfont: score(FontEntry(fname='/usr/share/fonts/truetype/noto/NotoSerifTamilSlanted-Bold.ttf', name='Noto Serif Tamil Slanted', style='normal', variant='normal', weight=700, stretch='normal', size='scalable')) = 10.335
DEBUG 2026-06-09 15:36:34 manager.py:1483 findfont: score(FontEntry(fname='/home/kibub/miniforge3/envs/lerobot/fonts/Ubuntu-MI.ttf', name='Ubuntu', style='italic', variant='normal', weight=500, stretch='normal', size='scalable')) = 11.145
DEBUG 2026-06-09 15:36:34 manager.py:1483 findfont: score(FontEntry(fname='/usr/share/fonts/truetype/noto/NotoSansNewa-Regular.ttf', name='Noto Sans Newa', style='normal', variant='normal', weight=400, stretch='normal', size='scalable')) = 10.05
DEBUG 2026-06-09 15:36:34 manager.py:1483 findfont: score(FontEntry(fname='/usr/share/fonts/opentype/urw-base35/NimbusRoman-Bold.otf', name='Nimbus Roman', style='normal', variant='normal', weight=700, stretch='normal', size='scalable')) = 10.335
DEBUG 2026-06-09 15:36:34 manager.py:1483 findfont: score(FontEntry(fname='/usr/share/fonts/truetype/noto/NotoSansBamum-Bold.ttf', name='Noto Sans Bamum', style='normal', variant='normal', weight=700, stretch='normal', size='scalable')) = 10.335
DEBUG 2026-06-09 15:36:34 manager.py:1483 findfont: score(FontEntry(fname='/usr/share/fonts/truetype/noto/NotoLoopedLao-Bold.ttf', name='Noto Looped Lao', style='normal', variant='normal', weight=700, stretch='normal', size='scalable')) = 10.335
DEBUG 2026-06-09 15:36:34 manager.py:1483 findfont: score(FontEntry(fname='/usr/share/fonts/truetype/noto/NotoSansDevanagari-Regular.ttf', name='Noto Sans Devanagari', style='normal', variant='normal', weight=400, stretch='normal', size='scalable')) = 10.05
DEBUG 2026-06-09 15:36:34 manager.py:1483 findfont: score(FontEntry(fname='/usr/share/fonts/truetype/ubuntu/UbuntuSansMono[wght].ttf', name='Ubuntu Sans Mono', style='normal', variant='normal', weight=400, stretch='normal', size='scalable')) = 10.05
DEBUG 2026-06-09 15:36:34 manager.py:1483 findfont: score(FontEntry(fname='/usr/share/fonts/truetype/noto/NotoSansMyanmar-Bold.ttf', name='Noto Sans Myanmar', style='normal', variant='normal', weight=700, stretch='normal', size='scalable')) = 10.335
DEBUG 2026-06-09 15:36:34 manager.py:1483 findfont: score(FontEntry(fname='/usr/share/fonts/opentype/urw-base35/NimbusSans-Regular.otf', name='Nimbus Sans', style='normal', variant='normal', weight=400, stretch='normal', size='scalable')) = 10.05
DEBUG 2026-06-09 15:36:34 manager.py:1483 findfont: score(FontEntry(fname='/usr/share/fonts/truetype/noto/NotoSansTifinaghAPT-Regular.ttf', name='Noto Sans Tifinagh APT', style='normal', variant='normal', weight=400, stretch='normal', size='scalable')) = 10.05
DEBUG 2026-06-09 15:36:34 manager.py:1483 findfont: score(FontEntry(fname='/usr/share/fonts/truetype/noto/NotoSansVai-Regular.ttf', name='Noto Sans Vai', style='normal', variant='normal', weight=400, stretch='normal', size='scalable')) = 10.05
DEBUG 2026-06-09 15:36:34 manager.py:1483 findfont: score(FontEntry(fname='/usr/share/fonts/truetype/noto/NotoSansAnatolianHieroglyphs-Regular.ttf', name='Noto Sans Anatolian Hieroglyphs', style='normal', variant='normal', weight=400, stretch='normal', size='scalable')) = 10.05
DEBUG 2026-06-09 15:36:34 manager.py:1483 findfont: score(FontEntry(fname='/usr/share/fonts/truetype/noto/NotoSansCaucasianAlbanian-Regular.ttf', name='Noto Sans Caucasian Albanian', style='normal', variant='normal', weight=400, stretch='normal', size='scalable')) = 10.05
DEBUG 2026-06-09 15:36:34 manager.py:1483 findfont: score(FontEntry(fname='/usr/share/fonts/truetype/noto/NotoSansTifinaghHawad-Regular.ttf', name='Noto Sans Tifinagh Hawad', style='normal', variant='normal', weight=400, stretch='normal', size='scalable')) = 10.05
DEBUG 2026-06-09 15:36:34 manager.py:1483 findfont: score(FontEntry(fname='/usr/share/fonts/truetype/noto/NotoSansBrahmi-Regular.ttf', name='Noto Sans Brahmi', style='normal', variant='normal', weight=400, stretch='normal', size='scalable')) = 10.05
DEBUG 2026-06-09 15:36:34 manager.py:1483 findfont: score(FontEntry(fname='/usr/share/fonts/truetype/noto/NotoSerif-BoldItalic.ttf', name='Noto Serif', style='italic', variant='normal', weight=700, stretch='normal', size='scalable')) = 11.335
DEBUG 2026-06-09 15:36:34 manager.py:1483 findfont: score(FontEntry(fname='/usr/share/fonts/truetype/noto/NotoSansMasaramGondi-Regular.ttf', name='Noto Sans Masaram Gondi', style='normal', variant='normal', weight=400, stretch='normal', size='scalable')) = 10.05
DEBUG 2026-06-09 15:36:34 manager.py:1483 findfont: score(FontEntry(fname='/usr/share/fonts/truetype/noto/NotoSansSoraSompeng-Regular.ttf', name='Noto Sans Sora Sompeng', style='normal', variant='normal', weight=400, stretch='normal', size='scalable')) = 10.05
DEBUG 2026-06-09 15:36:34 manager.py:1483 findfont: score(FontEntry(fname='/usr/share/fonts/truetype/ubuntu/UbuntuMono[wght].ttf', name='Ubuntu Mono', style='normal', variant='normal', weight=400, stretch='normal', size='scalable')) = 10.05
DEBUG 2026-06-09 15:36:34 manager.py:1483 findfont: score(FontEntry(fname='/usr/share/fonts/truetype/noto/NotoSerifKhmer-Bold.ttf', name='Noto Serif Khmer', style='normal', variant='normal', weight=700, stretch='normal', size='scalable')) = 10.335
DEBUG 2026-06-09 15:36:34 manager.py:1483 findfont: score(FontEntry(fname='/usr/share/fonts/truetype/noto/NotoSerifDevanagari-Bold.ttf', name='Noto Serif Devanagari', style='normal', variant='normal', weight=700, stretch='normal', size='scalable')) = 10.335
DEBUG 2026-06-09 15:36:34 manager.py:1483 findfont: score(FontEntry(fname='/usr/share/fonts/opentype/urw-base35/URWGothic-DemiOblique.otf', name='URW Gothic', style='oblique', variant='normal', weight=600, stretch='normal', size='scalable')) = 11.24
DEBUG 2026-06-09 15:36:34 manager.py:1483 findfont: score(FontEntry(fname='/usr/share/fonts/truetype/noto/NotoSansRejang-Regular.ttf', name='Noto Sans Rejang', style='normal', variant='normal', weight=400, stretch='normal', size='scalable')) = 10.05
DEBUG 2026-06-09 15:36:34 manager.py:1483 findfont: score(FontEntry(fname='/usr/share/fonts/opentype/urw-base35/Z003-MediumItalic.otf', name='Z003', style='italic', variant='normal', weight=500, stretch='normal', size='scalable')) = 11.145
DEBUG 2026-06-09 15:36:34 manager.py:1483 findfont: score(FontEntry(fname='/usr/share/fonts/truetype/noto/NotoSerifTamilSlanted-Regular.ttf', name='Noto Serif Tamil Slanted', style='normal', variant='normal', weight=400, stretch='normal', size='scalable')) = 10.05
DEBUG 2026-06-09 15:36:34 manager.py:1483 findfont: score(FontEntry(fname='/usr/share/fonts/truetype/noto/NotoSerifKhojki-Bold.ttf', name='Noto Serif Khojki', style='normal', variant='normal', weight=700, stretch='normal', size='scalable')) = 10.335
DEBUG 2026-06-09 15:36:34 manager.py:1483 findfont: score(FontEntry(fname='/usr/share/fonts/truetype/lato/Lato-LightItalic.ttf', name='Lato', style='italic', variant='normal', weight=300, stretch='normal', size='scalable')) = 11.145
DEBUG 2026-06-09 15:36:34 manager.py:1483 findfont: score(FontEntry(fname='/usr/share/fonts/truetype/noto/NotoNastaliqUrdu-Regular.ttf', name='Noto Nastaliq Urdu', style='normal', variant='normal', weight=400, stretch='normal', size='scalable')) = 10.05
DEBUG 2026-06-09 15:36:34 manager.py:1483 findfont: score(FontEntry(fname='/usr/share/fonts/opentype/urw-base35/NimbusMonoPS-Bold.otf', name='Nimbus Mono PS', style='normal', variant='normal', weight=700, stretch='normal', size='scalable')) = 10.335
DEBUG 2026-06-09 15:36:34 manager.py:1483 findfont: score(FontEntry(fname='/usr/share/fonts/truetype/noto/NotoSansElymaic-Regular.ttf', name='Noto Sans Elymaic', style='normal', variant='normal', weight=400, stretch='normal', size='scalable')) = 10.05
DEBUG 2026-06-09 15:36:34 manager.py:1483 findfont: score(FontEntry(fname='/home/kibub/miniforge3/envs/lerobot/fonts/SourceCodePro-It.ttf', name='Source Code Pro', style='italic', variant='normal', weight=400, stretch='normal', size='scalable')) = 11.05
DEBUG 2026-06-09 15:36:34 manager.py:1483 findfont: score(FontEntry(fname='/usr/share/fonts/truetype/noto/NotoSansSaurashtra-Regular.ttf', name='Noto Sans Saurashtra', style='normal', variant='normal', weight=400, stretch='normal', size='scalable')) = 10.05
DEBUG 2026-06-09 15:36:34 manager.py:1483 findfont: score(FontEntry(fname='/usr/share/fonts/truetype/noto/NotoSansTaiViet-Regular.ttf', name='Noto Sans Tai Viet', style='normal', variant='normal', weight=400, stretch='normal', size='scalable')) = 10.05
DEBUG 2026-06-09 15:36:34 manager.py:1483 findfont: score(FontEntry(fname='/usr/share/fonts/truetype/ubuntu/Ubuntu-M.ttf', name='Ubuntu', style='normal', variant='normal', weight=400, stretch='normal', size='scalable')) = 10.05
DEBUG 2026-06-09 15:36:34 manager.py:1483 findfont: score(FontEntry(fname='/usr/share/fonts/opentype/urw-base35/URWBookman-Demi.otf', name='URW Bookman', style='normal', variant='normal', weight=600, stretch='normal', size='scalable')) = 10.24
DEBUG 2026-06-09 15:36:34 manager.py:1483 findfont: score(FontEntry(fname='/usr/share/fonts/truetype/open-sans/OpenSans-CondBold.ttf', name='Open Sans Condensed', style='normal', variant='normal', weight=700, stretch='condensed', size='scalable')) = 10.535
DEBUG 2026-06-09 15:36:34 manager.py:1483 findfont: score(FontEntry(fname='/usr/share/fonts/truetype/noto/NotoSansSymbols-Bold.ttf', name='Noto Sans Symbols', style='normal', variant='normal', weight=700, stretch='normal', size='scalable')) = 10.335
DEBUG 2026-06-09 15:36:34 manager.py:1483 findfont: score(FontEntry(fname='/usr/share/fonts/truetype/noto/NotoSansKannada-Regular.ttf', name='Noto Sans Kannada', style='normal', variant='normal', weight=400, stretch='normal', size='scalable')) = 10.05
DEBUG 2026-06-09 15:36:34 manager.py:1483 findfont: score(FontEntry(fname='/usr/share/fonts/truetype/noto/NotoSansModi-Regular.ttf', name='Noto Sans Modi', style='normal', variant='normal', weight=400, stretch='normal', size='scalable')) = 10.05
DEBUG 2026-06-09 15:36:34 manager.py:1483 findfont: score(FontEntry(fname='/usr/share/fonts/truetype/noto/NotoSansMiao-Regular.ttf', name='Noto Sans Miao', style='normal', variant='normal', weight=400, stretch='normal', size='scalable')) = 10.05
DEBUG 2026-06-09 15:36:34 manager.py:1483 findfont: score(FontEntry(fname='/usr/share/fonts/truetype/noto/NotoNaskhArabic-Bold.ttf', name='Noto Naskh Arabic', style='normal', variant='normal', weight=700, stretch='normal', size='scalable')) = 10.335
DEBUG 2026-06-09 15:36:34 manager.py:1483 findfont: score(FontEntry(fname='/usr/share/fonts/truetype/noto/NotoSerifNyiakengPuachueHmong-Bold.ttf', name='Noto Serif Hmong Nyiakeng', style='normal', variant='normal', weight=700, stretch='normal', size='scalable')) = 10.335
DEBUG 2026-06-09 15:36:34 manager.py:1483 findfont: score(FontEntry(fname='/usr/share/fonts/truetype/noto/NotoSansArmenian-Bold.ttf', name='Noto Sans Armenian', style='normal', variant='normal', weight=700, stretch='normal', size='scalable')) = 10.335
DEBUG 2026-06-09 15:36:34 manager.py:1483 findfont: score(FontEntry(fname='/usr/share/fonts/truetype/noto/NotoSansBassaVah-Regular.ttf', name='Noto Sans Bassa Vah', style='normal', variant='normal', weight=400, stretch='normal', size='scalable')) = 10.05
DEBUG 2026-06-09 15:36:34 manager.py:1483 findfont: score(FontEntry(fname='/usr/share/fonts/truetype/noto/NotoSansMyanmar-Regular.ttf', name='Noto Sans Myanmar', style='normal', variant='normal', weight=400, stretch='normal', size='scalable')) = 10.05
DEBUG 2026-06-09 15:36:34 manager.py:1483 findfont: score(FontEntry(fname='/usr/share/fonts/opentype/urw-base35/NimbusSansNarrow-BoldOblique.otf', name='Nimbus Sans Narrow', style='oblique', variant='normal', weight=700, stretch='condensed', size='scalable')) = 11.535
DEBUG 2026-06-09 15:36:34 manager.py:1483 findfont: score(FontEntry(fname='/usr/share/fonts/truetype/liberation/LiberationSansNarrow-Bold.ttf', name='Liberation Sans Narrow', style='normal', variant='normal', weight=700, stretch='condensed', size='scalable')) = 10.535
DEBUG 2026-06-09 15:36:34 manager.py:1483 findfont: score(FontEntry(fname='/usr/share/fonts/truetype/noto/NotoSansMeeteiMayek-Regular.ttf', name='Noto Sans Meetei Mayek', style='normal', variant='normal', weight=400, stretch='normal', size='scalable')) = 10.05
DEBUG 2026-06-09 15:36:34 manager.py:1483 findfont: score(FontEntry(fname='/usr/share/fonts/truetype/noto/NotoSansKaithi-Regular.ttf', name='Noto Sans Kaithi', style='normal', variant='normal', weight=400, stretch='normal', size='scalable')) = 10.05
DEBUG 2026-06-09 15:36:34 manager.py:1483 findfont: score(FontEntry(fname='/usr/share/fonts/truetype/noto/NotoSerifGurmukhi-Regular.ttf', name='Noto Serif Gurmukhi', style='normal', variant='normal', weight=400, stretch='normal', size='scalable')) = 10.05
DEBUG 2026-06-09 15:36:34 manager.py:1483 findfont: score(FontEntry(fname='/usr/share/fonts/truetype/liberation/LiberationMono-Bold.ttf', name='Liberation Mono', style='normal', variant='normal', weight=700, stretch='normal', size='scalable')) = 10.335
DEBUG 2026-06-09 15:36:34 manager.py:1483 findfont: score(FontEntry(fname='/home/kibub/miniforge3/envs/lerobot/fonts/SourceCodePro-Black.ttf', name='Source Code Pro', style='normal', variant='normal', weight=900, stretch='normal', size='scalable')) = 10.525
DEBUG 2026-06-09 15:36:34 manager.py:1483 findfont: score(FontEntry(fname='/usr/share/fonts/truetype/noto/NotoSerifBalinese-Regular.ttf', name='Noto Serif Balinese', style='normal', variant='normal', weight=400, stretch='normal', size='scalable')) = 10.05
DEBUG 2026-06-09 15:36:34 manager.py:1483 findfont: score(FontEntry(fname='/usr/share/fonts/truetype/noto/NotoRashiHebrew-Bold.ttf', name='Noto Rashi Hebrew', style='normal', variant='normal', weight=700, stretch='normal', size='scalable')) = 10.335
DEBUG 2026-06-09 15:36:34 manager.py:1483 findfont: score(FontEntry(fname='/usr/share/fonts/truetype/noto/NotoSerif-Regular.ttf', name='Noto Serif', style='normal', variant='normal', weight=400, stretch='normal', size='scalable')) = 10.05
DEBUG 2026-06-09 15:36:34 manager.py:1483 findfont: score(FontEntry(fname='/usr/share/fonts/truetype/noto/NotoSansTamilSupplement-Regular.ttf', name='Noto Sans Tamil Supplement', style='normal', variant='normal', weight=400, stretch='normal', size='scalable')) = 10.05
DEBUG 2026-06-09 15:36:34 manager.py:1483 findfont: score(FontEntry(fname='/usr/share/fonts/truetype/lato/Lato-Italic.ttf', name='Lato', style='italic', variant='normal', weight=400, stretch='normal', size='scalable')) = 11.05
DEBUG 2026-06-09 15:36:34 manager.py:1483 findfont: score(FontEntry(fname='/home/kibub/miniforge3/envs/lerobot/fonts/SourceCodePro-SemiboldIt.ttf', name='Source Code Pro', style='italic', variant='normal', weight=600, stretch='normal', size='scalable')) = 11.24
DEBUG 2026-06-09 15:36:34 manager.py:1483 findfont: score(FontEntry(fname='/usr/share/fonts/truetype/lato/Lato-MediumItalic.ttf', name='Lato', style='italic', variant='normal', weight=500, stretch='normal', size='scalable')) = 11.145
DEBUG 2026-06-09 15:36:34 manager.py:1483 findfont: score(FontEntry(fname='/home/kibub/miniforge3/envs/lerobot/fonts/Ubuntu-LI.ttf', name='Ubuntu', style='italic', variant='normal', weight=300, stretch='normal', size='scalable')) = 11.145
DEBUG 2026-06-09 15:36:34 manager.py:1483 findfont: score(FontEntry(fname='/usr/share/fonts/truetype/noto/NotoSansGothic-Regular.ttf', name='Noto Sans Gothic', style='normal', variant='normal', weight=400, stretch='normal', size='scalable')) = 10.05
DEBUG 2026-06-09 15:36:34 manager.py:1483 findfont: score(FontEntry(fname='/usr/share/fonts/truetype/noto/NotoSansMongolian-Regular.ttf', name='Noto Sans Mongolian', style='normal', variant='normal', weight=400, stretch='normal', size='scalable')) = 10.05
DEBUG 2026-06-09 15:36:34 manager.py:1483 findfont: score(FontEntry(fname='/usr/share/fonts/opentype/urw-base35/URWGothic-BookOblique.otf', name='URW Gothic', style='oblique', variant='normal', weight=400, stretch='normal', size='scalable')) = 11.05
DEBUG 2026-06-09 15:36:34 manager.py:1483 findfont: score(FontEntry(fname='/home/kibub/miniforge3/envs/lerobot/fonts/UbuntuMono-BI.ttf', name='Ubuntu Mono', style='italic', variant='normal', weight=700, stretch='normal', size='scalable')) = 11.335
DEBUG 2026-06-09 15:36:34 manager.py:1483 findfont: score(FontEntry(fname='/usr/share/fonts/truetype/noto/NotoSansGrantha-Regular.ttf', name='Noto Sans Grantha', style='normal', variant='normal', weight=400, stretch='normal', size='scalable')) = 10.05
DEBUG 2026-06-09 15:36:34 manager.py:1483 findfont: score(FontEntry(fname='/usr/share/fonts/truetype/noto/NotoSansHanunoo-Regular.ttf', name='Noto Sans Hanunoo', style='normal', variant='normal', weight=400, stretch='normal', size='scalable')) = 10.05
DEBUG 2026-06-09 15:36:34 manager.py:1483 findfont: score(FontEntry(fname='/usr/share/fonts/truetype/noto/NotoSansDisplay-BoldItalic.ttf', name='Noto Sans Display', style='italic', variant='normal', weight=700, stretch='normal', size='scalable')) = 11.335
DEBUG 2026-06-09 15:36:34 manager.py:1483 findfont: score(FontEntry(fname='/usr/share/fonts/truetype/noto/NotoSerifThai-Bold.ttf', name='Noto Serif Thai', style='normal', variant='normal', weight=700, stretch='normal', size='scalable')) = 10.335
DEBUG 2026-06-09 15:36:34 manager.py:1483 findfont: score(FontEntry(fname='/usr/share/fonts/truetype/dejavu/DejaVuSans-Bold.ttf', name='DejaVu Sans', style='normal', variant='normal', weight=700, stretch='normal', size='scalable')) = 0.33499999999999996
DEBUG 2026-06-09 15:36:34 manager.py:1483 findfont: score(FontEntry(fname='/usr/share/fonts/truetype/noto/NotoSansUgaritic-Regular.ttf', name='Noto Sans Ugaritic', style='normal', variant='normal', weight=400, stretch='normal', size='scalable')) = 10.05
DEBUG 2026-06-09 15:36:34 manager.py:1483 findfont: score(FontEntry(fname='/usr/share/fonts/truetype/noto/NotoSerifTibetan-Regular.ttf', name='Noto Serif Tibetan', style='normal', variant='normal', weight=400, stretch='normal', size='scalable')) = 10.05
DEBUG 2026-06-09 15:36:34 manager.py:1483 findfont: score(FontEntry(fname='/usr/share/fonts/truetype/noto/NotoSansOldHungarian-Regular.ttf', name='Noto Sans Old Hungarian', style='normal', variant='normal', weight=400, stretch='normal', size='scalable')) = 10.05
DEBUG 2026-06-09 15:36:34 manager.py:1483 findfont: score(FontEntry(fname='/usr/share/fonts/truetype/noto/NotoSansOldNorthArabian-Regular.ttf', name='Noto Sans Old North Arabian', style='normal', variant='normal', weight=400, stretch='normal', size='scalable')) = 10.05
DEBUG 2026-06-09 15:36:34 manager.py:1483 findfont: score(FontEntry(fname='/usr/share/fonts/truetype/liberation/LiberationSans-BoldItalic.ttf', name='Liberation Sans', style='italic', variant='normal', weight=700, stretch='normal', size='scalable')) = 11.335
DEBUG 2026-06-09 15:36:34 manager.py:1483 findfont: score(FontEntry(fname='/usr/share/fonts/truetype/noto/NotoSansArabic-Regular.ttf', name='Noto Sans Arabic', style='normal', variant='normal', weight=400, stretch='normal', size='scalable')) = 10.05
DEBUG 2026-06-09 15:36:34 manager.py:1483 findfont: score(FontEntry(fname='/usr/share/fonts/truetype/noto/NotoSansSymbols2-Regular.ttf', name='Noto Sans Symbols2', style='normal', variant='normal', weight=400, stretch='normal', size='scalable')) = 10.05
DEBUG 2026-06-09 15:36:34 manager.py:1483 findfont: score(FontEntry(fname='/usr/share/fonts/truetype/open-sans/OpenSans-Regular.ttf', name='Open Sans', style='normal', variant='normal', weight=400, stretch='normal', size='scalable')) = 10.05
DEBUG 2026-06-09 15:36:34 manager.py:1483 findfont: score(FontEntry(fname='/usr/share/fonts/truetype/noto/NotoSansEthiopic-Bold.ttf', name='Noto Sans Ethiopic', style='normal', variant='normal', weight=700, stretch='normal', size='scalable')) = 10.335
DEBUG 2026-06-09 15:36:34 manager.py:1483 findfont: score(FontEntry(fname='/usr/share/fonts/truetype/liberation/LiberationMono-Regular.ttf', name='Liberation Mono', style='normal', variant='normal', weight=400, stretch='normal', size='scalable')) = 10.05
DEBUG 2026-06-09 15:36:34 manager.py:1483 findfont: score(FontEntry(fname='/usr/share/fonts/truetype/noto/NotoSansElbasan-Regular.ttf', name='Noto Sans Elbasan', style='normal', variant='normal', weight=400, stretch='normal', size='scalable')) = 10.05
DEBUG 2026-06-09 15:36:34 manager.py:1483 findfont: score(FontEntry(fname='/usr/share/fonts/truetype/noto/NotoSansMeroitic-Regular.ttf', name='Noto Sans Meroitic', style='normal', variant='normal', weight=400, stretch='normal', size='scalable')) = 10.05
DEBUG 2026-06-09 15:36:34 manager.py:1483 findfont: score(FontEntry(fname='/usr/share/fonts/truetype/noto/NotoSerifBengali-Regular.ttf', name='Noto Serif Bengali', style='normal', variant='normal', weight=400, stretch='normal', size='scalable')) = 10.05
DEBUG 2026-06-09 15:36:34 manager.py:1483 findfont: score(FontEntry(fname='/usr/share/fonts/truetype/noto/NotoSerifSinhala-Regular.ttf', name='Noto Serif Sinhala', style='normal', variant='normal', weight=400, stretch='normal', size='scalable')) = 10.05
DEBUG 2026-06-09 15:36:34 manager.py:1483 findfont: score(FontEntry(fname='/usr/share/fonts/opentype/urw-base35/NimbusMonoPS-Regular.otf', name='Nimbus Mono PS', style='normal', variant='normal', weight=400, stretch='normal', size='scalable')) = 10.05
DEBUG 2026-06-09 15:36:34 manager.py:1483 findfont: score(FontEntry(fname='/usr/share/fonts/truetype/noto/NotoSerifKhmer-Regular.ttf', name='Noto Serif Khmer', style='normal', variant='normal', weight=400, stretch='normal', size='scalable')) = 10.05
DEBUG 2026-06-09 15:36:34 manager.py:1483 findfont: score(FontEntry(fname='/usr/share/fonts/truetype/ubuntu/Ubuntu-BI.ttf', name='Ubuntu', style='italic', variant='normal', weight=400, stretch='normal', size='scalable')) = 11.05
DEBUG 2026-06-09 15:36:34 manager.py:1483 findfont: score(FontEntry(fname='/usr/share/fonts/truetype/noto/NotoSerifDogra-Regular.ttf', name='Noto Serif Dogra', style='normal', variant='normal', weight=400, stretch='normal', size='scalable')) = 10.05
DEBUG 2026-06-09 15:36:34 manager.py:1483 findfont: score(FontEntry(fname='/usr/share/fonts/truetype/noto/NotoSansLinearB-Regular.ttf', name='Noto Sans Linear B', style='normal', variant='normal', weight=400, stretch='normal', size='scalable')) = 10.05
DEBUG 2026-06-09 15:36:34 manager.py:1483 findfont: score(FontEntry(fname='/usr/share/fonts/truetype/noto/NotoSansChakma-Regular.ttf', name='Noto Sans Chakma', style='normal', variant='normal', weight=400, stretch='normal', size='scalable')) = 10.05
DEBUG 2026-06-09 15:36:34 manager.py:1483 findfont: score(FontEntry(fname='/usr/share/fonts/truetype/noto/NotoSansOriya-Bold.ttf', name='Noto Sans Oriya', style='normal', variant='normal', weight=700, stretch='normal', size='scalable')) = 10.335
DEBUG 2026-06-09 15:36:34 manager.py:1483 findfont: score(FontEntry(fname='/usr/share/fonts/truetype/noto/NotoSansThai-Regular.ttf', name='Noto Sans Thai', style='normal', variant='normal', weight=400, stretch='normal', size='scalable')) = 10.05
DEBUG 2026-06-09 15:36:34 manager.py:1483 findfont: score(FontEntry(fname='/usr/share/fonts/truetype/noto/NotoSansArmenian-Regular.ttf', name='Noto Sans Armenian', style='normal', variant='normal', weight=400, stretch='normal', size='scalable')) = 10.05
DEBUG 2026-06-09 15:36:34 manager.py:1483 findfont: score(FontEntry(fname='/usr/share/fonts/truetype/liberation/LiberationSerif-Bold.ttf', name='Liberation Serif', style='normal', variant='normal', weight=700, stretch='normal', size='scalable')) = 10.335
DEBUG 2026-06-09 15:36:34 manager.py:1483 findfont: score(FontEntry(fname='/usr/share/fonts/opentype/urw-base35/NimbusMonoPS-Italic.otf', name='Nimbus Mono PS', style='italic', variant='normal', weight=400, stretch='normal', size='scalable')) = 11.05
DEBUG 2026-06-09 15:36:34 manager.py:1483 findfont: score(FontEntry(fname='/usr/share/fonts/truetype/noto/NotoSansThaana-Bold.ttf', name='Noto Sans Thaana', style='normal', variant='normal', weight=700, stretch='normal', size='scalable')) = 10.335
DEBUG 2026-06-09 15:36:34 manager.py:1483 findfont: score(FontEntry(fname='/usr/share/fonts/truetype/noto/NotoSerifAhom-Regular.ttf', name='Noto Serif Ahom', style='normal', variant='normal', weight=400, stretch='normal', size='scalable')) = 10.05
DEBUG 2026-06-09 15:36:34 manager.py:1483 findfont: score(FontEntry(fname='/home/kibub/miniforge3/envs/lerobot/fonts/Ubuntu-B.ttf', name='Ubuntu', style='normal', variant='normal', weight=700, stretch='normal', size='scalable')) = 10.335
DEBUG 2026-06-09 15:36:34 manager.py:1483 findfont: score(FontEntry(fname='/usr/share/fonts/truetype/noto/NotoSansMendeKikakui-Regular.ttf', name='Noto Sans Mende Kikakui', style='normal', variant='normal', weight=400, stretch='normal', size='scalable')) = 10.05
DEBUG 2026-06-09 15:36:34 manager.py:1483 findfont: score(FontEntry(fname='/usr/share/fonts/truetype/noto/NotoSerifMalayalam-Bold.ttf', name='Noto Serif Malayalam', style='normal', variant='normal', weight=700, stretch='normal', size='scalable')) = 10.335
DEBUG 2026-06-09 15:36:34 manager.py:1483 findfont: score(FontEntry(fname='/usr/share/fonts/truetype/noto/NotoSansMath-Regular.ttf', name='Noto Sans Math', style='normal', variant='normal', weight=400, stretch='normal', size='scalable')) = 10.05
DEBUG 2026-06-09 15:36:34 manager.py:1483 findfont: score(FontEntry(fname='/usr/share/fonts/truetype/noto/NotoSansCypriot-Regular.ttf', name='Noto Sans Cypriot', style='normal', variant='normal', weight=400, stretch='normal', size='scalable')) = 10.05
DEBUG 2026-06-09 15:36:34 manager.py:1483 findfont: score(FontEntry(fname='/usr/share/fonts/truetype/ubuntu/UbuntuMono-R.ttf', name='Ubuntu Mono', style='normal', variant='normal', weight=400, stretch='normal', size='scalable')) = 10.05
DEBUG 2026-06-09 15:36:34 manager.py:1483 findfont: score(FontEntry(fname='/usr/share/fonts/truetype/noto/NotoSansMono-Bold.ttf', name='Noto Sans Mono', style='normal', variant='normal', weight=700, stretch='normal', size='scalable')) = 10.335
DEBUG 2026-06-09 15:36:34 manager.py:1483 findfont: score(FontEntry(fname='/usr/share/fonts/truetype/noto/NotoSansSinhala-Regular.ttf', name='Noto Sans Sinhala', style='normal', variant='normal', weight=400, stretch='normal', size='scalable')) = 10.05
DEBUG 2026-06-09 15:36:34 manager.py:1483 findfont: score(FontEntry(fname='/usr/share/fonts/truetype/lato/Lato-Thin.ttf', name='Lato', style='normal', variant='normal', weight=275, stretch='normal', size='scalable')) = 10.16875
DEBUG 2026-06-09 15:36:34 manager.py:1483 findfont: score(FontEntry(fname='/usr/share/fonts/truetype/noto/NotoSansMandaic-Regular.ttf', name='Noto Sans Mandaic', style='normal', variant='normal', weight=400, stretch='normal', size='scalable')) = 10.05
DEBUG 2026-06-09 15:36:34 manager.py:1483 findfont: score(FontEntry(fname='/home/kibub/miniforge3/envs/lerobot/fonts/Ubuntu-R.ttf', name='Ubuntu', style='normal', variant='normal', weight=400, stretch='normal', size='scalable')) = 10.05
DEBUG 2026-06-09 15:36:34 manager.py:1483 findfont: score(FontEntry(fname='/usr/share/fonts/truetype/noto/NotoSansOlChiki-Bold.ttf', name='Noto Sans Ol Chiki', style='normal', variant='normal', weight=700, stretch='normal', size='scalable')) = 10.335
DEBUG 2026-06-09 15:36:34 manager.py:1483 findfont: score(FontEntry(fname='/usr/share/fonts/truetype/noto/NotoSansOsage-Regular.ttf', name='Noto Sans Osage', style='normal', variant='normal', weight=400, stretch='normal', size='scalable')) = 10.05
DEBUG 2026-06-09 15:36:34 manager.py:1483 findfont: score(FontEntry(fname='/usr/share/fonts/truetype/noto/NotoSansKayahLi-Bold.ttf', name='Noto Sans Kayah Li', style='normal', variant='normal', weight=700, stretch='normal', size='scalable')) = 10.335
DEBUG 2026-06-09 15:36:34 manager.py:1483 findfont: score(FontEntry(fname='/usr/share/fonts/truetype/dejavu/DejaVuSansMono-Bold.ttf', name='DejaVu Sans Mono', style='normal', variant='normal', weight=700, stretch='normal', size='scalable')) = 10.335
DEBUG 2026-06-09 15:36:34 manager.py:1483 findfont: score(FontEntry(fname='/usr/share/fonts/truetype/noto/NotoSansTagalog-Regular.ttf', name='Noto Sans Tagalog', style='normal', variant='normal', weight=400, stretch='normal', size='scalable')) = 10.05
DEBUG 2026-06-09 15:36:34 manager.py:1483 findfont: score(FontEntry(fname='/usr/share/fonts/truetype/noto/NotoSerifDisplay-Regular.ttf', name='Noto Serif Display', style='normal', variant='normal', weight=400, stretch='normal', size='scalable')) = 10.05
DEBUG 2026-06-09 15:36:34 manager.py:1483 findfont: score(FontEntry(fname='/usr/share/fonts/truetype/noto/NotoSansTifinaghAdrar-Regular.ttf', name='Noto Sans Tifinagh Adrar', style='normal', variant='normal', weight=400, stretch='normal', size='scalable')) = 10.05
DEBUG 2026-06-09 15:36:34 manager.py:1483 findfont: score(FontEntry(fname='/usr/share/fonts/opentype/urw-base35/NimbusRoman-Regular.otf', name='Nimbus Roman', style='normal', variant='normal', weight=400, stretch='normal', size='scalable')) = 10.05
DEBUG 2026-06-09 15:36:34 manager.py:1483 findfont: score(FontEntry(fname='/usr/share/fonts/truetype/noto/NotoSerifHebrew-Bold.ttf', name='Noto Serif Hebrew', style='normal', variant='normal', weight=700, stretch='normal', size='scalable')) = 10.335
DEBUG 2026-06-09 15:36:34 manager.py:1483 findfont: score(FontEntry(fname='/usr/share/fonts/truetype/noto/NotoSansOldPersian-Regular.ttf', name='Noto Sans Old Persian', style='normal', variant='normal', weight=400, stretch='normal', size='scalable')) = 10.05
DEBUG 2026-06-09 15:36:34 manager.py:1483 findfont: score(FontEntry(fname='/usr/share/fonts/truetype/open-sans/OpenSans-CondLightItalic.ttf', name='Open Sans', style='italic', variant='normal', weight=300, stretch='condensed', size='scalable')) = 11.344999999999999
DEBUG 2026-06-09 15:36:34 manager.py:1483 findfont: score(FontEntry(fname='/usr/share/fonts/truetype/open-sans/OpenSans-Italic.ttf', name='Open Sans', style='italic', variant='normal', weight=400, stretch='normal', size='scalable')) = 11.05
DEBUG 2026-06-09 15:36:34 manager.py:1483 findfont: score(FontEntry(fname='/home/kibub/miniforge3/envs/lerobot/fonts/Ubuntu-RI.ttf', name='Ubuntu', style='italic', variant='normal', weight=400, stretch='normal', size='scalable')) = 11.05
DEBUG 2026-06-09 15:36:34 manager.py:1483 findfont: score(FontEntry(fname='/usr/share/fonts/truetype/noto/NotoSansSignWriting-Regular.ttf', name='Noto Sans SignWriting', style='normal', variant='normal', weight=400, stretch='normal', size='scalable')) = 10.05
DEBUG 2026-06-09 15:36:34 manager.py:1483 findfont: score(FontEntry(fname='/usr/share/fonts/truetype/noto/NotoSansNushu-Regular.ttf', name='Noto Sans Nushu', style='normal', variant='normal', weight=400, stretch='normal', size='scalable')) = 10.05
DEBUG 2026-06-09 15:36:34 manager.py:1483 findfont: score(FontEntry(fname='/usr/share/fonts/truetype/noto/NotoSansGeorgian-Bold.ttf', name='Noto Sans Georgian', style='normal', variant='normal', weight=700, stretch='normal', size='scalable')) = 10.335
DEBUG 2026-06-09 15:36:34 manager.py:1483 findfont: score(FontEntry(fname='/usr/share/fonts/truetype/liberation/LiberationMono-Italic.ttf', name='Liberation Mono', style='italic', variant='normal', weight=400, stretch='normal', size='scalable')) = 11.05
DEBUG 2026-06-09 15:36:34 manager.py:1483 findfont: score(FontEntry(fname='/usr/share/fonts/opentype/urw-base35/URWBookman-DemiItalic.otf', name='URW Bookman', style='italic', variant='normal', weight=600, stretch='normal', size='scalable')) = 11.24
DEBUG 2026-06-09 15:36:34 manager.py:1483 findfont: score(FontEntry(fname='/usr/share/fonts/truetype/noto/NotoSerifKannada-Bold.ttf', name='Noto Serif Kannada', style='normal', variant='normal', weight=700, stretch='normal', size='scalable')) = 10.335
DEBUG 2026-06-09 15:36:34 manager.py:1483 findfont: score(FontEntry(fname='/home/kibub/miniforge3/envs/lerobot/fonts/SourceCodePro-MediumIt.ttf', name='Source Code Pro', style='italic', variant='normal', weight=500, stretch='normal', size='scalable')) = 11.145
DEBUG 2026-06-09 15:36:34 manager.py:1483 findfont: score(FontEntry(fname='/usr/share/fonts/truetype/noto/NotoSansHebrew-Bold.ttf', name='Noto Sans Hebrew', style='normal', variant='normal', weight=700, stretch='normal', size='scalable')) = 10.335
DEBUG 2026-06-09 15:36:34 manager.py:1483 findfont: score(FontEntry(fname='/usr/share/fonts/truetype/noto/NotoSans-BoldItalic.ttf', name='Noto Sans', style='italic', variant='normal', weight=700, stretch='normal', size='scalable')) = 11.335
DEBUG 2026-06-09 15:36:34 manager.py:1483 findfont: score(FontEntry(fname='/usr/share/fonts/truetype/noto/NotoSerifTamil-Regular.ttf', name='Noto Serif Tamil', style='normal', variant='normal', weight=400, stretch='normal', size='scalable')) = 10.05
DEBUG 2026-06-09 15:36:34 manager.py:1483 findfont: score(FontEntry(fname='/home/kibub/miniforge3/envs/lerobot/fonts/Ubuntu-C.ttf', name='Ubuntu Condensed', style='normal', variant='normal', weight=400, stretch='condensed', size='scalable')) = 10.25
DEBUG 2026-06-09 15:36:34 manager.py:1483 findfont: score(FontEntry(fname='/usr/share/fonts/truetype/noto/NotoSansGujarati-Regular.ttf', name='Noto Sans Gujarati', style='normal', variant='normal', weight=400, stretch='normal', size='scalable')) = 10.05
DEBUG 2026-06-09 15:36:34 manager.py:1483 findfont: score(FontEntry(fname='/usr/share/fonts/truetype/lato/Lato-Black.ttf', name='Lato', style='normal', variant='normal', weight=900, stretch='normal', size='scalable')) = 10.525
DEBUG 2026-06-09 15:36:34 manager.py:1483 findfont: score(FontEntry(fname='/usr/share/fonts/truetype/noto/NotoSerifGujarati-Regular.ttf', name='Noto Serif Gujarati', style='normal', variant='normal', weight=400, stretch='normal', size='scalable')) = 10.05
DEBUG 2026-06-09 15:36:34 manager.py:1483 findfont: score(FontEntry(fname='/usr/share/fonts/opentype/urw-base35/URWGothic-Book.otf', name='URW Gothic', style='normal', variant='normal', weight=400, stretch='normal', size='scalable')) = 10.05
DEBUG 2026-06-09 15:36:34 manager.py:1483 findfont: score(FontEntry(fname='/usr/share/fonts/truetype/noto/NotoSansKhmer-Bold.ttf', name='Noto Sans Khmer', style='normal', variant='normal', weight=700, stretch='normal', size='scalable')) = 10.335
DEBUG 2026-06-09 15:36:34 manager.py:1483 findfont: score(FontEntry(fname='/usr/share/fonts/truetype/dejavu/DejaVuSansMono.ttf', name='DejaVu Sans Mono', style='normal', variant='normal', weight=400, stretch='normal', size='scalable')) = 10.05
DEBUG 2026-06-09 15:36:34 manager.py:1483 findfont: score(FontEntry(fname='/usr/share/fonts/truetype/noto/NotoSansGujarati-Bold.ttf', name='Noto Sans Gujarati', style='normal', variant='normal', weight=700, stretch='normal', size='scalable')) = 10.335
DEBUG 2026-06-09 15:36:34 manager.py:1483 findfont: score(FontEntry(fname='/usr/share/fonts/truetype/noto/NotoLoopedThai-Bold.ttf', name='Noto Looped Thai', style='normal', variant='normal', weight=700, stretch='normal', size='scalable')) = 10.335
DEBUG 2026-06-09 15:36:34 manager.py:1483 findfont: score(FontEntry(fname='/usr/share/fonts/truetype/noto/NotoSansLisu-Regular.ttf', name='Noto Sans Lisu', style='normal', variant='normal', weight=400, stretch='normal', size='scalable')) = 10.05
DEBUG 2026-06-09 15:36:34 manager.py:1483 findfont: score(FontEntry(fname='/usr/share/fonts/truetype/noto/NotoSansThai-Bold.ttf', name='Noto Sans Thai', style='normal', variant='normal', weight=700, stretch='normal', size='scalable')) = 10.335
DEBUG 2026-06-09 15:36:34 manager.py:1483 findfont: score(FontEntry(fname='/usr/share/fonts/truetype/noto/NotoSerifArmenian-Regular.ttf', name='Noto Serif Armenian', style='normal', variant='normal', weight=400, stretch='normal', size='scalable')) = 10.05
DEBUG 2026-06-09 15:36:34 manager.py:1483 findfont: score(FontEntry(fname='/usr/share/fonts/truetype/noto/NotoSansSogdian-Regular.ttf', name='Noto Sans Sogdian', style='normal', variant='normal', weight=400, stretch='normal', size='scalable')) = 10.05
DEBUG 2026-06-09 15:36:34 manager.py:1483 findfont: score(FontEntry(fname='/usr/share/fonts/truetype/noto/NotoSansTifinaghSIL-Regular.ttf', name='Noto Sans Tifinagh SIL', style='normal', variant='normal', weight=400, stretch='normal', size='scalable')) = 10.05
DEBUG 2026-06-09 15:36:34 manager.py:1483 findfont: score(FontEntry(fname='/usr/share/fonts/truetype/ubuntu/UbuntuMono-RI.ttf', name='Ubuntu Mono', style='italic', variant='normal', weight=400, stretch='normal', size='scalable')) = 11.05
DEBUG 2026-06-09 15:36:34 manager.py:1483 findfont: score(FontEntry(fname='/home/kibub/miniforge3/envs/lerobot/fonts/SourceCodePro-BlackIt.ttf', name='Source Code Pro', style='italic', variant='normal', weight=900, stretch='normal', size='scalable')) = 11.525
DEBUG 2026-06-09 15:36:34 manager.py:1483 findfont: score(FontEntry(fname='/usr/share/fonts/truetype/noto/NotoLoopedLao-Regular.ttf', name='Noto Looped Lao', style='normal', variant='normal', weight=400, stretch='normal', size='scalable')) = 10.05
DEBUG 2026-06-09 15:36:34 manager.py:1483 findfont: score(FontEntry(fname='/usr/share/fonts/truetype/noto/NotoSansHanifiRohingya-Regular.ttf', name='Noto Sans Hanifi Rohingya', style='normal', variant='normal', weight=400, stretch='normal', size='scalable')) = 10.05
DEBUG 2026-06-09 15:36:34 manager.py:1483 findfont: score(FontEntry(fname='/usr/share/fonts/opentype/urw-base35/NimbusMonoPS-BoldItalic.otf', name='Nimbus Mono PS', style='italic', variant='normal', weight=700, stretch='normal', size='scalable')) = 11.335
DEBUG 2026-06-09 15:36:34 manager.py:1483 findfont: score(FontEntry(fname='/usr/share/fonts/truetype/ubuntu/UbuntuSans[wdth,wght].ttf', name='Ubuntu Sans', style='normal', variant='normal', weight=400, stretch='normal', size='scalable')) = 10.05
DEBUG 2026-06-09 15:36:34 manager.py:1483 findfont: score(FontEntry(fname='/usr/share/fonts/truetype/noto/NotoSansThaana-Regular.ttf', name='Noto Sans Thaana', style='normal', variant='normal', weight=400, stretch='normal', size='scalable')) = 10.05
DEBUG 2026-06-09 15:36:34 manager.py:1483 findfont: score(FontEntry(fname='/usr/share/fonts/truetype/noto/NotoSansZanabazarSquare-Regular.ttf', name='Noto Sans Zanabazar Square', style='normal', variant='normal', weight=400, stretch='normal', size='scalable')) = 10.05
DEBUG 2026-06-09 15:36:34 manager.py:1483 findfont: score(FontEntry(fname='/usr/share/fonts/truetype/ubuntu/UbuntuMono-B.ttf', name='Ubuntu Mono', style='normal', variant='normal', weight=400, stretch='normal', size='scalable')) = 10.05
DEBUG 2026-06-09 15:36:34 manager.py:1483 findfont: score(FontEntry(fname='/usr/share/fonts/truetype/ubuntu/Ubuntu-Th.ttf', name='Ubuntu', style='normal', variant='normal', weight=400, stretch='normal', size='scalable')) = 10.05
DEBUG 2026-06-09 15:36:34 manager.py:1483 findfont: score(FontEntry(fname='/usr/share/fonts/truetype/noto/NotoSansBhaiksuki-Regular.ttf', name='Noto Sans Bhaiksuki', style='normal', variant='normal', weight=400, stretch='normal', size='scalable')) = 10.05
DEBUG 2026-06-09 15:36:34 manager.py:1483 findfont: score(FontEntry(fname='/usr/share/fonts/truetype/dejavu/DejaVuSansMono-BoldOblique.ttf', name='DejaVu Sans Mono', style='oblique', variant='normal', weight=700, stretch='normal', size='scalable')) = 11.335
DEBUG 2026-06-09 15:36:34 manager.py:1483 findfont: score(FontEntry(fname='/usr/share/fonts/truetype/noto/NotoSansRunic-Regular.ttf', name='Noto Sans Runic', style='normal', variant='normal', weight=400, stretch='normal', size='scalable')) = 10.05
DEBUG 2026-06-09 15:36:34 manager.py:1483 findfont: score(FontEntry(fname='/usr/share/fonts/truetype/noto/NotoSansCham-Regular.ttf', name='Noto Sans Cham', style='normal', variant='normal', weight=400, stretch='normal', size='scalable')) = 10.05
DEBUG 2026-06-09 15:36:34 manager.py:1483 findfont: score(FontEntry(fname='/usr/share/fonts/opentype/urw-base35/P052-Bold.otf', name='P052', style='normal', variant='normal', weight=700, stretch='normal', size='scalable')) = 10.335
DEBUG 2026-06-09 15:36:34 manager.py:1483 findfont: score(FontEntry(fname='/home/kibub/miniforge3/envs/lerobot/fonts/SourceCodePro-Regular.ttf', name='Source Code Pro', style='normal', variant='normal', weight=400, stretch='normal', size='scalable')) = 10.05
DEBUG 2026-06-09 15:36:34 manager.py:1483 findfont: score(FontEntry(fname='/usr/share/fonts/truetype/noto/NotoSansOldTurkic-Regular.ttf', name='Noto Sans Old Turkic', style='normal', variant='normal', weight=400, stretch='normal', size='scalable')) = 10.05
DEBUG 2026-06-09 15:36:34 manager.py:1483 findfont: score(FontEntry(fname='/usr/share/fonts/truetype/noto/NotoSerifThai-Regular.ttf', name='Noto Serif Thai', style='normal', variant='normal', weight=400, stretch='normal', size='scalable')) = 10.05
DEBUG 2026-06-09 15:36:34 manager.py:1483 findfont: score(FontEntry(fname='/usr/share/fonts/truetype/noto/NotoSerifLao-Bold.ttf', name='Noto Serif Lao', style='normal', variant='normal', weight=700, stretch='normal', size='scalable')) = 10.335
DEBUG 2026-06-09 15:36:34 manager.py:1483 findfont: score(FontEntry(fname='/usr/share/fonts/truetype/noto/NotoSansTaiTham-Bold.ttf', name='Noto Sans Tai Tham', style='normal', variant='normal', weight=700, stretch='normal', size='scalable')) = 10.335
DEBUG 2026-06-09 15:36:34 manager.py:1483 findfont: score(FontEntry(fname='/usr/share/fonts/truetype/noto/NotoSansHatran-Regular.ttf', name='Noto Sans Hatran', style='normal', variant='normal', weight=400, stretch='normal', size='scalable')) = 10.05
DEBUG 2026-06-09 15:36:34 manager.py:1483 findfont: score(FontEntry(fname='/usr/share/fonts/truetype/open-sans/OpenSans-CondLight.ttf', name='Open Sans', style='normal', variant='normal', weight=300, stretch='condensed', size='scalable')) = 10.344999999999999
DEBUG 2026-06-09 15:36:34 manager.py:1483 findfont: score(FontEntry(fname='/usr/share/fonts/truetype/lato/Lato-Light.ttf', name='Lato', style='normal', variant='normal', weight=300, stretch='normal', size='scalable')) = 10.145
DEBUG 2026-06-09 15:36:34 manager.py:1483 findfont: score(FontEntry(fname='/usr/share/fonts/truetype/noto/NotoSansImperialAramaic-Regular.ttf', name='Noto Sans Imperial Aramaic', style='normal', variant='normal', weight=400, stretch='normal', size='scalable')) = 10.05
DEBUG 2026-06-09 15:36:34 manager.py:1483 findfont: score(FontEntry(fname='/usr/share/fonts/truetype/noto/NotoSansCherokee-Bold.ttf', name='Noto Sans Cherokee', style='normal', variant='normal', weight=700, stretch='normal', size='scalable')) = 10.335
DEBUG 2026-06-09 15:36:34 manager.py:1483 findfont: score(FontEntry(fname='/usr/share/fonts/truetype/noto/NotoSerifMyanmar-Bold.ttf', name='Noto Serif Myanmar', style='normal', variant='normal', weight=400, stretch='normal', size='scalable')) = 10.05
DEBUG 2026-06-09 15:36:34 manager.py:1483 findfont: score(FontEntry(fname='/usr/share/fonts/truetype/noto/NotoSansNabataean-Regular.ttf', name='Noto Sans Nabataean', style='normal', variant='normal', weight=400, stretch='normal', size='scalable')) = 10.05
DEBUG 2026-06-09 15:36:34 manager.py:1483 findfont: score(FontEntry(fname='/usr/share/fonts/truetype/noto/NotoSansMarchen-Regular.ttf', name='Noto Sans Marchen', style='normal', variant='normal', weight=400, stretch='normal', size='scalable')) = 10.05
DEBUG 2026-06-09 15:36:34 manager.py:1483 findfont: score(FontEntry(fname='/usr/share/fonts/truetype/noto/NotoSerifKannada-Regular.ttf', name='Noto Serif Kannada', style='normal', variant='normal', weight=400, stretch='normal', size='scalable')) = 10.05
DEBUG 2026-06-09 15:36:34 manager.py:1483 findfont: score(FontEntry(fname='/usr/share/fonts/truetype/noto/NotoSansBalinese-Bold.ttf', name='Noto Sans Balinese', style='normal', variant='normal', weight=700, stretch='normal', size='scalable')) = 10.335
DEBUG 2026-06-09 15:36:34 manager.py:1483 findfont: score(FontEntry(fname='/usr/share/fonts/truetype/liberation/LiberationSans-Italic.ttf', name='Liberation Sans', style='italic', variant='normal', weight=400, stretch='normal', size='scalable')) = 11.05
DEBUG 2026-06-09 15:36:34 manager.py:1483 findfont: score(FontEntry(fname='/usr/share/fonts/opentype/urw-base35/NimbusRoman-Italic.otf', name='Nimbus Roman', style='italic', variant='normal', weight=400, stretch='normal', size='scalable')) = 11.05
DEBUG 2026-06-09 15:36:34 manager.py:1483 findfont: score(FontEntry(fname='/usr/share/fonts/truetype/lato/Lato-Hairline.ttf', name='Lato', style='normal', variant='normal', weight=250, stretch='normal', size='scalable')) = 10.1925
DEBUG 2026-06-09 15:36:34 manager.py:1483 findfont: score(FontEntry(fname='/usr/share/fonts/truetype/noto/NotoSerifDevanagari-Regular.ttf', name='Noto Serif Devanagari', style='normal', variant='normal', weight=400, stretch='normal', size='scalable')) = 10.05
DEBUG 2026-06-09 15:36:34 manager.py:1483 findfont: score(FontEntry(fname='/home/kibub/miniforge3/envs/lerobot/fonts/SourceCodePro-Semibold.ttf', name='Source Code Pro', style='normal', variant='normal', weight=600, stretch='normal', size='scalable')) = 10.24
DEBUG 2026-06-09 15:36:34 manager.py:1483 findfont: score(FontEntry(fname='/usr/share/fonts/truetype/noto/NotoSansEgyptianHieroglyphs-Regular.ttf', name='Noto Sans Egyptian Hieroglyphs', style='normal', variant='normal', weight=400, stretch='normal', size='scalable')) = 10.05
DEBUG 2026-06-09 15:36:34 manager.py:1483 findfont: score(FontEntry(fname='/usr/share/fonts/truetype/noto/NotoSerifDisplay-Italic.ttf', name='Noto Serif Display', style='italic', variant='normal', weight=400, stretch='normal', size='scalable')) = 11.05
DEBUG 2026-06-09 15:36:34 manager.py:1483 findfont: score(FontEntry(fname='/usr/share/fonts/truetype/noto/NotoSansSylotiNagri-Regular.ttf', name='Noto Sans Syloti Nagri', style='normal', variant='normal', weight=400, stretch='normal', size='scalable')) = 10.05
DEBUG 2026-06-09 15:36:34 manager.py:1483 findfont: score(FontEntry(fname='/usr/share/fonts/truetype/noto/NotoSansGunjalaGondi-Regular.ttf', name='Noto Sans Gunjala Gondi', style='normal', variant='normal', weight=400, stretch='normal', size='scalable')) = 10.05
DEBUG 2026-06-09 15:36:34 manager.py:1483 findfont: score(FontEntry(fname='/usr/share/fonts/truetype/noto/NotoSerifLao-Regular.ttf', name='Noto Serif Lao', style='normal', variant='normal', weight=400, stretch='normal', size='scalable')) = 10.05
DEBUG 2026-06-09 15:36:34 manager.py:1483 findfont: score(FontEntry(fname='/home/kibub/miniforge3/envs/lerobot/fonts/SourceCodePro-LightIt.ttf', name='Source Code Pro', style='italic', variant='normal', weight=300, stretch='normal', size='scalable')) = 11.145
DEBUG 2026-06-09 15:36:34 manager.py:1483 findfont: score(FontEntry(fname='/usr/share/fonts/opentype/urw-base35/NimbusSansNarrow-Oblique.otf', name='Nimbus Sans Narrow', style='oblique', variant='normal', weight=400, stretch='condensed', size='scalable')) = 11.25
DEBUG 2026-06-09 15:36:34 manager.py:1483 findfont: score(FontEntry(fname='/usr/share/fonts/truetype/noto/NotoSerifGujarati-Bold.ttf', name='Noto Serif Gujarati', style='normal', variant='normal', weight=700, stretch='normal', size='scalable')) = 10.335
DEBUG 2026-06-09 15:36:34 manager.py:1483 findfont: score(FontEntry(fname='/home/kibub/miniforge3/envs/lerobot/fonts/UbuntuMono-R.ttf', name='Ubuntu Mono', style='normal', variant='normal', weight=400, stretch='normal', size='scalable')) = 10.05
DEBUG 2026-06-09 15:36:34 manager.py:1483 findfont: score(FontEntry(fname='/usr/share/fonts/truetype/noto/NotoLoopedThai-Regular.ttf', name='Noto Looped Thai', style='normal', variant='normal', weight=400, stretch='normal', size='scalable')) = 10.05
DEBUG 2026-06-09 15:36:34 manager.py:1483 findfont: score(FontEntry(fname='/usr/share/fonts/truetype/noto/NotoSansMahajani-Regular.ttf', name='Noto Sans Mahajani', style='normal', variant='normal', weight=400, stretch='normal', size='scalable')) = 10.05
DEBUG 2026-06-09 15:36:34 manager.py:1483 findfont: score(FontEntry(fname='/usr/share/fonts/truetype/lato/Lato-ThinItalic.ttf', name='Lato', style='italic', variant='normal', weight=275, stretch='normal', size='scalable')) = 11.16875
DEBUG 2026-06-09 15:36:34 manager.py:1483 findfont: score(FontEntry(fname='/usr/share/fonts/truetype/dejavu/DejaVuSerif-Bold.ttf', name='DejaVu Serif', style='normal', variant='normal', weight=700, stretch='normal', size='scalable')) = 10.335
DEBUG 2026-06-09 15:36:34 manager.py:1483 findfont: score(FontEntry(fname='/usr/share/fonts/truetype/liberation/LiberationSans-Regular.ttf', name='Liberation Sans', style='normal', variant='normal', weight=400, stretch='normal', size='scalable')) = 10.05
DEBUG 2026-06-09 15:36:34 manager.py:1483 findfont: score(FontEntry(fname='/usr/share/fonts/truetype/noto/NotoSansEthiopic-Regular.ttf', name='Noto Sans Ethiopic', style='normal', variant='normal', weight=400, stretch='normal', size='scalable')) = 10.05
DEBUG 2026-06-09 15:36:34 manager.py:1483 findfont: score(FontEntry(fname='/usr/share/fonts/truetype/noto/NotoSerifTelugu-Bold.ttf', name='Noto Serif Telugu', style='normal', variant='normal', weight=700, stretch='normal', size='scalable')) = 10.335
DEBUG 2026-06-09 15:36:34 manager.py:1483 findfont: score(FontEntry(fname='/usr/share/fonts/truetype/noto/NotoSans-Regular.ttf', name='Noto Sans', style='normal', variant='normal', weight=400, stretch='normal', size='scalable')) = 10.05
DEBUG 2026-06-09 15:36:34 manager.py:1483 findfont: score(FontEntry(fname='/usr/share/fonts/truetype/liberation/LiberationSansNarrow-Regular.ttf', name='Liberation Sans Narrow', style='normal', variant='normal', weight=400, stretch='condensed', size='scalable')) = 10.25
DEBUG 2026-06-09 15:36:34 manager.py:1483 findfont: score(FontEntry(fname='/usr/share/fonts/truetype/noto/NotoSansLimbu-Regular.ttf', name='Noto Sans Limbu', style='normal', variant='normal', weight=400, stretch='normal', size='scalable')) = 10.05
DEBUG 2026-06-09 15:36:34 manager.py:1483 findfont: score(FontEntry(fname='/usr/share/fonts/truetype/noto/NotoSansPsalterPahlavi-Regular.ttf', name='Noto Sans Psalter Pahlavi', style='normal', variant='normal', weight=400, stretch='normal', size='scalable')) = 10.05
DEBUG 2026-06-09 15:36:34 manager.py:1483 findfont: score(FontEntry(fname='/usr/share/fonts/truetype/noto/NotoSansJavanese-Bold.ttf', name='Noto Sans Javanese', style='normal', variant='normal', weight=700, stretch='normal', size='scalable')) = 10.335
DEBUG 2026-06-09 15:36:34 manager.py:1483 findfont: score(FontEntry(fname='/usr/share/fonts/truetype/noto/NotoSerifDisplay-Bold.ttf', name='Noto Serif Display', style='normal', variant='normal', weight=700, stretch='normal', size='scalable')) = 10.335
DEBUG 2026-06-09 15:36:34 manager.py:1483 findfont: score(FontEntry(fname='/usr/share/fonts/truetype/dejavu/DejaVuSerif.ttf', name='DejaVu Serif', style='normal', variant='normal', weight=400, stretch='normal', size='scalable')) = 10.05
DEBUG 2026-06-09 15:36:34 manager.py:1483 findfont: score(FontEntry(fname='/usr/share/fonts/truetype/noto/NotoSansDeseret-Regular.ttf', name='Noto Sans Deseret', style='normal', variant='normal', weight=400, stretch='normal', size='scalable')) = 10.05
DEBUG 2026-06-09 15:36:34 manager.py:1483 findfont: score(FontEntry(fname='/usr/share/fonts/truetype/lato/Lato-BoldItalic.ttf', name='Lato', style='italic', variant='normal', weight=700, stretch='normal', size='scalable')) = 11.335
DEBUG 2026-06-09 15:36:34 manager.py:1483 findfont: score(FontEntry(fname='/home/kibub/miniforge3/envs/lerobot/fonts/Ubuntu-BI.ttf', name='Ubuntu', style='italic', variant='normal', weight=700, stretch='normal', size='scalable')) = 11.335
DEBUG 2026-06-09 15:36:34 manager.py:1483 findfont: score(FontEntry(fname='/usr/share/fonts/truetype/noto/NotoSansLao-Regular.ttf', name='Noto Sans Lao', style='normal', variant='normal', weight=400, stretch='normal', size='scalable')) = 10.05
DEBUG 2026-06-09 15:36:34 manager.py:1483 findfont: score(FontEntry(fname='/usr/share/fonts/truetype/lato/Lato-Semibold.ttf', name='Lato', style='normal', variant='normal', weight=600, stretch='normal', size='scalable')) = 10.24
DEBUG 2026-06-09 15:36:34 manager.py:1483 findfont: score(FontEntry(fname='/usr/share/fonts/truetype/noto/NotoSansOldPermic-Regular.ttf', name='Noto Sans Old Permic', style='normal', variant='normal', weight=400, stretch='normal', size='scalable')) = 10.05
DEBUG 2026-06-09 15:36:34 manager.py:1483 findfont: score(FontEntry(fname='/usr/share/fonts/truetype/noto/NotoSerifYezidi-Bold.ttf', name='Noto Serif Yezidi', style='normal', variant='normal', weight=700, stretch='normal', size='scalable')) = 10.335
DEBUG 2026-06-09 15:36:34 manager.py:1483 findfont: score(FontEntry(fname='/usr/share/fonts/opentype/noto/NotoSansCJK-Bold.ttc', name='Noto Sans CJK JP', style='normal', variant='normal', weight=700, stretch='normal', size='scalable')) = 10.335
DEBUG 2026-06-09 15:36:34 manager.py:1483 findfont: score(FontEntry(fname='/usr/share/fonts/opentype/noto/NotoSerifCJK-Bold.ttc', name='Noto Serif CJK JP', style='normal', variant='normal', weight=700, stretch='normal', size='scalable')) = 10.335
DEBUG 2026-06-09 15:36:34 manager.py:1483 findfont: score(FontEntry(fname='/usr/share/fonts/truetype/ubuntu/UbuntuSansMono-Italic[wght].ttf', name='Ubuntu Sans Mono', style='italic', variant='normal', weight=400, stretch='normal', size='scalable')) = 11.05
DEBUG 2026-06-09 15:36:34 manager.py:1483 findfont: score(FontEntry(fname='/usr/share/fonts/truetype/ubuntu/Ubuntu-RI.ttf', name='Ubuntu', style='italic', variant='normal', weight=400, stretch='normal', size='scalable')) = 11.05
DEBUG 2026-06-09 15:36:34 manager.py:1483 findfont: score(FontEntry(fname='/usr/share/fonts/truetype/noto/NotoSansDisplay-Regular.ttf', name='Noto Sans Display', style='normal', variant='normal', weight=400, stretch='normal', size='scalable')) = 10.05
DEBUG 2026-06-09 15:36:34 manager.py:1483 findfont: score(FontEntry(fname='/home/kibub/miniforge3/envs/lerobot/fonts/SourceCodePro-ExtraLightIt.ttf', name='Source Code Pro', style='italic', variant='normal', weight=200, stretch='normal', size='scalable')) = 11.24
DEBUG 2026-06-09 15:36:34 manager.py:1483 findfont: score(FontEntry(fname='/usr/share/fonts/truetype/liberation/LiberationMono-BoldItalic.ttf', name='Liberation Mono', style='italic', variant='normal', weight=700, stretch='normal', size='scalable')) = 11.335
DEBUG 2026-06-09 15:36:34 manager.py:1483 findfont: score(FontEntry(fname='/usr/share/fonts/truetype/noto/NotoSansCham-Bold.ttf', name='Noto Sans Cham', style='normal', variant='normal', weight=700, stretch='normal', size='scalable')) = 10.335
DEBUG 2026-06-09 15:36:34 manager.py:1483 findfont: score(FontEntry(fname='/usr/share/fonts/truetype/open-sans/OpenSans-BoldItalic.ttf', name='Open Sans', style='italic', variant='normal', weight=700, stretch='normal', size='scalable')) = 11.335
DEBUG 2026-06-09 15:36:34 manager.py:1483 findfont: score(FontEntry(fname='/usr/share/fonts/truetype/noto/NotoSansDisplay-Italic.ttf', name='Noto Sans Display', style='italic', variant='normal', weight=400, stretch='normal', size='scalable')) = 11.05
DEBUG 2026-06-09 15:36:34 manager.py:1483 findfont: score(FontEntry(fname='/usr/share/fonts/truetype/noto/NotoSansWancho-Regular.ttf', name='Noto Sans Wancho', style='normal', variant='normal', weight=400, stretch='normal', size='scalable')) = 10.05
DEBUG 2026-06-09 15:36:34 manager.py:1483 findfont: score(FontEntry(fname='/usr/share/fonts/truetype/dejavu/DejaVuSansMono-Oblique.ttf', name='DejaVu Sans Mono', style='oblique', variant='normal', weight=400, stretch='normal', size='scalable')) = 11.05
DEBUG 2026-06-09 15:36:34 manager.py:1483 findfont: score(FontEntry(fname='/usr/share/fonts/opentype/urw-base35/D050000L.otf', name='D050000L', style='normal', variant='normal', weight=400, stretch='normal', size='scalable')) = 10.05
DEBUG 2026-06-09 15:36:34 manager.py:1483 findfont: score(FontEntry(fname='/usr/share/fonts/truetype/noto/NotoSansMedefaidrin-Regular.ttf', name='Noto Sans Medefaidrin', style='normal', variant='normal', weight=400, stretch='normal', size='scalable')) = 10.05
DEBUG 2026-06-09 15:36:34 manager.py:1483 findfont: score(FontEntry(fname='/usr/share/fonts/truetype/noto/NotoSansTifinaghTawellemmet-Regular.ttf', name='Noto Sans Tifinagh Tawellemmet', style='normal', variant='normal', weight=400, stretch='normal', size='scalable')) = 10.05
DEBUG 2026-06-09 15:36:34 manager.py:1483 findfont: score(FontEntry(fname='/usr/share/fonts/truetype/noto/NotoSansTifinaghAzawagh-Regular.ttf', name='Noto Sans Tifinagh Azawagh', style='normal', variant='normal', weight=400, stretch='normal', size='scalable')) = 10.05
DEBUG 2026-06-09 15:36:34 manager.py:1483 findfont: score(FontEntry(fname='/usr/share/fonts/truetype/noto/NotoSerifArmenian-Bold.ttf', name='Noto Serif Armenian', style='normal', variant='normal', weight=700, stretch='normal', size='scalable')) = 10.335
DEBUG 2026-06-09 15:36:34 manager.py:1483 findfont: score(FontEntry(fname='/usr/share/fonts/truetype/noto/NotoSansSundanese-Bold.ttf', name='Noto Sans Sundanese', style='normal', variant='normal', weight=700, stretch='normal', size='scalable')) = 10.335
DEBUG 2026-06-09 15:36:34 manager.py:1483 findfont: score(FontEntry(fname='/usr/share/fonts/truetype/noto/NotoSansAdlamUnjoined-Regular.ttf', name='Noto Sans Adlam Unjoined', style='normal', variant='normal', weight=400, stretch='normal', size='scalable')) = 10.05
DEBUG 2026-06-09 15:36:34 manager.py:1483 findfont: score(FontEntry(fname='/usr/share/fonts/truetype/noto/NotoSansMultani-Regular.ttf', name='Noto Sans Multani', style='normal', variant='normal', weight=400, stretch='normal', size='scalable')) = 10.05
DEBUG 2026-06-09 15:36:34 manager.py:1483 findfont: score(FontEntry(fname='/usr/share/fonts/truetype/liberation/LiberationSerif-BoldItalic.ttf', name='Liberation Serif', style='italic', variant='normal', weight=700, stretch='normal', size='scalable')) = 11.335
DEBUG 2026-06-09 15:36:34 manager.py:1483 findfont: score(FontEntry(fname='/usr/share/fonts/truetype/noto/NotoKufiArabic-Regular.ttf', name='Noto Kufi Arabic', style='normal', variant='normal', weight=400, stretch='normal', size='scalable')) = 10.05
DEBUG 2026-06-09 15:36:34 manager.py:1483 findfont: score(FontEntry(fname='/usr/share/fonts/truetype/noto/NotoSansSymbols-Regular.ttf', name='Noto Sans Symbols', style='normal', variant='normal', weight=400, stretch='normal', size='scalable')) = 10.05
DEBUG 2026-06-09 15:36:34 manager.py:1483 findfont: score(FontEntry(fname='/usr/share/fonts/truetype/noto/NotoSansGurmukhi-Bold.ttf', name='Noto Sans Gurmukhi', style='normal', variant='normal', weight=700, stretch='normal', size='scalable')) = 10.335
DEBUG 2026-06-09 15:36:34 manager.py:1483 findfont: score(FontEntry(fname='/usr/share/fonts/truetype/noto/NotoSerifSinhala-Bold.ttf', name='Noto Serif Sinhala', style='normal', variant='normal', weight=700, stretch='normal', size='scalable')) = 10.335
DEBUG 2026-06-09 15:36:34 manager.py:1483 findfont: score(FontEntry(fname='/usr/share/fonts/truetype/noto/NotoSansTifinaghAir-Regular.ttf', name='Noto Sans Tifinagh Air', style='normal', variant='normal', weight=400, stretch='normal', size='scalable')) = 10.05
DEBUG 2026-06-09 15:36:34 manager.py:1483 findfont: score(FontEntry(fname='/usr/share/fonts/truetype/noto/NotoSansOsmanya-Regular.ttf', name='Noto Sans Osmanya', style='normal', variant='normal', weight=400, stretch='normal', size='scalable')) = 10.05
DEBUG 2026-06-09 15:36:34 manager.py:1483 findfont: score(FontEntry(fname='/usr/share/fonts/truetype/noto/NotoSansTakri-Regular.ttf', name='Noto Sans Takri', style='normal', variant='normal', weight=400, stretch='normal', size='scalable')) = 10.05
DEBUG 2026-06-09 15:36:34 manager.py:1483 findfont: score(FontEntry(fname='/usr/share/fonts/truetype/noto/NotoSansAdlam-Bold.ttf', name='Noto Sans Adlam', style='normal', variant='normal', weight=700, stretch='normal', size='scalable')) = 10.335
DEBUG 2026-06-09 15:36:34 manager.py:1483 findfont: score(FontEntry(fname='/usr/share/fonts/truetype/noto/NotoSansDevanagari-Bold.ttf', name='Noto Sans Devanagari', style='normal', variant='normal', weight=700, stretch='normal', size='scalable')) = 10.335
DEBUG 2026-06-09 15:36:34 manager.py:1483 findfont: score(FontEntry(fname='/usr/share/fonts/truetype/ubuntu/Ubuntu-LI.ttf', name='Ubuntu', style='italic', variant='normal', weight=400, stretch='normal', size='scalable')) = 11.05
DEBUG 2026-06-09 15:36:34 manager.py:1483 findfont: score(FontEntry(fname='/usr/share/fonts/truetype/noto/NotoSansAdlamUnjoined-Bold.ttf', name='Noto Sans Adlam Unjoined', style='normal', variant='normal', weight=700, stretch='normal', size='scalable')) = 10.335
DEBUG 2026-06-09 15:36:34 manager.py:1483 findfont: score(FontEntry(fname='/usr/share/fonts/truetype/lato/Lato-Regular.ttf', name='Lato', style='normal', variant='normal', weight=400, stretch='normal', size='scalable')) = 10.05
DEBUG 2026-06-09 15:36:34 manager.py:1483 findfont: score(FontEntry(fname='/home/kibub/miniforge3/envs/lerobot/fonts/DejaVuSans.ttf', name='DejaVu Sans', style='normal', variant='normal', weight=400, stretch='normal', size='scalable')) = 0.05
DEBUG 2026-06-09 15:36:34 manager.py:1483 findfont: score(FontEntry(fname='/usr/share/fonts/truetype/noto/NotoSansSamaritan-Regular.ttf', name='Noto Sans Samaritan', style='normal', variant='normal', weight=400, stretch='normal', size='scalable')) = 10.05
DEBUG 2026-06-09 15:36:34 manager.py:1483 findfont: score(FontEntry(fname='/usr/share/fonts/truetype/noto/NotoSansTamil-Regular.ttf', name='Noto Sans Tamil', style='normal', variant='normal', weight=400, stretch='normal', size='scalable')) = 10.05
DEBUG 2026-06-09 15:36:34 manager.py:1483 findfont: score(FontEntry(fname='/usr/share/fonts/truetype/noto/NotoSansKhudawadi-Regular.ttf', name='Noto Sans Khudawadi', style='normal', variant='normal', weight=400, stretch='normal', size='scalable')) = 10.05
DEBUG 2026-06-09 15:36:34 manager.py:1483 findfont: score(FontEntry(fname='/usr/share/fonts/truetype/noto/NotoSansCanadianAboriginal-Bold.ttf', name='Noto Sans Canadian Aboriginal', style='normal', variant='normal', weight=700, stretch='normal', size='scalable')) = 10.335
DEBUG 2026-06-09 15:36:34 manager.py:1483 findfont: score(FontEntry(fname='/usr/share/fonts/truetype/noto/NotoSansTifinaghAgrawImazighen-Regular.ttf', name='Noto Sans Tifinagh Agraw Imazighen', style='normal', variant='normal', weight=400, stretch='normal', size='scalable')) = 10.05
DEBUG 2026-06-09 15:36:34 manager.py:1483 findfont: score(FontEntry(fname='/usr/share/fonts/truetype/noto/NotoSansTaiLe-Regular.ttf', name='Noto Sans Tai Le', style='normal', variant='normal', weight=400, stretch='normal', size='scalable')) = 10.05
DEBUG 2026-06-09 15:36:34 manager.py:1483 findfont: score(FontEntry(fname='/home/kibub/miniforge3/envs/lerobot/fonts/UbuntuMono-B.ttf', name='Ubuntu Mono', style='normal', variant='normal', weight=700, stretch='normal', size='scalable')) = 10.335
DEBUG 2026-06-09 15:36:34 manager.py:1483 findfont: score(FontEntry(fname='/usr/share/fonts/truetype/noto/NotoSansAdlam-Regular.ttf', name='Noto Sans Adlam', style='normal', variant='normal', weight=400, stretch='normal', size='scalable')) = 10.05
DEBUG 2026-06-09 15:36:34 manager.py:1483 findfont: score(FontEntry(fname='/usr/share/fonts/truetype/noto/NotoSansBuhid-Regular.ttf', name='Noto Sans Buhid', style='normal', variant='normal', weight=400, stretch='normal', size='scalable')) = 10.05
DEBUG 2026-06-09 15:36:34 manager.py:1483 findfont: score(FontEntry(fname='/usr/share/fonts/truetype/ubuntu/Ubuntu-R.ttf', name='Ubuntu', style='normal', variant='normal', weight=400, stretch='normal', size='scalable')) = 10.05
DEBUG 2026-06-09 15:36:34 manager.py:1483 findfont: score(FontEntry(fname='/usr/share/fonts/opentype/urw-base35/URWBookman-LightItalic.otf', name='URW Bookman', style='italic', variant='normal', weight=300, stretch='normal', size='scalable')) = 11.145
DEBUG 2026-06-09 15:36:34 manager.py:1483 findfont: score(FontEntry(fname='/home/kibub/miniforge3/envs/lerobot/fonts/Ubuntu-Th.ttf', name='Ubuntu', style='normal', variant='normal', weight=250, stretch='normal', size='scalable')) = 10.1925
DEBUG 2026-06-09 15:36:34 manager.py:1483 findfont: score(FontEntry(fname='/usr/share/fonts/truetype/noto/NotoSansInscriptionalPahlavi-Regular.ttf', name='Noto Sans Inscriptional Pahlavi', style='normal', variant='normal', weight=400, stretch='normal', size='scalable')) = 10.05
DEBUG 2026-06-09 15:36:34 manager.py:1483 findfont: score(FontEntry(fname='/home/kibub/miniforge3/envs/lerobot/fonts/SourceCodePro-BoldIt.ttf', name='Source Code Pro', style='italic', variant='normal', weight=700, stretch='normal', size='scalable')) = 11.335
DEBUG 2026-06-09 15:36:34 manager.py:1483 findfont: score(FontEntry(fname='/usr/share/fonts/truetype/noto/NotoSansCuneiform-Regular.ttf', name='Noto Sans Cuneiform', style='normal', variant='normal', weight=400, stretch='normal', size='scalable')) = 10.05
DEBUG 2026-06-09 15:36:34 manager.py:1483 findfont: score(FontEntry(fname='/usr/share/fonts/truetype/noto/NotoSansManichaean-Regular.ttf', name='Noto Sans Manichaean', style='normal', variant='normal', weight=400, stretch='normal', size='scalable')) = 10.05
DEBUG 2026-06-09 15:36:34 manager.py:1483 findfont: score(FontEntry(fname='/usr/share/fonts/truetype/noto/NotoSansInscriptionalParthian-Regular.ttf', name='Noto Sans Inscriptional Parthian', style='normal', variant='normal', weight=400, stretch='normal', size='scalable')) = 10.05
DEBUG 2026-06-09 15:36:34 manager.py:1483 findfont: score(FontEntry(fname='/usr/share/fonts/truetype/noto/NotoSerifGrantha-Regular.ttf', name='Noto Serif Grantha', style='normal', variant='normal', weight=400, stretch='normal', size='scalable')) = 10.05
DEBUG 2026-06-09 15:36:34 manager.py:1483 findfont: score(FontEntry(fname='/usr/share/fonts/truetype/noto/NotoSansLepcha-Regular.ttf', name='Noto Sans Lepcha', style='normal', variant='normal', weight=400, stretch='normal', size='scalable')) = 10.05
DEBUG 2026-06-09 15:36:34 manager.py:1483 findfont: score(FontEntry(fname='/usr/share/fonts/truetype/noto/NotoSansBuginese-Regular.ttf', name='Noto Sans Buginese', style='normal', variant='normal', weight=400, stretch='normal', size='scalable')) = 10.05
DEBUG 2026-06-09 15:36:34 manager.py:1483 findfont: score(FontEntry(fname='/usr/share/fonts/truetype/ubuntu/Ubuntu[wdth,wght].ttf', name='Ubuntu', style='normal', variant='normal', weight=400, stretch='normal', size='scalable')) = 10.05
DEBUG 2026-06-09 15:36:34 manager.py:1483 findfont: score(FontEntry(fname='/usr/share/fonts/truetype/dejavu/DejaVuSans.ttf', name='DejaVu Sans', style='normal', variant='normal', weight=400, stretch='normal', size='scalable')) = 0.05
DEBUG 2026-06-09 15:36:34 manager.py:1483 findfont: score(FontEntry(fname='/usr/share/fonts/truetype/ubuntu/Ubuntu-MI.ttf', name='Ubuntu', style='italic', variant='normal', weight=400, stretch='normal', size='scalable')) = 11.05
DEBUG 2026-06-09 15:36:34 manager.py:1483 findfont: score(FontEntry(fname='/usr/share/fonts/truetype/noto/NotoSerifYezidi-Regular.ttf', name='Noto Serif Yezidi', style='normal', variant='normal', weight=400, stretch='normal', size='scalable')) = 10.05
DEBUG 2026-06-09 15:36:34 manager.py:1483 findfont: score(FontEntry(fname='/usr/share/fonts/truetype/noto/NotoSerifBengali-Bold.ttf', name='Noto Serif Bengali', style='normal', variant='normal', weight=700, stretch='normal', size='scalable')) = 10.335
DEBUG 2026-06-09 15:36:34 manager.py:1483 findfont: score(FontEntry(fname='/usr/share/fonts/truetype/noto/NotoSerifTibetan-Bold.ttf', name='Noto Serif Tibetan', style='normal', variant='normal', weight=700, stretch='normal', size='scalable')) = 10.335
DEBUG 2026-06-09 15:36:34 manager.py:1483 findfont: score(FontEntry(fname='/usr/share/fonts/truetype/open-sans/OpenSans-Light.ttf', name='Open Sans', style='normal', variant='normal', weight=300, stretch='normal', size='scalable')) = 10.145
DEBUG 2026-06-09 15:36:34 manager.py:1483 findfont: score(FontEntry(fname='/usr/share/fonts/opentype/noto/NotoSerifCJK-Regular.ttc', name='Noto Serif CJK JP', style='normal', variant='normal', weight=400, stretch='normal', size='scalable')) = 10.05
DEBUG 2026-06-09 15:36:34 manager.py:1483 findfont: score(FontEntry(fname='/usr/share/fonts/opentype/urw-base35/NimbusRoman-BoldItalic.otf', name='Nimbus Roman', style='italic', variant='normal', weight=700, stretch='normal', size='scalable')) = 11.335
DEBUG 2026-06-09 15:36:34 manager.py:1483 findfont: score(FontEntry(fname='/usr/share/fonts/truetype/noto/NotoSansTelugu-Bold.ttf', name='Noto Sans Telugu', style='normal', variant='normal', weight=700, stretch='normal', size='scalable')) = 10.335
DEBUG 2026-06-09 15:36:34 manager.py:1483 findfont: score(FontEntry(fname='/usr/share/fonts/truetype/lato/Lato-SemiboldItalic.ttf', name='Lato', style='italic', variant='normal', weight=600, stretch='normal', size='scalable')) = 11.24
DEBUG 2026-06-09 15:36:34 manager.py:1483 findfont: score(FontEntry(fname='/usr/share/fonts/truetype/noto/NotoSansOriya-Regular.ttf', name='Noto Sans Oriya', style='normal', variant='normal', weight=400, stretch='normal', size='scalable')) = 10.05
DEBUG 2026-06-09 15:36:34 manager.py:1483 findfont: score(FontEntry(fname='/usr/share/fonts/truetype/liberation/LiberationSerif-Regular.ttf', name='Liberation Serif', style='normal', variant='normal', weight=400, stretch='normal', size='scalable')) = 10.05
DEBUG 2026-06-09 15:36:34 manager.py:1483 findfont: score(FontEntry(fname='/usr/share/fonts/truetype/open-sans/OpenSans-SemiboldItalic.ttf', name='Open Sans', style='italic', variant='normal', weight=600, stretch='normal', size='scalable')) = 11.24
DEBUG 2026-06-09 15:36:34 manager.py:1515 findfont: Matching sans\-serif:style=normal:variant=normal:weight=normal:stretch=normal:size=10.0 to DejaVu Sans ('/home/kibub/miniforge3/envs/lerobot/lib/python3.12/site-packages/matplotlib/mpl-data/fonts/ttf/DejaVuSans.ttf') with score of 0.050000.
INFO 2026-06-09 15:36:34 t_client.py:512 Client stopped
