DEBUG 2026-06-08 17:13:26 rt_utils.py:241 Third-party plugin import summary: imported=[] failed=[]
DEBUG 2026-06-08 17:13:26 d_metavar.py:22 Metavar for type None: None
DEBUG 2026-06-08 17:13:26 formatter.py:52 action type: None, Result: , nargs: 0, default metavar: None
DEBUG 2026-06-08 17:13:26 d_metavar.py:22 Metavar for type <class 'str'>: str
DEBUG 2026-06-08 17:13:26 formatter.py:52 action type: <class 'str'>, Result: str, nargs: None, default metavar: None
DEBUG 2026-06-08 17:13:26 _wrapper.py:168 wrapped field at policy_type has a default value of None
DEBUG 2026-06-08 17:13:26 _wrapper.py:168 wrapped field at pretrained_name_or_path has a default value of None
DEBUG 2026-06-08 17:13:26 _wrapper.py:168 wrapped field at actions_per_chunk has a default value of None
DEBUG 2026-06-08 17:13:26 _wrapper.py:168 wrapped field at task has a default value of 
DEBUG 2026-06-08 17:13:26 _wrapper.py:168 wrapped field at server_address has a default value of localhost:8080
DEBUG 2026-06-08 17:13:26 _wrapper.py:168 wrapped field at policy_device has a default value of cpu
DEBUG 2026-06-08 17:13:26 _wrapper.py:168 wrapped field at client_device has a default value of cpu
DEBUG 2026-06-08 17:13:26 _wrapper.py:168 wrapped field at chunk_size_threshold has a default value of 0.5
DEBUG 2026-06-08 17:13:26 _wrapper.py:168 wrapped field at fps has a default value of 30
DEBUG 2026-06-08 17:13:26 _wrapper.py:168 wrapped field at aggregate_fn_name has a default value of weighted_average
DEBUG 2026-06-08 17:13:26 _wrapper.py:168 wrapped field at debug_visualize_queue_size has a default value of False
DEBUG 2026-06-08 17:13:26 _wrapper.py:309 Arg options for field 'policy_type': {'required': False, 'dest': 'policy_type', 'default': None, 'help': 'Policy configuration', 'type': <class 'str'>}
DEBUG 2026-06-08 17:13:26 _wrapper.py:309 Arg options for field 'pretrained_name_or_path': {'required': False, 'dest': 'pretrained_name_or_path', 'default': None, 'type': <class 'str'>}
DEBUG 2026-06-08 17:13:26 d_metavar.py:22 Metavar for type <class 'str'>: str
DEBUG 2026-06-08 17:13:26 formatter.py:52 action type: <class 'str'>, Result: str, nargs: None, default metavar: None
DEBUG 2026-06-08 17:13:26 _wrapper.py:168 wrapped field at robot.port has a default value of None
DEBUG 2026-06-08 17:13:26 _wrapper.py:168 wrapped field at robot.disable_torque_on_disconnect has a default value of True
DEBUG 2026-06-08 17:13:26 _wrapper.py:201 wrapped field at robot.max_relative_target has a default value of None
DEBUG 2026-06-08 17:13:26 _wrapper.py:201 wrapped field at robot.cameras has a default value of {}
DEBUG 2026-06-08 17:13:26 _wrapper.py:168 wrapped field at robot.use_degrees has a default value of True
DEBUG 2026-06-08 17:13:26 _wrapper.py:201 wrapped field at robot.id has a default value of None
DEBUG 2026-06-08 17:13:26 _wrapper.py:201 wrapped field at robot.calibration_dir has a default value of None
DEBUG 2026-06-08 17:13:26 _wrapper.py:168 wrapped field at robot.port has a default value of None
DEBUG 2026-06-08 17:13:26 _wrapper.py:168 wrapped field at robot.disable_torque_on_disconnect has a default value of True
DEBUG 2026-06-08 17:13:26 _wrapper.py:201 wrapped field at robot.max_relative_target has a default value of None
DEBUG 2026-06-08 17:13:26 _wrapper.py:201 wrapped field at robot.cameras has a default value of {}
DEBUG 2026-06-08 17:13:26 _wrapper.py:168 wrapped field at robot.use_degrees has a default value of True
DEBUG 2026-06-08 17:13:26 _wrapper.py:201 wrapped field at robot.id has a default value of None
DEBUG 2026-06-08 17:13:26 _wrapper.py:201 wrapped field at robot.calibration_dir has a default value of None
DEBUG 2026-06-08 17:13:26 _wrapper.py:201 wrapped field at robot.id has a default value of None
DEBUG 2026-06-08 17:13:26 _wrapper.py:201 wrapped field at robot.calibration_dir has a default value of None
DEBUG 2026-06-08 17:13:26 _wrapper.py:168 wrapped field at robot.left_arm_config.port has a default value of None
DEBUG 2026-06-08 17:13:26 _wrapper.py:168 wrapped field at robot.left_arm_config.disable_torque_on_disconnect has a default value of True
DEBUG 2026-06-08 17:13:26 _wrapper.py:201 wrapped field at robot.left_arm_config.max_relative_target has a default value of None
DEBUG 2026-06-08 17:13:26 _wrapper.py:201 wrapped field at robot.left_arm_config.cameras has a default value of {}
DEBUG 2026-06-08 17:13:26 _wrapper.py:168 wrapped field at robot.left_arm_config.use_degrees has a default value of True
DEBUG 2026-06-08 17:13:26 _wrapper.py:168 wrapped field at robot.right_arm_config.port has a default value of None
DEBUG 2026-06-08 17:13:26 _wrapper.py:168 wrapped field at robot.right_arm_config.disable_torque_on_disconnect has a default value of True
DEBUG 2026-06-08 17:13:26 _wrapper.py:201 wrapped field at robot.right_arm_config.max_relative_target has a default value of None
DEBUG 2026-06-08 17:13:26 _wrapper.py:201 wrapped field at robot.right_arm_config.cameras has a default value of {}
DEBUG 2026-06-08 17:13:26 _wrapper.py:168 wrapped field at robot.right_arm_config.use_degrees has a default value of True
DEBUG 2026-06-08 17:13:26 _wrapper.py:201 wrapped field at robot.top_cameras has a default value of {}
DEBUG 2026-06-08 17:13:26 _wrapper.py:201 wrapped field at robot.id has a default value of None
DEBUG 2026-06-08 17:13:26 _wrapper.py:201 wrapped field at robot.calibration_dir has a default value of None
DEBUG 2026-06-08 17:13:26 _wrapper.py:168 wrapped field at robot.port has a default value of None
DEBUG 2026-06-08 17:13:26 _wrapper.py:168 wrapped field at robot.disable_torque_on_disconnect has a default value of True
DEBUG 2026-06-08 17:13:26 _wrapper.py:201 wrapped field at robot.max_relative_target has a default value of None
DEBUG 2026-06-08 17:13:26 _wrapper.py:201 wrapped field at robot.cameras has a default value of {}
DEBUG 2026-06-08 17:13:26 _wrapper.py:168 wrapped field at robot.use_degrees has a default value of False
DEBUG 2026-06-08 17:13:26 _wrapper.py:201 wrapped field at robot.id has a default value of None
DEBUG 2026-06-08 17:13:26 _wrapper.py:201 wrapped field at robot.calibration_dir has a default value of None
DEBUG 2026-06-08 17:13:26 _wrapper.py:168 wrapped field at robot.port has a default value of None
DEBUG 2026-06-08 17:13:26 _wrapper.py:168 wrapped field at robot.disable_torque_on_disconnect has a default value of True
DEBUG 2026-06-08 17:13:26 _wrapper.py:201 wrapped field at robot.max_relative_target has a default value of None
DEBUG 2026-06-08 17:13:26 _wrapper.py:201 wrapped field at robot.cameras has a default value of {}
DEBUG 2026-06-08 17:13:26 _wrapper.py:168 wrapped field at robot.use_degrees has a default value of False
DEBUG 2026-06-08 17:13:26 docstring.py:65 Couldn't find the attribute docstring: could not find class definition
DEBUG 2026-06-08 17:13:26 _wrapper.py:309 Arg options for field 'port': {'required': False, 'dest': 'robot.port', 'default': None, 'type': <class 'str'>}
DEBUG 2026-06-08 17:13:26 docstring.py:65 Couldn't find the attribute docstring: could not find class definition
DEBUG 2026-06-08 17:13:26 _wrapper.py:309 Arg options for field 'disable_torque_on_disconnect': {'required': False, 'dest': 'robot.disable_torque_on_disconnect', 'default': True, 'help': ' ', 'type': <class 'bool'>}
DEBUG 2026-06-08 17:13:26 docstring.py:65 Couldn't find the attribute docstring: could not find class definition
DEBUG 2026-06-08 17:13:26 _wrapper.py:309 Arg options for field 'max_relative_target': {'required': False, 'dest': 'robot.max_relative_target', 'default': None, 'type': typing.Union[float, typing.Dict[str, float], NoneType]}
DEBUG 2026-06-08 17:13:26 docstring.py:65 Couldn't find the attribute docstring: could not find class definition
DEBUG 2026-06-08 17:13:26 _wrapper.py:309 Arg options for field 'cameras': {'required': False, 'dest': 'robot.cameras', 'default': {}, 'help': ' ', 'type': typing.Dict[str, lerobot.cameras.configs.CameraConfig]}
DEBUG 2026-06-08 17:13:26 docstring.py:65 Couldn't find the attribute docstring: could not find class definition
DEBUG 2026-06-08 17:13:26 _wrapper.py:309 Arg options for field 'use_degrees': {'required': False, 'dest': 'robot.use_degrees', 'default': True, 'help': ' ', 'type': <class 'bool'>}
DEBUG 2026-06-08 17:13:26 _wrapper.py:309 Arg options for field 'id': {'required': False, 'dest': 'robot.id', 'default': None, 'help': 'Allows to distinguish between different robots of the same type', 'type': typing.Optional[str]}
DEBUG 2026-06-08 17:13:26 _wrapper.py:309 Arg options for field 'calibration_dir': {'required': False, 'dest': 'robot.calibration_dir', 'default': None, 'help': 'Directory to store calibration file', 'type': typing.Optional[pathlib.Path]}
DEBUG 2026-06-08 17:13:26 docstring.py:65 Couldn't find the attribute docstring: could not find class definition
DEBUG 2026-06-08 17:13:26 _wrapper.py:309 Arg options for field 'port': {'required': False, 'dest': 'robot.port', 'default': None, 'type': <class 'str'>}
DEBUG 2026-06-08 17:13:26 docstring.py:65 Couldn't find the attribute docstring: could not find class definition
DEBUG 2026-06-08 17:13:26 _wrapper.py:309 Arg options for field 'disable_torque_on_disconnect': {'required': False, 'dest': 'robot.disable_torque_on_disconnect', 'default': True, 'help': ' ', 'type': <class 'bool'>}
DEBUG 2026-06-08 17:13:26 docstring.py:65 Couldn't find the attribute docstring: could not find class definition
DEBUG 2026-06-08 17:13:26 _wrapper.py:309 Arg options for field 'max_relative_target': {'required': False, 'dest': 'robot.max_relative_target', 'default': None, 'type': typing.Union[float, typing.Dict[str, float], NoneType]}
DEBUG 2026-06-08 17:13:26 docstring.py:65 Couldn't find the attribute docstring: could not find class definition
DEBUG 2026-06-08 17:13:26 _wrapper.py:309 Arg options for field 'cameras': {'required': False, 'dest': 'robot.cameras', 'default': {}, 'help': ' ', 'type': typing.Dict[str, lerobot.cameras.configs.CameraConfig]}
DEBUG 2026-06-08 17:13:26 docstring.py:65 Couldn't find the attribute docstring: could not find class definition
DEBUG 2026-06-08 17:13:26 _wrapper.py:309 Arg options for field 'use_degrees': {'required': False, 'dest': 'robot.use_degrees', 'default': True, 'help': ' ', 'type': <class 'bool'>}
DEBUG 2026-06-08 17:13:26 _wrapper.py:309 Arg options for field 'id': {'required': False, 'dest': 'robot.id', 'default': None, 'help': 'Allows to distinguish between different robots of the same type', 'type': typing.Optional[str]}
DEBUG 2026-06-08 17:13:26 _wrapper.py:309 Arg options for field 'calibration_dir': {'required': False, 'dest': 'robot.calibration_dir', 'default': None, 'help': 'Directory to store calibration file', 'type': typing.Optional[pathlib.Path]}
DEBUG 2026-06-08 17:13:26 _wrapper.py:309 Arg options for field 'id': {'required': False, 'dest': 'robot.id', 'default': None, 'help': 'Allows to distinguish between different robots of the same type', 'type': typing.Optional[str]}
DEBUG 2026-06-08 17:13:26 _wrapper.py:309 Arg options for field 'calibration_dir': {'required': False, 'dest': 'robot.calibration_dir', 'default': None, 'help': 'Directory to store calibration file', 'type': typing.Optional[pathlib.Path]}
DEBUG 2026-06-08 17:13:26 d_metavar.py:22 Metavar for type <class 'str'>: str
DEBUG 2026-06-08 17:13:26 formatter.py:52 action type: <class 'str'>, Result: str, nargs: None, default metavar: None
DEBUG 2026-06-08 17:13:26 _wrapper.py:309 Arg options for field 'port': {'required': False, 'dest': 'robot.left_arm_config.port', 'default': None, 'help': 'Port to connect to the arm', 'type': <class 'str'>}
DEBUG 2026-06-08 17:13:26 _wrapper.py:309 Arg options for field 'disable_torque_on_disconnect': {'required': False, 'dest': 'robot.left_arm_config.disable_torque_on_disconnect', 'default': True, 'help': ' ', 'type': <class 'bool'>}
DEBUG 2026-06-08 17:13:26 _wrapper.py:309 Arg options for field 'max_relative_target': {'required': False, 'dest': 'robot.left_arm_config.max_relative_target', 'default': None, 'help': '`max_relative_target` limits the magnitude of the relative positional target vector for safety purposes.\nSet this to a positive scalar to have the same value for all motors, or a dictionary that maps motor\nnames to the max_relative_target value for that motor.', 'type': typing.Union[float, typing.Dict[str, float], NoneType]}
DEBUG 2026-06-08 17:13:26 _wrapper.py:309 Arg options for field 'cameras': {'required': False, 'dest': 'robot.left_arm_config.cameras', 'default': {}, 'help': 'cameras', 'type': typing.Dict[str, lerobot.cameras.configs.CameraConfig]}
DEBUG 2026-06-08 17:13:26 _wrapper.py:309 Arg options for field 'use_degrees': {'required': False, 'dest': 'robot.left_arm_config.use_degrees', 'default': True, 'help': 'Set to `True` for backward compatibility with previous policies/dataset', 'type': <class 'bool'>}
DEBUG 2026-06-08 17:13:26 d_metavar.py:22 Metavar for type <class 'str'>: str
DEBUG 2026-06-08 17:13:26 formatter.py:52 action type: <class 'str'>, Result: str, nargs: None, default metavar: None
DEBUG 2026-06-08 17:13:26 _wrapper.py:309 Arg options for field 'port': {'required': False, 'dest': 'robot.right_arm_config.port', 'default': None, 'help': 'Port to connect to the arm', 'type': <class 'str'>}
DEBUG 2026-06-08 17:13:26 _wrapper.py:309 Arg options for field 'disable_torque_on_disconnect': {'required': False, 'dest': 'robot.right_arm_config.disable_torque_on_disconnect', 'default': True, 'help': ' ', 'type': <class 'bool'>}
DEBUG 2026-06-08 17:13:26 _wrapper.py:309 Arg options for field 'max_relative_target': {'required': False, 'dest': 'robot.right_arm_config.max_relative_target', 'default': None, 'help': '`max_relative_target` limits the magnitude of the relative positional target vector for safety purposes.\nSet this to a positive scalar to have the same value for all motors, or a dictionary that maps motor\nnames to the max_relative_target value for that motor.', 'type': typing.Union[float, typing.Dict[str, float], NoneType]}
DEBUG 2026-06-08 17:13:26 _wrapper.py:309 Arg options for field 'cameras': {'required': False, 'dest': 'robot.right_arm_config.cameras', 'default': {}, 'help': 'cameras', 'type': typing.Dict[str, lerobot.cameras.configs.CameraConfig]}
DEBUG 2026-06-08 17:13:26 _wrapper.py:309 Arg options for field 'use_degrees': {'required': False, 'dest': 'robot.right_arm_config.use_degrees', 'default': True, 'help': 'Set to `True` for backward compatibility with previous policies/dataset', 'type': <class 'bool'>}
DEBUG 2026-06-08 17:13:26 _wrapper.py:309 Arg options for field 'top_cameras': {'required': False, 'dest': 'robot.top_cameras', 'default': {}, 'help': ' ', 'type': typing.Dict[str, lerobot.cameras.configs.CameraConfig]}
DEBUG 2026-06-08 17:13:26 _wrapper.py:309 Arg options for field 'id': {'required': False, 'dest': 'robot.id', 'default': None, 'help': 'Allows to distinguish between different robots of the same type', 'type': typing.Optional[str]}
DEBUG 2026-06-08 17:13:26 _wrapper.py:309 Arg options for field 'calibration_dir': {'required': False, 'dest': 'robot.calibration_dir', 'default': None, 'help': 'Directory to store calibration file', 'type': typing.Optional[pathlib.Path]}
DEBUG 2026-06-08 17:13:26 _wrapper.py:309 Arg options for field 'port': {'required': False, 'dest': 'robot.port', 'default': None, 'help': 'Port to connect to the arm', 'type': <class 'str'>}
DEBUG 2026-06-08 17:13:26 _wrapper.py:309 Arg options for field 'disable_torque_on_disconnect': {'required': False, 'dest': 'robot.disable_torque_on_disconnect', 'default': True, 'help': ' ', 'type': <class 'bool'>}
DEBUG 2026-06-08 17:13:26 _wrapper.py:309 Arg options for field 'max_relative_target': {'required': False, 'dest': 'robot.max_relative_target', 'default': None, 'help': '`max_relative_target` limits the magnitude of the relative positional target vector for safety purposes.\nSet this to a positive scalar to have the same value for all motors, or a dictionary that maps motor\nnames to the max_relative_target value for that motor.', 'type': typing.Union[float, typing.Dict[str, float], NoneType]}
DEBUG 2026-06-08 17:13:26 _wrapper.py:309 Arg options for field 'cameras': {'required': False, 'dest': 'robot.cameras', 'default': {}, 'help': 'cameras', 'type': typing.Dict[str, lerobot.cameras.configs.CameraConfig]}
DEBUG 2026-06-08 17:13:26 _wrapper.py:309 Arg options for field 'use_degrees': {'required': False, 'dest': 'robot.use_degrees', 'default': False, 'help': 'Set to `True` for backward compatibility with previous policies/dataset', 'type': <class 'bool'>}
DEBUG 2026-06-08 17:13:26 _wrapper.py:309 Arg options for field 'id': {'required': False, 'dest': 'robot.id', 'default': None, 'help': 'Allows to distinguish between different robots of the same type', 'type': typing.Optional[str]}
DEBUG 2026-06-08 17:13:26 _wrapper.py:309 Arg options for field 'calibration_dir': {'required': False, 'dest': 'robot.calibration_dir', 'default': None, 'help': 'Directory to store calibration file', 'type': typing.Optional[pathlib.Path]}
DEBUG 2026-06-08 17:13:26 _wrapper.py:309 Arg options for field 'port': {'required': False, 'dest': 'robot.port', 'default': None, 'help': 'Port to connect to the arm', 'type': <class 'str'>}
DEBUG 2026-06-08 17:13:26 _wrapper.py:309 Arg options for field 'disable_torque_on_disconnect': {'required': False, 'dest': 'robot.disable_torque_on_disconnect', 'default': True, 'help': ' ', 'type': <class 'bool'>}
DEBUG 2026-06-08 17:13:26 _wrapper.py:309 Arg options for field 'max_relative_target': {'required': False, 'dest': 'robot.max_relative_target', 'default': None, 'help': '`max_relative_target` limits the magnitude of the relative positional target vector for safety purposes.\nSet this to a positive scalar to have the same value for all motors, or a dictionary that maps motor\nnames to the max_relative_target value for that motor.', 'type': typing.Union[float, typing.Dict[str, float], NoneType]}
DEBUG 2026-06-08 17:13:26 _wrapper.py:309 Arg options for field 'cameras': {'required': False, 'dest': 'robot.cameras', 'default': {}, 'help': 'cameras', 'type': typing.Dict[str, lerobot.cameras.configs.CameraConfig]}
DEBUG 2026-06-08 17:13:26 _wrapper.py:309 Arg options for field 'use_degrees': {'required': False, 'dest': 'robot.use_degrees', 'default': False, 'help': 'Set to `True` for backward compatibility with previous policies/dataset', 'type': <class 'bool'>}
DEBUG 2026-06-08 17:13:26 _wrapper.py:309 Arg options for field 'actions_per_chunk': {'required': False, 'dest': 'actions_per_chunk', 'default': None, 'help': 'Policies typically output K actions at max, but we can use less to avoid wasting bandwidth (as actions\nwould be aggregated on the client side anyway, depending on the value of `chunk_size_threshold`)', 'type': <class 'int'>}
DEBUG 2026-06-08 17:13:26 _wrapper.py:309 Arg options for field 'task': {'required': False, 'dest': 'task', 'default': '', 'help': "Task instruction for the robot to execute (e.g., 'fold my tshirt')", 'type': <class 'str'>}
DEBUG 2026-06-08 17:13:26 _wrapper.py:309 Arg options for field 'server_address': {'required': False, 'dest': 'server_address', 'default': 'localhost:8080', 'help': 'Network configuration', 'type': <class 'str'>}
DEBUG 2026-06-08 17:13:26 _wrapper.py:309 Arg options for field 'policy_device': {'required': False, 'dest': 'policy_device', 'default': 'cpu', 'help': 'Device configuration', 'type': <class 'str'>}
DEBUG 2026-06-08 17:13:26 ocstring.py:253 Warning: Unable to parse attribute docstring:         default="cpu",
DEBUG 2026-06-08 17:13:26 _wrapper.py:309 Arg options for field 'client_device': {'required': False, 'dest': 'client_device', 'default': 'cpu', 'help': ' ', 'type': <class 'str'>}
DEBUG 2026-06-08 17:13:26 _wrapper.py:309 Arg options for field 'chunk_size_threshold': {'required': False, 'dest': 'chunk_size_threshold', 'default': 0.5, 'help': '\n\nControl behavior configuration', 'type': <class 'float'>}
DEBUG 2026-06-08 17:13:26 _wrapper.py:309 Arg options for field 'fps': {'required': False, 'dest': 'fps', 'default': 30, 'help': ' ', 'type': <class 'int'>}
DEBUG 2026-06-08 17:13:26 ocstring.py:253 Warning: Unable to parse attribute docstring:         default="weighted_average",
DEBUG 2026-06-08 17:13:26 _wrapper.py:309 Arg options for field 'aggregate_fn_name': {'required': False, 'dest': 'aggregate_fn_name', 'default': 'weighted_average', 'help': 'Aggregate function configuration (CLI-compatible)', 'type': <class 'str'>}
DEBUG 2026-06-08 17:13:26 ocstring.py:253 Warning: Unable to parse attribute docstring:         default=False, metadata={"help": "Visualize the action queue size"}
DEBUG 2026-06-08 17:13:26 _wrapper.py:309 Arg options for field 'debug_visualize_queue_size': {'required': False, 'dest': 'debug_visualize_queue_size', 'default': False, 'help': '\n\n\nDebug configuration', 'type': <class 'bool'>}
DEBUG 2026-06-08 17:13:26 gparsing.py:143 
POST PROCESSING

DEBUG 2026-06-08 17:13:26 gparsing.py:144 (raw) parsed args: Namespace(task='Pick up the cup by the cup handle using the right arm', server_address='10.145.8.86:8080', policy_type='groot', pretrained_name_or_path='oliveoil8888/groot-pick-up-cup-right-arm', policy_device='cuda', actions_per_chunk='16', debug_visualize_queue_size='true', **{'robot.type': 'bi_so_follower', 'robot.left_arm_config.port': '/dev/follower_left', 'robot.right_arm_config.port': '/dev/follower_right', 'robot.top_cameras': '{ top_realsense_color: {type: opencv, index_or_path: /dev/video4, width: 640, height: 480, fps: 30}, top_realsense_depth: {type: opencv, index_or_path: /dev/video2, width: 640, height: 480, fps: 30}, top_webcam: {type: opencv, index_or_path: /dev/video6, width: 640, height: 480, fps: 30}}', 'robot.right_arm_config.cameras': '{ wrist: {type: opencv, index_or_path: /dev/wrist_right, width: 640, height: 480, fps: 30}}', 'robot.left_arm_config.cameras': '{ wrist: {type: opencv, index_or_path: /dev/wrist_left, width: 640, height: 480, fps: 30}}', 'robot.id': 'follower'})
DEBUG 2026-06-08 17:13:26 decoding.py:112 from_dict for <class 'lerobot.async_inference.configs.RobotClientConfig'>
DEBUG 2026-06-08 17:13:26 decoding.py:132 Decode name = policy_type, type = <class 'str'>
DEBUG 2026-06-08 17:13:26 decoding.py:132 Decode name = pretrained_name_or_path, type = <class 'str'>
DEBUG 2026-06-08 17:13:26 decoding.py:132 Decode name = robot, type = <class 'lerobot.robots.config.RobotConfig'>
DEBUG 2026-06-08 17:13:26 decoding.py:112 from_dict for <class 'lerobot.robots.bi_so_follower.config_bi_so_follower.BiSOFollowerConfig'>
DEBUG 2026-06-08 17:13:26 decoding.py:132 Decode name = id, type = typing.Optional[str]
DEBUG 2026-06-08 17:13:26 decoding.py:293 Decoding a Union field: typing.Optional[str]
DEBUG 2026-06-08 17:13:26 decoding.py:132 Decode name = left_arm_config, type = <class 'lerobot.robots.so_follower.config_so_follower.SOFollowerConfig'>
DEBUG 2026-06-08 17:13:26 decoding.py:112 from_dict for <class 'lerobot.robots.so_follower.config_so_follower.SOFollowerConfig'>
DEBUG 2026-06-08 17:13:26 decoding.py:132 Decode name = port, type = <class 'str'>
DEBUG 2026-06-08 17:13:26 decoding.py:132 Decode name = cameras, type = dict[str, lerobot.cameras.configs.CameraConfig]
DEBUG 2026-06-08 17:13:26 decoding.py:261 Decoding a Dict field: dict[str, lerobot.cameras.configs.CameraConfig]
DEBUG 2026-06-08 17:13:26 decoding.py:112 from_dict for <class 'lerobot.cameras.opencv.configuration_opencv.OpenCVCameraConfig'>
DEBUG 2026-06-08 17:13:26 decoding.py:132 Decode name = fps, type = typing.Optional[int]
DEBUG 2026-06-08 17:13:26 decoding.py:293 Decoding a Union field: typing.Optional[int]
DEBUG 2026-06-08 17:13:26 decoding.py:132 Decode name = width, type = typing.Optional[int]
DEBUG 2026-06-08 17:13:26 decoding.py:132 Decode name = height, type = typing.Optional[int]
DEBUG 2026-06-08 17:13:26 decoding.py:132 Decode name = index_or_path, type = typing.Union[int, pathlib.Path]
DEBUG 2026-06-08 17:13:26 decoding.py:293 Decoding a Union field: typing.Union[int, pathlib.Path]
DEBUG 2026-06-08 17:13:26 decoding.py:132 Decode name = right_arm_config, type = <class 'lerobot.robots.so_follower.config_so_follower.SOFollowerConfig'>
DEBUG 2026-06-08 17:13:26 decoding.py:112 from_dict for <class 'lerobot.robots.so_follower.config_so_follower.SOFollowerConfig'>
DEBUG 2026-06-08 17:13:26 decoding.py:132 Decode name = port, type = <class 'str'>
DEBUG 2026-06-08 17:13:26 decoding.py:132 Decode name = cameras, type = dict[str, lerobot.cameras.configs.CameraConfig]
DEBUG 2026-06-08 17:13:26 decoding.py:112 from_dict for <class 'lerobot.cameras.opencv.configuration_opencv.OpenCVCameraConfig'>
DEBUG 2026-06-08 17:13:26 decoding.py:132 Decode name = fps, type = typing.Optional[int]
DEBUG 2026-06-08 17:13:26 decoding.py:132 Decode name = width, type = typing.Optional[int]
DEBUG 2026-06-08 17:13:26 decoding.py:132 Decode name = height, type = typing.Optional[int]
DEBUG 2026-06-08 17:13:26 decoding.py:132 Decode name = index_or_path, type = typing.Union[int, pathlib.Path]
DEBUG 2026-06-08 17:13:26 decoding.py:132 Decode name = top_cameras, type = dict[str, lerobot.cameras.configs.CameraConfig]
DEBUG 2026-06-08 17:13:26 decoding.py:112 from_dict for <class 'lerobot.cameras.opencv.configuration_opencv.OpenCVCameraConfig'>
DEBUG 2026-06-08 17:13:26 decoding.py:132 Decode name = fps, type = typing.Optional[int]
DEBUG 2026-06-08 17:13:26 decoding.py:132 Decode name = width, type = typing.Optional[int]
DEBUG 2026-06-08 17:13:26 decoding.py:132 Decode name = height, type = typing.Optional[int]
DEBUG 2026-06-08 17:13:26 decoding.py:132 Decode name = index_or_path, type = typing.Union[int, pathlib.Path]
DEBUG 2026-06-08 17:13:26 decoding.py:112 from_dict for <class 'lerobot.cameras.opencv.configuration_opencv.OpenCVCameraConfig'>
DEBUG 2026-06-08 17:13:26 decoding.py:132 Decode name = fps, type = typing.Optional[int]
DEBUG 2026-06-08 17:13:26 decoding.py:132 Decode name = width, type = typing.Optional[int]
DEBUG 2026-06-08 17:13:26 decoding.py:132 Decode name = height, type = typing.Optional[int]
DEBUG 2026-06-08 17:13:26 decoding.py:132 Decode name = index_or_path, type = typing.Union[int, pathlib.Path]
DEBUG 2026-06-08 17:13:26 decoding.py:112 from_dict for <class 'lerobot.cameras.opencv.configuration_opencv.OpenCVCameraConfig'>
DEBUG 2026-06-08 17:13:26 decoding.py:132 Decode name = fps, type = typing.Optional[int]
DEBUG 2026-06-08 17:13:26 decoding.py:132 Decode name = width, type = typing.Optional[int]
DEBUG 2026-06-08 17:13:26 decoding.py:132 Decode name = height, type = typing.Optional[int]
DEBUG 2026-06-08 17:13:26 decoding.py:132 Decode name = index_or_path, type = typing.Union[int, pathlib.Path]
DEBUG 2026-06-08 17:13:26 decoding.py:132 Decode name = actions_per_chunk, type = <class 'int'>
DEBUG 2026-06-08 17:13:26 decoding.py:132 Decode name = task, type = <class 'str'>
DEBUG 2026-06-08 17:13:26 decoding.py:132 Decode name = server_address, type = <class 'str'>
DEBUG 2026-06-08 17:13:26 decoding.py:132 Decode name = policy_device, type = <class 'str'>
DEBUG 2026-06-08 17:13:26 decoding.py:132 Decode name = debug_visualize_queue_size, type = <class 'bool'>
INFO 2026-06-08 17:13:26 t_client.py:486 {'actions_per_chunk': 16,
 'aggregate_fn_name': 'weighted_average',
 'chunk_size_threshold': 0.5,
 'client_device': 'cpu',
 'debug_visualize_queue_size': True,
 'fps': 30,
 'policy_device': 'cuda',
 'policy_type': 'groot',
 'pretrained_name_or_path': 'oliveoil8888/groot-pick-up-cup-right-arm',
 'robot': {'calibration_dir': None,
           'id': 'follower',
           'left_arm_config': {'cameras': {'wrist': {'backend': <Cv2Backends.ANY: 0>,
                                                     'color_mode': <ColorMode.RGB: 'rgb'>,
                                                     'fourcc': 'MJPG',
                                                     'fps': 30,
                                                     'height': 480,
                                                     'index_or_path': PosixPath('/dev/wrist_left'),
                                                     'rotation': <Cv2Rotation.NO_ROTATION: 0>,
                                                     'warmup_s': 1,
                                                     'width': 640}},
                               'disable_torque_on_disconnect': True,
                               'max_relative_target': None,
                               'port': '/dev/follower_left',
                               'use_degrees': True},
           'right_arm_config': {'cameras': {'wrist': {'backend': <Cv2Backends.ANY: 0>,
                                                      'color_mode': <ColorMode.RGB: 'rgb'>,
                                                      'fourcc': 'MJPG',
                                                      'fps': 30,
                                                      'height': 480,
                                                      'index_or_path': PosixPath('/dev/wrist_right'),
                                                      'rotation': <Cv2Rotation.NO_ROTATION: 0>,
                                                      'warmup_s': 1,
                                                      'width': 640}},
                                'disable_torque_on_disconnect': True,
                                'max_relative_target': None,
                                'port': '/dev/follower_right',
                                'use_degrees': True},
           'top_cameras': {'top_realsense_color': {'backend': <Cv2Backends.ANY: 0>,
                                                   'color_mode': <ColorMode.RGB: 'rgb'>,
                                                   'fourcc': 'MJPG',
                                                   'fps': 30,
                                                   'height': 480,
                                                   'index_or_path': PosixPath('/dev/video4'),
                                                   'rotation': <Cv2Rotation.NO_ROTATION: 0>,
                                                   'warmup_s': 1,
                                                   'width': 640},
                           'top_realsense_depth': {'backend': <Cv2Backends.ANY: 0>,
                                                   'color_mode': <ColorMode.RGB: 'rgb'>,
                                                   'fourcc': 'MJPG',
                                                   'fps': 30,
                                                   'height': 480,
                                                   'index_or_path': PosixPath('/dev/video2'),
                                                   'rotation': <Cv2Rotation.NO_ROTATION: 0>,
                                                   'warmup_s': 1,
                                                   'width': 640},
                           'top_webcam': {'backend': <Cv2Backends.ANY: 0>,
                                          'color_mode': <ColorMode.RGB: 'rgb'>,
                                          'fourcc': 'MJPG',
                                          'fps': 30,
                                          'height': 480,
                                          'index_or_path': PosixPath('/dev/video6'),
                                          'rotation': <Cv2Rotation.NO_ROTATION: 0>,
                                          'warmup_s': 1,
                                          'width': 640}}},
 'server_address': '10.145.8.86:8080',
 'task': 'Pick up the cup by the cup handle using the right arm'}
DEBUG 2026-06-08 17:13:26 decoding.py:261 Decoding a Dict field: typing.Dict[str, lerobot.motors.motors_bus.MotorCalibration]
DEBUG 2026-06-08 17:13:26 decoding.py:112 from_dict for <class 'lerobot.motors.motors_bus.MotorCalibration'>
DEBUG 2026-06-08 17:13:26 decoding.py:132 Decode name = id, type = <class 'int'>
DEBUG 2026-06-08 17:13:26 decoding.py:132 Decode name = drive_mode, type = <class 'int'>
DEBUG 2026-06-08 17:13:26 decoding.py:132 Decode name = homing_offset, type = <class 'int'>
DEBUG 2026-06-08 17:13:26 decoding.py:132 Decode name = range_min, type = <class 'int'>
DEBUG 2026-06-08 17:13:26 decoding.py:132 Decode name = range_max, type = <class 'int'>
DEBUG 2026-06-08 17:13:26 decoding.py:112 from_dict for <class 'lerobot.motors.motors_bus.MotorCalibration'>
DEBUG 2026-06-08 17:13:26 decoding.py:132 Decode name = id, type = <class 'int'>
DEBUG 2026-06-08 17:13:26 decoding.py:132 Decode name = drive_mode, type = <class 'int'>
DEBUG 2026-06-08 17:13:26 decoding.py:132 Decode name = homing_offset, type = <class 'int'>
DEBUG 2026-06-08 17:13:26 decoding.py:132 Decode name = range_min, type = <class 'int'>
DEBUG 2026-06-08 17:13:26 decoding.py:132 Decode name = range_max, type = <class 'int'>
DEBUG 2026-06-08 17:13:26 decoding.py:112 from_dict for <class 'lerobot.motors.motors_bus.MotorCalibration'>
DEBUG 2026-06-08 17:13:26 decoding.py:132 Decode name = id, type = <class 'int'>
DEBUG 2026-06-08 17:13:26 decoding.py:132 Decode name = drive_mode, type = <class 'int'>
DEBUG 2026-06-08 17:13:26 decoding.py:132 Decode name = homing_offset, type = <class 'int'>
DEBUG 2026-06-08 17:13:26 decoding.py:132 Decode name = range_min, type = <class 'int'>
DEBUG 2026-06-08 17:13:26 decoding.py:132 Decode name = range_max, type = <class 'int'>
DEBUG 2026-06-08 17:13:26 decoding.py:112 from_dict for <class 'lerobot.motors.motors_bus.MotorCalibration'>
DEBUG 2026-06-08 17:13:26 decoding.py:132 Decode name = id, type = <class 'int'>
DEBUG 2026-06-08 17:13:26 decoding.py:132 Decode name = drive_mode, type = <class 'int'>
DEBUG 2026-06-08 17:13:26 decoding.py:132 Decode name = homing_offset, type = <class 'int'>
DEBUG 2026-06-08 17:13:26 decoding.py:132 Decode name = range_min, type = <class 'int'>
DEBUG 2026-06-08 17:13:26 decoding.py:132 Decode name = range_max, type = <class 'int'>
DEBUG 2026-06-08 17:13:26 decoding.py:112 from_dict for <class 'lerobot.motors.motors_bus.MotorCalibration'>
DEBUG 2026-06-08 17:13:26 decoding.py:132 Decode name = id, type = <class 'int'>
DEBUG 2026-06-08 17:13:26 decoding.py:132 Decode name = drive_mode, type = <class 'int'>
DEBUG 2026-06-08 17:13:26 decoding.py:132 Decode name = homing_offset, type = <class 'int'>
DEBUG 2026-06-08 17:13:26 decoding.py:132 Decode name = range_min, type = <class 'int'>
DEBUG 2026-06-08 17:13:26 decoding.py:132 Decode name = range_max, type = <class 'int'>
DEBUG 2026-06-08 17:13:26 decoding.py:112 from_dict for <class 'lerobot.motors.motors_bus.MotorCalibration'>
DEBUG 2026-06-08 17:13:26 decoding.py:132 Decode name = id, type = <class 'int'>
DEBUG 2026-06-08 17:13:26 decoding.py:132 Decode name = drive_mode, type = <class 'int'>
DEBUG 2026-06-08 17:13:26 decoding.py:132 Decode name = homing_offset, type = <class 'int'>
DEBUG 2026-06-08 17:13:26 decoding.py:132 Decode name = range_min, type = <class 'int'>
DEBUG 2026-06-08 17:13:26 decoding.py:132 Decode name = range_max, type = <class 'int'>
DEBUG 2026-06-08 17:13:26 ort_utils.py:65 Detected feetech-servo-sdk version: 1.0.0
DEBUG 2026-06-08 17:13:26 ort_utils.py:65 Detected pyserial version: 3.5
DEBUG 2026-06-08 17:13:26 ort_utils.py:65 Detected deepdiff version: 8.6.2
DEBUG 2026-06-08 17:13:26 decoding.py:112 from_dict for <class 'lerobot.motors.motors_bus.MotorCalibration'>
DEBUG 2026-06-08 17:13:26 decoding.py:132 Decode name = id, type = <class 'int'>
DEBUG 2026-06-08 17:13:26 decoding.py:132 Decode name = drive_mode, type = <class 'int'>
DEBUG 2026-06-08 17:13:26 decoding.py:132 Decode name = homing_offset, type = <class 'int'>
DEBUG 2026-06-08 17:13:26 decoding.py:132 Decode name = range_min, type = <class 'int'>
DEBUG 2026-06-08 17:13:26 decoding.py:132 Decode name = range_max, type = <class 'int'>
DEBUG 2026-06-08 17:13:26 decoding.py:112 from_dict for <class 'lerobot.motors.motors_bus.MotorCalibration'>
DEBUG 2026-06-08 17:13:26 decoding.py:132 Decode name = id, type = <class 'int'>
DEBUG 2026-06-08 17:13:26 decoding.py:132 Decode name = drive_mode, type = <class 'int'>
DEBUG 2026-06-08 17:13:26 decoding.py:132 Decode name = homing_offset, type = <class 'int'>
DEBUG 2026-06-08 17:13:26 decoding.py:132 Decode name = range_min, type = <class 'int'>
DEBUG 2026-06-08 17:13:26 decoding.py:132 Decode name = range_max, type = <class 'int'>
DEBUG 2026-06-08 17:13:26 decoding.py:112 from_dict for <class 'lerobot.motors.motors_bus.MotorCalibration'>
DEBUG 2026-06-08 17:13:26 decoding.py:132 Decode name = id, type = <class 'int'>
DEBUG 2026-06-08 17:13:26 decoding.py:132 Decode name = drive_mode, type = <class 'int'>
DEBUG 2026-06-08 17:13:26 decoding.py:132 Decode name = homing_offset, type = <class 'int'>
DEBUG 2026-06-08 17:13:26 decoding.py:132 Decode name = range_min, type = <class 'int'>
DEBUG 2026-06-08 17:13:26 decoding.py:132 Decode name = range_max, type = <class 'int'>
DEBUG 2026-06-08 17:13:26 decoding.py:112 from_dict for <class 'lerobot.motors.motors_bus.MotorCalibration'>
DEBUG 2026-06-08 17:13:26 decoding.py:132 Decode name = id, type = <class 'int'>
DEBUG 2026-06-08 17:13:26 decoding.py:132 Decode name = drive_mode, type = <class 'int'>
DEBUG 2026-06-08 17:13:26 decoding.py:132 Decode name = homing_offset, type = <class 'int'>
DEBUG 2026-06-08 17:13:26 decoding.py:132 Decode name = range_min, type = <class 'int'>
DEBUG 2026-06-08 17:13:26 decoding.py:132 Decode name = range_max, type = <class 'int'>
DEBUG 2026-06-08 17:13:26 decoding.py:112 from_dict for <class 'lerobot.motors.motors_bus.MotorCalibration'>
DEBUG 2026-06-08 17:13:26 decoding.py:132 Decode name = id, type = <class 'int'>
DEBUG 2026-06-08 17:13:26 decoding.py:132 Decode name = drive_mode, type = <class 'int'>
DEBUG 2026-06-08 17:13:26 decoding.py:132 Decode name = homing_offset, type = <class 'int'>
DEBUG 2026-06-08 17:13:26 decoding.py:132 Decode name = range_min, type = <class 'int'>
DEBUG 2026-06-08 17:13:26 decoding.py:132 Decode name = range_max, type = <class 'int'>
DEBUG 2026-06-08 17:13:26 decoding.py:112 from_dict for <class 'lerobot.motors.motors_bus.MotorCalibration'>
DEBUG 2026-06-08 17:13:26 decoding.py:132 Decode name = id, type = <class 'int'>
DEBUG 2026-06-08 17:13:26 decoding.py:132 Decode name = drive_mode, type = <class 'int'>
DEBUG 2026-06-08 17:13:26 decoding.py:132 Decode name = homing_offset, type = <class 'int'>
DEBUG 2026-06-08 17:13:26 decoding.py:132 Decode name = range_min, type = <class 'int'>
DEBUG 2026-06-08 17:13:26 decoding.py:132 Decode name = range_max, type = <class 'int'>
DEBUG 2026-06-08 17:13:26 tors_bus.py:527 FeetechMotorsBus connected.
INFO 2026-06-08 17:13:27 a_opencv.py:183 OpenCVCamera(/dev/wrist_left) connected.
INFO 2026-06-08 17:13:27 follower.py:105 follower_left SOFollower connected.
DEBUG 2026-06-08 17:13:27 tors_bus.py:527 FeetechMotorsBus connected.
INFO 2026-06-08 17:13:29 a_opencv.py:183 OpenCVCamera(/dev/wrist_right) connected.
INFO 2026-06-08 17:13:29 follower.py:105 follower_right SOFollower connected.
WARNING 2026-06-08 17:13:29 a_opencv.py:266 OpenCVCamera(/dev/video4) failed to set fourcc=MJPG (actual=YUYV, success=True). Continuing with default format.
INFO 2026-06-08 17:13:30 a_opencv.py:183 OpenCVCamera(/dev/video4) connected.
INFO 2026-06-08 17:13:30 follower.py:134 Top camera 'top_realsense_color' connected.
WARNING 2026-06-08 17:13:30 a_opencv.py:266 OpenCVCamera(/dev/video2) failed to set fourcc=MJPG (actual=UYVY, success=True). Continuing with default format.
INFO 2026-06-08 17:13:31 a_opencv.py:183 OpenCVCamera(/dev/video2) connected.
INFO 2026-06-08 17:13:31 follower.py:134 Top camera 'top_realsense_depth' connected.
INFO 2026-06-08 17:13:33 a_opencv.py:183 OpenCVCamera(/dev/video6) connected.
INFO 2026-06-08 17:13:33 follower.py:134 Top camera 'top_webcam' connected.
INFO 2026-06-08 17:13:33 t_client.py:114 Initializing client to connect to server at 10.145.8.86:8080
INFO 2026-06-08 17:13:33 t_client.py:133 Robot connected and ready
DEBUG 2026-06-08 17:13:33 t_client.py:150 Connected to policy server in 0.0185s
INFO 2026-06-08 17:13:33 t_client.py:156 Sending policy instructions to policy server
DEBUG 2026-06-08 17:13:33 t_client.py:157 Policy type: groot | Pretrained name or path: oliveoil8888/groot-pick-up-cup-right-arm | Device: cuda
INFO 2026-06-08 17:14:36 t_client.py:495 Starting action receiver thread...
INFO 2026-06-08 17:14:36 t_client.py:462 Control loop thread starting
INFO 2026-06-08 17:14:36 t_client.py:273 Action receiving thread starting
DEBUG 2026-06-08 17:14:36 follower.py:184 follower_left SOFollower read state: 3.7ms
DEBUG 2026-06-08 17:14:36 follower.py:191 follower_left SOFollower read wrist: 0.1ms
DEBUG 2026-06-08 17:14:36 follower.py:184 follower_right SOFollower read state: 4.2ms
DEBUG 2026-06-08 17:14:36 follower.py:191 follower_right SOFollower read wrist: 0.1ms
DEBUG 2026-06-08 17:14:36 t_client.py:198 Observation serialization time: 0.014972s
DEBUG 2026-06-08 17:14:36 ort/utils.py:54 [CLIENT] Observation Buffer size 4.3954973220825195 MB with
DEBUG 2026-06-08 17:14:36 ort/utils.py:69 [CLIENT] Observation Sent 2097152/4609013 bytes with state 1
DEBUG 2026-06-08 17:14:37 ort/utils.py:69 [CLIENT] Observation Sent 4194304/4609013 bytes with state 2
DEBUG 2026-06-08 17:14:37 ort/utils.py:69 [CLIENT] Observation Sent 4609013/4609013 bytes with state 3
DEBUG 2026-06-08 17:14:37 ort/utils.py:71 [CLIENT] Observation Published 4.3954973220825195 MB
DEBUG 2026-06-08 17:14:37 t_client.py:209 Sent observation #0 | 
DEBUG 2026-06-08 17:14:37 t_client.py:434 QUEUE SIZE: 0 (Must go: True)
DEBUG 2026-06-08 17:14:37 t_client.py:477 Control loop (ms): 314.23
DEBUG 2026-06-08 17:14:37 follower.py:184 follower_left SOFollower read state: 1.7ms
DEBUG 2026-06-08 17:14:37 follower.py:191 follower_left SOFollower read wrist: 0.0ms
DEBUG 2026-06-08 17:14:37 follower.py:184 follower_right SOFollower read state: 1.5ms
DEBUG 2026-06-08 17:14:37 follower.py:191 follower_right SOFollower read wrist: 0.0ms
DEBUG 2026-06-08 17:14:37 t_client.py:198 Observation serialization time: 0.010976s
DEBUG 2026-06-08 17:14:37 ort/utils.py:54 [CLIENT] Observation Buffer size 4.3954973220825195 MB with
DEBUG 2026-06-08 17:14:37 ort/utils.py:69 [CLIENT] Observation Sent 2097152/4609013 bytes with state 1
DEBUG 2026-06-08 17:14:37 ort/utils.py:69 [CLIENT] Observation Sent 4194304/4609013 bytes with state 2
DEBUG 2026-06-08 17:14:37 ort/utils.py:69 [CLIENT] Observation Sent 4609013/4609013 bytes with state 3
DEBUG 2026-06-08 17:14:37 ort/utils.py:71 [CLIENT] Observation Published 4.3954973220825195 MB
DEBUG 2026-06-08 17:14:37 t_client.py:209 Sent observation #0 | 
DEBUG 2026-06-08 17:14:37 t_client.py:434 QUEUE SIZE: 0 (Must go: False)
DEBUG 2026-06-08 17:14:37 t_client.py:477 Control loop (ms): 214.40
DEBUG 2026-06-08 17:14:37 follower.py:184 follower_left SOFollower read state: 1.9ms
DEBUG 2026-06-08 17:14:37 follower.py:191 follower_left SOFollower read wrist: 0.0ms
DEBUG 2026-06-08 17:14:37 follower.py:184 follower_right SOFollower read state: 1.5ms
DEBUG 2026-06-08 17:14:37 follower.py:191 follower_right SOFollower read wrist: 0.0ms
DEBUG 2026-06-08 17:14:37 t_client.py:198 Observation serialization time: 0.008825s
DEBUG 2026-06-08 17:14:37 ort/utils.py:54 [CLIENT] Observation Buffer size 4.3954973220825195 MB with
DEBUG 2026-06-08 17:14:37 ort/utils.py:69 [CLIENT] Observation Sent 2097152/4609013 bytes with state 1
DEBUG 2026-06-08 17:14:37 ort/utils.py:69 [CLIENT] Observation Sent 4194304/4609013 bytes with state 2
DEBUG 2026-06-08 17:14:37 ort/utils.py:69 [CLIENT] Observation Sent 4609013/4609013 bytes with state 3
DEBUG 2026-06-08 17:14:37 ort/utils.py:71 [CLIENT] Observation Published 4.3954973220825195 MB
DEBUG 2026-06-08 17:14:37 t_client.py:209 Sent observation #0 | 
DEBUG 2026-06-08 17:14:37 t_client.py:434 QUEUE SIZE: 0 (Must go: False)
DEBUG 2026-06-08 17:14:37 t_client.py:477 Control loop (ms): 191.17
DEBUG 2026-06-08 17:14:37 follower.py:184 follower_left SOFollower read state: 1.8ms
DEBUG 2026-06-08 17:14:37 follower.py:191 follower_left SOFollower read wrist: 0.0ms
DEBUG 2026-06-08 17:14:37 follower.py:184 follower_right SOFollower read state: 1.7ms
DEBUG 2026-06-08 17:14:37 follower.py:191 follower_right SOFollower read wrist: 0.0ms
DEBUG 2026-06-08 17:14:37 t_client.py:198 Observation serialization time: 0.008421s
DEBUG 2026-06-08 17:14:37 ort/utils.py:54 [CLIENT] Observation Buffer size 4.3954973220825195 MB with
DEBUG 2026-06-08 17:14:37 ort/utils.py:69 [CLIENT] Observation Sent 2097152/4609013 bytes with state 1
DEBUG 2026-06-08 17:14:37 ort/utils.py:69 [CLIENT] Observation Sent 4194304/4609013 bytes with state 2
DEBUG 2026-06-08 17:14:37 ort/utils.py:69 [CLIENT] Observation Sent 4609013/4609013 bytes with state 3
DEBUG 2026-06-08 17:14:37 ort/utils.py:71 [CLIENT] Observation Published 4.3954973220825195 MB
DEBUG 2026-06-08 17:14:37 t_client.py:209 Sent observation #0 | 
DEBUG 2026-06-08 17:14:37 t_client.py:434 QUEUE SIZE: 0 (Must go: False)
DEBUG 2026-06-08 17:14:37 t_client.py:477 Control loop (ms): 211.95
DEBUG 2026-06-08 17:14:37 follower.py:184 follower_left SOFollower read state: 1.9ms
DEBUG 2026-06-08 17:14:37 follower.py:191 follower_left SOFollower read wrist: 0.0ms
DEBUG 2026-06-08 17:14:37 follower.py:184 follower_right SOFollower read state: 1.6ms
DEBUG 2026-06-08 17:14:37 follower.py:191 follower_right SOFollower read wrist: 0.0ms
DEBUG 2026-06-08 17:14:37 t_client.py:198 Observation serialization time: 0.005292s
DEBUG 2026-06-08 17:14:37 ort/utils.py:54 [CLIENT] Observation Buffer size 4.3954973220825195 MB with
DEBUG 2026-06-08 17:14:37 ort/utils.py:69 [CLIENT] Observation Sent 2097152/4609013 bytes with state 1
DEBUG 2026-06-08 17:14:37 ort/utils.py:69 [CLIENT] Observation Sent 4194304/4609013 bytes with state 2
DEBUG 2026-06-08 17:14:37 ort/utils.py:69 [CLIENT] Observation Sent 4609013/4609013 bytes with state 3
DEBUG 2026-06-08 17:14:37 ort/utils.py:71 [CLIENT] Observation Published 4.3954973220825195 MB
DEBUG 2026-06-08 17:14:37 t_client.py:209 Sent observation #0 | 
DEBUG 2026-06-08 17:14:37 t_client.py:434 QUEUE SIZE: 0 (Must go: False)
DEBUG 2026-06-08 17:14:37 t_client.py:477 Control loop (ms): 151.85
DEBUG 2026-06-08 17:14:37 follower.py:184 follower_left SOFollower read state: 2.0ms
DEBUG 2026-06-08 17:14:37 follower.py:191 follower_left SOFollower read wrist: 0.0ms
DEBUG 2026-06-08 17:14:37 follower.py:184 follower_right SOFollower read state: 1.7ms
DEBUG 2026-06-08 17:14:37 follower.py:191 follower_right SOFollower read wrist: 0.0ms
DEBUG 2026-06-08 17:14:37 t_client.py:198 Observation serialization time: 0.006234s
DEBUG 2026-06-08 17:14:37 ort/utils.py:54 [CLIENT] Observation Buffer size 4.3954973220825195 MB with
DEBUG 2026-06-08 17:14:37 ort/utils.py:69 [CLIENT] Observation Sent 2097152/4609013 bytes with state 1
DEBUG 2026-06-08 17:14:37 ort/utils.py:69 [CLIENT] Observation Sent 4194304/4609013 bytes with state 2
DEBUG 2026-06-08 17:14:37 ort/utils.py:69 [CLIENT] Observation Sent 4609013/4609013 bytes with state 3
DEBUG 2026-06-08 17:14:37 ort/utils.py:71 [CLIENT] Observation Published 4.3954973220825195 MB
DEBUG 2026-06-08 17:14:38 t_client.py:292 Received actions on device: cpu
DEBUG 2026-06-08 17:14:38 t_client.py:302 Actions kept on device: cpu
DEBUG 2026-06-08 17:14:38 t_client.py:209 Sent observation #0 | 
DEBUG 2026-06-08 17:14:38 t_client.py:434 QUEUE SIZE: 0 (Must go: False)
DEBUG 2026-06-08 17:14:38 t_client.py:477 Control loop (ms): 191.24
DEBUG 2026-06-08 17:14:38 t_client.py:477 Control loop (ms): 2.99
DEBUG 2026-06-08 17:14:38 t_client.py:477 Control loop (ms): 1.49
DEBUG 2026-06-08 17:14:38 t_client.py:477 Control loop (ms): 1.74
DEBUG 2026-06-08 17:14:38 t_client.py:292 Received actions on device: cpu
DEBUG 2026-06-08 17:14:38 t_client.py:302 Actions kept on device: cpu
DEBUG 2026-06-08 17:14:38 t_client.py:477 Control loop (ms): 1.61
DEBUG 2026-06-08 17:14:38 t_client.py:477 Control loop (ms): 1.99
DEBUG 2026-06-08 17:14:38 t_client.py:477 Control loop (ms): 1.87
DEBUG 2026-06-08 17:14:38 t_client.py:477 Control loop (ms): 1.87
DEBUG 2026-06-08 17:14:38 follower.py:184 follower_left SOFollower read state: 2.1ms
DEBUG 2026-06-08 17:14:38 follower.py:191 follower_left SOFollower read wrist: 0.0ms
DEBUG 2026-06-08 17:14:38 follower.py:184 follower_right SOFollower read state: 1.9ms
DEBUG 2026-06-08 17:14:38 follower.py:191 follower_right SOFollower read wrist: 0.0ms
DEBUG 2026-06-08 17:14:38 t_client.py:198 Observation serialization time: 0.004664s
DEBUG 2026-06-08 17:14:38 ort/utils.py:54 [CLIENT] Observation Buffer size 4.3954973220825195 MB with
DEBUG 2026-06-08 17:14:38 ort/utils.py:69 [CLIENT] Observation Sent 2097152/4609013 bytes with state 1
DEBUG 2026-06-08 17:14:38 ort/utils.py:69 [CLIENT] Observation Sent 4194304/4609013 bytes with state 2
DEBUG 2026-06-08 17:14:38 ort/utils.py:69 [CLIENT] Observation Sent 4609013/4609013 bytes with state 3
DEBUG 2026-06-08 17:14:38 ort/utils.py:71 [CLIENT] Observation Published 4.3954973220825195 MB
DEBUG 2026-06-08 17:14:38 t_client.py:209 Sent observation #7 | 
DEBUG 2026-06-08 17:14:38 t_client.py:434 QUEUE SIZE: 8 (Must go: False)
DEBUG 2026-06-08 17:14:38 t_client.py:477 Control loop (ms): 176.54
DEBUG 2026-06-08 17:14:38 follower.py:184 follower_left SOFollower read state: 2.5ms
DEBUG 2026-06-08 17:14:38 follower.py:191 follower_left SOFollower read wrist: 0.0ms
DEBUG 2026-06-08 17:14:38 follower.py:184 follower_right SOFollower read state: 2.5ms
DEBUG 2026-06-08 17:14:38 follower.py:191 follower_right SOFollower read wrist: 0.1ms
DEBUG 2026-06-08 17:14:38 t_client.py:198 Observation serialization time: 0.010987s
DEBUG 2026-06-08 17:14:38 ort/utils.py:54 [CLIENT] Observation Buffer size 4.3954973220825195 MB with
DEBUG 2026-06-08 17:14:38 ort/utils.py:69 [CLIENT] Observation Sent 2097152/4609013 bytes with state 1
DEBUG 2026-06-08 17:14:38 ort/utils.py:69 [CLIENT] Observation Sent 4194304/4609013 bytes with state 2
DEBUG 2026-06-08 17:14:38 ort/utils.py:69 [CLIENT] Observation Sent 4609013/4609013 bytes with state 3
DEBUG 2026-06-08 17:14:38 ort/utils.py:71 [CLIENT] Observation Published 4.3954973220825195 MB
DEBUG 2026-06-08 17:14:38 t_client.py:292 Received actions on device: cpu
DEBUG 2026-06-08 17:14:38 t_client.py:302 Actions kept on device: cpu
DEBUG 2026-06-08 17:14:38 t_client.py:209 Sent observation #8 | 
DEBUG 2026-06-08 17:14:38 t_client.py:434 QUEUE SIZE: 7 (Must go: False)
DEBUG 2026-06-08 17:14:38 t_client.py:477 Control loop (ms): 232.89
DEBUG 2026-06-08 17:14:38 t_client.py:477 Control loop (ms): 1.54
DEBUG 2026-06-08 17:14:38 t_client.py:477 Control loop (ms): 1.97
DEBUG 2026-06-08 17:14:38 t_client.py:477 Control loop (ms): 1.91
DEBUG 2026-06-08 17:14:38 t_client.py:292 Received actions on device: cpu
DEBUG 2026-06-08 17:14:38 t_client.py:302 Actions kept on device: cpu
DEBUG 2026-06-08 17:14:38 t_client.py:477 Control loop (ms): 1.73
DEBUG 2026-06-08 17:14:38 t_client.py:477 Control loop (ms): 1.58
DEBUG 2026-06-08 17:14:38 t_client.py:477 Control loop (ms): 1.70
DEBUG 2026-06-08 17:14:38 follower.py:184 follower_left SOFollower read state: 1.9ms
DEBUG 2026-06-08 17:14:38 follower.py:191 follower_left SOFollower read wrist: 0.0ms
DEBUG 2026-06-08 17:14:38 follower.py:184 follower_right SOFollower read state: 1.8ms
DEBUG 2026-06-08 17:14:38 follower.py:191 follower_right SOFollower read wrist: 0.0ms
DEBUG 2026-06-08 17:14:38 t_client.py:198 Observation serialization time: 0.004582s
DEBUG 2026-06-08 17:14:38 ort/utils.py:54 [CLIENT] Observation Buffer size 4.3954973220825195 MB with
DEBUG 2026-06-08 17:14:38 ort/utils.py:69 [CLIENT] Observation Sent 2097152/4609013 bytes with state 1
DEBUG 2026-06-08 17:14:39 ort/utils.py:69 [CLIENT] Observation Sent 4194304/4609013 bytes with state 2
DEBUG 2026-06-08 17:14:39 ort/utils.py:69 [CLIENT] Observation Sent 4609013/4609013 bytes with state 3
DEBUG 2026-06-08 17:14:39 ort/utils.py:71 [CLIENT] Observation Published 4.3954973220825195 MB
DEBUG 2026-06-08 17:14:39 t_client.py:209 Sent observation #15 | 
DEBUG 2026-06-08 17:14:39 t_client.py:434 QUEUE SIZE: 8 (Must go: False)
DEBUG 2026-06-08 17:14:39 t_client.py:477 Control loop (ms): 151.57
DEBUG 2026-06-08 17:14:39 follower.py:184 follower_left SOFollower read state: 1.9ms
DEBUG 2026-06-08 17:14:39 follower.py:191 follower_left SOFollower read wrist: 0.0ms
DEBUG 2026-06-08 17:14:39 follower.py:184 follower_right SOFollower read state: 1.6ms
DEBUG 2026-06-08 17:14:39 follower.py:191 follower_right SOFollower read wrist: 0.0ms
DEBUG 2026-06-08 17:14:39 t_client.py:198 Observation serialization time: 0.006654s
DEBUG 2026-06-08 17:14:39 ort/utils.py:54 [CLIENT] Observation Buffer size 4.3954973220825195 MB with
DEBUG 2026-06-08 17:14:39 ort/utils.py:69 [CLIENT] Observation Sent 2097152/4609013 bytes with state 1
DEBUG 2026-06-08 17:14:39 ort/utils.py:69 [CLIENT] Observation Sent 4194304/4609013 bytes with state 2
DEBUG 2026-06-08 17:14:39 ort/utils.py:69 [CLIENT] Observation Sent 4609013/4609013 bytes with state 3
DEBUG 2026-06-08 17:14:39 ort/utils.py:71 [CLIENT] Observation Published 4.3954973220825195 MB
DEBUG 2026-06-08 17:14:39 t_client.py:292 Received actions on device: cpu
DEBUG 2026-06-08 17:14:39 t_client.py:302 Actions kept on device: cpu
DEBUG 2026-06-08 17:14:39 t_client.py:209 Sent observation #16 | 
DEBUG 2026-06-08 17:14:39 t_client.py:434 QUEUE SIZE: 7 (Must go: False)
DEBUG 2026-06-08 17:14:39 t_client.py:477 Control loop (ms): 184.29
DEBUG 2026-06-08 17:14:39 t_client.py:477 Control loop (ms): 1.83
DEBUG 2026-06-08 17:14:39 t_client.py:477 Control loop (ms): 2.16
DEBUG 2026-06-08 17:14:39 t_client.py:477 Control loop (ms): 2.06
DEBUG 2026-06-08 17:14:39 t_client.py:477 Control loop (ms): 2.60
DEBUG 2026-06-08 17:14:39 t_client.py:477 Control loop (ms): 2.16
DEBUG 2026-06-08 17:14:39 follower.py:184 follower_left SOFollower read state: 1.9ms
DEBUG 2026-06-08 17:14:39 follower.py:191 follower_left SOFollower read wrist: 0.0ms
DEBUG 2026-06-08 17:14:39 follower.py:184 follower_right SOFollower read state: 2.0ms
DEBUG 2026-06-08 17:14:39 follower.py:191 follower_right SOFollower read wrist: 0.0ms
DEBUG 2026-06-08 17:14:39 t_client.py:198 Observation serialization time: 0.005897s
DEBUG 2026-06-08 17:14:39 ort/utils.py:54 [CLIENT] Observation Buffer size 4.3954973220825195 MB with
DEBUG 2026-06-08 17:14:39 ort/utils.py:69 [CLIENT] Observation Sent 2097152/4609013 bytes with state 1
DEBUG 2026-06-08 17:14:39 ort/utils.py:69 [CLIENT] Observation Sent 4194304/4609013 bytes with state 2
DEBUG 2026-06-08 17:14:39 ort/utils.py:69 [CLIENT] Observation Sent 4609013/4609013 bytes with state 3
DEBUG 2026-06-08 17:14:39 ort/utils.py:71 [CLIENT] Observation Published 4.3954973220825195 MB
DEBUG 2026-06-08 17:14:39 t_client.py:209 Sent observation #22 | 
DEBUG 2026-06-08 17:14:39 t_client.py:434 QUEUE SIZE: 8 (Must go: False)
DEBUG 2026-06-08 17:14:39 t_client.py:477 Control loop (ms): 167.24
DEBUG 2026-06-08 17:14:39 follower.py:184 follower_left SOFollower read state: 2.4ms
DEBUG 2026-06-08 17:14:39 follower.py:191 follower_left SOFollower read wrist: 0.1ms
DEBUG 2026-06-08 17:14:39 follower.py:184 follower_right SOFollower read state: 2.4ms
DEBUG 2026-06-08 17:14:39 follower.py:191 follower_right SOFollower read wrist: 0.0ms
DEBUG 2026-06-08 17:14:39 t_client.py:198 Observation serialization time: 0.008850s
DEBUG 2026-06-08 17:14:39 ort/utils.py:54 [CLIENT] Observation Buffer size 4.3954973220825195 MB with
DEBUG 2026-06-08 17:14:39 ort/utils.py:69 [CLIENT] Observation Sent 2097152/4609013 bytes with state 1
DEBUG 2026-06-08 17:14:39 ort/utils.py:69 [CLIENT] Observation Sent 4194304/4609013 bytes with state 2
DEBUG 2026-06-08 17:14:39 ort/utils.py:69 [CLIENT] Observation Sent 4609013/4609013 bytes with state 3
DEBUG 2026-06-08 17:14:39 ort/utils.py:71 [CLIENT] Observation Published 4.3954973220825195 MB
DEBUG 2026-06-08 17:14:39 t_client.py:292 Received actions on device: cpu
DEBUG 2026-06-08 17:14:39 t_client.py:302 Actions kept on device: cpu
DEBUG 2026-06-08 17:14:39 t_client.py:209 Sent observation #23 | 
DEBUG 2026-06-08 17:14:39 t_client.py:434 QUEUE SIZE: 7 (Must go: False)
DEBUG 2026-06-08 17:14:39 t_client.py:477 Control loop (ms): 191.11
DEBUG 2026-06-08 17:14:39 t_client.py:477 Control loop (ms): 1.20
DEBUG 2026-06-08 17:14:39 t_client.py:477 Control loop (ms): 2.08
DEBUG 2026-06-08 17:14:39 t_client.py:477 Control loop (ms): 1.41
DEBUG 2026-06-08 17:14:39 t_client.py:292 Received actions on device: cpu
DEBUG 2026-06-08 17:14:39 t_client.py:302 Actions kept on device: cpu
DEBUG 2026-06-08 17:14:39 t_client.py:477 Control loop (ms): 1.70
DEBUG 2026-06-08 17:14:39 t_client.py:477 Control loop (ms): 1.55
DEBUG 2026-06-08 17:14:39 t_client.py:477 Control loop (ms): 1.67
DEBUG 2026-06-08 17:14:40 follower.py:184 follower_left SOFollower read state: 1.9ms
DEBUG 2026-06-08 17:14:40 follower.py:191 follower_left SOFollower read wrist: 0.0ms
DEBUG 2026-06-08 17:14:40 follower.py:184 follower_right SOFollower read state: 1.7ms
DEBUG 2026-06-08 17:14:40 follower.py:191 follower_right SOFollower read wrist: 0.0ms
DEBUG 2026-06-08 17:14:40 t_client.py:198 Observation serialization time: 0.007927s
DEBUG 2026-06-08 17:14:40 ort/utils.py:54 [CLIENT] Observation Buffer size 4.3954973220825195 MB with
DEBUG 2026-06-08 17:14:40 ort/utils.py:69 [CLIENT] Observation Sent 2097152/4609013 bytes with state 1
DEBUG 2026-06-08 17:14:40 ort/utils.py:69 [CLIENT] Observation Sent 4194304/4609013 bytes with state 2
DEBUG 2026-06-08 17:14:40 ort/utils.py:69 [CLIENT] Observation Sent 4609013/4609013 bytes with state 3
DEBUG 2026-06-08 17:14:40 ort/utils.py:71 [CLIENT] Observation Published 4.3954973220825195 MB
DEBUG 2026-06-08 17:14:40 t_client.py:209 Sent observation #30 | 
DEBUG 2026-06-08 17:14:40 t_client.py:434 QUEUE SIZE: 8 (Must go: False)
DEBUG 2026-06-08 17:14:40 t_client.py:477 Control loop (ms): 182.90
DEBUG 2026-06-08 17:14:40 follower.py:184 follower_left SOFollower read state: 1.7ms
DEBUG 2026-06-08 17:14:40 follower.py:191 follower_left SOFollower read wrist: 0.0ms
DEBUG 2026-06-08 17:14:40 follower.py:184 follower_right SOFollower read state: 1.6ms
DEBUG 2026-06-08 17:14:40 follower.py:191 follower_right SOFollower read wrist: 0.0ms
DEBUG 2026-06-08 17:14:40 t_client.py:198 Observation serialization time: 0.007815s
DEBUG 2026-06-08 17:14:40 ort/utils.py:54 [CLIENT] Observation Buffer size 4.3954973220825195 MB with
DEBUG 2026-06-08 17:14:40 ort/utils.py:69 [CLIENT] Observation Sent 2097152/4609013 bytes with state 1
DEBUG 2026-06-08 17:14:40 ort/utils.py:69 [CLIENT] Observation Sent 4194304/4609013 bytes with state 2
DEBUG 2026-06-08 17:14:40 ort/utils.py:69 [CLIENT] Observation Sent 4609013/4609013 bytes with state 3
DEBUG 2026-06-08 17:14:40 ort/utils.py:71 [CLIENT] Observation Published 4.3954973220825195 MB
DEBUG 2026-06-08 17:14:40 t_client.py:292 Received actions on device: cpu
DEBUG 2026-06-08 17:14:40 t_client.py:302 Actions kept on device: cpu
DEBUG 2026-06-08 17:14:40 t_client.py:209 Sent observation #31 | 
DEBUG 2026-06-08 17:14:40 t_client.py:434 QUEUE SIZE: 7 (Must go: False)
DEBUG 2026-06-08 17:14:40 t_client.py:477 Control loop (ms): 130.17
DEBUG 2026-06-08 17:14:40 t_client.py:477 Control loop (ms): 1.67
DEBUG 2026-06-08 17:14:40 t_client.py:477 Control loop (ms): 1.51
DEBUG 2026-06-08 17:14:40 t_client.py:477 Control loop (ms): 2.10
DEBUG 2026-06-08 17:14:40 t_client.py:292 Received actions on device: cpu
DEBUG 2026-06-08 17:14:40 t_client.py:302 Actions kept on device: cpu
DEBUG 2026-06-08 17:14:40 t_client.py:477 Control loop (ms): 0.43
DEBUG 2026-06-08 17:14:40 t_client.py:477 Control loop (ms): 2.26
DEBUG 2026-06-08 17:14:40 t_client.py:477 Control loop (ms): 2.05
DEBUG 2026-06-08 17:14:40 t_client.py:477 Control loop (ms): 1.61
DEBUG 2026-06-08 17:14:40 follower.py:184 follower_left SOFollower read state: 2.1ms
DEBUG 2026-06-08 17:14:40 follower.py:191 follower_left SOFollower read wrist: 0.0ms
DEBUG 2026-06-08 17:14:40 follower.py:184 follower_right SOFollower read state: 1.9ms
DEBUG 2026-06-08 17:14:40 follower.py:191 follower_right SOFollower read wrist: 0.0ms
DEBUG 2026-06-08 17:14:40 t_client.py:198 Observation serialization time: 0.006487s
DEBUG 2026-06-08 17:14:40 ort/utils.py:54 [CLIENT] Observation Buffer size 4.3954973220825195 MB with
DEBUG 2026-06-08 17:14:40 ort/utils.py:69 [CLIENT] Observation Sent 2097152/4609013 bytes with state 1
DEBUG 2026-06-08 17:14:40 ort/utils.py:69 [CLIENT] Observation Sent 4194304/4609013 bytes with state 2
DEBUG 2026-06-08 17:14:40 ort/utils.py:69 [CLIENT] Observation Sent 4609013/4609013 bytes with state 3
DEBUG 2026-06-08 17:14:40 ort/utils.py:71 [CLIENT] Observation Published 4.3954973220825195 MB
DEBUG 2026-06-08 17:14:40 t_client.py:209 Sent observation #38 | 
DEBUG 2026-06-08 17:14:40 t_client.py:434 QUEUE SIZE: 8 (Must go: False)
DEBUG 2026-06-08 17:14:40 t_client.py:477 Control loop (ms): 174.52
DEBUG 2026-06-08 17:14:40 follower.py:184 follower_left SOFollower read state: 1.6ms
DEBUG 2026-06-08 17:14:40 follower.py:191 follower_left SOFollower read wrist: 0.0ms
DEBUG 2026-06-08 17:14:40 follower.py:184 follower_right SOFollower read state: 1.5ms
DEBUG 2026-06-08 17:14:40 follower.py:191 follower_right SOFollower read wrist: 0.0ms
DEBUG 2026-06-08 17:14:40 t_client.py:198 Observation serialization time: 0.003016s
DEBUG 2026-06-08 17:14:40 ort/utils.py:54 [CLIENT] Observation Buffer size 4.3954973220825195 MB with
DEBUG 2026-06-08 17:14:40 ort/utils.py:69 [CLIENT] Observation Sent 2097152/4609013 bytes with state 1
DEBUG 2026-06-08 17:14:40 ort/utils.py:69 [CLIENT] Observation Sent 4194304/4609013 bytes with state 2
DEBUG 2026-06-08 17:14:40 ort/utils.py:69 [CLIENT] Observation Sent 4609013/4609013 bytes with state 3
DEBUG 2026-06-08 17:14:40 ort/utils.py:71 [CLIENT] Observation Published 4.3954973220825195 MB
DEBUG 2026-06-08 17:14:40 t_client.py:292 Received actions on device: cpu
DEBUG 2026-06-08 17:14:40 t_client.py:302 Actions kept on device: cpu
DEBUG 2026-06-08 17:14:40 t_client.py:209 Sent observation #39 | 
DEBUG 2026-06-08 17:14:40 t_client.py:434 QUEUE SIZE: 7 (Must go: False)
DEBUG 2026-06-08 17:14:40 t_client.py:477 Control loop (ms): 166.88
DEBUG 2026-06-08 17:14:40 t_client.py:477 Control loop (ms): 2.49
DEBUG 2026-06-08 17:14:40 t_client.py:477 Control loop (ms): 1.88
DEBUG 2026-06-08 17:14:40 t_client.py:477 Control loop (ms): 1.11
DEBUG 2026-06-08 17:14:40 t_client.py:292 Received actions on device: cpu
DEBUG 2026-06-08 17:14:40 t_client.py:302 Actions kept on device: cpu
DEBUG 2026-06-08 17:14:40 t_client.py:477 Control loop (ms): 3.06
DEBUG 2026-06-08 17:14:41 t_client.py:477 Control loop (ms): 2.61
DEBUG 2026-06-08 17:14:41 t_client.py:477 Control loop (ms): 2.24
DEBUG 2026-06-08 17:14:41 t_client.py:477 Control loop (ms): 2.17
DEBUG 2026-06-08 17:14:41 follower.py:184 follower_left SOFollower read state: 2.4ms
DEBUG 2026-06-08 17:14:41 follower.py:191 follower_left SOFollower read wrist: 0.1ms
DEBUG 2026-06-08 17:14:41 follower.py:184 follower_right SOFollower read state: 2.8ms
DEBUG 2026-06-08 17:14:41 follower.py:191 follower_right SOFollower read wrist: 0.0ms
DEBUG 2026-06-08 17:14:41 t_client.py:198 Observation serialization time: 0.009386s
DEBUG 2026-06-08 17:14:41 ort/utils.py:54 [CLIENT] Observation Buffer size 4.3954973220825195 MB with
DEBUG 2026-06-08 17:14:41 ort/utils.py:69 [CLIENT] Observation Sent 2097152/4609013 bytes with state 1
DEBUG 2026-06-08 17:14:41 ort/utils.py:69 [CLIENT] Observation Sent 4194304/4609013 bytes with state 2
DEBUG 2026-06-08 17:14:41 ort/utils.py:69 [CLIENT] Observation Sent 4609013/4609013 bytes with state 3
DEBUG 2026-06-08 17:14:41 ort/utils.py:71 [CLIENT] Observation Published 4.3954973220825195 MB
DEBUG 2026-06-08 17:14:41 t_client.py:209 Sent observation #46 | 
DEBUG 2026-06-08 17:14:41 t_client.py:434 QUEUE SIZE: 8 (Must go: False)
DEBUG 2026-06-08 17:14:41 t_client.py:477 Control loop (ms): 168.85
DEBUG 2026-06-08 17:14:41 follower.py:184 follower_left SOFollower read state: 1.7ms
DEBUG 2026-06-08 17:14:41 follower.py:191 follower_left SOFollower read wrist: 0.0ms
DEBUG 2026-06-08 17:14:41 follower.py:184 follower_right SOFollower read state: 1.6ms
DEBUG 2026-06-08 17:14:41 follower.py:191 follower_right SOFollower read wrist: 0.0ms
DEBUG 2026-06-08 17:14:41 t_client.py:198 Observation serialization time: 0.006670s
DEBUG 2026-06-08 17:14:41 ort/utils.py:54 [CLIENT] Observation Buffer size 4.3954973220825195 MB with
DEBUG 2026-06-08 17:14:41 ort/utils.py:69 [CLIENT] Observation Sent 2097152/4609013 bytes with state 1
DEBUG 2026-06-08 17:14:41 ort/utils.py:69 [CLIENT] Observation Sent 4194304/4609013 bytes with state 2
DEBUG 2026-06-08 17:14:41 ort/utils.py:69 [CLIENT] Observation Sent 4609013/4609013 bytes with state 3
DEBUG 2026-06-08 17:14:41 ort/utils.py:71 [CLIENT] Observation Published 4.3954973220825195 MB
DEBUG 2026-06-08 17:14:41 t_client.py:292 Received actions on device: cpu
DEBUG 2026-06-08 17:14:41 t_client.py:302 Actions kept on device: cpu
DEBUG 2026-06-08 17:14:41 t_client.py:209 Sent observation #47 | 
DEBUG 2026-06-08 17:14:41 t_client.py:434 QUEUE SIZE: 7 (Must go: False)
DEBUG 2026-06-08 17:14:41 t_client.py:477 Control loop (ms): 171.73
DEBUG 2026-06-08 17:14:41 t_client.py:477 Control loop (ms): 1.54
DEBUG 2026-06-08 17:14:41 t_client.py:477 Control loop (ms): 0.98
DEBUG 2026-06-08 17:14:41 t_client.py:477 Control loop (ms): 1.25
DEBUG 2026-06-08 17:14:41 t_client.py:292 Received actions on device: cpu
DEBUG 2026-06-08 17:14:41 t_client.py:302 Actions kept on device: cpu
DEBUG 2026-06-08 17:14:41 t_client.py:477 Control loop (ms): 1.92
DEBUG 2026-06-08 17:14:41 t_client.py:477 Control loop (ms): 1.98
DEBUG 2026-06-08 17:14:41 t_client.py:477 Control loop (ms): 2.07
DEBUG 2026-06-08 17:14:41 follower.py:184 follower_left SOFollower read state: 2.1ms
DEBUG 2026-06-08 17:14:41 follower.py:191 follower_left SOFollower read wrist: 0.0ms
DEBUG 2026-06-08 17:14:41 follower.py:184 follower_right SOFollower read state: 1.8ms
DEBUG 2026-06-08 17:14:41 follower.py:191 follower_right SOFollower read wrist: 0.0ms
DEBUG 2026-06-08 17:14:41 t_client.py:198 Observation serialization time: 0.007898s
DEBUG 2026-06-08 17:14:41 ort/utils.py:54 [CLIENT] Observation Buffer size 4.3954973220825195 MB with
DEBUG 2026-06-08 17:14:41 ort/utils.py:69 [CLIENT] Observation Sent 2097152/4609013 bytes with state 1
DEBUG 2026-06-08 17:14:41 ort/utils.py:69 [CLIENT] Observation Sent 4194304/4609013 bytes with state 2
DEBUG 2026-06-08 17:14:41 ort/utils.py:69 [CLIENT] Observation Sent 4609013/4609013 bytes with state 3
DEBUG 2026-06-08 17:14:41 ort/utils.py:71 [CLIENT] Observation Published 4.3954973220825195 MB
DEBUG 2026-06-08 17:14:41 t_client.py:209 Sent observation #54 | 
DEBUG 2026-06-08 17:14:41 t_client.py:434 QUEUE SIZE: 8 (Must go: False)
DEBUG 2026-06-08 17:14:41 t_client.py:477 Control loop (ms): 164.61
DEBUG 2026-06-08 17:14:41 follower.py:184 follower_left SOFollower read state: 1.7ms
DEBUG 2026-06-08 17:14:41 follower.py:191 follower_left SOFollower read wrist: 0.1ms
DEBUG 2026-06-08 17:14:41 follower.py:184 follower_right SOFollower read state: 1.7ms
DEBUG 2026-06-08 17:14:41 follower.py:191 follower_right SOFollower read wrist: 0.0ms
DEBUG 2026-06-08 17:14:41 t_client.py:198 Observation serialization time: 0.011038s
DEBUG 2026-06-08 17:14:41 ort/utils.py:54 [CLIENT] Observation Buffer size 4.3954973220825195 MB with
DEBUG 2026-06-08 17:14:41 ort/utils.py:69 [CLIENT] Observation Sent 2097152/4609013 bytes with state 1
DEBUG 2026-06-08 17:14:41 ort/utils.py:69 [CLIENT] Observation Sent 4194304/4609013 bytes with state 2
DEBUG 2026-06-08 17:14:41 t_client.py:292 Received actions on device: cpu
DEBUG 2026-06-08 17:14:41 t_client.py:302 Actions kept on device: cpu
DEBUG 2026-06-08 17:14:41 ort/utils.py:69 [CLIENT] Observation Sent 4609013/4609013 bytes with state 3
DEBUG 2026-06-08 17:14:41 ort/utils.py:71 [CLIENT] Observation Published 4.3954973220825195 MB
DEBUG 2026-06-08 17:14:42 t_client.py:209 Sent observation #55 | 
DEBUG 2026-06-08 17:14:42 t_client.py:434 QUEUE SIZE: 7 (Must go: False)
DEBUG 2026-06-08 17:14:42 t_client.py:477 Control loop (ms): 240.38
DEBUG 2026-06-08 17:14:42 t_client.py:477 Control loop (ms): 2.05
DEBUG 2026-06-08 17:14:42 t_client.py:477 Control loop (ms): 2.30
DEBUG 2026-06-08 17:14:42 t_client.py:477 Control loop (ms): 2.07
DEBUG 2026-06-08 17:14:42 t_client.py:292 Received actions on device: cpu
DEBUG 2026-06-08 17:14:42 t_client.py:302 Actions kept on device: cpu
DEBUG 2026-06-08 17:14:42 t_client.py:477 Control loop (ms): 2.11
DEBUG 2026-06-08 17:14:42 t_client.py:477 Control loop (ms): 2.43
DEBUG 2026-06-08 17:14:42 t_client.py:477 Control loop (ms): 2.47
DEBUG 2026-06-08 17:14:42 follower.py:184 follower_left SOFollower read state: 2.1ms
DEBUG 2026-06-08 17:14:42 follower.py:191 follower_left SOFollower read wrist: 0.0ms
DEBUG 2026-06-08 17:14:42 follower.py:184 follower_right SOFollower read state: 2.5ms
DEBUG 2026-06-08 17:14:42 follower.py:191 follower_right SOFollower read wrist: 0.0ms
DEBUG 2026-06-08 17:14:42 t_client.py:198 Observation serialization time: 0.010437s
DEBUG 2026-06-08 17:14:42 ort/utils.py:54 [CLIENT] Observation Buffer size 4.3954973220825195 MB with
DEBUG 2026-06-08 17:14:42 ort/utils.py:69 [CLIENT] Observation Sent 2097152/4609013 bytes with state 1
DEBUG 2026-06-08 17:14:42 ort/utils.py:69 [CLIENT] Observation Sent 4194304/4609013 bytes with state 2
DEBUG 2026-06-08 17:14:42 ort/utils.py:69 [CLIENT] Observation Sent 4609013/4609013 bytes with state 3
DEBUG 2026-06-08 17:14:42 ort/utils.py:71 [CLIENT] Observation Published 4.3954973220825195 MB
DEBUG 2026-06-08 17:14:42 t_client.py:209 Sent observation #62 | 
DEBUG 2026-06-08 17:14:42 t_client.py:434 QUEUE SIZE: 8 (Must go: False)
DEBUG 2026-06-08 17:14:42 t_client.py:477 Control loop (ms): 216.27
DEBUG 2026-06-08 17:14:42 follower.py:184 follower_left SOFollower read state: 2.2ms
DEBUG 2026-06-08 17:14:42 follower.py:191 follower_left SOFollower read wrist: 0.0ms
DEBUG 2026-06-08 17:14:42 follower.py:184 follower_right SOFollower read state: 2.1ms
DEBUG 2026-06-08 17:14:42 follower.py:191 follower_right SOFollower read wrist: 0.1ms
DEBUG 2026-06-08 17:14:42 t_client.py:198 Observation serialization time: 0.007825s
DEBUG 2026-06-08 17:14:42 ort/utils.py:54 [CLIENT] Observation Buffer size 4.3954973220825195 MB with
DEBUG 2026-06-08 17:14:42 ort/utils.py:69 [CLIENT] Observation Sent 2097152/4609013 bytes with state 1
DEBUG 2026-06-08 17:14:42 ort/utils.py:69 [CLIENT] Observation Sent 4194304/4609013 bytes with state 2
DEBUG 2026-06-08 17:14:42 ort/utils.py:69 [CLIENT] Observation Sent 4609013/4609013 bytes with state 3
DEBUG 2026-06-08 17:14:42 ort/utils.py:71 [CLIENT] Observation Published 4.3954973220825195 MB
DEBUG 2026-06-08 17:14:42 t_client.py:292 Received actions on device: cpu
DEBUG 2026-06-08 17:14:42 t_client.py:302 Actions kept on device: cpu
DEBUG 2026-06-08 17:14:42 t_client.py:209 Sent observation #63 | 
DEBUG 2026-06-08 17:14:42 t_client.py:434 QUEUE SIZE: 7 (Must go: False)
DEBUG 2026-06-08 17:14:42 t_client.py:477 Control loop (ms): 224.78
DEBUG 2026-06-08 17:14:42 t_client.py:477 Control loop (ms): 1.15
DEBUG 2026-06-08 17:14:42 t_client.py:477 Control loop (ms): 1.75
DEBUG 2026-06-08 17:14:42 t_client.py:477 Control loop (ms): 1.54
DEBUG 2026-06-08 17:14:42 t_client.py:292 Received actions on device: cpu
DEBUG 2026-06-08 17:14:42 t_client.py:302 Actions kept on device: cpu
DEBUG 2026-06-08 17:14:42 t_client.py:477 Control loop (ms): 1.42
DEBUG 2026-06-08 17:14:42 t_client.py:477 Control loop (ms): 2.49
DEBUG 2026-06-08 17:14:42 t_client.py:477 Control loop (ms): 1.99
DEBUG 2026-06-08 17:14:42 t_client.py:477 Control loop (ms): 1.74
DEBUG 2026-06-08 17:14:42 follower.py:184 follower_left SOFollower read state: 2.1ms
DEBUG 2026-06-08 17:14:42 follower.py:191 follower_left SOFollower read wrist: 0.0ms
DEBUG 2026-06-08 17:14:42 follower.py:184 follower_right SOFollower read state: 2.2ms
DEBUG 2026-06-08 17:14:42 follower.py:191 follower_right SOFollower read wrist: 0.0ms
DEBUG 2026-06-08 17:14:42 t_client.py:198 Observation serialization time: 0.007979s
DEBUG 2026-06-08 17:14:42 ort/utils.py:54 [CLIENT] Observation Buffer size 4.3954973220825195 MB with
DEBUG 2026-06-08 17:14:42 ort/utils.py:69 [CLIENT] Observation Sent 2097152/4609013 bytes with state 1
DEBUG 2026-06-08 17:14:43 ort/utils.py:69 [CLIENT] Observation Sent 4194304/4609013 bytes with state 2
DEBUG 2026-06-08 17:14:43 ort/utils.py:69 [CLIENT] Observation Sent 4609013/4609013 bytes with state 3
DEBUG 2026-06-08 17:14:43 ort/utils.py:71 [CLIENT] Observation Published 4.3954973220825195 MB
DEBUG 2026-06-08 17:14:43 t_client.py:209 Sent observation #70 | 
DEBUG 2026-06-08 17:14:43 t_client.py:434 QUEUE SIZE: 8 (Must go: False)
DEBUG 2026-06-08 17:14:43 t_client.py:477 Control loop (ms): 178.59
DEBUG 2026-06-08 17:14:43 follower.py:184 follower_left SOFollower read state: 1.8ms
DEBUG 2026-06-08 17:14:43 follower.py:191 follower_left SOFollower read wrist: 0.0ms
DEBUG 2026-06-08 17:14:43 follower.py:184 follower_right SOFollower read state: 1.7ms
DEBUG 2026-06-08 17:14:43 follower.py:191 follower_right SOFollower read wrist: 0.0ms
DEBUG 2026-06-08 17:14:43 t_client.py:198 Observation serialization time: 0.007594s
DEBUG 2026-06-08 17:14:43 ort/utils.py:54 [CLIENT] Observation Buffer size 4.3954973220825195 MB with
DEBUG 2026-06-08 17:14:43 ort/utils.py:69 [CLIENT] Observation Sent 2097152/4609013 bytes with state 1
DEBUG 2026-06-08 17:14:43 ort/utils.py:69 [CLIENT] Observation Sent 4194304/4609013 bytes with state 2
DEBUG 2026-06-08 17:14:43 ort/utils.py:69 [CLIENT] Observation Sent 4609013/4609013 bytes with state 3
DEBUG 2026-06-08 17:14:43 ort/utils.py:71 [CLIENT] Observation Published 4.3954973220825195 MB
DEBUG 2026-06-08 17:14:43 t_client.py:292 Received actions on device: cpu
DEBUG 2026-06-08 17:14:43 t_client.py:302 Actions kept on device: cpu
DEBUG 2026-06-08 17:14:43 t_client.py:209 Sent observation #71 | 
DEBUG 2026-06-08 17:14:43 t_client.py:434 QUEUE SIZE: 7 (Must go: False)
DEBUG 2026-06-08 17:14:43 t_client.py:477 Control loop (ms): 172.96
DEBUG 2026-06-08 17:14:43 t_client.py:477 Control loop (ms): 1.88
DEBUG 2026-06-08 17:14:43 t_client.py:477 Control loop (ms): 1.67
DEBUG 2026-06-08 17:14:43 t_client.py:477 Control loop (ms): 1.17
DEBUG 2026-06-08 17:14:43 t_client.py:292 Received actions on device: cpu
DEBUG 2026-06-08 17:14:43 t_client.py:302 Actions kept on device: cpu
DEBUG 2026-06-08 17:14:43 t_client.py:477 Control loop (ms): 1.84
DEBUG 2026-06-08 17:14:43 t_client.py:477 Control loop (ms): 0.51
DEBUG 2026-06-08 17:14:43 t_client.py:477 Control loop (ms): 1.14
DEBUG 2026-06-08 17:14:43 follower.py:184 follower_left SOFollower read state: 2.2ms
DEBUG 2026-06-08 17:14:43 follower.py:191 follower_left SOFollower read wrist: 0.0ms
DEBUG 2026-06-08 17:14:43 follower.py:184 follower_right SOFollower read state: 2.2ms
DEBUG 2026-06-08 17:14:43 follower.py:191 follower_right SOFollower read wrist: 0.0ms
DEBUG 2026-06-08 17:14:43 t_client.py:198 Observation serialization time: 0.011739s
DEBUG 2026-06-08 17:14:43 ort/utils.py:54 [CLIENT] Observation Buffer size 4.3954973220825195 MB with
DEBUG 2026-06-08 17:14:43 ort/utils.py:69 [CLIENT] Observation Sent 2097152/4609013 bytes with state 1
DEBUG 2026-06-08 17:14:43 ort/utils.py:69 [CLIENT] Observation Sent 4194304/4609013 bytes with state 2
DEBUG 2026-06-08 17:14:43 ort/utils.py:69 [CLIENT] Observation Sent 4609013/4609013 bytes with state 3
DEBUG 2026-06-08 17:14:43 ort/utils.py:71 [CLIENT] Observation Published 4.3954973220825195 MB
DEBUG 2026-06-08 17:14:43 t_client.py:209 Sent observation #78 | 
DEBUG 2026-06-08 17:14:43 t_client.py:434 QUEUE SIZE: 8 (Must go: False)
DEBUG 2026-06-08 17:14:43 t_client.py:477 Control loop (ms): 178.48
DEBUG 2026-06-08 17:14:43 follower.py:184 follower_left SOFollower read state: 2.3ms
DEBUG 2026-06-08 17:14:43 follower.py:191 follower_left SOFollower read wrist: 0.0ms
DEBUG 2026-06-08 17:14:43 follower.py:184 follower_right SOFollower read state: 1.8ms
DEBUG 2026-06-08 17:14:43 follower.py:191 follower_right SOFollower read wrist: 0.0ms
DEBUG 2026-06-08 17:14:43 t_client.py:198 Observation serialization time: 0.007649s
DEBUG 2026-06-08 17:14:43 ort/utils.py:54 [CLIENT] Observation Buffer size 4.3954973220825195 MB with
DEBUG 2026-06-08 17:14:43 ort/utils.py:69 [CLIENT] Observation Sent 2097152/4609013 bytes with state 1
DEBUG 2026-06-08 17:14:43 ort/utils.py:69 [CLIENT] Observation Sent 4194304/4609013 bytes with state 2
DEBUG 2026-06-08 17:14:43 ort/utils.py:69 [CLIENT] Observation Sent 4609013/4609013 bytes with state 3
DEBUG 2026-06-08 17:14:43 ort/utils.py:71 [CLIENT] Observation Published 4.3954973220825195 MB
DEBUG 2026-06-08 17:14:43 t_client.py:292 Received actions on device: cpu
DEBUG 2026-06-08 17:14:43 t_client.py:302 Actions kept on device: cpu
DEBUG 2026-06-08 17:14:43 t_client.py:209 Sent observation #79 | 
DEBUG 2026-06-08 17:14:43 t_client.py:434 QUEUE SIZE: 7 (Must go: False)
DEBUG 2026-06-08 17:14:43 t_client.py:477 Control loop (ms): 165.14
DEBUG 2026-06-08 17:14:43 t_client.py:477 Control loop (ms): 1.62
DEBUG 2026-06-08 17:14:43 t_client.py:477 Control loop (ms): 1.75
DEBUG 2026-06-08 17:14:43 t_client.py:477 Control loop (ms): 1.49
DEBUG 2026-06-08 17:14:43 t_client.py:292 Received actions on device: cpu
DEBUG 2026-06-08 17:14:43 t_client.py:302 Actions kept on device: cpu
DEBUG 2026-06-08 17:14:43 t_client.py:477 Control loop (ms): 1.16
DEBUG 2026-06-08 17:14:43 t_client.py:477 Control loop (ms): 1.70
DEBUG 2026-06-08 17:14:44 t_client.py:477 Control loop (ms): 2.25
DEBUG 2026-06-08 17:14:44 follower.py:184 follower_left SOFollower read state: 2.0ms
DEBUG 2026-06-08 17:14:44 follower.py:191 follower_left SOFollower read wrist: 0.0ms
DEBUG 2026-06-08 17:14:44 follower.py:184 follower_right SOFollower read state: 1.7ms
DEBUG 2026-06-08 17:14:44 follower.py:191 follower_right SOFollower read wrist: 0.0ms
DEBUG 2026-06-08 17:14:44 t_client.py:198 Observation serialization time: 0.005317s
DEBUG 2026-06-08 17:14:44 ort/utils.py:54 [CLIENT] Observation Buffer size 4.3954973220825195 MB with
DEBUG 2026-06-08 17:14:44 ort/utils.py:69 [CLIENT] Observation Sent 2097152/4609013 bytes with state 1
DEBUG 2026-06-08 17:14:44 ort/utils.py:69 [CLIENT] Observation Sent 4194304/4609013 bytes with state 2
DEBUG 2026-06-08 17:14:44 ort/utils.py:69 [CLIENT] Observation Sent 4609013/4609013 bytes with state 3
DEBUG 2026-06-08 17:14:44 ort/utils.py:71 [CLIENT] Observation Published 4.3954973220825195 MB
DEBUG 2026-06-08 17:14:44 t_client.py:209 Sent observation #86 | 
DEBUG 2026-06-08 17:14:44 t_client.py:434 QUEUE SIZE: 8 (Must go: False)
DEBUG 2026-06-08 17:14:44 t_client.py:477 Control loop (ms): 117.62
DEBUG 2026-06-08 17:14:44 follower.py:184 follower_left SOFollower read state: 1.5ms
DEBUG 2026-06-08 17:14:44 follower.py:191 follower_left SOFollower read wrist: 0.0ms
DEBUG 2026-06-08 17:14:44 follower.py:184 follower_right SOFollower read state: 1.5ms
DEBUG 2026-06-08 17:14:44 follower.py:191 follower_right SOFollower read wrist: 0.0ms
DEBUG 2026-06-08 17:14:44 t_client.py:198 Observation serialization time: 0.003507s
DEBUG 2026-06-08 17:14:44 ort/utils.py:54 [CLIENT] Observation Buffer size 4.3954973220825195 MB with
DEBUG 2026-06-08 17:14:44 ort/utils.py:69 [CLIENT] Observation Sent 2097152/4609013 bytes with state 1
DEBUG 2026-06-08 17:14:44 ort/utils.py:69 [CLIENT] Observation Sent 4194304/4609013 bytes with state 2
DEBUG 2026-06-08 17:14:44 ort/utils.py:69 [CLIENT] Observation Sent 4609013/4609013 bytes with state 3
DEBUG 2026-06-08 17:14:44 ort/utils.py:71 [CLIENT] Observation Published 4.3954973220825195 MB
DEBUG 2026-06-08 17:14:44 t_client.py:209 Sent observation #87 | 
DEBUG 2026-06-08 17:14:44 t_client.py:434 QUEUE SIZE: 7 (Must go: False)
DEBUG 2026-06-08 17:14:44 t_client.py:477 Control loop (ms): 108.94
DEBUG 2026-06-08 17:14:44 t_client.py:292 Received actions on device: cpu
DEBUG 2026-06-08 17:14:44 t_client.py:302 Actions kept on device: cpu
DEBUG 2026-06-08 17:14:44 follower.py:184 follower_left SOFollower read state: 4.1ms
DEBUG 2026-06-08 17:14:44 follower.py:191 follower_left SOFollower read wrist: 0.0ms
DEBUG 2026-06-08 17:14:44 follower.py:184 follower_right SOFollower read state: 2.2ms
DEBUG 2026-06-08 17:14:44 follower.py:191 follower_right SOFollower read wrist: 0.0ms
DEBUG 2026-06-08 17:14:44 t_client.py:198 Observation serialization time: 0.004861s
DEBUG 2026-06-08 17:14:44 ort/utils.py:54 [CLIENT] Observation Buffer size 4.3954973220825195 MB with
DEBUG 2026-06-08 17:14:44 ort/utils.py:69 [CLIENT] Observation Sent 2097152/4609013 bytes with state 1
DEBUG 2026-06-08 17:14:44 ort/utils.py:69 [CLIENT] Observation Sent 4194304/4609013 bytes with state 2
DEBUG 2026-06-08 17:14:44 ort/utils.py:69 [CLIENT] Observation Sent 4609013/4609013 bytes with state 3
DEBUG 2026-06-08 17:14:44 ort/utils.py:71 [CLIENT] Observation Published 4.3954973220825195 MB
DEBUG 2026-06-08 17:14:44 t_client.py:292 Received actions on device: cpu
DEBUG 2026-06-08 17:14:44 t_client.py:302 Actions kept on device: cpu
DEBUG 2026-06-08 17:14:44 t_client.py:209 Sent observation #88 | 
DEBUG 2026-06-08 17:14:44 t_client.py:434 QUEUE SIZE: 6 (Must go: False)
DEBUG 2026-06-08 17:14:44 t_client.py:477 Control loop (ms): 159.06
DEBUG 2026-06-08 17:14:44 t_client.py:477 Control loop (ms): 1.56
DEBUG 2026-06-08 17:14:44 t_client.py:477 Control loop (ms): 1.87
DEBUG 2026-06-08 17:14:44 t_client.py:477 Control loop (ms): 1.87
DEBUG 2026-06-08 17:14:44 t_client.py:292 Received actions on device: cpu
DEBUG 2026-06-08 17:14:44 t_client.py:302 Actions kept on device: cpu
DEBUG 2026-06-08 17:14:44 t_client.py:477 Control loop (ms): 1.96
DEBUG 2026-06-08 17:14:44 t_client.py:477 Control loop (ms): 2.04
DEBUG 2026-06-08 17:14:44 t_client.py:477 Control loop (ms): 1.78
DEBUG 2026-06-08 17:14:44 follower.py:184 follower_left SOFollower read state: 1.9ms
DEBUG 2026-06-08 17:14:44 follower.py:191 follower_left SOFollower read wrist: 0.0ms
DEBUG 2026-06-08 17:14:44 follower.py:184 follower_right SOFollower read state: 2.1ms
DEBUG 2026-06-08 17:14:44 follower.py:191 follower_right SOFollower read wrist: 0.0ms
DEBUG 2026-06-08 17:14:44 t_client.py:198 Observation serialization time: 0.010008s
DEBUG 2026-06-08 17:14:44 ort/utils.py:54 [CLIENT] Observation Buffer size 4.3954973220825195 MB with
DEBUG 2026-06-08 17:14:44 ort/utils.py:69 [CLIENT] Observation Sent 2097152/4609013 bytes with state 1
DEBUG 2026-06-08 17:14:44 ort/utils.py:69 [CLIENT] Observation Sent 4194304/4609013 bytes with state 2
DEBUG 2026-06-08 17:14:44 ort/utils.py:69 [CLIENT] Observation Sent 4609013/4609013 bytes with state 3
DEBUG 2026-06-08 17:14:44 ort/utils.py:71 [CLIENT] Observation Published 4.3954973220825195 MB
DEBUG 2026-06-08 17:14:44 t_client.py:209 Sent observation #95 | 
DEBUG 2026-06-08 17:14:44 t_client.py:434 QUEUE SIZE: 8 (Must go: False)
DEBUG 2026-06-08 17:14:44 t_client.py:477 Control loop (ms): 160.93
DEBUG 2026-06-08 17:14:44 follower.py:184 follower_left SOFollower read state: 1.7ms
DEBUG 2026-06-08 17:14:44 follower.py:191 follower_left SOFollower read wrist: 0.0ms
DEBUG 2026-06-08 17:14:44 follower.py:184 follower_right SOFollower read state: 1.5ms
DEBUG 2026-06-08 17:14:44 follower.py:191 follower_right SOFollower read wrist: 0.0ms
DEBUG 2026-06-08 17:14:44 t_client.py:198 Observation serialization time: 0.003443s
DEBUG 2026-06-08 17:14:44 ort/utils.py:54 [CLIENT] Observation Buffer size 4.3954973220825195 MB with
DEBUG 2026-06-08 17:14:44 ort/utils.py:69 [CLIENT] Observation Sent 2097152/4609013 bytes with state 1
DEBUG 2026-06-08 17:14:44 ort/utils.py:69 [CLIENT] Observation Sent 4194304/4609013 bytes with state 2
DEBUG 2026-06-08 17:14:44 ort/utils.py:69 [CLIENT] Observation Sent 4609013/4609013 bytes with state 3
DEBUG 2026-06-08 17:14:44 ort/utils.py:71 [CLIENT] Observation Published 4.3954973220825195 MB
DEBUG 2026-06-08 17:14:44 t_client.py:292 Received actions on device: cpu
DEBUG 2026-06-08 17:14:44 t_client.py:302 Actions kept on device: cpu
DEBUG 2026-06-08 17:14:44 t_client.py:209 Sent observation #96 | 
DEBUG 2026-06-08 17:14:44 t_client.py:434 QUEUE SIZE: 7 (Must go: False)
DEBUG 2026-06-08 17:14:44 t_client.py:477 Control loop (ms): 155.45
DEBUG 2026-06-08 17:14:44 t_client.py:477 Control loop (ms): 1.27
DEBUG 2026-06-08 17:14:44 t_client.py:477 Control loop (ms): 2.34
DEBUG 2026-06-08 17:14:45 t_client.py:477 Control loop (ms): 1.96
DEBUG 2026-06-08 17:14:45 t_client.py:292 Received actions on device: cpu
DEBUG 2026-06-08 17:14:45 t_client.py:302 Actions kept on device: cpu
DEBUG 2026-06-08 17:14:45 t_client.py:477 Control loop (ms): 1.47
DEBUG 2026-06-08 17:14:45 t_client.py:477 Control loop (ms): 3.24
DEBUG 2026-06-08 17:14:45 t_client.py:477 Control loop (ms): 2.18
DEBUG 2026-06-08 17:14:45 follower.py:184 follower_left SOFollower read state: 2.8ms
DEBUG 2026-06-08 17:14:45 follower.py:191 follower_left SOFollower read wrist: 0.1ms
DEBUG 2026-06-08 17:14:45 follower.py:184 follower_right SOFollower read state: 1.9ms
DEBUG 2026-06-08 17:14:45 follower.py:191 follower_right SOFollower read wrist: 0.0ms
DEBUG 2026-06-08 17:14:45 t_client.py:198 Observation serialization time: 0.008425s
DEBUG 2026-06-08 17:14:45 ort/utils.py:54 [CLIENT] Observation Buffer size 4.3954973220825195 MB with
DEBUG 2026-06-08 17:14:45 ort/utils.py:69 [CLIENT] Observation Sent 2097152/4609013 bytes with state 1
DEBUG 2026-06-08 17:14:45 ort/utils.py:69 [CLIENT] Observation Sent 4194304/4609013 bytes with state 2
DEBUG 2026-06-08 17:14:45 ort/utils.py:69 [CLIENT] Observation Sent 4609013/4609013 bytes with state 3
DEBUG 2026-06-08 17:14:45 ort/utils.py:71 [CLIENT] Observation Published 4.3954973220825195 MB
DEBUG 2026-06-08 17:14:45 t_client.py:209 Sent observation #103 | 
DEBUG 2026-06-08 17:14:45 t_client.py:434 QUEUE SIZE: 8 (Must go: False)
DEBUG 2026-06-08 17:14:45 t_client.py:477 Control loop (ms): 129.60
DEBUG 2026-06-08 17:14:45 follower.py:184 follower_left SOFollower read state: 1.8ms
DEBUG 2026-06-08 17:14:45 follower.py:191 follower_left SOFollower read wrist: 0.0ms
DEBUG 2026-06-08 17:14:45 follower.py:184 follower_right SOFollower read state: 1.7ms
DEBUG 2026-06-08 17:14:45 follower.py:191 follower_right SOFollower read wrist: 0.0ms
DEBUG 2026-06-08 17:14:45 t_client.py:198 Observation serialization time: 0.010739s
DEBUG 2026-06-08 17:14:45 ort/utils.py:54 [CLIENT] Observation Buffer size 4.3954973220825195 MB with
DEBUG 2026-06-08 17:14:45 ort/utils.py:69 [CLIENT] Observation Sent 2097152/4609013 bytes with state 1
DEBUG 2026-06-08 17:14:45 ort/utils.py:69 [CLIENT] Observation Sent 4194304/4609013 bytes with state 2
DEBUG 2026-06-08 17:14:45 ort/utils.py:69 [CLIENT] Observation Sent 4609013/4609013 bytes with state 3
DEBUG 2026-06-08 17:14:45 ort/utils.py:71 [CLIENT] Observation Published 4.3954973220825195 MB
DEBUG 2026-06-08 17:14:45 t_client.py:292 Received actions on device: cpu
DEBUG 2026-06-08 17:14:45 t_client.py:302 Actions kept on device: cpu
DEBUG 2026-06-08 17:14:45 t_client.py:209 Sent observation #104 | 
DEBUG 2026-06-08 17:14:45 t_client.py:434 QUEUE SIZE: 7 (Must go: False)
DEBUG 2026-06-08 17:14:45 t_client.py:477 Control loop (ms): 179.11
DEBUG 2026-06-08 17:14:45 t_client.py:477 Control loop (ms): 1.87
DEBUG 2026-06-08 17:14:45 t_client.py:477 Control loop (ms): 2.25
DEBUG 2026-06-08 17:14:45 t_client.py:477 Control loop (ms): 2.03
DEBUG 2026-06-08 17:14:45 t_client.py:292 Received actions on device: cpu
DEBUG 2026-06-08 17:14:45 t_client.py:302 Actions kept on device: cpu
DEBUG 2026-06-08 17:14:45 t_client.py:477 Control loop (ms): 4.42
DEBUG 2026-06-08 17:14:45 t_client.py:477 Control loop (ms): 2.27
DEBUG 2026-06-08 17:14:45 t_client.py:477 Control loop (ms): 1.79
DEBUG 2026-06-08 17:14:45 t_client.py:477 Control loop (ms): 1.58
DEBUG 2026-06-08 17:14:45 follower.py:184 follower_left SOFollower read state: 2.0ms
DEBUG 2026-06-08 17:14:45 follower.py:191 follower_left SOFollower read wrist: 0.0ms
DEBUG 2026-06-08 17:14:45 follower.py:184 follower_right SOFollower read state: 1.8ms
DEBUG 2026-06-08 17:14:45 follower.py:191 follower_right SOFollower read wrist: 0.0ms
DEBUG 2026-06-08 17:14:45 t_client.py:198 Observation serialization time: 0.009566s
DEBUG 2026-06-08 17:14:45 ort/utils.py:54 [CLIENT] Observation Buffer size 4.3954973220825195 MB with
DEBUG 2026-06-08 17:14:45 ort/utils.py:69 [CLIENT] Observation Sent 2097152/4609013 bytes with state 1
DEBUG 2026-06-08 17:14:45 ort/utils.py:69 [CLIENT] Observation Sent 4194304/4609013 bytes with state 2
DEBUG 2026-06-08 17:14:45 ort/utils.py:69 [CLIENT] Observation Sent 4609013/4609013 bytes with state 3
DEBUG 2026-06-08 17:14:45 ort/utils.py:71 [CLIENT] Observation Published 4.3954973220825195 MB
DEBUG 2026-06-08 17:14:45 t_client.py:209 Sent observation #111 | 
DEBUG 2026-06-08 17:14:45 t_client.py:434 QUEUE SIZE: 8 (Must go: False)
DEBUG 2026-06-08 17:14:45 t_client.py:477 Control loop (ms): 137.80
DEBUG 2026-06-08 17:14:45 follower.py:184 follower_left SOFollower read state: 2.1ms
DEBUG 2026-06-08 17:14:45 follower.py:191 follower_left SOFollower read wrist: 0.0ms
DEBUG 2026-06-08 17:14:45 follower.py:184 follower_right SOFollower read state: 1.5ms
DEBUG 2026-06-08 17:14:45 follower.py:191 follower_right SOFollower read wrist: 0.0ms
DEBUG 2026-06-08 17:14:45 t_client.py:198 Observation serialization time: 0.005045s
DEBUG 2026-06-08 17:14:45 ort/utils.py:54 [CLIENT] Observation Buffer size 4.3954973220825195 MB with
DEBUG 2026-06-08 17:14:45 ort/utils.py:69 [CLIENT] Observation Sent 2097152/4609013 bytes with state 1
DEBUG 2026-06-08 17:14:45 ort/utils.py:69 [CLIENT] Observation Sent 4194304/4609013 bytes with state 2
DEBUG 2026-06-08 17:14:45 ort/utils.py:69 [CLIENT] Observation Sent 4609013/4609013 bytes with state 3
DEBUG 2026-06-08 17:14:45 ort/utils.py:71 [CLIENT] Observation Published 4.3954973220825195 MB
DEBUG 2026-06-08 17:14:45 t_client.py:292 Received actions on device: cpu
DEBUG 2026-06-08 17:14:45 t_client.py:302 Actions kept on device: cpu
DEBUG 2026-06-08 17:14:45 t_client.py:209 Sent observation #112 | 
DEBUG 2026-06-08 17:14:45 t_client.py:434 QUEUE SIZE: 7 (Must go: False)
DEBUG 2026-06-08 17:14:45 t_client.py:477 Control loop (ms): 141.37
DEBUG 2026-06-08 17:14:45 t_client.py:477 Control loop (ms): 1.57
DEBUG 2026-06-08 17:14:46 t_client.py:477 Control loop (ms): 1.62
DEBUG 2026-06-08 17:14:46 t_client.py:477 Control loop (ms): 2.52
DEBUG 2026-06-08 17:14:46 t_client.py:292 Received actions on device: cpu
DEBUG 2026-06-08 17:14:46 t_client.py:302 Actions kept on device: cpu
DEBUG 2026-06-08 17:14:46 t_client.py:477 Control loop (ms): 1.34
DEBUG 2026-06-08 17:14:46 t_client.py:477 Control loop (ms): 1.60
DEBUG 2026-06-08 17:14:46 t_client.py:477 Control loop (ms): 1.08
DEBUG 2026-06-08 17:14:46 follower.py:184 follower_left SOFollower read state: 1.7ms
DEBUG 2026-06-08 17:14:46 follower.py:191 follower_left SOFollower read wrist: 0.0ms
DEBUG 2026-06-08 17:14:46 follower.py:184 follower_right SOFollower read state: 1.8ms
DEBUG 2026-06-08 17:14:46 follower.py:191 follower_right SOFollower read wrist: 0.0ms
DEBUG 2026-06-08 17:14:46 t_client.py:198 Observation serialization time: 0.008058s
DEBUG 2026-06-08 17:14:46 ort/utils.py:54 [CLIENT] Observation Buffer size 4.3954973220825195 MB with
DEBUG 2026-06-08 17:14:46 ort/utils.py:69 [CLIENT] Observation Sent 2097152/4609013 bytes with state 1
DEBUG 2026-06-08 17:14:46 ort/utils.py:69 [CLIENT] Observation Sent 4194304/4609013 bytes with state 2
DEBUG 2026-06-08 17:14:46 ort/utils.py:69 [CLIENT] Observation Sent 4609013/4609013 bytes with state 3
DEBUG 2026-06-08 17:14:46 ort/utils.py:71 [CLIENT] Observation Published 4.3954973220825195 MB
DEBUG 2026-06-08 17:14:46 t_client.py:209 Sent observation #119 | 
DEBUG 2026-06-08 17:14:46 t_client.py:434 QUEUE SIZE: 8 (Must go: False)
DEBUG 2026-06-08 17:14:46 t_client.py:477 Control loop (ms): 140.41
DEBUG 2026-06-08 17:14:46 follower.py:184 follower_left SOFollower read state: 2.3ms
DEBUG 2026-06-08 17:14:46 follower.py:191 follower_left SOFollower read wrist: 0.0ms
DEBUG 2026-06-08 17:14:46 follower.py:184 follower_right SOFollower read state: 2.1ms
DEBUG 2026-06-08 17:14:46 follower.py:191 follower_right SOFollower read wrist: 0.0ms
DEBUG 2026-06-08 17:14:46 t_client.py:198 Observation serialization time: 0.006680s
DEBUG 2026-06-08 17:14:46 ort/utils.py:54 [CLIENT] Observation Buffer size 4.3954973220825195 MB with
DEBUG 2026-06-08 17:14:46 ort/utils.py:69 [CLIENT] Observation Sent 2097152/4609013 bytes with state 1
DEBUG 2026-06-08 17:14:46 ort/utils.py:69 [CLIENT] Observation Sent 4194304/4609013 bytes with state 2
DEBUG 2026-06-08 17:14:46 ort/utils.py:69 [CLIENT] Observation Sent 4609013/4609013 bytes with state 3
DEBUG 2026-06-08 17:14:46 ort/utils.py:71 [CLIENT] Observation Published 4.3954973220825195 MB
DEBUG 2026-06-08 17:14:46 t_client.py:292 Received actions on device: cpu
DEBUG 2026-06-08 17:14:46 t_client.py:302 Actions kept on device: cpu
DEBUG 2026-06-08 17:14:46 t_client.py:209 Sent observation #120 | 
DEBUG 2026-06-08 17:14:46 t_client.py:434 QUEUE SIZE: 7 (Must go: False)
DEBUG 2026-06-08 17:14:46 t_client.py:477 Control loop (ms): 143.78
DEBUG 2026-06-08 17:14:46 t_client.py:477 Control loop (ms): 1.93
DEBUG 2026-06-08 17:14:46 t_client.py:477 Control loop (ms): 2.14
DEBUG 2026-06-08 17:14:46 t_client.py:477 Control loop (ms): 1.87
DEBUG 2026-06-08 17:14:46 t_client.py:292 Received actions on device: cpu
DEBUG 2026-06-08 17:14:46 t_client.py:302 Actions kept on device: cpu
DEBUG 2026-06-08 17:14:46 t_client.py:477 Control loop (ms): 1.56
DEBUG 2026-06-08 17:14:46 t_client.py:477 Control loop (ms): 1.86
DEBUG 2026-06-08 17:14:46 t_client.py:477 Control loop (ms): 2.04
DEBUG 2026-06-08 17:14:46 follower.py:184 follower_left SOFollower read state: 2.2ms
DEBUG 2026-06-08 17:14:46 follower.py:191 follower_left SOFollower read wrist: 0.0ms
DEBUG 2026-06-08 17:14:46 follower.py:184 follower_right SOFollower read state: 1.9ms
DEBUG 2026-06-08 17:14:46 follower.py:191 follower_right SOFollower read wrist: 0.0ms
DEBUG 2026-06-08 17:14:46 t_client.py:198 Observation serialization time: 0.012601s
DEBUG 2026-06-08 17:14:46 ort/utils.py:54 [CLIENT] Observation Buffer size 4.3954973220825195 MB with
DEBUG 2026-06-08 17:14:46 ort/utils.py:69 [CLIENT] Observation Sent 2097152/4609013 bytes with state 1
DEBUG 2026-06-08 17:14:46 ort/utils.py:69 [CLIENT] Observation Sent 4194304/4609013 bytes with state 2
DEBUG 2026-06-08 17:14:46 ort/utils.py:69 [CLIENT] Observation Sent 4609013/4609013 bytes with state 3
DEBUG 2026-06-08 17:14:46 ort/utils.py:71 [CLIENT] Observation Published 4.3954973220825195 MB
DEBUG 2026-06-08 17:14:46 t_client.py:209 Sent observation #127 | 
DEBUG 2026-06-08 17:14:46 t_client.py:434 QUEUE SIZE: 8 (Must go: False)
DEBUG 2026-06-08 17:14:46 t_client.py:477 Control loop (ms): 133.20
DEBUG 2026-06-08 17:14:46 follower.py:184 follower_left SOFollower read state: 1.7ms
DEBUG 2026-06-08 17:14:46 follower.py:191 follower_left SOFollower read wrist: 0.0ms
DEBUG 2026-06-08 17:14:46 follower.py:184 follower_right SOFollower read state: 1.4ms
DEBUG 2026-06-08 17:14:46 follower.py:191 follower_right SOFollower read wrist: 0.0ms
DEBUG 2026-06-08 17:14:46 t_client.py:198 Observation serialization time: 0.003995s
DEBUG 2026-06-08 17:14:46 ort/utils.py:54 [CLIENT] Observation Buffer size 4.3954973220825195 MB with
DEBUG 2026-06-08 17:14:46 ort/utils.py:69 [CLIENT] Observation Sent 2097152/4609013 bytes with state 1
DEBUG 2026-06-08 17:14:46 ort/utils.py:69 [CLIENT] Observation Sent 4194304/4609013 bytes with state 2
DEBUG 2026-06-08 17:14:46 ort/utils.py:69 [CLIENT] Observation Sent 4609013/4609013 bytes with state 3
DEBUG 2026-06-08 17:14:46 ort/utils.py:71 [CLIENT] Observation Published 4.3954973220825195 MB
DEBUG 2026-06-08 17:14:46 t_client.py:292 Received actions on device: cpu
DEBUG 2026-06-08 17:14:46 t_client.py:302 Actions kept on device: cpu
DEBUG 2026-06-08 17:14:46 t_client.py:209 Sent observation #128 | 
DEBUG 2026-06-08 17:14:46 t_client.py:434 QUEUE SIZE: 7 (Must go: False)
DEBUG 2026-06-08 17:14:46 t_client.py:477 Control loop (ms): 161.72
DEBUG 2026-06-08 17:14:46 t_client.py:477 Control loop (ms): 0.95
DEBUG 2026-06-08 17:14:46 t_client.py:477 Control loop (ms): 0.38
DEBUG 2026-06-08 17:14:47 t_client.py:477 Control loop (ms): 1.28
DEBUG 2026-06-08 17:14:47 t_client.py:477 Control loop (ms): 1.17
DEBUG 2026-06-08 17:14:47 t_client.py:477 Control loop (ms): 1.23
DEBUG 2026-06-08 17:14:47 t_client.py:292 Received actions on device: cpu
DEBUG 2026-06-08 17:14:47 t_client.py:302 Actions kept on device: cpu
DEBUG 2026-06-08 17:14:47 t_client.py:477 Control loop (ms): 0.92
DEBUG 2026-06-08 17:14:47 follower.py:184 follower_left SOFollower read state: 1.7ms
DEBUG 2026-06-08 17:14:47 follower.py:191 follower_left SOFollower read wrist: 0.0ms
DEBUG 2026-06-08 17:14:47 follower.py:184 follower_right SOFollower read state: 1.8ms
DEBUG 2026-06-08 17:14:47 follower.py:191 follower_right SOFollower read wrist: 0.0ms
DEBUG 2026-06-08 17:14:47 t_client.py:198 Observation serialization time: 0.010731s
DEBUG 2026-06-08 17:14:47 ort/utils.py:54 [CLIENT] Observation Buffer size 4.3954973220825195 MB with
DEBUG 2026-06-08 17:14:47 ort/utils.py:69 [CLIENT] Observation Sent 2097152/4609013 bytes with state 1
DEBUG 2026-06-08 17:14:47 ort/utils.py:69 [CLIENT] Observation Sent 4194304/4609013 bytes with state 2
DEBUG 2026-06-08 17:14:47 ort/utils.py:69 [CLIENT] Observation Sent 4609013/4609013 bytes with state 3
DEBUG 2026-06-08 17:14:47 ort/utils.py:71 [CLIENT] Observation Published 4.3954973220825195 MB
DEBUG 2026-06-08 17:14:47 t_client.py:209 Sent observation #135 | 
DEBUG 2026-06-08 17:14:47 t_client.py:434 QUEUE SIZE: 8 (Must go: False)
DEBUG 2026-06-08 17:14:47 t_client.py:477 Control loop (ms): 251.89
DEBUG 2026-06-08 17:14:47 follower.py:184 follower_left SOFollower read state: 2.2ms
DEBUG 2026-06-08 17:14:47 follower.py:191 follower_left SOFollower read wrist: 0.0ms
DEBUG 2026-06-08 17:14:47 follower.py:184 follower_right SOFollower read state: 2.0ms
DEBUG 2026-06-08 17:14:47 follower.py:191 follower_right SOFollower read wrist: 0.0ms
DEBUG 2026-06-08 17:14:47 t_client.py:198 Observation serialization time: 0.007175s
DEBUG 2026-06-08 17:14:47 ort/utils.py:54 [CLIENT] Observation Buffer size 4.3954973220825195 MB with
DEBUG 2026-06-08 17:14:47 ort/utils.py:69 [CLIENT] Observation Sent 2097152/4609013 bytes with state 1
DEBUG 2026-06-08 17:14:47 ort/utils.py:69 [CLIENT] Observation Sent 4194304/4609013 bytes with state 2
DEBUG 2026-06-08 17:14:47 ort/utils.py:69 [CLIENT] Observation Sent 4609013/4609013 bytes with state 3
DEBUG 2026-06-08 17:14:47 ort/utils.py:71 [CLIENT] Observation Published 4.3954973220825195 MB
DEBUG 2026-06-08 17:14:47 t_client.py:292 Received actions on device: cpu
DEBUG 2026-06-08 17:14:47 t_client.py:302 Actions kept on device: cpu
DEBUG 2026-06-08 17:14:47 t_client.py:209 Sent observation #136 | 
DEBUG 2026-06-08 17:14:47 t_client.py:434 QUEUE SIZE: 7 (Must go: False)
DEBUG 2026-06-08 17:14:47 t_client.py:477 Control loop (ms): 191.06
DEBUG 2026-06-08 17:14:47 t_client.py:477 Control loop (ms): 1.38
DEBUG 2026-06-08 17:14:47 t_client.py:477 Control loop (ms): 1.51
DEBUG 2026-06-08 17:14:47 t_client.py:477 Control loop (ms): 1.21
DEBUG 2026-06-08 17:14:47 t_client.py:292 Received actions on device: cpu
DEBUG 2026-06-08 17:14:47 t_client.py:302 Actions kept on device: cpu
DEBUG 2026-06-08 17:14:47 t_client.py:477 Control loop (ms): 1.98
DEBUG 2026-06-08 17:14:47 t_client.py:477 Control loop (ms): 1.33
DEBUG 2026-06-08 17:14:47 t_client.py:477 Control loop (ms): 1.72
DEBUG 2026-06-08 17:14:47 follower.py:184 follower_left SOFollower read state: 2.4ms
DEBUG 2026-06-08 17:14:47 follower.py:191 follower_left SOFollower read wrist: 0.0ms
DEBUG 2026-06-08 17:14:47 follower.py:184 follower_right SOFollower read state: 1.8ms
DEBUG 2026-06-08 17:14:47 follower.py:191 follower_right SOFollower read wrist: 0.0ms
DEBUG 2026-06-08 17:14:47 t_client.py:198 Observation serialization time: 0.008228s
DEBUG 2026-06-08 17:14:47 ort/utils.py:54 [CLIENT] Observation Buffer size 4.3954973220825195 MB with
DEBUG 2026-06-08 17:14:47 ort/utils.py:69 [CLIENT] Observation Sent 2097152/4609013 bytes with state 1
DEBUG 2026-06-08 17:14:47 ort/utils.py:69 [CLIENT] Observation Sent 4194304/4609013 bytes with state 2
DEBUG 2026-06-08 17:14:47 ort/utils.py:69 [CLIENT] Observation Sent 4609013/4609013 bytes with state 3
DEBUG 2026-06-08 17:14:47 ort/utils.py:71 [CLIENT] Observation Published 4.3954973220825195 MB
DEBUG 2026-06-08 17:14:48 t_client.py:209 Sent observation #143 | 
DEBUG 2026-06-08 17:14:48 t_client.py:434 QUEUE SIZE: 8 (Must go: False)
DEBUG 2026-06-08 17:14:48 t_client.py:477 Control loop (ms): 278.56
DEBUG 2026-06-08 17:14:48 follower.py:184 follower_left SOFollower read state: 1.7ms
DEBUG 2026-06-08 17:14:48 follower.py:191 follower_left SOFollower read wrist: 0.0ms
DEBUG 2026-06-08 17:14:48 follower.py:184 follower_right SOFollower read state: 1.6ms
DEBUG 2026-06-08 17:14:48 follower.py:191 follower_right SOFollower read wrist: 0.0ms
DEBUG 2026-06-08 17:14:48 t_client.py:198 Observation serialization time: 0.004814s
DEBUG 2026-06-08 17:14:48 ort/utils.py:54 [CLIENT] Observation Buffer size 4.3954973220825195 MB with
DEBUG 2026-06-08 17:14:48 ort/utils.py:69 [CLIENT] Observation Sent 2097152/4609013 bytes with state 1
DEBUG 2026-06-08 17:14:48 ort/utils.py:69 [CLIENT] Observation Sent 4194304/4609013 bytes with state 2
DEBUG 2026-06-08 17:14:48 ort/utils.py:69 [CLIENT] Observation Sent 4609013/4609013 bytes with state 3
DEBUG 2026-06-08 17:14:48 ort/utils.py:71 [CLIENT] Observation Published 4.3954973220825195 MB
DEBUG 2026-06-08 17:14:48 t_client.py:292 Received actions on device: cpu
DEBUG 2026-06-08 17:14:48 t_client.py:302 Actions kept on device: cpu
DEBUG 2026-06-08 17:14:48 t_client.py:209 Sent observation #144 | 
DEBUG 2026-06-08 17:14:48 t_client.py:434 QUEUE SIZE: 7 (Must go: False)
DEBUG 2026-06-08 17:14:48 t_client.py:477 Control loop (ms): 160.51
DEBUG 2026-06-08 17:14:48 t_client.py:477 Control loop (ms): 1.49
DEBUG 2026-06-08 17:14:48 t_client.py:477 Control loop (ms): 2.00
DEBUG 2026-06-08 17:14:48 t_client.py:477 Control loop (ms): 2.03
DEBUG 2026-06-08 17:14:48 t_client.py:477 Control loop (ms): 2.64
DEBUG 2026-06-08 17:14:48 t_client.py:477 Control loop (ms): 2.09
DEBUG 2026-06-08 17:14:48 t_client.py:292 Received actions on device: cpu
DEBUG 2026-06-08 17:14:48 t_client.py:302 Actions kept on device: cpu
DEBUG 2026-06-08 17:14:48 t_client.py:477 Control loop (ms): 2.89
DEBUG 2026-06-08 17:14:48 follower.py:184 follower_left SOFollower read state: 2.1ms
DEBUG 2026-06-08 17:14:48 follower.py:191 follower_left SOFollower read wrist: 0.0ms
DEBUG 2026-06-08 17:14:48 follower.py:184 follower_right SOFollower read state: 1.9ms
DEBUG 2026-06-08 17:14:48 follower.py:191 follower_right SOFollower read wrist: 0.0ms
DEBUG 2026-06-08 17:14:48 t_client.py:198 Observation serialization time: 0.004298s
DEBUG 2026-06-08 17:14:48 ort/utils.py:54 [CLIENT] Observation Buffer size 4.3954973220825195 MB with
DEBUG 2026-06-08 17:14:48 ort/utils.py:69 [CLIENT] Observation Sent 2097152/4609013 bytes with state 1
DEBUG 2026-06-08 17:14:48 ort/utils.py:69 [CLIENT] Observation Sent 4194304/4609013 bytes with state 2
DEBUG 2026-06-08 17:14:48 ort/utils.py:69 [CLIENT] Observation Sent 4609013/4609013 bytes with state 3
DEBUG 2026-06-08 17:14:48 ort/utils.py:71 [CLIENT] Observation Published 4.3954973220825195 MB
DEBUG 2026-06-08 17:14:48 t_client.py:209 Sent observation #151 | 
DEBUG 2026-06-08 17:14:48 t_client.py:434 QUEUE SIZE: 8 (Must go: False)
DEBUG 2026-06-08 17:14:48 t_client.py:477 Control loop (ms): 151.20
DEBUG 2026-06-08 17:14:48 follower.py:184 follower_left SOFollower read state: 1.9ms
DEBUG 2026-06-08 17:14:48 follower.py:191 follower_left SOFollower read wrist: 0.0ms
DEBUG 2026-06-08 17:14:48 follower.py:184 follower_right SOFollower read state: 1.7ms
DEBUG 2026-06-08 17:14:48 follower.py:191 follower_right SOFollower read wrist: 0.0ms
DEBUG 2026-06-08 17:14:48 t_client.py:198 Observation serialization time: 0.004984s
DEBUG 2026-06-08 17:14:48 ort/utils.py:54 [CLIENT] Observation Buffer size 4.3954973220825195 MB with
DEBUG 2026-06-08 17:14:48 ort/utils.py:69 [CLIENT] Observation Sent 2097152/4609013 bytes with state 1
DEBUG 2026-06-08 17:14:48 t_client.py:292 Received actions on device: cpu
DEBUG 2026-06-08 17:14:48 t_client.py:302 Actions kept on device: cpu
DEBUG 2026-06-08 17:14:48 ort/utils.py:69 [CLIENT] Observation Sent 4194304/4609013 bytes with state 2
DEBUG 2026-06-08 17:14:48 ort/utils.py:69 [CLIENT] Observation Sent 4609013/4609013 bytes with state 3
DEBUG 2026-06-08 17:14:48 ort/utils.py:71 [CLIENT] Observation Published 4.3954973220825195 MB
DEBUG 2026-06-08 17:14:48 t_client.py:209 Sent observation #152 | 
DEBUG 2026-06-08 17:14:48 t_client.py:434 QUEUE SIZE: 7 (Must go: False)
DEBUG 2026-06-08 17:14:48 t_client.py:477 Control loop (ms): 361.89
DEBUG 2026-06-08 17:14:48 t_client.py:477 Control loop (ms): 1.69
DEBUG 2026-06-08 17:14:48 t_client.py:477 Control loop (ms): 0.84
DEBUG 2026-06-08 17:14:49 t_client.py:477 Control loop (ms): 1.65
DEBUG 2026-06-08 17:14:49 t_client.py:292 Received actions on device: cpu
DEBUG 2026-06-08 17:14:49 t_client.py:302 Actions kept on device: cpu
DEBUG 2026-06-08 17:14:49 t_client.py:477 Control loop (ms): 1.95
DEBUG 2026-06-08 17:14:49 t_client.py:477 Control loop (ms): 1.78
DEBUG 2026-06-08 17:14:49 t_client.py:477 Control loop (ms): 1.55
DEBUG 2026-06-08 17:14:49 follower.py:184 follower_left SOFollower read state: 1.7ms
DEBUG 2026-06-08 17:14:49 follower.py:191 follower_left SOFollower read wrist: 0.0ms
DEBUG 2026-06-08 17:14:49 follower.py:184 follower_right SOFollower read state: 2.1ms
DEBUG 2026-06-08 17:14:49 follower.py:191 follower_right SOFollower read wrist: 0.0ms
DEBUG 2026-06-08 17:14:49 t_client.py:198 Observation serialization time: 0.006761s
DEBUG 2026-06-08 17:14:49 ort/utils.py:54 [CLIENT] Observation Buffer size 4.3954973220825195 MB with
DEBUG 2026-06-08 17:14:49 ort/utils.py:69 [CLIENT] Observation Sent 2097152/4609013 bytes with state 1
DEBUG 2026-06-08 17:14:49 ort/utils.py:69 [CLIENT] Observation Sent 4194304/4609013 bytes with state 2
DEBUG 2026-06-08 17:14:49 ort/utils.py:69 [CLIENT] Observation Sent 4609013/4609013 bytes with state 3
DEBUG 2026-06-08 17:14:49 ort/utils.py:71 [CLIENT] Observation Published 4.3954973220825195 MB
DEBUG 2026-06-08 17:14:49 t_client.py:209 Sent observation #159 | 
DEBUG 2026-06-08 17:14:49 t_client.py:434 QUEUE SIZE: 8 (Must go: False)
DEBUG 2026-06-08 17:14:49 t_client.py:477 Control loop (ms): 295.32
DEBUG 2026-06-08 17:14:49 follower.py:184 follower_left SOFollower read state: 1.7ms
DEBUG 2026-06-08 17:14:49 follower.py:191 follower_left SOFollower read wrist: 0.0ms
DEBUG 2026-06-08 17:14:49 follower.py:184 follower_right SOFollower read state: 1.6ms
DEBUG 2026-06-08 17:14:49 follower.py:191 follower_right SOFollower read wrist: 0.0ms
DEBUG 2026-06-08 17:14:49 t_client.py:198 Observation serialization time: 0.004495s
DEBUG 2026-06-08 17:14:49 ort/utils.py:54 [CLIENT] Observation Buffer size 4.3954973220825195 MB with
DEBUG 2026-06-08 17:14:49 ort/utils.py:69 [CLIENT] Observation Sent 2097152/4609013 bytes with state 1
DEBUG 2026-06-08 17:14:49 t_client.py:292 Received actions on device: cpu
DEBUG 2026-06-08 17:14:49 t_client.py:302 Actions kept on device: cpu
DEBUG 2026-06-08 17:14:49 ort/utils.py:69 [CLIENT] Observation Sent 4194304/4609013 bytes with state 2
DEBUG 2026-06-08 17:14:49 ort/utils.py:69 [CLIENT] Observation Sent 4609013/4609013 bytes with state 3
DEBUG 2026-06-08 17:14:49 ort/utils.py:71 [CLIENT] Observation Published 4.3954973220825195 MB
DEBUG 2026-06-08 17:14:49 t_client.py:209 Sent observation #160 | 
DEBUG 2026-06-08 17:14:49 t_client.py:434 QUEUE SIZE: 7 (Must go: False)
DEBUG 2026-06-08 17:14:49 t_client.py:477 Control loop (ms): 408.81
DEBUG 2026-06-08 17:14:49 t_client.py:477 Control loop (ms): 1.05
DEBUG 2026-06-08 17:14:49 t_client.py:477 Control loop (ms): 1.83
DEBUG 2026-06-08 17:14:49 t_client.py:477 Control loop (ms): 2.00
DEBUG 2026-06-08 17:14:49 t_client.py:292 Received actions on device: cpu
DEBUG 2026-06-08 17:14:49 t_client.py:302 Actions kept on device: cpu
DEBUG 2026-06-08 17:14:49 t_client.py:477 Control loop (ms): 1.30
DEBUG 2026-06-08 17:14:50 t_client.py:477 Control loop (ms): 1.81
DEBUG 2026-06-08 17:14:50 t_client.py:477 Control loop (ms): 2.01
DEBUG 2026-06-08 17:14:50 follower.py:184 follower_left SOFollower read state: 2.1ms
DEBUG 2026-06-08 17:14:50 follower.py:191 follower_left SOFollower read wrist: 0.0ms
DEBUG 2026-06-08 17:14:50 follower.py:184 follower_right SOFollower read state: 1.7ms
DEBUG 2026-06-08 17:14:50 follower.py:191 follower_right SOFollower read wrist: 0.0ms
DEBUG 2026-06-08 17:14:50 t_client.py:198 Observation serialization time: 0.005790s
DEBUG 2026-06-08 17:14:50 ort/utils.py:54 [CLIENT] Observation Buffer size 4.3954973220825195 MB with
DEBUG 2026-06-08 17:14:50 ort/utils.py:69 [CLIENT] Observation Sent 2097152/4609013 bytes with state 1
DEBUG 2026-06-08 17:14:50 ort/utils.py:69 [CLIENT] Observation Sent 4194304/4609013 bytes with state 2
DEBUG 2026-06-08 17:14:50 ort/utils.py:69 [CLIENT] Observation Sent 4609013/4609013 bytes with state 3
DEBUG 2026-06-08 17:14:50 ort/utils.py:71 [CLIENT] Observation Published 4.3954973220825195 MB
DEBUG 2026-06-08 17:14:50 t_client.py:209 Sent observation #167 | 
DEBUG 2026-06-08 17:14:50 t_client.py:434 QUEUE SIZE: 8 (Must go: False)
DEBUG 2026-06-08 17:14:50 t_client.py:477 Control loop (ms): 257.27
DEBUG 2026-06-08 17:14:50 follower.py:184 follower_left SOFollower read state: 2.1ms
DEBUG 2026-06-08 17:14:50 follower.py:191 follower_left SOFollower read wrist: 0.0ms
DEBUG 2026-06-08 17:14:50 follower.py:184 follower_right SOFollower read state: 2.0ms
DEBUG 2026-06-08 17:14:50 follower.py:191 follower_right SOFollower read wrist: 0.0ms
DEBUG 2026-06-08 17:14:50 t_client.py:198 Observation serialization time: 0.007009s
DEBUG 2026-06-08 17:14:50 ort/utils.py:54 [CLIENT] Observation Buffer size 4.3954973220825195 MB with
DEBUG 2026-06-08 17:14:50 ort/utils.py:69 [CLIENT] Observation Sent 2097152/4609013 bytes with state 1
DEBUG 2026-06-08 17:14:50 ort/utils.py:69 [CLIENT] Observation Sent 4194304/4609013 bytes with state 2
DEBUG 2026-06-08 17:14:50 t_client.py:292 Received actions on device: cpu
DEBUG 2026-06-08 17:14:50 ort/utils.py:69 [CLIENT] Observation Sent 4609013/4609013 bytes with state 3
DEBUG 2026-06-08 17:14:50 t_client.py:302 Actions kept on device: cpu
DEBUG 2026-06-08 17:14:50 ort/utils.py:71 [CLIENT] Observation Published 4.3954973220825195 MB
DEBUG 2026-06-08 17:14:50 t_client.py:209 Sent observation #168 | 
DEBUG 2026-06-08 17:14:50 t_client.py:434 QUEUE SIZE: 7 (Must go: False)
DEBUG 2026-06-08 17:14:50 t_client.py:477 Control loop (ms): 288.40
DEBUG 2026-06-08 17:14:50 t_client.py:477 Control loop (ms): 2.12
DEBUG 2026-06-08 17:14:50 t_client.py:477 Control loop (ms): 0.55
DEBUG 2026-06-08 17:14:50 t_client.py:477 Control loop (ms): 0.70
DEBUG 2026-06-08 17:14:50 t_client.py:292 Received actions on device: cpu
DEBUG 2026-06-08 17:14:50 t_client.py:302 Actions kept on device: cpu
DEBUG 2026-06-08 17:14:50 t_client.py:477 Control loop (ms): 1.28
DEBUG 2026-06-08 17:14:50 t_client.py:477 Control loop (ms): 0.97
DEBUG 2026-06-08 17:14:50 t_client.py:477 Control loop (ms): 2.30
DEBUG 2026-06-08 17:14:50 t_client.py:477 Control loop (ms): 3.34
DEBUG 2026-06-08 17:14:50 follower.py:184 follower_left SOFollower read state: 2.9ms
DEBUG 2026-06-08 17:14:50 follower.py:191 follower_left SOFollower read wrist: 0.0ms
DEBUG 2026-06-08 17:14:50 follower.py:184 follower_right SOFollower read state: 2.2ms
DEBUG 2026-06-08 17:14:50 follower.py:191 follower_right SOFollower read wrist: 0.0ms
DEBUG 2026-06-08 17:14:50 t_client.py:198 Observation serialization time: 0.010323s
DEBUG 2026-06-08 17:14:50 ort/utils.py:54 [CLIENT] Observation Buffer size 4.3954973220825195 MB with
DEBUG 2026-06-08 17:14:50 ort/utils.py:69 [CLIENT] Observation Sent 2097152/4609013 bytes with state 1
DEBUG 2026-06-08 17:14:50 ort/utils.py:69 [CLIENT] Observation Sent 4194304/4609013 bytes with state 2
DEBUG 2026-06-08 17:14:50 ort/utils.py:69 [CLIENT] Observation Sent 4609013/4609013 bytes with state 3
DEBUG 2026-06-08 17:14:50 ort/utils.py:71 [CLIENT] Observation Published 4.3954973220825195 MB
DEBUG 2026-06-08 17:14:51 t_client.py:209 Sent observation #175 | 
DEBUG 2026-06-08 17:14:51 t_client.py:434 QUEUE SIZE: 8 (Must go: False)
DEBUG 2026-06-08 17:14:51 t_client.py:477 Control loop (ms): 205.42
DEBUG 2026-06-08 17:14:51 follower.py:184 follower_left SOFollower read state: 1.8ms
DEBUG 2026-06-08 17:14:51 follower.py:191 follower_left SOFollower read wrist: 0.0ms
DEBUG 2026-06-08 17:14:51 follower.py:184 follower_right SOFollower read state: 1.5ms
DEBUG 2026-06-08 17:14:51 follower.py:191 follower_right SOFollower read wrist: 0.0ms
DEBUG 2026-06-08 17:14:51 t_client.py:198 Observation serialization time: 0.003162s
DEBUG 2026-06-08 17:14:51 ort/utils.py:54 [CLIENT] Observation Buffer size 4.3954973220825195 MB with
DEBUG 2026-06-08 17:14:51 ort/utils.py:69 [CLIENT] Observation Sent 2097152/4609013 bytes with state 1
DEBUG 2026-06-08 17:14:51 ort/utils.py:69 [CLIENT] Observation Sent 4194304/4609013 bytes with state 2
DEBUG 2026-06-08 17:14:51 ort/utils.py:69 [CLIENT] Observation Sent 4609013/4609013 bytes with state 3
DEBUG 2026-06-08 17:14:51 ort/utils.py:71 [CLIENT] Observation Published 4.3954973220825195 MB
DEBUG 2026-06-08 17:14:51 t_client.py:209 Sent observation #176 | 
DEBUG 2026-06-08 17:14:51 t_client.py:434 QUEUE SIZE: 7 (Must go: False)
DEBUG 2026-06-08 17:14:51 t_client.py:477 Control loop (ms): 104.67
DEBUG 2026-06-08 17:14:51 follower.py:184 follower_left SOFollower read state: 3.4ms
DEBUG 2026-06-08 17:14:51 follower.py:191 follower_left SOFollower read wrist: 0.1ms
DEBUG 2026-06-08 17:14:51 t_client.py:292 Received actions on device: cpu
DEBUG 2026-06-08 17:14:51 t_client.py:302 Actions kept on device: cpu
DEBUG 2026-06-08 17:14:51 follower.py:184 follower_right SOFollower read state: 2.1ms
DEBUG 2026-06-08 17:14:51 follower.py:191 follower_right SOFollower read wrist: 0.0ms
DEBUG 2026-06-08 17:14:51 t_client.py:198 Observation serialization time: 0.010738s
DEBUG 2026-06-08 17:14:51 ort/utils.py:54 [CLIENT] Observation Buffer size 4.3954973220825195 MB with
DEBUG 2026-06-08 17:14:51 ort/utils.py:69 [CLIENT] Observation Sent 2097152/4609013 bytes with state 1
DEBUG 2026-06-08 17:14:51 ort/utils.py:69 [CLIENT] Observation Sent 4194304/4609013 bytes with state 2
DEBUG 2026-06-08 17:14:51 ort/utils.py:69 [CLIENT] Observation Sent 4609013/4609013 bytes with state 3
DEBUG 2026-06-08 17:14:51 ort/utils.py:71 [CLIENT] Observation Published 4.3954973220825195 MB
DEBUG 2026-06-08 17:14:51 t_client.py:209 Sent observation #177 | 
DEBUG 2026-06-08 17:14:51 t_client.py:434 QUEUE SIZE: 6 (Must go: False)
DEBUG 2026-06-08 17:14:51 t_client.py:477 Control loop (ms): 135.31
DEBUG 2026-06-08 17:14:51 t_client.py:477 Control loop (ms): 2.07
DEBUG 2026-06-08 17:14:51 t_client.py:292 Received actions on device: cpu
DEBUG 2026-06-08 17:14:51 t_client.py:302 Actions kept on device: cpu
DEBUG 2026-06-08 17:14:51 t_client.py:477 Control loop (ms): 1.91
DEBUG 2026-06-08 17:14:51 t_client.py:477 Control loop (ms): 2.05
DEBUG 2026-06-08 17:14:51 t_client.py:292 Received actions on device: cpu
DEBUG 2026-06-08 17:14:51 t_client.py:302 Actions kept on device: cpu
DEBUG 2026-06-08 17:14:51 t_client.py:477 Control loop (ms): 5.79
DEBUG 2026-06-08 17:14:51 t_client.py:477 Control loop (ms): 1.89
DEBUG 2026-06-08 17:14:51 t_client.py:477 Control loop (ms): 1.83
DEBUG 2026-06-08 17:14:51 t_client.py:477 Control loop (ms): 1.42
DEBUG 2026-06-08 17:14:51 follower.py:184 follower_left SOFollower read state: 2.4ms
DEBUG 2026-06-08 17:14:51 follower.py:191 follower_left SOFollower read wrist: 0.1ms
DEBUG 2026-06-08 17:14:51 follower.py:184 follower_right SOFollower read state: 2.3ms
DEBUG 2026-06-08 17:14:51 follower.py:191 follower_right SOFollower read wrist: 0.0ms
DEBUG 2026-06-08 17:14:51 t_client.py:198 Observation serialization time: 0.008045s
DEBUG 2026-06-08 17:14:51 ort/utils.py:54 [CLIENT] Observation Buffer size 4.3954973220825195 MB with
DEBUG 2026-06-08 17:14:51 ort/utils.py:69 [CLIENT] Observation Sent 2097152/4609013 bytes with state 1
DEBUG 2026-06-08 17:14:51 ort/utils.py:69 [CLIENT] Observation Sent 4194304/4609013 bytes with state 2
DEBUG 2026-06-08 17:14:51 ort/utils.py:69 [CLIENT] Observation Sent 4609013/4609013 bytes with state 3
DEBUG 2026-06-08 17:14:51 ort/utils.py:71 [CLIENT] Observation Published 4.3954973220825195 MB
DEBUG 2026-06-08 17:14:51 t_client.py:209 Sent observation #184 | 
DEBUG 2026-06-08 17:14:51 t_client.py:434 QUEUE SIZE: 8 (Must go: False)
DEBUG 2026-06-08 17:14:51 t_client.py:477 Control loop (ms): 182.67
DEBUG 2026-06-08 17:14:51 follower.py:184 follower_left SOFollower read state: 1.9ms
DEBUG 2026-06-08 17:14:51 follower.py:191 follower_left SOFollower read wrist: 0.0ms
DEBUG 2026-06-08 17:14:51 follower.py:184 follower_right SOFollower read state: 1.8ms
DEBUG 2026-06-08 17:14:51 follower.py:191 follower_right SOFollower read wrist: 0.0ms
DEBUG 2026-06-08 17:14:51 t_client.py:198 Observation serialization time: 0.011041s
DEBUG 2026-06-08 17:14:51 ort/utils.py:54 [CLIENT] Observation Buffer size 4.3954973220825195 MB with
DEBUG 2026-06-08 17:14:51 ort/utils.py:69 [CLIENT] Observation Sent 2097152/4609013 bytes with state 1
DEBUG 2026-06-08 17:14:51 ort/utils.py:69 [CLIENT] Observation Sent 4194304/4609013 bytes with state 2
DEBUG 2026-06-08 17:14:51 ort/utils.py:69 [CLIENT] Observation Sent 4609013/4609013 bytes with state 3
DEBUG 2026-06-08 17:14:51 ort/utils.py:71 [CLIENT] Observation Published 4.3954973220825195 MB
DEBUG 2026-06-08 17:14:51 t_client.py:292 Received actions on device: cpu
DEBUG 2026-06-08 17:14:51 t_client.py:302 Actions kept on device: cpu
DEBUG 2026-06-08 17:14:51 t_client.py:209 Sent observation #185 | 
DEBUG 2026-06-08 17:14:51 t_client.py:434 QUEUE SIZE: 7 (Must go: False)
DEBUG 2026-06-08 17:14:51 t_client.py:477 Control loop (ms): 164.53
DEBUG 2026-06-08 17:14:51 t_client.py:477 Control loop (ms): 1.22
DEBUG 2026-06-08 17:14:51 t_client.py:477 Control loop (ms): 1.83
DEBUG 2026-06-08 17:14:51 t_client.py:477 Control loop (ms): 2.37
DEBUG 2026-06-08 17:14:51 t_client.py:292 Received actions on device: cpu
DEBUG 2026-06-08 17:14:51 t_client.py:302 Actions kept on device: cpu
DEBUG 2026-06-08 17:14:51 t_client.py:477 Control loop (ms): 1.51
DEBUG 2026-06-08 17:14:52 t_client.py:477 Control loop (ms): 1.53
DEBUG 2026-06-08 17:14:52 t_client.py:477 Control loop (ms): 2.56
DEBUG 2026-06-08 17:14:52 t_client.py:477 Control loop (ms): 1.49
DEBUG 2026-06-08 17:14:52 follower.py:184 follower_left SOFollower read state: 2.0ms
DEBUG 2026-06-08 17:14:52 follower.py:191 follower_left SOFollower read wrist: 0.0ms
DEBUG 2026-06-08 17:14:52 follower.py:184 follower_right SOFollower read state: 1.9ms
DEBUG 2026-06-08 17:14:52 follower.py:191 follower_right SOFollower read wrist: 0.0ms
DEBUG 2026-06-08 17:14:52 t_client.py:198 Observation serialization time: 0.011335s
DEBUG 2026-06-08 17:14:52 ort/utils.py:54 [CLIENT] Observation Buffer size 4.3954973220825195 MB with
DEBUG 2026-06-08 17:14:52 ort/utils.py:69 [CLIENT] Observation Sent 2097152/4609013 bytes with state 1
DEBUG 2026-06-08 17:14:52 ort/utils.py:69 [CLIENT] Observation Sent 4194304/4609013 bytes with state 2
DEBUG 2026-06-08 17:14:52 ort/utils.py:69 [CLIENT] Observation Sent 4609013/4609013 bytes with state 3
DEBUG 2026-06-08 17:14:52 ort/utils.py:71 [CLIENT] Observation Published 4.3954973220825195 MB
DEBUG 2026-06-08 17:14:52 t_client.py:209 Sent observation #192 | 
DEBUG 2026-06-08 17:14:52 t_client.py:434 QUEUE SIZE: 8 (Must go: False)
DEBUG 2026-06-08 17:14:52 t_client.py:477 Control loop (ms): 335.69
DEBUG 2026-06-08 17:14:52 follower.py:184 follower_left SOFollower read state: 1.9ms
DEBUG 2026-06-08 17:14:52 follower.py:191 follower_left SOFollower read wrist: 0.0ms
DEBUG 2026-06-08 17:14:52 follower.py:184 follower_right SOFollower read state: 2.1ms
DEBUG 2026-06-08 17:14:52 follower.py:191 follower_right SOFollower read wrist: 0.0ms
DEBUG 2026-06-08 17:14:52 t_client.py:198 Observation serialization time: 0.014587s
DEBUG 2026-06-08 17:14:52 ort/utils.py:54 [CLIENT] Observation Buffer size 4.3954973220825195 MB with
DEBUG 2026-06-08 17:14:52 ort/utils.py:69 [CLIENT] Observation Sent 2097152/4609013 bytes with state 1
DEBUG 2026-06-08 17:14:52 ort/utils.py:69 [CLIENT] Observation Sent 4194304/4609013 bytes with state 2
DEBUG 2026-06-08 17:14:52 ort/utils.py:69 [CLIENT] Observation Sent 4609013/4609013 bytes with state 3
DEBUG 2026-06-08 17:14:52 ort/utils.py:71 [CLIENT] Observation Published 4.3954973220825195 MB
DEBUG 2026-06-08 17:14:52 t_client.py:292 Received actions on device: cpu
DEBUG 2026-06-08 17:14:52 t_client.py:302 Actions kept on device: cpu
DEBUG 2026-06-08 17:14:52 t_client.py:209 Sent observation #193 | 
DEBUG 2026-06-08 17:14:52 t_client.py:434 QUEUE SIZE: 7 (Must go: False)
DEBUG 2026-06-08 17:14:52 t_client.py:477 Control loop (ms): 276.16
DEBUG 2026-06-08 17:14:52 t_client.py:477 Control loop (ms): 1.70
DEBUG 2026-06-08 17:14:52 t_client.py:477 Control loop (ms): 0.78
DEBUG 2026-06-08 17:14:52 t_client.py:477 Control loop (ms): 1.42
DEBUG 2026-06-08 17:14:52 t_client.py:292 Received actions on device: cpu
DEBUG 2026-06-08 17:14:52 t_client.py:302 Actions kept on device: cpu
DEBUG 2026-06-08 17:14:52 t_client.py:477 Control loop (ms): 1.27
DEBUG 2026-06-08 17:14:52 t_client.py:477 Control loop (ms): 1.26
DEBUG 2026-06-08 17:14:52 t_client.py:477 Control loop (ms): 1.36
DEBUG 2026-06-08 17:14:52 follower.py:184 follower_left SOFollower read state: 1.5ms
DEBUG 2026-06-08 17:14:52 follower.py:191 follower_left SOFollower read wrist: 0.0ms
DEBUG 2026-06-08 17:14:52 follower.py:184 follower_right SOFollower read state: 1.6ms
DEBUG 2026-06-08 17:14:52 follower.py:191 follower_right SOFollower read wrist: 0.0ms
DEBUG 2026-06-08 17:14:52 t_client.py:198 Observation serialization time: 0.003321s
DEBUG 2026-06-08 17:14:52 ort/utils.py:54 [CLIENT] Observation Buffer size 4.3954973220825195 MB with
DEBUG 2026-06-08 17:14:52 ort/utils.py:69 [CLIENT] Observation Sent 2097152/4609013 bytes with state 1
DEBUG 2026-06-08 17:14:53 ort/utils.py:69 [CLIENT] Observation Sent 4194304/4609013 bytes with state 2
DEBUG 2026-06-08 17:14:53 ort/utils.py:69 [CLIENT] Observation Sent 4609013/4609013 bytes with state 3
DEBUG 2026-06-08 17:14:53 ort/utils.py:71 [CLIENT] Observation Published 4.3954973220825195 MB
DEBUG 2026-06-08 17:14:53 t_client.py:209 Sent observation #200 | 
DEBUG 2026-06-08 17:14:53 t_client.py:434 QUEUE SIZE: 8 (Must go: False)
DEBUG 2026-06-08 17:14:53 t_client.py:477 Control loop (ms): 254.16
DEBUG 2026-06-08 17:14:53 follower.py:184 follower_left SOFollower read state: 1.7ms
DEBUG 2026-06-08 17:14:53 follower.py:191 follower_left SOFollower read wrist: 0.0ms
DEBUG 2026-06-08 17:14:53 follower.py:184 follower_right SOFollower read state: 1.6ms
DEBUG 2026-06-08 17:14:53 follower.py:191 follower_right SOFollower read wrist: 0.0ms
DEBUG 2026-06-08 17:14:53 t_client.py:198 Observation serialization time: 0.005009s
DEBUG 2026-06-08 17:14:53 ort/utils.py:54 [CLIENT] Observation Buffer size 4.3954973220825195 MB with
DEBUG 2026-06-08 17:14:53 ort/utils.py:69 [CLIENT] Observation Sent 2097152/4609013 bytes with state 1
DEBUG 2026-06-08 17:14:53 ort/utils.py:69 [CLIENT] Observation Sent 4194304/4609013 bytes with state 2
DEBUG 2026-06-08 17:14:53 t_client.py:292 Received actions on device: cpu
DEBUG 2026-06-08 17:14:53 t_client.py:302 Actions kept on device: cpu
DEBUG 2026-06-08 17:14:53 ort/utils.py:69 [CLIENT] Observation Sent 4609013/4609013 bytes with state 3
DEBUG 2026-06-08 17:14:53 ort/utils.py:71 [CLIENT] Observation Published 4.3954973220825195 MB
DEBUG 2026-06-08 17:14:53 t_client.py:209 Sent observation #201 | 
DEBUG 2026-06-08 17:14:53 t_client.py:434 QUEUE SIZE: 7 (Must go: False)
DEBUG 2026-06-08 17:14:53 t_client.py:477 Control loop (ms): 214.56
DEBUG 2026-06-08 17:14:53 t_client.py:477 Control loop (ms): 1.13
DEBUG 2026-06-08 17:14:53 t_client.py:477 Control loop (ms): 2.01
DEBUG 2026-06-08 17:14:53 t_client.py:477 Control loop (ms): 1.56
DEBUG 2026-06-08 17:14:53 t_client.py:477 Control loop (ms): 2.63
DEBUG 2026-06-08 17:14:53 t_client.py:292 Received actions on device: cpu
DEBUG 2026-06-08 17:14:53 t_client.py:302 Actions kept on device: cpu
DEBUG 2026-06-08 17:14:53 t_client.py:477 Control loop (ms): 1.00
DEBUG 2026-06-08 17:14:53 t_client.py:477 Control loop (ms): 1.47
DEBUG 2026-06-08 17:14:53 follower.py:184 follower_left SOFollower read state: 1.6ms
DEBUG 2026-06-08 17:14:53 follower.py:191 follower_left SOFollower read wrist: 0.0ms
DEBUG 2026-06-08 17:14:53 follower.py:184 follower_right SOFollower read state: 1.5ms
DEBUG 2026-06-08 17:14:53 follower.py:191 follower_right SOFollower read wrist: 0.0ms
DEBUG 2026-06-08 17:14:53 t_client.py:198 Observation serialization time: 0.006093s
DEBUG 2026-06-08 17:14:53 ort/utils.py:54 [CLIENT] Observation Buffer size 4.3954973220825195 MB with
DEBUG 2026-06-08 17:14:53 ort/utils.py:69 [CLIENT] Observation Sent 2097152/4609013 bytes with state 1
DEBUG 2026-06-08 17:14:53 ort/utils.py:69 [CLIENT] Observation Sent 4194304/4609013 bytes with state 2
DEBUG 2026-06-08 17:14:53 ort/utils.py:69 [CLIENT] Observation Sent 4609013/4609013 bytes with state 3
DEBUG 2026-06-08 17:14:53 ort/utils.py:71 [CLIENT] Observation Published 4.3954973220825195 MB
DEBUG 2026-06-08 17:14:53 t_client.py:209 Sent observation #208 | 
DEBUG 2026-06-08 17:14:53 t_client.py:434 QUEUE SIZE: 8 (Must go: False)
DEBUG 2026-06-08 17:14:53 t_client.py:477 Control loop (ms): 136.74
DEBUG 2026-06-08 17:14:53 follower.py:184 follower_left SOFollower read state: 1.7ms
DEBUG 2026-06-08 17:14:53 follower.py:191 follower_left SOFollower read wrist: 0.0ms
DEBUG 2026-06-08 17:14:53 follower.py:184 follower_right SOFollower read state: 1.6ms
DEBUG 2026-06-08 17:14:53 follower.py:191 follower_right SOFollower read wrist: 0.0ms
DEBUG 2026-06-08 17:14:53 t_client.py:198 Observation serialization time: 0.006789s
DEBUG 2026-06-08 17:14:53 ort/utils.py:54 [CLIENT] Observation Buffer size 4.3954973220825195 MB with
DEBUG 2026-06-08 17:14:53 ort/utils.py:69 [CLIENT] Observation Sent 2097152/4609013 bytes with state 1
DEBUG 2026-06-08 17:14:53 ort/utils.py:69 [CLIENT] Observation Sent 4194304/4609013 bytes with state 2
DEBUG 2026-06-08 17:14:53 ort/utils.py:69 [CLIENT] Observation Sent 4609013/4609013 bytes with state 3
DEBUG 2026-06-08 17:14:53 ort/utils.py:71 [CLIENT] Observation Published 4.3954973220825195 MB
DEBUG 2026-06-08 17:14:53 t_client.py:292 Received actions on device: cpu
DEBUG 2026-06-08 17:14:53 t_client.py:302 Actions kept on device: cpu
DEBUG 2026-06-08 17:14:53 t_client.py:209 Sent observation #209 | 
DEBUG 2026-06-08 17:14:53 t_client.py:434 QUEUE SIZE: 7 (Must go: False)
DEBUG 2026-06-08 17:14:53 t_client.py:477 Control loop (ms): 138.99
DEBUG 2026-06-08 17:14:53 t_client.py:477 Control loop (ms): 0.83
DEBUG 2026-06-08 17:14:53 t_client.py:477 Control loop (ms): 1.93
DEBUG 2026-06-08 17:14:53 t_client.py:477 Control loop (ms): 1.21
DEBUG 2026-06-08 17:14:53 t_client.py:292 Received actions on device: cpu
DEBUG 2026-06-08 17:14:53 t_client.py:302 Actions kept on device: cpu
DEBUG 2026-06-08 17:14:53 t_client.py:477 Control loop (ms): 2.06
DEBUG 2026-06-08 17:14:54 t_client.py:477 Control loop (ms): 1.78
DEBUG 2026-06-08 17:14:54 t_client.py:477 Control loop (ms): 1.38
DEBUG 2026-06-08 17:14:54 t_client.py:477 Control loop (ms): 2.42
DEBUG 2026-06-08 17:14:54 follower.py:184 follower_left SOFollower read state: 2.0ms
DEBUG 2026-06-08 17:14:54 follower.py:191 follower_left SOFollower read wrist: 0.0ms
DEBUG 2026-06-08 17:14:54 follower.py:184 follower_right SOFollower read state: 2.1ms
DEBUG 2026-06-08 17:14:54 follower.py:191 follower_right SOFollower read wrist: 0.0ms
DEBUG 2026-06-08 17:14:54 t_client.py:198 Observation serialization time: 0.004592s
DEBUG 2026-06-08 17:14:54 ort/utils.py:54 [CLIENT] Observation Buffer size 4.3954973220825195 MB with
DEBUG 2026-06-08 17:14:54 ort/utils.py:69 [CLIENT] Observation Sent 2097152/4609013 bytes with state 1
DEBUG 2026-06-08 17:14:54 ort/utils.py:69 [CLIENT] Observation Sent 4194304/4609013 bytes with state 2
DEBUG 2026-06-08 17:14:54 ort/utils.py:69 [CLIENT] Observation Sent 4609013/4609013 bytes with state 3
DEBUG 2026-06-08 17:14:54 ort/utils.py:71 [CLIENT] Observation Published 4.3954973220825195 MB
DEBUG 2026-06-08 17:14:54 t_client.py:209 Sent observation #216 | 
DEBUG 2026-06-08 17:14:54 t_client.py:434 QUEUE SIZE: 8 (Must go: False)
DEBUG 2026-06-08 17:14:54 t_client.py:477 Control loop (ms): 148.97
DEBUG 2026-06-08 17:14:54 follower.py:184 follower_left SOFollower read state: 1.7ms
DEBUG 2026-06-08 17:14:54 follower.py:191 follower_left SOFollower read wrist: 0.0ms
DEBUG 2026-06-08 17:14:54 follower.py:184 follower_right SOFollower read state: 1.5ms
DEBUG 2026-06-08 17:14:54 follower.py:191 follower_right SOFollower read wrist: 0.0ms
DEBUG 2026-06-08 17:14:54 t_client.py:198 Observation serialization time: 0.005603s
DEBUG 2026-06-08 17:14:54 ort/utils.py:54 [CLIENT] Observation Buffer size 4.3954973220825195 MB with
DEBUG 2026-06-08 17:14:54 ort/utils.py:69 [CLIENT] Observation Sent 2097152/4609013 bytes with state 1
DEBUG 2026-06-08 17:14:54 ort/utils.py:69 [CLIENT] Observation Sent 4194304/4609013 bytes with state 2
DEBUG 2026-06-08 17:14:54 ort/utils.py:69 [CLIENT] Observation Sent 4609013/4609013 bytes with state 3
DEBUG 2026-06-08 17:14:54 ort/utils.py:71 [CLIENT] Observation Published 4.3954973220825195 MB
DEBUG 2026-06-08 17:14:54 t_client.py:209 Sent observation #217 | 
DEBUG 2026-06-08 17:14:54 t_client.py:434 QUEUE SIZE: 7 (Must go: False)
DEBUG 2026-06-08 17:14:54 t_client.py:477 Control loop (ms): 158.54
DEBUG 2026-06-08 17:14:54 t_client.py:292 Received actions on device: cpu
DEBUG 2026-06-08 17:14:54 t_client.py:302 Actions kept on device: cpu
DEBUG 2026-06-08 17:14:54 follower.py:184 follower_left SOFollower read state: 1.6ms
DEBUG 2026-06-08 17:14:54 follower.py:191 follower_left SOFollower read wrist: 0.0ms
DEBUG 2026-06-08 17:14:54 follower.py:184 follower_right SOFollower read state: 1.6ms
DEBUG 2026-06-08 17:14:54 follower.py:191 follower_right SOFollower read wrist: 0.0ms
DEBUG 2026-06-08 17:14:54 t_client.py:198 Observation serialization time: 0.006807s
DEBUG 2026-06-08 17:14:54 ort/utils.py:54 [CLIENT] Observation Buffer size 4.3954973220825195 MB with
DEBUG 2026-06-08 17:14:54 ort/utils.py:69 [CLIENT] Observation Sent 2097152/4609013 bytes with state 1
DEBUG 2026-06-08 17:14:54 ort/utils.py:69 [CLIENT] Observation Sent 4194304/4609013 bytes with state 2
DEBUG 2026-06-08 17:14:54 ort/utils.py:69 [CLIENT] Observation Sent 4609013/4609013 bytes with state 3
DEBUG 2026-06-08 17:14:54 ort/utils.py:71 [CLIENT] Observation Published 4.3954973220825195 MB
DEBUG 2026-06-08 17:14:54 t_client.py:292 Received actions on device: cpu
DEBUG 2026-06-08 17:14:54 t_client.py:302 Actions kept on device: cpu
DEBUG 2026-06-08 17:14:54 t_client.py:209 Sent observation #218 | 
DEBUG 2026-06-08 17:14:54 t_client.py:434 QUEUE SIZE: 13 (Must go: False)
DEBUG 2026-06-08 17:14:54 t_client.py:477 Control loop (ms): 150.86
DEBUG 2026-06-08 17:14:54 t_client.py:477 Control loop (ms): 1.26
DEBUG 2026-06-08 17:14:54 t_client.py:477 Control loop (ms): 1.60
DEBUG 2026-06-08 17:14:54 t_client.py:477 Control loop (ms): 1.28
DEBUG 2026-06-08 17:14:54 t_client.py:292 Received actions on device: cpu
DEBUG 2026-06-08 17:14:54 t_client.py:302 Actions kept on device: cpu
DEBUG 2026-06-08 17:14:54 t_client.py:477 Control loop (ms): 1.36
DEBUG 2026-06-08 17:14:54 t_client.py:477 Control loop (ms): 1.07
DEBUG 2026-06-08 17:14:54 t_client.py:477 Control loop (ms): 1.66
DEBUG 2026-06-08 17:14:54 follower.py:184 follower_left SOFollower read state: 1.9ms
DEBUG 2026-06-08 17:14:54 follower.py:191 follower_left SOFollower read wrist: 0.0ms
DEBUG 2026-06-08 17:14:54 follower.py:184 follower_right SOFollower read state: 1.7ms
DEBUG 2026-06-08 17:14:54 follower.py:191 follower_right SOFollower read wrist: 0.0ms
DEBUG 2026-06-08 17:14:54 t_client.py:198 Observation serialization time: 0.010498s
DEBUG 2026-06-08 17:14:54 ort/utils.py:54 [CLIENT] Observation Buffer size 4.3954973220825195 MB with
DEBUG 2026-06-08 17:14:54 ort/utils.py:69 [CLIENT] Observation Sent 2097152/4609013 bytes with state 1
DEBUG 2026-06-08 17:14:54 ort/utils.py:69 [CLIENT] Observation Sent 4194304/4609013 bytes with state 2
DEBUG 2026-06-08 17:14:54 ort/utils.py:69 [CLIENT] Observation Sent 4609013/4609013 bytes with state 3
DEBUG 2026-06-08 17:14:54 ort/utils.py:71 [CLIENT] Observation Published 4.3954973220825195 MB
DEBUG 2026-06-08 17:14:54 t_client.py:209 Sent observation #225 | 
DEBUG 2026-06-08 17:14:54 t_client.py:434 QUEUE SIZE: 8 (Must go: False)
DEBUG 2026-06-08 17:14:54 t_client.py:477 Control loop (ms): 135.07
DEBUG 2026-06-08 17:14:54 follower.py:184 follower_left SOFollower read state: 1.7ms
DEBUG 2026-06-08 17:14:54 follower.py:191 follower_left SOFollower read wrist: 0.0ms
DEBUG 2026-06-08 17:14:54 follower.py:184 follower_right SOFollower read state: 1.6ms
DEBUG 2026-06-08 17:14:54 follower.py:191 follower_right SOFollower read wrist: 0.0ms
DEBUG 2026-06-08 17:14:54 t_client.py:198 Observation serialization time: 0.007868s
DEBUG 2026-06-08 17:14:54 ort/utils.py:54 [CLIENT] Observation Buffer size 4.3954973220825195 MB with
DEBUG 2026-06-08 17:14:54 ort/utils.py:69 [CLIENT] Observation Sent 2097152/4609013 bytes with state 1
DEBUG 2026-06-08 17:14:55 ort/utils.py:69 [CLIENT] Observation Sent 4194304/4609013 bytes with state 2
DEBUG 2026-06-08 17:14:55 ort/utils.py:69 [CLIENT] Observation Sent 4609013/4609013 bytes with state 3
DEBUG 2026-06-08 17:14:55 ort/utils.py:71 [CLIENT] Observation Published 4.3954973220825195 MB
DEBUG 2026-06-08 17:14:55 t_client.py:292 Received actions on device: cpu
DEBUG 2026-06-08 17:14:55 t_client.py:302 Actions kept on device: cpu
DEBUG 2026-06-08 17:14:55 t_client.py:209 Sent observation #226 | 
DEBUG 2026-06-08 17:14:55 t_client.py:434 QUEUE SIZE: 7 (Must go: False)
DEBUG 2026-06-08 17:14:55 t_client.py:477 Control loop (ms): 203.22
DEBUG 2026-06-08 17:14:55 t_client.py:477 Control loop (ms): 1.72
DEBUG 2026-06-08 17:14:55 t_client.py:477 Control loop (ms): 1.50
DEBUG 2026-06-08 17:14:55 t_client.py:477 Control loop (ms): 1.75
DEBUG 2026-06-08 17:14:55 t_client.py:292 Received actions on device: cpu
DEBUG 2026-06-08 17:14:55 t_client.py:302 Actions kept on device: cpu
DEBUG 2026-06-08 17:14:55 t_client.py:477 Control loop (ms): 0.76
DEBUG 2026-06-08 17:14:55 t_client.py:477 Control loop (ms): 1.31
DEBUG 2026-06-08 17:14:55 t_client.py:477 Control loop (ms): 1.26
DEBUG 2026-06-08 17:14:55 follower.py:184 follower_left SOFollower read state: 1.9ms
DEBUG 2026-06-08 17:14:55 follower.py:191 follower_left SOFollower read wrist: 0.1ms
DEBUG 2026-06-08 17:14:55 follower.py:184 follower_right SOFollower read state: 1.8ms
DEBUG 2026-06-08 17:14:55 follower.py:191 follower_right SOFollower read wrist: 0.0ms
DEBUG 2026-06-08 17:14:55 t_client.py:198 Observation serialization time: 0.010809s
DEBUG 2026-06-08 17:14:55 ort/utils.py:54 [CLIENT] Observation Buffer size 4.3954973220825195 MB with
DEBUG 2026-06-08 17:14:55 ort/utils.py:69 [CLIENT] Observation Sent 2097152/4609013 bytes with state 1
DEBUG 2026-06-08 17:14:55 ort/utils.py:69 [CLIENT] Observation Sent 4194304/4609013 bytes with state 2
DEBUG 2026-06-08 17:14:55 ort/utils.py:69 [CLIENT] Observation Sent 4609013/4609013 bytes with state 3
DEBUG 2026-06-08 17:14:55 ort/utils.py:71 [CLIENT] Observation Published 4.3954973220825195 MB
DEBUG 2026-06-08 17:14:55 t_client.py:209 Sent observation #233 | 
DEBUG 2026-06-08 17:14:55 t_client.py:434 QUEUE SIZE: 8 (Must go: False)
DEBUG 2026-06-08 17:14:55 t_client.py:477 Control loop (ms): 146.49
DEBUG 2026-06-08 17:14:55 follower.py:184 follower_left SOFollower read state: 2.0ms
DEBUG 2026-06-08 17:14:55 follower.py:191 follower_left SOFollower read wrist: 0.0ms
DEBUG 2026-06-08 17:14:55 follower.py:184 follower_right SOFollower read state: 1.6ms
DEBUG 2026-06-08 17:14:55 follower.py:191 follower_right SOFollower read wrist: 0.0ms
DEBUG 2026-06-08 17:14:55 t_client.py:198 Observation serialization time: 0.008147s
DEBUG 2026-06-08 17:14:55 ort/utils.py:54 [CLIENT] Observation Buffer size 4.3954973220825195 MB with
DEBUG 2026-06-08 17:14:55 ort/utils.py:69 [CLIENT] Observation Sent 2097152/4609013 bytes with state 1
DEBUG 2026-06-08 17:14:55 ort/utils.py:69 [CLIENT] Observation Sent 4194304/4609013 bytes with state 2
DEBUG 2026-06-08 17:14:55 ort/utils.py:69 [CLIENT] Observation Sent 4609013/4609013 bytes with state 3
DEBUG 2026-06-08 17:14:55 ort/utils.py:71 [CLIENT] Observation Published 4.3954973220825195 MB
DEBUG 2026-06-08 17:14:55 t_client.py:292 Received actions on device: cpu
DEBUG 2026-06-08 17:14:55 t_client.py:302 Actions kept on device: cpu
DEBUG 2026-06-08 17:14:55 t_client.py:209 Sent observation #234 | 
DEBUG 2026-06-08 17:14:55 t_client.py:434 QUEUE SIZE: 7 (Must go: False)
DEBUG 2026-06-08 17:14:55 t_client.py:477 Control loop (ms): 147.97
DEBUG 2026-06-08 17:14:55 t_client.py:477 Control loop (ms): 1.09
DEBUG 2026-06-08 17:14:55 t_client.py:477 Control loop (ms): 2.27
DEBUG 2026-06-08 17:14:55 t_client.py:477 Control loop (ms): 1.17
DEBUG 2026-06-08 17:14:55 t_client.py:292 Received actions on device: cpu
DEBUG 2026-06-08 17:14:55 t_client.py:302 Actions kept on device: cpu
DEBUG 2026-06-08 17:14:55 t_client.py:477 Control loop (ms): 0.75
DEBUG 2026-06-08 17:14:55 t_client.py:477 Control loop (ms): 1.13
DEBUG 2026-06-08 17:14:55 t_client.py:477 Control loop (ms): 1.56
DEBUG 2026-06-08 17:14:55 follower.py:184 follower_left SOFollower read state: 1.9ms
DEBUG 2026-06-08 17:14:55 follower.py:191 follower_left SOFollower read wrist: 0.0ms
DEBUG 2026-06-08 17:14:55 follower.py:184 follower_right SOFollower read state: 1.8ms
DEBUG 2026-06-08 17:14:55 follower.py:191 follower_right SOFollower read wrist: 0.0ms
DEBUG 2026-06-08 17:14:55 t_client.py:198 Observation serialization time: 0.007654s
DEBUG 2026-06-08 17:14:55 ort/utils.py:54 [CLIENT] Observation Buffer size 4.3954973220825195 MB with
DEBUG 2026-06-08 17:14:55 ort/utils.py:69 [CLIENT] Observation Sent 2097152/4609013 bytes with state 1
DEBUG 2026-06-08 17:14:55 ort/utils.py:69 [CLIENT] Observation Sent 4194304/4609013 bytes with state 2
DEBUG 2026-06-08 17:14:55 ort/utils.py:69 [CLIENT] Observation Sent 4609013/4609013 bytes with state 3
DEBUG 2026-06-08 17:14:55 ort/utils.py:71 [CLIENT] Observation Published 4.3954973220825195 MB
DEBUG 2026-06-08 17:14:56 t_client.py:209 Sent observation #241 | 
DEBUG 2026-06-08 17:14:56 t_client.py:434 QUEUE SIZE: 8 (Must go: False)
DEBUG 2026-06-08 17:14:56 t_client.py:477 Control loop (ms): 219.75
DEBUG 2026-06-08 17:14:56 follower.py:184 follower_left SOFollower read state: 1.8ms
DEBUG 2026-06-08 17:14:56 follower.py:191 follower_left SOFollower read wrist: 0.1ms
DEBUG 2026-06-08 17:14:56 follower.py:184 follower_right SOFollower read state: 2.0ms
DEBUG 2026-06-08 17:14:56 follower.py:191 follower_right SOFollower read wrist: 0.0ms
DEBUG 2026-06-08 17:14:56 t_client.py:198 Observation serialization time: 0.006020s
DEBUG 2026-06-08 17:14:56 ort/utils.py:54 [CLIENT] Observation Buffer size 4.3954973220825195 MB with
DEBUG 2026-06-08 17:14:56 ort/utils.py:69 [CLIENT] Observation Sent 2097152/4609013 bytes with state 1
DEBUG 2026-06-08 17:14:56 ort/utils.py:69 [CLIENT] Observation Sent 4194304/4609013 bytes with state 2
DEBUG 2026-06-08 17:14:56 ort/utils.py:69 [CLIENT] Observation Sent 4609013/4609013 bytes with state 3
DEBUG 2026-06-08 17:14:56 ort/utils.py:71 [CLIENT] Observation Published 4.3954973220825195 MB
DEBUG 2026-06-08 17:14:56 t_client.py:292 Received actions on device: cpu
DEBUG 2026-06-08 17:14:56 t_client.py:302 Actions kept on device: cpu
DEBUG 2026-06-08 17:14:56 t_client.py:209 Sent observation #242 | 
DEBUG 2026-06-08 17:14:56 t_client.py:434 QUEUE SIZE: 7 (Must go: False)
DEBUG 2026-06-08 17:14:56 t_client.py:477 Control loop (ms): 175.21
DEBUG 2026-06-08 17:14:56 t_client.py:477 Control loop (ms): 0.50
DEBUG 2026-06-08 17:14:56 t_client.py:477 Control loop (ms): 2.13
DEBUG 2026-06-08 17:14:56 t_client.py:477 Control loop (ms): 1.56
DEBUG 2026-06-08 17:14:56 t_client.py:292 Received actions on device: cpu
DEBUG 2026-06-08 17:14:56 t_client.py:302 Actions kept on device: cpu
DEBUG 2026-06-08 17:14:56 t_client.py:477 Control loop (ms): 3.43
DEBUG 2026-06-08 17:14:56 t_client.py:477 Control loop (ms): 1.22
DEBUG 2026-06-08 17:14:56 t_client.py:477 Control loop (ms): 1.67
DEBUG 2026-06-08 17:14:56 t_client.py:477 Control loop (ms): 2.57
DEBUG 2026-06-08 17:14:56 follower.py:184 follower_left SOFollower read state: 1.9ms
DEBUG 2026-06-08 17:14:56 follower.py:191 follower_left SOFollower read wrist: 0.0ms
DEBUG 2026-06-08 17:14:56 follower.py:184 follower_right SOFollower read state: 1.7ms
DEBUG 2026-06-08 17:14:56 follower.py:191 follower_right SOFollower read wrist: 0.0ms
DEBUG 2026-06-08 17:14:56 t_client.py:198 Observation serialization time: 0.006910s
DEBUG 2026-06-08 17:14:56 ort/utils.py:54 [CLIENT] Observation Buffer size 4.3954973220825195 MB with
DEBUG 2026-06-08 17:14:56 ort/utils.py:69 [CLIENT] Observation Sent 2097152/4609013 bytes with state 1
DEBUG 2026-06-08 17:14:56 ort/utils.py:69 [CLIENT] Observation Sent 4194304/4609013 bytes with state 2
DEBUG 2026-06-08 17:14:56 ort/utils.py:69 [CLIENT] Observation Sent 4609013/4609013 bytes with state 3
DEBUG 2026-06-08 17:14:56 ort/utils.py:71 [CLIENT] Observation Published 4.3954973220825195 MB
DEBUG 2026-06-08 17:14:56 t_client.py:209 Sent observation #249 | 
DEBUG 2026-06-08 17:14:56 t_client.py:434 QUEUE SIZE: 8 (Must go: False)
DEBUG 2026-06-08 17:14:56 t_client.py:477 Control loop (ms): 180.35
DEBUG 2026-06-08 17:14:56 follower.py:184 follower_left SOFollower read state: 2.0ms
DEBUG 2026-06-08 17:14:56 follower.py:191 follower_left SOFollower read wrist: 0.0ms
DEBUG 2026-06-08 17:14:56 follower.py:184 follower_right SOFollower read state: 1.9ms
DEBUG 2026-06-08 17:14:56 follower.py:191 follower_right SOFollower read wrist: 0.0ms
DEBUG 2026-06-08 17:14:56 t_client.py:198 Observation serialization time: 0.006198s
DEBUG 2026-06-08 17:14:56 ort/utils.py:54 [CLIENT] Observation Buffer size 4.3954973220825195 MB with
DEBUG 2026-06-08 17:14:56 ort/utils.py:69 [CLIENT] Observation Sent 2097152/4609013 bytes with state 1
DEBUG 2026-06-08 17:14:56 ort/utils.py:69 [CLIENT] Observation Sent 4194304/4609013 bytes with state 2
DEBUG 2026-06-08 17:14:56 ort/utils.py:69 [CLIENT] Observation Sent 4609013/4609013 bytes with state 3
DEBUG 2026-06-08 17:14:56 ort/utils.py:71 [CLIENT] Observation Published 4.3954973220825195 MB
DEBUG 2026-06-08 17:14:56 t_client.py:292 Received actions on device: cpu
DEBUG 2026-06-08 17:14:56 t_client.py:302 Actions kept on device: cpu
DEBUG 2026-06-08 17:14:56 t_client.py:209 Sent observation #250 | 
DEBUG 2026-06-08 17:14:56 t_client.py:434 QUEUE SIZE: 7 (Must go: False)
DEBUG 2026-06-08 17:14:56 t_client.py:477 Control loop (ms): 250.08
DEBUG 2026-06-08 17:14:56 t_client.py:477 Control loop (ms): 1.43
DEBUG 2026-06-08 17:14:56 t_client.py:477 Control loop (ms): 1.22
DEBUG 2026-06-08 17:14:56 t_client.py:477 Control loop (ms): 1.51
DEBUG 2026-06-08 17:14:56 t_client.py:292 Received actions on device: cpu
DEBUG 2026-06-08 17:14:56 t_client.py:302 Actions kept on device: cpu
DEBUG 2026-06-08 17:14:56 t_client.py:477 Control loop (ms): 1.69
DEBUG 2026-06-08 17:14:57 t_client.py:477 Control loop (ms): 1.52
DEBUG 2026-06-08 17:14:57 t_client.py:477 Control loop (ms): 1.61
DEBUG 2026-06-08 17:14:57 follower.py:184 follower_left SOFollower read state: 1.8ms
DEBUG 2026-06-08 17:14:57 follower.py:191 follower_left SOFollower read wrist: 0.0ms
DEBUG 2026-06-08 17:14:57 follower.py:184 follower_right SOFollower read state: 1.7ms
DEBUG 2026-06-08 17:14:57 follower.py:191 follower_right SOFollower read wrist: 0.1ms
DEBUG 2026-06-08 17:14:57 t_client.py:198 Observation serialization time: 0.006564s
DEBUG 2026-06-08 17:14:57 ort/utils.py:54 [CLIENT] Observation Buffer size 4.395498275756836 MB with
DEBUG 2026-06-08 17:14:57 ort/utils.py:69 [CLIENT] Observation Sent 2097152/4609014 bytes with state 1
DEBUG 2026-06-08 17:14:57 ort/utils.py:69 [CLIENT] Observation Sent 4194304/4609014 bytes with state 2
DEBUG 2026-06-08 17:14:57 ort/utils.py:69 [CLIENT] Observation Sent 4609014/4609014 bytes with state 3
DEBUG 2026-06-08 17:14:57 ort/utils.py:71 [CLIENT] Observation Published 4.395498275756836 MB
DEBUG 2026-06-08 17:14:57 t_client.py:209 Sent observation #257 | 
DEBUG 2026-06-08 17:14:57 t_client.py:434 QUEUE SIZE: 8 (Must go: False)
DEBUG 2026-06-08 17:14:57 t_client.py:477 Control loop (ms): 139.41
DEBUG 2026-06-08 17:14:57 follower.py:184 follower_left SOFollower read state: 1.7ms
DEBUG 2026-06-08 17:14:57 follower.py:191 follower_left SOFollower read wrist: 0.0ms
DEBUG 2026-06-08 17:14:57 follower.py:184 follower_right SOFollower read state: 1.6ms
DEBUG 2026-06-08 17:14:57 follower.py:191 follower_right SOFollower read wrist: 0.0ms
DEBUG 2026-06-08 17:14:57 t_client.py:198 Observation serialization time: 0.005634s
DEBUG 2026-06-08 17:14:57 ort/utils.py:54 [CLIENT] Observation Buffer size 4.395498275756836 MB with
DEBUG 2026-06-08 17:14:57 ort/utils.py:69 [CLIENT] Observation Sent 2097152/4609014 bytes with state 1
DEBUG 2026-06-08 17:14:57 ort/utils.py:69 [CLIENT] Observation Sent 4194304/4609014 bytes with state 2
DEBUG 2026-06-08 17:14:57 ort/utils.py:69 [CLIENT] Observation Sent 4609014/4609014 bytes with state 3
DEBUG 2026-06-08 17:14:57 ort/utils.py:71 [CLIENT] Observation Published 4.395498275756836 MB
DEBUG 2026-06-08 17:14:57 t_client.py:209 Sent observation #258 | 
DEBUG 2026-06-08 17:14:57 t_client.py:434 QUEUE SIZE: 7 (Must go: False)
DEBUG 2026-06-08 17:14:57 t_client.py:477 Control loop (ms): 102.98
DEBUG 2026-06-08 17:14:57 t_client.py:292 Received actions on device: cpu
DEBUG 2026-06-08 17:14:57 t_client.py:302 Actions kept on device: cpu
DEBUG 2026-06-08 17:14:57 follower.py:184 follower_left SOFollower read state: 1.8ms
DEBUG 2026-06-08 17:14:57 follower.py:191 follower_left SOFollower read wrist: 0.0ms
DEBUG 2026-06-08 17:14:57 follower.py:184 follower_right SOFollower read state: 1.5ms
DEBUG 2026-06-08 17:14:57 follower.py:191 follower_right SOFollower read wrist: 0.0ms
DEBUG 2026-06-08 17:14:57 t_client.py:198 Observation serialization time: 0.004890s
DEBUG 2026-06-08 17:14:57 ort/utils.py:54 [CLIENT] Observation Buffer size 4.395498275756836 MB with
DEBUG 2026-06-08 17:14:57 ort/utils.py:69 [CLIENT] Observation Sent 2097152/4609014 bytes with state 1
DEBUG 2026-06-08 17:14:57 ort/utils.py:69 [CLIENT] Observation Sent 4194304/4609014 bytes with state 2
DEBUG 2026-06-08 17:14:57 ort/utils.py:69 [CLIENT] Observation Sent 4609014/4609014 bytes with state 3
DEBUG 2026-06-08 17:14:57 ort/utils.py:71 [CLIENT] Observation Published 4.395498275756836 MB
DEBUG 2026-06-08 17:14:57 t_client.py:292 Received actions on device: cpu
DEBUG 2026-06-08 17:14:57 t_client.py:302 Actions kept on device: cpu
DEBUG 2026-06-08 17:14:57 t_client.py:209 Sent observation #259 | 
DEBUG 2026-06-08 17:14:57 t_client.py:434 QUEUE SIZE: 13 (Must go: False)
DEBUG 2026-06-08 17:14:57 t_client.py:477 Control loop (ms): 153.79
DEBUG 2026-06-08 17:14:57 t_client.py:477 Control loop (ms): 1.70
DEBUG 2026-06-08 17:14:57 t_client.py:477 Control loop (ms): 1.77
DEBUG 2026-06-08 17:14:57 t_client.py:477 Control loop (ms): 2.29
DEBUG 2026-06-08 17:14:57 t_client.py:292 Received actions on device: cpu
DEBUG 2026-06-08 17:14:57 t_client.py:302 Actions kept on device: cpu
DEBUG 2026-06-08 17:14:57 t_client.py:477 Control loop (ms): 1.15
DEBUG 2026-06-08 17:14:57 t_client.py:477 Control loop (ms): 2.08
DEBUG 2026-06-08 17:14:57 t_client.py:477 Control loop (ms): 1.91
DEBUG 2026-06-08 17:14:57 follower.py:184 follower_left SOFollower read state: 2.4ms
DEBUG 2026-06-08 17:14:57 follower.py:191 follower_left SOFollower read wrist: 0.0ms
DEBUG 2026-06-08 17:14:57 follower.py:184 follower_right SOFollower read state: 2.2ms
DEBUG 2026-06-08 17:14:57 follower.py:191 follower_right SOFollower read wrist: 0.0ms
DEBUG 2026-06-08 17:14:57 t_client.py:198 Observation serialization time: 0.010000s
DEBUG 2026-06-08 17:14:57 ort/utils.py:54 [CLIENT] Observation Buffer size 4.395498275756836 MB with
DEBUG 2026-06-08 17:14:57 ort/utils.py:69 [CLIENT] Observation Sent 2097152/4609014 bytes with state 1
DEBUG 2026-06-08 17:14:57 ort/utils.py:69 [CLIENT] Observation Sent 4194304/4609014 bytes with state 2
DEBUG 2026-06-08 17:14:57 ort/utils.py:69 [CLIENT] Observation Sent 4609014/4609014 bytes with state 3
DEBUG 2026-06-08 17:14:57 ort/utils.py:71 [CLIENT] Observation Published 4.395498275756836 MB
DEBUG 2026-06-08 17:14:57 t_client.py:209 Sent observation #266 | 
DEBUG 2026-06-08 17:14:57 t_client.py:434 QUEUE SIZE: 8 (Must go: False)
DEBUG 2026-06-08 17:14:57 t_client.py:477 Control loop (ms): 158.81
DEBUG 2026-06-08 17:14:57 follower.py:184 follower_left SOFollower read state: 2.1ms
DEBUG 2026-06-08 17:14:57 follower.py:191 follower_left SOFollower read wrist: 0.0ms
DEBUG 2026-06-08 17:14:57 follower.py:184 follower_right SOFollower read state: 1.9ms
DEBUG 2026-06-08 17:14:57 follower.py:191 follower_right SOFollower read wrist: 0.0ms
DEBUG 2026-06-08 17:14:57 t_client.py:198 Observation serialization time: 0.009535s
DEBUG 2026-06-08 17:14:57 ort/utils.py:54 [CLIENT] Observation Buffer size 4.395498275756836 MB with
DEBUG 2026-06-08 17:14:57 ort/utils.py:69 [CLIENT] Observation Sent 2097152/4609014 bytes with state 1
DEBUG 2026-06-08 17:14:57 ort/utils.py:69 [CLIENT] Observation Sent 4194304/4609014 bytes with state 2
DEBUG 2026-06-08 17:14:57 ort/utils.py:69 [CLIENT] Observation Sent 4609014/4609014 bytes with state 3
DEBUG 2026-06-08 17:14:57 ort/utils.py:71 [CLIENT] Observation Published 4.395498275756836 MB
DEBUG 2026-06-08 17:14:57 t_client.py:292 Received actions on device: cpu
DEBUG 2026-06-08 17:14:57 t_client.py:302 Actions kept on device: cpu
DEBUG 2026-06-08 17:14:57 t_client.py:209 Sent observation #267 | 
DEBUG 2026-06-08 17:14:57 t_client.py:434 QUEUE SIZE: 7 (Must go: False)
DEBUG 2026-06-08 17:14:57 t_client.py:477 Control loop (ms): 153.65
DEBUG 2026-06-08 17:14:57 t_client.py:477 Control loop (ms): 2.31
DEBUG 2026-06-08 17:14:58 t_client.py:477 Control loop (ms): 2.26
DEBUG 2026-06-08 17:14:58 t_client.py:477 Control loop (ms): 1.89
DEBUG 2026-06-08 17:14:58 t_client.py:292 Received actions on device: cpu
DEBUG 2026-06-08 17:14:58 t_client.py:302 Actions kept on device: cpu
DEBUG 2026-06-08 17:14:58 t_client.py:477 Control loop (ms): 1.22
DEBUG 2026-06-08 17:14:58 t_client.py:477 Control loop (ms): 1.68
DEBUG 2026-06-08 17:14:58 t_client.py:477 Control loop (ms): 1.77
DEBUG 2026-06-08 17:14:58 follower.py:184 follower_left SOFollower read state: 2.2ms
DEBUG 2026-06-08 17:14:58 follower.py:191 follower_left SOFollower read wrist: 0.0ms
DEBUG 2026-06-08 17:14:58 follower.py:184 follower_right SOFollower read state: 2.0ms
DEBUG 2026-06-08 17:14:58 follower.py:191 follower_right SOFollower read wrist: 0.0ms
DEBUG 2026-06-08 17:14:58 t_client.py:198 Observation serialization time: 0.007179s
DEBUG 2026-06-08 17:14:58 ort/utils.py:54 [CLIENT] Observation Buffer size 4.395498275756836 MB with
DEBUG 2026-06-08 17:14:58 ort/utils.py:69 [CLIENT] Observation Sent 2097152/4609014 bytes with state 1
DEBUG 2026-06-08 17:14:58 ort/utils.py:69 [CLIENT] Observation Sent 4194304/4609014 bytes with state 2
DEBUG 2026-06-08 17:14:58 ort/utils.py:69 [CLIENT] Observation Sent 4609014/4609014 bytes with state 3
DEBUG 2026-06-08 17:14:58 ort/utils.py:71 [CLIENT] Observation Published 4.395498275756836 MB
DEBUG 2026-06-08 17:14:58 t_client.py:209 Sent observation #274 | 
DEBUG 2026-06-08 17:14:58 t_client.py:434 QUEUE SIZE: 8 (Must go: False)
DEBUG 2026-06-08 17:14:58 t_client.py:477 Control loop (ms): 323.34
DEBUG 2026-06-08 17:14:58 follower.py:184 follower_left SOFollower read state: 1.7ms
DEBUG 2026-06-08 17:14:58 follower.py:191 follower_left SOFollower read wrist: 0.0ms
DEBUG 2026-06-08 17:14:58 follower.py:184 follower_right SOFollower read state: 1.6ms
DEBUG 2026-06-08 17:14:58 follower.py:191 follower_right SOFollower read wrist: 0.0ms
DEBUG 2026-06-08 17:14:58 t_client.py:198 Observation serialization time: 0.007869s
DEBUG 2026-06-08 17:14:58 ort/utils.py:54 [CLIENT] Observation Buffer size 4.395498275756836 MB with
DEBUG 2026-06-08 17:14:58 ort/utils.py:69 [CLIENT] Observation Sent 2097152/4609014 bytes with state 1
DEBUG 2026-06-08 17:14:58 ort/utils.py:69 [CLIENT] Observation Sent 4194304/4609014 bytes with state 2
DEBUG 2026-06-08 17:14:58 ort/utils.py:69 [CLIENT] Observation Sent 4609014/4609014 bytes with state 3
DEBUG 2026-06-08 17:14:58 ort/utils.py:71 [CLIENT] Observation Published 4.395498275756836 MB
DEBUG 2026-06-08 17:14:58 t_client.py:292 Received actions on device: cpu
DEBUG 2026-06-08 17:14:58 t_client.py:302 Actions kept on device: cpu
DEBUG 2026-06-08 17:14:58 t_client.py:209 Sent observation #275 | 
DEBUG 2026-06-08 17:14:58 t_client.py:434 QUEUE SIZE: 7 (Must go: False)
DEBUG 2026-06-08 17:14:58 t_client.py:477 Control loop (ms): 221.78
DEBUG 2026-06-08 17:14:58 t_client.py:477 Control loop (ms): 1.92
DEBUG 2026-06-08 17:14:58 t_client.py:477 Control loop (ms): 1.50
DEBUG 2026-06-08 17:14:58 t_client.py:477 Control loop (ms): 2.50
DEBUG 2026-06-08 17:14:58 t_client.py:292 Received actions on device: cpu
DEBUG 2026-06-08 17:14:58 t_client.py:302 Actions kept on device: cpu
DEBUG 2026-06-08 17:14:58 t_client.py:477 Control loop (ms): 1.48
DEBUG 2026-06-08 17:14:58 t_client.py:477 Control loop (ms): 2.20
DEBUG 2026-06-08 17:14:58 t_client.py:477 Control loop (ms): 1.87
DEBUG 2026-06-08 17:14:58 follower.py:184 follower_left SOFollower read state: 2.3ms
DEBUG 2026-06-08 17:14:58 follower.py:191 follower_left SOFollower read wrist: 0.0ms
DEBUG 2026-06-08 17:14:58 follower.py:184 follower_right SOFollower read state: 2.2ms
DEBUG 2026-06-08 17:14:58 follower.py:191 follower_right SOFollower read wrist: 0.0ms
DEBUG 2026-06-08 17:14:58 t_client.py:198 Observation serialization time: 0.012186s
DEBUG 2026-06-08 17:14:58 ort/utils.py:54 [CLIENT] Observation Buffer size 4.395498275756836 MB with
DEBUG 2026-06-08 17:14:58 ort/utils.py:69 [CLIENT] Observation Sent 2097152/4609014 bytes with state 1
DEBUG 2026-06-08 17:14:59 ort/utils.py:69 [CLIENT] Observation Sent 4194304/4609014 bytes with state 2
DEBUG 2026-06-08 17:14:59 ort/utils.py:69 [CLIENT] Observation Sent 4609014/4609014 bytes with state 3
DEBUG 2026-06-08 17:14:59 ort/utils.py:71 [CLIENT] Observation Published 4.395498275756836 MB
DEBUG 2026-06-08 17:14:59 t_client.py:209 Sent observation #282 | 
DEBUG 2026-06-08 17:14:59 t_client.py:434 QUEUE SIZE: 8 (Must go: False)
DEBUG 2026-06-08 17:14:59 t_client.py:477 Control loop (ms): 209.70
DEBUG 2026-06-08 17:14:59 follower.py:184 follower_left SOFollower read state: 2.0ms
DEBUG 2026-06-08 17:14:59 follower.py:191 follower_left SOFollower read wrist: 0.0ms
DEBUG 2026-06-08 17:14:59 follower.py:184 follower_right SOFollower read state: 1.8ms
DEBUG 2026-06-08 17:14:59 follower.py:191 follower_right SOFollower read wrist: 0.0ms
DEBUG 2026-06-08 17:14:59 t_client.py:198 Observation serialization time: 0.004543s
DEBUG 2026-06-08 17:14:59 ort/utils.py:54 [CLIENT] Observation Buffer size 4.395498275756836 MB with
DEBUG 2026-06-08 17:14:59 ort/utils.py:69 [CLIENT] Observation Sent 2097152/4609014 bytes with state 1
DEBUG 2026-06-08 17:14:59 ort/utils.py:69 [CLIENT] Observation Sent 4194304/4609014 bytes with state 2
DEBUG 2026-06-08 17:14:59 ort/utils.py:69 [CLIENT] Observation Sent 4609014/4609014 bytes with state 3
DEBUG 2026-06-08 17:14:59 ort/utils.py:71 [CLIENT] Observation Published 4.395498275756836 MB
DEBUG 2026-06-08 17:14:59 t_client.py:292 Received actions on device: cpu
DEBUG 2026-06-08 17:14:59 t_client.py:302 Actions kept on device: cpu
DEBUG 2026-06-08 17:14:59 t_client.py:209 Sent observation #283 | 
DEBUG 2026-06-08 17:14:59 t_client.py:434 QUEUE SIZE: 7 (Must go: False)
DEBUG 2026-06-08 17:14:59 t_client.py:477 Control loop (ms): 183.14
DEBUG 2026-06-08 17:14:59 t_client.py:477 Control loop (ms): 0.60
DEBUG 2026-06-08 17:14:59 t_client.py:477 Control loop (ms): 2.67
DEBUG 2026-06-08 17:14:59 t_client.py:477 Control loop (ms): 1.39
DEBUG 2026-06-08 17:14:59 t_client.py:292 Received actions on device: cpu
DEBUG 2026-06-08 17:14:59 t_client.py:302 Actions kept on device: cpu
DEBUG 2026-06-08 17:14:59 t_client.py:477 Control loop (ms): 1.36
DEBUG 2026-06-08 17:14:59 t_client.py:477 Control loop (ms): 1.40
DEBUG 2026-06-08 17:14:59 t_client.py:477 Control loop (ms): 1.44
DEBUG 2026-06-08 17:14:59 follower.py:184 follower_left SOFollower read state: 2.0ms
DEBUG 2026-06-08 17:14:59 follower.py:191 follower_left SOFollower read wrist: 0.0ms
DEBUG 2026-06-08 17:14:59 follower.py:184 follower_right SOFollower read state: 1.8ms
DEBUG 2026-06-08 17:14:59 follower.py:191 follower_right SOFollower read wrist: 0.0ms
DEBUG 2026-06-08 17:14:59 t_client.py:198 Observation serialization time: 0.008218s
DEBUG 2026-06-08 17:14:59 ort/utils.py:54 [CLIENT] Observation Buffer size 4.395498275756836 MB with
DEBUG 2026-06-08 17:14:59 ort/utils.py:69 [CLIENT] Observation Sent 2097152/4609014 bytes with state 1
DEBUG 2026-06-08 17:14:59 ort/utils.py:69 [CLIENT] Observation Sent 4194304/4609014 bytes with state 2
DEBUG 2026-06-08 17:14:59 ort/utils.py:69 [CLIENT] Observation Sent 4609014/4609014 bytes with state 3
DEBUG 2026-06-08 17:14:59 ort/utils.py:71 [CLIENT] Observation Published 4.395498275756836 MB
DEBUG 2026-06-08 17:14:59 t_client.py:209 Sent observation #290 | 
DEBUG 2026-06-08 17:14:59 t_client.py:434 QUEUE SIZE: 8 (Must go: False)
DEBUG 2026-06-08 17:14:59 t_client.py:477 Control loop (ms): 156.14
DEBUG 2026-06-08 17:14:59 follower.py:184 follower_left SOFollower read state: 1.6ms
DEBUG 2026-06-08 17:14:59 follower.py:191 follower_left SOFollower read wrist: 0.0ms
DEBUG 2026-06-08 17:14:59 follower.py:184 follower_right SOFollower read state: 1.6ms
DEBUG 2026-06-08 17:14:59 follower.py:191 follower_right SOFollower read wrist: 0.0ms
DEBUG 2026-06-08 17:14:59 t_client.py:198 Observation serialization time: 0.003521s
DEBUG 2026-06-08 17:14:59 ort/utils.py:54 [CLIENT] Observation Buffer size 4.395498275756836 MB with
DEBUG 2026-06-08 17:14:59 ort/utils.py:69 [CLIENT] Observation Sent 2097152/4609014 bytes with state 1
DEBUG 2026-06-08 17:14:59 ort/utils.py:69 [CLIENT] Observation Sent 4194304/4609014 bytes with state 2
DEBUG 2026-06-08 17:14:59 ort/utils.py:69 [CLIENT] Observation Sent 4609014/4609014 bytes with state 3
DEBUG 2026-06-08 17:14:59 ort/utils.py:71 [CLIENT] Observation Published 4.395498275756836 MB
DEBUG 2026-06-08 17:14:59 t_client.py:292 Received actions on device: cpu
DEBUG 2026-06-08 17:14:59 t_client.py:302 Actions kept on device: cpu
DEBUG 2026-06-08 17:14:59 t_client.py:209 Sent observation #291 | 
DEBUG 2026-06-08 17:14:59 t_client.py:434 QUEUE SIZE: 7 (Must go: False)
DEBUG 2026-06-08 17:14:59 t_client.py:477 Control loop (ms): 161.28
DEBUG 2026-06-08 17:14:59 t_client.py:477 Control loop (ms): 2.67
DEBUG 2026-06-08 17:14:59 t_client.py:477 Control loop (ms): 2.70
DEBUG 2026-06-08 17:14:59 t_client.py:477 Control loop (ms): 2.54
DEBUG 2026-06-08 17:14:59 t_client.py:292 Received actions on device: cpu
DEBUG 2026-06-08 17:14:59 t_client.py:302 Actions kept on device: cpu
DEBUG 2026-06-08 17:14:59 t_client.py:477 Control loop (ms): 2.14
DEBUG 2026-06-08 17:14:59 t_client.py:477 Control loop (ms): 2.61
DEBUG 2026-06-08 17:15:00 t_client.py:477 Control loop (ms): 1.84
DEBUG 2026-06-08 17:15:00 follower.py:184 follower_left SOFollower read state: 2.6ms
DEBUG 2026-06-08 17:15:00 follower.py:191 follower_left SOFollower read wrist: 0.0ms
DEBUG 2026-06-08 17:15:00 follower.py:184 follower_right SOFollower read state: 2.3ms
DEBUG 2026-06-08 17:15:00 follower.py:191 follower_right SOFollower read wrist: 0.0ms
DEBUG 2026-06-08 17:15:00 t_client.py:198 Observation serialization time: 0.006914s
DEBUG 2026-06-08 17:15:00 ort/utils.py:54 [CLIENT] Observation Buffer size 4.395498275756836 MB with
DEBUG 2026-06-08 17:15:00 ort/utils.py:69 [CLIENT] Observation Sent 2097152/4609014 bytes with state 1
DEBUG 2026-06-08 17:15:00 ort/utils.py:69 [CLIENT] Observation Sent 4194304/4609014 bytes with state 2
DEBUG 2026-06-08 17:15:00 ort/utils.py:69 [CLIENT] Observation Sent 4609014/4609014 bytes with state 3
DEBUG 2026-06-08 17:15:00 ort/utils.py:71 [CLIENT] Observation Published 4.395498275756836 MB
DEBUG 2026-06-08 17:15:00 t_client.py:209 Sent observation #298 | 
DEBUG 2026-06-08 17:15:00 t_client.py:434 QUEUE SIZE: 8 (Must go: False)
DEBUG 2026-06-08 17:15:00 t_client.py:477 Control loop (ms): 246.98
DEBUG 2026-06-08 17:15:00 follower.py:184 follower_left SOFollower read state: 2.1ms
DEBUG 2026-06-08 17:15:00 follower.py:191 follower_left SOFollower read wrist: 0.0ms
DEBUG 2026-06-08 17:15:00 follower.py:184 follower_right SOFollower read state: 2.6ms
DEBUG 2026-06-08 17:15:00 follower.py:191 follower_right SOFollower read wrist: 0.0ms
DEBUG 2026-06-08 17:15:00 t_client.py:198 Observation serialization time: 0.009390s
DEBUG 2026-06-08 17:15:00 ort/utils.py:54 [CLIENT] Observation Buffer size 4.395498275756836 MB with
DEBUG 2026-06-08 17:15:00 ort/utils.py:69 [CLIENT] Observation Sent 2097152/4609014 bytes with state 1
DEBUG 2026-06-08 17:15:00 ort/utils.py:69 [CLIENT] Observation Sent 4194304/4609014 bytes with state 2
DEBUG 2026-06-08 17:15:00 t_client.py:292 Received actions on device: cpu
DEBUG 2026-06-08 17:15:00 t_client.py:302 Actions kept on device: cpu
DEBUG 2026-06-08 17:15:00 ort/utils.py:69 [CLIENT] Observation Sent 4609014/4609014 bytes with state 3
DEBUG 2026-06-08 17:15:00 ort/utils.py:71 [CLIENT] Observation Published 4.395498275756836 MB
DEBUG 2026-06-08 17:15:00 t_client.py:209 Sent observation #299 | 
DEBUG 2026-06-08 17:15:00 t_client.py:434 QUEUE SIZE: 7 (Must go: False)
DEBUG 2026-06-08 17:15:00 t_client.py:477 Control loop (ms): 270.11
DEBUG 2026-06-08 17:15:00 t_client.py:477 Control loop (ms): 1.30
DEBUG 2026-06-08 17:15:00 t_client.py:477 Control loop (ms): 2.24
DEBUG 2026-06-08 17:15:00 t_client.py:477 Control loop (ms): 1.63
DEBUG 2026-06-08 17:15:00 t_client.py:292 Received actions on device: cpu
DEBUG 2026-06-08 17:15:00 t_client.py:302 Actions kept on device: cpu
DEBUG 2026-06-08 17:15:00 t_client.py:477 Control loop (ms): 2.02
DEBUG 2026-06-08 17:15:00 t_client.py:477 Control loop (ms): 1.84
DEBUG 2026-06-08 17:15:00 t_client.py:477 Control loop (ms): 2.09
DEBUG 2026-06-08 17:15:00 follower.py:184 follower_left SOFollower read state: 2.7ms
DEBUG 2026-06-08 17:15:00 follower.py:191 follower_left SOFollower read wrist: 0.0ms
DEBUG 2026-06-08 17:15:00 follower.py:184 follower_right SOFollower read state: 1.9ms
DEBUG 2026-06-08 17:15:00 follower.py:191 follower_right SOFollower read wrist: 0.0ms
DEBUG 2026-06-08 17:15:00 t_client.py:198 Observation serialization time: 0.007515s
DEBUG 2026-06-08 17:15:00 ort/utils.py:54 [CLIENT] Observation Buffer size 4.395498275756836 MB with
DEBUG 2026-06-08 17:15:00 ort/utils.py:69 [CLIENT] Observation Sent 2097152/4609014 bytes with state 1
DEBUG 2026-06-08 17:15:00 ort/utils.py:69 [CLIENT] Observation Sent 4194304/4609014 bytes with state 2
DEBUG 2026-06-08 17:15:00 ort/utils.py:69 [CLIENT] Observation Sent 4609014/4609014 bytes with state 3
DEBUG 2026-06-08 17:15:00 ort/utils.py:71 [CLIENT] Observation Published 4.395498275756836 MB
DEBUG 2026-06-08 17:15:01 t_client.py:209 Sent observation #306 | 
DEBUG 2026-06-08 17:15:01 t_client.py:434 QUEUE SIZE: 8 (Must go: False)
DEBUG 2026-06-08 17:15:01 t_client.py:477 Control loop (ms): 323.83
DEBUG 2026-06-08 17:15:01 follower.py:184 follower_left SOFollower read state: 1.8ms
DEBUG 2026-06-08 17:15:01 follower.py:191 follower_left SOFollower read wrist: 0.0ms
DEBUG 2026-06-08 17:15:01 follower.py:184 follower_right SOFollower read state: 1.8ms
DEBUG 2026-06-08 17:15:01 follower.py:191 follower_right SOFollower read wrist: 0.0ms
DEBUG 2026-06-08 17:15:01 t_client.py:198 Observation serialization time: 0.009352s
DEBUG 2026-06-08 17:15:01 ort/utils.py:54 [CLIENT] Observation Buffer size 4.395498275756836 MB with
DEBUG 2026-06-08 17:15:01 ort/utils.py:69 [CLIENT] Observation Sent 2097152/4609014 bytes with state 1
DEBUG 2026-06-08 17:15:01 t_client.py:292 Received actions on device: cpu
DEBUG 2026-06-08 17:15:01 t_client.py:302 Actions kept on device: cpu
DEBUG 2026-06-08 17:15:01 ort/utils.py:69 [CLIENT] Observation Sent 4194304/4609014 bytes with state 2
DEBUG 2026-06-08 17:15:01 ort/utils.py:69 [CLIENT] Observation Sent 4609014/4609014 bytes with state 3
DEBUG 2026-06-08 17:15:01 ort/utils.py:71 [CLIENT] Observation Published 4.395498275756836 MB
DEBUG 2026-06-08 17:15:01 t_client.py:209 Sent observation #307 | 
DEBUG 2026-06-08 17:15:01 t_client.py:434 QUEUE SIZE: 7 (Must go: False)
DEBUG 2026-06-08 17:15:01 t_client.py:477 Control loop (ms): 299.24
DEBUG 2026-06-08 17:15:01 t_client.py:477 Control loop (ms): 1.59
DEBUG 2026-06-08 17:15:01 t_client.py:477 Control loop (ms): 1.92
DEBUG 2026-06-08 17:15:01 t_client.py:477 Control loop (ms): 1.81
DEBUG 2026-06-08 17:15:01 t_client.py:292 Received actions on device: cpu
DEBUG 2026-06-08 17:15:01 t_client.py:302 Actions kept on device: cpu
DEBUG 2026-06-08 17:15:01 t_client.py:477 Control loop (ms): 1.90
DEBUG 2026-06-08 17:15:01 t_client.py:477 Control loop (ms): 2.06
DEBUG 2026-06-08 17:15:01 t_client.py:477 Control loop (ms): 1.60
DEBUG 2026-06-08 17:15:01 follower.py:184 follower_left SOFollower read state: 2.1ms
DEBUG 2026-06-08 17:15:01 follower.py:191 follower_left SOFollower read wrist: 0.0ms
DEBUG 2026-06-08 17:15:01 follower.py:184 follower_right SOFollower read state: 2.2ms
DEBUG 2026-06-08 17:15:01 follower.py:191 follower_right SOFollower read wrist: 0.0ms
DEBUG 2026-06-08 17:15:01 t_client.py:198 Observation serialization time: 0.005434s
DEBUG 2026-06-08 17:15:01 ort/utils.py:54 [CLIENT] Observation Buffer size 4.395498275756836 MB with
DEBUG 2026-06-08 17:15:01 ort/utils.py:69 [CLIENT] Observation Sent 2097152/4609014 bytes with state 1
DEBUG 2026-06-08 17:15:01 ort/utils.py:69 [CLIENT] Observation Sent 4194304/4609014 bytes with state 2
DEBUG 2026-06-08 17:15:01 ort/utils.py:69 [CLIENT] Observation Sent 4609014/4609014 bytes with state 3
DEBUG 2026-06-08 17:15:01 ort/utils.py:71 [CLIENT] Observation Published 4.395498275756836 MB
DEBUG 2026-06-08 17:15:01 t_client.py:209 Sent observation #314 | 
DEBUG 2026-06-08 17:15:01 t_client.py:434 QUEUE SIZE: 8 (Must go: False)
DEBUG 2026-06-08 17:15:01 t_client.py:477 Control loop (ms): 190.05
DEBUG 2026-06-08 17:15:01 follower.py:184 follower_left SOFollower read state: 2.0ms
DEBUG 2026-06-08 17:15:01 follower.py:191 follower_left SOFollower read wrist: 0.0ms
DEBUG 2026-06-08 17:15:01 follower.py:184 follower_right SOFollower read state: 1.8ms
DEBUG 2026-06-08 17:15:01 follower.py:191 follower_right SOFollower read wrist: 0.0ms
DEBUG 2026-06-08 17:15:01 t_client.py:198 Observation serialization time: 0.008398s
DEBUG 2026-06-08 17:15:01 ort/utils.py:54 [CLIENT] Observation Buffer size 4.395498275756836 MB with
DEBUG 2026-06-08 17:15:01 ort/utils.py:69 [CLIENT] Observation Sent 2097152/4609014 bytes with state 1
DEBUG 2026-06-08 17:15:01 ort/utils.py:69 [CLIENT] Observation Sent 4194304/4609014 bytes with state 2
DEBUG 2026-06-08 17:15:01 ort/utils.py:69 [CLIENT] Observation Sent 4609014/4609014 bytes with state 3
DEBUG 2026-06-08 17:15:01 ort/utils.py:71 [CLIENT] Observation Published 4.395498275756836 MB
DEBUG 2026-06-08 17:15:01 t_client.py:292 Received actions on device: cpu
DEBUG 2026-06-08 17:15:01 t_client.py:302 Actions kept on device: cpu
DEBUG 2026-06-08 17:15:01 t_client.py:209 Sent observation #315 | 
DEBUG 2026-06-08 17:15:01 t_client.py:434 QUEUE SIZE: 7 (Must go: False)
DEBUG 2026-06-08 17:15:01 t_client.py:477 Control loop (ms): 158.91
DEBUG 2026-06-08 17:15:01 t_client.py:477 Control loop (ms): 1.03
DEBUG 2026-06-08 17:15:01 t_client.py:477 Control loop (ms): 1.50
DEBUG 2026-06-08 17:15:02 t_client.py:477 Control loop (ms): 1.59
DEBUG 2026-06-08 17:15:02 t_client.py:292 Received actions on device: cpu
DEBUG 2026-06-08 17:15:02 t_client.py:302 Actions kept on device: cpu
DEBUG 2026-06-08 17:15:02 t_client.py:477 Control loop (ms): 7.03
DEBUG 2026-06-08 17:15:02 t_client.py:477 Control loop (ms): 1.68
DEBUG 2026-06-08 17:15:02 t_client.py:477 Control loop (ms): 1.86
DEBUG 2026-06-08 17:15:02 t_client.py:477 Control loop (ms): 1.93
DEBUG 2026-06-08 17:15:02 follower.py:184 follower_left SOFollower read state: 2.6ms
DEBUG 2026-06-08 17:15:02 follower.py:191 follower_left SOFollower read wrist: 0.0ms
DEBUG 2026-06-08 17:15:02 follower.py:184 follower_right SOFollower read state: 2.2ms
DEBUG 2026-06-08 17:15:02 follower.py:191 follower_right SOFollower read wrist: 0.0ms
DEBUG 2026-06-08 17:15:02 t_client.py:198 Observation serialization time: 0.007911s
DEBUG 2026-06-08 17:15:02 ort/utils.py:54 [CLIENT] Observation Buffer size 4.395498275756836 MB with
DEBUG 2026-06-08 17:15:02 ort/utils.py:69 [CLIENT] Observation Sent 2097152/4609014 bytes with state 1
DEBUG 2026-06-08 17:15:02 ort/utils.py:69 [CLIENT] Observation Sent 4194304/4609014 bytes with state 2
DEBUG 2026-06-08 17:15:02 ort/utils.py:69 [CLIENT] Observation Sent 4609014/4609014 bytes with state 3
DEBUG 2026-06-08 17:15:02 ort/utils.py:71 [CLIENT] Observation Published 4.395498275756836 MB
DEBUG 2026-06-08 17:15:02 t_client.py:209 Sent observation #322 | 
DEBUG 2026-06-08 17:15:02 t_client.py:434 QUEUE SIZE: 8 (Must go: False)
DEBUG 2026-06-08 17:15:02 t_client.py:477 Control loop (ms): 150.13
DEBUG 2026-06-08 17:15:02 follower.py:184 follower_left SOFollower read state: 1.8ms
DEBUG 2026-06-08 17:15:02 follower.py:191 follower_left SOFollower read wrist: 0.0ms
DEBUG 2026-06-08 17:15:02 follower.py:184 follower_right SOFollower read state: 1.8ms
DEBUG 2026-06-08 17:15:02 follower.py:191 follower_right SOFollower read wrist: 0.0ms
DEBUG 2026-06-08 17:15:02 t_client.py:198 Observation serialization time: 0.011124s
DEBUG 2026-06-08 17:15:02 ort/utils.py:54 [CLIENT] Observation Buffer size 4.395498275756836 MB with
DEBUG 2026-06-08 17:15:02 ort/utils.py:69 [CLIENT] Observation Sent 2097152/4609014 bytes with state 1
DEBUG 2026-06-08 17:15:02 ort/utils.py:69 [CLIENT] Observation Sent 4194304/4609014 bytes with state 2
DEBUG 2026-06-08 17:15:02 ort/utils.py:69 [CLIENT] Observation Sent 4609014/4609014 bytes with state 3
DEBUG 2026-06-08 17:15:02 ort/utils.py:71 [CLIENT] Observation Published 4.395498275756836 MB
DEBUG 2026-06-08 17:15:02 t_client.py:292 Received actions on device: cpu
DEBUG 2026-06-08 17:15:02 t_client.py:302 Actions kept on device: cpu
DEBUG 2026-06-08 17:15:02 t_client.py:209 Sent observation #323 | 
DEBUG 2026-06-08 17:15:02 t_client.py:434 QUEUE SIZE: 7 (Must go: False)
DEBUG 2026-06-08 17:15:02 t_client.py:477 Control loop (ms): 155.64
DEBUG 2026-06-08 17:15:02 t_client.py:477 Control loop (ms): 1.10
DEBUG 2026-06-08 17:15:02 t_client.py:477 Control loop (ms): 1.79
DEBUG 2026-06-08 17:15:02 t_client.py:477 Control loop (ms): 1.51
DEBUG 2026-06-08 17:15:02 t_client.py:477 Control loop (ms): 4.05
DEBUG 2026-06-08 17:15:02 t_client.py:292 Received actions on device: cpu
DEBUG 2026-06-08 17:15:02 t_client.py:302 Actions kept on device: cpu
DEBUG 2026-06-08 17:15:02 t_client.py:477 Control loop (ms): 1.56
DEBUG 2026-06-08 17:15:02 t_client.py:477 Control loop (ms): 1.42
DEBUG 2026-06-08 17:15:02 follower.py:184 follower_left SOFollower read state: 2.1ms
DEBUG 2026-06-08 17:15:02 follower.py:191 follower_left SOFollower read wrist: 0.0ms
DEBUG 2026-06-08 17:15:02 follower.py:184 follower_right SOFollower read state: 2.2ms
DEBUG 2026-06-08 17:15:02 follower.py:191 follower_right SOFollower read wrist: 0.0ms
DEBUG 2026-06-08 17:15:02 t_client.py:198 Observation serialization time: 0.008753s
DEBUG 2026-06-08 17:15:02 ort/utils.py:54 [CLIENT] Observation Buffer size 4.395498275756836 MB with
DEBUG 2026-06-08 17:15:02 ort/utils.py:69 [CLIENT] Observation Sent 2097152/4609014 bytes with state 1
DEBUG 2026-06-08 17:15:02 ort/utils.py:69 [CLIENT] Observation Sent 4194304/4609014 bytes with state 2
DEBUG 2026-06-08 17:15:02 ort/utils.py:69 [CLIENT] Observation Sent 4609014/4609014 bytes with state 3
DEBUG 2026-06-08 17:15:02 ort/utils.py:71 [CLIENT] Observation Published 4.395498275756836 MB
DEBUG 2026-06-08 17:15:02 t_client.py:209 Sent observation #330 | 
DEBUG 2026-06-08 17:15:02 t_client.py:434 QUEUE SIZE: 8 (Must go: False)
DEBUG 2026-06-08 17:15:02 t_client.py:477 Control loop (ms): 168.95
DEBUG 2026-06-08 17:15:02 follower.py:184 follower_left SOFollower read state: 1.8ms
DEBUG 2026-06-08 17:15:02 follower.py:191 follower_left SOFollower read wrist: 0.0ms
DEBUG 2026-06-08 17:15:02 follower.py:184 follower_right SOFollower read state: 1.7ms
DEBUG 2026-06-08 17:15:02 follower.py:191 follower_right SOFollower read wrist: 0.0ms
DEBUG 2026-06-08 17:15:02 t_client.py:198 Observation serialization time: 0.008374s
DEBUG 2026-06-08 17:15:02 ort/utils.py:54 [CLIENT] Observation Buffer size 4.395498275756836 MB with
DEBUG 2026-06-08 17:15:02 ort/utils.py:69 [CLIENT] Observation Sent 2097152/4609014 bytes with state 1
DEBUG 2026-06-08 17:15:02 ort/utils.py:69 [CLIENT] Observation Sent 4194304/4609014 bytes with state 2
DEBUG 2026-06-08 17:15:02 ort/utils.py:69 [CLIENT] Observation Sent 4609014/4609014 bytes with state 3
DEBUG 2026-06-08 17:15:02 ort/utils.py:71 [CLIENT] Observation Published 4.395498275756836 MB
DEBUG 2026-06-08 17:15:02 t_client.py:292 Received actions on device: cpu
DEBUG 2026-06-08 17:15:02 t_client.py:302 Actions kept on device: cpu
DEBUG 2026-06-08 17:15:03 t_client.py:209 Sent observation #331 | 
DEBUG 2026-06-08 17:15:03 t_client.py:434 QUEUE SIZE: 7 (Must go: False)
DEBUG 2026-06-08 17:15:03 t_client.py:477 Control loop (ms): 158.55
DEBUG 2026-06-08 17:15:03 t_client.py:477 Control loop (ms): 1.92
DEBUG 2026-06-08 17:15:03 t_client.py:477 Control loop (ms): 1.74
DEBUG 2026-06-08 17:15:03 t_client.py:477 Control loop (ms): 1.82
DEBUG 2026-06-08 17:15:03 t_client.py:292 Received actions on device: cpu
DEBUG 2026-06-08 17:15:03 t_client.py:302 Actions kept on device: cpu
DEBUG 2026-06-08 17:15:03 t_client.py:477 Control loop (ms): 4.37
DEBUG 2026-06-08 17:15:03 t_client.py:477 Control loop (ms): 2.94
DEBUG 2026-06-08 17:15:03 t_client.py:477 Control loop (ms): 2.79
DEBUG 2026-06-08 17:15:03 t_client.py:477 Control loop (ms): 2.54
DEBUG 2026-06-08 17:15:03 follower.py:184 follower_left SOFollower read state: 2.3ms
DEBUG 2026-06-08 17:15:03 follower.py:191 follower_left SOFollower read wrist: 0.0ms
DEBUG 2026-06-08 17:15:03 follower.py:184 follower_right SOFollower read state: 2.4ms
DEBUG 2026-06-08 17:15:03 follower.py:191 follower_right SOFollower read wrist: 0.1ms
DEBUG 2026-06-08 17:15:03 t_client.py:198 Observation serialization time: 0.010870s
DEBUG 2026-06-08 17:15:03 ort/utils.py:54 [CLIENT] Observation Buffer size 4.395498275756836 MB with
DEBUG 2026-06-08 17:15:03 ort/utils.py:69 [CLIENT] Observation Sent 2097152/4609014 bytes with state 1
DEBUG 2026-06-08 17:15:03 ort/utils.py:69 [CLIENT] Observation Sent 4194304/4609014 bytes with state 2
DEBUG 2026-06-08 17:15:03 ort/utils.py:69 [CLIENT] Observation Sent 4609014/4609014 bytes with state 3
DEBUG 2026-06-08 17:15:03 ort/utils.py:71 [CLIENT] Observation Published 4.395498275756836 MB
DEBUG 2026-06-08 17:15:03 t_client.py:209 Sent observation #338 | 
DEBUG 2026-06-08 17:15:03 t_client.py:434 QUEUE SIZE: 8 (Must go: False)
DEBUG 2026-06-08 17:15:03 t_client.py:477 Control loop (ms): 336.63
DEBUG 2026-06-08 17:15:03 follower.py:184 follower_left SOFollower read state: 1.7ms
DEBUG 2026-06-08 17:15:03 follower.py:191 follower_left SOFollower read wrist: 0.0ms
DEBUG 2026-06-08 17:15:03 follower.py:184 follower_right SOFollower read state: 1.8ms
DEBUG 2026-06-08 17:15:03 follower.py:191 follower_right SOFollower read wrist: 0.0ms
DEBUG 2026-06-08 17:15:03 t_client.py:198 Observation serialization time: 0.008742s
DEBUG 2026-06-08 17:15:03 ort/utils.py:54 [CLIENT] Observation Buffer size 4.395498275756836 MB with
DEBUG 2026-06-08 17:15:03 ort/utils.py:69 [CLIENT] Observation Sent 2097152/4609014 bytes with state 1
DEBUG 2026-06-08 17:15:03 t_client.py:292 Received actions on device: cpu
DEBUG 2026-06-08 17:15:03 t_client.py:302 Actions kept on device: cpu
DEBUG 2026-06-08 17:15:03 ort/utils.py:69 [CLIENT] Observation Sent 4194304/4609014 bytes with state 2
DEBUG 2026-06-08 17:15:03 ort/utils.py:69 [CLIENT] Observation Sent 4609014/4609014 bytes with state 3
DEBUG 2026-06-08 17:15:03 ort/utils.py:71 [CLIENT] Observation Published 4.395498275756836 MB
DEBUG 2026-06-08 17:15:03 t_client.py:209 Sent observation #339 | 
DEBUG 2026-06-08 17:15:03 t_client.py:434 QUEUE SIZE: 7 (Must go: False)
DEBUG 2026-06-08 17:15:03 t_client.py:477 Control loop (ms): 347.15
DEBUG 2026-06-08 17:15:03 t_client.py:477 Control loop (ms): 1.54
DEBUG 2026-06-08 17:15:03 t_client.py:477 Control loop (ms): 1.85
DEBUG 2026-06-08 17:15:03 t_client.py:477 Control loop (ms): 2.12
DEBUG 2026-06-08 17:15:04 t_client.py:292 Received actions on device: cpu
DEBUG 2026-06-08 17:15:04 t_client.py:302 Actions kept on device: cpu
DEBUG 2026-06-08 17:15:04 t_client.py:477 Control loop (ms): 6.93
DEBUG 2026-06-08 17:15:04 t_client.py:477 Control loop (ms): 2.04
DEBUG 2026-06-08 17:15:04 t_client.py:477 Control loop (ms): 2.18
DEBUG 2026-06-08 17:15:04 t_client.py:477 Control loop (ms): 2.11
DEBUG 2026-06-08 17:15:04 follower.py:184 follower_left SOFollower read state: 2.4ms
DEBUG 2026-06-08 17:15:04 follower.py:191 follower_left SOFollower read wrist: 0.1ms
DEBUG 2026-06-08 17:15:04 follower.py:184 follower_right SOFollower read state: 1.9ms
DEBUG 2026-06-08 17:15:04 follower.py:191 follower_right SOFollower read wrist: 0.0ms
DEBUG 2026-06-08 17:15:04 t_client.py:198 Observation serialization time: 0.010485s
DEBUG 2026-06-08 17:15:04 ort/utils.py:54 [CLIENT] Observation Buffer size 4.395498275756836 MB with
DEBUG 2026-06-08 17:15:04 ort/utils.py:69 [CLIENT] Observation Sent 2097152/4609014 bytes with state 1
DEBUG 2026-06-08 17:15:04 ort/utils.py:69 [CLIENT] Observation Sent 4194304/4609014 bytes with state 2
DEBUG 2026-06-08 17:15:04 ort/utils.py:69 [CLIENT] Observation Sent 4609014/4609014 bytes with state 3
DEBUG 2026-06-08 17:15:04 ort/utils.py:71 [CLIENT] Observation Published 4.395498275756836 MB
DEBUG 2026-06-08 17:15:04 t_client.py:209 Sent observation #346 | 
DEBUG 2026-06-08 17:15:04 t_client.py:434 QUEUE SIZE: 8 (Must go: False)
DEBUG 2026-06-08 17:15:04 t_client.py:477 Control loop (ms): 204.56
DEBUG 2026-06-08 17:15:04 follower.py:184 follower_left SOFollower read state: 1.8ms
DEBUG 2026-06-08 17:15:04 follower.py:191 follower_left SOFollower read wrist: 0.0ms
DEBUG 2026-06-08 17:15:04 follower.py:184 follower_right SOFollower read state: 1.8ms
DEBUG 2026-06-08 17:15:04 follower.py:191 follower_right SOFollower read wrist: 0.0ms
DEBUG 2026-06-08 17:15:04 t_client.py:198 Observation serialization time: 0.007109s
DEBUG 2026-06-08 17:15:04 ort/utils.py:54 [CLIENT] Observation Buffer size 4.395498275756836 MB with
DEBUG 2026-06-08 17:15:04 ort/utils.py:69 [CLIENT] Observation Sent 2097152/4609014 bytes with state 1
DEBUG 2026-06-08 17:15:04 ort/utils.py:69 [CLIENT] Observation Sent 4194304/4609014 bytes with state 2
DEBUG 2026-06-08 17:15:04 ort/utils.py:69 [CLIENT] Observation Sent 4609014/4609014 bytes with state 3
DEBUG 2026-06-08 17:15:04 ort/utils.py:71 [CLIENT] Observation Published 4.395498275756836 MB
DEBUG 2026-06-08 17:15:04 t_client.py:292 Received actions on device: cpu
DEBUG 2026-06-08 17:15:04 t_client.py:302 Actions kept on device: cpu
DEBUG 2026-06-08 17:15:04 t_client.py:209 Sent observation #347 | 
DEBUG 2026-06-08 17:15:04 t_client.py:434 QUEUE SIZE: 7 (Must go: False)
DEBUG 2026-06-08 17:15:04 t_client.py:477 Control loop (ms): 222.09
DEBUG 2026-06-08 17:15:04 t_client.py:477 Control loop (ms): 1.63
DEBUG 2026-06-08 17:15:04 t_client.py:477 Control loop (ms): 1.71
DEBUG 2026-06-08 17:15:04 t_client.py:477 Control loop (ms): 2.00
DEBUG 2026-06-08 17:15:04 t_client.py:292 Received actions on device: cpu
DEBUG 2026-06-08 17:15:04 t_client.py:302 Actions kept on device: cpu
DEBUG 2026-06-08 17:15:04 t_client.py:477 Control loop (ms): 1.64
DEBUG 2026-06-08 17:15:04 t_client.py:477 Control loop (ms): 1.30
DEBUG 2026-06-08 17:15:04 t_client.py:477 Control loop (ms): 2.26
DEBUG 2026-06-08 17:15:04 follower.py:184 follower_left SOFollower read state: 1.8ms
DEBUG 2026-06-08 17:15:04 follower.py:191 follower_left SOFollower read wrist: 0.0ms
DEBUG 2026-06-08 17:15:04 follower.py:184 follower_right SOFollower read state: 1.9ms
DEBUG 2026-06-08 17:15:04 follower.py:191 follower_right SOFollower read wrist: 0.0ms
DEBUG 2026-06-08 17:15:04 t_client.py:198 Observation serialization time: 0.004888s
DEBUG 2026-06-08 17:15:04 ort/utils.py:54 [CLIENT] Observation Buffer size 4.395498275756836 MB with
DEBUG 2026-06-08 17:15:04 ort/utils.py:69 [CLIENT] Observation Sent 2097152/4609014 bytes with state 1
DEBUG 2026-06-08 17:15:04 ort/utils.py:69 [CLIENT] Observation Sent 4194304/4609014 bytes with state 2
DEBUG 2026-06-08 17:15:04 ort/utils.py:69 [CLIENT] Observation Sent 4609014/4609014 bytes with state 3
DEBUG 2026-06-08 17:15:04 ort/utils.py:71 [CLIENT] Observation Published 4.395498275756836 MB
DEBUG 2026-06-08 17:15:04 t_client.py:209 Sent observation #354 | 
DEBUG 2026-06-08 17:15:04 t_client.py:434 QUEUE SIZE: 8 (Must go: False)
DEBUG 2026-06-08 17:15:04 t_client.py:477 Control loop (ms): 202.50
DEBUG 2026-06-08 17:15:04 follower.py:184 follower_left SOFollower read state: 1.9ms
DEBUG 2026-06-08 17:15:04 follower.py:191 follower_left SOFollower read wrist: 0.0ms
DEBUG 2026-06-08 17:15:04 follower.py:184 follower_right SOFollower read state: 1.8ms
DEBUG 2026-06-08 17:15:04 follower.py:191 follower_right SOFollower read wrist: 0.0ms
DEBUG 2026-06-08 17:15:05 t_client.py:198 Observation serialization time: 0.006993s
DEBUG 2026-06-08 17:15:05 ort/utils.py:54 [CLIENT] Observation Buffer size 4.395498275756836 MB with
DEBUG 2026-06-08 17:15:05 ort/utils.py:69 [CLIENT] Observation Sent 2097152/4609014 bytes with state 1
DEBUG 2026-06-08 17:15:05 ort/utils.py:69 [CLIENT] Observation Sent 4194304/4609014 bytes with state 2
DEBUG 2026-06-08 17:15:05 ort/utils.py:69 [CLIENT] Observation Sent 4609014/4609014 bytes with state 3
DEBUG 2026-06-08 17:15:05 ort/utils.py:71 [CLIENT] Observation Published 4.395498275756836 MB
DEBUG 2026-06-08 17:15:05 t_client.py:292 Received actions on device: cpu
DEBUG 2026-06-08 17:15:05 t_client.py:302 Actions kept on device: cpu
DEBUG 2026-06-08 17:15:05 t_client.py:209 Sent observation #355 | 
DEBUG 2026-06-08 17:15:05 t_client.py:434 QUEUE SIZE: 7 (Must go: False)
DEBUG 2026-06-08 17:15:05 t_client.py:477 Control loop (ms): 208.93
DEBUG 2026-06-08 17:15:05 t_client.py:477 Control loop (ms): 3.83
DEBUG 2026-06-08 17:15:05 t_client.py:477 Control loop (ms): 1.96
DEBUG 2026-06-08 17:15:05 t_client.py:477 Control loop (ms): 1.40
DEBUG 2026-06-08 17:15:05 t_client.py:292 Received actions on device: cpu
DEBUG 2026-06-08 17:15:05 t_client.py:302 Actions kept on device: cpu
DEBUG 2026-06-08 17:15:05 t_client.py:477 Control loop (ms): 1.37
DEBUG 2026-06-08 17:15:05 t_client.py:477 Control loop (ms): 1.81
DEBUG 2026-06-08 17:15:05 t_client.py:477 Control loop (ms): 1.80
DEBUG 2026-06-08 17:15:05 follower.py:184 follower_left SOFollower read state: 2.3ms
DEBUG 2026-06-08 17:15:05 follower.py:191 follower_left SOFollower read wrist: 0.1ms
DEBUG 2026-06-08 17:15:05 follower.py:184 follower_right SOFollower read state: 2.1ms
DEBUG 2026-06-08 17:15:05 follower.py:191 follower_right SOFollower read wrist: 0.1ms
DEBUG 2026-06-08 17:15:05 t_client.py:198 Observation serialization time: 0.007740s
DEBUG 2026-06-08 17:15:05 ort/utils.py:54 [CLIENT] Observation Buffer size 4.395498275756836 MB with
DEBUG 2026-06-08 17:15:05 ort/utils.py:69 [CLIENT] Observation Sent 2097152/4609014 bytes with state 1
DEBUG 2026-06-08 17:15:05 ort/utils.py:69 [CLIENT] Observation Sent 4194304/4609014 bytes with state 2
DEBUG 2026-06-08 17:15:05 ort/utils.py:69 [CLIENT] Observation Sent 4609014/4609014 bytes with state 3
DEBUG 2026-06-08 17:15:05 ort/utils.py:71 [CLIENT] Observation Published 4.395498275756836 MB
DEBUG 2026-06-08 17:15:05 t_client.py:209 Sent observation #362 | 
DEBUG 2026-06-08 17:15:05 t_client.py:434 QUEUE SIZE: 8 (Must go: False)
DEBUG 2026-06-08 17:15:05 t_client.py:477 Control loop (ms): 184.69
DEBUG 2026-06-08 17:15:05 follower.py:184 follower_left SOFollower read state: 1.9ms
DEBUG 2026-06-08 17:15:05 follower.py:191 follower_left SOFollower read wrist: 0.0ms
DEBUG 2026-06-08 17:15:05 follower.py:184 follower_right SOFollower read state: 1.9ms
DEBUG 2026-06-08 17:15:05 follower.py:191 follower_right SOFollower read wrist: 0.0ms
DEBUG 2026-06-08 17:15:05 t_client.py:198 Observation serialization time: 0.008830s
DEBUG 2026-06-08 17:15:05 ort/utils.py:54 [CLIENT] Observation Buffer size 4.395498275756836 MB with
DEBUG 2026-06-08 17:15:05 ort/utils.py:69 [CLIENT] Observation Sent 2097152/4609014 bytes with state 1
DEBUG 2026-06-08 17:15:05 ort/utils.py:69 [CLIENT] Observation Sent 4194304/4609014 bytes with state 2
DEBUG 2026-06-08 17:15:05 ort/utils.py:69 [CLIENT] Observation Sent 4609014/4609014 bytes with state 3
DEBUG 2026-06-08 17:15:05 ort/utils.py:71 [CLIENT] Observation Published 4.395498275756836 MB
DEBUG 2026-06-08 17:15:05 t_client.py:292 Received actions on device: cpu
DEBUG 2026-06-08 17:15:05 t_client.py:302 Actions kept on device: cpu
DEBUG 2026-06-08 17:15:05 t_client.py:209 Sent observation #363 | 
DEBUG 2026-06-08 17:15:05 t_client.py:434 QUEUE SIZE: 7 (Must go: False)
DEBUG 2026-06-08 17:15:05 t_client.py:477 Control loop (ms): 139.62
DEBUG 2026-06-08 17:15:05 t_client.py:477 Control loop (ms): 2.06
DEBUG 2026-06-08 17:15:05 t_client.py:477 Control loop (ms): 2.13
DEBUG 2026-06-08 17:15:05 t_client.py:477 Control loop (ms): 1.80
DEBUG 2026-06-08 17:15:05 t_client.py:292 Received actions on device: cpu
DEBUG 2026-06-08 17:15:05 t_client.py:302 Actions kept on device: cpu
DEBUG 2026-06-08 17:15:05 t_client.py:477 Control loop (ms): 1.28
DEBUG 2026-06-08 17:15:05 t_client.py:477 Control loop (ms): 1.81
DEBUG 2026-06-08 17:15:05 t_client.py:477 Control loop (ms): 2.14
DEBUG 2026-06-08 17:15:05 follower.py:184 follower_left SOFollower read state: 2.5ms
DEBUG 2026-06-08 17:15:05 follower.py:191 follower_left SOFollower read wrist: 0.0ms
DEBUG 2026-06-08 17:15:05 follower.py:184 follower_right SOFollower read state: 2.2ms
DEBUG 2026-06-08 17:15:05 follower.py:191 follower_right SOFollower read wrist: 0.0ms
DEBUG 2026-06-08 17:15:05 t_client.py:198 Observation serialization time: 0.009121s
DEBUG 2026-06-08 17:15:05 ort/utils.py:54 [CLIENT] Observation Buffer size 4.395498275756836 MB with
DEBUG 2026-06-08 17:15:05 ort/utils.py:69 [CLIENT] Observation Sent 2097152/4609014 bytes with state 1
DEBUG 2026-06-08 17:15:06 ort/utils.py:69 [CLIENT] Observation Sent 4194304/4609014 bytes with state 2
DEBUG 2026-06-08 17:15:06 ort/utils.py:69 [CLIENT] Observation Sent 4609014/4609014 bytes with state 3
DEBUG 2026-06-08 17:15:06 ort/utils.py:71 [CLIENT] Observation Published 4.395498275756836 MB
DEBUG 2026-06-08 17:15:06 t_client.py:209 Sent observation #370 | 
DEBUG 2026-06-08 17:15:06 t_client.py:434 QUEUE SIZE: 8 (Must go: False)
DEBUG 2026-06-08 17:15:06 t_client.py:477 Control loop (ms): 193.08
DEBUG 2026-06-08 17:15:06 follower.py:184 follower_left SOFollower read state: 2.1ms
DEBUG 2026-06-08 17:15:06 follower.py:191 follower_left SOFollower read wrist: 0.0ms
DEBUG 2026-06-08 17:15:06 follower.py:184 follower_right SOFollower read state: 1.8ms
DEBUG 2026-06-08 17:15:06 follower.py:191 follower_right SOFollower read wrist: 0.0ms
DEBUG 2026-06-08 17:15:06 t_client.py:198 Observation serialization time: 0.011033s
DEBUG 2026-06-08 17:15:06 ort/utils.py:54 [CLIENT] Observation Buffer size 4.395498275756836 MB with
DEBUG 2026-06-08 17:15:06 ort/utils.py:69 [CLIENT] Observation Sent 2097152/4609014 bytes with state 1
DEBUG 2026-06-08 17:15:06 t_client.py:292 Received actions on device: cpu
DEBUG 2026-06-08 17:15:06 t_client.py:302 Actions kept on device: cpu
DEBUG 2026-06-08 17:15:06 ort/utils.py:69 [CLIENT] Observation Sent 4194304/4609014 bytes with state 2
DEBUG 2026-06-08 17:15:06 ort/utils.py:69 [CLIENT] Observation Sent 4609014/4609014 bytes with state 3
DEBUG 2026-06-08 17:15:06 ort/utils.py:71 [CLIENT] Observation Published 4.395498275756836 MB
DEBUG 2026-06-08 17:15:06 t_client.py:209 Sent observation #371 | 
DEBUG 2026-06-08 17:15:06 t_client.py:434 QUEUE SIZE: 7 (Must go: False)
DEBUG 2026-06-08 17:15:06 t_client.py:477 Control loop (ms): 247.60
DEBUG 2026-06-08 17:15:06 t_client.py:477 Control loop (ms): 2.28
DEBUG 2026-06-08 17:15:06 t_client.py:477 Control loop (ms): 1.75
DEBUG 2026-06-08 17:15:06 t_client.py:477 Control loop (ms): 2.23
DEBUG 2026-06-08 17:15:06 t_client.py:292 Received actions on device: cpu
DEBUG 2026-06-08 17:15:06 t_client.py:302 Actions kept on device: cpu
DEBUG 2026-06-08 17:15:06 t_client.py:477 Control loop (ms): 2.11
DEBUG 2026-06-08 17:15:06 t_client.py:477 Control loop (ms): 2.25
DEBUG 2026-06-08 17:15:06 t_client.py:477 Control loop (ms): 2.55
DEBUG 2026-06-08 17:15:06 follower.py:184 follower_left SOFollower read state: 2.4ms
DEBUG 2026-06-08 17:15:06 follower.py:191 follower_left SOFollower read wrist: 0.0ms
DEBUG 2026-06-08 17:15:06 follower.py:184 follower_right SOFollower read state: 2.0ms
DEBUG 2026-06-08 17:15:06 follower.py:191 follower_right SOFollower read wrist: 0.0ms
DEBUG 2026-06-08 17:15:06 t_client.py:198 Observation serialization time: 0.006017s
DEBUG 2026-06-08 17:15:06 ort/utils.py:54 [CLIENT] Observation Buffer size 4.395498275756836 MB with
DEBUG 2026-06-08 17:15:06 ort/utils.py:69 [CLIENT] Observation Sent 2097152/4609014 bytes with state 1
DEBUG 2026-06-08 17:15:06 ort/utils.py:69 [CLIENT] Observation Sent 4194304/4609014 bytes with state 2
DEBUG 2026-06-08 17:15:06 ort/utils.py:69 [CLIENT] Observation Sent 4609014/4609014 bytes with state 3
DEBUG 2026-06-08 17:15:06 ort/utils.py:71 [CLIENT] Observation Published 4.395498275756836 MB
DEBUG 2026-06-08 17:15:06 t_client.py:209 Sent observation #378 | 
DEBUG 2026-06-08 17:15:06 t_client.py:434 QUEUE SIZE: 8 (Must go: False)
DEBUG 2026-06-08 17:15:06 t_client.py:477 Control loop (ms): 291.03
DEBUG 2026-06-08 17:15:06 follower.py:184 follower_left SOFollower read state: 1.9ms
DEBUG 2026-06-08 17:15:06 follower.py:191 follower_left SOFollower read wrist: 0.0ms
DEBUG 2026-06-08 17:15:06 follower.py:184 follower_right SOFollower read state: 1.7ms
DEBUG 2026-06-08 17:15:06 follower.py:191 follower_right SOFollower read wrist: 0.0ms
DEBUG 2026-06-08 17:15:06 t_client.py:198 Observation serialization time: 0.008870s
DEBUG 2026-06-08 17:15:06 ort/utils.py:54 [CLIENT] Observation Buffer size 4.395498275756836 MB with
DEBUG 2026-06-08 17:15:06 ort/utils.py:69 [CLIENT] Observation Sent 2097152/4609014 bytes with state 1
DEBUG 2026-06-08 17:15:06 ort/utils.py:69 [CLIENT] Observation Sent 4194304/4609014 bytes with state 2
DEBUG 2026-06-08 17:15:06 t_client.py:292 Received actions on device: cpu
DEBUG 2026-06-08 17:15:06 t_client.py:302 Actions kept on device: cpu
DEBUG 2026-06-08 17:15:06 ort/utils.py:69 [CLIENT] Observation Sent 4609014/4609014 bytes with state 3
DEBUG 2026-06-08 17:15:06 ort/utils.py:71 [CLIENT] Observation Published 4.395498275756836 MB
DEBUG 2026-06-08 17:15:07 t_client.py:209 Sent observation #379 | 
DEBUG 2026-06-08 17:15:07 t_client.py:434 QUEUE SIZE: 7 (Must go: False)
DEBUG 2026-06-08 17:15:07 t_client.py:477 Control loop (ms): 304.13
DEBUG 2026-06-08 17:15:07 t_client.py:477 Control loop (ms): 2.66
DEBUG 2026-06-08 17:15:07 t_client.py:477 Control loop (ms): 1.70
DEBUG 2026-06-08 17:15:07 t_client.py:292 Received actions on device: cpu
DEBUG 2026-06-08 17:15:07 t_client.py:302 Actions kept on device: cpu
DEBUG 2026-06-08 17:15:07 t_client.py:477 Control loop (ms): 1.82
DEBUG 2026-06-08 17:15:07 t_client.py:477 Control loop (ms): 2.03
DEBUG 2026-06-08 17:15:07 t_client.py:477 Control loop (ms): 1.66
DEBUG 2026-06-08 17:15:07 t_client.py:477 Control loop (ms): 1.84
DEBUG 2026-06-08 17:15:07 follower.py:184 follower_left SOFollower read state: 2.7ms
DEBUG 2026-06-08 17:15:07 follower.py:191 follower_left SOFollower read wrist: 0.0ms
DEBUG 2026-06-08 17:15:07 follower.py:184 follower_right SOFollower read state: 2.1ms
DEBUG 2026-06-08 17:15:07 follower.py:191 follower_right SOFollower read wrist: 0.0ms
DEBUG 2026-06-08 17:15:07 t_client.py:198 Observation serialization time: 0.009444s
DEBUG 2026-06-08 17:15:07 ort/utils.py:54 [CLIENT] Observation Buffer size 4.395498275756836 MB with
DEBUG 2026-06-08 17:15:07 ort/utils.py:69 [CLIENT] Observation Sent 2097152/4609014 bytes with state 1
DEBUG 2026-06-08 17:15:07 ort/utils.py:69 [CLIENT] Observation Sent 4194304/4609014 bytes with state 2
DEBUG 2026-06-08 17:15:07 ort/utils.py:69 [CLIENT] Observation Sent 4609014/4609014 bytes with state 3
DEBUG 2026-06-08 17:15:07 ort/utils.py:71 [CLIENT] Observation Published 4.395498275756836 MB
DEBUG 2026-06-08 17:15:07 t_client.py:209 Sent observation #386 | 
DEBUG 2026-06-08 17:15:07 t_client.py:434 QUEUE SIZE: 8 (Must go: False)
DEBUG 2026-06-08 17:15:07 t_client.py:477 Control loop (ms): 456.99
DEBUG 2026-06-08 17:15:07 follower.py:184 follower_left SOFollower read state: 2.0ms
DEBUG 2026-06-08 17:15:07 follower.py:191 follower_left SOFollower read wrist: 0.0ms
DEBUG 2026-06-08 17:15:07 follower.py:184 follower_right SOFollower read state: 2.0ms
DEBUG 2026-06-08 17:15:07 follower.py:191 follower_right SOFollower read wrist: 0.0ms
DEBUG 2026-06-08 17:15:07 t_client.py:198 Observation serialization time: 0.010606s
DEBUG 2026-06-08 17:15:07 ort/utils.py:54 [CLIENT] Observation Buffer size 4.395498275756836 MB with
DEBUG 2026-06-08 17:15:07 ort/utils.py:69 [CLIENT] Observation Sent 2097152/4609014 bytes with state 1
DEBUG 2026-06-08 17:15:07 ort/utils.py:69 [CLIENT] Observation Sent 4194304/4609014 bytes with state 2
DEBUG 2026-06-08 17:15:07 ort/utils.py:69 [CLIENT] Observation Sent 4609014/4609014 bytes with state 3
DEBUG 2026-06-08 17:15:07 ort/utils.py:71 [CLIENT] Observation Published 4.395498275756836 MB
DEBUG 2026-06-08 17:15:08 t_client.py:292 Received actions on device: cpu
DEBUG 2026-06-08 17:15:08 t_client.py:302 Actions kept on device: cpu
DEBUG 2026-06-08 17:15:08 t_client.py:209 Sent observation #387 | 
DEBUG 2026-06-08 17:15:08 t_client.py:434 QUEUE SIZE: 7 (Must go: False)
DEBUG 2026-06-08 17:15:08 t_client.py:477 Control loop (ms): 241.65
DEBUG 2026-06-08 17:15:08 t_client.py:477 Control loop (ms): 1.79
DEBUG 2026-06-08 17:15:08 t_client.py:477 Control loop (ms): 1.63
DEBUG 2026-06-08 17:15:08 t_client.py:477 Control loop (ms): 1.55
DEBUG 2026-06-08 17:15:08 t_client.py:292 Received actions on device: cpu
DEBUG 2026-06-08 17:15:08 t_client.py:302 Actions kept on device: cpu
DEBUG 2026-06-08 17:15:08 t_client.py:477 Control loop (ms): 5.59
DEBUG 2026-06-08 17:15:08 t_client.py:477 Control loop (ms): 2.96
DEBUG 2026-06-08 17:15:08 t_client.py:477 Control loop (ms): 1.79
DEBUG 2026-06-08 17:15:08 t_client.py:477 Control loop (ms): 1.98
DEBUG 2026-06-08 17:15:08 follower.py:184 follower_left SOFollower read state: 2.0ms
DEBUG 2026-06-08 17:15:08 follower.py:191 follower_left SOFollower read wrist: 0.0ms
DEBUG 2026-06-08 17:15:08 follower.py:184 follower_right SOFollower read state: 1.9ms
DEBUG 2026-06-08 17:15:08 follower.py:191 follower_right SOFollower read wrist: 0.0ms
DEBUG 2026-06-08 17:15:08 t_client.py:198 Observation serialization time: 0.008536s
DEBUG 2026-06-08 17:15:08 ort/utils.py:54 [CLIENT] Observation Buffer size 4.395498275756836 MB with
DEBUG 2026-06-08 17:15:08 ort/utils.py:69 [CLIENT] Observation Sent 2097152/4609014 bytes with state 1
DEBUG 2026-06-08 17:15:08 ort/utils.py:69 [CLIENT] Observation Sent 4194304/4609014 bytes with state 2
DEBUG 2026-06-08 17:15:08 ort/utils.py:69 [CLIENT] Observation Sent 4609014/4609014 bytes with state 3
DEBUG 2026-06-08 17:15:08 ort/utils.py:71 [CLIENT] Observation Published 4.395498275756836 MB
DEBUG 2026-06-08 17:15:08 t_client.py:209 Sent observation #394 | 
DEBUG 2026-06-08 17:15:08 t_client.py:434 QUEUE SIZE: 8 (Must go: False)
DEBUG 2026-06-08 17:15:08 t_client.py:477 Control loop (ms): 184.17
DEBUG 2026-06-08 17:15:08 follower.py:184 follower_left SOFollower read state: 1.7ms
DEBUG 2026-06-08 17:15:08 follower.py:191 follower_left SOFollower read wrist: 0.0ms
DEBUG 2026-06-08 17:15:08 follower.py:184 follower_right SOFollower read state: 1.6ms
DEBUG 2026-06-08 17:15:08 follower.py:191 follower_right SOFollower read wrist: 0.0ms
DEBUG 2026-06-08 17:15:08 t_client.py:198 Observation serialization time: 0.008224s
DEBUG 2026-06-08 17:15:08 ort/utils.py:54 [CLIENT] Observation Buffer size 4.395498275756836 MB with
DEBUG 2026-06-08 17:15:08 ort/utils.py:69 [CLIENT] Observation Sent 2097152/4609014 bytes with state 1
DEBUG 2026-06-08 17:15:08 ort/utils.py:69 [CLIENT] Observation Sent 4194304/4609014 bytes with state 2
DEBUG 2026-06-08 17:15:08 ort/utils.py:69 [CLIENT] Observation Sent 4609014/4609014 bytes with state 3
DEBUG 2026-06-08 17:15:08 ort/utils.py:71 [CLIENT] Observation Published 4.395498275756836 MB
DEBUG 2026-06-08 17:15:08 t_client.py:292 Received actions on device: cpu
DEBUG 2026-06-08 17:15:08 t_client.py:302 Actions kept on device: cpu
DEBUG 2026-06-08 17:15:08 t_client.py:209 Sent observation #395 | 
DEBUG 2026-06-08 17:15:08 t_client.py:434 QUEUE SIZE: 7 (Must go: False)
DEBUG 2026-06-08 17:15:08 t_client.py:477 Control loop (ms): 230.98
DEBUG 2026-06-08 17:15:08 t_client.py:477 Control loop (ms): 1.20
DEBUG 2026-06-08 17:15:08 t_client.py:477 Control loop (ms): 1.45
DEBUG 2026-06-08 17:15:08 t_client.py:477 Control loop (ms): 2.11
DEBUG 2026-06-08 17:15:08 t_client.py:292 Received actions on device: cpu
DEBUG 2026-06-08 17:15:08 t_client.py:302 Actions kept on device: cpu
DEBUG 2026-06-08 17:15:08 t_client.py:477 Control loop (ms): 1.19
DEBUG 2026-06-08 17:15:08 t_client.py:477 Control loop (ms): 1.94
DEBUG 2026-06-08 17:15:08 t_client.py:477 Control loop (ms): 1.95
DEBUG 2026-06-08 17:15:08 follower.py:184 follower_left SOFollower read state: 2.2ms
DEBUG 2026-06-08 17:15:08 follower.py:191 follower_left SOFollower read wrist: 0.0ms
DEBUG 2026-06-08 17:15:08 follower.py:184 follower_right SOFollower read state: 2.4ms
DEBUG 2026-06-08 17:15:08 follower.py:191 follower_right SOFollower read wrist: 0.0ms
DEBUG 2026-06-08 17:15:08 t_client.py:198 Observation serialization time: 0.008285s
DEBUG 2026-06-08 17:15:08 ort/utils.py:54 [CLIENT] Observation Buffer size 4.395498275756836 MB with
DEBUG 2026-06-08 17:15:08 ort/utils.py:69 [CLIENT] Observation Sent 2097152/4609014 bytes with state 1
DEBUG 2026-06-08 17:15:09 ort/utils.py:69 [CLIENT] Observation Sent 4194304/4609014 bytes with state 2
DEBUG 2026-06-08 17:15:09 ort/utils.py:69 [CLIENT] Observation Sent 4609014/4609014 bytes with state 3
DEBUG 2026-06-08 17:15:09 ort/utils.py:71 [CLIENT] Observation Published 4.395498275756836 MB
DEBUG 2026-06-08 17:15:09 t_client.py:209 Sent observation #402 | 
DEBUG 2026-06-08 17:15:09 t_client.py:434 QUEUE SIZE: 8 (Must go: False)
DEBUG 2026-06-08 17:15:09 t_client.py:477 Control loop (ms): 145.59
DEBUG 2026-06-08 17:15:09 follower.py:184 follower_left SOFollower read state: 1.6ms
DEBUG 2026-06-08 17:15:09 follower.py:191 follower_left SOFollower read wrist: 0.0ms
DEBUG 2026-06-08 17:15:09 follower.py:184 follower_right SOFollower read state: 1.6ms
DEBUG 2026-06-08 17:15:09 follower.py:191 follower_right SOFollower read wrist: 0.0ms
DEBUG 2026-06-08 17:15:09 t_client.py:198 Observation serialization time: 0.008364s
DEBUG 2026-06-08 17:15:09 ort/utils.py:54 [CLIENT] Observation Buffer size 4.395498275756836 MB with
DEBUG 2026-06-08 17:15:09 ort/utils.py:69 [CLIENT] Observation Sent 2097152/4609014 bytes with state 1
DEBUG 2026-06-08 17:15:09 ort/utils.py:69 [CLIENT] Observation Sent 4194304/4609014 bytes with state 2
DEBUG 2026-06-08 17:15:09 ort/utils.py:69 [CLIENT] Observation Sent 4609014/4609014 bytes with state 3
DEBUG 2026-06-08 17:15:09 ort/utils.py:71 [CLIENT] Observation Published 4.395498275756836 MB
DEBUG 2026-06-08 17:15:09 t_client.py:292 Received actions on device: cpu
DEBUG 2026-06-08 17:15:09 t_client.py:302 Actions kept on device: cpu
DEBUG 2026-06-08 17:15:09 t_client.py:209 Sent observation #403 | 
DEBUG 2026-06-08 17:15:09 t_client.py:434 QUEUE SIZE: 7 (Must go: False)
DEBUG 2026-06-08 17:15:09 t_client.py:477 Control loop (ms): 140.26
DEBUG 2026-06-08 17:15:09 t_client.py:477 Control loop (ms): 1.10
DEBUG 2026-06-08 17:15:09 t_client.py:477 Control loop (ms): 0.89
DEBUG 2026-06-08 17:15:09 t_client.py:477 Control loop (ms): 1.61
DEBUG 2026-06-08 17:15:09 t_client.py:292 Received actions on device: cpu
DEBUG 2026-06-08 17:15:09 t_client.py:302 Actions kept on device: cpu
DEBUG 2026-06-08 17:15:09 t_client.py:477 Control loop (ms): 1.58
DEBUG 2026-06-08 17:15:09 t_client.py:477 Control loop (ms): 1.67
DEBUG 2026-06-08 17:15:09 t_client.py:477 Control loop (ms): 1.94
DEBUG 2026-06-08 17:15:09 t_client.py:477 Control loop (ms): 1.59
DEBUG 2026-06-08 17:15:09 follower.py:184 follower_left SOFollower read state: 2.9ms
DEBUG 2026-06-08 17:15:09 follower.py:191 follower_left SOFollower read wrist: 0.1ms
DEBUG 2026-06-08 17:15:09 follower.py:184 follower_right SOFollower read state: 2.5ms
DEBUG 2026-06-08 17:15:09 follower.py:191 follower_right SOFollower read wrist: 0.0ms
DEBUG 2026-06-08 17:15:09 t_client.py:198 Observation serialization time: 0.011293s
DEBUG 2026-06-08 17:15:09 ort/utils.py:54 [CLIENT] Observation Buffer size 4.395498275756836 MB with
DEBUG 2026-06-08 17:15:09 ort/utils.py:69 [CLIENT] Observation Sent 2097152/4609014 bytes with state 1
DEBUG 2026-06-08 17:15:09 ort/utils.py:69 [CLIENT] Observation Sent 4194304/4609014 bytes with state 2
DEBUG 2026-06-08 17:15:09 ort/utils.py:69 [CLIENT] Observation Sent 4609014/4609014 bytes with state 3
DEBUG 2026-06-08 17:15:09 ort/utils.py:71 [CLIENT] Observation Published 4.395498275756836 MB
DEBUG 2026-06-08 17:15:09 t_client.py:209 Sent observation #410 | 
DEBUG 2026-06-08 17:15:09 t_client.py:434 QUEUE SIZE: 8 (Must go: False)
DEBUG 2026-06-08 17:15:09 t_client.py:477 Control loop (ms): 173.14
DEBUG 2026-06-08 17:15:09 follower.py:184 follower_left SOFollower read state: 2.9ms
DEBUG 2026-06-08 17:15:09 follower.py:191 follower_left SOFollower read wrist: 0.1ms
DEBUG 2026-06-08 17:15:09 follower.py:184 follower_right SOFollower read state: 2.5ms
DEBUG 2026-06-08 17:15:09 follower.py:191 follower_right SOFollower read wrist: 0.0ms
DEBUG 2026-06-08 17:15:09 t_client.py:198 Observation serialization time: 0.010901s
DEBUG 2026-06-08 17:15:09 ort/utils.py:54 [CLIENT] Observation Buffer size 4.395498275756836 MB with
DEBUG 2026-06-08 17:15:09 ort/utils.py:69 [CLIENT] Observation Sent 2097152/4609014 bytes with state 1
DEBUG 2026-06-08 17:15:09 ort/utils.py:69 [CLIENT] Observation Sent 4194304/4609014 bytes with state 2
DEBUG 2026-06-08 17:15:09 ort/utils.py:69 [CLIENT] Observation Sent 4609014/4609014 bytes with state 3
DEBUG 2026-06-08 17:15:09 ort/utils.py:71 [CLIENT] Observation Published 4.395498275756836 MB
DEBUG 2026-06-08 17:15:09 t_client.py:292 Received actions on device: cpu
DEBUG 2026-06-08 17:15:09 t_client.py:302 Actions kept on device: cpu
DEBUG 2026-06-08 17:15:09 t_client.py:209 Sent observation #411 | 
DEBUG 2026-06-08 17:15:09 t_client.py:434 QUEUE SIZE: 7 (Must go: False)
DEBUG 2026-06-08 17:15:09 t_client.py:477 Control loop (ms): 158.29
DEBUG 2026-06-08 17:15:09 t_client.py:477 Control loop (ms): 1.21
DEBUG 2026-06-08 17:15:09 t_client.py:477 Control loop (ms): 1.76
DEBUG 2026-06-08 17:15:09 t_client.py:477 Control loop (ms): 1.87
DEBUG 2026-06-08 17:15:09 t_client.py:292 Received actions on device: cpu
DEBUG 2026-06-08 17:15:09 t_client.py:302 Actions kept on device: cpu
DEBUG 2026-06-08 17:15:09 t_client.py:477 Control loop (ms): 2.02
DEBUG 2026-06-08 17:15:09 t_client.py:477 Control loop (ms): 2.12
DEBUG 2026-06-08 17:15:09 t_client.py:477 Control loop (ms): 2.21
DEBUG 2026-06-08 17:15:09 follower.py:184 follower_left SOFollower read state: 2.1ms
DEBUG 2026-06-08 17:15:09 follower.py:191 follower_left SOFollower read wrist: 0.1ms
DEBUG 2026-06-08 17:15:09 follower.py:184 follower_right SOFollower read state: 2.0ms
DEBUG 2026-06-08 17:15:09 follower.py:191 follower_right SOFollower read wrist: 0.0ms
DEBUG 2026-06-08 17:15:09 t_client.py:198 Observation serialization time: 0.010281s
DEBUG 2026-06-08 17:15:09 ort/utils.py:54 [CLIENT] Observation Buffer size 4.395498275756836 MB with
DEBUG 2026-06-08 17:15:10 ort/utils.py:69 [CLIENT] Observation Sent 2097152/4609014 bytes with state 1
DEBUG 2026-06-08 17:15:10 ort/utils.py:69 [CLIENT] Observation Sent 4194304/4609014 bytes with state 2
DEBUG 2026-06-08 17:15:10 ort/utils.py:69 [CLIENT] Observation Sent 4609014/4609014 bytes with state 3
DEBUG 2026-06-08 17:15:10 ort/utils.py:71 [CLIENT] Observation Published 4.395498275756836 MB
DEBUG 2026-06-08 17:15:10 t_client.py:209 Sent observation #418 | 
DEBUG 2026-06-08 17:15:10 t_client.py:434 QUEUE SIZE: 8 (Must go: False)
DEBUG 2026-06-08 17:15:10 t_client.py:477 Control loop (ms): 183.23
DEBUG 2026-06-08 17:15:10 follower.py:184 follower_left SOFollower read state: 2.4ms
DEBUG 2026-06-08 17:15:10 follower.py:191 follower_left SOFollower read wrist: 0.1ms
DEBUG 2026-06-08 17:15:10 follower.py:184 follower_right SOFollower read state: 1.9ms
DEBUG 2026-06-08 17:15:10 follower.py:191 follower_right SOFollower read wrist: 0.0ms
DEBUG 2026-06-08 17:15:10 t_client.py:198 Observation serialization time: 0.013385s
DEBUG 2026-06-08 17:15:10 ort/utils.py:54 [CLIENT] Observation Buffer size 4.395498275756836 MB with
DEBUG 2026-06-08 17:15:10 ort/utils.py:69 [CLIENT] Observation Sent 2097152/4609014 bytes with state 1
DEBUG 2026-06-08 17:15:10 ort/utils.py:69 [CLIENT] Observation Sent 4194304/4609014 bytes with state 2
DEBUG 2026-06-08 17:15:10 ort/utils.py:69 [CLIENT] Observation Sent 4609014/4609014 bytes with state 3
DEBUG 2026-06-08 17:15:10 ort/utils.py:71 [CLIENT] Observation Published 4.395498275756836 MB
DEBUG 2026-06-08 17:15:10 t_client.py:292 Received actions on device: cpu
DEBUG 2026-06-08 17:15:10 t_client.py:302 Actions kept on device: cpu
DEBUG 2026-06-08 17:15:10 t_client.py:209 Sent observation #419 | 
DEBUG 2026-06-08 17:15:10 t_client.py:434 QUEUE SIZE: 7 (Must go: False)
DEBUG 2026-06-08 17:15:10 t_client.py:477 Control loop (ms): 192.50
DEBUG 2026-06-08 17:15:10 t_client.py:477 Control loop (ms): 1.28
DEBUG 2026-06-08 17:15:10 t_client.py:477 Control loop (ms): 1.53
DEBUG 2026-06-08 17:15:10 t_client.py:477 Control loop (ms): 1.36
DEBUG 2026-06-08 17:15:10 t_client.py:292 Received actions on device: cpu
DEBUG 2026-06-08 17:15:10 t_client.py:302 Actions kept on device: cpu
DEBUG 2026-06-08 17:15:10 t_client.py:477 Control loop (ms): 0.60
DEBUG 2026-06-08 17:15:10 t_client.py:477 Control loop (ms): 1.16
DEBUG 2026-06-08 17:15:10 t_client.py:477 Control loop (ms): 2.11
DEBUG 2026-06-08 17:15:10 follower.py:184 follower_left SOFollower read state: 1.9ms
DEBUG 2026-06-08 17:15:10 follower.py:191 follower_left SOFollower read wrist: 0.0ms
DEBUG 2026-06-08 17:15:10 follower.py:184 follower_right SOFollower read state: 2.0ms
DEBUG 2026-06-08 17:15:10 follower.py:191 follower_right SOFollower read wrist: 0.0ms
DEBUG 2026-06-08 17:15:10 t_client.py:198 Observation serialization time: 0.009369s
DEBUG 2026-06-08 17:15:10 ort/utils.py:54 [CLIENT] Observation Buffer size 4.395498275756836 MB with
DEBUG 2026-06-08 17:15:10 ort/utils.py:69 [CLIENT] Observation Sent 2097152/4609014 bytes with state 1
DEBUG 2026-06-08 17:15:10 ort/utils.py:69 [CLIENT] Observation Sent 4194304/4609014 bytes with state 2
DEBUG 2026-06-08 17:15:10 ort/utils.py:69 [CLIENT] Observation Sent 4609014/4609014 bytes with state 3
DEBUG 2026-06-08 17:15:10 ort/utils.py:71 [CLIENT] Observation Published 4.395498275756836 MB
DEBUG 2026-06-08 17:15:10 t_client.py:209 Sent observation #426 | 
DEBUG 2026-06-08 17:15:10 t_client.py:434 QUEUE SIZE: 8 (Must go: False)
DEBUG 2026-06-08 17:15:10 t_client.py:477 Control loop (ms): 174.86
DEBUG 2026-06-08 17:15:10 follower.py:184 follower_left SOFollower read state: 2.2ms
DEBUG 2026-06-08 17:15:10 follower.py:191 follower_left SOFollower read wrist: 0.0ms
DEBUG 2026-06-08 17:15:10 follower.py:184 follower_right SOFollower read state: 1.8ms
DEBUG 2026-06-08 17:15:10 follower.py:191 follower_right SOFollower read wrist: 0.0ms
DEBUG 2026-06-08 17:15:10 t_client.py:198 Observation serialization time: 0.006853s
DEBUG 2026-06-08 17:15:10 ort/utils.py:54 [CLIENT] Observation Buffer size 4.395498275756836 MB with
DEBUG 2026-06-08 17:15:10 ort/utils.py:69 [CLIENT] Observation Sent 2097152/4609014 bytes with state 1
DEBUG 2026-06-08 17:15:10 ort/utils.py:69 [CLIENT] Observation Sent 4194304/4609014 bytes with state 2
DEBUG 2026-06-08 17:15:10 ort/utils.py:69 [CLIENT] Observation Sent 4609014/4609014 bytes with state 3
DEBUG 2026-06-08 17:15:10 ort/utils.py:71 [CLIENT] Observation Published 4.395498275756836 MB
DEBUG 2026-06-08 17:15:10 t_client.py:292 Received actions on device: cpu
DEBUG 2026-06-08 17:15:10 t_client.py:302 Actions kept on device: cpu
DEBUG 2026-06-08 17:15:11 t_client.py:209 Sent observation #427 | 
DEBUG 2026-06-08 17:15:11 t_client.py:434 QUEUE SIZE: 7 (Must go: False)
DEBUG 2026-06-08 17:15:11 t_client.py:477 Control loop (ms): 365.87
DEBUG 2026-06-08 17:15:11 t_client.py:477 Control loop (ms): 1.92
DEBUG 2026-06-08 17:15:11 t_client.py:477 Control loop (ms): 3.21
DEBUG 2026-06-08 17:15:11 t_client.py:292 Received actions on device: cpu
DEBUG 2026-06-08 17:15:11 t_client.py:302 Actions kept on device: cpu
DEBUG 2026-06-08 17:15:11 t_client.py:477 Control loop (ms): 2.31
DEBUG 2026-06-08 17:15:11 t_client.py:477 Control loop (ms): 2.92
DEBUG 2026-06-08 17:15:11 t_client.py:477 Control loop (ms): 1.80
DEBUG 2026-06-08 17:15:11 t_client.py:477 Control loop (ms): 1.90
DEBUG 2026-06-08 17:15:11 follower.py:184 follower_left SOFollower read state: 2.6ms
DEBUG 2026-06-08 17:15:11 follower.py:191 follower_left SOFollower read wrist: 0.0ms
DEBUG 2026-06-08 17:15:11 follower.py:184 follower_right SOFollower read state: 2.2ms
DEBUG 2026-06-08 17:15:11 follower.py:191 follower_right SOFollower read wrist: 0.0ms
DEBUG 2026-06-08 17:15:11 t_client.py:198 Observation serialization time: 0.002800s
DEBUG 2026-06-08 17:15:11 ort/utils.py:54 [CLIENT] Observation Buffer size 4.395498275756836 MB with
DEBUG 2026-06-08 17:15:11 ort/utils.py:69 [CLIENT] Observation Sent 2097152/4609014 bytes with state 1
DEBUG 2026-06-08 17:15:11 ort/utils.py:69 [CLIENT] Observation Sent 4194304/4609014 bytes with state 2
DEBUG 2026-06-08 17:15:11 ort/utils.py:69 [CLIENT] Observation Sent 4609014/4609014 bytes with state 3
DEBUG 2026-06-08 17:15:11 ort/utils.py:71 [CLIENT] Observation Published 4.395498275756836 MB
DEBUG 2026-06-08 17:15:11 t_client.py:209 Sent observation #434 | 
DEBUG 2026-06-08 17:15:11 t_client.py:434 QUEUE SIZE: 8 (Must go: False)
DEBUG 2026-06-08 17:15:11 t_client.py:477 Control loop (ms): 400.54
DEBUG 2026-06-08 17:15:11 follower.py:184 follower_left SOFollower read state: 1.8ms
DEBUG 2026-06-08 17:15:11 follower.py:191 follower_left SOFollower read wrist: 0.0ms
DEBUG 2026-06-08 17:15:11 follower.py:184 follower_right SOFollower read state: 1.8ms
DEBUG 2026-06-08 17:15:11 follower.py:191 follower_right SOFollower read wrist: 0.0ms
DEBUG 2026-06-08 17:15:11 t_client.py:198 Observation serialization time: 0.008054s
DEBUG 2026-06-08 17:15:11 ort/utils.py:54 [CLIENT] Observation Buffer size 4.395498275756836 MB with
DEBUG 2026-06-08 17:15:11 ort/utils.py:69 [CLIENT] Observation Sent 2097152/4609014 bytes with state 1
DEBUG 2026-06-08 17:15:11 ort/utils.py:69 [CLIENT] Observation Sent 4194304/4609014 bytes with state 2
DEBUG 2026-06-08 17:15:11 ort/utils.py:69 [CLIENT] Observation Sent 4609014/4609014 bytes with state 3
DEBUG 2026-06-08 17:15:11 ort/utils.py:71 [CLIENT] Observation Published 4.395498275756836 MB
DEBUG 2026-06-08 17:15:11 t_client.py:292 Received actions on device: cpu
DEBUG 2026-06-08 17:15:11 t_client.py:302 Actions kept on device: cpu
DEBUG 2026-06-08 17:15:11 t_client.py:209 Sent observation #435 | 
DEBUG 2026-06-08 17:15:11 t_client.py:434 QUEUE SIZE: 7 (Must go: False)
DEBUG 2026-06-08 17:15:11 t_client.py:477 Control loop (ms): 270.32
DEBUG 2026-06-08 17:15:11 t_client.py:477 Control loop (ms): 1.66
DEBUG 2026-06-08 17:15:11 t_client.py:477 Control loop (ms): 1.99
DEBUG 2026-06-08 17:15:12 t_client.py:477 Control loop (ms): 1.35
DEBUG 2026-06-08 17:15:12 t_client.py:292 Received actions on device: cpu
DEBUG 2026-06-08 17:15:12 t_client.py:302 Actions kept on device: cpu
DEBUG 2026-06-08 17:15:12 t_client.py:477 Control loop (ms): 9.31
DEBUG 2026-06-08 17:15:12 t_client.py:477 Control loop (ms): 1.93
DEBUG 2026-06-08 17:15:12 t_client.py:477 Control loop (ms): 1.68
DEBUG 2026-06-08 17:15:12 t_client.py:477 Control loop (ms): 1.70
DEBUG 2026-06-08 17:15:12 follower.py:184 follower_left SOFollower read state: 2.0ms
DEBUG 2026-06-08 17:15:12 follower.py:191 follower_left SOFollower read wrist: 0.0ms
DEBUG 2026-06-08 17:15:12 follower.py:184 follower_right SOFollower read state: 2.1ms
DEBUG 2026-06-08 17:15:12 follower.py:191 follower_right SOFollower read wrist: 0.0ms
DEBUG 2026-06-08 17:15:12 t_client.py:198 Observation serialization time: 0.009389s
DEBUG 2026-06-08 17:15:12 ort/utils.py:54 [CLIENT] Observation Buffer size 4.395498275756836 MB with
DEBUG 2026-06-08 17:15:12 ort/utils.py:69 [CLIENT] Observation Sent 2097152/4609014 bytes with state 1
DEBUG 2026-06-08 17:15:12 ort/utils.py:69 [CLIENT] Observation Sent 4194304/4609014 bytes with state 2
DEBUG 2026-06-08 17:15:12 ort/utils.py:69 [CLIENT] Observation Sent 4609014/4609014 bytes with state 3
DEBUG 2026-06-08 17:15:12 ort/utils.py:71 [CLIENT] Observation Published 4.395498275756836 MB
DEBUG 2026-06-08 17:15:12 t_client.py:209 Sent observation #442 | 
DEBUG 2026-06-08 17:15:12 t_client.py:434 QUEUE SIZE: 8 (Must go: False)
DEBUG 2026-06-08 17:15:12 t_client.py:477 Control loop (ms): 148.70
DEBUG 2026-06-08 17:15:12 follower.py:184 follower_left SOFollower read state: 1.8ms
DEBUG 2026-06-08 17:15:12 follower.py:191 follower_left SOFollower read wrist: 0.0ms
DEBUG 2026-06-08 17:15:12 follower.py:184 follower_right SOFollower read state: 1.7ms
DEBUG 2026-06-08 17:15:12 follower.py:191 follower_right SOFollower read wrist: 0.0ms
DEBUG 2026-06-08 17:15:12 t_client.py:198 Observation serialization time: 0.003948s
DEBUG 2026-06-08 17:15:12 ort/utils.py:54 [CLIENT] Observation Buffer size 4.395498275756836 MB with
DEBUG 2026-06-08 17:15:12 ort/utils.py:69 [CLIENT] Observation Sent 2097152/4609014 bytes with state 1
DEBUG 2026-06-08 17:15:12 ort/utils.py:69 [CLIENT] Observation Sent 4194304/4609014 bytes with state 2
DEBUG 2026-06-08 17:15:12 ort/utils.py:69 [CLIENT] Observation Sent 4609014/4609014 bytes with state 3
DEBUG 2026-06-08 17:15:12 ort/utils.py:71 [CLIENT] Observation Published 4.395498275756836 MB
DEBUG 2026-06-08 17:15:12 t_client.py:209 Sent observation #443 | 
DEBUG 2026-06-08 17:15:12 t_client.py:434 QUEUE SIZE: 7 (Must go: False)
DEBUG 2026-06-08 17:15:12 t_client.py:477 Control loop (ms): 139.52
DEBUG 2026-06-08 17:15:12 t_client.py:292 Received actions on device: cpu
DEBUG 2026-06-08 17:15:12 t_client.py:302 Actions kept on device: cpu
DEBUG 2026-06-08 17:15:12 follower.py:184 follower_left SOFollower read state: 1.9ms
DEBUG 2026-06-08 17:15:12 follower.py:191 follower_left SOFollower read wrist: 0.0ms
DEBUG 2026-06-08 17:15:12 follower.py:184 follower_right SOFollower read state: 1.5ms
DEBUG 2026-06-08 17:15:12 follower.py:191 follower_right SOFollower read wrist: 0.0ms
DEBUG 2026-06-08 17:15:12 t_client.py:198 Observation serialization time: 0.007046s
DEBUG 2026-06-08 17:15:12 ort/utils.py:54 [CLIENT] Observation Buffer size 4.395498275756836 MB with
DEBUG 2026-06-08 17:15:12 ort/utils.py:69 [CLIENT] Observation Sent 2097152/4609014 bytes with state 1
DEBUG 2026-06-08 17:15:12 ort/utils.py:69 [CLIENT] Observation Sent 4194304/4609014 bytes with state 2
DEBUG 2026-06-08 17:15:12 ort/utils.py:69 [CLIENT] Observation Sent 4609014/4609014 bytes with state 3
DEBUG 2026-06-08 17:15:12 ort/utils.py:71 [CLIENT] Observation Published 4.395498275756836 MB
DEBUG 2026-06-08 17:15:12 t_client.py:292 Received actions on device: cpu
DEBUG 2026-06-08 17:15:12 t_client.py:302 Actions kept on device: cpu
DEBUG 2026-06-08 17:15:12 t_client.py:209 Sent observation #444 | 
DEBUG 2026-06-08 17:15:12 t_client.py:434 QUEUE SIZE: 13 (Must go: False)
DEBUG 2026-06-08 17:15:12 t_client.py:477 Control loop (ms): 119.79
DEBUG 2026-06-08 17:15:12 t_client.py:477 Control loop (ms): 0.64
DEBUG 2026-06-08 17:15:12 t_client.py:477 Control loop (ms): 1.30
DEBUG 2026-06-08 17:15:12 t_client.py:477 Control loop (ms): 2.17
DEBUG 2026-06-08 17:15:12 t_client.py:292 Received actions on device: cpu
DEBUG 2026-06-08 17:15:12 t_client.py:302 Actions kept on device: cpu
DEBUG 2026-06-08 17:15:12 t_client.py:477 Control loop (ms): 3.67
DEBUG 2026-06-08 17:15:12 t_client.py:477 Control loop (ms): 1.79
DEBUG 2026-06-08 17:15:12 t_client.py:477 Control loop (ms): 2.71
DEBUG 2026-06-08 17:15:12 t_client.py:477 Control loop (ms): 3.10
DEBUG 2026-06-08 17:15:12 follower.py:184 follower_left SOFollower read state: 2.6ms
DEBUG 2026-06-08 17:15:12 follower.py:191 follower_left SOFollower read wrist: 0.1ms
DEBUG 2026-06-08 17:15:12 follower.py:184 follower_right SOFollower read state: 2.1ms
DEBUG 2026-06-08 17:15:12 follower.py:191 follower_right SOFollower read wrist: 0.1ms
DEBUG 2026-06-08 17:15:12 t_client.py:198 Observation serialization time: 0.012166s
DEBUG 2026-06-08 17:15:12 ort/utils.py:54 [CLIENT] Observation Buffer size 4.395498275756836 MB with
DEBUG 2026-06-08 17:15:12 ort/utils.py:69 [CLIENT] Observation Sent 2097152/4609014 bytes with state 1
DEBUG 2026-06-08 17:15:12 ort/utils.py:69 [CLIENT] Observation Sent 4194304/4609014 bytes with state 2
DEBUG 2026-06-08 17:15:12 ort/utils.py:69 [CLIENT] Observation Sent 4609014/4609014 bytes with state 3
DEBUG 2026-06-08 17:15:12 ort/utils.py:71 [CLIENT] Observation Published 4.395498275756836 MB
DEBUG 2026-06-08 17:15:13 t_client.py:209 Sent observation #451 | 
DEBUG 2026-06-08 17:15:13 t_client.py:434 QUEUE SIZE: 8 (Must go: False)
DEBUG 2026-06-08 17:15:13 t_client.py:477 Control loop (ms): 225.23
DEBUG 2026-06-08 17:15:13 follower.py:184 follower_left SOFollower read state: 1.7ms
DEBUG 2026-06-08 17:15:13 follower.py:191 follower_left SOFollower read wrist: 0.0ms
DEBUG 2026-06-08 17:15:13 follower.py:184 follower_right SOFollower read state: 1.7ms
DEBUG 2026-06-08 17:15:13 follower.py:191 follower_right SOFollower read wrist: 0.0ms
DEBUG 2026-06-08 17:15:13 t_client.py:198 Observation serialization time: 0.004589s
DEBUG 2026-06-08 17:15:13 ort/utils.py:54 [CLIENT] Observation Buffer size 4.395498275756836 MB with
DEBUG 2026-06-08 17:15:13 ort/utils.py:69 [CLIENT] Observation Sent 2097152/4609014 bytes with state 1
DEBUG 2026-06-08 17:15:13 t_client.py:292 Received actions on device: cpu
DEBUG 2026-06-08 17:15:13 t_client.py:302 Actions kept on device: cpu
DEBUG 2026-06-08 17:15:13 ort/utils.py:69 [CLIENT] Observation Sent 4194304/4609014 bytes with state 2
DEBUG 2026-06-08 17:15:13 ort/utils.py:69 [CLIENT] Observation Sent 4609014/4609014 bytes with state 3
DEBUG 2026-06-08 17:15:13 ort/utils.py:71 [CLIENT] Observation Published 4.395498275756836 MB
DEBUG 2026-06-08 17:15:13 t_client.py:209 Sent observation #452 | 
DEBUG 2026-06-08 17:15:13 t_client.py:434 QUEUE SIZE: 7 (Must go: False)
DEBUG 2026-06-08 17:15:13 t_client.py:477 Control loop (ms): 322.29
DEBUG 2026-06-08 17:15:13 t_client.py:477 Control loop (ms): 1.58
DEBUG 2026-06-08 17:15:13 t_client.py:477 Control loop (ms): 1.98
DEBUG 2026-06-08 17:15:13 t_client.py:477 Control loop (ms): 0.56
DEBUG 2026-06-08 17:15:13 t_client.py:292 Received actions on device: cpu
DEBUG 2026-06-08 17:15:13 t_client.py:302 Actions kept on device: cpu
DEBUG 2026-06-08 17:15:13 t_client.py:477 Control loop (ms): 1.10
DEBUG 2026-06-08 17:15:13 t_client.py:477 Control loop (ms): 2.16
DEBUG 2026-06-08 17:15:13 t_client.py:477 Control loop (ms): 2.69
DEBUG 2026-06-08 17:15:13 follower.py:184 follower_left SOFollower read state: 2.4ms
DEBUG 2026-06-08 17:15:13 follower.py:191 follower_left SOFollower read wrist: 0.0ms
DEBUG 2026-06-08 17:15:13 follower.py:184 follower_right SOFollower read state: 2.2ms
DEBUG 2026-06-08 17:15:13 follower.py:191 follower_right SOFollower read wrist: 0.0ms
DEBUG 2026-06-08 17:15:13 t_client.py:198 Observation serialization time: 0.009417s
DEBUG 2026-06-08 17:15:13 ort/utils.py:54 [CLIENT] Observation Buffer size 4.395498275756836 MB with
DEBUG 2026-06-08 17:15:13 ort/utils.py:69 [CLIENT] Observation Sent 2097152/4609014 bytes with state 1
DEBUG 2026-06-08 17:15:13 ort/utils.py:69 [CLIENT] Observation Sent 4194304/4609014 bytes with state 2
DEBUG 2026-06-08 17:15:13 ort/utils.py:69 [CLIENT] Observation Sent 4609014/4609014 bytes with state 3
DEBUG 2026-06-08 17:15:13 ort/utils.py:71 [CLIENT] Observation Published 4.395498275756836 MB
DEBUG 2026-06-08 17:15:13 t_client.py:209 Sent observation #459 | 
DEBUG 2026-06-08 17:15:13 t_client.py:434 QUEUE SIZE: 8 (Must go: False)
DEBUG 2026-06-08 17:15:13 t_client.py:477 Control loop (ms): 271.25
DEBUG 2026-06-08 17:15:13 follower.py:184 follower_left SOFollower read state: 1.8ms
DEBUG 2026-06-08 17:15:13 follower.py:191 follower_left SOFollower read wrist: 0.0ms
DEBUG 2026-06-08 17:15:13 follower.py:184 follower_right SOFollower read state: 2.0ms
DEBUG 2026-06-08 17:15:13 follower.py:191 follower_right SOFollower read wrist: 0.0ms
DEBUG 2026-06-08 17:15:13 t_client.py:198 Observation serialization time: 0.009810s
DEBUG 2026-06-08 17:15:13 ort/utils.py:54 [CLIENT] Observation Buffer size 4.395498275756836 MB with
DEBUG 2026-06-08 17:15:13 ort/utils.py:69 [CLIENT] Observation Sent 2097152/4609014 bytes with state 1
DEBUG 2026-06-08 17:15:13 ort/utils.py:69 [CLIENT] Observation Sent 4194304/4609014 bytes with state 2
DEBUG 2026-06-08 17:15:13 ort/utils.py:69 [CLIENT] Observation Sent 4609014/4609014 bytes with state 3
DEBUG 2026-06-08 17:15:13 ort/utils.py:71 [CLIENT] Observation Published 4.395498275756836 MB
DEBUG 2026-06-08 17:15:14 t_client.py:292 Received actions on device: cpu
DEBUG 2026-06-08 17:15:14 t_client.py:302 Actions kept on device: cpu
DEBUG 2026-06-08 17:15:14 t_client.py:209 Sent observation #460 | 
DEBUG 2026-06-08 17:15:14 t_client.py:434 QUEUE SIZE: 7 (Must go: False)
DEBUG 2026-06-08 17:15:14 t_client.py:477 Control loop (ms): 229.22
DEBUG 2026-06-08 17:15:14 t_client.py:477 Control loop (ms): 2.22
DEBUG 2026-06-08 17:15:14 t_client.py:477 Control loop (ms): 1.55
DEBUG 2026-06-08 17:15:14 t_client.py:477 Control loop (ms): 1.96
DEBUG 2026-06-08 17:15:14 t_client.py:477 Control loop (ms): 3.11
DEBUG 2026-06-08 17:15:14 t_client.py:477 Control loop (ms): 2.80
DEBUG 2026-06-08 17:15:14 follower.py:184 follower_left SOFollower read state: 2.8ms
DEBUG 2026-06-08 17:15:14 follower.py:191 follower_left SOFollower read wrist: 0.0ms
DEBUG 2026-06-08 17:15:14 follower.py:184 follower_right SOFollower read state: 2.3ms
DEBUG 2026-06-08 17:15:14 follower.py:191 follower_right SOFollower read wrist: 0.0ms
DEBUG 2026-06-08 17:15:14 t_client.py:198 Observation serialization time: 0.010797s
DEBUG 2026-06-08 17:15:14 ort/utils.py:54 [CLIENT] Observation Buffer size 4.395498275756836 MB with
ERROR 2026-06-08 17:15:14 t_client.py:214 Error sending observation #466: <_InactiveRpcError of RPC that terminated with:
	status = StatusCode.CANCELLED
	details = "CANCELLED"
	debug_error_string = "UNKNOWN:Error received from peer  {grpc_message:"CANCELLED", grpc_status:1}"
>
DEBUG 2026-06-08 17:15:14 t_client.py:434 QUEUE SIZE: 8 (Must go: False)
DEBUG 2026-06-08 17:15:14 t_client.py:477 Control loop (ms): 31.69
DEBUG 2026-06-08 17:15:14 follower.py:184 follower_left SOFollower read state: 1.9ms
DEBUG 2026-06-08 17:15:14 follower.py:191 follower_left SOFollower read wrist: 0.0ms
DEBUG 2026-06-08 17:15:14 follower.py:184 follower_right SOFollower read state: 1.8ms
DEBUG 2026-06-08 17:15:14 follower.py:191 follower_right SOFollower read wrist: 0.0ms
DEBUG 2026-06-08 17:15:14 t_client.py:198 Observation serialization time: 0.007206s
DEBUG 2026-06-08 17:15:14 ort/utils.py:54 [CLIENT] Observation Buffer size 4.395498275756836 MB with
DEBUG 2026-06-08 17:15:14 ort/utils.py:69 [CLIENT] Observation Sent 2097152/4609014 bytes with state 1
DEBUG 2026-06-08 17:15:14 ort/utils.py:69 [CLIENT] Observation Sent 4194304/4609014 bytes with state 2
DEBUG 2026-06-08 17:15:14 ort/utils.py:69 [CLIENT] Observation Sent 4609014/4609014 bytes with state 3
DEBUG 2026-06-08 17:15:14 ort/utils.py:71 [CLIENT] Observation Published 4.395498275756836 MB
ERROR 2026-06-08 17:15:22 t_client.py:214 Error sending observation #467: <_InactiveRpcError of RPC that terminated with:
	status = StatusCode.UNAVAILABLE
	details = "Socket closed"
	debug_error_string = "UNKNOWN:Error received from peer  {grpc_message:"Socket closed", grpc_status:14}"
>
DEBUG 2026-06-08 17:15:22 t_client.py:434 QUEUE SIZE: 7 (Must go: False)
DEBUG 2026-06-08 17:15:22 t_client.py:477 Control loop (ms): 8192.33
DEBUG 2026-06-08 17:15:22 follower.py:184 follower_left SOFollower read state: 2.2ms
DEBUG 2026-06-08 17:15:22 follower.py:191 follower_left SOFollower read wrist: 0.0ms
DEBUG 2026-06-08 17:15:22 follower.py:184 follower_right SOFollower read state: 1.7ms
DEBUG 2026-06-08 17:15:22 follower.py:191 follower_right SOFollower read wrist: 0.0ms
DEBUG 2026-06-08 17:15:22 t_client.py:198 Observation serialization time: 0.007244s
DEBUG 2026-06-08 17:15:22 ort/utils.py:54 [CLIENT] Observation Buffer size 4.395498275756836 MB with
ERROR 2026-06-08 17:15:22 t_client.py:214 Error sending observation #468: <_InactiveRpcError of RPC that terminated with:
	status = StatusCode.UNAVAILABLE
	details = "failed to connect to all addresses; last error: UNKNOWN: ipv4:10.145.8.86:8080: Failed to connect to remote host: connect: Connection refused (111)"
	debug_error_string = "UNKNOWN:Error received from peer  {grpc_message:"failed to connect to all addresses; last error: UNKNOWN: ipv4:10.145.8.86:8080: Failed to connect to remote host: connect: Connection refused (111)", grpc_status:14}"
>
DEBUG 2026-06-08 17:15:22 t_client.py:434 QUEUE SIZE: 6 (Must go: False)
DEBUG 2026-06-08 17:15:22 t_client.py:477 Control loop (ms): 22.01
DEBUG 2026-06-08 17:15:22 follower.py:184 follower_left SOFollower read state: 1.8ms
DEBUG 2026-06-08 17:15:22 follower.py:191 follower_left SOFollower read wrist: 0.0ms
DEBUG 2026-06-08 17:15:22 follower.py:184 follower_right SOFollower read state: 1.8ms
DEBUG 2026-06-08 17:15:22 follower.py:191 follower_right SOFollower read wrist: 0.0ms
DEBUG 2026-06-08 17:15:22 t_client.py:198 Observation serialization time: 0.009598s
DEBUG 2026-06-08 17:15:22 ort/utils.py:54 [CLIENT] Observation Buffer size 4.395498275756836 MB with
ERROR 2026-06-08 17:15:22 t_client.py:214 Error sending observation #469: <_InactiveRpcError of RPC that terminated with:
	status = StatusCode.UNAVAILABLE
	details = "failed to connect to all addresses; last error: UNKNOWN: ipv4:10.145.8.86:8080: Failed to connect to remote host: connect: Connection refused (111)"
	debug_error_string = "UNKNOWN:Error received from peer  {grpc_message:"failed to connect to all addresses; last error: UNKNOWN: ipv4:10.145.8.86:8080: Failed to connect to remote host: connect: Connection refused (111)", grpc_status:14}"
>
DEBUG 2026-06-08 17:15:22 t_client.py:434 QUEUE SIZE: 5 (Must go: False)
DEBUG 2026-06-08 17:15:22 t_client.py:477 Control loop (ms): 68.81
DEBUG 2026-06-08 17:15:22 follower.py:184 follower_left SOFollower read state: 2.5ms
DEBUG 2026-06-08 17:15:22 follower.py:191 follower_left SOFollower read wrist: 0.0ms
DEBUG 2026-06-08 17:15:22 follower.py:184 follower_right SOFollower read state: 2.1ms
DEBUG 2026-06-08 17:15:22 follower.py:191 follower_right SOFollower read wrist: 0.0ms
DEBUG 2026-06-08 17:15:22 t_client.py:198 Observation serialization time: 0.011629s
DEBUG 2026-06-08 17:15:22 ort/utils.py:54 [CLIENT] Observation Buffer size 4.395498275756836 MB with
ERROR 2026-06-08 17:15:22 t_client.py:214 Error sending observation #470: <_InactiveRpcError of RPC that terminated with:
	status = StatusCode.UNAVAILABLE
	details = "failed to connect to all addresses; last error: UNKNOWN: ipv4:10.145.8.86:8080: Failed to connect to remote host: connect: Connection refused (111)"
	debug_error_string = "UNKNOWN:Error received from peer  {grpc_message:"failed to connect to all addresses; last error: UNKNOWN: ipv4:10.145.8.86:8080: Failed to connect to remote host: connect: Connection refused (111)", grpc_status:14}"
>
DEBUG 2026-06-08 17:15:22 t_client.py:434 QUEUE SIZE: 4 (Must go: False)
DEBUG 2026-06-08 17:15:22 t_client.py:477 Control loop (ms): 54.90
DEBUG 2026-06-08 17:15:22 follower.py:184 follower_left SOFollower read state: 1.9ms
DEBUG 2026-06-08 17:15:22 follower.py:191 follower_left SOFollower read wrist: 0.0ms
DEBUG 2026-06-08 17:15:22 follower.py:184 follower_right SOFollower read state: 1.8ms
DEBUG 2026-06-08 17:15:22 follower.py:191 follower_right SOFollower read wrist: 0.0ms
DEBUG 2026-06-08 17:15:22 t_client.py:198 Observation serialization time: 0.006385s
DEBUG 2026-06-08 17:15:22 ort/utils.py:54 [CLIENT] Observation Buffer size 4.395498275756836 MB with
ERROR 2026-06-08 17:15:22 t_client.py:214 Error sending observation #471: <_InactiveRpcError of RPC that terminated with:
	status = StatusCode.UNAVAILABLE
	details = "failed to connect to all addresses; last error: UNKNOWN: ipv4:10.145.8.86:8080: Failed to connect to remote host: connect: Connection refused (111)"
	debug_error_string = "UNKNOWN:Error received from peer  {grpc_message:"failed to connect to all addresses; last error: UNKNOWN: ipv4:10.145.8.86:8080: Failed to connect to remote host: connect: Connection refused (111)", grpc_status:14}"
>
DEBUG 2026-06-08 17:15:22 t_client.py:434 QUEUE SIZE: 3 (Must go: False)
DEBUG 2026-06-08 17:15:22 t_client.py:477 Control loop (ms): 48.32
DEBUG 2026-06-08 17:15:22 follower.py:184 follower_left SOFollower read state: 1.8ms
DEBUG 2026-06-08 17:15:22 follower.py:191 follower_left SOFollower read wrist: 0.0ms
DEBUG 2026-06-08 17:15:22 follower.py:184 follower_right SOFollower read state: 1.9ms
DEBUG 2026-06-08 17:15:22 follower.py:191 follower_right SOFollower read wrist: 0.0ms
DEBUG 2026-06-08 17:15:22 t_client.py:198 Observation serialization time: 0.007064s
DEBUG 2026-06-08 17:15:22 ort/utils.py:54 [CLIENT] Observation Buffer size 4.395498275756836 MB with
ERROR 2026-06-08 17:15:22 t_client.py:214 Error sending observation #472: <_InactiveRpcError of RPC that terminated with:
	status = StatusCode.UNAVAILABLE
	details = "failed to connect to all addresses; last error: UNKNOWN: ipv4:10.145.8.86:8080: Failed to connect to remote host: connect: Connection refused (111)"
	debug_error_string = "UNKNOWN:Error received from peer  {grpc_status:14, grpc_message:"failed to connect to all addresses; last error: UNKNOWN: ipv4:10.145.8.86:8080: Failed to connect to remote host: connect: Connection refused (111)"}"
>
DEBUG 2026-06-08 17:15:22 t_client.py:434 QUEUE SIZE: 2 (Must go: False)
DEBUG 2026-06-08 17:15:22 t_client.py:477 Control loop (ms): 49.01
DEBUG 2026-06-08 17:15:22 follower.py:184 follower_left SOFollower read state: 2.1ms
DEBUG 2026-06-08 17:15:22 follower.py:191 follower_left SOFollower read wrist: 0.1ms
DEBUG 2026-06-08 17:15:22 follower.py:184 follower_right SOFollower read state: 2.4ms
DEBUG 2026-06-08 17:15:22 follower.py:191 follower_right SOFollower read wrist: 0.0ms
DEBUG 2026-06-08 17:15:22 t_client.py:198 Observation serialization time: 0.007830s
DEBUG 2026-06-08 17:15:22 ort/utils.py:54 [CLIENT] Observation Buffer size 4.395498275756836 MB with
ERROR 2026-06-08 17:15:22 t_client.py:214 Error sending observation #473: <_InactiveRpcError of RPC that terminated with:
	status = StatusCode.UNAVAILABLE
	details = "failed to connect to all addresses; last error: UNKNOWN: ipv4:10.145.8.86:8080: Failed to connect to remote host: connect: Connection refused (111)"
	debug_error_string = "UNKNOWN:Error received from peer  {grpc_status:14, grpc_message:"failed to connect to all addresses; last error: UNKNOWN: ipv4:10.145.8.86:8080: Failed to connect to remote host: connect: Connection refused (111)"}"
>
DEBUG 2026-06-08 17:15:22 t_client.py:434 QUEUE SIZE: 1 (Must go: False)
DEBUG 2026-06-08 17:15:22 t_client.py:477 Control loop (ms): 49.14
DEBUG 2026-06-08 17:15:22 follower.py:184 follower_left SOFollower read state: 2.0ms
DEBUG 2026-06-08 17:15:22 follower.py:191 follower_left SOFollower read wrist: 0.0ms
DEBUG 2026-06-08 17:15:22 follower.py:184 follower_right SOFollower read state: 1.9ms
DEBUG 2026-06-08 17:15:22 follower.py:191 follower_right SOFollower read wrist: 0.0ms
DEBUG 2026-06-08 17:15:22 t_client.py:198 Observation serialization time: 0.006301s
DEBUG 2026-06-08 17:15:22 ort/utils.py:54 [CLIENT] Observation Buffer size 4.395498275756836 MB with
ERROR 2026-06-08 17:15:22 t_client.py:214 Error sending observation #474: <_InactiveRpcError of RPC that terminated with:
	status = StatusCode.UNAVAILABLE
	details = "failed to connect to all addresses; last error: UNKNOWN: ipv4:10.145.8.86:8080: Failed to connect to remote host: connect: Connection refused (111)"
	debug_error_string = "UNKNOWN:Error received from peer  {grpc_message:"failed to connect to all addresses; last error: UNKNOWN: ipv4:10.145.8.86:8080: Failed to connect to remote host: connect: Connection refused (111)", grpc_status:14}"
>
DEBUG 2026-06-08 17:15:22 t_client.py:434 QUEUE SIZE: 0 (Must go: True)
DEBUG 2026-06-08 17:15:22 t_client.py:477 Control loop (ms): 46.73
DEBUG 2026-06-08 17:15:22 follower.py:184 follower_left SOFollower read state: 2.8ms
DEBUG 2026-06-08 17:15:22 follower.py:191 follower_left SOFollower read wrist: 0.0ms
DEBUG 2026-06-08 17:15:22 follower.py:184 follower_right SOFollower read state: 2.2ms
DEBUG 2026-06-08 17:15:22 follower.py:191 follower_right SOFollower read wrist: 0.0ms
DEBUG 2026-06-08 17:15:22 t_client.py:198 Observation serialization time: 0.007967s
DEBUG 2026-06-08 17:15:22 ort/utils.py:54 [CLIENT] Observation Buffer size 4.395498275756836 MB with
ERROR 2026-06-08 17:15:22 t_client.py:214 Error sending observation #474: <_InactiveRpcError of RPC that terminated with:
	status = StatusCode.UNAVAILABLE
	details = "failed to connect to all addresses; last error: UNKNOWN: ipv4:10.145.8.86:8080: Failed to connect to remote host: connect: Connection refused (111)"
	debug_error_string = "UNKNOWN:Error received from peer  {grpc_message:"failed to connect to all addresses; last error: UNKNOWN: ipv4:10.145.8.86:8080: Failed to connect to remote host: connect: Connection refused (111)", grpc_status:14}"
>
DEBUG 2026-06-08 17:15:22 t_client.py:434 QUEUE SIZE: 0 (Must go: False)
DEBUG 2026-06-08 17:15:22 t_client.py:477 Control loop (ms): 57.39
DEBUG 2026-06-08 17:15:22 follower.py:184 follower_left SOFollower read state: 2.5ms
DEBUG 2026-06-08 17:15:22 follower.py:191 follower_left SOFollower read wrist: 0.0ms
DEBUG 2026-06-08 17:15:22 follower.py:184 follower_right SOFollower read state: 2.1ms
DEBUG 2026-06-08 17:15:22 follower.py:191 follower_right SOFollower read wrist: 0.0ms
DEBUG 2026-06-08 17:15:22 t_client.py:198 Observation serialization time: 0.009051s
DEBUG 2026-06-08 17:15:22 ort/utils.py:54 [CLIENT] Observation Buffer size 4.395498275756836 MB with
ERROR 2026-06-08 17:15:22 t_client.py:214 Error sending observation #474: <_InactiveRpcError of RPC that terminated with:
	status = StatusCode.UNAVAILABLE
	details = "failed to connect to all addresses; last error: UNKNOWN: ipv4:10.145.8.86:8080: Failed to connect to remote host: connect: Connection refused (111)"
	debug_error_string = "UNKNOWN:Error received from peer  {grpc_status:14, grpc_message:"failed to connect to all addresses; last error: UNKNOWN: ipv4:10.145.8.86:8080: Failed to connect to remote host: connect: Connection refused (111)"}"
>
DEBUG 2026-06-08 17:15:22 t_client.py:434 QUEUE SIZE: 0 (Must go: False)
DEBUG 2026-06-08 17:15:22 t_client.py:477 Control loop (ms): 52.37
DEBUG 2026-06-08 17:15:22 follower.py:184 follower_left SOFollower read state: 1.9ms
DEBUG 2026-06-08 17:15:22 follower.py:191 follower_left SOFollower read wrist: 0.0ms
DEBUG 2026-06-08 17:15:22 follower.py:184 follower_right SOFollower read state: 2.1ms
DEBUG 2026-06-08 17:15:22 follower.py:191 follower_right SOFollower read wrist: 0.0ms
DEBUG 2026-06-08 17:15:22 t_client.py:198 Observation serialization time: 0.005564s
DEBUG 2026-06-08 17:15:22 ort/utils.py:54 [CLIENT] Observation Buffer size 4.395498275756836 MB with
ERROR 2026-06-08 17:15:22 t_client.py:214 Error sending observation #474: <_InactiveRpcError of RPC that terminated with:
	status = StatusCode.UNAVAILABLE
	details = "failed to connect to all addresses; last error: UNKNOWN: ipv4:10.145.8.86:8080: Failed to connect to remote host: connect: Connection refused (111)"
	debug_error_string = "UNKNOWN:Error received from peer  {grpc_status:14, grpc_message:"failed to connect to all addresses; last error: UNKNOWN: ipv4:10.145.8.86:8080: Failed to connect to remote host: connect: Connection refused (111)"}"
>
DEBUG 2026-06-08 17:15:22 t_client.py:434 QUEUE SIZE: 0 (Must go: False)
DEBUG 2026-06-08 17:15:22 t_client.py:477 Control loop (ms): 46.70
DEBUG 2026-06-08 17:15:22 follower.py:184 follower_left SOFollower read state: 2.5ms
DEBUG 2026-06-08 17:15:22 follower.py:191 follower_left SOFollower read wrist: 0.0ms
DEBUG 2026-06-08 17:15:22 follower.py:184 follower_right SOFollower read state: 2.3ms
DEBUG 2026-06-08 17:15:22 follower.py:191 follower_right SOFollower read wrist: 0.0ms
DEBUG 2026-06-08 17:15:23 t_client.py:198 Observation serialization time: 0.004776s
DEBUG 2026-06-08 17:15:23 ort/utils.py:54 [CLIENT] Observation Buffer size 4.395498275756836 MB with
ERROR 2026-06-08 17:15:23 t_client.py:359 Error receiving actions: <_InactiveRpcError of RPC that terminated with:
	status = StatusCode.UNAVAILABLE
	details = "failed to connect to all addresses; last error: UNKNOWN: ipv4:10.145.8.86:8080: Failed to connect to remote host: connect: Connection refused (111)"
	debug_error_string = "UNKNOWN:Error received from peer  {grpc_status:14, grpc_message:"failed to connect to all addresses; last error: UNKNOWN: ipv4:10.145.8.86:8080: Failed to connect to remote host: connect: Connection refused (111)"}"
>
ERROR 2026-06-08 17:15:23 t_client.py:214 Error sending observation #474: <_InactiveRpcError of RPC that terminated with:
	status = StatusCode.UNAVAILABLE
	details = "failed to connect to all addresses; last error: UNKNOWN: ipv4:10.145.8.86:8080: Failed to connect to remote host: connect: Connection refused (111)"
	debug_error_string = "UNKNOWN:Error received from peer  {grpc_status:14, grpc_message:"failed to connect to all addresses; last error: UNKNOWN: ipv4:10.145.8.86:8080: Failed to connect to remote host: connect: Connection refused (111)"}"
>
DEBUG 2026-06-08 17:15:23 t_client.py:434 QUEUE SIZE: 0 (Must go: False)
DEBUG 2026-06-08 17:15:23 t_client.py:477 Control loop (ms): 42.59
DEBUG 2026-06-08 17:15:23 follower.py:184 follower_left SOFollower read state: 2.2ms
DEBUG 2026-06-08 17:15:23 follower.py:191 follower_left SOFollower read wrist: 0.0ms
DEBUG 2026-06-08 17:15:23 follower.py:184 follower_right SOFollower read state: 2.1ms
DEBUG 2026-06-08 17:15:23 follower.py:191 follower_right SOFollower read wrist: 0.0ms
DEBUG 2026-06-08 17:15:23 t_client.py:198 Observation serialization time: 0.011673s
DEBUG 2026-06-08 17:15:23 ort/utils.py:54 [CLIENT] Observation Buffer size 4.395498275756836 MB with
ERROR 2026-06-08 17:15:23 t_client.py:214 Error sending observation #474: <_InactiveRpcError of RPC that terminated with:
	status = StatusCode.UNAVAILABLE
	details = "failed to connect to all addresses; last error: UNKNOWN: ipv4:10.145.8.86:8080: Failed to connect to remote host: connect: Connection refused (111)"
	debug_error_string = "UNKNOWN:Error received from peer  {grpc_message:"failed to connect to all addresses; last error: UNKNOWN: ipv4:10.145.8.86:8080: Failed to connect to remote host: connect: Connection refused (111)", grpc_status:14}"
>
DEBUG 2026-06-08 17:15:23 t_client.py:434 QUEUE SIZE: 0 (Must go: False)
DEBUG 2026-06-08 17:15:23 t_client.py:477 Control loop (ms): 55.57
DEBUG 2026-06-08 17:15:23 follower.py:184 follower_left SOFollower read state: 2.1ms
DEBUG 2026-06-08 17:15:23 follower.py:191 follower_left SOFollower read wrist: 0.0ms
DEBUG 2026-06-08 17:15:23 follower.py:184 follower_right SOFollower read state: 1.9ms
DEBUG 2026-06-08 17:15:23 follower.py:191 follower_right SOFollower read wrist: 0.0ms
DEBUG 2026-06-08 17:15:23 t_client.py:198 Observation serialization time: 0.009125s
DEBUG 2026-06-08 17:15:23 ort/utils.py:54 [CLIENT] Observation Buffer size 4.395498275756836 MB with
ERROR 2026-06-08 17:15:23 t_client.py:214 Error sending observation #474: <_InactiveRpcError of RPC that terminated with:
	status = StatusCode.UNAVAILABLE
	details = "failed to connect to all addresses; last error: UNKNOWN: ipv4:10.145.8.86:8080: Failed to connect to remote host: connect: Connection refused (111)"
	debug_error_string = "UNKNOWN:Error received from peer  {grpc_message:"failed to connect to all addresses; last error: UNKNOWN: ipv4:10.145.8.86:8080: Failed to connect to remote host: connect: Connection refused (111)", grpc_status:14}"
>
DEBUG 2026-06-08 17:15:23 t_client.py:434 QUEUE SIZE: 0 (Must go: False)
DEBUG 2026-06-08 17:15:23 t_client.py:477 Control loop (ms): 50.84
DEBUG 2026-06-08 17:15:23 follower.py:184 follower_left SOFollower read state: 2.0ms
DEBUG 2026-06-08 17:15:23 follower.py:191 follower_left SOFollower read wrist: 0.0ms
DEBUG 2026-06-08 17:15:23 follower.py:184 follower_right SOFollower read state: 1.9ms
DEBUG 2026-06-08 17:15:23 follower.py:191 follower_right SOFollower read wrist: 0.0ms
DEBUG 2026-06-08 17:15:23 t_client.py:198 Observation serialization time: 0.007809s
DEBUG 2026-06-08 17:15:23 ort/utils.py:54 [CLIENT] Observation Buffer size 4.395498275756836 MB with
ERROR 2026-06-08 17:15:23 t_client.py:214 Error sending observation #474: <_InactiveRpcError of RPC that terminated with:
	status = StatusCode.UNAVAILABLE
	details = "failed to connect to all addresses; last error: UNKNOWN: ipv4:10.145.8.86:8080: Failed to connect to remote host: connect: Connection refused (111)"
	debug_error_string = "UNKNOWN:Error received from peer  {grpc_status:14, grpc_message:"failed to connect to all addresses; last error: UNKNOWN: ipv4:10.145.8.86:8080: Failed to connect to remote host: connect: Connection refused (111)"}"
>
DEBUG 2026-06-08 17:15:23 t_client.py:434 QUEUE SIZE: 0 (Must go: False)
DEBUG 2026-06-08 17:15:23 t_client.py:477 Control loop (ms): 49.39
DEBUG 2026-06-08 17:15:23 follower.py:184 follower_left SOFollower read state: 1.6ms
DEBUG 2026-06-08 17:15:23 follower.py:191 follower_left SOFollower read wrist: 0.0ms
DEBUG 2026-06-08 17:15:23 follower.py:184 follower_right SOFollower read state: 1.5ms
DEBUG 2026-06-08 17:15:23 follower.py:191 follower_right SOFollower read wrist: 0.0ms
DEBUG 2026-06-08 17:15:23 t_client.py:198 Observation serialization time: 0.007710s
DEBUG 2026-06-08 17:15:23 ort/utils.py:54 [CLIENT] Observation Buffer size 4.395498275756836 MB with
ERROR 2026-06-08 17:15:23 t_client.py:214 Error sending observation #474: <_InactiveRpcError of RPC that terminated with:
	status = StatusCode.UNAVAILABLE
	details = "failed to connect to all addresses; last error: UNKNOWN: ipv4:10.145.8.86:8080: Failed to connect to remote host: connect: Connection refused (111)"
	debug_error_string = "UNKNOWN:Error received from peer  {grpc_status:14, grpc_message:"failed to connect to all addresses; last error: UNKNOWN: ipv4:10.145.8.86:8080: Failed to connect to remote host: connect: Connection refused (111)"}"
>
DEBUG 2026-06-08 17:15:23 t_client.py:434 QUEUE SIZE: 0 (Must go: False)
DEBUG 2026-06-08 17:15:23 t_client.py:477 Control loop (ms): 51.42
DEBUG 2026-06-08 17:15:23 follower.py:184 follower_left SOFollower read state: 2.0ms
DEBUG 2026-06-08 17:15:23 follower.py:191 follower_left SOFollower read wrist: 0.0ms
DEBUG 2026-06-08 17:15:23 follower.py:184 follower_right SOFollower read state: 1.7ms
DEBUG 2026-06-08 17:15:23 follower.py:191 follower_right SOFollower read wrist: 0.0ms
DEBUG 2026-06-08 17:15:23 t_client.py:198 Observation serialization time: 0.005568s
DEBUG 2026-06-08 17:15:23 ort/utils.py:54 [CLIENT] Observation Buffer size 4.395498275756836 MB with
ERROR 2026-06-08 17:15:23 t_client.py:214 Error sending observation #474: <_InactiveRpcError of RPC that terminated with:
	status = StatusCode.UNAVAILABLE
	details = "failed to connect to all addresses; last error: UNKNOWN: ipv4:10.145.8.86:8080: Failed to connect to remote host: connect: Connection refused (111)"
	debug_error_string = "UNKNOWN:Error received from peer  {grpc_status:14, grpc_message:"failed to connect to all addresses; last error: UNKNOWN: ipv4:10.145.8.86:8080: Failed to connect to remote host: connect: Connection refused (111)"}"
>
DEBUG 2026-06-08 17:15:23 t_client.py:434 QUEUE SIZE: 0 (Must go: False)
DEBUG 2026-06-08 17:15:23 t_client.py:477 Control loop (ms): 51.10
DEBUG 2026-06-08 17:15:23 follower.py:184 follower_left SOFollower read state: 1.8ms
DEBUG 2026-06-08 17:15:23 follower.py:191 follower_left SOFollower read wrist: 0.0ms
DEBUG 2026-06-08 17:15:23 follower.py:184 follower_right SOFollower read state: 1.7ms
DEBUG 2026-06-08 17:15:23 follower.py:191 follower_right SOFollower read wrist: 0.0ms
DEBUG 2026-06-08 17:15:23 t_client.py:198 Observation serialization time: 0.007147s
DEBUG 2026-06-08 17:15:23 ort/utils.py:54 [CLIENT] Observation Buffer size 4.395498275756836 MB with
ERROR 2026-06-08 17:15:23 t_client.py:214 Error sending observation #474: <_InactiveRpcError of RPC that terminated with:
	status = StatusCode.UNAVAILABLE
	details = "failed to connect to all addresses; last error: UNKNOWN: ipv4:10.145.8.86:8080: Failed to connect to remote host: connect: Connection refused (111)"
	debug_error_string = "UNKNOWN:Error received from peer  {grpc_message:"failed to connect to all addresses; last error: UNKNOWN: ipv4:10.145.8.86:8080: Failed to connect to remote host: connect: Connection refused (111)", grpc_status:14}"
>
DEBUG 2026-06-08 17:15:23 t_client.py:434 QUEUE SIZE: 0 (Must go: False)
DEBUG 2026-06-08 17:15:23 t_client.py:477 Control loop (ms): 54.71
DEBUG 2026-06-08 17:15:23 follower.py:184 follower_left SOFollower read state: 2.0ms
DEBUG 2026-06-08 17:15:23 follower.py:191 follower_left SOFollower read wrist: 0.0ms
DEBUG 2026-06-08 17:15:23 follower.py:184 follower_right SOFollower read state: 1.8ms
DEBUG 2026-06-08 17:15:23 follower.py:191 follower_right SOFollower read wrist: 0.0ms
DEBUG 2026-06-08 17:15:23 t_client.py:198 Observation serialization time: 0.007181s
DEBUG 2026-06-08 17:15:23 ort/utils.py:54 [CLIENT] Observation Buffer size 4.395498275756836 MB with
ERROR 2026-06-08 17:15:23 t_client.py:214 Error sending observation #474: <_InactiveRpcError of RPC that terminated with:
	status = StatusCode.UNAVAILABLE
	details = "failed to connect to all addresses; last error: UNKNOWN: ipv4:10.145.8.86:8080: Failed to connect to remote host: connect: Connection refused (111)"
	debug_error_string = "UNKNOWN:Error received from peer  {grpc_status:14, grpc_message:"failed to connect to all addresses; last error: UNKNOWN: ipv4:10.145.8.86:8080: Failed to connect to remote host: connect: Connection refused (111)"}"
>
DEBUG 2026-06-08 17:15:23 t_client.py:434 QUEUE SIZE: 0 (Must go: False)
DEBUG 2026-06-08 17:15:23 t_client.py:477 Control loop (ms): 45.21
DEBUG 2026-06-08 17:15:23 follower.py:184 follower_left SOFollower read state: 2.0ms
DEBUG 2026-06-08 17:15:23 follower.py:191 follower_left SOFollower read wrist: 0.0ms
DEBUG 2026-06-08 17:15:23 follower.py:184 follower_right SOFollower read state: 1.9ms
DEBUG 2026-06-08 17:15:23 follower.py:191 follower_right SOFollower read wrist: 0.0ms
DEBUG 2026-06-08 17:15:23 t_client.py:198 Observation serialization time: 0.006592s
DEBUG 2026-06-08 17:15:23 ort/utils.py:54 [CLIENT] Observation Buffer size 4.395498275756836 MB with
ERROR 2026-06-08 17:15:23 t_client.py:214 Error sending observation #474: <_InactiveRpcError of RPC that terminated with:
	status = StatusCode.UNAVAILABLE
	details = "failed to connect to all addresses; last error: UNKNOWN: ipv4:10.145.8.86:8080: Failed to connect to remote host: connect: Connection refused (111)"
	debug_error_string = "UNKNOWN:Error received from peer  {grpc_message:"failed to connect to all addresses; last error: UNKNOWN: ipv4:10.145.8.86:8080: Failed to connect to remote host: connect: Connection refused (111)", grpc_status:14}"
>
DEBUG 2026-06-08 17:15:23 t_client.py:434 QUEUE SIZE: 0 (Must go: False)
DEBUG 2026-06-08 17:15:23 t_client.py:477 Control loop (ms): 53.29
DEBUG 2026-06-08 17:15:23 follower.py:184 follower_left SOFollower read state: 2.3ms
DEBUG 2026-06-08 17:15:23 follower.py:191 follower_left SOFollower read wrist: 0.0ms
DEBUG 2026-06-08 17:15:23 follower.py:184 follower_right SOFollower read state: 1.9ms
DEBUG 2026-06-08 17:15:23 follower.py:191 follower_right SOFollower read wrist: 0.0ms
DEBUG 2026-06-08 17:15:23 t_client.py:198 Observation serialization time: 0.008135s
DEBUG 2026-06-08 17:15:23 ort/utils.py:54 [CLIENT] Observation Buffer size 4.395498275756836 MB with
ERROR 2026-06-08 17:15:23 t_client.py:214 Error sending observation #474: <_InactiveRpcError of RPC that terminated with:
	status = StatusCode.UNAVAILABLE
	details = "failed to connect to all addresses; last error: UNKNOWN: ipv4:10.145.8.86:8080: Failed to connect to remote host: connect: Connection refused (111)"
	debug_error_string = "UNKNOWN:Error received from peer  {grpc_status:14, grpc_message:"failed to connect to all addresses; last error: UNKNOWN: ipv4:10.145.8.86:8080: Failed to connect to remote host: connect: Connection refused (111)"}"
>
DEBUG 2026-06-08 17:15:23 t_client.py:434 QUEUE SIZE: 0 (Must go: False)
DEBUG 2026-06-08 17:15:23 t_client.py:477 Control loop (ms): 49.43
ERROR 2026-06-08 17:15:23 t_client.py:359 Error receiving actions: <_InactiveRpcError of RPC that terminated with:
	status = StatusCode.UNAVAILABLE
	details = "failed to connect to all addresses; last error: UNKNOWN: ipv4:10.145.8.86:8080: Failed to connect to remote host: connect: Connection refused (111)"
	debug_error_string = "UNKNOWN:Error received from peer  {grpc_message:"failed to connect to all addresses; last error: UNKNOWN: ipv4:10.145.8.86:8080: Failed to connect to remote host: connect: Connection refused (111)", grpc_status:14}"
>
DEBUG 2026-06-08 17:15:23 follower.py:184 follower_left SOFollower read state: 2.4ms
DEBUG 2026-06-08 17:15:23 follower.py:191 follower_left SOFollower read wrist: 0.0ms
DEBUG 2026-06-08 17:15:23 follower.py:184 follower_right SOFollower read state: 1.6ms
DEBUG 2026-06-08 17:15:23 follower.py:191 follower_right SOFollower read wrist: 0.0ms
DEBUG 2026-06-08 17:15:23 t_client.py:198 Observation serialization time: 0.007005s
DEBUG 2026-06-08 17:15:23 ort/utils.py:54 [CLIENT] Observation Buffer size 4.395498275756836 MB with
ERROR 2026-06-08 17:15:23 t_client.py:214 Error sending observation #474: <_InactiveRpcError of RPC that terminated with:
	status = StatusCode.UNAVAILABLE
	details = "failed to connect to all addresses; last error: UNKNOWN: ipv4:10.145.8.86:8080: Failed to connect to remote host: connect: Connection refused (111)"
	debug_error_string = "UNKNOWN:Error received from peer  {grpc_message:"failed to connect to all addresses; last error: UNKNOWN: ipv4:10.145.8.86:8080: Failed to connect to remote host: connect: Connection refused (111)", grpc_status:14}"
>
DEBUG 2026-06-08 17:15:23 t_client.py:434 QUEUE SIZE: 0 (Must go: False)
DEBUG 2026-06-08 17:15:23 t_client.py:477 Control loop (ms): 47.11
DEBUG 2026-06-08 17:15:23 follower.py:184 follower_left SOFollower read state: 2.0ms
DEBUG 2026-06-08 17:15:23 follower.py:191 follower_left SOFollower read wrist: 0.0ms
DEBUG 2026-06-08 17:15:23 follower.py:184 follower_right SOFollower read state: 1.9ms
DEBUG 2026-06-08 17:15:23 follower.py:191 follower_right SOFollower read wrist: 0.0ms
DEBUG 2026-06-08 17:15:23 t_client.py:198 Observation serialization time: 0.009263s
DEBUG 2026-06-08 17:15:23 ort/utils.py:54 [CLIENT] Observation Buffer size 4.395498275756836 MB with
ERROR 2026-06-08 17:15:23 t_client.py:214 Error sending observation #474: <_InactiveRpcError of RPC that terminated with:
	status = StatusCode.UNAVAILABLE
	details = "failed to connect to all addresses; last error: UNKNOWN: ipv4:10.145.8.86:8080: Failed to connect to remote host: connect: Connection refused (111)"
	debug_error_string = "UNKNOWN:Error received from peer  {grpc_message:"failed to connect to all addresses; last error: UNKNOWN: ipv4:10.145.8.86:8080: Failed to connect to remote host: connect: Connection refused (111)", grpc_status:14}"
>
DEBUG 2026-06-08 17:15:23 t_client.py:434 QUEUE SIZE: 0 (Must go: False)
DEBUG 2026-06-08 17:15:23 t_client.py:477 Control loop (ms): 54.60
DEBUG 2026-06-08 17:15:23 follower.py:184 follower_left SOFollower read state: 2.6ms
DEBUG 2026-06-08 17:15:23 follower.py:191 follower_left SOFollower read wrist: 0.0ms
DEBUG 2026-06-08 17:15:23 follower.py:184 follower_right SOFollower read state: 2.4ms
DEBUG 2026-06-08 17:15:23 follower.py:191 follower_right SOFollower read wrist: 0.0ms
DEBUG 2026-06-08 17:15:23 t_client.py:198 Observation serialization time: 0.004981s
DEBUG 2026-06-08 17:15:23 ort/utils.py:54 [CLIENT] Observation Buffer size 4.395498275756836 MB with
ERROR 2026-06-08 17:15:23 t_client.py:214 Error sending observation #474: <_InactiveRpcError of RPC that terminated with:
	status = StatusCode.UNAVAILABLE
	details = "failed to connect to all addresses; last error: UNKNOWN: ipv4:10.145.8.86:8080: Failed to connect to remote host: connect: Connection refused (111)"
	debug_error_string = "UNKNOWN:Error received from peer  {grpc_status:14, grpc_message:"failed to connect to all addresses; last error: UNKNOWN: ipv4:10.145.8.86:8080: Failed to connect to remote host: connect: Connection refused (111)"}"
>
DEBUG 2026-06-08 17:15:23 t_client.py:434 QUEUE SIZE: 0 (Must go: False)
DEBUG 2026-06-08 17:15:23 t_client.py:477 Control loop (ms): 48.02
DEBUG 2026-06-08 17:15:23 follower.py:184 follower_left SOFollower read state: 2.4ms
DEBUG 2026-06-08 17:15:23 follower.py:191 follower_left SOFollower read wrist: 0.0ms
DEBUG 2026-06-08 17:15:23 follower.py:184 follower_right SOFollower read state: 2.2ms
DEBUG 2026-06-08 17:15:23 follower.py:191 follower_right SOFollower read wrist: 0.0ms
DEBUG 2026-06-08 17:15:23 t_client.py:198 Observation serialization time: 0.010688s
DEBUG 2026-06-08 17:15:23 ort/utils.py:54 [CLIENT] Observation Buffer size 4.395498275756836 MB with
ERROR 2026-06-08 17:15:23 t_client.py:214 Error sending observation #474: <_InactiveRpcError of RPC that terminated with:
	status = StatusCode.UNAVAILABLE
	details = "failed to connect to all addresses; last error: UNKNOWN: ipv4:10.145.8.86:8080: Failed to connect to remote host: connect: Connection refused (111)"
	debug_error_string = "UNKNOWN:Error received from peer  {grpc_message:"failed to connect to all addresses; last error: UNKNOWN: ipv4:10.145.8.86:8080: Failed to connect to remote host: connect: Connection refused (111)", grpc_status:14}"
>
DEBUG 2026-06-08 17:15:23 t_client.py:434 QUEUE SIZE: 0 (Must go: False)
DEBUG 2026-06-08 17:15:23 t_client.py:477 Control loop (ms): 50.72
DEBUG 2026-06-08 17:15:23 follower.py:184 follower_left SOFollower read state: 2.0ms
DEBUG 2026-06-08 17:15:23 follower.py:191 follower_left SOFollower read wrist: 0.0ms
DEBUG 2026-06-08 17:15:23 follower.py:184 follower_right SOFollower read state: 1.9ms
DEBUG 2026-06-08 17:15:23 follower.py:191 follower_right SOFollower read wrist: 0.0ms
DEBUG 2026-06-08 17:15:23 t_client.py:198 Observation serialization time: 0.007105s
DEBUG 2026-06-08 17:15:23 ort/utils.py:54 [CLIENT] Observation Buffer size 4.395498275756836 MB with
ERROR 2026-06-08 17:15:23 t_client.py:214 Error sending observation #474: <_InactiveRpcError of RPC that terminated with:
	status = StatusCode.UNAVAILABLE
	details = "failed to connect to all addresses; last error: UNKNOWN: ipv4:10.145.8.86:8080: Failed to connect to remote host: connect: Connection refused (111)"
	debug_error_string = "UNKNOWN:Error received from peer  {grpc_message:"failed to connect to all addresses; last error: UNKNOWN: ipv4:10.145.8.86:8080: Failed to connect to remote host: connect: Connection refused (111)", grpc_status:14}"
>
DEBUG 2026-06-08 17:15:23 t_client.py:434 QUEUE SIZE: 0 (Must go: False)
DEBUG 2026-06-08 17:15:23 t_client.py:477 Control loop (ms): 53.39
DEBUG 2026-06-08 17:15:23 follower.py:184 follower_left SOFollower read state: 2.3ms
DEBUG 2026-06-08 17:15:23 follower.py:191 follower_left SOFollower read wrist: 0.0ms
DEBUG 2026-06-08 17:15:23 follower.py:184 follower_right SOFollower read state: 1.8ms
DEBUG 2026-06-08 17:15:23 follower.py:191 follower_right SOFollower read wrist: 0.0ms
DEBUG 2026-06-08 17:15:23 t_client.py:198 Observation serialization time: 0.008582s
DEBUG 2026-06-08 17:15:23 ort/utils.py:54 [CLIENT] Observation Buffer size 4.395498275756836 MB with
ERROR 2026-06-08 17:15:23 t_client.py:214 Error sending observation #474: <_InactiveRpcError of RPC that terminated with:
	status = StatusCode.UNAVAILABLE
	details = "failed to connect to all addresses; last error: UNKNOWN: ipv4:10.145.8.86:8080: Failed to connect to remote host: connect: Connection refused (111)"
	debug_error_string = "UNKNOWN:Error received from peer  {grpc_message:"failed to connect to all addresses; last error: UNKNOWN: ipv4:10.145.8.86:8080: Failed to connect to remote host: connect: Connection refused (111)", grpc_status:14}"
>
DEBUG 2026-06-08 17:15:23 t_client.py:434 QUEUE SIZE: 0 (Must go: False)
DEBUG 2026-06-08 17:15:23 t_client.py:477 Control loop (ms): 55.05
DEBUG 2026-06-08 17:15:23 follower.py:184 follower_left SOFollower read state: 2.5ms
DEBUG 2026-06-08 17:15:23 follower.py:191 follower_left SOFollower read wrist: 0.0ms
DEBUG 2026-06-08 17:15:23 follower.py:184 follower_right SOFollower read state: 1.7ms
DEBUG 2026-06-08 17:15:23 follower.py:191 follower_right SOFollower read wrist: 0.0ms
DEBUG 2026-06-08 17:15:23 t_client.py:198 Observation serialization time: 0.006668s
DEBUG 2026-06-08 17:15:23 ort/utils.py:54 [CLIENT] Observation Buffer size 4.395498275756836 MB with
ERROR 2026-06-08 17:15:23 t_client.py:214 Error sending observation #474: <_InactiveRpcError of RPC that terminated with:
	status = StatusCode.UNAVAILABLE
	details = "failed to connect to all addresses; last error: UNKNOWN: ipv4:10.145.8.86:8080: Failed to connect to remote host: connect: Connection refused (111)"
	debug_error_string = "UNKNOWN:Error received from peer  {grpc_message:"failed to connect to all addresses; last error: UNKNOWN: ipv4:10.145.8.86:8080: Failed to connect to remote host: connect: Connection refused (111)", grpc_status:14}"
>
DEBUG 2026-06-08 17:15:23 t_client.py:434 QUEUE SIZE: 0 (Must go: False)
DEBUG 2026-06-08 17:15:23 t_client.py:477 Control loop (ms): 54.10
DEBUG 2026-06-08 17:15:23 follower.py:184 follower_left SOFollower read state: 2.1ms
DEBUG 2026-06-08 17:15:23 follower.py:191 follower_left SOFollower read wrist: 0.0ms
DEBUG 2026-06-08 17:15:23 follower.py:184 follower_right SOFollower read state: 2.2ms
DEBUG 2026-06-08 17:15:23 follower.py:191 follower_right SOFollower read wrist: 0.0ms
DEBUG 2026-06-08 17:15:23 t_client.py:198 Observation serialization time: 0.007805s
DEBUG 2026-06-08 17:15:23 ort/utils.py:54 [CLIENT] Observation Buffer size 4.395498275756836 MB with
ERROR 2026-06-08 17:15:23 t_client.py:214 Error sending observation #474: <_InactiveRpcError of RPC that terminated with:
	status = StatusCode.UNAVAILABLE
	details = "failed to connect to all addresses; last error: UNKNOWN: ipv4:10.145.8.86:8080: Failed to connect to remote host: connect: Connection refused (111)"
	debug_error_string = "UNKNOWN:Error received from peer  {grpc_status:14, grpc_message:"failed to connect to all addresses; last error: UNKNOWN: ipv4:10.145.8.86:8080: Failed to connect to remote host: connect: Connection refused (111)"}"
>
DEBUG 2026-06-08 17:15:23 t_client.py:434 QUEUE SIZE: 0 (Must go: False)
DEBUG 2026-06-08 17:15:23 t_client.py:477 Control loop (ms): 47.41
DEBUG 2026-06-08 17:15:23 follower.py:184 follower_left SOFollower read state: 2.1ms
DEBUG 2026-06-08 17:15:23 follower.py:191 follower_left SOFollower read wrist: 0.0ms
DEBUG 2026-06-08 17:15:23 follower.py:184 follower_right SOFollower read state: 1.9ms
DEBUG 2026-06-08 17:15:23 follower.py:191 follower_right SOFollower read wrist: 0.0ms
DEBUG 2026-06-08 17:15:23 t_client.py:198 Observation serialization time: 0.007462s
DEBUG 2026-06-08 17:15:23 ort/utils.py:54 [CLIENT] Observation Buffer size 4.395498275756836 MB with
ERROR 2026-06-08 17:15:23 t_client.py:214 Error sending observation #474: <_InactiveRpcError of RPC that terminated with:
	status = StatusCode.UNAVAILABLE
	details = "failed to connect to all addresses; last error: UNKNOWN: ipv4:10.145.8.86:8080: Failed to connect to remote host: connect: Connection refused (111)"
	debug_error_string = "UNKNOWN:Error received from peer  {grpc_message:"failed to connect to all addresses; last error: UNKNOWN: ipv4:10.145.8.86:8080: Failed to connect to remote host: connect: Connection refused (111)", grpc_status:14}"
>
DEBUG 2026-06-08 17:15:23 t_client.py:434 QUEUE SIZE: 0 (Must go: False)
DEBUG 2026-06-08 17:15:23 t_client.py:477 Control loop (ms): 45.48
DEBUG 2026-06-08 17:15:23 follower.py:184 follower_left SOFollower read state: 2.1ms
DEBUG 2026-06-08 17:15:23 follower.py:191 follower_left SOFollower read wrist: 0.0ms
DEBUG 2026-06-08 17:15:23 follower.py:184 follower_right SOFollower read state: 1.7ms
DEBUG 2026-06-08 17:15:23 follower.py:191 follower_right SOFollower read wrist: 0.0ms
DEBUG 2026-06-08 17:15:23 t_client.py:198 Observation serialization time: 0.006614s
DEBUG 2026-06-08 17:15:23 ort/utils.py:54 [CLIENT] Observation Buffer size 4.395498275756836 MB with
ERROR 2026-06-08 17:15:24 t_client.py:359 Error receiving actions: <_InactiveRpcError of RPC that terminated with:
	status = StatusCode.UNAVAILABLE
	details = "failed to connect to all addresses; last error: UNKNOWN: ipv4:10.145.8.86:8080: Failed to connect to remote host: connect: Connection refused (111)"
	debug_error_string = "UNKNOWN:Error received from peer  {grpc_status:14, grpc_message:"failed to connect to all addresses; last error: UNKNOWN: ipv4:10.145.8.86:8080: Failed to connect to remote host: connect: Connection refused (111)"}"
>
ERROR 2026-06-08 17:15:24 t_client.py:214 Error sending observation #474: <_InactiveRpcError of RPC that terminated with:
	status = StatusCode.UNAVAILABLE
	details = "failed to connect to all addresses; last error: UNKNOWN: ipv4:10.145.8.86:8080: Failed to connect to remote host: connect: Connection refused (111)"
	debug_error_string = "UNKNOWN:Error received from peer  {grpc_message:"failed to connect to all addresses; last error: UNKNOWN: ipv4:10.145.8.86:8080: Failed to connect to remote host: connect: Connection refused (111)", grpc_status:14}"
>
DEBUG 2026-06-08 17:15:24 t_client.py:434 QUEUE SIZE: 0 (Must go: False)
DEBUG 2026-06-08 17:15:24 t_client.py:477 Control loop (ms): 46.15
DEBUG 2026-06-08 17:15:24 follower.py:184 follower_left SOFollower read state: 2.2ms
DEBUG 2026-06-08 17:15:24 follower.py:191 follower_left SOFollower read wrist: 0.0ms
DEBUG 2026-06-08 17:15:24 follower.py:184 follower_right SOFollower read state: 2.4ms
DEBUG 2026-06-08 17:15:24 follower.py:191 follower_right SOFollower read wrist: 0.0ms
DEBUG 2026-06-08 17:15:24 t_client.py:198 Observation serialization time: 0.004635s
DEBUG 2026-06-08 17:15:24 ort/utils.py:54 [CLIENT] Observation Buffer size 4.395498275756836 MB with
ERROR 2026-06-08 17:15:24 t_client.py:214 Error sending observation #474: <_InactiveRpcError of RPC that terminated with:
	status = StatusCode.UNAVAILABLE
	details = "failed to connect to all addresses; last error: UNKNOWN: ipv4:10.145.8.86:8080: Failed to connect to remote host: connect: Connection refused (111)"
	debug_error_string = "UNKNOWN:Error received from peer  {grpc_status:14, grpc_message:"failed to connect to all addresses; last error: UNKNOWN: ipv4:10.145.8.86:8080: Failed to connect to remote host: connect: Connection refused (111)"}"
>
DEBUG 2026-06-08 17:15:24 t_client.py:434 QUEUE SIZE: 0 (Must go: False)
DEBUG 2026-06-08 17:15:24 t_client.py:477 Control loop (ms): 41.21
DEBUG 2026-06-08 17:15:24 follower.py:184 follower_left SOFollower read state: 2.0ms
DEBUG 2026-06-08 17:15:24 follower.py:191 follower_left SOFollower read wrist: 0.0ms
DEBUG 2026-06-08 17:15:24 follower.py:184 follower_right SOFollower read state: 2.0ms
DEBUG 2026-06-08 17:15:24 follower.py:191 follower_right SOFollower read wrist: 0.0ms
DEBUG 2026-06-08 17:15:24 t_client.py:198 Observation serialization time: 0.010687s
DEBUG 2026-06-08 17:15:24 ort/utils.py:54 [CLIENT] Observation Buffer size 4.395498275756836 MB with
ERROR 2026-06-08 17:15:24 t_client.py:214 Error sending observation #474: <_InactiveRpcError of RPC that terminated with:
	status = StatusCode.UNAVAILABLE
	details = "failed to connect to all addresses; last error: UNKNOWN: ipv4:10.145.8.86:8080: Failed to connect to remote host: connect: Connection refused (111)"
	debug_error_string = "UNKNOWN:Error received from peer  {grpc_message:"failed to connect to all addresses; last error: UNKNOWN: ipv4:10.145.8.86:8080: Failed to connect to remote host: connect: Connection refused (111)", grpc_status:14}"
>
DEBUG 2026-06-08 17:15:24 t_client.py:434 QUEUE SIZE: 0 (Must go: False)
DEBUG 2026-06-08 17:15:24 t_client.py:477 Control loop (ms): 47.43
DEBUG 2026-06-08 17:15:24 follower.py:184 follower_left SOFollower read state: 1.8ms
DEBUG 2026-06-08 17:15:24 follower.py:191 follower_left SOFollower read wrist: 0.0ms
DEBUG 2026-06-08 17:15:24 follower.py:184 follower_right SOFollower read state: 1.6ms
DEBUG 2026-06-08 17:15:24 follower.py:191 follower_right SOFollower read wrist: 0.0ms
DEBUG 2026-06-08 17:15:24 t_client.py:198 Observation serialization time: 0.003897s
DEBUG 2026-06-08 17:15:24 ort/utils.py:54 [CLIENT] Observation Buffer size 4.395498275756836 MB with
ERROR 2026-06-08 17:15:24 t_client.py:214 Error sending observation #474: <_InactiveRpcError of RPC that terminated with:
	status = StatusCode.UNAVAILABLE
	details = "failed to connect to all addresses; last error: UNKNOWN: ipv4:10.145.8.86:8080: Failed to connect to remote host: connect: Connection refused (111)"
	debug_error_string = "UNKNOWN:Error received from peer  {grpc_status:14, grpc_message:"failed to connect to all addresses; last error: UNKNOWN: ipv4:10.145.8.86:8080: Failed to connect to remote host: connect: Connection refused (111)"}"
>
DEBUG 2026-06-08 17:15:24 t_client.py:434 QUEUE SIZE: 0 (Must go: False)
DEBUG 2026-06-08 17:15:24 t_client.py:477 Control loop (ms): 51.62
DEBUG 2026-06-08 17:15:24 follower.py:184 follower_left SOFollower read state: 3.4ms
DEBUG 2026-06-08 17:15:24 follower.py:191 follower_left SOFollower read wrist: 0.1ms
DEBUG 2026-06-08 17:15:24 follower.py:184 follower_right SOFollower read state: 2.2ms
DEBUG 2026-06-08 17:15:24 follower.py:191 follower_right SOFollower read wrist: 0.0ms
DEBUG 2026-06-08 17:15:24 t_client.py:198 Observation serialization time: 0.008357s
DEBUG 2026-06-08 17:15:24 ort/utils.py:54 [CLIENT] Observation Buffer size 4.395498275756836 MB with
ERROR 2026-06-08 17:15:24 t_client.py:214 Error sending observation #474: <_InactiveRpcError of RPC that terminated with:
	status = StatusCode.UNAVAILABLE
	details = "failed to connect to all addresses; last error: UNKNOWN: ipv4:10.145.8.86:8080: Failed to connect to remote host: connect: Connection refused (111)"
	debug_error_string = "UNKNOWN:Error received from peer  {grpc_status:14, grpc_message:"failed to connect to all addresses; last error: UNKNOWN: ipv4:10.145.8.86:8080: Failed to connect to remote host: connect: Connection refused (111)"}"
>
DEBUG 2026-06-08 17:15:24 t_client.py:434 QUEUE SIZE: 0 (Must go: False)
DEBUG 2026-06-08 17:15:24 t_client.py:477 Control loop (ms): 50.31
DEBUG 2026-06-08 17:15:24 follower.py:184 follower_left SOFollower read state: 2.3ms
DEBUG 2026-06-08 17:15:24 follower.py:191 follower_left SOFollower read wrist: 0.0ms
DEBUG 2026-06-08 17:15:24 follower.py:184 follower_right SOFollower read state: 2.2ms
DEBUG 2026-06-08 17:15:24 follower.py:191 follower_right SOFollower read wrist: 0.0ms
DEBUG 2026-06-08 17:15:24 t_client.py:198 Observation serialization time: 0.006865s
DEBUG 2026-06-08 17:15:24 ort/utils.py:54 [CLIENT] Observation Buffer size 4.395498275756836 MB with
ERROR 2026-06-08 17:15:24 t_client.py:214 Error sending observation #474: <_InactiveRpcError of RPC that terminated with:
	status = StatusCode.UNAVAILABLE
	details = "failed to connect to all addresses; last error: UNKNOWN: ipv4:10.145.8.86:8080: Failed to connect to remote host: connect: Connection refused (111)"
	debug_error_string = "UNKNOWN:Error received from peer  {grpc_message:"failed to connect to all addresses; last error: UNKNOWN: ipv4:10.145.8.86:8080: Failed to connect to remote host: connect: Connection refused (111)", grpc_status:14}"
>
DEBUG 2026-06-08 17:15:24 t_client.py:434 QUEUE SIZE: 0 (Must go: False)
DEBUG 2026-06-08 17:15:24 t_client.py:477 Control loop (ms): 54.19
DEBUG 2026-06-08 17:15:24 follower.py:184 follower_left SOFollower read state: 1.8ms
DEBUG 2026-06-08 17:15:24 follower.py:191 follower_left SOFollower read wrist: 0.0ms
DEBUG 2026-06-08 17:15:24 follower.py:184 follower_right SOFollower read state: 1.6ms
DEBUG 2026-06-08 17:15:24 follower.py:191 follower_right SOFollower read wrist: 0.0ms
DEBUG 2026-06-08 17:15:24 t_client.py:198 Observation serialization time: 0.009195s
DEBUG 2026-06-08 17:15:24 ort/utils.py:54 [CLIENT] Observation Buffer size 4.395498275756836 MB with
ERROR 2026-06-08 17:15:24 t_client.py:214 Error sending observation #474: <_InactiveRpcError of RPC that terminated with:
	status = StatusCode.UNAVAILABLE
	details = "failed to connect to all addresses; last error: UNKNOWN: ipv4:10.145.8.86:8080: Failed to connect to remote host: connect: Connection refused (111)"
	debug_error_string = "UNKNOWN:Error received from peer  {grpc_status:14, grpc_message:"failed to connect to all addresses; last error: UNKNOWN: ipv4:10.145.8.86:8080: Failed to connect to remote host: connect: Connection refused (111)"}"
>
DEBUG 2026-06-08 17:15:24 t_client.py:434 QUEUE SIZE: 0 (Must go: False)
DEBUG 2026-06-08 17:15:24 t_client.py:477 Control loop (ms): 51.56
DEBUG 2026-06-08 17:15:24 follower.py:184 follower_left SOFollower read state: 2.3ms
DEBUG 2026-06-08 17:15:24 follower.py:191 follower_left SOFollower read wrist: 0.0ms
DEBUG 2026-06-08 17:15:24 follower.py:184 follower_right SOFollower read state: 1.9ms
DEBUG 2026-06-08 17:15:24 follower.py:191 follower_right SOFollower read wrist: 0.0ms
DEBUG 2026-06-08 17:15:24 t_client.py:198 Observation serialization time: 0.011494s
DEBUG 2026-06-08 17:15:24 ort/utils.py:54 [CLIENT] Observation Buffer size 4.395498275756836 MB with
ERROR 2026-06-08 17:15:24 t_client.py:214 Error sending observation #474: <_InactiveRpcError of RPC that terminated with:
	status = StatusCode.UNAVAILABLE
	details = "failed to connect to all addresses; last error: UNKNOWN: ipv4:10.145.8.86:8080: Failed to connect to remote host: connect: Connection refused (111)"
	debug_error_string = "UNKNOWN:Error received from peer  {grpc_status:14, grpc_message:"failed to connect to all addresses; last error: UNKNOWN: ipv4:10.145.8.86:8080: Failed to connect to remote host: connect: Connection refused (111)"}"
>
DEBUG 2026-06-08 17:15:24 t_client.py:434 QUEUE SIZE: 0 (Must go: False)
DEBUG 2026-06-08 17:15:24 t_client.py:477 Control loop (ms): 56.46
DEBUG 2026-06-08 17:15:24 follower.py:184 follower_left SOFollower read state: 2.0ms
DEBUG 2026-06-08 17:15:24 follower.py:191 follower_left SOFollower read wrist: 0.0ms
DEBUG 2026-06-08 17:15:24 follower.py:184 follower_right SOFollower read state: 1.7ms
DEBUG 2026-06-08 17:15:24 follower.py:191 follower_right SOFollower read wrist: 0.0ms
DEBUG 2026-06-08 17:15:24 t_client.py:198 Observation serialization time: 0.010037s
DEBUG 2026-06-08 17:15:24 ort/utils.py:54 [CLIENT] Observation Buffer size 4.395498275756836 MB with
ERROR 2026-06-08 17:15:24 t_client.py:214 Error sending observation #474: <_InactiveRpcError of RPC that terminated with:
	status = StatusCode.UNAVAILABLE
	details = "failed to connect to all addresses; last error: UNKNOWN: ipv4:10.145.8.86:8080: Failed to connect to remote host: connect: Connection refused (111)"
	debug_error_string = "UNKNOWN:Error received from peer  {grpc_message:"failed to connect to all addresses; last error: UNKNOWN: ipv4:10.145.8.86:8080: Failed to connect to remote host: connect: Connection refused (111)", grpc_status:14}"
>
DEBUG 2026-06-08 17:15:24 t_client.py:434 QUEUE SIZE: 0 (Must go: False)
DEBUG 2026-06-08 17:15:24 t_client.py:477 Control loop (ms): 58.86
DEBUG 2026-06-08 17:15:24 follower.py:184 follower_left SOFollower read state: 2.1ms
DEBUG 2026-06-08 17:15:24 follower.py:191 follower_left SOFollower read wrist: 0.0ms
DEBUG 2026-06-08 17:15:24 follower.py:184 follower_right SOFollower read state: 1.8ms
DEBUG 2026-06-08 17:15:24 follower.py:191 follower_right SOFollower read wrist: 0.0ms
DEBUG 2026-06-08 17:15:24 t_client.py:198 Observation serialization time: 0.009361s
DEBUG 2026-06-08 17:15:24 ort/utils.py:54 [CLIENT] Observation Buffer size 4.395498275756836 MB with
ERROR 2026-06-08 17:15:24 t_client.py:214 Error sending observation #474: <_InactiveRpcError of RPC that terminated with:
	status = StatusCode.UNAVAILABLE
	details = "failed to connect to all addresses; last error: UNKNOWN: ipv4:10.145.8.86:8080: Failed to connect to remote host: connect: Connection refused (111)"
	debug_error_string = "UNKNOWN:Error received from peer  {grpc_status:14, grpc_message:"failed to connect to all addresses; last error: UNKNOWN: ipv4:10.145.8.86:8080: Failed to connect to remote host: connect: Connection refused (111)"}"
>
DEBUG 2026-06-08 17:15:24 t_client.py:434 QUEUE SIZE: 0 (Must go: False)
DEBUG 2026-06-08 17:15:24 t_client.py:477 Control loop (ms): 49.49
DEBUG 2026-06-08 17:15:24 follower.py:184 follower_left SOFollower read state: 2.5ms
DEBUG 2026-06-08 17:15:24 follower.py:191 follower_left SOFollower read wrist: 0.1ms
DEBUG 2026-06-08 17:15:24 follower.py:184 follower_right SOFollower read state: 2.1ms
DEBUG 2026-06-08 17:15:24 follower.py:191 follower_right SOFollower read wrist: 0.0ms
DEBUG 2026-06-08 17:15:24 t_client.py:198 Observation serialization time: 0.008708s
DEBUG 2026-06-08 17:15:24 ort/utils.py:54 [CLIENT] Observation Buffer size 4.395498275756836 MB with
ERROR 2026-06-08 17:15:24 t_client.py:214 Error sending observation #474: <_InactiveRpcError of RPC that terminated with:
	status = StatusCode.UNAVAILABLE
	details = "failed to connect to all addresses; last error: UNKNOWN: ipv4:10.145.8.86:8080: Failed to connect to remote host: connect: Connection refused (111)"
	debug_error_string = "UNKNOWN:Error received from peer  {grpc_message:"failed to connect to all addresses; last error: UNKNOWN: ipv4:10.145.8.86:8080: Failed to connect to remote host: connect: Connection refused (111)", grpc_status:14}"
>
DEBUG 2026-06-08 17:15:24 t_client.py:434 QUEUE SIZE: 0 (Must go: False)
DEBUG 2026-06-08 17:15:24 t_client.py:477 Control loop (ms): 51.78
DEBUG 2026-06-08 17:15:24 follower.py:184 follower_left SOFollower read state: 2.2ms
DEBUG 2026-06-08 17:15:24 follower.py:191 follower_left SOFollower read wrist: 0.0ms
DEBUG 2026-06-08 17:15:24 follower.py:184 follower_right SOFollower read state: 1.7ms
DEBUG 2026-06-08 17:15:24 follower.py:191 follower_right SOFollower read wrist: 0.0ms
DEBUG 2026-06-08 17:15:24 t_client.py:198 Observation serialization time: 0.008285s
DEBUG 2026-06-08 17:15:24 ort/utils.py:54 [CLIENT] Observation Buffer size 4.395498275756836 MB with
ERROR 2026-06-08 17:15:24 t_client.py:359 Error receiving actions: <_InactiveRpcError of RPC that terminated with:
	status = StatusCode.UNAVAILABLE
	details = "failed to connect to all addresses; last error: UNKNOWN: ipv4:10.145.8.86:8080: Failed to connect to remote host: connect: Connection refused (111)"
	debug_error_string = "UNKNOWN:Error received from peer  {grpc_message:"failed to connect to all addresses; last error: UNKNOWN: ipv4:10.145.8.86:8080: Failed to connect to remote host: connect: Connection refused (111)", grpc_status:14}"
>
ERROR 2026-06-08 17:15:24 t_client.py:214 Error sending observation #474: <_InactiveRpcError of RPC that terminated with:
	status = StatusCode.UNAVAILABLE
	details = "failed to connect to all addresses; last error: UNKNOWN: ipv4:10.145.8.86:8080: Failed to connect to remote host: connect: Connection refused (111)"
	debug_error_string = "UNKNOWN:Error received from peer  {grpc_message:"failed to connect to all addresses; last error: UNKNOWN: ipv4:10.145.8.86:8080: Failed to connect to remote host: connect: Connection refused (111)", grpc_status:14}"
>
DEBUG 2026-06-08 17:15:24 t_client.py:434 QUEUE SIZE: 0 (Must go: False)
DEBUG 2026-06-08 17:15:24 t_client.py:477 Control loop (ms): 53.76
DEBUG 2026-06-08 17:15:24 follower.py:184 follower_left SOFollower read state: 2.1ms
DEBUG 2026-06-08 17:15:24 follower.py:191 follower_left SOFollower read wrist: 0.0ms
DEBUG 2026-06-08 17:15:24 follower.py:184 follower_right SOFollower read state: 2.1ms
DEBUG 2026-06-08 17:15:24 follower.py:191 follower_right SOFollower read wrist: 0.0ms
DEBUG 2026-06-08 17:15:24 t_client.py:198 Observation serialization time: 0.009743s
DEBUG 2026-06-08 17:15:24 ort/utils.py:54 [CLIENT] Observation Buffer size 4.395498275756836 MB with
ERROR 2026-06-08 17:15:24 t_client.py:214 Error sending observation #474: <_InactiveRpcError of RPC that terminated with:
	status = StatusCode.UNAVAILABLE
	details = "failed to connect to all addresses; last error: UNKNOWN: ipv4:10.145.8.86:8080: Failed to connect to remote host: connect: Connection refused (111)"
	debug_error_string = "UNKNOWN:Error received from peer  {grpc_status:14, grpc_message:"failed to connect to all addresses; last error: UNKNOWN: ipv4:10.145.8.86:8080: Failed to connect to remote host: connect: Connection refused (111)"}"
>
DEBUG 2026-06-08 17:15:24 t_client.py:434 QUEUE SIZE: 0 (Must go: False)
DEBUG 2026-06-08 17:15:24 t_client.py:477 Control loop (ms): 52.60
DEBUG 2026-06-08 17:15:24 follower.py:184 follower_left SOFollower read state: 2.0ms
DEBUG 2026-06-08 17:15:24 follower.py:191 follower_left SOFollower read wrist: 0.0ms
DEBUG 2026-06-08 17:15:24 follower.py:184 follower_right SOFollower read state: 1.8ms
DEBUG 2026-06-08 17:15:24 follower.py:191 follower_right SOFollower read wrist: 0.0ms
DEBUG 2026-06-08 17:15:24 t_client.py:198 Observation serialization time: 0.005028s
DEBUG 2026-06-08 17:15:24 ort/utils.py:54 [CLIENT] Observation Buffer size 4.395498275756836 MB with
ERROR 2026-06-08 17:15:24 t_client.py:214 Error sending observation #474: <_InactiveRpcError of RPC that terminated with:
	status = StatusCode.UNAVAILABLE
	details = "failed to connect to all addresses; last error: UNKNOWN: ipv4:10.145.8.86:8080: Failed to connect to remote host: connect: Connection refused (111)"
	debug_error_string = "UNKNOWN:Error received from peer  {grpc_status:14, grpc_message:"failed to connect to all addresses; last error: UNKNOWN: ipv4:10.145.8.86:8080: Failed to connect to remote host: connect: Connection refused (111)"}"
>
DEBUG 2026-06-08 17:15:24 t_client.py:434 QUEUE SIZE: 0 (Must go: False)
DEBUG 2026-06-08 17:15:24 t_client.py:477 Control loop (ms): 40.78
DEBUG 2026-06-08 17:15:24 follower.py:184 follower_left SOFollower read state: 2.4ms
DEBUG 2026-06-08 17:15:24 follower.py:191 follower_left SOFollower read wrist: 0.0ms
DEBUG 2026-06-08 17:15:24 follower.py:184 follower_right SOFollower read state: 2.4ms
DEBUG 2026-06-08 17:15:24 follower.py:191 follower_right SOFollower read wrist: 0.0ms
DEBUG 2026-06-08 17:15:24 t_client.py:198 Observation serialization time: 0.008637s
DEBUG 2026-06-08 17:15:24 ort/utils.py:54 [CLIENT] Observation Buffer size 4.395498275756836 MB with
ERROR 2026-06-08 17:15:24 t_client.py:214 Error sending observation #474: <_InactiveRpcError of RPC that terminated with:
	status = StatusCode.UNAVAILABLE
	details = "failed to connect to all addresses; last error: UNKNOWN: ipv4:10.145.8.86:8080: Failed to connect to remote host: connect: Connection refused (111)"
	debug_error_string = "UNKNOWN:Error received from peer  {grpc_status:14, grpc_message:"failed to connect to all addresses; last error: UNKNOWN: ipv4:10.145.8.86:8080: Failed to connect to remote host: connect: Connection refused (111)"}"
>
DEBUG 2026-06-08 17:15:24 t_client.py:434 QUEUE SIZE: 0 (Must go: False)
DEBUG 2026-06-08 17:15:24 t_client.py:477 Control loop (ms): 48.59
DEBUG 2026-06-08 17:15:24 follower.py:184 follower_left SOFollower read state: 1.9ms
DEBUG 2026-06-08 17:15:24 follower.py:191 follower_left SOFollower read wrist: 0.0ms
DEBUG 2026-06-08 17:15:24 follower.py:184 follower_right SOFollower read state: 2.0ms
DEBUG 2026-06-08 17:15:24 follower.py:191 follower_right SOFollower read wrist: 0.0ms
DEBUG 2026-06-08 17:15:24 t_client.py:198 Observation serialization time: 0.005106s
DEBUG 2026-06-08 17:15:24 ort/utils.py:54 [CLIENT] Observation Buffer size 4.395498275756836 MB with
ERROR 2026-06-08 17:15:24 t_client.py:214 Error sending observation #474: <_InactiveRpcError of RPC that terminated with:
	status = StatusCode.UNAVAILABLE
	details = "failed to connect to all addresses; last error: UNKNOWN: ipv4:10.145.8.86:8080: Failed to connect to remote host: connect: Connection refused (111)"
	debug_error_string = "UNKNOWN:Error received from peer  {grpc_message:"failed to connect to all addresses; last error: UNKNOWN: ipv4:10.145.8.86:8080: Failed to connect to remote host: connect: Connection refused (111)", grpc_status:14}"
>
DEBUG 2026-06-08 17:15:24 t_client.py:434 QUEUE SIZE: 0 (Must go: False)
DEBUG 2026-06-08 17:15:24 t_client.py:477 Control loop (ms): 48.76
DEBUG 2026-06-08 17:15:24 follower.py:184 follower_left SOFollower read state: 2.4ms
DEBUG 2026-06-08 17:15:24 follower.py:191 follower_left SOFollower read wrist: 0.0ms
DEBUG 2026-06-08 17:15:24 follower.py:184 follower_right SOFollower read state: 1.8ms
DEBUG 2026-06-08 17:15:24 follower.py:191 follower_right SOFollower read wrist: 0.0ms
DEBUG 2026-06-08 17:15:24 t_client.py:198 Observation serialization time: 0.009539s
DEBUG 2026-06-08 17:15:24 ort/utils.py:54 [CLIENT] Observation Buffer size 4.395498275756836 MB with
ERROR 2026-06-08 17:15:24 t_client.py:214 Error sending observation #474: <_InactiveRpcError of RPC that terminated with:
	status = StatusCode.UNAVAILABLE
	details = "failed to connect to all addresses; last error: UNKNOWN: ipv4:10.145.8.86:8080: Failed to connect to remote host: connect: Connection refused (111)"
	debug_error_string = "UNKNOWN:Error received from peer  {grpc_message:"failed to connect to all addresses; last error: UNKNOWN: ipv4:10.145.8.86:8080: Failed to connect to remote host: connect: Connection refused (111)", grpc_status:14}"
>
DEBUG 2026-06-08 17:15:24 t_client.py:434 QUEUE SIZE: 0 (Must go: False)
DEBUG 2026-06-08 17:15:24 t_client.py:477 Control loop (ms): 47.53
DEBUG 2026-06-08 17:15:24 follower.py:184 follower_left SOFollower read state: 1.8ms
DEBUG 2026-06-08 17:15:24 follower.py:191 follower_left SOFollower read wrist: 0.0ms
DEBUG 2026-06-08 17:15:24 follower.py:184 follower_right SOFollower read state: 1.6ms
DEBUG 2026-06-08 17:15:24 follower.py:191 follower_right SOFollower read wrist: 0.0ms
DEBUG 2026-06-08 17:15:24 t_client.py:198 Observation serialization time: 0.007116s
DEBUG 2026-06-08 17:15:24 ort/utils.py:54 [CLIENT] Observation Buffer size 4.395498275756836 MB with
ERROR 2026-06-08 17:15:24 t_client.py:214 Error sending observation #474: <_InactiveRpcError of RPC that terminated with:
	status = StatusCode.UNAVAILABLE
	details = "failed to connect to all addresses; last error: UNKNOWN: ipv4:10.145.8.86:8080: Failed to connect to remote host: connect: Connection refused (111)"
	debug_error_string = "UNKNOWN:Error received from peer  {grpc_message:"failed to connect to all addresses; last error: UNKNOWN: ipv4:10.145.8.86:8080: Failed to connect to remote host: connect: Connection refused (111)", grpc_status:14}"
>
DEBUG 2026-06-08 17:15:24 t_client.py:434 QUEUE SIZE: 0 (Must go: False)
DEBUG 2026-06-08 17:15:24 t_client.py:477 Control loop (ms): 52.14
DEBUG 2026-06-08 17:15:24 follower.py:184 follower_left SOFollower read state: 1.9ms
DEBUG 2026-06-08 17:15:24 follower.py:191 follower_left SOFollower read wrist: 0.0ms
DEBUG 2026-06-08 17:15:24 follower.py:184 follower_right SOFollower read state: 1.8ms
DEBUG 2026-06-08 17:15:24 follower.py:191 follower_right SOFollower read wrist: 0.0ms
DEBUG 2026-06-08 17:15:24 t_client.py:198 Observation serialization time: 0.009782s
DEBUG 2026-06-08 17:15:24 ort/utils.py:54 [CLIENT] Observation Buffer size 4.395498275756836 MB with
ERROR 2026-06-08 17:15:24 t_client.py:214 Error sending observation #474: <_InactiveRpcError of RPC that terminated with:
	status = StatusCode.UNAVAILABLE
	details = "failed to connect to all addresses; last error: UNKNOWN: ipv4:10.145.8.86:8080: Failed to connect to remote host: connect: Connection refused (111)"
	debug_error_string = "UNKNOWN:Error received from peer  {grpc_status:14, grpc_message:"failed to connect to all addresses; last error: UNKNOWN: ipv4:10.145.8.86:8080: Failed to connect to remote host: connect: Connection refused (111)"}"
>
DEBUG 2026-06-08 17:15:24 t_client.py:434 QUEUE SIZE: 0 (Must go: False)
DEBUG 2026-06-08 17:15:24 t_client.py:477 Control loop (ms): 51.48
DEBUG 2026-06-08 17:15:24 follower.py:184 follower_left SOFollower read state: 2.7ms
DEBUG 2026-06-08 17:15:24 follower.py:191 follower_left SOFollower read wrist: 0.0ms
DEBUG 2026-06-08 17:15:24 follower.py:184 follower_right SOFollower read state: 1.7ms
DEBUG 2026-06-08 17:15:24 follower.py:191 follower_right SOFollower read wrist: 0.0ms
DEBUG 2026-06-08 17:15:24 t_client.py:198 Observation serialization time: 0.008361s
DEBUG 2026-06-08 17:15:24 ort/utils.py:54 [CLIENT] Observation Buffer size 4.395498275756836 MB with
ERROR 2026-06-08 17:15:24 t_client.py:214 Error sending observation #474: <_InactiveRpcError of RPC that terminated with:
	status = StatusCode.UNAVAILABLE
	details = "failed to connect to all addresses; last error: UNKNOWN: ipv4:10.145.8.86:8080: Failed to connect to remote host: connect: Connection refused (111)"
	debug_error_string = "UNKNOWN:Error received from peer  {grpc_status:14, grpc_message:"failed to connect to all addresses; last error: UNKNOWN: ipv4:10.145.8.86:8080: Failed to connect to remote host: connect: Connection refused (111)"}"
>
DEBUG 2026-06-08 17:15:24 t_client.py:434 QUEUE SIZE: 0 (Must go: False)
DEBUG 2026-06-08 17:15:24 t_client.py:477 Control loop (ms): 52.30
DEBUG 2026-06-08 17:15:24 follower.py:184 follower_left SOFollower read state: 1.8ms
DEBUG 2026-06-08 17:15:24 follower.py:191 follower_left SOFollower read wrist: 0.0ms
DEBUG 2026-06-08 17:15:24 follower.py:184 follower_right SOFollower read state: 1.7ms
DEBUG 2026-06-08 17:15:24 follower.py:191 follower_right SOFollower read wrist: 0.0ms
DEBUG 2026-06-08 17:15:24 t_client.py:198 Observation serialization time: 0.009197s
DEBUG 2026-06-08 17:15:24 ort/utils.py:54 [CLIENT] Observation Buffer size 4.395498275756836 MB with
ERROR 2026-06-08 17:15:25 t_client.py:214 Error sending observation #474: <_InactiveRpcError of RPC that terminated with:
	status = StatusCode.UNAVAILABLE
	details = "failed to connect to all addresses; last error: UNKNOWN: ipv4:10.145.8.86:8080: Failed to connect to remote host: connect: Connection refused (111)"
	debug_error_string = "UNKNOWN:Error received from peer  {grpc_status:14, grpc_message:"failed to connect to all addresses; last error: UNKNOWN: ipv4:10.145.8.86:8080: Failed to connect to remote host: connect: Connection refused (111)"}"
>
DEBUG 2026-06-08 17:15:25 t_client.py:434 QUEUE SIZE: 0 (Must go: False)
DEBUG 2026-06-08 17:15:25 t_client.py:477 Control loop (ms): 52.48
DEBUG 2026-06-08 17:15:25 follower.py:184 follower_left SOFollower read state: 2.0ms
DEBUG 2026-06-08 17:15:25 follower.py:191 follower_left SOFollower read wrist: 0.0ms
DEBUG 2026-06-08 17:15:25 follower.py:184 follower_right SOFollower read state: 1.5ms
DEBUG 2026-06-08 17:15:25 follower.py:191 follower_right SOFollower read wrist: 0.0ms
DEBUG 2026-06-08 17:15:25 t_client.py:198 Observation serialization time: 0.007770s
DEBUG 2026-06-08 17:15:25 ort/utils.py:54 [CLIENT] Observation Buffer size 4.395498275756836 MB with
ERROR 2026-06-08 17:15:25 t_client.py:359 Error receiving actions: <_InactiveRpcError of RPC that terminated with:
	status = StatusCode.UNAVAILABLE
	details = "failed to connect to all addresses; last error: UNKNOWN: ipv4:10.145.8.86:8080: Failed to connect to remote host: connect: Connection refused (111)"
	debug_error_string = "UNKNOWN:Error received from peer  {grpc_status:14, grpc_message:"failed to connect to all addresses; last error: UNKNOWN: ipv4:10.145.8.86:8080: Failed to connect to remote host: connect: Connection refused (111)"}"
>
ERROR 2026-06-08 17:15:25 t_client.py:214 Error sending observation #474: <_InactiveRpcError of RPC that terminated with:
	status = StatusCode.UNAVAILABLE
	details = "failed to connect to all addresses; last error: UNKNOWN: ipv4:10.145.8.86:8080: Failed to connect to remote host: connect: Connection refused (111)"
	debug_error_string = "UNKNOWN:Error received from peer  {grpc_status:14, grpc_message:"failed to connect to all addresses; last error: UNKNOWN: ipv4:10.145.8.86:8080: Failed to connect to remote host: connect: Connection refused (111)"}"
>
DEBUG 2026-06-08 17:15:25 t_client.py:434 QUEUE SIZE: 0 (Must go: False)
DEBUG 2026-06-08 17:15:25 t_client.py:477 Control loop (ms): 48.48
DEBUG 2026-06-08 17:15:25 follower.py:184 follower_left SOFollower read state: 2.7ms
DEBUG 2026-06-08 17:15:25 follower.py:191 follower_left SOFollower read wrist: 0.0ms
DEBUG 2026-06-08 17:15:25 follower.py:184 follower_right SOFollower read state: 2.0ms
DEBUG 2026-06-08 17:15:25 follower.py:191 follower_right SOFollower read wrist: 0.0ms
DEBUG 2026-06-08 17:15:25 t_client.py:198 Observation serialization time: 0.008275s
DEBUG 2026-06-08 17:15:25 ort/utils.py:54 [CLIENT] Observation Buffer size 4.395498275756836 MB with
ERROR 2026-06-08 17:15:25 t_client.py:214 Error sending observation #474: <_InactiveRpcError of RPC that terminated with:
	status = StatusCode.UNAVAILABLE
	details = "failed to connect to all addresses; last error: UNKNOWN: ipv4:10.145.8.86:8080: Failed to connect to remote host: connect: Connection refused (111)"
	debug_error_string = "UNKNOWN:Error received from peer  {grpc_message:"failed to connect to all addresses; last error: UNKNOWN: ipv4:10.145.8.86:8080: Failed to connect to remote host: connect: Connection refused (111)", grpc_status:14}"
>
DEBUG 2026-06-08 17:15:25 t_client.py:434 QUEUE SIZE: 0 (Must go: False)
DEBUG 2026-06-08 17:15:25 t_client.py:477 Control loop (ms): 44.95
DEBUG 2026-06-08 17:15:25 follower.py:184 follower_left SOFollower read state: 1.6ms
DEBUG 2026-06-08 17:15:25 follower.py:191 follower_left SOFollower read wrist: 0.0ms
DEBUG 2026-06-08 17:15:25 follower.py:184 follower_right SOFollower read state: 1.6ms
DEBUG 2026-06-08 17:15:25 follower.py:191 follower_right SOFollower read wrist: 0.0ms
DEBUG 2026-06-08 17:15:25 t_client.py:198 Observation serialization time: 0.007022s
DEBUG 2026-06-08 17:15:25 ort/utils.py:54 [CLIENT] Observation Buffer size 4.395498275756836 MB with
ERROR 2026-06-08 17:15:25 t_client.py:214 Error sending observation #474: <_InactiveRpcError of RPC that terminated with:
	status = StatusCode.UNAVAILABLE
	details = "failed to connect to all addresses; last error: UNKNOWN: ipv4:10.145.8.86:8080: Failed to connect to remote host: connect: Connection refused (111)"
	debug_error_string = "UNKNOWN:Error received from peer  {grpc_message:"failed to connect to all addresses; last error: UNKNOWN: ipv4:10.145.8.86:8080: Failed to connect to remote host: connect: Connection refused (111)", grpc_status:14}"
>
DEBUG 2026-06-08 17:15:25 t_client.py:434 QUEUE SIZE: 0 (Must go: False)
DEBUG 2026-06-08 17:15:25 t_client.py:477 Control loop (ms): 51.00
DEBUG 2026-06-08 17:15:25 follower.py:184 follower_left SOFollower read state: 2.6ms
DEBUG 2026-06-08 17:15:25 follower.py:191 follower_left SOFollower read wrist: 0.0ms
DEBUG 2026-06-08 17:15:25 follower.py:184 follower_right SOFollower read state: 1.8ms
DEBUG 2026-06-08 17:15:25 follower.py:191 follower_right SOFollower read wrist: 0.0ms
DEBUG 2026-06-08 17:15:25 t_client.py:198 Observation serialization time: 0.008110s
DEBUG 2026-06-08 17:15:25 ort/utils.py:54 [CLIENT] Observation Buffer size 4.395498275756836 MB with
ERROR 2026-06-08 17:15:25 t_client.py:214 Error sending observation #474: <_InactiveRpcError of RPC that terminated with:
	status = StatusCode.UNAVAILABLE
	details = "failed to connect to all addresses; last error: UNKNOWN: ipv4:10.145.8.86:8080: Failed to connect to remote host: connect: Connection refused (111)"
	debug_error_string = "UNKNOWN:Error received from peer  {grpc_message:"failed to connect to all addresses; last error: UNKNOWN: ipv4:10.145.8.86:8080: Failed to connect to remote host: connect: Connection refused (111)", grpc_status:14}"
>
DEBUG 2026-06-08 17:15:25 t_client.py:434 QUEUE SIZE: 0 (Must go: False)
DEBUG 2026-06-08 17:15:25 t_client.py:477 Control loop (ms): 52.54
DEBUG 2026-06-08 17:15:25 follower.py:184 follower_left SOFollower read state: 2.1ms
DEBUG 2026-06-08 17:15:25 follower.py:191 follower_left SOFollower read wrist: 0.0ms
DEBUG 2026-06-08 17:15:25 follower.py:184 follower_right SOFollower read state: 2.2ms
DEBUG 2026-06-08 17:15:25 follower.py:191 follower_right SOFollower read wrist: 0.0ms
DEBUG 2026-06-08 17:15:25 t_client.py:198 Observation serialization time: 0.009926s
DEBUG 2026-06-08 17:15:25 ort/utils.py:54 [CLIENT] Observation Buffer size 4.395498275756836 MB with
ERROR 2026-06-08 17:15:25 t_client.py:214 Error sending observation #474: <_InactiveRpcError of RPC that terminated with:
	status = StatusCode.UNAVAILABLE
	details = "failed to connect to all addresses; last error: UNKNOWN: ipv4:10.145.8.86:8080: Failed to connect to remote host: connect: Connection refused (111)"
	debug_error_string = "UNKNOWN:Error received from peer  {grpc_status:14, grpc_message:"failed to connect to all addresses; last error: UNKNOWN: ipv4:10.145.8.86:8080: Failed to connect to remote host: connect: Connection refused (111)"}"
>
DEBUG 2026-06-08 17:15:25 t_client.py:434 QUEUE SIZE: 0 (Must go: False)
DEBUG 2026-06-08 17:15:25 t_client.py:477 Control loop (ms): 59.69
DEBUG 2026-06-08 17:15:25 follower.py:184 follower_left SOFollower read state: 2.5ms
DEBUG 2026-06-08 17:15:25 follower.py:191 follower_left SOFollower read wrist: 0.0ms
DEBUG 2026-06-08 17:15:25 follower.py:184 follower_right SOFollower read state: 1.7ms
DEBUG 2026-06-08 17:15:25 follower.py:191 follower_right SOFollower read wrist: 0.0ms
DEBUG 2026-06-08 17:15:25 t_client.py:198 Observation serialization time: 0.006764s
DEBUG 2026-06-08 17:15:25 ort/utils.py:54 [CLIENT] Observation Buffer size 4.395498275756836 MB with
ERROR 2026-06-08 17:15:25 t_client.py:214 Error sending observation #474: <_InactiveRpcError of RPC that terminated with:
	status = StatusCode.UNAVAILABLE
	details = "failed to connect to all addresses; last error: UNKNOWN: ipv4:10.145.8.86:8080: Failed to connect to remote host: connect: Connection refused (111)"
	debug_error_string = "UNKNOWN:Error received from peer  {grpc_message:"failed to connect to all addresses; last error: UNKNOWN: ipv4:10.145.8.86:8080: Failed to connect to remote host: connect: Connection refused (111)", grpc_status:14}"
>
DEBUG 2026-06-08 17:15:25 t_client.py:434 QUEUE SIZE: 0 (Must go: False)
DEBUG 2026-06-08 17:15:25 t_client.py:477 Control loop (ms): 52.36
DEBUG 2026-06-08 17:15:25 follower.py:184 follower_left SOFollower read state: 1.9ms
DEBUG 2026-06-08 17:15:25 follower.py:191 follower_left SOFollower read wrist: 0.0ms
DEBUG 2026-06-08 17:15:25 follower.py:184 follower_right SOFollower read state: 1.7ms
DEBUG 2026-06-08 17:15:25 follower.py:191 follower_right SOFollower read wrist: 0.0ms
DEBUG 2026-06-08 17:15:25 t_client.py:198 Observation serialization time: 0.005590s
DEBUG 2026-06-08 17:15:25 ort/utils.py:54 [CLIENT] Observation Buffer size 4.395498275756836 MB with
ERROR 2026-06-08 17:15:25 t_client.py:214 Error sending observation #474: <_InactiveRpcError of RPC that terminated with:
	status = StatusCode.UNAVAILABLE
	details = "failed to connect to all addresses; last error: UNKNOWN: ipv4:10.145.8.86:8080: Failed to connect to remote host: connect: Connection refused (111)"
	debug_error_string = "UNKNOWN:Error received from peer  {grpc_status:14, grpc_message:"failed to connect to all addresses; last error: UNKNOWN: ipv4:10.145.8.86:8080: Failed to connect to remote host: connect: Connection refused (111)"}"
>
DEBUG 2026-06-08 17:15:25 t_client.py:434 QUEUE SIZE: 0 (Must go: False)
DEBUG 2026-06-08 17:15:25 t_client.py:477 Control loop (ms): 39.95
DEBUG 2026-06-08 17:15:25 follower.py:184 follower_left SOFollower read state: 2.0ms
DEBUG 2026-06-08 17:15:25 follower.py:191 follower_left SOFollower read wrist: 0.0ms
DEBUG 2026-06-08 17:15:25 follower.py:184 follower_right SOFollower read state: 1.7ms
DEBUG 2026-06-08 17:15:25 follower.py:191 follower_right SOFollower read wrist: 0.0ms
DEBUG 2026-06-08 17:15:25 t_client.py:198 Observation serialization time: 0.006793s
DEBUG 2026-06-08 17:15:25 ort/utils.py:54 [CLIENT] Observation Buffer size 4.395498275756836 MB with
ERROR 2026-06-08 17:15:25 t_client.py:214 Error sending observation #474: <_InactiveRpcError of RPC that terminated with:
	status = StatusCode.UNAVAILABLE
	details = "failed to connect to all addresses; last error: UNKNOWN: ipv4:10.145.8.86:8080: Failed to connect to remote host: connect: Connection refused (111)"
	debug_error_string = "UNKNOWN:Error received from peer  {grpc_message:"failed to connect to all addresses; last error: UNKNOWN: ipv4:10.145.8.86:8080: Failed to connect to remote host: connect: Connection refused (111)", grpc_status:14}"
>
DEBUG 2026-06-08 17:15:25 t_client.py:434 QUEUE SIZE: 0 (Must go: False)
DEBUG 2026-06-08 17:15:25 t_client.py:477 Control loop (ms): 50.26
DEBUG 2026-06-08 17:15:25 follower.py:184 follower_left SOFollower read state: 2.1ms
DEBUG 2026-06-08 17:15:25 follower.py:191 follower_left SOFollower read wrist: 0.0ms
DEBUG 2026-06-08 17:15:25 follower.py:184 follower_right SOFollower read state: 1.8ms
DEBUG 2026-06-08 17:15:25 follower.py:191 follower_right SOFollower read wrist: 0.0ms
DEBUG 2026-06-08 17:15:25 t_client.py:198 Observation serialization time: 0.008641s
DEBUG 2026-06-08 17:15:25 ort/utils.py:54 [CLIENT] Observation Buffer size 4.395498275756836 MB with
ERROR 2026-06-08 17:15:25 t_client.py:214 Error sending observation #474: <_InactiveRpcError of RPC that terminated with:
	status = StatusCode.UNAVAILABLE
	details = "failed to connect to all addresses; last error: UNKNOWN: ipv4:10.145.8.86:8080: Failed to connect to remote host: connect: Connection refused (111)"
	debug_error_string = "UNKNOWN:Error received from peer  {grpc_status:14, grpc_message:"failed to connect to all addresses; last error: UNKNOWN: ipv4:10.145.8.86:8080: Failed to connect to remote host: connect: Connection refused (111)"}"
>
DEBUG 2026-06-08 17:15:25 t_client.py:434 QUEUE SIZE: 0 (Must go: False)
DEBUG 2026-06-08 17:15:25 t_client.py:477 Control loop (ms): 57.36
DEBUG 2026-06-08 17:15:25 follower.py:184 follower_left SOFollower read state: 2.4ms
DEBUG 2026-06-08 17:15:25 follower.py:191 follower_left SOFollower read wrist: 0.0ms
DEBUG 2026-06-08 17:15:25 follower.py:184 follower_right SOFollower read state: 1.9ms
DEBUG 2026-06-08 17:15:25 follower.py:191 follower_right SOFollower read wrist: 0.0ms
DEBUG 2026-06-08 17:15:25 t_client.py:198 Observation serialization time: 0.007537s
DEBUG 2026-06-08 17:15:25 ort/utils.py:54 [CLIENT] Observation Buffer size 4.395498275756836 MB with
ERROR 2026-06-08 17:15:25 t_client.py:214 Error sending observation #474: <_InactiveRpcError of RPC that terminated with:
	status = StatusCode.UNAVAILABLE
	details = "failed to connect to all addresses; last error: UNKNOWN: ipv4:10.145.8.86:8080: Failed to connect to remote host: connect: Connection refused (111)"
	debug_error_string = "UNKNOWN:Error received from peer  {grpc_message:"failed to connect to all addresses; last error: UNKNOWN: ipv4:10.145.8.86:8080: Failed to connect to remote host: connect: Connection refused (111)", grpc_status:14}"
>
DEBUG 2026-06-08 17:15:25 t_client.py:434 QUEUE SIZE: 0 (Must go: False)
DEBUG 2026-06-08 17:15:25 t_client.py:477 Control loop (ms): 53.17
DEBUG 2026-06-08 17:15:25 follower.py:184 follower_left SOFollower read state: 2.1ms
DEBUG 2026-06-08 17:15:25 follower.py:191 follower_left SOFollower read wrist: 0.1ms
ERROR 2026-06-08 17:15:25 t_client.py:359 Error receiving actions: <_InactiveRpcError of RPC that terminated with:
	status = StatusCode.UNAVAILABLE
	details = "failed to connect to all addresses; last error: UNKNOWN: ipv4:10.145.8.86:8080: Failed to connect to remote host: connect: Connection refused (111)"
	debug_error_string = "UNKNOWN:Error received from peer  {grpc_message:"failed to connect to all addresses; last error: UNKNOWN: ipv4:10.145.8.86:8080: Failed to connect to remote host: connect: Connection refused (111)", grpc_status:14}"
>
DEBUG 2026-06-08 17:15:25 follower.py:184 follower_right SOFollower read state: 3.5ms
DEBUG 2026-06-08 17:15:25 follower.py:191 follower_right SOFollower read wrist: 0.0ms
DEBUG 2026-06-08 17:15:25 t_client.py:198 Observation serialization time: 0.008477s
DEBUG 2026-06-08 17:15:25 ort/utils.py:54 [CLIENT] Observation Buffer size 4.395498275756836 MB with
ERROR 2026-06-08 17:15:25 t_client.py:214 Error sending observation #474: <_InactiveRpcError of RPC that terminated with:
	status = StatusCode.UNAVAILABLE
	details = "failed to connect to all addresses; last error: UNKNOWN: ipv4:10.145.8.86:8080: Failed to connect to remote host: connect: Connection refused (111)"
	debug_error_string = "UNKNOWN:Error received from peer  {grpc_status:14, grpc_message:"failed to connect to all addresses; last error: UNKNOWN: ipv4:10.145.8.86:8080: Failed to connect to remote host: connect: Connection refused (111)"}"
>
DEBUG 2026-06-08 17:15:25 t_client.py:434 QUEUE SIZE: 0 (Must go: False)
DEBUG 2026-06-08 17:15:25 t_client.py:477 Control loop (ms): 56.97
DEBUG 2026-06-08 17:15:25 follower.py:184 follower_left SOFollower read state: 1.9ms
DEBUG 2026-06-08 17:15:25 follower.py:191 follower_left SOFollower read wrist: 0.0ms
DEBUG 2026-06-08 17:15:25 follower.py:184 follower_right SOFollower read state: 1.7ms
DEBUG 2026-06-08 17:15:25 follower.py:191 follower_right SOFollower read wrist: 0.0ms
DEBUG 2026-06-08 17:15:25 t_client.py:198 Observation serialization time: 0.009953s
DEBUG 2026-06-08 17:15:25 ort/utils.py:54 [CLIENT] Observation Buffer size 4.395498275756836 MB with
ERROR 2026-06-08 17:15:25 t_client.py:214 Error sending observation #474: <_InactiveRpcError of RPC that terminated with:
	status = StatusCode.UNAVAILABLE
	details = "failed to connect to all addresses; last error: UNKNOWN: ipv4:10.145.8.86:8080: Failed to connect to remote host: connect: Connection refused (111)"
	debug_error_string = "UNKNOWN:Error received from peer  {grpc_message:"failed to connect to all addresses; last error: UNKNOWN: ipv4:10.145.8.86:8080: Failed to connect to remote host: connect: Connection refused (111)", grpc_status:14}"
>
DEBUG 2026-06-08 17:15:25 t_client.py:434 QUEUE SIZE: 0 (Must go: False)
DEBUG 2026-06-08 17:15:25 t_client.py:477 Control loop (ms): 54.24
DEBUG 2026-06-08 17:15:25 follower.py:184 follower_left SOFollower read state: 2.1ms
DEBUG 2026-06-08 17:15:25 follower.py:191 follower_left SOFollower read wrist: 0.0ms
DEBUG 2026-06-08 17:15:25 follower.py:184 follower_right SOFollower read state: 1.9ms
DEBUG 2026-06-08 17:15:25 follower.py:191 follower_right SOFollower read wrist: 0.0ms
DEBUG 2026-06-08 17:15:25 t_client.py:198 Observation serialization time: 0.009583s
DEBUG 2026-06-08 17:15:25 ort/utils.py:54 [CLIENT] Observation Buffer size 4.395498275756836 MB with
ERROR 2026-06-08 17:15:25 t_client.py:214 Error sending observation #474: <_InactiveRpcError of RPC that terminated with:
	status = StatusCode.UNAVAILABLE
	details = "failed to connect to all addresses; last error: UNKNOWN: ipv4:10.145.8.86:8080: Failed to connect to remote host: connect: Connection refused (111)"
	debug_error_string = "UNKNOWN:Error received from peer  {grpc_message:"failed to connect to all addresses; last error: UNKNOWN: ipv4:10.145.8.86:8080: Failed to connect to remote host: connect: Connection refused (111)", grpc_status:14}"
>
DEBUG 2026-06-08 17:15:25 t_client.py:434 QUEUE SIZE: 0 (Must go: False)
DEBUG 2026-06-08 17:15:25 t_client.py:477 Control loop (ms): 56.05
DEBUG 2026-06-08 17:15:25 follower.py:184 follower_left SOFollower read state: 2.0ms
DEBUG 2026-06-08 17:15:25 follower.py:191 follower_left SOFollower read wrist: 0.0ms
DEBUG 2026-06-08 17:15:25 follower.py:184 follower_right SOFollower read state: 2.3ms
DEBUG 2026-06-08 17:15:25 follower.py:191 follower_right SOFollower read wrist: 0.0ms
DEBUG 2026-06-08 17:15:25 t_client.py:198 Observation serialization time: 0.010495s
DEBUG 2026-06-08 17:15:25 ort/utils.py:54 [CLIENT] Observation Buffer size 4.395498275756836 MB with
ERROR 2026-06-08 17:15:25 t_client.py:214 Error sending observation #474: <_InactiveRpcError of RPC that terminated with:
	status = StatusCode.UNAVAILABLE
	details = "failed to connect to all addresses; last error: UNKNOWN: ipv4:10.145.8.86:8080: Failed to connect to remote host: connect: Connection refused (111)"
	debug_error_string = "UNKNOWN:Error received from peer  {grpc_message:"failed to connect to all addresses; last error: UNKNOWN: ipv4:10.145.8.86:8080: Failed to connect to remote host: connect: Connection refused (111)", grpc_status:14}"
>
DEBUG 2026-06-08 17:15:25 t_client.py:434 QUEUE SIZE: 0 (Must go: False)
DEBUG 2026-06-08 17:15:25 t_client.py:477 Control loop (ms): 49.64
DEBUG 2026-06-08 17:15:25 follower.py:184 follower_left SOFollower read state: 2.0ms
DEBUG 2026-06-08 17:15:25 follower.py:191 follower_left SOFollower read wrist: 0.0ms
DEBUG 2026-06-08 17:15:25 follower.py:184 follower_right SOFollower read state: 2.4ms
DEBUG 2026-06-08 17:15:25 follower.py:191 follower_right SOFollower read wrist: 0.0ms
DEBUG 2026-06-08 17:15:25 t_client.py:198 Observation serialization time: 0.008199s
DEBUG 2026-06-08 17:15:25 ort/utils.py:54 [CLIENT] Observation Buffer size 4.395498275756836 MB with
ERROR 2026-06-08 17:15:25 t_client.py:214 Error sending observation #474: <_InactiveRpcError of RPC that terminated with:
	status = StatusCode.UNAVAILABLE
	details = "failed to connect to all addresses; last error: UNKNOWN: ipv4:10.145.8.86:8080: Failed to connect to remote host: connect: Connection refused (111)"
	debug_error_string = "UNKNOWN:Error received from peer  {grpc_message:"failed to connect to all addresses; last error: UNKNOWN: ipv4:10.145.8.86:8080: Failed to connect to remote host: connect: Connection refused (111)", grpc_status:14}"
>
DEBUG 2026-06-08 17:15:25 t_client.py:434 QUEUE SIZE: 0 (Must go: False)
DEBUG 2026-06-08 17:15:25 t_client.py:477 Control loop (ms): 47.65
DEBUG 2026-06-08 17:15:25 follower.py:184 follower_left SOFollower read state: 1.7ms
DEBUG 2026-06-08 17:15:25 follower.py:191 follower_left SOFollower read wrist: 0.0ms
DEBUG 2026-06-08 17:15:25 follower.py:184 follower_right SOFollower read state: 1.7ms
DEBUG 2026-06-08 17:15:25 follower.py:191 follower_right SOFollower read wrist: 0.0ms
DEBUG 2026-06-08 17:15:25 t_client.py:198 Observation serialization time: 0.008800s
DEBUG 2026-06-08 17:15:25 ort/utils.py:54 [CLIENT] Observation Buffer size 4.395498275756836 MB with
ERROR 2026-06-08 17:15:25 t_client.py:214 Error sending observation #474: <_InactiveRpcError of RPC that terminated with:
	status = StatusCode.UNAVAILABLE
	details = "failed to connect to all addresses; last error: UNKNOWN: ipv4:10.145.8.86:8080: Failed to connect to remote host: connect: Connection refused (111)"
	debug_error_string = "UNKNOWN:Error received from peer  {grpc_message:"failed to connect to all addresses; last error: UNKNOWN: ipv4:10.145.8.86:8080: Failed to connect to remote host: connect: Connection refused (111)", grpc_status:14}"
>
DEBUG 2026-06-08 17:15:25 t_client.py:434 QUEUE SIZE: 0 (Must go: False)
DEBUG 2026-06-08 17:15:25 t_client.py:477 Control loop (ms): 51.59
DEBUG 2026-06-08 17:15:25 follower.py:184 follower_left SOFollower read state: 2.0ms
DEBUG 2026-06-08 17:15:25 follower.py:191 follower_left SOFollower read wrist: 0.0ms
DEBUG 2026-06-08 17:15:25 follower.py:184 follower_right SOFollower read state: 1.8ms
DEBUG 2026-06-08 17:15:25 follower.py:191 follower_right SOFollower read wrist: 0.0ms
DEBUG 2026-06-08 17:15:25 t_client.py:198 Observation serialization time: 0.008316s
DEBUG 2026-06-08 17:15:25 ort/utils.py:54 [CLIENT] Observation Buffer size 4.395498275756836 MB with
ERROR 2026-06-08 17:15:25 t_client.py:214 Error sending observation #474: <_InactiveRpcError of RPC that terminated with:
	status = StatusCode.UNAVAILABLE
	details = "failed to connect to all addresses; last error: UNKNOWN: ipv4:10.145.8.86:8080: Failed to connect to remote host: connect: Connection refused (111)"
	debug_error_string = "UNKNOWN:Error received from peer  {grpc_message:"failed to connect to all addresses; last error: UNKNOWN: ipv4:10.145.8.86:8080: Failed to connect to remote host: connect: Connection refused (111)", grpc_status:14}"
>
DEBUG 2026-06-08 17:15:25 t_client.py:434 QUEUE SIZE: 0 (Must go: False)
DEBUG 2026-06-08 17:15:25 t_client.py:477 Control loop (ms): 51.30
DEBUG 2026-06-08 17:15:25 follower.py:184 follower_left SOFollower read state: 1.8ms
DEBUG 2026-06-08 17:15:25 follower.py:191 follower_left SOFollower read wrist: 0.0ms
DEBUG 2026-06-08 17:15:25 follower.py:184 follower_right SOFollower read state: 2.2ms
DEBUG 2026-06-08 17:15:25 follower.py:191 follower_right SOFollower read wrist: 0.0ms
DEBUG 2026-06-08 17:15:25 t_client.py:198 Observation serialization time: 0.009081s
DEBUG 2026-06-08 17:15:25 ort/utils.py:54 [CLIENT] Observation Buffer size 4.395498275756836 MB with
ERROR 2026-06-08 17:15:25 t_client.py:214 Error sending observation #474: <_InactiveRpcError of RPC that terminated with:
	status = StatusCode.UNAVAILABLE
	details = "failed to connect to all addresses; last error: UNKNOWN: ipv4:10.145.8.86:8080: Failed to connect to remote host: connect: Connection refused (111)"
	debug_error_string = "UNKNOWN:Error received from peer  {grpc_message:"failed to connect to all addresses; last error: UNKNOWN: ipv4:10.145.8.86:8080: Failed to connect to remote host: connect: Connection refused (111)", grpc_status:14}"
>
DEBUG 2026-06-08 17:15:25 t_client.py:434 QUEUE SIZE: 0 (Must go: False)
DEBUG 2026-06-08 17:15:25 t_client.py:477 Control loop (ms): 55.33
DEBUG 2026-06-08 17:15:25 follower.py:184 follower_left SOFollower read state: 2.2ms
DEBUG 2026-06-08 17:15:25 follower.py:191 follower_left SOFollower read wrist: 0.0ms
DEBUG 2026-06-08 17:15:25 follower.py:184 follower_right SOFollower read state: 1.9ms
DEBUG 2026-06-08 17:15:25 follower.py:191 follower_right SOFollower read wrist: 0.0ms
DEBUG 2026-06-08 17:15:25 t_client.py:198 Observation serialization time: 0.008191s
DEBUG 2026-06-08 17:15:25 ort/utils.py:54 [CLIENT] Observation Buffer size 4.395498275756836 MB with
ERROR 2026-06-08 17:15:26 t_client.py:359 Error receiving actions: <_InactiveRpcError of RPC that terminated with:
	status = StatusCode.UNAVAILABLE
	details = "failed to connect to all addresses; last error: UNKNOWN: ipv4:10.145.8.86:8080: Failed to connect to remote host: connect: Connection refused (111)"
	debug_error_string = "UNKNOWN:Error received from peer  {grpc_message:"failed to connect to all addresses; last error: UNKNOWN: ipv4:10.145.8.86:8080: Failed to connect to remote host: connect: Connection refused (111)", grpc_status:14}"
>
ERROR 2026-06-08 17:15:26 t_client.py:214 Error sending observation #474: <_InactiveRpcError of RPC that terminated with:
	status = StatusCode.UNAVAILABLE
	details = "failed to connect to all addresses; last error: UNKNOWN: ipv4:10.145.8.86:8080: Failed to connect to remote host: connect: Connection refused (111)"
	debug_error_string = "UNKNOWN:Error received from peer  {grpc_message:"failed to connect to all addresses; last error: UNKNOWN: ipv4:10.145.8.86:8080: Failed to connect to remote host: connect: Connection refused (111)", grpc_status:14}"
>
DEBUG 2026-06-08 17:15:26 t_client.py:434 QUEUE SIZE: 0 (Must go: False)
DEBUG 2026-06-08 17:15:26 t_client.py:477 Control loop (ms): 51.36
DEBUG 2026-06-08 17:15:26 follower.py:184 follower_left SOFollower read state: 2.0ms
DEBUG 2026-06-08 17:15:26 follower.py:191 follower_left SOFollower read wrist: 0.0ms
DEBUG 2026-06-08 17:15:26 follower.py:184 follower_right SOFollower read state: 1.8ms
DEBUG 2026-06-08 17:15:26 follower.py:191 follower_right SOFollower read wrist: 0.0ms
DEBUG 2026-06-08 17:15:26 t_client.py:198 Observation serialization time: 0.005947s
DEBUG 2026-06-08 17:15:26 ort/utils.py:54 [CLIENT] Observation Buffer size 4.395498275756836 MB with
ERROR 2026-06-08 17:15:26 t_client.py:214 Error sending observation #474: <_InactiveRpcError of RPC that terminated with:
	status = StatusCode.UNAVAILABLE
	details = "failed to connect to all addresses; last error: UNKNOWN: ipv4:10.145.8.86:8080: Failed to connect to remote host: connect: Connection refused (111)"
	debug_error_string = "UNKNOWN:Error received from peer  {grpc_status:14, grpc_message:"failed to connect to all addresses; last error: UNKNOWN: ipv4:10.145.8.86:8080: Failed to connect to remote host: connect: Connection refused (111)"}"
>
DEBUG 2026-06-08 17:15:26 t_client.py:434 QUEUE SIZE: 0 (Must go: False)
DEBUG 2026-06-08 17:15:26 t_client.py:477 Control loop (ms): 43.78
DEBUG 2026-06-08 17:15:26 follower.py:184 follower_left SOFollower read state: 2.1ms
DEBUG 2026-06-08 17:15:26 follower.py:191 follower_left SOFollower read wrist: 0.1ms
DEBUG 2026-06-08 17:15:26 follower.py:184 follower_right SOFollower read state: 1.9ms
DEBUG 2026-06-08 17:15:26 follower.py:191 follower_right SOFollower read wrist: 0.0ms
DEBUG 2026-06-08 17:15:26 t_client.py:198 Observation serialization time: 0.008643s
DEBUG 2026-06-08 17:15:26 ort/utils.py:54 [CLIENT] Observation Buffer size 4.395498275756836 MB with
ERROR 2026-06-08 17:15:26 t_client.py:214 Error sending observation #474: <_InactiveRpcError of RPC that terminated with:
	status = StatusCode.UNAVAILABLE
	details = "failed to connect to all addresses; last error: UNKNOWN: ipv4:10.145.8.86:8080: Failed to connect to remote host: connect: Connection refused (111)"
	debug_error_string = "UNKNOWN:Error received from peer  {grpc_status:14, grpc_message:"failed to connect to all addresses; last error: UNKNOWN: ipv4:10.145.8.86:8080: Failed to connect to remote host: connect: Connection refused (111)"}"
>
DEBUG 2026-06-08 17:15:26 t_client.py:434 QUEUE SIZE: 0 (Must go: False)
DEBUG 2026-06-08 17:15:26 t_client.py:477 Control loop (ms): 43.90
DEBUG 2026-06-08 17:15:26 follower.py:184 follower_left SOFollower read state: 2.3ms
DEBUG 2026-06-08 17:15:26 follower.py:191 follower_left SOFollower read wrist: 0.0ms
DEBUG 2026-06-08 17:15:26 follower.py:184 follower_right SOFollower read state: 1.6ms
DEBUG 2026-06-08 17:15:26 follower.py:191 follower_right SOFollower read wrist: 0.0ms
DEBUG 2026-06-08 17:15:26 t_client.py:198 Observation serialization time: 0.008173s
DEBUG 2026-06-08 17:15:26 ort/utils.py:54 [CLIENT] Observation Buffer size 4.395498275756836 MB with
ERROR 2026-06-08 17:15:26 t_client.py:214 Error sending observation #474: <_InactiveRpcError of RPC that terminated with:
	status = StatusCode.UNAVAILABLE
	details = "failed to connect to all addresses; last error: UNKNOWN: ipv4:10.145.8.86:8080: Failed to connect to remote host: connect: Connection refused (111)"
	debug_error_string = "UNKNOWN:Error received from peer  {grpc_status:14, grpc_message:"failed to connect to all addresses; last error: UNKNOWN: ipv4:10.145.8.86:8080: Failed to connect to remote host: connect: Connection refused (111)"}"
>
DEBUG 2026-06-08 17:15:26 t_client.py:434 QUEUE SIZE: 0 (Must go: False)
DEBUG 2026-06-08 17:15:26 t_client.py:477 Control loop (ms): 55.92
DEBUG 2026-06-08 17:15:26 follower.py:184 follower_left SOFollower read state: 2.0ms
DEBUG 2026-06-08 17:15:26 follower.py:191 follower_left SOFollower read wrist: 0.0ms
DEBUG 2026-06-08 17:15:26 follower.py:184 follower_right SOFollower read state: 2.2ms
DEBUG 2026-06-08 17:15:26 follower.py:191 follower_right SOFollower read wrist: 0.0ms
DEBUG 2026-06-08 17:15:26 t_client.py:198 Observation serialization time: 0.009246s
DEBUG 2026-06-08 17:15:26 ort/utils.py:54 [CLIENT] Observation Buffer size 4.395498275756836 MB with
ERROR 2026-06-08 17:15:26 t_client.py:214 Error sending observation #474: <_InactiveRpcError of RPC that terminated with:
	status = StatusCode.UNAVAILABLE
	details = "failed to connect to all addresses; last error: UNKNOWN: ipv4:10.145.8.86:8080: Failed to connect to remote host: connect: Connection refused (111)"
	debug_error_string = "UNKNOWN:Error received from peer  {grpc_status:14, grpc_message:"failed to connect to all addresses; last error: UNKNOWN: ipv4:10.145.8.86:8080: Failed to connect to remote host: connect: Connection refused (111)"}"
>
DEBUG 2026-06-08 17:15:26 t_client.py:434 QUEUE SIZE: 0 (Must go: False)
DEBUG 2026-06-08 17:15:26 t_client.py:477 Control loop (ms): 48.25
DEBUG 2026-06-08 17:15:26 follower.py:184 follower_left SOFollower read state: 2.1ms
DEBUG 2026-06-08 17:15:26 follower.py:191 follower_left SOFollower read wrist: 0.0ms
DEBUG 2026-06-08 17:15:26 follower.py:184 follower_right SOFollower read state: 2.1ms
DEBUG 2026-06-08 17:15:26 follower.py:191 follower_right SOFollower read wrist: 0.0ms
DEBUG 2026-06-08 17:15:26 t_client.py:198 Observation serialization time: 0.008269s
DEBUG 2026-06-08 17:15:26 ort/utils.py:54 [CLIENT] Observation Buffer size 4.395498275756836 MB with
ERROR 2026-06-08 17:15:26 t_client.py:214 Error sending observation #474: <_InactiveRpcError of RPC that terminated with:
	status = StatusCode.UNAVAILABLE
	details = "failed to connect to all addresses; last error: UNKNOWN: ipv4:10.145.8.86:8080: Failed to connect to remote host: connect: Connection refused (111)"
	debug_error_string = "UNKNOWN:Error received from peer  {grpc_status:14, grpc_message:"failed to connect to all addresses; last error: UNKNOWN: ipv4:10.145.8.86:8080: Failed to connect to remote host: connect: Connection refused (111)"}"
>
DEBUG 2026-06-08 17:15:26 t_client.py:434 QUEUE SIZE: 0 (Must go: False)
DEBUG 2026-06-08 17:15:26 t_client.py:477 Control loop (ms): 52.70
DEBUG 2026-06-08 17:15:26 follower.py:184 follower_left SOFollower read state: 2.5ms
DEBUG 2026-06-08 17:15:26 follower.py:191 follower_left SOFollower read wrist: 0.0ms
DEBUG 2026-06-08 17:15:26 follower.py:184 follower_right SOFollower read state: 1.8ms
DEBUG 2026-06-08 17:15:26 follower.py:191 follower_right SOFollower read wrist: 0.0ms
DEBUG 2026-06-08 17:15:26 t_client.py:198 Observation serialization time: 0.008056s
DEBUG 2026-06-08 17:15:26 ort/utils.py:54 [CLIENT] Observation Buffer size 4.395498275756836 MB with
ERROR 2026-06-08 17:15:26 t_client.py:214 Error sending observation #474: <_InactiveRpcError of RPC that terminated with:
	status = StatusCode.UNAVAILABLE
	details = "failed to connect to all addresses; last error: UNKNOWN: ipv4:10.145.8.86:8080: Failed to connect to remote host: connect: Connection refused (111)"
	debug_error_string = "UNKNOWN:Error received from peer  {grpc_status:14, grpc_message:"failed to connect to all addresses; last error: UNKNOWN: ipv4:10.145.8.86:8080: Failed to connect to remote host: connect: Connection refused (111)"}"
>
DEBUG 2026-06-08 17:15:26 t_client.py:434 QUEUE SIZE: 0 (Must go: False)
DEBUG 2026-06-08 17:15:26 t_client.py:477 Control loop (ms): 44.22
DEBUG 2026-06-08 17:15:26 follower.py:184 follower_left SOFollower read state: 1.7ms
DEBUG 2026-06-08 17:15:26 follower.py:191 follower_left SOFollower read wrist: 0.0ms
DEBUG 2026-06-08 17:15:26 follower.py:184 follower_right SOFollower read state: 1.6ms
DEBUG 2026-06-08 17:15:26 follower.py:191 follower_right SOFollower read wrist: 0.0ms
DEBUG 2026-06-08 17:15:26 t_client.py:198 Observation serialization time: 0.006039s
DEBUG 2026-06-08 17:15:26 ort/utils.py:54 [CLIENT] Observation Buffer size 4.395498275756836 MB with
ERROR 2026-06-08 17:15:26 t_client.py:214 Error sending observation #474: <_InactiveRpcError of RPC that terminated with:
	status = StatusCode.UNAVAILABLE
	details = "failed to connect to all addresses; last error: UNKNOWN: ipv4:10.145.8.86:8080: Failed to connect to remote host: connect: Connection refused (111)"
	debug_error_string = "UNKNOWN:Error received from peer  {grpc_status:14, grpc_message:"failed to connect to all addresses; last error: UNKNOWN: ipv4:10.145.8.86:8080: Failed to connect to remote host: connect: Connection refused (111)"}"
>
DEBUG 2026-06-08 17:15:26 t_client.py:434 QUEUE SIZE: 0 (Must go: False)
DEBUG 2026-06-08 17:15:26 t_client.py:477 Control loop (ms): 40.00
DEBUG 2026-06-08 17:15:26 follower.py:184 follower_left SOFollower read state: 1.7ms
DEBUG 2026-06-08 17:15:26 follower.py:191 follower_left SOFollower read wrist: 0.0ms
DEBUG 2026-06-08 17:15:26 follower.py:184 follower_right SOFollower read state: 1.6ms
DEBUG 2026-06-08 17:15:26 follower.py:191 follower_right SOFollower read wrist: 0.0ms
DEBUG 2026-06-08 17:15:26 t_client.py:198 Observation serialization time: 0.007294s
DEBUG 2026-06-08 17:15:26 ort/utils.py:54 [CLIENT] Observation Buffer size 4.395498275756836 MB with
ERROR 2026-06-08 17:15:26 t_client.py:214 Error sending observation #474: <_InactiveRpcError of RPC that terminated with:
	status = StatusCode.UNAVAILABLE
	details = "failed to connect to all addresses; last error: UNKNOWN: ipv4:10.145.8.86:8080: Failed to connect to remote host: connect: Connection refused (111)"
	debug_error_string = "UNKNOWN:Error received from peer  {grpc_message:"failed to connect to all addresses; last error: UNKNOWN: ipv4:10.145.8.86:8080: Failed to connect to remote host: connect: Connection refused (111)", grpc_status:14}"
>
DEBUG 2026-06-08 17:15:26 t_client.py:434 QUEUE SIZE: 0 (Must go: False)
DEBUG 2026-06-08 17:15:26 t_client.py:477 Control loop (ms): 46.16
DEBUG 2026-06-08 17:15:26 follower.py:184 follower_left SOFollower read state: 2.3ms
DEBUG 2026-06-08 17:15:26 follower.py:191 follower_left SOFollower read wrist: 0.1ms
DEBUG 2026-06-08 17:15:26 follower.py:184 follower_right SOFollower read state: 2.4ms
DEBUG 2026-06-08 17:15:26 follower.py:191 follower_right SOFollower read wrist: 0.0ms
DEBUG 2026-06-08 17:15:26 t_client.py:198 Observation serialization time: 0.008385s
DEBUG 2026-06-08 17:15:26 ort/utils.py:54 [CLIENT] Observation Buffer size 4.395498275756836 MB with
ERROR 2026-06-08 17:15:26 t_client.py:214 Error sending observation #474: <_InactiveRpcError of RPC that terminated with:
	status = StatusCode.UNAVAILABLE
	details = "failed to connect to all addresses; last error: UNKNOWN: ipv4:10.145.8.86:8080: Failed to connect to remote host: connect: Connection refused (111)"
	debug_error_string = "UNKNOWN:Error received from peer  {grpc_message:"failed to connect to all addresses; last error: UNKNOWN: ipv4:10.145.8.86:8080: Failed to connect to remote host: connect: Connection refused (111)", grpc_status:14}"
>
DEBUG 2026-06-08 17:15:26 t_client.py:434 QUEUE SIZE: 0 (Must go: False)
DEBUG 2026-06-08 17:15:26 t_client.py:477 Control loop (ms): 48.51
DEBUG 2026-06-08 17:15:26 follower.py:184 follower_left SOFollower read state: 1.9ms
DEBUG 2026-06-08 17:15:26 follower.py:191 follower_left SOFollower read wrist: 0.0ms
DEBUG 2026-06-08 17:15:26 follower.py:184 follower_right SOFollower read state: 2.0ms
DEBUG 2026-06-08 17:15:26 follower.py:191 follower_right SOFollower read wrist: 0.0ms
DEBUG 2026-06-08 17:15:26 t_client.py:198 Observation serialization time: 0.006872s
DEBUG 2026-06-08 17:15:26 ort/utils.py:54 [CLIENT] Observation Buffer size 4.395498275756836 MB with
ERROR 2026-06-08 17:15:26 t_client.py:214 Error sending observation #474: <_InactiveRpcError of RPC that terminated with:
	status = StatusCode.UNAVAILABLE
	details = "failed to connect to all addresses; last error: UNKNOWN: ipv4:10.145.8.86:8080: Failed to connect to remote host: connect: Connection refused (111)"
	debug_error_string = "UNKNOWN:Error received from peer  {grpc_message:"failed to connect to all addresses; last error: UNKNOWN: ipv4:10.145.8.86:8080: Failed to connect to remote host: connect: Connection refused (111)", grpc_status:14}"
>
DEBUG 2026-06-08 17:15:26 t_client.py:434 QUEUE SIZE: 0 (Must go: False)
DEBUG 2026-06-08 17:15:26 t_client.py:477 Control loop (ms): 43.13
DEBUG 2026-06-08 17:15:26 follower.py:184 follower_left SOFollower read state: 2.2ms
DEBUG 2026-06-08 17:15:26 follower.py:191 follower_left SOFollower read wrist: 0.0ms
DEBUG 2026-06-08 17:15:26 follower.py:184 follower_right SOFollower read state: 2.1ms
DEBUG 2026-06-08 17:15:26 follower.py:191 follower_right SOFollower read wrist: 0.0ms
DEBUG 2026-06-08 17:15:26 t_client.py:198 Observation serialization time: 0.006513s
DEBUG 2026-06-08 17:15:26 ort/utils.py:54 [CLIENT] Observation Buffer size 4.395498275756836 MB with
ERROR 2026-06-08 17:15:26 t_client.py:214 Error sending observation #474: <_InactiveRpcError of RPC that terminated with:
	status = StatusCode.UNAVAILABLE
	details = "failed to connect to all addresses; last error: UNKNOWN: ipv4:10.145.8.86:8080: Failed to connect to remote host: connect: Connection refused (111)"
	debug_error_string = "UNKNOWN:Error received from peer  {grpc_status:14, grpc_message:"failed to connect to all addresses; last error: UNKNOWN: ipv4:10.145.8.86:8080: Failed to connect to remote host: connect: Connection refused (111)"}"
>
DEBUG 2026-06-08 17:15:26 t_client.py:434 QUEUE SIZE: 0 (Must go: False)
DEBUG 2026-06-08 17:15:26 t_client.py:477 Control loop (ms): 47.12
ERROR 2026-06-08 17:15:26 t_client.py:359 Error receiving actions: <_InactiveRpcError of RPC that terminated with:
	status = StatusCode.UNAVAILABLE
	details = "failed to connect to all addresses; last error: UNKNOWN: ipv4:10.145.8.86:8080: Failed to connect to remote host: connect: Connection refused (111)"
	debug_error_string = "UNKNOWN:Error received from peer  {grpc_status:14, grpc_message:"failed to connect to all addresses; last error: UNKNOWN: ipv4:10.145.8.86:8080: Failed to connect to remote host: connect: Connection refused (111)"}"
>
DEBUG 2026-06-08 17:15:26 follower.py:184 follower_left SOFollower read state: 2.5ms
DEBUG 2026-06-08 17:15:26 follower.py:191 follower_left SOFollower read wrist: 0.0ms
DEBUG 2026-06-08 17:15:26 follower.py:184 follower_right SOFollower read state: 1.8ms
DEBUG 2026-06-08 17:15:26 follower.py:191 follower_right SOFollower read wrist: 0.0ms
DEBUG 2026-06-08 17:15:26 t_client.py:198 Observation serialization time: 0.005805s
DEBUG 2026-06-08 17:15:26 ort/utils.py:54 [CLIENT] Observation Buffer size 4.395498275756836 MB with
ERROR 2026-06-08 17:15:26 t_client.py:214 Error sending observation #474: <_InactiveRpcError of RPC that terminated with:
	status = StatusCode.UNAVAILABLE
	details = "failed to connect to all addresses; last error: UNKNOWN: ipv4:10.145.8.86:8080: Failed to connect to remote host: connect: Connection refused (111)"
	debug_error_string = "UNKNOWN:Error received from peer  {grpc_status:14, grpc_message:"failed to connect to all addresses; last error: UNKNOWN: ipv4:10.145.8.86:8080: Failed to connect to remote host: connect: Connection refused (111)"}"
>
DEBUG 2026-06-08 17:15:26 t_client.py:434 QUEUE SIZE: 0 (Must go: False)
DEBUG 2026-06-08 17:15:26 t_client.py:477 Control loop (ms): 45.45
DEBUG 2026-06-08 17:15:26 follower.py:184 follower_left SOFollower read state: 5.9ms
DEBUG 2026-06-08 17:15:26 follower.py:191 follower_left SOFollower read wrist: 0.0ms
DEBUG 2026-06-08 17:15:26 follower.py:184 follower_right SOFollower read state: 1.8ms
DEBUG 2026-06-08 17:15:26 follower.py:191 follower_right SOFollower read wrist: 0.0ms
DEBUG 2026-06-08 17:15:26 t_client.py:198 Observation serialization time: 0.005579s
DEBUG 2026-06-08 17:15:26 ort/utils.py:54 [CLIENT] Observation Buffer size 4.395498275756836 MB with
ERROR 2026-06-08 17:15:26 t_client.py:214 Error sending observation #474: <_InactiveRpcError of RPC that terminated with:
	status = StatusCode.UNAVAILABLE
	details = "failed to connect to all addresses; last error: UNKNOWN: ipv4:10.145.8.86:8080: Failed to connect to remote host: connect: Connection refused (111)"
	debug_error_string = "UNKNOWN:Error received from peer  {grpc_message:"failed to connect to all addresses; last error: UNKNOWN: ipv4:10.145.8.86:8080: Failed to connect to remote host: connect: Connection refused (111)", grpc_status:14}"
>
DEBUG 2026-06-08 17:15:26 t_client.py:434 QUEUE SIZE: 0 (Must go: False)
DEBUG 2026-06-08 17:15:26 t_client.py:477 Control loop (ms): 48.69
DEBUG 2026-06-08 17:15:26 follower.py:184 follower_left SOFollower read state: 2.4ms
DEBUG 2026-06-08 17:15:26 follower.py:191 follower_left SOFollower read wrist: 0.0ms
DEBUG 2026-06-08 17:15:26 follower.py:184 follower_right SOFollower read state: 1.9ms
DEBUG 2026-06-08 17:15:26 follower.py:191 follower_right SOFollower read wrist: 0.0ms
DEBUG 2026-06-08 17:15:26 t_client.py:198 Observation serialization time: 0.006848s
DEBUG 2026-06-08 17:15:26 ort/utils.py:54 [CLIENT] Observation Buffer size 4.395498275756836 MB with
ERROR 2026-06-08 17:15:26 t_client.py:214 Error sending observation #474: <_InactiveRpcError of RPC that terminated with:
	status = StatusCode.UNAVAILABLE
	details = "failed to connect to all addresses; last error: UNKNOWN: ipv4:10.145.8.86:8080: Failed to connect to remote host: connect: Connection refused (111)"
	debug_error_string = "UNKNOWN:Error received from peer  {grpc_status:14, grpc_message:"failed to connect to all addresses; last error: UNKNOWN: ipv4:10.145.8.86:8080: Failed to connect to remote host: connect: Connection refused (111)"}"
>
DEBUG 2026-06-08 17:15:26 t_client.py:434 QUEUE SIZE: 0 (Must go: False)
DEBUG 2026-06-08 17:15:26 t_client.py:477 Control loop (ms): 47.33
DEBUG 2026-06-08 17:15:26 follower.py:184 follower_left SOFollower read state: 2.2ms
DEBUG 2026-06-08 17:15:26 follower.py:191 follower_left SOFollower read wrist: 0.0ms
DEBUG 2026-06-08 17:15:26 follower.py:184 follower_right SOFollower read state: 2.0ms
DEBUG 2026-06-08 17:15:26 follower.py:191 follower_right SOFollower read wrist: 0.0ms
DEBUG 2026-06-08 17:15:26 t_client.py:198 Observation serialization time: 0.005495s
DEBUG 2026-06-08 17:15:26 ort/utils.py:54 [CLIENT] Observation Buffer size 4.395498275756836 MB with
ERROR 2026-06-08 17:15:26 t_client.py:214 Error sending observation #474: <_InactiveRpcError of RPC that terminated with:
	status = StatusCode.UNAVAILABLE
	details = "failed to connect to all addresses; last error: UNKNOWN: ipv4:10.145.8.86:8080: Failed to connect to remote host: connect: Connection refused (111)"
	debug_error_string = "UNKNOWN:Error received from peer  {grpc_status:14, grpc_message:"failed to connect to all addresses; last error: UNKNOWN: ipv4:10.145.8.86:8080: Failed to connect to remote host: connect: Connection refused (111)"}"
>
DEBUG 2026-06-08 17:15:26 t_client.py:434 QUEUE SIZE: 0 (Must go: False)
DEBUG 2026-06-08 17:15:26 t_client.py:477 Control loop (ms): 41.81
DEBUG 2026-06-08 17:15:26 follower.py:184 follower_left SOFollower read state: 2.0ms
DEBUG 2026-06-08 17:15:26 follower.py:191 follower_left SOFollower read wrist: 0.0ms
DEBUG 2026-06-08 17:15:26 follower.py:184 follower_right SOFollower read state: 2.1ms
DEBUG 2026-06-08 17:15:26 follower.py:191 follower_right SOFollower read wrist: 0.1ms
DEBUG 2026-06-08 17:15:26 t_client.py:198 Observation serialization time: 0.006485s
DEBUG 2026-06-08 17:15:26 ort/utils.py:54 [CLIENT] Observation Buffer size 4.395498275756836 MB with
ERROR 2026-06-08 17:15:26 t_client.py:214 Error sending observation #474: <_InactiveRpcError of RPC that terminated with:
	status = StatusCode.UNAVAILABLE
	details = "failed to connect to all addresses; last error: UNKNOWN: ipv4:10.145.8.86:8080: Failed to connect to remote host: connect: Connection refused (111)"
	debug_error_string = "UNKNOWN:Error received from peer  {grpc_message:"failed to connect to all addresses; last error: UNKNOWN: ipv4:10.145.8.86:8080: Failed to connect to remote host: connect: Connection refused (111)", grpc_status:14}"
>
DEBUG 2026-06-08 17:15:26 t_client.py:434 QUEUE SIZE: 0 (Must go: False)
DEBUG 2026-06-08 17:15:26 t_client.py:477 Control loop (ms): 47.42
DEBUG 2026-06-08 17:15:26 follower.py:184 follower_left SOFollower read state: 2.4ms
DEBUG 2026-06-08 17:15:26 follower.py:191 follower_left SOFollower read wrist: 0.1ms
DEBUG 2026-06-08 17:15:26 follower.py:184 follower_right SOFollower read state: 2.2ms
DEBUG 2026-06-08 17:15:26 follower.py:191 follower_right SOFollower read wrist: 0.0ms
DEBUG 2026-06-08 17:15:26 t_client.py:198 Observation serialization time: 0.006196s
DEBUG 2026-06-08 17:15:26 ort/utils.py:54 [CLIENT] Observation Buffer size 4.395498275756836 MB with
ERROR 2026-06-08 17:15:26 t_client.py:214 Error sending observation #474: <_InactiveRpcError of RPC that terminated with:
	status = StatusCode.UNAVAILABLE
	details = "failed to connect to all addresses; last error: UNKNOWN: ipv4:10.145.8.86:8080: Failed to connect to remote host: connect: Connection refused (111)"
	debug_error_string = "UNKNOWN:Error received from peer  {grpc_message:"failed to connect to all addresses; last error: UNKNOWN: ipv4:10.145.8.86:8080: Failed to connect to remote host: connect: Connection refused (111)", grpc_status:14}"
>
DEBUG 2026-06-08 17:15:26 t_client.py:434 QUEUE SIZE: 0 (Must go: False)
DEBUG 2026-06-08 17:15:26 t_client.py:477 Control loop (ms): 50.28
DEBUG 2026-06-08 17:15:26 follower.py:184 follower_left SOFollower read state: 2.4ms
DEBUG 2026-06-08 17:15:26 follower.py:191 follower_left SOFollower read wrist: 0.0ms
DEBUG 2026-06-08 17:15:26 follower.py:184 follower_right SOFollower read state: 2.3ms
DEBUG 2026-06-08 17:15:26 follower.py:191 follower_right SOFollower read wrist: 0.0ms
DEBUG 2026-06-08 17:15:26 t_client.py:198 Observation serialization time: 0.008706s
DEBUG 2026-06-08 17:15:26 ort/utils.py:54 [CLIENT] Observation Buffer size 4.395498275756836 MB with
ERROR 2026-06-08 17:15:26 t_client.py:214 Error sending observation #474: <_InactiveRpcError of RPC that terminated with:
	status = StatusCode.UNAVAILABLE
	details = "failed to connect to all addresses; last error: UNKNOWN: ipv4:10.145.8.86:8080: Failed to connect to remote host: connect: Connection refused (111)"
	debug_error_string = "UNKNOWN:Error received from peer  {grpc_status:14, grpc_message:"failed to connect to all addresses; last error: UNKNOWN: ipv4:10.145.8.86:8080: Failed to connect to remote host: connect: Connection refused (111)"}"
>
DEBUG 2026-06-08 17:15:26 t_client.py:434 QUEUE SIZE: 0 (Must go: False)
DEBUG 2026-06-08 17:15:26 t_client.py:477 Control loop (ms): 50.80
DEBUG 2026-06-08 17:15:26 follower.py:184 follower_left SOFollower read state: 2.6ms
DEBUG 2026-06-08 17:15:26 follower.py:191 follower_left SOFollower read wrist: 0.1ms
DEBUG 2026-06-08 17:15:26 follower.py:184 follower_right SOFollower read state: 2.4ms
DEBUG 2026-06-08 17:15:26 follower.py:191 follower_right SOFollower read wrist: 0.0ms
DEBUG 2026-06-08 17:15:26 t_client.py:198 Observation serialization time: 0.007335s
DEBUG 2026-06-08 17:15:26 ort/utils.py:54 [CLIENT] Observation Buffer size 4.395498275756836 MB with
ERROR 2026-06-08 17:15:26 t_client.py:214 Error sending observation #474: <_InactiveRpcError of RPC that terminated with:
	status = StatusCode.UNAVAILABLE
	details = "failed to connect to all addresses; last error: UNKNOWN: ipv4:10.145.8.86:8080: Failed to connect to remote host: connect: Connection refused (111)"
	debug_error_string = "UNKNOWN:Error received from peer  {grpc_message:"failed to connect to all addresses; last error: UNKNOWN: ipv4:10.145.8.86:8080: Failed to connect to remote host: connect: Connection refused (111)", grpc_status:14}"
>
DEBUG 2026-06-08 17:15:26 t_client.py:434 QUEUE SIZE: 0 (Must go: False)
DEBUG 2026-06-08 17:15:26 t_client.py:477 Control loop (ms): 49.69
DEBUG 2026-06-08 17:15:26 follower.py:184 follower_left SOFollower read state: 2.2ms
DEBUG 2026-06-08 17:15:26 follower.py:191 follower_left SOFollower read wrist: 0.0ms
DEBUG 2026-06-08 17:15:26 follower.py:184 follower_right SOFollower read state: 1.9ms
DEBUG 2026-06-08 17:15:26 follower.py:191 follower_right SOFollower read wrist: 0.0ms
DEBUG 2026-06-08 17:15:26 t_client.py:198 Observation serialization time: 0.007455s
DEBUG 2026-06-08 17:15:26 ort/utils.py:54 [CLIENT] Observation Buffer size 4.395498275756836 MB with
ERROR 2026-06-08 17:15:26 t_client.py:214 Error sending observation #474: <_InactiveRpcError of RPC that terminated with:
	status = StatusCode.UNAVAILABLE
	details = "failed to connect to all addresses; last error: UNKNOWN: ipv4:10.145.8.86:8080: Failed to connect to remote host: connect: Connection refused (111)"
	debug_error_string = "UNKNOWN:Error received from peer  {grpc_message:"failed to connect to all addresses; last error: UNKNOWN: ipv4:10.145.8.86:8080: Failed to connect to remote host: connect: Connection refused (111)", grpc_status:14}"
>
DEBUG 2026-06-08 17:15:26 t_client.py:434 QUEUE SIZE: 0 (Must go: False)
DEBUG 2026-06-08 17:15:26 t_client.py:477 Control loop (ms): 55.05
DEBUG 2026-06-08 17:15:26 follower.py:184 follower_left SOFollower read state: 2.1ms
DEBUG 2026-06-08 17:15:26 follower.py:191 follower_left SOFollower read wrist: 0.0ms
DEBUG 2026-06-08 17:15:26 follower.py:184 follower_right SOFollower read state: 2.0ms
DEBUG 2026-06-08 17:15:26 follower.py:191 follower_right SOFollower read wrist: 0.0ms
DEBUG 2026-06-08 17:15:27 t_client.py:198 Observation serialization time: 0.008007s
DEBUG 2026-06-08 17:15:27 ort/utils.py:54 [CLIENT] Observation Buffer size 4.395498275756836 MB with
ERROR 2026-06-08 17:15:27 t_client.py:359 Error receiving actions: <_InactiveRpcError of RPC that terminated with:
	status = StatusCode.UNAVAILABLE
	details = "failed to connect to all addresses; last error: UNKNOWN: ipv4:10.145.8.86:8080: Failed to connect to remote host: connect: Connection refused (111)"
	debug_error_string = "UNKNOWN:Error received from peer  {grpc_status:14, grpc_message:"failed to connect to all addresses; last error: UNKNOWN: ipv4:10.145.8.86:8080: Failed to connect to remote host: connect: Connection refused (111)"}"
>
ERROR 2026-06-08 17:15:27 t_client.py:214 Error sending observation #474: <_InactiveRpcError of RPC that terminated with:
	status = StatusCode.UNAVAILABLE
	details = "failed to connect to all addresses; last error: UNKNOWN: ipv4:10.145.8.86:8080: Failed to connect to remote host: connect: Connection refused (111)"
	debug_error_string = "UNKNOWN:Error received from peer  {grpc_message:"failed to connect to all addresses; last error: UNKNOWN: ipv4:10.145.8.86:8080: Failed to connect to remote host: connect: Connection refused (111)", grpc_status:14}"
>
DEBUG 2026-06-08 17:15:27 t_client.py:434 QUEUE SIZE: 0 (Must go: False)
DEBUG 2026-06-08 17:15:27 t_client.py:477 Control loop (ms): 55.30
DEBUG 2026-06-08 17:15:27 follower.py:184 follower_left SOFollower read state: 1.9ms
DEBUG 2026-06-08 17:15:27 follower.py:191 follower_left SOFollower read wrist: 0.0ms
DEBUG 2026-06-08 17:15:27 follower.py:184 follower_right SOFollower read state: 1.6ms
DEBUG 2026-06-08 17:15:27 follower.py:191 follower_right SOFollower read wrist: 0.0ms
DEBUG 2026-06-08 17:15:27 t_client.py:198 Observation serialization time: 0.006854s
DEBUG 2026-06-08 17:15:27 ort/utils.py:54 [CLIENT] Observation Buffer size 4.395498275756836 MB with
ERROR 2026-06-08 17:15:27 t_client.py:214 Error sending observation #474: <_InactiveRpcError of RPC that terminated with:
	status = StatusCode.UNAVAILABLE
	details = "failed to connect to all addresses; last error: UNKNOWN: ipv4:10.145.8.86:8080: Failed to connect to remote host: connect: Connection refused (111)"
	debug_error_string = "UNKNOWN:Error received from peer  {grpc_status:14, grpc_message:"failed to connect to all addresses; last error: UNKNOWN: ipv4:10.145.8.86:8080: Failed to connect to remote host: connect: Connection refused (111)"}"
>
DEBUG 2026-06-08 17:15:27 t_client.py:434 QUEUE SIZE: 0 (Must go: False)
DEBUG 2026-06-08 17:15:27 t_client.py:477 Control loop (ms): 51.13
DEBUG 2026-06-08 17:15:27 follower.py:184 follower_left SOFollower read state: 1.9ms
DEBUG 2026-06-08 17:15:27 follower.py:191 follower_left SOFollower read wrist: 0.0ms
DEBUG 2026-06-08 17:15:27 follower.py:184 follower_right SOFollower read state: 1.8ms
DEBUG 2026-06-08 17:15:27 follower.py:191 follower_right SOFollower read wrist: 0.0ms
DEBUG 2026-06-08 17:15:27 t_client.py:198 Observation serialization time: 0.008144s
DEBUG 2026-06-08 17:15:27 ort/utils.py:54 [CLIENT] Observation Buffer size 4.395498275756836 MB with
ERROR 2026-06-08 17:15:27 t_client.py:214 Error sending observation #474: <_InactiveRpcError of RPC that terminated with:
	status = StatusCode.UNAVAILABLE
	details = "failed to connect to all addresses; last error: UNKNOWN: ipv4:10.145.8.86:8080: Failed to connect to remote host: connect: Connection refused (111)"
	debug_error_string = "UNKNOWN:Error received from peer  {grpc_status:14, grpc_message:"failed to connect to all addresses; last error: UNKNOWN: ipv4:10.145.8.86:8080: Failed to connect to remote host: connect: Connection refused (111)"}"
>
DEBUG 2026-06-08 17:15:27 t_client.py:434 QUEUE SIZE: 0 (Must go: False)
DEBUG 2026-06-08 17:15:27 t_client.py:477 Control loop (ms): 55.30
DEBUG 2026-06-08 17:15:27 follower.py:184 follower_left SOFollower read state: 2.2ms
DEBUG 2026-06-08 17:15:27 follower.py:191 follower_left SOFollower read wrist: 0.0ms
DEBUG 2026-06-08 17:15:27 follower.py:184 follower_right SOFollower read state: 1.7ms
DEBUG 2026-06-08 17:15:27 follower.py:191 follower_right SOFollower read wrist: 0.0ms
DEBUG 2026-06-08 17:15:27 t_client.py:198 Observation serialization time: 0.005953s
DEBUG 2026-06-08 17:15:27 ort/utils.py:54 [CLIENT] Observation Buffer size 4.395498275756836 MB with
ERROR 2026-06-08 17:15:27 t_client.py:214 Error sending observation #474: <_InactiveRpcError of RPC that terminated with:
	status = StatusCode.UNAVAILABLE
	details = "failed to connect to all addresses; last error: UNKNOWN: ipv4:10.145.8.86:8080: Failed to connect to remote host: connect: Connection refused (111)"
	debug_error_string = "UNKNOWN:Error received from peer  {grpc_message:"failed to connect to all addresses; last error: UNKNOWN: ipv4:10.145.8.86:8080: Failed to connect to remote host: connect: Connection refused (111)", grpc_status:14}"
>
DEBUG 2026-06-08 17:15:27 t_client.py:434 QUEUE SIZE: 0 (Must go: False)
DEBUG 2026-06-08 17:15:27 t_client.py:477 Control loop (ms): 40.08
DEBUG 2026-06-08 17:15:27 follower.py:184 follower_left SOFollower read state: 1.9ms
DEBUG 2026-06-08 17:15:27 follower.py:191 follower_left SOFollower read wrist: 0.0ms
DEBUG 2026-06-08 17:15:27 follower.py:184 follower_right SOFollower read state: 1.7ms
DEBUG 2026-06-08 17:15:27 follower.py:191 follower_right SOFollower read wrist: 0.0ms
DEBUG 2026-06-08 17:15:27 t_client.py:198 Observation serialization time: 0.003867s
DEBUG 2026-06-08 17:15:27 ort/utils.py:54 [CLIENT] Observation Buffer size 4.395498275756836 MB with
ERROR 2026-06-08 17:15:27 t_client.py:214 Error sending observation #474: <_InactiveRpcError of RPC that terminated with:
	status = StatusCode.UNAVAILABLE
	details = "failed to connect to all addresses; last error: UNKNOWN: ipv4:10.145.8.86:8080: Failed to connect to remote host: connect: Connection refused (111)"
	debug_error_string = "UNKNOWN:Error received from peer  {grpc_status:14, grpc_message:"failed to connect to all addresses; last error: UNKNOWN: ipv4:10.145.8.86:8080: Failed to connect to remote host: connect: Connection refused (111)"}"
>
DEBUG 2026-06-08 17:15:27 t_client.py:434 QUEUE SIZE: 0 (Must go: False)
DEBUG 2026-06-08 17:15:27 t_client.py:477 Control loop (ms): 42.90
DEBUG 2026-06-08 17:15:27 follower.py:184 follower_left SOFollower read state: 2.4ms
DEBUG 2026-06-08 17:15:27 follower.py:191 follower_left SOFollower read wrist: 0.0ms
DEBUG 2026-06-08 17:15:27 follower.py:184 follower_right SOFollower read state: 2.1ms
DEBUG 2026-06-08 17:15:27 follower.py:191 follower_right SOFollower read wrist: 0.0ms
DEBUG 2026-06-08 17:15:27 t_client.py:198 Observation serialization time: 0.009462s
DEBUG 2026-06-08 17:15:27 ort/utils.py:54 [CLIENT] Observation Buffer size 4.395498275756836 MB with
ERROR 2026-06-08 17:15:27 t_client.py:214 Error sending observation #474: <_InactiveRpcError of RPC that terminated with:
	status = StatusCode.UNAVAILABLE
	details = "failed to connect to all addresses; last error: UNKNOWN: ipv4:10.145.8.86:8080: Failed to connect to remote host: connect: Connection refused (111)"
	debug_error_string = "UNKNOWN:Error received from peer  {grpc_message:"failed to connect to all addresses; last error: UNKNOWN: ipv4:10.145.8.86:8080: Failed to connect to remote host: connect: Connection refused (111)", grpc_status:14}"
>
DEBUG 2026-06-08 17:15:27 t_client.py:434 QUEUE SIZE: 0 (Must go: False)
DEBUG 2026-06-08 17:15:27 t_client.py:477 Control loop (ms): 56.58
DEBUG 2026-06-08 17:15:27 follower.py:184 follower_left SOFollower read state: 2.6ms
DEBUG 2026-06-08 17:15:27 follower.py:191 follower_left SOFollower read wrist: 0.1ms
DEBUG 2026-06-08 17:15:27 follower.py:184 follower_right SOFollower read state: 2.3ms
DEBUG 2026-06-08 17:15:27 follower.py:191 follower_right SOFollower read wrist: 0.1ms
DEBUG 2026-06-08 17:15:27 t_client.py:198 Observation serialization time: 0.006008s
DEBUG 2026-06-08 17:15:27 ort/utils.py:54 [CLIENT] Observation Buffer size 4.395498275756836 MB with
ERROR 2026-06-08 17:15:27 t_client.py:214 Error sending observation #474: <_InactiveRpcError of RPC that terminated with:
	status = StatusCode.UNAVAILABLE
	details = "failed to connect to all addresses; last error: UNKNOWN: ipv4:10.145.8.86:8080: Failed to connect to remote host: connect: Connection refused (111)"
	debug_error_string = "UNKNOWN:Error received from peer  {grpc_message:"failed to connect to all addresses; last error: UNKNOWN: ipv4:10.145.8.86:8080: Failed to connect to remote host: connect: Connection refused (111)", grpc_status:14}"
>
DEBUG 2026-06-08 17:15:27 t_client.py:434 QUEUE SIZE: 0 (Must go: False)
DEBUG 2026-06-08 17:15:27 t_client.py:477 Control loop (ms): 51.02
DEBUG 2026-06-08 17:15:27 follower.py:184 follower_left SOFollower read state: 2.2ms
DEBUG 2026-06-08 17:15:27 follower.py:191 follower_left SOFollower read wrist: 0.0ms
DEBUG 2026-06-08 17:15:27 follower.py:184 follower_right SOFollower read state: 2.0ms
DEBUG 2026-06-08 17:15:27 follower.py:191 follower_right SOFollower read wrist: 0.0ms
DEBUG 2026-06-08 17:15:27 t_client.py:198 Observation serialization time: 0.008420s
DEBUG 2026-06-08 17:15:27 ort/utils.py:54 [CLIENT] Observation Buffer size 4.395498275756836 MB with
ERROR 2026-06-08 17:15:27 t_client.py:214 Error sending observation #474: <_InactiveRpcError of RPC that terminated with:
	status = StatusCode.UNAVAILABLE
	details = "failed to connect to all addresses; last error: UNKNOWN: ipv4:10.145.8.86:8080: Failed to connect to remote host: connect: Connection refused (111)"
	debug_error_string = "UNKNOWN:Error received from peer  {grpc_message:"failed to connect to all addresses; last error: UNKNOWN: ipv4:10.145.8.86:8080: Failed to connect to remote host: connect: Connection refused (111)", grpc_status:14}"
>
DEBUG 2026-06-08 17:15:27 t_client.py:434 QUEUE SIZE: 0 (Must go: False)
DEBUG 2026-06-08 17:15:27 t_client.py:477 Control loop (ms): 44.44
DEBUG 2026-06-08 17:15:27 follower.py:184 follower_left SOFollower read state: 2.4ms
DEBUG 2026-06-08 17:15:27 follower.py:191 follower_left SOFollower read wrist: 0.0ms
DEBUG 2026-06-08 17:15:27 follower.py:184 follower_right SOFollower read state: 2.5ms
DEBUG 2026-06-08 17:15:27 follower.py:191 follower_right SOFollower read wrist: 0.0ms
DEBUG 2026-06-08 17:15:27 t_client.py:198 Observation serialization time: 0.009689s
DEBUG 2026-06-08 17:15:27 ort/utils.py:54 [CLIENT] Observation Buffer size 4.395498275756836 MB with
ERROR 2026-06-08 17:15:27 t_client.py:214 Error sending observation #474: <_InactiveRpcError of RPC that terminated with:
	status = StatusCode.UNAVAILABLE
	details = "failed to connect to all addresses; last error: UNKNOWN: ipv4:10.145.8.86:8080: Failed to connect to remote host: connect: Connection refused (111)"
	debug_error_string = "UNKNOWN:Error received from peer  {grpc_message:"failed to connect to all addresses; last error: UNKNOWN: ipv4:10.145.8.86:8080: Failed to connect to remote host: connect: Connection refused (111)", grpc_status:14}"
>
DEBUG 2026-06-08 17:15:27 t_client.py:434 QUEUE SIZE: 0 (Must go: False)
DEBUG 2026-06-08 17:15:27 t_client.py:477 Control loop (ms): 49.79
DEBUG 2026-06-08 17:15:27 follower.py:184 follower_left SOFollower read state: 2.2ms
DEBUG 2026-06-08 17:15:27 follower.py:191 follower_left SOFollower read wrist: 0.0ms
DEBUG 2026-06-08 17:15:27 follower.py:184 follower_right SOFollower read state: 1.6ms
DEBUG 2026-06-08 17:15:27 follower.py:191 follower_right SOFollower read wrist: 0.0ms
DEBUG 2026-06-08 17:15:27 t_client.py:198 Observation serialization time: 0.004772s
DEBUG 2026-06-08 17:15:27 ort/utils.py:54 [CLIENT] Observation Buffer size 4.395498275756836 MB with
ERROR 2026-06-08 17:15:27 t_client.py:214 Error sending observation #474: <_InactiveRpcError of RPC that terminated with:
	status = StatusCode.UNAVAILABLE
	details = "failed to connect to all addresses; last error: UNKNOWN: ipv4:10.145.8.86:8080: Failed to connect to remote host: connect: Connection refused (111)"
	debug_error_string = "UNKNOWN:Error received from peer  {grpc_status:14, grpc_message:"failed to connect to all addresses; last error: UNKNOWN: ipv4:10.145.8.86:8080: Failed to connect to remote host: connect: Connection refused (111)"}"
>
DEBUG 2026-06-08 17:15:27 t_client.py:434 QUEUE SIZE: 0 (Must go: False)
DEBUG 2026-06-08 17:15:27 t_client.py:477 Control loop (ms): 43.89
DEBUG 2026-06-08 17:15:27 follower.py:184 follower_left SOFollower read state: 2.3ms
DEBUG 2026-06-08 17:15:27 follower.py:191 follower_left SOFollower read wrist: 0.0ms
DEBUG 2026-06-08 17:15:27 follower.py:184 follower_right SOFollower read state: 1.7ms
DEBUG 2026-06-08 17:15:27 follower.py:191 follower_right SOFollower read wrist: 0.0ms
DEBUG 2026-06-08 17:15:27 t_client.py:198 Observation serialization time: 0.006826s
DEBUG 2026-06-08 17:15:27 ort/utils.py:54 [CLIENT] Observation Buffer size 4.395498275756836 MB with
ERROR 2026-06-08 17:15:27 t_client.py:214 Error sending observation #474: <_InactiveRpcError of RPC that terminated with:
	status = StatusCode.UNAVAILABLE
	details = "failed to connect to all addresses; last error: UNKNOWN: ipv4:10.145.8.86:8080: Failed to connect to remote host: connect: Connection refused (111)"
	debug_error_string = "UNKNOWN:Error received from peer  {grpc_message:"failed to connect to all addresses; last error: UNKNOWN: ipv4:10.145.8.86:8080: Failed to connect to remote host: connect: Connection refused (111)", grpc_status:14}"
>
DEBUG 2026-06-08 17:15:27 t_client.py:434 QUEUE SIZE: 0 (Must go: False)
DEBUG 2026-06-08 17:15:27 t_client.py:477 Control loop (ms): 46.06
DEBUG 2026-06-08 17:15:27 follower.py:184 follower_left SOFollower read state: 2.0ms
DEBUG 2026-06-08 17:15:27 follower.py:191 follower_left SOFollower read wrist: 0.0ms
DEBUG 2026-06-08 17:15:27 follower.py:184 follower_right SOFollower read state: 1.8ms
DEBUG 2026-06-08 17:15:27 follower.py:191 follower_right SOFollower read wrist: 0.0ms
DEBUG 2026-06-08 17:15:27 t_client.py:198 Observation serialization time: 0.006611s
DEBUG 2026-06-08 17:15:27 ort/utils.py:54 [CLIENT] Observation Buffer size 4.395498275756836 MB with
ERROR 2026-06-08 17:15:27 t_client.py:359 Error receiving actions: <_InactiveRpcError of RPC that terminated with:
	status = StatusCode.UNAVAILABLE
	details = "failed to connect to all addresses; last error: UNKNOWN: ipv4:10.145.8.86:8080: Failed to connect to remote host: connect: Connection refused (111)"
	debug_error_string = "UNKNOWN:Error received from peer  {grpc_status:14, grpc_message:"failed to connect to all addresses; last error: UNKNOWN: ipv4:10.145.8.86:8080: Failed to connect to remote host: connect: Connection refused (111)"}"
>
ERROR 2026-06-08 17:15:27 t_client.py:214 Error sending observation #474: <_InactiveRpcError of RPC that terminated with:
	status = StatusCode.UNAVAILABLE
	details = "failed to connect to all addresses; last error: UNKNOWN: ipv4:10.145.8.86:8080: Failed to connect to remote host: connect: Connection refused (111)"
	debug_error_string = "UNKNOWN:Error received from peer  {grpc_message:"failed to connect to all addresses; last error: UNKNOWN: ipv4:10.145.8.86:8080: Failed to connect to remote host: connect: Connection refused (111)", grpc_status:14}"
>
DEBUG 2026-06-08 17:15:27 t_client.py:434 QUEUE SIZE: 0 (Must go: False)
DEBUG 2026-06-08 17:15:27 t_client.py:477 Control loop (ms): 51.73
DEBUG 2026-06-08 17:15:27 follower.py:184 follower_left SOFollower read state: 2.1ms
DEBUG 2026-06-08 17:15:27 follower.py:191 follower_left SOFollower read wrist: 0.0ms
DEBUG 2026-06-08 17:15:27 follower.py:184 follower_right SOFollower read state: 2.0ms
DEBUG 2026-06-08 17:15:27 follower.py:191 follower_right SOFollower read wrist: 0.0ms
DEBUG 2026-06-08 17:15:27 t_client.py:198 Observation serialization time: 0.007709s
DEBUG 2026-06-08 17:15:27 ort/utils.py:54 [CLIENT] Observation Buffer size 4.395498275756836 MB with
ERROR 2026-06-08 17:15:27 t_client.py:214 Error sending observation #474: <_InactiveRpcError of RPC that terminated with:
	status = StatusCode.UNAVAILABLE
	details = "failed to connect to all addresses; last error: UNKNOWN: ipv4:10.145.8.86:8080: Failed to connect to remote host: connect: Connection refused (111)"
	debug_error_string = "UNKNOWN:Error received from peer  {grpc_message:"failed to connect to all addresses; last error: UNKNOWN: ipv4:10.145.8.86:8080: Failed to connect to remote host: connect: Connection refused (111)", grpc_status:14}"
>
DEBUG 2026-06-08 17:15:27 t_client.py:434 QUEUE SIZE: 0 (Must go: False)
DEBUG 2026-06-08 17:15:27 t_client.py:477 Control loop (ms): 49.69
DEBUG 2026-06-08 17:15:27 follower.py:184 follower_left SOFollower read state: 2.3ms
DEBUG 2026-06-08 17:15:27 follower.py:191 follower_left SOFollower read wrist: 0.0ms
DEBUG 2026-06-08 17:15:27 follower.py:184 follower_right SOFollower read state: 1.8ms
DEBUG 2026-06-08 17:15:27 follower.py:191 follower_right SOFollower read wrist: 0.0ms
DEBUG 2026-06-08 17:15:27 t_client.py:198 Observation serialization time: 0.008542s
DEBUG 2026-06-08 17:15:27 ort/utils.py:54 [CLIENT] Observation Buffer size 4.395498275756836 MB with
ERROR 2026-06-08 17:15:27 t_client.py:214 Error sending observation #474: <_InactiveRpcError of RPC that terminated with:
	status = StatusCode.UNAVAILABLE
	details = "failed to connect to all addresses; last error: UNKNOWN: ipv4:10.145.8.86:8080: Failed to connect to remote host: connect: Connection refused (111)"
	debug_error_string = "UNKNOWN:Error received from peer  {grpc_status:14, grpc_message:"failed to connect to all addresses; last error: UNKNOWN: ipv4:10.145.8.86:8080: Failed to connect to remote host: connect: Connection refused (111)"}"
>
DEBUG 2026-06-08 17:15:27 t_client.py:434 QUEUE SIZE: 0 (Must go: False)
DEBUG 2026-06-08 17:15:27 t_client.py:477 Control loop (ms): 50.94
DEBUG 2026-06-08 17:15:27 follower.py:184 follower_left SOFollower read state: 2.0ms
DEBUG 2026-06-08 17:15:27 follower.py:191 follower_left SOFollower read wrist: 0.0ms
DEBUG 2026-06-08 17:15:27 follower.py:184 follower_right SOFollower read state: 1.8ms
DEBUG 2026-06-08 17:15:27 follower.py:191 follower_right SOFollower read wrist: 0.0ms
DEBUG 2026-06-08 17:15:27 t_client.py:198 Observation serialization time: 0.007839s
DEBUG 2026-06-08 17:15:27 ort/utils.py:54 [CLIENT] Observation Buffer size 4.395498275756836 MB with
ERROR 2026-06-08 17:15:27 t_client.py:214 Error sending observation #474: <_InactiveRpcError of RPC that terminated with:
	status = StatusCode.UNAVAILABLE
	details = "failed to connect to all addresses; last error: UNKNOWN: ipv4:10.145.8.86:8080: Failed to connect to remote host: connect: Connection refused (111)"
	debug_error_string = "UNKNOWN:Error received from peer  {grpc_status:14, grpc_message:"failed to connect to all addresses; last error: UNKNOWN: ipv4:10.145.8.86:8080: Failed to connect to remote host: connect: Connection refused (111)"}"
>
DEBUG 2026-06-08 17:15:27 t_client.py:434 QUEUE SIZE: 0 (Must go: False)
DEBUG 2026-06-08 17:15:27 t_client.py:477 Control loop (ms): 55.77
DEBUG 2026-06-08 17:15:27 follower.py:184 follower_left SOFollower read state: 2.0ms
DEBUG 2026-06-08 17:15:27 follower.py:191 follower_left SOFollower read wrist: 0.1ms
DEBUG 2026-06-08 17:15:27 follower.py:184 follower_right SOFollower read state: 1.8ms
DEBUG 2026-06-08 17:15:27 follower.py:191 follower_right SOFollower read wrist: 0.0ms
DEBUG 2026-06-08 17:15:27 t_client.py:198 Observation serialization time: 0.007567s
DEBUG 2026-06-08 17:15:27 ort/utils.py:54 [CLIENT] Observation Buffer size 4.395498275756836 MB with
ERROR 2026-06-08 17:15:27 t_client.py:214 Error sending observation #474: <_InactiveRpcError of RPC that terminated with:
	status = StatusCode.UNAVAILABLE
	details = "failed to connect to all addresses; last error: UNKNOWN: ipv4:10.145.8.86:8080: Failed to connect to remote host: connect: Connection refused (111)"
	debug_error_string = "UNKNOWN:Error received from peer  {grpc_status:14, grpc_message:"failed to connect to all addresses; last error: UNKNOWN: ipv4:10.145.8.86:8080: Failed to connect to remote host: connect: Connection refused (111)"}"
>
DEBUG 2026-06-08 17:15:27 t_client.py:434 QUEUE SIZE: 0 (Must go: False)
DEBUG 2026-06-08 17:15:27 t_client.py:477 Control loop (ms): 51.87
DEBUG 2026-06-08 17:15:27 follower.py:184 follower_left SOFollower read state: 1.8ms
DEBUG 2026-06-08 17:15:27 follower.py:191 follower_left SOFollower read wrist: 0.0ms
DEBUG 2026-06-08 17:15:27 follower.py:184 follower_right SOFollower read state: 1.8ms
DEBUG 2026-06-08 17:15:27 follower.py:191 follower_right SOFollower read wrist: 0.0ms
DEBUG 2026-06-08 17:15:27 t_client.py:198 Observation serialization time: 0.008640s
DEBUG 2026-06-08 17:15:27 ort/utils.py:54 [CLIENT] Observation Buffer size 4.395498275756836 MB with
ERROR 2026-06-08 17:15:27 t_client.py:214 Error sending observation #474: <_InactiveRpcError of RPC that terminated with:
	status = StatusCode.UNAVAILABLE
	details = "failed to connect to all addresses; last error: UNKNOWN: ipv4:10.145.8.86:8080: Failed to connect to remote host: connect: Connection refused (111)"
	debug_error_string = "UNKNOWN:Error received from peer  {grpc_message:"failed to connect to all addresses; last error: UNKNOWN: ipv4:10.145.8.86:8080: Failed to connect to remote host: connect: Connection refused (111)", grpc_status:14}"
>
DEBUG 2026-06-08 17:15:27 t_client.py:434 QUEUE SIZE: 0 (Must go: False)
DEBUG 2026-06-08 17:15:27 t_client.py:477 Control loop (ms): 44.89
DEBUG 2026-06-08 17:15:27 follower.py:184 follower_left SOFollower read state: 2.0ms
DEBUG 2026-06-08 17:15:27 follower.py:191 follower_left SOFollower read wrist: 0.0ms
DEBUG 2026-06-08 17:15:27 follower.py:184 follower_right SOFollower read state: 1.7ms
DEBUG 2026-06-08 17:15:27 follower.py:191 follower_right SOFollower read wrist: 0.0ms
DEBUG 2026-06-08 17:15:27 t_client.py:198 Observation serialization time: 0.006438s
DEBUG 2026-06-08 17:15:27 ort/utils.py:54 [CLIENT] Observation Buffer size 4.395498275756836 MB with
ERROR 2026-06-08 17:15:27 t_client.py:214 Error sending observation #474: <_InactiveRpcError of RPC that terminated with:
	status = StatusCode.UNAVAILABLE
	details = "failed to connect to all addresses; last error: UNKNOWN: ipv4:10.145.8.86:8080: Failed to connect to remote host: connect: Connection refused (111)"
	debug_error_string = "UNKNOWN:Error received from peer  {grpc_message:"failed to connect to all addresses; last error: UNKNOWN: ipv4:10.145.8.86:8080: Failed to connect to remote host: connect: Connection refused (111)", grpc_status:14}"
>
DEBUG 2026-06-08 17:15:27 t_client.py:434 QUEUE SIZE: 0 (Must go: False)
DEBUG 2026-06-08 17:15:27 t_client.py:477 Control loop (ms): 55.96
DEBUG 2026-06-08 17:15:27 follower.py:184 follower_left SOFollower read state: 2.3ms
DEBUG 2026-06-08 17:15:27 follower.py:191 follower_left SOFollower read wrist: 0.0ms
DEBUG 2026-06-08 17:15:27 follower.py:184 follower_right SOFollower read state: 2.0ms
DEBUG 2026-06-08 17:15:27 follower.py:191 follower_right SOFollower read wrist: 0.0ms
DEBUG 2026-06-08 17:15:27 t_client.py:198 Observation serialization time: 0.010486s
DEBUG 2026-06-08 17:15:27 ort/utils.py:54 [CLIENT] Observation Buffer size 4.395498275756836 MB with
ERROR 2026-06-08 17:15:27 t_client.py:214 Error sending observation #474: <_InactiveRpcError of RPC that terminated with:
	status = StatusCode.UNAVAILABLE
	details = "failed to connect to all addresses; last error: UNKNOWN: ipv4:10.145.8.86:8080: Failed to connect to remote host: connect: Connection refused (111)"
	debug_error_string = "UNKNOWN:Error received from peer  {grpc_message:"failed to connect to all addresses; last error: UNKNOWN: ipv4:10.145.8.86:8080: Failed to connect to remote host: connect: Connection refused (111)", grpc_status:14}"
>
DEBUG 2026-06-08 17:15:27 t_client.py:434 QUEUE SIZE: 0 (Must go: False)
DEBUG 2026-06-08 17:15:27 t_client.py:477 Control loop (ms): 50.51
DEBUG 2026-06-08 17:15:27 follower.py:184 follower_left SOFollower read state: 1.9ms
DEBUG 2026-06-08 17:15:27 follower.py:191 follower_left SOFollower read wrist: 0.0ms
DEBUG 2026-06-08 17:15:27 follower.py:184 follower_right SOFollower read state: 1.7ms
DEBUG 2026-06-08 17:15:27 follower.py:191 follower_right SOFollower read wrist: 0.0ms
DEBUG 2026-06-08 17:15:27 t_client.py:198 Observation serialization time: 0.010049s
DEBUG 2026-06-08 17:15:27 ort/utils.py:54 [CLIENT] Observation Buffer size 4.395498275756836 MB with
ERROR 2026-06-08 17:15:27 t_client.py:359 Error receiving actions: <_InactiveRpcError of RPC that terminated with:
	status = StatusCode.UNAVAILABLE
	details = "failed to connect to all addresses; last error: UNKNOWN: ipv4:10.145.8.86:8080: Failed to connect to remote host: connect: Connection refused (111)"
	debug_error_string = "UNKNOWN:Error received from peer  {grpc_message:"failed to connect to all addresses; last error: UNKNOWN: ipv4:10.145.8.86:8080: Failed to connect to remote host: connect: Connection refused (111)", grpc_status:14}"
>
ERROR 2026-06-08 17:15:27 t_client.py:214 Error sending observation #474: <_InactiveRpcError of RPC that terminated with:
	status = StatusCode.UNAVAILABLE
	details = "failed to connect to all addresses; last error: UNKNOWN: ipv4:10.145.8.86:8080: Failed to connect to remote host: connect: Connection refused (111)"
	debug_error_string = "UNKNOWN:Error received from peer  {grpc_status:14, grpc_message:"failed to connect to all addresses; last error: UNKNOWN: ipv4:10.145.8.86:8080: Failed to connect to remote host: connect: Connection refused (111)"}"
>
DEBUG 2026-06-08 17:15:27 t_client.py:434 QUEUE SIZE: 0 (Must go: False)
DEBUG 2026-06-08 17:15:27 t_client.py:477 Control loop (ms): 52.07
DEBUG 2026-06-08 17:15:27 follower.py:184 follower_left SOFollower read state: 1.5ms
DEBUG 2026-06-08 17:15:27 follower.py:191 follower_left SOFollower read wrist: 0.0ms
DEBUG 2026-06-08 17:15:28 follower.py:184 follower_right SOFollower read state: 1.4ms
DEBUG 2026-06-08 17:15:28 follower.py:191 follower_right SOFollower read wrist: 0.0ms
DEBUG 2026-06-08 17:15:28 t_client.py:198 Observation serialization time: 0.003102s
DEBUG 2026-06-08 17:15:28 ort/utils.py:54 [CLIENT] Observation Buffer size 4.395498275756836 MB with
ERROR 2026-06-08 17:15:28 t_client.py:214 Error sending observation #474: <_InactiveRpcError of RPC that terminated with:
	status = StatusCode.UNAVAILABLE
	details = "failed to connect to all addresses; last error: UNKNOWN: ipv4:10.145.8.86:8080: Failed to connect to remote host: connect: Connection refused (111)"
	debug_error_string = "UNKNOWN:Error received from peer  {grpc_status:14, grpc_message:"failed to connect to all addresses; last error: UNKNOWN: ipv4:10.145.8.86:8080: Failed to connect to remote host: connect: Connection refused (111)"}"
>
DEBUG 2026-06-08 17:15:28 t_client.py:434 QUEUE SIZE: 0 (Must go: False)
DEBUG 2026-06-08 17:15:28 t_client.py:477 Control loop (ms): 45.64
DEBUG 2026-06-08 17:15:28 follower.py:184 follower_left SOFollower read state: 2.1ms
DEBUG 2026-06-08 17:15:28 follower.py:191 follower_left SOFollower read wrist: 0.0ms
DEBUG 2026-06-08 17:15:28 follower.py:184 follower_right SOFollower read state: 2.1ms
DEBUG 2026-06-08 17:15:28 follower.py:191 follower_right SOFollower read wrist: 0.0ms
DEBUG 2026-06-08 17:15:28 t_client.py:198 Observation serialization time: 0.008775s
DEBUG 2026-06-08 17:15:28 ort/utils.py:54 [CLIENT] Observation Buffer size 4.395498275756836 MB with
ERROR 2026-06-08 17:15:28 t_client.py:214 Error sending observation #474: <_InactiveRpcError of RPC that terminated with:
	status = StatusCode.UNAVAILABLE
	details = "failed to connect to all addresses; last error: UNKNOWN: ipv4:10.145.8.86:8080: Failed to connect to remote host: connect: Connection refused (111)"
	debug_error_string = "UNKNOWN:Error received from peer  {grpc_message:"failed to connect to all addresses; last error: UNKNOWN: ipv4:10.145.8.86:8080: Failed to connect to remote host: connect: Connection refused (111)", grpc_status:14}"
>
DEBUG 2026-06-08 17:15:28 t_client.py:434 QUEUE SIZE: 0 (Must go: False)
DEBUG 2026-06-08 17:15:28 t_client.py:477 Control loop (ms): 46.94
DEBUG 2026-06-08 17:15:28 follower.py:184 follower_left SOFollower read state: 1.9ms
DEBUG 2026-06-08 17:15:28 follower.py:191 follower_left SOFollower read wrist: 0.0ms
DEBUG 2026-06-08 17:15:28 follower.py:184 follower_right SOFollower read state: 1.5ms
DEBUG 2026-06-08 17:15:28 follower.py:191 follower_right SOFollower read wrist: 0.0ms
DEBUG 2026-06-08 17:15:28 t_client.py:198 Observation serialization time: 0.009587s
DEBUG 2026-06-08 17:15:28 ort/utils.py:54 [CLIENT] Observation Buffer size 4.395498275756836 MB with
ERROR 2026-06-08 17:15:28 t_client.py:214 Error sending observation #474: <_InactiveRpcError of RPC that terminated with:
	status = StatusCode.UNAVAILABLE
	details = "failed to connect to all addresses; last error: UNKNOWN: ipv4:10.145.8.86:8080: Failed to connect to remote host: connect: Connection refused (111)"
	debug_error_string = "UNKNOWN:Error received from peer  {grpc_status:14, grpc_message:"failed to connect to all addresses; last error: UNKNOWN: ipv4:10.145.8.86:8080: Failed to connect to remote host: connect: Connection refused (111)"}"
>
DEBUG 2026-06-08 17:15:28 t_client.py:434 QUEUE SIZE: 0 (Must go: False)
DEBUG 2026-06-08 17:15:28 t_client.py:477 Control loop (ms): 48.23
DEBUG 2026-06-08 17:15:28 follower.py:184 follower_left SOFollower read state: 1.9ms
DEBUG 2026-06-08 17:15:28 follower.py:191 follower_left SOFollower read wrist: 0.0ms
DEBUG 2026-06-08 17:15:28 follower.py:184 follower_right SOFollower read state: 1.8ms
DEBUG 2026-06-08 17:15:28 follower.py:191 follower_right SOFollower read wrist: 0.0ms
DEBUG 2026-06-08 17:15:28 t_client.py:198 Observation serialization time: 0.007335s
DEBUG 2026-06-08 17:15:28 ort/utils.py:54 [CLIENT] Observation Buffer size 4.395498275756836 MB with
ERROR 2026-06-08 17:15:28 t_client.py:214 Error sending observation #474: <_InactiveRpcError of RPC that terminated with:
	status = StatusCode.UNAVAILABLE
	details = "failed to connect to all addresses; last error: UNKNOWN: ipv4:10.145.8.86:8080: Failed to connect to remote host: connect: Connection refused (111)"
	debug_error_string = "UNKNOWN:Error received from peer  {grpc_message:"failed to connect to all addresses; last error: UNKNOWN: ipv4:10.145.8.86:8080: Failed to connect to remote host: connect: Connection refused (111)", grpc_status:14}"
>
DEBUG 2026-06-08 17:15:28 t_client.py:434 QUEUE SIZE: 0 (Must go: False)
DEBUG 2026-06-08 17:15:28 t_client.py:477 Control loop (ms): 55.25
DEBUG 2026-06-08 17:15:28 follower.py:184 follower_left SOFollower read state: 2.3ms
DEBUG 2026-06-08 17:15:28 follower.py:191 follower_left SOFollower read wrist: 0.0ms
DEBUG 2026-06-08 17:15:28 follower.py:184 follower_right SOFollower read state: 1.6ms
DEBUG 2026-06-08 17:15:28 follower.py:191 follower_right SOFollower read wrist: 0.0ms
DEBUG 2026-06-08 17:15:28 t_client.py:198 Observation serialization time: 0.003111s
DEBUG 2026-06-08 17:15:28 ort/utils.py:54 [CLIENT] Observation Buffer size 4.395498275756836 MB with
ERROR 2026-06-08 17:15:28 t_client.py:214 Error sending observation #474: <_InactiveRpcError of RPC that terminated with:
	status = StatusCode.UNAVAILABLE
	details = "failed to connect to all addresses; last error: UNKNOWN: ipv4:10.145.8.86:8080: Failed to connect to remote host: connect: Connection refused (111)"
	debug_error_string = "UNKNOWN:Error received from peer  {grpc_status:14, grpc_message:"failed to connect to all addresses; last error: UNKNOWN: ipv4:10.145.8.86:8080: Failed to connect to remote host: connect: Connection refused (111)"}"
>
DEBUG 2026-06-08 17:15:28 t_client.py:434 QUEUE SIZE: 0 (Must go: False)
DEBUG 2026-06-08 17:15:28 t_client.py:477 Control loop (ms): 48.81
DEBUG 2026-06-08 17:15:28 follower.py:184 follower_left SOFollower read state: 3.0ms
DEBUG 2026-06-08 17:15:28 follower.py:191 follower_left SOFollower read wrist: 0.1ms
DEBUG 2026-06-08 17:15:28 follower.py:184 follower_right SOFollower read state: 2.5ms
DEBUG 2026-06-08 17:15:28 follower.py:191 follower_right SOFollower read wrist: 0.0ms
DEBUG 2026-06-08 17:15:28 t_client.py:198 Observation serialization time: 0.009410s
DEBUG 2026-06-08 17:15:28 ort/utils.py:54 [CLIENT] Observation Buffer size 4.395498275756836 MB with
ERROR 2026-06-08 17:15:28 t_client.py:214 Error sending observation #474: <_InactiveRpcError of RPC that terminated with:
	status = StatusCode.UNAVAILABLE
	details = "failed to connect to all addresses; last error: UNKNOWN: ipv4:10.145.8.86:8080: Failed to connect to remote host: connect: Connection refused (111)"
	debug_error_string = "UNKNOWN:Error received from peer  {grpc_status:14, grpc_message:"failed to connect to all addresses; last error: UNKNOWN: ipv4:10.145.8.86:8080: Failed to connect to remote host: connect: Connection refused (111)"}"
>
DEBUG 2026-06-08 17:15:28 t_client.py:434 QUEUE SIZE: 0 (Must go: False)
DEBUG 2026-06-08 17:15:28 t_client.py:477 Control loop (ms): 54.53
DEBUG 2026-06-08 17:15:28 follower.py:184 follower_left SOFollower read state: 2.2ms
DEBUG 2026-06-08 17:15:28 follower.py:191 follower_left SOFollower read wrist: 0.0ms
DEBUG 2026-06-08 17:15:28 follower.py:184 follower_right SOFollower read state: 1.8ms
DEBUG 2026-06-08 17:15:28 follower.py:191 follower_right SOFollower read wrist: 0.0ms
DEBUG 2026-06-08 17:15:28 t_client.py:198 Observation serialization time: 0.010006s
DEBUG 2026-06-08 17:15:28 ort/utils.py:54 [CLIENT] Observation Buffer size 4.395498275756836 MB with
ERROR 2026-06-08 17:15:28 t_client.py:214 Error sending observation #474: <_InactiveRpcError of RPC that terminated with:
	status = StatusCode.UNAVAILABLE
	details = "failed to connect to all addresses; last error: UNKNOWN: ipv4:10.145.8.86:8080: Failed to connect to remote host: connect: Connection refused (111)"
	debug_error_string = "UNKNOWN:Error received from peer  {grpc_message:"failed to connect to all addresses; last error: UNKNOWN: ipv4:10.145.8.86:8080: Failed to connect to remote host: connect: Connection refused (111)", grpc_status:14}"
>
DEBUG 2026-06-08 17:15:28 t_client.py:434 QUEUE SIZE: 0 (Must go: False)
DEBUG 2026-06-08 17:15:28 t_client.py:477 Control loop (ms): 47.81
DEBUG 2026-06-08 17:15:28 follower.py:184 follower_left SOFollower read state: 1.9ms
DEBUG 2026-06-08 17:15:28 follower.py:191 follower_left SOFollower read wrist: 0.0ms
DEBUG 2026-06-08 17:15:28 follower.py:184 follower_right SOFollower read state: 1.7ms
DEBUG 2026-06-08 17:15:28 follower.py:191 follower_right SOFollower read wrist: 0.0ms
DEBUG 2026-06-08 17:15:28 t_client.py:198 Observation serialization time: 0.009236s
DEBUG 2026-06-08 17:15:28 ort/utils.py:54 [CLIENT] Observation Buffer size 4.395498275756836 MB with
ERROR 2026-06-08 17:15:28 t_client.py:214 Error sending observation #474: <_InactiveRpcError of RPC that terminated with:
	status = StatusCode.UNAVAILABLE
	details = "failed to connect to all addresses; last error: UNKNOWN: ipv4:10.145.8.86:8080: Failed to connect to remote host: connect: Connection refused (111)"
	debug_error_string = "UNKNOWN:Error received from peer  {grpc_status:14, grpc_message:"failed to connect to all addresses; last error: UNKNOWN: ipv4:10.145.8.86:8080: Failed to connect to remote host: connect: Connection refused (111)"}"
>
DEBUG 2026-06-08 17:15:28 t_client.py:434 QUEUE SIZE: 0 (Must go: False)
DEBUG 2026-06-08 17:15:28 t_client.py:477 Control loop (ms): 53.06
DEBUG 2026-06-08 17:15:28 follower.py:184 follower_left SOFollower read state: 2.7ms
DEBUG 2026-06-08 17:15:28 follower.py:191 follower_left SOFollower read wrist: 0.1ms
DEBUG 2026-06-08 17:15:28 follower.py:184 follower_right SOFollower read state: 2.1ms
DEBUG 2026-06-08 17:15:28 follower.py:191 follower_right SOFollower read wrist: 0.1ms
DEBUG 2026-06-08 17:15:28 t_client.py:198 Observation serialization time: 0.010676s
DEBUG 2026-06-08 17:15:28 ort/utils.py:54 [CLIENT] Observation Buffer size 4.395498275756836 MB with
ERROR 2026-06-08 17:15:28 t_client.py:214 Error sending observation #474: <_InactiveRpcError of RPC that terminated with:
	status = StatusCode.UNAVAILABLE
	details = "failed to connect to all addresses; last error: UNKNOWN: ipv4:10.145.8.86:8080: Failed to connect to remote host: connect: Connection refused (111)"
	debug_error_string = "UNKNOWN:Error received from peer  {grpc_status:14, grpc_message:"failed to connect to all addresses; last error: UNKNOWN: ipv4:10.145.8.86:8080: Failed to connect to remote host: connect: Connection refused (111)"}"
>
DEBUG 2026-06-08 17:15:28 t_client.py:434 QUEUE SIZE: 0 (Must go: False)
DEBUG 2026-06-08 17:15:28 t_client.py:477 Control loop (ms): 54.58
DEBUG 2026-06-08 17:15:28 follower.py:184 follower_left SOFollower read state: 1.9ms
DEBUG 2026-06-08 17:15:28 follower.py:191 follower_left SOFollower read wrist: 0.0ms
DEBUG 2026-06-08 17:15:28 follower.py:184 follower_right SOFollower read state: 1.6ms
DEBUG 2026-06-08 17:15:28 follower.py:191 follower_right SOFollower read wrist: 0.0ms
DEBUG 2026-06-08 17:15:28 t_client.py:198 Observation serialization time: 0.005959s
DEBUG 2026-06-08 17:15:28 ort/utils.py:54 [CLIENT] Observation Buffer size 4.395498275756836 MB with
ERROR 2026-06-08 17:15:28 t_client.py:214 Error sending observation #474: <_InactiveRpcError of RPC that terminated with:
	status = StatusCode.UNAVAILABLE
	details = "failed to connect to all addresses; last error: UNKNOWN: ipv4:10.145.8.86:8080: Failed to connect to remote host: connect: Connection refused (111)"
	debug_error_string = "UNKNOWN:Error received from peer  {grpc_message:"failed to connect to all addresses; last error: UNKNOWN: ipv4:10.145.8.86:8080: Failed to connect to remote host: connect: Connection refused (111)", grpc_status:14}"
>
DEBUG 2026-06-08 17:15:28 t_client.py:434 QUEUE SIZE: 0 (Must go: False)
DEBUG 2026-06-08 17:15:28 t_client.py:477 Control loop (ms): 47.10
DEBUG 2026-06-08 17:15:28 follower.py:184 follower_left SOFollower read state: 2.0ms
DEBUG 2026-06-08 17:15:28 follower.py:191 follower_left SOFollower read wrist: 0.0ms
DEBUG 2026-06-08 17:15:28 follower.py:184 follower_right SOFollower read state: 1.7ms
DEBUG 2026-06-08 17:15:28 follower.py:191 follower_right SOFollower read wrist: 0.0ms
DEBUG 2026-06-08 17:15:28 t_client.py:198 Observation serialization time: 0.006853s
DEBUG 2026-06-08 17:15:28 ort/utils.py:54 [CLIENT] Observation Buffer size 4.395498275756836 MB with
ERROR 2026-06-08 17:15:28 t_client.py:214 Error sending observation #474: <_InactiveRpcError of RPC that terminated with:
	status = StatusCode.UNAVAILABLE
	details = "failed to connect to all addresses; last error: UNKNOWN: ipv4:10.145.8.86:8080: Failed to connect to remote host: connect: Connection refused (111)"
	debug_error_string = "UNKNOWN:Error received from peer  {grpc_message:"failed to connect to all addresses; last error: UNKNOWN: ipv4:10.145.8.86:8080: Failed to connect to remote host: connect: Connection refused (111)", grpc_status:14}"
>
DEBUG 2026-06-08 17:15:28 t_client.py:434 QUEUE SIZE: 0 (Must go: False)
DEBUG 2026-06-08 17:15:28 t_client.py:477 Control loop (ms): 43.81
DEBUG 2026-06-08 17:15:28 follower.py:184 follower_left SOFollower read state: 2.7ms
DEBUG 2026-06-08 17:15:28 follower.py:191 follower_left SOFollower read wrist: 0.1ms
DEBUG 2026-06-08 17:15:28 follower.py:184 follower_right SOFollower read state: 2.9ms
DEBUG 2026-06-08 17:15:28 follower.py:191 follower_right SOFollower read wrist: 0.0ms
ERROR 2026-06-08 17:15:28 t_client.py:359 Error receiving actions: <_InactiveRpcError of RPC that terminated with:
	status = StatusCode.UNAVAILABLE
	details = "failed to connect to all addresses; last error: UNKNOWN: ipv4:10.145.8.86:8080: Failed to connect to remote host: connect: Connection refused (111)"
	debug_error_string = "UNKNOWN:Error received from peer  {grpc_message:"failed to connect to all addresses; last error: UNKNOWN: ipv4:10.145.8.86:8080: Failed to connect to remote host: connect: Connection refused (111)", grpc_status:14}"
>
DEBUG 2026-06-08 17:15:28 t_client.py:198 Observation serialization time: 0.013776s
DEBUG 2026-06-08 17:15:28 ort/utils.py:54 [CLIENT] Observation Buffer size 4.395498275756836 MB with
ERROR 2026-06-08 17:15:28 t_client.py:214 Error sending observation #474: <_InactiveRpcError of RPC that terminated with:
	status = StatusCode.UNAVAILABLE
	details = "failed to connect to all addresses; last error: UNKNOWN: ipv4:10.145.8.86:8080: Failed to connect to remote host: connect: Connection refused (111)"
	debug_error_string = "UNKNOWN:Error received from peer  {grpc_message:"failed to connect to all addresses; last error: UNKNOWN: ipv4:10.145.8.86:8080: Failed to connect to remote host: connect: Connection refused (111)", grpc_status:14}"
>
DEBUG 2026-06-08 17:15:28 t_client.py:434 QUEUE SIZE: 0 (Must go: False)
DEBUG 2026-06-08 17:15:28 t_client.py:477 Control loop (ms): 66.69
DEBUG 2026-06-08 17:15:28 follower.py:184 follower_left SOFollower read state: 1.9ms
DEBUG 2026-06-08 17:15:28 follower.py:191 follower_left SOFollower read wrist: 0.0ms
DEBUG 2026-06-08 17:15:28 follower.py:184 follower_right SOFollower read state: 2.0ms
DEBUG 2026-06-08 17:15:28 follower.py:191 follower_right SOFollower read wrist: 0.0ms
DEBUG 2026-06-08 17:15:28 t_client.py:198 Observation serialization time: 0.006305s
DEBUG 2026-06-08 17:15:28 ort/utils.py:54 [CLIENT] Observation Buffer size 4.395498275756836 MB with
ERROR 2026-06-08 17:15:28 t_client.py:214 Error sending observation #474: <_InactiveRpcError of RPC that terminated with:
	status = StatusCode.UNAVAILABLE
	details = "failed to connect to all addresses; last error: UNKNOWN: ipv4:10.145.8.86:8080: Failed to connect to remote host: connect: Connection refused (111)"
	debug_error_string = "UNKNOWN:Error received from peer  {grpc_status:14, grpc_message:"failed to connect to all addresses; last error: UNKNOWN: ipv4:10.145.8.86:8080: Failed to connect to remote host: connect: Connection refused (111)"}"
>
DEBUG 2026-06-08 17:15:28 t_client.py:434 QUEUE SIZE: 0 (Must go: False)
DEBUG 2026-06-08 17:15:28 t_client.py:477 Control loop (ms): 41.13
DEBUG 2026-06-08 17:15:28 follower.py:184 follower_left SOFollower read state: 1.7ms
DEBUG 2026-06-08 17:15:28 follower.py:191 follower_left SOFollower read wrist: 0.0ms
DEBUG 2026-06-08 17:15:28 follower.py:184 follower_right SOFollower read state: 1.7ms
DEBUG 2026-06-08 17:15:28 follower.py:191 follower_right SOFollower read wrist: 0.0ms
DEBUG 2026-06-08 17:15:28 t_client.py:198 Observation serialization time: 0.005247s
DEBUG 2026-06-08 17:15:28 ort/utils.py:54 [CLIENT] Observation Buffer size 4.395498275756836 MB with
ERROR 2026-06-08 17:15:28 t_client.py:214 Error sending observation #474: <_InactiveRpcError of RPC that terminated with:
	status = StatusCode.UNAVAILABLE
	details = "failed to connect to all addresses; last error: UNKNOWN: ipv4:10.145.8.86:8080: Failed to connect to remote host: connect: Connection refused (111)"
	debug_error_string = "UNKNOWN:Error received from peer  {grpc_status:14, grpc_message:"failed to connect to all addresses; last error: UNKNOWN: ipv4:10.145.8.86:8080: Failed to connect to remote host: connect: Connection refused (111)"}"
>
DEBUG 2026-06-08 17:15:28 t_client.py:434 QUEUE SIZE: 0 (Must go: False)
DEBUG 2026-06-08 17:15:28 t_client.py:477 Control loop (ms): 48.80
DEBUG 2026-06-08 17:15:28 follower.py:184 follower_left SOFollower read state: 2.1ms
DEBUG 2026-06-08 17:15:28 follower.py:191 follower_left SOFollower read wrist: 0.0ms
DEBUG 2026-06-08 17:15:28 follower.py:184 follower_right SOFollower read state: 1.9ms
DEBUG 2026-06-08 17:15:28 follower.py:191 follower_right SOFollower read wrist: 0.0ms
DEBUG 2026-06-08 17:15:28 t_client.py:198 Observation serialization time: 0.008972s
DEBUG 2026-06-08 17:15:28 ort/utils.py:54 [CLIENT] Observation Buffer size 4.395498275756836 MB with
ERROR 2026-06-08 17:15:28 t_client.py:214 Error sending observation #474: <_InactiveRpcError of RPC that terminated with:
	status = StatusCode.UNAVAILABLE
	details = "failed to connect to all addresses; last error: UNKNOWN: ipv4:10.145.8.86:8080: Failed to connect to remote host: connect: Connection refused (111)"
	debug_error_string = "UNKNOWN:Error received from peer  {grpc_message:"failed to connect to all addresses; last error: UNKNOWN: ipv4:10.145.8.86:8080: Failed to connect to remote host: connect: Connection refused (111)", grpc_status:14}"
>
DEBUG 2026-06-08 17:15:28 t_client.py:434 QUEUE SIZE: 0 (Must go: False)
DEBUG 2026-06-08 17:15:28 t_client.py:477 Control loop (ms): 44.06
DEBUG 2026-06-08 17:15:28 follower.py:184 follower_left SOFollower read state: 2.3ms
DEBUG 2026-06-08 17:15:28 follower.py:191 follower_left SOFollower read wrist: 0.0ms
DEBUG 2026-06-08 17:15:28 follower.py:184 follower_right SOFollower read state: 1.7ms
DEBUG 2026-06-08 17:15:28 follower.py:191 follower_right SOFollower read wrist: 0.0ms
DEBUG 2026-06-08 17:15:28 t_client.py:198 Observation serialization time: 0.005493s
DEBUG 2026-06-08 17:15:28 ort/utils.py:54 [CLIENT] Observation Buffer size 4.395498275756836 MB with
ERROR 2026-06-08 17:15:28 t_client.py:214 Error sending observation #474: <_InactiveRpcError of RPC that terminated with:
	status = StatusCode.UNAVAILABLE
	details = "failed to connect to all addresses; last error: UNKNOWN: ipv4:10.145.8.86:8080: Failed to connect to remote host: connect: Connection refused (111)"
	debug_error_string = "UNKNOWN:Error received from peer  {grpc_message:"failed to connect to all addresses; last error: UNKNOWN: ipv4:10.145.8.86:8080: Failed to connect to remote host: connect: Connection refused (111)", grpc_status:14}"
>
DEBUG 2026-06-08 17:15:28 t_client.py:434 QUEUE SIZE: 0 (Must go: False)
DEBUG 2026-06-08 17:15:28 t_client.py:477 Control loop (ms): 47.12
DEBUG 2026-06-08 17:15:28 follower.py:184 follower_left SOFollower read state: 1.7ms
DEBUG 2026-06-08 17:15:28 follower.py:191 follower_left SOFollower read wrist: 0.0ms
DEBUG 2026-06-08 17:15:28 follower.py:184 follower_right SOFollower read state: 1.5ms
DEBUG 2026-06-08 17:15:28 follower.py:191 follower_right SOFollower read wrist: 0.0ms
DEBUG 2026-06-08 17:15:28 t_client.py:198 Observation serialization time: 0.005681s
DEBUG 2026-06-08 17:15:28 ort/utils.py:54 [CLIENT] Observation Buffer size 4.395498275756836 MB with
ERROR 2026-06-08 17:15:28 t_client.py:214 Error sending observation #474: <_InactiveRpcError of RPC that terminated with:
	status = StatusCode.UNAVAILABLE
	details = "failed to connect to all addresses; last error: UNKNOWN: ipv4:10.145.8.86:8080: Failed to connect to remote host: connect: Connection refused (111)"
	debug_error_string = "UNKNOWN:Error received from peer  {grpc_status:14, grpc_message:"failed to connect to all addresses; last error: UNKNOWN: ipv4:10.145.8.86:8080: Failed to connect to remote host: connect: Connection refused (111)"}"
>
DEBUG 2026-06-08 17:15:28 t_client.py:434 QUEUE SIZE: 0 (Must go: False)
DEBUG 2026-06-08 17:15:28 t_client.py:477 Control loop (ms): 50.78
DEBUG 2026-06-08 17:15:28 follower.py:184 follower_left SOFollower read state: 2.5ms
DEBUG 2026-06-08 17:15:28 follower.py:191 follower_left SOFollower read wrist: 0.0ms
DEBUG 2026-06-08 17:15:28 follower.py:184 follower_right SOFollower read state: 2.4ms
DEBUG 2026-06-08 17:15:28 follower.py:191 follower_right SOFollower read wrist: 0.1ms
DEBUG 2026-06-08 17:15:28 t_client.py:198 Observation serialization time: 0.011255s
DEBUG 2026-06-08 17:15:28 ort/utils.py:54 [CLIENT] Observation Buffer size 4.395498275756836 MB with
ERROR 2026-06-08 17:15:28 t_client.py:214 Error sending observation #474: <_InactiveRpcError of RPC that terminated with:
	status = StatusCode.UNAVAILABLE
	details = "failed to connect to all addresses; last error: UNKNOWN: ipv4:10.145.8.86:8080: Failed to connect to remote host: connect: Connection refused (111)"
	debug_error_string = "UNKNOWN:Error received from peer  {grpc_message:"failed to connect to all addresses; last error: UNKNOWN: ipv4:10.145.8.86:8080: Failed to connect to remote host: connect: Connection refused (111)", grpc_status:14}"
>
DEBUG 2026-06-08 17:15:28 t_client.py:434 QUEUE SIZE: 0 (Must go: False)
DEBUG 2026-06-08 17:15:28 t_client.py:477 Control loop (ms): 57.29
DEBUG 2026-06-08 17:15:28 follower.py:184 follower_left SOFollower read state: 2.1ms
DEBUG 2026-06-08 17:15:28 follower.py:191 follower_left SOFollower read wrist: 0.0ms
DEBUG 2026-06-08 17:15:28 follower.py:184 follower_right SOFollower read state: 1.9ms
DEBUG 2026-06-08 17:15:28 follower.py:191 follower_right SOFollower read wrist: 0.0ms
DEBUG 2026-06-08 17:15:28 t_client.py:198 Observation serialization time: 0.008346s
DEBUG 2026-06-08 17:15:28 ort/utils.py:54 [CLIENT] Observation Buffer size 4.395498275756836 MB with
ERROR 2026-06-08 17:15:28 t_client.py:214 Error sending observation #474: <_InactiveRpcError of RPC that terminated with:
	status = StatusCode.UNAVAILABLE
	details = "failed to connect to all addresses; last error: UNKNOWN: ipv4:10.145.8.86:8080: Failed to connect to remote host: connect: Connection refused (111)"
	debug_error_string = "UNKNOWN:Error received from peer  {grpc_message:"failed to connect to all addresses; last error: UNKNOWN: ipv4:10.145.8.86:8080: Failed to connect to remote host: connect: Connection refused (111)", grpc_status:14}"
>
DEBUG 2026-06-08 17:15:28 t_client.py:434 QUEUE SIZE: 0 (Must go: False)
DEBUG 2026-06-08 17:15:28 t_client.py:477 Control loop (ms): 45.23
DEBUG 2026-06-08 17:15:28 follower.py:184 follower_left SOFollower read state: 1.9ms
DEBUG 2026-06-08 17:15:28 follower.py:191 follower_left SOFollower read wrist: 0.0ms
DEBUG 2026-06-08 17:15:28 follower.py:184 follower_right SOFollower read state: 2.1ms
DEBUG 2026-06-08 17:15:28 follower.py:191 follower_right SOFollower read wrist: 0.0ms
DEBUG 2026-06-08 17:15:28 t_client.py:198 Observation serialization time: 0.008469s
DEBUG 2026-06-08 17:15:28 ort/utils.py:54 [CLIENT] Observation Buffer size 4.395498275756836 MB with
ERROR 2026-06-08 17:15:29 t_client.py:214 Error sending observation #474: <_InactiveRpcError of RPC that terminated with:
	status = StatusCode.UNAVAILABLE
	details = "failed to connect to all addresses; last error: UNKNOWN: ipv4:10.145.8.86:8080: Failed to connect to remote host: connect: Connection refused (111)"
	debug_error_string = "UNKNOWN:Error received from peer  {grpc_status:14, grpc_message:"failed to connect to all addresses; last error: UNKNOWN: ipv4:10.145.8.86:8080: Failed to connect to remote host: connect: Connection refused (111)"}"
>
DEBUG 2026-06-08 17:15:29 t_client.py:434 QUEUE SIZE: 0 (Must go: False)
DEBUG 2026-06-08 17:15:29 t_client.py:477 Control loop (ms): 53.60
DEBUG 2026-06-08 17:15:29 follower.py:184 follower_left SOFollower read state: 2.2ms
DEBUG 2026-06-08 17:15:29 follower.py:191 follower_left SOFollower read wrist: 0.0ms
DEBUG 2026-06-08 17:15:29 follower.py:184 follower_right SOFollower read state: 1.8ms
DEBUG 2026-06-08 17:15:29 follower.py:191 follower_right SOFollower read wrist: 0.0ms
DEBUG 2026-06-08 17:15:29 t_client.py:198 Observation serialization time: 0.007487s
DEBUG 2026-06-08 17:15:29 ort/utils.py:54 [CLIENT] Observation Buffer size 4.395498275756836 MB with
ERROR 2026-06-08 17:15:29 t_client.py:359 Error receiving actions: <_InactiveRpcError of RPC that terminated with:
	status = StatusCode.UNAVAILABLE
	details = "failed to connect to all addresses; last error: UNKNOWN: ipv4:10.145.8.86:8080: Failed to connect to remote host: connect: Connection refused (111)"
	debug_error_string = "UNKNOWN:Error received from peer  {grpc_status:14, grpc_message:"failed to connect to all addresses; last error: UNKNOWN: ipv4:10.145.8.86:8080: Failed to connect to remote host: connect: Connection refused (111)"}"
>
ERROR 2026-06-08 17:15:29 t_client.py:214 Error sending observation #474: <_InactiveRpcError of RPC that terminated with:
	status = StatusCode.UNAVAILABLE
	details = "failed to connect to all addresses; last error: UNKNOWN: ipv4:10.145.8.86:8080: Failed to connect to remote host: connect: Connection refused (111)"
	debug_error_string = "UNKNOWN:Error received from peer  {grpc_status:14, grpc_message:"failed to connect to all addresses; last error: UNKNOWN: ipv4:10.145.8.86:8080: Failed to connect to remote host: connect: Connection refused (111)"}"
>
DEBUG 2026-06-08 17:15:29 t_client.py:434 QUEUE SIZE: 0 (Must go: False)
DEBUG 2026-06-08 17:15:29 t_client.py:477 Control loop (ms): 51.58
DEBUG 2026-06-08 17:15:29 follower.py:184 follower_left SOFollower read state: 1.8ms
DEBUG 2026-06-08 17:15:29 follower.py:191 follower_left SOFollower read wrist: 0.0ms
DEBUG 2026-06-08 17:15:29 follower.py:184 follower_right SOFollower read state: 1.5ms
DEBUG 2026-06-08 17:15:29 follower.py:191 follower_right SOFollower read wrist: 0.0ms
DEBUG 2026-06-08 17:15:29 t_client.py:198 Observation serialization time: 0.007276s
DEBUG 2026-06-08 17:15:29 ort/utils.py:54 [CLIENT] Observation Buffer size 4.395498275756836 MB with
ERROR 2026-06-08 17:15:29 t_client.py:214 Error sending observation #474: <_InactiveRpcError of RPC that terminated with:
	status = StatusCode.UNAVAILABLE
	details = "failed to connect to all addresses; last error: UNKNOWN: ipv4:10.145.8.86:8080: Failed to connect to remote host: connect: Connection refused (111)"
	debug_error_string = "UNKNOWN:Error received from peer  {grpc_message:"failed to connect to all addresses; last error: UNKNOWN: ipv4:10.145.8.86:8080: Failed to connect to remote host: connect: Connection refused (111)", grpc_status:14}"
>
DEBUG 2026-06-08 17:15:29 t_client.py:434 QUEUE SIZE: 0 (Must go: False)
DEBUG 2026-06-08 17:15:29 t_client.py:477 Control loop (ms): 43.81
DEBUG 2026-06-08 17:15:29 follower.py:184 follower_left SOFollower read state: 1.8ms
DEBUG 2026-06-08 17:15:29 follower.py:191 follower_left SOFollower read wrist: 0.0ms
DEBUG 2026-06-08 17:15:29 follower.py:184 follower_right SOFollower read state: 1.8ms
DEBUG 2026-06-08 17:15:29 follower.py:191 follower_right SOFollower read wrist: 0.0ms
DEBUG 2026-06-08 17:15:29 t_client.py:198 Observation serialization time: 0.006577s
DEBUG 2026-06-08 17:15:29 ort/utils.py:54 [CLIENT] Observation Buffer size 4.395498275756836 MB with
ERROR 2026-06-08 17:15:29 t_client.py:214 Error sending observation #474: <_InactiveRpcError of RPC that terminated with:
	status = StatusCode.UNAVAILABLE
	details = "failed to connect to all addresses; last error: UNKNOWN: ipv4:10.145.8.86:8080: Failed to connect to remote host: connect: Connection refused (111)"
	debug_error_string = "UNKNOWN:Error received from peer  {grpc_message:"failed to connect to all addresses; last error: UNKNOWN: ipv4:10.145.8.86:8080: Failed to connect to remote host: connect: Connection refused (111)", grpc_status:14}"
>
DEBUG 2026-06-08 17:15:29 t_client.py:434 QUEUE SIZE: 0 (Must go: False)
DEBUG 2026-06-08 17:15:29 t_client.py:477 Control loop (ms): 50.79
DEBUG 2026-06-08 17:15:29 follower.py:184 follower_left SOFollower read state: 2.2ms
DEBUG 2026-06-08 17:15:29 follower.py:191 follower_left SOFollower read wrist: 0.0ms
DEBUG 2026-06-08 17:15:29 follower.py:184 follower_right SOFollower read state: 1.6ms
DEBUG 2026-06-08 17:15:29 follower.py:191 follower_right SOFollower read wrist: 0.0ms
DEBUG 2026-06-08 17:15:29 t_client.py:198 Observation serialization time: 0.005435s
DEBUG 2026-06-08 17:15:29 ort/utils.py:54 [CLIENT] Observation Buffer size 4.395498275756836 MB with
ERROR 2026-06-08 17:15:29 t_client.py:214 Error sending observation #474: <_InactiveRpcError of RPC that terminated with:
	status = StatusCode.UNAVAILABLE
	details = "failed to connect to all addresses; last error: UNKNOWN: ipv4:10.145.8.86:8080: Failed to connect to remote host: connect: Connection refused (111)"
	debug_error_string = "UNKNOWN:Error received from peer  {grpc_message:"failed to connect to all addresses; last error: UNKNOWN: ipv4:10.145.8.86:8080: Failed to connect to remote host: connect: Connection refused (111)", grpc_status:14}"
>
DEBUG 2026-06-08 17:15:29 t_client.py:434 QUEUE SIZE: 0 (Must go: False)
DEBUG 2026-06-08 17:15:29 t_client.py:477 Control loop (ms): 42.41
DEBUG 2026-06-08 17:15:29 follower.py:184 follower_left SOFollower read state: 2.0ms
DEBUG 2026-06-08 17:15:29 follower.py:191 follower_left SOFollower read wrist: 0.0ms
DEBUG 2026-06-08 17:15:29 follower.py:184 follower_right SOFollower read state: 1.7ms
DEBUG 2026-06-08 17:15:29 follower.py:191 follower_right SOFollower read wrist: 0.0ms
DEBUG 2026-06-08 17:15:29 t_client.py:198 Observation serialization time: 0.009367s
DEBUG 2026-06-08 17:15:29 ort/utils.py:54 [CLIENT] Observation Buffer size 4.395498275756836 MB with
ERROR 2026-06-08 17:15:29 t_client.py:214 Error sending observation #474: <_InactiveRpcError of RPC that terminated with:
	status = StatusCode.UNAVAILABLE
	details = "failed to connect to all addresses; last error: UNKNOWN: ipv4:10.145.8.86:8080: Failed to connect to remote host: connect: Connection refused (111)"
	debug_error_string = "UNKNOWN:Error received from peer  {grpc_message:"failed to connect to all addresses; last error: UNKNOWN: ipv4:10.145.8.86:8080: Failed to connect to remote host: connect: Connection refused (111)", grpc_status:14}"
>
DEBUG 2026-06-08 17:15:29 t_client.py:434 QUEUE SIZE: 0 (Must go: False)
DEBUG 2026-06-08 17:15:29 t_client.py:477 Control loop (ms): 47.14
DEBUG 2026-06-08 17:15:29 follower.py:184 follower_left SOFollower read state: 2.5ms
DEBUG 2026-06-08 17:15:29 follower.py:191 follower_left SOFollower read wrist: 0.0ms
DEBUG 2026-06-08 17:15:29 follower.py:184 follower_right SOFollower read state: 1.9ms
DEBUG 2026-06-08 17:15:29 follower.py:191 follower_right SOFollower read wrist: 0.0ms
DEBUG 2026-06-08 17:15:29 t_client.py:198 Observation serialization time: 0.010412s
DEBUG 2026-06-08 17:15:29 ort/utils.py:54 [CLIENT] Observation Buffer size 4.395498275756836 MB with
ERROR 2026-06-08 17:15:29 t_client.py:214 Error sending observation #474: <_InactiveRpcError of RPC that terminated with:
	status = StatusCode.UNAVAILABLE
	details = "failed to connect to all addresses; last error: UNKNOWN: ipv4:10.145.8.86:8080: Failed to connect to remote host: connect: Connection refused (111)"
	debug_error_string = "UNKNOWN:Error received from peer  {grpc_message:"failed to connect to all addresses; last error: UNKNOWN: ipv4:10.145.8.86:8080: Failed to connect to remote host: connect: Connection refused (111)", grpc_status:14}"
>
DEBUG 2026-06-08 17:15:29 t_client.py:434 QUEUE SIZE: 0 (Must go: False)
DEBUG 2026-06-08 17:15:29 t_client.py:477 Control loop (ms): 56.16
DEBUG 2026-06-08 17:15:29 follower.py:184 follower_left SOFollower read state: 1.6ms
DEBUG 2026-06-08 17:15:29 follower.py:191 follower_left SOFollower read wrist: 0.0ms
DEBUG 2026-06-08 17:15:29 follower.py:184 follower_right SOFollower read state: 1.8ms
DEBUG 2026-06-08 17:15:29 follower.py:191 follower_right SOFollower read wrist: 0.0ms
DEBUG 2026-06-08 17:15:29 t_client.py:198 Observation serialization time: 0.005228s
DEBUG 2026-06-08 17:15:29 ort/utils.py:54 [CLIENT] Observation Buffer size 4.395498275756836 MB with
ERROR 2026-06-08 17:15:29 t_client.py:214 Error sending observation #474: <_InactiveRpcError of RPC that terminated with:
	status = StatusCode.UNAVAILABLE
	details = "failed to connect to all addresses; last error: UNKNOWN: ipv4:10.145.8.86:8080: Failed to connect to remote host: connect: Connection refused (111)"
	debug_error_string = "UNKNOWN:Error received from peer  {grpc_status:14, grpc_message:"failed to connect to all addresses; last error: UNKNOWN: ipv4:10.145.8.86:8080: Failed to connect to remote host: connect: Connection refused (111)"}"
>
DEBUG 2026-06-08 17:15:29 t_client.py:434 QUEUE SIZE: 0 (Must go: False)
DEBUG 2026-06-08 17:15:29 t_client.py:477 Control loop (ms): 49.00
DEBUG 2026-06-08 17:15:29 follower.py:184 follower_left SOFollower read state: 2.9ms
DEBUG 2026-06-08 17:15:29 follower.py:191 follower_left SOFollower read wrist: 0.0ms
DEBUG 2026-06-08 17:15:29 follower.py:184 follower_right SOFollower read state: 1.9ms
DEBUG 2026-06-08 17:15:29 follower.py:191 follower_right SOFollower read wrist: 0.0ms
DEBUG 2026-06-08 17:15:29 t_client.py:198 Observation serialization time: 0.010379s
DEBUG 2026-06-08 17:15:29 ort/utils.py:54 [CLIENT] Observation Buffer size 4.395498275756836 MB with
ERROR 2026-06-08 17:15:29 t_client.py:214 Error sending observation #474: <_InactiveRpcError of RPC that terminated with:
	status = StatusCode.UNAVAILABLE
	details = "failed to connect to all addresses; last error: UNKNOWN: ipv4:10.145.8.86:8080: Failed to connect to remote host: connect: Connection refused (111)"
	debug_error_string = "UNKNOWN:Error received from peer  {grpc_status:14, grpc_message:"failed to connect to all addresses; last error: UNKNOWN: ipv4:10.145.8.86:8080: Failed to connect to remote host: connect: Connection refused (111)"}"
>
DEBUG 2026-06-08 17:15:29 t_client.py:434 QUEUE SIZE: 0 (Must go: False)
DEBUG 2026-06-08 17:15:29 t_client.py:477 Control loop (ms): 51.60
DEBUG 2026-06-08 17:15:29 follower.py:184 follower_left SOFollower read state: 2.1ms
DEBUG 2026-06-08 17:15:29 follower.py:191 follower_left SOFollower read wrist: 0.0ms
DEBUG 2026-06-08 17:15:29 follower.py:184 follower_right SOFollower read state: 1.8ms
DEBUG 2026-06-08 17:15:29 follower.py:191 follower_right SOFollower read wrist: 0.0ms
DEBUG 2026-06-08 17:15:29 t_client.py:198 Observation serialization time: 0.008484s
DEBUG 2026-06-08 17:15:29 ort/utils.py:54 [CLIENT] Observation Buffer size 4.395498275756836 MB with
ERROR 2026-06-08 17:15:29 t_client.py:214 Error sending observation #474: <_InactiveRpcError of RPC that terminated with:
	status = StatusCode.UNAVAILABLE
	details = "failed to connect to all addresses; last error: UNKNOWN: ipv4:10.145.8.86:8080: Failed to connect to remote host: connect: Connection refused (111)"
	debug_error_string = "UNKNOWN:Error received from peer  {grpc_status:14, grpc_message:"failed to connect to all addresses; last error: UNKNOWN: ipv4:10.145.8.86:8080: Failed to connect to remote host: connect: Connection refused (111)"}"
>
DEBUG 2026-06-08 17:15:29 t_client.py:434 QUEUE SIZE: 0 (Must go: False)
DEBUG 2026-06-08 17:15:29 t_client.py:477 Control loop (ms): 47.48
DEBUG 2026-06-08 17:15:29 follower.py:184 follower_left SOFollower read state: 2.2ms
DEBUG 2026-06-08 17:15:29 follower.py:191 follower_left SOFollower read wrist: 0.0ms
DEBUG 2026-06-08 17:15:29 follower.py:184 follower_right SOFollower read state: 2.0ms
DEBUG 2026-06-08 17:15:29 follower.py:191 follower_right SOFollower read wrist: 0.0ms
DEBUG 2026-06-08 17:15:29 t_client.py:198 Observation serialization time: 0.008303s
DEBUG 2026-06-08 17:15:29 ort/utils.py:54 [CLIENT] Observation Buffer size 4.395498275756836 MB with
ERROR 2026-06-08 17:15:29 t_client.py:214 Error sending observation #474: <_InactiveRpcError of RPC that terminated with:
	status = StatusCode.UNAVAILABLE
	details = "failed to connect to all addresses; last error: UNKNOWN: ipv4:10.145.8.86:8080: Failed to connect to remote host: connect: Connection refused (111)"
	debug_error_string = "UNKNOWN:Error received from peer  {grpc_message:"failed to connect to all addresses; last error: UNKNOWN: ipv4:10.145.8.86:8080: Failed to connect to remote host: connect: Connection refused (111)", grpc_status:14}"
>
DEBUG 2026-06-08 17:15:29 t_client.py:434 QUEUE SIZE: 0 (Must go: False)
DEBUG 2026-06-08 17:15:29 t_client.py:477 Control loop (ms): 50.77
DEBUG 2026-06-08 17:15:29 follower.py:184 follower_left SOFollower read state: 1.7ms
DEBUG 2026-06-08 17:15:29 follower.py:191 follower_left SOFollower read wrist: 0.0ms
DEBUG 2026-06-08 17:15:29 follower.py:184 follower_right SOFollower read state: 1.6ms
DEBUG 2026-06-08 17:15:29 follower.py:191 follower_right SOFollower read wrist: 0.0ms
DEBUG 2026-06-08 17:15:29 t_client.py:198 Observation serialization time: 0.006330s
DEBUG 2026-06-08 17:15:29 ort/utils.py:54 [CLIENT] Observation Buffer size 4.395498275756836 MB with
ERROR 2026-06-08 17:15:29 t_client.py:214 Error sending observation #474: <_InactiveRpcError of RPC that terminated with:
	status = StatusCode.UNAVAILABLE
	details = "failed to connect to all addresses; last error: UNKNOWN: ipv4:10.145.8.86:8080: Failed to connect to remote host: connect: Connection refused (111)"
	debug_error_string = "UNKNOWN:Error received from peer  {grpc_message:"failed to connect to all addresses; last error: UNKNOWN: ipv4:10.145.8.86:8080: Failed to connect to remote host: connect: Connection refused (111)", grpc_status:14}"
>
DEBUG 2026-06-08 17:15:29 t_client.py:434 QUEUE SIZE: 0 (Must go: False)
DEBUG 2026-06-08 17:15:29 t_client.py:477 Control loop (ms): 39.88
DEBUG 2026-06-08 17:15:29 follower.py:184 follower_left SOFollower read state: 1.6ms
DEBUG 2026-06-08 17:15:29 follower.py:191 follower_left SOFollower read wrist: 0.0ms
DEBUG 2026-06-08 17:15:29 follower.py:184 follower_right SOFollower read state: 1.6ms
DEBUG 2026-06-08 17:15:29 follower.py:191 follower_right SOFollower read wrist: 0.0ms
DEBUG 2026-06-08 17:15:29 t_client.py:198 Observation serialization time: 0.006411s
DEBUG 2026-06-08 17:15:29 ort/utils.py:54 [CLIENT] Observation Buffer size 4.395498275756836 MB with
ERROR 2026-06-08 17:15:29 t_client.py:214 Error sending observation #474: <_InactiveRpcError of RPC that terminated with:
	status = StatusCode.UNAVAILABLE
	details = "failed to connect to all addresses; last error: UNKNOWN: ipv4:10.145.8.86:8080: Failed to connect to remote host: connect: Connection refused (111)"
	debug_error_string = "UNKNOWN:Error received from peer  {grpc_message:"failed to connect to all addresses; last error: UNKNOWN: ipv4:10.145.8.86:8080: Failed to connect to remote host: connect: Connection refused (111)", grpc_status:14}"
>
DEBUG 2026-06-08 17:15:29 t_client.py:434 QUEUE SIZE: 0 (Must go: False)
DEBUG 2026-06-08 17:15:29 t_client.py:477 Control loop (ms): 45.36
DEBUG 2026-06-08 17:15:29 follower.py:184 follower_left SOFollower read state: 2.0ms
DEBUG 2026-06-08 17:15:29 follower.py:191 follower_left SOFollower read wrist: 0.0ms
DEBUG 2026-06-08 17:15:29 follower.py:184 follower_right SOFollower read state: 1.7ms
DEBUG 2026-06-08 17:15:29 follower.py:191 follower_right SOFollower read wrist: 0.0ms
DEBUG 2026-06-08 17:15:29 t_client.py:198 Observation serialization time: 0.007049s
ERROR 2026-06-08 17:15:29 t_client.py:359 Error receiving actions: <_InactiveRpcError of RPC that terminated with:
	status = StatusCode.UNAVAILABLE
	details = "failed to connect to all addresses; last error: UNKNOWN: ipv4:10.145.8.86:8080: Failed to connect to remote host: connect: Connection refused (111)"
	debug_error_string = "UNKNOWN:Error received from peer  {grpc_status:14, grpc_message:"failed to connect to all addresses; last error: UNKNOWN: ipv4:10.145.8.86:8080: Failed to connect to remote host: connect: Connection refused (111)"}"
>
DEBUG 2026-06-08 17:15:29 ort/utils.py:54 [CLIENT] Observation Buffer size 4.395498275756836 MB with
ERROR 2026-06-08 17:15:29 t_client.py:214 Error sending observation #474: <_InactiveRpcError of RPC that terminated with:
	status = StatusCode.UNAVAILABLE
	details = "failed to connect to all addresses; last error: UNKNOWN: ipv4:10.145.8.86:8080: Failed to connect to remote host: connect: Connection refused (111)"
	debug_error_string = "UNKNOWN:Error received from peer  {grpc_message:"failed to connect to all addresses; last error: UNKNOWN: ipv4:10.145.8.86:8080: Failed to connect to remote host: connect: Connection refused (111)", grpc_status:14}"
>
DEBUG 2026-06-08 17:15:29 t_client.py:434 QUEUE SIZE: 0 (Must go: False)
DEBUG 2026-06-08 17:15:29 t_client.py:477 Control loop (ms): 48.13
DEBUG 2026-06-08 17:15:29 follower.py:184 follower_left SOFollower read state: 1.9ms
DEBUG 2026-06-08 17:15:29 follower.py:191 follower_left SOFollower read wrist: 0.0ms
DEBUG 2026-06-08 17:15:29 follower.py:184 follower_right SOFollower read state: 1.7ms
DEBUG 2026-06-08 17:15:29 follower.py:191 follower_right SOFollower read wrist: 0.0ms
DEBUG 2026-06-08 17:15:29 t_client.py:198 Observation serialization time: 0.006056s
DEBUG 2026-06-08 17:15:29 ort/utils.py:54 [CLIENT] Observation Buffer size 4.395498275756836 MB with
ERROR 2026-06-08 17:15:29 t_client.py:214 Error sending observation #474: <_InactiveRpcError of RPC that terminated with:
	status = StatusCode.UNAVAILABLE
	details = "failed to connect to all addresses; last error: UNKNOWN: ipv4:10.145.8.86:8080: Failed to connect to remote host: connect: Connection refused (111)"
	debug_error_string = "UNKNOWN:Error received from peer  {grpc_status:14, grpc_message:"failed to connect to all addresses; last error: UNKNOWN: ipv4:10.145.8.86:8080: Failed to connect to remote host: connect: Connection refused (111)"}"
>
DEBUG 2026-06-08 17:15:29 t_client.py:434 QUEUE SIZE: 0 (Must go: False)
DEBUG 2026-06-08 17:15:29 t_client.py:477 Control loop (ms): 51.50
DEBUG 2026-06-08 17:15:29 follower.py:184 follower_left SOFollower read state: 1.7ms
DEBUG 2026-06-08 17:15:29 follower.py:191 follower_left SOFollower read wrist: 0.0ms
DEBUG 2026-06-08 17:15:29 follower.py:184 follower_right SOFollower read state: 1.5ms
DEBUG 2026-06-08 17:15:29 follower.py:191 follower_right SOFollower read wrist: 0.0ms
DEBUG 2026-06-08 17:15:29 t_client.py:198 Observation serialization time: 0.006810s
DEBUG 2026-06-08 17:15:29 ort/utils.py:54 [CLIENT] Observation Buffer size 4.395498275756836 MB with
ERROR 2026-06-08 17:15:29 t_client.py:214 Error sending observation #474: <_InactiveRpcError of RPC that terminated with:
	status = StatusCode.UNAVAILABLE
	details = "failed to connect to all addresses; last error: UNKNOWN: ipv4:10.145.8.86:8080: Failed to connect to remote host: connect: Connection refused (111)"
	debug_error_string = "UNKNOWN:Error received from peer  {grpc_status:14, grpc_message:"failed to connect to all addresses; last error: UNKNOWN: ipv4:10.145.8.86:8080: Failed to connect to remote host: connect: Connection refused (111)"}"
>
DEBUG 2026-06-08 17:15:29 t_client.py:434 QUEUE SIZE: 0 (Must go: False)
DEBUG 2026-06-08 17:15:29 t_client.py:477 Control loop (ms): 45.24
DEBUG 2026-06-08 17:15:29 follower.py:184 follower_left SOFollower read state: 2.1ms
DEBUG 2026-06-08 17:15:29 follower.py:191 follower_left SOFollower read wrist: 0.0ms
DEBUG 2026-06-08 17:15:29 follower.py:184 follower_right SOFollower read state: 1.8ms
DEBUG 2026-06-08 17:15:29 follower.py:191 follower_right SOFollower read wrist: 0.0ms
DEBUG 2026-06-08 17:15:29 t_client.py:198 Observation serialization time: 0.005688s
DEBUG 2026-06-08 17:15:29 ort/utils.py:54 [CLIENT] Observation Buffer size 4.395498275756836 MB with
ERROR 2026-06-08 17:15:29 t_client.py:214 Error sending observation #474: <_InactiveRpcError of RPC that terminated with:
	status = StatusCode.UNAVAILABLE
	details = "failed to connect to all addresses; last error: UNKNOWN: ipv4:10.145.8.86:8080: Failed to connect to remote host: connect: Connection refused (111)"
	debug_error_string = "UNKNOWN:Error received from peer  {grpc_message:"failed to connect to all addresses; last error: UNKNOWN: ipv4:10.145.8.86:8080: Failed to connect to remote host: connect: Connection refused (111)", grpc_status:14}"
>
DEBUG 2026-06-08 17:15:29 t_client.py:434 QUEUE SIZE: 0 (Must go: False)
DEBUG 2026-06-08 17:15:29 t_client.py:477 Control loop (ms): 50.95
DEBUG 2026-06-08 17:15:29 follower.py:184 follower_left SOFollower read state: 1.8ms
DEBUG 2026-06-08 17:15:29 follower.py:191 follower_left SOFollower read wrist: 0.0ms
DEBUG 2026-06-08 17:15:29 follower.py:184 follower_right SOFollower read state: 1.7ms
DEBUG 2026-06-08 17:15:29 follower.py:191 follower_right SOFollower read wrist: 0.0ms
DEBUG 2026-06-08 17:15:29 t_client.py:198 Observation serialization time: 0.006437s
DEBUG 2026-06-08 17:15:29 ort/utils.py:54 [CLIENT] Observation Buffer size 4.395498275756836 MB with
ERROR 2026-06-08 17:15:29 t_client.py:214 Error sending observation #474: <_InactiveRpcError of RPC that terminated with:
	status = StatusCode.UNAVAILABLE
	details = "failed to connect to all addresses; last error: UNKNOWN: ipv4:10.145.8.86:8080: Failed to connect to remote host: connect: Connection refused (111)"
	debug_error_string = "UNKNOWN:Error received from peer  {grpc_message:"failed to connect to all addresses; last error: UNKNOWN: ipv4:10.145.8.86:8080: Failed to connect to remote host: connect: Connection refused (111)", grpc_status:14}"
>
DEBUG 2026-06-08 17:15:29 t_client.py:434 QUEUE SIZE: 0 (Must go: False)
DEBUG 2026-06-08 17:15:29 t_client.py:477 Control loop (ms): 53.99
DEBUG 2026-06-08 17:15:29 follower.py:184 follower_left SOFollower read state: 2.4ms
DEBUG 2026-06-08 17:15:29 follower.py:191 follower_left SOFollower read wrist: 0.0ms
DEBUG 2026-06-08 17:15:29 follower.py:184 follower_right SOFollower read state: 2.1ms
DEBUG 2026-06-08 17:15:29 follower.py:191 follower_right SOFollower read wrist: 0.0ms
DEBUG 2026-06-08 17:15:29 t_client.py:198 Observation serialization time: 0.007737s
DEBUG 2026-06-08 17:15:29 ort/utils.py:54 [CLIENT] Observation Buffer size 4.395498275756836 MB with
ERROR 2026-06-08 17:15:29 t_client.py:214 Error sending observation #474: <_InactiveRpcError of RPC that terminated with:
	status = StatusCode.UNAVAILABLE
	details = "failed to connect to all addresses; last error: UNKNOWN: ipv4:10.145.8.86:8080: Failed to connect to remote host: connect: Connection refused (111)"
	debug_error_string = "UNKNOWN:Error received from peer  {grpc_status:14, grpc_message:"failed to connect to all addresses; last error: UNKNOWN: ipv4:10.145.8.86:8080: Failed to connect to remote host: connect: Connection refused (111)"}"
>
DEBUG 2026-06-08 17:15:29 t_client.py:434 QUEUE SIZE: 0 (Must go: False)
DEBUG 2026-06-08 17:15:29 t_client.py:477 Control loop (ms): 55.31
DEBUG 2026-06-08 17:15:29 follower.py:184 follower_left SOFollower read state: 1.8ms
DEBUG 2026-06-08 17:15:29 follower.py:191 follower_left SOFollower read wrist: 0.0ms
DEBUG 2026-06-08 17:15:29 follower.py:184 follower_right SOFollower read state: 1.8ms
DEBUG 2026-06-08 17:15:29 follower.py:191 follower_right SOFollower read wrist: 0.0ms
DEBUG 2026-06-08 17:15:29 t_client.py:198 Observation serialization time: 0.007232s
DEBUG 2026-06-08 17:15:29 ort/utils.py:54 [CLIENT] Observation Buffer size 4.395498275756836 MB with
ERROR 2026-06-08 17:15:29 t_client.py:214 Error sending observation #474: <_InactiveRpcError of RPC that terminated with:
	status = StatusCode.UNAVAILABLE
	details = "failed to connect to all addresses; last error: UNKNOWN: ipv4:10.145.8.86:8080: Failed to connect to remote host: connect: Connection refused (111)"
	debug_error_string = "UNKNOWN:Error received from peer  {grpc_status:14, grpc_message:"failed to connect to all addresses; last error: UNKNOWN: ipv4:10.145.8.86:8080: Failed to connect to remote host: connect: Connection refused (111)"}"
>
DEBUG 2026-06-08 17:15:29 t_client.py:434 QUEUE SIZE: 0 (Must go: False)
DEBUG 2026-06-08 17:15:29 t_client.py:477 Control loop (ms): 45.05
DEBUG 2026-06-08 17:15:29 follower.py:184 follower_left SOFollower read state: 2.1ms
DEBUG 2026-06-08 17:15:29 follower.py:191 follower_left SOFollower read wrist: 0.0ms
DEBUG 2026-06-08 17:15:29 follower.py:184 follower_right SOFollower read state: 1.9ms
DEBUG 2026-06-08 17:15:29 follower.py:191 follower_right SOFollower read wrist: 0.0ms
DEBUG 2026-06-08 17:15:29 t_client.py:198 Observation serialization time: 0.007793s
DEBUG 2026-06-08 17:15:29 ort/utils.py:54 [CLIENT] Observation Buffer size 4.395498275756836 MB with
ERROR 2026-06-08 17:15:29 t_client.py:214 Error sending observation #474: <_InactiveRpcError of RPC that terminated with:
	status = StatusCode.UNAVAILABLE
	details = "failed to connect to all addresses; last error: UNKNOWN: ipv4:10.145.8.86:8080: Failed to connect to remote host: connect: Connection refused (111)"
	debug_error_string = "UNKNOWN:Error received from peer  {grpc_message:"failed to connect to all addresses; last error: UNKNOWN: ipv4:10.145.8.86:8080: Failed to connect to remote host: connect: Connection refused (111)", grpc_status:14}"
>
DEBUG 2026-06-08 17:15:29 t_client.py:434 QUEUE SIZE: 0 (Must go: False)
DEBUG 2026-06-08 17:15:29 t_client.py:477 Control loop (ms): 54.91
DEBUG 2026-06-08 17:15:29 follower.py:184 follower_left SOFollower read state: 2.6ms
DEBUG 2026-06-08 17:15:29 follower.py:191 follower_left SOFollower read wrist: 0.0ms
DEBUG 2026-06-08 17:15:29 follower.py:184 follower_right SOFollower read state: 2.1ms
DEBUG 2026-06-08 17:15:29 follower.py:191 follower_right SOFollower read wrist: 0.0ms
DEBUG 2026-06-08 17:15:30 t_client.py:198 Observation serialization time: 0.006294s
DEBUG 2026-06-08 17:15:30 ort/utils.py:54 [CLIENT] Observation Buffer size 4.395498275756836 MB with
ERROR 2026-06-08 17:15:30 t_client.py:214 Error sending observation #474: <_InactiveRpcError of RPC that terminated with:
	status = StatusCode.UNAVAILABLE
	details = "failed to connect to all addresses; last error: UNKNOWN: ipv4:10.145.8.86:8080: Failed to connect to remote host: connect: Connection refused (111)"
	debug_error_string = "UNKNOWN:Error received from peer  {grpc_message:"failed to connect to all addresses; last error: UNKNOWN: ipv4:10.145.8.86:8080: Failed to connect to remote host: connect: Connection refused (111)", grpc_status:14}"
>
DEBUG 2026-06-08 17:15:30 t_client.py:434 QUEUE SIZE: 0 (Must go: False)
DEBUG 2026-06-08 17:15:30 t_client.py:477 Control loop (ms): 46.21
DEBUG 2026-06-08 17:15:30 follower.py:184 follower_left SOFollower read state: 2.6ms
DEBUG 2026-06-08 17:15:30 follower.py:191 follower_left SOFollower read wrist: 0.0ms
DEBUG 2026-06-08 17:15:30 follower.py:184 follower_right SOFollower read state: 1.9ms
DEBUG 2026-06-08 17:15:30 follower.py:191 follower_right SOFollower read wrist: 0.0ms
DEBUG 2026-06-08 17:15:30 t_client.py:198 Observation serialization time: 0.007464s
DEBUG 2026-06-08 17:15:30 ort/utils.py:54 [CLIENT] Observation Buffer size 4.395498275756836 MB with
ERROR 2026-06-08 17:15:30 t_client.py:214 Error sending observation #474: <_InactiveRpcError of RPC that terminated with:
	status = StatusCode.UNAVAILABLE
	details = "failed to connect to all addresses; last error: UNKNOWN: ipv4:10.145.8.86:8080: Failed to connect to remote host: connect: Connection refused (111)"
	debug_error_string = "UNKNOWN:Error received from peer  {grpc_message:"failed to connect to all addresses; last error: UNKNOWN: ipv4:10.145.8.86:8080: Failed to connect to remote host: connect: Connection refused (111)", grpc_status:14}"
>
DEBUG 2026-06-08 17:15:30 t_client.py:434 QUEUE SIZE: 0 (Must go: False)
DEBUG 2026-06-08 17:15:30 t_client.py:477 Control loop (ms): 47.59
DEBUG 2026-06-08 17:15:30 follower.py:184 follower_left SOFollower read state: 2.3ms
DEBUG 2026-06-08 17:15:30 follower.py:191 follower_left SOFollower read wrist: 0.0ms
DEBUG 2026-06-08 17:15:30 follower.py:184 follower_right SOFollower read state: 1.6ms
DEBUG 2026-06-08 17:15:30 follower.py:191 follower_right SOFollower read wrist: 0.0ms
DEBUG 2026-06-08 17:15:30 t_client.py:198 Observation serialization time: 0.009591s
DEBUG 2026-06-08 17:15:30 ort/utils.py:54 [CLIENT] Observation Buffer size 4.395498275756836 MB with
ERROR 2026-06-08 17:15:30 t_client.py:214 Error sending observation #474: <_InactiveRpcError of RPC that terminated with:
	status = StatusCode.UNAVAILABLE
	details = "failed to connect to all addresses; last error: UNKNOWN: ipv4:10.145.8.86:8080: Failed to connect to remote host: connect: Connection refused (111)"
	debug_error_string = "UNKNOWN:Error received from peer  {grpc_status:14, grpc_message:"failed to connect to all addresses; last error: UNKNOWN: ipv4:10.145.8.86:8080: Failed to connect to remote host: connect: Connection refused (111)"}"
>
DEBUG 2026-06-08 17:15:30 t_client.py:434 QUEUE SIZE: 0 (Must go: False)
DEBUG 2026-06-08 17:15:30 t_client.py:477 Control loop (ms): 55.52
DEBUG 2026-06-08 17:15:30 follower.py:184 follower_left SOFollower read state: 1.9ms
DEBUG 2026-06-08 17:15:30 follower.py:191 follower_left SOFollower read wrist: 0.0ms
DEBUG 2026-06-08 17:15:30 follower.py:184 follower_right SOFollower read state: 1.6ms
DEBUG 2026-06-08 17:15:30 follower.py:191 follower_right SOFollower read wrist: 0.0ms
DEBUG 2026-06-08 17:15:30 t_client.py:198 Observation serialization time: 0.007378s
DEBUG 2026-06-08 17:15:30 ort/utils.py:54 [CLIENT] Observation Buffer size 4.395498275756836 MB with
ERROR 2026-06-08 17:15:30 t_client.py:359 Error receiving actions: <_InactiveRpcError of RPC that terminated with:
	status = StatusCode.UNAVAILABLE
	details = "failed to connect to all addresses; last error: UNKNOWN: ipv4:10.145.8.86:8080: Failed to connect to remote host: connect: Connection refused (111)"
	debug_error_string = "UNKNOWN:Error received from peer  {grpc_message:"failed to connect to all addresses; last error: UNKNOWN: ipv4:10.145.8.86:8080: Failed to connect to remote host: connect: Connection refused (111)", grpc_status:14}"
>
ERROR 2026-06-08 17:15:30 t_client.py:214 Error sending observation #474: <_InactiveRpcError of RPC that terminated with:
	status = StatusCode.UNAVAILABLE
	details = "failed to connect to all addresses; last error: UNKNOWN: ipv4:10.145.8.86:8080: Failed to connect to remote host: connect: Connection refused (111)"
	debug_error_string = "UNKNOWN:Error received from peer  {grpc_status:14, grpc_message:"failed to connect to all addresses; last error: UNKNOWN: ipv4:10.145.8.86:8080: Failed to connect to remote host: connect: Connection refused (111)"}"
>
DEBUG 2026-06-08 17:15:30 t_client.py:434 QUEUE SIZE: 0 (Must go: False)
DEBUG 2026-06-08 17:15:30 t_client.py:477 Control loop (ms): 47.67
DEBUG 2026-06-08 17:15:30 follower.py:184 follower_left SOFollower read state: 1.8ms
DEBUG 2026-06-08 17:15:30 follower.py:191 follower_left SOFollower read wrist: 0.0ms
DEBUG 2026-06-08 17:15:30 follower.py:184 follower_right SOFollower read state: 1.8ms
DEBUG 2026-06-08 17:15:30 follower.py:191 follower_right SOFollower read wrist: 0.0ms
DEBUG 2026-06-08 17:15:30 t_client.py:198 Observation serialization time: 0.007772s
DEBUG 2026-06-08 17:15:30 ort/utils.py:54 [CLIENT] Observation Buffer size 4.395498275756836 MB with
ERROR 2026-06-08 17:15:30 t_client.py:214 Error sending observation #474: <_InactiveRpcError of RPC that terminated with:
	status = StatusCode.UNAVAILABLE
	details = "failed to connect to all addresses; last error: UNKNOWN: ipv4:10.145.8.86:8080: Failed to connect to remote host: connect: Connection refused (111)"
	debug_error_string = "UNKNOWN:Error received from peer  {grpc_status:14, grpc_message:"failed to connect to all addresses; last error: UNKNOWN: ipv4:10.145.8.86:8080: Failed to connect to remote host: connect: Connection refused (111)"}"
>
DEBUG 2026-06-08 17:15:30 t_client.py:434 QUEUE SIZE: 0 (Must go: False)
DEBUG 2026-06-08 17:15:30 t_client.py:477 Control loop (ms): 52.53
DEBUG 2026-06-08 17:15:30 follower.py:184 follower_left SOFollower read state: 1.8ms
DEBUG 2026-06-08 17:15:30 follower.py:191 follower_left SOFollower read wrist: 0.0ms
DEBUG 2026-06-08 17:15:30 follower.py:184 follower_right SOFollower read state: 2.2ms
DEBUG 2026-06-08 17:15:30 follower.py:191 follower_right SOFollower read wrist: 0.0ms
DEBUG 2026-06-08 17:15:30 t_client.py:198 Observation serialization time: 0.006389s
DEBUG 2026-06-08 17:15:30 ort/utils.py:54 [CLIENT] Observation Buffer size 4.395498275756836 MB with
ERROR 2026-06-08 17:15:30 t_client.py:214 Error sending observation #474: <_InactiveRpcError of RPC that terminated with:
	status = StatusCode.UNAVAILABLE
	details = "failed to connect to all addresses; last error: UNKNOWN: ipv4:10.145.8.86:8080: Failed to connect to remote host: connect: Connection refused (111)"
	debug_error_string = "UNKNOWN:Error received from peer  {grpc_status:14, grpc_message:"failed to connect to all addresses; last error: UNKNOWN: ipv4:10.145.8.86:8080: Failed to connect to remote host: connect: Connection refused (111)"}"
>
DEBUG 2026-06-08 17:15:30 t_client.py:434 QUEUE SIZE: 0 (Must go: False)
DEBUG 2026-06-08 17:15:30 t_client.py:477 Control loop (ms): 43.66
DEBUG 2026-06-08 17:15:30 follower.py:184 follower_left SOFollower read state: 2.0ms
DEBUG 2026-06-08 17:15:30 follower.py:191 follower_left SOFollower read wrist: 0.0ms
DEBUG 2026-06-08 17:15:30 follower.py:184 follower_right SOFollower read state: 1.7ms
DEBUG 2026-06-08 17:15:30 follower.py:191 follower_right SOFollower read wrist: 0.0ms
DEBUG 2026-06-08 17:15:30 t_client.py:198 Observation serialization time: 0.006610s
DEBUG 2026-06-08 17:15:30 ort/utils.py:54 [CLIENT] Observation Buffer size 4.395498275756836 MB with
ERROR 2026-06-08 17:15:30 t_client.py:214 Error sending observation #474: <_InactiveRpcError of RPC that terminated with:
	status = StatusCode.UNAVAILABLE
	details = "failed to connect to all addresses; last error: UNKNOWN: ipv4:10.145.8.86:8080: Failed to connect to remote host: connect: Connection refused (111)"
	debug_error_string = "UNKNOWN:Error received from peer  {grpc_status:14, grpc_message:"failed to connect to all addresses; last error: UNKNOWN: ipv4:10.145.8.86:8080: Failed to connect to remote host: connect: Connection refused (111)"}"
>
DEBUG 2026-06-08 17:15:30 t_client.py:434 QUEUE SIZE: 0 (Must go: False)
DEBUG 2026-06-08 17:15:30 t_client.py:477 Control loop (ms): 41.54
DEBUG 2026-06-08 17:15:30 follower.py:184 follower_left SOFollower read state: 1.8ms
DEBUG 2026-06-08 17:15:30 follower.py:191 follower_left SOFollower read wrist: 0.0ms
DEBUG 2026-06-08 17:15:30 follower.py:184 follower_right SOFollower read state: 1.7ms
DEBUG 2026-06-08 17:15:30 follower.py:191 follower_right SOFollower read wrist: 0.0ms
DEBUG 2026-06-08 17:15:30 t_client.py:198 Observation serialization time: 0.010278s
DEBUG 2026-06-08 17:15:30 ort/utils.py:54 [CLIENT] Observation Buffer size 4.395498275756836 MB with
ERROR 2026-06-08 17:15:30 t_client.py:214 Error sending observation #474: <_InactiveRpcError of RPC that terminated with:
	status = StatusCode.UNAVAILABLE
	details = "failed to connect to all addresses; last error: UNKNOWN: ipv4:10.145.8.86:8080: Failed to connect to remote host: connect: Connection refused (111)"
	debug_error_string = "UNKNOWN:Error received from peer  {grpc_status:14, grpc_message:"failed to connect to all addresses; last error: UNKNOWN: ipv4:10.145.8.86:8080: Failed to connect to remote host: connect: Connection refused (111)"}"
>
DEBUG 2026-06-08 17:15:30 t_client.py:434 QUEUE SIZE: 0 (Must go: False)
DEBUG 2026-06-08 17:15:30 t_client.py:477 Control loop (ms): 54.18
DEBUG 2026-06-08 17:15:30 follower.py:184 follower_left SOFollower read state: 2.2ms
DEBUG 2026-06-08 17:15:30 follower.py:191 follower_left SOFollower read wrist: 0.0ms
DEBUG 2026-06-08 17:15:30 follower.py:184 follower_right SOFollower read state: 2.3ms
DEBUG 2026-06-08 17:15:30 follower.py:191 follower_right SOFollower read wrist: 0.0ms
DEBUG 2026-06-08 17:15:30 t_client.py:198 Observation serialization time: 0.009720s
DEBUG 2026-06-08 17:15:30 ort/utils.py:54 [CLIENT] Observation Buffer size 4.395498275756836 MB with
ERROR 2026-06-08 17:15:30 t_client.py:214 Error sending observation #474: <_InactiveRpcError of RPC that terminated with:
	status = StatusCode.UNAVAILABLE
	details = "failed to connect to all addresses; last error: UNKNOWN: ipv4:10.145.8.86:8080: Failed to connect to remote host: connect: Connection refused (111)"
	debug_error_string = "UNKNOWN:Error received from peer  {grpc_message:"failed to connect to all addresses; last error: UNKNOWN: ipv4:10.145.8.86:8080: Failed to connect to remote host: connect: Connection refused (111)", grpc_status:14}"
>
DEBUG 2026-06-08 17:15:30 t_client.py:434 QUEUE SIZE: 0 (Must go: False)
DEBUG 2026-06-08 17:15:30 t_client.py:477 Control loop (ms): 52.50
DEBUG 2026-06-08 17:15:30 follower.py:184 follower_left SOFollower read state: 2.2ms
DEBUG 2026-06-08 17:15:30 follower.py:191 follower_left SOFollower read wrist: 0.0ms
DEBUG 2026-06-08 17:15:30 follower.py:184 follower_right SOFollower read state: 2.3ms
DEBUG 2026-06-08 17:15:30 follower.py:191 follower_right SOFollower read wrist: 0.0ms
DEBUG 2026-06-08 17:15:30 t_client.py:198 Observation serialization time: 0.008074s
DEBUG 2026-06-08 17:15:30 ort/utils.py:54 [CLIENT] Observation Buffer size 4.395498275756836 MB with
ERROR 2026-06-08 17:15:30 t_client.py:214 Error sending observation #474: <_InactiveRpcError of RPC that terminated with:
	status = StatusCode.UNAVAILABLE
	details = "failed to connect to all addresses; last error: UNKNOWN: ipv4:10.145.8.86:8080: Failed to connect to remote host: connect: Connection refused (111)"
	debug_error_string = "UNKNOWN:Error received from peer  {grpc_status:14, grpc_message:"failed to connect to all addresses; last error: UNKNOWN: ipv4:10.145.8.86:8080: Failed to connect to remote host: connect: Connection refused (111)"}"
>
DEBUG 2026-06-08 17:15:30 t_client.py:434 QUEUE SIZE: 0 (Must go: False)
DEBUG 2026-06-08 17:15:30 t_client.py:477 Control loop (ms): 52.27
DEBUG 2026-06-08 17:15:30 follower.py:184 follower_left SOFollower read state: 2.2ms
DEBUG 2026-06-08 17:15:30 follower.py:191 follower_left SOFollower read wrist: 0.0ms
DEBUG 2026-06-08 17:15:30 follower.py:184 follower_right SOFollower read state: 1.9ms
DEBUG 2026-06-08 17:15:30 follower.py:191 follower_right SOFollower read wrist: 0.0ms
DEBUG 2026-06-08 17:15:30 t_client.py:198 Observation serialization time: 0.007989s
DEBUG 2026-06-08 17:15:30 ort/utils.py:54 [CLIENT] Observation Buffer size 4.395498275756836 MB with
ERROR 2026-06-08 17:15:30 t_client.py:214 Error sending observation #474: <_InactiveRpcError of RPC that terminated with:
	status = StatusCode.UNAVAILABLE
	details = "failed to connect to all addresses; last error: UNKNOWN: ipv4:10.145.8.86:8080: Failed to connect to remote host: connect: Connection refused (111)"
	debug_error_string = "UNKNOWN:Error received from peer  {grpc_status:14, grpc_message:"failed to connect to all addresses; last error: UNKNOWN: ipv4:10.145.8.86:8080: Failed to connect to remote host: connect: Connection refused (111)"}"
>
DEBUG 2026-06-08 17:15:30 t_client.py:434 QUEUE SIZE: 0 (Must go: False)
DEBUG 2026-06-08 17:15:30 t_client.py:477 Control loop (ms): 53.02
DEBUG 2026-06-08 17:15:30 follower.py:184 follower_left SOFollower read state: 2.1ms
DEBUG 2026-06-08 17:15:30 follower.py:191 follower_left SOFollower read wrist: 0.0ms
DEBUG 2026-06-08 17:15:30 follower.py:184 follower_right SOFollower read state: 2.0ms
DEBUG 2026-06-08 17:15:30 follower.py:191 follower_right SOFollower read wrist: 0.0ms
DEBUG 2026-06-08 17:15:30 t_client.py:198 Observation serialization time: 0.008733s
DEBUG 2026-06-08 17:15:30 ort/utils.py:54 [CLIENT] Observation Buffer size 4.395498275756836 MB with
ERROR 2026-06-08 17:15:30 t_client.py:214 Error sending observation #474: <_InactiveRpcError of RPC that terminated with:
	status = StatusCode.UNAVAILABLE
	details = "failed to connect to all addresses; last error: UNKNOWN: ipv4:10.145.8.86:8080: Failed to connect to remote host: connect: Connection refused (111)"
	debug_error_string = "UNKNOWN:Error received from peer  {grpc_status:14, grpc_message:"failed to connect to all addresses; last error: UNKNOWN: ipv4:10.145.8.86:8080: Failed to connect to remote host: connect: Connection refused (111)"}"
>
DEBUG 2026-06-08 17:15:30 t_client.py:434 QUEUE SIZE: 0 (Must go: False)
DEBUG 2026-06-08 17:15:30 t_client.py:477 Control loop (ms): 54.05
DEBUG 2026-06-08 17:15:30 follower.py:184 follower_left SOFollower read state: 2.2ms
DEBUG 2026-06-08 17:15:30 follower.py:191 follower_left SOFollower read wrist: 0.0ms
DEBUG 2026-06-08 17:15:30 follower.py:184 follower_right SOFollower read state: 2.1ms
DEBUG 2026-06-08 17:15:30 follower.py:191 follower_right SOFollower read wrist: 0.0ms
DEBUG 2026-06-08 17:15:30 t_client.py:198 Observation serialization time: 0.008929s
DEBUG 2026-06-08 17:15:30 ort/utils.py:54 [CLIENT] Observation Buffer size 4.395498275756836 MB with
ERROR 2026-06-08 17:15:30 t_client.py:359 Error receiving actions: <_InactiveRpcError of RPC that terminated with:
	status = StatusCode.UNAVAILABLE
	details = "failed to connect to all addresses; last error: UNKNOWN: ipv4:10.145.8.86:8080: Failed to connect to remote host: connect: Connection refused (111)"
	debug_error_string = "UNKNOWN:Error received from peer  {grpc_message:"failed to connect to all addresses; last error: UNKNOWN: ipv4:10.145.8.86:8080: Failed to connect to remote host: connect: Connection refused (111)", grpc_status:14}"
>
ERROR 2026-06-08 17:15:30 t_client.py:214 Error sending observation #474: <_InactiveRpcError of RPC that terminated with:
	status = StatusCode.UNAVAILABLE
	details = "failed to connect to all addresses; last error: UNKNOWN: ipv4:10.145.8.86:8080: Failed to connect to remote host: connect: Connection refused (111)"
	debug_error_string = "UNKNOWN:Error received from peer  {grpc_message:"failed to connect to all addresses; last error: UNKNOWN: ipv4:10.145.8.86:8080: Failed to connect to remote host: connect: Connection refused (111)", grpc_status:14}"
>
DEBUG 2026-06-08 17:15:30 t_client.py:434 QUEUE SIZE: 0 (Must go: False)
DEBUG 2026-06-08 17:15:30 t_client.py:477 Control loop (ms): 46.31
DEBUG 2026-06-08 17:15:30 follower.py:184 follower_left SOFollower read state: 1.8ms
DEBUG 2026-06-08 17:15:30 follower.py:191 follower_left SOFollower read wrist: 0.0ms
DEBUG 2026-06-08 17:15:30 follower.py:184 follower_right SOFollower read state: 2.0ms
DEBUG 2026-06-08 17:15:30 follower.py:191 follower_right SOFollower read wrist: 0.1ms
DEBUG 2026-06-08 17:15:30 t_client.py:198 Observation serialization time: 0.006518s
DEBUG 2026-06-08 17:15:30 ort/utils.py:54 [CLIENT] Observation Buffer size 4.395498275756836 MB with
ERROR 2026-06-08 17:15:30 t_client.py:214 Error sending observation #474: <_InactiveRpcError of RPC that terminated with:
	status = StatusCode.UNAVAILABLE
	details = "failed to connect to all addresses; last error: UNKNOWN: ipv4:10.145.8.86:8080: Failed to connect to remote host: connect: Connection refused (111)"
	debug_error_string = "UNKNOWN:Error received from peer  {grpc_message:"failed to connect to all addresses; last error: UNKNOWN: ipv4:10.145.8.86:8080: Failed to connect to remote host: connect: Connection refused (111)", grpc_status:14}"
>
DEBUG 2026-06-08 17:15:30 t_client.py:434 QUEUE SIZE: 0 (Must go: False)
DEBUG 2026-06-08 17:15:30 t_client.py:477 Control loop (ms): 45.25
DEBUG 2026-06-08 17:15:30 follower.py:184 follower_left SOFollower read state: 1.9ms
DEBUG 2026-06-08 17:15:30 follower.py:191 follower_left SOFollower read wrist: 0.0ms
DEBUG 2026-06-08 17:15:30 follower.py:184 follower_right SOFollower read state: 1.8ms
DEBUG 2026-06-08 17:15:30 follower.py:191 follower_right SOFollower read wrist: 0.0ms
DEBUG 2026-06-08 17:15:30 t_client.py:198 Observation serialization time: 0.007870s
DEBUG 2026-06-08 17:15:30 ort/utils.py:54 [CLIENT] Observation Buffer size 4.395498275756836 MB with
ERROR 2026-06-08 17:15:30 t_client.py:214 Error sending observation #474: <_InactiveRpcError of RPC that terminated with:
	status = StatusCode.UNAVAILABLE
	details = "failed to connect to all addresses; last error: UNKNOWN: ipv4:10.145.8.86:8080: Failed to connect to remote host: connect: Connection refused (111)"
	debug_error_string = "UNKNOWN:Error received from peer  {grpc_status:14, grpc_message:"failed to connect to all addresses; last error: UNKNOWN: ipv4:10.145.8.86:8080: Failed to connect to remote host: connect: Connection refused (111)"}"
>
DEBUG 2026-06-08 17:15:30 t_client.py:434 QUEUE SIZE: 0 (Must go: False)
DEBUG 2026-06-08 17:15:30 t_client.py:477 Control loop (ms): 51.60
DEBUG 2026-06-08 17:15:30 follower.py:184 follower_left SOFollower read state: 2.6ms
DEBUG 2026-06-08 17:15:30 follower.py:191 follower_left SOFollower read wrist: 0.0ms
DEBUG 2026-06-08 17:15:30 follower.py:184 follower_right SOFollower read state: 2.2ms
DEBUG 2026-06-08 17:15:30 follower.py:191 follower_right SOFollower read wrist: 0.0ms
DEBUG 2026-06-08 17:15:30 t_client.py:198 Observation serialization time: 0.008097s
DEBUG 2026-06-08 17:15:30 ort/utils.py:54 [CLIENT] Observation Buffer size 4.395498275756836 MB with
ERROR 2026-06-08 17:15:30 t_client.py:214 Error sending observation #474: <_InactiveRpcError of RPC that terminated with:
	status = StatusCode.UNAVAILABLE
	details = "failed to connect to all addresses; last error: UNKNOWN: ipv4:10.145.8.86:8080: Failed to connect to remote host: connect: Connection refused (111)"
	debug_error_string = "UNKNOWN:Error received from peer  {grpc_status:14, grpc_message:"failed to connect to all addresses; last error: UNKNOWN: ipv4:10.145.8.86:8080: Failed to connect to remote host: connect: Connection refused (111)"}"
>
DEBUG 2026-06-08 17:15:30 t_client.py:434 QUEUE SIZE: 0 (Must go: False)
DEBUG 2026-06-08 17:15:30 t_client.py:477 Control loop (ms): 51.10
DEBUG 2026-06-08 17:15:30 follower.py:184 follower_left SOFollower read state: 1.9ms
DEBUG 2026-06-08 17:15:30 follower.py:191 follower_left SOFollower read wrist: 0.0ms
DEBUG 2026-06-08 17:15:30 follower.py:184 follower_right SOFollower read state: 2.0ms
DEBUG 2026-06-08 17:15:30 follower.py:191 follower_right SOFollower read wrist: 0.0ms
DEBUG 2026-06-08 17:15:30 t_client.py:198 Observation serialization time: 0.008767s
DEBUG 2026-06-08 17:15:30 ort/utils.py:54 [CLIENT] Observation Buffer size 4.395498275756836 MB with
ERROR 2026-06-08 17:15:30 t_client.py:214 Error sending observation #474: <_InactiveRpcError of RPC that terminated with:
	status = StatusCode.UNAVAILABLE
	details = "failed to connect to all addresses; last error: UNKNOWN: ipv4:10.145.8.86:8080: Failed to connect to remote host: connect: Connection refused (111)"
	debug_error_string = "UNKNOWN:Error received from peer  {grpc_status:14, grpc_message:"failed to connect to all addresses; last error: UNKNOWN: ipv4:10.145.8.86:8080: Failed to connect to remote host: connect: Connection refused (111)"}"
>
DEBUG 2026-06-08 17:15:30 t_client.py:434 QUEUE SIZE: 0 (Must go: False)
DEBUG 2026-06-08 17:15:30 t_client.py:477 Control loop (ms): 44.72
DEBUG 2026-06-08 17:15:30 follower.py:184 follower_left SOFollower read state: 2.2ms
DEBUG 2026-06-08 17:15:30 follower.py:191 follower_left SOFollower read wrist: 0.0ms
DEBUG 2026-06-08 17:15:30 follower.py:184 follower_right SOFollower read state: 1.9ms
DEBUG 2026-06-08 17:15:30 follower.py:191 follower_right SOFollower read wrist: 0.0ms
DEBUG 2026-06-08 17:15:30 t_client.py:198 Observation serialization time: 0.008866s
DEBUG 2026-06-08 17:15:30 ort/utils.py:54 [CLIENT] Observation Buffer size 4.395498275756836 MB with
ERROR 2026-06-08 17:15:30 t_client.py:214 Error sending observation #474: <_InactiveRpcError of RPC that terminated with:
	status = StatusCode.UNAVAILABLE
	details = "failed to connect to all addresses; last error: UNKNOWN: ipv4:10.145.8.86:8080: Failed to connect to remote host: connect: Connection refused (111)"
	debug_error_string = "UNKNOWN:Error received from peer  {grpc_message:"failed to connect to all addresses; last error: UNKNOWN: ipv4:10.145.8.86:8080: Failed to connect to remote host: connect: Connection refused (111)", grpc_status:14}"
>
DEBUG 2026-06-08 17:15:30 t_client.py:434 QUEUE SIZE: 0 (Must go: False)
DEBUG 2026-06-08 17:15:30 t_client.py:477 Control loop (ms): 49.48
DEBUG 2026-06-08 17:15:30 follower.py:184 follower_left SOFollower read state: 2.2ms
DEBUG 2026-06-08 17:15:30 follower.py:191 follower_left SOFollower read wrist: 0.0ms
DEBUG 2026-06-08 17:15:30 follower.py:184 follower_right SOFollower read state: 1.5ms
DEBUG 2026-06-08 17:15:30 follower.py:191 follower_right SOFollower read wrist: 0.0ms
DEBUG 2026-06-08 17:15:30 t_client.py:198 Observation serialization time: 0.007064s
DEBUG 2026-06-08 17:15:30 ort/utils.py:54 [CLIENT] Observation Buffer size 4.395498275756836 MB with
ERROR 2026-06-08 17:15:30 t_client.py:214 Error sending observation #474: <_InactiveRpcError of RPC that terminated with:
	status = StatusCode.UNAVAILABLE
	details = "failed to connect to all addresses; last error: UNKNOWN: ipv4:10.145.8.86:8080: Failed to connect to remote host: connect: Connection refused (111)"
	debug_error_string = "UNKNOWN:Error received from peer  {grpc_message:"failed to connect to all addresses; last error: UNKNOWN: ipv4:10.145.8.86:8080: Failed to connect to remote host: connect: Connection refused (111)", grpc_status:14}"
>
DEBUG 2026-06-08 17:15:30 t_client.py:434 QUEUE SIZE: 0 (Must go: False)
DEBUG 2026-06-08 17:15:30 t_client.py:477 Control loop (ms): 51.20
DEBUG 2026-06-08 17:15:30 follower.py:184 follower_left SOFollower read state: 2.2ms
DEBUG 2026-06-08 17:15:30 follower.py:191 follower_left SOFollower read wrist: 0.1ms
DEBUG 2026-06-08 17:15:30 follower.py:184 follower_right SOFollower read state: 2.3ms
DEBUG 2026-06-08 17:15:30 follower.py:191 follower_right SOFollower read wrist: 0.0ms
DEBUG 2026-06-08 17:15:30 t_client.py:198 Observation serialization time: 0.009666s
DEBUG 2026-06-08 17:15:30 ort/utils.py:54 [CLIENT] Observation Buffer size 4.395498275756836 MB with
ERROR 2026-06-08 17:15:30 t_client.py:214 Error sending observation #474: <_InactiveRpcError of RPC that terminated with:
	status = StatusCode.UNAVAILABLE
	details = "failed to connect to all addresses; last error: UNKNOWN: ipv4:10.145.8.86:8080: Failed to connect to remote host: connect: Connection refused (111)"
	debug_error_string = "UNKNOWN:Error received from peer  {grpc_message:"failed to connect to all addresses; last error: UNKNOWN: ipv4:10.145.8.86:8080: Failed to connect to remote host: connect: Connection refused (111)", grpc_status:14}"
>
DEBUG 2026-06-08 17:15:30 t_client.py:434 QUEUE SIZE: 0 (Must go: False)
DEBUG 2026-06-08 17:15:30 t_client.py:477 Control loop (ms): 49.30
DEBUG 2026-06-08 17:15:30 follower.py:184 follower_left SOFollower read state: 1.9ms
DEBUG 2026-06-08 17:15:30 follower.py:191 follower_left SOFollower read wrist: 0.0ms
DEBUG 2026-06-08 17:15:31 follower.py:184 follower_right SOFollower read state: 1.8ms
DEBUG 2026-06-08 17:15:31 follower.py:191 follower_right SOFollower read wrist: 0.0ms
DEBUG 2026-06-08 17:15:31 t_client.py:198 Observation serialization time: 0.006090s
DEBUG 2026-06-08 17:15:31 ort/utils.py:54 [CLIENT] Observation Buffer size 4.395498275756836 MB with
ERROR 2026-06-08 17:15:31 t_client.py:214 Error sending observation #474: <_InactiveRpcError of RPC that terminated with:
	status = StatusCode.UNAVAILABLE
	details = "failed to connect to all addresses; last error: UNKNOWN: ipv4:10.145.8.86:8080: Failed to connect to remote host: connect: Connection refused (111)"
	debug_error_string = "UNKNOWN:Error received from peer  {grpc_message:"failed to connect to all addresses; last error: UNKNOWN: ipv4:10.145.8.86:8080: Failed to connect to remote host: connect: Connection refused (111)", grpc_status:14}"
>
DEBUG 2026-06-08 17:15:31 t_client.py:434 QUEUE SIZE: 0 (Must go: False)
DEBUG 2026-06-08 17:15:31 t_client.py:477 Control loop (ms): 48.86
DEBUG 2026-06-08 17:15:31 follower.py:184 follower_left SOFollower read state: 2.2ms
DEBUG 2026-06-08 17:15:31 follower.py:191 follower_left SOFollower read wrist: 0.0ms
DEBUG 2026-06-08 17:15:31 follower.py:184 follower_right SOFollower read state: 1.9ms
DEBUG 2026-06-08 17:15:31 follower.py:191 follower_right SOFollower read wrist: 0.0ms
DEBUG 2026-06-08 17:15:31 t_client.py:198 Observation serialization time: 0.007255s
DEBUG 2026-06-08 17:15:31 ort/utils.py:54 [CLIENT] Observation Buffer size 4.395498275756836 MB with
ERROR 2026-06-08 17:15:31 t_client.py:214 Error sending observation #474: <_InactiveRpcError of RPC that terminated with:
	status = StatusCode.UNAVAILABLE
	details = "failed to connect to all addresses; last error: UNKNOWN: ipv4:10.145.8.86:8080: Failed to connect to remote host: connect: Connection refused (111)"
	debug_error_string = "UNKNOWN:Error received from peer  {grpc_message:"failed to connect to all addresses; last error: UNKNOWN: ipv4:10.145.8.86:8080: Failed to connect to remote host: connect: Connection refused (111)", grpc_status:14}"
>
DEBUG 2026-06-08 17:15:31 t_client.py:434 QUEUE SIZE: 0 (Must go: False)
DEBUG 2026-06-08 17:15:31 t_client.py:477 Control loop (ms): 44.71
DEBUG 2026-06-08 17:15:31 follower.py:184 follower_left SOFollower read state: 2.0ms
DEBUG 2026-06-08 17:15:31 follower.py:191 follower_left SOFollower read wrist: 0.0ms
DEBUG 2026-06-08 17:15:31 follower.py:184 follower_right SOFollower read state: 1.7ms
DEBUG 2026-06-08 17:15:31 follower.py:191 follower_right SOFollower read wrist: 0.0ms
DEBUG 2026-06-08 17:15:31 t_client.py:198 Observation serialization time: 0.007688s
DEBUG 2026-06-08 17:15:31 ort/utils.py:54 [CLIENT] Observation Buffer size 4.395498275756836 MB with
ERROR 2026-06-08 17:15:31 t_client.py:214 Error sending observation #474: <_InactiveRpcError of RPC that terminated with:
	status = StatusCode.UNAVAILABLE
	details = "failed to connect to all addresses; last error: UNKNOWN: ipv4:10.145.8.86:8080: Failed to connect to remote host: connect: Connection refused (111)"
	debug_error_string = "UNKNOWN:Error received from peer  {grpc_message:"failed to connect to all addresses; last error: UNKNOWN: ipv4:10.145.8.86:8080: Failed to connect to remote host: connect: Connection refused (111)", grpc_status:14}"
>
DEBUG 2026-06-08 17:15:31 t_client.py:434 QUEUE SIZE: 0 (Must go: False)
DEBUG 2026-06-08 17:15:31 t_client.py:477 Control loop (ms): 53.95
DEBUG 2026-06-08 17:15:31 follower.py:184 follower_left SOFollower read state: 2.1ms
DEBUG 2026-06-08 17:15:31 follower.py:191 follower_left SOFollower read wrist: 0.0ms
DEBUG 2026-06-08 17:15:31 follower.py:184 follower_right SOFollower read state: 2.0ms
DEBUG 2026-06-08 17:15:31 follower.py:191 follower_right SOFollower read wrist: 0.0ms
DEBUG 2026-06-08 17:15:31 t_client.py:198 Observation serialization time: 0.009210s
DEBUG 2026-06-08 17:15:31 ort/utils.py:54 [CLIENT] Observation Buffer size 4.395498275756836 MB with
ERROR 2026-06-08 17:15:31 t_client.py:359 Error receiving actions: <_InactiveRpcError of RPC that terminated with:
	status = StatusCode.UNAVAILABLE
	details = "failed to connect to all addresses; last error: UNKNOWN: ipv4:10.145.8.86:8080: Failed to connect to remote host: connect: Connection refused (111)"
	debug_error_string = "UNKNOWN:Error received from peer  {grpc_status:14, grpc_message:"failed to connect to all addresses; last error: UNKNOWN: ipv4:10.145.8.86:8080: Failed to connect to remote host: connect: Connection refused (111)"}"
>
ERROR 2026-06-08 17:15:31 t_client.py:214 Error sending observation #474: <_InactiveRpcError of RPC that terminated with:
	status = StatusCode.UNAVAILABLE
	details = "failed to connect to all addresses; last error: UNKNOWN: ipv4:10.145.8.86:8080: Failed to connect to remote host: connect: Connection refused (111)"
	debug_error_string = "UNKNOWN:Error received from peer  {grpc_message:"failed to connect to all addresses; last error: UNKNOWN: ipv4:10.145.8.86:8080: Failed to connect to remote host: connect: Connection refused (111)", grpc_status:14}"
>
DEBUG 2026-06-08 17:15:31 t_client.py:434 QUEUE SIZE: 0 (Must go: False)
DEBUG 2026-06-08 17:15:31 t_client.py:477 Control loop (ms): 54.69
DEBUG 2026-06-08 17:15:31 follower.py:184 follower_left SOFollower read state: 1.8ms
DEBUG 2026-06-08 17:15:31 follower.py:191 follower_left SOFollower read wrist: 0.0ms
DEBUG 2026-06-08 17:15:31 follower.py:184 follower_right SOFollower read state: 1.8ms
DEBUG 2026-06-08 17:15:31 follower.py:191 follower_right SOFollower read wrist: 0.0ms
DEBUG 2026-06-08 17:15:31 t_client.py:198 Observation serialization time: 0.008807s
DEBUG 2026-06-08 17:15:31 ort/utils.py:54 [CLIENT] Observation Buffer size 4.395498275756836 MB with
ERROR 2026-06-08 17:15:31 t_client.py:214 Error sending observation #474: <_InactiveRpcError of RPC that terminated with:
	status = StatusCode.UNAVAILABLE
	details = "failed to connect to all addresses; last error: UNKNOWN: ipv4:10.145.8.86:8080: Failed to connect to remote host: connect: Connection refused (111)"
	debug_error_string = "UNKNOWN:Error received from peer  {grpc_status:14, grpc_message:"failed to connect to all addresses; last error: UNKNOWN: ipv4:10.145.8.86:8080: Failed to connect to remote host: connect: Connection refused (111)"}"
>
DEBUG 2026-06-08 17:15:31 t_client.py:434 QUEUE SIZE: 0 (Must go: False)
DEBUG 2026-06-08 17:15:31 t_client.py:477 Control loop (ms): 49.85
DEBUG 2026-06-08 17:15:31 follower.py:184 follower_left SOFollower read state: 2.1ms
DEBUG 2026-06-08 17:15:31 follower.py:191 follower_left SOFollower read wrist: 0.0ms
DEBUG 2026-06-08 17:15:31 follower.py:184 follower_right SOFollower read state: 1.9ms
DEBUG 2026-06-08 17:15:31 follower.py:191 follower_right SOFollower read wrist: 0.0ms
DEBUG 2026-06-08 17:15:31 t_client.py:198 Observation serialization time: 0.009351s
DEBUG 2026-06-08 17:15:31 ort/utils.py:54 [CLIENT] Observation Buffer size 4.395498275756836 MB with
ERROR 2026-06-08 17:15:31 t_client.py:214 Error sending observation #474: <_InactiveRpcError of RPC that terminated with:
	status = StatusCode.UNAVAILABLE
	details = "failed to connect to all addresses; last error: UNKNOWN: ipv4:10.145.8.86:8080: Failed to connect to remote host: connect: Connection refused (111)"
	debug_error_string = "UNKNOWN:Error received from peer  {grpc_message:"failed to connect to all addresses; last error: UNKNOWN: ipv4:10.145.8.86:8080: Failed to connect to remote host: connect: Connection refused (111)", grpc_status:14}"
>
DEBUG 2026-06-08 17:15:31 t_client.py:434 QUEUE SIZE: 0 (Must go: False)
DEBUG 2026-06-08 17:15:31 t_client.py:477 Control loop (ms): 53.02
DEBUG 2026-06-08 17:15:31 follower.py:184 follower_left SOFollower read state: 1.9ms
DEBUG 2026-06-08 17:15:31 follower.py:191 follower_left SOFollower read wrist: 0.0ms
DEBUG 2026-06-08 17:15:31 follower.py:184 follower_right SOFollower read state: 1.7ms
DEBUG 2026-06-08 17:15:31 follower.py:191 follower_right SOFollower read wrist: 0.0ms
DEBUG 2026-06-08 17:15:31 t_client.py:198 Observation serialization time: 0.008026s
DEBUG 2026-06-08 17:15:31 ort/utils.py:54 [CLIENT] Observation Buffer size 4.395498275756836 MB with
ERROR 2026-06-08 17:15:31 t_client.py:214 Error sending observation #474: <_InactiveRpcError of RPC that terminated with:
	status = StatusCode.UNAVAILABLE
	details = "failed to connect to all addresses; last error: UNKNOWN: ipv4:10.145.8.86:8080: Failed to connect to remote host: connect: Connection refused (111)"
	debug_error_string = "UNKNOWN:Error received from peer  {grpc_status:14, grpc_message:"failed to connect to all addresses; last error: UNKNOWN: ipv4:10.145.8.86:8080: Failed to connect to remote host: connect: Connection refused (111)"}"
>
DEBUG 2026-06-08 17:15:31 t_client.py:434 QUEUE SIZE: 0 (Must go: False)
DEBUG 2026-06-08 17:15:31 t_client.py:477 Control loop (ms): 46.51
DEBUG 2026-06-08 17:15:31 follower.py:184 follower_left SOFollower read state: 2.0ms
DEBUG 2026-06-08 17:15:31 follower.py:191 follower_left SOFollower read wrist: 0.0ms
DEBUG 2026-06-08 17:15:31 follower.py:184 follower_right SOFollower read state: 1.9ms
DEBUG 2026-06-08 17:15:31 follower.py:191 follower_right SOFollower read wrist: 0.0ms
DEBUG 2026-06-08 17:15:31 t_client.py:198 Observation serialization time: 0.008146s
DEBUG 2026-06-08 17:15:31 ort/utils.py:54 [CLIENT] Observation Buffer size 4.395498275756836 MB with
ERROR 2026-06-08 17:15:31 t_client.py:214 Error sending observation #474: <_InactiveRpcError of RPC that terminated with:
	status = StatusCode.UNAVAILABLE
	details = "failed to connect to all addresses; last error: UNKNOWN: ipv4:10.145.8.86:8080: Failed to connect to remote host: connect: Connection refused (111)"
	debug_error_string = "UNKNOWN:Error received from peer  {grpc_status:14, grpc_message:"failed to connect to all addresses; last error: UNKNOWN: ipv4:10.145.8.86:8080: Failed to connect to remote host: connect: Connection refused (111)"}"
>
DEBUG 2026-06-08 17:15:31 t_client.py:434 QUEUE SIZE: 0 (Must go: False)
DEBUG 2026-06-08 17:15:31 t_client.py:477 Control loop (ms): 50.52
DEBUG 2026-06-08 17:15:31 follower.py:184 follower_left SOFollower read state: 2.2ms
DEBUG 2026-06-08 17:15:31 follower.py:191 follower_left SOFollower read wrist: 0.0ms
DEBUG 2026-06-08 17:15:31 follower.py:184 follower_right SOFollower read state: 2.0ms
DEBUG 2026-06-08 17:15:31 follower.py:191 follower_right SOFollower read wrist: 0.0ms
DEBUG 2026-06-08 17:15:31 t_client.py:198 Observation serialization time: 0.007410s
DEBUG 2026-06-08 17:15:31 ort/utils.py:54 [CLIENT] Observation Buffer size 4.395498275756836 MB with
ERROR 2026-06-08 17:15:31 t_client.py:214 Error sending observation #474: <_InactiveRpcError of RPC that terminated with:
	status = StatusCode.UNAVAILABLE
	details = "failed to connect to all addresses; last error: UNKNOWN: ipv4:10.145.8.86:8080: Failed to connect to remote host: connect: Connection refused (111)"
	debug_error_string = "UNKNOWN:Error received from peer  {grpc_message:"failed to connect to all addresses; last error: UNKNOWN: ipv4:10.145.8.86:8080: Failed to connect to remote host: connect: Connection refused (111)", grpc_status:14}"
>
DEBUG 2026-06-08 17:15:31 t_client.py:434 QUEUE SIZE: 0 (Must go: False)
DEBUG 2026-06-08 17:15:31 t_client.py:477 Control loop (ms): 45.19
DEBUG 2026-06-08 17:15:31 follower.py:184 follower_left SOFollower read state: 2.0ms
DEBUG 2026-06-08 17:15:31 follower.py:191 follower_left SOFollower read wrist: 0.0ms
DEBUG 2026-06-08 17:15:31 follower.py:184 follower_right SOFollower read state: 1.9ms
DEBUG 2026-06-08 17:15:31 follower.py:191 follower_right SOFollower read wrist: 0.0ms
DEBUG 2026-06-08 17:15:31 t_client.py:198 Observation serialization time: 0.008054s
DEBUG 2026-06-08 17:15:31 ort/utils.py:54 [CLIENT] Observation Buffer size 4.395498275756836 MB with
ERROR 2026-06-08 17:15:31 t_client.py:214 Error sending observation #474: <_InactiveRpcError of RPC that terminated with:
	status = StatusCode.UNAVAILABLE
	details = "failed to connect to all addresses; last error: UNKNOWN: ipv4:10.145.8.86:8080: Failed to connect to remote host: connect: Connection refused (111)"
	debug_error_string = "UNKNOWN:Error received from peer  {grpc_message:"failed to connect to all addresses; last error: UNKNOWN: ipv4:10.145.8.86:8080: Failed to connect to remote host: connect: Connection refused (111)", grpc_status:14}"
>
DEBUG 2026-06-08 17:15:31 t_client.py:434 QUEUE SIZE: 0 (Must go: False)
DEBUG 2026-06-08 17:15:31 t_client.py:477 Control loop (ms): 53.96
DEBUG 2026-06-08 17:15:31 follower.py:184 follower_left SOFollower read state: 1.9ms
DEBUG 2026-06-08 17:15:31 follower.py:191 follower_left SOFollower read wrist: 0.0ms
DEBUG 2026-06-08 17:15:31 follower.py:184 follower_right SOFollower read state: 1.9ms
DEBUG 2026-06-08 17:15:31 follower.py:191 follower_right SOFollower read wrist: 0.0ms
DEBUG 2026-06-08 17:15:31 t_client.py:198 Observation serialization time: 0.007783s
DEBUG 2026-06-08 17:15:31 ort/utils.py:54 [CLIENT] Observation Buffer size 4.395498275756836 MB with
ERROR 2026-06-08 17:15:31 t_client.py:214 Error sending observation #474: <_InactiveRpcError of RPC that terminated with:
	status = StatusCode.UNAVAILABLE
	details = "failed to connect to all addresses; last error: UNKNOWN: ipv4:10.145.8.86:8080: Failed to connect to remote host: connect: Connection refused (111)"
	debug_error_string = "UNKNOWN:Error received from peer  {grpc_status:14, grpc_message:"failed to connect to all addresses; last error: UNKNOWN: ipv4:10.145.8.86:8080: Failed to connect to remote host: connect: Connection refused (111)"}"
>
DEBUG 2026-06-08 17:15:31 t_client.py:434 QUEUE SIZE: 0 (Must go: False)
DEBUG 2026-06-08 17:15:31 t_client.py:477 Control loop (ms): 53.50
DEBUG 2026-06-08 17:15:31 follower.py:184 follower_left SOFollower read state: 2.2ms
DEBUG 2026-06-08 17:15:31 follower.py:191 follower_left SOFollower read wrist: 0.0ms
DEBUG 2026-06-08 17:15:31 follower.py:184 follower_right SOFollower read state: 1.9ms
DEBUG 2026-06-08 17:15:31 follower.py:191 follower_right SOFollower read wrist: 0.0ms
DEBUG 2026-06-08 17:15:31 t_client.py:198 Observation serialization time: 0.008055s
DEBUG 2026-06-08 17:15:31 ort/utils.py:54 [CLIENT] Observation Buffer size 4.395498275756836 MB with
ERROR 2026-06-08 17:15:31 t_client.py:214 Error sending observation #474: <_InactiveRpcError of RPC that terminated with:
	status = StatusCode.UNAVAILABLE
	details = "failed to connect to all addresses; last error: UNKNOWN: ipv4:10.145.8.86:8080: Failed to connect to remote host: connect: Connection refused (111)"
	debug_error_string = "UNKNOWN:Error received from peer  {grpc_status:14, grpc_message:"failed to connect to all addresses; last error: UNKNOWN: ipv4:10.145.8.86:8080: Failed to connect to remote host: connect: Connection refused (111)"}"
>
DEBUG 2026-06-08 17:15:31 t_client.py:434 QUEUE SIZE: 0 (Must go: False)
DEBUG 2026-06-08 17:15:31 t_client.py:477 Control loop (ms): 54.96
DEBUG 2026-06-08 17:15:31 follower.py:184 follower_left SOFollower read state: 1.9ms
DEBUG 2026-06-08 17:15:31 follower.py:191 follower_left SOFollower read wrist: 0.0ms
DEBUG 2026-06-08 17:15:31 follower.py:184 follower_right SOFollower read state: 1.7ms
DEBUG 2026-06-08 17:15:31 follower.py:191 follower_right SOFollower read wrist: 0.0ms
DEBUG 2026-06-08 17:15:31 t_client.py:198 Observation serialization time: 0.008528s
DEBUG 2026-06-08 17:15:31 ort/utils.py:54 [CLIENT] Observation Buffer size 4.395498275756836 MB with
ERROR 2026-06-08 17:15:31 t_client.py:359 Error receiving actions: <_InactiveRpcError of RPC that terminated with:
	status = StatusCode.UNAVAILABLE
	details = "failed to connect to all addresses; last error: UNKNOWN: ipv4:10.145.8.86:8080: Failed to connect to remote host: connect: Connection refused (111)"
	debug_error_string = "UNKNOWN:Error received from peer  {grpc_message:"failed to connect to all addresses; last error: UNKNOWN: ipv4:10.145.8.86:8080: Failed to connect to remote host: connect: Connection refused (111)", grpc_status:14}"
>
ERROR 2026-06-08 17:15:31 t_client.py:214 Error sending observation #474: <_InactiveRpcError of RPC that terminated with:
	status = StatusCode.UNAVAILABLE
	details = "failed to connect to all addresses; last error: UNKNOWN: ipv4:10.145.8.86:8080: Failed to connect to remote host: connect: Connection refused (111)"
	debug_error_string = "UNKNOWN:Error received from peer  {grpc_status:14, grpc_message:"failed to connect to all addresses; last error: UNKNOWN: ipv4:10.145.8.86:8080: Failed to connect to remote host: connect: Connection refused (111)"}"
>
DEBUG 2026-06-08 17:15:31 t_client.py:434 QUEUE SIZE: 0 (Must go: False)
DEBUG 2026-06-08 17:15:31 t_client.py:477 Control loop (ms): 55.69
DEBUG 2026-06-08 17:15:31 follower.py:184 follower_left SOFollower read state: 1.9ms
DEBUG 2026-06-08 17:15:31 follower.py:191 follower_left SOFollower read wrist: 0.0ms
DEBUG 2026-06-08 17:15:31 follower.py:184 follower_right SOFollower read state: 1.7ms
DEBUG 2026-06-08 17:15:31 follower.py:191 follower_right SOFollower read wrist: 0.0ms
DEBUG 2026-06-08 17:15:31 t_client.py:198 Observation serialization time: 0.007014s
DEBUG 2026-06-08 17:15:31 ort/utils.py:54 [CLIENT] Observation Buffer size 4.395498275756836 MB with
ERROR 2026-06-08 17:15:31 t_client.py:214 Error sending observation #474: <_InactiveRpcError of RPC that terminated with:
	status = StatusCode.UNAVAILABLE
	details = "failed to connect to all addresses; last error: UNKNOWN: ipv4:10.145.8.86:8080: Failed to connect to remote host: connect: Connection refused (111)"
	debug_error_string = "UNKNOWN:Error received from peer  {grpc_message:"failed to connect to all addresses; last error: UNKNOWN: ipv4:10.145.8.86:8080: Failed to connect to remote host: connect: Connection refused (111)", grpc_status:14}"
>
DEBUG 2026-06-08 17:15:31 t_client.py:434 QUEUE SIZE: 0 (Must go: False)
DEBUG 2026-06-08 17:15:31 t_client.py:477 Control loop (ms): 43.80
DEBUG 2026-06-08 17:15:31 follower.py:184 follower_left SOFollower read state: 1.9ms
DEBUG 2026-06-08 17:15:31 follower.py:191 follower_left SOFollower read wrist: 0.0ms
DEBUG 2026-06-08 17:15:31 follower.py:184 follower_right SOFollower read state: 1.6ms
DEBUG 2026-06-08 17:15:31 follower.py:191 follower_right SOFollower read wrist: 0.0ms
DEBUG 2026-06-08 17:15:31 t_client.py:198 Observation serialization time: 0.008409s
DEBUG 2026-06-08 17:15:31 ort/utils.py:54 [CLIENT] Observation Buffer size 4.395498275756836 MB with
ERROR 2026-06-08 17:15:31 t_client.py:214 Error sending observation #474: <_InactiveRpcError of RPC that terminated with:
	status = StatusCode.UNAVAILABLE
	details = "failed to connect to all addresses; last error: UNKNOWN: ipv4:10.145.8.86:8080: Failed to connect to remote host: connect: Connection refused (111)"
	debug_error_string = "UNKNOWN:Error received from peer  {grpc_status:14, grpc_message:"failed to connect to all addresses; last error: UNKNOWN: ipv4:10.145.8.86:8080: Failed to connect to remote host: connect: Connection refused (111)"}"
>
DEBUG 2026-06-08 17:15:31 t_client.py:434 QUEUE SIZE: 0 (Must go: False)
DEBUG 2026-06-08 17:15:31 t_client.py:477 Control loop (ms): 56.14
DEBUG 2026-06-08 17:15:31 follower.py:184 follower_left SOFollower read state: 2.1ms
DEBUG 2026-06-08 17:15:31 follower.py:191 follower_left SOFollower read wrist: 0.0ms
DEBUG 2026-06-08 17:15:31 follower.py:184 follower_right SOFollower read state: 1.8ms
DEBUG 2026-06-08 17:15:31 follower.py:191 follower_right SOFollower read wrist: 0.0ms
DEBUG 2026-06-08 17:15:31 t_client.py:198 Observation serialization time: 0.008191s
DEBUG 2026-06-08 17:15:31 ort/utils.py:54 [CLIENT] Observation Buffer size 4.395498275756836 MB with
ERROR 2026-06-08 17:15:31 t_client.py:214 Error sending observation #474: <_InactiveRpcError of RPC that terminated with:
	status = StatusCode.UNAVAILABLE
	details = "failed to connect to all addresses; last error: UNKNOWN: ipv4:10.145.8.86:8080: Failed to connect to remote host: connect: Connection refused (111)"
	debug_error_string = "UNKNOWN:Error received from peer  {grpc_message:"failed to connect to all addresses; last error: UNKNOWN: ipv4:10.145.8.86:8080: Failed to connect to remote host: connect: Connection refused (111)", grpc_status:14}"
>
DEBUG 2026-06-08 17:15:31 t_client.py:434 QUEUE SIZE: 0 (Must go: False)
DEBUG 2026-06-08 17:15:31 t_client.py:477 Control loop (ms): 54.68
DEBUG 2026-06-08 17:15:31 follower.py:184 follower_left SOFollower read state: 2.0ms
DEBUG 2026-06-08 17:15:31 follower.py:191 follower_left SOFollower read wrist: 0.0ms
DEBUG 2026-06-08 17:15:31 follower.py:184 follower_right SOFollower read state: 1.8ms
DEBUG 2026-06-08 17:15:31 follower.py:191 follower_right SOFollower read wrist: 0.0ms
DEBUG 2026-06-08 17:15:31 t_client.py:198 Observation serialization time: 0.009763s
DEBUG 2026-06-08 17:15:31 ort/utils.py:54 [CLIENT] Observation Buffer size 4.395498275756836 MB with
ERROR 2026-06-08 17:15:31 t_client.py:214 Error sending observation #474: <_InactiveRpcError of RPC that terminated with:
	status = StatusCode.UNAVAILABLE
	details = "failed to connect to all addresses; last error: UNKNOWN: ipv4:10.145.8.86:8080: Failed to connect to remote host: connect: Connection refused (111)"
	debug_error_string = "UNKNOWN:Error received from peer  {grpc_message:"failed to connect to all addresses; last error: UNKNOWN: ipv4:10.145.8.86:8080: Failed to connect to remote host: connect: Connection refused (111)", grpc_status:14}"
>
DEBUG 2026-06-08 17:15:31 t_client.py:434 QUEUE SIZE: 0 (Must go: False)
DEBUG 2026-06-08 17:15:31 t_client.py:477 Control loop (ms): 50.63
DEBUG 2026-06-08 17:15:31 follower.py:184 follower_left SOFollower read state: 2.0ms
DEBUG 2026-06-08 17:15:31 follower.py:191 follower_left SOFollower read wrist: 0.0ms
DEBUG 2026-06-08 17:15:31 follower.py:184 follower_right SOFollower read state: 2.0ms
DEBUG 2026-06-08 17:15:31 follower.py:191 follower_right SOFollower read wrist: 0.0ms
DEBUG 2026-06-08 17:15:31 t_client.py:198 Observation serialization time: 0.009710s
DEBUG 2026-06-08 17:15:31 ort/utils.py:54 [CLIENT] Observation Buffer size 4.395498275756836 MB with
ERROR 2026-06-08 17:15:31 t_client.py:214 Error sending observation #474: <_InactiveRpcError of RPC that terminated with:
	status = StatusCode.UNAVAILABLE
	details = "failed to connect to all addresses; last error: UNKNOWN: ipv4:10.145.8.86:8080: Failed to connect to remote host: connect: Connection refused (111)"
	debug_error_string = "UNKNOWN:Error received from peer  {grpc_status:14, grpc_message:"failed to connect to all addresses; last error: UNKNOWN: ipv4:10.145.8.86:8080: Failed to connect to remote host: connect: Connection refused (111)"}"
>
DEBUG 2026-06-08 17:15:31 t_client.py:434 QUEUE SIZE: 0 (Must go: False)
DEBUG 2026-06-08 17:15:31 t_client.py:477 Control loop (ms): 52.20
DEBUG 2026-06-08 17:15:31 follower.py:184 follower_left SOFollower read state: 2.2ms
DEBUG 2026-06-08 17:15:31 follower.py:191 follower_left SOFollower read wrist: 0.0ms
DEBUG 2026-06-08 17:15:31 follower.py:184 follower_right SOFollower read state: 1.8ms
DEBUG 2026-06-08 17:15:31 follower.py:191 follower_right SOFollower read wrist: 0.0ms
DEBUG 2026-06-08 17:15:31 t_client.py:198 Observation serialization time: 0.009182s
DEBUG 2026-06-08 17:15:31 ort/utils.py:54 [CLIENT] Observation Buffer size 4.395498275756836 MB with
ERROR 2026-06-08 17:15:31 t_client.py:214 Error sending observation #474: <_InactiveRpcError of RPC that terminated with:
	status = StatusCode.UNAVAILABLE
	details = "failed to connect to all addresses; last error: UNKNOWN: ipv4:10.145.8.86:8080: Failed to connect to remote host: connect: Connection refused (111)"
	debug_error_string = "UNKNOWN:Error received from peer  {grpc_message:"failed to connect to all addresses; last error: UNKNOWN: ipv4:10.145.8.86:8080: Failed to connect to remote host: connect: Connection refused (111)", grpc_status:14}"
>
DEBUG 2026-06-08 17:15:31 t_client.py:434 QUEUE SIZE: 0 (Must go: False)
DEBUG 2026-06-08 17:15:31 t_client.py:477 Control loop (ms): 57.31
DEBUG 2026-06-08 17:15:31 follower.py:184 follower_left SOFollower read state: 2.0ms
DEBUG 2026-06-08 17:15:31 follower.py:191 follower_left SOFollower read wrist: 0.0ms
DEBUG 2026-06-08 17:15:31 follower.py:184 follower_right SOFollower read state: 1.8ms
DEBUG 2026-06-08 17:15:31 follower.py:191 follower_right SOFollower read wrist: 0.0ms
DEBUG 2026-06-08 17:15:31 t_client.py:198 Observation serialization time: 0.010284s
DEBUG 2026-06-08 17:15:32 ort/utils.py:54 [CLIENT] Observation Buffer size 4.395498275756836 MB with
ERROR 2026-06-08 17:15:32 t_client.py:214 Error sending observation #474: <_InactiveRpcError of RPC that terminated with:
	status = StatusCode.UNAVAILABLE
	details = "failed to connect to all addresses; last error: UNKNOWN: ipv4:10.145.8.86:8080: Failed to connect to remote host: connect: Connection refused (111)"
	debug_error_string = "UNKNOWN:Error received from peer  {grpc_status:14, grpc_message:"failed to connect to all addresses; last error: UNKNOWN: ipv4:10.145.8.86:8080: Failed to connect to remote host: connect: Connection refused (111)"}"
>
DEBUG 2026-06-08 17:15:32 t_client.py:434 QUEUE SIZE: 0 (Must go: False)
DEBUG 2026-06-08 17:15:32 t_client.py:477 Control loop (ms): 51.77
DEBUG 2026-06-08 17:15:32 follower.py:184 follower_left SOFollower read state: 2.0ms
DEBUG 2026-06-08 17:15:32 follower.py:191 follower_left SOFollower read wrist: 0.0ms
DEBUG 2026-06-08 17:15:32 follower.py:184 follower_right SOFollower read state: 1.8ms
DEBUG 2026-06-08 17:15:32 follower.py:191 follower_right SOFollower read wrist: 0.0ms
DEBUG 2026-06-08 17:15:32 t_client.py:198 Observation serialization time: 0.008960s
DEBUG 2026-06-08 17:15:32 ort/utils.py:54 [CLIENT] Observation Buffer size 4.395498275756836 MB with
ERROR 2026-06-08 17:15:32 t_client.py:214 Error sending observation #474: <_InactiveRpcError of RPC that terminated with:
	status = StatusCode.UNAVAILABLE
	details = "failed to connect to all addresses; last error: UNKNOWN: ipv4:10.145.8.86:8080: Failed to connect to remote host: connect: Connection refused (111)"
	debug_error_string = "UNKNOWN:Error received from peer  {grpc_status:14, grpc_message:"failed to connect to all addresses; last error: UNKNOWN: ipv4:10.145.8.86:8080: Failed to connect to remote host: connect: Connection refused (111)"}"
>
DEBUG 2026-06-08 17:15:32 t_client.py:434 QUEUE SIZE: 0 (Must go: False)
DEBUG 2026-06-08 17:15:32 t_client.py:477 Control loop (ms): 50.53
DEBUG 2026-06-08 17:15:32 follower.py:184 follower_left SOFollower read state: 1.9ms
DEBUG 2026-06-08 17:15:32 follower.py:191 follower_left SOFollower read wrist: 0.0ms
DEBUG 2026-06-08 17:15:32 follower.py:184 follower_right SOFollower read state: 1.7ms
DEBUG 2026-06-08 17:15:32 follower.py:191 follower_right SOFollower read wrist: 0.0ms
DEBUG 2026-06-08 17:15:32 t_client.py:198 Observation serialization time: 0.007229s
DEBUG 2026-06-08 17:15:32 ort/utils.py:54 [CLIENT] Observation Buffer size 4.395498275756836 MB with
ERROR 2026-06-08 17:15:32 t_client.py:214 Error sending observation #474: <_InactiveRpcError of RPC that terminated with:
	status = StatusCode.UNAVAILABLE
	details = "failed to connect to all addresses; last error: UNKNOWN: ipv4:10.145.8.86:8080: Failed to connect to remote host: connect: Connection refused (111)"
	debug_error_string = "UNKNOWN:Error received from peer  {grpc_status:14, grpc_message:"failed to connect to all addresses; last error: UNKNOWN: ipv4:10.145.8.86:8080: Failed to connect to remote host: connect: Connection refused (111)"}"
>
DEBUG 2026-06-08 17:15:32 t_client.py:434 QUEUE SIZE: 0 (Must go: False)
DEBUG 2026-06-08 17:15:32 t_client.py:477 Control loop (ms): 47.48
DEBUG 2026-06-08 17:15:32 follower.py:184 follower_left SOFollower read state: 2.0ms
DEBUG 2026-06-08 17:15:32 follower.py:191 follower_left SOFollower read wrist: 0.0ms
DEBUG 2026-06-08 17:15:32 follower.py:184 follower_right SOFollower read state: 2.0ms
DEBUG 2026-06-08 17:15:32 follower.py:191 follower_right SOFollower read wrist: 0.0ms
DEBUG 2026-06-08 17:15:32 t_client.py:198 Observation serialization time: 0.009644s
DEBUG 2026-06-08 17:15:32 ort/utils.py:54 [CLIENT] Observation Buffer size 4.395498275756836 MB with
ERROR 2026-06-08 17:15:32 t_client.py:214 Error sending observation #474: <_InactiveRpcError of RPC that terminated with:
	status = StatusCode.UNAVAILABLE
	details = "failed to connect to all addresses; last error: UNKNOWN: ipv4:10.145.8.86:8080: Failed to connect to remote host: connect: Connection refused (111)"
	debug_error_string = "UNKNOWN:Error received from peer  {grpc_message:"failed to connect to all addresses; last error: UNKNOWN: ipv4:10.145.8.86:8080: Failed to connect to remote host: connect: Connection refused (111)", grpc_status:14}"
>
DEBUG 2026-06-08 17:15:32 t_client.py:434 QUEUE SIZE: 0 (Must go: False)
DEBUG 2026-06-08 17:15:32 t_client.py:477 Control loop (ms): 62.26
DEBUG 2026-06-08 17:15:32 follower.py:184 follower_left SOFollower read state: 2.0ms
DEBUG 2026-06-08 17:15:32 follower.py:191 follower_left SOFollower read wrist: 0.0ms
DEBUG 2026-06-08 17:15:32 follower.py:184 follower_right SOFollower read state: 1.7ms
DEBUG 2026-06-08 17:15:32 follower.py:191 follower_right SOFollower read wrist: 0.0ms
DEBUG 2026-06-08 17:15:32 t_client.py:198 Observation serialization time: 0.009632s
ERROR 2026-06-08 17:15:32 t_client.py:359 Error receiving actions: <_InactiveRpcError of RPC that terminated with:
	status = StatusCode.UNAVAILABLE
	details = "failed to connect to all addresses; last error: UNKNOWN: ipv4:10.145.8.86:8080: Failed to connect to remote host: connect: Connection refused (111)"
	debug_error_string = "UNKNOWN:Error received from peer  {grpc_message:"failed to connect to all addresses; last error: UNKNOWN: ipv4:10.145.8.86:8080: Failed to connect to remote host: connect: Connection refused (111)", grpc_status:14}"
>
DEBUG 2026-06-08 17:15:32 ort/utils.py:54 [CLIENT] Observation Buffer size 4.395498275756836 MB with
ERROR 2026-06-08 17:15:32 t_client.py:214 Error sending observation #474: <_InactiveRpcError of RPC that terminated with:
	status = StatusCode.UNAVAILABLE
	details = "failed to connect to all addresses; last error: UNKNOWN: ipv4:10.145.8.86:8080: Failed to connect to remote host: connect: Connection refused (111)"
	debug_error_string = "UNKNOWN:Error received from peer  {grpc_message:"failed to connect to all addresses; last error: UNKNOWN: ipv4:10.145.8.86:8080: Failed to connect to remote host: connect: Connection refused (111)", grpc_status:14}"
>
DEBUG 2026-06-08 17:15:32 t_client.py:434 QUEUE SIZE: 0 (Must go: False)
DEBUG 2026-06-08 17:15:32 t_client.py:477 Control loop (ms): 56.25
DEBUG 2026-06-08 17:15:32 follower.py:184 follower_left SOFollower read state: 1.8ms
DEBUG 2026-06-08 17:15:32 follower.py:191 follower_left SOFollower read wrist: 0.0ms
DEBUG 2026-06-08 17:15:32 follower.py:184 follower_right SOFollower read state: 1.7ms
DEBUG 2026-06-08 17:15:32 follower.py:191 follower_right SOFollower read wrist: 0.0ms
DEBUG 2026-06-08 17:15:32 t_client.py:198 Observation serialization time: 0.009432s
DEBUG 2026-06-08 17:15:32 ort/utils.py:54 [CLIENT] Observation Buffer size 4.395498275756836 MB with
ERROR 2026-06-08 17:15:32 t_client.py:214 Error sending observation #474: <_InactiveRpcError of RPC that terminated with:
	status = StatusCode.UNAVAILABLE
	details = "failed to connect to all addresses; last error: UNKNOWN: ipv4:10.145.8.86:8080: Failed to connect to remote host: connect: Connection refused (111)"
	debug_error_string = "UNKNOWN:Error received from peer  {grpc_status:14, grpc_message:"failed to connect to all addresses; last error: UNKNOWN: ipv4:10.145.8.86:8080: Failed to connect to remote host: connect: Connection refused (111)"}"
>
DEBUG 2026-06-08 17:15:32 t_client.py:434 QUEUE SIZE: 0 (Must go: False)
DEBUG 2026-06-08 17:15:32 t_client.py:477 Control loop (ms): 57.02
DEBUG 2026-06-08 17:15:32 follower.py:184 follower_left SOFollower read state: 2.4ms
DEBUG 2026-06-08 17:15:32 follower.py:191 follower_left SOFollower read wrist: 0.0ms
DEBUG 2026-06-08 17:15:32 follower.py:184 follower_right SOFollower read state: 2.0ms
DEBUG 2026-06-08 17:15:32 follower.py:191 follower_right SOFollower read wrist: 0.0ms
DEBUG 2026-06-08 17:15:32 t_client.py:198 Observation serialization time: 0.010998s
DEBUG 2026-06-08 17:15:32 ort/utils.py:54 [CLIENT] Observation Buffer size 4.395498275756836 MB with
ERROR 2026-06-08 17:15:32 t_client.py:214 Error sending observation #474: <_InactiveRpcError of RPC that terminated with:
	status = StatusCode.UNAVAILABLE
	details = "failed to connect to all addresses; last error: UNKNOWN: ipv4:10.145.8.86:8080: Failed to connect to remote host: connect: Connection refused (111)"
	debug_error_string = "UNKNOWN:Error received from peer  {grpc_status:14, grpc_message:"failed to connect to all addresses; last error: UNKNOWN: ipv4:10.145.8.86:8080: Failed to connect to remote host: connect: Connection refused (111)"}"
>
DEBUG 2026-06-08 17:15:32 t_client.py:434 QUEUE SIZE: 0 (Must go: False)
DEBUG 2026-06-08 17:15:32 t_client.py:477 Control loop (ms): 57.19
DEBUG 2026-06-08 17:15:32 follower.py:184 follower_left SOFollower read state: 1.9ms
DEBUG 2026-06-08 17:15:32 follower.py:191 follower_left SOFollower read wrist: 0.0ms
DEBUG 2026-06-08 17:15:32 follower.py:184 follower_right SOFollower read state: 1.9ms
DEBUG 2026-06-08 17:15:32 follower.py:191 follower_right SOFollower read wrist: 0.0ms
DEBUG 2026-06-08 17:15:32 t_client.py:198 Observation serialization time: 0.009229s
DEBUG 2026-06-08 17:15:32 ort/utils.py:54 [CLIENT] Observation Buffer size 4.395498275756836 MB with
ERROR 2026-06-08 17:15:32 t_client.py:214 Error sending observation #474: <_InactiveRpcError of RPC that terminated with:
	status = StatusCode.UNAVAILABLE
	details = "failed to connect to all addresses; last error: UNKNOWN: ipv4:10.145.8.86:8080: Failed to connect to remote host: connect: Connection refused (111)"
	debug_error_string = "UNKNOWN:Error received from peer  {grpc_status:14, grpc_message:"failed to connect to all addresses; last error: UNKNOWN: ipv4:10.145.8.86:8080: Failed to connect to remote host: connect: Connection refused (111)"}"
>
DEBUG 2026-06-08 17:15:32 t_client.py:434 QUEUE SIZE: 0 (Must go: False)
DEBUG 2026-06-08 17:15:32 t_client.py:477 Control loop (ms): 54.93
DEBUG 2026-06-08 17:15:32 follower.py:184 follower_left SOFollower read state: 1.9ms
DEBUG 2026-06-08 17:15:32 follower.py:191 follower_left SOFollower read wrist: 0.0ms
DEBUG 2026-06-08 17:15:32 follower.py:184 follower_right SOFollower read state: 1.7ms
DEBUG 2026-06-08 17:15:32 follower.py:191 follower_right SOFollower read wrist: 0.0ms
DEBUG 2026-06-08 17:15:32 t_client.py:198 Observation serialization time: 0.008417s
DEBUG 2026-06-08 17:15:32 ort/utils.py:54 [CLIENT] Observation Buffer size 4.395498275756836 MB with
ERROR 2026-06-08 17:15:32 t_client.py:214 Error sending observation #474: <_InactiveRpcError of RPC that terminated with:
	status = StatusCode.UNAVAILABLE
	details = "failed to connect to all addresses; last error: UNKNOWN: ipv4:10.145.8.86:8080: Failed to connect to remote host: connect: Connection refused (111)"
	debug_error_string = "UNKNOWN:Error received from peer  {grpc_message:"failed to connect to all addresses; last error: UNKNOWN: ipv4:10.145.8.86:8080: Failed to connect to remote host: connect: Connection refused (111)", grpc_status:14}"
>
DEBUG 2026-06-08 17:15:32 t_client.py:434 QUEUE SIZE: 0 (Must go: False)
DEBUG 2026-06-08 17:15:32 t_client.py:477 Control loop (ms): 50.96
DEBUG 2026-06-08 17:15:32 follower.py:184 follower_left SOFollower read state: 2.1ms
DEBUG 2026-06-08 17:15:32 follower.py:191 follower_left SOFollower read wrist: 0.0ms
DEBUG 2026-06-08 17:15:32 follower.py:184 follower_right SOFollower read state: 2.5ms
DEBUG 2026-06-08 17:15:32 follower.py:191 follower_right SOFollower read wrist: 0.0ms
DEBUG 2026-06-08 17:15:32 t_client.py:198 Observation serialization time: 0.008555s
DEBUG 2026-06-08 17:15:32 ort/utils.py:54 [CLIENT] Observation Buffer size 4.395498275756836 MB with
ERROR 2026-06-08 17:15:32 t_client.py:214 Error sending observation #474: <_InactiveRpcError of RPC that terminated with:
	status = StatusCode.UNAVAILABLE
	details = "failed to connect to all addresses; last error: UNKNOWN: ipv4:10.145.8.86:8080: Failed to connect to remote host: connect: Connection refused (111)"
	debug_error_string = "UNKNOWN:Error received from peer  {grpc_status:14, grpc_message:"failed to connect to all addresses; last error: UNKNOWN: ipv4:10.145.8.86:8080: Failed to connect to remote host: connect: Connection refused (111)"}"
>
DEBUG 2026-06-08 17:15:32 t_client.py:434 QUEUE SIZE: 0 (Must go: False)
DEBUG 2026-06-08 17:15:32 t_client.py:477 Control loop (ms): 54.14
DEBUG 2026-06-08 17:15:32 follower.py:184 follower_left SOFollower read state: 2.1ms
DEBUG 2026-06-08 17:15:32 follower.py:191 follower_left SOFollower read wrist: 0.0ms
DEBUG 2026-06-08 17:15:32 follower.py:184 follower_right SOFollower read state: 1.8ms
DEBUG 2026-06-08 17:15:32 follower.py:191 follower_right SOFollower read wrist: 0.0ms
DEBUG 2026-06-08 17:15:32 t_client.py:198 Observation serialization time: 0.009282s
DEBUG 2026-06-08 17:15:32 ort/utils.py:54 [CLIENT] Observation Buffer size 4.395498275756836 MB with
ERROR 2026-06-08 17:15:32 t_client.py:214 Error sending observation #474: <_InactiveRpcError of RPC that terminated with:
	status = StatusCode.UNAVAILABLE
	details = "failed to connect to all addresses; last error: UNKNOWN: ipv4:10.145.8.86:8080: Failed to connect to remote host: connect: Connection refused (111)"
	debug_error_string = "UNKNOWN:Error received from peer  {grpc_status:14, grpc_message:"failed to connect to all addresses; last error: UNKNOWN: ipv4:10.145.8.86:8080: Failed to connect to remote host: connect: Connection refused (111)"}"
>
DEBUG 2026-06-08 17:15:32 t_client.py:434 QUEUE SIZE: 0 (Must go: False)
DEBUG 2026-06-08 17:15:32 t_client.py:477 Control loop (ms): 55.63
DEBUG 2026-06-08 17:15:32 follower.py:184 follower_left SOFollower read state: 1.8ms
DEBUG 2026-06-08 17:15:32 follower.py:191 follower_left SOFollower read wrist: 0.0ms
DEBUG 2026-06-08 17:15:32 follower.py:184 follower_right SOFollower read state: 1.5ms
DEBUG 2026-06-08 17:15:32 follower.py:191 follower_right SOFollower read wrist: 0.0ms
DEBUG 2026-06-08 17:15:32 t_client.py:198 Observation serialization time: 0.007888s
DEBUG 2026-06-08 17:15:32 ort/utils.py:54 [CLIENT] Observation Buffer size 4.395498275756836 MB with
ERROR 2026-06-08 17:15:32 t_client.py:214 Error sending observation #474: <_InactiveRpcError of RPC that terminated with:
	status = StatusCode.UNAVAILABLE
	details = "failed to connect to all addresses; last error: UNKNOWN: ipv4:10.145.8.86:8080: Failed to connect to remote host: connect: Connection refused (111)"
	debug_error_string = "UNKNOWN:Error received from peer  {grpc_message:"failed to connect to all addresses; last error: UNKNOWN: ipv4:10.145.8.86:8080: Failed to connect to remote host: connect: Connection refused (111)", grpc_status:14}"
>
DEBUG 2026-06-08 17:15:32 t_client.py:434 QUEUE SIZE: 0 (Must go: False)
DEBUG 2026-06-08 17:15:32 t_client.py:477 Control loop (ms): 50.66
DEBUG 2026-06-08 17:15:32 follower.py:184 follower_left SOFollower read state: 2.3ms
DEBUG 2026-06-08 17:15:32 follower.py:191 follower_left SOFollower read wrist: 0.0ms
DEBUG 2026-06-08 17:15:32 follower.py:184 follower_right SOFollower read state: 1.7ms
DEBUG 2026-06-08 17:15:32 follower.py:191 follower_right SOFollower read wrist: 0.0ms
DEBUG 2026-06-08 17:15:32 t_client.py:198 Observation serialization time: 0.008235s
DEBUG 2026-06-08 17:15:32 ort/utils.py:54 [CLIENT] Observation Buffer size 4.395498275756836 MB with
ERROR 2026-06-08 17:15:32 t_client.py:214 Error sending observation #474: <_InactiveRpcError of RPC that terminated with:
	status = StatusCode.UNAVAILABLE
	details = "failed to connect to all addresses; last error: UNKNOWN: ipv4:10.145.8.86:8080: Failed to connect to remote host: connect: Connection refused (111)"
	debug_error_string = "UNKNOWN:Error received from peer  {grpc_message:"failed to connect to all addresses; last error: UNKNOWN: ipv4:10.145.8.86:8080: Failed to connect to remote host: connect: Connection refused (111)", grpc_status:14}"
>
DEBUG 2026-06-08 17:15:32 t_client.py:434 QUEUE SIZE: 0 (Must go: False)
DEBUG 2026-06-08 17:15:32 t_client.py:477 Control loop (ms): 50.23
ERROR 2026-06-08 17:15:32 t_client.py:359 Error receiving actions: <_InactiveRpcError of RPC that terminated with:
	status = StatusCode.UNAVAILABLE
	details = "failed to connect to all addresses; last error: UNKNOWN: ipv4:10.145.8.86:8080: Failed to connect to remote host: connect: Connection refused (111)"
	debug_error_string = "UNKNOWN:Error received from peer  {grpc_status:14, grpc_message:"failed to connect to all addresses; last error: UNKNOWN: ipv4:10.145.8.86:8080: Failed to connect to remote host: connect: Connection refused (111)"}"
>
DEBUG 2026-06-08 17:15:32 follower.py:184 follower_left SOFollower read state: 2.4ms
DEBUG 2026-06-08 17:15:32 follower.py:191 follower_left SOFollower read wrist: 0.0ms
DEBUG 2026-06-08 17:15:32 follower.py:184 follower_right SOFollower read state: 2.1ms
DEBUG 2026-06-08 17:15:32 follower.py:191 follower_right SOFollower read wrist: 0.0ms
DEBUG 2026-06-08 17:15:32 t_client.py:198 Observation serialization time: 0.008211s
DEBUG 2026-06-08 17:15:32 ort/utils.py:54 [CLIENT] Observation Buffer size 4.395498275756836 MB with
ERROR 2026-06-08 17:15:32 t_client.py:214 Error sending observation #474: <_InactiveRpcError of RPC that terminated with:
	status = StatusCode.UNAVAILABLE
	details = "failed to connect to all addresses; last error: UNKNOWN: ipv4:10.145.8.86:8080: Failed to connect to remote host: connect: Connection refused (111)"
	debug_error_string = "UNKNOWN:Error received from peer  {grpc_status:14, grpc_message:"failed to connect to all addresses; last error: UNKNOWN: ipv4:10.145.8.86:8080: Failed to connect to remote host: connect: Connection refused (111)"}"
>
DEBUG 2026-06-08 17:15:32 t_client.py:434 QUEUE SIZE: 0 (Must go: False)
DEBUG 2026-06-08 17:15:32 t_client.py:477 Control loop (ms): 58.52
DEBUG 2026-06-08 17:15:32 follower.py:184 follower_left SOFollower read state: 2.6ms
DEBUG 2026-06-08 17:15:32 follower.py:191 follower_left SOFollower read wrist: 0.0ms
DEBUG 2026-06-08 17:15:32 follower.py:184 follower_right SOFollower read state: 2.1ms
DEBUG 2026-06-08 17:15:32 follower.py:191 follower_right SOFollower read wrist: 0.0ms
DEBUG 2026-06-08 17:15:32 t_client.py:198 Observation serialization time: 0.007580s
DEBUG 2026-06-08 17:15:32 ort/utils.py:54 [CLIENT] Observation Buffer size 4.395498275756836 MB with
ERROR 2026-06-08 17:15:32 t_client.py:214 Error sending observation #474: <_InactiveRpcError of RPC that terminated with:
	status = StatusCode.UNAVAILABLE
	details = "failed to connect to all addresses; last error: UNKNOWN: ipv4:10.145.8.86:8080: Failed to connect to remote host: connect: Connection refused (111)"
	debug_error_string = "UNKNOWN:Error received from peer  {grpc_message:"failed to connect to all addresses; last error: UNKNOWN: ipv4:10.145.8.86:8080: Failed to connect to remote host: connect: Connection refused (111)", grpc_status:14}"
>
DEBUG 2026-06-08 17:15:32 t_client.py:434 QUEUE SIZE: 0 (Must go: False)
DEBUG 2026-06-08 17:15:32 t_client.py:477 Control loop (ms): 53.12
DEBUG 2026-06-08 17:15:32 follower.py:184 follower_left SOFollower read state: 1.8ms
DEBUG 2026-06-08 17:15:32 follower.py:191 follower_left SOFollower read wrist: 0.0ms
DEBUG 2026-06-08 17:15:32 follower.py:184 follower_right SOFollower read state: 1.8ms
DEBUG 2026-06-08 17:15:32 follower.py:191 follower_right SOFollower read wrist: 0.0ms
DEBUG 2026-06-08 17:15:32 t_client.py:198 Observation serialization time: 0.008755s
DEBUG 2026-06-08 17:15:32 ort/utils.py:54 [CLIENT] Observation Buffer size 4.395498275756836 MB with
ERROR 2026-06-08 17:15:32 t_client.py:214 Error sending observation #474: <_InactiveRpcError of RPC that terminated with:
	status = StatusCode.UNAVAILABLE
	details = "failed to connect to all addresses; last error: UNKNOWN: ipv4:10.145.8.86:8080: Failed to connect to remote host: connect: Connection refused (111)"
	debug_error_string = "UNKNOWN:Error received from peer  {grpc_message:"failed to connect to all addresses; last error: UNKNOWN: ipv4:10.145.8.86:8080: Failed to connect to remote host: connect: Connection refused (111)", grpc_status:14}"
>
DEBUG 2026-06-08 17:15:32 t_client.py:434 QUEUE SIZE: 0 (Must go: False)
DEBUG 2026-06-08 17:15:32 t_client.py:477 Control loop (ms): 57.28
DEBUG 2026-06-08 17:15:32 follower.py:184 follower_left SOFollower read state: 2.0ms
DEBUG 2026-06-08 17:15:32 follower.py:191 follower_left SOFollower read wrist: 0.0ms
DEBUG 2026-06-08 17:15:32 follower.py:184 follower_right SOFollower read state: 1.7ms
DEBUG 2026-06-08 17:15:32 follower.py:191 follower_right SOFollower read wrist: 0.0ms
DEBUG 2026-06-08 17:15:32 t_client.py:198 Observation serialization time: 0.006075s
DEBUG 2026-06-08 17:15:32 ort/utils.py:54 [CLIENT] Observation Buffer size 4.395498275756836 MB with
ERROR 2026-06-08 17:15:32 t_client.py:214 Error sending observation #474: <_InactiveRpcError of RPC that terminated with:
	status = StatusCode.UNAVAILABLE
	details = "failed to connect to all addresses; last error: UNKNOWN: ipv4:10.145.8.86:8080: Failed to connect to remote host: connect: Connection refused (111)"
	debug_error_string = "UNKNOWN:Error received from peer  {grpc_status:14, grpc_message:"failed to connect to all addresses; last error: UNKNOWN: ipv4:10.145.8.86:8080: Failed to connect to remote host: connect: Connection refused (111)"}"
>
DEBUG 2026-06-08 17:15:32 t_client.py:434 QUEUE SIZE: 0 (Must go: False)
DEBUG 2026-06-08 17:15:32 t_client.py:477 Control loop (ms): 43.64
DEBUG 2026-06-08 17:15:32 follower.py:184 follower_left SOFollower read state: 2.0ms
DEBUG 2026-06-08 17:15:32 follower.py:191 follower_left SOFollower read wrist: 0.0ms
DEBUG 2026-06-08 17:15:32 follower.py:184 follower_right SOFollower read state: 2.2ms
DEBUG 2026-06-08 17:15:32 follower.py:191 follower_right SOFollower read wrist: 0.0ms
DEBUG 2026-06-08 17:15:32 t_client.py:198 Observation serialization time: 0.009205s
DEBUG 2026-06-08 17:15:32 ort/utils.py:54 [CLIENT] Observation Buffer size 4.395498275756836 MB with
ERROR 2026-06-08 17:15:32 t_client.py:214 Error sending observation #474: <_InactiveRpcError of RPC that terminated with:
	status = StatusCode.UNAVAILABLE
	details = "failed to connect to all addresses; last error: UNKNOWN: ipv4:10.145.8.86:8080: Failed to connect to remote host: connect: Connection refused (111)"
	debug_error_string = "UNKNOWN:Error received from peer  {grpc_status:14, grpc_message:"failed to connect to all addresses; last error: UNKNOWN: ipv4:10.145.8.86:8080: Failed to connect to remote host: connect: Connection refused (111)"}"
>
DEBUG 2026-06-08 17:15:32 t_client.py:434 QUEUE SIZE: 0 (Must go: False)
DEBUG 2026-06-08 17:15:32 t_client.py:477 Control loop (ms): 53.05
DEBUG 2026-06-08 17:15:32 follower.py:184 follower_left SOFollower read state: 2.2ms
DEBUG 2026-06-08 17:15:32 follower.py:191 follower_left SOFollower read wrist: 0.0ms
DEBUG 2026-06-08 17:15:32 follower.py:184 follower_right SOFollower read state: 2.2ms
DEBUG 2026-06-08 17:15:32 follower.py:191 follower_right SOFollower read wrist: 0.0ms
DEBUG 2026-06-08 17:15:32 t_client.py:198 Observation serialization time: 0.009237s
DEBUG 2026-06-08 17:15:32 ort/utils.py:54 [CLIENT] Observation Buffer size 4.395498275756836 MB with
ERROR 2026-06-08 17:15:33 t_client.py:214 Error sending observation #474: <_InactiveRpcError of RPC that terminated with:
	status = StatusCode.UNAVAILABLE
	details = "failed to connect to all addresses; last error: UNKNOWN: ipv4:10.145.8.86:8080: Failed to connect to remote host: connect: Connection refused (111)"
	debug_error_string = "UNKNOWN:Error received from peer  {grpc_status:14, grpc_message:"failed to connect to all addresses; last error: UNKNOWN: ipv4:10.145.8.86:8080: Failed to connect to remote host: connect: Connection refused (111)"}"
>
DEBUG 2026-06-08 17:15:33 t_client.py:434 QUEUE SIZE: 0 (Must go: False)
DEBUG 2026-06-08 17:15:33 t_client.py:477 Control loop (ms): 55.07
DEBUG 2026-06-08 17:15:33 follower.py:184 follower_left SOFollower read state: 2.0ms
DEBUG 2026-06-08 17:15:33 follower.py:191 follower_left SOFollower read wrist: 0.0ms
DEBUG 2026-06-08 17:15:33 follower.py:184 follower_right SOFollower read state: 2.0ms
DEBUG 2026-06-08 17:15:33 follower.py:191 follower_right SOFollower read wrist: 0.0ms
DEBUG 2026-06-08 17:15:33 t_client.py:198 Observation serialization time: 0.009090s
DEBUG 2026-06-08 17:15:33 ort/utils.py:54 [CLIENT] Observation Buffer size 4.395498275756836 MB with
ERROR 2026-06-08 17:15:33 t_client.py:214 Error sending observation #474: <_InactiveRpcError of RPC that terminated with:
	status = StatusCode.UNAVAILABLE
	details = "failed to connect to all addresses; last error: UNKNOWN: ipv4:10.145.8.86:8080: Failed to connect to remote host: connect: Connection refused (111)"
	debug_error_string = "UNKNOWN:Error received from peer  {grpc_status:14, grpc_message:"failed to connect to all addresses; last error: UNKNOWN: ipv4:10.145.8.86:8080: Failed to connect to remote host: connect: Connection refused (111)"}"
>
DEBUG 2026-06-08 17:15:33 t_client.py:434 QUEUE SIZE: 0 (Must go: False)
DEBUG 2026-06-08 17:15:33 t_client.py:477 Control loop (ms): 54.66
DEBUG 2026-06-08 17:15:33 follower.py:184 follower_left SOFollower read state: 2.0ms
DEBUG 2026-06-08 17:15:33 follower.py:191 follower_left SOFollower read wrist: 0.0ms
DEBUG 2026-06-08 17:15:33 follower.py:184 follower_right SOFollower read state: 1.8ms
DEBUG 2026-06-08 17:15:33 follower.py:191 follower_right SOFollower read wrist: 0.0ms
DEBUG 2026-06-08 17:15:33 t_client.py:198 Observation serialization time: 0.007442s
DEBUG 2026-06-08 17:15:33 ort/utils.py:54 [CLIENT] Observation Buffer size 4.395498275756836 MB with
ERROR 2026-06-08 17:15:33 t_client.py:214 Error sending observation #474: <_InactiveRpcError of RPC that terminated with:
	status = StatusCode.UNAVAILABLE
	details = "failed to connect to all addresses; last error: UNKNOWN: ipv4:10.145.8.86:8080: Failed to connect to remote host: connect: Connection refused (111)"
	debug_error_string = "UNKNOWN:Error received from peer  {grpc_message:"failed to connect to all addresses; last error: UNKNOWN: ipv4:10.145.8.86:8080: Failed to connect to remote host: connect: Connection refused (111)", grpc_status:14}"
>
DEBUG 2026-06-08 17:15:33 t_client.py:434 QUEUE SIZE: 0 (Must go: False)
DEBUG 2026-06-08 17:15:33 t_client.py:477 Control loop (ms): 48.71
DEBUG 2026-06-08 17:15:33 follower.py:184 follower_left SOFollower read state: 2.5ms
DEBUG 2026-06-08 17:15:33 follower.py:191 follower_left SOFollower read wrist: 0.1ms
DEBUG 2026-06-08 17:15:33 follower.py:184 follower_right SOFollower read state: 2.3ms
DEBUG 2026-06-08 17:15:33 follower.py:191 follower_right SOFollower read wrist: 0.0ms
DEBUG 2026-06-08 17:15:33 t_client.py:198 Observation serialization time: 0.009839s
DEBUG 2026-06-08 17:15:33 ort/utils.py:54 [CLIENT] Observation Buffer size 4.395498275756836 MB with
ERROR 2026-06-08 17:15:33 t_client.py:214 Error sending observation #474: <_InactiveRpcError of RPC that terminated with:
	status = StatusCode.UNAVAILABLE
	details = "failed to connect to all addresses; last error: UNKNOWN: ipv4:10.145.8.86:8080: Failed to connect to remote host: connect: Connection refused (111)"
	debug_error_string = "UNKNOWN:Error received from peer  {grpc_status:14, grpc_message:"failed to connect to all addresses; last error: UNKNOWN: ipv4:10.145.8.86:8080: Failed to connect to remote host: connect: Connection refused (111)"}"
>
DEBUG 2026-06-08 17:15:33 t_client.py:434 QUEUE SIZE: 0 (Must go: False)
DEBUG 2026-06-08 17:15:33 t_client.py:477 Control loop (ms): 47.90
DEBUG 2026-06-08 17:15:33 follower.py:184 follower_left SOFollower read state: 2.0ms
DEBUG 2026-06-08 17:15:33 follower.py:191 follower_left SOFollower read wrist: 0.0ms
DEBUG 2026-06-08 17:15:33 follower.py:184 follower_right SOFollower read state: 1.8ms
DEBUG 2026-06-08 17:15:33 follower.py:191 follower_right SOFollower read wrist: 0.0ms
DEBUG 2026-06-08 17:15:33 t_client.py:198 Observation serialization time: 0.007645s
DEBUG 2026-06-08 17:15:33 ort/utils.py:54 [CLIENT] Observation Buffer size 4.395498275756836 MB with
ERROR 2026-06-08 17:15:33 t_client.py:359 Error receiving actions: <_InactiveRpcError of RPC that terminated with:
	status = StatusCode.UNAVAILABLE
	details = "failed to connect to all addresses; last error: UNKNOWN: ipv4:10.145.8.86:8080: Failed to connect to remote host: connect: Connection refused (111)"
	debug_error_string = "UNKNOWN:Error received from peer  {grpc_status:14, grpc_message:"failed to connect to all addresses; last error: UNKNOWN: ipv4:10.145.8.86:8080: Failed to connect to remote host: connect: Connection refused (111)"}"
>
ERROR 2026-06-08 17:15:33 t_client.py:214 Error sending observation #474: <_InactiveRpcError of RPC that terminated with:
	status = StatusCode.UNAVAILABLE
	details = "failed to connect to all addresses; last error: UNKNOWN: ipv4:10.145.8.86:8080: Failed to connect to remote host: connect: Connection refused (111)"
	debug_error_string = "UNKNOWN:Error received from peer  {grpc_status:14, grpc_message:"failed to connect to all addresses; last error: UNKNOWN: ipv4:10.145.8.86:8080: Failed to connect to remote host: connect: Connection refused (111)"}"
>
DEBUG 2026-06-08 17:15:33 t_client.py:434 QUEUE SIZE: 0 (Must go: False)
DEBUG 2026-06-08 17:15:33 t_client.py:477 Control loop (ms): 51.49
DEBUG 2026-06-08 17:15:33 follower.py:184 follower_left SOFollower read state: 2.3ms
DEBUG 2026-06-08 17:15:33 follower.py:191 follower_left SOFollower read wrist: 0.0ms
DEBUG 2026-06-08 17:15:33 follower.py:184 follower_right SOFollower read state: 1.8ms
DEBUG 2026-06-08 17:15:33 follower.py:191 follower_right SOFollower read wrist: 0.0ms
DEBUG 2026-06-08 17:15:33 t_client.py:198 Observation serialization time: 0.006807s
DEBUG 2026-06-08 17:15:33 ort/utils.py:54 [CLIENT] Observation Buffer size 4.395498275756836 MB with
ERROR 2026-06-08 17:15:33 t_client.py:214 Error sending observation #474: <_InactiveRpcError of RPC that terminated with:
	status = StatusCode.UNAVAILABLE
	details = "failed to connect to all addresses; last error: UNKNOWN: ipv4:10.145.8.86:8080: Failed to connect to remote host: connect: Connection refused (111)"
	debug_error_string = "UNKNOWN:Error received from peer  {grpc_message:"failed to connect to all addresses; last error: UNKNOWN: ipv4:10.145.8.86:8080: Failed to connect to remote host: connect: Connection refused (111)", grpc_status:14}"
>
DEBUG 2026-06-08 17:15:33 t_client.py:434 QUEUE SIZE: 0 (Must go: False)
DEBUG 2026-06-08 17:15:33 t_client.py:477 Control loop (ms): 54.14
DEBUG 2026-06-08 17:15:33 follower.py:184 follower_left SOFollower read state: 2.0ms
DEBUG 2026-06-08 17:15:33 follower.py:191 follower_left SOFollower read wrist: 0.0ms
DEBUG 2026-06-08 17:15:33 follower.py:184 follower_right SOFollower read state: 1.8ms
DEBUG 2026-06-08 17:15:33 follower.py:191 follower_right SOFollower read wrist: 0.0ms
DEBUG 2026-06-08 17:15:33 t_client.py:198 Observation serialization time: 0.006655s
DEBUG 2026-06-08 17:15:33 ort/utils.py:54 [CLIENT] Observation Buffer size 4.395498275756836 MB with
ERROR 2026-06-08 17:15:33 t_client.py:214 Error sending observation #474: <_InactiveRpcError of RPC that terminated with:
	status = StatusCode.UNAVAILABLE
	details = "failed to connect to all addresses; last error: UNKNOWN: ipv4:10.145.8.86:8080: Failed to connect to remote host: connect: Connection refused (111)"
	debug_error_string = "UNKNOWN:Error received from peer  {grpc_message:"failed to connect to all addresses; last error: UNKNOWN: ipv4:10.145.8.86:8080: Failed to connect to remote host: connect: Connection refused (111)", grpc_status:14}"
>
DEBUG 2026-06-08 17:15:33 t_client.py:434 QUEUE SIZE: 0 (Must go: False)
DEBUG 2026-06-08 17:15:33 t_client.py:477 Control loop (ms): 49.64
DEBUG 2026-06-08 17:15:33 follower.py:184 follower_left SOFollower read state: 1.6ms
DEBUG 2026-06-08 17:15:33 follower.py:191 follower_left SOFollower read wrist: 0.0ms
DEBUG 2026-06-08 17:15:33 follower.py:184 follower_right SOFollower read state: 2.6ms
DEBUG 2026-06-08 17:15:33 follower.py:191 follower_right SOFollower read wrist: 0.0ms
DEBUG 2026-06-08 17:15:33 t_client.py:198 Observation serialization time: 0.006314s
DEBUG 2026-06-08 17:15:33 ort/utils.py:54 [CLIENT] Observation Buffer size 4.395498275756836 MB with
ERROR 2026-06-08 17:15:33 t_client.py:214 Error sending observation #474: <_InactiveRpcError of RPC that terminated with:
	status = StatusCode.UNAVAILABLE
	details = "failed to connect to all addresses; last error: UNKNOWN: ipv4:10.145.8.86:8080: Failed to connect to remote host: connect: Connection refused (111)"
	debug_error_string = "UNKNOWN:Error received from peer  {grpc_message:"failed to connect to all addresses; last error: UNKNOWN: ipv4:10.145.8.86:8080: Failed to connect to remote host: connect: Connection refused (111)", grpc_status:14}"
>
DEBUG 2026-06-08 17:15:33 t_client.py:434 QUEUE SIZE: 0 (Must go: False)
DEBUG 2026-06-08 17:15:33 t_client.py:477 Control loop (ms): 51.34
DEBUG 2026-06-08 17:15:33 follower.py:184 follower_left SOFollower read state: 2.2ms
DEBUG 2026-06-08 17:15:33 follower.py:191 follower_left SOFollower read wrist: 0.0ms
DEBUG 2026-06-08 17:15:33 follower.py:184 follower_right SOFollower read state: 2.2ms
DEBUG 2026-06-08 17:15:33 follower.py:191 follower_right SOFollower read wrist: 0.0ms
DEBUG 2026-06-08 17:15:33 t_client.py:198 Observation serialization time: 0.007195s
DEBUG 2026-06-08 17:15:33 ort/utils.py:54 [CLIENT] Observation Buffer size 4.395498275756836 MB with
ERROR 2026-06-08 17:15:33 t_client.py:214 Error sending observation #474: <_InactiveRpcError of RPC that terminated with:
	status = StatusCode.UNAVAILABLE
	details = "failed to connect to all addresses; last error: UNKNOWN: ipv4:10.145.8.86:8080: Failed to connect to remote host: connect: Connection refused (111)"
	debug_error_string = "UNKNOWN:Error received from peer  {grpc_status:14, grpc_message:"failed to connect to all addresses; last error: UNKNOWN: ipv4:10.145.8.86:8080: Failed to connect to remote host: connect: Connection refused (111)"}"
>
DEBUG 2026-06-08 17:15:33 t_client.py:434 QUEUE SIZE: 0 (Must go: False)
DEBUG 2026-06-08 17:15:33 t_client.py:477 Control loop (ms): 48.41
DEBUG 2026-06-08 17:15:33 follower.py:184 follower_left SOFollower read state: 2.2ms
DEBUG 2026-06-08 17:15:33 follower.py:191 follower_left SOFollower read wrist: 0.0ms
DEBUG 2026-06-08 17:15:33 follower.py:184 follower_right SOFollower read state: 2.3ms
DEBUG 2026-06-08 17:15:33 follower.py:191 follower_right SOFollower read wrist: 0.0ms
DEBUG 2026-06-08 17:15:33 t_client.py:198 Observation serialization time: 0.007310s
DEBUG 2026-06-08 17:15:33 ort/utils.py:54 [CLIENT] Observation Buffer size 4.395498275756836 MB with
ERROR 2026-06-08 17:15:33 t_client.py:214 Error sending observation #474: <_InactiveRpcError of RPC that terminated with:
	status = StatusCode.UNAVAILABLE
	details = "failed to connect to all addresses; last error: UNKNOWN: ipv4:10.145.8.86:8080: Failed to connect to remote host: connect: Connection refused (111)"
	debug_error_string = "UNKNOWN:Error received from peer  {grpc_status:14, grpc_message:"failed to connect to all addresses; last error: UNKNOWN: ipv4:10.145.8.86:8080: Failed to connect to remote host: connect: Connection refused (111)"}"
>
DEBUG 2026-06-08 17:15:33 t_client.py:434 QUEUE SIZE: 0 (Must go: False)
DEBUG 2026-06-08 17:15:33 t_client.py:477 Control loop (ms): 48.98
DEBUG 2026-06-08 17:15:33 follower.py:184 follower_left SOFollower read state: 2.0ms
DEBUG 2026-06-08 17:15:33 follower.py:191 follower_left SOFollower read wrist: 0.0ms
DEBUG 2026-06-08 17:15:33 follower.py:184 follower_right SOFollower read state: 1.8ms
DEBUG 2026-06-08 17:15:33 follower.py:191 follower_right SOFollower read wrist: 0.0ms
DEBUG 2026-06-08 17:15:33 t_client.py:198 Observation serialization time: 0.004081s
DEBUG 2026-06-08 17:15:33 ort/utils.py:54 [CLIENT] Observation Buffer size 4.395498275756836 MB with
ERROR 2026-06-08 17:15:33 t_client.py:214 Error sending observation #474: <_InactiveRpcError of RPC that terminated with:
	status = StatusCode.UNAVAILABLE
	details = "failed to connect to all addresses; last error: UNKNOWN: ipv4:10.145.8.86:8080: Failed to connect to remote host: connect: Connection refused (111)"
	debug_error_string = "UNKNOWN:Error received from peer  {grpc_message:"failed to connect to all addresses; last error: UNKNOWN: ipv4:10.145.8.86:8080: Failed to connect to remote host: connect: Connection refused (111)", grpc_status:14}"
>
DEBUG 2026-06-08 17:15:33 t_client.py:434 QUEUE SIZE: 0 (Must go: False)
DEBUG 2026-06-08 17:15:33 t_client.py:477 Control loop (ms): 46.10
DEBUG 2026-06-08 17:15:33 follower.py:184 follower_left SOFollower read state: 2.2ms
DEBUG 2026-06-08 17:15:33 follower.py:191 follower_left SOFollower read wrist: 0.0ms
DEBUG 2026-06-08 17:15:33 follower.py:184 follower_right SOFollower read state: 2.2ms
DEBUG 2026-06-08 17:15:33 follower.py:191 follower_right SOFollower read wrist: 0.0ms
DEBUG 2026-06-08 17:15:33 t_client.py:198 Observation serialization time: 0.008796s
DEBUG 2026-06-08 17:15:33 ort/utils.py:54 [CLIENT] Observation Buffer size 4.395498275756836 MB with
ERROR 2026-06-08 17:15:33 t_client.py:214 Error sending observation #474: <_InactiveRpcError of RPC that terminated with:
	status = StatusCode.UNAVAILABLE
	details = "failed to connect to all addresses; last error: UNKNOWN: ipv4:10.145.8.86:8080: Failed to connect to remote host: connect: Connection refused (111)"
	debug_error_string = "UNKNOWN:Error received from peer  {grpc_status:14, grpc_message:"failed to connect to all addresses; last error: UNKNOWN: ipv4:10.145.8.86:8080: Failed to connect to remote host: connect: Connection refused (111)"}"
>
DEBUG 2026-06-08 17:15:33 t_client.py:434 QUEUE SIZE: 0 (Must go: False)
DEBUG 2026-06-08 17:15:33 t_client.py:477 Control loop (ms): 55.27
DEBUG 2026-06-08 17:15:33 follower.py:184 follower_left SOFollower read state: 1.8ms
DEBUG 2026-06-08 17:15:33 follower.py:191 follower_left SOFollower read wrist: 0.0ms
DEBUG 2026-06-08 17:15:33 follower.py:184 follower_right SOFollower read state: 1.7ms
DEBUG 2026-06-08 17:15:33 follower.py:191 follower_right SOFollower read wrist: 0.0ms
DEBUG 2026-06-08 17:15:33 t_client.py:198 Observation serialization time: 0.007708s
DEBUG 2026-06-08 17:15:33 ort/utils.py:54 [CLIENT] Observation Buffer size 4.395498275756836 MB with
ERROR 2026-06-08 17:15:33 t_client.py:214 Error sending observation #474: <_InactiveRpcError of RPC that terminated with:
	status = StatusCode.UNAVAILABLE
	details = "failed to connect to all addresses; last error: UNKNOWN: ipv4:10.145.8.86:8080: Failed to connect to remote host: connect: Connection refused (111)"
	debug_error_string = "UNKNOWN:Error received from peer  {grpc_message:"failed to connect to all addresses; last error: UNKNOWN: ipv4:10.145.8.86:8080: Failed to connect to remote host: connect: Connection refused (111)", grpc_status:14}"
>
DEBUG 2026-06-08 17:15:33 t_client.py:434 QUEUE SIZE: 0 (Must go: False)
DEBUG 2026-06-08 17:15:33 t_client.py:477 Control loop (ms): 47.79
DEBUG 2026-06-08 17:15:33 follower.py:184 follower_left SOFollower read state: 2.1ms
DEBUG 2026-06-08 17:15:33 follower.py:191 follower_left SOFollower read wrist: 0.0ms
DEBUG 2026-06-08 17:15:33 follower.py:184 follower_right SOFollower read state: 2.3ms
DEBUG 2026-06-08 17:15:33 follower.py:191 follower_right SOFollower read wrist: 0.0ms
DEBUG 2026-06-08 17:15:33 t_client.py:198 Observation serialization time: 0.007639s
DEBUG 2026-06-08 17:15:33 ort/utils.py:54 [CLIENT] Observation Buffer size 4.395498275756836 MB with
ERROR 2026-06-08 17:15:33 t_client.py:214 Error sending observation #474: <_InactiveRpcError of RPC that terminated with:
	status = StatusCode.UNAVAILABLE
	details = "failed to connect to all addresses; last error: UNKNOWN: ipv4:10.145.8.86:8080: Failed to connect to remote host: connect: Connection refused (111)"
	debug_error_string = "UNKNOWN:Error received from peer  {grpc_status:14, grpc_message:"failed to connect to all addresses; last error: UNKNOWN: ipv4:10.145.8.86:8080: Failed to connect to remote host: connect: Connection refused (111)"}"
>
DEBUG 2026-06-08 17:15:33 t_client.py:434 QUEUE SIZE: 0 (Must go: False)
DEBUG 2026-06-08 17:15:33 t_client.py:477 Control loop (ms): 47.36
DEBUG 2026-06-08 17:15:33 follower.py:184 follower_left SOFollower read state: 1.8ms
DEBUG 2026-06-08 17:15:33 follower.py:191 follower_left SOFollower read wrist: 0.0ms
DEBUG 2026-06-08 17:15:33 follower.py:184 follower_right SOFollower read state: 1.7ms
DEBUG 2026-06-08 17:15:33 follower.py:191 follower_right SOFollower read wrist: 0.0ms
DEBUG 2026-06-08 17:15:33 t_client.py:198 Observation serialization time: 0.007215s
DEBUG 2026-06-08 17:15:33 ort/utils.py:54 [CLIENT] Observation Buffer size 4.395498275756836 MB with
ERROR 2026-06-08 17:15:33 t_client.py:359 Error receiving actions: <_InactiveRpcError of RPC that terminated with:
	status = StatusCode.UNAVAILABLE
	details = "failed to connect to all addresses; last error: UNKNOWN: ipv4:10.145.8.86:8080: Failed to connect to remote host: connect: Connection refused (111)"
	debug_error_string = "UNKNOWN:Error received from peer  {grpc_status:14, grpc_message:"failed to connect to all addresses; last error: UNKNOWN: ipv4:10.145.8.86:8080: Failed to connect to remote host: connect: Connection refused (111)"}"
>
ERROR 2026-06-08 17:15:33 t_client.py:214 Error sending observation #474: <_InactiveRpcError of RPC that terminated with:
	status = StatusCode.UNAVAILABLE
	details = "failed to connect to all addresses; last error: UNKNOWN: ipv4:10.145.8.86:8080: Failed to connect to remote host: connect: Connection refused (111)"
	debug_error_string = "UNKNOWN:Error received from peer  {grpc_status:14, grpc_message:"failed to connect to all addresses; last error: UNKNOWN: ipv4:10.145.8.86:8080: Failed to connect to remote host: connect: Connection refused (111)"}"
>
DEBUG 2026-06-08 17:15:33 t_client.py:434 QUEUE SIZE: 0 (Must go: False)
DEBUG 2026-06-08 17:15:33 t_client.py:477 Control loop (ms): 44.92
DEBUG 2026-06-08 17:15:33 follower.py:184 follower_left SOFollower read state: 2.2ms
DEBUG 2026-06-08 17:15:33 follower.py:191 follower_left SOFollower read wrist: 0.0ms
DEBUG 2026-06-08 17:15:33 follower.py:184 follower_right SOFollower read state: 2.1ms
DEBUG 2026-06-08 17:15:33 follower.py:191 follower_right SOFollower read wrist: 0.0ms
DEBUG 2026-06-08 17:15:33 t_client.py:198 Observation serialization time: 0.010002s
DEBUG 2026-06-08 17:15:33 ort/utils.py:54 [CLIENT] Observation Buffer size 4.395498275756836 MB with
ERROR 2026-06-08 17:15:33 t_client.py:214 Error sending observation #474: <_InactiveRpcError of RPC that terminated with:
	status = StatusCode.UNAVAILABLE
	details = "failed to connect to all addresses; last error: UNKNOWN: ipv4:10.145.8.86:8080: Failed to connect to remote host: connect: Connection refused (111)"
	debug_error_string = "UNKNOWN:Error received from peer  {grpc_message:"failed to connect to all addresses; last error: UNKNOWN: ipv4:10.145.8.86:8080: Failed to connect to remote host: connect: Connection refused (111)", grpc_status:14}"
>
DEBUG 2026-06-08 17:15:33 t_client.py:434 QUEUE SIZE: 0 (Must go: False)
DEBUG 2026-06-08 17:15:33 t_client.py:477 Control loop (ms): 47.28
DEBUG 2026-06-08 17:15:33 follower.py:184 follower_left SOFollower read state: 2.1ms
DEBUG 2026-06-08 17:15:33 follower.py:191 follower_left SOFollower read wrist: 0.0ms
DEBUG 2026-06-08 17:15:33 follower.py:184 follower_right SOFollower read state: 2.4ms
DEBUG 2026-06-08 17:15:33 follower.py:191 follower_right SOFollower read wrist: 0.0ms
DEBUG 2026-06-08 17:15:33 t_client.py:198 Observation serialization time: 0.007485s
DEBUG 2026-06-08 17:15:33 ort/utils.py:54 [CLIENT] Observation Buffer size 4.395498275756836 MB with
ERROR 2026-06-08 17:15:33 t_client.py:214 Error sending observation #474: <_InactiveRpcError of RPC that terminated with:
	status = StatusCode.UNAVAILABLE
	details = "failed to connect to all addresses; last error: UNKNOWN: ipv4:10.145.8.86:8080: Failed to connect to remote host: connect: Connection refused (111)"
	debug_error_string = "UNKNOWN:Error received from peer  {grpc_status:14, grpc_message:"failed to connect to all addresses; last error: UNKNOWN: ipv4:10.145.8.86:8080: Failed to connect to remote host: connect: Connection refused (111)"}"
>
DEBUG 2026-06-08 17:15:33 t_client.py:434 QUEUE SIZE: 0 (Must go: False)
DEBUG 2026-06-08 17:15:33 t_client.py:477 Control loop (ms): 47.06
DEBUG 2026-06-08 17:15:33 follower.py:184 follower_left SOFollower read state: 2.1ms
DEBUG 2026-06-08 17:15:33 follower.py:191 follower_left SOFollower read wrist: 0.0ms
DEBUG 2026-06-08 17:15:33 follower.py:184 follower_right SOFollower read state: 1.9ms
DEBUG 2026-06-08 17:15:33 follower.py:191 follower_right SOFollower read wrist: 0.0ms
DEBUG 2026-06-08 17:15:33 t_client.py:198 Observation serialization time: 0.008088s
DEBUG 2026-06-08 17:15:33 ort/utils.py:54 [CLIENT] Observation Buffer size 4.395498275756836 MB with
ERROR 2026-06-08 17:15:33 t_client.py:214 Error sending observation #474: <_InactiveRpcError of RPC that terminated with:
	status = StatusCode.UNAVAILABLE
	details = "failed to connect to all addresses; last error: UNKNOWN: ipv4:10.145.8.86:8080: Failed to connect to remote host: connect: Connection refused (111)"
	debug_error_string = "UNKNOWN:Error received from peer  {grpc_message:"failed to connect to all addresses; last error: UNKNOWN: ipv4:10.145.8.86:8080: Failed to connect to remote host: connect: Connection refused (111)", grpc_status:14}"
>
DEBUG 2026-06-08 17:15:33 t_client.py:434 QUEUE SIZE: 0 (Must go: False)
DEBUG 2026-06-08 17:15:33 t_client.py:477 Control loop (ms): 45.40
DEBUG 2026-06-08 17:15:33 follower.py:184 follower_left SOFollower read state: 1.8ms
DEBUG 2026-06-08 17:15:33 follower.py:191 follower_left SOFollower read wrist: 0.0ms
DEBUG 2026-06-08 17:15:33 follower.py:184 follower_right SOFollower read state: 1.7ms
DEBUG 2026-06-08 17:15:33 follower.py:191 follower_right SOFollower read wrist: 0.0ms
DEBUG 2026-06-08 17:15:33 t_client.py:198 Observation serialization time: 0.008050s
DEBUG 2026-06-08 17:15:33 ort/utils.py:54 [CLIENT] Observation Buffer size 4.395498275756836 MB with
ERROR 2026-06-08 17:15:33 t_client.py:214 Error sending observation #474: <_InactiveRpcError of RPC that terminated with:
	status = StatusCode.UNAVAILABLE
	details = "failed to connect to all addresses; last error: UNKNOWN: ipv4:10.145.8.86:8080: Failed to connect to remote host: connect: Connection refused (111)"
	debug_error_string = "UNKNOWN:Error received from peer  {grpc_message:"failed to connect to all addresses; last error: UNKNOWN: ipv4:10.145.8.86:8080: Failed to connect to remote host: connect: Connection refused (111)", grpc_status:14}"
>
DEBUG 2026-06-08 17:15:33 t_client.py:434 QUEUE SIZE: 0 (Must go: False)
DEBUG 2026-06-08 17:15:33 t_client.py:477 Control loop (ms): 51.67
DEBUG 2026-06-08 17:15:33 follower.py:184 follower_left SOFollower read state: 2.1ms
DEBUG 2026-06-08 17:15:33 follower.py:191 follower_left SOFollower read wrist: 0.0ms
DEBUG 2026-06-08 17:15:33 follower.py:184 follower_right SOFollower read state: 1.8ms
DEBUG 2026-06-08 17:15:33 follower.py:191 follower_right SOFollower read wrist: 0.0ms
DEBUG 2026-06-08 17:15:33 t_client.py:198 Observation serialization time: 0.009837s
DEBUG 2026-06-08 17:15:33 ort/utils.py:54 [CLIENT] Observation Buffer size 4.395498275756836 MB with
ERROR 2026-06-08 17:15:33 t_client.py:214 Error sending observation #474: <_InactiveRpcError of RPC that terminated with:
	status = StatusCode.UNAVAILABLE
	details = "failed to connect to all addresses; last error: UNKNOWN: ipv4:10.145.8.86:8080: Failed to connect to remote host: connect: Connection refused (111)"
	debug_error_string = "UNKNOWN:Error received from peer  {grpc_status:14, grpc_message:"failed to connect to all addresses; last error: UNKNOWN: ipv4:10.145.8.86:8080: Failed to connect to remote host: connect: Connection refused (111)"}"
>
DEBUG 2026-06-08 17:15:33 t_client.py:434 QUEUE SIZE: 0 (Must go: False)
DEBUG 2026-06-08 17:15:33 t_client.py:477 Control loop (ms): 58.18
DEBUG 2026-06-08 17:15:33 follower.py:184 follower_left SOFollower read state: 2.2ms
DEBUG 2026-06-08 17:15:33 follower.py:191 follower_left SOFollower read wrist: 0.0ms
DEBUG 2026-06-08 17:15:33 follower.py:184 follower_right SOFollower read state: 2.0ms
DEBUG 2026-06-08 17:15:33 follower.py:191 follower_right SOFollower read wrist: 0.0ms
DEBUG 2026-06-08 17:15:33 t_client.py:198 Observation serialization time: 0.009700s
DEBUG 2026-06-08 17:15:33 ort/utils.py:54 [CLIENT] Observation Buffer size 4.395498275756836 MB with
ERROR 2026-06-08 17:15:34 t_client.py:214 Error sending observation #474: <_InactiveRpcError of RPC that terminated with:
	status = StatusCode.UNAVAILABLE
	details = "failed to connect to all addresses; last error: UNKNOWN: ipv4:10.145.8.86:8080: Failed to connect to remote host: connect: Connection refused (111)"
	debug_error_string = "UNKNOWN:Error received from peer  {grpc_status:14, grpc_message:"failed to connect to all addresses; last error: UNKNOWN: ipv4:10.145.8.86:8080: Failed to connect to remote host: connect: Connection refused (111)"}"
>
DEBUG 2026-06-08 17:15:34 t_client.py:434 QUEUE SIZE: 0 (Must go: False)
DEBUG 2026-06-08 17:15:34 t_client.py:477 Control loop (ms): 46.23
DEBUG 2026-06-08 17:15:34 follower.py:184 follower_left SOFollower read state: 1.9ms
DEBUG 2026-06-08 17:15:34 follower.py:191 follower_left SOFollower read wrist: 0.0ms
DEBUG 2026-06-08 17:15:34 follower.py:184 follower_right SOFollower read state: 1.9ms
DEBUG 2026-06-08 17:15:34 follower.py:191 follower_right SOFollower read wrist: 0.0ms
DEBUG 2026-06-08 17:15:34 t_client.py:198 Observation serialization time: 0.007839s
DEBUG 2026-06-08 17:15:34 ort/utils.py:54 [CLIENT] Observation Buffer size 4.395498275756836 MB with
ERROR 2026-06-08 17:15:34 t_client.py:214 Error sending observation #474: <_InactiveRpcError of RPC that terminated with:
	status = StatusCode.UNAVAILABLE
	details = "failed to connect to all addresses; last error: UNKNOWN: ipv4:10.145.8.86:8080: Failed to connect to remote host: connect: Connection refused (111)"
	debug_error_string = "UNKNOWN:Error received from peer  {grpc_status:14, grpc_message:"failed to connect to all addresses; last error: UNKNOWN: ipv4:10.145.8.86:8080: Failed to connect to remote host: connect: Connection refused (111)"}"
>
DEBUG 2026-06-08 17:15:34 t_client.py:434 QUEUE SIZE: 0 (Must go: False)
DEBUG 2026-06-08 17:15:34 t_client.py:477 Control loop (ms): 53.56
DEBUG 2026-06-08 17:15:34 follower.py:184 follower_left SOFollower read state: 2.4ms
DEBUG 2026-06-08 17:15:34 follower.py:191 follower_left SOFollower read wrist: 0.0ms
DEBUG 2026-06-08 17:15:34 follower.py:184 follower_right SOFollower read state: 2.1ms
DEBUG 2026-06-08 17:15:34 follower.py:191 follower_right SOFollower read wrist: 0.0ms
DEBUG 2026-06-08 17:15:34 t_client.py:198 Observation serialization time: 0.010499s
DEBUG 2026-06-08 17:15:34 ort/utils.py:54 [CLIENT] Observation Buffer size 4.395498275756836 MB with
ERROR 2026-06-08 17:15:34 t_client.py:214 Error sending observation #474: <_InactiveRpcError of RPC that terminated with:
	status = StatusCode.UNAVAILABLE
	details = "failed to connect to all addresses; last error: UNKNOWN: ipv4:10.145.8.86:8080: Failed to connect to remote host: connect: Connection refused (111)"
	debug_error_string = "UNKNOWN:Error received from peer  {grpc_status:14, grpc_message:"failed to connect to all addresses; last error: UNKNOWN: ipv4:10.145.8.86:8080: Failed to connect to remote host: connect: Connection refused (111)"}"
>
DEBUG 2026-06-08 17:15:34 t_client.py:434 QUEUE SIZE: 0 (Must go: False)
DEBUG 2026-06-08 17:15:34 t_client.py:477 Control loop (ms): 56.58
DEBUG 2026-06-08 17:15:34 follower.py:184 follower_left SOFollower read state: 2.0ms
DEBUG 2026-06-08 17:15:34 follower.py:191 follower_left SOFollower read wrist: 0.0ms
DEBUG 2026-06-08 17:15:34 follower.py:184 follower_right SOFollower read state: 1.9ms
DEBUG 2026-06-08 17:15:34 follower.py:191 follower_right SOFollower read wrist: 0.0ms
DEBUG 2026-06-08 17:15:34 t_client.py:198 Observation serialization time: 0.010390s
DEBUG 2026-06-08 17:15:34 ort/utils.py:54 [CLIENT] Observation Buffer size 4.395498275756836 MB with
ERROR 2026-06-08 17:15:34 t_client.py:359 Error receiving actions: <_InactiveRpcError of RPC that terminated with:
	status = StatusCode.UNAVAILABLE
	details = "failed to connect to all addresses; last error: UNKNOWN: ipv4:10.145.8.86:8080: Failed to connect to remote host: connect: Connection refused (111)"
	debug_error_string = "UNKNOWN:Error received from peer  {grpc_status:14, grpc_message:"failed to connect to all addresses; last error: UNKNOWN: ipv4:10.145.8.86:8080: Failed to connect to remote host: connect: Connection refused (111)"}"
>
ERROR 2026-06-08 17:15:34 t_client.py:214 Error sending observation #474: <_InactiveRpcError of RPC that terminated with:
	status = StatusCode.UNAVAILABLE
	details = "failed to connect to all addresses; last error: UNKNOWN: ipv4:10.145.8.86:8080: Failed to connect to remote host: connect: Connection refused (111)"
	debug_error_string = "UNKNOWN:Error received from peer  {grpc_status:14, grpc_message:"failed to connect to all addresses; last error: UNKNOWN: ipv4:10.145.8.86:8080: Failed to connect to remote host: connect: Connection refused (111)"}"
>
DEBUG 2026-06-08 17:15:34 t_client.py:434 QUEUE SIZE: 0 (Must go: False)
DEBUG 2026-06-08 17:15:34 t_client.py:477 Control loop (ms): 55.77
DEBUG 2026-06-08 17:15:34 follower.py:184 follower_left SOFollower read state: 2.4ms
DEBUG 2026-06-08 17:15:34 follower.py:191 follower_left SOFollower read wrist: 0.0ms
DEBUG 2026-06-08 17:15:34 follower.py:184 follower_right SOFollower read state: 2.3ms
DEBUG 2026-06-08 17:15:34 follower.py:191 follower_right SOFollower read wrist: 0.0ms
DEBUG 2026-06-08 17:15:34 t_client.py:198 Observation serialization time: 0.007149s
DEBUG 2026-06-08 17:15:34 ort/utils.py:54 [CLIENT] Observation Buffer size 4.395498275756836 MB with
ERROR 2026-06-08 17:15:34 t_client.py:214 Error sending observation #474: <_InactiveRpcError of RPC that terminated with:
	status = StatusCode.UNAVAILABLE
	details = "failed to connect to all addresses; last error: UNKNOWN: ipv4:10.145.8.86:8080: Failed to connect to remote host: connect: Connection refused (111)"
	debug_error_string = "UNKNOWN:Error received from peer  {grpc_status:14, grpc_message:"failed to connect to all addresses; last error: UNKNOWN: ipv4:10.145.8.86:8080: Failed to connect to remote host: connect: Connection refused (111)"}"
>
DEBUG 2026-06-08 17:15:34 t_client.py:434 QUEUE SIZE: 0 (Must go: False)
DEBUG 2026-06-08 17:15:34 t_client.py:477 Control loop (ms): 48.33
DEBUG 2026-06-08 17:15:34 follower.py:184 follower_left SOFollower read state: 2.5ms
DEBUG 2026-06-08 17:15:34 follower.py:191 follower_left SOFollower read wrist: 0.0ms
DEBUG 2026-06-08 17:15:34 follower.py:184 follower_right SOFollower read state: 2.4ms
DEBUG 2026-06-08 17:15:34 follower.py:191 follower_right SOFollower read wrist: 0.0ms
DEBUG 2026-06-08 17:15:34 t_client.py:198 Observation serialization time: 0.011158s
DEBUG 2026-06-08 17:15:34 ort/utils.py:54 [CLIENT] Observation Buffer size 4.395498275756836 MB with
ERROR 2026-06-08 17:15:34 t_client.py:214 Error sending observation #474: <_InactiveRpcError of RPC that terminated with:
	status = StatusCode.UNAVAILABLE
	details = "failed to connect to all addresses; last error: UNKNOWN: ipv4:10.145.8.86:8080: Failed to connect to remote host: connect: Connection refused (111)"
	debug_error_string = "UNKNOWN:Error received from peer  {grpc_status:14, grpc_message:"failed to connect to all addresses; last error: UNKNOWN: ipv4:10.145.8.86:8080: Failed to connect to remote host: connect: Connection refused (111)"}"
>
DEBUG 2026-06-08 17:15:34 t_client.py:434 QUEUE SIZE: 0 (Must go: False)
DEBUG 2026-06-08 17:15:34 t_client.py:477 Control loop (ms): 54.89
DEBUG 2026-06-08 17:15:34 follower.py:184 follower_left SOFollower read state: 4.1ms
DEBUG 2026-06-08 17:15:34 follower.py:191 follower_left SOFollower read wrist: 0.0ms
DEBUG 2026-06-08 17:15:34 follower.py:184 follower_right SOFollower read state: 2.2ms
DEBUG 2026-06-08 17:15:34 follower.py:191 follower_right SOFollower read wrist: 0.0ms
DEBUG 2026-06-08 17:15:34 t_client.py:198 Observation serialization time: 0.010112s
DEBUG 2026-06-08 17:15:34 ort/utils.py:54 [CLIENT] Observation Buffer size 4.395498275756836 MB with
ERROR 2026-06-08 17:15:34 t_client.py:214 Error sending observation #474: <_InactiveRpcError of RPC that terminated with:
	status = StatusCode.UNAVAILABLE
	details = "failed to connect to all addresses; last error: UNKNOWN: ipv4:10.145.8.86:8080: Failed to connect to remote host: connect: Connection refused (111)"
	debug_error_string = "UNKNOWN:Error received from peer  {grpc_status:14, grpc_message:"failed to connect to all addresses; last error: UNKNOWN: ipv4:10.145.8.86:8080: Failed to connect to remote host: connect: Connection refused (111)"}"
>
DEBUG 2026-06-08 17:15:34 t_client.py:434 QUEUE SIZE: 0 (Must go: False)
DEBUG 2026-06-08 17:15:34 t_client.py:477 Control loop (ms): 57.28
DEBUG 2026-06-08 17:15:34 follower.py:184 follower_left SOFollower read state: 1.9ms
DEBUG 2026-06-08 17:15:34 follower.py:191 follower_left SOFollower read wrist: 0.0ms
DEBUG 2026-06-08 17:15:34 follower.py:184 follower_right SOFollower read state: 1.8ms
DEBUG 2026-06-08 17:15:34 follower.py:191 follower_right SOFollower read wrist: 0.0ms
DEBUG 2026-06-08 17:15:34 t_client.py:198 Observation serialization time: 0.009048s
DEBUG 2026-06-08 17:15:34 ort/utils.py:54 [CLIENT] Observation Buffer size 4.395498275756836 MB with
ERROR 2026-06-08 17:15:34 t_client.py:214 Error sending observation #474: <_InactiveRpcError of RPC that terminated with:
	status = StatusCode.UNAVAILABLE
	details = "failed to connect to all addresses; last error: UNKNOWN: ipv4:10.145.8.86:8080: Failed to connect to remote host: connect: Connection refused (111)"
	debug_error_string = "UNKNOWN:Error received from peer  {grpc_status:14, grpc_message:"failed to connect to all addresses; last error: UNKNOWN: ipv4:10.145.8.86:8080: Failed to connect to remote host: connect: Connection refused (111)"}"
>
DEBUG 2026-06-08 17:15:34 t_client.py:434 QUEUE SIZE: 0 (Must go: False)
DEBUG 2026-06-08 17:15:34 t_client.py:477 Control loop (ms): 53.29
DEBUG 2026-06-08 17:15:34 follower.py:184 follower_left SOFollower read state: 2.4ms
DEBUG 2026-06-08 17:15:34 follower.py:191 follower_left SOFollower read wrist: 0.0ms
DEBUG 2026-06-08 17:15:34 follower.py:184 follower_right SOFollower read state: 2.3ms
DEBUG 2026-06-08 17:15:34 follower.py:191 follower_right SOFollower read wrist: 0.0ms
DEBUG 2026-06-08 17:15:34 t_client.py:198 Observation serialization time: 0.011833s
DEBUG 2026-06-08 17:15:34 ort/utils.py:54 [CLIENT] Observation Buffer size 4.395498275756836 MB with
ERROR 2026-06-08 17:15:34 t_client.py:214 Error sending observation #474: <_InactiveRpcError of RPC that terminated with:
	status = StatusCode.UNAVAILABLE
	details = "failed to connect to all addresses; last error: UNKNOWN: ipv4:10.145.8.86:8080: Failed to connect to remote host: connect: Connection refused (111)"
	debug_error_string = "UNKNOWN:Error received from peer  {grpc_message:"failed to connect to all addresses; last error: UNKNOWN: ipv4:10.145.8.86:8080: Failed to connect to remote host: connect: Connection refused (111)", grpc_status:14}"
>
DEBUG 2026-06-08 17:15:34 t_client.py:434 QUEUE SIZE: 0 (Must go: False)
DEBUG 2026-06-08 17:15:34 t_client.py:477 Control loop (ms): 52.53
DEBUG 2026-06-08 17:15:34 follower.py:184 follower_left SOFollower read state: 2.0ms
DEBUG 2026-06-08 17:15:34 follower.py:191 follower_left SOFollower read wrist: 0.0ms
DEBUG 2026-06-08 17:15:34 follower.py:184 follower_right SOFollower read state: 1.9ms
DEBUG 2026-06-08 17:15:34 follower.py:191 follower_right SOFollower read wrist: 0.0ms
DEBUG 2026-06-08 17:15:34 t_client.py:198 Observation serialization time: 0.008612s
DEBUG 2026-06-08 17:15:34 ort/utils.py:54 [CLIENT] Observation Buffer size 4.395498275756836 MB with
ERROR 2026-06-08 17:15:34 t_client.py:214 Error sending observation #474: <_InactiveRpcError of RPC that terminated with:
	status = StatusCode.UNAVAILABLE
	details = "failed to connect to all addresses; last error: UNKNOWN: ipv4:10.145.8.86:8080: Failed to connect to remote host: connect: Connection refused (111)"
	debug_error_string = "UNKNOWN:Error received from peer  {grpc_status:14, grpc_message:"failed to connect to all addresses; last error: UNKNOWN: ipv4:10.145.8.86:8080: Failed to connect to remote host: connect: Connection refused (111)"}"
>
DEBUG 2026-06-08 17:15:34 t_client.py:434 QUEUE SIZE: 0 (Must go: False)
DEBUG 2026-06-08 17:15:34 t_client.py:477 Control loop (ms): 56.96
DEBUG 2026-06-08 17:15:34 follower.py:184 follower_left SOFollower read state: 2.0ms
DEBUG 2026-06-08 17:15:34 follower.py:191 follower_left SOFollower read wrist: 0.0ms
DEBUG 2026-06-08 17:15:34 follower.py:184 follower_right SOFollower read state: 2.1ms
DEBUG 2026-06-08 17:15:34 follower.py:191 follower_right SOFollower read wrist: 0.0ms
DEBUG 2026-06-08 17:15:34 t_client.py:198 Observation serialization time: 0.006694s
DEBUG 2026-06-08 17:15:34 ort/utils.py:54 [CLIENT] Observation Buffer size 4.395498275756836 MB with
ERROR 2026-06-08 17:15:34 t_client.py:214 Error sending observation #474: <_InactiveRpcError of RPC that terminated with:
	status = StatusCode.UNAVAILABLE
	details = "failed to connect to all addresses; last error: UNKNOWN: ipv4:10.145.8.86:8080: Failed to connect to remote host: connect: Connection refused (111)"
	debug_error_string = "UNKNOWN:Error received from peer  {grpc_status:14, grpc_message:"failed to connect to all addresses; last error: UNKNOWN: ipv4:10.145.8.86:8080: Failed to connect to remote host: connect: Connection refused (111)"}"
>
DEBUG 2026-06-08 17:15:34 t_client.py:434 QUEUE SIZE: 0 (Must go: False)
DEBUG 2026-06-08 17:15:34 t_client.py:477 Control loop (ms): 48.67
DEBUG 2026-06-08 17:15:34 follower.py:184 follower_left SOFollower read state: 2.2ms
DEBUG 2026-06-08 17:15:34 follower.py:191 follower_left SOFollower read wrist: 0.0ms
DEBUG 2026-06-08 17:15:34 follower.py:184 follower_right SOFollower read state: 2.0ms
DEBUG 2026-06-08 17:15:34 follower.py:191 follower_right SOFollower read wrist: 0.0ms
DEBUG 2026-06-08 17:15:34 t_client.py:198 Observation serialization time: 0.010441s
DEBUG 2026-06-08 17:15:34 ort/utils.py:54 [CLIENT] Observation Buffer size 4.395498275756836 MB with
ERROR 2026-06-08 17:15:34 t_client.py:214 Error sending observation #474: <_InactiveRpcError of RPC that terminated with:
	status = StatusCode.UNAVAILABLE
	details = "failed to connect to all addresses; last error: UNKNOWN: ipv4:10.145.8.86:8080: Failed to connect to remote host: connect: Connection refused (111)"
	debug_error_string = "UNKNOWN:Error received from peer  {grpc_message:"failed to connect to all addresses; last error: UNKNOWN: ipv4:10.145.8.86:8080: Failed to connect to remote host: connect: Connection refused (111)", grpc_status:14}"
>
DEBUG 2026-06-08 17:15:34 t_client.py:434 QUEUE SIZE: 0 (Must go: False)
DEBUG 2026-06-08 17:15:34 t_client.py:477 Control loop (ms): 56.83
DEBUG 2026-06-08 17:15:34 follower.py:184 follower_left SOFollower read state: 2.3ms
DEBUG 2026-06-08 17:15:34 follower.py:191 follower_left SOFollower read wrist: 0.0ms
DEBUG 2026-06-08 17:15:34 follower.py:184 follower_right SOFollower read state: 2.4ms
DEBUG 2026-06-08 17:15:34 follower.py:191 follower_right SOFollower read wrist: 0.0ms
DEBUG 2026-06-08 17:15:34 t_client.py:198 Observation serialization time: 0.010285s
DEBUG 2026-06-08 17:15:34 ort/utils.py:54 [CLIENT] Observation Buffer size 4.395498275756836 MB with
ERROR 2026-06-08 17:15:34 t_client.py:214 Error sending observation #474: <_InactiveRpcError of RPC that terminated with:
	status = StatusCode.UNAVAILABLE
	details = "failed to connect to all addresses; last error: UNKNOWN: ipv4:10.145.8.86:8080: Failed to connect to remote host: connect: Connection refused (111)"
	debug_error_string = "UNKNOWN:Error received from peer  {grpc_message:"failed to connect to all addresses; last error: UNKNOWN: ipv4:10.145.8.86:8080: Failed to connect to remote host: connect: Connection refused (111)", grpc_status:14}"
>
DEBUG 2026-06-08 17:15:34 t_client.py:434 QUEUE SIZE: 0 (Must go: False)
DEBUG 2026-06-08 17:15:34 t_client.py:477 Control loop (ms): 51.58
ERROR 2026-06-08 17:15:34 t_client.py:359 Error receiving actions: <_InactiveRpcError of RPC that terminated with:
	status = StatusCode.UNAVAILABLE
	details = "failed to connect to all addresses; last error: UNKNOWN: ipv4:10.145.8.86:8080: Failed to connect to remote host: connect: Connection refused (111)"
	debug_error_string = "UNKNOWN:Error received from peer  {grpc_status:14, grpc_message:"failed to connect to all addresses; last error: UNKNOWN: ipv4:10.145.8.86:8080: Failed to connect to remote host: connect: Connection refused (111)"}"
>
DEBUG 2026-06-08 17:15:34 follower.py:184 follower_left SOFollower read state: 2.7ms
DEBUG 2026-06-08 17:15:34 follower.py:191 follower_left SOFollower read wrist: 0.0ms
DEBUG 2026-06-08 17:15:34 follower.py:184 follower_right SOFollower read state: 1.9ms
DEBUG 2026-06-08 17:15:34 follower.py:191 follower_right SOFollower read wrist: 0.0ms
DEBUG 2026-06-08 17:15:34 t_client.py:198 Observation serialization time: 0.007739s
DEBUG 2026-06-08 17:15:34 ort/utils.py:54 [CLIENT] Observation Buffer size 4.395498275756836 MB with
ERROR 2026-06-08 17:15:34 t_client.py:214 Error sending observation #474: <_InactiveRpcError of RPC that terminated with:
	status = StatusCode.UNAVAILABLE
	details = "failed to connect to all addresses; last error: UNKNOWN: ipv4:10.145.8.86:8080: Failed to connect to remote host: connect: Connection refused (111)"
	debug_error_string = "UNKNOWN:Error received from peer  {grpc_status:14, grpc_message:"failed to connect to all addresses; last error: UNKNOWN: ipv4:10.145.8.86:8080: Failed to connect to remote host: connect: Connection refused (111)"}"
>
DEBUG 2026-06-08 17:15:34 t_client.py:434 QUEUE SIZE: 0 (Must go: False)
DEBUG 2026-06-08 17:15:34 t_client.py:477 Control loop (ms): 56.05
DEBUG 2026-06-08 17:15:34 follower.py:184 follower_left SOFollower read state: 2.0ms
DEBUG 2026-06-08 17:15:34 follower.py:191 follower_left SOFollower read wrist: 0.0ms
DEBUG 2026-06-08 17:15:34 follower.py:184 follower_right SOFollower read state: 1.8ms
DEBUG 2026-06-08 17:15:34 follower.py:191 follower_right SOFollower read wrist: 0.0ms
DEBUG 2026-06-08 17:15:34 t_client.py:198 Observation serialization time: 0.008273s
DEBUG 2026-06-08 17:15:34 ort/utils.py:54 [CLIENT] Observation Buffer size 4.395498275756836 MB with
ERROR 2026-06-08 17:15:34 t_client.py:214 Error sending observation #474: <_InactiveRpcError of RPC that terminated with:
	status = StatusCode.UNAVAILABLE
	details = "failed to connect to all addresses; last error: UNKNOWN: ipv4:10.145.8.86:8080: Failed to connect to remote host: connect: Connection refused (111)"
	debug_error_string = "UNKNOWN:Error received from peer  {grpc_message:"failed to connect to all addresses; last error: UNKNOWN: ipv4:10.145.8.86:8080: Failed to connect to remote host: connect: Connection refused (111)", grpc_status:14}"
>
DEBUG 2026-06-08 17:15:34 t_client.py:434 QUEUE SIZE: 0 (Must go: False)
DEBUG 2026-06-08 17:15:34 t_client.py:477 Control loop (ms): 52.67
DEBUG 2026-06-08 17:15:34 follower.py:184 follower_left SOFollower read state: 2.0ms
DEBUG 2026-06-08 17:15:34 follower.py:191 follower_left SOFollower read wrist: 0.0ms
DEBUG 2026-06-08 17:15:34 follower.py:184 follower_right SOFollower read state: 2.3ms
DEBUG 2026-06-08 17:15:34 follower.py:191 follower_right SOFollower read wrist: 0.0ms
DEBUG 2026-06-08 17:15:34 t_client.py:198 Observation serialization time: 0.010228s
DEBUG 2026-06-08 17:15:34 ort/utils.py:54 [CLIENT] Observation Buffer size 4.395498275756836 MB with
ERROR 2026-06-08 17:15:34 t_client.py:214 Error sending observation #474: <_InactiveRpcError of RPC that terminated with:
	status = StatusCode.UNAVAILABLE
	details = "failed to connect to all addresses; last error: UNKNOWN: ipv4:10.145.8.86:8080: Failed to connect to remote host: connect: Connection refused (111)"
	debug_error_string = "UNKNOWN:Error received from peer  {grpc_status:14, grpc_message:"failed to connect to all addresses; last error: UNKNOWN: ipv4:10.145.8.86:8080: Failed to connect to remote host: connect: Connection refused (111)"}"
>
DEBUG 2026-06-08 17:15:34 t_client.py:434 QUEUE SIZE: 0 (Must go: False)
DEBUG 2026-06-08 17:15:34 t_client.py:477 Control loop (ms): 48.23
DEBUG 2026-06-08 17:15:34 follower.py:184 follower_left SOFollower read state: 1.9ms
DEBUG 2026-06-08 17:15:34 follower.py:191 follower_left SOFollower read wrist: 0.0ms
DEBUG 2026-06-08 17:15:34 follower.py:184 follower_right SOFollower read state: 1.7ms
DEBUG 2026-06-08 17:15:34 follower.py:191 follower_right SOFollower read wrist: 0.0ms
DEBUG 2026-06-08 17:15:34 t_client.py:198 Observation serialization time: 0.008336s
DEBUG 2026-06-08 17:15:34 ort/utils.py:54 [CLIENT] Observation Buffer size 4.395498275756836 MB with
ERROR 2026-06-08 17:15:34 t_client.py:214 Error sending observation #474: <_InactiveRpcError of RPC that terminated with:
	status = StatusCode.UNAVAILABLE
	details = "failed to connect to all addresses; last error: UNKNOWN: ipv4:10.145.8.86:8080: Failed to connect to remote host: connect: Connection refused (111)"
	debug_error_string = "UNKNOWN:Error received from peer  {grpc_message:"failed to connect to all addresses; last error: UNKNOWN: ipv4:10.145.8.86:8080: Failed to connect to remote host: connect: Connection refused (111)", grpc_status:14}"
>
DEBUG 2026-06-08 17:15:34 t_client.py:434 QUEUE SIZE: 0 (Must go: False)
DEBUG 2026-06-08 17:15:34 t_client.py:477 Control loop (ms): 56.44
DEBUG 2026-06-08 17:15:34 follower.py:184 follower_left SOFollower read state: 2.1ms
DEBUG 2026-06-08 17:15:34 follower.py:191 follower_left SOFollower read wrist: 0.0ms
DEBUG 2026-06-08 17:15:34 follower.py:184 follower_right SOFollower read state: 2.3ms
DEBUG 2026-06-08 17:15:34 follower.py:191 follower_right SOFollower read wrist: 0.0ms
DEBUG 2026-06-08 17:15:34 t_client.py:198 Observation serialization time: 0.006990s
DEBUG 2026-06-08 17:15:34 ort/utils.py:54 [CLIENT] Observation Buffer size 4.395498275756836 MB with
ERROR 2026-06-08 17:15:34 t_client.py:214 Error sending observation #474: <_InactiveRpcError of RPC that terminated with:
	status = StatusCode.UNAVAILABLE
	details = "failed to connect to all addresses; last error: UNKNOWN: ipv4:10.145.8.86:8080: Failed to connect to remote host: connect: Connection refused (111)"
	debug_error_string = "UNKNOWN:Error received from peer  {grpc_message:"failed to connect to all addresses; last error: UNKNOWN: ipv4:10.145.8.86:8080: Failed to connect to remote host: connect: Connection refused (111)", grpc_status:14}"
>
DEBUG 2026-06-08 17:15:34 t_client.py:434 QUEUE SIZE: 0 (Must go: False)
DEBUG 2026-06-08 17:15:34 t_client.py:477 Control loop (ms): 53.98
DEBUG 2026-06-08 17:15:34 follower.py:184 follower_left SOFollower read state: 2.1ms
DEBUG 2026-06-08 17:15:34 follower.py:191 follower_left SOFollower read wrist: 0.0ms
DEBUG 2026-06-08 17:15:34 follower.py:184 follower_right SOFollower read state: 1.9ms
DEBUG 2026-06-08 17:15:34 follower.py:191 follower_right SOFollower read wrist: 0.0ms
DEBUG 2026-06-08 17:15:34 t_client.py:198 Observation serialization time: 0.009790s
DEBUG 2026-06-08 17:15:34 ort/utils.py:54 [CLIENT] Observation Buffer size 4.395498275756836 MB with
ERROR 2026-06-08 17:15:34 t_client.py:214 Error sending observation #474: <_InactiveRpcError of RPC that terminated with:
	status = StatusCode.UNAVAILABLE
	details = "failed to connect to all addresses; last error: UNKNOWN: ipv4:10.145.8.86:8080: Failed to connect to remote host: connect: Connection refused (111)"
	debug_error_string = "UNKNOWN:Error received from peer  {grpc_status:14, grpc_message:"failed to connect to all addresses; last error: UNKNOWN: ipv4:10.145.8.86:8080: Failed to connect to remote host: connect: Connection refused (111)"}"
>
DEBUG 2026-06-08 17:15:34 t_client.py:434 QUEUE SIZE: 0 (Must go: False)
DEBUG 2026-06-08 17:15:34 t_client.py:477 Control loop (ms): 57.94
DEBUG 2026-06-08 17:15:34 follower.py:184 follower_left SOFollower read state: 2.0ms
DEBUG 2026-06-08 17:15:34 follower.py:191 follower_left SOFollower read wrist: 0.0ms
DEBUG 2026-06-08 17:15:34 follower.py:184 follower_right SOFollower read state: 1.5ms
DEBUG 2026-06-08 17:15:34 follower.py:191 follower_right SOFollower read wrist: 0.0ms
DEBUG 2026-06-08 17:15:35 t_client.py:198 Observation serialization time: 0.005181s
DEBUG 2026-06-08 17:15:35 ort/utils.py:54 [CLIENT] Observation Buffer size 4.395498275756836 MB with
ERROR 2026-06-08 17:15:35 t_client.py:214 Error sending observation #474: <_InactiveRpcError of RPC that terminated with:
	status = StatusCode.UNAVAILABLE
	details = "failed to connect to all addresses; last error: UNKNOWN: ipv4:10.145.8.86:8080: Failed to connect to remote host: connect: Connection refused (111)"
	debug_error_string = "UNKNOWN:Error received from peer  {grpc_status:14, grpc_message:"failed to connect to all addresses; last error: UNKNOWN: ipv4:10.145.8.86:8080: Failed to connect to remote host: connect: Connection refused (111)"}"
>
DEBUG 2026-06-08 17:15:35 t_client.py:434 QUEUE SIZE: 0 (Must go: False)
DEBUG 2026-06-08 17:15:35 t_client.py:477 Control loop (ms): 50.00
DEBUG 2026-06-08 17:15:35 follower.py:184 follower_left SOFollower read state: 2.1ms
DEBUG 2026-06-08 17:15:35 follower.py:191 follower_left SOFollower read wrist: 0.0ms
DEBUG 2026-06-08 17:15:35 follower.py:184 follower_right SOFollower read state: 1.8ms
DEBUG 2026-06-08 17:15:35 follower.py:191 follower_right SOFollower read wrist: 0.0ms
DEBUG 2026-06-08 17:15:35 t_client.py:198 Observation serialization time: 0.006325s
DEBUG 2026-06-08 17:15:35 ort/utils.py:54 [CLIENT] Observation Buffer size 4.395498275756836 MB with
ERROR 2026-06-08 17:15:35 t_client.py:214 Error sending observation #474: <_InactiveRpcError of RPC that terminated with:
	status = StatusCode.UNAVAILABLE
	details = "failed to connect to all addresses; last error: UNKNOWN: ipv4:10.145.8.86:8080: Failed to connect to remote host: connect: Connection refused (111)"
	debug_error_string = "UNKNOWN:Error received from peer  {grpc_status:14, grpc_message:"failed to connect to all addresses; last error: UNKNOWN: ipv4:10.145.8.86:8080: Failed to connect to remote host: connect: Connection refused (111)"}"
>
DEBUG 2026-06-08 17:15:35 t_client.py:434 QUEUE SIZE: 0 (Must go: False)
DEBUG 2026-06-08 17:15:35 t_client.py:477 Control loop (ms): 47.67
DEBUG 2026-06-08 17:15:35 follower.py:184 follower_left SOFollower read state: 1.8ms
DEBUG 2026-06-08 17:15:35 follower.py:191 follower_left SOFollower read wrist: 0.0ms
DEBUG 2026-06-08 17:15:35 follower.py:184 follower_right SOFollower read state: 1.7ms
DEBUG 2026-06-08 17:15:35 follower.py:191 follower_right SOFollower read wrist: 0.0ms
DEBUG 2026-06-08 17:15:35 t_client.py:198 Observation serialization time: 0.005101s
DEBUG 2026-06-08 17:15:35 ort/utils.py:54 [CLIENT] Observation Buffer size 4.395498275756836 MB with
ERROR 2026-06-08 17:15:35 t_client.py:359 Error receiving actions: <_InactiveRpcError of RPC that terminated with:
	status = StatusCode.UNAVAILABLE
	details = "failed to connect to all addresses; last error: UNKNOWN: ipv4:10.145.8.86:8080: Failed to connect to remote host: connect: Connection refused (111)"
	debug_error_string = "UNKNOWN:Error received from peer  {grpc_message:"failed to connect to all addresses; last error: UNKNOWN: ipv4:10.145.8.86:8080: Failed to connect to remote host: connect: Connection refused (111)", grpc_status:14}"
>
ERROR 2026-06-08 17:15:35 t_client.py:214 Error sending observation #474: <_InactiveRpcError of RPC that terminated with:
	status = StatusCode.UNAVAILABLE
	details = "failed to connect to all addresses; last error: UNKNOWN: ipv4:10.145.8.86:8080: Failed to connect to remote host: connect: Connection refused (111)"
	debug_error_string = "UNKNOWN:Error received from peer  {grpc_message:"failed to connect to all addresses; last error: UNKNOWN: ipv4:10.145.8.86:8080: Failed to connect to remote host: connect: Connection refused (111)", grpc_status:14}"
>
DEBUG 2026-06-08 17:15:35 t_client.py:434 QUEUE SIZE: 0 (Must go: False)
DEBUG 2026-06-08 17:15:35 t_client.py:477 Control loop (ms): 49.02
DEBUG 2026-06-08 17:15:35 follower.py:184 follower_left SOFollower read state: 1.9ms
DEBUG 2026-06-08 17:15:35 follower.py:191 follower_left SOFollower read wrist: 0.0ms
DEBUG 2026-06-08 17:15:35 follower.py:184 follower_right SOFollower read state: 1.8ms
DEBUG 2026-06-08 17:15:35 follower.py:191 follower_right SOFollower read wrist: 0.0ms
DEBUG 2026-06-08 17:15:35 t_client.py:198 Observation serialization time: 0.011457s
DEBUG 2026-06-08 17:15:35 ort/utils.py:54 [CLIENT] Observation Buffer size 4.395498275756836 MB with
ERROR 2026-06-08 17:15:35 t_client.py:214 Error sending observation #474: <_InactiveRpcError of RPC that terminated with:
	status = StatusCode.UNAVAILABLE
	details = "failed to connect to all addresses; last error: UNKNOWN: ipv4:10.145.8.86:8080: Failed to connect to remote host: connect: Connection refused (111)"
	debug_error_string = "UNKNOWN:Error received from peer  {grpc_status:14, grpc_message:"failed to connect to all addresses; last error: UNKNOWN: ipv4:10.145.8.86:8080: Failed to connect to remote host: connect: Connection refused (111)"}"
>
DEBUG 2026-06-08 17:15:35 t_client.py:434 QUEUE SIZE: 0 (Must go: False)
DEBUG 2026-06-08 17:15:35 t_client.py:477 Control loop (ms): 52.42
DEBUG 2026-06-08 17:15:35 follower.py:184 follower_left SOFollower read state: 1.9ms
DEBUG 2026-06-08 17:15:35 follower.py:191 follower_left SOFollower read wrist: 0.0ms
DEBUG 2026-06-08 17:15:35 follower.py:184 follower_right SOFollower read state: 1.7ms
DEBUG 2026-06-08 17:15:35 follower.py:191 follower_right SOFollower read wrist: 0.0ms
DEBUG 2026-06-08 17:15:35 t_client.py:198 Observation serialization time: 0.007436s
DEBUG 2026-06-08 17:15:35 ort/utils.py:54 [CLIENT] Observation Buffer size 4.395498275756836 MB with
ERROR 2026-06-08 17:15:35 t_client.py:214 Error sending observation #474: <_InactiveRpcError of RPC that terminated with:
	status = StatusCode.UNAVAILABLE
	details = "failed to connect to all addresses; last error: UNKNOWN: ipv4:10.145.8.86:8080: Failed to connect to remote host: connect: Connection refused (111)"
	debug_error_string = "UNKNOWN:Error received from peer  {grpc_status:14, grpc_message:"failed to connect to all addresses; last error: UNKNOWN: ipv4:10.145.8.86:8080: Failed to connect to remote host: connect: Connection refused (111)"}"
>
DEBUG 2026-06-08 17:15:35 t_client.py:434 QUEUE SIZE: 0 (Must go: False)
DEBUG 2026-06-08 17:15:35 t_client.py:477 Control loop (ms): 50.40
DEBUG 2026-06-08 17:15:35 follower.py:184 follower_left SOFollower read state: 2.1ms
DEBUG 2026-06-08 17:15:35 follower.py:191 follower_left SOFollower read wrist: 0.0ms
DEBUG 2026-06-08 17:15:35 follower.py:184 follower_right SOFollower read state: 1.9ms
DEBUG 2026-06-08 17:15:35 follower.py:191 follower_right SOFollower read wrist: 0.0ms
DEBUG 2026-06-08 17:15:35 t_client.py:198 Observation serialization time: 0.008489s
DEBUG 2026-06-08 17:15:35 ort/utils.py:54 [CLIENT] Observation Buffer size 4.395498275756836 MB with
ERROR 2026-06-08 17:15:35 t_client.py:214 Error sending observation #474: <_InactiveRpcError of RPC that terminated with:
	status = StatusCode.UNAVAILABLE
	details = "failed to connect to all addresses; last error: UNKNOWN: ipv4:10.145.8.86:8080: Failed to connect to remote host: connect: Connection refused (111)"
	debug_error_string = "UNKNOWN:Error received from peer  {grpc_status:14, grpc_message:"failed to connect to all addresses; last error: UNKNOWN: ipv4:10.145.8.86:8080: Failed to connect to remote host: connect: Connection refused (111)"}"
>
DEBUG 2026-06-08 17:15:35 t_client.py:434 QUEUE SIZE: 0 (Must go: False)
DEBUG 2026-06-08 17:15:35 t_client.py:477 Control loop (ms): 52.63
DEBUG 2026-06-08 17:15:35 follower.py:184 follower_left SOFollower read state: 1.7ms
DEBUG 2026-06-08 17:15:35 follower.py:191 follower_left SOFollower read wrist: 0.0ms
DEBUG 2026-06-08 17:15:35 follower.py:184 follower_right SOFollower read state: 1.8ms
DEBUG 2026-06-08 17:15:35 follower.py:191 follower_right SOFollower read wrist: 0.0ms
DEBUG 2026-06-08 17:15:35 t_client.py:198 Observation serialization time: 0.004505s
DEBUG 2026-06-08 17:15:35 ort/utils.py:54 [CLIENT] Observation Buffer size 4.395498275756836 MB with
ERROR 2026-06-08 17:15:35 t_client.py:214 Error sending observation #474: <_InactiveRpcError of RPC that terminated with:
	status = StatusCode.UNAVAILABLE
	details = "failed to connect to all addresses; last error: UNKNOWN: ipv4:10.145.8.86:8080: Failed to connect to remote host: connect: Connection refused (111)"
	debug_error_string = "UNKNOWN:Error received from peer  {grpc_status:14, grpc_message:"failed to connect to all addresses; last error: UNKNOWN: ipv4:10.145.8.86:8080: Failed to connect to remote host: connect: Connection refused (111)"}"
>
DEBUG 2026-06-08 17:15:35 t_client.py:434 QUEUE SIZE: 0 (Must go: False)
DEBUG 2026-06-08 17:15:35 t_client.py:477 Control loop (ms): 49.46
DEBUG 2026-06-08 17:15:35 follower.py:184 follower_left SOFollower read state: 1.8ms
DEBUG 2026-06-08 17:15:35 follower.py:191 follower_left SOFollower read wrist: 0.0ms
DEBUG 2026-06-08 17:15:35 follower.py:184 follower_right SOFollower read state: 2.1ms
DEBUG 2026-06-08 17:15:35 follower.py:191 follower_right SOFollower read wrist: 0.0ms
DEBUG 2026-06-08 17:15:35 t_client.py:198 Observation serialization time: 0.008745s
DEBUG 2026-06-08 17:15:35 ort/utils.py:54 [CLIENT] Observation Buffer size 4.395498275756836 MB with
ERROR 2026-06-08 17:15:35 t_client.py:214 Error sending observation #474: <_InactiveRpcError of RPC that terminated with:
	status = StatusCode.UNAVAILABLE
	details = "failed to connect to all addresses; last error: UNKNOWN: ipv4:10.145.8.86:8080: Failed to connect to remote host: connect: Connection refused (111)"
	debug_error_string = "UNKNOWN:Error received from peer  {grpc_message:"failed to connect to all addresses; last error: UNKNOWN: ipv4:10.145.8.86:8080: Failed to connect to remote host: connect: Connection refused (111)", grpc_status:14}"
>
DEBUG 2026-06-08 17:15:35 t_client.py:434 QUEUE SIZE: 0 (Must go: False)
DEBUG 2026-06-08 17:15:35 t_client.py:477 Control loop (ms): 45.38
DEBUG 2026-06-08 17:15:35 follower.py:184 follower_left SOFollower read state: 1.9ms
DEBUG 2026-06-08 17:15:35 follower.py:191 follower_left SOFollower read wrist: 0.0ms
DEBUG 2026-06-08 17:15:35 follower.py:184 follower_right SOFollower read state: 1.9ms
DEBUG 2026-06-08 17:15:35 follower.py:191 follower_right SOFollower read wrist: 0.0ms
DEBUG 2026-06-08 17:15:35 t_client.py:198 Observation serialization time: 0.008132s
DEBUG 2026-06-08 17:15:35 ort/utils.py:54 [CLIENT] Observation Buffer size 4.395498275756836 MB with
ERROR 2026-06-08 17:15:35 t_client.py:214 Error sending observation #474: <_InactiveRpcError of RPC that terminated with:
	status = StatusCode.UNAVAILABLE
	details = "failed to connect to all addresses; last error: UNKNOWN: ipv4:10.145.8.86:8080: Failed to connect to remote host: connect: Connection refused (111)"
	debug_error_string = "UNKNOWN:Error received from peer  {grpc_message:"failed to connect to all addresses; last error: UNKNOWN: ipv4:10.145.8.86:8080: Failed to connect to remote host: connect: Connection refused (111)", grpc_status:14}"
>
DEBUG 2026-06-08 17:15:35 t_client.py:434 QUEUE SIZE: 0 (Must go: False)
DEBUG 2026-06-08 17:15:35 t_client.py:477 Control loop (ms): 52.16
DEBUG 2026-06-08 17:15:35 follower.py:184 follower_left SOFollower read state: 2.3ms
DEBUG 2026-06-08 17:15:35 follower.py:191 follower_left SOFollower read wrist: 0.0ms
DEBUG 2026-06-08 17:15:35 follower.py:184 follower_right SOFollower read state: 1.8ms
DEBUG 2026-06-08 17:15:35 follower.py:191 follower_right SOFollower read wrist: 0.0ms
DEBUG 2026-06-08 17:15:35 t_client.py:198 Observation serialization time: 0.008411s
DEBUG 2026-06-08 17:15:35 ort/utils.py:54 [CLIENT] Observation Buffer size 4.395498275756836 MB with
ERROR 2026-06-08 17:15:35 t_client.py:214 Error sending observation #474: <_InactiveRpcError of RPC that terminated with:
	status = StatusCode.UNAVAILABLE
	details = "failed to connect to all addresses; last error: UNKNOWN: ipv4:10.145.8.86:8080: Failed to connect to remote host: connect: Connection refused (111)"
	debug_error_string = "UNKNOWN:Error received from peer  {grpc_message:"failed to connect to all addresses; last error: UNKNOWN: ipv4:10.145.8.86:8080: Failed to connect to remote host: connect: Connection refused (111)", grpc_status:14}"
>
DEBUG 2026-06-08 17:15:35 t_client.py:434 QUEUE SIZE: 0 (Must go: False)
DEBUG 2026-06-08 17:15:35 t_client.py:477 Control loop (ms): 44.99
DEBUG 2026-06-08 17:15:35 follower.py:184 follower_left SOFollower read state: 2.0ms
DEBUG 2026-06-08 17:15:35 follower.py:191 follower_left SOFollower read wrist: 0.0ms
DEBUG 2026-06-08 17:15:35 follower.py:184 follower_right SOFollower read state: 1.7ms
DEBUG 2026-06-08 17:15:35 follower.py:191 follower_right SOFollower read wrist: 0.0ms
DEBUG 2026-06-08 17:15:35 t_client.py:198 Observation serialization time: 0.004691s
DEBUG 2026-06-08 17:15:35 ort/utils.py:54 [CLIENT] Observation Buffer size 4.395498275756836 MB with
ERROR 2026-06-08 17:15:35 t_client.py:214 Error sending observation #474: <_InactiveRpcError of RPC that terminated with:
	status = StatusCode.UNAVAILABLE
	details = "failed to connect to all addresses; last error: UNKNOWN: ipv4:10.145.8.86:8080: Failed to connect to remote host: connect: Connection refused (111)"
	debug_error_string = "UNKNOWN:Error received from peer  {grpc_message:"failed to connect to all addresses; last error: UNKNOWN: ipv4:10.145.8.86:8080: Failed to connect to remote host: connect: Connection refused (111)", grpc_status:14}"
>
DEBUG 2026-06-08 17:15:35 t_client.py:434 QUEUE SIZE: 0 (Must go: False)
DEBUG 2026-06-08 17:15:35 t_client.py:477 Control loop (ms): 48.90
DEBUG 2026-06-08 17:15:35 follower.py:184 follower_left SOFollower read state: 1.9ms
DEBUG 2026-06-08 17:15:35 follower.py:191 follower_left SOFollower read wrist: 0.0ms
DEBUG 2026-06-08 17:15:35 follower.py:184 follower_right SOFollower read state: 1.7ms
DEBUG 2026-06-08 17:15:35 follower.py:191 follower_right SOFollower read wrist: 0.0ms
DEBUG 2026-06-08 17:15:35 t_client.py:198 Observation serialization time: 0.003808s
DEBUG 2026-06-08 17:15:35 ort/utils.py:54 [CLIENT] Observation Buffer size 4.395498275756836 MB with
ERROR 2026-06-08 17:15:35 t_client.py:214 Error sending observation #474: <_InactiveRpcError of RPC that terminated with:
	status = StatusCode.UNAVAILABLE
	details = "failed to connect to all addresses; last error: UNKNOWN: ipv4:10.145.8.86:8080: Failed to connect to remote host: connect: Connection refused (111)"
	debug_error_string = "UNKNOWN:Error received from peer  {grpc_message:"failed to connect to all addresses; last error: UNKNOWN: ipv4:10.145.8.86:8080: Failed to connect to remote host: connect: Connection refused (111)", grpc_status:14}"
>
DEBUG 2026-06-08 17:15:35 t_client.py:434 QUEUE SIZE: 0 (Must go: False)
DEBUG 2026-06-08 17:15:35 t_client.py:477 Control loop (ms): 50.88
DEBUG 2026-06-08 17:15:35 follower.py:184 follower_left SOFollower read state: 2.1ms
DEBUG 2026-06-08 17:15:35 follower.py:191 follower_left SOFollower read wrist: 0.0ms
DEBUG 2026-06-08 17:15:35 follower.py:184 follower_right SOFollower read state: 2.1ms
DEBUG 2026-06-08 17:15:35 follower.py:191 follower_right SOFollower read wrist: 0.0ms
DEBUG 2026-06-08 17:15:35 t_client.py:198 Observation serialization time: 0.009175s
DEBUG 2026-06-08 17:15:35 ort/utils.py:54 [CLIENT] Observation Buffer size 4.395498275756836 MB with
ERROR 2026-06-08 17:15:35 t_client.py:214 Error sending observation #474: <_InactiveRpcError of RPC that terminated with:
	status = StatusCode.UNAVAILABLE
	details = "failed to connect to all addresses; last error: UNKNOWN: ipv4:10.145.8.86:8080: Failed to connect to remote host: connect: Connection refused (111)"
	debug_error_string = "UNKNOWN:Error received from peer  {grpc_status:14, grpc_message:"failed to connect to all addresses; last error: UNKNOWN: ipv4:10.145.8.86:8080: Failed to connect to remote host: connect: Connection refused (111)"}"
>
DEBUG 2026-06-08 17:15:35 t_client.py:434 QUEUE SIZE: 0 (Must go: False)
DEBUG 2026-06-08 17:15:35 t_client.py:477 Control loop (ms): 53.27
DEBUG 2026-06-08 17:15:35 follower.py:184 follower_left SOFollower read state: 2.1ms
DEBUG 2026-06-08 17:15:35 follower.py:191 follower_left SOFollower read wrist: 0.0ms
DEBUG 2026-06-08 17:15:35 follower.py:184 follower_right SOFollower read state: 1.8ms
DEBUG 2026-06-08 17:15:35 follower.py:191 follower_right SOFollower read wrist: 0.0ms
DEBUG 2026-06-08 17:15:35 t_client.py:198 Observation serialization time: 0.011821s
DEBUG 2026-06-08 17:15:35 ort/utils.py:54 [CLIENT] Observation Buffer size 4.395498275756836 MB with
ERROR 2026-06-08 17:15:35 t_client.py:359 Error receiving actions: <_InactiveRpcError of RPC that terminated with:
	status = StatusCode.UNAVAILABLE
	details = "failed to connect to all addresses; last error: UNKNOWN: ipv4:10.145.8.86:8080: Failed to connect to remote host: connect: Connection refused (111)"
	debug_error_string = "UNKNOWN:Error received from peer  {grpc_status:14, grpc_message:"failed to connect to all addresses; last error: UNKNOWN: ipv4:10.145.8.86:8080: Failed to connect to remote host: connect: Connection refused (111)"}"
>
ERROR 2026-06-08 17:15:35 t_client.py:214 Error sending observation #474: <_InactiveRpcError of RPC that terminated with:
	status = StatusCode.UNAVAILABLE
	details = "failed to connect to all addresses; last error: UNKNOWN: ipv4:10.145.8.86:8080: Failed to connect to remote host: connect: Connection refused (111)"
	debug_error_string = "UNKNOWN:Error received from peer  {grpc_status:14, grpc_message:"failed to connect to all addresses; last error: UNKNOWN: ipv4:10.145.8.86:8080: Failed to connect to remote host: connect: Connection refused (111)"}"
>
DEBUG 2026-06-08 17:15:35 t_client.py:434 QUEUE SIZE: 0 (Must go: False)
DEBUG 2026-06-08 17:15:35 t_client.py:477 Control loop (ms): 50.00
DEBUG 2026-06-08 17:15:35 follower.py:184 follower_left SOFollower read state: 2.6ms
DEBUG 2026-06-08 17:15:35 follower.py:191 follower_left SOFollower read wrist: 0.1ms
DEBUG 2026-06-08 17:15:35 follower.py:184 follower_right SOFollower read state: 2.4ms
DEBUG 2026-06-08 17:15:35 follower.py:191 follower_right SOFollower read wrist: 0.0ms
DEBUG 2026-06-08 17:15:35 t_client.py:198 Observation serialization time: 0.010751s
DEBUG 2026-06-08 17:15:35 ort/utils.py:54 [CLIENT] Observation Buffer size 4.395498275756836 MB with
ERROR 2026-06-08 17:15:35 t_client.py:214 Error sending observation #474: <_InactiveRpcError of RPC that terminated with:
	status = StatusCode.UNAVAILABLE
	details = "failed to connect to all addresses; last error: UNKNOWN: ipv4:10.145.8.86:8080: Failed to connect to remote host: connect: Connection refused (111)"
	debug_error_string = "UNKNOWN:Error received from peer  {grpc_status:14, grpc_message:"failed to connect to all addresses; last error: UNKNOWN: ipv4:10.145.8.86:8080: Failed to connect to remote host: connect: Connection refused (111)"}"
>
DEBUG 2026-06-08 17:15:35 t_client.py:434 QUEUE SIZE: 0 (Must go: False)
DEBUG 2026-06-08 17:15:35 t_client.py:477 Control loop (ms): 58.85
DEBUG 2026-06-08 17:15:35 follower.py:184 follower_left SOFollower read state: 2.0ms
DEBUG 2026-06-08 17:15:35 follower.py:191 follower_left SOFollower read wrist: 0.1ms
DEBUG 2026-06-08 17:15:35 follower.py:184 follower_right SOFollower read state: 1.9ms
DEBUG 2026-06-08 17:15:35 follower.py:191 follower_right SOFollower read wrist: 0.0ms
DEBUG 2026-06-08 17:15:35 t_client.py:198 Observation serialization time: 0.007365s
DEBUG 2026-06-08 17:15:35 ort/utils.py:54 [CLIENT] Observation Buffer size 4.395498275756836 MB with
ERROR 2026-06-08 17:15:35 t_client.py:214 Error sending observation #474: <_InactiveRpcError of RPC that terminated with:
	status = StatusCode.UNAVAILABLE
	details = "failed to connect to all addresses; last error: UNKNOWN: ipv4:10.145.8.86:8080: Failed to connect to remote host: connect: Connection refused (111)"
	debug_error_string = "UNKNOWN:Error received from peer  {grpc_message:"failed to connect to all addresses; last error: UNKNOWN: ipv4:10.145.8.86:8080: Failed to connect to remote host: connect: Connection refused (111)", grpc_status:14}"
>
DEBUG 2026-06-08 17:15:35 t_client.py:434 QUEUE SIZE: 0 (Must go: False)
DEBUG 2026-06-08 17:15:35 t_client.py:477 Control loop (ms): 51.14
DEBUG 2026-06-08 17:15:35 follower.py:184 follower_left SOFollower read state: 1.9ms
DEBUG 2026-06-08 17:15:35 follower.py:191 follower_left SOFollower read wrist: 0.0ms
DEBUG 2026-06-08 17:15:35 follower.py:184 follower_right SOFollower read state: 1.7ms
DEBUG 2026-06-08 17:15:35 follower.py:191 follower_right SOFollower read wrist: 0.0ms
DEBUG 2026-06-08 17:15:35 t_client.py:198 Observation serialization time: 0.009604s
DEBUG 2026-06-08 17:15:35 ort/utils.py:54 [CLIENT] Observation Buffer size 4.395498275756836 MB with
ERROR 2026-06-08 17:15:35 t_client.py:214 Error sending observation #474: <_InactiveRpcError of RPC that terminated with:
	status = StatusCode.UNAVAILABLE
	details = "failed to connect to all addresses; last error: UNKNOWN: ipv4:10.145.8.86:8080: Failed to connect to remote host: connect: Connection refused (111)"
	debug_error_string = "UNKNOWN:Error received from peer  {grpc_message:"failed to connect to all addresses; last error: UNKNOWN: ipv4:10.145.8.86:8080: Failed to connect to remote host: connect: Connection refused (111)", grpc_status:14}"
>
DEBUG 2026-06-08 17:15:35 t_client.py:434 QUEUE SIZE: 0 (Must go: False)
DEBUG 2026-06-08 17:15:35 t_client.py:477 Control loop (ms): 45.19
DEBUG 2026-06-08 17:15:35 follower.py:184 follower_left SOFollower read state: 2.0ms
DEBUG 2026-06-08 17:15:35 follower.py:191 follower_left SOFollower read wrist: 0.0ms
DEBUG 2026-06-08 17:15:35 follower.py:184 follower_right SOFollower read state: 1.7ms
DEBUG 2026-06-08 17:15:35 follower.py:191 follower_right SOFollower read wrist: 0.0ms
DEBUG 2026-06-08 17:15:35 t_client.py:198 Observation serialization time: 0.008659s
DEBUG 2026-06-08 17:15:35 ort/utils.py:54 [CLIENT] Observation Buffer size 4.395498275756836 MB with
ERROR 2026-06-08 17:15:35 t_client.py:214 Error sending observation #474: <_InactiveRpcError of RPC that terminated with:
	status = StatusCode.UNAVAILABLE
	details = "failed to connect to all addresses; last error: UNKNOWN: ipv4:10.145.8.86:8080: Failed to connect to remote host: connect: Connection refused (111)"
	debug_error_string = "UNKNOWN:Error received from peer  {grpc_status:14, grpc_message:"failed to connect to all addresses; last error: UNKNOWN: ipv4:10.145.8.86:8080: Failed to connect to remote host: connect: Connection refused (111)"}"
>
DEBUG 2026-06-08 17:15:35 t_client.py:434 QUEUE SIZE: 0 (Must go: False)
DEBUG 2026-06-08 17:15:35 t_client.py:477 Control loop (ms): 47.96
DEBUG 2026-06-08 17:15:35 follower.py:184 follower_left SOFollower read state: 2.4ms
DEBUG 2026-06-08 17:15:35 follower.py:191 follower_left SOFollower read wrist: 0.0ms
DEBUG 2026-06-08 17:15:35 follower.py:184 follower_right SOFollower read state: 2.1ms
DEBUG 2026-06-08 17:15:35 follower.py:191 follower_right SOFollower read wrist: 0.0ms
DEBUG 2026-06-08 17:15:35 t_client.py:198 Observation serialization time: 0.007154s
DEBUG 2026-06-08 17:15:35 ort/utils.py:54 [CLIENT] Observation Buffer size 4.395498275756836 MB with
ERROR 2026-06-08 17:15:35 t_client.py:214 Error sending observation #474: <_InactiveRpcError of RPC that terminated with:
	status = StatusCode.UNAVAILABLE
	details = "failed to connect to all addresses; last error: UNKNOWN: ipv4:10.145.8.86:8080: Failed to connect to remote host: connect: Connection refused (111)"
	debug_error_string = "UNKNOWN:Error received from peer  {grpc_message:"failed to connect to all addresses; last error: UNKNOWN: ipv4:10.145.8.86:8080: Failed to connect to remote host: connect: Connection refused (111)", grpc_status:14}"
>
DEBUG 2026-06-08 17:15:35 t_client.py:434 QUEUE SIZE: 0 (Must go: False)
DEBUG 2026-06-08 17:15:35 t_client.py:477 Control loop (ms): 49.39
DEBUG 2026-06-08 17:15:35 follower.py:184 follower_left SOFollower read state: 1.9ms
DEBUG 2026-06-08 17:15:35 follower.py:191 follower_left SOFollower read wrist: 0.0ms
DEBUG 2026-06-08 17:15:35 follower.py:184 follower_right SOFollower read state: 2.1ms
DEBUG 2026-06-08 17:15:35 follower.py:191 follower_right SOFollower read wrist: 0.0ms
DEBUG 2026-06-08 17:15:35 t_client.py:198 Observation serialization time: 0.009539s
DEBUG 2026-06-08 17:15:35 ort/utils.py:54 [CLIENT] Observation Buffer size 4.395498275756836 MB with
ERROR 2026-06-08 17:15:36 t_client.py:214 Error sending observation #474: <_InactiveRpcError of RPC that terminated with:
	status = StatusCode.UNAVAILABLE
	details = "failed to connect to all addresses; last error: UNKNOWN: ipv4:10.145.8.86:8080: Failed to connect to remote host: connect: Connection refused (111)"
	debug_error_string = "UNKNOWN:Error received from peer  {grpc_message:"failed to connect to all addresses; last error: UNKNOWN: ipv4:10.145.8.86:8080: Failed to connect to remote host: connect: Connection refused (111)", grpc_status:14}"
>
DEBUG 2026-06-08 17:15:36 t_client.py:434 QUEUE SIZE: 0 (Must go: False)
DEBUG 2026-06-08 17:15:36 t_client.py:477 Control loop (ms): 59.50
DEBUG 2026-06-08 17:15:36 follower.py:184 follower_left SOFollower read state: 2.3ms
DEBUG 2026-06-08 17:15:36 follower.py:191 follower_left SOFollower read wrist: 0.0ms
DEBUG 2026-06-08 17:15:36 follower.py:184 follower_right SOFollower read state: 1.9ms
DEBUG 2026-06-08 17:15:36 follower.py:191 follower_right SOFollower read wrist: 0.0ms
DEBUG 2026-06-08 17:15:36 t_client.py:198 Observation serialization time: 0.009975s
DEBUG 2026-06-08 17:15:36 ort/utils.py:54 [CLIENT] Observation Buffer size 4.395498275756836 MB with
ERROR 2026-06-08 17:15:36 t_client.py:214 Error sending observation #474: <_InactiveRpcError of RPC that terminated with:
	status = StatusCode.UNAVAILABLE
	details = "failed to connect to all addresses; last error: UNKNOWN: ipv4:10.145.8.86:8080: Failed to connect to remote host: connect: Connection refused (111)"
	debug_error_string = "UNKNOWN:Error received from peer  {grpc_status:14, grpc_message:"failed to connect to all addresses; last error: UNKNOWN: ipv4:10.145.8.86:8080: Failed to connect to remote host: connect: Connection refused (111)"}"
>
DEBUG 2026-06-08 17:15:36 t_client.py:434 QUEUE SIZE: 0 (Must go: False)
DEBUG 2026-06-08 17:15:36 t_client.py:477 Control loop (ms): 54.42
DEBUG 2026-06-08 17:15:36 follower.py:184 follower_left SOFollower read state: 2.4ms
DEBUG 2026-06-08 17:15:36 follower.py:191 follower_left SOFollower read wrist: 0.0ms
DEBUG 2026-06-08 17:15:36 follower.py:184 follower_right SOFollower read state: 2.1ms
DEBUG 2026-06-08 17:15:36 follower.py:191 follower_right SOFollower read wrist: 0.0ms
DEBUG 2026-06-08 17:15:36 t_client.py:198 Observation serialization time: 0.008719s
DEBUG 2026-06-08 17:15:36 ort/utils.py:54 [CLIENT] Observation Buffer size 4.395498275756836 MB with
ERROR 2026-06-08 17:15:36 t_client.py:214 Error sending observation #474: <_InactiveRpcError of RPC that terminated with:
	status = StatusCode.UNAVAILABLE
	details = "failed to connect to all addresses; last error: UNKNOWN: ipv4:10.145.8.86:8080: Failed to connect to remote host: connect: Connection refused (111)"
	debug_error_string = "UNKNOWN:Error received from peer  {grpc_status:14, grpc_message:"failed to connect to all addresses; last error: UNKNOWN: ipv4:10.145.8.86:8080: Failed to connect to remote host: connect: Connection refused (111)"}"
>
DEBUG 2026-06-08 17:15:36 t_client.py:434 QUEUE SIZE: 0 (Must go: False)
DEBUG 2026-06-08 17:15:36 t_client.py:477 Control loop (ms): 54.03
DEBUG 2026-06-08 17:15:36 follower.py:184 follower_left SOFollower read state: 1.9ms
DEBUG 2026-06-08 17:15:36 follower.py:191 follower_left SOFollower read wrist: 0.0ms
DEBUG 2026-06-08 17:15:36 follower.py:184 follower_right SOFollower read state: 1.6ms
DEBUG 2026-06-08 17:15:36 follower.py:191 follower_right SOFollower read wrist: 0.0ms
DEBUG 2026-06-08 17:15:36 t_client.py:198 Observation serialization time: 0.007422s
DEBUG 2026-06-08 17:15:36 ort/utils.py:54 [CLIENT] Observation Buffer size 4.395498275756836 MB with
ERROR 2026-06-08 17:15:36 t_client.py:359 Error receiving actions: <_InactiveRpcError of RPC that terminated with:
	status = StatusCode.UNAVAILABLE
	details = "failed to connect to all addresses; last error: UNKNOWN: ipv4:10.145.8.86:8080: Failed to connect to remote host: connect: Connection refused (111)"
	debug_error_string = "UNKNOWN:Error received from peer  {grpc_status:14, grpc_message:"failed to connect to all addresses; last error: UNKNOWN: ipv4:10.145.8.86:8080: Failed to connect to remote host: connect: Connection refused (111)"}"
>
ERROR 2026-06-08 17:15:36 t_client.py:214 Error sending observation #474: <_InactiveRpcError of RPC that terminated with:
	status = StatusCode.UNAVAILABLE
	details = "failed to connect to all addresses; last error: UNKNOWN: ipv4:10.145.8.86:8080: Failed to connect to remote host: connect: Connection refused (111)"
	debug_error_string = "UNKNOWN:Error received from peer  {grpc_status:14, grpc_message:"failed to connect to all addresses; last error: UNKNOWN: ipv4:10.145.8.86:8080: Failed to connect to remote host: connect: Connection refused (111)"}"
>
DEBUG 2026-06-08 17:15:36 t_client.py:434 QUEUE SIZE: 0 (Must go: False)
DEBUG 2026-06-08 17:15:36 t_client.py:477 Control loop (ms): 49.92
DEBUG 2026-06-08 17:15:36 follower.py:184 follower_left SOFollower read state: 2.1ms
DEBUG 2026-06-08 17:15:36 follower.py:191 follower_left SOFollower read wrist: 0.0ms
DEBUG 2026-06-08 17:15:36 follower.py:184 follower_right SOFollower read state: 1.8ms
DEBUG 2026-06-08 17:15:36 follower.py:191 follower_right SOFollower read wrist: 0.0ms
DEBUG 2026-06-08 17:15:36 t_client.py:198 Observation serialization time: 0.008301s
DEBUG 2026-06-08 17:15:36 ort/utils.py:54 [CLIENT] Observation Buffer size 4.395498275756836 MB with
ERROR 2026-06-08 17:15:36 t_client.py:214 Error sending observation #474: <_InactiveRpcError of RPC that terminated with:
	status = StatusCode.UNAVAILABLE
	details = "failed to connect to all addresses; last error: UNKNOWN: ipv4:10.145.8.86:8080: Failed to connect to remote host: connect: Connection refused (111)"
	debug_error_string = "UNKNOWN:Error received from peer  {grpc_message:"failed to connect to all addresses; last error: UNKNOWN: ipv4:10.145.8.86:8080: Failed to connect to remote host: connect: Connection refused (111)", grpc_status:14}"
>
DEBUG 2026-06-08 17:15:36 t_client.py:434 QUEUE SIZE: 0 (Must go: False)
DEBUG 2026-06-08 17:15:36 t_client.py:477 Control loop (ms): 51.95
DEBUG 2026-06-08 17:15:36 follower.py:184 follower_left SOFollower read state: 2.0ms
DEBUG 2026-06-08 17:15:36 follower.py:191 follower_left SOFollower read wrist: 0.1ms
DEBUG 2026-06-08 17:15:36 follower.py:184 follower_right SOFollower read state: 1.5ms
DEBUG 2026-06-08 17:15:36 follower.py:191 follower_right SOFollower read wrist: 0.0ms
DEBUG 2026-06-08 17:15:36 t_client.py:198 Observation serialization time: 0.003233s
DEBUG 2026-06-08 17:15:36 ort/utils.py:54 [CLIENT] Observation Buffer size 4.395498275756836 MB with
ERROR 2026-06-08 17:15:36 t_client.py:214 Error sending observation #474: <_InactiveRpcError of RPC that terminated with:
	status = StatusCode.UNAVAILABLE
	details = "failed to connect to all addresses; last error: UNKNOWN: ipv4:10.145.8.86:8080: Failed to connect to remote host: connect: Connection refused (111)"
	debug_error_string = "UNKNOWN:Error received from peer  {grpc_status:14, grpc_message:"failed to connect to all addresses; last error: UNKNOWN: ipv4:10.145.8.86:8080: Failed to connect to remote host: connect: Connection refused (111)"}"
>
DEBUG 2026-06-08 17:15:36 t_client.py:434 QUEUE SIZE: 0 (Must go: False)
DEBUG 2026-06-08 17:15:36 t_client.py:477 Control loop (ms): 46.39
DEBUG 2026-06-08 17:15:36 follower.py:184 follower_left SOFollower read state: 2.0ms
DEBUG 2026-06-08 17:15:36 follower.py:191 follower_left SOFollower read wrist: 0.0ms
DEBUG 2026-06-08 17:15:36 follower.py:184 follower_right SOFollower read state: 2.4ms
DEBUG 2026-06-08 17:15:36 follower.py:191 follower_right SOFollower read wrist: 0.0ms
DEBUG 2026-06-08 17:15:36 t_client.py:198 Observation serialization time: 0.008384s
DEBUG 2026-06-08 17:15:36 ort/utils.py:54 [CLIENT] Observation Buffer size 4.395498275756836 MB with
ERROR 2026-06-08 17:15:36 t_client.py:214 Error sending observation #474: <_InactiveRpcError of RPC that terminated with:
	status = StatusCode.UNAVAILABLE
	details = "failed to connect to all addresses; last error: UNKNOWN: ipv4:10.145.8.86:8080: Failed to connect to remote host: connect: Connection refused (111)"
	debug_error_string = "UNKNOWN:Error received from peer  {grpc_message:"failed to connect to all addresses; last error: UNKNOWN: ipv4:10.145.8.86:8080: Failed to connect to remote host: connect: Connection refused (111)", grpc_status:14}"
>
DEBUG 2026-06-08 17:15:36 t_client.py:434 QUEUE SIZE: 0 (Must go: False)
DEBUG 2026-06-08 17:15:36 t_client.py:477 Control loop (ms): 51.33
DEBUG 2026-06-08 17:15:36 follower.py:184 follower_left SOFollower read state: 1.8ms
DEBUG 2026-06-08 17:15:36 follower.py:191 follower_left SOFollower read wrist: 0.0ms
DEBUG 2026-06-08 17:15:36 follower.py:184 follower_right SOFollower read state: 1.6ms
DEBUG 2026-06-08 17:15:36 follower.py:191 follower_right SOFollower read wrist: 0.0ms
DEBUG 2026-06-08 17:15:36 t_client.py:198 Observation serialization time: 0.005272s
DEBUG 2026-06-08 17:15:36 ort/utils.py:54 [CLIENT] Observation Buffer size 4.395498275756836 MB with
ERROR 2026-06-08 17:15:36 t_client.py:214 Error sending observation #474: <_InactiveRpcError of RPC that terminated with:
	status = StatusCode.UNAVAILABLE
	details = "failed to connect to all addresses; last error: UNKNOWN: ipv4:10.145.8.86:8080: Failed to connect to remote host: connect: Connection refused (111)"
	debug_error_string = "UNKNOWN:Error received from peer  {grpc_message:"failed to connect to all addresses; last error: UNKNOWN: ipv4:10.145.8.86:8080: Failed to connect to remote host: connect: Connection refused (111)", grpc_status:14}"
>
DEBUG 2026-06-08 17:15:36 t_client.py:434 QUEUE SIZE: 0 (Must go: False)
DEBUG 2026-06-08 17:15:36 t_client.py:477 Control loop (ms): 54.56
DEBUG 2026-06-08 17:15:36 follower.py:184 follower_left SOFollower read state: 1.9ms
DEBUG 2026-06-08 17:15:36 follower.py:191 follower_left SOFollower read wrist: 0.0ms
DEBUG 2026-06-08 17:15:36 follower.py:184 follower_right SOFollower read state: 1.9ms
DEBUG 2026-06-08 17:15:36 follower.py:191 follower_right SOFollower read wrist: 0.0ms
DEBUG 2026-06-08 17:15:36 t_client.py:198 Observation serialization time: 0.007851s
DEBUG 2026-06-08 17:15:36 ort/utils.py:54 [CLIENT] Observation Buffer size 4.395498275756836 MB with
ERROR 2026-06-08 17:15:36 t_client.py:214 Error sending observation #474: <_InactiveRpcError of RPC that terminated with:
	status = StatusCode.UNAVAILABLE
	details = "failed to connect to all addresses; last error: UNKNOWN: ipv4:10.145.8.86:8080: Failed to connect to remote host: connect: Connection refused (111)"
	debug_error_string = "UNKNOWN:Error received from peer  {grpc_message:"failed to connect to all addresses; last error: UNKNOWN: ipv4:10.145.8.86:8080: Failed to connect to remote host: connect: Connection refused (111)", grpc_status:14}"
>
DEBUG 2026-06-08 17:15:36 t_client.py:434 QUEUE SIZE: 0 (Must go: False)
DEBUG 2026-06-08 17:15:36 t_client.py:477 Control loop (ms): 51.19
DEBUG 2026-06-08 17:15:36 follower.py:184 follower_left SOFollower read state: 2.2ms
DEBUG 2026-06-08 17:15:36 follower.py:191 follower_left SOFollower read wrist: 0.0ms
DEBUG 2026-06-08 17:15:36 follower.py:184 follower_right SOFollower read state: 2.5ms
DEBUG 2026-06-08 17:15:36 follower.py:191 follower_right SOFollower read wrist: 0.0ms
DEBUG 2026-06-08 17:15:36 t_client.py:198 Observation serialization time: 0.010284s
DEBUG 2026-06-08 17:15:36 ort/utils.py:54 [CLIENT] Observation Buffer size 4.395498275756836 MB with
ERROR 2026-06-08 17:15:36 t_client.py:214 Error sending observation #474: <_InactiveRpcError of RPC that terminated with:
	status = StatusCode.UNAVAILABLE
	details = "failed to connect to all addresses; last error: UNKNOWN: ipv4:10.145.8.86:8080: Failed to connect to remote host: connect: Connection refused (111)"
	debug_error_string = "UNKNOWN:Error received from peer  {grpc_status:14, grpc_message:"failed to connect to all addresses; last error: UNKNOWN: ipv4:10.145.8.86:8080: Failed to connect to remote host: connect: Connection refused (111)"}"
>
DEBUG 2026-06-08 17:15:36 t_client.py:434 QUEUE SIZE: 0 (Must go: False)
DEBUG 2026-06-08 17:15:36 t_client.py:477 Control loop (ms): 58.28
DEBUG 2026-06-08 17:15:36 follower.py:184 follower_left SOFollower read state: 2.3ms
DEBUG 2026-06-08 17:15:36 follower.py:191 follower_left SOFollower read wrist: 0.0ms
DEBUG 2026-06-08 17:15:36 follower.py:184 follower_right SOFollower read state: 1.9ms
DEBUG 2026-06-08 17:15:36 follower.py:191 follower_right SOFollower read wrist: 0.0ms
DEBUG 2026-06-08 17:15:36 t_client.py:198 Observation serialization time: 0.009039s
DEBUG 2026-06-08 17:15:36 ort/utils.py:54 [CLIENT] Observation Buffer size 4.395498275756836 MB with
ERROR 2026-06-08 17:15:36 t_client.py:214 Error sending observation #474: <_InactiveRpcError of RPC that terminated with:
	status = StatusCode.UNAVAILABLE
	details = "failed to connect to all addresses; last error: UNKNOWN: ipv4:10.145.8.86:8080: Failed to connect to remote host: connect: Connection refused (111)"
	debug_error_string = "UNKNOWN:Error received from peer  {grpc_message:"failed to connect to all addresses; last error: UNKNOWN: ipv4:10.145.8.86:8080: Failed to connect to remote host: connect: Connection refused (111)", grpc_status:14}"
>
DEBUG 2026-06-08 17:15:36 t_client.py:434 QUEUE SIZE: 0 (Must go: False)
DEBUG 2026-06-08 17:15:36 t_client.py:477 Control loop (ms): 56.34
DEBUG 2026-06-08 17:15:36 follower.py:184 follower_left SOFollower read state: 2.1ms
DEBUG 2026-06-08 17:15:36 follower.py:191 follower_left SOFollower read wrist: 0.0ms
DEBUG 2026-06-08 17:15:36 follower.py:184 follower_right SOFollower read state: 1.7ms
DEBUG 2026-06-08 17:15:36 follower.py:191 follower_right SOFollower read wrist: 0.0ms
DEBUG 2026-06-08 17:15:36 t_client.py:198 Observation serialization time: 0.008030s
DEBUG 2026-06-08 17:15:36 ort/utils.py:54 [CLIENT] Observation Buffer size 4.395498275756836 MB with
ERROR 2026-06-08 17:15:36 t_client.py:214 Error sending observation #474: <_InactiveRpcError of RPC that terminated with:
	status = StatusCode.UNAVAILABLE
	details = "failed to connect to all addresses; last error: UNKNOWN: ipv4:10.145.8.86:8080: Failed to connect to remote host: connect: Connection refused (111)"
	debug_error_string = "UNKNOWN:Error received from peer  {grpc_message:"failed to connect to all addresses; last error: UNKNOWN: ipv4:10.145.8.86:8080: Failed to connect to remote host: connect: Connection refused (111)", grpc_status:14}"
>
DEBUG 2026-06-08 17:15:36 t_client.py:434 QUEUE SIZE: 0 (Must go: False)
DEBUG 2026-06-08 17:15:36 t_client.py:477 Control loop (ms): 55.42
DEBUG 2026-06-08 17:15:36 follower.py:184 follower_left SOFollower read state: 2.0ms
DEBUG 2026-06-08 17:15:36 follower.py:191 follower_left SOFollower read wrist: 0.0ms
DEBUG 2026-06-08 17:15:36 follower.py:184 follower_right SOFollower read state: 1.8ms
DEBUG 2026-06-08 17:15:36 follower.py:191 follower_right SOFollower read wrist: 0.0ms
DEBUG 2026-06-08 17:15:36 t_client.py:198 Observation serialization time: 0.006793s
DEBUG 2026-06-08 17:15:36 ort/utils.py:54 [CLIENT] Observation Buffer size 4.395498275756836 MB with
ERROR 2026-06-08 17:15:36 t_client.py:214 Error sending observation #474: <_InactiveRpcError of RPC that terminated with:
	status = StatusCode.UNAVAILABLE
	details = "failed to connect to all addresses; last error: UNKNOWN: ipv4:10.145.8.86:8080: Failed to connect to remote host: connect: Connection refused (111)"
	debug_error_string = "UNKNOWN:Error received from peer  {grpc_message:"failed to connect to all addresses; last error: UNKNOWN: ipv4:10.145.8.86:8080: Failed to connect to remote host: connect: Connection refused (111)", grpc_status:14}"
>
DEBUG 2026-06-08 17:15:36 t_client.py:434 QUEUE SIZE: 0 (Must go: False)
DEBUG 2026-06-08 17:15:36 t_client.py:477 Control loop (ms): 49.97
DEBUG 2026-06-08 17:15:36 follower.py:184 follower_left SOFollower read state: 1.8ms
DEBUG 2026-06-08 17:15:36 follower.py:191 follower_left SOFollower read wrist: 0.0ms
DEBUG 2026-06-08 17:15:36 follower.py:184 follower_right SOFollower read state: 1.6ms
DEBUG 2026-06-08 17:15:36 follower.py:191 follower_right SOFollower read wrist: 0.0ms
DEBUG 2026-06-08 17:15:36 t_client.py:198 Observation serialization time: 0.007521s
DEBUG 2026-06-08 17:15:36 ort/utils.py:54 [CLIENT] Observation Buffer size 4.395498275756836 MB with
ERROR 2026-06-08 17:15:36 t_client.py:359 Error receiving actions: <_InactiveRpcError of RPC that terminated with:
	status = StatusCode.UNAVAILABLE
	details = "failed to connect to all addresses; last error: UNKNOWN: ipv4:10.145.8.86:8080: Failed to connect to remote host: connect: Connection refused (111)"
	debug_error_string = "UNKNOWN:Error received from peer  {grpc_status:14, grpc_message:"failed to connect to all addresses; last error: UNKNOWN: ipv4:10.145.8.86:8080: Failed to connect to remote host: connect: Connection refused (111)"}"
>
ERROR 2026-06-08 17:15:36 t_client.py:214 Error sending observation #474: <_InactiveRpcError of RPC that terminated with:
	status = StatusCode.UNAVAILABLE
	details = "failed to connect to all addresses; last error: UNKNOWN: ipv4:10.145.8.86:8080: Failed to connect to remote host: connect: Connection refused (111)"
	debug_error_string = "UNKNOWN:Error received from peer  {grpc_message:"failed to connect to all addresses; last error: UNKNOWN: ipv4:10.145.8.86:8080: Failed to connect to remote host: connect: Connection refused (111)", grpc_status:14}"
>
DEBUG 2026-06-08 17:15:36 t_client.py:434 QUEUE SIZE: 0 (Must go: False)
DEBUG 2026-06-08 17:15:36 t_client.py:477 Control loop (ms): 42.50
DEBUG 2026-06-08 17:15:36 follower.py:184 follower_left SOFollower read state: 2.1ms
DEBUG 2026-06-08 17:15:36 follower.py:191 follower_left SOFollower read wrist: 0.0ms
DEBUG 2026-06-08 17:15:36 follower.py:184 follower_right SOFollower read state: 1.7ms
DEBUG 2026-06-08 17:15:36 follower.py:191 follower_right SOFollower read wrist: 0.0ms
DEBUG 2026-06-08 17:15:36 t_client.py:198 Observation serialization time: 0.005329s
DEBUG 2026-06-08 17:15:36 ort/utils.py:54 [CLIENT] Observation Buffer size 4.395498275756836 MB with
ERROR 2026-06-08 17:15:36 t_client.py:214 Error sending observation #474: <_InactiveRpcError of RPC that terminated with:
	status = StatusCode.UNAVAILABLE
	details = "failed to connect to all addresses; last error: UNKNOWN: ipv4:10.145.8.86:8080: Failed to connect to remote host: connect: Connection refused (111)"
	debug_error_string = "UNKNOWN:Error received from peer  {grpc_status:14, grpc_message:"failed to connect to all addresses; last error: UNKNOWN: ipv4:10.145.8.86:8080: Failed to connect to remote host: connect: Connection refused (111)"}"
>
DEBUG 2026-06-08 17:15:36 t_client.py:434 QUEUE SIZE: 0 (Must go: False)
DEBUG 2026-06-08 17:15:36 t_client.py:477 Control loop (ms): 52.19
DEBUG 2026-06-08 17:15:36 follower.py:184 follower_left SOFollower read state: 2.2ms
DEBUG 2026-06-08 17:15:36 follower.py:191 follower_left SOFollower read wrist: 0.0ms
DEBUG 2026-06-08 17:15:36 follower.py:184 follower_right SOFollower read state: 2.2ms
DEBUG 2026-06-08 17:15:36 follower.py:191 follower_right SOFollower read wrist: 0.0ms
DEBUG 2026-06-08 17:15:36 t_client.py:198 Observation serialization time: 0.006937s
DEBUG 2026-06-08 17:15:36 ort/utils.py:54 [CLIENT] Observation Buffer size 4.395498275756836 MB with
ERROR 2026-06-08 17:15:36 t_client.py:214 Error sending observation #474: <_InactiveRpcError of RPC that terminated with:
	status = StatusCode.UNAVAILABLE
	details = "failed to connect to all addresses; last error: UNKNOWN: ipv4:10.145.8.86:8080: Failed to connect to remote host: connect: Connection refused (111)"
	debug_error_string = "UNKNOWN:Error received from peer  {grpc_message:"failed to connect to all addresses; last error: UNKNOWN: ipv4:10.145.8.86:8080: Failed to connect to remote host: connect: Connection refused (111)", grpc_status:14}"
>
DEBUG 2026-06-08 17:15:36 t_client.py:434 QUEUE SIZE: 0 (Must go: False)
DEBUG 2026-06-08 17:15:36 t_client.py:477 Control loop (ms): 43.67
DEBUG 2026-06-08 17:15:36 follower.py:184 follower_left SOFollower read state: 2.0ms
DEBUG 2026-06-08 17:15:36 follower.py:191 follower_left SOFollower read wrist: 0.0ms
DEBUG 2026-06-08 17:15:36 follower.py:184 follower_right SOFollower read state: 2.1ms
DEBUG 2026-06-08 17:15:36 follower.py:191 follower_right SOFollower read wrist: 0.0ms
DEBUG 2026-06-08 17:15:36 t_client.py:198 Observation serialization time: 0.010231s
DEBUG 2026-06-08 17:15:36 ort/utils.py:54 [CLIENT] Observation Buffer size 4.395498275756836 MB with
ERROR 2026-06-08 17:15:36 t_client.py:214 Error sending observation #474: <_InactiveRpcError of RPC that terminated with:
	status = StatusCode.UNAVAILABLE
	details = "failed to connect to all addresses; last error: UNKNOWN: ipv4:10.145.8.86:8080: Failed to connect to remote host: connect: Connection refused (111)"
	debug_error_string = "UNKNOWN:Error received from peer  {grpc_status:14, grpc_message:"failed to connect to all addresses; last error: UNKNOWN: ipv4:10.145.8.86:8080: Failed to connect to remote host: connect: Connection refused (111)"}"
>
DEBUG 2026-06-08 17:15:36 t_client.py:434 QUEUE SIZE: 0 (Must go: False)
DEBUG 2026-06-08 17:15:36 t_client.py:477 Control loop (ms): 58.70
DEBUG 2026-06-08 17:15:36 follower.py:184 follower_left SOFollower read state: 2.6ms
DEBUG 2026-06-08 17:15:36 follower.py:191 follower_left SOFollower read wrist: 0.0ms
DEBUG 2026-06-08 17:15:36 follower.py:184 follower_right SOFollower read state: 2.1ms
DEBUG 2026-06-08 17:15:36 follower.py:191 follower_right SOFollower read wrist: 0.0ms
DEBUG 2026-06-08 17:15:36 t_client.py:198 Observation serialization time: 0.008466s
DEBUG 2026-06-08 17:15:36 ort/utils.py:54 [CLIENT] Observation Buffer size 4.395498275756836 MB with
ERROR 2026-06-08 17:15:36 t_client.py:214 Error sending observation #474: <_InactiveRpcError of RPC that terminated with:
	status = StatusCode.UNAVAILABLE
	details = "failed to connect to all addresses; last error: UNKNOWN: ipv4:10.145.8.86:8080: Failed to connect to remote host: connect: Connection refused (111)"
	debug_error_string = "UNKNOWN:Error received from peer  {grpc_status:14, grpc_message:"failed to connect to all addresses; last error: UNKNOWN: ipv4:10.145.8.86:8080: Failed to connect to remote host: connect: Connection refused (111)"}"
>
DEBUG 2026-06-08 17:15:36 t_client.py:434 QUEUE SIZE: 0 (Must go: False)
DEBUG 2026-06-08 17:15:36 t_client.py:477 Control loop (ms): 56.57
DEBUG 2026-06-08 17:15:36 follower.py:184 follower_left SOFollower read state: 2.1ms
DEBUG 2026-06-08 17:15:36 follower.py:191 follower_left SOFollower read wrist: 0.0ms
DEBUG 2026-06-08 17:15:36 follower.py:184 follower_right SOFollower read state: 2.0ms
DEBUG 2026-06-08 17:15:36 follower.py:191 follower_right SOFollower read wrist: 0.0ms
DEBUG 2026-06-08 17:15:36 t_client.py:198 Observation serialization time: 0.011567s
DEBUG 2026-06-08 17:15:36 ort/utils.py:54 [CLIENT] Observation Buffer size 4.395498275756836 MB with
ERROR 2026-06-08 17:15:36 t_client.py:214 Error sending observation #474: <_InactiveRpcError of RPC that terminated with:
	status = StatusCode.UNAVAILABLE
	details = "failed to connect to all addresses; last error: UNKNOWN: ipv4:10.145.8.86:8080: Failed to connect to remote host: connect: Connection refused (111)"
	debug_error_string = "UNKNOWN:Error received from peer  {grpc_status:14, grpc_message:"failed to connect to all addresses; last error: UNKNOWN: ipv4:10.145.8.86:8080: Failed to connect to remote host: connect: Connection refused (111)"}"
>
DEBUG 2026-06-08 17:15:36 t_client.py:434 QUEUE SIZE: 0 (Must go: False)
DEBUG 2026-06-08 17:15:36 t_client.py:477 Control loop (ms): 48.37
DEBUG 2026-06-08 17:15:36 follower.py:184 follower_left SOFollower read state: 1.9ms
DEBUG 2026-06-08 17:15:36 follower.py:191 follower_left SOFollower read wrist: 0.0ms
DEBUG 2026-06-08 17:15:36 follower.py:184 follower_right SOFollower read state: 1.6ms
DEBUG 2026-06-08 17:15:36 follower.py:191 follower_right SOFollower read wrist: 0.0ms
DEBUG 2026-06-08 17:15:36 t_client.py:198 Observation serialization time: 0.006604s
DEBUG 2026-06-08 17:15:36 ort/utils.py:54 [CLIENT] Observation Buffer size 4.395498275756836 MB with
ERROR 2026-06-08 17:15:36 t_client.py:214 Error sending observation #474: <_InactiveRpcError of RPC that terminated with:
	status = StatusCode.UNAVAILABLE
	details = "failed to connect to all addresses; last error: UNKNOWN: ipv4:10.145.8.86:8080: Failed to connect to remote host: connect: Connection refused (111)"
	debug_error_string = "UNKNOWN:Error received from peer  {grpc_message:"failed to connect to all addresses; last error: UNKNOWN: ipv4:10.145.8.86:8080: Failed to connect to remote host: connect: Connection refused (111)", grpc_status:14}"
>
DEBUG 2026-06-08 17:15:37 t_client.py:434 QUEUE SIZE: 0 (Must go: False)
DEBUG 2026-06-08 17:15:37 t_client.py:477 Control loop (ms): 43.82
DEBUG 2026-06-08 17:15:37 follower.py:184 follower_left SOFollower read state: 2.0ms
DEBUG 2026-06-08 17:15:37 follower.py:191 follower_left SOFollower read wrist: 0.0ms
DEBUG 2026-06-08 17:15:37 follower.py:184 follower_right SOFollower read state: 1.8ms
DEBUG 2026-06-08 17:15:37 follower.py:191 follower_right SOFollower read wrist: 0.0ms
DEBUG 2026-06-08 17:15:37 t_client.py:198 Observation serialization time: 0.005402s
DEBUG 2026-06-08 17:15:37 ort/utils.py:54 [CLIENT] Observation Buffer size 4.395498275756836 MB with
ERROR 2026-06-08 17:15:37 t_client.py:214 Error sending observation #474: <_InactiveRpcError of RPC that terminated with:
	status = StatusCode.UNAVAILABLE
	details = "failed to connect to all addresses; last error: UNKNOWN: ipv4:10.145.8.86:8080: Failed to connect to remote host: connect: Connection refused (111)"
	debug_error_string = "UNKNOWN:Error received from peer  {grpc_status:14, grpc_message:"failed to connect to all addresses; last error: UNKNOWN: ipv4:10.145.8.86:8080: Failed to connect to remote host: connect: Connection refused (111)"}"
>
DEBUG 2026-06-08 17:15:37 t_client.py:434 QUEUE SIZE: 0 (Must go: False)
DEBUG 2026-06-08 17:15:37 t_client.py:477 Control loop (ms): 48.68
DEBUG 2026-06-08 17:15:37 follower.py:184 follower_left SOFollower read state: 3.2ms
DEBUG 2026-06-08 17:15:37 follower.py:191 follower_left SOFollower read wrist: 0.1ms
DEBUG 2026-06-08 17:15:37 follower.py:184 follower_right SOFollower read state: 2.7ms
DEBUG 2026-06-08 17:15:37 follower.py:191 follower_right SOFollower read wrist: 0.1ms
DEBUG 2026-06-08 17:15:37 t_client.py:198 Observation serialization time: 0.003316s
DEBUG 2026-06-08 17:15:37 ort/utils.py:54 [CLIENT] Observation Buffer size 4.395498275756836 MB with
ERROR 2026-06-08 17:15:37 t_client.py:214 Error sending observation #474: <_InactiveRpcError of RPC that terminated with:
	status = StatusCode.UNAVAILABLE
	details = "failed to connect to all addresses; last error: UNKNOWN: ipv4:10.145.8.86:8080: Failed to connect to remote host: connect: Connection refused (111)"
	debug_error_string = "UNKNOWN:Error received from peer  {grpc_message:"failed to connect to all addresses; last error: UNKNOWN: ipv4:10.145.8.86:8080: Failed to connect to remote host: connect: Connection refused (111)", grpc_status:14}"
>
DEBUG 2026-06-08 17:15:37 t_client.py:434 QUEUE SIZE: 0 (Must go: False)
DEBUG 2026-06-08 17:15:37 t_client.py:477 Control loop (ms): 46.64
DEBUG 2026-06-08 17:15:37 follower.py:184 follower_left SOFollower read state: 2.2ms
DEBUG 2026-06-08 17:15:37 follower.py:191 follower_left SOFollower read wrist: 0.0ms
DEBUG 2026-06-08 17:15:37 follower.py:184 follower_right SOFollower read state: 2.0ms
DEBUG 2026-06-08 17:15:37 follower.py:191 follower_right SOFollower read wrist: 0.0ms
DEBUG 2026-06-08 17:15:37 t_client.py:198 Observation serialization time: 0.006437s
DEBUG 2026-06-08 17:15:37 ort/utils.py:54 [CLIENT] Observation Buffer size 4.395498275756836 MB with
ERROR 2026-06-08 17:15:37 t_client.py:214 Error sending observation #474: <_InactiveRpcError of RPC that terminated with:
	status = StatusCode.UNAVAILABLE
	details = "failed to connect to all addresses; last error: UNKNOWN: ipv4:10.145.8.86:8080: Failed to connect to remote host: connect: Connection refused (111)"
	debug_error_string = "UNKNOWN:Error received from peer  {grpc_status:14, grpc_message:"failed to connect to all addresses; last error: UNKNOWN: ipv4:10.145.8.86:8080: Failed to connect to remote host: connect: Connection refused (111)"}"
>
DEBUG 2026-06-08 17:15:37 t_client.py:434 QUEUE SIZE: 0 (Must go: False)
DEBUG 2026-06-08 17:15:37 t_client.py:477 Control loop (ms): 49.80
DEBUG 2026-06-08 17:15:37 follower.py:184 follower_left SOFollower read state: 2.1ms
DEBUG 2026-06-08 17:15:37 follower.py:191 follower_left SOFollower read wrist: 0.0ms
DEBUG 2026-06-08 17:15:37 follower.py:184 follower_right SOFollower read state: 2.1ms
DEBUG 2026-06-08 17:15:37 follower.py:191 follower_right SOFollower read wrist: 0.0ms
DEBUG 2026-06-08 17:15:37 t_client.py:198 Observation serialization time: 0.006419s
DEBUG 2026-06-08 17:15:37 ort/utils.py:54 [CLIENT] Observation Buffer size 4.395498275756836 MB with
ERROR 2026-06-08 17:15:37 t_client.py:359 Error receiving actions: <_InactiveRpcError of RPC that terminated with:
	status = StatusCode.UNAVAILABLE
	details = "failed to connect to all addresses; last error: UNKNOWN: ipv4:10.145.8.86:8080: Failed to connect to remote host: connect: Connection refused (111)"
	debug_error_string = "UNKNOWN:Error received from peer  {grpc_message:"failed to connect to all addresses; last error: UNKNOWN: ipv4:10.145.8.86:8080: Failed to connect to remote host: connect: Connection refused (111)", grpc_status:14}"
>
ERROR 2026-06-08 17:15:37 t_client.py:214 Error sending observation #474: <_InactiveRpcError of RPC that terminated with:
	status = StatusCode.UNAVAILABLE
	details = "failed to connect to all addresses; last error: UNKNOWN: ipv4:10.145.8.86:8080: Failed to connect to remote host: connect: Connection refused (111)"
	debug_error_string = "UNKNOWN:Error received from peer  {grpc_status:14, grpc_message:"failed to connect to all addresses; last error: UNKNOWN: ipv4:10.145.8.86:8080: Failed to connect to remote host: connect: Connection refused (111)"}"
>
DEBUG 2026-06-08 17:15:37 t_client.py:434 QUEUE SIZE: 0 (Must go: False)
DEBUG 2026-06-08 17:15:37 t_client.py:477 Control loop (ms): 49.65
DEBUG 2026-06-08 17:15:37 follower.py:184 follower_left SOFollower read state: 1.9ms
DEBUG 2026-06-08 17:15:37 follower.py:191 follower_left SOFollower read wrist: 0.0ms
DEBUG 2026-06-08 17:15:37 follower.py:184 follower_right SOFollower read state: 1.7ms
DEBUG 2026-06-08 17:15:37 follower.py:191 follower_right SOFollower read wrist: 0.0ms
DEBUG 2026-06-08 17:15:37 t_client.py:198 Observation serialization time: 0.008737s
DEBUG 2026-06-08 17:15:37 ort/utils.py:54 [CLIENT] Observation Buffer size 4.395498275756836 MB with
ERROR 2026-06-08 17:15:37 t_client.py:214 Error sending observation #474: <_InactiveRpcError of RPC that terminated with:
	status = StatusCode.UNAVAILABLE
	details = "failed to connect to all addresses; last error: UNKNOWN: ipv4:10.145.8.86:8080: Failed to connect to remote host: connect: Connection refused (111)"
	debug_error_string = "UNKNOWN:Error received from peer  {grpc_message:"failed to connect to all addresses; last error: UNKNOWN: ipv4:10.145.8.86:8080: Failed to connect to remote host: connect: Connection refused (111)", grpc_status:14}"
>
DEBUG 2026-06-08 17:15:37 t_client.py:434 QUEUE SIZE: 0 (Must go: False)
DEBUG 2026-06-08 17:15:37 t_client.py:477 Control loop (ms): 54.13
DEBUG 2026-06-08 17:15:37 follower.py:184 follower_left SOFollower read state: 2.4ms
DEBUG 2026-06-08 17:15:37 follower.py:191 follower_left SOFollower read wrist: 0.0ms
DEBUG 2026-06-08 17:15:37 follower.py:184 follower_right SOFollower read state: 2.1ms
DEBUG 2026-06-08 17:15:37 follower.py:191 follower_right SOFollower read wrist: 0.0ms
DEBUG 2026-06-08 17:15:37 t_client.py:198 Observation serialization time: 0.009577s
DEBUG 2026-06-08 17:15:37 ort/utils.py:54 [CLIENT] Observation Buffer size 4.395498275756836 MB with
ERROR 2026-06-08 17:15:37 t_client.py:214 Error sending observation #474: <_InactiveRpcError of RPC that terminated with:
	status = StatusCode.UNAVAILABLE
	details = "failed to connect to all addresses; last error: UNKNOWN: ipv4:10.145.8.86:8080: Failed to connect to remote host: connect: Connection refused (111)"
	debug_error_string = "UNKNOWN:Error received from peer  {grpc_status:14, grpc_message:"failed to connect to all addresses; last error: UNKNOWN: ipv4:10.145.8.86:8080: Failed to connect to remote host: connect: Connection refused (111)"}"
>
DEBUG 2026-06-08 17:15:37 t_client.py:434 QUEUE SIZE: 0 (Must go: False)
DEBUG 2026-06-08 17:15:37 t_client.py:477 Control loop (ms): 51.39
DEBUG 2026-06-08 17:15:37 follower.py:184 follower_left SOFollower read state: 2.1ms
DEBUG 2026-06-08 17:15:37 follower.py:191 follower_left SOFollower read wrist: 0.0ms
DEBUG 2026-06-08 17:15:37 follower.py:184 follower_right SOFollower read state: 2.0ms
DEBUG 2026-06-08 17:15:37 follower.py:191 follower_right SOFollower read wrist: 0.0ms
DEBUG 2026-06-08 17:15:37 t_client.py:198 Observation serialization time: 0.009361s
DEBUG 2026-06-08 17:15:37 ort/utils.py:54 [CLIENT] Observation Buffer size 4.395498275756836 MB with
ERROR 2026-06-08 17:15:37 t_client.py:214 Error sending observation #474: <_InactiveRpcError of RPC that terminated with:
	status = StatusCode.UNAVAILABLE
	details = "failed to connect to all addresses; last error: UNKNOWN: ipv4:10.145.8.86:8080: Failed to connect to remote host: connect: Connection refused (111)"
	debug_error_string = "UNKNOWN:Error received from peer  {grpc_message:"failed to connect to all addresses; last error: UNKNOWN: ipv4:10.145.8.86:8080: Failed to connect to remote host: connect: Connection refused (111)", grpc_status:14}"
>
DEBUG 2026-06-08 17:15:37 t_client.py:434 QUEUE SIZE: 0 (Must go: False)
DEBUG 2026-06-08 17:15:37 t_client.py:477 Control loop (ms): 46.19
DEBUG 2026-06-08 17:15:37 follower.py:184 follower_left SOFollower read state: 2.1ms
DEBUG 2026-06-08 17:15:37 follower.py:191 follower_left SOFollower read wrist: 0.0ms
DEBUG 2026-06-08 17:15:37 follower.py:184 follower_right SOFollower read state: 1.3ms
DEBUG 2026-06-08 17:15:37 follower.py:191 follower_right SOFollower read wrist: 0.0ms
DEBUG 2026-06-08 17:15:37 t_client.py:198 Observation serialization time: 0.006213s
DEBUG 2026-06-08 17:15:37 ort/utils.py:54 [CLIENT] Observation Buffer size 4.395498275756836 MB with
ERROR 2026-06-08 17:15:37 t_client.py:214 Error sending observation #474: <_InactiveRpcError of RPC that terminated with:
	status = StatusCode.UNAVAILABLE
	details = "failed to connect to all addresses; last error: UNKNOWN: ipv4:10.145.8.86:8080: Failed to connect to remote host: connect: Connection refused (111)"
	debug_error_string = "UNKNOWN:Error received from peer  {grpc_message:"failed to connect to all addresses; last error: UNKNOWN: ipv4:10.145.8.86:8080: Failed to connect to remote host: connect: Connection refused (111)", grpc_status:14}"
>
DEBUG 2026-06-08 17:15:37 t_client.py:434 QUEUE SIZE: 0 (Must go: False)
DEBUG 2026-06-08 17:15:37 t_client.py:477 Control loop (ms): 53.09
DEBUG 2026-06-08 17:15:37 follower.py:184 follower_left SOFollower read state: 2.0ms
DEBUG 2026-06-08 17:15:37 follower.py:191 follower_left SOFollower read wrist: 0.0ms
DEBUG 2026-06-08 17:15:37 follower.py:184 follower_right SOFollower read state: 1.8ms
DEBUG 2026-06-08 17:15:37 follower.py:191 follower_right SOFollower read wrist: 0.0ms
DEBUG 2026-06-08 17:15:37 t_client.py:198 Observation serialization time: 0.009080s
DEBUG 2026-06-08 17:15:37 ort/utils.py:54 [CLIENT] Observation Buffer size 4.395498275756836 MB with
ERROR 2026-06-08 17:15:37 t_client.py:214 Error sending observation #474: <_InactiveRpcError of RPC that terminated with:
	status = StatusCode.UNAVAILABLE
	details = "failed to connect to all addresses; last error: UNKNOWN: ipv4:10.145.8.86:8080: Failed to connect to remote host: connect: Connection refused (111)"
	debug_error_string = "UNKNOWN:Error received from peer  {grpc_message:"failed to connect to all addresses; last error: UNKNOWN: ipv4:10.145.8.86:8080: Failed to connect to remote host: connect: Connection refused (111)", grpc_status:14}"
>
DEBUG 2026-06-08 17:15:37 t_client.py:434 QUEUE SIZE: 0 (Must go: False)
DEBUG 2026-06-08 17:15:37 t_client.py:477 Control loop (ms): 42.75
DEBUG 2026-06-08 17:15:37 follower.py:184 follower_left SOFollower read state: 2.0ms
DEBUG 2026-06-08 17:15:37 follower.py:191 follower_left SOFollower read wrist: 0.0ms
DEBUG 2026-06-08 17:15:37 follower.py:184 follower_right SOFollower read state: 1.9ms
DEBUG 2026-06-08 17:15:37 follower.py:191 follower_right SOFollower read wrist: 0.0ms
DEBUG 2026-06-08 17:15:37 t_client.py:198 Observation serialization time: 0.008285s
DEBUG 2026-06-08 17:15:37 ort/utils.py:54 [CLIENT] Observation Buffer size 4.395498275756836 MB with
ERROR 2026-06-08 17:15:37 t_client.py:214 Error sending observation #474: <_InactiveRpcError of RPC that terminated with:
	status = StatusCode.UNAVAILABLE
	details = "failed to connect to all addresses; last error: UNKNOWN: ipv4:10.145.8.86:8080: Failed to connect to remote host: connect: Connection refused (111)"
	debug_error_string = "UNKNOWN:Error received from peer  {grpc_status:14, grpc_message:"failed to connect to all addresses; last error: UNKNOWN: ipv4:10.145.8.86:8080: Failed to connect to remote host: connect: Connection refused (111)"}"
>
DEBUG 2026-06-08 17:15:37 t_client.py:434 QUEUE SIZE: 0 (Must go: False)
DEBUG 2026-06-08 17:15:37 t_client.py:477 Control loop (ms): 49.16
DEBUG 2026-06-08 17:15:37 follower.py:184 follower_left SOFollower read state: 2.7ms
DEBUG 2026-06-08 17:15:37 follower.py:191 follower_left SOFollower read wrist: 0.1ms
DEBUG 2026-06-08 17:15:37 follower.py:184 follower_right SOFollower read state: 2.5ms
DEBUG 2026-06-08 17:15:37 follower.py:191 follower_right SOFollower read wrist: 0.0ms
DEBUG 2026-06-08 17:15:37 t_client.py:198 Observation serialization time: 0.011653s
DEBUG 2026-06-08 17:15:37 ort/utils.py:54 [CLIENT] Observation Buffer size 4.395498275756836 MB with
ERROR 2026-06-08 17:15:37 t_client.py:214 Error sending observation #474: <_InactiveRpcError of RPC that terminated with:
	status = StatusCode.UNAVAILABLE
	details = "failed to connect to all addresses; last error: UNKNOWN: ipv4:10.145.8.86:8080: Failed to connect to remote host: connect: Connection refused (111)"
	debug_error_string = "UNKNOWN:Error received from peer  {grpc_status:14, grpc_message:"failed to connect to all addresses; last error: UNKNOWN: ipv4:10.145.8.86:8080: Failed to connect to remote host: connect: Connection refused (111)"}"
>
DEBUG 2026-06-08 17:15:37 t_client.py:434 QUEUE SIZE: 0 (Must go: False)
DEBUG 2026-06-08 17:15:37 t_client.py:477 Control loop (ms): 57.28
DEBUG 2026-06-08 17:15:37 follower.py:184 follower_left SOFollower read state: 2.0ms
DEBUG 2026-06-08 17:15:37 follower.py:191 follower_left SOFollower read wrist: 0.0ms
DEBUG 2026-06-08 17:15:37 follower.py:184 follower_right SOFollower read state: 2.2ms
DEBUG 2026-06-08 17:15:37 follower.py:191 follower_right SOFollower read wrist: 0.0ms
DEBUG 2026-06-08 17:15:37 t_client.py:198 Observation serialization time: 0.010447s
DEBUG 2026-06-08 17:15:37 ort/utils.py:54 [CLIENT] Observation Buffer size 4.395498275756836 MB with
ERROR 2026-06-08 17:15:37 t_client.py:214 Error sending observation #474: <_InactiveRpcError of RPC that terminated with:
	status = StatusCode.UNAVAILABLE
	details = "failed to connect to all addresses; last error: UNKNOWN: ipv4:10.145.8.86:8080: Failed to connect to remote host: connect: Connection refused (111)"
	debug_error_string = "UNKNOWN:Error received from peer  {grpc_message:"failed to connect to all addresses; last error: UNKNOWN: ipv4:10.145.8.86:8080: Failed to connect to remote host: connect: Connection refused (111)", grpc_status:14}"
>
DEBUG 2026-06-08 17:15:37 t_client.py:434 QUEUE SIZE: 0 (Must go: False)
DEBUG 2026-06-08 17:15:37 t_client.py:477 Control loop (ms): 49.48
DEBUG 2026-06-08 17:15:37 follower.py:184 follower_left SOFollower read state: 1.9ms
DEBUG 2026-06-08 17:15:37 follower.py:191 follower_left SOFollower read wrist: 0.0ms
DEBUG 2026-06-08 17:15:37 follower.py:184 follower_right SOFollower read state: 1.9ms
DEBUG 2026-06-08 17:15:37 follower.py:191 follower_right SOFollower read wrist: 0.0ms
DEBUG 2026-06-08 17:15:37 t_client.py:198 Observation serialization time: 0.008789s
DEBUG 2026-06-08 17:15:37 ort/utils.py:54 [CLIENT] Observation Buffer size 4.395498275756836 MB with
ERROR 2026-06-08 17:15:37 t_client.py:214 Error sending observation #474: <_InactiveRpcError of RPC that terminated with:
	status = StatusCode.UNAVAILABLE
	details = "failed to connect to all addresses; last error: UNKNOWN: ipv4:10.145.8.86:8080: Failed to connect to remote host: connect: Connection refused (111)"
	debug_error_string = "UNKNOWN:Error received from peer  {grpc_message:"failed to connect to all addresses; last error: UNKNOWN: ipv4:10.145.8.86:8080: Failed to connect to remote host: connect: Connection refused (111)", grpc_status:14}"
>
DEBUG 2026-06-08 17:15:37 t_client.py:434 QUEUE SIZE: 0 (Must go: False)
DEBUG 2026-06-08 17:15:37 t_client.py:477 Control loop (ms): 55.07
DEBUG 2026-06-08 17:15:37 follower.py:184 follower_left SOFollower read state: 2.2ms
DEBUG 2026-06-08 17:15:37 follower.py:191 follower_left SOFollower read wrist: 0.1ms
DEBUG 2026-06-08 17:15:37 follower.py:184 follower_right SOFollower read state: 2.0ms
DEBUG 2026-06-08 17:15:37 follower.py:191 follower_right SOFollower read wrist: 0.0ms
DEBUG 2026-06-08 17:15:37 t_client.py:198 Observation serialization time: 0.009631s
DEBUG 2026-06-08 17:15:37 ort/utils.py:54 [CLIENT] Observation Buffer size 4.395498275756836 MB with
ERROR 2026-06-08 17:15:37 t_client.py:214 Error sending observation #474: <_InactiveRpcError of RPC that terminated with:
	status = StatusCode.UNAVAILABLE
	details = "failed to connect to all addresses; last error: UNKNOWN: ipv4:10.145.8.86:8080: Failed to connect to remote host: connect: Connection refused (111)"
	debug_error_string = "UNKNOWN:Error received from peer  {grpc_status:14, grpc_message:"failed to connect to all addresses; last error: UNKNOWN: ipv4:10.145.8.86:8080: Failed to connect to remote host: connect: Connection refused (111)"}"
>
DEBUG 2026-06-08 17:15:37 t_client.py:434 QUEUE SIZE: 0 (Must go: False)
DEBUG 2026-06-08 17:15:37 t_client.py:477 Control loop (ms): 49.90
DEBUG 2026-06-08 17:15:37 follower.py:184 follower_left SOFollower read state: 1.8ms
DEBUG 2026-06-08 17:15:37 follower.py:191 follower_left SOFollower read wrist: 0.0ms
DEBUG 2026-06-08 17:15:37 follower.py:184 follower_right SOFollower read state: 2.1ms
DEBUG 2026-06-08 17:15:37 follower.py:191 follower_right SOFollower read wrist: 0.0ms
DEBUG 2026-06-08 17:15:37 t_client.py:198 Observation serialization time: 0.007545s
DEBUG 2026-06-08 17:15:37 ort/utils.py:54 [CLIENT] Observation Buffer size 4.395498275756836 MB with
ERROR 2026-06-08 17:15:37 t_client.py:359 Error receiving actions: <_InactiveRpcError of RPC that terminated with:
	status = StatusCode.UNAVAILABLE
	details = "failed to connect to all addresses; last error: UNKNOWN: ipv4:10.145.8.86:8080: Failed to connect to remote host: connect: Connection refused (111)"
	debug_error_string = "UNKNOWN:Error received from peer  {grpc_status:14, grpc_message:"failed to connect to all addresses; last error: UNKNOWN: ipv4:10.145.8.86:8080: Failed to connect to remote host: connect: Connection refused (111)"}"
>
ERROR 2026-06-08 17:15:37 t_client.py:214 Error sending observation #474: <_InactiveRpcError of RPC that terminated with:
	status = StatusCode.UNAVAILABLE
	details = "failed to connect to all addresses; last error: UNKNOWN: ipv4:10.145.8.86:8080: Failed to connect to remote host: connect: Connection refused (111)"
	debug_error_string = "UNKNOWN:Error received from peer  {grpc_status:14, grpc_message:"failed to connect to all addresses; last error: UNKNOWN: ipv4:10.145.8.86:8080: Failed to connect to remote host: connect: Connection refused (111)"}"
>
DEBUG 2026-06-08 17:15:37 t_client.py:434 QUEUE SIZE: 0 (Must go: False)
DEBUG 2026-06-08 17:15:37 t_client.py:477 Control loop (ms): 46.24
DEBUG 2026-06-08 17:15:37 follower.py:184 follower_left SOFollower read state: 1.9ms
DEBUG 2026-06-08 17:15:37 follower.py:191 follower_left SOFollower read wrist: 0.0ms
DEBUG 2026-06-08 17:15:37 follower.py:184 follower_right SOFollower read state: 1.7ms
DEBUG 2026-06-08 17:15:37 follower.py:191 follower_right SOFollower read wrist: 0.0ms
DEBUG 2026-06-08 17:15:37 t_client.py:198 Observation serialization time: 0.008775s
DEBUG 2026-06-08 17:15:37 ort/utils.py:54 [CLIENT] Observation Buffer size 4.395498275756836 MB with
ERROR 2026-06-08 17:15:37 t_client.py:214 Error sending observation #474: <_InactiveRpcError of RPC that terminated with:
	status = StatusCode.UNAVAILABLE
	details = "failed to connect to all addresses; last error: UNKNOWN: ipv4:10.145.8.86:8080: Failed to connect to remote host: connect: Connection refused (111)"
	debug_error_string = "UNKNOWN:Error received from peer  {grpc_message:"failed to connect to all addresses; last error: UNKNOWN: ipv4:10.145.8.86:8080: Failed to connect to remote host: connect: Connection refused (111)", grpc_status:14}"
>
DEBUG 2026-06-08 17:15:37 t_client.py:434 QUEUE SIZE: 0 (Must go: False)
DEBUG 2026-06-08 17:15:37 t_client.py:477 Control loop (ms): 51.87
DEBUG 2026-06-08 17:15:37 follower.py:184 follower_left SOFollower read state: 2.0ms
DEBUG 2026-06-08 17:15:37 follower.py:191 follower_left SOFollower read wrist: 0.0ms
DEBUG 2026-06-08 17:15:37 follower.py:184 follower_right SOFollower read state: 1.8ms
DEBUG 2026-06-08 17:15:37 follower.py:191 follower_right SOFollower read wrist: 0.0ms
DEBUG 2026-06-08 17:15:37 t_client.py:198 Observation serialization time: 0.008174s
DEBUG 2026-06-08 17:15:37 ort/utils.py:54 [CLIENT] Observation Buffer size 4.395498275756836 MB with
ERROR 2026-06-08 17:15:37 t_client.py:214 Error sending observation #474: <_InactiveRpcError of RPC that terminated with:
	status = StatusCode.UNAVAILABLE
	details = "failed to connect to all addresses; last error: UNKNOWN: ipv4:10.145.8.86:8080: Failed to connect to remote host: connect: Connection refused (111)"
	debug_error_string = "UNKNOWN:Error received from peer  {grpc_message:"failed to connect to all addresses; last error: UNKNOWN: ipv4:10.145.8.86:8080: Failed to connect to remote host: connect: Connection refused (111)", grpc_status:14}"
>
DEBUG 2026-06-08 17:15:37 t_client.py:434 QUEUE SIZE: 0 (Must go: False)
DEBUG 2026-06-08 17:15:37 t_client.py:477 Control loop (ms): 49.11
DEBUG 2026-06-08 17:15:37 follower.py:184 follower_left SOFollower read state: 2.0ms
DEBUG 2026-06-08 17:15:37 follower.py:191 follower_left SOFollower read wrist: 0.0ms
DEBUG 2026-06-08 17:15:37 follower.py:184 follower_right SOFollower read state: 2.2ms
DEBUG 2026-06-08 17:15:37 follower.py:191 follower_right SOFollower read wrist: 0.0ms
DEBUG 2026-06-08 17:15:37 t_client.py:198 Observation serialization time: 0.008431s
DEBUG 2026-06-08 17:15:37 ort/utils.py:54 [CLIENT] Observation Buffer size 4.395498275756836 MB with
ERROR 2026-06-08 17:15:37 t_client.py:214 Error sending observation #474: <_InactiveRpcError of RPC that terminated with:
	status = StatusCode.UNAVAILABLE
	details = "failed to connect to all addresses; last error: UNKNOWN: ipv4:10.145.8.86:8080: Failed to connect to remote host: connect: Connection refused (111)"
	debug_error_string = "UNKNOWN:Error received from peer  {grpc_message:"failed to connect to all addresses; last error: UNKNOWN: ipv4:10.145.8.86:8080: Failed to connect to remote host: connect: Connection refused (111)", grpc_status:14}"
>
DEBUG 2026-06-08 17:15:37 t_client.py:434 QUEUE SIZE: 0 (Must go: False)
DEBUG 2026-06-08 17:15:37 t_client.py:477 Control loop (ms): 57.18
DEBUG 2026-06-08 17:15:37 follower.py:184 follower_left SOFollower read state: 2.4ms
DEBUG 2026-06-08 17:15:37 follower.py:191 follower_left SOFollower read wrist: 0.0ms
DEBUG 2026-06-08 17:15:37 follower.py:184 follower_right SOFollower read state: 2.0ms
DEBUG 2026-06-08 17:15:37 follower.py:191 follower_right SOFollower read wrist: 0.0ms
DEBUG 2026-06-08 17:15:37 t_client.py:198 Observation serialization time: 0.011678s
DEBUG 2026-06-08 17:15:37 ort/utils.py:54 [CLIENT] Observation Buffer size 4.395498275756836 MB with
ERROR 2026-06-08 17:15:37 t_client.py:214 Error sending observation #474: <_InactiveRpcError of RPC that terminated with:
	status = StatusCode.UNAVAILABLE
	details = "failed to connect to all addresses; last error: UNKNOWN: ipv4:10.145.8.86:8080: Failed to connect to remote host: connect: Connection refused (111)"
	debug_error_string = "UNKNOWN:Error received from peer  {grpc_message:"failed to connect to all addresses; last error: UNKNOWN: ipv4:10.145.8.86:8080: Failed to connect to remote host: connect: Connection refused (111)", grpc_status:14}"
>
DEBUG 2026-06-08 17:15:37 t_client.py:434 QUEUE SIZE: 0 (Must go: False)
DEBUG 2026-06-08 17:15:37 t_client.py:477 Control loop (ms): 59.55
DEBUG 2026-06-08 17:15:37 follower.py:184 follower_left SOFollower read state: 1.9ms
DEBUG 2026-06-08 17:15:37 follower.py:191 follower_left SOFollower read wrist: 0.0ms
DEBUG 2026-06-08 17:15:37 follower.py:184 follower_right SOFollower read state: 1.7ms
DEBUG 2026-06-08 17:15:37 follower.py:191 follower_right SOFollower read wrist: 0.0ms
DEBUG 2026-06-08 17:15:37 t_client.py:198 Observation serialization time: 0.007849s
DEBUG 2026-06-08 17:15:37 ort/utils.py:54 [CLIENT] Observation Buffer size 4.395498275756836 MB with
ERROR 2026-06-08 17:15:38 t_client.py:214 Error sending observation #474: <_InactiveRpcError of RPC that terminated with:
	status = StatusCode.UNAVAILABLE
	details = "failed to connect to all addresses; last error: UNKNOWN: ipv4:10.145.8.86:8080: Failed to connect to remote host: connect: Connection refused (111)"
	debug_error_string = "UNKNOWN:Error received from peer  {grpc_message:"failed to connect to all addresses; last error: UNKNOWN: ipv4:10.145.8.86:8080: Failed to connect to remote host: connect: Connection refused (111)", grpc_status:14}"
>
DEBUG 2026-06-08 17:15:38 t_client.py:434 QUEUE SIZE: 0 (Must go: False)
DEBUG 2026-06-08 17:15:38 t_client.py:477 Control loop (ms): 44.99
DEBUG 2026-06-08 17:15:38 follower.py:184 follower_left SOFollower read state: 2.0ms
DEBUG 2026-06-08 17:15:38 follower.py:191 follower_left SOFollower read wrist: 0.0ms
DEBUG 2026-06-08 17:15:38 follower.py:184 follower_right SOFollower read state: 1.6ms
DEBUG 2026-06-08 17:15:38 follower.py:191 follower_right SOFollower read wrist: 0.0ms
DEBUG 2026-06-08 17:15:38 t_client.py:198 Observation serialization time: 0.007406s
DEBUG 2026-06-08 17:15:38 ort/utils.py:54 [CLIENT] Observation Buffer size 4.395498275756836 MB with
ERROR 2026-06-08 17:15:38 t_client.py:214 Error sending observation #474: <_InactiveRpcError of RPC that terminated with:
	status = StatusCode.UNAVAILABLE
	details = "failed to connect to all addresses; last error: UNKNOWN: ipv4:10.145.8.86:8080: Failed to connect to remote host: connect: Connection refused (111)"
	debug_error_string = "UNKNOWN:Error received from peer  {grpc_message:"failed to connect to all addresses; last error: UNKNOWN: ipv4:10.145.8.86:8080: Failed to connect to remote host: connect: Connection refused (111)", grpc_status:14}"
>
DEBUG 2026-06-08 17:15:38 t_client.py:434 QUEUE SIZE: 0 (Must go: False)
DEBUG 2026-06-08 17:15:38 t_client.py:477 Control loop (ms): 46.61
DEBUG 2026-06-08 17:15:38 follower.py:184 follower_left SOFollower read state: 2.6ms
DEBUG 2026-06-08 17:15:38 follower.py:191 follower_left SOFollower read wrist: 0.0ms
DEBUG 2026-06-08 17:15:38 follower.py:184 follower_right SOFollower read state: 1.8ms
DEBUG 2026-06-08 17:15:38 follower.py:191 follower_right SOFollower read wrist: 0.0ms
DEBUG 2026-06-08 17:15:38 t_client.py:198 Observation serialization time: 0.007998s
DEBUG 2026-06-08 17:15:38 ort/utils.py:54 [CLIENT] Observation Buffer size 4.395498275756836 MB with
ERROR 2026-06-08 17:15:38 t_client.py:214 Error sending observation #474: <_InactiveRpcError of RPC that terminated with:
	status = StatusCode.UNAVAILABLE
	details = "failed to connect to all addresses; last error: UNKNOWN: ipv4:10.145.8.86:8080: Failed to connect to remote host: connect: Connection refused (111)"
	debug_error_string = "UNKNOWN:Error received from peer  {grpc_status:14, grpc_message:"failed to connect to all addresses; last error: UNKNOWN: ipv4:10.145.8.86:8080: Failed to connect to remote host: connect: Connection refused (111)"}"
>
DEBUG 2026-06-08 17:15:38 t_client.py:434 QUEUE SIZE: 0 (Must go: False)
DEBUG 2026-06-08 17:15:38 t_client.py:477 Control loop (ms): 44.45
DEBUG 2026-06-08 17:15:38 follower.py:184 follower_left SOFollower read state: 1.7ms
DEBUG 2026-06-08 17:15:38 follower.py:191 follower_left SOFollower read wrist: 0.0ms
DEBUG 2026-06-08 17:15:38 follower.py:184 follower_right SOFollower read state: 1.7ms
DEBUG 2026-06-08 17:15:38 follower.py:191 follower_right SOFollower read wrist: 0.0ms
DEBUG 2026-06-08 17:15:38 t_client.py:198 Observation serialization time: 0.009208s
DEBUG 2026-06-08 17:15:38 ort/utils.py:54 [CLIENT] Observation Buffer size 4.395498275756836 MB with
ERROR 2026-06-08 17:15:38 t_client.py:214 Error sending observation #474: <_InactiveRpcError of RPC that terminated with:
	status = StatusCode.UNAVAILABLE
	details = "failed to connect to all addresses; last error: UNKNOWN: ipv4:10.145.8.86:8080: Failed to connect to remote host: connect: Connection refused (111)"
	debug_error_string = "UNKNOWN:Error received from peer  {grpc_message:"failed to connect to all addresses; last error: UNKNOWN: ipv4:10.145.8.86:8080: Failed to connect to remote host: connect: Connection refused (111)", grpc_status:14}"
>
DEBUG 2026-06-08 17:15:38 t_client.py:434 QUEUE SIZE: 0 (Must go: False)
DEBUG 2026-06-08 17:15:38 t_client.py:477 Control loop (ms): 50.96
DEBUG 2026-06-08 17:15:38 follower.py:184 follower_left SOFollower read state: 1.8ms
DEBUG 2026-06-08 17:15:38 follower.py:191 follower_left SOFollower read wrist: 0.0ms
DEBUG 2026-06-08 17:15:38 follower.py:184 follower_right SOFollower read state: 1.9ms
DEBUG 2026-06-08 17:15:38 follower.py:191 follower_right SOFollower read wrist: 0.0ms
DEBUG 2026-06-08 17:15:38 t_client.py:198 Observation serialization time: 0.008227s
DEBUG 2026-06-08 17:15:38 ort/utils.py:54 [CLIENT] Observation Buffer size 4.395498275756836 MB with
ERROR 2026-06-08 17:15:38 t_client.py:214 Error sending observation #474: <_InactiveRpcError of RPC that terminated with:
	status = StatusCode.UNAVAILABLE
	details = "failed to connect to all addresses; last error: UNKNOWN: ipv4:10.145.8.86:8080: Failed to connect to remote host: connect: Connection refused (111)"
	debug_error_string = "UNKNOWN:Error received from peer  {grpc_status:14, grpc_message:"failed to connect to all addresses; last error: UNKNOWN: ipv4:10.145.8.86:8080: Failed to connect to remote host: connect: Connection refused (111)"}"
>
DEBUG 2026-06-08 17:15:38 t_client.py:434 QUEUE SIZE: 0 (Must go: False)
DEBUG 2026-06-08 17:15:38 t_client.py:477 Control loop (ms): 45.83
DEBUG 2026-06-08 17:15:38 follower.py:184 follower_left SOFollower read state: 1.8ms
DEBUG 2026-06-08 17:15:38 follower.py:191 follower_left SOFollower read wrist: 0.0ms
DEBUG 2026-06-08 17:15:38 follower.py:184 follower_right SOFollower read state: 1.5ms
DEBUG 2026-06-08 17:15:38 follower.py:191 follower_right SOFollower read wrist: 0.0ms
DEBUG 2026-06-08 17:15:38 t_client.py:198 Observation serialization time: 0.002381s
DEBUG 2026-06-08 17:15:38 ort/utils.py:54 [CLIENT] Observation Buffer size 4.395498275756836 MB with
ERROR 2026-06-08 17:15:38 t_client.py:214 Error sending observation #474: <_InactiveRpcError of RPC that terminated with:
	status = StatusCode.UNAVAILABLE
	details = "failed to connect to all addresses; last error: UNKNOWN: ipv4:10.145.8.86:8080: Failed to connect to remote host: connect: Connection refused (111)"
	debug_error_string = "UNKNOWN:Error received from peer  {grpc_status:14, grpc_message:"failed to connect to all addresses; last error: UNKNOWN: ipv4:10.145.8.86:8080: Failed to connect to remote host: connect: Connection refused (111)"}"
>
DEBUG 2026-06-08 17:15:38 t_client.py:434 QUEUE SIZE: 0 (Must go: False)
DEBUG 2026-06-08 17:15:38 t_client.py:477 Control loop (ms): 46.38
ERROR 2026-06-08 17:15:38 t_client.py:359 Error receiving actions: <_InactiveRpcError of RPC that terminated with:
	status = StatusCode.UNAVAILABLE
	details = "failed to connect to all addresses; last error: UNKNOWN: ipv4:10.145.8.86:8080: Failed to connect to remote host: connect: Connection refused (111)"
	debug_error_string = "UNKNOWN:Error received from peer  {grpc_message:"failed to connect to all addresses; last error: UNKNOWN: ipv4:10.145.8.86:8080: Failed to connect to remote host: connect: Connection refused (111)", grpc_status:14}"
>
DEBUG 2026-06-08 17:15:38 follower.py:184 follower_left SOFollower read state: 2.6ms
DEBUG 2026-06-08 17:15:38 follower.py:191 follower_left SOFollower read wrist: 0.0ms
DEBUG 2026-06-08 17:15:38 follower.py:184 follower_right SOFollower read state: 1.6ms
DEBUG 2026-06-08 17:15:38 follower.py:191 follower_right SOFollower read wrist: 0.0ms
DEBUG 2026-06-08 17:15:38 t_client.py:198 Observation serialization time: 0.009484s
DEBUG 2026-06-08 17:15:38 ort/utils.py:54 [CLIENT] Observation Buffer size 4.395498275756836 MB with
ERROR 2026-06-08 17:15:38 t_client.py:214 Error sending observation #474: <_InactiveRpcError of RPC that terminated with:
	status = StatusCode.UNAVAILABLE
	details = "failed to connect to all addresses; last error: UNKNOWN: ipv4:10.145.8.86:8080: Failed to connect to remote host: connect: Connection refused (111)"
	debug_error_string = "UNKNOWN:Error received from peer  {grpc_status:14, grpc_message:"failed to connect to all addresses; last error: UNKNOWN: ipv4:10.145.8.86:8080: Failed to connect to remote host: connect: Connection refused (111)"}"
>
DEBUG 2026-06-08 17:15:38 t_client.py:434 QUEUE SIZE: 0 (Must go: False)
DEBUG 2026-06-08 17:15:38 t_client.py:477 Control loop (ms): 56.30
DEBUG 2026-06-08 17:15:38 follower.py:184 follower_left SOFollower read state: 1.9ms
DEBUG 2026-06-08 17:15:38 follower.py:191 follower_left SOFollower read wrist: 0.0ms
DEBUG 2026-06-08 17:15:38 follower.py:184 follower_right SOFollower read state: 1.9ms
DEBUG 2026-06-08 17:15:38 follower.py:191 follower_right SOFollower read wrist: 0.0ms
DEBUG 2026-06-08 17:15:38 t_client.py:198 Observation serialization time: 0.010745s
DEBUG 2026-06-08 17:15:38 ort/utils.py:54 [CLIENT] Observation Buffer size 4.395498275756836 MB with
ERROR 2026-06-08 17:15:38 t_client.py:214 Error sending observation #474: <_InactiveRpcError of RPC that terminated with:
	status = StatusCode.UNAVAILABLE
	details = "failed to connect to all addresses; last error: UNKNOWN: ipv4:10.145.8.86:8080: Failed to connect to remote host: connect: Connection refused (111)"
	debug_error_string = "UNKNOWN:Error received from peer  {grpc_status:14, grpc_message:"failed to connect to all addresses; last error: UNKNOWN: ipv4:10.145.8.86:8080: Failed to connect to remote host: connect: Connection refused (111)"}"
>
DEBUG 2026-06-08 17:15:38 t_client.py:434 QUEUE SIZE: 0 (Must go: False)
DEBUG 2026-06-08 17:15:38 t_client.py:477 Control loop (ms): 50.51
DEBUG 2026-06-08 17:15:38 follower.py:184 follower_left SOFollower read state: 2.4ms
DEBUG 2026-06-08 17:15:38 follower.py:191 follower_left SOFollower read wrist: 0.0ms
DEBUG 2026-06-08 17:15:38 follower.py:184 follower_right SOFollower read state: 2.3ms
DEBUG 2026-06-08 17:15:38 follower.py:191 follower_right SOFollower read wrist: 0.0ms
DEBUG 2026-06-08 17:15:38 t_client.py:198 Observation serialization time: 0.009366s
DEBUG 2026-06-08 17:15:38 ort/utils.py:54 [CLIENT] Observation Buffer size 4.395498275756836 MB with
ERROR 2026-06-08 17:15:38 t_client.py:214 Error sending observation #474: <_InactiveRpcError of RPC that terminated with:
	status = StatusCode.UNAVAILABLE
	details = "failed to connect to all addresses; last error: UNKNOWN: ipv4:10.145.8.86:8080: Failed to connect to remote host: connect: Connection refused (111)"
	debug_error_string = "UNKNOWN:Error received from peer  {grpc_message:"failed to connect to all addresses; last error: UNKNOWN: ipv4:10.145.8.86:8080: Failed to connect to remote host: connect: Connection refused (111)", grpc_status:14}"
>
DEBUG 2026-06-08 17:15:38 t_client.py:434 QUEUE SIZE: 0 (Must go: False)
DEBUG 2026-06-08 17:15:38 t_client.py:477 Control loop (ms): 51.24
DEBUG 2026-06-08 17:15:38 follower.py:184 follower_left SOFollower read state: 2.0ms
DEBUG 2026-06-08 17:15:38 follower.py:191 follower_left SOFollower read wrist: 0.0ms
DEBUG 2026-06-08 17:15:38 follower.py:184 follower_right SOFollower read state: 2.1ms
DEBUG 2026-06-08 17:15:38 follower.py:191 follower_right SOFollower read wrist: 0.0ms
DEBUG 2026-06-08 17:15:38 t_client.py:198 Observation serialization time: 0.009264s
DEBUG 2026-06-08 17:15:38 ort/utils.py:54 [CLIENT] Observation Buffer size 4.395498275756836 MB with
ERROR 2026-06-08 17:15:38 t_client.py:214 Error sending observation #474: <_InactiveRpcError of RPC that terminated with:
	status = StatusCode.UNAVAILABLE
	details = "failed to connect to all addresses; last error: UNKNOWN: ipv4:10.145.8.86:8080: Failed to connect to remote host: connect: Connection refused (111)"
	debug_error_string = "UNKNOWN:Error received from peer  {grpc_status:14, grpc_message:"failed to connect to all addresses; last error: UNKNOWN: ipv4:10.145.8.86:8080: Failed to connect to remote host: connect: Connection refused (111)"}"
>
DEBUG 2026-06-08 17:15:38 t_client.py:434 QUEUE SIZE: 0 (Must go: False)
DEBUG 2026-06-08 17:15:38 t_client.py:477 Control loop (ms): 49.96
DEBUG 2026-06-08 17:15:38 follower.py:184 follower_left SOFollower read state: 2.1ms
DEBUG 2026-06-08 17:15:38 follower.py:191 follower_left SOFollower read wrist: 0.0ms
DEBUG 2026-06-08 17:15:38 follower.py:184 follower_right SOFollower read state: 1.8ms
DEBUG 2026-06-08 17:15:38 follower.py:191 follower_right SOFollower read wrist: 0.0ms
DEBUG 2026-06-08 17:15:38 t_client.py:198 Observation serialization time: 0.007643s
DEBUG 2026-06-08 17:15:38 ort/utils.py:54 [CLIENT] Observation Buffer size 4.395498275756836 MB with
ERROR 2026-06-08 17:15:38 t_client.py:214 Error sending observation #474: <_InactiveRpcError of RPC that terminated with:
	status = StatusCode.UNAVAILABLE
	details = "failed to connect to all addresses; last error: UNKNOWN: ipv4:10.145.8.86:8080: Failed to connect to remote host: connect: Connection refused (111)"
	debug_error_string = "UNKNOWN:Error received from peer  {grpc_status:14, grpc_message:"failed to connect to all addresses; last error: UNKNOWN: ipv4:10.145.8.86:8080: Failed to connect to remote host: connect: Connection refused (111)"}"
>
DEBUG 2026-06-08 17:15:38 t_client.py:434 QUEUE SIZE: 0 (Must go: False)
DEBUG 2026-06-08 17:15:38 t_client.py:477 Control loop (ms): 45.86
DEBUG 2026-06-08 17:15:38 follower.py:184 follower_left SOFollower read state: 2.1ms
DEBUG 2026-06-08 17:15:38 follower.py:191 follower_left SOFollower read wrist: 0.0ms
DEBUG 2026-06-08 17:15:38 follower.py:184 follower_right SOFollower read state: 2.1ms
DEBUG 2026-06-08 17:15:38 follower.py:191 follower_right SOFollower read wrist: 0.0ms
DEBUG 2026-06-08 17:15:38 t_client.py:198 Observation serialization time: 0.010420s
DEBUG 2026-06-08 17:15:38 ort/utils.py:54 [CLIENT] Observation Buffer size 4.395498275756836 MB with
ERROR 2026-06-08 17:15:38 t_client.py:214 Error sending observation #474: <_InactiveRpcError of RPC that terminated with:
	status = StatusCode.UNAVAILABLE
	details = "failed to connect to all addresses; last error: UNKNOWN: ipv4:10.145.8.86:8080: Failed to connect to remote host: connect: Connection refused (111)"
	debug_error_string = "UNKNOWN:Error received from peer  {grpc_message:"failed to connect to all addresses; last error: UNKNOWN: ipv4:10.145.8.86:8080: Failed to connect to remote host: connect: Connection refused (111)", grpc_status:14}"
>
DEBUG 2026-06-08 17:15:38 t_client.py:434 QUEUE SIZE: 0 (Must go: False)
DEBUG 2026-06-08 17:15:38 t_client.py:477 Control loop (ms): 52.63
DEBUG 2026-06-08 17:15:38 follower.py:184 follower_left SOFollower read state: 2.1ms
DEBUG 2026-06-08 17:15:38 follower.py:191 follower_left SOFollower read wrist: 0.0ms
DEBUG 2026-06-08 17:15:38 follower.py:184 follower_right SOFollower read state: 1.9ms
DEBUG 2026-06-08 17:15:38 follower.py:191 follower_right SOFollower read wrist: 0.0ms
DEBUG 2026-06-08 17:15:38 t_client.py:198 Observation serialization time: 0.008162s
DEBUG 2026-06-08 17:15:38 ort/utils.py:54 [CLIENT] Observation Buffer size 4.395498275756836 MB with
ERROR 2026-06-08 17:15:38 t_client.py:214 Error sending observation #474: <_InactiveRpcError of RPC that terminated with:
	status = StatusCode.UNAVAILABLE
	details = "failed to connect to all addresses; last error: UNKNOWN: ipv4:10.145.8.86:8080: Failed to connect to remote host: connect: Connection refused (111)"
	debug_error_string = "UNKNOWN:Error received from peer  {grpc_message:"failed to connect to all addresses; last error: UNKNOWN: ipv4:10.145.8.86:8080: Failed to connect to remote host: connect: Connection refused (111)", grpc_status:14}"
>
DEBUG 2026-06-08 17:15:38 t_client.py:434 QUEUE SIZE: 0 (Must go: False)
DEBUG 2026-06-08 17:15:38 t_client.py:477 Control loop (ms): 47.48
DEBUG 2026-06-08 17:15:38 follower.py:184 follower_left SOFollower read state: 2.1ms
DEBUG 2026-06-08 17:15:38 follower.py:191 follower_left SOFollower read wrist: 0.0ms
DEBUG 2026-06-08 17:15:38 follower.py:184 follower_right SOFollower read state: 1.8ms
DEBUG 2026-06-08 17:15:38 follower.py:191 follower_right SOFollower read wrist: 0.0ms
DEBUG 2026-06-08 17:15:38 t_client.py:198 Observation serialization time: 0.010456s
DEBUG 2026-06-08 17:15:38 ort/utils.py:54 [CLIENT] Observation Buffer size 4.395498275756836 MB with
ERROR 2026-06-08 17:15:38 t_client.py:214 Error sending observation #474: <_InactiveRpcError of RPC that terminated with:
	status = StatusCode.UNAVAILABLE
	details = "failed to connect to all addresses; last error: UNKNOWN: ipv4:10.145.8.86:8080: Failed to connect to remote host: connect: Connection refused (111)"
	debug_error_string = "UNKNOWN:Error received from peer  {grpc_status:14, grpc_message:"failed to connect to all addresses; last error: UNKNOWN: ipv4:10.145.8.86:8080: Failed to connect to remote host: connect: Connection refused (111)"}"
>
DEBUG 2026-06-08 17:15:38 t_client.py:434 QUEUE SIZE: 0 (Must go: False)
DEBUG 2026-06-08 17:15:38 t_client.py:477 Control loop (ms): 46.94
DEBUG 2026-06-08 17:15:38 follower.py:184 follower_left SOFollower read state: 1.9ms
DEBUG 2026-06-08 17:15:38 follower.py:191 follower_left SOFollower read wrist: 0.0ms
DEBUG 2026-06-08 17:15:38 follower.py:184 follower_right SOFollower read state: 1.5ms
DEBUG 2026-06-08 17:15:38 follower.py:191 follower_right SOFollower read wrist: 0.0ms
DEBUG 2026-06-08 17:15:38 t_client.py:198 Observation serialization time: 0.008457s
DEBUG 2026-06-08 17:15:38 ort/utils.py:54 [CLIENT] Observation Buffer size 4.395498275756836 MB with
ERROR 2026-06-08 17:15:38 t_client.py:214 Error sending observation #474: <_InactiveRpcError of RPC that terminated with:
	status = StatusCode.UNAVAILABLE
	details = "failed to connect to all addresses; last error: UNKNOWN: ipv4:10.145.8.86:8080: Failed to connect to remote host: connect: Connection refused (111)"
	debug_error_string = "UNKNOWN:Error received from peer  {grpc_status:14, grpc_message:"failed to connect to all addresses; last error: UNKNOWN: ipv4:10.145.8.86:8080: Failed to connect to remote host: connect: Connection refused (111)"}"
>
DEBUG 2026-06-08 17:15:38 t_client.py:434 QUEUE SIZE: 0 (Must go: False)
DEBUG 2026-06-08 17:15:38 t_client.py:477 Control loop (ms): 46.88
DEBUG 2026-06-08 17:15:38 follower.py:184 follower_left SOFollower read state: 1.9ms
DEBUG 2026-06-08 17:15:38 follower.py:191 follower_left SOFollower read wrist: 0.0ms
DEBUG 2026-06-08 17:15:38 follower.py:184 follower_right SOFollower read state: 1.8ms
DEBUG 2026-06-08 17:15:38 follower.py:191 follower_right SOFollower read wrist: 0.0ms
ERROR 2026-06-08 17:15:38 t_client.py:359 Error receiving actions: <_InactiveRpcError of RPC that terminated with:
	status = StatusCode.UNAVAILABLE
	details = "failed to connect to all addresses; last error: UNKNOWN: ipv4:10.145.8.86:8080: Failed to connect to remote host: connect: Connection refused (111)"
	debug_error_string = "UNKNOWN:Error received from peer  {grpc_status:14, grpc_message:"failed to connect to all addresses; last error: UNKNOWN: ipv4:10.145.8.86:8080: Failed to connect to remote host: connect: Connection refused (111)"}"
>
DEBUG 2026-06-08 17:15:38 t_client.py:198 Observation serialization time: 0.009075s
DEBUG 2026-06-08 17:15:38 ort/utils.py:54 [CLIENT] Observation Buffer size 4.395498275756836 MB with
ERROR 2026-06-08 17:15:38 t_client.py:214 Error sending observation #474: <_InactiveRpcError of RPC that terminated with:
	status = StatusCode.UNAVAILABLE
	details = "failed to connect to all addresses; last error: UNKNOWN: ipv4:10.145.8.86:8080: Failed to connect to remote host: connect: Connection refused (111)"
	debug_error_string = "UNKNOWN:Error received from peer  {grpc_message:"failed to connect to all addresses; last error: UNKNOWN: ipv4:10.145.8.86:8080: Failed to connect to remote host: connect: Connection refused (111)", grpc_status:14}"
>
DEBUG 2026-06-08 17:15:38 t_client.py:434 QUEUE SIZE: 0 (Must go: False)
DEBUG 2026-06-08 17:15:38 t_client.py:477 Control loop (ms): 58.91
DEBUG 2026-06-08 17:15:38 follower.py:184 follower_left SOFollower read state: 2.1ms
DEBUG 2026-06-08 17:15:38 follower.py:191 follower_left SOFollower read wrist: 0.0ms
DEBUG 2026-06-08 17:15:38 follower.py:184 follower_right SOFollower read state: 2.0ms
DEBUG 2026-06-08 17:15:38 follower.py:191 follower_right SOFollower read wrist: 0.0ms
DEBUG 2026-06-08 17:15:38 t_client.py:198 Observation serialization time: 0.011979s
DEBUG 2026-06-08 17:15:38 ort/utils.py:54 [CLIENT] Observation Buffer size 4.395498275756836 MB with
ERROR 2026-06-08 17:15:38 t_client.py:214 Error sending observation #474: <_InactiveRpcError of RPC that terminated with:
	status = StatusCode.UNAVAILABLE
	details = "failed to connect to all addresses; last error: UNKNOWN: ipv4:10.145.8.86:8080: Failed to connect to remote host: connect: Connection refused (111)"
	debug_error_string = "UNKNOWN:Error received from peer  {grpc_status:14, grpc_message:"failed to connect to all addresses; last error: UNKNOWN: ipv4:10.145.8.86:8080: Failed to connect to remote host: connect: Connection refused (111)"}"
>
DEBUG 2026-06-08 17:15:38 t_client.py:434 QUEUE SIZE: 0 (Must go: False)
DEBUG 2026-06-08 17:15:38 t_client.py:477 Control loop (ms): 49.82
DEBUG 2026-06-08 17:15:38 follower.py:184 follower_left SOFollower read state: 1.6ms
DEBUG 2026-06-08 17:15:38 follower.py:191 follower_left SOFollower read wrist: 0.0ms
DEBUG 2026-06-08 17:15:38 follower.py:184 follower_right SOFollower read state: 1.4ms
DEBUG 2026-06-08 17:15:38 follower.py:191 follower_right SOFollower read wrist: 0.0ms
DEBUG 2026-06-08 17:15:38 t_client.py:198 Observation serialization time: 0.006350s
DEBUG 2026-06-08 17:15:38 ort/utils.py:54 [CLIENT] Observation Buffer size 4.395498275756836 MB with
ERROR 2026-06-08 17:15:38 t_client.py:214 Error sending observation #474: <_InactiveRpcError of RPC that terminated with:
	status = StatusCode.UNAVAILABLE
	details = "failed to connect to all addresses; last error: UNKNOWN: ipv4:10.145.8.86:8080: Failed to connect to remote host: connect: Connection refused (111)"
	debug_error_string = "UNKNOWN:Error received from peer  {grpc_message:"failed to connect to all addresses; last error: UNKNOWN: ipv4:10.145.8.86:8080: Failed to connect to remote host: connect: Connection refused (111)", grpc_status:14}"
>
DEBUG 2026-06-08 17:15:38 t_client.py:434 QUEUE SIZE: 0 (Must go: False)
DEBUG 2026-06-08 17:15:38 t_client.py:477 Control loop (ms): 52.81
DEBUG 2026-06-08 17:15:38 follower.py:184 follower_left SOFollower read state: 1.7ms
DEBUG 2026-06-08 17:15:38 follower.py:191 follower_left SOFollower read wrist: 0.0ms
DEBUG 2026-06-08 17:15:38 follower.py:184 follower_right SOFollower read state: 1.7ms
DEBUG 2026-06-08 17:15:38 follower.py:191 follower_right SOFollower read wrist: 0.0ms
DEBUG 2026-06-08 17:15:38 t_client.py:198 Observation serialization time: 0.009485s
DEBUG 2026-06-08 17:15:38 ort/utils.py:54 [CLIENT] Observation Buffer size 4.395498275756836 MB with
ERROR 2026-06-08 17:15:38 t_client.py:214 Error sending observation #474: <_InactiveRpcError of RPC that terminated with:
	status = StatusCode.UNAVAILABLE
	details = "failed to connect to all addresses; last error: UNKNOWN: ipv4:10.145.8.86:8080: Failed to connect to remote host: connect: Connection refused (111)"
	debug_error_string = "UNKNOWN:Error received from peer  {grpc_status:14, grpc_message:"failed to connect to all addresses; last error: UNKNOWN: ipv4:10.145.8.86:8080: Failed to connect to remote host: connect: Connection refused (111)"}"
>
DEBUG 2026-06-08 17:15:38 t_client.py:434 QUEUE SIZE: 0 (Must go: False)
DEBUG 2026-06-08 17:15:38 t_client.py:477 Control loop (ms): 45.91
DEBUG 2026-06-08 17:15:38 follower.py:184 follower_left SOFollower read state: 2.4ms
DEBUG 2026-06-08 17:15:38 follower.py:191 follower_left SOFollower read wrist: 0.0ms
DEBUG 2026-06-08 17:15:38 follower.py:184 follower_right SOFollower read state: 2.4ms
DEBUG 2026-06-08 17:15:38 follower.py:191 follower_right SOFollower read wrist: 0.1ms
DEBUG 2026-06-08 17:15:38 t_client.py:198 Observation serialization time: 0.011693s
DEBUG 2026-06-08 17:15:38 ort/utils.py:54 [CLIENT] Observation Buffer size 4.395498275756836 MB with
ERROR 2026-06-08 17:15:38 t_client.py:214 Error sending observation #474: <_InactiveRpcError of RPC that terminated with:
	status = StatusCode.UNAVAILABLE
	details = "failed to connect to all addresses; last error: UNKNOWN: ipv4:10.145.8.86:8080: Failed to connect to remote host: connect: Connection refused (111)"
	debug_error_string = "UNKNOWN:Error received from peer  {grpc_status:14, grpc_message:"failed to connect to all addresses; last error: UNKNOWN: ipv4:10.145.8.86:8080: Failed to connect to remote host: connect: Connection refused (111)"}"
>
DEBUG 2026-06-08 17:15:38 t_client.py:434 QUEUE SIZE: 0 (Must go: False)
DEBUG 2026-06-08 17:15:38 t_client.py:477 Control loop (ms): 56.14
DEBUG 2026-06-08 17:15:38 follower.py:184 follower_left SOFollower read state: 2.3ms
DEBUG 2026-06-08 17:15:38 follower.py:191 follower_left SOFollower read wrist: 0.0ms
DEBUG 2026-06-08 17:15:38 follower.py:184 follower_right SOFollower read state: 2.2ms
DEBUG 2026-06-08 17:15:38 follower.py:191 follower_right SOFollower read wrist: 0.0ms
DEBUG 2026-06-08 17:15:38 t_client.py:198 Observation serialization time: 0.009775s
DEBUG 2026-06-08 17:15:38 ort/utils.py:54 [CLIENT] Observation Buffer size 4.395498275756836 MB with
ERROR 2026-06-08 17:15:39 t_client.py:214 Error sending observation #474: <_InactiveRpcError of RPC that terminated with:
	status = StatusCode.UNAVAILABLE
	details = "failed to connect to all addresses; last error: UNKNOWN: ipv4:10.145.8.86:8080: Failed to connect to remote host: connect: Connection refused (111)"
	debug_error_string = "UNKNOWN:Error received from peer  {grpc_message:"failed to connect to all addresses; last error: UNKNOWN: ipv4:10.145.8.86:8080: Failed to connect to remote host: connect: Connection refused (111)", grpc_status:14}"
>
DEBUG 2026-06-08 17:15:39 t_client.py:434 QUEUE SIZE: 0 (Must go: False)
DEBUG 2026-06-08 17:15:39 t_client.py:477 Control loop (ms): 52.92
DEBUG 2026-06-08 17:15:39 follower.py:184 follower_left SOFollower read state: 1.9ms
DEBUG 2026-06-08 17:15:39 follower.py:191 follower_left SOFollower read wrist: 0.0ms
DEBUG 2026-06-08 17:15:39 follower.py:184 follower_right SOFollower read state: 1.6ms
DEBUG 2026-06-08 17:15:39 follower.py:191 follower_right SOFollower read wrist: 0.0ms
DEBUG 2026-06-08 17:15:39 t_client.py:198 Observation serialization time: 0.003933s
DEBUG 2026-06-08 17:15:39 ort/utils.py:54 [CLIENT] Observation Buffer size 4.395498275756836 MB with
ERROR 2026-06-08 17:15:39 t_client.py:214 Error sending observation #474: <_InactiveRpcError of RPC that terminated with:
	status = StatusCode.UNAVAILABLE
	details = "failed to connect to all addresses; last error: UNKNOWN: ipv4:10.145.8.86:8080: Failed to connect to remote host: connect: Connection refused (111)"
	debug_error_string = "UNKNOWN:Error received from peer  {grpc_status:14, grpc_message:"failed to connect to all addresses; last error: UNKNOWN: ipv4:10.145.8.86:8080: Failed to connect to remote host: connect: Connection refused (111)"}"
>
DEBUG 2026-06-08 17:15:39 t_client.py:434 QUEUE SIZE: 0 (Must go: False)
DEBUG 2026-06-08 17:15:39 t_client.py:477 Control loop (ms): 43.15
DEBUG 2026-06-08 17:15:39 follower.py:184 follower_left SOFollower read state: 2.1ms
DEBUG 2026-06-08 17:15:39 follower.py:191 follower_left SOFollower read wrist: 0.0ms
DEBUG 2026-06-08 17:15:39 follower.py:184 follower_right SOFollower read state: 1.8ms
DEBUG 2026-06-08 17:15:39 follower.py:191 follower_right SOFollower read wrist: 0.0ms
DEBUG 2026-06-08 17:15:39 t_client.py:198 Observation serialization time: 0.005772s
DEBUG 2026-06-08 17:15:39 ort/utils.py:54 [CLIENT] Observation Buffer size 4.395498275756836 MB with
ERROR 2026-06-08 17:15:39 t_client.py:214 Error sending observation #474: <_InactiveRpcError of RPC that terminated with:
	status = StatusCode.UNAVAILABLE
	details = "failed to connect to all addresses; last error: UNKNOWN: ipv4:10.145.8.86:8080: Failed to connect to remote host: connect: Connection refused (111)"
	debug_error_string = "UNKNOWN:Error received from peer  {grpc_status:14, grpc_message:"failed to connect to all addresses; last error: UNKNOWN: ipv4:10.145.8.86:8080: Failed to connect to remote host: connect: Connection refused (111)"}"
>
DEBUG 2026-06-08 17:15:39 t_client.py:434 QUEUE SIZE: 0 (Must go: False)
DEBUG 2026-06-08 17:15:39 t_client.py:477 Control loop (ms): 51.88
DEBUG 2026-06-08 17:15:39 follower.py:184 follower_left SOFollower read state: 2.0ms
DEBUG 2026-06-08 17:15:39 follower.py:191 follower_left SOFollower read wrist: 0.0ms
DEBUG 2026-06-08 17:15:39 follower.py:184 follower_right SOFollower read state: 2.1ms
DEBUG 2026-06-08 17:15:39 follower.py:191 follower_right SOFollower read wrist: 0.0ms
DEBUG 2026-06-08 17:15:39 t_client.py:198 Observation serialization time: 0.009213s
DEBUG 2026-06-08 17:15:39 ort/utils.py:54 [CLIENT] Observation Buffer size 4.395498275756836 MB with
ERROR 2026-06-08 17:15:39 t_client.py:214 Error sending observation #474: <_InactiveRpcError of RPC that terminated with:
	status = StatusCode.UNAVAILABLE
	details = "failed to connect to all addresses; last error: UNKNOWN: ipv4:10.145.8.86:8080: Failed to connect to remote host: connect: Connection refused (111)"
	debug_error_string = "UNKNOWN:Error received from peer  {grpc_message:"failed to connect to all addresses; last error: UNKNOWN: ipv4:10.145.8.86:8080: Failed to connect to remote host: connect: Connection refused (111)", grpc_status:14}"
>
DEBUG 2026-06-08 17:15:39 t_client.py:434 QUEUE SIZE: 0 (Must go: False)
DEBUG 2026-06-08 17:15:39 t_client.py:477 Control loop (ms): 55.95
DEBUG 2026-06-08 17:15:39 follower.py:184 follower_left SOFollower read state: 2.2ms
DEBUG 2026-06-08 17:15:39 follower.py:191 follower_left SOFollower read wrist: 0.0ms
DEBUG 2026-06-08 17:15:39 follower.py:184 follower_right SOFollower read state: 2.0ms
DEBUG 2026-06-08 17:15:39 follower.py:191 follower_right SOFollower read wrist: 0.0ms
DEBUG 2026-06-08 17:15:39 t_client.py:198 Observation serialization time: 0.009728s
DEBUG 2026-06-08 17:15:39 ort/utils.py:54 [CLIENT] Observation Buffer size 4.395498275756836 MB with
ERROR 2026-06-08 17:15:39 t_client.py:214 Error sending observation #474: <_InactiveRpcError of RPC that terminated with:
	status = StatusCode.UNAVAILABLE
	details = "failed to connect to all addresses; last error: UNKNOWN: ipv4:10.145.8.86:8080: Failed to connect to remote host: connect: Connection refused (111)"
	debug_error_string = "UNKNOWN:Error received from peer  {grpc_message:"failed to connect to all addresses; last error: UNKNOWN: ipv4:10.145.8.86:8080: Failed to connect to remote host: connect: Connection refused (111)", grpc_status:14}"
>
DEBUG 2026-06-08 17:15:39 t_client.py:434 QUEUE SIZE: 0 (Must go: False)
DEBUG 2026-06-08 17:15:39 t_client.py:477 Control loop (ms): 49.16
DEBUG 2026-06-08 17:15:39 follower.py:184 follower_left SOFollower read state: 2.0ms
DEBUG 2026-06-08 17:15:39 follower.py:191 follower_left SOFollower read wrist: 0.0ms
DEBUG 2026-06-08 17:15:39 follower.py:184 follower_right SOFollower read state: 1.8ms
DEBUG 2026-06-08 17:15:39 follower.py:191 follower_right SOFollower read wrist: 0.0ms
DEBUG 2026-06-08 17:15:39 t_client.py:198 Observation serialization time: 0.007885s
DEBUG 2026-06-08 17:15:39 ort/utils.py:54 [CLIENT] Observation Buffer size 4.395498275756836 MB with
ERROR 2026-06-08 17:15:39 t_client.py:214 Error sending observation #474: <_InactiveRpcError of RPC that terminated with:
	status = StatusCode.UNAVAILABLE
	details = "failed to connect to all addresses; last error: UNKNOWN: ipv4:10.145.8.86:8080: Failed to connect to remote host: connect: Connection refused (111)"
	debug_error_string = "UNKNOWN:Error received from peer  {grpc_status:14, grpc_message:"failed to connect to all addresses; last error: UNKNOWN: ipv4:10.145.8.86:8080: Failed to connect to remote host: connect: Connection refused (111)"}"
>
DEBUG 2026-06-08 17:15:39 t_client.py:434 QUEUE SIZE: 0 (Must go: False)
DEBUG 2026-06-08 17:15:39 t_client.py:477 Control loop (ms): 47.04
DEBUG 2026-06-08 17:15:39 follower.py:184 follower_left SOFollower read state: 2.0ms
DEBUG 2026-06-08 17:15:39 follower.py:191 follower_left SOFollower read wrist: 0.0ms
ERROR 2026-06-08 17:15:39 t_client.py:359 Error receiving actions: <_InactiveRpcError of RPC that terminated with:
	status = StatusCode.UNAVAILABLE
	details = "failed to connect to all addresses; last error: UNKNOWN: ipv4:10.145.8.86:8080: Failed to connect to remote host: connect: Connection refused (111)"
	debug_error_string = "UNKNOWN:Error received from peer  {grpc_status:14, grpc_message:"failed to connect to all addresses; last error: UNKNOWN: ipv4:10.145.8.86:8080: Failed to connect to remote host: connect: Connection refused (111)"}"
>
DEBUG 2026-06-08 17:15:39 follower.py:184 follower_right SOFollower read state: 2.1ms
DEBUG 2026-06-08 17:15:39 follower.py:191 follower_right SOFollower read wrist: 0.0ms
DEBUG 2026-06-08 17:15:39 t_client.py:198 Observation serialization time: 0.007163s
DEBUG 2026-06-08 17:15:39 ort/utils.py:54 [CLIENT] Observation Buffer size 4.395498275756836 MB with
ERROR 2026-06-08 17:15:39 t_client.py:214 Error sending observation #474: <_InactiveRpcError of RPC that terminated with:
	status = StatusCode.UNAVAILABLE
	details = "failed to connect to all addresses; last error: UNKNOWN: ipv4:10.145.8.86:8080: Failed to connect to remote host: connect: Connection refused (111)"
	debug_error_string = "UNKNOWN:Error received from peer  {grpc_status:14, grpc_message:"failed to connect to all addresses; last error: UNKNOWN: ipv4:10.145.8.86:8080: Failed to connect to remote host: connect: Connection refused (111)"}"
>
DEBUG 2026-06-08 17:15:39 t_client.py:434 QUEUE SIZE: 0 (Must go: False)
DEBUG 2026-06-08 17:15:39 t_client.py:477 Control loop (ms): 55.74
DEBUG 2026-06-08 17:15:39 follower.py:184 follower_left SOFollower read state: 1.8ms
DEBUG 2026-06-08 17:15:39 follower.py:191 follower_left SOFollower read wrist: 0.0ms
DEBUG 2026-06-08 17:15:39 follower.py:184 follower_right SOFollower read state: 1.6ms
DEBUG 2026-06-08 17:15:39 follower.py:191 follower_right SOFollower read wrist: 0.0ms
DEBUG 2026-06-08 17:15:39 t_client.py:198 Observation serialization time: 0.004069s
DEBUG 2026-06-08 17:15:39 ort/utils.py:54 [CLIENT] Observation Buffer size 4.395498275756836 MB with
ERROR 2026-06-08 17:15:39 t_client.py:214 Error sending observation #474: <_InactiveRpcError of RPC that terminated with:
	status = StatusCode.UNAVAILABLE
	details = "failed to connect to all addresses; last error: UNKNOWN: ipv4:10.145.8.86:8080: Failed to connect to remote host: connect: Connection refused (111)"
	debug_error_string = "UNKNOWN:Error received from peer  {grpc_message:"failed to connect to all addresses; last error: UNKNOWN: ipv4:10.145.8.86:8080: Failed to connect to remote host: connect: Connection refused (111)", grpc_status:14}"
>
DEBUG 2026-06-08 17:15:39 t_client.py:434 QUEUE SIZE: 0 (Must go: False)
DEBUG 2026-06-08 17:15:39 t_client.py:477 Control loop (ms): 46.67
DEBUG 2026-06-08 17:15:39 follower.py:184 follower_left SOFollower read state: 1.8ms
DEBUG 2026-06-08 17:15:39 follower.py:191 follower_left SOFollower read wrist: 0.0ms
DEBUG 2026-06-08 17:15:39 follower.py:184 follower_right SOFollower read state: 1.8ms
DEBUG 2026-06-08 17:15:39 follower.py:191 follower_right SOFollower read wrist: 0.0ms
DEBUG 2026-06-08 17:15:39 t_client.py:198 Observation serialization time: 0.006169s
DEBUG 2026-06-08 17:15:39 ort/utils.py:54 [CLIENT] Observation Buffer size 4.395498275756836 MB with
ERROR 2026-06-08 17:15:39 t_client.py:214 Error sending observation #474: <_InactiveRpcError of RPC that terminated with:
	status = StatusCode.UNAVAILABLE
	details = "failed to connect to all addresses; last error: UNKNOWN: ipv4:10.145.8.86:8080: Failed to connect to remote host: connect: Connection refused (111)"
	debug_error_string = "UNKNOWN:Error received from peer  {grpc_status:14, grpc_message:"failed to connect to all addresses; last error: UNKNOWN: ipv4:10.145.8.86:8080: Failed to connect to remote host: connect: Connection refused (111)"}"
>
DEBUG 2026-06-08 17:15:39 t_client.py:434 QUEUE SIZE: 0 (Must go: False)
DEBUG 2026-06-08 17:15:39 t_client.py:477 Control loop (ms): 49.67
DEBUG 2026-06-08 17:15:39 follower.py:184 follower_left SOFollower read state: 1.7ms
DEBUG 2026-06-08 17:15:39 follower.py:191 follower_left SOFollower read wrist: 0.0ms
DEBUG 2026-06-08 17:15:39 follower.py:184 follower_right SOFollower read state: 1.5ms
DEBUG 2026-06-08 17:15:39 follower.py:191 follower_right SOFollower read wrist: 0.0ms
DEBUG 2026-06-08 17:15:39 t_client.py:198 Observation serialization time: 0.006536s
DEBUG 2026-06-08 17:15:39 ort/utils.py:54 [CLIENT] Observation Buffer size 4.395498275756836 MB with
ERROR 2026-06-08 17:15:39 t_client.py:214 Error sending observation #474: <_InactiveRpcError of RPC that terminated with:
	status = StatusCode.UNAVAILABLE
	details = "failed to connect to all addresses; last error: UNKNOWN: ipv4:10.145.8.86:8080: Failed to connect to remote host: connect: Connection refused (111)"
	debug_error_string = "UNKNOWN:Error received from peer  {grpc_message:"failed to connect to all addresses; last error: UNKNOWN: ipv4:10.145.8.86:8080: Failed to connect to remote host: connect: Connection refused (111)", grpc_status:14}"
>
DEBUG 2026-06-08 17:15:39 t_client.py:434 QUEUE SIZE: 0 (Must go: False)
DEBUG 2026-06-08 17:15:39 t_client.py:477 Control loop (ms): 49.15
DEBUG 2026-06-08 17:15:39 follower.py:184 follower_left SOFollower read state: 1.6ms
DEBUG 2026-06-08 17:15:39 follower.py:191 follower_left SOFollower read wrist: 0.0ms
DEBUG 2026-06-08 17:15:39 follower.py:184 follower_right SOFollower read state: 1.8ms
DEBUG 2026-06-08 17:15:39 follower.py:191 follower_right SOFollower read wrist: 0.0ms
DEBUG 2026-06-08 17:15:39 t_client.py:198 Observation serialization time: 0.005731s
DEBUG 2026-06-08 17:15:39 ort/utils.py:54 [CLIENT] Observation Buffer size 4.395498275756836 MB with
ERROR 2026-06-08 17:15:39 t_client.py:214 Error sending observation #474: <_InactiveRpcError of RPC that terminated with:
	status = StatusCode.UNAVAILABLE
	details = "failed to connect to all addresses; last error: UNKNOWN: ipv4:10.145.8.86:8080: Failed to connect to remote host: connect: Connection refused (111)"
	debug_error_string = "UNKNOWN:Error received from peer  {grpc_message:"failed to connect to all addresses; last error: UNKNOWN: ipv4:10.145.8.86:8080: Failed to connect to remote host: connect: Connection refused (111)", grpc_status:14}"
>
DEBUG 2026-06-08 17:15:39 t_client.py:434 QUEUE SIZE: 0 (Must go: False)
DEBUG 2026-06-08 17:15:39 t_client.py:477 Control loop (ms): 42.08
DEBUG 2026-06-08 17:15:39 follower.py:184 follower_left SOFollower read state: 1.8ms
DEBUG 2026-06-08 17:15:39 follower.py:191 follower_left SOFollower read wrist: 0.0ms
DEBUG 2026-06-08 17:15:39 follower.py:184 follower_right SOFollower read state: 1.6ms
DEBUG 2026-06-08 17:15:39 follower.py:191 follower_right SOFollower read wrist: 0.0ms
DEBUG 2026-06-08 17:15:39 t_client.py:198 Observation serialization time: 0.005840s
DEBUG 2026-06-08 17:15:39 ort/utils.py:54 [CLIENT] Observation Buffer size 4.395498275756836 MB with
ERROR 2026-06-08 17:15:39 t_client.py:214 Error sending observation #474: <_InactiveRpcError of RPC that terminated with:
	status = StatusCode.UNAVAILABLE
	details = "failed to connect to all addresses; last error: UNKNOWN: ipv4:10.145.8.86:8080: Failed to connect to remote host: connect: Connection refused (111)"
	debug_error_string = "UNKNOWN:Error received from peer  {grpc_status:14, grpc_message:"failed to connect to all addresses; last error: UNKNOWN: ipv4:10.145.8.86:8080: Failed to connect to remote host: connect: Connection refused (111)"}"
>
DEBUG 2026-06-08 17:15:39 t_client.py:434 QUEUE SIZE: 0 (Must go: False)
DEBUG 2026-06-08 17:15:39 t_client.py:477 Control loop (ms): 49.87
DEBUG 2026-06-08 17:15:39 follower.py:184 follower_left SOFollower read state: 2.0ms
DEBUG 2026-06-08 17:15:39 follower.py:191 follower_left SOFollower read wrist: 0.0ms
DEBUG 2026-06-08 17:15:39 follower.py:184 follower_right SOFollower read state: 1.7ms
DEBUG 2026-06-08 17:15:39 follower.py:191 follower_right SOFollower read wrist: 0.0ms
DEBUG 2026-06-08 17:15:39 t_client.py:198 Observation serialization time: 0.005524s
DEBUG 2026-06-08 17:15:39 ort/utils.py:54 [CLIENT] Observation Buffer size 4.395498275756836 MB with
ERROR 2026-06-08 17:15:39 t_client.py:214 Error sending observation #474: <_InactiveRpcError of RPC that terminated with:
	status = StatusCode.UNAVAILABLE
	details = "failed to connect to all addresses; last error: UNKNOWN: ipv4:10.145.8.86:8080: Failed to connect to remote host: connect: Connection refused (111)"
	debug_error_string = "UNKNOWN:Error received from peer  {grpc_status:14, grpc_message:"failed to connect to all addresses; last error: UNKNOWN: ipv4:10.145.8.86:8080: Failed to connect to remote host: connect: Connection refused (111)"}"
>
DEBUG 2026-06-08 17:15:39 t_client.py:434 QUEUE SIZE: 0 (Must go: False)
DEBUG 2026-06-08 17:15:39 t_client.py:477 Control loop (ms): 52.57
DEBUG 2026-06-08 17:15:39 follower.py:184 follower_left SOFollower read state: 2.1ms
DEBUG 2026-06-08 17:15:39 follower.py:191 follower_left SOFollower read wrist: 0.0ms
DEBUG 2026-06-08 17:15:39 follower.py:184 follower_right SOFollower read state: 1.6ms
DEBUG 2026-06-08 17:15:39 follower.py:191 follower_right SOFollower read wrist: 0.0ms
DEBUG 2026-06-08 17:15:39 t_client.py:198 Observation serialization time: 0.008094s
DEBUG 2026-06-08 17:15:39 ort/utils.py:54 [CLIENT] Observation Buffer size 4.395498275756836 MB with
ERROR 2026-06-08 17:15:39 t_client.py:214 Error sending observation #474: <_InactiveRpcError of RPC that terminated with:
	status = StatusCode.UNAVAILABLE
	details = "failed to connect to all addresses; last error: UNKNOWN: ipv4:10.145.8.86:8080: Failed to connect to remote host: connect: Connection refused (111)"
	debug_error_string = "UNKNOWN:Error received from peer  {grpc_status:14, grpc_message:"failed to connect to all addresses; last error: UNKNOWN: ipv4:10.145.8.86:8080: Failed to connect to remote host: connect: Connection refused (111)"}"
>
DEBUG 2026-06-08 17:15:39 t_client.py:434 QUEUE SIZE: 0 (Must go: False)
DEBUG 2026-06-08 17:15:39 t_client.py:477 Control loop (ms): 49.35
DEBUG 2026-06-08 17:15:39 follower.py:184 follower_left SOFollower read state: 2.2ms
DEBUG 2026-06-08 17:15:39 follower.py:191 follower_left SOFollower read wrist: 0.0ms
DEBUG 2026-06-08 17:15:39 follower.py:184 follower_right SOFollower read state: 2.2ms
DEBUG 2026-06-08 17:15:39 follower.py:191 follower_right SOFollower read wrist: 0.0ms
DEBUG 2026-06-08 17:15:39 t_client.py:198 Observation serialization time: 0.009842s
DEBUG 2026-06-08 17:15:39 ort/utils.py:54 [CLIENT] Observation Buffer size 4.395498275756836 MB with
ERROR 2026-06-08 17:15:39 t_client.py:214 Error sending observation #474: <_InactiveRpcError of RPC that terminated with:
	status = StatusCode.UNAVAILABLE
	details = "failed to connect to all addresses; last error: UNKNOWN: ipv4:10.145.8.86:8080: Failed to connect to remote host: connect: Connection refused (111)"
	debug_error_string = "UNKNOWN:Error received from peer  {grpc_status:14, grpc_message:"failed to connect to all addresses; last error: UNKNOWN: ipv4:10.145.8.86:8080: Failed to connect to remote host: connect: Connection refused (111)"}"
>
DEBUG 2026-06-08 17:15:39 t_client.py:434 QUEUE SIZE: 0 (Must go: False)
DEBUG 2026-06-08 17:15:39 t_client.py:477 Control loop (ms): 59.73
DEBUG 2026-06-08 17:15:39 follower.py:184 follower_left SOFollower read state: 1.9ms
DEBUG 2026-06-08 17:15:39 follower.py:191 follower_left SOFollower read wrist: 0.0ms
DEBUG 2026-06-08 17:15:39 follower.py:184 follower_right SOFollower read state: 1.8ms
DEBUG 2026-06-08 17:15:39 follower.py:191 follower_right SOFollower read wrist: 0.0ms
DEBUG 2026-06-08 17:15:39 t_client.py:198 Observation serialization time: 0.006188s
DEBUG 2026-06-08 17:15:39 ort/utils.py:54 [CLIENT] Observation Buffer size 4.395498275756836 MB with
ERROR 2026-06-08 17:15:39 t_client.py:214 Error sending observation #474: <_InactiveRpcError of RPC that terminated with:
	status = StatusCode.UNAVAILABLE
	details = "failed to connect to all addresses; last error: UNKNOWN: ipv4:10.145.8.86:8080: Failed to connect to remote host: connect: Connection refused (111)"
	debug_error_string = "UNKNOWN:Error received from peer  {grpc_status:14, grpc_message:"failed to connect to all addresses; last error: UNKNOWN: ipv4:10.145.8.86:8080: Failed to connect to remote host: connect: Connection refused (111)"}"
>
DEBUG 2026-06-08 17:15:39 t_client.py:434 QUEUE SIZE: 0 (Must go: False)
DEBUG 2026-06-08 17:15:39 t_client.py:477 Control loop (ms): 53.21
DEBUG 2026-06-08 17:15:39 follower.py:184 follower_left SOFollower read state: 2.0ms
DEBUG 2026-06-08 17:15:39 follower.py:191 follower_left SOFollower read wrist: 0.0ms
DEBUG 2026-06-08 17:15:39 follower.py:184 follower_right SOFollower read state: 1.8ms
DEBUG 2026-06-08 17:15:39 follower.py:191 follower_right SOFollower read wrist: 0.0ms
DEBUG 2026-06-08 17:15:39 t_client.py:198 Observation serialization time: 0.008245s
DEBUG 2026-06-08 17:15:39 ort/utils.py:54 [CLIENT] Observation Buffer size 4.395498275756836 MB with
ERROR 2026-06-08 17:15:39 t_client.py:359 Error receiving actions: <_InactiveRpcError of RPC that terminated with:
	status = StatusCode.UNAVAILABLE
	details = "failed to connect to all addresses; last error: UNKNOWN: ipv4:10.145.8.86:8080: Failed to connect to remote host: connect: Connection refused (111)"
	debug_error_string = "UNKNOWN:Error received from peer  {grpc_message:"failed to connect to all addresses; last error: UNKNOWN: ipv4:10.145.8.86:8080: Failed to connect to remote host: connect: Connection refused (111)", grpc_status:14}"
>
ERROR 2026-06-08 17:15:39 t_client.py:214 Error sending observation #474: <_InactiveRpcError of RPC that terminated with:
	status = StatusCode.UNAVAILABLE
	details = "failed to connect to all addresses; last error: UNKNOWN: ipv4:10.145.8.86:8080: Failed to connect to remote host: connect: Connection refused (111)"
	debug_error_string = "UNKNOWN:Error received from peer  {grpc_message:"failed to connect to all addresses; last error: UNKNOWN: ipv4:10.145.8.86:8080: Failed to connect to remote host: connect: Connection refused (111)", grpc_status:14}"
>
DEBUG 2026-06-08 17:15:39 t_client.py:434 QUEUE SIZE: 0 (Must go: False)
DEBUG 2026-06-08 17:15:39 t_client.py:477 Control loop (ms): 53.05
DEBUG 2026-06-08 17:15:39 follower.py:184 follower_left SOFollower read state: 2.1ms
DEBUG 2026-06-08 17:15:39 follower.py:191 follower_left SOFollower read wrist: 0.0ms
DEBUG 2026-06-08 17:15:39 follower.py:184 follower_right SOFollower read state: 2.3ms
DEBUG 2026-06-08 17:15:39 follower.py:191 follower_right SOFollower read wrist: 0.0ms
DEBUG 2026-06-08 17:15:39 t_client.py:198 Observation serialization time: 0.009272s
DEBUG 2026-06-08 17:15:39 ort/utils.py:54 [CLIENT] Observation Buffer size 4.395498275756836 MB with
ERROR 2026-06-08 17:15:39 t_client.py:214 Error sending observation #474: <_InactiveRpcError of RPC that terminated with:
	status = StatusCode.UNAVAILABLE
	details = "failed to connect to all addresses; last error: UNKNOWN: ipv4:10.145.8.86:8080: Failed to connect to remote host: connect: Connection refused (111)"
	debug_error_string = "UNKNOWN:Error received from peer  {grpc_message:"failed to connect to all addresses; last error: UNKNOWN: ipv4:10.145.8.86:8080: Failed to connect to remote host: connect: Connection refused (111)", grpc_status:14}"
>
DEBUG 2026-06-08 17:15:39 t_client.py:434 QUEUE SIZE: 0 (Must go: False)
DEBUG 2026-06-08 17:15:39 t_client.py:477 Control loop (ms): 52.41
DEBUG 2026-06-08 17:15:39 follower.py:184 follower_left SOFollower read state: 2.8ms
DEBUG 2026-06-08 17:15:39 follower.py:191 follower_left SOFollower read wrist: 0.1ms
DEBUG 2026-06-08 17:15:39 follower.py:184 follower_right SOFollower read state: 3.1ms
DEBUG 2026-06-08 17:15:39 follower.py:191 follower_right SOFollower read wrist: 0.1ms
DEBUG 2026-06-08 17:15:39 t_client.py:198 Observation serialization time: 0.009687s
DEBUG 2026-06-08 17:15:39 ort/utils.py:54 [CLIENT] Observation Buffer size 4.395498275756836 MB with
ERROR 2026-06-08 17:15:39 t_client.py:214 Error sending observation #474: <_InactiveRpcError of RPC that terminated with:
	status = StatusCode.UNAVAILABLE
	details = "failed to connect to all addresses; last error: UNKNOWN: ipv4:10.145.8.86:8080: Failed to connect to remote host: connect: Connection refused (111)"
	debug_error_string = "UNKNOWN:Error received from peer  {grpc_message:"failed to connect to all addresses; last error: UNKNOWN: ipv4:10.145.8.86:8080: Failed to connect to remote host: connect: Connection refused (111)", grpc_status:14}"
>
DEBUG 2026-06-08 17:15:39 t_client.py:434 QUEUE SIZE: 0 (Must go: False)
DEBUG 2026-06-08 17:15:39 t_client.py:477 Control loop (ms): 51.61
DEBUG 2026-06-08 17:15:39 follower.py:184 follower_left SOFollower read state: 2.4ms
DEBUG 2026-06-08 17:15:39 follower.py:191 follower_left SOFollower read wrist: 0.0ms
DEBUG 2026-06-08 17:15:39 follower.py:184 follower_right SOFollower read state: 1.7ms
DEBUG 2026-06-08 17:15:39 follower.py:191 follower_right SOFollower read wrist: 0.0ms
DEBUG 2026-06-08 17:15:39 t_client.py:198 Observation serialization time: 0.007071s
DEBUG 2026-06-08 17:15:39 ort/utils.py:54 [CLIENT] Observation Buffer size 4.395498275756836 MB with
ERROR 2026-06-08 17:15:39 t_client.py:214 Error sending observation #474: <_InactiveRpcError of RPC that terminated with:
	status = StatusCode.UNAVAILABLE
	details = "failed to connect to all addresses; last error: UNKNOWN: ipv4:10.145.8.86:8080: Failed to connect to remote host: connect: Connection refused (111)"
	debug_error_string = "UNKNOWN:Error received from peer  {grpc_message:"failed to connect to all addresses; last error: UNKNOWN: ipv4:10.145.8.86:8080: Failed to connect to remote host: connect: Connection refused (111)", grpc_status:14}"
>
DEBUG 2026-06-08 17:15:39 t_client.py:434 QUEUE SIZE: 0 (Must go: False)
DEBUG 2026-06-08 17:15:39 t_client.py:477 Control loop (ms): 46.81
DEBUG 2026-06-08 17:15:40 follower.py:184 follower_left SOFollower read state: 1.8ms
DEBUG 2026-06-08 17:15:40 follower.py:191 follower_left SOFollower read wrist: 0.0ms
DEBUG 2026-06-08 17:15:40 follower.py:184 follower_right SOFollower read state: 2.1ms
DEBUG 2026-06-08 17:15:40 follower.py:191 follower_right SOFollower read wrist: 0.0ms
DEBUG 2026-06-08 17:15:40 t_client.py:198 Observation serialization time: 0.007528s
DEBUG 2026-06-08 17:15:40 ort/utils.py:54 [CLIENT] Observation Buffer size 4.395498275756836 MB with
ERROR 2026-06-08 17:15:40 t_client.py:214 Error sending observation #474: <_InactiveRpcError of RPC that terminated with:
	status = StatusCode.UNAVAILABLE
	details = "failed to connect to all addresses; last error: UNKNOWN: ipv4:10.145.8.86:8080: Failed to connect to remote host: connect: Connection refused (111)"
	debug_error_string = "UNKNOWN:Error received from peer  {grpc_message:"failed to connect to all addresses; last error: UNKNOWN: ipv4:10.145.8.86:8080: Failed to connect to remote host: connect: Connection refused (111)", grpc_status:14}"
>
DEBUG 2026-06-08 17:15:40 t_client.py:434 QUEUE SIZE: 0 (Must go: False)
DEBUG 2026-06-08 17:15:40 t_client.py:477 Control loop (ms): 44.52
DEBUG 2026-06-08 17:15:40 follower.py:184 follower_left SOFollower read state: 1.9ms
DEBUG 2026-06-08 17:15:40 follower.py:191 follower_left SOFollower read wrist: 0.0ms
DEBUG 2026-06-08 17:15:40 follower.py:184 follower_right SOFollower read state: 1.6ms
DEBUG 2026-06-08 17:15:40 follower.py:191 follower_right SOFollower read wrist: 0.0ms
DEBUG 2026-06-08 17:15:40 t_client.py:198 Observation serialization time: 0.003676s
DEBUG 2026-06-08 17:15:40 ort/utils.py:54 [CLIENT] Observation Buffer size 4.395498275756836 MB with
ERROR 2026-06-08 17:15:40 t_client.py:214 Error sending observation #474: <_InactiveRpcError of RPC that terminated with:
	status = StatusCode.UNAVAILABLE
	details = "failed to connect to all addresses; last error: UNKNOWN: ipv4:10.145.8.86:8080: Failed to connect to remote host: connect: Connection refused (111)"
	debug_error_string = "UNKNOWN:Error received from peer  {grpc_message:"failed to connect to all addresses; last error: UNKNOWN: ipv4:10.145.8.86:8080: Failed to connect to remote host: connect: Connection refused (111)", grpc_status:14}"
>
DEBUG 2026-06-08 17:15:40 t_client.py:434 QUEUE SIZE: 0 (Must go: False)
DEBUG 2026-06-08 17:15:40 t_client.py:477 Control loop (ms): 42.93
DEBUG 2026-06-08 17:15:40 follower.py:184 follower_left SOFollower read state: 1.9ms
DEBUG 2026-06-08 17:15:40 follower.py:191 follower_left SOFollower read wrist: 0.0ms
DEBUG 2026-06-08 17:15:40 follower.py:184 follower_right SOFollower read state: 1.6ms
DEBUG 2026-06-08 17:15:40 follower.py:191 follower_right SOFollower read wrist: 0.0ms
DEBUG 2026-06-08 17:15:40 t_client.py:198 Observation serialization time: 0.004208s
DEBUG 2026-06-08 17:15:40 ort/utils.py:54 [CLIENT] Observation Buffer size 4.395498275756836 MB with
ERROR 2026-06-08 17:15:40 t_client.py:214 Error sending observation #474: <_InactiveRpcError of RPC that terminated with:
	status = StatusCode.UNAVAILABLE
	details = "failed to connect to all addresses; last error: UNKNOWN: ipv4:10.145.8.86:8080: Failed to connect to remote host: connect: Connection refused (111)"
	debug_error_string = "UNKNOWN:Error received from peer  {grpc_status:14, grpc_message:"failed to connect to all addresses; last error: UNKNOWN: ipv4:10.145.8.86:8080: Failed to connect to remote host: connect: Connection refused (111)"}"
>
DEBUG 2026-06-08 17:15:40 t_client.py:434 QUEUE SIZE: 0 (Must go: False)
DEBUG 2026-06-08 17:15:40 t_client.py:477 Control loop (ms): 45.29
DEBUG 2026-06-08 17:15:40 follower.py:184 follower_left SOFollower read state: 2.3ms
DEBUG 2026-06-08 17:15:40 follower.py:191 follower_left SOFollower read wrist: 0.0ms
DEBUG 2026-06-08 17:15:40 follower.py:184 follower_right SOFollower read state: 1.9ms
DEBUG 2026-06-08 17:15:40 follower.py:191 follower_right SOFollower read wrist: 0.0ms
DEBUG 2026-06-08 17:15:40 t_client.py:198 Observation serialization time: 0.006941s
DEBUG 2026-06-08 17:15:40 ort/utils.py:54 [CLIENT] Observation Buffer size 4.395498275756836 MB with
ERROR 2026-06-08 17:15:40 t_client.py:214 Error sending observation #474: <_InactiveRpcError of RPC that terminated with:
	status = StatusCode.UNAVAILABLE
	details = "failed to connect to all addresses; last error: UNKNOWN: ipv4:10.145.8.86:8080: Failed to connect to remote host: connect: Connection refused (111)"
	debug_error_string = "UNKNOWN:Error received from peer  {grpc_status:14, grpc_message:"failed to connect to all addresses; last error: UNKNOWN: ipv4:10.145.8.86:8080: Failed to connect to remote host: connect: Connection refused (111)"}"
>
DEBUG 2026-06-08 17:15:40 t_client.py:434 QUEUE SIZE: 0 (Must go: False)
DEBUG 2026-06-08 17:15:40 t_client.py:477 Control loop (ms): 59.20
DEBUG 2026-06-08 17:15:40 follower.py:184 follower_left SOFollower read state: 2.2ms
DEBUG 2026-06-08 17:15:40 follower.py:191 follower_left SOFollower read wrist: 0.0ms
DEBUG 2026-06-08 17:15:40 follower.py:184 follower_right SOFollower read state: 2.5ms
DEBUG 2026-06-08 17:15:40 follower.py:191 follower_right SOFollower read wrist: 0.0ms
DEBUG 2026-06-08 17:15:40 t_client.py:198 Observation serialization time: 0.011074s
DEBUG 2026-06-08 17:15:40 ort/utils.py:54 [CLIENT] Observation Buffer size 4.395498275756836 MB with
ERROR 2026-06-08 17:15:40 t_client.py:214 Error sending observation #474: <_InactiveRpcError of RPC that terminated with:
	status = StatusCode.UNAVAILABLE
	details = "failed to connect to all addresses; last error: UNKNOWN: ipv4:10.145.8.86:8080: Failed to connect to remote host: connect: Connection refused (111)"
	debug_error_string = "UNKNOWN:Error received from peer  {grpc_status:14, grpc_message:"failed to connect to all addresses; last error: UNKNOWN: ipv4:10.145.8.86:8080: Failed to connect to remote host: connect: Connection refused (111)"}"
>
DEBUG 2026-06-08 17:15:40 t_client.py:434 QUEUE SIZE: 0 (Must go: False)
DEBUG 2026-06-08 17:15:40 t_client.py:477 Control loop (ms): 59.03
DEBUG 2026-06-08 17:15:40 follower.py:184 follower_left SOFollower read state: 1.9ms
DEBUG 2026-06-08 17:15:40 follower.py:191 follower_left SOFollower read wrist: 0.0ms
DEBUG 2026-06-08 17:15:40 follower.py:184 follower_right SOFollower read state: 1.7ms
DEBUG 2026-06-08 17:15:40 follower.py:191 follower_right SOFollower read wrist: 0.0ms
DEBUG 2026-06-08 17:15:40 t_client.py:198 Observation serialization time: 0.008658s
DEBUG 2026-06-08 17:15:40 ort/utils.py:54 [CLIENT] Observation Buffer size 4.395498275756836 MB with
ERROR 2026-06-08 17:15:40 t_client.py:214 Error sending observation #474: <_InactiveRpcError of RPC that terminated with:
	status = StatusCode.UNAVAILABLE
	details = "failed to connect to all addresses; last error: UNKNOWN: ipv4:10.145.8.86:8080: Failed to connect to remote host: connect: Connection refused (111)"
	debug_error_string = "UNKNOWN:Error received from peer  {grpc_status:14, grpc_message:"failed to connect to all addresses; last error: UNKNOWN: ipv4:10.145.8.86:8080: Failed to connect to remote host: connect: Connection refused (111)"}"
>
DEBUG 2026-06-08 17:15:40 t_client.py:434 QUEUE SIZE: 0 (Must go: False)
DEBUG 2026-06-08 17:15:40 t_client.py:477 Control loop (ms): 55.23
DEBUG 2026-06-08 17:15:40 follower.py:184 follower_left SOFollower read state: 2.4ms
DEBUG 2026-06-08 17:15:40 follower.py:191 follower_left SOFollower read wrist: 0.0ms
DEBUG 2026-06-08 17:15:40 follower.py:184 follower_right SOFollower read state: 2.2ms
DEBUG 2026-06-08 17:15:40 follower.py:191 follower_right SOFollower read wrist: 0.0ms
DEBUG 2026-06-08 17:15:40 t_client.py:198 Observation serialization time: 0.008633s
DEBUG 2026-06-08 17:15:40 ort/utils.py:54 [CLIENT] Observation Buffer size 4.395498275756836 MB with
ERROR 2026-06-08 17:15:40 t_client.py:359 Error receiving actions: <_InactiveRpcError of RPC that terminated with:
	status = StatusCode.UNAVAILABLE
	details = "failed to connect to all addresses; last error: UNKNOWN: ipv4:10.145.8.86:8080: Failed to connect to remote host: connect: Connection refused (111)"
	debug_error_string = "UNKNOWN:Error received from peer  {grpc_message:"failed to connect to all addresses; last error: UNKNOWN: ipv4:10.145.8.86:8080: Failed to connect to remote host: connect: Connection refused (111)", grpc_status:14}"
>
ERROR 2026-06-08 17:15:40 t_client.py:214 Error sending observation #474: <_InactiveRpcError of RPC that terminated with:
	status = StatusCode.UNAVAILABLE
	details = "failed to connect to all addresses; last error: UNKNOWN: ipv4:10.145.8.86:8080: Failed to connect to remote host: connect: Connection refused (111)"
	debug_error_string = "UNKNOWN:Error received from peer  {grpc_status:14, grpc_message:"failed to connect to all addresses; last error: UNKNOWN: ipv4:10.145.8.86:8080: Failed to connect to remote host: connect: Connection refused (111)"}"
>
DEBUG 2026-06-08 17:15:40 t_client.py:434 QUEUE SIZE: 0 (Must go: False)
DEBUG 2026-06-08 17:15:40 t_client.py:477 Control loop (ms): 52.63
DEBUG 2026-06-08 17:15:40 follower.py:184 follower_left SOFollower read state: 2.0ms
DEBUG 2026-06-08 17:15:40 follower.py:191 follower_left SOFollower read wrist: 0.0ms
DEBUG 2026-06-08 17:15:40 follower.py:184 follower_right SOFollower read state: 2.0ms
DEBUG 2026-06-08 17:15:40 follower.py:191 follower_right SOFollower read wrist: 0.0ms
DEBUG 2026-06-08 17:15:40 t_client.py:198 Observation serialization time: 0.010351s
DEBUG 2026-06-08 17:15:40 ort/utils.py:54 [CLIENT] Observation Buffer size 4.395498275756836 MB with
ERROR 2026-06-08 17:15:40 t_client.py:214 Error sending observation #474: <_InactiveRpcError of RPC that terminated with:
	status = StatusCode.UNAVAILABLE
	details = "failed to connect to all addresses; last error: UNKNOWN: ipv4:10.145.8.86:8080: Failed to connect to remote host: connect: Connection refused (111)"
	debug_error_string = "UNKNOWN:Error received from peer  {grpc_status:14, grpc_message:"failed to connect to all addresses; last error: UNKNOWN: ipv4:10.145.8.86:8080: Failed to connect to remote host: connect: Connection refused (111)"}"
>
DEBUG 2026-06-08 17:15:40 t_client.py:434 QUEUE SIZE: 0 (Must go: False)
DEBUG 2026-06-08 17:15:40 t_client.py:477 Control loop (ms): 58.63
DEBUG 2026-06-08 17:15:40 follower.py:184 follower_left SOFollower read state: 1.9ms
DEBUG 2026-06-08 17:15:40 follower.py:191 follower_left SOFollower read wrist: 0.0ms
DEBUG 2026-06-08 17:15:40 follower.py:184 follower_right SOFollower read state: 1.8ms
DEBUG 2026-06-08 17:15:40 follower.py:191 follower_right SOFollower read wrist: 0.0ms
DEBUG 2026-06-08 17:15:40 t_client.py:198 Observation serialization time: 0.009571s
DEBUG 2026-06-08 17:15:40 ort/utils.py:54 [CLIENT] Observation Buffer size 4.395498275756836 MB with
ERROR 2026-06-08 17:15:40 t_client.py:214 Error sending observation #474: <_InactiveRpcError of RPC that terminated with:
	status = StatusCode.UNAVAILABLE
	details = "failed to connect to all addresses; last error: UNKNOWN: ipv4:10.145.8.86:8080: Failed to connect to remote host: connect: Connection refused (111)"
	debug_error_string = "UNKNOWN:Error received from peer  {grpc_status:14, grpc_message:"failed to connect to all addresses; last error: UNKNOWN: ipv4:10.145.8.86:8080: Failed to connect to remote host: connect: Connection refused (111)"}"
>
DEBUG 2026-06-08 17:15:40 t_client.py:434 QUEUE SIZE: 0 (Must go: False)
DEBUG 2026-06-08 17:15:40 t_client.py:477 Control loop (ms): 52.25
DEBUG 2026-06-08 17:15:40 follower.py:184 follower_left SOFollower read state: 2.5ms
DEBUG 2026-06-08 17:15:40 follower.py:191 follower_left SOFollower read wrist: 0.0ms
DEBUG 2026-06-08 17:15:40 follower.py:184 follower_right SOFollower read state: 2.1ms
DEBUG 2026-06-08 17:15:40 follower.py:191 follower_right SOFollower read wrist: 0.0ms
DEBUG 2026-06-08 17:15:40 t_client.py:198 Observation serialization time: 0.009366s
DEBUG 2026-06-08 17:15:40 ort/utils.py:54 [CLIENT] Observation Buffer size 4.395498275756836 MB with
ERROR 2026-06-08 17:15:40 t_client.py:214 Error sending observation #474: <_InactiveRpcError of RPC that terminated with:
	status = StatusCode.UNAVAILABLE
	details = "failed to connect to all addresses; last error: UNKNOWN: ipv4:10.145.8.86:8080: Failed to connect to remote host: connect: Connection refused (111)"
	debug_error_string = "UNKNOWN:Error received from peer  {grpc_status:14, grpc_message:"failed to connect to all addresses; last error: UNKNOWN: ipv4:10.145.8.86:8080: Failed to connect to remote host: connect: Connection refused (111)"}"
>
DEBUG 2026-06-08 17:15:40 t_client.py:434 QUEUE SIZE: 0 (Must go: False)
DEBUG 2026-06-08 17:15:40 t_client.py:477 Control loop (ms): 51.40
DEBUG 2026-06-08 17:15:40 follower.py:184 follower_left SOFollower read state: 2.4ms
DEBUG 2026-06-08 17:15:40 follower.py:191 follower_left SOFollower read wrist: 0.0ms
DEBUG 2026-06-08 17:15:40 follower.py:184 follower_right SOFollower read state: 2.1ms
DEBUG 2026-06-08 17:15:40 follower.py:191 follower_right SOFollower read wrist: 0.0ms
DEBUG 2026-06-08 17:15:40 t_client.py:198 Observation serialization time: 0.010871s
DEBUG 2026-06-08 17:15:40 ort/utils.py:54 [CLIENT] Observation Buffer size 4.395498275756836 MB with
ERROR 2026-06-08 17:15:40 t_client.py:214 Error sending observation #474: <_InactiveRpcError of RPC that terminated with:
	status = StatusCode.UNAVAILABLE
	details = "failed to connect to all addresses; last error: UNKNOWN: ipv4:10.145.8.86:8080: Failed to connect to remote host: connect: Connection refused (111)"
	debug_error_string = "UNKNOWN:Error received from peer  {grpc_message:"failed to connect to all addresses; last error: UNKNOWN: ipv4:10.145.8.86:8080: Failed to connect to remote host: connect: Connection refused (111)", grpc_status:14}"
>
DEBUG 2026-06-08 17:15:40 t_client.py:434 QUEUE SIZE: 0 (Must go: False)
DEBUG 2026-06-08 17:15:40 t_client.py:477 Control loop (ms): 58.73
DEBUG 2026-06-08 17:15:40 follower.py:184 follower_left SOFollower read state: 2.2ms
DEBUG 2026-06-08 17:15:40 follower.py:191 follower_left SOFollower read wrist: 0.0ms
DEBUG 2026-06-08 17:15:40 follower.py:184 follower_right SOFollower read state: 1.9ms
DEBUG 2026-06-08 17:15:40 follower.py:191 follower_right SOFollower read wrist: 0.0ms
DEBUG 2026-06-08 17:15:40 t_client.py:198 Observation serialization time: 0.008613s
DEBUG 2026-06-08 17:15:40 ort/utils.py:54 [CLIENT] Observation Buffer size 4.395498275756836 MB with
ERROR 2026-06-08 17:15:40 t_client.py:214 Error sending observation #474: <_InactiveRpcError of RPC that terminated with:
	status = StatusCode.UNAVAILABLE
	details = "failed to connect to all addresses; last error: UNKNOWN: ipv4:10.145.8.86:8080: Failed to connect to remote host: connect: Connection refused (111)"
	debug_error_string = "UNKNOWN:Error received from peer  {grpc_status:14, grpc_message:"failed to connect to all addresses; last error: UNKNOWN: ipv4:10.145.8.86:8080: Failed to connect to remote host: connect: Connection refused (111)"}"
>
DEBUG 2026-06-08 17:15:40 t_client.py:434 QUEUE SIZE: 0 (Must go: False)
DEBUG 2026-06-08 17:15:40 t_client.py:477 Control loop (ms): 46.69
DEBUG 2026-06-08 17:15:40 follower.py:184 follower_left SOFollower read state: 2.3ms
DEBUG 2026-06-08 17:15:40 follower.py:191 follower_left SOFollower read wrist: 0.0ms
DEBUG 2026-06-08 17:15:40 follower.py:184 follower_right SOFollower read state: 1.9ms
DEBUG 2026-06-08 17:15:40 follower.py:191 follower_right SOFollower read wrist: 0.0ms
DEBUG 2026-06-08 17:15:40 t_client.py:198 Observation serialization time: 0.008916s
DEBUG 2026-06-08 17:15:40 ort/utils.py:54 [CLIENT] Observation Buffer size 4.395498275756836 MB with
ERROR 2026-06-08 17:15:40 t_client.py:214 Error sending observation #474: <_InactiveRpcError of RPC that terminated with:
	status = StatusCode.UNAVAILABLE
	details = "failed to connect to all addresses; last error: UNKNOWN: ipv4:10.145.8.86:8080: Failed to connect to remote host: connect: Connection refused (111)"
	debug_error_string = "UNKNOWN:Error received from peer  {grpc_message:"failed to connect to all addresses; last error: UNKNOWN: ipv4:10.145.8.86:8080: Failed to connect to remote host: connect: Connection refused (111)", grpc_status:14}"
>
DEBUG 2026-06-08 17:15:40 t_client.py:434 QUEUE SIZE: 0 (Must go: False)
DEBUG 2026-06-08 17:15:40 t_client.py:477 Control loop (ms): 55.50
DEBUG 2026-06-08 17:15:40 follower.py:184 follower_left SOFollower read state: 2.0ms
DEBUG 2026-06-08 17:15:40 follower.py:191 follower_left SOFollower read wrist: 0.0ms
DEBUG 2026-06-08 17:15:40 follower.py:184 follower_right SOFollower read state: 2.0ms
DEBUG 2026-06-08 17:15:40 follower.py:191 follower_right SOFollower read wrist: 0.0ms
DEBUG 2026-06-08 17:15:40 t_client.py:198 Observation serialization time: 0.010501s
DEBUG 2026-06-08 17:15:40 ort/utils.py:54 [CLIENT] Observation Buffer size 4.395498275756836 MB with
ERROR 2026-06-08 17:15:40 t_client.py:214 Error sending observation #474: <_InactiveRpcError of RPC that terminated with:
	status = StatusCode.UNAVAILABLE
	details = "failed to connect to all addresses; last error: UNKNOWN: ipv4:10.145.8.86:8080: Failed to connect to remote host: connect: Connection refused (111)"
	debug_error_string = "UNKNOWN:Error received from peer  {grpc_status:14, grpc_message:"failed to connect to all addresses; last error: UNKNOWN: ipv4:10.145.8.86:8080: Failed to connect to remote host: connect: Connection refused (111)"}"
>
DEBUG 2026-06-08 17:15:40 t_client.py:434 QUEUE SIZE: 0 (Must go: False)
DEBUG 2026-06-08 17:15:40 t_client.py:477 Control loop (ms): 50.25
DEBUG 2026-06-08 17:15:40 follower.py:184 follower_left SOFollower read state: 3.1ms
DEBUG 2026-06-08 17:15:40 follower.py:191 follower_left SOFollower read wrist: 0.1ms
DEBUG 2026-06-08 17:15:40 follower.py:184 follower_right SOFollower read state: 2.1ms
DEBUG 2026-06-08 17:15:40 follower.py:191 follower_right SOFollower read wrist: 0.0ms
DEBUG 2026-06-08 17:15:40 t_client.py:198 Observation serialization time: 0.008984s
DEBUG 2026-06-08 17:15:40 ort/utils.py:54 [CLIENT] Observation Buffer size 4.395498275756836 MB with
ERROR 2026-06-08 17:15:40 t_client.py:214 Error sending observation #474: <_InactiveRpcError of RPC that terminated with:
	status = StatusCode.UNAVAILABLE
	details = "failed to connect to all addresses; last error: UNKNOWN: ipv4:10.145.8.86:8080: Failed to connect to remote host: connect: Connection refused (111)"
	debug_error_string = "UNKNOWN:Error received from peer  {grpc_message:"failed to connect to all addresses; last error: UNKNOWN: ipv4:10.145.8.86:8080: Failed to connect to remote host: connect: Connection refused (111)", grpc_status:14}"
>
DEBUG 2026-06-08 17:15:40 t_client.py:434 QUEUE SIZE: 0 (Must go: False)
DEBUG 2026-06-08 17:15:40 t_client.py:477 Control loop (ms): 52.03
DEBUG 2026-06-08 17:15:40 follower.py:184 follower_left SOFollower read state: 2.5ms
DEBUG 2026-06-08 17:15:40 follower.py:191 follower_left SOFollower read wrist: 0.0ms
DEBUG 2026-06-08 17:15:40 follower.py:184 follower_right SOFollower read state: 2.0ms
DEBUG 2026-06-08 17:15:40 follower.py:191 follower_right SOFollower read wrist: 0.0ms
DEBUG 2026-06-08 17:15:40 t_client.py:198 Observation serialization time: 0.007772s
DEBUG 2026-06-08 17:15:40 ort/utils.py:54 [CLIENT] Observation Buffer size 4.395498275756836 MB with
ERROR 2026-06-08 17:15:40 t_client.py:214 Error sending observation #474: <_InactiveRpcError of RPC that terminated with:
	status = StatusCode.UNAVAILABLE
	details = "failed to connect to all addresses; last error: UNKNOWN: ipv4:10.145.8.86:8080: Failed to connect to remote host: connect: Connection refused (111)"
	debug_error_string = "UNKNOWN:Error received from peer  {grpc_message:"failed to connect to all addresses; last error: UNKNOWN: ipv4:10.145.8.86:8080: Failed to connect to remote host: connect: Connection refused (111)", grpc_status:14}"
>
DEBUG 2026-06-08 17:15:40 t_client.py:434 QUEUE SIZE: 0 (Must go: False)
DEBUG 2026-06-08 17:15:40 t_client.py:477 Control loop (ms): 56.13
DEBUG 2026-06-08 17:15:40 follower.py:184 follower_left SOFollower read state: 2.0ms
DEBUG 2026-06-08 17:15:40 follower.py:191 follower_left SOFollower read wrist: 0.0ms
DEBUG 2026-06-08 17:15:40 follower.py:184 follower_right SOFollower read state: 2.1ms
DEBUG 2026-06-08 17:15:40 follower.py:191 follower_right SOFollower read wrist: 0.0ms
DEBUG 2026-06-08 17:15:40 t_client.py:198 Observation serialization time: 0.007315s
DEBUG 2026-06-08 17:15:40 ort/utils.py:54 [CLIENT] Observation Buffer size 4.395498275756836 MB with
ERROR 2026-06-08 17:15:40 t_client.py:214 Error sending observation #474: <_InactiveRpcError of RPC that terminated with:
	status = StatusCode.UNAVAILABLE
	details = "failed to connect to all addresses; last error: UNKNOWN: ipv4:10.145.8.86:8080: Failed to connect to remote host: connect: Connection refused (111)"
	debug_error_string = "UNKNOWN:Error received from peer  {grpc_message:"failed to connect to all addresses; last error: UNKNOWN: ipv4:10.145.8.86:8080: Failed to connect to remote host: connect: Connection refused (111)", grpc_status:14}"
>
DEBUG 2026-06-08 17:15:40 t_client.py:434 QUEUE SIZE: 0 (Must go: False)
DEBUG 2026-06-08 17:15:40 t_client.py:477 Control loop (ms): 54.75
ERROR 2026-06-08 17:15:40 t_client.py:359 Error receiving actions: <_InactiveRpcError of RPC that terminated with:
	status = StatusCode.UNAVAILABLE
	details = "failed to connect to all addresses; last error: UNKNOWN: ipv4:10.145.8.86:8080: Failed to connect to remote host: connect: Connection refused (111)"
	debug_error_string = "UNKNOWN:Error received from peer  {grpc_status:14, grpc_message:"failed to connect to all addresses; last error: UNKNOWN: ipv4:10.145.8.86:8080: Failed to connect to remote host: connect: Connection refused (111)"}"
>
DEBUG 2026-06-08 17:15:40 follower.py:184 follower_left SOFollower read state: 2.0ms
DEBUG 2026-06-08 17:15:40 follower.py:191 follower_left SOFollower read wrist: 0.0ms
DEBUG 2026-06-08 17:15:40 follower.py:184 follower_right SOFollower read state: 1.8ms
DEBUG 2026-06-08 17:15:40 follower.py:191 follower_right SOFollower read wrist: 0.0ms
DEBUG 2026-06-08 17:15:40 t_client.py:198 Observation serialization time: 0.007452s
DEBUG 2026-06-08 17:15:40 ort/utils.py:54 [CLIENT] Observation Buffer size 4.395498275756836 MB with
ERROR 2026-06-08 17:15:40 t_client.py:214 Error sending observation #474: <_InactiveRpcError of RPC that terminated with:
	status = StatusCode.UNAVAILABLE
	details = "failed to connect to all addresses; last error: UNKNOWN: ipv4:10.145.8.86:8080: Failed to connect to remote host: connect: Connection refused (111)"
	debug_error_string = "UNKNOWN:Error received from peer  {grpc_status:14, grpc_message:"failed to connect to all addresses; last error: UNKNOWN: ipv4:10.145.8.86:8080: Failed to connect to remote host: connect: Connection refused (111)"}"
>
DEBUG 2026-06-08 17:15:40 t_client.py:434 QUEUE SIZE: 0 (Must go: False)
DEBUG 2026-06-08 17:15:40 t_client.py:477 Control loop (ms): 44.71
DEBUG 2026-06-08 17:15:40 follower.py:184 follower_left SOFollower read state: 3.0ms
DEBUG 2026-06-08 17:15:40 follower.py:191 follower_left SOFollower read wrist: 0.0ms
DEBUG 2026-06-08 17:15:40 follower.py:184 follower_right SOFollower read state: 1.9ms
DEBUG 2026-06-08 17:15:40 follower.py:191 follower_right SOFollower read wrist: 0.0ms
DEBUG 2026-06-08 17:15:40 t_client.py:198 Observation serialization time: 0.009653s
DEBUG 2026-06-08 17:15:40 ort/utils.py:54 [CLIENT] Observation Buffer size 4.395498275756836 MB with
ERROR 2026-06-08 17:15:40 t_client.py:214 Error sending observation #474: <_InactiveRpcError of RPC that terminated with:
	status = StatusCode.UNAVAILABLE
	details = "failed to connect to all addresses; last error: UNKNOWN: ipv4:10.145.8.86:8080: Failed to connect to remote host: connect: Connection refused (111)"
	debug_error_string = "UNKNOWN:Error received from peer  {grpc_message:"failed to connect to all addresses; last error: UNKNOWN: ipv4:10.145.8.86:8080: Failed to connect to remote host: connect: Connection refused (111)", grpc_status:14}"
>
DEBUG 2026-06-08 17:15:40 t_client.py:434 QUEUE SIZE: 0 (Must go: False)
DEBUG 2026-06-08 17:15:40 t_client.py:477 Control loop (ms): 53.40
DEBUG 2026-06-08 17:15:41 follower.py:184 follower_left SOFollower read state: 2.1ms
DEBUG 2026-06-08 17:15:41 follower.py:191 follower_left SOFollower read wrist: 0.0ms
DEBUG 2026-06-08 17:15:41 follower.py:184 follower_right SOFollower read state: 2.2ms
DEBUG 2026-06-08 17:15:41 follower.py:191 follower_right SOFollower read wrist: 0.0ms
DEBUG 2026-06-08 17:15:41 t_client.py:198 Observation serialization time: 0.006741s
DEBUG 2026-06-08 17:15:41 ort/utils.py:54 [CLIENT] Observation Buffer size 4.395498275756836 MB with
ERROR 2026-06-08 17:15:41 t_client.py:214 Error sending observation #474: <_InactiveRpcError of RPC that terminated with:
	status = StatusCode.UNAVAILABLE
	details = "failed to connect to all addresses; last error: UNKNOWN: ipv4:10.145.8.86:8080: Failed to connect to remote host: connect: Connection refused (111)"
	debug_error_string = "UNKNOWN:Error received from peer  {grpc_message:"failed to connect to all addresses; last error: UNKNOWN: ipv4:10.145.8.86:8080: Failed to connect to remote host: connect: Connection refused (111)", grpc_status:14}"
>
DEBUG 2026-06-08 17:15:41 t_client.py:434 QUEUE SIZE: 0 (Must go: False)
DEBUG 2026-06-08 17:15:41 t_client.py:477 Control loop (ms): 53.85
DEBUG 2026-06-08 17:15:41 follower.py:184 follower_left SOFollower read state: 2.0ms
DEBUG 2026-06-08 17:15:41 follower.py:191 follower_left SOFollower read wrist: 0.0ms
DEBUG 2026-06-08 17:15:41 follower.py:184 follower_right SOFollower read state: 2.4ms
DEBUG 2026-06-08 17:15:41 follower.py:191 follower_right SOFollower read wrist: 0.0ms
DEBUG 2026-06-08 17:15:41 t_client.py:198 Observation serialization time: 0.008557s
DEBUG 2026-06-08 17:15:41 ort/utils.py:54 [CLIENT] Observation Buffer size 4.395498275756836 MB with
ERROR 2026-06-08 17:15:41 t_client.py:214 Error sending observation #474: <_InactiveRpcError of RPC that terminated with:
	status = StatusCode.UNAVAILABLE
	details = "failed to connect to all addresses; last error: UNKNOWN: ipv4:10.145.8.86:8080: Failed to connect to remote host: connect: Connection refused (111)"
	debug_error_string = "UNKNOWN:Error received from peer  {grpc_message:"failed to connect to all addresses; last error: UNKNOWN: ipv4:10.145.8.86:8080: Failed to connect to remote host: connect: Connection refused (111)", grpc_status:14}"
>
DEBUG 2026-06-08 17:15:41 t_client.py:434 QUEUE SIZE: 0 (Must go: False)
DEBUG 2026-06-08 17:15:41 t_client.py:477 Control loop (ms): 46.85
DEBUG 2026-06-08 17:15:41 follower.py:184 follower_left SOFollower read state: 1.8ms
DEBUG 2026-06-08 17:15:41 follower.py:191 follower_left SOFollower read wrist: 0.0ms
DEBUG 2026-06-08 17:15:41 follower.py:184 follower_right SOFollower read state: 1.6ms
DEBUG 2026-06-08 17:15:41 follower.py:191 follower_right SOFollower read wrist: 0.0ms
DEBUG 2026-06-08 17:15:41 t_client.py:198 Observation serialization time: 0.004860s
DEBUG 2026-06-08 17:15:41 ort/utils.py:54 [CLIENT] Observation Buffer size 4.395498275756836 MB with
ERROR 2026-06-08 17:15:41 t_client.py:214 Error sending observation #474: <_InactiveRpcError of RPC that terminated with:
	status = StatusCode.UNAVAILABLE
	details = "failed to connect to all addresses; last error: UNKNOWN: ipv4:10.145.8.86:8080: Failed to connect to remote host: connect: Connection refused (111)"
	debug_error_string = "UNKNOWN:Error received from peer  {grpc_status:14, grpc_message:"failed to connect to all addresses; last error: UNKNOWN: ipv4:10.145.8.86:8080: Failed to connect to remote host: connect: Connection refused (111)"}"
>
DEBUG 2026-06-08 17:15:41 t_client.py:434 QUEUE SIZE: 0 (Must go: False)
DEBUG 2026-06-08 17:15:41 t_client.py:477 Control loop (ms): 51.04
DEBUG 2026-06-08 17:15:41 follower.py:184 follower_left SOFollower read state: 2.1ms
DEBUG 2026-06-08 17:15:41 follower.py:191 follower_left SOFollower read wrist: 0.0ms
DEBUG 2026-06-08 17:15:41 follower.py:184 follower_right SOFollower read state: 2.1ms
DEBUG 2026-06-08 17:15:41 follower.py:191 follower_right SOFollower read wrist: 0.0ms
DEBUG 2026-06-08 17:15:41 t_client.py:198 Observation serialization time: 0.009779s
DEBUG 2026-06-08 17:15:41 ort/utils.py:54 [CLIENT] Observation Buffer size 4.395498275756836 MB with
ERROR 2026-06-08 17:15:41 t_client.py:214 Error sending observation #474: <_InactiveRpcError of RPC that terminated with:
	status = StatusCode.UNAVAILABLE
	details = "failed to connect to all addresses; last error: UNKNOWN: ipv4:10.145.8.86:8080: Failed to connect to remote host: connect: Connection refused (111)"
	debug_error_string = "UNKNOWN:Error received from peer  {grpc_status:14, grpc_message:"failed to connect to all addresses; last error: UNKNOWN: ipv4:10.145.8.86:8080: Failed to connect to remote host: connect: Connection refused (111)"}"
>
DEBUG 2026-06-08 17:15:41 t_client.py:434 QUEUE SIZE: 0 (Must go: False)
DEBUG 2026-06-08 17:15:41 t_client.py:477 Control loop (ms): 46.66
DEBUG 2026-06-08 17:15:41 follower.py:184 follower_left SOFollower read state: 1.9ms
DEBUG 2026-06-08 17:15:41 follower.py:191 follower_left SOFollower read wrist: 0.0ms
DEBUG 2026-06-08 17:15:41 follower.py:184 follower_right SOFollower read state: 1.7ms
DEBUG 2026-06-08 17:15:41 follower.py:191 follower_right SOFollower read wrist: 0.0ms
DEBUG 2026-06-08 17:15:41 t_client.py:198 Observation serialization time: 0.005899s
DEBUG 2026-06-08 17:15:41 ort/utils.py:54 [CLIENT] Observation Buffer size 4.395498275756836 MB with
ERROR 2026-06-08 17:15:41 t_client.py:214 Error sending observation #474: <_InactiveRpcError of RPC that terminated with:
	status = StatusCode.UNAVAILABLE
	details = "failed to connect to all addresses; last error: UNKNOWN: ipv4:10.145.8.86:8080: Failed to connect to remote host: connect: Connection refused (111)"
	debug_error_string = "UNKNOWN:Error received from peer  {grpc_message:"failed to connect to all addresses; last error: UNKNOWN: ipv4:10.145.8.86:8080: Failed to connect to remote host: connect: Connection refused (111)", grpc_status:14}"
>
DEBUG 2026-06-08 17:15:41 t_client.py:434 QUEUE SIZE: 0 (Must go: False)
DEBUG 2026-06-08 17:15:41 t_client.py:477 Control loop (ms): 50.31
DEBUG 2026-06-08 17:15:41 follower.py:184 follower_left SOFollower read state: 2.1ms
DEBUG 2026-06-08 17:15:41 follower.py:191 follower_left SOFollower read wrist: 0.0ms
DEBUG 2026-06-08 17:15:41 follower.py:184 follower_right SOFollower read state: 2.4ms
DEBUG 2026-06-08 17:15:41 follower.py:191 follower_right SOFollower read wrist: 0.0ms
DEBUG 2026-06-08 17:15:41 t_client.py:198 Observation serialization time: 0.008503s
DEBUG 2026-06-08 17:15:41 ort/utils.py:54 [CLIENT] Observation Buffer size 4.395498275756836 MB with
ERROR 2026-06-08 17:15:41 t_client.py:214 Error sending observation #474: <_InactiveRpcError of RPC that terminated with:
	status = StatusCode.UNAVAILABLE
	details = "failed to connect to all addresses; last error: UNKNOWN: ipv4:10.145.8.86:8080: Failed to connect to remote host: connect: Connection refused (111)"
	debug_error_string = "UNKNOWN:Error received from peer  {grpc_status:14, grpc_message:"failed to connect to all addresses; last error: UNKNOWN: ipv4:10.145.8.86:8080: Failed to connect to remote host: connect: Connection refused (111)"}"
>
DEBUG 2026-06-08 17:15:41 t_client.py:434 QUEUE SIZE: 0 (Must go: False)
DEBUG 2026-06-08 17:15:41 t_client.py:477 Control loop (ms): 47.49
DEBUG 2026-06-08 17:15:41 follower.py:184 follower_left SOFollower read state: 1.9ms
DEBUG 2026-06-08 17:15:41 follower.py:191 follower_left SOFollower read wrist: 0.0ms
DEBUG 2026-06-08 17:15:41 follower.py:184 follower_right SOFollower read state: 1.7ms
DEBUG 2026-06-08 17:15:41 follower.py:191 follower_right SOFollower read wrist: 0.0ms
DEBUG 2026-06-08 17:15:41 t_client.py:198 Observation serialization time: 0.006113s
DEBUG 2026-06-08 17:15:41 ort/utils.py:54 [CLIENT] Observation Buffer size 4.395498275756836 MB with
ERROR 2026-06-08 17:15:41 t_client.py:214 Error sending observation #474: <_InactiveRpcError of RPC that terminated with:
	status = StatusCode.UNAVAILABLE
	details = "failed to connect to all addresses; last error: UNKNOWN: ipv4:10.145.8.86:8080: Failed to connect to remote host: connect: Connection refused (111)"
	debug_error_string = "UNKNOWN:Error received from peer  {grpc_status:14, grpc_message:"failed to connect to all addresses; last error: UNKNOWN: ipv4:10.145.8.86:8080: Failed to connect to remote host: connect: Connection refused (111)"}"
>
DEBUG 2026-06-08 17:15:41 t_client.py:434 QUEUE SIZE: 0 (Must go: False)
DEBUG 2026-06-08 17:15:41 t_client.py:477 Control loop (ms): 43.91
DEBUG 2026-06-08 17:15:41 follower.py:184 follower_left SOFollower read state: 1.8ms
DEBUG 2026-06-08 17:15:41 follower.py:191 follower_left SOFollower read wrist: 0.0ms
DEBUG 2026-06-08 17:15:41 follower.py:184 follower_right SOFollower read state: 1.7ms
DEBUG 2026-06-08 17:15:41 follower.py:191 follower_right SOFollower read wrist: 0.0ms
DEBUG 2026-06-08 17:15:41 t_client.py:198 Observation serialization time: 0.006404s
DEBUG 2026-06-08 17:15:41 ort/utils.py:54 [CLIENT] Observation Buffer size 4.395498275756836 MB with
ERROR 2026-06-08 17:15:41 t_client.py:214 Error sending observation #474: <_InactiveRpcError of RPC that terminated with:
	status = StatusCode.UNAVAILABLE
	details = "failed to connect to all addresses; last error: UNKNOWN: ipv4:10.145.8.86:8080: Failed to connect to remote host: connect: Connection refused (111)"
	debug_error_string = "UNKNOWN:Error received from peer  {grpc_status:14, grpc_message:"failed to connect to all addresses; last error: UNKNOWN: ipv4:10.145.8.86:8080: Failed to connect to remote host: connect: Connection refused (111)"}"
>
DEBUG 2026-06-08 17:15:41 t_client.py:434 QUEUE SIZE: 0 (Must go: False)
DEBUG 2026-06-08 17:15:41 t_client.py:477 Control loop (ms): 44.27
DEBUG 2026-06-08 17:15:41 follower.py:184 follower_left SOFollower read state: 2.4ms
DEBUG 2026-06-08 17:15:41 follower.py:191 follower_left SOFollower read wrist: 0.0ms
DEBUG 2026-06-08 17:15:41 follower.py:184 follower_right SOFollower read state: 2.2ms
DEBUG 2026-06-08 17:15:41 follower.py:191 follower_right SOFollower read wrist: 0.0ms
DEBUG 2026-06-08 17:15:41 t_client.py:198 Observation serialization time: 0.007845s
ERROR 2026-06-08 17:15:41 t_client.py:359 Error receiving actions: <_InactiveRpcError of RPC that terminated with:
	status = StatusCode.UNAVAILABLE
	details = "failed to connect to all addresses; last error: UNKNOWN: ipv4:10.145.8.86:8080: Failed to connect to remote host: connect: Connection refused (111)"
	debug_error_string = "UNKNOWN:Error received from peer  {grpc_message:"failed to connect to all addresses; last error: UNKNOWN: ipv4:10.145.8.86:8080: Failed to connect to remote host: connect: Connection refused (111)", grpc_status:14}"
>
DEBUG 2026-06-08 17:15:41 ort/utils.py:54 [CLIENT] Observation Buffer size 4.395498275756836 MB with
ERROR 2026-06-08 17:15:41 t_client.py:214 Error sending observation #474: <_InactiveRpcError of RPC that terminated with:
	status = StatusCode.UNAVAILABLE
	details = "failed to connect to all addresses; last error: UNKNOWN: ipv4:10.145.8.86:8080: Failed to connect to remote host: connect: Connection refused (111)"
	debug_error_string = "UNKNOWN:Error received from peer  {grpc_message:"failed to connect to all addresses; last error: UNKNOWN: ipv4:10.145.8.86:8080: Failed to connect to remote host: connect: Connection refused (111)", grpc_status:14}"
>
DEBUG 2026-06-08 17:15:41 t_client.py:434 QUEUE SIZE: 0 (Must go: False)
DEBUG 2026-06-08 17:15:41 t_client.py:477 Control loop (ms): 47.46
DEBUG 2026-06-08 17:15:41 follower.py:184 follower_left SOFollower read state: 3.0ms
DEBUG 2026-06-08 17:15:41 follower.py:191 follower_left SOFollower read wrist: 0.0ms
DEBUG 2026-06-08 17:15:41 follower.py:184 follower_right SOFollower read state: 2.1ms
DEBUG 2026-06-08 17:15:41 follower.py:191 follower_right SOFollower read wrist: 0.0ms
DEBUG 2026-06-08 17:15:41 t_client.py:198 Observation serialization time: 0.011313s
DEBUG 2026-06-08 17:15:41 ort/utils.py:54 [CLIENT] Observation Buffer size 4.395498275756836 MB with
ERROR 2026-06-08 17:15:41 t_client.py:214 Error sending observation #474: <_InactiveRpcError of RPC that terminated with:
	status = StatusCode.UNAVAILABLE
	details = "failed to connect to all addresses; last error: UNKNOWN: ipv4:10.145.8.86:8080: Failed to connect to remote host: connect: Connection refused (111)"
	debug_error_string = "UNKNOWN:Error received from peer  {grpc_message:"failed to connect to all addresses; last error: UNKNOWN: ipv4:10.145.8.86:8080: Failed to connect to remote host: connect: Connection refused (111)", grpc_status:14}"
>
DEBUG 2026-06-08 17:15:41 t_client.py:434 QUEUE SIZE: 0 (Must go: False)
DEBUG 2026-06-08 17:15:41 t_client.py:477 Control loop (ms): 54.70
DEBUG 2026-06-08 17:15:41 follower.py:184 follower_left SOFollower read state: 2.0ms
DEBUG 2026-06-08 17:15:41 follower.py:191 follower_left SOFollower read wrist: 0.0ms
DEBUG 2026-06-08 17:15:41 follower.py:184 follower_right SOFollower read state: 1.8ms
DEBUG 2026-06-08 17:15:41 follower.py:191 follower_right SOFollower read wrist: 0.0ms
DEBUG 2026-06-08 17:15:41 t_client.py:198 Observation serialization time: 0.010289s
DEBUG 2026-06-08 17:15:41 ort/utils.py:54 [CLIENT] Observation Buffer size 4.395498275756836 MB with
ERROR 2026-06-08 17:15:41 t_client.py:214 Error sending observation #474: <_InactiveRpcError of RPC that terminated with:
	status = StatusCode.UNAVAILABLE
	details = "failed to connect to all addresses; last error: UNKNOWN: ipv4:10.145.8.86:8080: Failed to connect to remote host: connect: Connection refused (111)"
	debug_error_string = "UNKNOWN:Error received from peer  {grpc_status:14, grpc_message:"failed to connect to all addresses; last error: UNKNOWN: ipv4:10.145.8.86:8080: Failed to connect to remote host: connect: Connection refused (111)"}"
>
DEBUG 2026-06-08 17:15:41 t_client.py:434 QUEUE SIZE: 0 (Must go: False)
DEBUG 2026-06-08 17:15:41 t_client.py:477 Control loop (ms): 53.69
DEBUG 2026-06-08 17:15:41 follower.py:184 follower_left SOFollower read state: 3.1ms
DEBUG 2026-06-08 17:15:41 follower.py:191 follower_left SOFollower read wrist: 0.1ms
DEBUG 2026-06-08 17:15:41 follower.py:184 follower_right SOFollower read state: 2.5ms
DEBUG 2026-06-08 17:15:41 follower.py:191 follower_right SOFollower read wrist: 0.1ms
DEBUG 2026-06-08 17:15:41 t_client.py:198 Observation serialization time: 0.010466s
DEBUG 2026-06-08 17:15:41 ort/utils.py:54 [CLIENT] Observation Buffer size 4.395498275756836 MB with
ERROR 2026-06-08 17:15:41 t_client.py:214 Error sending observation #474: <_InactiveRpcError of RPC that terminated with:
	status = StatusCode.UNAVAILABLE
	details = "failed to connect to all addresses; last error: UNKNOWN: ipv4:10.145.8.86:8080: Failed to connect to remote host: connect: Connection refused (111)"
	debug_error_string = "UNKNOWN:Error received from peer  {grpc_status:14, grpc_message:"failed to connect to all addresses; last error: UNKNOWN: ipv4:10.145.8.86:8080: Failed to connect to remote host: connect: Connection refused (111)"}"
>
DEBUG 2026-06-08 17:15:41 t_client.py:434 QUEUE SIZE: 0 (Must go: False)
DEBUG 2026-06-08 17:15:41 t_client.py:477 Control loop (ms): 52.69
DEBUG 2026-06-08 17:15:41 follower.py:184 follower_left SOFollower read state: 2.0ms
DEBUG 2026-06-08 17:15:41 follower.py:191 follower_left SOFollower read wrist: 0.0ms
DEBUG 2026-06-08 17:15:41 follower.py:184 follower_right SOFollower read state: 2.0ms
DEBUG 2026-06-08 17:15:41 follower.py:191 follower_right SOFollower read wrist: 0.0ms
DEBUG 2026-06-08 17:15:41 t_client.py:198 Observation serialization time: 0.007799s
DEBUG 2026-06-08 17:15:41 ort/utils.py:54 [CLIENT] Observation Buffer size 4.395498275756836 MB with
ERROR 2026-06-08 17:15:41 t_client.py:214 Error sending observation #474: <_InactiveRpcError of RPC that terminated with:
	status = StatusCode.UNAVAILABLE
	details = "failed to connect to all addresses; last error: UNKNOWN: ipv4:10.145.8.86:8080: Failed to connect to remote host: connect: Connection refused (111)"
	debug_error_string = "UNKNOWN:Error received from peer  {grpc_message:"failed to connect to all addresses; last error: UNKNOWN: ipv4:10.145.8.86:8080: Failed to connect to remote host: connect: Connection refused (111)", grpc_status:14}"
>
DEBUG 2026-06-08 17:15:41 t_client.py:434 QUEUE SIZE: 0 (Must go: False)
DEBUG 2026-06-08 17:15:41 t_client.py:477 Control loop (ms): 50.05
DEBUG 2026-06-08 17:15:41 follower.py:184 follower_left SOFollower read state: 2.2ms
DEBUG 2026-06-08 17:15:41 follower.py:191 follower_left SOFollower read wrist: 0.0ms
DEBUG 2026-06-08 17:15:41 follower.py:184 follower_right SOFollower read state: 1.8ms
DEBUG 2026-06-08 17:15:41 follower.py:191 follower_right SOFollower read wrist: 0.0ms
DEBUG 2026-06-08 17:15:41 t_client.py:198 Observation serialization time: 0.008908s
DEBUG 2026-06-08 17:15:41 ort/utils.py:54 [CLIENT] Observation Buffer size 4.395498275756836 MB with
ERROR 2026-06-08 17:15:41 t_client.py:214 Error sending observation #474: <_InactiveRpcError of RPC that terminated with:
	status = StatusCode.UNAVAILABLE
	details = "failed to connect to all addresses; last error: UNKNOWN: ipv4:10.145.8.86:8080: Failed to connect to remote host: connect: Connection refused (111)"
	debug_error_string = "UNKNOWN:Error received from peer  {grpc_status:14, grpc_message:"failed to connect to all addresses; last error: UNKNOWN: ipv4:10.145.8.86:8080: Failed to connect to remote host: connect: Connection refused (111)"}"
>
DEBUG 2026-06-08 17:15:41 t_client.py:434 QUEUE SIZE: 0 (Must go: False)
DEBUG 2026-06-08 17:15:41 t_client.py:477 Control loop (ms): 52.49
DEBUG 2026-06-08 17:15:41 follower.py:184 follower_left SOFollower read state: 2.0ms
DEBUG 2026-06-08 17:15:41 follower.py:191 follower_left SOFollower read wrist: 0.0ms
DEBUG 2026-06-08 17:15:41 follower.py:184 follower_right SOFollower read state: 1.8ms
DEBUG 2026-06-08 17:15:41 follower.py:191 follower_right SOFollower read wrist: 0.0ms
DEBUG 2026-06-08 17:15:41 t_client.py:198 Observation serialization time: 0.007972s
DEBUG 2026-06-08 17:15:41 ort/utils.py:54 [CLIENT] Observation Buffer size 4.395498275756836 MB with
ERROR 2026-06-08 17:15:41 t_client.py:214 Error sending observation #474: <_InactiveRpcError of RPC that terminated with:
	status = StatusCode.UNAVAILABLE
	details = "failed to connect to all addresses; last error: UNKNOWN: ipv4:10.145.8.86:8080: Failed to connect to remote host: connect: Connection refused (111)"
	debug_error_string = "UNKNOWN:Error received from peer  {grpc_message:"failed to connect to all addresses; last error: UNKNOWN: ipv4:10.145.8.86:8080: Failed to connect to remote host: connect: Connection refused (111)", grpc_status:14}"
>
DEBUG 2026-06-08 17:15:41 t_client.py:434 QUEUE SIZE: 0 (Must go: False)
DEBUG 2026-06-08 17:15:41 t_client.py:477 Control loop (ms): 49.56
DEBUG 2026-06-08 17:15:41 follower.py:184 follower_left SOFollower read state: 1.9ms
DEBUG 2026-06-08 17:15:41 follower.py:191 follower_left SOFollower read wrist: 0.0ms
DEBUG 2026-06-08 17:15:41 follower.py:184 follower_right SOFollower read state: 2.0ms
DEBUG 2026-06-08 17:15:41 follower.py:191 follower_right SOFollower read wrist: 0.0ms
DEBUG 2026-06-08 17:15:41 t_client.py:198 Observation serialization time: 0.007139s
DEBUG 2026-06-08 17:15:41 ort/utils.py:54 [CLIENT] Observation Buffer size 4.395498275756836 MB with
ERROR 2026-06-08 17:15:41 t_client.py:214 Error sending observation #474: <_InactiveRpcError of RPC that terminated with:
	status = StatusCode.UNAVAILABLE
	details = "failed to connect to all addresses; last error: UNKNOWN: ipv4:10.145.8.86:8080: Failed to connect to remote host: connect: Connection refused (111)"
	debug_error_string = "UNKNOWN:Error received from peer  {grpc_status:14, grpc_message:"failed to connect to all addresses; last error: UNKNOWN: ipv4:10.145.8.86:8080: Failed to connect to remote host: connect: Connection refused (111)"}"
>
DEBUG 2026-06-08 17:15:41 t_client.py:434 QUEUE SIZE: 0 (Must go: False)
DEBUG 2026-06-08 17:15:41 t_client.py:477 Control loop (ms): 51.72
DEBUG 2026-06-08 17:15:41 follower.py:184 follower_left SOFollower read state: 1.9ms
DEBUG 2026-06-08 17:15:41 follower.py:191 follower_left SOFollower read wrist: 0.0ms
DEBUG 2026-06-08 17:15:41 follower.py:184 follower_right SOFollower read state: 1.6ms
DEBUG 2026-06-08 17:15:41 follower.py:191 follower_right SOFollower read wrist: 0.0ms
DEBUG 2026-06-08 17:15:41 t_client.py:198 Observation serialization time: 0.006803s
DEBUG 2026-06-08 17:15:41 ort/utils.py:54 [CLIENT] Observation Buffer size 4.395498275756836 MB with
ERROR 2026-06-08 17:15:41 t_client.py:214 Error sending observation #474: <_InactiveRpcError of RPC that terminated with:
	status = StatusCode.UNAVAILABLE
	details = "failed to connect to all addresses; last error: UNKNOWN: ipv4:10.145.8.86:8080: Failed to connect to remote host: connect: Connection refused (111)"
	debug_error_string = "UNKNOWN:Error received from peer  {grpc_message:"failed to connect to all addresses; last error: UNKNOWN: ipv4:10.145.8.86:8080: Failed to connect to remote host: connect: Connection refused (111)", grpc_status:14}"
>
DEBUG 2026-06-08 17:15:41 t_client.py:434 QUEUE SIZE: 0 (Must go: False)
DEBUG 2026-06-08 17:15:41 t_client.py:477 Control loop (ms): 51.12
DEBUG 2026-06-08 17:15:41 follower.py:184 follower_left SOFollower read state: 2.2ms
DEBUG 2026-06-08 17:15:41 follower.py:191 follower_left SOFollower read wrist: 0.0ms
DEBUG 2026-06-08 17:15:41 follower.py:184 follower_right SOFollower read state: 2.1ms
DEBUG 2026-06-08 17:15:41 follower.py:191 follower_right SOFollower read wrist: 0.0ms
DEBUG 2026-06-08 17:15:41 t_client.py:198 Observation serialization time: 0.007124s
DEBUG 2026-06-08 17:15:41 ort/utils.py:54 [CLIENT] Observation Buffer size 4.395498275756836 MB with
ERROR 2026-06-08 17:15:41 t_client.py:359 Error receiving actions: <_InactiveRpcError of RPC that terminated with:
	status = StatusCode.UNAVAILABLE
	details = "failed to connect to all addresses; last error: UNKNOWN: ipv4:10.145.8.86:8080: Failed to connect to remote host: connect: Connection refused (111)"
	debug_error_string = "UNKNOWN:Error received from peer  {grpc_status:14, grpc_message:"failed to connect to all addresses; last error: UNKNOWN: ipv4:10.145.8.86:8080: Failed to connect to remote host: connect: Connection refused (111)"}"
>
ERROR 2026-06-08 17:15:41 t_client.py:214 Error sending observation #474: <_InactiveRpcError of RPC that terminated with:
	status = StatusCode.UNAVAILABLE
	details = "failed to connect to all addresses; last error: UNKNOWN: ipv4:10.145.8.86:8080: Failed to connect to remote host: connect: Connection refused (111)"
	debug_error_string = "UNKNOWN:Error received from peer  {grpc_message:"failed to connect to all addresses; last error: UNKNOWN: ipv4:10.145.8.86:8080: Failed to connect to remote host: connect: Connection refused (111)", grpc_status:14}"
>
DEBUG 2026-06-08 17:15:41 t_client.py:434 QUEUE SIZE: 0 (Must go: False)
DEBUG 2026-06-08 17:15:41 t_client.py:477 Control loop (ms): 53.42
DEBUG 2026-06-08 17:15:41 follower.py:184 follower_left SOFollower read state: 2.2ms
DEBUG 2026-06-08 17:15:41 follower.py:191 follower_left SOFollower read wrist: 0.0ms
DEBUG 2026-06-08 17:15:41 follower.py:184 follower_right SOFollower read state: 2.0ms
DEBUG 2026-06-08 17:15:41 follower.py:191 follower_right SOFollower read wrist: 0.0ms
DEBUG 2026-06-08 17:15:41 t_client.py:198 Observation serialization time: 0.009689s
DEBUG 2026-06-08 17:15:41 ort/utils.py:54 [CLIENT] Observation Buffer size 4.395498275756836 MB with
ERROR 2026-06-08 17:15:41 t_client.py:214 Error sending observation #474: <_InactiveRpcError of RPC that terminated with:
	status = StatusCode.UNAVAILABLE
	details = "failed to connect to all addresses; last error: UNKNOWN: ipv4:10.145.8.86:8080: Failed to connect to remote host: connect: Connection refused (111)"
	debug_error_string = "UNKNOWN:Error received from peer  {grpc_message:"failed to connect to all addresses; last error: UNKNOWN: ipv4:10.145.8.86:8080: Failed to connect to remote host: connect: Connection refused (111)", grpc_status:14}"
>
DEBUG 2026-06-08 17:15:41 t_client.py:434 QUEUE SIZE: 0 (Must go: False)
DEBUG 2026-06-08 17:15:41 t_client.py:477 Control loop (ms): 48.40
DEBUG 2026-06-08 17:15:41 follower.py:184 follower_left SOFollower read state: 2.1ms
DEBUG 2026-06-08 17:15:41 follower.py:191 follower_left SOFollower read wrist: 0.0ms
DEBUG 2026-06-08 17:15:41 follower.py:184 follower_right SOFollower read state: 1.8ms
DEBUG 2026-06-08 17:15:41 follower.py:191 follower_right SOFollower read wrist: 0.0ms
DEBUG 2026-06-08 17:15:41 t_client.py:198 Observation serialization time: 0.010065s
DEBUG 2026-06-08 17:15:41 ort/utils.py:54 [CLIENT] Observation Buffer size 4.395498275756836 MB with
ERROR 2026-06-08 17:15:42 t_client.py:214 Error sending observation #474: <_InactiveRpcError of RPC that terminated with:
	status = StatusCode.UNAVAILABLE
	details = "failed to connect to all addresses; last error: UNKNOWN: ipv4:10.145.8.86:8080: Failed to connect to remote host: connect: Connection refused (111)"
	debug_error_string = "UNKNOWN:Error received from peer  {grpc_message:"failed to connect to all addresses; last error: UNKNOWN: ipv4:10.145.8.86:8080: Failed to connect to remote host: connect: Connection refused (111)", grpc_status:14}"
>
DEBUG 2026-06-08 17:15:42 t_client.py:434 QUEUE SIZE: 0 (Must go: False)
DEBUG 2026-06-08 17:15:42 t_client.py:477 Control loop (ms): 47.64
DEBUG 2026-06-08 17:15:42 follower.py:184 follower_left SOFollower read state: 1.7ms
DEBUG 2026-06-08 17:15:42 follower.py:191 follower_left SOFollower read wrist: 0.0ms
DEBUG 2026-06-08 17:15:42 follower.py:184 follower_right SOFollower read state: 1.5ms
DEBUG 2026-06-08 17:15:42 follower.py:191 follower_right SOFollower read wrist: 0.0ms
DEBUG 2026-06-08 17:15:42 t_client.py:198 Observation serialization time: 0.007072s
DEBUG 2026-06-08 17:15:42 ort/utils.py:54 [CLIENT] Observation Buffer size 4.395498275756836 MB with
ERROR 2026-06-08 17:15:42 t_client.py:214 Error sending observation #474: <_InactiveRpcError of RPC that terminated with:
	status = StatusCode.UNAVAILABLE
	details = "failed to connect to all addresses; last error: UNKNOWN: ipv4:10.145.8.86:8080: Failed to connect to remote host: connect: Connection refused (111)"
	debug_error_string = "UNKNOWN:Error received from peer  {grpc_message:"failed to connect to all addresses; last error: UNKNOWN: ipv4:10.145.8.86:8080: Failed to connect to remote host: connect: Connection refused (111)", grpc_status:14}"
>
DEBUG 2026-06-08 17:15:42 t_client.py:434 QUEUE SIZE: 0 (Must go: False)
DEBUG 2026-06-08 17:15:42 t_client.py:477 Control loop (ms): 46.58
DEBUG 2026-06-08 17:15:42 follower.py:184 follower_left SOFollower read state: 1.8ms
DEBUG 2026-06-08 17:15:42 follower.py:191 follower_left SOFollower read wrist: 0.0ms
DEBUG 2026-06-08 17:15:42 follower.py:184 follower_right SOFollower read state: 1.6ms
DEBUG 2026-06-08 17:15:42 follower.py:191 follower_right SOFollower read wrist: 0.0ms
DEBUG 2026-06-08 17:15:42 t_client.py:198 Observation serialization time: 0.008068s
DEBUG 2026-06-08 17:15:42 ort/utils.py:54 [CLIENT] Observation Buffer size 4.395498275756836 MB with
ERROR 2026-06-08 17:15:42 t_client.py:214 Error sending observation #474: <_InactiveRpcError of RPC that terminated with:
	status = StatusCode.UNAVAILABLE
	details = "failed to connect to all addresses; last error: UNKNOWN: ipv4:10.145.8.86:8080: Failed to connect to remote host: connect: Connection refused (111)"
	debug_error_string = "UNKNOWN:Error received from peer  {grpc_status:14, grpc_message:"failed to connect to all addresses; last error: UNKNOWN: ipv4:10.145.8.86:8080: Failed to connect to remote host: connect: Connection refused (111)"}"
>
DEBUG 2026-06-08 17:15:42 t_client.py:434 QUEUE SIZE: 0 (Must go: False)
DEBUG 2026-06-08 17:15:42 t_client.py:477 Control loop (ms): 45.21
DEBUG 2026-06-08 17:15:42 follower.py:184 follower_left SOFollower read state: 2.2ms
DEBUG 2026-06-08 17:15:42 follower.py:191 follower_left SOFollower read wrist: 0.1ms
DEBUG 2026-06-08 17:15:42 follower.py:184 follower_right SOFollower read state: 1.9ms
DEBUG 2026-06-08 17:15:42 follower.py:191 follower_right SOFollower read wrist: 0.0ms
DEBUG 2026-06-08 17:15:42 t_client.py:198 Observation serialization time: 0.008804s
DEBUG 2026-06-08 17:15:42 ort/utils.py:54 [CLIENT] Observation Buffer size 4.395498275756836 MB with
ERROR 2026-06-08 17:15:42 t_client.py:214 Error sending observation #474: <_InactiveRpcError of RPC that terminated with:
	status = StatusCode.UNAVAILABLE
	details = "failed to connect to all addresses; last error: UNKNOWN: ipv4:10.145.8.86:8080: Failed to connect to remote host: connect: Connection refused (111)"
	debug_error_string = "UNKNOWN:Error received from peer  {grpc_message:"failed to connect to all addresses; last error: UNKNOWN: ipv4:10.145.8.86:8080: Failed to connect to remote host: connect: Connection refused (111)", grpc_status:14}"
>
DEBUG 2026-06-08 17:15:42 t_client.py:434 QUEUE SIZE: 0 (Must go: False)
DEBUG 2026-06-08 17:15:42 t_client.py:477 Control loop (ms): 50.82
DEBUG 2026-06-08 17:15:42 follower.py:184 follower_left SOFollower read state: 2.1ms
DEBUG 2026-06-08 17:15:42 follower.py:191 follower_left SOFollower read wrist: 0.1ms
DEBUG 2026-06-08 17:15:42 follower.py:184 follower_right SOFollower read state: 2.5ms
DEBUG 2026-06-08 17:15:42 follower.py:191 follower_right SOFollower read wrist: 0.0ms
DEBUG 2026-06-08 17:15:42 t_client.py:198 Observation serialization time: 0.007557s
DEBUG 2026-06-08 17:15:42 ort/utils.py:54 [CLIENT] Observation Buffer size 4.395498275756836 MB with
ERROR 2026-06-08 17:15:42 t_client.py:214 Error sending observation #474: <_InactiveRpcError of RPC that terminated with:
	status = StatusCode.UNAVAILABLE
	details = "failed to connect to all addresses; last error: UNKNOWN: ipv4:10.145.8.86:8080: Failed to connect to remote host: connect: Connection refused (111)"
	debug_error_string = "UNKNOWN:Error received from peer  {grpc_status:14, grpc_message:"failed to connect to all addresses; last error: UNKNOWN: ipv4:10.145.8.86:8080: Failed to connect to remote host: connect: Connection refused (111)"}"
>
DEBUG 2026-06-08 17:15:42 t_client.py:434 QUEUE SIZE: 0 (Must go: False)
DEBUG 2026-06-08 17:15:42 t_client.py:477 Control loop (ms): 46.43
DEBUG 2026-06-08 17:15:42 follower.py:184 follower_left SOFollower read state: 2.2ms
DEBUG 2026-06-08 17:15:42 follower.py:191 follower_left SOFollower read wrist: 0.0ms
DEBUG 2026-06-08 17:15:42 follower.py:184 follower_right SOFollower read state: 1.9ms
DEBUG 2026-06-08 17:15:42 follower.py:191 follower_right SOFollower read wrist: 0.0ms
DEBUG 2026-06-08 17:15:42 t_client.py:198 Observation serialization time: 0.007078s
DEBUG 2026-06-08 17:15:42 ort/utils.py:54 [CLIENT] Observation Buffer size 4.395498275756836 MB with
ERROR 2026-06-08 17:15:42 t_client.py:214 Error sending observation #474: <_InactiveRpcError of RPC that terminated with:
	status = StatusCode.UNAVAILABLE
	details = "failed to connect to all addresses; last error: UNKNOWN: ipv4:10.145.8.86:8080: Failed to connect to remote host: connect: Connection refused (111)"
	debug_error_string = "UNKNOWN:Error received from peer  {grpc_status:14, grpc_message:"failed to connect to all addresses; last error: UNKNOWN: ipv4:10.145.8.86:8080: Failed to connect to remote host: connect: Connection refused (111)"}"
>
DEBUG 2026-06-08 17:15:42 t_client.py:434 QUEUE SIZE: 0 (Must go: False)
DEBUG 2026-06-08 17:15:42 t_client.py:477 Control loop (ms): 42.63
DEBUG 2026-06-08 17:15:42 follower.py:184 follower_left SOFollower read state: 3.2ms
DEBUG 2026-06-08 17:15:42 follower.py:191 follower_left SOFollower read wrist: 0.0ms
DEBUG 2026-06-08 17:15:42 follower.py:184 follower_right SOFollower read state: 2.0ms
DEBUG 2026-06-08 17:15:42 follower.py:191 follower_right SOFollower read wrist: 0.0ms
DEBUG 2026-06-08 17:15:42 t_client.py:198 Observation serialization time: 0.009645s
DEBUG 2026-06-08 17:15:42 ort/utils.py:54 [CLIENT] Observation Buffer size 4.395498275756836 MB with
ERROR 2026-06-08 17:15:42 t_client.py:214 Error sending observation #474: <_InactiveRpcError of RPC that terminated with:
	status = StatusCode.UNAVAILABLE
	details = "failed to connect to all addresses; last error: UNKNOWN: ipv4:10.145.8.86:8080: Failed to connect to remote host: connect: Connection refused (111)"
	debug_error_string = "UNKNOWN:Error received from peer  {grpc_status:14, grpc_message:"failed to connect to all addresses; last error: UNKNOWN: ipv4:10.145.8.86:8080: Failed to connect to remote host: connect: Connection refused (111)"}"
>
DEBUG 2026-06-08 17:15:42 t_client.py:434 QUEUE SIZE: 0 (Must go: False)
DEBUG 2026-06-08 17:15:42 t_client.py:477 Control loop (ms): 57.33
DEBUG 2026-06-08 17:15:42 follower.py:184 follower_left SOFollower read state: 1.9ms
DEBUG 2026-06-08 17:15:42 follower.py:191 follower_left SOFollower read wrist: 0.0ms
DEBUG 2026-06-08 17:15:42 follower.py:184 follower_right SOFollower read state: 1.8ms
DEBUG 2026-06-08 17:15:42 follower.py:191 follower_right SOFollower read wrist: 0.0ms
DEBUG 2026-06-08 17:15:42 t_client.py:198 Observation serialization time: 0.011035s
DEBUG 2026-06-08 17:15:42 ort/utils.py:54 [CLIENT] Observation Buffer size 4.395498275756836 MB with
ERROR 2026-06-08 17:15:42 t_client.py:359 Error receiving actions: <_InactiveRpcError of RPC that terminated with:
	status = StatusCode.UNAVAILABLE
	details = "failed to connect to all addresses; last error: UNKNOWN: ipv4:10.145.8.86:8080: Failed to connect to remote host: connect: Connection refused (111)"
	debug_error_string = "UNKNOWN:Error received from peer  {grpc_message:"failed to connect to all addresses; last error: UNKNOWN: ipv4:10.145.8.86:8080: Failed to connect to remote host: connect: Connection refused (111)", grpc_status:14}"
>
ERROR 2026-06-08 17:15:42 t_client.py:214 Error sending observation #474: <_InactiveRpcError of RPC that terminated with:
	status = StatusCode.UNAVAILABLE
	details = "failed to connect to all addresses; last error: UNKNOWN: ipv4:10.145.8.86:8080: Failed to connect to remote host: connect: Connection refused (111)"
	debug_error_string = "UNKNOWN:Error received from peer  {grpc_status:14, grpc_message:"failed to connect to all addresses; last error: UNKNOWN: ipv4:10.145.8.86:8080: Failed to connect to remote host: connect: Connection refused (111)"}"
>
DEBUG 2026-06-08 17:15:42 t_client.py:434 QUEUE SIZE: 0 (Must go: False)
DEBUG 2026-06-08 17:15:42 t_client.py:477 Control loop (ms): 48.90
DEBUG 2026-06-08 17:15:42 follower.py:184 follower_left SOFollower read state: 1.7ms
DEBUG 2026-06-08 17:15:42 follower.py:191 follower_left SOFollower read wrist: 0.0ms
DEBUG 2026-06-08 17:15:42 follower.py:184 follower_right SOFollower read state: 1.6ms
DEBUG 2026-06-08 17:15:42 follower.py:191 follower_right SOFollower read wrist: 0.0ms
DEBUG 2026-06-08 17:15:42 t_client.py:198 Observation serialization time: 0.007130s
DEBUG 2026-06-08 17:15:42 ort/utils.py:54 [CLIENT] Observation Buffer size 4.395498275756836 MB with
ERROR 2026-06-08 17:15:42 t_client.py:214 Error sending observation #474: <_InactiveRpcError of RPC that terminated with:
	status = StatusCode.UNAVAILABLE
	details = "failed to connect to all addresses; last error: UNKNOWN: ipv4:10.145.8.86:8080: Failed to connect to remote host: connect: Connection refused (111)"
	debug_error_string = "UNKNOWN:Error received from peer  {grpc_status:14, grpc_message:"failed to connect to all addresses; last error: UNKNOWN: ipv4:10.145.8.86:8080: Failed to connect to remote host: connect: Connection refused (111)"}"
>
DEBUG 2026-06-08 17:15:42 t_client.py:434 QUEUE SIZE: 0 (Must go: False)
DEBUG 2026-06-08 17:15:42 t_client.py:477 Control loop (ms): 45.83
DEBUG 2026-06-08 17:15:42 follower.py:184 follower_left SOFollower read state: 1.8ms
DEBUG 2026-06-08 17:15:42 follower.py:191 follower_left SOFollower read wrist: 0.0ms
DEBUG 2026-06-08 17:15:42 follower.py:184 follower_right SOFollower read state: 1.7ms
DEBUG 2026-06-08 17:15:42 follower.py:191 follower_right SOFollower read wrist: 0.0ms
DEBUG 2026-06-08 17:15:42 t_client.py:198 Observation serialization time: 0.011441s
DEBUG 2026-06-08 17:15:42 ort/utils.py:54 [CLIENT] Observation Buffer size 4.395498275756836 MB with
ERROR 2026-06-08 17:15:42 t_client.py:214 Error sending observation #474: <_InactiveRpcError of RPC that terminated with:
	status = StatusCode.UNAVAILABLE
	details = "failed to connect to all addresses; last error: UNKNOWN: ipv4:10.145.8.86:8080: Failed to connect to remote host: connect: Connection refused (111)"
	debug_error_string = "UNKNOWN:Error received from peer  {grpc_status:14, grpc_message:"failed to connect to all addresses; last error: UNKNOWN: ipv4:10.145.8.86:8080: Failed to connect to remote host: connect: Connection refused (111)"}"
>
DEBUG 2026-06-08 17:15:42 t_client.py:434 QUEUE SIZE: 0 (Must go: False)
DEBUG 2026-06-08 17:15:42 t_client.py:477 Control loop (ms): 57.82
DEBUG 2026-06-08 17:15:42 follower.py:184 follower_left SOFollower read state: 1.7ms
DEBUG 2026-06-08 17:15:42 follower.py:191 follower_left SOFollower read wrist: 0.0ms
DEBUG 2026-06-08 17:15:42 follower.py:184 follower_right SOFollower read state: 1.6ms
DEBUG 2026-06-08 17:15:42 follower.py:191 follower_right SOFollower read wrist: 0.0ms
DEBUG 2026-06-08 17:15:42 t_client.py:198 Observation serialization time: 0.008084s
DEBUG 2026-06-08 17:15:42 ort/utils.py:54 [CLIENT] Observation Buffer size 4.395498275756836 MB with
ERROR 2026-06-08 17:15:42 t_client.py:214 Error sending observation #474: <_InactiveRpcError of RPC that terminated with:
	status = StatusCode.UNAVAILABLE
	details = "failed to connect to all addresses; last error: UNKNOWN: ipv4:10.145.8.86:8080: Failed to connect to remote host: connect: Connection refused (111)"
	debug_error_string = "UNKNOWN:Error received from peer  {grpc_message:"failed to connect to all addresses; last error: UNKNOWN: ipv4:10.145.8.86:8080: Failed to connect to remote host: connect: Connection refused (111)", grpc_status:14}"
>
DEBUG 2026-06-08 17:15:42 t_client.py:434 QUEUE SIZE: 0 (Must go: False)
DEBUG 2026-06-08 17:15:42 t_client.py:477 Control loop (ms): 53.25
DEBUG 2026-06-08 17:15:42 follower.py:184 follower_left SOFollower read state: 2.2ms
DEBUG 2026-06-08 17:15:42 follower.py:191 follower_left SOFollower read wrist: 0.0ms
DEBUG 2026-06-08 17:15:42 follower.py:184 follower_right SOFollower read state: 2.1ms
DEBUG 2026-06-08 17:15:42 follower.py:191 follower_right SOFollower read wrist: 0.0ms
DEBUG 2026-06-08 17:15:42 t_client.py:198 Observation serialization time: 0.007842s
DEBUG 2026-06-08 17:15:42 ort/utils.py:54 [CLIENT] Observation Buffer size 4.395498275756836 MB with
ERROR 2026-06-08 17:15:42 t_client.py:214 Error sending observation #474: <_InactiveRpcError of RPC that terminated with:
	status = StatusCode.UNAVAILABLE
	details = "failed to connect to all addresses; last error: UNKNOWN: ipv4:10.145.8.86:8080: Failed to connect to remote host: connect: Connection refused (111)"
	debug_error_string = "UNKNOWN:Error received from peer  {grpc_message:"failed to connect to all addresses; last error: UNKNOWN: ipv4:10.145.8.86:8080: Failed to connect to remote host: connect: Connection refused (111)", grpc_status:14}"
>
DEBUG 2026-06-08 17:15:42 t_client.py:434 QUEUE SIZE: 0 (Must go: False)
DEBUG 2026-06-08 17:15:42 t_client.py:477 Control loop (ms): 44.73
DEBUG 2026-06-08 17:15:42 follower.py:184 follower_left SOFollower read state: 2.1ms
DEBUG 2026-06-08 17:15:42 follower.py:191 follower_left SOFollower read wrist: 0.0ms
DEBUG 2026-06-08 17:15:42 follower.py:184 follower_right SOFollower read state: 2.1ms
DEBUG 2026-06-08 17:15:42 follower.py:191 follower_right SOFollower read wrist: 0.0ms
DEBUG 2026-06-08 17:15:42 t_client.py:198 Observation serialization time: 0.009560s
DEBUG 2026-06-08 17:15:42 ort/utils.py:54 [CLIENT] Observation Buffer size 4.395498275756836 MB with
ERROR 2026-06-08 17:15:42 t_client.py:214 Error sending observation #474: <_InactiveRpcError of RPC that terminated with:
	status = StatusCode.UNAVAILABLE
	details = "failed to connect to all addresses; last error: UNKNOWN: ipv4:10.145.8.86:8080: Failed to connect to remote host: connect: Connection refused (111)"
	debug_error_string = "UNKNOWN:Error received from peer  {grpc_status:14, grpc_message:"failed to connect to all addresses; last error: UNKNOWN: ipv4:10.145.8.86:8080: Failed to connect to remote host: connect: Connection refused (111)"}"
>
DEBUG 2026-06-08 17:15:42 t_client.py:434 QUEUE SIZE: 0 (Must go: False)
DEBUG 2026-06-08 17:15:42 t_client.py:477 Control loop (ms): 53.53
DEBUG 2026-06-08 17:15:42 follower.py:184 follower_left SOFollower read state: 2.7ms
DEBUG 2026-06-08 17:15:42 follower.py:191 follower_left SOFollower read wrist: 0.1ms
DEBUG 2026-06-08 17:15:42 follower.py:184 follower_right SOFollower read state: 1.5ms
DEBUG 2026-06-08 17:15:42 follower.py:191 follower_right SOFollower read wrist: 0.0ms
DEBUG 2026-06-08 17:15:42 t_client.py:198 Observation serialization time: 0.003184s
DEBUG 2026-06-08 17:15:42 ort/utils.py:54 [CLIENT] Observation Buffer size 4.395498275756836 MB with
ERROR 2026-06-08 17:15:42 t_client.py:214 Error sending observation #474: <_InactiveRpcError of RPC that terminated with:
	status = StatusCode.UNAVAILABLE
	details = "failed to connect to all addresses; last error: UNKNOWN: ipv4:10.145.8.86:8080: Failed to connect to remote host: connect: Connection refused (111)"
	debug_error_string = "UNKNOWN:Error received from peer  {grpc_status:14, grpc_message:"failed to connect to all addresses; last error: UNKNOWN: ipv4:10.145.8.86:8080: Failed to connect to remote host: connect: Connection refused (111)"}"
>
DEBUG 2026-06-08 17:15:42 t_client.py:434 QUEUE SIZE: 0 (Must go: False)
DEBUG 2026-06-08 17:15:42 t_client.py:477 Control loop (ms): 43.21
DEBUG 2026-06-08 17:15:42 follower.py:184 follower_left SOFollower read state: 2.2ms
DEBUG 2026-06-08 17:15:42 follower.py:191 follower_left SOFollower read wrist: 0.0ms
DEBUG 2026-06-08 17:15:42 follower.py:184 follower_right SOFollower read state: 1.9ms
DEBUG 2026-06-08 17:15:42 follower.py:191 follower_right SOFollower read wrist: 0.0ms
DEBUG 2026-06-08 17:15:42 t_client.py:198 Observation serialization time: 0.007513s
DEBUG 2026-06-08 17:15:42 ort/utils.py:54 [CLIENT] Observation Buffer size 4.395498275756836 MB with
ERROR 2026-06-08 17:15:42 t_client.py:214 Error sending observation #474: <_InactiveRpcError of RPC that terminated with:
	status = StatusCode.UNAVAILABLE
	details = "failed to connect to all addresses; last error: UNKNOWN: ipv4:10.145.8.86:8080: Failed to connect to remote host: connect: Connection refused (111)"
	debug_error_string = "UNKNOWN:Error received from peer  {grpc_status:14, grpc_message:"failed to connect to all addresses; last error: UNKNOWN: ipv4:10.145.8.86:8080: Failed to connect to remote host: connect: Connection refused (111)"}"
>
DEBUG 2026-06-08 17:15:42 t_client.py:434 QUEUE SIZE: 0 (Must go: False)
DEBUG 2026-06-08 17:15:42 t_client.py:477 Control loop (ms): 52.87
DEBUG 2026-06-08 17:15:42 follower.py:184 follower_left SOFollower read state: 2.4ms
DEBUG 2026-06-08 17:15:42 follower.py:191 follower_left SOFollower read wrist: 0.0ms
DEBUG 2026-06-08 17:15:42 follower.py:184 follower_right SOFollower read state: 2.0ms
DEBUG 2026-06-08 17:15:42 follower.py:191 follower_right SOFollower read wrist: 0.0ms
DEBUG 2026-06-08 17:15:42 t_client.py:198 Observation serialization time: 0.006274s
DEBUG 2026-06-08 17:15:42 ort/utils.py:54 [CLIENT] Observation Buffer size 4.395498275756836 MB with
ERROR 2026-06-08 17:15:42 t_client.py:214 Error sending observation #474: <_InactiveRpcError of RPC that terminated with:
	status = StatusCode.UNAVAILABLE
	details = "failed to connect to all addresses; last error: UNKNOWN: ipv4:10.145.8.86:8080: Failed to connect to remote host: connect: Connection refused (111)"
	debug_error_string = "UNKNOWN:Error received from peer  {grpc_status:14, grpc_message:"failed to connect to all addresses; last error: UNKNOWN: ipv4:10.145.8.86:8080: Failed to connect to remote host: connect: Connection refused (111)"}"
>
DEBUG 2026-06-08 17:15:42 t_client.py:434 QUEUE SIZE: 0 (Must go: False)
DEBUG 2026-06-08 17:15:42 t_client.py:477 Control loop (ms): 53.34
DEBUG 2026-06-08 17:15:42 follower.py:184 follower_left SOFollower read state: 1.9ms
DEBUG 2026-06-08 17:15:42 follower.py:191 follower_left SOFollower read wrist: 0.0ms
DEBUG 2026-06-08 17:15:42 follower.py:184 follower_right SOFollower read state: 1.5ms
DEBUG 2026-06-08 17:15:42 follower.py:191 follower_right SOFollower read wrist: 0.0ms
DEBUG 2026-06-08 17:15:42 t_client.py:198 Observation serialization time: 0.009687s
DEBUG 2026-06-08 17:15:42 ort/utils.py:54 [CLIENT] Observation Buffer size 4.395498275756836 MB with
ERROR 2026-06-08 17:15:42 t_client.py:214 Error sending observation #474: <_InactiveRpcError of RPC that terminated with:
	status = StatusCode.UNAVAILABLE
	details = "failed to connect to all addresses; last error: UNKNOWN: ipv4:10.145.8.86:8080: Failed to connect to remote host: connect: Connection refused (111)"
	debug_error_string = "UNKNOWN:Error received from peer  {grpc_status:14, grpc_message:"failed to connect to all addresses; last error: UNKNOWN: ipv4:10.145.8.86:8080: Failed to connect to remote host: connect: Connection refused (111)"}"
>
DEBUG 2026-06-08 17:15:42 t_client.py:434 QUEUE SIZE: 0 (Must go: False)
DEBUG 2026-06-08 17:15:42 t_client.py:477 Control loop (ms): 56.78
DEBUG 2026-06-08 17:15:42 follower.py:184 follower_left SOFollower read state: 2.3ms
DEBUG 2026-06-08 17:15:42 follower.py:191 follower_left SOFollower read wrist: 0.0ms
DEBUG 2026-06-08 17:15:42 follower.py:184 follower_right SOFollower read state: 1.9ms
DEBUG 2026-06-08 17:15:42 follower.py:191 follower_right SOFollower read wrist: 0.0ms
DEBUG 2026-06-08 17:15:42 t_client.py:198 Observation serialization time: 0.007403s
DEBUG 2026-06-08 17:15:42 ort/utils.py:54 [CLIENT] Observation Buffer size 4.395498275756836 MB with
ERROR 2026-06-08 17:15:42 t_client.py:214 Error sending observation #474: <_InactiveRpcError of RPC that terminated with:
	status = StatusCode.UNAVAILABLE
	details = "failed to connect to all addresses; last error: UNKNOWN: ipv4:10.145.8.86:8080: Failed to connect to remote host: connect: Connection refused (111)"
	debug_error_string = "UNKNOWN:Error received from peer  {grpc_message:"failed to connect to all addresses; last error: UNKNOWN: ipv4:10.145.8.86:8080: Failed to connect to remote host: connect: Connection refused (111)", grpc_status:14}"
>
DEBUG 2026-06-08 17:15:42 t_client.py:434 QUEUE SIZE: 0 (Must go: False)
DEBUG 2026-06-08 17:15:42 t_client.py:477 Control loop (ms): 49.88
ERROR 2026-06-08 17:15:42 t_client.py:359 Error receiving actions: <_InactiveRpcError of RPC that terminated with:
	status = StatusCode.UNAVAILABLE
	details = "failed to connect to all addresses; last error: UNKNOWN: ipv4:10.145.8.86:8080: Failed to connect to remote host: connect: Connection refused (111)"
	debug_error_string = "UNKNOWN:Error received from peer  {grpc_status:14, grpc_message:"failed to connect to all addresses; last error: UNKNOWN: ipv4:10.145.8.86:8080: Failed to connect to remote host: connect: Connection refused (111)"}"
>
DEBUG 2026-06-08 17:15:42 follower.py:184 follower_left SOFollower read state: 2.7ms
DEBUG 2026-06-08 17:15:42 follower.py:191 follower_left SOFollower read wrist: 0.0ms
DEBUG 2026-06-08 17:15:42 follower.py:184 follower_right SOFollower read state: 1.7ms
DEBUG 2026-06-08 17:15:42 follower.py:191 follower_right SOFollower read wrist: 0.0ms
DEBUG 2026-06-08 17:15:42 t_client.py:198 Observation serialization time: 0.008027s
DEBUG 2026-06-08 17:15:42 ort/utils.py:54 [CLIENT] Observation Buffer size 4.395498275756836 MB with
ERROR 2026-06-08 17:15:42 t_client.py:214 Error sending observation #474: <_InactiveRpcError of RPC that terminated with:
	status = StatusCode.UNAVAILABLE
	details = "failed to connect to all addresses; last error: UNKNOWN: ipv4:10.145.8.86:8080: Failed to connect to remote host: connect: Connection refused (111)"
	debug_error_string = "UNKNOWN:Error received from peer  {grpc_message:"failed to connect to all addresses; last error: UNKNOWN: ipv4:10.145.8.86:8080: Failed to connect to remote host: connect: Connection refused (111)", grpc_status:14}"
>
DEBUG 2026-06-08 17:15:42 t_client.py:434 QUEUE SIZE: 0 (Must go: False)
DEBUG 2026-06-08 17:15:42 t_client.py:477 Control loop (ms): 50.84
DEBUG 2026-06-08 17:15:42 follower.py:184 follower_left SOFollower read state: 1.8ms
DEBUG 2026-06-08 17:15:42 follower.py:191 follower_left SOFollower read wrist: 0.0ms
DEBUG 2026-06-08 17:15:42 follower.py:184 follower_right SOFollower read state: 1.8ms
DEBUG 2026-06-08 17:15:42 follower.py:191 follower_right SOFollower read wrist: 0.0ms
DEBUG 2026-06-08 17:15:42 t_client.py:198 Observation serialization time: 0.003745s
DEBUG 2026-06-08 17:15:42 ort/utils.py:54 [CLIENT] Observation Buffer size 4.395498275756836 MB with
ERROR 2026-06-08 17:15:42 t_client.py:214 Error sending observation #474: <_InactiveRpcError of RPC that terminated with:
	status = StatusCode.UNAVAILABLE
	details = "failed to connect to all addresses; last error: UNKNOWN: ipv4:10.145.8.86:8080: Failed to connect to remote host: connect: Connection refused (111)"
	debug_error_string = "UNKNOWN:Error received from peer  {grpc_message:"failed to connect to all addresses; last error: UNKNOWN: ipv4:10.145.8.86:8080: Failed to connect to remote host: connect: Connection refused (111)", grpc_status:14}"
>
DEBUG 2026-06-08 17:15:42 t_client.py:434 QUEUE SIZE: 0 (Must go: False)
DEBUG 2026-06-08 17:15:42 t_client.py:477 Control loop (ms): 40.95
DEBUG 2026-06-08 17:15:42 follower.py:184 follower_left SOFollower read state: 2.2ms
DEBUG 2026-06-08 17:15:42 follower.py:191 follower_left SOFollower read wrist: 0.0ms
DEBUG 2026-06-08 17:15:42 follower.py:184 follower_right SOFollower read state: 2.1ms
DEBUG 2026-06-08 17:15:42 follower.py:191 follower_right SOFollower read wrist: 0.0ms
DEBUG 2026-06-08 17:15:42 t_client.py:198 Observation serialization time: 0.006869s
DEBUG 2026-06-08 17:15:42 ort/utils.py:54 [CLIENT] Observation Buffer size 4.395498275756836 MB with
ERROR 2026-06-08 17:15:43 t_client.py:214 Error sending observation #474: <_InactiveRpcError of RPC that terminated with:
	status = StatusCode.UNAVAILABLE
	details = "failed to connect to all addresses; last error: UNKNOWN: ipv4:10.145.8.86:8080: Failed to connect to remote host: connect: Connection refused (111)"
	debug_error_string = "UNKNOWN:Error received from peer  {grpc_message:"failed to connect to all addresses; last error: UNKNOWN: ipv4:10.145.8.86:8080: Failed to connect to remote host: connect: Connection refused (111)", grpc_status:14}"
>
DEBUG 2026-06-08 17:15:43 t_client.py:434 QUEUE SIZE: 0 (Must go: False)
DEBUG 2026-06-08 17:15:43 t_client.py:477 Control loop (ms): 47.80
DEBUG 2026-06-08 17:15:43 follower.py:184 follower_left SOFollower read state: 2.1ms
DEBUG 2026-06-08 17:15:43 follower.py:191 follower_left SOFollower read wrist: 0.0ms
DEBUG 2026-06-08 17:15:43 follower.py:184 follower_right SOFollower read state: 1.8ms
DEBUG 2026-06-08 17:15:43 follower.py:191 follower_right SOFollower read wrist: 0.0ms
DEBUG 2026-06-08 17:15:43 t_client.py:198 Observation serialization time: 0.006180s
DEBUG 2026-06-08 17:15:43 ort/utils.py:54 [CLIENT] Observation Buffer size 4.395498275756836 MB with
ERROR 2026-06-08 17:15:43 t_client.py:214 Error sending observation #474: <_InactiveRpcError of RPC that terminated with:
	status = StatusCode.UNAVAILABLE
	details = "failed to connect to all addresses; last error: UNKNOWN: ipv4:10.145.8.86:8080: Failed to connect to remote host: connect: Connection refused (111)"
	debug_error_string = "UNKNOWN:Error received from peer  {grpc_status:14, grpc_message:"failed to connect to all addresses; last error: UNKNOWN: ipv4:10.145.8.86:8080: Failed to connect to remote host: connect: Connection refused (111)"}"
>
DEBUG 2026-06-08 17:15:43 t_client.py:434 QUEUE SIZE: 0 (Must go: False)
DEBUG 2026-06-08 17:15:43 t_client.py:477 Control loop (ms): 48.25
DEBUG 2026-06-08 17:15:43 follower.py:184 follower_left SOFollower read state: 2.1ms
DEBUG 2026-06-08 17:15:43 follower.py:191 follower_left SOFollower read wrist: 0.0ms
DEBUG 2026-06-08 17:15:43 follower.py:184 follower_right SOFollower read state: 2.0ms
DEBUG 2026-06-08 17:15:43 follower.py:191 follower_right SOFollower read wrist: 0.0ms
DEBUG 2026-06-08 17:15:43 t_client.py:198 Observation serialization time: 0.007189s
DEBUG 2026-06-08 17:15:43 ort/utils.py:54 [CLIENT] Observation Buffer size 4.395498275756836 MB with
ERROR 2026-06-08 17:15:43 t_client.py:214 Error sending observation #474: <_InactiveRpcError of RPC that terminated with:
	status = StatusCode.UNAVAILABLE
	details = "failed to connect to all addresses; last error: UNKNOWN: ipv4:10.145.8.86:8080: Failed to connect to remote host: connect: Connection refused (111)"
	debug_error_string = "UNKNOWN:Error received from peer  {grpc_message:"failed to connect to all addresses; last error: UNKNOWN: ipv4:10.145.8.86:8080: Failed to connect to remote host: connect: Connection refused (111)", grpc_status:14}"
>
DEBUG 2026-06-08 17:15:43 t_client.py:434 QUEUE SIZE: 0 (Must go: False)
DEBUG 2026-06-08 17:15:43 t_client.py:477 Control loop (ms): 55.55
DEBUG 2026-06-08 17:15:43 follower.py:184 follower_left SOFollower read state: 2.0ms
DEBUG 2026-06-08 17:15:43 follower.py:191 follower_left SOFollower read wrist: 0.0ms
DEBUG 2026-06-08 17:15:43 follower.py:184 follower_right SOFollower read state: 1.9ms
DEBUG 2026-06-08 17:15:43 follower.py:191 follower_right SOFollower read wrist: 0.0ms
DEBUG 2026-06-08 17:15:43 t_client.py:198 Observation serialization time: 0.009611s
DEBUG 2026-06-08 17:15:43 ort/utils.py:54 [CLIENT] Observation Buffer size 4.395498275756836 MB with
ERROR 2026-06-08 17:15:43 t_client.py:214 Error sending observation #474: <_InactiveRpcError of RPC that terminated with:
	status = StatusCode.UNAVAILABLE
	details = "failed to connect to all addresses; last error: UNKNOWN: ipv4:10.145.8.86:8080: Failed to connect to remote host: connect: Connection refused (111)"
	debug_error_string = "UNKNOWN:Error received from peer  {grpc_message:"failed to connect to all addresses; last error: UNKNOWN: ipv4:10.145.8.86:8080: Failed to connect to remote host: connect: Connection refused (111)", grpc_status:14}"
>
DEBUG 2026-06-08 17:15:43 t_client.py:434 QUEUE SIZE: 0 (Must go: False)
DEBUG 2026-06-08 17:15:43 t_client.py:477 Control loop (ms): 58.34
DEBUG 2026-06-08 17:15:43 follower.py:184 follower_left SOFollower read state: 2.2ms
DEBUG 2026-06-08 17:15:43 follower.py:191 follower_left SOFollower read wrist: 0.0ms
DEBUG 2026-06-08 17:15:43 follower.py:184 follower_right SOFollower read state: 1.9ms
DEBUG 2026-06-08 17:15:43 follower.py:191 follower_right SOFollower read wrist: 0.0ms
DEBUG 2026-06-08 17:15:43 t_client.py:198 Observation serialization time: 0.007164s
DEBUG 2026-06-08 17:15:43 ort/utils.py:54 [CLIENT] Observation Buffer size 4.395498275756836 MB with
ERROR 2026-06-08 17:15:43 t_client.py:214 Error sending observation #474: <_InactiveRpcError of RPC that terminated with:
	status = StatusCode.UNAVAILABLE
	details = "failed to connect to all addresses; last error: UNKNOWN: ipv4:10.145.8.86:8080: Failed to connect to remote host: connect: Connection refused (111)"
	debug_error_string = "UNKNOWN:Error received from peer  {grpc_message:"failed to connect to all addresses; last error: UNKNOWN: ipv4:10.145.8.86:8080: Failed to connect to remote host: connect: Connection refused (111)", grpc_status:14}"
>
DEBUG 2026-06-08 17:15:43 t_client.py:434 QUEUE SIZE: 0 (Must go: False)
DEBUG 2026-06-08 17:15:43 t_client.py:477 Control loop (ms): 42.14
DEBUG 2026-06-08 17:15:43 follower.py:184 follower_left SOFollower read state: 2.2ms
DEBUG 2026-06-08 17:15:43 follower.py:191 follower_left SOFollower read wrist: 0.0ms
DEBUG 2026-06-08 17:15:43 follower.py:184 follower_right SOFollower read state: 2.0ms
DEBUG 2026-06-08 17:15:43 follower.py:191 follower_right SOFollower read wrist: 0.0ms
DEBUG 2026-06-08 17:15:43 t_client.py:198 Observation serialization time: 0.006061s
DEBUG 2026-06-08 17:15:43 ort/utils.py:54 [CLIENT] Observation Buffer size 4.395498275756836 MB with
ERROR 2026-06-08 17:15:43 t_client.py:214 Error sending observation #474: <_InactiveRpcError of RPC that terminated with:
	status = StatusCode.UNAVAILABLE
	details = "failed to connect to all addresses; last error: UNKNOWN: ipv4:10.145.8.86:8080: Failed to connect to remote host: connect: Connection refused (111)"
	debug_error_string = "UNKNOWN:Error received from peer  {grpc_message:"failed to connect to all addresses; last error: UNKNOWN: ipv4:10.145.8.86:8080: Failed to connect to remote host: connect: Connection refused (111)", grpc_status:14}"
>
DEBUG 2026-06-08 17:15:43 t_client.py:434 QUEUE SIZE: 0 (Must go: False)
DEBUG 2026-06-08 17:15:43 t_client.py:477 Control loop (ms): 44.72
DEBUG 2026-06-08 17:15:43 follower.py:184 follower_left SOFollower read state: 2.9ms
DEBUG 2026-06-08 17:15:43 follower.py:191 follower_left SOFollower read wrist: 0.1ms
DEBUG 2026-06-08 17:15:43 follower.py:184 follower_right SOFollower read state: 2.1ms
DEBUG 2026-06-08 17:15:43 follower.py:191 follower_right SOFollower read wrist: 0.0ms
DEBUG 2026-06-08 17:15:43 t_client.py:198 Observation serialization time: 0.010602s
DEBUG 2026-06-08 17:15:43 ort/utils.py:54 [CLIENT] Observation Buffer size 4.395498275756836 MB with
ERROR 2026-06-08 17:15:43 t_client.py:214 Error sending observation #474: <_InactiveRpcError of RPC that terminated with:
	status = StatusCode.UNAVAILABLE
	details = "failed to connect to all addresses; last error: UNKNOWN: ipv4:10.145.8.86:8080: Failed to connect to remote host: connect: Connection refused (111)"
	debug_error_string = "UNKNOWN:Error received from peer  {grpc_message:"failed to connect to all addresses; last error: UNKNOWN: ipv4:10.145.8.86:8080: Failed to connect to remote host: connect: Connection refused (111)", grpc_status:14}"
>
DEBUG 2026-06-08 17:15:43 t_client.py:434 QUEUE SIZE: 0 (Must go: False)
DEBUG 2026-06-08 17:15:43 t_client.py:477 Control loop (ms): 48.11
DEBUG 2026-06-08 17:15:43 follower.py:184 follower_left SOFollower read state: 2.0ms
DEBUG 2026-06-08 17:15:43 follower.py:191 follower_left SOFollower read wrist: 0.0ms
DEBUG 2026-06-08 17:15:43 follower.py:184 follower_right SOFollower read state: 1.8ms
DEBUG 2026-06-08 17:15:43 follower.py:191 follower_right SOFollower read wrist: 0.0ms
DEBUG 2026-06-08 17:15:43 t_client.py:198 Observation serialization time: 0.006037s
DEBUG 2026-06-08 17:15:43 ort/utils.py:54 [CLIENT] Observation Buffer size 4.395498275756836 MB with
ERROR 2026-06-08 17:15:43 t_client.py:214 Error sending observation #474: <_InactiveRpcError of RPC that terminated with:
	status = StatusCode.UNAVAILABLE
	details = "failed to connect to all addresses; last error: UNKNOWN: ipv4:10.145.8.86:8080: Failed to connect to remote host: connect: Connection refused (111)"
	debug_error_string = "UNKNOWN:Error received from peer  {grpc_message:"failed to connect to all addresses; last error: UNKNOWN: ipv4:10.145.8.86:8080: Failed to connect to remote host: connect: Connection refused (111)", grpc_status:14}"
>
DEBUG 2026-06-08 17:15:43 t_client.py:434 QUEUE SIZE: 0 (Must go: False)
DEBUG 2026-06-08 17:15:43 t_client.py:477 Control loop (ms): 51.39
DEBUG 2026-06-08 17:15:43 follower.py:184 follower_left SOFollower read state: 2.0ms
DEBUG 2026-06-08 17:15:43 follower.py:191 follower_left SOFollower read wrist: 0.0ms
ERROR 2026-06-08 17:15:43 t_client.py:359 Error receiving actions: <_InactiveRpcError of RPC that terminated with:
	status = StatusCode.UNAVAILABLE
	details = "failed to connect to all addresses; last error: UNKNOWN: ipv4:10.145.8.86:8080: Failed to connect to remote host: connect: Connection refused (111)"
	debug_error_string = "UNKNOWN:Error received from peer  {grpc_status:14, grpc_message:"failed to connect to all addresses; last error: UNKNOWN: ipv4:10.145.8.86:8080: Failed to connect to remote host: connect: Connection refused (111)"}"
>
DEBUG 2026-06-08 17:15:43 follower.py:184 follower_right SOFollower read state: 4.8ms
DEBUG 2026-06-08 17:15:43 follower.py:191 follower_right SOFollower read wrist: 0.0ms
DEBUG 2026-06-08 17:15:43 t_client.py:198 Observation serialization time: 0.007852s
DEBUG 2026-06-08 17:15:43 ort/utils.py:54 [CLIENT] Observation Buffer size 4.395498275756836 MB with
ERROR 2026-06-08 17:15:43 t_client.py:214 Error sending observation #474: <_InactiveRpcError of RPC that terminated with:
	status = StatusCode.UNAVAILABLE
	details = "failed to connect to all addresses; last error: UNKNOWN: ipv4:10.145.8.86:8080: Failed to connect to remote host: connect: Connection refused (111)"
	debug_error_string = "UNKNOWN:Error received from peer  {grpc_message:"failed to connect to all addresses; last error: UNKNOWN: ipv4:10.145.8.86:8080: Failed to connect to remote host: connect: Connection refused (111)", grpc_status:14}"
>
DEBUG 2026-06-08 17:15:43 t_client.py:434 QUEUE SIZE: 0 (Must go: False)
DEBUG 2026-06-08 17:15:43 t_client.py:477 Control loop (ms): 49.13
DEBUG 2026-06-08 17:15:43 follower.py:184 follower_left SOFollower read state: 1.7ms
DEBUG 2026-06-08 17:15:43 follower.py:191 follower_left SOFollower read wrist: 0.0ms
DEBUG 2026-06-08 17:15:43 follower.py:184 follower_right SOFollower read state: 1.6ms
DEBUG 2026-06-08 17:15:43 follower.py:191 follower_right SOFollower read wrist: 0.0ms
DEBUG 2026-06-08 17:15:43 t_client.py:198 Observation serialization time: 0.003726s
DEBUG 2026-06-08 17:15:43 ort/utils.py:54 [CLIENT] Observation Buffer size 4.395498275756836 MB with
ERROR 2026-06-08 17:15:43 t_client.py:214 Error sending observation #474: <_InactiveRpcError of RPC that terminated with:
	status = StatusCode.UNAVAILABLE
	details = "failed to connect to all addresses; last error: UNKNOWN: ipv4:10.145.8.86:8080: Failed to connect to remote host: connect: Connection refused (111)"
	debug_error_string = "UNKNOWN:Error received from peer  {grpc_status:14, grpc_message:"failed to connect to all addresses; last error: UNKNOWN: ipv4:10.145.8.86:8080: Failed to connect to remote host: connect: Connection refused (111)"}"
>
DEBUG 2026-06-08 17:15:43 t_client.py:434 QUEUE SIZE: 0 (Must go: False)
DEBUG 2026-06-08 17:15:43 t_client.py:477 Control loop (ms): 41.55
DEBUG 2026-06-08 17:15:43 follower.py:184 follower_left SOFollower read state: 5.3ms
DEBUG 2026-06-08 17:15:43 follower.py:191 follower_left SOFollower read wrist: 0.0ms
DEBUG 2026-06-08 17:15:43 follower.py:184 follower_right SOFollower read state: 1.9ms
DEBUG 2026-06-08 17:15:43 follower.py:191 follower_right SOFollower read wrist: 0.0ms
DEBUG 2026-06-08 17:15:43 t_client.py:198 Observation serialization time: 0.006182s
DEBUG 2026-06-08 17:15:43 ort/utils.py:54 [CLIENT] Observation Buffer size 4.395498275756836 MB with
ERROR 2026-06-08 17:15:43 t_client.py:214 Error sending observation #474: <_InactiveRpcError of RPC that terminated with:
	status = StatusCode.UNAVAILABLE
	details = "failed to connect to all addresses; last error: UNKNOWN: ipv4:10.145.8.86:8080: Failed to connect to remote host: connect: Connection refused (111)"
	debug_error_string = "UNKNOWN:Error received from peer  {grpc_message:"failed to connect to all addresses; last error: UNKNOWN: ipv4:10.145.8.86:8080: Failed to connect to remote host: connect: Connection refused (111)", grpc_status:14}"
>
DEBUG 2026-06-08 17:15:43 t_client.py:434 QUEUE SIZE: 0 (Must go: False)
DEBUG 2026-06-08 17:15:43 t_client.py:477 Control loop (ms): 50.44
DEBUG 2026-06-08 17:15:43 follower.py:184 follower_left SOFollower read state: 2.3ms
DEBUG 2026-06-08 17:15:43 follower.py:191 follower_left SOFollower read wrist: 0.0ms
DEBUG 2026-06-08 17:15:43 follower.py:184 follower_right SOFollower read state: 2.1ms
DEBUG 2026-06-08 17:15:43 follower.py:191 follower_right SOFollower read wrist: 0.0ms
DEBUG 2026-06-08 17:15:43 t_client.py:198 Observation serialization time: 0.008585s
DEBUG 2026-06-08 17:15:43 ort/utils.py:54 [CLIENT] Observation Buffer size 4.395498275756836 MB with
ERROR 2026-06-08 17:15:43 t_client.py:214 Error sending observation #474: <_InactiveRpcError of RPC that terminated with:
	status = StatusCode.UNAVAILABLE
	details = "failed to connect to all addresses; last error: UNKNOWN: ipv4:10.145.8.86:8080: Failed to connect to remote host: connect: Connection refused (111)"
	debug_error_string = "UNKNOWN:Error received from peer  {grpc_status:14, grpc_message:"failed to connect to all addresses; last error: UNKNOWN: ipv4:10.145.8.86:8080: Failed to connect to remote host: connect: Connection refused (111)"}"
>
DEBUG 2026-06-08 17:15:43 t_client.py:434 QUEUE SIZE: 0 (Must go: False)
DEBUG 2026-06-08 17:15:43 t_client.py:477 Control loop (ms): 56.55
DEBUG 2026-06-08 17:15:43 follower.py:184 follower_left SOFollower read state: 2.2ms
DEBUG 2026-06-08 17:15:43 follower.py:191 follower_left SOFollower read wrist: 0.0ms
DEBUG 2026-06-08 17:15:43 follower.py:184 follower_right SOFollower read state: 1.9ms
DEBUG 2026-06-08 17:15:43 follower.py:191 follower_right SOFollower read wrist: 0.0ms
DEBUG 2026-06-08 17:15:43 t_client.py:198 Observation serialization time: 0.006296s
DEBUG 2026-06-08 17:15:43 ort/utils.py:54 [CLIENT] Observation Buffer size 4.395498275756836 MB with
ERROR 2026-06-08 17:15:43 t_client.py:214 Error sending observation #474: <_InactiveRpcError of RPC that terminated with:
	status = StatusCode.UNAVAILABLE
	details = "failed to connect to all addresses; last error: UNKNOWN: ipv4:10.145.8.86:8080: Failed to connect to remote host: connect: Connection refused (111)"
	debug_error_string = "UNKNOWN:Error received from peer  {grpc_message:"failed to connect to all addresses; last error: UNKNOWN: ipv4:10.145.8.86:8080: Failed to connect to remote host: connect: Connection refused (111)", grpc_status:14}"
>
DEBUG 2026-06-08 17:15:43 t_client.py:434 QUEUE SIZE: 0 (Must go: False)
DEBUG 2026-06-08 17:15:43 t_client.py:477 Control loop (ms): 49.59
DEBUG 2026-06-08 17:15:43 follower.py:184 follower_left SOFollower read state: 2.4ms
DEBUG 2026-06-08 17:15:43 follower.py:191 follower_left SOFollower read wrist: 0.0ms
DEBUG 2026-06-08 17:15:43 follower.py:184 follower_right SOFollower read state: 2.0ms
DEBUG 2026-06-08 17:15:43 follower.py:191 follower_right SOFollower read wrist: 0.0ms
DEBUG 2026-06-08 17:15:43 t_client.py:198 Observation serialization time: 0.006481s
DEBUG 2026-06-08 17:15:43 ort/utils.py:54 [CLIENT] Observation Buffer size 4.395498275756836 MB with
ERROR 2026-06-08 17:15:43 t_client.py:214 Error sending observation #474: <_InactiveRpcError of RPC that terminated with:
	status = StatusCode.UNAVAILABLE
	details = "failed to connect to all addresses; last error: UNKNOWN: ipv4:10.145.8.86:8080: Failed to connect to remote host: connect: Connection refused (111)"
	debug_error_string = "UNKNOWN:Error received from peer  {grpc_status:14, grpc_message:"failed to connect to all addresses; last error: UNKNOWN: ipv4:10.145.8.86:8080: Failed to connect to remote host: connect: Connection refused (111)"}"
>
DEBUG 2026-06-08 17:15:43 t_client.py:434 QUEUE SIZE: 0 (Must go: False)
DEBUG 2026-06-08 17:15:43 t_client.py:477 Control loop (ms): 54.21
DEBUG 2026-06-08 17:15:43 follower.py:184 follower_left SOFollower read state: 1.8ms
DEBUG 2026-06-08 17:15:43 follower.py:191 follower_left SOFollower read wrist: 0.0ms
DEBUG 2026-06-08 17:15:43 follower.py:184 follower_right SOFollower read state: 1.7ms
DEBUG 2026-06-08 17:15:43 follower.py:191 follower_right SOFollower read wrist: 0.0ms
DEBUG 2026-06-08 17:15:43 t_client.py:198 Observation serialization time: 0.005282s
DEBUG 2026-06-08 17:15:43 ort/utils.py:54 [CLIENT] Observation Buffer size 4.395498275756836 MB with
ERROR 2026-06-08 17:15:43 t_client.py:214 Error sending observation #474: <_InactiveRpcError of RPC that terminated with:
	status = StatusCode.UNAVAILABLE
	details = "failed to connect to all addresses; last error: UNKNOWN: ipv4:10.145.8.86:8080: Failed to connect to remote host: connect: Connection refused (111)"
	debug_error_string = "UNKNOWN:Error received from peer  {grpc_message:"failed to connect to all addresses; last error: UNKNOWN: ipv4:10.145.8.86:8080: Failed to connect to remote host: connect: Connection refused (111)", grpc_status:14}"
>
DEBUG 2026-06-08 17:15:43 t_client.py:434 QUEUE SIZE: 0 (Must go: False)
DEBUG 2026-06-08 17:15:43 t_client.py:477 Control loop (ms): 49.85
DEBUG 2026-06-08 17:15:43 follower.py:184 follower_left SOFollower read state: 2.2ms
DEBUG 2026-06-08 17:15:43 follower.py:191 follower_left SOFollower read wrist: 0.0ms
DEBUG 2026-06-08 17:15:43 follower.py:184 follower_right SOFollower read state: 1.8ms
DEBUG 2026-06-08 17:15:43 follower.py:191 follower_right SOFollower read wrist: 0.0ms
DEBUG 2026-06-08 17:15:43 t_client.py:198 Observation serialization time: 0.008706s
DEBUG 2026-06-08 17:15:43 ort/utils.py:54 [CLIENT] Observation Buffer size 4.395498275756836 MB with
ERROR 2026-06-08 17:15:43 t_client.py:214 Error sending observation #474: <_InactiveRpcError of RPC that terminated with:
	status = StatusCode.UNAVAILABLE
	details = "failed to connect to all addresses; last error: UNKNOWN: ipv4:10.145.8.86:8080: Failed to connect to remote host: connect: Connection refused (111)"
	debug_error_string = "UNKNOWN:Error received from peer  {grpc_status:14, grpc_message:"failed to connect to all addresses; last error: UNKNOWN: ipv4:10.145.8.86:8080: Failed to connect to remote host: connect: Connection refused (111)"}"
>
DEBUG 2026-06-08 17:15:43 t_client.py:434 QUEUE SIZE: 0 (Must go: False)
DEBUG 2026-06-08 17:15:43 t_client.py:477 Control loop (ms): 55.37
DEBUG 2026-06-08 17:15:43 follower.py:184 follower_left SOFollower read state: 2.6ms
DEBUG 2026-06-08 17:15:43 follower.py:191 follower_left SOFollower read wrist: 0.0ms
DEBUG 2026-06-08 17:15:43 follower.py:184 follower_right SOFollower read state: 2.0ms
DEBUG 2026-06-08 17:15:43 follower.py:191 follower_right SOFollower read wrist: 0.0ms
DEBUG 2026-06-08 17:15:43 t_client.py:198 Observation serialization time: 0.008639s
DEBUG 2026-06-08 17:15:43 ort/utils.py:54 [CLIENT] Observation Buffer size 4.395498275756836 MB with
ERROR 2026-06-08 17:15:43 t_client.py:214 Error sending observation #474: <_InactiveRpcError of RPC that terminated with:
	status = StatusCode.UNAVAILABLE
	details = "failed to connect to all addresses; last error: UNKNOWN: ipv4:10.145.8.86:8080: Failed to connect to remote host: connect: Connection refused (111)"
	debug_error_string = "UNKNOWN:Error received from peer  {grpc_status:14, grpc_message:"failed to connect to all addresses; last error: UNKNOWN: ipv4:10.145.8.86:8080: Failed to connect to remote host: connect: Connection refused (111)"}"
>
DEBUG 2026-06-08 17:15:43 t_client.py:434 QUEUE SIZE: 0 (Must go: False)
DEBUG 2026-06-08 17:15:43 t_client.py:477 Control loop (ms): 46.59
DEBUG 2026-06-08 17:15:43 follower.py:184 follower_left SOFollower read state: 2.2ms
DEBUG 2026-06-08 17:15:43 follower.py:191 follower_left SOFollower read wrist: 0.0ms
DEBUG 2026-06-08 17:15:43 follower.py:184 follower_right SOFollower read state: 1.8ms
DEBUG 2026-06-08 17:15:43 follower.py:191 follower_right SOFollower read wrist: 0.0ms
DEBUG 2026-06-08 17:15:43 t_client.py:198 Observation serialization time: 0.005547s
DEBUG 2026-06-08 17:15:43 ort/utils.py:54 [CLIENT] Observation Buffer size 4.395498275756836 MB with
ERROR 2026-06-08 17:15:43 t_client.py:214 Error sending observation #474: <_InactiveRpcError of RPC that terminated with:
	status = StatusCode.UNAVAILABLE
	details = "failed to connect to all addresses; last error: UNKNOWN: ipv4:10.145.8.86:8080: Failed to connect to remote host: connect: Connection refused (111)"
	debug_error_string = "UNKNOWN:Error received from peer  {grpc_message:"failed to connect to all addresses; last error: UNKNOWN: ipv4:10.145.8.86:8080: Failed to connect to remote host: connect: Connection refused (111)", grpc_status:14}"
>
DEBUG 2026-06-08 17:15:43 t_client.py:434 QUEUE SIZE: 0 (Must go: False)
DEBUG 2026-06-08 17:15:43 t_client.py:477 Control loop (ms): 41.36
ERROR 2026-06-08 17:15:43 t_client.py:359 Error receiving actions: <_InactiveRpcError of RPC that terminated with:
	status = StatusCode.UNAVAILABLE
	details = "failed to connect to all addresses; last error: UNKNOWN: ipv4:10.145.8.86:8080: Failed to connect to remote host: connect: Connection refused (111)"
	debug_error_string = "UNKNOWN:Error received from peer  {grpc_status:14, grpc_message:"failed to connect to all addresses; last error: UNKNOWN: ipv4:10.145.8.86:8080: Failed to connect to remote host: connect: Connection refused (111)"}"
>
DEBUG 2026-06-08 17:15:43 follower.py:184 follower_left SOFollower read state: 3.7ms
DEBUG 2026-06-08 17:15:43 follower.py:191 follower_left SOFollower read wrist: 0.0ms
DEBUG 2026-06-08 17:15:43 follower.py:184 follower_right SOFollower read state: 2.1ms
DEBUG 2026-06-08 17:15:43 follower.py:191 follower_right SOFollower read wrist: 0.0ms
DEBUG 2026-06-08 17:15:43 t_client.py:198 Observation serialization time: 0.011662s
DEBUG 2026-06-08 17:15:43 ort/utils.py:54 [CLIENT] Observation Buffer size 4.395498275756836 MB with
ERROR 2026-06-08 17:15:43 t_client.py:214 Error sending observation #474: <_InactiveRpcError of RPC that terminated with:
	status = StatusCode.UNAVAILABLE
	details = "failed to connect to all addresses; last error: UNKNOWN: ipv4:10.145.8.86:8080: Failed to connect to remote host: connect: Connection refused (111)"
	debug_error_string = "UNKNOWN:Error received from peer  {grpc_message:"failed to connect to all addresses; last error: UNKNOWN: ipv4:10.145.8.86:8080: Failed to connect to remote host: connect: Connection refused (111)", grpc_status:14}"
>
DEBUG 2026-06-08 17:15:43 t_client.py:434 QUEUE SIZE: 0 (Must go: False)
DEBUG 2026-06-08 17:15:43 t_client.py:477 Control loop (ms): 51.65
DEBUG 2026-06-08 17:15:43 follower.py:184 follower_left SOFollower read state: 2.4ms
DEBUG 2026-06-08 17:15:43 follower.py:191 follower_left SOFollower read wrist: 0.0ms
DEBUG 2026-06-08 17:15:43 follower.py:184 follower_right SOFollower read state: 1.9ms
DEBUG 2026-06-08 17:15:43 follower.py:191 follower_right SOFollower read wrist: 0.0ms
DEBUG 2026-06-08 17:15:43 t_client.py:198 Observation serialization time: 0.007131s
DEBUG 2026-06-08 17:15:43 ort/utils.py:54 [CLIENT] Observation Buffer size 4.395498275756836 MB with
ERROR 2026-06-08 17:15:43 t_client.py:214 Error sending observation #474: <_InactiveRpcError of RPC that terminated with:
	status = StatusCode.UNAVAILABLE
	details = "failed to connect to all addresses; last error: UNKNOWN: ipv4:10.145.8.86:8080: Failed to connect to remote host: connect: Connection refused (111)"
	debug_error_string = "UNKNOWN:Error received from peer  {grpc_status:14, grpc_message:"failed to connect to all addresses; last error: UNKNOWN: ipv4:10.145.8.86:8080: Failed to connect to remote host: connect: Connection refused (111)"}"
>
DEBUG 2026-06-08 17:15:43 t_client.py:434 QUEUE SIZE: 0 (Must go: False)
DEBUG 2026-06-08 17:15:43 t_client.py:477 Control loop (ms): 49.85
DEBUG 2026-06-08 17:15:43 follower.py:184 follower_left SOFollower read state: 3.3ms
DEBUG 2026-06-08 17:15:43 follower.py:191 follower_left SOFollower read wrist: 0.1ms
DEBUG 2026-06-08 17:15:43 follower.py:184 follower_right SOFollower read state: 2.0ms
DEBUG 2026-06-08 17:15:43 follower.py:191 follower_right SOFollower read wrist: 0.0ms
DEBUG 2026-06-08 17:15:43 t_client.py:198 Observation serialization time: 0.011248s
DEBUG 2026-06-08 17:15:43 ort/utils.py:54 [CLIENT] Observation Buffer size 4.395498275756836 MB with
ERROR 2026-06-08 17:15:44 t_client.py:214 Error sending observation #474: <_InactiveRpcError of RPC that terminated with:
	status = StatusCode.UNAVAILABLE
	details = "failed to connect to all addresses; last error: UNKNOWN: ipv4:10.145.8.86:8080: Failed to connect to remote host: connect: Connection refused (111)"
	debug_error_string = "UNKNOWN:Error received from peer  {grpc_message:"failed to connect to all addresses; last error: UNKNOWN: ipv4:10.145.8.86:8080: Failed to connect to remote host: connect: Connection refused (111)", grpc_status:14}"
>
DEBUG 2026-06-08 17:15:44 t_client.py:434 QUEUE SIZE: 0 (Must go: False)
DEBUG 2026-06-08 17:15:44 t_client.py:477 Control loop (ms): 53.64
DEBUG 2026-06-08 17:15:44 follower.py:184 follower_left SOFollower read state: 2.5ms
DEBUG 2026-06-08 17:15:44 follower.py:191 follower_left SOFollower read wrist: 0.0ms
DEBUG 2026-06-08 17:15:44 follower.py:184 follower_right SOFollower read state: 2.3ms
DEBUG 2026-06-08 17:15:44 follower.py:191 follower_right SOFollower read wrist: 0.0ms
DEBUG 2026-06-08 17:15:44 t_client.py:198 Observation serialization time: 0.009342s
DEBUG 2026-06-08 17:15:44 ort/utils.py:54 [CLIENT] Observation Buffer size 4.395498275756836 MB with
ERROR 2026-06-08 17:15:44 t_client.py:214 Error sending observation #474: <_InactiveRpcError of RPC that terminated with:
	status = StatusCode.UNAVAILABLE
	details = "failed to connect to all addresses; last error: UNKNOWN: ipv4:10.145.8.86:8080: Failed to connect to remote host: connect: Connection refused (111)"
	debug_error_string = "UNKNOWN:Error received from peer  {grpc_message:"failed to connect to all addresses; last error: UNKNOWN: ipv4:10.145.8.86:8080: Failed to connect to remote host: connect: Connection refused (111)", grpc_status:14}"
>
DEBUG 2026-06-08 17:15:44 t_client.py:434 QUEUE SIZE: 0 (Must go: False)
DEBUG 2026-06-08 17:15:44 t_client.py:477 Control loop (ms): 53.93
DEBUG 2026-06-08 17:15:44 follower.py:184 follower_left SOFollower read state: 2.3ms
DEBUG 2026-06-08 17:15:44 follower.py:191 follower_left SOFollower read wrist: 0.1ms
DEBUG 2026-06-08 17:15:44 follower.py:184 follower_right SOFollower read state: 2.1ms
DEBUG 2026-06-08 17:15:44 follower.py:191 follower_right SOFollower read wrist: 0.0ms
DEBUG 2026-06-08 17:15:44 t_client.py:198 Observation serialization time: 0.010197s
DEBUG 2026-06-08 17:15:44 ort/utils.py:54 [CLIENT] Observation Buffer size 4.395498275756836 MB with
ERROR 2026-06-08 17:15:44 t_client.py:214 Error sending observation #474: <_InactiveRpcError of RPC that terminated with:
	status = StatusCode.UNAVAILABLE
	details = "failed to connect to all addresses; last error: UNKNOWN: ipv4:10.145.8.86:8080: Failed to connect to remote host: connect: Connection refused (111)"
	debug_error_string = "UNKNOWN:Error received from peer  {grpc_message:"failed to connect to all addresses; last error: UNKNOWN: ipv4:10.145.8.86:8080: Failed to connect to remote host: connect: Connection refused (111)", grpc_status:14}"
>
DEBUG 2026-06-08 17:15:44 t_client.py:434 QUEUE SIZE: 0 (Must go: False)
DEBUG 2026-06-08 17:15:44 t_client.py:477 Control loop (ms): 47.94
DEBUG 2026-06-08 17:15:44 follower.py:184 follower_left SOFollower read state: 2.1ms
DEBUG 2026-06-08 17:15:44 follower.py:191 follower_left SOFollower read wrist: 0.0ms
DEBUG 2026-06-08 17:15:44 follower.py:184 follower_right SOFollower read state: 1.8ms
DEBUG 2026-06-08 17:15:44 follower.py:191 follower_right SOFollower read wrist: 0.0ms
DEBUG 2026-06-08 17:15:44 t_client.py:198 Observation serialization time: 0.006951s
DEBUG 2026-06-08 17:15:44 ort/utils.py:54 [CLIENT] Observation Buffer size 4.395498275756836 MB with
ERROR 2026-06-08 17:15:44 t_client.py:214 Error sending observation #474: <_InactiveRpcError of RPC that terminated with:
	status = StatusCode.UNAVAILABLE
	details = "failed to connect to all addresses; last error: UNKNOWN: ipv4:10.145.8.86:8080: Failed to connect to remote host: connect: Connection refused (111)"
	debug_error_string = "UNKNOWN:Error received from peer  {grpc_status:14, grpc_message:"failed to connect to all addresses; last error: UNKNOWN: ipv4:10.145.8.86:8080: Failed to connect to remote host: connect: Connection refused (111)"}"
>
DEBUG 2026-06-08 17:15:44 t_client.py:434 QUEUE SIZE: 0 (Must go: False)
DEBUG 2026-06-08 17:15:44 t_client.py:477 Control loop (ms): 43.90
DEBUG 2026-06-08 17:15:44 follower.py:184 follower_left SOFollower read state: 2.1ms
DEBUG 2026-06-08 17:15:44 follower.py:191 follower_left SOFollower read wrist: 0.0ms
DEBUG 2026-06-08 17:15:44 follower.py:184 follower_right SOFollower read state: 1.9ms
DEBUG 2026-06-08 17:15:44 follower.py:191 follower_right SOFollower read wrist: 0.0ms
DEBUG 2026-06-08 17:15:44 t_client.py:198 Observation serialization time: 0.005424s
DEBUG 2026-06-08 17:15:44 ort/utils.py:54 [CLIENT] Observation Buffer size 4.395498275756836 MB with
ERROR 2026-06-08 17:15:44 t_client.py:214 Error sending observation #474: <_InactiveRpcError of RPC that terminated with:
	status = StatusCode.UNAVAILABLE
	details = "failed to connect to all addresses; last error: UNKNOWN: ipv4:10.145.8.86:8080: Failed to connect to remote host: connect: Connection refused (111)"
	debug_error_string = "UNKNOWN:Error received from peer  {grpc_status:14, grpc_message:"failed to connect to all addresses; last error: UNKNOWN: ipv4:10.145.8.86:8080: Failed to connect to remote host: connect: Connection refused (111)"}"
>
DEBUG 2026-06-08 17:15:44 t_client.py:434 QUEUE SIZE: 0 (Must go: False)
DEBUG 2026-06-08 17:15:44 t_client.py:477 Control loop (ms): 52.06
DEBUG 2026-06-08 17:15:44 follower.py:184 follower_left SOFollower read state: 2.2ms
DEBUG 2026-06-08 17:15:44 follower.py:191 follower_left SOFollower read wrist: 0.0ms
DEBUG 2026-06-08 17:15:44 follower.py:184 follower_right SOFollower read state: 2.1ms
DEBUG 2026-06-08 17:15:44 follower.py:191 follower_right SOFollower read wrist: 0.0ms
DEBUG 2026-06-08 17:15:44 t_client.py:198 Observation serialization time: 0.007708s
DEBUG 2026-06-08 17:15:44 ort/utils.py:54 [CLIENT] Observation Buffer size 4.395498275756836 MB with
ERROR 2026-06-08 17:15:44 t_client.py:214 Error sending observation #474: <_InactiveRpcError of RPC that terminated with:
	status = StatusCode.UNAVAILABLE
	details = "failed to connect to all addresses; last error: UNKNOWN: ipv4:10.145.8.86:8080: Failed to connect to remote host: connect: Connection refused (111)"
	debug_error_string = "UNKNOWN:Error received from peer  {grpc_message:"failed to connect to all addresses; last error: UNKNOWN: ipv4:10.145.8.86:8080: Failed to connect to remote host: connect: Connection refused (111)", grpc_status:14}"
>
DEBUG 2026-06-08 17:15:44 t_client.py:434 QUEUE SIZE: 0 (Must go: False)
DEBUG 2026-06-08 17:15:44 t_client.py:477 Control loop (ms): 47.47
DEBUG 2026-06-08 17:15:44 follower.py:184 follower_left SOFollower read state: 2.8ms
DEBUG 2026-06-08 17:15:44 follower.py:191 follower_left SOFollower read wrist: 0.0ms
DEBUG 2026-06-08 17:15:44 follower.py:184 follower_right SOFollower read state: 2.0ms
DEBUG 2026-06-08 17:15:44 follower.py:191 follower_right SOFollower read wrist: 0.0ms
DEBUG 2026-06-08 17:15:44 t_client.py:198 Observation serialization time: 0.008050s
DEBUG 2026-06-08 17:15:44 ort/utils.py:54 [CLIENT] Observation Buffer size 4.395498275756836 MB with
ERROR 2026-06-08 17:15:44 t_client.py:214 Error sending observation #474: <_InactiveRpcError of RPC that terminated with:
	status = StatusCode.UNAVAILABLE
	details = "failed to connect to all addresses; last error: UNKNOWN: ipv4:10.145.8.86:8080: Failed to connect to remote host: connect: Connection refused (111)"
	debug_error_string = "UNKNOWN:Error received from peer  {grpc_message:"failed to connect to all addresses; last error: UNKNOWN: ipv4:10.145.8.86:8080: Failed to connect to remote host: connect: Connection refused (111)", grpc_status:14}"
>
DEBUG 2026-06-08 17:15:44 t_client.py:434 QUEUE SIZE: 0 (Must go: False)
DEBUG 2026-06-08 17:15:44 t_client.py:477 Control loop (ms): 45.40
DEBUG 2026-06-08 17:15:44 follower.py:184 follower_left SOFollower read state: 2.4ms
DEBUG 2026-06-08 17:15:44 follower.py:191 follower_left SOFollower read wrist: 0.0ms
DEBUG 2026-06-08 17:15:44 follower.py:184 follower_right SOFollower read state: 1.8ms
DEBUG 2026-06-08 17:15:44 follower.py:191 follower_right SOFollower read wrist: 0.0ms
DEBUG 2026-06-08 17:15:44 t_client.py:198 Observation serialization time: 0.006947s
DEBUG 2026-06-08 17:15:44 ort/utils.py:54 [CLIENT] Observation Buffer size 4.395498275756836 MB with
ERROR 2026-06-08 17:15:44 t_client.py:359 Error receiving actions: <_InactiveRpcError of RPC that terminated with:
	status = StatusCode.UNAVAILABLE
	details = "failed to connect to all addresses; last error: UNKNOWN: ipv4:10.145.8.86:8080: Failed to connect to remote host: connect: Connection refused (111)"
	debug_error_string = "UNKNOWN:Error received from peer  {grpc_status:14, grpc_message:"failed to connect to all addresses; last error: UNKNOWN: ipv4:10.145.8.86:8080: Failed to connect to remote host: connect: Connection refused (111)"}"
>
ERROR 2026-06-08 17:15:44 t_client.py:214 Error sending observation #474: <_InactiveRpcError of RPC that terminated with:
	status = StatusCode.UNAVAILABLE
	details = "failed to connect to all addresses; last error: UNKNOWN: ipv4:10.145.8.86:8080: Failed to connect to remote host: connect: Connection refused (111)"
	debug_error_string = "UNKNOWN:Error received from peer  {grpc_status:14, grpc_message:"failed to connect to all addresses; last error: UNKNOWN: ipv4:10.145.8.86:8080: Failed to connect to remote host: connect: Connection refused (111)"}"
>
DEBUG 2026-06-08 17:15:44 t_client.py:434 QUEUE SIZE: 0 (Must go: False)
DEBUG 2026-06-08 17:15:44 t_client.py:477 Control loop (ms): 50.86
DEBUG 2026-06-08 17:15:44 follower.py:184 follower_left SOFollower read state: 2.2ms
DEBUG 2026-06-08 17:15:44 follower.py:191 follower_left SOFollower read wrist: 0.0ms
DEBUG 2026-06-08 17:15:44 follower.py:184 follower_right SOFollower read state: 1.8ms
DEBUG 2026-06-08 17:15:44 follower.py:191 follower_right SOFollower read wrist: 0.0ms
DEBUG 2026-06-08 17:15:44 t_client.py:198 Observation serialization time: 0.009194s
DEBUG 2026-06-08 17:15:44 ort/utils.py:54 [CLIENT] Observation Buffer size 4.395498275756836 MB with
ERROR 2026-06-08 17:15:44 t_client.py:214 Error sending observation #474: <_InactiveRpcError of RPC that terminated with:
	status = StatusCode.UNAVAILABLE
	details = "failed to connect to all addresses; last error: UNKNOWN: ipv4:10.145.8.86:8080: Failed to connect to remote host: connect: Connection refused (111)"
	debug_error_string = "UNKNOWN:Error received from peer  {grpc_message:"failed to connect to all addresses; last error: UNKNOWN: ipv4:10.145.8.86:8080: Failed to connect to remote host: connect: Connection refused (111)", grpc_status:14}"
>
DEBUG 2026-06-08 17:15:44 t_client.py:434 QUEUE SIZE: 0 (Must go: False)
DEBUG 2026-06-08 17:15:44 t_client.py:477 Control loop (ms): 55.07
DEBUG 2026-06-08 17:15:44 follower.py:184 follower_left SOFollower read state: 2.4ms
DEBUG 2026-06-08 17:15:44 follower.py:191 follower_left SOFollower read wrist: 0.0ms
DEBUG 2026-06-08 17:15:44 follower.py:184 follower_right SOFollower read state: 2.1ms
DEBUG 2026-06-08 17:15:44 follower.py:191 follower_right SOFollower read wrist: 0.0ms
DEBUG 2026-06-08 17:15:44 t_client.py:198 Observation serialization time: 0.008816s
DEBUG 2026-06-08 17:15:44 ort/utils.py:54 [CLIENT] Observation Buffer size 4.395498275756836 MB with
ERROR 2026-06-08 17:15:44 t_client.py:214 Error sending observation #474: <_InactiveRpcError of RPC that terminated with:
	status = StatusCode.UNAVAILABLE
	details = "failed to connect to all addresses; last error: UNKNOWN: ipv4:10.145.8.86:8080: Failed to connect to remote host: connect: Connection refused (111)"
	debug_error_string = "UNKNOWN:Error received from peer  {grpc_status:14, grpc_message:"failed to connect to all addresses; last error: UNKNOWN: ipv4:10.145.8.86:8080: Failed to connect to remote host: connect: Connection refused (111)"}"
>
DEBUG 2026-06-08 17:15:44 t_client.py:434 QUEUE SIZE: 0 (Must go: False)
DEBUG 2026-06-08 17:15:44 t_client.py:477 Control loop (ms): 52.36
DEBUG 2026-06-08 17:15:44 follower.py:184 follower_left SOFollower read state: 2.1ms
DEBUG 2026-06-08 17:15:44 follower.py:191 follower_left SOFollower read wrist: 0.0ms
DEBUG 2026-06-08 17:15:44 follower.py:184 follower_right SOFollower read state: 1.8ms
DEBUG 2026-06-08 17:15:44 follower.py:191 follower_right SOFollower read wrist: 0.0ms
DEBUG 2026-06-08 17:15:44 t_client.py:198 Observation serialization time: 0.009995s
DEBUG 2026-06-08 17:15:44 ort/utils.py:54 [CLIENT] Observation Buffer size 4.395498275756836 MB with
ERROR 2026-06-08 17:15:44 t_client.py:214 Error sending observation #474: <_InactiveRpcError of RPC that terminated with:
	status = StatusCode.UNAVAILABLE
	details = "failed to connect to all addresses; last error: UNKNOWN: ipv4:10.145.8.86:8080: Failed to connect to remote host: connect: Connection refused (111)"
	debug_error_string = "UNKNOWN:Error received from peer  {grpc_message:"failed to connect to all addresses; last error: UNKNOWN: ipv4:10.145.8.86:8080: Failed to connect to remote host: connect: Connection refused (111)", grpc_status:14}"
>
DEBUG 2026-06-08 17:15:44 t_client.py:434 QUEUE SIZE: 0 (Must go: False)
DEBUG 2026-06-08 17:15:44 t_client.py:477 Control loop (ms): 56.83
DEBUG 2026-06-08 17:15:44 follower.py:184 follower_left SOFollower read state: 1.9ms
DEBUG 2026-06-08 17:15:44 follower.py:191 follower_left SOFollower read wrist: 0.0ms
DEBUG 2026-06-08 17:15:44 follower.py:184 follower_right SOFollower read state: 1.8ms
DEBUG 2026-06-08 17:15:44 follower.py:191 follower_right SOFollower read wrist: 0.0ms
DEBUG 2026-06-08 17:15:44 t_client.py:198 Observation serialization time: 0.009377s
DEBUG 2026-06-08 17:15:44 ort/utils.py:54 [CLIENT] Observation Buffer size 4.395498275756836 MB with
ERROR 2026-06-08 17:15:44 t_client.py:214 Error sending observation #474: <_InactiveRpcError of RPC that terminated with:
	status = StatusCode.UNAVAILABLE
	details = "failed to connect to all addresses; last error: UNKNOWN: ipv4:10.145.8.86:8080: Failed to connect to remote host: connect: Connection refused (111)"
	debug_error_string = "UNKNOWN:Error received from peer  {grpc_status:14, grpc_message:"failed to connect to all addresses; last error: UNKNOWN: ipv4:10.145.8.86:8080: Failed to connect to remote host: connect: Connection refused (111)"}"
>
DEBUG 2026-06-08 17:15:44 t_client.py:434 QUEUE SIZE: 0 (Must go: False)
DEBUG 2026-06-08 17:15:44 t_client.py:477 Control loop (ms): 55.67
DEBUG 2026-06-08 17:15:44 follower.py:184 follower_left SOFollower read state: 2.4ms
DEBUG 2026-06-08 17:15:44 follower.py:191 follower_left SOFollower read wrist: 0.0ms
DEBUG 2026-06-08 17:15:44 follower.py:184 follower_right SOFollower read state: 2.3ms
DEBUG 2026-06-08 17:15:44 follower.py:191 follower_right SOFollower read wrist: 0.0ms
DEBUG 2026-06-08 17:15:44 t_client.py:198 Observation serialization time: 0.010301s
DEBUG 2026-06-08 17:15:44 ort/utils.py:54 [CLIENT] Observation Buffer size 4.395498275756836 MB with
ERROR 2026-06-08 17:15:44 t_client.py:214 Error sending observation #474: <_InactiveRpcError of RPC that terminated with:
	status = StatusCode.UNAVAILABLE
	details = "failed to connect to all addresses; last error: UNKNOWN: ipv4:10.145.8.86:8080: Failed to connect to remote host: connect: Connection refused (111)"
	debug_error_string = "UNKNOWN:Error received from peer  {grpc_message:"failed to connect to all addresses; last error: UNKNOWN: ipv4:10.145.8.86:8080: Failed to connect to remote host: connect: Connection refused (111)", grpc_status:14}"
>
DEBUG 2026-06-08 17:15:44 t_client.py:434 QUEUE SIZE: 0 (Must go: False)
DEBUG 2026-06-08 17:15:44 t_client.py:477 Control loop (ms): 54.21
DEBUG 2026-06-08 17:15:44 follower.py:184 follower_left SOFollower read state: 1.8ms
DEBUG 2026-06-08 17:15:44 follower.py:191 follower_left SOFollower read wrist: 0.0ms
DEBUG 2026-06-08 17:15:44 follower.py:184 follower_right SOFollower read state: 1.8ms
DEBUG 2026-06-08 17:15:44 follower.py:191 follower_right SOFollower read wrist: 0.0ms
DEBUG 2026-06-08 17:15:44 t_client.py:198 Observation serialization time: 0.007391s
DEBUG 2026-06-08 17:15:44 ort/utils.py:54 [CLIENT] Observation Buffer size 4.395498275756836 MB with
ERROR 2026-06-08 17:15:44 t_client.py:214 Error sending observation #474: <_InactiveRpcError of RPC that terminated with:
	status = StatusCode.UNAVAILABLE
	details = "failed to connect to all addresses; last error: UNKNOWN: ipv4:10.145.8.86:8080: Failed to connect to remote host: connect: Connection refused (111)"
	debug_error_string = "UNKNOWN:Error received from peer  {grpc_message:"failed to connect to all addresses; last error: UNKNOWN: ipv4:10.145.8.86:8080: Failed to connect to remote host: connect: Connection refused (111)", grpc_status:14}"
>
DEBUG 2026-06-08 17:15:44 t_client.py:434 QUEUE SIZE: 0 (Must go: False)
DEBUG 2026-06-08 17:15:44 t_client.py:477 Control loop (ms): 54.68
DEBUG 2026-06-08 17:15:44 follower.py:184 follower_left SOFollower read state: 2.0ms
DEBUG 2026-06-08 17:15:44 follower.py:191 follower_left SOFollower read wrist: 0.0ms
DEBUG 2026-06-08 17:15:44 follower.py:184 follower_right SOFollower read state: 1.8ms
DEBUG 2026-06-08 17:15:44 follower.py:191 follower_right SOFollower read wrist: 0.0ms
DEBUG 2026-06-08 17:15:44 t_client.py:198 Observation serialization time: 0.009891s
DEBUG 2026-06-08 17:15:44 ort/utils.py:54 [CLIENT] Observation Buffer size 4.395498275756836 MB with
ERROR 2026-06-08 17:15:44 t_client.py:214 Error sending observation #474: <_InactiveRpcError of RPC that terminated with:
	status = StatusCode.UNAVAILABLE
	details = "failed to connect to all addresses; last error: UNKNOWN: ipv4:10.145.8.86:8080: Failed to connect to remote host: connect: Connection refused (111)"
	debug_error_string = "UNKNOWN:Error received from peer  {grpc_message:"failed to connect to all addresses; last error: UNKNOWN: ipv4:10.145.8.86:8080: Failed to connect to remote host: connect: Connection refused (111)", grpc_status:14}"
>
DEBUG 2026-06-08 17:15:44 t_client.py:434 QUEUE SIZE: 0 (Must go: False)
DEBUG 2026-06-08 17:15:44 t_client.py:477 Control loop (ms): 58.64
DEBUG 2026-06-08 17:15:44 follower.py:184 follower_left SOFollower read state: 2.1ms
DEBUG 2026-06-08 17:15:44 follower.py:191 follower_left SOFollower read wrist: 0.0ms
DEBUG 2026-06-08 17:15:44 follower.py:184 follower_right SOFollower read state: 1.8ms
DEBUG 2026-06-08 17:15:44 follower.py:191 follower_right SOFollower read wrist: 0.0ms
DEBUG 2026-06-08 17:15:44 t_client.py:198 Observation serialization time: 0.006534s
DEBUG 2026-06-08 17:15:44 ort/utils.py:54 [CLIENT] Observation Buffer size 4.395498275756836 MB with
ERROR 2026-06-08 17:15:44 t_client.py:214 Error sending observation #474: <_InactiveRpcError of RPC that terminated with:
	status = StatusCode.UNAVAILABLE
	details = "failed to connect to all addresses; last error: UNKNOWN: ipv4:10.145.8.86:8080: Failed to connect to remote host: connect: Connection refused (111)"
	debug_error_string = "UNKNOWN:Error received from peer  {grpc_status:14, grpc_message:"failed to connect to all addresses; last error: UNKNOWN: ipv4:10.145.8.86:8080: Failed to connect to remote host: connect: Connection refused (111)"}"
>
DEBUG 2026-06-08 17:15:44 t_client.py:434 QUEUE SIZE: 0 (Must go: False)
DEBUG 2026-06-08 17:15:44 t_client.py:477 Control loop (ms): 53.34
DEBUG 2026-06-08 17:15:44 follower.py:184 follower_left SOFollower read state: 2.3ms
DEBUG 2026-06-08 17:15:44 follower.py:191 follower_left SOFollower read wrist: 0.0ms
DEBUG 2026-06-08 17:15:44 follower.py:184 follower_right SOFollower read state: 1.7ms
DEBUG 2026-06-08 17:15:44 follower.py:191 follower_right SOFollower read wrist: 0.0ms
DEBUG 2026-06-08 17:15:44 t_client.py:198 Observation serialization time: 0.010498s
DEBUG 2026-06-08 17:15:44 ort/utils.py:54 [CLIENT] Observation Buffer size 4.395498275756836 MB with
ERROR 2026-06-08 17:15:44 t_client.py:359 Error receiving actions: <_InactiveRpcError of RPC that terminated with:
	status = StatusCode.UNAVAILABLE
	details = "failed to connect to all addresses; last error: UNKNOWN: ipv4:10.145.8.86:8080: Failed to connect to remote host: connect: Connection refused (111)"
	debug_error_string = "UNKNOWN:Error received from peer  {grpc_status:14, grpc_message:"failed to connect to all addresses; last error: UNKNOWN: ipv4:10.145.8.86:8080: Failed to connect to remote host: connect: Connection refused (111)"}"
>
ERROR 2026-06-08 17:15:44 t_client.py:214 Error sending observation #474: <_InactiveRpcError of RPC that terminated with:
	status = StatusCode.UNAVAILABLE
	details = "failed to connect to all addresses; last error: UNKNOWN: ipv4:10.145.8.86:8080: Failed to connect to remote host: connect: Connection refused (111)"
	debug_error_string = "UNKNOWN:Error received from peer  {grpc_status:14, grpc_message:"failed to connect to all addresses; last error: UNKNOWN: ipv4:10.145.8.86:8080: Failed to connect to remote host: connect: Connection refused (111)"}"
>
DEBUG 2026-06-08 17:15:44 t_client.py:434 QUEUE SIZE: 0 (Must go: False)
DEBUG 2026-06-08 17:15:44 t_client.py:477 Control loop (ms): 58.27
DEBUG 2026-06-08 17:15:44 follower.py:184 follower_left SOFollower read state: 3.0ms
DEBUG 2026-06-08 17:15:44 follower.py:191 follower_left SOFollower read wrist: 0.1ms
DEBUG 2026-06-08 17:15:44 follower.py:184 follower_right SOFollower read state: 2.2ms
DEBUG 2026-06-08 17:15:44 follower.py:191 follower_right SOFollower read wrist: 0.0ms
DEBUG 2026-06-08 17:15:44 t_client.py:198 Observation serialization time: 0.005337s
DEBUG 2026-06-08 17:15:44 ort/utils.py:54 [CLIENT] Observation Buffer size 4.395498275756836 MB with
ERROR 2026-06-08 17:15:44 t_client.py:214 Error sending observation #474: <_InactiveRpcError of RPC that terminated with:
	status = StatusCode.UNAVAILABLE
	details = "failed to connect to all addresses; last error: UNKNOWN: ipv4:10.145.8.86:8080: Failed to connect to remote host: connect: Connection refused (111)"
	debug_error_string = "UNKNOWN:Error received from peer  {grpc_status:14, grpc_message:"failed to connect to all addresses; last error: UNKNOWN: ipv4:10.145.8.86:8080: Failed to connect to remote host: connect: Connection refused (111)"}"
>
DEBUG 2026-06-08 17:15:44 t_client.py:434 QUEUE SIZE: 0 (Must go: False)
DEBUG 2026-06-08 17:15:44 t_client.py:477 Control loop (ms): 42.23
DEBUG 2026-06-08 17:15:44 follower.py:184 follower_left SOFollower read state: 1.9ms
DEBUG 2026-06-08 17:15:44 follower.py:191 follower_left SOFollower read wrist: 0.0ms
DEBUG 2026-06-08 17:15:44 follower.py:184 follower_right SOFollower read state: 1.7ms
DEBUG 2026-06-08 17:15:44 follower.py:191 follower_right SOFollower read wrist: 0.0ms
DEBUG 2026-06-08 17:15:44 t_client.py:198 Observation serialization time: 0.004893s
DEBUG 2026-06-08 17:15:44 ort/utils.py:54 [CLIENT] Observation Buffer size 4.395498275756836 MB with
ERROR 2026-06-08 17:15:44 t_client.py:214 Error sending observation #474: <_InactiveRpcError of RPC that terminated with:
	status = StatusCode.UNAVAILABLE
	details = "failed to connect to all addresses; last error: UNKNOWN: ipv4:10.145.8.86:8080: Failed to connect to remote host: connect: Connection refused (111)"
	debug_error_string = "UNKNOWN:Error received from peer  {grpc_message:"failed to connect to all addresses; last error: UNKNOWN: ipv4:10.145.8.86:8080: Failed to connect to remote host: connect: Connection refused (111)", grpc_status:14}"
>
DEBUG 2026-06-08 17:15:44 t_client.py:434 QUEUE SIZE: 0 (Must go: False)
DEBUG 2026-06-08 17:15:44 t_client.py:477 Control loop (ms): 53.29
DEBUG 2026-06-08 17:15:44 follower.py:184 follower_left SOFollower read state: 1.9ms
DEBUG 2026-06-08 17:15:44 follower.py:191 follower_left SOFollower read wrist: 0.0ms
DEBUG 2026-06-08 17:15:44 follower.py:184 follower_right SOFollower read state: 1.9ms
DEBUG 2026-06-08 17:15:44 follower.py:191 follower_right SOFollower read wrist: 0.0ms
DEBUG 2026-06-08 17:15:44 t_client.py:198 Observation serialization time: 0.002423s
DEBUG 2026-06-08 17:15:44 ort/utils.py:54 [CLIENT] Observation Buffer size 4.395498275756836 MB with
ERROR 2026-06-08 17:15:44 t_client.py:214 Error sending observation #474: <_InactiveRpcError of RPC that terminated with:
	status = StatusCode.UNAVAILABLE
	details = "failed to connect to all addresses; last error: UNKNOWN: ipv4:10.145.8.86:8080: Failed to connect to remote host: connect: Connection refused (111)"
	debug_error_string = "UNKNOWN:Error received from peer  {grpc_message:"failed to connect to all addresses; last error: UNKNOWN: ipv4:10.145.8.86:8080: Failed to connect to remote host: connect: Connection refused (111)", grpc_status:14}"
>
DEBUG 2026-06-08 17:15:44 t_client.py:434 QUEUE SIZE: 0 (Must go: False)
DEBUG 2026-06-08 17:15:44 t_client.py:477 Control loop (ms): 43.08
DEBUG 2026-06-08 17:15:44 follower.py:184 follower_left SOFollower read state: 2.1ms
DEBUG 2026-06-08 17:15:44 follower.py:191 follower_left SOFollower read wrist: 0.0ms
DEBUG 2026-06-08 17:15:44 follower.py:184 follower_right SOFollower read state: 1.8ms
DEBUG 2026-06-08 17:15:44 follower.py:191 follower_right SOFollower read wrist: 0.0ms
DEBUG 2026-06-08 17:15:45 t_client.py:198 Observation serialization time: 0.006482s
DEBUG 2026-06-08 17:15:45 ort/utils.py:54 [CLIENT] Observation Buffer size 4.395498275756836 MB with
ERROR 2026-06-08 17:15:45 t_client.py:214 Error sending observation #474: <_InactiveRpcError of RPC that terminated with:
	status = StatusCode.UNAVAILABLE
	details = "failed to connect to all addresses; last error: UNKNOWN: ipv4:10.145.8.86:8080: Failed to connect to remote host: connect: Connection refused (111)"
	debug_error_string = "UNKNOWN:Error received from peer  {grpc_message:"failed to connect to all addresses; last error: UNKNOWN: ipv4:10.145.8.86:8080: Failed to connect to remote host: connect: Connection refused (111)", grpc_status:14}"
>
DEBUG 2026-06-08 17:15:45 t_client.py:434 QUEUE SIZE: 0 (Must go: False)
DEBUG 2026-06-08 17:15:45 t_client.py:477 Control loop (ms): 50.94
DEBUG 2026-06-08 17:15:45 follower.py:184 follower_left SOFollower read state: 2.1ms
DEBUG 2026-06-08 17:15:45 follower.py:191 follower_left SOFollower read wrist: 0.0ms
DEBUG 2026-06-08 17:15:45 follower.py:184 follower_right SOFollower read state: 1.8ms
DEBUG 2026-06-08 17:15:45 follower.py:191 follower_right SOFollower read wrist: 0.0ms
DEBUG 2026-06-08 17:15:45 t_client.py:198 Observation serialization time: 0.008063s
DEBUG 2026-06-08 17:15:45 ort/utils.py:54 [CLIENT] Observation Buffer size 4.395498275756836 MB with
ERROR 2026-06-08 17:15:45 t_client.py:214 Error sending observation #474: <_InactiveRpcError of RPC that terminated with:
	status = StatusCode.UNAVAILABLE
	details = "failed to connect to all addresses; last error: UNKNOWN: ipv4:10.145.8.86:8080: Failed to connect to remote host: connect: Connection refused (111)"
	debug_error_string = "UNKNOWN:Error received from peer  {grpc_message:"failed to connect to all addresses; last error: UNKNOWN: ipv4:10.145.8.86:8080: Failed to connect to remote host: connect: Connection refused (111)", grpc_status:14}"
>
DEBUG 2026-06-08 17:15:45 t_client.py:434 QUEUE SIZE: 0 (Must go: False)
DEBUG 2026-06-08 17:15:45 t_client.py:477 Control loop (ms): 54.46
DEBUG 2026-06-08 17:15:45 follower.py:184 follower_left SOFollower read state: 2.0ms
DEBUG 2026-06-08 17:15:45 follower.py:191 follower_left SOFollower read wrist: 0.1ms
DEBUG 2026-06-08 17:15:45 follower.py:184 follower_right SOFollower read state: 1.7ms
DEBUG 2026-06-08 17:15:45 follower.py:191 follower_right SOFollower read wrist: 0.0ms
DEBUG 2026-06-08 17:15:45 t_client.py:198 Observation serialization time: 0.004905s
DEBUG 2026-06-08 17:15:45 ort/utils.py:54 [CLIENT] Observation Buffer size 4.395498275756836 MB with
ERROR 2026-06-08 17:15:45 t_client.py:214 Error sending observation #474: <_InactiveRpcError of RPC that terminated with:
	status = StatusCode.UNAVAILABLE
	details = "failed to connect to all addresses; last error: UNKNOWN: ipv4:10.145.8.86:8080: Failed to connect to remote host: connect: Connection refused (111)"
	debug_error_string = "UNKNOWN:Error received from peer  {grpc_status:14, grpc_message:"failed to connect to all addresses; last error: UNKNOWN: ipv4:10.145.8.86:8080: Failed to connect to remote host: connect: Connection refused (111)"}"
>
DEBUG 2026-06-08 17:15:45 t_client.py:434 QUEUE SIZE: 0 (Must go: False)
DEBUG 2026-06-08 17:15:45 t_client.py:477 Control loop (ms): 41.77
DEBUG 2026-06-08 17:15:45 follower.py:184 follower_left SOFollower read state: 2.2ms
DEBUG 2026-06-08 17:15:45 follower.py:191 follower_left SOFollower read wrist: 0.0ms
DEBUG 2026-06-08 17:15:45 follower.py:184 follower_right SOFollower read state: 1.9ms
DEBUG 2026-06-08 17:15:45 follower.py:191 follower_right SOFollower read wrist: 0.0ms
DEBUG 2026-06-08 17:15:45 t_client.py:198 Observation serialization time: 0.006156s
DEBUG 2026-06-08 17:15:45 ort/utils.py:54 [CLIENT] Observation Buffer size 4.395498275756836 MB with
ERROR 2026-06-08 17:15:45 t_client.py:214 Error sending observation #474: <_InactiveRpcError of RPC that terminated with:
	status = StatusCode.UNAVAILABLE
	details = "failed to connect to all addresses; last error: UNKNOWN: ipv4:10.145.8.86:8080: Failed to connect to remote host: connect: Connection refused (111)"
	debug_error_string = "UNKNOWN:Error received from peer  {grpc_message:"failed to connect to all addresses; last error: UNKNOWN: ipv4:10.145.8.86:8080: Failed to connect to remote host: connect: Connection refused (111)", grpc_status:14}"
>
DEBUG 2026-06-08 17:15:45 t_client.py:434 QUEUE SIZE: 0 (Must go: False)
DEBUG 2026-06-08 17:15:45 t_client.py:477 Control loop (ms): 53.50
DEBUG 2026-06-08 17:15:45 follower.py:184 follower_left SOFollower read state: 1.9ms
DEBUG 2026-06-08 17:15:45 follower.py:191 follower_left SOFollower read wrist: 0.0ms
DEBUG 2026-06-08 17:15:45 follower.py:184 follower_right SOFollower read state: 1.8ms
DEBUG 2026-06-08 17:15:45 follower.py:191 follower_right SOFollower read wrist: 0.0ms
DEBUG 2026-06-08 17:15:45 t_client.py:198 Observation serialization time: 0.009299s
DEBUG 2026-06-08 17:15:45 ort/utils.py:54 [CLIENT] Observation Buffer size 4.395498275756836 MB with
ERROR 2026-06-08 17:15:45 t_client.py:214 Error sending observation #474: <_InactiveRpcError of RPC that terminated with:
	status = StatusCode.UNAVAILABLE
	details = "failed to connect to all addresses; last error: UNKNOWN: ipv4:10.145.8.86:8080: Failed to connect to remote host: connect: Connection refused (111)"
	debug_error_string = "UNKNOWN:Error received from peer  {grpc_status:14, grpc_message:"failed to connect to all addresses; last error: UNKNOWN: ipv4:10.145.8.86:8080: Failed to connect to remote host: connect: Connection refused (111)"}"
>
DEBUG 2026-06-08 17:15:45 t_client.py:434 QUEUE SIZE: 0 (Must go: False)
DEBUG 2026-06-08 17:15:45 t_client.py:477 Control loop (ms): 57.46
DEBUG 2026-06-08 17:15:45 follower.py:184 follower_left SOFollower read state: 2.1ms
DEBUG 2026-06-08 17:15:45 follower.py:191 follower_left SOFollower read wrist: 0.0ms
DEBUG 2026-06-08 17:15:45 follower.py:184 follower_right SOFollower read state: 2.8ms
DEBUG 2026-06-08 17:15:45 follower.py:191 follower_right SOFollower read wrist: 0.1ms
DEBUG 2026-06-08 17:15:45 t_client.py:198 Observation serialization time: 0.010561s
DEBUG 2026-06-08 17:15:45 ort/utils.py:54 [CLIENT] Observation Buffer size 4.395498275756836 MB with
ERROR 2026-06-08 17:15:45 t_client.py:214 Error sending observation #474: <_InactiveRpcError of RPC that terminated with:
	status = StatusCode.UNAVAILABLE
	details = "failed to connect to all addresses; last error: UNKNOWN: ipv4:10.145.8.86:8080: Failed to connect to remote host: connect: Connection refused (111)"
	debug_error_string = "UNKNOWN:Error received from peer  {grpc_status:14, grpc_message:"failed to connect to all addresses; last error: UNKNOWN: ipv4:10.145.8.86:8080: Failed to connect to remote host: connect: Connection refused (111)"}"
>
DEBUG 2026-06-08 17:15:45 t_client.py:434 QUEUE SIZE: 0 (Must go: False)
DEBUG 2026-06-08 17:15:45 t_client.py:477 Control loop (ms): 56.78
DEBUG 2026-06-08 17:15:45 follower.py:184 follower_left SOFollower read state: 2.8ms
DEBUG 2026-06-08 17:15:45 follower.py:191 follower_left SOFollower read wrist: 0.1ms
DEBUG 2026-06-08 17:15:45 follower.py:184 follower_right SOFollower read state: 1.7ms
DEBUG 2026-06-08 17:15:45 follower.py:191 follower_right SOFollower read wrist: 0.0ms
DEBUG 2026-06-08 17:15:45 t_client.py:198 Observation serialization time: 0.006266s
DEBUG 2026-06-08 17:15:45 ort/utils.py:54 [CLIENT] Observation Buffer size 4.395498275756836 MB with
ERROR 2026-06-08 17:15:45 t_client.py:359 Error receiving actions: <_InactiveRpcError of RPC that terminated with:
	status = StatusCode.UNAVAILABLE
	details = "failed to connect to all addresses; last error: UNKNOWN: ipv4:10.145.8.86:8080: Failed to connect to remote host: connect: Connection refused (111)"
	debug_error_string = "UNKNOWN:Error received from peer  {grpc_status:14, grpc_message:"failed to connect to all addresses; last error: UNKNOWN: ipv4:10.145.8.86:8080: Failed to connect to remote host: connect: Connection refused (111)"}"
>
ERROR 2026-06-08 17:15:45 t_client.py:214 Error sending observation #474: <_InactiveRpcError of RPC that terminated with:
	status = StatusCode.UNAVAILABLE
	details = "failed to connect to all addresses; last error: UNKNOWN: ipv4:10.145.8.86:8080: Failed to connect to remote host: connect: Connection refused (111)"
	debug_error_string = "UNKNOWN:Error received from peer  {grpc_message:"failed to connect to all addresses; last error: UNKNOWN: ipv4:10.145.8.86:8080: Failed to connect to remote host: connect: Connection refused (111)", grpc_status:14}"
>
DEBUG 2026-06-08 17:15:45 t_client.py:434 QUEUE SIZE: 0 (Must go: False)
DEBUG 2026-06-08 17:15:45 t_client.py:477 Control loop (ms): 46.88
DEBUG 2026-06-08 17:15:45 follower.py:184 follower_left SOFollower read state: 1.6ms
DEBUG 2026-06-08 17:15:45 follower.py:191 follower_left SOFollower read wrist: 0.0ms
DEBUG 2026-06-08 17:15:45 follower.py:184 follower_right SOFollower read state: 1.7ms
DEBUG 2026-06-08 17:15:45 follower.py:191 follower_right SOFollower read wrist: 0.0ms
DEBUG 2026-06-08 17:15:45 t_client.py:198 Observation serialization time: 0.008922s
DEBUG 2026-06-08 17:15:45 ort/utils.py:54 [CLIENT] Observation Buffer size 4.395498275756836 MB with
ERROR 2026-06-08 17:15:45 t_client.py:214 Error sending observation #474: <_InactiveRpcError of RPC that terminated with:
	status = StatusCode.UNAVAILABLE
	details = "failed to connect to all addresses; last error: UNKNOWN: ipv4:10.145.8.86:8080: Failed to connect to remote host: connect: Connection refused (111)"
	debug_error_string = "UNKNOWN:Error received from peer  {grpc_message:"failed to connect to all addresses; last error: UNKNOWN: ipv4:10.145.8.86:8080: Failed to connect to remote host: connect: Connection refused (111)", grpc_status:14}"
>
DEBUG 2026-06-08 17:15:45 t_client.py:434 QUEUE SIZE: 0 (Must go: False)
DEBUG 2026-06-08 17:15:45 t_client.py:477 Control loop (ms): 48.06
DEBUG 2026-06-08 17:15:45 follower.py:184 follower_left SOFollower read state: 2.1ms
DEBUG 2026-06-08 17:15:45 follower.py:191 follower_left SOFollower read wrist: 0.0ms
DEBUG 2026-06-08 17:15:45 follower.py:184 follower_right SOFollower read state: 1.8ms
DEBUG 2026-06-08 17:15:45 follower.py:191 follower_right SOFollower read wrist: 0.0ms
DEBUG 2026-06-08 17:15:45 t_client.py:198 Observation serialization time: 0.008017s
DEBUG 2026-06-08 17:15:45 ort/utils.py:54 [CLIENT] Observation Buffer size 4.395498275756836 MB with
ERROR 2026-06-08 17:15:45 t_client.py:214 Error sending observation #474: <_InactiveRpcError of RPC that terminated with:
	status = StatusCode.UNAVAILABLE
	details = "failed to connect to all addresses; last error: UNKNOWN: ipv4:10.145.8.86:8080: Failed to connect to remote host: connect: Connection refused (111)"
	debug_error_string = "UNKNOWN:Error received from peer  {grpc_message:"failed to connect to all addresses; last error: UNKNOWN: ipv4:10.145.8.86:8080: Failed to connect to remote host: connect: Connection refused (111)", grpc_status:14}"
>
DEBUG 2026-06-08 17:15:45 t_client.py:434 QUEUE SIZE: 0 (Must go: False)
DEBUG 2026-06-08 17:15:45 t_client.py:477 Control loop (ms): 54.89
DEBUG 2026-06-08 17:15:45 follower.py:184 follower_left SOFollower read state: 2.2ms
DEBUG 2026-06-08 17:15:45 follower.py:191 follower_left SOFollower read wrist: 0.0ms
DEBUG 2026-06-08 17:15:45 follower.py:184 follower_right SOFollower read state: 2.1ms
DEBUG 2026-06-08 17:15:45 follower.py:191 follower_right SOFollower read wrist: 0.0ms
DEBUG 2026-06-08 17:15:45 t_client.py:198 Observation serialization time: 0.009224s
DEBUG 2026-06-08 17:15:45 ort/utils.py:54 [CLIENT] Observation Buffer size 4.395498275756836 MB with
DEBUG 2026-06-08 17:15:45 tors_bus.py:561 FeetechMotorsBus disconnected.
INFO 2026-06-08 17:15:45 a_opencv.py:606 OpenCVCamera(/dev/wrist_left) disconnected.
INFO 2026-06-08 17:15:45 follower.py:229 follower_left SOFollower disconnected.
DEBUG 2026-06-08 17:15:45 tors_bus.py:561 FeetechMotorsBus disconnected.
INFO 2026-06-08 17:15:45 a_opencv.py:606 OpenCVCamera(/dev/wrist_right) disconnected.
INFO 2026-06-08 17:15:45 follower.py:229 follower_right SOFollower disconnected.
ERROR 2026-06-08 17:15:45 t_client.py:359 Error receiving actions: <_InactiveRpcError of RPC that terminated with:
	status = StatusCode.UNAVAILABLE
	details = "failed to connect to all addresses; last error: UNKNOWN: ipv4:10.145.8.86:8080: Failed to connect to remote host: connect: Connection refused (111)"
	debug_error_string = "UNKNOWN:Error received from peer  {grpc_status:14, grpc_message:"failed to connect to all addresses; last error: UNKNOWN: ipv4:10.145.8.86:8080: Failed to connect to remote host: connect: Connection refused (111)"}"
>
INFO 2026-06-08 17:15:45 a_opencv.py:606 OpenCVCamera(/dev/video4) disconnected.
INFO 2026-06-08 17:15:45 follower.py:206 Top camera 'top_realsense_color' disconnected.
INFO 2026-06-08 17:15:45 a_opencv.py:606 OpenCVCamera(/dev/video2) disconnected.
INFO 2026-06-08 17:15:45 follower.py:206 Top camera 'top_realsense_depth' disconnected.
INFO 2026-06-08 17:15:46 a_opencv.py:606 OpenCVCamera(/dev/video6) disconnected.
INFO 2026-06-08 17:15:46 follower.py:206 Top camera 'top_webcam' disconnected.
DEBUG 2026-06-08 17:15:46 t_client.py:178 Robot disconnected
DEBUG 2026-06-08 17:15:46 t_client.py:181 Client stopped, channel closed
DEBUG 2026-06-08 17:15:46 __init__.py:342 matplotlib data path: /home/kibub/miniforge3/envs/lerobot/lib/python3.12/site-packages/matplotlib/mpl-data
DEBUG 2026-06-08 17:15:46 __init__.py:342 CONFIGDIR=/home/kibub/.config/matplotlib
DEBUG 2026-06-08 17:15:46 _init__.py:1560 interactive is False
DEBUG 2026-06-08 17:15:46 _init__.py:1561 platform is linux
DEBUG 2026-06-08 17:15:46 __init__.py:342 CACHEDIR=/home/kibub/.cache/matplotlib
DEBUG 2026-06-08 17:15:46 manager.py:1635 Using fontManager instance from /home/kibub/.cache/matplotlib/fontlist-v390.json
DEBUG 2026-06-08 17:15:46 b/pyplot.py:496 Loaded backend agg version v2.2.
DEBUG 2026-06-08 17:15:46 manager.py:1471 findfont: Matching sans\-serif:style=normal:variant=normal:weight=normal:stretch=normal:size=10.0.
DEBUG 2026-06-08 17:15:46 manager.py:1483 findfont: score(FontEntry(fname='/home/kibub/miniforge3/envs/lerobot/lib/python3.12/site-packages/matplotlib/mpl-data/fonts/ttf/STIXSizOneSymReg.ttf', name='STIXSizeOneSym', style='normal', variant='normal', weight=400, stretch='normal', size='scalable')) = 10.05
DEBUG 2026-06-08 17:15:46 manager.py:1483 findfont: score(FontEntry(fname='/home/kibub/miniforge3/envs/lerobot/lib/python3.12/site-packages/matplotlib/mpl-data/fonts/ttf/STIXSizFourSymBol.ttf', name='STIXSizeFourSym', style='normal', variant='normal', weight=700, stretch='normal', size='scalable')) = 10.335
DEBUG 2026-06-08 17:15:46 manager.py:1483 findfont: score(FontEntry(fname='/home/kibub/miniforge3/envs/lerobot/lib/python3.12/site-packages/matplotlib/mpl-data/fonts/ttf/STIXSizTwoSymReg.ttf', name='STIXSizeTwoSym', style='normal', variant='normal', weight=400, stretch='normal', size='scalable')) = 10.05
DEBUG 2026-06-08 17:15:46 manager.py:1483 findfont: score(FontEntry(fname='/home/kibub/miniforge3/envs/lerobot/lib/python3.12/site-packages/matplotlib/mpl-data/fonts/ttf/DejaVuSans-Bold.ttf', name='DejaVu Sans', style='normal', variant='normal', weight=700, stretch='normal', size='scalable')) = 0.33499999999999996
DEBUG 2026-06-08 17:15:46 manager.py:1483 findfont: score(FontEntry(fname='/home/kibub/miniforge3/envs/lerobot/lib/python3.12/site-packages/matplotlib/mpl-data/fonts/ttf/DejaVuSerif-Bold.ttf', name='DejaVu Serif', style='normal', variant='normal', weight=700, stretch='normal', size='scalable')) = 10.335
DEBUG 2026-06-08 17:15:46 manager.py:1483 findfont: score(FontEntry(fname='/home/kibub/miniforge3/envs/lerobot/lib/python3.12/site-packages/matplotlib/mpl-data/fonts/ttf/DejaVuSansMono-Oblique.ttf', name='DejaVu Sans Mono', style='oblique', variant='normal', weight=400, stretch='normal', size='scalable')) = 11.05
DEBUG 2026-06-08 17:15:46 manager.py:1483 findfont: score(FontEntry(fname='/home/kibub/miniforge3/envs/lerobot/lib/python3.12/site-packages/matplotlib/mpl-data/fonts/ttf/STIXSizTwoSymBol.ttf', name='STIXSizeTwoSym', style='normal', variant='normal', weight=700, stretch='normal', size='scalable')) = 10.335
DEBUG 2026-06-08 17:15:46 manager.py:1483 findfont: score(FontEntry(fname='/home/kibub/miniforge3/envs/lerobot/lib/python3.12/site-packages/matplotlib/mpl-data/fonts/ttf/STIXGeneralBol.ttf', name='STIXGeneral', style='normal', variant='normal', weight=700, stretch='normal', size='scalable')) = 10.335
DEBUG 2026-06-08 17:15:46 manager.py:1483 findfont: score(FontEntry(fname='/home/kibub/miniforge3/envs/lerobot/lib/python3.12/site-packages/matplotlib/mpl-data/fonts/ttf/STIXSizFiveSymReg.ttf', name='STIXSizeFiveSym', style='normal', variant='normal', weight=400, stretch='normal', size='scalable')) = 10.05
DEBUG 2026-06-08 17:15:46 manager.py:1483 findfont: score(FontEntry(fname='/home/kibub/miniforge3/envs/lerobot/lib/python3.12/site-packages/matplotlib/mpl-data/fonts/ttf/DejaVuSansMono-BoldOblique.ttf', name='DejaVu Sans Mono', style='oblique', variant='normal', weight=700, stretch='normal', size='scalable')) = 11.335
DEBUG 2026-06-08 17:15:46 manager.py:1483 findfont: score(FontEntry(fname='/home/kibub/miniforge3/envs/lerobot/lib/python3.12/site-packages/matplotlib/mpl-data/fonts/ttf/DejaVuSans-Oblique.ttf', name='DejaVu Sans', style='oblique', variant='normal', weight=400, stretch='normal', size='scalable')) = 1.05
DEBUG 2026-06-08 17:15:46 manager.py:1483 findfont: score(FontEntry(fname='/home/kibub/miniforge3/envs/lerobot/lib/python3.12/site-packages/matplotlib/mpl-data/fonts/ttf/DejaVuSansMono-Bold.ttf', name='DejaVu Sans Mono', style='normal', variant='normal', weight=700, stretch='normal', size='scalable')) = 10.335
DEBUG 2026-06-08 17:15:46 manager.py:1483 findfont: score(FontEntry(fname='/home/kibub/miniforge3/envs/lerobot/lib/python3.12/site-packages/matplotlib/mpl-data/fonts/ttf/DejaVuSerif.ttf', name='DejaVu Serif', style='normal', variant='normal', weight=400, stretch='normal', size='scalable')) = 10.05
DEBUG 2026-06-08 17:15:46 manager.py:1483 findfont: score(FontEntry(fname='/home/kibub/miniforge3/envs/lerobot/lib/python3.12/site-packages/matplotlib/mpl-data/fonts/ttf/cmtt10.ttf', name='cmtt10', style='normal', variant='normal', weight=400, stretch='normal', size='scalable')) = 10.05
DEBUG 2026-06-08 17:15:46 manager.py:1483 findfont: score(FontEntry(fname='/home/kibub/miniforge3/envs/lerobot/lib/python3.12/site-packages/matplotlib/mpl-data/fonts/ttf/DejaVuSerifDisplay.ttf', name='DejaVu Serif Display', style='normal', variant='normal', weight=400, stretch='normal', size='scalable')) = 10.05
DEBUG 2026-06-08 17:15:46 manager.py:1483 findfont: score(FontEntry(fname='/home/kibub/miniforge3/envs/lerobot/lib/python3.12/site-packages/matplotlib/mpl-data/fonts/ttf/STIXSizOneSymBol.ttf', name='STIXSizeOneSym', style='normal', variant='normal', weight=700, stretch='normal', size='scalable')) = 10.335
DEBUG 2026-06-08 17:15:46 manager.py:1483 findfont: score(FontEntry(fname='/home/kibub/miniforge3/envs/lerobot/lib/python3.12/site-packages/matplotlib/mpl-data/fonts/ttf/STIXGeneral.ttf', name='STIXGeneral', style='normal', variant='normal', weight=400, stretch='normal', size='scalable')) = 10.05
DEBUG 2026-06-08 17:15:46 manager.py:1483 findfont: score(FontEntry(fname='/home/kibub/miniforge3/envs/lerobot/lib/python3.12/site-packages/matplotlib/mpl-data/fonts/ttf/cmb10.ttf', name='cmb10', style='normal', variant='normal', weight=400, stretch='normal', size='scalable')) = 10.05
DEBUG 2026-06-08 17:15:46 manager.py:1483 findfont: score(FontEntry(fname='/home/kibub/miniforge3/envs/lerobot/lib/python3.12/site-packages/matplotlib/mpl-data/fonts/ttf/DejaVuSerif-Italic.ttf', name='DejaVu Serif', style='italic', variant='normal', weight=400, stretch='normal', size='scalable')) = 11.05
DEBUG 2026-06-08 17:15:46 manager.py:1483 findfont: score(FontEntry(fname='/home/kibub/miniforge3/envs/lerobot/lib/python3.12/site-packages/matplotlib/mpl-data/fonts/ttf/STIXSizFourSymReg.ttf', name='STIXSizeFourSym', style='normal', variant='normal', weight=400, stretch='normal', size='scalable')) = 10.05
DEBUG 2026-06-08 17:15:46 manager.py:1483 findfont: score(FontEntry(fname='/home/kibub/miniforge3/envs/lerobot/lib/python3.12/site-packages/matplotlib/mpl-data/fonts/ttf/cmr10.ttf', name='cmr10', style='normal', variant='normal', weight=400, stretch='normal', size='scalable')) = 10.05
DEBUG 2026-06-08 17:15:46 manager.py:1483 findfont: score(FontEntry(fname='/home/kibub/miniforge3/envs/lerobot/lib/python3.12/site-packages/matplotlib/mpl-data/fonts/ttf/STIXSizThreeSymBol.ttf', name='STIXSizeThreeSym', style='normal', variant='normal', weight=700, stretch='normal', size='scalable')) = 10.335
DEBUG 2026-06-08 17:15:46 manager.py:1483 findfont: score(FontEntry(fname='/home/kibub/miniforge3/envs/lerobot/lib/python3.12/site-packages/matplotlib/mpl-data/fonts/ttf/DejaVuSansDisplay.ttf', name='DejaVu Sans Display', style='normal', variant='normal', weight=400, stretch='normal', size='scalable')) = 10.05
DEBUG 2026-06-08 17:15:46 manager.py:1483 findfont: score(FontEntry(fname='/home/kibub/miniforge3/envs/lerobot/lib/python3.12/site-packages/matplotlib/mpl-data/fonts/ttf/STIXGeneralItalic.ttf', name='STIXGeneral', style='italic', variant='normal', weight=400, stretch='normal', size='scalable')) = 11.05
DEBUG 2026-06-08 17:15:46 manager.py:1483 findfont: score(FontEntry(fname='/home/kibub/miniforge3/envs/lerobot/lib/python3.12/site-packages/matplotlib/mpl-data/fonts/ttf/STIXSizThreeSymReg.ttf', name='STIXSizeThreeSym', style='normal', variant='normal', weight=400, stretch='normal', size='scalable')) = 10.05
DEBUG 2026-06-08 17:15:46 manager.py:1483 findfont: score(FontEntry(fname='/home/kibub/miniforge3/envs/lerobot/lib/python3.12/site-packages/matplotlib/mpl-data/fonts/ttf/STIXNonUniBolIta.ttf', name='STIXNonUnicode', style='italic', variant='normal', weight=700, stretch='normal', size='scalable')) = 11.335
DEBUG 2026-06-08 17:15:46 manager.py:1483 findfont: score(FontEntry(fname='/home/kibub/miniforge3/envs/lerobot/lib/python3.12/site-packages/matplotlib/mpl-data/fonts/ttf/cmmi10.ttf', name='cmmi10', style='normal', variant='normal', weight=400, stretch='normal', size='scalable')) = 10.05
DEBUG 2026-06-08 17:15:46 manager.py:1483 findfont: score(FontEntry(fname='/home/kibub/miniforge3/envs/lerobot/lib/python3.12/site-packages/matplotlib/mpl-data/fonts/ttf/DejaVuSerif-BoldItalic.ttf', name='DejaVu Serif', style='italic', variant='normal', weight=700, stretch='normal', size='scalable')) = 11.335
DEBUG 2026-06-08 17:15:46 manager.py:1483 findfont: score(FontEntry(fname='/home/kibub/miniforge3/envs/lerobot/lib/python3.12/site-packages/matplotlib/mpl-data/fonts/ttf/STIXNonUniIta.ttf', name='STIXNonUnicode', style='italic', variant='normal', weight=400, stretch='normal', size='scalable')) = 11.05
DEBUG 2026-06-08 17:15:46 manager.py:1483 findfont: score(FontEntry(fname='/home/kibub/miniforge3/envs/lerobot/lib/python3.12/site-packages/matplotlib/mpl-data/fonts/ttf/DejaVuSans.ttf', name='DejaVu Sans', style='normal', variant='normal', weight=400, stretch='normal', size='scalable')) = 0.05
DEBUG 2026-06-08 17:15:46 manager.py:1483 findfont: score(FontEntry(fname='/home/kibub/miniforge3/envs/lerobot/lib/python3.12/site-packages/matplotlib/mpl-data/fonts/ttf/STIXNonUniBol.ttf', name='STIXNonUnicode', style='normal', variant='normal', weight=700, stretch='normal', size='scalable')) = 10.335
DEBUG 2026-06-08 17:15:46 manager.py:1483 findfont: score(FontEntry(fname='/home/kibub/miniforge3/envs/lerobot/lib/python3.12/site-packages/matplotlib/mpl-data/fonts/ttf/cmex10.ttf', name='cmex10', style='normal', variant='normal', weight=400, stretch='normal', size='scalable')) = 10.05
DEBUG 2026-06-08 17:15:46 manager.py:1483 findfont: score(FontEntry(fname='/home/kibub/miniforge3/envs/lerobot/lib/python3.12/site-packages/matplotlib/mpl-data/fonts/ttf/DejaVuSans-BoldOblique.ttf', name='DejaVu Sans', style='oblique', variant='normal', weight=700, stretch='normal', size='scalable')) = 1.335
DEBUG 2026-06-08 17:15:46 manager.py:1483 findfont: score(FontEntry(fname='/home/kibub/miniforge3/envs/lerobot/lib/python3.12/site-packages/matplotlib/mpl-data/fonts/ttf/STIXGeneralBolIta.ttf', name='STIXGeneral', style='italic', variant='normal', weight=700, stretch='normal', size='scalable')) = 11.335
DEBUG 2026-06-08 17:15:46 manager.py:1483 findfont: score(FontEntry(fname='/home/kibub/miniforge3/envs/lerobot/lib/python3.12/site-packages/matplotlib/mpl-data/fonts/ttf/STIXNonUni.ttf', name='STIXNonUnicode', style='normal', variant='normal', weight=400, stretch='normal', size='scalable')) = 10.05
DEBUG 2026-06-08 17:15:46 manager.py:1483 findfont: score(FontEntry(fname='/home/kibub/miniforge3/envs/lerobot/lib/python3.12/site-packages/matplotlib/mpl-data/fonts/ttf/cmsy10.ttf', name='cmsy10', style='normal', variant='normal', weight=400, stretch='normal', size='scalable')) = 10.05
DEBUG 2026-06-08 17:15:46 manager.py:1483 findfont: score(FontEntry(fname='/home/kibub/miniforge3/envs/lerobot/lib/python3.12/site-packages/matplotlib/mpl-data/fonts/ttf/cmss10.ttf', name='cmss10', style='normal', variant='normal', weight=400, stretch='normal', size='scalable')) = 10.05
DEBUG 2026-06-08 17:15:46 manager.py:1483 findfont: score(FontEntry(fname='/home/kibub/miniforge3/envs/lerobot/lib/python3.12/site-packages/matplotlib/mpl-data/fonts/ttf/DejaVuSansMono.ttf', name='DejaVu Sans Mono', style='normal', variant='normal', weight=400, stretch='normal', size='scalable')) = 10.05
DEBUG 2026-06-08 17:15:46 manager.py:1483 findfont: score(FontEntry(fname='/usr/share/fonts/truetype/noto/NotoSansNKo-Regular.ttf', name='Noto Sans NKo', style='normal', variant='normal', weight=400, stretch='normal', size='scalable')) = 10.05
DEBUG 2026-06-08 17:15:46 manager.py:1483 findfont: score(FontEntry(fname='/usr/share/fonts/truetype/lato/Lato-Bold.ttf', name='Lato', style='normal', variant='normal', weight=700, stretch='normal', size='scalable')) = 10.335
DEBUG 2026-06-08 17:15:46 manager.py:1483 findfont: score(FontEntry(fname='/usr/share/fonts/truetype/ubuntu/UbuntuMono-Italic[wght].ttf', name='Ubuntu Mono', style='italic', variant='normal', weight=400, stretch='normal', size='scalable')) = 11.05
DEBUG 2026-06-08 17:15:46 manager.py:1483 findfont: score(FontEntry(fname='/usr/share/fonts/truetype/noto/NotoSansLydian-Regular.ttf', name='Noto Sans Lydian', style='normal', variant='normal', weight=400, stretch='normal', size='scalable')) = 10.05
DEBUG 2026-06-08 17:15:46 manager.py:1483 findfont: score(FontEntry(fname='/usr/share/fonts/truetype/noto/NotoSansHebrew-Regular.ttf', name='Noto Sans Hebrew', style='normal', variant='normal', weight=400, stretch='normal', size='scalable')) = 10.05
DEBUG 2026-06-08 17:15:46 manager.py:1483 findfont: score(FontEntry(fname='/usr/share/fonts/truetype/noto/NotoSansTagbanwa-Regular.ttf', name='Noto Sans Tagbanwa', style='normal', variant='normal', weight=400, stretch='normal', size='scalable')) = 10.05
DEBUG 2026-06-08 17:15:46 manager.py:1483 findfont: score(FontEntry(fname='/usr/share/fonts/truetype/noto/NotoSerifKhojki-Regular.ttf', name='Noto Serif Khojki', style='normal', variant='normal', weight=400, stretch='normal', size='scalable')) = 10.05
DEBUG 2026-06-08 17:15:46 manager.py:1483 findfont: score(FontEntry(fname='/usr/share/fonts/truetype/noto/NotoSansSoraSompeng-Bold.ttf', name='Noto Sans Sora Sompeng', style='normal', variant='normal', weight=700, stretch='normal', size='scalable')) = 10.335
DEBUG 2026-06-08 17:15:46 manager.py:1483 findfont: score(FontEntry(fname='/usr/share/fonts/truetype/noto/NotoSerifTelugu-Regular.ttf', name='Noto Serif Telugu', style='normal', variant='normal', weight=400, stretch='normal', size='scalable')) = 10.05
DEBUG 2026-06-08 17:15:46 manager.py:1483 findfont: score(FontEntry(fname='/usr/share/fonts/truetype/noto/NotoSansNewTaiLue-Regular.ttf', name='Noto Sans New Tai Lue', style='normal', variant='normal', weight=400, stretch='normal', size='scalable')) = 10.05
DEBUG 2026-06-08 17:15:46 manager.py:1483 findfont: score(FontEntry(fname='/usr/share/fonts/opentype/urw-base35/P052-BoldItalic.otf', name='P052', style='italic', variant='normal', weight=700, stretch='normal', size='scalable')) = 11.335
DEBUG 2026-06-08 17:15:46 manager.py:1483 findfont: score(FontEntry(fname='/usr/share/fonts/truetype/noto/NotoMono-Regular.ttf', name='Noto Mono', style='normal', variant='normal', weight=400, stretch='normal', size='scalable')) = 10.05
DEBUG 2026-06-08 17:15:46 manager.py:1483 findfont: score(FontEntry(fname='/usr/share/fonts/truetype/noto/NotoSansKannada-Bold.ttf', name='Noto Sans Kannada', style='normal', variant='normal', weight=700, stretch='normal', size='scalable')) = 10.335
DEBUG 2026-06-08 17:15:46 manager.py:1483 findfont: score(FontEntry(fname='/usr/share/fonts/truetype/noto/NotoSansTamil-Bold.ttf', name='Noto Sans Tamil', style='normal', variant='normal', weight=700, stretch='normal', size='scalable')) = 10.335
DEBUG 2026-06-08 17:15:46 manager.py:1483 findfont: score(FontEntry(fname='/usr/share/fonts/truetype/noto/NotoSansBengali-Regular.ttf', name='Noto Sans Bengali', style='normal', variant='normal', weight=400, stretch='normal', size='scalable')) = 10.05
DEBUG 2026-06-08 17:15:46 manager.py:1483 findfont: score(FontEntry(fname='/usr/share/fonts/truetype/noto/NotoSansTifinagh-Regular.ttf', name='Noto Sans Tifinagh', style='normal', variant='normal', weight=400, stretch='normal', size='scalable')) = 10.05
DEBUG 2026-06-08 17:15:46 manager.py:1483 findfont: score(FontEntry(fname='/usr/share/fonts/truetype/noto/NotoSansTifinaghRhissaIxa-Regular.ttf', name='Noto Sans Tifinagh Rhissa Ixa', style='normal', variant='normal', weight=400, stretch='normal', size='scalable')) = 10.05
DEBUG 2026-06-08 17:15:46 manager.py:1483 findfont: score(FontEntry(fname='/usr/share/fonts/truetype/noto/NotoSansMalayalam-Regular.ttf', name='Noto Sans Malayalam', style='normal', variant='normal', weight=400, stretch='normal', size='scalable')) = 10.05
DEBUG 2026-06-08 17:15:46 manager.py:1483 findfont: score(FontEntry(fname='/usr/share/fonts/truetype/open-sans/OpenSans-ExtraBoldItalic.ttf', name='Open Sans', style='italic', variant='normal', weight=800, stretch='normal', size='scalable')) = 11.43
DEBUG 2026-06-08 17:15:46 manager.py:1483 findfont: score(FontEntry(fname='/usr/share/fonts/truetype/noto/NotoSansKhojki-Regular.ttf', name='Noto Sans Khojki', style='normal', variant='normal', weight=400, stretch='normal', size='scalable')) = 10.05
DEBUG 2026-06-08 17:15:46 manager.py:1483 findfont: score(FontEntry(fname='/usr/share/fonts/truetype/noto/NotoSansPhagsPa-Regular.ttf', name='Noto Sans PhagsPa', style='normal', variant='normal', weight=400, stretch='normal', size='scalable')) = 10.05
DEBUG 2026-06-08 17:15:46 manager.py:1483 findfont: score(FontEntry(fname='/home/kibub/miniforge3/envs/lerobot/fonts/SourceCodePro-Medium.ttf', name='Source Code Pro', style='normal', variant='normal', weight=500, stretch='normal', size='scalable')) = 10.145
DEBUG 2026-06-08 17:15:46 manager.py:1483 findfont: score(FontEntry(fname='/usr/share/fonts/truetype/noto/NotoSans-Bold.ttf', name='Noto Sans', style='normal', variant='normal', weight=700, stretch='normal', size='scalable')) = 10.335
DEBUG 2026-06-08 17:15:46 manager.py:1483 findfont: score(FontEntry(fname='/usr/share/fonts/truetype/noto/NotoKufiArabic-Bold.ttf', name='Noto Kufi Arabic', style='normal', variant='normal', weight=700, stretch='normal', size='scalable')) = 10.335
DEBUG 2026-06-08 17:15:46 manager.py:1483 findfont: score(FontEntry(fname='/usr/share/fonts/truetype/noto/NotoSansBengali-Bold.ttf', name='Noto Sans Bengali', style='normal', variant='normal', weight=700, stretch='normal', size='scalable')) = 10.335
DEBUG 2026-06-08 17:15:46 manager.py:1483 findfont: score(FontEntry(fname='/usr/share/fonts/truetype/noto/NotoSansPalmyrene-Regular.ttf', name='Noto Sans Palmyrene', style='normal', variant='normal', weight=400, stretch='normal', size='scalable')) = 10.05
DEBUG 2026-06-08 17:15:46 manager.py:1483 findfont: score(FontEntry(fname='/usr/share/fonts/opentype/urw-base35/C059-Bold.otf', name='C059', style='normal', variant='normal', weight=700, stretch='normal', size='scalable')) = 10.335
DEBUG 2026-06-08 17:15:46 manager.py:1483 findfont: score(FontEntry(fname='/usr/share/fonts/truetype/open-sans/OpenSans-Semibold.ttf', name='Open Sans', style='normal', variant='normal', weight=600, stretch='normal', size='scalable')) = 10.24
DEBUG 2026-06-08 17:15:46 manager.py:1483 findfont: score(FontEntry(fname='/home/kibub/miniforge3/envs/lerobot/fonts/SourceCodePro-Bold.ttf', name='Source Code Pro', style='normal', variant='normal', weight=700, stretch='normal', size='scalable')) = 10.335
DEBUG 2026-06-08 17:15:46 manager.py:1483 findfont: score(FontEntry(fname='/usr/share/fonts/truetype/liberation/LiberationSans-Bold.ttf', name='Liberation Sans', style='normal', variant='normal', weight=700, stretch='normal', size='scalable')) = 10.335
DEBUG 2026-06-08 17:15:46 manager.py:1483 findfont: score(FontEntry(fname='/usr/share/fonts/truetype/noto/NotoSerif-Bold.ttf', name='Noto Serif', style='normal', variant='normal', weight=700, stretch='normal', size='scalable')) = 10.335
DEBUG 2026-06-08 17:15:46 manager.py:1483 findfont: score(FontEntry(fname='/usr/share/fonts/truetype/noto/NotoSansGlagolitic-Regular.ttf', name='Noto Sans Glagolitic', style='normal', variant='normal', weight=400, stretch='normal', size='scalable')) = 10.05
DEBUG 2026-06-08 17:15:46 manager.py:1483 findfont: score(FontEntry(fname='/home/kibub/miniforge3/envs/lerobot/fonts/SourceCodePro-Light.ttf', name='Source Code Pro', style='normal', variant='normal', weight=300, stretch='normal', size='scalable')) = 10.145
DEBUG 2026-06-08 17:15:46 manager.py:1483 findfont: score(FontEntry(fname='/usr/share/fonts/opentype/urw-base35/P052-Italic.otf', name='P052', style='italic', variant='normal', weight=400, stretch='normal', size='scalable')) = 11.05
DEBUG 2026-06-08 17:15:46 manager.py:1483 findfont: score(FontEntry(fname='/usr/share/fonts/truetype/noto/NotoSerifMalayalam-Regular.ttf', name='Noto Serif Malayalam', style='normal', variant='normal', weight=400, stretch='normal', size='scalable')) = 10.05
DEBUG 2026-06-08 17:15:46 manager.py:1483 findfont: score(FontEntry(fname='/usr/share/fonts/opentype/noto/NotoSansCJK-Regular.ttc', name='Noto Sans CJK JP', style='normal', variant='normal', weight=400, stretch='normal', size='scalable')) = 10.05
DEBUG 2026-06-08 17:15:46 manager.py:1483 findfont: score(FontEntry(fname='/usr/share/fonts/opentype/urw-base35/C059-Italic.otf', name='C059', style='italic', variant='normal', weight=400, stretch='normal', size='scalable')) = 11.05
DEBUG 2026-06-08 17:15:46 manager.py:1483 findfont: score(FontEntry(fname='/usr/share/fonts/truetype/noto/NotoSansPahawhHmong-Regular.ttf', name='Noto Sans Pahawh Hmong', style='normal', variant='normal', weight=400, stretch='normal', size='scalable')) = 10.05
DEBUG 2026-06-08 17:15:46 manager.py:1483 findfont: score(FontEntry(fname='/usr/share/fonts/truetype/noto/NotoSansPhoenician-Regular.ttf', name='Noto Sans Phoenician', style='normal', variant='normal', weight=400, stretch='normal', size='scalable')) = 10.05
DEBUG 2026-06-08 17:15:46 manager.py:1483 findfont: score(FontEntry(fname='/usr/share/fonts/truetype/noto/NotoSansLinearA-Regular.ttf', name='Noto Sans Linear A', style='normal', variant='normal', weight=400, stretch='normal', size='scalable')) = 10.05
DEBUG 2026-06-08 17:15:46 manager.py:1483 findfont: score(FontEntry(fname='/usr/share/fonts/truetype/noto/NotoSansAvestan-Regular.ttf', name='Noto Sans Avestan', style='normal', variant='normal', weight=400, stretch='normal', size='scalable')) = 10.05
DEBUG 2026-06-08 17:15:46 manager.py:1483 findfont: score(FontEntry(fname='/usr/share/fonts/truetype/noto/NotoNaskhArabic-Regular.ttf', name='Noto Naskh Arabic', style='normal', variant='normal', weight=400, stretch='normal', size='scalable')) = 10.05
DEBUG 2026-06-08 17:15:46 manager.py:1483 findfont: score(FontEntry(fname='/usr/share/fonts/truetype/noto/NotoSansPauCinHau-Regular.ttf', name='Noto Sans Pau Cin Hau', style='normal', variant='normal', weight=400, stretch='normal', size='scalable')) = 10.05
DEBUG 2026-06-08 17:15:46 manager.py:1483 findfont: score(FontEntry(fname='/usr/share/fonts/truetype/noto/NotoSansKhmer-Regular.ttf', name='Noto Sans Khmer', style='normal', variant='normal', weight=400, stretch='normal', size='scalable')) = 10.05
DEBUG 2026-06-08 17:15:46 manager.py:1483 findfont: score(FontEntry(fname='/usr/share/fonts/truetype/noto/NotoSansTelugu-Regular.ttf', name='Noto Sans Telugu', style='normal', variant='normal', weight=400, stretch='normal', size='scalable')) = 10.05
DEBUG 2026-06-08 17:15:46 manager.py:1483 findfont: score(FontEntry(fname='/usr/share/fonts/truetype/noto/NotoSansLisu-Bold.ttf', name='Noto Sans Lisu', style='normal', variant='normal', weight=700, stretch='normal', size='scalable')) = 10.335
DEBUG 2026-06-08 17:15:46 manager.py:1483 findfont: score(FontEntry(fname='/usr/share/fonts/truetype/noto/NotoSansLao-Bold.ttf', name='Noto Sans Lao', style='normal', variant='normal', weight=700, stretch='normal', size='scalable')) = 10.335
DEBUG 2026-06-08 17:15:46 manager.py:1483 findfont: score(FontEntry(fname='/usr/share/fonts/truetype/liberation/LiberationSansNarrow-BoldItalic.ttf', name='Liberation Sans Narrow', style='italic', variant='normal', weight=700, stretch='condensed', size='scalable')) = 11.535
DEBUG 2026-06-08 17:15:46 manager.py:1483 findfont: score(FontEntry(fname='/usr/share/fonts/truetype/noto/NotoSansOgham-Regular.ttf', name='Noto Sans Ogham', style='normal', variant='normal', weight=400, stretch='normal', size='scalable')) = 10.05
DEBUG 2026-06-08 17:15:46 manager.py:1483 findfont: score(FontEntry(fname='/usr/share/fonts/opentype/urw-base35/NimbusSans-Italic.otf', name='Nimbus Sans', style='italic', variant='normal', weight=400, stretch='normal', size='scalable')) = 11.05
DEBUG 2026-06-08 17:15:46 manager.py:1483 findfont: score(FontEntry(fname='/usr/share/fonts/truetype/noto/NotoSansKayahLi-Regular.ttf', name='Noto Sans Kayah Li', style='normal', variant='normal', weight=400, stretch='normal', size='scalable')) = 10.05
DEBUG 2026-06-08 17:15:46 manager.py:1483 findfont: score(FontEntry(fname='/usr/share/fonts/truetype/noto/NotoSansGeorgian-Regular.ttf', name='Noto Sans Georgian', style='normal', variant='normal', weight=400, stretch='normal', size='scalable')) = 10.05
DEBUG 2026-06-08 17:15:46 manager.py:1483 findfont: score(FontEntry(fname='/usr/share/fonts/truetype/noto/NotoSerifTangut-Regular.ttf', name='Noto Serif Tangut', style='normal', variant='normal', weight=400, stretch='normal', size='scalable')) = 10.05
DEBUG 2026-06-08 17:15:46 manager.py:1483 findfont: score(FontEntry(fname='/usr/share/fonts/truetype/open-sans/OpenSans-ExtraBold.ttf', name='Open Sans', style='normal', variant='normal', weight=800, stretch='normal', size='scalable')) = 10.43
DEBUG 2026-06-08 17:15:46 manager.py:1483 findfont: score(FontEntry(fname='/usr/share/fonts/truetype/noto/NotoSansMono-Regular.ttf', name='Noto Sans Mono', style='normal', variant='normal', weight=400, stretch='normal', size='scalable')) = 10.05
DEBUG 2026-06-08 17:15:46 manager.py:1483 findfont: score(FontEntry(fname='/usr/share/fonts/truetype/noto/NotoSerifEthiopic-Regular.ttf', name='Noto Serif Ethiopic', style='normal', variant='normal', weight=400, stretch='normal', size='scalable')) = 10.05
DEBUG 2026-06-08 17:15:46 manager.py:1483 findfont: score(FontEntry(fname='/usr/share/fonts/truetype/noto/NotoNastaliqUrdu-Bold.ttf', name='Noto Nastaliq Urdu', style='normal', variant='normal', weight=400, stretch='normal', size='scalable')) = 10.05
DEBUG 2026-06-08 17:15:46 manager.py:1483 findfont: score(FontEntry(fname='/usr/share/fonts/truetype/lato/Lato-HeavyItalic.ttf', name='Lato', style='italic', variant='normal', weight=800, stretch='normal', size='scalable')) = 11.43
DEBUG 2026-06-08 17:15:46 manager.py:1483 findfont: score(FontEntry(fname='/usr/share/fonts/truetype/open-sans/OpenSans-LightItalic.ttf', name='Open Sans', style='italic', variant='normal', weight=300, stretch='normal', size='scalable')) = 11.145
DEBUG 2026-06-08 17:15:46 manager.py:1483 findfont: score(FontEntry(fname='/usr/share/fonts/truetype/noto/NotoSansTirhuta-Regular.ttf', name='Noto Sans Tirhuta', style='normal', variant='normal', weight=400, stretch='normal', size='scalable')) = 10.05
DEBUG 2026-06-08 17:15:46 manager.py:1483 findfont: score(FontEntry(fname='/home/kibub/miniforge3/envs/lerobot/fonts/Ubuntu-M.ttf', name='Ubuntu', style='normal', variant='normal', weight=500, stretch='normal', size='scalable')) = 10.145
DEBUG 2026-06-08 17:15:46 manager.py:1483 findfont: score(FontEntry(fname='/usr/share/fonts/opentype/urw-base35/NimbusSansNarrow-Bold.otf', name='Nimbus Sans Narrow', style='normal', variant='normal', weight=700, stretch='condensed', size='scalable')) = 10.535
DEBUG 2026-06-08 17:15:46 manager.py:1483 findfont: score(FontEntry(fname='/usr/share/fonts/truetype/ubuntu/Ubuntu-Italic[wdth,wght].ttf', name='Ubuntu', style='italic', variant='normal', weight=400, stretch='normal', size='scalable')) = 11.05
DEBUG 2026-06-08 17:15:46 manager.py:1483 findfont: score(FontEntry(fname='/usr/share/fonts/truetype/noto/NotoSansSinhala-Bold.ttf', name='Noto Sans Sinhala', style='normal', variant='normal', weight=700, stretch='normal', size='scalable')) = 10.335
DEBUG 2026-06-08 17:15:46 manager.py:1483 findfont: score(FontEntry(fname='/usr/share/fonts/truetype/ubuntu/Ubuntu-L.ttf', name='Ubuntu', style='normal', variant='normal', weight=400, stretch='normal', size='scalable')) = 10.05
DEBUG 2026-06-08 17:15:46 manager.py:1483 findfont: score(FontEntry(fname='/usr/share/fonts/truetype/ubuntu/UbuntuMono-BI.ttf', name='Ubuntu Mono', style='italic', variant='normal', weight=400, stretch='normal', size='scalable')) = 11.05
DEBUG 2026-06-08 17:15:46 manager.py:1483 findfont: score(FontEntry(fname='/usr/share/fonts/truetype/ubuntu/UbuntuSans-Italic[wdth,wght].ttf', name='Ubuntu Sans', style='italic', variant='normal', weight=400, stretch='normal', size='scalable')) = 11.05
DEBUG 2026-06-08 17:15:46 manager.py:1483 findfont: score(FontEntry(fname='/usr/share/fonts/truetype/noto/NotoSansHanifiRohingya-Bold.ttf', name='Noto Sans Hanifi Rohingya', style='normal', variant='normal', weight=700, stretch='normal', size='scalable')) = 10.335
DEBUG 2026-06-08 17:15:46 manager.py:1483 findfont: score(FontEntry(fname='/usr/share/fonts/opentype/urw-base35/StandardSymbolsPS.otf', name='Standard Symbols PS', style='normal', variant='normal', weight=400, stretch='normal', size='scalable')) = 10.05
DEBUG 2026-06-08 17:15:46 manager.py:1483 findfont: score(FontEntry(fname='/usr/share/fonts/truetype/noto/NotoSansIndicSiyaqNumbers-Regular.ttf', name='Noto Sans Indic Siyaq Numbers', style='normal', variant='normal', weight=400, stretch='normal', size='scalable')) = 10.05
DEBUG 2026-06-08 17:15:46 manager.py:1483 findfont: score(FontEntry(fname='/usr/share/fonts/truetype/noto/NotoSansSiddham-Regular.ttf', name='Noto Sans Siddham', style='normal', variant='normal', weight=400, stretch='normal', size='scalable')) = 10.05
DEBUG 2026-06-08 17:15:46 manager.py:1483 findfont: score(FontEntry(fname='/usr/share/fonts/truetype/liberation/LiberationSerif-Italic.ttf', name='Liberation Serif', style='italic', variant='normal', weight=400, stretch='normal', size='scalable')) = 11.05
DEBUG 2026-06-08 17:15:46 manager.py:1483 findfont: score(FontEntry(fname='/usr/share/fonts/truetype/noto/NotoSansMedefaidrin-Bold.ttf', name='Noto Sans Medefaidrin', style='normal', variant='normal', weight=700, stretch='normal', size='scalable')) = 10.335
DEBUG 2026-06-08 17:15:46 manager.py:1483 findfont: score(FontEntry(fname='/usr/share/fonts/opentype/urw-base35/P052-Roman.otf', name='P052', style='normal', variant='normal', weight=400, stretch='normal', size='scalable')) = 10.05
DEBUG 2026-06-08 17:15:46 manager.py:1483 findfont: score(FontEntry(fname='/home/kibub/miniforge3/envs/lerobot/fonts/Inconsolata-Bold.ttf', name='Inconsolata', style='normal', variant='normal', weight=700, stretch='normal', size='scalable')) = 10.335
DEBUG 2026-06-08 17:15:46 manager.py:1483 findfont: score(FontEntry(fname='/usr/share/fonts/truetype/noto/NotoTraditionalNushu-Regular.ttf', name='Noto Traditional Nushu', style='normal', variant='normal', weight=400, stretch='normal', size='scalable')) = 10.05
DEBUG 2026-06-08 17:15:46 manager.py:1483 findfont: score(FontEntry(fname='/usr/share/fonts/truetype/noto/NotoSansOldSogdian-Regular.ttf', name='Noto Sans Old Sogdian', style='normal', variant='normal', weight=400, stretch='normal', size='scalable')) = 10.05
DEBUG 2026-06-08 17:15:46 manager.py:1483 findfont: score(FontEntry(fname='/usr/share/fonts/truetype/noto/NotoSansDisplay-Bold.ttf', name='Noto Sans Display', style='normal', variant='normal', weight=700, stretch='normal', size='scalable')) = 10.335
DEBUG 2026-06-08 17:15:46 manager.py:1483 findfont: score(FontEntry(fname='/usr/share/fonts/opentype/urw-base35/NimbusSans-BoldItalic.otf', name='Nimbus Sans', style='italic', variant='normal', weight=700, stretch='normal', size='scalable')) = 11.335
DEBUG 2026-06-08 17:15:46 manager.py:1483 findfont: score(FontEntry(fname='/usr/share/fonts/truetype/noto/NotoSansLycian-Regular.ttf', name='Noto Sans Lycian', style='normal', variant='normal', weight=400, stretch='normal', size='scalable')) = 10.05
DEBUG 2026-06-08 17:15:46 manager.py:1483 findfont: score(FontEntry(fname='/usr/share/fonts/truetype/noto/NotoSansShavian-Regular.ttf', name='Noto Sans Shavian', style='normal', variant='normal', weight=400, stretch='normal', size='scalable')) = 10.05
DEBUG 2026-06-08 17:15:46 manager.py:1483 findfont: score(FontEntry(fname='/usr/share/fonts/truetype/noto/NotoSansBalinese-Regular.ttf', name='Noto Sans Balinese', style='normal', variant='normal', weight=400, stretch='normal', size='scalable')) = 10.05
DEBUG 2026-06-08 17:15:46 manager.py:1483 findfont: score(FontEntry(fname='/usr/share/fonts/truetype/lato/Lato-Medium.ttf', name='Lato', style='normal', variant='normal', weight=500, stretch='normal', size='scalable')) = 10.145
DEBUG 2026-06-08 17:15:46 manager.py:1483 findfont: score(FontEntry(fname='/usr/share/fonts/opentype/urw-base35/C059-Roman.otf', name='C059', style='normal', variant='normal', weight=400, stretch='normal', size='scalable')) = 10.05
DEBUG 2026-06-08 17:15:46 manager.py:1483 findfont: score(FontEntry(fname='/usr/share/fonts/truetype/noto/NotoSerifEthiopic-Bold.ttf', name='Noto Serif Ethiopic', style='normal', variant='normal', weight=700, stretch='normal', size='scalable')) = 10.335
DEBUG 2026-06-08 17:15:46 manager.py:1483 findfont: score(FontEntry(fname='/usr/share/fonts/opentype/urw-base35/NimbusSans-Bold.otf', name='Nimbus Sans', style='normal', variant='normal', weight=700, stretch='normal', size='scalable')) = 10.335
DEBUG 2026-06-08 17:15:46 manager.py:1483 findfont: score(FontEntry(fname='/usr/share/fonts/truetype/noto/NotoSansOldItalic-Regular.ttf', name='Noto Sans Old Italic', style='italic', variant='normal', weight=400, stretch='normal', size='scalable')) = 11.05
DEBUG 2026-06-08 17:15:46 manager.py:1483 findfont: score(FontEntry(fname='/usr/share/fonts/truetype/noto/NotoSansTifinaghAhaggar-Regular.ttf', name='Noto Sans Tifinagh Ahaggar', style='normal', variant='normal', weight=400, stretch='normal', size='scalable')) = 10.05
DEBUG 2026-06-08 17:15:46 manager.py:1483 findfont: score(FontEntry(fname='/usr/share/fonts/truetype/noto/NotoSansArabic-Bold.ttf', name='Noto Sans Arabic', style='normal', variant='normal', weight=700, stretch='normal', size='scalable')) = 10.335
DEBUG 2026-06-08 17:15:46 manager.py:1483 findfont: score(FontEntry(fname='/usr/share/fonts/truetype/noto/NotoSansDuployan-Regular.ttf', name='Noto Sans Duployan', style='normal', variant='normal', weight=400, stretch='normal', size='scalable')) = 10.05
DEBUG 2026-06-08 17:15:46 manager.py:1483 findfont: score(FontEntry(fname='/usr/share/fonts/truetype/noto/NotoSansWarangCiti-Regular.ttf', name='Noto Sans Warang Citi', style='normal', variant='normal', weight=400, stretch='normal', size='scalable')) = 10.05
DEBUG 2026-06-08 17:15:46 manager.py:1483 findfont: score(FontEntry(fname='/usr/share/fonts/truetype/noto/NotoSansSundanese-Regular.ttf', name='Noto Sans Sundanese', style='normal', variant='normal', weight=400, stretch='normal', size='scalable')) = 10.05
DEBUG 2026-06-08 17:15:46 manager.py:1483 findfont: score(FontEntry(fname='/usr/share/fonts/truetype/noto/NotoSansSoyombo-Regular.ttf', name='Noto Sans Soyombo', style='normal', variant='normal', weight=400, stretch='normal', size='scalable')) = 10.05
DEBUG 2026-06-08 17:15:46 manager.py:1483 findfont: score(FontEntry(fname='/usr/share/fonts/truetype/noto/NotoSansCarian-Regular.ttf', name='Noto Sans Carian', style='normal', variant='normal', weight=400, stretch='normal', size='scalable')) = 10.05
DEBUG 2026-06-08 17:15:46 manager.py:1483 findfont: score(FontEntry(fname='/usr/share/fonts/truetype/noto/NotoSerifHebrew-Regular.ttf', name='Noto Serif Hebrew', style='normal', variant='normal', weight=400, stretch='normal', size='scalable')) = 10.05
DEBUG 2026-06-08 17:15:46 manager.py:1483 findfont: score(FontEntry(fname='/usr/share/fonts/truetype/noto/NotoSansCanadianAboriginal-Regular.ttf', name='Noto Sans Canadian Aboriginal', style='normal', variant='normal', weight=400, stretch='normal', size='scalable')) = 10.05
DEBUG 2026-06-08 17:15:46 manager.py:1483 findfont: score(FontEntry(fname='/usr/share/fonts/truetype/noto/NotoSans-Italic.ttf', name='Noto Sans', style='italic', variant='normal', weight=400, stretch='normal', size='scalable')) = 11.05
DEBUG 2026-06-08 17:15:46 manager.py:1483 findfont: score(FontEntry(fname='/usr/share/fonts/truetype/noto/NotoSansKharoshthi-Regular.ttf', name='Noto Sans Kharoshthi', style='normal', variant='normal', weight=400, stretch='normal', size='scalable')) = 10.05
DEBUG 2026-06-08 17:15:46 manager.py:1483 findfont: score(FontEntry(fname='/usr/share/fonts/truetype/noto/NotoSerif-Italic.ttf', name='Noto Serif', style='italic', variant='normal', weight=400, stretch='normal', size='scalable')) = 11.05
DEBUG 2026-06-08 17:15:46 manager.py:1483 findfont: score(FontEntry(fname='/usr/share/fonts/truetype/noto/NotoSerifMyanmar-Regular.ttf', name='Noto Serif Myanmar', style='normal', variant='normal', weight=400, stretch='normal', size='scalable')) = 10.05
DEBUG 2026-06-08 17:15:46 manager.py:1483 findfont: score(FontEntry(fname='/usr/share/fonts/truetype/noto/NotoSerifNyiakengPuachueHmong-Regular.ttf', name='Noto Serif Hmong Nyiakeng', style='normal', variant='normal', weight=400, stretch='normal', size='scalable')) = 10.05
DEBUG 2026-06-08 17:15:46 manager.py:1483 findfont: score(FontEntry(fname='/usr/share/fonts/truetype/ubuntu/Ubuntu-B.ttf', name='Ubuntu', style='normal', variant='normal', weight=400, stretch='normal', size='scalable')) = 10.05
DEBUG 2026-06-08 17:15:46 manager.py:1483 findfont: score(FontEntry(fname='/usr/share/fonts/truetype/noto/NotoSerifGeorgian-Regular.ttf', name='Noto Serif Georgian', style='normal', variant='normal', weight=400, stretch='normal', size='scalable')) = 10.05
DEBUG 2026-06-08 17:15:46 manager.py:1483 findfont: score(FontEntry(fname='/usr/share/fonts/truetype/noto/NotoSansTaiTham-Regular.ttf', name='Noto Sans Tai Tham', style='normal', variant='normal', weight=400, stretch='normal', size='scalable')) = 10.05
DEBUG 2026-06-08 17:15:46 manager.py:1483 findfont: score(FontEntry(fname='/usr/share/fonts/truetype/droid/DroidSansFallbackFull.ttf', name='Droid Sans Fallback', style='normal', variant='normal', weight=400, stretch='normal', size='scalable')) = 10.05
DEBUG 2026-06-08 17:15:46 manager.py:1483 findfont: score(FontEntry(fname='/home/kibub/miniforge3/envs/lerobot/fonts/SourceCodePro-ExtraLight.ttf', name='Source Code Pro', style='normal', variant='normal', weight=200, stretch='normal', size='scalable')) = 10.24
DEBUG 2026-06-08 17:15:46 manager.py:1483 findfont: score(FontEntry(fname='/usr/share/fonts/truetype/noto/NotoSansCoptic-Regular.ttf', name='Noto Sans Coptic', style='normal', variant='normal', weight=400, stretch='normal', size='scalable')) = 10.05
DEBUG 2026-06-08 17:15:46 manager.py:1483 findfont: score(FontEntry(fname='/usr/share/fonts/truetype/noto/NotoSansYi-Regular.ttf', name='Noto Sans Yi', style='normal', variant='normal', weight=400, stretch='normal', size='scalable')) = 10.05
DEBUG 2026-06-08 17:15:46 manager.py:1483 findfont: score(FontEntry(fname='/usr/share/fonts/truetype/noto/NotoSansCherokee-Regular.ttf', name='Noto Sans Cherokee', style='normal', variant='normal', weight=400, stretch='normal', size='scalable')) = 10.05
DEBUG 2026-06-08 17:15:46 manager.py:1483 findfont: score(FontEntry(fname='/usr/share/fonts/truetype/lato/Lato-BlackItalic.ttf', name='Lato', style='italic', variant='normal', weight=900, stretch='normal', size='scalable')) = 11.525
DEBUG 2026-06-08 17:15:46 manager.py:1483 findfont: score(FontEntry(fname='/usr/share/fonts/truetype/noto/NotoSansMalayalam-Bold.ttf', name='Noto Sans Malayalam', style='normal', variant='normal', weight=700, stretch='normal', size='scalable')) = 10.335
DEBUG 2026-06-08 17:15:46 manager.py:1483 findfont: score(FontEntry(fname='/home/kibub/miniforge3/envs/lerobot/fonts/Inconsolata-Regular.ttf', name='Inconsolata', style='normal', variant='normal', weight=400, stretch='normal', size='scalable')) = 10.05
DEBUG 2026-06-08 17:15:46 manager.py:1483 findfont: score(FontEntry(fname='/usr/share/fonts/opentype/urw-base35/NimbusSansNarrow-Regular.otf', name='Nimbus Sans Narrow', style='normal', variant='normal', weight=400, stretch='condensed', size='scalable')) = 10.25
DEBUG 2026-06-08 17:15:46 manager.py:1483 findfont: score(FontEntry(fname='/usr/share/fonts/truetype/noto/NotoSansGurmukhi-Regular.ttf', name='Noto Sans Gurmukhi', style='normal', variant='normal', weight=400, stretch='normal', size='scalable')) = 10.05
DEBUG 2026-06-08 17:15:46 manager.py:1483 findfont: score(FontEntry(fname='/home/kibub/miniforge3/envs/lerobot/fonts/Ubuntu-L.ttf', name='Ubuntu', style='normal', variant='normal', weight=300, stretch='normal', size='scalable')) = 10.145
DEBUG 2026-06-08 17:15:46 manager.py:1483 findfont: score(FontEntry(fname='/usr/share/fonts/truetype/noto/NotoSansBamum-Regular.ttf', name='Noto Sans Bamum', style='normal', variant='normal', weight=400, stretch='normal', size='scalable')) = 10.05
DEBUG 2026-06-08 17:15:46 manager.py:1483 findfont: score(FontEntry(fname='/usr/share/fonts/truetype/noto/NotoSerifTamil-Bold.ttf', name='Noto Serif Tamil', style='normal', variant='normal', weight=700, stretch='normal', size='scalable')) = 10.335
DEBUG 2026-06-08 17:15:46 manager.py:1483 findfont: score(FontEntry(fname='/usr/share/fonts/truetype/noto/NotoSansTifinaghGhat-Regular.ttf', name='Noto Sans Tifinagh Ghat', style='normal', variant='normal', weight=400, stretch='normal', size='scalable')) = 10.05
DEBUG 2026-06-08 17:15:46 manager.py:1483 findfont: score(FontEntry(fname='/usr/share/fonts/truetype/liberation/LiberationSansNarrow-Italic.ttf', name='Liberation Sans Narrow', style='italic', variant='normal', weight=400, stretch='condensed', size='scalable')) = 11.25
DEBUG 2026-06-08 17:15:46 manager.py:1483 findfont: score(FontEntry(fname='/usr/share/fonts/truetype/noto/NotoSerifGeorgian-Bold.ttf', name='Noto Serif Georgian', style='normal', variant='normal', weight=700, stretch='normal', size='scalable')) = 10.335
DEBUG 2026-06-08 17:15:46 manager.py:1483 findfont: score(FontEntry(fname='/usr/share/fonts/truetype/noto/NotoSansSyriac-Regular.ttf', name='Noto Sans Syriac', style='normal', variant='normal', weight=400, stretch='normal', size='scalable')) = 10.05
DEBUG 2026-06-08 17:15:46 manager.py:1483 findfont: score(FontEntry(fname='/usr/share/fonts/truetype/noto/NotoSerifGurmukhi-Bold.ttf', name='Noto Serif Gurmukhi', style='normal', variant='normal', weight=700, stretch='normal', size='scalable')) = 10.335
DEBUG 2026-06-08 17:15:46 manager.py:1483 findfont: score(FontEntry(fname='/usr/share/fonts/opentype/urw-base35/URWGothic-Demi.otf', name='URW Gothic', style='normal', variant='normal', weight=600, stretch='normal', size='scalable')) = 10.24
DEBUG 2026-06-08 17:15:46 manager.py:1483 findfont: score(FontEntry(fname='/usr/share/fonts/truetype/open-sans/OpenSans-Bold.ttf', name='Open Sans', style='normal', variant='normal', weight=700, stretch='normal', size='scalable')) = 10.335
DEBUG 2026-06-08 17:15:46 manager.py:1483 findfont: score(FontEntry(fname='/usr/share/fonts/truetype/noto/NotoSansOlChiki-Regular.ttf', name='Noto Sans Ol Chiki', style='normal', variant='normal', weight=400, stretch='normal', size='scalable')) = 10.05
DEBUG 2026-06-08 17:15:46 manager.py:1483 findfont: score(FontEntry(fname='/usr/share/fonts/truetype/noto/NotoSansJavanese-Regular.ttf', name='Noto Sans Javanese', style='normal', variant='normal', weight=400, stretch='normal', size='scalable')) = 10.05
DEBUG 2026-06-08 17:15:46 manager.py:1483 findfont: score(FontEntry(fname='/usr/share/fonts/truetype/noto/NotoSansMeeteiMayek-Bold.ttf', name='Noto Sans Meetei Mayek', style='normal', variant='normal', weight=700, stretch='normal', size='scalable')) = 10.335
DEBUG 2026-06-08 17:15:46 manager.py:1483 findfont: score(FontEntry(fname='/usr/share/fonts/truetype/noto/NotoSansBatak-Regular.ttf', name='Noto Sans Batak', style='normal', variant='normal', weight=400, stretch='normal', size='scalable')) = 10.05
DEBUG 2026-06-08 17:15:46 manager.py:1483 findfont: score(FontEntry(fname='/usr/share/fonts/truetype/noto/NotoMusic-Regular.ttf', name='Noto Music', style='normal', variant='normal', weight=400, stretch='normal', size='scalable')) = 10.05
DEBUG 2026-06-08 17:15:46 manager.py:1483 findfont: score(FontEntry(fname='/usr/share/fonts/truetype/noto/NotoRashiHebrew-Regular.ttf', name='Noto Rashi Hebrew', style='normal', variant='normal', weight=400, stretch='normal', size='scalable')) = 10.05
DEBUG 2026-06-08 17:15:46 manager.py:1483 findfont: score(FontEntry(fname='/usr/share/fonts/truetype/lato/Lato-Heavy.ttf', name='Lato', style='normal', variant='normal', weight=800, stretch='normal', size='scalable')) = 10.43
DEBUG 2026-06-08 17:15:46 manager.py:1483 findfont: score(FontEntry(fname='/usr/share/fonts/truetype/ubuntu/Ubuntu-C.ttf', name='Ubuntu', style='normal', variant='normal', weight=400, stretch='normal', size='scalable')) = 10.05
DEBUG 2026-06-08 17:15:46 manager.py:1483 findfont: score(FontEntry(fname='/home/kibub/miniforge3/envs/lerobot/fonts/UbuntuMono-RI.ttf', name='Ubuntu Mono', style='italic', variant='normal', weight=400, stretch='normal', size='scalable')) = 11.05
DEBUG 2026-06-08 17:15:46 manager.py:1483 findfont: score(FontEntry(fname='/usr/share/fonts/truetype/noto/NotoSansMro-Regular.ttf', name='Noto Sans Mro', style='normal', variant='normal', weight=400, stretch='normal', size='scalable')) = 10.05
DEBUG 2026-06-08 17:15:46 manager.py:1483 findfont: score(FontEntry(fname='/usr/share/fonts/truetype/noto/NotoSerifDisplay-BoldItalic.ttf', name='Noto Serif Display', style='italic', variant='normal', weight=700, stretch='normal', size='scalable')) = 11.335
DEBUG 2026-06-08 17:15:46 manager.py:1483 findfont: score(FontEntry(fname='/usr/share/fonts/truetype/noto/NotoSansMayanNumerals-Regular.ttf', name='Noto Sans Mayan Numerals', style='normal', variant='normal', weight=400, stretch='normal', size='scalable')) = 10.05
DEBUG 2026-06-08 17:15:46 manager.py:1483 findfont: score(FontEntry(fname='/usr/share/fonts/opentype/urw-base35/URWBookman-Light.otf', name='URW Bookman', style='normal', variant='normal', weight=300, stretch='normal', size='scalable')) = 10.145
DEBUG 2026-06-08 17:15:46 manager.py:1483 findfont: score(FontEntry(fname='/usr/share/fonts/truetype/noto/NotoSansSharada-Regular.ttf', name='Noto Sans Sharada', style='normal', variant='normal', weight=400, stretch='normal', size='scalable')) = 10.05
DEBUG 2026-06-08 17:15:46 manager.py:1483 findfont: score(FontEntry(fname='/usr/share/fonts/truetype/lato/Lato-HairlineItalic.ttf', name='Lato', style='italic', variant='normal', weight=250, stretch='normal', size='scalable')) = 11.1925
DEBUG 2026-06-08 17:15:46 manager.py:1483 findfont: score(FontEntry(fname='/usr/share/fonts/opentype/urw-base35/C059-BdIta.otf', name='C059', style='italic', variant='normal', weight=700, stretch='normal', size='scalable')) = 11.335
DEBUG 2026-06-08 17:15:46 manager.py:1483 findfont: score(FontEntry(fname='/usr/share/fonts/truetype/noto/NotoSansOldSouthArabian-Regular.ttf', name='Noto Sans Old South Arabian', style='normal', variant='normal', weight=400, stretch='normal', size='scalable')) = 10.05
DEBUG 2026-06-08 17:15:46 manager.py:1483 findfont: score(FontEntry(fname='/usr/share/fonts/truetype/noto/NotoSerifTamilSlanted-Bold.ttf', name='Noto Serif Tamil Slanted', style='normal', variant='normal', weight=700, stretch='normal', size='scalable')) = 10.335
DEBUG 2026-06-08 17:15:46 manager.py:1483 findfont: score(FontEntry(fname='/home/kibub/miniforge3/envs/lerobot/fonts/Ubuntu-MI.ttf', name='Ubuntu', style='italic', variant='normal', weight=500, stretch='normal', size='scalable')) = 11.145
DEBUG 2026-06-08 17:15:46 manager.py:1483 findfont: score(FontEntry(fname='/usr/share/fonts/truetype/noto/NotoSansNewa-Regular.ttf', name='Noto Sans Newa', style='normal', variant='normal', weight=400, stretch='normal', size='scalable')) = 10.05
DEBUG 2026-06-08 17:15:46 manager.py:1483 findfont: score(FontEntry(fname='/usr/share/fonts/opentype/urw-base35/NimbusRoman-Bold.otf', name='Nimbus Roman', style='normal', variant='normal', weight=700, stretch='normal', size='scalable')) = 10.335
DEBUG 2026-06-08 17:15:46 manager.py:1483 findfont: score(FontEntry(fname='/usr/share/fonts/truetype/noto/NotoSansBamum-Bold.ttf', name='Noto Sans Bamum', style='normal', variant='normal', weight=700, stretch='normal', size='scalable')) = 10.335
DEBUG 2026-06-08 17:15:46 manager.py:1483 findfont: score(FontEntry(fname='/usr/share/fonts/truetype/noto/NotoLoopedLao-Bold.ttf', name='Noto Looped Lao', style='normal', variant='normal', weight=700, stretch='normal', size='scalable')) = 10.335
DEBUG 2026-06-08 17:15:46 manager.py:1483 findfont: score(FontEntry(fname='/usr/share/fonts/truetype/noto/NotoSansDevanagari-Regular.ttf', name='Noto Sans Devanagari', style='normal', variant='normal', weight=400, stretch='normal', size='scalable')) = 10.05
DEBUG 2026-06-08 17:15:46 manager.py:1483 findfont: score(FontEntry(fname='/usr/share/fonts/truetype/ubuntu/UbuntuSansMono[wght].ttf', name='Ubuntu Sans Mono', style='normal', variant='normal', weight=400, stretch='normal', size='scalable')) = 10.05
DEBUG 2026-06-08 17:15:46 manager.py:1483 findfont: score(FontEntry(fname='/usr/share/fonts/truetype/noto/NotoSansMyanmar-Bold.ttf', name='Noto Sans Myanmar', style='normal', variant='normal', weight=700, stretch='normal', size='scalable')) = 10.335
DEBUG 2026-06-08 17:15:46 manager.py:1483 findfont: score(FontEntry(fname='/usr/share/fonts/opentype/urw-base35/NimbusSans-Regular.otf', name='Nimbus Sans', style='normal', variant='normal', weight=400, stretch='normal', size='scalable')) = 10.05
DEBUG 2026-06-08 17:15:46 manager.py:1483 findfont: score(FontEntry(fname='/usr/share/fonts/truetype/noto/NotoSansTifinaghAPT-Regular.ttf', name='Noto Sans Tifinagh APT', style='normal', variant='normal', weight=400, stretch='normal', size='scalable')) = 10.05
DEBUG 2026-06-08 17:15:46 manager.py:1483 findfont: score(FontEntry(fname='/usr/share/fonts/truetype/noto/NotoSansVai-Regular.ttf', name='Noto Sans Vai', style='normal', variant='normal', weight=400, stretch='normal', size='scalable')) = 10.05
DEBUG 2026-06-08 17:15:46 manager.py:1483 findfont: score(FontEntry(fname='/usr/share/fonts/truetype/noto/NotoSansAnatolianHieroglyphs-Regular.ttf', name='Noto Sans Anatolian Hieroglyphs', style='normal', variant='normal', weight=400, stretch='normal', size='scalable')) = 10.05
DEBUG 2026-06-08 17:15:46 manager.py:1483 findfont: score(FontEntry(fname='/usr/share/fonts/truetype/noto/NotoSansCaucasianAlbanian-Regular.ttf', name='Noto Sans Caucasian Albanian', style='normal', variant='normal', weight=400, stretch='normal', size='scalable')) = 10.05
DEBUG 2026-06-08 17:15:46 manager.py:1483 findfont: score(FontEntry(fname='/usr/share/fonts/truetype/noto/NotoSansTifinaghHawad-Regular.ttf', name='Noto Sans Tifinagh Hawad', style='normal', variant='normal', weight=400, stretch='normal', size='scalable')) = 10.05
DEBUG 2026-06-08 17:15:46 manager.py:1483 findfont: score(FontEntry(fname='/usr/share/fonts/truetype/noto/NotoSansBrahmi-Regular.ttf', name='Noto Sans Brahmi', style='normal', variant='normal', weight=400, stretch='normal', size='scalable')) = 10.05
DEBUG 2026-06-08 17:15:46 manager.py:1483 findfont: score(FontEntry(fname='/usr/share/fonts/truetype/noto/NotoSerif-BoldItalic.ttf', name='Noto Serif', style='italic', variant='normal', weight=700, stretch='normal', size='scalable')) = 11.335
DEBUG 2026-06-08 17:15:46 manager.py:1483 findfont: score(FontEntry(fname='/usr/share/fonts/truetype/noto/NotoSansMasaramGondi-Regular.ttf', name='Noto Sans Masaram Gondi', style='normal', variant='normal', weight=400, stretch='normal', size='scalable')) = 10.05
DEBUG 2026-06-08 17:15:46 manager.py:1483 findfont: score(FontEntry(fname='/usr/share/fonts/truetype/noto/NotoSansSoraSompeng-Regular.ttf', name='Noto Sans Sora Sompeng', style='normal', variant='normal', weight=400, stretch='normal', size='scalable')) = 10.05
DEBUG 2026-06-08 17:15:46 manager.py:1483 findfont: score(FontEntry(fname='/usr/share/fonts/truetype/ubuntu/UbuntuMono[wght].ttf', name='Ubuntu Mono', style='normal', variant='normal', weight=400, stretch='normal', size='scalable')) = 10.05
DEBUG 2026-06-08 17:15:46 manager.py:1483 findfont: score(FontEntry(fname='/usr/share/fonts/truetype/noto/NotoSerifKhmer-Bold.ttf', name='Noto Serif Khmer', style='normal', variant='normal', weight=700, stretch='normal', size='scalable')) = 10.335
DEBUG 2026-06-08 17:15:46 manager.py:1483 findfont: score(FontEntry(fname='/usr/share/fonts/truetype/noto/NotoSerifDevanagari-Bold.ttf', name='Noto Serif Devanagari', style='normal', variant='normal', weight=700, stretch='normal', size='scalable')) = 10.335
DEBUG 2026-06-08 17:15:46 manager.py:1483 findfont: score(FontEntry(fname='/usr/share/fonts/opentype/urw-base35/URWGothic-DemiOblique.otf', name='URW Gothic', style='oblique', variant='normal', weight=600, stretch='normal', size='scalable')) = 11.24
DEBUG 2026-06-08 17:15:46 manager.py:1483 findfont: score(FontEntry(fname='/usr/share/fonts/truetype/noto/NotoSansRejang-Regular.ttf', name='Noto Sans Rejang', style='normal', variant='normal', weight=400, stretch='normal', size='scalable')) = 10.05
DEBUG 2026-06-08 17:15:46 manager.py:1483 findfont: score(FontEntry(fname='/usr/share/fonts/opentype/urw-base35/Z003-MediumItalic.otf', name='Z003', style='italic', variant='normal', weight=500, stretch='normal', size='scalable')) = 11.145
DEBUG 2026-06-08 17:15:46 manager.py:1483 findfont: score(FontEntry(fname='/usr/share/fonts/truetype/noto/NotoSerifTamilSlanted-Regular.ttf', name='Noto Serif Tamil Slanted', style='normal', variant='normal', weight=400, stretch='normal', size='scalable')) = 10.05
DEBUG 2026-06-08 17:15:46 manager.py:1483 findfont: score(FontEntry(fname='/usr/share/fonts/truetype/noto/NotoSerifKhojki-Bold.ttf', name='Noto Serif Khojki', style='normal', variant='normal', weight=700, stretch='normal', size='scalable')) = 10.335
DEBUG 2026-06-08 17:15:46 manager.py:1483 findfont: score(FontEntry(fname='/usr/share/fonts/truetype/lato/Lato-LightItalic.ttf', name='Lato', style='italic', variant='normal', weight=300, stretch='normal', size='scalable')) = 11.145
DEBUG 2026-06-08 17:15:46 manager.py:1483 findfont: score(FontEntry(fname='/usr/share/fonts/truetype/noto/NotoNastaliqUrdu-Regular.ttf', name='Noto Nastaliq Urdu', style='normal', variant='normal', weight=400, stretch='normal', size='scalable')) = 10.05
DEBUG 2026-06-08 17:15:46 manager.py:1483 findfont: score(FontEntry(fname='/usr/share/fonts/opentype/urw-base35/NimbusMonoPS-Bold.otf', name='Nimbus Mono PS', style='normal', variant='normal', weight=700, stretch='normal', size='scalable')) = 10.335
DEBUG 2026-06-08 17:15:46 manager.py:1483 findfont: score(FontEntry(fname='/usr/share/fonts/truetype/noto/NotoSansElymaic-Regular.ttf', name='Noto Sans Elymaic', style='normal', variant='normal', weight=400, stretch='normal', size='scalable')) = 10.05
DEBUG 2026-06-08 17:15:46 manager.py:1483 findfont: score(FontEntry(fname='/home/kibub/miniforge3/envs/lerobot/fonts/SourceCodePro-It.ttf', name='Source Code Pro', style='italic', variant='normal', weight=400, stretch='normal', size='scalable')) = 11.05
DEBUG 2026-06-08 17:15:46 manager.py:1483 findfont: score(FontEntry(fname='/usr/share/fonts/truetype/noto/NotoSansSaurashtra-Regular.ttf', name='Noto Sans Saurashtra', style='normal', variant='normal', weight=400, stretch='normal', size='scalable')) = 10.05
DEBUG 2026-06-08 17:15:46 manager.py:1483 findfont: score(FontEntry(fname='/usr/share/fonts/truetype/noto/NotoSansTaiViet-Regular.ttf', name='Noto Sans Tai Viet', style='normal', variant='normal', weight=400, stretch='normal', size='scalable')) = 10.05
DEBUG 2026-06-08 17:15:46 manager.py:1483 findfont: score(FontEntry(fname='/usr/share/fonts/truetype/ubuntu/Ubuntu-M.ttf', name='Ubuntu', style='normal', variant='normal', weight=400, stretch='normal', size='scalable')) = 10.05
DEBUG 2026-06-08 17:15:46 manager.py:1483 findfont: score(FontEntry(fname='/usr/share/fonts/opentype/urw-base35/URWBookman-Demi.otf', name='URW Bookman', style='normal', variant='normal', weight=600, stretch='normal', size='scalable')) = 10.24
DEBUG 2026-06-08 17:15:46 manager.py:1483 findfont: score(FontEntry(fname='/usr/share/fonts/truetype/open-sans/OpenSans-CondBold.ttf', name='Open Sans Condensed', style='normal', variant='normal', weight=700, stretch='condensed', size='scalable')) = 10.535
DEBUG 2026-06-08 17:15:46 manager.py:1483 findfont: score(FontEntry(fname='/usr/share/fonts/truetype/noto/NotoSansSymbols-Bold.ttf', name='Noto Sans Symbols', style='normal', variant='normal', weight=700, stretch='normal', size='scalable')) = 10.335
DEBUG 2026-06-08 17:15:46 manager.py:1483 findfont: score(FontEntry(fname='/usr/share/fonts/truetype/noto/NotoSansKannada-Regular.ttf', name='Noto Sans Kannada', style='normal', variant='normal', weight=400, stretch='normal', size='scalable')) = 10.05
DEBUG 2026-06-08 17:15:46 manager.py:1483 findfont: score(FontEntry(fname='/usr/share/fonts/truetype/noto/NotoSansModi-Regular.ttf', name='Noto Sans Modi', style='normal', variant='normal', weight=400, stretch='normal', size='scalable')) = 10.05
DEBUG 2026-06-08 17:15:46 manager.py:1483 findfont: score(FontEntry(fname='/usr/share/fonts/truetype/noto/NotoSansMiao-Regular.ttf', name='Noto Sans Miao', style='normal', variant='normal', weight=400, stretch='normal', size='scalable')) = 10.05
DEBUG 2026-06-08 17:15:46 manager.py:1483 findfont: score(FontEntry(fname='/usr/share/fonts/truetype/noto/NotoNaskhArabic-Bold.ttf', name='Noto Naskh Arabic', style='normal', variant='normal', weight=700, stretch='normal', size='scalable')) = 10.335
DEBUG 2026-06-08 17:15:46 manager.py:1483 findfont: score(FontEntry(fname='/usr/share/fonts/truetype/noto/NotoSerifNyiakengPuachueHmong-Bold.ttf', name='Noto Serif Hmong Nyiakeng', style='normal', variant='normal', weight=700, stretch='normal', size='scalable')) = 10.335
DEBUG 2026-06-08 17:15:46 manager.py:1483 findfont: score(FontEntry(fname='/usr/share/fonts/truetype/noto/NotoSansArmenian-Bold.ttf', name='Noto Sans Armenian', style='normal', variant='normal', weight=700, stretch='normal', size='scalable')) = 10.335
DEBUG 2026-06-08 17:15:46 manager.py:1483 findfont: score(FontEntry(fname='/usr/share/fonts/truetype/noto/NotoSansBassaVah-Regular.ttf', name='Noto Sans Bassa Vah', style='normal', variant='normal', weight=400, stretch='normal', size='scalable')) = 10.05
DEBUG 2026-06-08 17:15:46 manager.py:1483 findfont: score(FontEntry(fname='/usr/share/fonts/truetype/noto/NotoSansMyanmar-Regular.ttf', name='Noto Sans Myanmar', style='normal', variant='normal', weight=400, stretch='normal', size='scalable')) = 10.05
DEBUG 2026-06-08 17:15:46 manager.py:1483 findfont: score(FontEntry(fname='/usr/share/fonts/opentype/urw-base35/NimbusSansNarrow-BoldOblique.otf', name='Nimbus Sans Narrow', style='oblique', variant='normal', weight=700, stretch='condensed', size='scalable')) = 11.535
DEBUG 2026-06-08 17:15:46 manager.py:1483 findfont: score(FontEntry(fname='/usr/share/fonts/truetype/liberation/LiberationSansNarrow-Bold.ttf', name='Liberation Sans Narrow', style='normal', variant='normal', weight=700, stretch='condensed', size='scalable')) = 10.535
DEBUG 2026-06-08 17:15:46 manager.py:1483 findfont: score(FontEntry(fname='/usr/share/fonts/truetype/noto/NotoSansMeeteiMayek-Regular.ttf', name='Noto Sans Meetei Mayek', style='normal', variant='normal', weight=400, stretch='normal', size='scalable')) = 10.05
DEBUG 2026-06-08 17:15:46 manager.py:1483 findfont: score(FontEntry(fname='/usr/share/fonts/truetype/noto/NotoSansKaithi-Regular.ttf', name='Noto Sans Kaithi', style='normal', variant='normal', weight=400, stretch='normal', size='scalable')) = 10.05
DEBUG 2026-06-08 17:15:46 manager.py:1483 findfont: score(FontEntry(fname='/usr/share/fonts/truetype/noto/NotoSerifGurmukhi-Regular.ttf', name='Noto Serif Gurmukhi', style='normal', variant='normal', weight=400, stretch='normal', size='scalable')) = 10.05
DEBUG 2026-06-08 17:15:46 manager.py:1483 findfont: score(FontEntry(fname='/usr/share/fonts/truetype/liberation/LiberationMono-Bold.ttf', name='Liberation Mono', style='normal', variant='normal', weight=700, stretch='normal', size='scalable')) = 10.335
DEBUG 2026-06-08 17:15:46 manager.py:1483 findfont: score(FontEntry(fname='/home/kibub/miniforge3/envs/lerobot/fonts/SourceCodePro-Black.ttf', name='Source Code Pro', style='normal', variant='normal', weight=900, stretch='normal', size='scalable')) = 10.525
DEBUG 2026-06-08 17:15:46 manager.py:1483 findfont: score(FontEntry(fname='/usr/share/fonts/truetype/noto/NotoSerifBalinese-Regular.ttf', name='Noto Serif Balinese', style='normal', variant='normal', weight=400, stretch='normal', size='scalable')) = 10.05
DEBUG 2026-06-08 17:15:46 manager.py:1483 findfont: score(FontEntry(fname='/usr/share/fonts/truetype/noto/NotoRashiHebrew-Bold.ttf', name='Noto Rashi Hebrew', style='normal', variant='normal', weight=700, stretch='normal', size='scalable')) = 10.335
DEBUG 2026-06-08 17:15:46 manager.py:1483 findfont: score(FontEntry(fname='/usr/share/fonts/truetype/noto/NotoSerif-Regular.ttf', name='Noto Serif', style='normal', variant='normal', weight=400, stretch='normal', size='scalable')) = 10.05
DEBUG 2026-06-08 17:15:46 manager.py:1483 findfont: score(FontEntry(fname='/usr/share/fonts/truetype/noto/NotoSansTamilSupplement-Regular.ttf', name='Noto Sans Tamil Supplement', style='normal', variant='normal', weight=400, stretch='normal', size='scalable')) = 10.05
DEBUG 2026-06-08 17:15:46 manager.py:1483 findfont: score(FontEntry(fname='/usr/share/fonts/truetype/lato/Lato-Italic.ttf', name='Lato', style='italic', variant='normal', weight=400, stretch='normal', size='scalable')) = 11.05
DEBUG 2026-06-08 17:15:46 manager.py:1483 findfont: score(FontEntry(fname='/home/kibub/miniforge3/envs/lerobot/fonts/SourceCodePro-SemiboldIt.ttf', name='Source Code Pro', style='italic', variant='normal', weight=600, stretch='normal', size='scalable')) = 11.24
DEBUG 2026-06-08 17:15:46 manager.py:1483 findfont: score(FontEntry(fname='/usr/share/fonts/truetype/lato/Lato-MediumItalic.ttf', name='Lato', style='italic', variant='normal', weight=500, stretch='normal', size='scalable')) = 11.145
DEBUG 2026-06-08 17:15:46 manager.py:1483 findfont: score(FontEntry(fname='/home/kibub/miniforge3/envs/lerobot/fonts/Ubuntu-LI.ttf', name='Ubuntu', style='italic', variant='normal', weight=300, stretch='normal', size='scalable')) = 11.145
DEBUG 2026-06-08 17:15:46 manager.py:1483 findfont: score(FontEntry(fname='/usr/share/fonts/truetype/noto/NotoSansGothic-Regular.ttf', name='Noto Sans Gothic', style='normal', variant='normal', weight=400, stretch='normal', size='scalable')) = 10.05
DEBUG 2026-06-08 17:15:46 manager.py:1483 findfont: score(FontEntry(fname='/usr/share/fonts/truetype/noto/NotoSansMongolian-Regular.ttf', name='Noto Sans Mongolian', style='normal', variant='normal', weight=400, stretch='normal', size='scalable')) = 10.05
DEBUG 2026-06-08 17:15:46 manager.py:1483 findfont: score(FontEntry(fname='/usr/share/fonts/opentype/urw-base35/URWGothic-BookOblique.otf', name='URW Gothic', style='oblique', variant='normal', weight=400, stretch='normal', size='scalable')) = 11.05
DEBUG 2026-06-08 17:15:46 manager.py:1483 findfont: score(FontEntry(fname='/home/kibub/miniforge3/envs/lerobot/fonts/UbuntuMono-BI.ttf', name='Ubuntu Mono', style='italic', variant='normal', weight=700, stretch='normal', size='scalable')) = 11.335
DEBUG 2026-06-08 17:15:46 manager.py:1483 findfont: score(FontEntry(fname='/usr/share/fonts/truetype/noto/NotoSansGrantha-Regular.ttf', name='Noto Sans Grantha', style='normal', variant='normal', weight=400, stretch='normal', size='scalable')) = 10.05
DEBUG 2026-06-08 17:15:46 manager.py:1483 findfont: score(FontEntry(fname='/usr/share/fonts/truetype/noto/NotoSansHanunoo-Regular.ttf', name='Noto Sans Hanunoo', style='normal', variant='normal', weight=400, stretch='normal', size='scalable')) = 10.05
DEBUG 2026-06-08 17:15:46 manager.py:1483 findfont: score(FontEntry(fname='/usr/share/fonts/truetype/noto/NotoSansDisplay-BoldItalic.ttf', name='Noto Sans Display', style='italic', variant='normal', weight=700, stretch='normal', size='scalable')) = 11.335
DEBUG 2026-06-08 17:15:46 manager.py:1483 findfont: score(FontEntry(fname='/usr/share/fonts/truetype/noto/NotoSerifThai-Bold.ttf', name='Noto Serif Thai', style='normal', variant='normal', weight=700, stretch='normal', size='scalable')) = 10.335
DEBUG 2026-06-08 17:15:46 manager.py:1483 findfont: score(FontEntry(fname='/usr/share/fonts/truetype/dejavu/DejaVuSans-Bold.ttf', name='DejaVu Sans', style='normal', variant='normal', weight=700, stretch='normal', size='scalable')) = 0.33499999999999996
DEBUG 2026-06-08 17:15:46 manager.py:1483 findfont: score(FontEntry(fname='/usr/share/fonts/truetype/noto/NotoSansUgaritic-Regular.ttf', name='Noto Sans Ugaritic', style='normal', variant='normal', weight=400, stretch='normal', size='scalable')) = 10.05
DEBUG 2026-06-08 17:15:46 manager.py:1483 findfont: score(FontEntry(fname='/usr/share/fonts/truetype/noto/NotoSerifTibetan-Regular.ttf', name='Noto Serif Tibetan', style='normal', variant='normal', weight=400, stretch='normal', size='scalable')) = 10.05
DEBUG 2026-06-08 17:15:46 manager.py:1483 findfont: score(FontEntry(fname='/usr/share/fonts/truetype/noto/NotoSansOldHungarian-Regular.ttf', name='Noto Sans Old Hungarian', style='normal', variant='normal', weight=400, stretch='normal', size='scalable')) = 10.05
DEBUG 2026-06-08 17:15:46 manager.py:1483 findfont: score(FontEntry(fname='/usr/share/fonts/truetype/noto/NotoSansOldNorthArabian-Regular.ttf', name='Noto Sans Old North Arabian', style='normal', variant='normal', weight=400, stretch='normal', size='scalable')) = 10.05
DEBUG 2026-06-08 17:15:46 manager.py:1483 findfont: score(FontEntry(fname='/usr/share/fonts/truetype/liberation/LiberationSans-BoldItalic.ttf', name='Liberation Sans', style='italic', variant='normal', weight=700, stretch='normal', size='scalable')) = 11.335
DEBUG 2026-06-08 17:15:46 manager.py:1483 findfont: score(FontEntry(fname='/usr/share/fonts/truetype/noto/NotoSansArabic-Regular.ttf', name='Noto Sans Arabic', style='normal', variant='normal', weight=400, stretch='normal', size='scalable')) = 10.05
DEBUG 2026-06-08 17:15:46 manager.py:1483 findfont: score(FontEntry(fname='/usr/share/fonts/truetype/noto/NotoSansSymbols2-Regular.ttf', name='Noto Sans Symbols2', style='normal', variant='normal', weight=400, stretch='normal', size='scalable')) = 10.05
DEBUG 2026-06-08 17:15:46 manager.py:1483 findfont: score(FontEntry(fname='/usr/share/fonts/truetype/open-sans/OpenSans-Regular.ttf', name='Open Sans', style='normal', variant='normal', weight=400, stretch='normal', size='scalable')) = 10.05
DEBUG 2026-06-08 17:15:46 manager.py:1483 findfont: score(FontEntry(fname='/usr/share/fonts/truetype/noto/NotoSansEthiopic-Bold.ttf', name='Noto Sans Ethiopic', style='normal', variant='normal', weight=700, stretch='normal', size='scalable')) = 10.335
DEBUG 2026-06-08 17:15:46 manager.py:1483 findfont: score(FontEntry(fname='/usr/share/fonts/truetype/liberation/LiberationMono-Regular.ttf', name='Liberation Mono', style='normal', variant='normal', weight=400, stretch='normal', size='scalable')) = 10.05
DEBUG 2026-06-08 17:15:46 manager.py:1483 findfont: score(FontEntry(fname='/usr/share/fonts/truetype/noto/NotoSansElbasan-Regular.ttf', name='Noto Sans Elbasan', style='normal', variant='normal', weight=400, stretch='normal', size='scalable')) = 10.05
DEBUG 2026-06-08 17:15:46 manager.py:1483 findfont: score(FontEntry(fname='/usr/share/fonts/truetype/noto/NotoSansMeroitic-Regular.ttf', name='Noto Sans Meroitic', style='normal', variant='normal', weight=400, stretch='normal', size='scalable')) = 10.05
DEBUG 2026-06-08 17:15:46 manager.py:1483 findfont: score(FontEntry(fname='/usr/share/fonts/truetype/noto/NotoSerifBengali-Regular.ttf', name='Noto Serif Bengali', style='normal', variant='normal', weight=400, stretch='normal', size='scalable')) = 10.05
DEBUG 2026-06-08 17:15:46 manager.py:1483 findfont: score(FontEntry(fname='/usr/share/fonts/truetype/noto/NotoSerifSinhala-Regular.ttf', name='Noto Serif Sinhala', style='normal', variant='normal', weight=400, stretch='normal', size='scalable')) = 10.05
DEBUG 2026-06-08 17:15:46 manager.py:1483 findfont: score(FontEntry(fname='/usr/share/fonts/opentype/urw-base35/NimbusMonoPS-Regular.otf', name='Nimbus Mono PS', style='normal', variant='normal', weight=400, stretch='normal', size='scalable')) = 10.05
DEBUG 2026-06-08 17:15:46 manager.py:1483 findfont: score(FontEntry(fname='/usr/share/fonts/truetype/noto/NotoSerifKhmer-Regular.ttf', name='Noto Serif Khmer', style='normal', variant='normal', weight=400, stretch='normal', size='scalable')) = 10.05
DEBUG 2026-06-08 17:15:46 manager.py:1483 findfont: score(FontEntry(fname='/usr/share/fonts/truetype/ubuntu/Ubuntu-BI.ttf', name='Ubuntu', style='italic', variant='normal', weight=400, stretch='normal', size='scalable')) = 11.05
DEBUG 2026-06-08 17:15:46 manager.py:1483 findfont: score(FontEntry(fname='/usr/share/fonts/truetype/noto/NotoSerifDogra-Regular.ttf', name='Noto Serif Dogra', style='normal', variant='normal', weight=400, stretch='normal', size='scalable')) = 10.05
DEBUG 2026-06-08 17:15:46 manager.py:1483 findfont: score(FontEntry(fname='/usr/share/fonts/truetype/noto/NotoSansLinearB-Regular.ttf', name='Noto Sans Linear B', style='normal', variant='normal', weight=400, stretch='normal', size='scalable')) = 10.05
DEBUG 2026-06-08 17:15:46 manager.py:1483 findfont: score(FontEntry(fname='/usr/share/fonts/truetype/noto/NotoSansChakma-Regular.ttf', name='Noto Sans Chakma', style='normal', variant='normal', weight=400, stretch='normal', size='scalable')) = 10.05
DEBUG 2026-06-08 17:15:46 manager.py:1483 findfont: score(FontEntry(fname='/usr/share/fonts/truetype/noto/NotoSansOriya-Bold.ttf', name='Noto Sans Oriya', style='normal', variant='normal', weight=700, stretch='normal', size='scalable')) = 10.335
DEBUG 2026-06-08 17:15:46 manager.py:1483 findfont: score(FontEntry(fname='/usr/share/fonts/truetype/noto/NotoSansThai-Regular.ttf', name='Noto Sans Thai', style='normal', variant='normal', weight=400, stretch='normal', size='scalable')) = 10.05
DEBUG 2026-06-08 17:15:46 manager.py:1483 findfont: score(FontEntry(fname='/usr/share/fonts/truetype/noto/NotoSansArmenian-Regular.ttf', name='Noto Sans Armenian', style='normal', variant='normal', weight=400, stretch='normal', size='scalable')) = 10.05
DEBUG 2026-06-08 17:15:46 manager.py:1483 findfont: score(FontEntry(fname='/usr/share/fonts/truetype/liberation/LiberationSerif-Bold.ttf', name='Liberation Serif', style='normal', variant='normal', weight=700, stretch='normal', size='scalable')) = 10.335
DEBUG 2026-06-08 17:15:46 manager.py:1483 findfont: score(FontEntry(fname='/usr/share/fonts/opentype/urw-base35/NimbusMonoPS-Italic.otf', name='Nimbus Mono PS', style='italic', variant='normal', weight=400, stretch='normal', size='scalable')) = 11.05
DEBUG 2026-06-08 17:15:46 manager.py:1483 findfont: score(FontEntry(fname='/usr/share/fonts/truetype/noto/NotoSansThaana-Bold.ttf', name='Noto Sans Thaana', style='normal', variant='normal', weight=700, stretch='normal', size='scalable')) = 10.335
DEBUG 2026-06-08 17:15:46 manager.py:1483 findfont: score(FontEntry(fname='/usr/share/fonts/truetype/noto/NotoSerifAhom-Regular.ttf', name='Noto Serif Ahom', style='normal', variant='normal', weight=400, stretch='normal', size='scalable')) = 10.05
DEBUG 2026-06-08 17:15:46 manager.py:1483 findfont: score(FontEntry(fname='/home/kibub/miniforge3/envs/lerobot/fonts/Ubuntu-B.ttf', name='Ubuntu', style='normal', variant='normal', weight=700, stretch='normal', size='scalable')) = 10.335
DEBUG 2026-06-08 17:15:46 manager.py:1483 findfont: score(FontEntry(fname='/usr/share/fonts/truetype/noto/NotoSansMendeKikakui-Regular.ttf', name='Noto Sans Mende Kikakui', style='normal', variant='normal', weight=400, stretch='normal', size='scalable')) = 10.05
DEBUG 2026-06-08 17:15:46 manager.py:1483 findfont: score(FontEntry(fname='/usr/share/fonts/truetype/noto/NotoSerifMalayalam-Bold.ttf', name='Noto Serif Malayalam', style='normal', variant='normal', weight=700, stretch='normal', size='scalable')) = 10.335
DEBUG 2026-06-08 17:15:46 manager.py:1483 findfont: score(FontEntry(fname='/usr/share/fonts/truetype/noto/NotoSansMath-Regular.ttf', name='Noto Sans Math', style='normal', variant='normal', weight=400, stretch='normal', size='scalable')) = 10.05
DEBUG 2026-06-08 17:15:46 manager.py:1483 findfont: score(FontEntry(fname='/usr/share/fonts/truetype/noto/NotoSansCypriot-Regular.ttf', name='Noto Sans Cypriot', style='normal', variant='normal', weight=400, stretch='normal', size='scalable')) = 10.05
DEBUG 2026-06-08 17:15:46 manager.py:1483 findfont: score(FontEntry(fname='/usr/share/fonts/truetype/ubuntu/UbuntuMono-R.ttf', name='Ubuntu Mono', style='normal', variant='normal', weight=400, stretch='normal', size='scalable')) = 10.05
DEBUG 2026-06-08 17:15:46 manager.py:1483 findfont: score(FontEntry(fname='/usr/share/fonts/truetype/noto/NotoSansMono-Bold.ttf', name='Noto Sans Mono', style='normal', variant='normal', weight=700, stretch='normal', size='scalable')) = 10.335
DEBUG 2026-06-08 17:15:46 manager.py:1483 findfont: score(FontEntry(fname='/usr/share/fonts/truetype/noto/NotoSansSinhala-Regular.ttf', name='Noto Sans Sinhala', style='normal', variant='normal', weight=400, stretch='normal', size='scalable')) = 10.05
DEBUG 2026-06-08 17:15:46 manager.py:1483 findfont: score(FontEntry(fname='/usr/share/fonts/truetype/lato/Lato-Thin.ttf', name='Lato', style='normal', variant='normal', weight=275, stretch='normal', size='scalable')) = 10.16875
DEBUG 2026-06-08 17:15:46 manager.py:1483 findfont: score(FontEntry(fname='/usr/share/fonts/truetype/noto/NotoSansMandaic-Regular.ttf', name='Noto Sans Mandaic', style='normal', variant='normal', weight=400, stretch='normal', size='scalable')) = 10.05
DEBUG 2026-06-08 17:15:46 manager.py:1483 findfont: score(FontEntry(fname='/home/kibub/miniforge3/envs/lerobot/fonts/Ubuntu-R.ttf', name='Ubuntu', style='normal', variant='normal', weight=400, stretch='normal', size='scalable')) = 10.05
DEBUG 2026-06-08 17:15:46 manager.py:1483 findfont: score(FontEntry(fname='/usr/share/fonts/truetype/noto/NotoSansOlChiki-Bold.ttf', name='Noto Sans Ol Chiki', style='normal', variant='normal', weight=700, stretch='normal', size='scalable')) = 10.335
DEBUG 2026-06-08 17:15:46 manager.py:1483 findfont: score(FontEntry(fname='/usr/share/fonts/truetype/noto/NotoSansOsage-Regular.ttf', name='Noto Sans Osage', style='normal', variant='normal', weight=400, stretch='normal', size='scalable')) = 10.05
DEBUG 2026-06-08 17:15:46 manager.py:1483 findfont: score(FontEntry(fname='/usr/share/fonts/truetype/noto/NotoSansKayahLi-Bold.ttf', name='Noto Sans Kayah Li', style='normal', variant='normal', weight=700, stretch='normal', size='scalable')) = 10.335
DEBUG 2026-06-08 17:15:46 manager.py:1483 findfont: score(FontEntry(fname='/usr/share/fonts/truetype/dejavu/DejaVuSansMono-Bold.ttf', name='DejaVu Sans Mono', style='normal', variant='normal', weight=700, stretch='normal', size='scalable')) = 10.335
DEBUG 2026-06-08 17:15:46 manager.py:1483 findfont: score(FontEntry(fname='/usr/share/fonts/truetype/noto/NotoSansTagalog-Regular.ttf', name='Noto Sans Tagalog', style='normal', variant='normal', weight=400, stretch='normal', size='scalable')) = 10.05
DEBUG 2026-06-08 17:15:46 manager.py:1483 findfont: score(FontEntry(fname='/usr/share/fonts/truetype/noto/NotoSerifDisplay-Regular.ttf', name='Noto Serif Display', style='normal', variant='normal', weight=400, stretch='normal', size='scalable')) = 10.05
DEBUG 2026-06-08 17:15:46 manager.py:1483 findfont: score(FontEntry(fname='/usr/share/fonts/truetype/noto/NotoSansTifinaghAdrar-Regular.ttf', name='Noto Sans Tifinagh Adrar', style='normal', variant='normal', weight=400, stretch='normal', size='scalable')) = 10.05
DEBUG 2026-06-08 17:15:46 manager.py:1483 findfont: score(FontEntry(fname='/usr/share/fonts/opentype/urw-base35/NimbusRoman-Regular.otf', name='Nimbus Roman', style='normal', variant='normal', weight=400, stretch='normal', size='scalable')) = 10.05
DEBUG 2026-06-08 17:15:46 manager.py:1483 findfont: score(FontEntry(fname='/usr/share/fonts/truetype/noto/NotoSerifHebrew-Bold.ttf', name='Noto Serif Hebrew', style='normal', variant='normal', weight=700, stretch='normal', size='scalable')) = 10.335
DEBUG 2026-06-08 17:15:46 manager.py:1483 findfont: score(FontEntry(fname='/usr/share/fonts/truetype/noto/NotoSansOldPersian-Regular.ttf', name='Noto Sans Old Persian', style='normal', variant='normal', weight=400, stretch='normal', size='scalable')) = 10.05
DEBUG 2026-06-08 17:15:46 manager.py:1483 findfont: score(FontEntry(fname='/usr/share/fonts/truetype/open-sans/OpenSans-CondLightItalic.ttf', name='Open Sans', style='italic', variant='normal', weight=300, stretch='condensed', size='scalable')) = 11.344999999999999
DEBUG 2026-06-08 17:15:46 manager.py:1483 findfont: score(FontEntry(fname='/usr/share/fonts/truetype/open-sans/OpenSans-Italic.ttf', name='Open Sans', style='italic', variant='normal', weight=400, stretch='normal', size='scalable')) = 11.05
DEBUG 2026-06-08 17:15:46 manager.py:1483 findfont: score(FontEntry(fname='/home/kibub/miniforge3/envs/lerobot/fonts/Ubuntu-RI.ttf', name='Ubuntu', style='italic', variant='normal', weight=400, stretch='normal', size='scalable')) = 11.05
DEBUG 2026-06-08 17:15:46 manager.py:1483 findfont: score(FontEntry(fname='/usr/share/fonts/truetype/noto/NotoSansSignWriting-Regular.ttf', name='Noto Sans SignWriting', style='normal', variant='normal', weight=400, stretch='normal', size='scalable')) = 10.05
DEBUG 2026-06-08 17:15:46 manager.py:1483 findfont: score(FontEntry(fname='/usr/share/fonts/truetype/noto/NotoSansNushu-Regular.ttf', name='Noto Sans Nushu', style='normal', variant='normal', weight=400, stretch='normal', size='scalable')) = 10.05
DEBUG 2026-06-08 17:15:46 manager.py:1483 findfont: score(FontEntry(fname='/usr/share/fonts/truetype/noto/NotoSansGeorgian-Bold.ttf', name='Noto Sans Georgian', style='normal', variant='normal', weight=700, stretch='normal', size='scalable')) = 10.335
DEBUG 2026-06-08 17:15:46 manager.py:1483 findfont: score(FontEntry(fname='/usr/share/fonts/truetype/liberation/LiberationMono-Italic.ttf', name='Liberation Mono', style='italic', variant='normal', weight=400, stretch='normal', size='scalable')) = 11.05
DEBUG 2026-06-08 17:15:46 manager.py:1483 findfont: score(FontEntry(fname='/usr/share/fonts/opentype/urw-base35/URWBookman-DemiItalic.otf', name='URW Bookman', style='italic', variant='normal', weight=600, stretch='normal', size='scalable')) = 11.24
DEBUG 2026-06-08 17:15:46 manager.py:1483 findfont: score(FontEntry(fname='/usr/share/fonts/truetype/noto/NotoSerifKannada-Bold.ttf', name='Noto Serif Kannada', style='normal', variant='normal', weight=700, stretch='normal', size='scalable')) = 10.335
DEBUG 2026-06-08 17:15:46 manager.py:1483 findfont: score(FontEntry(fname='/home/kibub/miniforge3/envs/lerobot/fonts/SourceCodePro-MediumIt.ttf', name='Source Code Pro', style='italic', variant='normal', weight=500, stretch='normal', size='scalable')) = 11.145
DEBUG 2026-06-08 17:15:46 manager.py:1483 findfont: score(FontEntry(fname='/usr/share/fonts/truetype/noto/NotoSansHebrew-Bold.ttf', name='Noto Sans Hebrew', style='normal', variant='normal', weight=700, stretch='normal', size='scalable')) = 10.335
DEBUG 2026-06-08 17:15:46 manager.py:1483 findfont: score(FontEntry(fname='/usr/share/fonts/truetype/noto/NotoSans-BoldItalic.ttf', name='Noto Sans', style='italic', variant='normal', weight=700, stretch='normal', size='scalable')) = 11.335
DEBUG 2026-06-08 17:15:46 manager.py:1483 findfont: score(FontEntry(fname='/usr/share/fonts/truetype/noto/NotoSerifTamil-Regular.ttf', name='Noto Serif Tamil', style='normal', variant='normal', weight=400, stretch='normal', size='scalable')) = 10.05
DEBUG 2026-06-08 17:15:46 manager.py:1483 findfont: score(FontEntry(fname='/home/kibub/miniforge3/envs/lerobot/fonts/Ubuntu-C.ttf', name='Ubuntu Condensed', style='normal', variant='normal', weight=400, stretch='condensed', size='scalable')) = 10.25
DEBUG 2026-06-08 17:15:46 manager.py:1483 findfont: score(FontEntry(fname='/usr/share/fonts/truetype/noto/NotoSansGujarati-Regular.ttf', name='Noto Sans Gujarati', style='normal', variant='normal', weight=400, stretch='normal', size='scalable')) = 10.05
DEBUG 2026-06-08 17:15:46 manager.py:1483 findfont: score(FontEntry(fname='/usr/share/fonts/truetype/lato/Lato-Black.ttf', name='Lato', style='normal', variant='normal', weight=900, stretch='normal', size='scalable')) = 10.525
DEBUG 2026-06-08 17:15:46 manager.py:1483 findfont: score(FontEntry(fname='/usr/share/fonts/truetype/noto/NotoSerifGujarati-Regular.ttf', name='Noto Serif Gujarati', style='normal', variant='normal', weight=400, stretch='normal', size='scalable')) = 10.05
DEBUG 2026-06-08 17:15:46 manager.py:1483 findfont: score(FontEntry(fname='/usr/share/fonts/opentype/urw-base35/URWGothic-Book.otf', name='URW Gothic', style='normal', variant='normal', weight=400, stretch='normal', size='scalable')) = 10.05
DEBUG 2026-06-08 17:15:46 manager.py:1483 findfont: score(FontEntry(fname='/usr/share/fonts/truetype/noto/NotoSansKhmer-Bold.ttf', name='Noto Sans Khmer', style='normal', variant='normal', weight=700, stretch='normal', size='scalable')) = 10.335
DEBUG 2026-06-08 17:15:46 manager.py:1483 findfont: score(FontEntry(fname='/usr/share/fonts/truetype/dejavu/DejaVuSansMono.ttf', name='DejaVu Sans Mono', style='normal', variant='normal', weight=400, stretch='normal', size='scalable')) = 10.05
DEBUG 2026-06-08 17:15:46 manager.py:1483 findfont: score(FontEntry(fname='/usr/share/fonts/truetype/noto/NotoSansGujarati-Bold.ttf', name='Noto Sans Gujarati', style='normal', variant='normal', weight=700, stretch='normal', size='scalable')) = 10.335
DEBUG 2026-06-08 17:15:46 manager.py:1483 findfont: score(FontEntry(fname='/usr/share/fonts/truetype/noto/NotoLoopedThai-Bold.ttf', name='Noto Looped Thai', style='normal', variant='normal', weight=700, stretch='normal', size='scalable')) = 10.335
DEBUG 2026-06-08 17:15:46 manager.py:1483 findfont: score(FontEntry(fname='/usr/share/fonts/truetype/noto/NotoSansLisu-Regular.ttf', name='Noto Sans Lisu', style='normal', variant='normal', weight=400, stretch='normal', size='scalable')) = 10.05
DEBUG 2026-06-08 17:15:46 manager.py:1483 findfont: score(FontEntry(fname='/usr/share/fonts/truetype/noto/NotoSansThai-Bold.ttf', name='Noto Sans Thai', style='normal', variant='normal', weight=700, stretch='normal', size='scalable')) = 10.335
DEBUG 2026-06-08 17:15:46 manager.py:1483 findfont: score(FontEntry(fname='/usr/share/fonts/truetype/noto/NotoSerifArmenian-Regular.ttf', name='Noto Serif Armenian', style='normal', variant='normal', weight=400, stretch='normal', size='scalable')) = 10.05
DEBUG 2026-06-08 17:15:46 manager.py:1483 findfont: score(FontEntry(fname='/usr/share/fonts/truetype/noto/NotoSansSogdian-Regular.ttf', name='Noto Sans Sogdian', style='normal', variant='normal', weight=400, stretch='normal', size='scalable')) = 10.05
DEBUG 2026-06-08 17:15:46 manager.py:1483 findfont: score(FontEntry(fname='/usr/share/fonts/truetype/noto/NotoSansTifinaghSIL-Regular.ttf', name='Noto Sans Tifinagh SIL', style='normal', variant='normal', weight=400, stretch='normal', size='scalable')) = 10.05
DEBUG 2026-06-08 17:15:46 manager.py:1483 findfont: score(FontEntry(fname='/usr/share/fonts/truetype/ubuntu/UbuntuMono-RI.ttf', name='Ubuntu Mono', style='italic', variant='normal', weight=400, stretch='normal', size='scalable')) = 11.05
DEBUG 2026-06-08 17:15:46 manager.py:1483 findfont: score(FontEntry(fname='/home/kibub/miniforge3/envs/lerobot/fonts/SourceCodePro-BlackIt.ttf', name='Source Code Pro', style='italic', variant='normal', weight=900, stretch='normal', size='scalable')) = 11.525
DEBUG 2026-06-08 17:15:46 manager.py:1483 findfont: score(FontEntry(fname='/usr/share/fonts/truetype/noto/NotoLoopedLao-Regular.ttf', name='Noto Looped Lao', style='normal', variant='normal', weight=400, stretch='normal', size='scalable')) = 10.05
DEBUG 2026-06-08 17:15:46 manager.py:1483 findfont: score(FontEntry(fname='/usr/share/fonts/truetype/noto/NotoSansHanifiRohingya-Regular.ttf', name='Noto Sans Hanifi Rohingya', style='normal', variant='normal', weight=400, stretch='normal', size='scalable')) = 10.05
DEBUG 2026-06-08 17:15:46 manager.py:1483 findfont: score(FontEntry(fname='/usr/share/fonts/opentype/urw-base35/NimbusMonoPS-BoldItalic.otf', name='Nimbus Mono PS', style='italic', variant='normal', weight=700, stretch='normal', size='scalable')) = 11.335
DEBUG 2026-06-08 17:15:46 manager.py:1483 findfont: score(FontEntry(fname='/usr/share/fonts/truetype/ubuntu/UbuntuSans[wdth,wght].ttf', name='Ubuntu Sans', style='normal', variant='normal', weight=400, stretch='normal', size='scalable')) = 10.05
DEBUG 2026-06-08 17:15:46 manager.py:1483 findfont: score(FontEntry(fname='/usr/share/fonts/truetype/noto/NotoSansThaana-Regular.ttf', name='Noto Sans Thaana', style='normal', variant='normal', weight=400, stretch='normal', size='scalable')) = 10.05
DEBUG 2026-06-08 17:15:46 manager.py:1483 findfont: score(FontEntry(fname='/usr/share/fonts/truetype/noto/NotoSansZanabazarSquare-Regular.ttf', name='Noto Sans Zanabazar Square', style='normal', variant='normal', weight=400, stretch='normal', size='scalable')) = 10.05
DEBUG 2026-06-08 17:15:46 manager.py:1483 findfont: score(FontEntry(fname='/usr/share/fonts/truetype/ubuntu/UbuntuMono-B.ttf', name='Ubuntu Mono', style='normal', variant='normal', weight=400, stretch='normal', size='scalable')) = 10.05
DEBUG 2026-06-08 17:15:46 manager.py:1483 findfont: score(FontEntry(fname='/usr/share/fonts/truetype/ubuntu/Ubuntu-Th.ttf', name='Ubuntu', style='normal', variant='normal', weight=400, stretch='normal', size='scalable')) = 10.05
DEBUG 2026-06-08 17:15:46 manager.py:1483 findfont: score(FontEntry(fname='/usr/share/fonts/truetype/noto/NotoSansBhaiksuki-Regular.ttf', name='Noto Sans Bhaiksuki', style='normal', variant='normal', weight=400, stretch='normal', size='scalable')) = 10.05
DEBUG 2026-06-08 17:15:46 manager.py:1483 findfont: score(FontEntry(fname='/usr/share/fonts/truetype/dejavu/DejaVuSansMono-BoldOblique.ttf', name='DejaVu Sans Mono', style='oblique', variant='normal', weight=700, stretch='normal', size='scalable')) = 11.335
DEBUG 2026-06-08 17:15:46 manager.py:1483 findfont: score(FontEntry(fname='/usr/share/fonts/truetype/noto/NotoSansRunic-Regular.ttf', name='Noto Sans Runic', style='normal', variant='normal', weight=400, stretch='normal', size='scalable')) = 10.05
DEBUG 2026-06-08 17:15:46 manager.py:1483 findfont: score(FontEntry(fname='/usr/share/fonts/truetype/noto/NotoSansCham-Regular.ttf', name='Noto Sans Cham', style='normal', variant='normal', weight=400, stretch='normal', size='scalable')) = 10.05
DEBUG 2026-06-08 17:15:46 manager.py:1483 findfont: score(FontEntry(fname='/usr/share/fonts/opentype/urw-base35/P052-Bold.otf', name='P052', style='normal', variant='normal', weight=700, stretch='normal', size='scalable')) = 10.335
DEBUG 2026-06-08 17:15:46 manager.py:1483 findfont: score(FontEntry(fname='/home/kibub/miniforge3/envs/lerobot/fonts/SourceCodePro-Regular.ttf', name='Source Code Pro', style='normal', variant='normal', weight=400, stretch='normal', size='scalable')) = 10.05
DEBUG 2026-06-08 17:15:46 manager.py:1483 findfont: score(FontEntry(fname='/usr/share/fonts/truetype/noto/NotoSansOldTurkic-Regular.ttf', name='Noto Sans Old Turkic', style='normal', variant='normal', weight=400, stretch='normal', size='scalable')) = 10.05
DEBUG 2026-06-08 17:15:46 manager.py:1483 findfont: score(FontEntry(fname='/usr/share/fonts/truetype/noto/NotoSerifThai-Regular.ttf', name='Noto Serif Thai', style='normal', variant='normal', weight=400, stretch='normal', size='scalable')) = 10.05
DEBUG 2026-06-08 17:15:46 manager.py:1483 findfont: score(FontEntry(fname='/usr/share/fonts/truetype/noto/NotoSerifLao-Bold.ttf', name='Noto Serif Lao', style='normal', variant='normal', weight=700, stretch='normal', size='scalable')) = 10.335
DEBUG 2026-06-08 17:15:46 manager.py:1483 findfont: score(FontEntry(fname='/usr/share/fonts/truetype/noto/NotoSansTaiTham-Bold.ttf', name='Noto Sans Tai Tham', style='normal', variant='normal', weight=700, stretch='normal', size='scalable')) = 10.335
DEBUG 2026-06-08 17:15:46 manager.py:1483 findfont: score(FontEntry(fname='/usr/share/fonts/truetype/noto/NotoSansHatran-Regular.ttf', name='Noto Sans Hatran', style='normal', variant='normal', weight=400, stretch='normal', size='scalable')) = 10.05
DEBUG 2026-06-08 17:15:46 manager.py:1483 findfont: score(FontEntry(fname='/usr/share/fonts/truetype/open-sans/OpenSans-CondLight.ttf', name='Open Sans', style='normal', variant='normal', weight=300, stretch='condensed', size='scalable')) = 10.344999999999999
DEBUG 2026-06-08 17:15:46 manager.py:1483 findfont: score(FontEntry(fname='/usr/share/fonts/truetype/lato/Lato-Light.ttf', name='Lato', style='normal', variant='normal', weight=300, stretch='normal', size='scalable')) = 10.145
DEBUG 2026-06-08 17:15:46 manager.py:1483 findfont: score(FontEntry(fname='/usr/share/fonts/truetype/noto/NotoSansImperialAramaic-Regular.ttf', name='Noto Sans Imperial Aramaic', style='normal', variant='normal', weight=400, stretch='normal', size='scalable')) = 10.05
DEBUG 2026-06-08 17:15:46 manager.py:1483 findfont: score(FontEntry(fname='/usr/share/fonts/truetype/noto/NotoSansCherokee-Bold.ttf', name='Noto Sans Cherokee', style='normal', variant='normal', weight=700, stretch='normal', size='scalable')) = 10.335
DEBUG 2026-06-08 17:15:46 manager.py:1483 findfont: score(FontEntry(fname='/usr/share/fonts/truetype/noto/NotoSerifMyanmar-Bold.ttf', name='Noto Serif Myanmar', style='normal', variant='normal', weight=400, stretch='normal', size='scalable')) = 10.05
DEBUG 2026-06-08 17:15:46 manager.py:1483 findfont: score(FontEntry(fname='/usr/share/fonts/truetype/noto/NotoSansNabataean-Regular.ttf', name='Noto Sans Nabataean', style='normal', variant='normal', weight=400, stretch='normal', size='scalable')) = 10.05
DEBUG 2026-06-08 17:15:46 manager.py:1483 findfont: score(FontEntry(fname='/usr/share/fonts/truetype/noto/NotoSansMarchen-Regular.ttf', name='Noto Sans Marchen', style='normal', variant='normal', weight=400, stretch='normal', size='scalable')) = 10.05
DEBUG 2026-06-08 17:15:46 manager.py:1483 findfont: score(FontEntry(fname='/usr/share/fonts/truetype/noto/NotoSerifKannada-Regular.ttf', name='Noto Serif Kannada', style='normal', variant='normal', weight=400, stretch='normal', size='scalable')) = 10.05
DEBUG 2026-06-08 17:15:46 manager.py:1483 findfont: score(FontEntry(fname='/usr/share/fonts/truetype/noto/NotoSansBalinese-Bold.ttf', name='Noto Sans Balinese', style='normal', variant='normal', weight=700, stretch='normal', size='scalable')) = 10.335
DEBUG 2026-06-08 17:15:46 manager.py:1483 findfont: score(FontEntry(fname='/usr/share/fonts/truetype/liberation/LiberationSans-Italic.ttf', name='Liberation Sans', style='italic', variant='normal', weight=400, stretch='normal', size='scalable')) = 11.05
DEBUG 2026-06-08 17:15:46 manager.py:1483 findfont: score(FontEntry(fname='/usr/share/fonts/opentype/urw-base35/NimbusRoman-Italic.otf', name='Nimbus Roman', style='italic', variant='normal', weight=400, stretch='normal', size='scalable')) = 11.05
DEBUG 2026-06-08 17:15:46 manager.py:1483 findfont: score(FontEntry(fname='/usr/share/fonts/truetype/lato/Lato-Hairline.ttf', name='Lato', style='normal', variant='normal', weight=250, stretch='normal', size='scalable')) = 10.1925
DEBUG 2026-06-08 17:15:46 manager.py:1483 findfont: score(FontEntry(fname='/usr/share/fonts/truetype/noto/NotoSerifDevanagari-Regular.ttf', name='Noto Serif Devanagari', style='normal', variant='normal', weight=400, stretch='normal', size='scalable')) = 10.05
DEBUG 2026-06-08 17:15:46 manager.py:1483 findfont: score(FontEntry(fname='/home/kibub/miniforge3/envs/lerobot/fonts/SourceCodePro-Semibold.ttf', name='Source Code Pro', style='normal', variant='normal', weight=600, stretch='normal', size='scalable')) = 10.24
DEBUG 2026-06-08 17:15:46 manager.py:1483 findfont: score(FontEntry(fname='/usr/share/fonts/truetype/noto/NotoSansEgyptianHieroglyphs-Regular.ttf', name='Noto Sans Egyptian Hieroglyphs', style='normal', variant='normal', weight=400, stretch='normal', size='scalable')) = 10.05
DEBUG 2026-06-08 17:15:46 manager.py:1483 findfont: score(FontEntry(fname='/usr/share/fonts/truetype/noto/NotoSerifDisplay-Italic.ttf', name='Noto Serif Display', style='italic', variant='normal', weight=400, stretch='normal', size='scalable')) = 11.05
DEBUG 2026-06-08 17:15:46 manager.py:1483 findfont: score(FontEntry(fname='/usr/share/fonts/truetype/noto/NotoSansSylotiNagri-Regular.ttf', name='Noto Sans Syloti Nagri', style='normal', variant='normal', weight=400, stretch='normal', size='scalable')) = 10.05
DEBUG 2026-06-08 17:15:46 manager.py:1483 findfont: score(FontEntry(fname='/usr/share/fonts/truetype/noto/NotoSansGunjalaGondi-Regular.ttf', name='Noto Sans Gunjala Gondi', style='normal', variant='normal', weight=400, stretch='normal', size='scalable')) = 10.05
DEBUG 2026-06-08 17:15:46 manager.py:1483 findfont: score(FontEntry(fname='/usr/share/fonts/truetype/noto/NotoSerifLao-Regular.ttf', name='Noto Serif Lao', style='normal', variant='normal', weight=400, stretch='normal', size='scalable')) = 10.05
DEBUG 2026-06-08 17:15:46 manager.py:1483 findfont: score(FontEntry(fname='/home/kibub/miniforge3/envs/lerobot/fonts/SourceCodePro-LightIt.ttf', name='Source Code Pro', style='italic', variant='normal', weight=300, stretch='normal', size='scalable')) = 11.145
DEBUG 2026-06-08 17:15:46 manager.py:1483 findfont: score(FontEntry(fname='/usr/share/fonts/opentype/urw-base35/NimbusSansNarrow-Oblique.otf', name='Nimbus Sans Narrow', style='oblique', variant='normal', weight=400, stretch='condensed', size='scalable')) = 11.25
DEBUG 2026-06-08 17:15:46 manager.py:1483 findfont: score(FontEntry(fname='/usr/share/fonts/truetype/noto/NotoSerifGujarati-Bold.ttf', name='Noto Serif Gujarati', style='normal', variant='normal', weight=700, stretch='normal', size='scalable')) = 10.335
DEBUG 2026-06-08 17:15:46 manager.py:1483 findfont: score(FontEntry(fname='/home/kibub/miniforge3/envs/lerobot/fonts/UbuntuMono-R.ttf', name='Ubuntu Mono', style='normal', variant='normal', weight=400, stretch='normal', size='scalable')) = 10.05
DEBUG 2026-06-08 17:15:46 manager.py:1483 findfont: score(FontEntry(fname='/usr/share/fonts/truetype/noto/NotoLoopedThai-Regular.ttf', name='Noto Looped Thai', style='normal', variant='normal', weight=400, stretch='normal', size='scalable')) = 10.05
DEBUG 2026-06-08 17:15:46 manager.py:1483 findfont: score(FontEntry(fname='/usr/share/fonts/truetype/noto/NotoSansMahajani-Regular.ttf', name='Noto Sans Mahajani', style='normal', variant='normal', weight=400, stretch='normal', size='scalable')) = 10.05
DEBUG 2026-06-08 17:15:46 manager.py:1483 findfont: score(FontEntry(fname='/usr/share/fonts/truetype/lato/Lato-ThinItalic.ttf', name='Lato', style='italic', variant='normal', weight=275, stretch='normal', size='scalable')) = 11.16875
DEBUG 2026-06-08 17:15:46 manager.py:1483 findfont: score(FontEntry(fname='/usr/share/fonts/truetype/dejavu/DejaVuSerif-Bold.ttf', name='DejaVu Serif', style='normal', variant='normal', weight=700, stretch='normal', size='scalable')) = 10.335
DEBUG 2026-06-08 17:15:46 manager.py:1483 findfont: score(FontEntry(fname='/usr/share/fonts/truetype/liberation/LiberationSans-Regular.ttf', name='Liberation Sans', style='normal', variant='normal', weight=400, stretch='normal', size='scalable')) = 10.05
DEBUG 2026-06-08 17:15:46 manager.py:1483 findfont: score(FontEntry(fname='/usr/share/fonts/truetype/noto/NotoSansEthiopic-Regular.ttf', name='Noto Sans Ethiopic', style='normal', variant='normal', weight=400, stretch='normal', size='scalable')) = 10.05
DEBUG 2026-06-08 17:15:46 manager.py:1483 findfont: score(FontEntry(fname='/usr/share/fonts/truetype/noto/NotoSerifTelugu-Bold.ttf', name='Noto Serif Telugu', style='normal', variant='normal', weight=700, stretch='normal', size='scalable')) = 10.335
DEBUG 2026-06-08 17:15:46 manager.py:1483 findfont: score(FontEntry(fname='/usr/share/fonts/truetype/noto/NotoSans-Regular.ttf', name='Noto Sans', style='normal', variant='normal', weight=400, stretch='normal', size='scalable')) = 10.05
DEBUG 2026-06-08 17:15:46 manager.py:1483 findfont: score(FontEntry(fname='/usr/share/fonts/truetype/liberation/LiberationSansNarrow-Regular.ttf', name='Liberation Sans Narrow', style='normal', variant='normal', weight=400, stretch='condensed', size='scalable')) = 10.25
DEBUG 2026-06-08 17:15:46 manager.py:1483 findfont: score(FontEntry(fname='/usr/share/fonts/truetype/noto/NotoSansLimbu-Regular.ttf', name='Noto Sans Limbu', style='normal', variant='normal', weight=400, stretch='normal', size='scalable')) = 10.05
DEBUG 2026-06-08 17:15:46 manager.py:1483 findfont: score(FontEntry(fname='/usr/share/fonts/truetype/noto/NotoSansPsalterPahlavi-Regular.ttf', name='Noto Sans Psalter Pahlavi', style='normal', variant='normal', weight=400, stretch='normal', size='scalable')) = 10.05
DEBUG 2026-06-08 17:15:46 manager.py:1483 findfont: score(FontEntry(fname='/usr/share/fonts/truetype/noto/NotoSansJavanese-Bold.ttf', name='Noto Sans Javanese', style='normal', variant='normal', weight=700, stretch='normal', size='scalable')) = 10.335
DEBUG 2026-06-08 17:15:46 manager.py:1483 findfont: score(FontEntry(fname='/usr/share/fonts/truetype/noto/NotoSerifDisplay-Bold.ttf', name='Noto Serif Display', style='normal', variant='normal', weight=700, stretch='normal', size='scalable')) = 10.335
DEBUG 2026-06-08 17:15:46 manager.py:1483 findfont: score(FontEntry(fname='/usr/share/fonts/truetype/dejavu/DejaVuSerif.ttf', name='DejaVu Serif', style='normal', variant='normal', weight=400, stretch='normal', size='scalable')) = 10.05
DEBUG 2026-06-08 17:15:46 manager.py:1483 findfont: score(FontEntry(fname='/usr/share/fonts/truetype/noto/NotoSansDeseret-Regular.ttf', name='Noto Sans Deseret', style='normal', variant='normal', weight=400, stretch='normal', size='scalable')) = 10.05
DEBUG 2026-06-08 17:15:46 manager.py:1483 findfont: score(FontEntry(fname='/usr/share/fonts/truetype/lato/Lato-BoldItalic.ttf', name='Lato', style='italic', variant='normal', weight=700, stretch='normal', size='scalable')) = 11.335
DEBUG 2026-06-08 17:15:46 manager.py:1483 findfont: score(FontEntry(fname='/home/kibub/miniforge3/envs/lerobot/fonts/Ubuntu-BI.ttf', name='Ubuntu', style='italic', variant='normal', weight=700, stretch='normal', size='scalable')) = 11.335
DEBUG 2026-06-08 17:15:46 manager.py:1483 findfont: score(FontEntry(fname='/usr/share/fonts/truetype/noto/NotoSansLao-Regular.ttf', name='Noto Sans Lao', style='normal', variant='normal', weight=400, stretch='normal', size='scalable')) = 10.05
DEBUG 2026-06-08 17:15:46 manager.py:1483 findfont: score(FontEntry(fname='/usr/share/fonts/truetype/lato/Lato-Semibold.ttf', name='Lato', style='normal', variant='normal', weight=600, stretch='normal', size='scalable')) = 10.24
DEBUG 2026-06-08 17:15:46 manager.py:1483 findfont: score(FontEntry(fname='/usr/share/fonts/truetype/noto/NotoSansOldPermic-Regular.ttf', name='Noto Sans Old Permic', style='normal', variant='normal', weight=400, stretch='normal', size='scalable')) = 10.05
DEBUG 2026-06-08 17:15:46 manager.py:1483 findfont: score(FontEntry(fname='/usr/share/fonts/truetype/noto/NotoSerifYezidi-Bold.ttf', name='Noto Serif Yezidi', style='normal', variant='normal', weight=700, stretch='normal', size='scalable')) = 10.335
DEBUG 2026-06-08 17:15:46 manager.py:1483 findfont: score(FontEntry(fname='/usr/share/fonts/opentype/noto/NotoSansCJK-Bold.ttc', name='Noto Sans CJK JP', style='normal', variant='normal', weight=700, stretch='normal', size='scalable')) = 10.335
DEBUG 2026-06-08 17:15:46 manager.py:1483 findfont: score(FontEntry(fname='/usr/share/fonts/opentype/noto/NotoSerifCJK-Bold.ttc', name='Noto Serif CJK JP', style='normal', variant='normal', weight=700, stretch='normal', size='scalable')) = 10.335
DEBUG 2026-06-08 17:15:46 manager.py:1483 findfont: score(FontEntry(fname='/usr/share/fonts/truetype/ubuntu/UbuntuSansMono-Italic[wght].ttf', name='Ubuntu Sans Mono', style='italic', variant='normal', weight=400, stretch='normal', size='scalable')) = 11.05
DEBUG 2026-06-08 17:15:46 manager.py:1483 findfont: score(FontEntry(fname='/usr/share/fonts/truetype/ubuntu/Ubuntu-RI.ttf', name='Ubuntu', style='italic', variant='normal', weight=400, stretch='normal', size='scalable')) = 11.05
DEBUG 2026-06-08 17:15:46 manager.py:1483 findfont: score(FontEntry(fname='/usr/share/fonts/truetype/noto/NotoSansDisplay-Regular.ttf', name='Noto Sans Display', style='normal', variant='normal', weight=400, stretch='normal', size='scalable')) = 10.05
DEBUG 2026-06-08 17:15:46 manager.py:1483 findfont: score(FontEntry(fname='/home/kibub/miniforge3/envs/lerobot/fonts/SourceCodePro-ExtraLightIt.ttf', name='Source Code Pro', style='italic', variant='normal', weight=200, stretch='normal', size='scalable')) = 11.24
DEBUG 2026-06-08 17:15:46 manager.py:1483 findfont: score(FontEntry(fname='/usr/share/fonts/truetype/liberation/LiberationMono-BoldItalic.ttf', name='Liberation Mono', style='italic', variant='normal', weight=700, stretch='normal', size='scalable')) = 11.335
DEBUG 2026-06-08 17:15:46 manager.py:1483 findfont: score(FontEntry(fname='/usr/share/fonts/truetype/noto/NotoSansCham-Bold.ttf', name='Noto Sans Cham', style='normal', variant='normal', weight=700, stretch='normal', size='scalable')) = 10.335
DEBUG 2026-06-08 17:15:46 manager.py:1483 findfont: score(FontEntry(fname='/usr/share/fonts/truetype/open-sans/OpenSans-BoldItalic.ttf', name='Open Sans', style='italic', variant='normal', weight=700, stretch='normal', size='scalable')) = 11.335
DEBUG 2026-06-08 17:15:46 manager.py:1483 findfont: score(FontEntry(fname='/usr/share/fonts/truetype/noto/NotoSansDisplay-Italic.ttf', name='Noto Sans Display', style='italic', variant='normal', weight=400, stretch='normal', size='scalable')) = 11.05
DEBUG 2026-06-08 17:15:46 manager.py:1483 findfont: score(FontEntry(fname='/usr/share/fonts/truetype/noto/NotoSansWancho-Regular.ttf', name='Noto Sans Wancho', style='normal', variant='normal', weight=400, stretch='normal', size='scalable')) = 10.05
DEBUG 2026-06-08 17:15:46 manager.py:1483 findfont: score(FontEntry(fname='/usr/share/fonts/truetype/dejavu/DejaVuSansMono-Oblique.ttf', name='DejaVu Sans Mono', style='oblique', variant='normal', weight=400, stretch='normal', size='scalable')) = 11.05
DEBUG 2026-06-08 17:15:46 manager.py:1483 findfont: score(FontEntry(fname='/usr/share/fonts/opentype/urw-base35/D050000L.otf', name='D050000L', style='normal', variant='normal', weight=400, stretch='normal', size='scalable')) = 10.05
DEBUG 2026-06-08 17:15:46 manager.py:1483 findfont: score(FontEntry(fname='/usr/share/fonts/truetype/noto/NotoSansMedefaidrin-Regular.ttf', name='Noto Sans Medefaidrin', style='normal', variant='normal', weight=400, stretch='normal', size='scalable')) = 10.05
DEBUG 2026-06-08 17:15:46 manager.py:1483 findfont: score(FontEntry(fname='/usr/share/fonts/truetype/noto/NotoSansTifinaghTawellemmet-Regular.ttf', name='Noto Sans Tifinagh Tawellemmet', style='normal', variant='normal', weight=400, stretch='normal', size='scalable')) = 10.05
DEBUG 2026-06-08 17:15:46 manager.py:1483 findfont: score(FontEntry(fname='/usr/share/fonts/truetype/noto/NotoSansTifinaghAzawagh-Regular.ttf', name='Noto Sans Tifinagh Azawagh', style='normal', variant='normal', weight=400, stretch='normal', size='scalable')) = 10.05
DEBUG 2026-06-08 17:15:46 manager.py:1483 findfont: score(FontEntry(fname='/usr/share/fonts/truetype/noto/NotoSerifArmenian-Bold.ttf', name='Noto Serif Armenian', style='normal', variant='normal', weight=700, stretch='normal', size='scalable')) = 10.335
DEBUG 2026-06-08 17:15:46 manager.py:1483 findfont: score(FontEntry(fname='/usr/share/fonts/truetype/noto/NotoSansSundanese-Bold.ttf', name='Noto Sans Sundanese', style='normal', variant='normal', weight=700, stretch='normal', size='scalable')) = 10.335
DEBUG 2026-06-08 17:15:46 manager.py:1483 findfont: score(FontEntry(fname='/usr/share/fonts/truetype/noto/NotoSansAdlamUnjoined-Regular.ttf', name='Noto Sans Adlam Unjoined', style='normal', variant='normal', weight=400, stretch='normal', size='scalable')) = 10.05
DEBUG 2026-06-08 17:15:46 manager.py:1483 findfont: score(FontEntry(fname='/usr/share/fonts/truetype/noto/NotoSansMultani-Regular.ttf', name='Noto Sans Multani', style='normal', variant='normal', weight=400, stretch='normal', size='scalable')) = 10.05
DEBUG 2026-06-08 17:15:46 manager.py:1483 findfont: score(FontEntry(fname='/usr/share/fonts/truetype/liberation/LiberationSerif-BoldItalic.ttf', name='Liberation Serif', style='italic', variant='normal', weight=700, stretch='normal', size='scalable')) = 11.335
DEBUG 2026-06-08 17:15:46 manager.py:1483 findfont: score(FontEntry(fname='/usr/share/fonts/truetype/noto/NotoKufiArabic-Regular.ttf', name='Noto Kufi Arabic', style='normal', variant='normal', weight=400, stretch='normal', size='scalable')) = 10.05
DEBUG 2026-06-08 17:15:46 manager.py:1483 findfont: score(FontEntry(fname='/usr/share/fonts/truetype/noto/NotoSansSymbols-Regular.ttf', name='Noto Sans Symbols', style='normal', variant='normal', weight=400, stretch='normal', size='scalable')) = 10.05
DEBUG 2026-06-08 17:15:46 manager.py:1483 findfont: score(FontEntry(fname='/usr/share/fonts/truetype/noto/NotoSansGurmukhi-Bold.ttf', name='Noto Sans Gurmukhi', style='normal', variant='normal', weight=700, stretch='normal', size='scalable')) = 10.335
DEBUG 2026-06-08 17:15:46 manager.py:1483 findfont: score(FontEntry(fname='/usr/share/fonts/truetype/noto/NotoSerifSinhala-Bold.ttf', name='Noto Serif Sinhala', style='normal', variant='normal', weight=700, stretch='normal', size='scalable')) = 10.335
DEBUG 2026-06-08 17:15:46 manager.py:1483 findfont: score(FontEntry(fname='/usr/share/fonts/truetype/noto/NotoSansTifinaghAir-Regular.ttf', name='Noto Sans Tifinagh Air', style='normal', variant='normal', weight=400, stretch='normal', size='scalable')) = 10.05
DEBUG 2026-06-08 17:15:46 manager.py:1483 findfont: score(FontEntry(fname='/usr/share/fonts/truetype/noto/NotoSansOsmanya-Regular.ttf', name='Noto Sans Osmanya', style='normal', variant='normal', weight=400, stretch='normal', size='scalable')) = 10.05
DEBUG 2026-06-08 17:15:46 manager.py:1483 findfont: score(FontEntry(fname='/usr/share/fonts/truetype/noto/NotoSansTakri-Regular.ttf', name='Noto Sans Takri', style='normal', variant='normal', weight=400, stretch='normal', size='scalable')) = 10.05
DEBUG 2026-06-08 17:15:46 manager.py:1483 findfont: score(FontEntry(fname='/usr/share/fonts/truetype/noto/NotoSansAdlam-Bold.ttf', name='Noto Sans Adlam', style='normal', variant='normal', weight=700, stretch='normal', size='scalable')) = 10.335
DEBUG 2026-06-08 17:15:46 manager.py:1483 findfont: score(FontEntry(fname='/usr/share/fonts/truetype/noto/NotoSansDevanagari-Bold.ttf', name='Noto Sans Devanagari', style='normal', variant='normal', weight=700, stretch='normal', size='scalable')) = 10.335
DEBUG 2026-06-08 17:15:46 manager.py:1483 findfont: score(FontEntry(fname='/usr/share/fonts/truetype/ubuntu/Ubuntu-LI.ttf', name='Ubuntu', style='italic', variant='normal', weight=400, stretch='normal', size='scalable')) = 11.05
DEBUG 2026-06-08 17:15:46 manager.py:1483 findfont: score(FontEntry(fname='/usr/share/fonts/truetype/noto/NotoSansAdlamUnjoined-Bold.ttf', name='Noto Sans Adlam Unjoined', style='normal', variant='normal', weight=700, stretch='normal', size='scalable')) = 10.335
DEBUG 2026-06-08 17:15:46 manager.py:1483 findfont: score(FontEntry(fname='/usr/share/fonts/truetype/lato/Lato-Regular.ttf', name='Lato', style='normal', variant='normal', weight=400, stretch='normal', size='scalable')) = 10.05
DEBUG 2026-06-08 17:15:46 manager.py:1483 findfont: score(FontEntry(fname='/home/kibub/miniforge3/envs/lerobot/fonts/DejaVuSans.ttf', name='DejaVu Sans', style='normal', variant='normal', weight=400, stretch='normal', size='scalable')) = 0.05
DEBUG 2026-06-08 17:15:46 manager.py:1483 findfont: score(FontEntry(fname='/usr/share/fonts/truetype/noto/NotoSansSamaritan-Regular.ttf', name='Noto Sans Samaritan', style='normal', variant='normal', weight=400, stretch='normal', size='scalable')) = 10.05
DEBUG 2026-06-08 17:15:46 manager.py:1483 findfont: score(FontEntry(fname='/usr/share/fonts/truetype/noto/NotoSansTamil-Regular.ttf', name='Noto Sans Tamil', style='normal', variant='normal', weight=400, stretch='normal', size='scalable')) = 10.05
DEBUG 2026-06-08 17:15:46 manager.py:1483 findfont: score(FontEntry(fname='/usr/share/fonts/truetype/noto/NotoSansKhudawadi-Regular.ttf', name='Noto Sans Khudawadi', style='normal', variant='normal', weight=400, stretch='normal', size='scalable')) = 10.05
DEBUG 2026-06-08 17:15:46 manager.py:1483 findfont: score(FontEntry(fname='/usr/share/fonts/truetype/noto/NotoSansCanadianAboriginal-Bold.ttf', name='Noto Sans Canadian Aboriginal', style='normal', variant='normal', weight=700, stretch='normal', size='scalable')) = 10.335
DEBUG 2026-06-08 17:15:46 manager.py:1483 findfont: score(FontEntry(fname='/usr/share/fonts/truetype/noto/NotoSansTifinaghAgrawImazighen-Regular.ttf', name='Noto Sans Tifinagh Agraw Imazighen', style='normal', variant='normal', weight=400, stretch='normal', size='scalable')) = 10.05
DEBUG 2026-06-08 17:15:46 manager.py:1483 findfont: score(FontEntry(fname='/usr/share/fonts/truetype/noto/NotoSansTaiLe-Regular.ttf', name='Noto Sans Tai Le', style='normal', variant='normal', weight=400, stretch='normal', size='scalable')) = 10.05
DEBUG 2026-06-08 17:15:46 manager.py:1483 findfont: score(FontEntry(fname='/home/kibub/miniforge3/envs/lerobot/fonts/UbuntuMono-B.ttf', name='Ubuntu Mono', style='normal', variant='normal', weight=700, stretch='normal', size='scalable')) = 10.335
DEBUG 2026-06-08 17:15:46 manager.py:1483 findfont: score(FontEntry(fname='/usr/share/fonts/truetype/noto/NotoSansAdlam-Regular.ttf', name='Noto Sans Adlam', style='normal', variant='normal', weight=400, stretch='normal', size='scalable')) = 10.05
DEBUG 2026-06-08 17:15:46 manager.py:1483 findfont: score(FontEntry(fname='/usr/share/fonts/truetype/noto/NotoSansBuhid-Regular.ttf', name='Noto Sans Buhid', style='normal', variant='normal', weight=400, stretch='normal', size='scalable')) = 10.05
DEBUG 2026-06-08 17:15:46 manager.py:1483 findfont: score(FontEntry(fname='/usr/share/fonts/truetype/ubuntu/Ubuntu-R.ttf', name='Ubuntu', style='normal', variant='normal', weight=400, stretch='normal', size='scalable')) = 10.05
DEBUG 2026-06-08 17:15:46 manager.py:1483 findfont: score(FontEntry(fname='/usr/share/fonts/opentype/urw-base35/URWBookman-LightItalic.otf', name='URW Bookman', style='italic', variant='normal', weight=300, stretch='normal', size='scalable')) = 11.145
DEBUG 2026-06-08 17:15:46 manager.py:1483 findfont: score(FontEntry(fname='/home/kibub/miniforge3/envs/lerobot/fonts/Ubuntu-Th.ttf', name='Ubuntu', style='normal', variant='normal', weight=250, stretch='normal', size='scalable')) = 10.1925
DEBUG 2026-06-08 17:15:46 manager.py:1483 findfont: score(FontEntry(fname='/usr/share/fonts/truetype/noto/NotoSansInscriptionalPahlavi-Regular.ttf', name='Noto Sans Inscriptional Pahlavi', style='normal', variant='normal', weight=400, stretch='normal', size='scalable')) = 10.05
DEBUG 2026-06-08 17:15:46 manager.py:1483 findfont: score(FontEntry(fname='/home/kibub/miniforge3/envs/lerobot/fonts/SourceCodePro-BoldIt.ttf', name='Source Code Pro', style='italic', variant='normal', weight=700, stretch='normal', size='scalable')) = 11.335
DEBUG 2026-06-08 17:15:46 manager.py:1483 findfont: score(FontEntry(fname='/usr/share/fonts/truetype/noto/NotoSansCuneiform-Regular.ttf', name='Noto Sans Cuneiform', style='normal', variant='normal', weight=400, stretch='normal', size='scalable')) = 10.05
DEBUG 2026-06-08 17:15:46 manager.py:1483 findfont: score(FontEntry(fname='/usr/share/fonts/truetype/noto/NotoSansManichaean-Regular.ttf', name='Noto Sans Manichaean', style='normal', variant='normal', weight=400, stretch='normal', size='scalable')) = 10.05
DEBUG 2026-06-08 17:15:46 manager.py:1483 findfont: score(FontEntry(fname='/usr/share/fonts/truetype/noto/NotoSansInscriptionalParthian-Regular.ttf', name='Noto Sans Inscriptional Parthian', style='normal', variant='normal', weight=400, stretch='normal', size='scalable')) = 10.05
DEBUG 2026-06-08 17:15:46 manager.py:1483 findfont: score(FontEntry(fname='/usr/share/fonts/truetype/noto/NotoSerifGrantha-Regular.ttf', name='Noto Serif Grantha', style='normal', variant='normal', weight=400, stretch='normal', size='scalable')) = 10.05
DEBUG 2026-06-08 17:15:46 manager.py:1483 findfont: score(FontEntry(fname='/usr/share/fonts/truetype/noto/NotoSansLepcha-Regular.ttf', name='Noto Sans Lepcha', style='normal', variant='normal', weight=400, stretch='normal', size='scalable')) = 10.05
DEBUG 2026-06-08 17:15:46 manager.py:1483 findfont: score(FontEntry(fname='/usr/share/fonts/truetype/noto/NotoSansBuginese-Regular.ttf', name='Noto Sans Buginese', style='normal', variant='normal', weight=400, stretch='normal', size='scalable')) = 10.05
DEBUG 2026-06-08 17:15:46 manager.py:1483 findfont: score(FontEntry(fname='/usr/share/fonts/truetype/ubuntu/Ubuntu[wdth,wght].ttf', name='Ubuntu', style='normal', variant='normal', weight=400, stretch='normal', size='scalable')) = 10.05
DEBUG 2026-06-08 17:15:46 manager.py:1483 findfont: score(FontEntry(fname='/usr/share/fonts/truetype/dejavu/DejaVuSans.ttf', name='DejaVu Sans', style='normal', variant='normal', weight=400, stretch='normal', size='scalable')) = 0.05
DEBUG 2026-06-08 17:15:46 manager.py:1483 findfont: score(FontEntry(fname='/usr/share/fonts/truetype/ubuntu/Ubuntu-MI.ttf', name='Ubuntu', style='italic', variant='normal', weight=400, stretch='normal', size='scalable')) = 11.05
DEBUG 2026-06-08 17:15:46 manager.py:1483 findfont: score(FontEntry(fname='/usr/share/fonts/truetype/noto/NotoSerifYezidi-Regular.ttf', name='Noto Serif Yezidi', style='normal', variant='normal', weight=400, stretch='normal', size='scalable')) = 10.05
DEBUG 2026-06-08 17:15:46 manager.py:1483 findfont: score(FontEntry(fname='/usr/share/fonts/truetype/noto/NotoSerifBengali-Bold.ttf', name='Noto Serif Bengali', style='normal', variant='normal', weight=700, stretch='normal', size='scalable')) = 10.335
DEBUG 2026-06-08 17:15:46 manager.py:1483 findfont: score(FontEntry(fname='/usr/share/fonts/truetype/noto/NotoSerifTibetan-Bold.ttf', name='Noto Serif Tibetan', style='normal', variant='normal', weight=700, stretch='normal', size='scalable')) = 10.335
DEBUG 2026-06-08 17:15:46 manager.py:1483 findfont: score(FontEntry(fname='/usr/share/fonts/truetype/open-sans/OpenSans-Light.ttf', name='Open Sans', style='normal', variant='normal', weight=300, stretch='normal', size='scalable')) = 10.145
DEBUG 2026-06-08 17:15:46 manager.py:1483 findfont: score(FontEntry(fname='/usr/share/fonts/opentype/noto/NotoSerifCJK-Regular.ttc', name='Noto Serif CJK JP', style='normal', variant='normal', weight=400, stretch='normal', size='scalable')) = 10.05
DEBUG 2026-06-08 17:15:46 manager.py:1483 findfont: score(FontEntry(fname='/usr/share/fonts/opentype/urw-base35/NimbusRoman-BoldItalic.otf', name='Nimbus Roman', style='italic', variant='normal', weight=700, stretch='normal', size='scalable')) = 11.335
DEBUG 2026-06-08 17:15:46 manager.py:1483 findfont: score(FontEntry(fname='/usr/share/fonts/truetype/noto/NotoSansTelugu-Bold.ttf', name='Noto Sans Telugu', style='normal', variant='normal', weight=700, stretch='normal', size='scalable')) = 10.335
DEBUG 2026-06-08 17:15:46 manager.py:1483 findfont: score(FontEntry(fname='/usr/share/fonts/truetype/lato/Lato-SemiboldItalic.ttf', name='Lato', style='italic', variant='normal', weight=600, stretch='normal', size='scalable')) = 11.24
DEBUG 2026-06-08 17:15:46 manager.py:1483 findfont: score(FontEntry(fname='/usr/share/fonts/truetype/noto/NotoSansOriya-Regular.ttf', name='Noto Sans Oriya', style='normal', variant='normal', weight=400, stretch='normal', size='scalable')) = 10.05
DEBUG 2026-06-08 17:15:46 manager.py:1483 findfont: score(FontEntry(fname='/usr/share/fonts/truetype/liberation/LiberationSerif-Regular.ttf', name='Liberation Serif', style='normal', variant='normal', weight=400, stretch='normal', size='scalable')) = 10.05
DEBUG 2026-06-08 17:15:46 manager.py:1483 findfont: score(FontEntry(fname='/usr/share/fonts/truetype/open-sans/OpenSans-SemiboldItalic.ttf', name='Open Sans', style='italic', variant='normal', weight=600, stretch='normal', size='scalable')) = 11.24
DEBUG 2026-06-08 17:15:46 manager.py:1515 findfont: Matching sans\-serif:style=normal:variant=normal:weight=normal:stretch=normal:size=10.0 to DejaVu Sans ('/home/kibub/miniforge3/envs/lerobot/lib/python3.12/site-packages/matplotlib/mpl-data/fonts/ttf/DejaVuSans.ttf') with score of 0.050000.
INFO 2026-06-08 17:15:46 t_client.py:512 Client stopped
